/**
 * generated by fontconvert.py
 * name: literata_14_bold
 * size: 14
 * mode: 2-bit  compressed: true
 * Command used: C:\Users\m\Documents\Casper\lib\EpdFont\scripts\fontconvert.py literata_14_bold 14 C:\Users\m\Documents\Casper\lib\EpdFont\builtinFonts\source\Literata\Literata-Bold.ttf --2bit --compress --pnum --darken-aa
 */
#pragma once
#include "EpdFontData.h"

static const uint8_t literata_14_boldBitmaps[26018] = {
    0xA5, 0x59, 0xCF, 0x93, 0xDD, 0x56, 0x95, 0xBE, 0x7A, 0x72, 0xB7, 0x0A, 0x6B, 0x98, 0x9B, 0x45,
    0x3C, 0x13, 0xA7, 0x99, 0x68, 0xC3, 0x02, 0x6C, 0x40, 0xFF, 0x40, 0xF0, 0x15, 0xB0, 0x60, 0xC1,
    0x22, 0xBD, 0x88, 0x99, 0xA2, 0xD8, 0x42, 0x15, 0x78, 0x81, 0xB7, 0x54, 0xCD, 0xD8, 0x12, 0xC9,
    0x1F, 0x90, 0x5E, 0x4C, 0x0D, 0xCB, 0xE9, 0x05, 0x54, 0xC5, 0x8F, 0x85, 0x59, 0xCC, 0x22, 0x45,
    0x85, 0x5C, 0x91, 0x2E, 0x2A, 0x8B, 0x2C, 0x10, 0x93, 0x2A, 0xB2, 0x8C, 0x8A, 0xA4, 0x08, 0x24,
    0x55, 0x63, 0x11, 0x2B, 0x13, 0xD9, 0x2D, 0xE9, 0xCC, 0xF7, 0x9D, 0xAB, 0xE7, 0x6E, 0xB7, 0xDD,
    0x26, 0x2E, 0xBA, 0x9F, 0x8E, 0xDE, 0x93, 0xAE, 0xEE, 0x3D, 0xE7, 0xDC, 0x73, 0xBE, 0xF3, 0x43,
    0x79, 0xE5, 0x5B, 0xE9, 0xA4, 0xF3, 0xAD, 0x6F, 0x5C, 0x8D, 0xFF, 0x2A, 0xAF, 0xF2, 0x22, 0x2F,
    0x32, 0xC3, 0x7F, 0x63, 0xB6, 0x8C, 0xAB, 0x31, 0xA2, 0x2D, 0xEB, 0x2D, 0x93, 0x7F, 0xAB, 0x75,
    0xBF, 0xEB, 0xDC, 0x4B, 0x9D, 0x7B, 0xAE, 0x75, 0x69, 0x93, 0x27, 0xF5, 0x33, 0x71, 0xFD, 0xD9,
    0xB8, 0x32, 0x51, 0x71, 0xC6, 0x18, 0x5B, 0x3B, 0x92, 0x4B, 0x24, 0xD7, 0xCD, 0xD9, 0x9B, 0x1F,
    0xC8, 0xCB, 0x56, 0x44, 0x46, 0x25, 0x26, 0x37, 0xA3, 0x31, 0x2E, 0x90, 0x01, 0x64, 0x35, 0x18,
    0x87, 0x1B, 0x3D, 0x49, 0x77, 0x6E, 0xFE, 0xD7, 0x8F, 0x77, 0xCD, 0x18, 0x77, 0x06, 0xA4, 0x05,
    0x49, 0x40, 0x76, 0xA3, 0xC2, 0x98, 0x08, 0x2C, 0x24, 0x75, 0x38, 0xAE, 0xBE, 0xF7, 0xCB, 0x18,
    0x4F, 0x60, 0xBE, 0xC1, 0xBD, 0xFF, 0xE6, 0xE0, 0xDE, 0x78, 0x7D, 0x28, 0xDF, 0xA8, 0x47, 0xFF,
    0x76, 0xFD, 0x4A, 0x29, 0x35, 0xA6, 0x6B, 0x70, 0xCC, 0x06, 0xF7, 0xDB, 0x15, 0xC6, 0x98, 0x1C,
    0xCB, 0x26, 0x32, 0x7D, 0x2F, 0xF9, 0xDD, 0x3C, 0x26, 0x07, 0xF3, 0x94, 0x1C, 0x4C, 0xF2, 0xCD,
    0x37, 0x46, 0x7F, 0x78, 0xAB, 0xF7, 0x18, 0xF3, 0xAA, 0x97, 0xE2, 0x89, 0xA4, 0x09, 0x73, 0xAF,
    0x2A, 0x63, 0x9E, 0x34, 0xE6, 0x1C, 0x7E, 0x49, 0x6B, 0xC4, 0x98, 0x4C, 0x86, 0x15, 0x99, 0x3D,
    0x18, 0x63, 0xB2, 0xFB, 0xFA, 0x64, 0xC1, 0x9C, 0x7B, 0x61, 0xCA, 0x1A, 0xFE, 0x1A, 0x5D, 0xAD,
    0xF7, 0x3C, 0xD8, 0xB3, 0xD2, 0xCD, 0x38, 0xAD, 0xE4, 0xC5, 0x71, 0x67, 0x20, 0xBB, 0xBD, 0x08,
    0x2F, 0x7F, 0x34, 0x95, 0x18, 0x94, 0x1F, 0x8C, 0x8E, 0x8F, 0xBC, 0x38, 0xE6, 0x38, 0x49, 0xCC,
    0x53, 0x34, 0xC5, 0x9C, 0x20, 0x1E, 0x57, 0xB3, 0xAF, 0x4C, 0xDA, 0x19, 0x8F, 0x09, 0xB6, 0xF7,
    0xCC, 0xD9, 0x7D, 0x63, 0x74, 0x0A, 0x23, 0x02, 0xD9, 0xE3, 0x29, 0xA3, 0xE4, 0x3D, 0x95, 0x91,
    0xF6, 0xD4, 0x8B, 0x1D, 0xF4, 0xFB, 0x68, 0xEB, 0xED, 0x22, 0x91, 0xBC, 0x2A, 0xDB, 0x58, 0xE6,
    0x48, 0x3A, 0x23, 0x7D, 0x7C, 0xAB, 0x8B, 0x64, 0x4C, 0x0F, 0x3A, 0x88, 0x6F, 0xA3, 0xCA, 0x1D,
    0xC8, 0x3B, 0xC6, 0x94, 0x15, 0xF4, 0x61, 0xA4, 0x2A, 0x47, 0xD2, 0x0C, 0x6C, 0x49, 0x9D, 0x40,
    0x55, 0xBE, 0x89, 0xE5, 0xCE, 0x2F, 0xDD, 0x90, 0x41, 0x9D, 0x38, 0x5E, 0x92, 0x16, 0x7A, 0x5A,
    0x61, 0xCD, 0xA7, 0xB1, 0xAC, 0xC9, 0x0B, 0x9A, 0x81, 0x2B, 0x1C, 0x36, 0xED, 0x19, 0xF3, 0x59,
    0x2C, 0xC8, 0x6B, 0xA6, 0x34, 0x66, 0x32, 0xD0, 0x09, 0xF4, 0x61, 0x7B, 0x03, 0x75, 0xE4, 0x9D,
    0x71, 0x2D, 0x3F, 0x65, 0x63, 0x7C, 0xCD, 0x8F, 0xD4, 0xCB, 0x17, 0xDF, 0xF0, 0x62, 0xB8, 0x8B,
    0x61, 0x18, 0x8C, 0x47, 0x92, 0x01, 0x22, 0x73, 0x12, 0x4E, 0x85, 0x09, 0x2D, 0x25, 0xFD, 0x12,
    0x0D, 0xC2, 0xE4, 0x95, 0xB1, 0x0D, 0x87, 0x85, 0x31, 0xF1, 0x0C, 0x75, 0x9A, 0x88, 0x9F, 0xCA,
    0xF0, 0x53, 0x3F, 0xF0, 0xA9, 0x22, 0x29, 0x30, 0x06, 0x9F, 0x78, 0xE2, 0x23, 0xA9, 0xB2, 0x84,
    0x49, 0x30, 0x15, 0x26, 0x7C, 0xD6, 0xDC, 0xFB, 0xCB, 0x8D, 0x2E, 0x91, 0xB9, 0x2F, 0x1B, 0xF7,
    0xBF, 0x1E, 0x1B, 0x3B, 0x9B, 0xC8, 0xEF, 0x61, 0x9F, 0x7B, 0xFC, 0x9E, 0x4D, 0xFE, 0xA3, 0xD2,
    0x7C, 0xC6, 0x7D, 0x4E, 0xC7, 0x98, 0xF3, 0xCB, 0x33, 0xE5, 0xFD, 0xC7, 0x15, 0xBF, 0x2E, 0x60,
    0xA7, 0x15, 0x8F, 0xB5, 0xAC, 0x8B, 0x93, 0xF7, 0xCD, 0x05, 0xEC, 0x5F, 0x95, 0x77, 0x6E, 0x70,
    0x43, 0x3E, 0xAC, 0xBA, 0xB8, 0x4B, 0xEB, 0xBC, 0xF8, 0x17, 0x13, 0xB6, 0x92, 0x7F, 0xC7, 0xEE,
    0x77, 0xDB, 0x50, 0xF2, 0x16, 0x0E, 0xEE, 0xAE, 0xDA, 0x51, 0x11, 0x26, 0xA1, 0x15, 0x41, 0x3F,
    0x34, 0x3B, 0xDA, 0x5C, 0x02, 0x83, 0x83, 0x6D, 0x50, 0xA6, 0x30, 0xB4, 0x0A, 0x3C, 0xFA, 0x30,
    0x34, 0xDA, 0x0C, 0xED, 0xC3, 0x50, 0xDB, 0x86, 0xA1, 0xF9, 0x89, 0xA1, 0x4F, 0x92, 0x89, 0x84,
    0x73, 0x97, 0xB0, 0x6C, 0x75, 0x8C, 0x64, 0x4C, 0x26, 0xD8, 0x52, 0x2C, 0x26, 0xEB, 0xB1, 0xEB,
    0xD8, 0x20, 0xA9, 0x1C, 0x48, 0xFD, 0xB7, 0x49, 0x95, 0xF7, 0x50, 0xBC, 0x1D, 0xA0, 0x77, 0x3B,
    0x62, 0x9B, 0x62, 0x49, 0x47, 0xEC, 0x92, 0xD0, 0x39, 0xB0, 0x51, 0x26, 0x7A, 0x1E, 0x0B, 0x3D,
    0x5D, 0x38, 0xA9, 0xE1, 0x92, 0x17, 0x1F, 0xB2, 0x6F, 0xA7, 0x7E, 0xB6, 0xA5, 0x81, 0xF7, 0xD2,
    0x81, 0xAF, 0x0E, 0x26, 0x85, 0x03, 0xE4, 0x87, 0xB8, 0x02, 0xBE, 0x7C, 0xED, 0xFA, 0xB2, 0xC9,
    0x07, 0x57, 0xE7, 0x10, 0xD5, 0x75, 0xE1, 0x80, 0xB3, 0xD3, 0x38, 0x20, 0x03, 0x18, 0x09, 0x97,
    0x7C, 0xFD, 0x3C, 0xD8, 0x1A, 0x93, 0x21, 0x1A, 0xB3, 0x2E, 0x19, 0x1C, 0x71, 0x22, 0x20, 0x4C,
    0x6F, 0xAE, 0xDE, 0xC1, 0x50, 0xA9, 0xED, 0x5D, 0xE9, 0x72, 0xCC, 0xE7, 0x5A, 0x3B, 0xF0, 0xC8,
    0x6A, 0xD8, 0x25, 0x2D, 0x94, 0x46, 0xBB, 0x03, 0x25, 0x39, 0x1E, 0xD0, 0x93, 0x29, 0xFB, 0x30,
    0x71, 0x38, 0x9E, 0xC2, 0x01, 0x87, 0x18, 0x31, 0x57, 0x07, 0x87, 0x69, 0x56, 0xF4, 0xAB, 0x7F,
    0xDA, 0x85, 0xAC, 0xDB, 0xFB, 0x26, 0xAC, 0x6E, 0xA8, 0x83, 0x15, 0x49, 0x4C, 0x62, 0x49, 0x72,
    0xDE, 0xB8, 0x4E, 0x32, 0x82, 0xAC, 0x3A, 0x90, 0xA4, 0x05, 0xB1, 0xD4, 0x65, 0xCE, 0xC7, 0xCA,
    0xB5, 0xBF, 0x4B, 0xB3, 0x92, 0xDA, 0x93, 0x9C, 0xBB, 0x5C, 0x7E, 0x5C, 0x2C, 0xF3, 0x95, 0x03,
    0x67, 0x81, 0x8C, 0x24, 0xAB, 0xF5, 0x7A, 0x1F, 0x4A, 0xE9, 0x96, 0xA3, 0xB5, 0x35, 0x61, 0xF6,
    0xD8, 0x71, 0x6B, 0x86, 0x65, 0x43, 0x40, 0xDC, 0xDF, 0x2E, 0xF8, 0x68, 0x3E, 0x1E, 0x17, 0xE0,
    0x0B, 0x06, 0x0A, 0x84, 0x50, 0x65, 0x10, 0xA0, 0x8E, 0x29, 0x00, 0xBD, 0x7D, 0x25, 0x7B, 0x46,
    0x91, 0xD2, 0xC8, 0x07, 0xEA, 0x4E, 0x02, 0xF3, 0x88, 0xB8, 0xBB, 0x30, 0x32, 0x2A, 0x47, 0xB5,
    0x63, 0xDC, 0x47, 0x8A, 0xAE, 0x42, 0xD4, 0xBE, 0x39, 0x19, 0x37, 0x24, 0x02, 0x2E, 0x63, 0x92,
    0xD5, 0x71, 0x92, 0xF3, 0x9A, 0xED, 0xE1, 0x93, 0xE9, 0x84, 0x29, 0x62, 0xB5, 0x0C, 0x4F, 0xCB,
    0xD8, 0xFA, 0x0F, 0x2C, 0xB8, 0x5E, 0xBF, 0x8C, 0x49, 0x26, 0x1C, 0x33, 0xCF, 0xA5, 0x59, 0x0D,
    0xD7, 0x61, 0xE4, 0xD7, 0x82, 0x81, 0x83, 0x1D, 0x6C, 0x67, 0x04, 0x80, 0x20, 0x4E, 0xA4, 0x94,
    0x9F, 0xBB, 0xD0, 0x05, 0x1E, 0xDC, 0xF1, 0x83, 0x3B, 0xB4, 0x1C, 0x34, 0xF0, 0x9D, 0xB9, 0x08,
    0x56, 0x98, 0x88, 0x1F, 0xF1, 0x14, 0xEC, 0x3B, 0xEB, 0x60, 0x9E, 0x60, 0x67, 0x82, 0xE4, 0x98,
    0xCE, 0x0A, 0xE6, 0x63, 0x68, 0x20, 0x4F, 0x15, 0x79, 0xEA, 0xE8, 0x0C, 0x1C, 0x5C, 0x82, 0xF7,
    0x36, 0x05, 0x81, 0x56, 0x0A, 0x5F, 0xAF, 0x16, 0x42, 0x70, 0x85, 0xA0, 0xD9, 0xC4, 0xC7, 0x7A,
    0x0E, 0xAE, 0x14, 0xA5, 0xC1, 0xCD, 0x1D, 0xFE, 0xAA, 0xD3, 0xD9, 0x77, 0x59, 0x0F, 0x43, 0xEA,
    0xD2, 0xD1, 0xB5, 0xF1, 0x54, 0x36, 0xF1, 0xCC, 0x87, 0x78, 0xE0, 0x9A, 0x38, 0x84, 0x2A, 0xE8,
    0x5A, 0x12, 0x39, 0x14, 0xE3, 0xDF, 0x82, 0xC2, 0xC1, 0x16, 0xD0, 0x9B, 0xFB, 0xF1, 0x8C, 0x71,
    0xFD, 0x62, 0x4C, 0xF5, 0xC6, 0x98, 0xA2, 0x22, 0x53, 0x84, 0x70, 0x7D, 0xDA, 0x1C, 0xC1, 0xD7,
    0x71, 0xDC, 0x88, 0x20, 0x10, 0x9E, 0xE3, 0x8A, 0x0F, 0x1B, 0x71, 0x02, 0x79, 0x0C, 0x61, 0x10,
    0x7B, 0x02, 0x09, 0xA4, 0x4D, 0x67, 0x9A, 0x34, 0xB1, 0xB4, 0xA1, 0x69, 0xAC, 0xF0, 0xAD, 0xA4,
    0x9F, 0x19, 0xF3, 0x9A, 0x31, 0x9F, 0xE3, 0x58, 0x18, 0x60, 0xB5, 0x39, 0x36, 0xCF, 0x5F, 0x59,
    0xAF, 0x8B, 0xCD, 0x35, 0x7E, 0x47, 0x98, 0xD7, 0xAC, 0x80, 0xFA, 0xC7, 0xB4, 0x98, 0x86, 0xFB,
    0x46, 0xB0, 0x62, 0xC0, 0x82, 0x0F, 0x71, 0x5E, 0xDE, 0x80, 0x9E, 0x39, 0xB7, 0xEB, 0x15, 0xDB,
    0xCD, 0x3F, 0xE8, 0x02, 0xEF, 0x51, 0x93, 0xC6, 0xFD, 0x01, 0xC6, 0x8E, 0xF0, 0x20, 0x85, 0x6B,
    0x3D, 0x42, 0xD8, 0x57, 0xC8, 0x52, 0x8C, 0x89, 0x2C, 0x1F, 0x58, 0x7C, 0x99, 0xA1, 0x93, 0x98,
    0x78, 0x1D, 0xC7, 0xA5, 0x85, 0x19, 0x2E, 0x2E, 0xDC, 0xE7, 0x5A, 0x0F, 0x7E, 0x37, 0x4F, 0xE9,
    0x9D, 0x27, 0x4C, 0x10, 0x80, 0xB1, 0x33, 0xA5, 0x1F, 0x61, 0x92, 0xF7, 0xCC, 0xD5, 0x4E, 0x81,
    0x92, 0x21, 0xAB, 0x57, 0x30, 0x4C, 0x9B, 0xF4, 0xCE, 0x53, 0x0E, 0xFE, 0x52, 0xCA, 0x98, 0x55,
    0x79, 0x84, 0x68, 0x0C, 0x4F, 0x8C, 0x11, 0xE1, 0x91, 0xB6, 0x24, 0x43, 0x82, 0xD3, 0xF5, 0xB4,
    0xB3, 0x38, 0x5D, 0xB3, 0x9D, 0xED, 0xF5, 0xF4, 0x4C, 0x6F, 0xAB, 0xEB, 0xB6, 0xBB, 0xD4, 0xE5,
    0x06, 0xF7, 0xFE, 0xAD, 0xBB, 0x64, 0x5C, 0x2C, 0xB7, 0xEF, 0x8E, 0xC6, 0x7D, 0x5D, 0x7E, 0x0F,
    0x1B, 0xCA, 0xEA, 0x0B, 0xE6, 0x4A, 0x40, 0x5F, 0xC3, 0x90, 0x6D, 0x22, 0xAC, 0x1A, 0xC9, 0x07,
    0x9E, 0x5E, 0x93, 0x07, 0x55, 0x46, 0x90, 0x9C, 0x7F, 0x17, 0x54, 0xAF, 0x7A, 0x47, 0xD1, 0x02,
    0xE3, 0xC8, 0x58, 0x4C, 0xEF, 0x33, 0xF1, 0x87, 0xA4, 0xE9, 0xDB, 0x44, 0x6A, 0x7B, 0xA0, 0x19,
    0xC4, 0x0B, 0xA4, 0xF9, 0xD7, 0x44, 0xD1, 0x9C, 0x42, 0x5D, 0xA7, 0xAA, 0xCC, 0x6B, 0x6B, 0x02,
    0x14, 0xF3, 0x26, 0xDA, 0x3C, 0xA6, 0x80, 0x78, 0x39, 0xE2, 0x66, 0x47, 0xA7, 0x45, 0x82, 0x60,
    0x69, 0xFC, 0x40, 0x03, 0x84, 0x2C, 0x8C, 0xEA, 0x02, 0xBD, 0xB2, 0xFE, 0xB9, 0x6E, 0xF1, 0x80,
    0x30, 0x80, 0x2B, 0xE9, 0x1C, 0x4B, 0x95, 0x22, 0x77, 0x80, 0x15, 0x9B, 0x7B, 0x04, 0xD0, 0x8E,
    0x1B, 0x33, 0x75, 0xD8, 0x93, 0xD0, 0x40, 0x6E, 0x72, 0x1C, 0xD6, 0xA5, 0x01, 0x75, 0x20, 0xEE,
    0x1E, 0xD1, 0x9F, 0x80, 0x22, 0xF9, 0x6E, 0x40, 0x2F, 0x4E, 0x0F, 0x41, 0xB7, 0xE5, 0xC5, 0x1A,
    0x8B, 0x1C, 0xC2, 0xAE, 0x81, 0x94, 0x29, 0x1D, 0x09, 0x7C, 0xD9, 0x16, 0xB6, 0x90, 0x10, 0x01,
    0xE3, 0x0E, 0x5E, 0x1B, 0xED, 0x7B, 0x6A, 0x8C, 0xE2, 0x1C, 0x27, 0xED, 0x46, 0x3F, 0xA5, 0x82,
    0x0E, 0xF7, 0x33, 0x87, 0x4A, 0xB1, 0x46, 0x95, 0x76, 0x09, 0xE7, 0xA3, 0xC4, 0x05, 0x14, 0xCB,
    0x5B, 0x3F, 0xA4, 0x81, 0xFE, 0x3C, 0x98, 0x2E, 0xB3, 0x0A, 0xDD, 0xF9, 0x74, 0xDE, 0x86, 0x62,
    0xC8, 0xE3, 0x48, 0x6A, 0x67, 0xD2, 0x84, 0x12, 0x33, 0x58, 0x28, 0x2D, 0x1E, 0x49, 0x8F, 0xC6,
    0xA7, 0x13, 0x69, 0xA6, 0xF3, 0x80, 0x21, 0x0B, 0x5D, 0xD4, 0x5C, 0x6B, 0xD6, 0x15, 0xF7, 0xD4,
    0x3D, 0x6E, 0x18, 0x15, 0x7D, 0x51, 0x2A, 0x8D, 0x0C, 0xA8, 0xC3, 0x89, 0x2C, 0xD5, 0x76, 0x86,
    0x8A, 0xAE, 0x17, 0x22, 0x37, 0x49, 0x64, 0x43, 0xE6, 0x64, 0x73, 0x83, 0x5B, 0xCE, 0xE5, 0xB8,
    0x0D, 0x96, 0x24, 0xAF, 0xED, 0x7C, 0xD9, 0xAB, 0x52, 0x2B, 0x25, 0xA7, 0x2C, 0xE4, 0xB8, 0x50,
    0xC6, 0x85, 0xFE, 0x91, 0xDF, 0x8A, 0xCD, 0x7C, 0xC9, 0x7D, 0x0B, 0xE9, 0xBA, 0x47, 0x6C, 0x2C,
    0xAB, 0x2D, 0xC4, 0xAA, 0xE3, 0x52, 0x9D, 0xC1, 0x7D, 0x56, 0xF2, 0x02, 0xD3, 0x55, 0x39, 0x6C,
    0xD5, 0xB8, 0x5A, 0x7A, 0xB6, 0x53, 0xCB, 0x42, 0x2E, 0x82, 0x00, 0x0C, 0x2B, 0xC3, 0xCF, 0xA8,
    0x57, 0xE8, 0xDD, 0x37, 0xBA, 0x8B, 0x61, 0xF3, 0xEE, 0xD1, 0x88, 0x99, 0x52, 0x4B, 0x8A, 0xBB,
    0x78, 0x90, 0xAA, 0x1B, 0x08, 0x05, 0xA4, 0x23, 0x29, 0x16, 0x85, 0xC1, 0x72, 0x3F, 0x07, 0x5D,
    0x85, 0xE1, 0x4A, 0x5A, 0xD0, 0xE8, 0xFB, 0x0A, 0x3A, 0x7B, 0x17, 0xD6, 0xFB, 0x5E, 0x5A, 0x27,
    0x5D, 0xC9, 0xAC, 0xA0, 0x3B, 0xB6, 0x77, 0xA7, 0x53, 0x4D, 0xB3, 0xEE, 0xA3, 0x9F, 0xE2, 0x29,
    0xCB, 0xC1, 0x45, 0x58, 0x2B, 0x50, 0xAC, 0xEE, 0xB9, 0x2E, 0x11, 0xF3, 0xD3, 0x7F, 0x2C, 0xAD,
    0xBF, 0x63, 0x50, 0xD9, 0x5E, 0xAF, 0x15, 0xE6, 0x52, 0x26, 0x7D, 0xE5, 0xC9, 0xB8, 0x75, 0xEA,
    0x61, 0x91, 0xE9, 0x38, 0xE4, 0x06, 0x65, 0xEB, 0x50, 0x6B, 0xA1, 0x16, 0xFB, 0xBD, 0xD4, 0x80,
    0x0F, 0x28, 0x09, 0x6A, 0x39, 0x5F, 0x04, 0xA5, 0x84, 0x35, 0x98, 0xC8, 0x79, 0x15, 0xC0, 0xAA,
    0xA1, 0x03, 0x60, 0xD5, 0x20, 0x40, 0x99, 0x10, 0xA6, 0x33, 0xB3, 0xC6, 0x74, 0x66, 0x22, 0x88,
    0x10, 0x55, 0x2B, 0x24, 0x36, 0x4A, 0x3B, 0x13, 0xBC, 0x1A, 0x94, 0x20, 0x9D, 0xCE, 0x84, 0x5C,
    0x85, 0x02, 0x3E, 0xAB, 0x46, 0x49, 0x60, 0xC2, 0xD5, 0x72, 0x82, 0x52, 0xBA, 0x9C, 0x0B, 0x21,
    0x92, 0xE9, 0xC6, 0xFE, 0x10, 0x3C, 0xEC, 0x87, 0xC0, 0xA9, 0xA9, 0xE4, 0x49, 0x4B, 0x7A, 0x0C,
    0xA2, 0xBE, 0x91, 0x57, 0x1B, 0x0B, 0xF6, 0x85, 0x95, 0x5F, 0x88, 0xD9, 0x60, 0x88, 0x98, 0x0B,
    0x48, 0xB1, 0xB7, 0xD7, 0x7B, 0x4E, 0x83, 0x42, 0xCB, 0x7C, 0x2C, 0x97, 0x86, 0x69, 0x95, 0xE3,
    0xA6, 0xF5, 0xAC, 0x97, 0x08, 0x9A, 0xA2, 0xA7, 0xE8, 0x10, 0xA7, 0x4F, 0xE6, 0xD5, 0x6D, 0x9C,
    0x6E, 0x4B, 0xFC, 0x2E, 0x2A, 0x82, 0x8F, 0x24, 0x05, 0x82, 0x26, 0xAD, 0xBC, 0x14, 0x4E, 0xEF,
    0x7C, 0x83, 0xA7, 0x52, 0xB8, 0xED, 0xAD, 0x9B, 0xF5, 0x94, 0x8F, 0x3C, 0x35, 0x76, 0x5C, 0xE9,
    0xA9, 0x67, 0x46, 0xDB, 0x24, 0xC8, 0x61, 0x8A, 0xAC, 0x25, 0x26, 0x6B, 0xE9, 0xE4, 0x64, 0x58,
    0x4E, 0x57, 0x6E, 0x90, 0x23, 0x94, 0x8C, 0x29, 0x8D, 0x03, 0x55, 0x14, 0x32, 0x86, 0x96, 0x5E,
    0x08, 0xAE, 0x48, 0x47, 0xA5, 0x13, 0x29, 0xA3, 0xBD, 0x49, 0x6F, 0xC3, 0xFC, 0x4D, 0xFA, 0x57,
    0xC6, 0xBA, 0x94, 0xF5, 0x35, 0xA8, 0xEB, 0x49, 0xF3, 0x91, 0xD4, 0xCE, 0xA4, 0x48, 0x57, 0x40,
    0x63, 0x9A, 0x0B, 0x92, 0x6B, 0xA5, 0x9E, 0xF9, 0x13, 0x56, 0xE4, 0x97, 0x4C, 0x29, 0x03, 0xE9,
    0x4A, 0xA1, 0xD1, 0xD1, 0xA6, 0xE8, 0x30, 0x0D, 0x11, 0xCA, 0xF7, 0xF4, 0x2E, 0x04, 0x73, 0x56,
    0x58, 0xC4, 0x64, 0x8E, 0x2C, 0x99, 0xE0, 0xD0, 0x2D, 0x41, 0x35, 0xAE, 0x16, 0xF7, 0xD1, 0x63,
    0x77, 0x61, 0x9B, 0x9A, 0xBF, 0x11, 0xE6, 0x80, 0xB4, 0xC4, 0xE8, 0x89, 0x1E, 0x9E, 0xC8, 0x9F,
    0x24, 0x38, 0x7F, 0x61, 0x16, 0xA0, 0x25, 0xD2, 0x9A, 0x4D, 0x04, 0xE9, 0x37, 0x18, 0x94, 0x84,
    0xC8, 0x70, 0x14, 0x41, 0x9A, 0x7B, 0xA4, 0x5E, 0x42, 0xCB, 0x8E, 0xFA, 0xC1, 0x44, 0x82, 0x84,
    0x60, 0x7E, 0xFE, 0xE1, 0x16, 0xF1, 0x00, 0x06, 0x05, 0x54, 0x71, 0xCA, 0x41, 0x40, 0x21, 0xC2,
    0x90, 0x0F, 0x29, 0x39, 0xF0, 0x98, 0x12, 0xF3, 0x49, 0xA7, 0x22, 0x04, 0x99, 0x8B, 0x20, 0x96,
    0x26, 0x38, 0xAB, 0x07, 0x4F, 0xED, 0x2E, 0x4F, 0xFE, 0x70, 0xE6, 0x48, 0x08, 0xF0, 0xA2, 0x26,
    0x1B, 0xF9, 0xFB, 0x98, 0x25, 0x1F, 0x2C, 0x23, 0xB0, 0x9D, 0x62, 0xD1, 0x4C, 0xE6, 0x2D, 0xAE,
    0xC7, 0x65, 0xAB, 0x10, 0xC2, 0x6B, 0xD5, 0x80, 0x46, 0x24, 0x64, 0x3D, 0x23, 0x5B, 0x05, 0x01,
    0x59, 0x69, 0x26, 0x12, 0x8A, 0xBC, 0x51, 0x4F, 0x67, 0xF7, 0x8E, 0x02, 0xD2, 0x10, 0x02, 0x92,
    0x51, 0x45, 0x05, 0xCF, 0x6A, 0x1E, 0xA0, 0xB5, 0xFA, 0x1D, 0x71, 0x7B, 0x67, 0x32, 0x41, 0x4B,
    0x1B, 0x6F, 0x9D, 0x33, 0xF5, 0x65, 0x3B, 0x85, 0x19, 0x82, 0x9F, 0x1E, 0x79, 0x6B, 0x14, 0x12,
    0x26, 0xF9, 0xBF, 0x05, 0x13, 0xD4, 0x5B, 0xC9, 0x43, 0xB4, 0xC7, 0x4E, 0xC9, 0x7F, 0x83, 0xB3,
    0x81, 0x9D, 0x92, 0x9C, 0xC9, 0x69, 0xB3, 0x1A, 0x91, 0x50, 0x8D, 0xD0, 0xD3, 0x8F, 0xD9, 0x0A,
    0x08, 0x0E, 0x85, 0x32, 0xEE, 0x78, 0xA7, 0x04, 0x4E, 0xF5, 0x3D, 0x98, 0x11, 0x32, 0x88, 0x19,
    0x8E, 0x34, 0xF9, 0x22, 0x19, 0x7D, 0x7F, 0x75, 0x60, 0xA7, 0xE4, 0xDF, 0xD9, 0x29, 0xD9, 0xDA,
    0x33, 0x67, 0xD7, 0xF8, 0xE3, 0x93, 0xCC, 0xE2, 0x48, 0x0B, 0xD7, 0x48, 0xE3, 0x0B, 0x57, 0x68,
    0xA5, 0x06, 0xA1, 0xB2, 0x9A, 0x29, 0x0A, 0x0B, 0x12, 0x69, 0xCE, 0x3C, 0x10, 0x18, 0x1E, 0x8B,
    0x46, 0xCC, 0x25, 0xB8, 0x58, 0xA0, 0x44, 0xC0, 0xEA, 0x2C, 0xCB, 0xF0, 0x26, 0x67, 0xBA, 0x51,
    0x67, 0x52, 0xC1, 0x18, 0x50, 0x05, 0x93, 0x0E, 0x7F, 0x17, 0x85, 0x03, 0xAC, 0x98, 0xEF, 0x30,
    0xB8, 0x31, 0x2D, 0x62, 0x65, 0x70, 0x97, 0x4C, 0x04, 0x1F, 0xC8, 0xC2, 0xEE, 0x7E, 0xA7, 0xD0,
    0xD0, 0x04, 0x14, 0x00, 0x90, 0x5A, 0x05, 0xFB, 0x94, 0xD9, 0x0F, 0x93, 0x4C, 0xEE, 0xCF, 0xA8,
    0x46, 0xA8, 0xA9, 0x35, 0x66, 0xC3, 0xDE, 0xC6, 0x5A, 0xA6, 0xB2, 0x6F, 0xE3, 0x5B, 0xE6, 0xEB,
    0x00, 0xF9, 0x3A, 0x40, 0x3D, 0x6D, 0x2E, 0x2F, 0x68, 0xCD, 0xAC, 0xD2, 0xED, 0x78, 0x49, 0x4B,
    0xF4, 0x57, 0x8F, 0x72, 0x41, 0x75, 0x83, 0x48, 0x8E, 0x32, 0x45, 0x0D, 0xB4, 0x5C, 0xFD, 0x65,
    0x73, 0xE5, 0x06, 0xD7, 0x87, 0xF1, 0x88, 0xD7, 0xE5, 0xFD, 0x9C, 0x2A, 0x52, 0x58, 0x20, 0x24,
    0x34, 0x55, 0xD8, 0x9A, 0x6E, 0x0D, 0xED, 0xB0, 0x9C, 0x01, 0x84, 0xDA, 0x0A, 0x1C, 0x5D, 0x42,
    0x34, 0x29, 0x60, 0x33, 0xBF, 0xF6, 0x4D, 0x4E, 0xDE, 0x60, 0x0B, 0x4E, 0xCF, 0x0E, 0x19, 0xAD,
    0xF1, 0x0D, 0x4A, 0x8A, 0x6B, 0x30, 0xD8, 0x3F, 0xF6, 0xF9, 0x00, 0x36, 0xDC, 0xED, 0xCE, 0x8E,
    0xE3, 0x72, 0x66, 0x70, 0xFE, 0xA4, 0x4D, 0xA7, 0x9E, 0x9A, 0x68, 0x92, 0x50, 0xDC, 0xD6, 0xF1,
    0xF1, 0x73, 0x0A, 0x91, 0x17, 0x27, 0x8D, 0xA0, 0xB7, 0x0B, 0xEB, 0xBD, 0xB3, 0xEB, 0x4A, 0x2D,
    0xB2, 0x0E, 0x14, 0x50, 0x11, 0x0F, 0xAC, 0x16, 0x52, 0x66, 0xAE, 0x9D, 0x56, 0x7B, 0x83, 0xCA,
    0x3E, 0x4D, 0xEA, 0x4D, 0x83, 0x4A, 0x1D, 0x92, 0x09, 0xA5, 0x74, 0x76, 0x68, 0x60, 0xBC, 0xE7,
    0x64, 0xF6, 0x2D, 0xCD, 0x83, 0x2B, 0xEE, 0x8B, 0x67, 0x92, 0x88, 0x58, 0x87, 0x6C, 0x62, 0x67,
    0xA4, 0xCC, 0xDA, 0x9B, 0xE9, 0x02, 0x85, 0x96, 0x9E, 0x5E, 0xF3, 0x0B, 0x62, 0x86, 0x67, 0x85,
    0x85, 0x1C, 0x54, 0x8B, 0x00, 0x29, 0x62, 0xDD, 0x97, 0x44, 0x77, 0x24, 0xEC, 0x05, 0x8B, 0x93,
    0x7C, 0x3C, 0xE2, 0x24, 0x59, 0x56, 0xEC, 0x8E, 0x38, 0x09, 0xFE, 0x7F, 0x0A, 0x8D, 0x74, 0x4C,
    0xA6, 0x1C, 0x2A, 0xBD, 0x00, 0x17, 0xA9, 0xE8, 0x1C, 0x8D, 0x92, 0x12, 0x0A, 0xAA, 0xCB, 0x82,
    0xC0, 0x4C, 0x78, 0xBD, 0x4E, 0xA4, 0xFD, 0x81, 0xA6, 0xB8, 0x54, 0x94, 0xE2, 0x95, 0xD6, 0x3D,
    0x5A, 0xAE, 0x6B, 0xB9, 0xB4, 0xF4, 0x11, 0xEA, 0xB8, 0x85, 0x36, 0xD3, 0x16, 0x1B, 0x6D, 0x1B,
    0xC8, 0x99, 0x37, 0xFE, 0xCE, 0xB7, 0xA5, 0xD6, 0x56, 0x81, 0x92, 0x2B, 0x37, 0xFC, 0xEC, 0xFF,
    0x8C, 0x24, 0xF1, 0x71, 0xFF, 0x27, 0x76, 0x1B, 0x9F, 0x5F, 0xBA, 0x43, 0x94, 0x9C, 0xDD, 0x22,
    0x26, 0x0B, 0xEC, 0x1E, 0xB1, 0x8E, 0x61, 0x37, 0x89, 0x9A, 0x62, 0x32, 0xC1, 0x86, 0x94, 0x36,
    0xA6, 0x8E, 0x0F, 0xCE, 0x96, 0xC1, 0xCC, 0x33, 0x74, 0xF0, 0x70, 0x62, 0x30, 0x2B, 0x37, 0x56,
    0xF3, 0xEC, 0x6E, 0x71, 0xF0, 0x56, 0x71, 0xE1, 0x86, 0x93, 0x8B, 0xB2, 0x7A, 0xEC, 0x7F, 0x87,
    0x7F, 0x6E, 0x48, 0x1B, 0xFA, 0x01, 0x99, 0xA2, 0x97, 0x76, 0x14, 0xA2, 0x19, 0xF5, 0xFA, 0x68,
    0x3B, 0x04, 0xD1, 0x21, 0x6B, 0xB5, 0xA1, 0x2A, 0xD6, 0x98, 0x1F, 0x73, 0x6B, 0xB0, 0x07, 0x7B,
    0xA2, 0x06, 0xC1, 0xED, 0xB9, 0x66, 0xE0, 0x24, 0x75, 0xDE, 0x82, 0xD5, 0x57, 0xB4, 0xA3, 0xAD,
    0x49, 0x55, 0x7E, 0xC8, 0x3D, 0x81, 0xC5, 0xA0, 0xDA, 0xF7, 0x38, 0xBE, 0xC8, 0xF2, 0x35, 0xA2,
    0xA9, 0x4A, 0xED, 0x66, 0x18, 0x6E, 0xE3, 0x6B, 0x50, 0x1C, 0xF8, 0xFF, 0x1F, 0x79, 0xCF, 0x8B,
    0x9F, 0xF3, 0x39, 0x9B, 0xA2, 0x3D, 0x20, 0x2C, 0x7B, 0x0E, 0x7E, 0xDC, 0x90, 0x4C, 0x2B, 0xB7,
    0x93, 0x24, 0x02, 0xAC, 0x8F, 0x25, 0x8B, 0x07, 0xCD, 0x06, 0x3F, 0x84, 0xF1, 0x33, 0x24, 0x03,
    0x6C, 0x00, 0x07, 0xCC, 0x8A, 0x41, 0xDC, 0xFD, 0xA4, 0xE4, 0x0D, 0xDF, 0x80, 0x70, 0xF0, 0x4F,
    0x99, 0x6C, 0x20, 0xFD, 0x48, 0xDF, 0xD7, 0x32, 0xF1, 0x3C, 0x83, 0x21, 0x03, 0x25, 0xE1, 0x06,
    0xF8, 0x07, 0xA9, 0x5D, 0x9B, 0x75, 0x65, 0x9D, 0x77, 0xF8, 0xD5, 0x68, 0x45, 0x7C, 0xEC, 0xA0,
    0x8D, 0x95, 0xC3, 0xAA, 0x75, 0x8A, 0x56, 0x47, 0x5D, 0x86, 0xA5, 0x25, 0xE8, 0xA7, 0x0D, 0x49,
    0xD5, 0xEE, 0xEF, 0x23, 0x5B, 0xDF, 0x9C, 0x18, 0x00, 0xA7, 0x10, 0xBC, 0xF3, 0x19, 0xE3, 0x5C,
    0x87, 0x1B, 0xBE, 0x01, 0x81, 0x8A, 0x4E, 0x21, 0x2A, 0x5B, 0x07, 0x33, 0x77, 0xB3, 0x67, 0x3B,
    0xEA, 0x90, 0x70, 0xF1, 0x2E, 0xB6, 0xE0, 0xBC, 0x39, 0xC1, 0x7B, 0xEF, 0x16, 0xDE, 0x6D, 0xCF,
    0x5F, 0xAC, 0x62, 0x75, 0xBF, 0x36, 0xBC, 0xB7, 0xCA, 0x7B, 0xB7, 0xF0, 0x1E, 0xDA, 0x6D, 0xDB,
    0xE0, 0x7D, 0xF5, 0x2B, 0xAD, 0x14, 0x8C, 0x7F, 0xBB, 0x37, 0x92, 0x0C, 0x2B, 0x49, 0x87, 0x58,
    0x62, 0xF6, 0x9C, 0x34, 0x11, 0xC8, 0x43, 0x60, 0x32, 0x17, 0x65, 0x6D, 0x36, 0xD7, 0x1E, 0x75,
    0xB0, 0x6B, 0xE1, 0xE0, 0xF1, 0x2E, 0x20, 0x7C, 0x5A, 0x87, 0x5E, 0x5E, 0x54, 0x78, 0x66, 0x63,
    0x9F, 0x34, 0x1A, 0x90, 0xB3, 0x01, 0x49, 0x11, 0x50, 0x7B, 0x3C, 0x49, 0xB2, 0x31, 0xEF, 0x43,
    0xCC, 0x8E, 0x19, 0x27, 0xEC, 0x6F, 0x77, 0x83, 0xB5, 0x93, 0x0D, 0x6D, 0x75, 0x08, 0x6F, 0x48,
    0x95, 0xDD, 0xFD, 0x05, 0x4C, 0x8A, 0x3D, 0x4E, 0xB6, 0xC8, 0x2B, 0x36, 0xDF, 0x81, 0xCB, 0xD0,
    0x29, 0xDB, 0xEF, 0x26, 0xBA, 0xF9, 0x97, 0xA5, 0xB7, 0xC1, 0xDE, 0x63, 0x20, 0xEC, 0x44, 0xB2,
    0x09, 0x7E, 0x3F, 0x89, 0x76, 0x41, 0x72, 0x04, 0x67, 0x18, 0x54, 0xC5, 0x99, 0x6B, 0x66, 0xA9,
    0x44, 0x7D, 0x4E, 0x69, 0xD8, 0x7E, 0x7A, 0x14, 0x61, 0xC6, 0x08, 0x6B, 0x78, 0x8B, 0xED, 0x37,
    0x10, 0xB3, 0xCB, 0xAD, 0xB6, 0x5A, 0x02, 0xE1, 0x4B, 0xF4, 0xB3, 0xA5, 0xCB, 0xE2, 0xA8, 0x42,
    0x88, 0x40, 0x05, 0x9D, 0xF6, 0x61, 0xF3, 0x4F, 0xB0, 0x3B, 0x9D, 0xD9, 0x4D, 0x47, 0x3B, 0xDB,
    0x19, 0xD6, 0xBE, 0xAF, 0x0F, 0xCF, 0x0E, 0x1C, 0xC6, 0x0F, 0xFF, 0x9F, 0x92, 0x11, 0xA3, 0x87,
    0xAC, 0x73, 0xB5, 0xA3, 0x0D, 0x1E, 0xC9, 0x4C, 0x17, 0xDF, 0x51, 0x3F, 0x7F, 0x28, 0x41, 0xCA,
    0xBF, 0x10, 0x23, 0x7B, 0xB1, 0x44, 0x13, 0xAE, 0x25, 0x0C, 0xD5, 0xD0, 0x76, 0x2C, 0xBE, 0xD0,
    0xD6, 0x2E, 0x88, 0x66, 0xB4, 0x00, 0xD8, 0x58, 0x2C, 0x2B, 0x03, 0xEC, 0x6E, 0x02, 0x08, 0xF9,
    0xB3, 0x93, 0x86, 0xED, 0x46, 0xA2, 0xA8, 0x5A, 0xE1, 0x19, 0xAE, 0x8A, 0x35, 0x77, 0x1E, 0x29,
    0xE3, 0xDF, 0x10, 0x9C, 0x30, 0xB2, 0x0B, 0xAC, 0xF6, 0x7D, 0x86, 0x50, 0xFC, 0x89, 0x8C, 0x9E,
    0x65, 0xA4, 0x22, 0xB3, 0x05, 0xAF, 0x00, 0x0D, 0x3B, 0xB2, 0x9D, 0x18, 0x0A, 0x8C, 0xF2, 0xB1,
    0x4E, 0x9A, 0xA2, 0x8B, 0x3C, 0x07, 0xDF, 0x19, 0xC3, 0x69, 0x52, 0xC6, 0xB1, 0xDA, 0x80, 0x8C,
    0x0F, 0xCE, 0xA0, 0x55, 0x12, 0xD7, 0x29, 0xEC, 0x18, 0x31, 0x11, 0xFA, 0x54, 0xA4, 0xE6, 0xAB,
    0x9E, 0x9E, 0x04, 0x65, 0xF7, 0xAE, 0x09, 0x8D, 0xD9, 0x84, 0x65, 0x21, 0x6C, 0x1C, 0x46, 0xDD,
    0x5A, 0x75, 0x71, 0x61, 0xEE, 0xF2, 0x70, 0xE2, 0xD5, 0x94, 0x14, 0xAF, 0xC6, 0x6C, 0xE9, 0xA7,
    0xAE, 0x34, 0x49, 0xD2, 0xC6, 0x28, 0x99, 0x74, 0xA3, 0x9B, 0x4C, 0x09, 0xBE, 0xAB, 0x1C, 0x00,
    0x00, 0x38, 0x2D, 0xF8, 0x76, 0x09, 0x0F, 0x25, 0x2C, 0x51, 0x4E, 0x23, 0x2D, 0x08, 0x97, 0xFE,
    0x4F, 0x05, 0x60, 0x2A, 0x9A, 0xEF, 0x29, 0xE6, 0xA7, 0x8B, 0xF0, 0xEA, 0xE2, 0x88, 0xB8, 0xF0,
    0xAA, 0x01, 0xE4, 0xDC, 0x65, 0x8A, 0xB0, 0xA5, 0x25, 0xC2, 0xF8, 0xEB, 0x0D, 0x54, 0xDD, 0x7C,
    0x7C, 0xA8, 0x52, 0x47, 0x9C, 0xB0, 0xE4, 0xDB, 0x50, 0xF3, 0x77, 0xEE, 0x47, 0xC2, 0x50, 0xA0,
    0x48, 0x48, 0x06, 0x41, 0x2E, 0x5F, 0xE6, 0xCB, 0x1B, 0xEE, 0x44, 0x83, 0x4D, 0x47, 0x0E, 0xF8,
    0x4E, 0x6F, 0xC5, 0xF6, 0x16, 0x81, 0xC8, 0x8E, 0xAC, 0x26, 0x8F, 0x37, 0xDD, 0x8F, 0x0E, 0x6D,
    0x89, 0xF2, 0x3D, 0x1D, 0x19, 0x7F, 0x72, 0x0B, 0xCC, 0xDE, 0x52, 0xB0, 0x2A, 0x0B, 0xA4, 0x32,
    0x26, 0x47, 0xE8, 0x39, 0x0B, 0x6C, 0x24, 0x18, 0x0D, 0x9A, 0x46, 0xA8, 0x4E, 0x77, 0xA4, 0x7A,
    0xC5, 0xF8, 0x0A, 0x3C, 0x56, 0x9E, 0xE3, 0x74, 0xDF, 0x7B, 0xF3, 0x79, 0x06, 0x82, 0xD7, 0x96,
    0x48, 0xCB, 0x17, 0x41, 0x73, 0x40, 0x08, 0xBE, 0x3A, 0x29, 0x71, 0x5C, 0x94, 0x1B, 0xFA, 0xFB,
    0x91, 0x87, 0x44, 0x9A, 0x56, 0xE9, 0x3A, 0x04, 0x3F, 0xBE, 0x93, 0x52, 0x07, 0x9E, 0x52, 0xE4,
    0x2B, 0x13, 0x12, 0xBB, 0x7C, 0xDA, 0x46, 0x10, 0x7A, 0x94, 0x0E, 0x8F, 0x13, 0x9A, 0x3C, 0x21,
    0x09, 0x50, 0xCD, 0x0E, 0xBC, 0x0C, 0x08, 0x7C, 0xDB, 0xC5, 0x13, 0x60, 0xF8, 0x75, 0x86, 0xE1,
    0x03, 0xE9, 0xAE, 0xCE, 0x91, 0xDF, 0x83, 0xC2, 0x2F, 0x71, 0x1F, 0xAF, 0xD1, 0x99, 0x98, 0x2A,
    0x17, 0x08, 0xEA, 0xF2, 0x3A, 0x13, 0xE5, 0x03, 0xC6, 0xAB, 0x77, 0x99, 0x26, 0x1F, 0xF2, 0xB5,
    0x69, 0x48, 0x8C, 0x8A, 0x25, 0x3B, 0x4A, 0xB4, 0xE5, 0xF6, 0x13, 0xC0, 0x1D, 0x26, 0x7B, 0x41,
    0x7E, 0x83, 0xE9, 0x26, 0x26, 0x56, 0x7B, 0x74, 0x16, 0x64, 0xB4, 0xC9, 0x84, 0xBC, 0xF4, 0xAB,
    0x10, 0x2D, 0xBD, 0xD5, 0x3D, 0x4B, 0xFF, 0x7F, 0xA9, 0x7B, 0x15, 0xB3, 0xDB, 0xE7, 0x06, 0xCE,
    0xFF, 0x5F, 0x76, 0xE4, 0x0A, 0xB7, 0xD2, 0x89, 0x2F, 0x23, 0x66, 0xCD, 0x33, 0x1D, 0x9E, 0xE7,
    0x62, 0xA3, 0xB6, 0xB0, 0xF3, 0x51, 0x3B, 0xCA, 0x30, 0x69, 0xD6, 0x91, 0xF2, 0x06, 0x5D, 0xE5,
    0x4D, 0xA9, 0xAF, 0xCE, 0x2B, 0x06, 0xAC, 0x98, 0x05, 0xC1, 0x9B, 0x6A, 0x02, 0xD5, 0x02, 0x59,
    0x2C, 0xCB, 0xD8, 0x62, 0xA5, 0xDA, 0xF1, 0xE0, 0xE8, 0xD9, 0xD7, 0x64, 0x73, 0xAB, 0x63, 0x51,
    0x06, 0x30, 0x68, 0x95, 0x50, 0x7C, 0x90, 0x03, 0x69, 0x73, 0x88, 0xCF, 0x82, 0x45, 0xC5, 0x7F,
    0x95, 0xE2, 0xB3, 0xF5, 0xF5, 0xB5, 0x8D, 0xE4, 0xFE, 0x80, 0xCC, 0x7C, 0x78, 0x24, 0x39, 0xD7,
    0x98, 0x43, 0x47, 0x39, 0xBC, 0x0E, 0x61, 0x89, 0x62, 0xCE, 0xB3, 0xA6, 0x28, 0x99, 0xC0, 0x8A,
    0x16, 0x59, 0x25, 0x19, 0x50, 0x33, 0x6D, 0x43, 0xD5, 0xC9, 0x9E, 0x61, 0x43, 0x2F, 0x22, 0x88,
    0x0C, 0xD8, 0xBE, 0x3E, 0x1B, 0x96, 0x17, 0x66, 0xA1, 0x39, 0x0F, 0x44, 0x6C, 0xA1, 0xB4, 0xD6,
    0xF5, 0x49, 0xEB, 0x3F, 0xBE, 0xDA, 0x72, 0xCF, 0xB4, 0xA1, 0x50, 0xB6, 0xC8, 0x65, 0xE3, 0xB9,
    0xE0, 0xEB, 0xD7, 0x51, 0x5F, 0xAA, 0x4E, 0x34, 0x15, 0xBE, 0x8A, 0xD5, 0xB7, 0xB1, 0xFC, 0xCC,
    0xBC, 0x85, 0x24, 0xD5, 0xB5, 0xCC, 0xBB, 0xE3, 0xE3, 0xD7, 0xC3, 0x67, 0xDA, 0x7C, 0xC2, 0x0C,
    0xB2, 0xCF, 0x1A, 0x26, 0xDF, 0x3B, 0xE7, 0x4F, 0xFD, 0x7B, 0x32, 0x6F, 0x29, 0xC1, 0x3F, 0x2F,
    0xAF, 0x7B, 0x4F, 0x9D, 0x31, 0x0A, 0xDD, 0x34, 0xBE, 0xAB, 0x2C, 0x8E, 0xAE, 0x6F, 0x86, 0xAD,
    0x36, 0x0F, 0x86, 0x19, 0x2E, 0x6A, 0xF7, 0xF7, 0xA2, 0x86, 0x24, 0x93, 0xDE, 0x35, 0x7C, 0xCD,
    0xC2, 0x64, 0xA2, 0xFD, 0xEA, 0x77, 0xA5, 0x3E, 0x63, 0xCE, 0x99, 0xFF, 0x07, 0xCD, 0x5A, 0xBF,
    0x97, 0xDD, 0xC4, 0x15, 0xBE, 0x7A, 0x5A, 0x3F, 0x05, 0x54, 0xCC, 0x16, 0x98, 0x03, 0xE6, 0x24,
    0x4A, 0x91, 0x02, 0x13, 0x8C, 0x52, 0x52, 0xD8, 0x1E, 0x11, 0xFE, 0x00, 0xB6, 0x60, 0x73, 0x4E,
    0x0E, 0x45, 0x9A, 0x14, 0x89, 0x1B, 0xFF, 0x03, 0x80, 0x44, 0x28, 0x28, 0x28, 0xBC, 0x55, 0x72,
    0xD2, 0x51, 0xB8, 0xC0, 0x9B, 0x62, 0x9B, 0x14, 0x14, 0xC6, 0x12, 0xB8, 0x48, 0x41, 0x81, 0x4E,
    0x28, 0x28, 0x51, 0x80, 0x43, 0x81, 0x8B, 0x15, 0x41, 0x80, 0x6C, 0x4B, 0x9A, 0x7C, 0xDF, 0x1D,
    0xBD, 0xE7, 0xB5, 0x8F, 0x21, 0x4E, 0xB2, 0x76, 0xF6, 0xBD, 0x37, 0x77, 0xDE, 0x93, 0x46, 0x33,
    0x77, 0xEE, 0xDC, 0x1F, 0xDF, 0x9D, 0x79, 0xC7, 0xC4, 0x56, 0x65, 0xE3, 0x9A, 0xBC, 0x7A, 0x48,
    0x44, 0x12, 0x7D, 0xA7, 0x19, 0xDE, 0x85, 0x2D, 0x6C, 0x95, 0x57, 0x65, 0xED, 0x1A, 0xFF, 0xB6,
    0x85, 0x2C, 0x3A, 0x91, 0x10, 0xE5, 0x89, 0x4E, 0x16, 0xCE, 0x65, 0xC6, 0xB9, 0x3A, 0xBD, 0xB9,
    0xDF, 0xDA, 0x4F, 0x5C, 0x5B, 0x7E, 0xB8, 0xDF, 0xBA, 0x0F, 0x3F, 0x28, 0xDC, 0x27, 0x85, 0xB8,
    0x7D, 0x14, 0x97, 0xA1, 0x88, 0x94, 0x4E, 0x0A, 0xEB, 0x5E, 0x6A, 0x13, 0xE7, 0x9A, 0xD8, 0x39,
    0xDC, 0xE8, 0x45, 0x06, 0x91, 0x00, 0x95, 0x2C, 0xA7, 0x42, 0x24, 0x77, 0xEC, 0xED, 0x8F, 0xA3,
    0x84, 0xD3, 0xC2, 0x49, 0x3C, 0x84, 0x4E, 0xCC, 0x10, 0x4E, 0x20, 0xF2, 0xB6, 0x98, 0x11, 0xCD,
    0xE2, 0x09, 0x24, 0x42, 0x67, 0x68, 0xEB, 0x1A, 0x74, 0x09, 0x22, 0xAE, 0xE6, 0x6F, 0x25, 0x95,
    0x12, 0x53, 0x48, 0x09, 0xB6, 0x83, 0x51, 0xF2, 0x0C, 0x23, 0x39, 0x49, 0x49, 0x12, 0x12, 0xBE,
    0x9E, 0x95, 0xA0, 0x2E, 0xCF, 0x5F, 0x6B, 0x2D, 0x99, 0xBE, 0xEE, 0x8A, 0xB4, 0x29, 0x2B, 0x5B,
    0xDB, 0x4A, 0xDF, 0xAC, 0xEB, 0xBC, 0x4A, 0x5B, 0x07, 0x66, 0x5D, 0x55, 0x96, 0xFB, 0xED, 0x65,
    0x09, 0x9B, 0x4D, 0x91, 0xEC, 0xA9, 0xDD, 0xB7, 0x1E, 0xDE, 0xDD, 0x29, 0x5D, 0x97, 0xB8, 0x36,
    0x77, 0xAD, 0x71, 0x0D, 0x39, 0x19, 0xC1, 0x72, 0xB1, 0xE8, 0xC9, 0x46, 0xD8, 0x62, 0xF4, 0x36,
    0x06, 0x27, 0xB6, 0x37, 0x60, 0xC5, 0x0C, 0x16, 0x2C, 0xBB, 0x29, 0x1F, 0x84, 0x6C, 0x70, 0xAE,
    0x9C, 0x33, 0x9A, 0xB6, 0x32, 0x5F, 0x21, 0xE5, 0xA5, 0xBC, 0x91, 0x3B, 0x68, 0x89, 0x36, 0x62,
    0x94, 0x65, 0xA5, 0xC7, 0xCB, 0x5B, 0x2F, 0x5C, 0x7B, 0xF5, 0xC0, 0xCF, 0x47, 0x74, 0x5A, 0x92,
    0x52, 0x38, 0xE0, 0x59, 0x16, 0x63, 0xD2, 0x48, 0x38, 0x58, 0x25, 0x95, 0x84, 0xE3, 0x12, 0x8B,
    0xE5, 0x3B, 0x42, 0xD7, 0x96, 0x8C, 0xB8, 0x94, 0x0B, 0x10, 0x81, 0x11, 0x97, 0xE1, 0xB7, 0x6B,
    0xF0, 0x70, 0x4E, 0x81, 0xA7, 0xF8, 0x0D, 0x09, 0x37, 0x18, 0xC3, 0x0D, 0xE8, 0x30, 0x65, 0xEB,
    0x90, 0x0C, 0x0B, 0x7B, 0x6E, 0x6C, 0x2D, 0x71, 0x9F, 0xD6, 0x62, 0x7A, 0xF4, 0x1C, 0x77, 0x65,
    0x81, 0x9B, 0xD3, 0x9A, 0xE9, 0x4D, 0xB1, 0xEF, 0x4D, 0x52, 0x7E, 0xE4, 0xB4, 0xD8, 0xF7, 0x27,
    0x39, 0x26, 0xE4, 0xEE, 0xC4, 0x96, 0xE8, 0x8C, 0xD9, 0xF0, 0xCB, 0xB2, 0x91, 0x60, 0x90, 0xC5,
    0x20, 0x51, 0x73, 0x6C, 0xC3, 0x8A, 0x29, 0xDC, 0x98, 0x64, 0x69, 0x38, 0x4D, 0x71, 0x75, 0xD6,
    0xB4, 0x69, 0x54, 0x9D, 0x31, 0xB5, 0x09, 0xEB, 0x97, 0x53, 0xB0, 0xDE, 0x1C, 0xA4, 0xA7, 0x93,
    0x5A, 0xC2, 0x1A, 0x6D, 0x8E, 0x45, 0x55, 0x1A, 0x4F, 0xE7, 0xE3, 0x2A, 0xF9, 0xA5, 0x1B, 0x4C,
    0x16, 0xD7, 0xE9, 0x8E, 0x95, 0xB0, 0x67, 0xB7, 0xE2, 0xBE, 0xDC, 0x03, 0xB3, 0x09, 0xB5, 0x4E,
    0xE4, 0xDC, 0x0E, 0xC8, 0x6E, 0x86, 0x89, 0xB7, 0x92, 0xBE, 0xD4, 0x8B, 0x7D, 0x7E, 0x90, 0x9F,
    0x84, 0x83, 0x04, 0x7F, 0x19, 0xD0, 0x64, 0x10, 0x7B, 0x75, 0x2E, 0xFB, 0x50, 0x83, 0xD1, 0x55,
    0xCB, 0x9D, 0x93, 0x5E, 0x96, 0xA7, 0x82, 0x46, 0xC6, 0xB8, 0x09, 0x87, 0xB4, 0x32, 0x6D, 0x99,
    0xD9, 0xCF, 0x9C, 0xB8, 0x0F, 0x20, 0xA7, 0x37, 0x07, 0x29, 0xFF, 0x36, 0x4A, 0xFA, 0x15, 0xF4,
    0xB3, 0xCB, 0x8B, 0x60, 0x30, 0xB5, 0xBC, 0x8A, 0x75, 0x7F, 0x4C, 0x2A, 0x5D, 0x58, 0xE8, 0x35,
    0x4B, 0x49, 0xFD, 0x96, 0xF4, 0xF6, 0x72, 0x8E, 0x72, 0x4D, 0xF6, 0x06, 0xFB, 0xE4, 0x58, 0x3E,
    0x5D, 0x96, 0x4F, 0xBA, 0xF2, 0xB8, 0xC3, 0x97, 0xFC, 0xE9, 0x33, 0x67, 0xF7, 0x2E, 0x83, 0xC3,
    0xE0, 0x4A, 0x76, 0x7C, 0x7B, 0x2B, 0x57, 0xE5, 0xA2, 0x7E, 0x81, 0x5D, 0x27, 0x97, 0xD3, 0x6C,
    0x30, 0x05, 0x26, 0x99, 0x63, 0x6D, 0x06, 0x59, 0xBD, 0xF2, 0xDB, 0xCB, 0x6D, 0xE3, 0xDE, 0x71,
    0x6F, 0xF5, 0x5A, 0xB5, 0x61, 0x91, 0x17, 0x21, 0x92, 0xDA, 0xEE, 0x75, 0x57, 0xA2, 0x21, 0x0F,
    0x87, 0x27, 0x21, 0x3B, 0x03, 0x09, 0xD5, 0xB0, 0x9B, 0xC5, 0xF0, 0x48, 0xDC, 0x9C, 0x4E, 0xBF,
    0x1C, 0xA0, 0x27, 0xAA, 0x2A, 0x22, 0xDB, 0x58, 0xBA, 0x06, 0x8D, 0x2D, 0xD4, 0x29, 0x1C, 0x36,
    0xA2, 0x4E, 0xCE, 0xD7, 0x82, 0x4E, 0xF6, 0x3A, 0x28, 0x18, 0x3E, 0x67, 0x22, 0xB4, 0xEC, 0x13,
    0xD7, 0x04, 0x97, 0xA8, 0x02, 0xC3, 0x62, 0x8C, 0x06, 0xD3, 0xA5, 0xC5, 0x99, 0xF5, 0xD0, 0x55,
    0xDA, 0xAD, 0x49, 0x3B, 0x93, 0xE2, 0x1E, 0x88, 0x05, 0xF9, 0xC2, 0x5D, 0xCF, 0x9C, 0xDB, 0x77,
    0x95, 0x73, 0x57, 0xA1, 0x9C, 0x7F, 0x96, 0xDF, 0x52, 0x13, 0xE5, 0xAE, 0xE4, 0xF7, 0x5C, 0x74,
    0x79, 0x74, 0xB9, 0x0B, 0xA3, 0xBC, 0x40, 0xB7, 0x74, 0x01, 0x5A, 0xE8, 0x2E, 0x74, 0x9E, 0x94,
    0x77, 0x21, 0xF9, 0xFA, 0x6E, 0x4A, 0x12, 0x93, 0x48, 0x49, 0x22, 0xE6, 0x3F, 0x20, 0xA1, 0x5B,
    0x11, 0xBE, 0x96, 0xE0, 0xDE, 0xF6, 0xB6, 0x4F, 0xDB, 0x65, 0x16, 0x64, 0x51, 0x65, 0x3E, 0x37,
    0x30, 0xAF, 0xCD, 0xD2, 0x4E, 0x49, 0xEF, 0x4D, 0x75, 0x80, 0xB5, 0xC9, 0x13, 0x83, 0x97, 0xDF,
    0x5D, 0x3E, 0x29, 0x56, 0x47, 0xFD, 0x9A, 0x3C, 0x95, 0xA1, 0x5F, 0x2C, 0xCF, 0x17, 0x13, 0xFC,
    0x33, 0x66, 0x53, 0x40, 0x1B, 0x8B, 0x5C, 0xDF, 0xF0, 0xCA, 0x19, 0x7C, 0xB6, 0x24, 0xDF, 0x8E,
    0x50, 0x2D, 0x8C, 0x7D, 0x4E, 0xA7, 0x2F, 0xA7, 0x17, 0xB5, 0x58, 0x78, 0xE7, 0xA4, 0x86, 0xEF,
    0x84, 0x96, 0x86, 0xA3, 0x6D, 0x02, 0x07, 0x7D, 0x72, 0x2F, 0xF4, 0xA1, 0x4B, 0x3B, 0x2C, 0x57,
    0x6D, 0x5A, 0x97, 0xA5, 0xEF, 0x0D, 0x72, 0xF6, 0x96, 0xF2, 0xAE, 0x38, 0x13, 0xF5, 0x63, 0xA8,
    0xA1, 0x12, 0xE4, 0x51, 0x12, 0xDC, 0x06, 0x4F, 0x18, 0xDB, 0xD7, 0xF4, 0x3F, 0xAC, 0x47, 0x5F,
    0x2F, 0x06, 0x5F, 0x87, 0x5D, 0xDC, 0xB3, 0x36, 0x6D, 0xA2, 0x75, 0x52, 0x59, 0xAD, 0xC1, 0x72,
    0xCF, 0x09, 0x95, 0xC1, 0x77, 0x54, 0xE9, 0x7A, 0x0C, 0x3F, 0xA6, 0x14, 0x16, 0x43, 0xFC, 0x06,
    0xEB, 0xB0, 0x4B, 0x22, 0xD6, 0xA6, 0x3D, 0xA3, 0x75, 0x52, 0x79, 0xEB, 0xC1, 0x2C, 0xB5, 0xC6,
    0x68, 0x7A, 0x7D, 0xF4, 0x35, 0x47, 0x5B, 0x5C, 0x44, 0x79, 0x4B, 0x0E, 0xBE, 0x6E, 0xE3, 0xBB,
    0xB9, 0x47, 0xBE, 0x8F, 0x6D, 0x79, 0xBE, 0xCB, 0x49, 0xF9, 0xFE, 0xF4, 0x86, 0xAB, 0xC8, 0xF7,
    0xD5, 0xD6, 0xB2, 0xB6, 0xAF, 0x77, 0xB6, 0x52, 0xBE, 0x77, 0x10, 0x14, 0xC0, 0x37, 0x7A, 0xCF,
    0x3C, 0x03, 0x93, 0xF2, 0x4D, 0x97, 0xA3, 0xA3, 0x99, 0x3A, 0xD3, 0xD1, 0xF2, 0x90, 0xFE, 0xB5,
    0x08, 0xA6, 0xBD, 0x86, 0xA3, 0x85, 0x8E, 0x4B, 0xC8, 0x00, 0x81, 0x7A, 0x31, 0x1B, 0xEF, 0x8A,
    0xEF, 0x6D, 0x3F, 0x25, 0x58, 0x96, 0xDE, 0xB2, 0x34, 0x26, 0x2C, 0xA1, 0x55, 0x01, 0xFA, 0x9A,
    0xFC, 0xD3, 0xDA, 0xC8, 0x3F, 0x4D, 0x4E, 0x8D, 0x19, 0x22, 0x99, 0x02, 0x8C, 0xBF, 0xD7, 0x2D,
    0x18, 0x1B, 0xC1, 0x78, 0xD8, 0x19, 0xAD, 0xE1, 0x3B, 0x27, 0x81, 0x2D, 0x26, 0xD5, 0x19, 0xE8,
    0x8A, 0xEB, 0x6D, 0xD1, 0x4F, 0xF0, 0x72, 0x4D, 0xB9, 0x68, 0x27, 0x81, 0x69, 0x4E, 0x61, 0x35,
    0xA9, 0xDC, 0x4D, 0xE6, 0xF9, 0x4F, 0x34, 0x7C, 0x1A, 0x44, 0x32, 0xD6, 0x1C, 0x8D, 0xD7, 0x39,
    0x1A, 0x6B, 0x4A, 0xEB, 0x12, 0x6D, 0xCA, 0xF3, 0x1B, 0x64, 0x5E, 0x21, 0xD2, 0xDE, 0x17, 0x7E,
    0x0F, 0xBC, 0xBE, 0x49, 0x84, 0x69, 0xC6, 0x8D, 0x2F, 0xF0, 0xD1, 0x52, 0xC2, 0x4F, 0xC3, 0x1E,
    0x0D, 0x7C, 0x70, 0x8A, 0x39, 0xDA, 0x6E, 0x59, 0xE4, 0x4D, 0xD2, 0xE6, 0x75, 0xD2, 0xDA, 0xC6,
    0xB4, 0xF6, 0xFA, 0xF9, 0x0A, 0x63, 0x66, 0x41, 0xF9, 0x39, 0x1E, 0xE6, 0xE4, 0x74, 0xE9, 0xD0,
    0xCF, 0xA8, 0xDF, 0xD5, 0x75, 0xB3, 0x13, 0x5E, 0x6A, 0x6F, 0xAD, 0xF1, 0x53, 0xC5, 0x3A, 0x30,
    0x6A, 0x08, 0x45, 0x38, 0xED, 0xB4, 0xBD, 0x2A, 0xE0, 0x35, 0xD2, 0xF8, 0x63, 0xB2, 0x6E, 0xAE,
    0x6A, 0xB4, 0xFB, 0x03, 0x69, 0xFA, 0x9C, 0x2A, 0x93, 0xFA, 0x87, 0x57, 0x15, 0x2B, 0x5C, 0xD9,
    0x55, 0xD4, 0xE0, 0xD0, 0x45, 0x00, 0xAA, 0x72, 0xC7, 0x8C, 0xC0, 0x82, 0x61, 0x4C, 0x22, 0xD2,
    0x48, 0x5A, 0x08, 0x0E, 0x5E, 0x07, 0xAD, 0x5A, 0x4F, 0xD1, 0xD3, 0x4F, 0x55, 0x0C, 0xBA, 0x8C,
    0x91, 0xD2, 0x64, 0xB8, 0x15, 0xAE, 0x47, 0x39, 0x2A, 0x7C, 0xC6, 0xCA, 0x83, 0xAD, 0xD6, 0xA3,
    0xFB, 0x71, 0xE3, 0x6F, 0x74, 0xC4, 0x22, 0x05, 0xDD, 0x90, 0xE0, 0xFF, 0xCE, 0xE7, 0xA2, 0x0F,
    0x14, 0x13, 0xEC, 0xAF, 0x61, 0xCE, 0x33, 0x39, 0x85, 0xB8, 0xB1, 0xF8, 0xEB, 0x91, 0x59, 0x71,
    0xBE, 0x4C, 0x4D, 0x43, 0xB0, 0x2D, 0x7B, 0xF3, 0x94, 0xD8, 0x90, 0x3E, 0xFE, 0xE4, 0x91, 0xE2,
    0xD3, 0x8F, 0x1E, 0xDE, 0xD0, 0x11, 0xDB, 0x03, 0xF4, 0x9B, 0x61, 0xCD, 0x95, 0x1C, 0x3F, 0x02,
    0xDC, 0xEE, 0xE2, 0xF5, 0xB6, 0xE8, 0x23, 0xCE, 0x23, 0x56, 0x0F, 0xCC, 0xD3, 0x17, 0x06, 0xF5,
    0x39, 0x16, 0x4F, 0x03, 0x37, 0xCB, 0x15, 0xD4, 0x29, 0x3C, 0xC1, 0x80, 0x7A, 0x03, 0x6E, 0xAB,
    0x37, 0xC3, 0x22, 0xE3, 0xAC, 0xCC, 0x10, 0x55, 0xF4, 0x35, 0x66, 0xA4, 0xCB, 0x32, 0x7C, 0xBC,
    0x52, 0xC4, 0xA7, 0xB5, 0xDD, 0xFE, 0xCD, 0x48, 0xF0, 0x9D, 0x8B, 0x6F, 0x37, 0xA2, 0x0E, 0xD4,
    0x6E, 0xD1, 0x8F, 0xA9, 0xC0, 0xA3, 0xD6, 0x91, 0x72, 0x69, 0x8B, 0x04, 0x61, 0x72, 0xFA, 0x15,
    0x51, 0x91, 0x32, 0x92, 0xAD, 0x6A, 0x59, 0xBA, 0xD7, 0xE1, 0xD0, 0xDD, 0xCD, 0x0A, 0xDE, 0xDB,
    0xD5, 0xB1, 0xCB, 0xF2, 0x86, 0x0F, 0x36, 0xB6, 0x83, 0x4F, 0x02, 0x2E, 0x09, 0x5B, 0x18, 0x7E,
    0xF0, 0x56, 0x49, 0xEB, 0xD7, 0x48, 0x7D, 0x80, 0x34, 0x2B, 0xF1, 0xE6, 0x24, 0x96, 0x51, 0x02,
    0x7E, 0x30, 0x68, 0x8C, 0x2B, 0xE2, 0x36, 0x62, 0x7F, 0x81, 0x8E, 0x91, 0xBA, 0x7E, 0xE5, 0x3A,
    0xA6, 0x6C, 0xF5, 0x34, 0x9D, 0x68, 0xC0, 0x10, 0x16, 0xF1, 0xE7, 0xC2, 0x15, 0xF3, 0xFA, 0x3E,
    0xB6, 0xC2, 0x7D, 0x52, 0x56, 0xAB, 0xAE, 0x63, 0x5D, 0xDB, 0x2B, 0xA2, 0x36, 0x2D, 0xE7, 0x76,
    0x77, 0x2F, 0x31, 0x27, 0x72, 0xCC, 0x8E, 0x1C, 0x93, 0xA5, 0x92, 0x24, 0xCD, 0x40, 0x4C, 0x01,
    0xB2, 0x81, 0x9F, 0x61, 0x35, 0x13, 0xB7, 0x47, 0xE2, 0x56, 0x64, 0x8A, 0x56, 0x37, 0x26, 0x9F,
    0x68, 0xC5, 0x15, 0x1F, 0x23, 0x01, 0x06, 0x9E, 0xB6, 0x4B, 0x86, 0x65, 0x45, 0x98, 0xAA, 0xFD,
    0x1A, 0x73, 0xAB, 0x99, 0x19, 0x65, 0x32, 0x1E, 0xD5, 0xBF, 0x78, 0x56, 0x1E, 0x20, 0x2F, 0x41,
    0xB3, 0x72, 0xC8, 0x46, 0xC3, 0x17, 0x79, 0x71, 0x80, 0xB2, 0x41, 0xC7, 0xA0, 0x92, 0xE1, 0xFD,
    0x00, 0xE5, 0xA2, 0x11, 0x22, 0x86, 0x76, 0x38, 0x28, 0x16, 0xB0, 0x16, 0xCC, 0x61, 0x62, 0xA4,
    0xBC, 0xB8, 0x98, 0x97, 0xF1, 0x81, 0xF1, 0xF2, 0x23, 0x88, 0x22, 0x13, 0xA4, 0x6B, 0x50, 0x58,
    0x2E, 0x4D, 0xEE, 0x47, 0x47, 0xFE, 0x8A, 0xE4, 0xA2, 0xE1, 0xB3, 0xF7, 0xFC, 0x31, 0x48, 0xE7,
    0x90, 0xD7, 0xD3, 0x69, 0x43, 0xC8, 0xB0, 0x0A, 0xA8, 0x6F, 0x15, 0xE1, 0x7A, 0x7D, 0x18, 0x7D,
    0x9E, 0xC2, 0x72, 0x11, 0x2E, 0xC4, 0xAE, 0x4D, 0x3F, 0xEE, 0xCF, 0xCA, 0xE5, 0x4D, 0xD9, 0x38,
    0xB1, 0x7B, 0x11, 0x89, 0x67, 0xE2, 0x7A, 0xE6, 0xD6, 0xF7, 0xFC, 0x41, 0x27, 0x78, 0x4A, 0x33,
    0x56, 0xB1, 0xAF, 0x8D, 0x48, 0x17, 0xF0, 0x29, 0xAF, 0x4E, 0x27, 0xE4, 0x22, 0x73, 0xD0, 0xFF,
    0xAD, 0xCF, 0x13, 0xBB, 0x97, 0x32, 0xD1, 0x9D, 0x84, 0x4C, 0x7D, 0x0D, 0x84, 0xE1, 0x5E, 0x2B,
    0x07, 0xEA, 0x3E, 0xE6, 0xA2, 0x2D, 0xD9, 0x1E, 0x92, 0xA1, 0x35, 0xCC, 0xB4, 0x26, 0x84, 0x5D,
    0xD1, 0x52, 0xA9, 0xBF, 0xBE, 0x6E, 0xE3, 0xDB, 0x2F, 0x5C, 0x06, 0x1A, 0x69, 0x3F, 0x40, 0x15,
    0xA1, 0xBB, 0xC6, 0x84, 0x55, 0x55, 0x0A, 0x94, 0x28, 0x69, 0x1D, 0x2E, 0xB3, 0x55, 0xB8, 0x4C,
    0xCE, 0xAB, 0xE3, 0xB8, 0x15, 0x2E, 0xCF, 0x5D, 0x92, 0x25, 0xD7, 0x22, 0x8B, 0xB9, 0x1C, 0x55,
    0xC4, 0x6D, 0x96, 0x86, 0xEA, 0x85, 0xBE, 0x48, 0x07, 0xA5, 0x23, 0xE9, 0x4D, 0x47, 0xFA, 0x35,
    0x54, 0x45, 0xE2, 0xAF, 0x1C, 0x52, 0x88, 0xB8, 0xC5, 0x62, 0x80, 0xDA, 0x8E, 0x34, 0x1D, 0x48,
    0xCD, 0x44, 0x1A, 0x39, 0xD2, 0x90, 0xBA, 0xDA, 0x8A, 0xA7, 0xA5, 0x63, 0xCE, 0x63, 0xB9, 0x82,
    0x10, 0x05, 0x69, 0x0C, 0x86, 0x16, 0x8A, 0xDA, 0x8C, 0xA2, 0x21, 0xA3, 0x69, 0x8E, 0x6A, 0x29,
    0x1C, 0xBD, 0xAA, 0x7E, 0xEC, 0x73, 0x0C, 0x36, 0x5A, 0xA8, 0x83, 0xB4, 0x9C, 0x05, 0xFD, 0x60,
    0xCD, 0x1D, 0x9D, 0x52, 0xFD, 0x32, 0x50, 0x3C, 0xF2, 0x3E, 0xD8, 0x31, 0x1C, 0x2C, 0xFA, 0x84,
    0x87, 0x0D, 0x71, 0x4B, 0xA9, 0x23, 0xA6, 0xCC, 0x6E, 0xA3, 0x07, 0xEE, 0xE6, 0x34, 0x39, 0x7D,
    0x6A, 0xA4, 0xBF, 0xA5, 0xA7, 0x46, 0x96, 0x0E, 0x57, 0x8D, 0xF4, 0xB1, 0x11, 0xEF, 0x6D, 0x67,
    0x77, 0xBB, 0x02, 0xB4, 0x3B, 0xE2, 0x41, 0xFC, 0x9A, 0x5D, 0xDB, 0xCD, 0xF8, 0x9A, 0xD2, 0x5E,
    0x33, 0x7B, 0x34, 0xB8, 0x3D, 0xE5, 0x43, 0xBC, 0x97, 0x5E, 0xAD, 0x9B, 0x60, 0xF4, 0xFF, 0xC9,
    0x67, 0xAA, 0xEB, 0xF2, 0x8A, 0x7A, 0xDD, 0x8D, 0x23, 0xC2, 0x6D, 0xD4, 0x6D, 0x28, 0xA8, 0xDB,
    0x53, 0x4E, 0xA8, 0xA5, 0x67, 0x4A, 0xBD, 0xBB, 0x6C, 0xD6, 0x88, 0xE9, 0x68, 0xE8, 0x80, 0x47,
    0xCA, 0x9A, 0xED, 0x7C, 0x44, 0x9B, 0x2A, 0x3F, 0xD3, 0x2D, 0xAA, 0xF7, 0x49, 0x1F, 0x96, 0xDF,
    0x1D, 0x31, 0x6E, 0x8D, 0x9C, 0xB6, 0x95, 0x4B, 0xBE, 0x1E, 0xB0, 0xF8, 0xF0, 0x1B, 0x70, 0x20,
    0xA1, 0x6B, 0xCD, 0xCD, 0xC1, 0xBE, 0xE7, 0x12, 0x79, 0x65, 0x83, 0x3B, 0x6D, 0x65, 0x1F, 0xD7,
    0xF4, 0x0F, 0xFB, 0x85, 0x8F, 0x2F, 0x68, 0x06, 0xE4, 0x11, 0xAA, 0x85, 0x02, 0x2C, 0x20, 0x23,
    0x23, 0xEA, 0x71, 0x15, 0x32, 0xF4, 0x12, 0xB7, 0xFA, 0x60, 0x70, 0x95, 0xED, 0xA2, 0xD6, 0xD5,
    0xB6, 0x33, 0x15, 0xA9, 0x05, 0xAF, 0x16, 0x89, 0x23, 0xEE, 0x4E, 0x3D, 0x68, 0xC2, 0x3D, 0x42,
    0xA4, 0x6B, 0x70, 0x53, 0x99, 0xA1, 0xA3, 0xC6, 0xA7, 0x88, 0xD9, 0xE7, 0x75, 0x2C, 0x6A, 0xAC,
    0xD2, 0x48, 0x3E, 0x20, 0x92, 0x3B, 0x21, 0x27, 0xD4, 0x60, 0x8A, 0x5B, 0x86, 0x15, 0xFE, 0x50,
    0x42, 0x77, 0x6E, 0xB7, 0x78, 0x78, 0x37, 0xE3, 0x26, 0x2C, 0x3C, 0x10, 0x07, 0x2A, 0xC0, 0x9B,
    0xC7, 0x69, 0x41, 0xFF, 0x3F, 0x51, 0xB0, 0xB7, 0xE0, 0x5E, 0x0E, 0xB1, 0x28, 0xB9, 0xA5, 0xAF,
    0xBE, 0x41, 0xB3, 0xF1, 0x52, 0x4D, 0xFC, 0xB6, 0xD6, 0xAF, 0x7D, 0xF6, 0xFA, 0x33, 0xA5, 0xC3,
    0x2D, 0x76, 0xEF, 0x9E, 0xD6, 0x1D, 0x0D, 0x6E, 0xE3, 0xEC, 0x8E, 0xE4, 0x6E, 0x31, 0x27, 0x77,
    0x6E, 0x9D, 0xDC, 0x09, 0x93, 0xBB, 0x23, 0x22, 0x5B, 0x1F, 0x11, 0xB8, 0x6B, 0xF2, 0x83, 0x09,
    0xD4, 0x11, 0xE1, 0xD6, 0xEF, 0xA3, 0x5F, 0xF1, 0x2A, 0x2B, 0x2B, 0x40, 0x39, 0xC7, 0x85, 0x57,
    0xC5, 0x6F, 0x70, 0x2B, 0xE0, 0x39, 0xB1, 0x8B, 0x84, 0xA1, 0xE5, 0xDE, 0x90, 0x6B, 0x13, 0x66,
    0x07, 0xDC, 0xC3, 0x81, 0x9A, 0x53, 0xEB, 0x11, 0x79, 0xB9, 0xFB, 0xD3, 0x18, 0x9D, 0xAF, 0xEE,
    0xFD, 0xF2, 0x1C, 0x00, 0xE6, 0x3D, 0xAA, 0xDF, 0xD6, 0x24, 0xCB, 0xA7, 0x63, 0xEA, 0x55, 0xFC,
    0xCE, 0xE5, 0xF7, 0xD1, 0x40, 0xDB, 0x24, 0x3E, 0xE2, 0x93, 0x6E, 0x6F, 0x6F, 0xF1, 0x2C, 0xA5,
    0x27, 0xE9, 0x64, 0x8D, 0x04, 0x75, 0x7B, 0xBD, 0x21, 0x21, 0xBC, 0x7A, 0xC9, 0x11, 0x4A, 0x3A,
    0x02, 0x43, 0x70, 0x07, 0x8C, 0xD9, 0xAC, 0xBE, 0xF1, 0x1A, 0x05, 0xA1, 0xE0, 0x93, 0x49, 0x5B,
    0xEC, 0x2E, 0xCD, 0x1D, 0x70, 0xBB, 0x66, 0xD5, 0xB3, 0xBA, 0x9D, 0xF3, 0x9F, 0xFB, 0x6E, 0x99,
    0xF7, 0x7D, 0xC3, 0x7C, 0x06, 0xE0, 0x84, 0xB9, 0x1E, 0xA3, 0x3F, 0xCF, 0x66, 0xD4, 0x83, 0x19,
    0xF5, 0x66, 0x29, 0x81, 0x0A, 0x65, 0x04, 0x54, 0x80, 0x09, 0xFE, 0xDC, 0x31, 0x82, 0x86, 0x2E,
    0xD4, 0xC3, 0x03, 0x0A, 0x93, 0xB4, 0x53, 0xAA, 0x3E, 0xC4, 0xD1, 0x77, 0x61, 0x42, 0x35, 0xEF,
    0x95, 0x4D, 0xE8, 0x9E, 0x91, 0x14, 0xD4, 0x66, 0x49, 0x1D, 0x01, 0xBC, 0x73, 0xBF, 0x0D, 0xC0,
    0x27, 0x23, 0xA5, 0xD4, 0x1E, 0x5A, 0x66, 0x1A, 0x8D, 0x17, 0xAD, 0xDF, 0xC1, 0x53, 0x43, 0x75,
    0x73, 0x0A, 0x12, 0xCE, 0xBB, 0x97, 0xC7, 0x28, 0xDD, 0x5E, 0x52, 0x80, 0x9B, 0x1C, 0xAC, 0xBA,
    0x0C, 0x70, 0x18, 0xE5, 0x24, 0x53, 0x14, 0x02, 0x56, 0x8C, 0x69, 0x27, 0x28, 0x58, 0x5D, 0x56,
    0xA0, 0x28, 0x78, 0xFF, 0xDD, 0x7D, 0x5E, 0xBA, 0x72, 0x4A, 0xA7, 0x64, 0x0C, 0x76, 0x82, 0x1D,
    0x6F, 0x3E, 0xBD, 0x1F, 0x84, 0xC9, 0x55, 0xD2, 0x2A, 0x8C, 0x96, 0x97, 0xE5, 0xF0, 0xC6, 0x38,
    0x36, 0x6F, 0xB2, 0xC1, 0x1F, 0x06, 0xD0, 0x83, 0xF0, 0x26, 0x14, 0xBD, 0xBE, 0x02, 0xEF, 0x9E,
    0x1C, 0xEA, 0x3C, 0x78, 0xEC, 0x63, 0xF4, 0xDC, 0x6B, 0x92, 0x1F, 0xAB, 0x4F, 0xDB, 0x3A, 0xB4,
    0xFE, 0x03, 0x60, 0x8D, 0xA4, 0x29, 0x33, 0xDA, 0x33, 0x4B, 0xD2, 0xB8, 0x2C, 0xC8, 0x1E, 0x39,
    0x5C, 0x19, 0x51, 0x36, 0xDF, 0x0E, 0xBA, 0x8D, 0xA1, 0xE5, 0x46, 0xBF, 0xB2, 0x98, 0xC3, 0x1A,
    0x23, 0xD8, 0xE2, 0xBE, 0x79, 0x3E, 0xB1, 0x1F, 0x3C, 0x81, 0x9E, 0x3A, 0xF8, 0xA6, 0xAC, 0x6C,
    0x4D, 0x87, 0xDE, 0x6A, 0xD3, 0xA3, 0x3F, 0x50, 0x8D, 0xC6, 0x3D, 0xF3, 0x76, 0xD7, 0xA1, 0x57,
    0xDD, 0xE0, 0x64, 0xDE, 0x8F, 0x9E, 0x5B, 0xD9, 0x44, 0xCF, 0xC3, 0xA2, 0x43, 0xEF, 0xB8, 0x5B,
    0x02, 0xB8, 0xD3, 0x8B, 0x3D, 0xC7, 0xD0, 0xBB, 0x23, 0xCB, 0x2D, 0xBF, 0x47, 0x5A, 0x4E, 0x42,
    0x8E, 0x92, 0x3E, 0x69, 0x2C, 0xF7, 0x41, 0x79, 0xBC, 0x58, 0x25, 0x35, 0x0D, 0xFC, 0x60, 0xA1,
    0x89, 0xE5, 0xFD, 0xA2, 0x01, 0xCE, 0xE0, 0x9E, 0x2C, 0x22, 0x2E, 0xCC, 0x32, 0xC1, 0x62, 0x26,
    0x6F, 0xCD, 0x51, 0x09, 0x6A, 0xBF, 0x39, 0xF2, 0x64, 0x8E, 0x4E, 0x54, 0xD6, 0x1E, 0x89, 0x27,
    0x8B, 0xBA, 0x95, 0x92, 0xF9, 0x33, 0x50, 0xDD, 0x42, 0x68, 0x6F, 0xED, 0xDB, 0xAE, 0xC6, 0xEF,
    0xEC, 0x3C, 0xBE, 0xE9, 0xF8, 0x8B, 0x1C, 0x33, 0x93, 0x59, 0x8F, 0xDF, 0xE8, 0xF8, 0xED, 0x3C,
    0x7E, 0xAD, 0xE3, 0x2F, 0x67, 0xAD, 0x51, 0x8C, 0x49, 0x43, 0xC6, 0xB5, 0x98, 0xFB, 0xBF, 0x10,
    0xC3, 0x33, 0x72, 0x78, 0x63, 0x04, 0x73, 0xF2, 0x00, 0x44, 0x24, 0x48, 0xAB, 0x82, 0x09, 0x7E,
    0xA2, 0x4B, 0xB3, 0xA8, 0x8A, 0x8A, 0x43, 0x1B, 0x23, 0x0B, 0x24, 0xEA, 0x6D, 0x65, 0x06, 0xEE,
    0xE5, 0xE4, 0x4D, 0x8C, 0xEF, 0x41, 0x76, 0xEC, 0x30, 0xE5, 0x74, 0x56, 0x41, 0x3A, 0xD6, 0x20,
    0x6D, 0x14, 0x02, 0xBD, 0xB3, 0x02, 0x99, 0x3C, 0x87, 0xA2, 0x8B, 0x0C, 0xBF, 0xFF, 0x13, 0xB1,
    0x0D, 0x3A, 0x6D, 0x09, 0xE4, 0xAD, 0x1E, 0x36, 0x38, 0x7A, 0x3A, 0x04, 0x2D, 0x93, 0xFD, 0x57,
    0xFD, 0x6C, 0x32, 0x88, 0xD2, 0x47, 0xBB, 0x22, 0xDD, 0xAF, 0xF3, 0xB0, 0x7D, 0x47, 0xE6, 0x6C,
    0xD1, 0x28, 0xA4, 0x8B, 0x15, 0x44, 0x7E, 0xDF, 0x27, 0x60, 0x9B, 0x01, 0x9F, 0x00, 0x1D, 0xA5,
    0x15, 0x2C, 0xED, 0x53, 0x97, 0xB1, 0x00, 0x6F, 0xCE, 0xE7, 0xBA, 0xFE, 0xC5, 0x68, 0x16, 0x6A,
    0x42, 0xDC, 0xFA, 0xF5, 0xFB, 0x77, 0x45, 0xB1, 0xAF, 0xD3, 0x42, 0xBC, 0x18, 0x5D, 0x8C, 0x90,
    0xAA, 0xEE, 0x35, 0x4B, 0xFE, 0x06, 0xC6, 0x24, 0x40, 0x95, 0xD2, 0x36, 0xF2, 0x2C, 0x95, 0x1C,
    0xF6, 0x77, 0x3C, 0x1E, 0x16, 0xEE, 0x3B, 0xB0, 0xE2, 0x46, 0xDB, 0xA5, 0x23, 0x56, 0x6F, 0x2A,
    0x11, 0xC7, 0x60, 0xE7, 0xE3, 0x5C, 0x00, 0x63, 0xE3, 0x01, 0xD7, 0xFA, 0x9C, 0xE7, 0x0B, 0x5D,
    0xDA, 0x78, 0xFB, 0x81, 0xAD, 0x3C, 0xBA, 0x12, 0x5D, 0xDA, 0xFC, 0x82, 0x7F, 0x1B, 0xA0, 0x13,
    0x21, 0x9F, 0xFF, 0x50, 0x38, 0xBA, 0x5C, 0x4F, 0x02, 0xEB, 0x8F, 0x14, 0x18, 0x88, 0xF7, 0x5B,
    0xAC, 0xA6, 0x6E, 0xD0, 0x18, 0x04, 0x2B, 0xC0, 0xE5, 0x80, 0x68, 0xE4, 0x9E, 0x48, 0xE5, 0xDC,
    0x05, 0x6A, 0xCA, 0x05, 0x1F, 0x3E, 0x45, 0xDE, 0x95, 0x39, 0x4C, 0xF9, 0xAC, 0xD2, 0xD6, 0x6B,
    0xFC, 0xDB, 0xAD, 0x87, 0xA5, 0xDA, 0x94, 0xB8, 0x1D, 0x91, 0xAB, 0xA4, 0x47, 0x3E, 0x61, 0x1B,
    0x64, 0x02, 0x25, 0xE2, 0xA0, 0x02, 0xFC, 0xBB, 0x92, 0xB2, 0x86, 0x19, 0xE6, 0x2D, 0x22, 0x94,
    0x1D, 0x00, 0xE5, 0xF5, 0x00, 0x67, 0xA1, 0x88, 0x66, 0xB9, 0x33, 0x6F, 0x06, 0xAA, 0x0A, 0xF9,
    0xD1, 0x03, 0x37, 0x1F, 0x7C, 0xF9, 0xEC, 0xDC, 0xC8, 0xFD, 0x1D, 0x9C, 0x02, 0x8F, 0x35, 0x3B,
    0xA5, 0x18, 0xAC, 0x86, 0xEA, 0x92, 0x39, 0x75, 0x52, 0x49, 0x58, 0xAF, 0xA2, 0xF5, 0x7D, 0x1A,
    0xDC, 0x0B, 0xBB, 0xF0, 0x67, 0x6E, 0x21, 0x77, 0xCD, 0xC2, 0x37, 0x34, 0xFD, 0x78, 0xE4, 0xFE,
    0x4E, 0x3A, 0xA0, 0x84, 0x13, 0x00, 0xB0, 0x51, 0x53, 0x3A, 0x6E, 0x10, 0x0F, 0xF0, 0x01, 0xB2,
    0x15, 0xDC, 0xD7, 0x71, 0xB9, 0xD0, 0x84, 0xD7, 0x2B, 0xD7, 0x34, 0x9F, 0xF7, 0x6F, 0x6F, 0x6F,
    0x67, 0x8C, 0x68, 0x2C, 0xBB, 0xBB, 0xBB, 0xDE, 0x83, 0x9E, 0x9D, 0xF5, 0x50, 0x5D, 0x18, 0x9E,
    0x79, 0x9C, 0x17, 0x5F, 0x7C, 0x98, 0xC8, 0x6D, 0x3F, 0x0B, 0x08, 0x1C, 0xA3, 0x09, 0xD6, 0x67,
    0x7A, 0xA8, 0x7D, 0xDA, 0x19, 0x46, 0x76, 0x4B, 0xF2, 0x2E, 0xC8, 0x3F, 0xE1, 0x08, 0xED, 0x77,
    0x0D, 0x08, 0x82, 0x6D, 0x05, 0xFF, 0x43, 0x8D, 0xE7, 0x9F, 0x74, 0x5C, 0x34, 0x11, 0x22, 0xF6,
    0x92, 0x94, 0x10, 0xF8, 0xC9, 0xE0, 0xE2, 0x6A, 0xBA, 0x49, 0xB6, 0x4A, 0x54, 0x34, 0x52, 0x31,
    0x64, 0xCC, 0x87, 0x67, 0xA7, 0x0E, 0x9E, 0xDB, 0xDA, 0x11, 0x4E, 0x28, 0x1F, 0x0D, 0xF3, 0xD4,
    0x25, 0x8C, 0x78, 0x24, 0x7E, 0xBE, 0x07, 0x02, 0xDB, 0x84, 0x78, 0xD4, 0xF9, 0x3A, 0x84, 0x0B,
    0xD7, 0xE7, 0x83, 0x2C, 0xB3, 0x4D, 0xBF, 0x12, 0xBA, 0x4B, 0x39, 0xEF, 0x4F, 0xEB, 0x7F, 0x82,
    0x28, 0x2F, 0xDD, 0xD3, 0x09, 0xEB, 0xFB, 0x3B, 0xF8, 0xA6, 0xF8, 0x03, 0x62, 0xFF, 0x27, 0x25,
    0xA3, 0xD0, 0x79, 0x1F, 0x1C, 0x5C, 0xA1, 0xD9, 0x77, 0xD2, 0xDE, 0xD7, 0xC1, 0x69, 0x79, 0x2E,
    0x22, 0x5C, 0xB9, 0xC0, 0x7D, 0xC9, 0x0B, 0x83, 0xFF, 0x09, 0xD5, 0xDF, 0x7A, 0x40, 0x12, 0x4F,
    0x9A, 0x95, 0x9B, 0x73, 0xF3, 0x49, 0xF9, 0x1D, 0x12, 0x2F, 0xDD, 0xFB, 0xAE, 0x29, 0xDD, 0x55,
    0xFE, 0xE1, 0x28, 0x28, 0x99, 0xE6, 0x9D, 0x85, 0xD6, 0xC9, 0x65, 0x46, 0x29, 0x32, 0xFE, 0x1C,
    0xB3, 0x8C, 0xAB, 0x84, 0x00, 0x57, 0xF9, 0x37, 0xAA, 0x6B, 0xCC, 0x16, 0x29, 0x44, 0xE3, 0x56,
    0xE9, 0x58, 0x38, 0xAE, 0x9C, 0x19, 0xFF, 0x83, 0xF6, 0xB8, 0x9E, 0xF9, 0x33, 0xE1, 0x72, 0x64,
    0xC0, 0x69, 0xAA, 0x39, 0xCE, 0xA7, 0x28, 0xDE, 0xE8, 0x4B, 0xB6, 0xD5, 0xAC, 0x4B, 0x21, 0x54,
    0x7C, 0x27, 0x81, 0xE3, 0x8F, 0x07, 0xFE, 0x45, 0x6B, 0xD4, 0x94, 0xE8, 0x1A, 0xC3, 0xA2, 0xA8,
    0x5C, 0x90, 0x35, 0x0D, 0x92, 0x2B, 0x51, 0x03, 0x6C, 0xD7, 0x3F, 0x49, 0xCA, 0x1A, 0x84, 0x8D,
    0xFF, 0xC4, 0x1D, 0x57, 0x37, 0xCD, 0xE9, 0xD4, 0x70, 0xFC, 0x60, 0xF7, 0x66, 0xD0, 0xFF, 0xAA,
    0x31, 0x21, 0x64, 0xD0, 0x39, 0xCE, 0xE4, 0xCD, 0x7B, 0xE7, 0x92, 0x73, 0x70, 0x6F, 0x12, 0xCD,
    0x7D, 0x40, 0xF2, 0xFC, 0x70, 0xE7, 0x42, 0x3D, 0x58, 0x59, 0xFD, 0x0B, 0xCD, 0x5B, 0x3D, 0x8C,
    0xDD, 0xD6, 0x95, 0xBE, 0x24, 0x47, 0xC3, 0x44, 0x04, 0x96, 0x02, 0x56, 0x4E, 0x22, 0x09, 0x30,
    0x53, 0x6C, 0xE1, 0x78, 0x93, 0x30, 0x45, 0x0A, 0x17, 0xD6, 0x90, 0xDE, 0x2D, 0x5C, 0x6C, 0xB1,
    0x53, 0x78, 0x0C, 0x04, 0x5B, 0xA4, 0xC9, 0x02, 0xB1, 0x53, 0xA8, 0x49, 0xE1, 0xC2, 0x11, 0x69,
    0xA7, 0x74, 0xE1, 0x69, 0x92, 0x36, 0x0A, 0xE0, 0x00, 0xD6, 0xB8, 0xB0, 0x0B, 0x23, 0x50, 0x31,
    0x1E, 0xD2, 0x16, 0x82, 0x14, 0x29, 0xC2, 0xDD, 0x2C, 0xB0, 0x65, 0x98, 0x8D, 0xB2, 0x48, 0xE2,
    0x42, 0x4C, 0x4C, 0xDB, 0x8C, 0x87, 0xE4, 0xCD, 0xF7, 0x9D, 0x7B, 0xC9, 0xF7, 0x3C, 0xD6, 0xCF,
    0x48, 0x7A, 0xA3, 0x99, 0x99, 0xC7, 0xEF, 0xCD, 0x9B, 0x47, 0xF2, 0x9E, 0x73, 0xEE, 0xB9, 0xE7,
    0xEF, 0x1E, 0x2A, 0x25, 0x3F, 0xA1, 0xD6, 0x07, 0xF0, 0x53, 0x3F, 0x8F, 0xE7, 0xC4, 0xA2, 0x21,
    0x6A, 0xA2, 0xA3, 0x5B, 0xA0, 0xA7, 0x7B, 0xE2, 0xFB, 0xC4, 0xE0, 0x7F, 0x47, 0x5E, 0x7B, 0x5D,
    0xEE, 0xF0, 0x32, 0x31, 0x7E, 0x4A, 0xE3, 0xB2, 0x44, 0xE9, 0x52, 0xA9, 0xCB, 0x4A, 0x57, 0x4A,
    0xED, 0xED, 0xE8, 0x1A, 0x37, 0xD0, 0xB8, 0x85, 0x03, 0x6C, 0x95, 0xD7, 0xAA, 0xB8, 0x53, 0x5E,
    0xA3, 0xC2, 0x5E, 0xF9, 0xB5, 0x0A, 0x07, 0x15, 0x35, 0x2A, 0xD2, 0x29, 0x28, 0xC0, 0x49, 0x06,
    0x9D, 0xAD, 0x67, 0x40, 0xD2, 0x38, 0x1F, 0xF3, 0xCF, 0x29, 0xA5, 0x7C, 0xDD, 0xA9, 0x78, 0x5F,
    0xAB, 0x4C, 0xE9, 0x5C, 0xA7, 0x45, 0x59, 0xE0, 0xF8, 0x8A, 0x2A, 0x4A, 0xDC, 0xBE, 0xF4, 0xB5,
    0x2E, 0x93, 0x51, 0x97, 0x45, 0x55, 0x94, 0x40, 0x1C, 0xF8, 0xFD, 0x6F, 0x7D, 0xA3, 0xD0, 0xC5,
    0x18, 0x8F, 0xD1, 0xE0, 0x6C, 0x3B, 0xDB, 0xEA, 0x34, 0x7E, 0x41, 0x2F, 0x7E, 0x81, 0x55, 0x46,
    0x3E, 0xF4, 0x30, 0x73, 0xA6, 0x8A, 0xFA, 0x64, 0xC8, 0x40, 0x59, 0x22, 0xC3, 0x34, 0x56, 0x61,
    0xBD, 0x07, 0xBE, 0x7B, 0x0C, 0x8C, 0xE1, 0x8B, 0x6A, 0x75, 0xB2, 0x38, 0x6E, 0x0E, 0x9D, 0x8E,
    0x03, 0x07, 0x22, 0xF2, 0xA8, 0x24, 0x26, 0x06, 0xFF, 0x4C, 0x8C, 0x45, 0x29, 0xC3, 0xEE, 0xE0,
    0xEC, 0xEB, 0xFB, 0xE5, 0xD8, 0xC3, 0x40, 0x11, 0x48, 0xE7, 0xA4, 0xF3, 0xDE, 0xFA, 0x75, 0x1C,
    0xE0, 0x31, 0x99, 0xE6, 0x9C, 0xD2, 0xF0, 0x49, 0x58, 0xD4, 0x58, 0xB1, 0xB8, 0x3A, 0x85, 0x20,
    0x6E, 0x4C, 0x24, 0xAC, 0xEB, 0x1F, 0x96, 0x2A, 0xD3, 0xFB, 0xA5, 0x0B, 0x36, 0xAB, 0x40, 0xA7,
    0x59, 0x0D, 0x0E, 0xC3, 0x3A, 0x69, 0x71, 0x5D, 0xD2, 0x80, 0xE3, 0xAC, 0x56, 0xCE, 0x15, 0x51,
    0x22, 0x0A, 0x66, 0x19, 0xEA, 0x49, 0xD2, 0x19, 0x21, 0x21, 0x5B, 0xF1, 0xA0, 0x9C, 0x3A, 0xD4,
    0x79, 0xD0, 0xF8, 0xBC, 0x1F, 0x65, 0x97, 0x82, 0x3F, 0x7E, 0xF5, 0xDC, 0x34, 0xE4, 0x0F, 0x0C,
    0xB1, 0x1E, 0x66, 0x21, 0xE8, 0xA8, 0xB2, 0x4A, 0x7D, 0xDD, 0x7E, 0xE5, 0x80, 0xB6, 0x62, 0x54,
    0x64, 0x3C, 0xEA, 0xA2, 0x3A, 0xA9, 0xA3, 0x26, 0x2B, 0xE3, 0x06, 0x9F, 0x2A, 0xCE, 0xCD, 0xF2,
    0xC1, 0x81, 0xB3, 0xCE, 0xAD, 0x13, 0x08, 0x1E, 0xAB, 0x1D, 0xF4, 0xE3, 0x7E, 0x5F, 0xD8, 0xC4,
    0x4D, 0x9E, 0x50, 0x56, 0x1A, 0x1E, 0xCF, 0x0B, 0x49, 0x66, 0xF2, 0x4B, 0x28, 0xC1, 0x45, 0xB5,
    0xAB, 0xD4, 0x99, 0x87, 0xCF, 0xB4, 0xC3, 0x39, 0x27, 0x11, 0xB8, 0xA0, 0xE8, 0x95, 0x33, 0x6A,
    0x68, 0x53, 0x9C, 0xFA, 0xA5, 0x9F, 0xAF, 0x8E, 0x69, 0xB9, 0x91, 0x61, 0x3A, 0x9F, 0x01, 0x37,
    0x56, 0xEF, 0x1C, 0xCF, 0x4C, 0x9F, 0xC2, 0xD8, 0x71, 0x63, 0xCE, 0x95, 0x03, 0x7F, 0xAF, 0xE7,
    0x6A, 0xB5, 0x0C, 0x3F, 0xA1, 0x9E, 0xC4, 0xD7, 0xFF, 0x02, 0x85, 0x8F, 0xB8, 0xFA, 0x02, 0x5E,
    0x21, 0xFA, 0xAD, 0x86, 0x63, 0xE1, 0x9A, 0x33, 0xED, 0x97, 0x41, 0xE9, 0xB5, 0x49, 0xEA, 0x8C,
    0xA3, 0x4C, 0xB7, 0x70, 0x1E, 0x56, 0x2B, 0xE6, 0x5C, 0xBD, 0xAD, 0x5E, 0x20, 0x75, 0x1E, 0x47,
    0x4E, 0x6E, 0xD6, 0xE2, 0xF2, 0x4A, 0x99, 0x7E, 0xF9, 0xBA, 0x9F, 0x4D, 0xFE, 0xF3, 0x3B, 0x3F,
    0xE3, 0x89, 0x9A, 0x2E, 0x21, 0x03, 0xB9, 0xA5, 0x0A, 0xC6, 0x75, 0x48, 0x2B, 0x18, 0x55, 0xD2,
    0x13, 0xC3, 0x91, 0xE8, 0x6B, 0xA2, 0x67, 0x31, 0xBD, 0x23, 0x2E, 0xCE, 0x0F, 0x06, 0x62, 0x24,
    0xF7, 0x81, 0x90, 0x42, 0xFD, 0x26, 0xEE, 0x8F, 0xB1, 0x46, 0x19, 0x71, 0x5B, 0x08, 0x38, 0x2B,
    0x06, 0x79, 0x48, 0xC8, 0xFA, 0x90, 0x81, 0xC6, 0x60, 0xA0, 0x4D, 0xF4, 0x87, 0x48, 0x30, 0xCC,
    0x89, 0x31, 0x34, 0xE6, 0xE9, 0xE1, 0x22, 0x8D, 0xED, 0xF0, 0x4D, 0x4C, 0x24, 0xA9, 0x8D, 0xC7,
    0x62, 0xA0, 0xF8, 0xFC, 0x81, 0x3E, 0x82, 0x08, 0x93, 0x78, 0x27, 0xAC, 0x02, 0x9E, 0xD9, 0x84,
    0xBC, 0x6A, 0x84, 0x98, 0xA1, 0x15, 0xFB, 0x98, 0x49, 0x5F, 0xFF, 0x9E, 0x53, 0x79, 0x4E, 0x81,
    0x82, 0xF3, 0x3B, 0x57, 0xA9, 0x98, 0x32, 0x6D, 0x91, 0x98, 0x77, 0x57, 0xBF, 0x84, 0x59, 0x72,
    0x75, 0x1E, 0x6A, 0x22, 0x56, 0x0E, 0xD0, 0xA1, 0xBC, 0x73, 0x65, 0xB1, 0x82, 0xDC, 0x72, 0x5D,
    0x15, 0x4B, 0x68, 0xFE, 0x3F, 0x9F, 0x63, 0xCE, 0x87, 0xEA, 0x01, 0x7D, 0xB9, 0x4F, 0x44, 0xE7,
    0xF6, 0x3E, 0xEE, 0xCF, 0xB1, 0x72, 0xE2, 0x8D, 0x59, 0x1A, 0x64, 0xCB, 0x00, 0x09, 0x3E, 0xF5,
    0x1F, 0xE3, 0x26, 0xE3, 0x15, 0x8A, 0x0F, 0x74, 0x42, 0x0C, 0x22, 0x05, 0x23, 0x04, 0x91, 0x81,
    0x88, 0x40, 0x24, 0x20, 0x8C, 0xDE, 0x12, 0xC8, 0xBB, 0xB0, 0x2E, 0x9C, 0x0B, 0xE3, 0x86, 0x6F,
    0x61, 0x5B, 0x7E, 0xB4, 0x71, 0x69, 0x13, 0x2C, 0x69, 0xC8, 0xCE, 0x55, 0x4E, 0x97, 0x16, 0xFD,
    0xE0, 0x54, 0x16, 0x84, 0x98, 0x93, 0x1D, 0xE6, 0x80, 0x35, 0x7C, 0xF4, 0x4A, 0x0B, 0xFA, 0x4D,
    0x82, 0x9E, 0x60, 0xF4, 0xA7, 0x2F, 0xE8, 0x54, 0xA9, 0x12, 0x25, 0x2F, 0x23, 0xC4, 0x65, 0x38,
    0x6E, 0xC1, 0xA3, 0x51, 0x00, 0x02, 0xCE, 0xD6, 0x16, 0x84, 0xA2, 0xD3, 0xE9, 0x98, 0x29, 0x58,
    0x5E, 0x16, 0x6D, 0x62, 0x97, 0x45, 0xD8, 0xF2, 0x13, 0x9D, 0x2F, 0xE7, 0x69, 0x5E, 0x16, 0xB5,
    0x2C, 0x8B, 0xC6, 0x2E, 0x8B, 0x4A, 0x96, 0xC5, 0xFA, 0xA6, 0x72, 0x2A, 0x75, 0x45, 0xB9, 0x8D,
    0x83, 0x55, 0xD3, 0x05, 0xC2, 0x22, 0x4E, 0x4E, 0x38, 0x46, 0x34, 0x3C, 0x6C, 0x3E, 0x39, 0x98,
    0x9F, 0x7B, 0xB9, 0x57, 0x06, 0x39, 0x2D, 0xBD, 0xCB, 0x60, 0x94, 0x6E, 0x39, 0x6E, 0x56, 0xC6,
    0xAF, 0xF9, 0x09, 0xB8, 0xCE, 0xC3, 0x71, 0x06, 0x7E, 0x74, 0x6F, 0x3C, 0x74, 0x7E, 0x0F, 0x6B,
    0xEC, 0xEF, 0x93, 0xD7, 0x87, 0x39, 0x71, 0x7B, 0xB4, 0xA1, 0xAD, 0xF5, 0xD8, 0x26, 0x84, 0x8B,
    0xF7, 0xF9, 0x17, 0x55, 0x29, 0x18, 0x56, 0xA1, 0xB0, 0x50, 0x86, 0x75, 0x4C, 0x94, 0xD7, 0x98,
    0x41, 0x22, 0xF8, 0x86, 0x68, 0x9F, 0xF6, 0x3B, 0x57, 0xFE, 0xB0, 0x58, 0x96, 0x4E, 0xAD, 0xE0,
    0x99, 0x86, 0x80, 0x51, 0x03, 0x6F, 0x24, 0xC1, 0xA3, 0xCC, 0xB0, 0xD7, 0x3C, 0xF4, 0x95, 0x7B,
    0x2F, 0x8E, 0xED, 0xBE, 0x35, 0xFA, 0x6B, 0xC6, 0x4C, 0xD1, 0x2E, 0xB8, 0xE2, 0xCC, 0x02, 0x89,
    0xA9, 0xA3, 0xDF, 0x90, 0xE9, 0x0D, 0xF5, 0xA2, 0x7C, 0xBD, 0x26, 0xDF, 0xBE, 0x5C, 0x71, 0x75,
    0xEF, 0xD7, 0x12, 0x9D, 0xD7, 0x18, 0x37, 0x4D, 0x24, 0x34, 0x87, 0xB4, 0xE2, 0x96, 0x02, 0xC2,
    0x47, 0xA7, 0x55, 0xF0, 0xED, 0x30, 0x0B, 0x26, 0x03, 0x12, 0x9F, 0x3E, 0xA3, 0x43, 0x33, 0x5E,
    0x13, 0xF1, 0x2D, 0x2E, 0xA4, 0xF7, 0xEA, 0x14, 0xA2, 0x02, 0x62, 0x4F, 0x0C, 0x75, 0x8A, 0x88,
    0x9F, 0x6E, 0xBE, 0x93, 0x51, 0x3A, 0x4E, 0x41, 0x0D, 0x74, 0xFE, 0x53, 0xD9, 0xA8, 0xCE, 0x28,
    0x49, 0x4C, 0x75, 0xC9, 0x48, 0xE3, 0xC8, 0xB0, 0xB6, 0x8D, 0x73, 0xE5, 0x95, 0xFE, 0xBF, 0x91,
    0x01, 0x52, 0x91, 0xC2, 0x93, 0x6B, 0xFD, 0x31, 0x62, 0x0F, 0x10, 0x1A, 0x75, 0x38, 0x3B, 0x69,
    0x30, 0xE0, 0x01, 0x88, 0x7A, 0x7C, 0x21, 0xA7, 0x88, 0x65, 0x0C, 0x7F, 0xB1, 0x39, 0x69, 0x1F,
    0x3D, 0x47, 0xC8, 0xE9, 0xF5, 0x38, 0x13, 0xD1, 0x27, 0x6F, 0x20, 0x29, 0x28, 0x15, 0xF3, 0x01,
    0xA4, 0x0C, 0x45, 0x05, 0xA7, 0x9C, 0x68, 0x38, 0x89, 0x88, 0x59, 0x8A, 0xF3, 0xE6, 0x9F, 0x70,
    0xC9, 0x63, 0xEA, 0x4B, 0xC0, 0x27, 0x19, 0x1C, 0xA9, 0xE4, 0xA9, 0x5E, 0xB4, 0xB7, 0x93, 0x08,
    0xA1, 0x11, 0xE1, 0xE5, 0xB3, 0x8E, 0x9D, 0x04, 0x41, 0xF2, 0xC7, 0x2B, 0xA1, 0x87, 0x5E, 0x0D,
    0x8D, 0x74, 0x3B, 0x72, 0x2D, 0xCE, 0x81, 0x1E, 0x5C, 0x45, 0x6D, 0x70, 0x7C, 0x82, 0x9C, 0x1C,
    0xE7, 0x42, 0x23, 0x25, 0xA5, 0x00, 0x17, 0x22, 0xC2, 0xCB, 0xEA, 0x44, 0x09, 0x92, 0x6B, 0x10,
    0xF2, 0xA2, 0xB4, 0xFA, 0x09, 0x22, 0xCE, 0xBB, 0xBB, 0x7D, 0x8C, 0x32, 0x3C, 0x11, 0x2A, 0x76,
    0x56, 0x4D, 0x39, 0xE1, 0x34, 0x77, 0x06, 0x63, 0x89, 0x41, 0x12, 0xF9, 0x76, 0x57, 0xF0, 0x2D,
    0x41, 0x5A, 0x23, 0x97, 0x8B, 0x45, 0x04, 0xC7, 0x10, 0x55, 0x85, 0xFC, 0x18, 0x8A, 0x67, 0x68,
    0xF8, 0xDF, 0xF4, 0x98, 0x54, 0x32, 0x30, 0x24, 0x57, 0x73, 0x99, 0xC3, 0x95, 0xD2, 0x86, 0xDF,
    0x89, 0x7B, 0xC8, 0xA3, 0x94, 0xA6, 0xC9, 0xA1, 0x6F, 0xD8, 0x7E, 0x7C, 0xE7, 0x4A, 0xA1, 0x91,
    0x40, 0x34, 0x99, 0xAE, 0x80, 0x4B, 0xF1, 0xFD, 0xED, 0x51, 0x8B, 0x23, 0x59, 0xC6, 0x43, 0x5C,
    0x15, 0xF2, 0xE4, 0xD4, 0x8C, 0x65, 0x50, 0x5D, 0x93, 0x55, 0x21, 0x95, 0x2E, 0x5F, 0xD6, 0x4F,
    0x24, 0x2B, 0x27, 0x79, 0x85, 0x24, 0xEF, 0x4A, 0x99, 0xE4, 0x8C, 0x73, 0x46, 0x19, 0xB7, 0x37,
    0xE1, 0xFA, 0xF2, 0xDC, 0x7C, 0x1A, 0x9F, 0x21, 0xBE, 0xC2, 0x4F, 0xBA, 0x98, 0x4B, 0x33, 0x48,
    0xD1, 0xA0, 0x05, 0x90, 0x57, 0x2C, 0x48, 0xDD, 0x87, 0x14, 0xEF, 0x86, 0x08, 0xD6, 0x63, 0xAA,
    0x0C, 0xBC, 0x52, 0x6A, 0xF0, 0xFC, 0xCE, 0x95, 0xD3, 0x3B, 0xAF, 0x81, 0xEC, 0x58, 0xF7, 0xB1,
    0x6E, 0x22, 0xDD, 0x7A, 0x36, 0x19, 0xA0, 0xBA, 0x24, 0x94, 0x43, 0x9F, 0x09, 0x7E, 0x51, 0xFF,
    0xE8, 0x59, 0xFD, 0x3F, 0xE6, 0xFF, 0xD3, 0x39, 0x9C, 0xBA, 0x09, 0xB7, 0x9E, 0x9D, 0xAE, 0xBA,
    0x1D, 0xFA, 0xFC, 0xA3, 0x94, 0xB1, 0x3A, 0x33, 0xA2, 0xB8, 0xB4, 0x64, 0x9C, 0x40, 0xDC, 0xF1,
    0x17, 0xF5, 0x33, 0xE4, 0x51, 0xF2, 0xA8, 0x81, 0xB5, 0x12, 0x67, 0x13, 0x10, 0x43, 0xDA, 0xA3,
    0x1D, 0xAD, 0xF4, 0x98, 0x87, 0xE0, 0x9E, 0x54, 0x13, 0x95, 0x55, 0xDE, 0x78, 0x27, 0x40, 0x52,
    0x52, 0x60, 0x5E, 0x7E, 0xA3, 0x07, 0x81, 0xA0, 0x5E, 0x8B, 0xF4, 0x5E, 0xA2, 0xFB, 0x1F, 0x14,
    0xAD, 0x5A, 0xA7, 0x2E, 0x9D, 0xDF, 0x79, 0x0D, 0xA4, 0xC0, 0x4F, 0x48, 0x1E, 0x73, 0xD8, 0x17,
    0x38, 0x11, 0x91, 0x49, 0x59, 0xAD, 0xFB, 0x7C, 0xA8, 0x47, 0xDC, 0xF3, 0xAB, 0x90, 0xAE, 0xB3,
    0x6D, 0x0D, 0xBB, 0x6E, 0xF0, 0x72, 0xB5, 0x2C, 0xF2, 0xDB, 0xBD, 0x32, 0x9C, 0xA3, 0x3D, 0xA9,
    0xD8, 0x4A, 0x2D, 0xAD, 0xB1, 0xD5, 0x42, 0x51, 0xE2, 0x82, 0xEA, 0x5B, 0x07, 0x92, 0xA4, 0x1E,
    0xF2, 0x05, 0x75, 0x2C, 0xA8, 0x88, 0xCD, 0x23, 0x5B, 0x9B, 0x19, 0x2F, 0x6F, 0x92, 0xE9, 0x86,
    0x26, 0x4F, 0xC6, 0x8B, 0xB5, 0x82, 0xDB, 0xBF, 0x1C, 0x9E, 0xD3, 0xE3, 0x05, 0x57, 0x0A, 0x3F,
    0x0A, 0x27, 0x8A, 0xD9, 0x0A, 0xC9, 0x48, 0xBE, 0x12, 0x59, 0xBD, 0xA5, 0xBE, 0xBF, 0xAB, 0xDA,
    0xEC, 0x69, 0x10, 0x56, 0x63, 0x61, 0x78, 0xE3, 0xFD, 0xD0, 0xF6, 0x80, 0xC2, 0x81, 0xC1, 0x63,
    0x39, 0xB3, 0x42, 0xB4, 0xC7, 0x10, 0x17, 0x01, 0xAE, 0x0D, 0x6F, 0x37, 0x19, 0x86, 0x86, 0xB2,
    0xAA, 0xF1, 0x87, 0xF3, 0x9A, 0xA5, 0x2D, 0xD1, 0x7C, 0xC5, 0xB4, 0x55, 0xB7, 0x7D, 0xF9, 0x3C,
    0x47, 0xA4, 0x6D, 0x6E, 0x5E, 0xF3, 0xFE, 0xD1, 0x3E, 0x96, 0x59, 0x3E, 0x87, 0xB6, 0xDE, 0x74,
    0x73, 0x10, 0x63, 0xCA, 0xA5, 0x0F, 0xCA, 0xC8, 0x3D, 0xD2, 0x86, 0xE1, 0x30, 0x85, 0xAF, 0xF3,
    0xCA, 0x84, 0xEB, 0xBA, 0xC6, 0x85, 0xBD, 0xAC, 0x3A, 0x5D, 0xAE, 0xEC, 0x6D, 0xC3, 0xBC, 0x61,
    0x8D, 0xE2, 0x0D, 0xCB, 0x5E, 0xE7, 0x7C, 0x73, 0x68, 0x71, 0x94, 0x7E, 0x5A, 0x48, 0xCF, 0xA0,
    0x0A, 0x05, 0xAD, 0x8D, 0xD1, 0xCD, 0xE7, 0x44, 0xF4, 0xEB, 0x29, 0x04, 0x95, 0xD4, 0x64, 0xAE,
    0x11, 0xE0, 0xC7, 0x06, 0x93, 0x70, 0x7A, 0x91, 0x2E, 0x83, 0x6C, 0x97, 0x9C, 0x78, 0x34, 0x1F,
    0x4E, 0x81, 0xD5, 0x83, 0x53, 0x00, 0xF1, 0x61, 0xC0, 0x27, 0xD0, 0xF0, 0x18, 0x30, 0x71, 0x81,
    0xAD, 0x18, 0x4B, 0xAD, 0x9A, 0x2A, 0x2E, 0x86, 0xDB, 0xED, 0xA6, 0x0A, 0xB2, 0xF8, 0x1C, 0x71,
    0x39, 0xBA, 0xB1, 0x0E, 0x27, 0x68, 0x35, 0xDD, 0x4D, 0x6C, 0x43, 0xE1, 0xF5, 0x9D, 0x1D, 0xBB,
    0xE9, 0x12, 0xC8, 0x3A, 0xCE, 0x16, 0x37, 0x3E, 0x3C, 0x84, 0x39, 0xED, 0x41, 0x4D, 0x8B, 0x80,
    0x0C, 0x42, 0x65, 0x65, 0x51, 0xA9, 0xE4, 0xBF, 0xA0, 0xF4, 0x2C, 0x90, 0x4B, 0xA5, 0x5C, 0xA9,
    0x73, 0x24, 0xE5, 0x8C, 0x72, 0x7A, 0xE3, 0x77, 0xF2, 0xF8, 0x66, 0x95, 0x79, 0xCD, 0x35, 0xF5,
    0xF6, 0xB4, 0x80, 0x72, 0x56, 0xE7, 0x58, 0x97, 0xB9, 0xEB, 0x2B, 0x75, 0x68, 0x90, 0x59, 0x87,
    0xF6, 0x7B, 0xBA, 0xF7, 0xB0, 0x64, 0x41, 0x5E, 0xFC, 0xA6, 0xD1, 0x2C, 0x64, 0x55, 0x75, 0x21,
    0x7A, 0x1A, 0x4A, 0xBD, 0x0C, 0x81, 0xBD, 0xA4, 0x58, 0x40, 0x97, 0x22, 0x18, 0x99, 0x9B, 0x05,
    0x63, 0xCC, 0x9A, 0xD6, 0x58, 0x94, 0xC2, 0x7B, 0x25, 0x28, 0xC5, 0x48, 0xD2, 0x1B, 0x68, 0x96,
    0x1F, 0x82, 0x31, 0xA4, 0x64, 0x46, 0x96, 0x65, 0x71, 0xAD, 0x64, 0x5F, 0x4A, 0x0A, 0x3E, 0x2A,
    0x1B, 0xE0, 0x37, 0x31, 0x8D, 0x18, 0xA8, 0x09, 0x4C, 0xC0, 0xF3, 0xDC, 0x1C, 0xB0, 0x14, 0x32,
    0xE7, 0xE2, 0x38, 0x2D, 0x46, 0x26, 0x6C, 0x99, 0xEB, 0xE8, 0x4A, 0x7D, 0x73, 0x4A, 0x8A, 0x8C,
    0x07, 0xA1, 0xF0, 0x2F, 0xE8, 0xA9, 0x10, 0xF8, 0x19, 0xF0, 0xE8, 0xDA, 0x04, 0x94, 0xDE, 0xF6,
    0xB4, 0x33, 0xE0, 0x7F, 0x7E, 0x03, 0x40, 0x3C, 0xE2, 0x69, 0x8C, 0xE7, 0x31, 0x37, 0xF4, 0x74,
    0xC6, 0xFF, 0x21, 0x95, 0xF7, 0x74, 0x48, 0x0F, 0x0F, 0x17, 0xEE, 0x43, 0xE7, 0xFE, 0x98, 0xE8,
    0x8A, 0x26, 0xBE, 0x92, 0xD8, 0x92, 0xF1, 0xE6, 0xA6, 0x59, 0xD0, 0xA6, 0x9A, 0x6F, 0x8B, 0x8F,
    0x7B, 0x53, 0x34, 0xE5, 0x32, 0x5A, 0x72, 0xCA, 0x59, 0x69, 0x31, 0x2E, 0xA1, 0x8B, 0xCD, 0xE0,
    0x4A, 0x06, 0x6F, 0xA7, 0xC1, 0xB3, 0x9C, 0x83, 0x57, 0xD3, 0xE0, 0x71, 0x3F, 0x0D, 0xEE, 0xCD,
    0x83, 0xD7, 0x05, 0x06, 0xAF, 0x63, 0x3B, 0xB8, 0x3B, 0x6F, 0xB2, 0xB0, 0xAA, 0xE8, 0x50, 0x40,
    0xBE, 0x54, 0x41, 0xAA, 0x45, 0x65, 0xEB, 0x0A, 0x1D, 0x28, 0x2B, 0xA9, 0x8C, 0x19, 0x82, 0xD9,
    0xBD, 0xDE, 0x2B, 0x48, 0x32, 0x1D, 0x13, 0x12, 0xE6, 0xD6, 0x05, 0x56, 0xF1, 0x1B, 0xDA, 0x64,
    0xDE, 0x02, 0x54, 0x9C, 0x24, 0x55, 0x34, 0xF2, 0x29, 0xC2, 0x51, 0xCC, 0xD2, 0xDA, 0x1A, 0x27,
    0x04, 0xD3, 0x71, 0xE1, 0x8E, 0x46, 0xE9, 0x6E, 0x96, 0xEA, 0x61, 0xD1, 0x3F, 0x27, 0xF1, 0x58,
    0xD8, 0x53, 0x99, 0x41, 0x40, 0x2C, 0xB4, 0x84, 0xC2, 0x3E, 0xC5, 0xEA, 0xA5, 0xA2, 0x6D, 0x0F,
    0xCE, 0x9A, 0x71, 0x34, 0x50, 0x1D, 0x4F, 0x22, 0x48, 0x2A, 0xCD, 0x2E, 0x15, 0x66, 0x56, 0x17,
    0x2E, 0x71, 0x31, 0x44, 0xCF, 0xEF, 0xFC, 0x54, 0xCC, 0xE5, 0x1E, 0x85, 0xF0, 0x22, 0xB9, 0x61,
    0xB9, 0xD9, 0x91, 0x15, 0x59, 0xAE, 0x54, 0x08, 0x6B, 0x5C, 0x44, 0x09, 0xE2, 0xBD, 0xA4, 0xBC,
    0x80, 0x03, 0xEA, 0x67, 0x8F, 0x08, 0x24, 0x6E, 0xE0, 0x78, 0x4C, 0x48, 0x3D, 0xEC, 0x01, 0x5E,
    0xC9, 0xAC, 0x1C, 0x77, 0x9D, 0xC9, 0xB3, 0x62, 0x12, 0x72, 0xB1, 0x0E, 0x16, 0x1C, 0x7E, 0x54,
    0x5F, 0xB9, 0x1F, 0x26, 0x8C, 0x21, 0xB8, 0x70, 0x4B, 0xC2, 0xCE, 0xC9, 0x1A, 0xE7, 0x52, 0xB3,
    0x07, 0xFE, 0x3E, 0x7F, 0x28, 0x26, 0xE0, 0x34, 0x99, 0xB3, 0xF4, 0xB6, 0x9E, 0x20, 0xC1, 0xD0,
    0xA7, 0x20, 0x07, 0xBC, 0x82, 0x1C, 0x9E, 0x36, 0xC4, 0x35, 0xCE, 0x40, 0x38, 0xCE, 0xC9, 0x3B,
    0xE0, 0xE7, 0xF6, 0x3C, 0xAF, 0x06, 0x04, 0x84, 0x90, 0x35, 0xF4, 0x18, 0x54, 0xFC, 0x99, 0xD1,
    0x91, 0xB6, 0x40, 0x0D, 0x13, 0x8F, 0x1E, 0x1C, 0x54, 0xA0, 0xC7, 0x60, 0x3E, 0xC4, 0x82, 0x94,
    0x19, 0xCD, 0xB3, 0xFA, 0xC7, 0x5B, 0x28, 0x59, 0x3A, 0x6B, 0xD8, 0x97, 0x67, 0x3D, 0xA2, 0x89,
    0xA7, 0xB5, 0x10, 0xCC, 0x24, 0xC7, 0x5C, 0x94, 0xDA, 0x9E, 0xBF, 0x0A, 0xFF, 0x85, 0x10, 0x24,
    0x0D, 0xE8, 0x94, 0x4B, 0x1F, 0x81, 0x08, 0x26, 0xA9, 0x10, 0xEA, 0x89, 0xBD, 0xE0, 0x40, 0xDC,
    0xD7, 0xC4, 0x0F, 0x90, 0x9C, 0xA9, 0xE0, 0x2F, 0xC8, 0xD3, 0x90, 0xC4, 0xC2, 0x53, 0x00, 0x93,
    0x96, 0x18, 0xF7, 0xC4, 0x70, 0x24, 0xFA, 0x9A, 0xC8, 0xB0, 0x36, 0x60, 0x92, 0x48, 0x84, 0x33,
    0x41, 0x06, 0x99, 0x70, 0xAA, 0x20, 0x42, 0x62, 0xA0, 0xE7, 0x52, 0x92, 0x24, 0x84, 0x95, 0xB5,
    0x66, 0x52, 0x73, 0x10, 0x07, 0xEC, 0x55, 0xCB, 0x65, 0x72, 0x0C, 0xD6, 0x29, 0xFD, 0x11, 0x12,
    0x03, 0x99, 0xED, 0x90, 0xC6, 0x31, 0xEC, 0xA1, 0x29, 0x87, 0x84, 0x52, 0xEB, 0x57, 0x99, 0xF2,
    0xBC, 0xAA, 0xBB, 0xE3, 0xE6, 0x7A, 0xDE, 0x02, 0x9F, 0x58, 0xE6, 0xAE, 0xF7, 0xFC, 0x77, 0x68,
    0x30, 0x5F, 0xE4, 0xE7, 0x4F, 0x1C, 0x81, 0x0C, 0x2C, 0x11, 0xE2, 0xC5, 0xFA, 0xD9, 0x8B, 0x49,
    0x34, 0xFE, 0xCE, 0xB4, 0x8D, 0x26, 0xC6, 0x6F, 0x61, 0x96, 0xD4, 0x3F, 0xA8, 0x60, 0x6E, 0xB4,
    0xF0, 0x25, 0x9A, 0x37, 0x2D, 0x06, 0xB6, 0x8F, 0x21, 0x4E, 0x4F, 0x8A, 0x5A, 0xF1, 0xA7, 0x53,
    0xA0, 0x7E, 0x8F, 0x1D, 0x00, 0xC9, 0x4D, 0xD9, 0x0C, 0x4F, 0xAD, 0x93, 0x74, 0xFA, 0x23, 0x52,
    0xAB, 0xF3, 0xC2, 0x7F, 0x56, 0x2D, 0x5A, 0x4F, 0x24, 0x16, 0x54, 0x17, 0xE4, 0x6F, 0xFF, 0xC0,
    0xB4, 0x6E, 0xAA, 0x27, 0x22, 0x09, 0x8E, 0x62, 0x0D, 0x11, 0xC1, 0x62, 0xB1, 0x4A, 0xE2, 0xEA,
    0x2A, 0xE3, 0xC6, 0x1C, 0xC3, 0x41, 0x57, 0xAA, 0x45, 0x87, 0x41, 0x4F, 0xCE, 0x8F, 0xF4, 0x5F,
    0x34, 0xA5, 0xF0, 0x57, 0xAD, 0x67, 0xF9, 0x87, 0x22, 0xFF, 0xC0, 0xC8, 0x5F, 0x1F, 0x52, 0xFE,
    0xC5, 0x92, 0xFC, 0xA3, 0x25, 0xF9, 0x1B, 0xC9, 0xBB, 0xCB, 0xF2, 0x4F, 0x44, 0xFE, 0xB1, 0x48,
    0x3E, 0xA4, 0x08, 0x8D, 0x88, 0x6D, 0x35, 0x5F, 0xF6, 0x68, 0x6C, 0xD3, 0x87, 0x74, 0x61, 0x4C,
    0x2D, 0x21, 0x8B, 0xCA, 0xD4, 0x0A, 0x66, 0x20, 0xD7, 0xFA, 0x25, 0x03, 0xA9, 0x6D, 0x04, 0x70,
    0xF5, 0x14, 0x9B, 0x89, 0xED, 0x33, 0xF5, 0xAB, 0x72, 0x5E, 0x72, 0xA6, 0x1F, 0xA5, 0x3F, 0x80,
    0xCB, 0x3F, 0xAE, 0xEC, 0x12, 0x26, 0xB4, 0xE3, 0xAC, 0xA9, 0x71, 0x23, 0x55, 0x15, 0x2D, 0xC3,
    0x02, 0x44, 0x60, 0xC8, 0x1C, 0xC0, 0x2A, 0x04, 0x0E, 0x55, 0xCB, 0x58, 0xD8, 0xE2, 0x64, 0x33,
    0xAA, 0x64, 0x00, 0x97, 0x7E, 0x0A, 0x97, 0xBE, 0x95, 0xC8, 0x4E, 0xAE, 0x1A, 0xB8, 0x51, 0xC4,
    0x9D, 0xF8, 0x81, 0x45, 0x40, 0x5F, 0xFF, 0xBF, 0x36, 0xF5, 0x41, 0xD9, 0x9D, 0xED, 0xA6, 0x30,
    0x58, 0x6D, 0x6D, 0xA9, 0xD9, 0x9D, 0x08, 0xE4, 0xCB, 0x14, 0x3A, 0x9B, 0xCA, 0x78, 0x16, 0x9F,
    0x21, 0x77, 0xD4, 0x81, 0x2E, 0xA4, 0x4E, 0xB2, 0x57, 0x0A, 0x4A, 0x4A, 0xEF, 0xD6, 0x50, 0x48,
    0x49, 0xA4, 0xC1, 0xBC, 0x24, 0x7D, 0xD4, 0x99, 0x5D, 0x57, 0x57, 0x46, 0x5E, 0x67, 0xD5, 0xE2,
    0xAB, 0xEA, 0x9C, 0x62, 0xB3, 0xC8, 0x45, 0x59, 0xCC, 0x22, 0x3A, 0x53, 0xDF, 0xB0, 0xD5, 0xF3,
    0xF2, 0x44, 0x09, 0xC8, 0x54, 0xCF, 0x5D, 0x04, 0xD0, 0x95, 0x27, 0xD5, 0x73, 0x56, 0xC8, 0x38,
    0xF3, 0xB6, 0x7A, 0x7E, 0xA4, 0xA2, 0x82, 0x25, 0xE4, 0x6D, 0x93, 0xF7, 0x48, 0x4F, 0xF1, 0x2B,
    0xD6, 0x5B, 0x35, 0x4B, 0x71, 0x5E, 0x27, 0xD9, 0x50, 0xD9, 0x4D, 0xCE, 0xED, 0xC4, 0x88, 0x4A,
    0x79, 0x0D, 0xD2, 0x26, 0xBF, 0x85, 0x70, 0xC2, 0xBF, 0x02, 0xE2, 0x5F, 0xE2, 0xFB, 0xCB, 0xCC,
    0x18, 0xAE, 0x3D, 0x7A, 0xA4, 0xA2, 0x5A, 0xD7, 0xF9, 0x0E, 0x73, 0xE4, 0x4C, 0xFF, 0x8D, 0x94,
    0xB1, 0x1B, 0x85, 0x15, 0xC3, 0x40, 0x8C, 0x46, 0x52, 0xB2, 0x4A, 0x8C, 0x55, 0x5F, 0x26, 0x92,
    0x14, 0xCA, 0x3B, 0x06, 0x73, 0x8C, 0x38, 0x9C, 0xDA, 0xB0, 0xEC, 0xD5, 0x46, 0x24, 0x6F, 0xD8,
    0x77, 0xBD, 0xF4, 0x6E, 0xBF, 0x97, 0xF3, 0xDC, 0xDA, 0x0A, 0x47, 0xB2, 0x6A, 0xDC, 0xC7, 0xAB,
    0xA5, 0xE0, 0xA9, 0x82, 0x1A, 0x72, 0x86, 0x9D, 0x0A, 0x2B, 0x0A, 0x49, 0x6F, 0x15, 0x25, 0xC4,
    0x34, 0x4A, 0xC4, 0x15, 0xEB, 0xDF, 0xC9, 0xFB, 0xB4, 0x27, 0x03, 0x93, 0x74, 0x4A, 0xB4, 0xC8,
    0x85, 0x04, 0x91, 0xCB, 0xFE, 0x9A, 0x56, 0x15, 0x71, 0x57, 0xA5, 0x4B, 0x56, 0x27, 0xF2, 0xA4,
    0x14, 0x71, 0x24, 0x95, 0x30, 0x6F, 0xDE, 0xB4, 0xB6, 0x6F, 0xA5, 0xFC, 0x53, 0x29, 0xFB, 0xC6,
    0x0A, 0x25, 0x9B, 0xD4, 0x1A, 0x9A, 0xE0, 0x32, 0xE9, 0xD8, 0x78, 0x51, 0x41, 0x40, 0xBF, 0x15,
    0x41, 0x20, 0x2B, 0xEE, 0xA4, 0xB3, 0x45, 0x52, 0x7B, 0x49, 0xEA, 0x6C, 0xEB, 0x5C, 0x66, 0xF6,
    0x5A, 0x88, 0xC6, 0xA0, 0x2E, 0x32, 0xBB, 0x45, 0x5B, 0x4B, 0x67, 0xDA, 0x5A, 0x18, 0x1C, 0xFB,
    0x36, 0xB1, 0xAE, 0x3E, 0x83, 0xA5, 0xA4, 0xDD, 0x29, 0xF0, 0xC2, 0xA0, 0x4C, 0x29, 0x7E, 0x4A,
    0xD6, 0xC7, 0x48, 0x52, 0xF9, 0x70, 0x30, 0x77, 0x30, 0x69, 0xFA, 0x22, 0x59, 0xE7, 0xF0, 0x2C,
    0xD9, 0x7C, 0x64, 0x4B, 0x02, 0x92, 0xAC, 0x8B, 0x80, 0x6C, 0x85, 0x93, 0x99, 0xAE, 0x33, 0x1A,
    0x4B, 0xCB, 0xED, 0x01, 0x92, 0xFE, 0xF5, 0x45, 0x74, 0x83, 0x8B, 0x2A, 0xFD, 0x31, 0x2F, 0xFD,
    0x6D, 0x1B, 0xEA, 0xB0, 0x0D, 0xFB, 0xB0, 0x09, 0xFB, 0xA0, 0x62, 0x72, 0x75, 0xAB, 0x83, 0xE5,
    0x02, 0xAA, 0x9D, 0x96, 0xA4, 0xE1, 0x24, 0xF0, 0x68, 0x3C, 0xD4, 0xA8, 0x26, 0x97, 0x62, 0xD1,
    0xFA, 0xAF, 0x8B, 0x36, 0xCC, 0xE0, 0x4F, 0xBD, 0x02, 0x9E, 0xA7, 0x78, 0xCC, 0xEF, 0xCC, 0x77,
    0xF4, 0x9E, 0x8C, 0x55, 0x1C, 0x9A, 0x15, 0x0C, 0xE0, 0xE5, 0x4B, 0xFB, 0xE3, 0x38, 0xDD, 0x6C,
    0x90, 0x9B, 0x1D, 0xF2, 0xA9, 0xBF, 0x52, 0x1C, 0x99, 0xD7, 0x9E, 0x28, 0x5D, 0xE1, 0x9E, 0x4C,
    0x90, 0x07, 0xB9, 0xD7, 0x24, 0x48, 0x6A, 0xC9, 0xB0, 0xED, 0x93, 0x08, 0xCB, 0x95, 0xE8, 0x8A,
    0x52, 0x9F, 0x53, 0xD2, 0x07, 0xEA, 0xD8, 0xA4, 0x8D, 0x3B, 0x7F, 0x89, 0x8D, 0x45, 0x2F, 0xDD,
    0x78, 0x1B, 0xCB, 0xB2, 0xC3, 0x92, 0xEB, 0x62, 0x58, 0xA8, 0xA4, 0x72, 0x7B, 0xAC, 0xAD, 0x1E,
    0xC6, 0xE5, 0x05, 0xEE, 0x5B, 0x27, 0x52, 0x02, 0x65, 0x9C, 0xA4, 0x91, 0x93, 0x49, 0x43, 0x6A,
    0xCF, 0xA5, 0xFF, 0x1D, 0x98, 0xE5, 0x1E, 0x4B, 0x0F, 0x19, 0xFA, 0x50, 0xA4, 0x7E, 0x5F, 0xB4,
    0x97, 0x3A, 0x48, 0xB1, 0x7E, 0x11, 0x31, 0xD5, 0x99, 0x53, 0xD4, 0x8D, 0xD4, 0x34, 0x23, 0xB0,
    0x66, 0xC0, 0xD0, 0x86, 0x25, 0x42, 0x56, 0x7F, 0x26, 0xD1, 0x9F, 0x3D, 0x05, 0xC9, 0xDD, 0x34,
    0xFD, 0xAD, 0x69, 0x81, 0x10, 0x2B, 0x46, 0x8C, 0x7F, 0x1A, 0x77, 0x4E, 0x31, 0x66, 0xC7, 0x6D,
    0x2D, 0x63, 0x22, 0x2F, 0xE8, 0xFC, 0x9A, 0x2A, 0x72, 0xD8, 0xF1, 0xBC, 0xE0, 0x79, 0x12, 0x05,
    0xB5, 0xEA, 0x9F, 0x68, 0x11, 0xDC, 0xDC, 0xC4, 0x2E, 0x2C, 0x39, 0xF1, 0xFC, 0x21, 0x43, 0xFA,
    0x18, 0x94, 0x0E, 0x07, 0x3F, 0x2A, 0xBE, 0xD6, 0x94, 0x6D, 0xA9, 0x65, 0x5D, 0xAA, 0x46, 0x78,
    0xD8, 0xAA, 0xE8, 0xA5, 0x5E, 0x7D, 0xCD, 0x6A, 0xFB, 0x4A, 0xF8, 0x3A, 0x0A, 0xDA, 0x03, 0xC8,
    0x3F, 0xBC, 0xA1, 0xE8, 0x08, 0x15, 0xEB, 0x94, 0x67, 0x70, 0x64, 0xF4, 0x72, 0xDD, 0x6A, 0xE8,
    0xDE, 0x00, 0xDD, 0x7B, 0xB9, 0xD9, 0x77, 0xC4, 0xBC, 0x3B, 0x52, 0x39, 0x6C, 0xAC, 0x89, 0xB6,
    0xFE, 0x35, 0x77, 0x4B, 0xAF, 0x8D, 0xE9, 0x58, 0x30, 0xF6, 0x60, 0xBA, 0x23, 0x82, 0xEA, 0x88,
    0xF5, 0x90, 0xED, 0x21, 0x17, 0x55, 0xFC, 0x2E, 0x62, 0x80, 0x7D, 0xD2, 0x54, 0x99, 0x32, 0x76,
    0xB6, 0x3A, 0x3D, 0x3C, 0xBD, 0x43, 0xF7, 0x1D, 0xCB, 0x96, 0xA8, 0x6C, 0x08, 0xA6, 0xF0, 0x79,
    0x55, 0x91, 0x26, 0x88, 0x4C, 0x92, 0x3C, 0x81, 0xF1, 0x88, 0x4A, 0xB6, 0x8E, 0x73, 0x39, 0xEB,
    0x6A, 0xED, 0x33, 0x7B, 0xD8, 0xF7, 0x84, 0x8E, 0x34, 0x0B, 0x4A, 0xD5, 0x5B, 0x04, 0x32, 0xDB,
    0xD9, 0x8D, 0x7C, 0x91, 0x50, 0x49, 0xEB, 0xA7, 0xFA, 0x57, 0xA9, 0xCF, 0x19, 0xC3, 0x59, 0x2C,
    0xDC, 0x23, 0x57, 0xE1, 0x68, 0x0E, 0x71, 0x4E, 0x52, 0x11, 0x42, 0x7C, 0x82, 0xE3, 0x9F, 0xF5,
    0x55, 0xF9, 0x7C, 0xC7, 0x43, 0x3B, 0x8C, 0x2B, 0x8C, 0x54, 0xA4, 0xE0, 0xC3, 0x58, 0xEA, 0x8A,
    0x52, 0x52, 0x7B, 0xC5, 0xC1, 0xAE, 0x12, 0xFE, 0x3F, 0x6B, 0x96, 0xE3, 0xF1, 0x47, 0xE5, 0x19,
    0x84, 0xA8, 0x2A, 0x24, 0x5C, 0xEE, 0x17, 0x94, 0x19, 0x05, 0x49, 0xE6, 0xD4, 0xF8, 0xB8, 0xA5,
    0x69, 0xEB, 0x3F, 0x92, 0x27, 0x69, 0xE3, 0xCB, 0xF6, 0x36, 0x20, 0xAD, 0x17, 0x71, 0xB4, 0x90,
    0x58, 0xFD, 0xE0, 0x12, 0x5B, 0xBF, 0x6F, 0x9D, 0x79, 0x44, 0xFF, 0x21, 0x95, 0x0D, 0xEE, 0x6A,
    0xC2, 0x1D, 0xFD, 0x49, 0x7E, 0xEF, 0x5C, 0x1E, 0x52, 0x07, 0xBE, 0xA7, 0xAF, 0x5A, 0x4D, 0x1F,
    0xEF, 0xCA, 0x11, 0x12, 0x0C, 0x57, 0xCA, 0x1E, 0x37, 0xF3, 0xF9, 0x49, 0x9B, 0x4B, 0x12, 0x1A,
    0x38, 0x6F, 0x2F, 0xBC, 0x6D, 0x7E, 0x7A, 0x27, 0x05, 0xDD, 0x31, 0x12, 0x69, 0x5D, 0x46, 0xCC,
    0x4F, 0xE9, 0xC2, 0x89, 0xDD, 0x03, 0x21, 0x02, 0x7D, 0xB7, 0x95, 0x9A, 0xA0, 0x64, 0xFB, 0x01,
    0x33, 0xFF, 0x4F, 0xAC, 0x94, 0xD8, 0xE8, 0x69, 0x32, 0xD8, 0x6F, 0xCD, 0x5A, 0x16, 0xD7, 0xDF,
    0xA0, 0xC3, 0xEF, 0x8C, 0x97, 0x54, 0xBF, 0x93, 0xF5, 0x71, 0x6A, 0x59, 0x61, 0x93, 0x21, 0xD0,
    0x65, 0x36, 0x84, 0xBA, 0x8C, 0x87, 0x75, 0x5D, 0x06, 0x77, 0xEA, 0xB0, 0x5D, 0x06, 0x64, 0xE7,
    0x26, 0xDE, 0x85, 0x70, 0x8A, 0x1E, 0xBE, 0x1C, 0xE6, 0x6B, 0x3D, 0x3D, 0xB3, 0xD8, 0x62, 0xBE,
    0xC3, 0x93, 0x48, 0x27, 0x42, 0x3E, 0x8F, 0x6C, 0x6D, 0xDA, 0x7A, 0xB4, 0x2D, 0x4A, 0x37, 0x07,
    0x1F, 0x97, 0x5A, 0xB9, 0x68, 0x4E, 0xAB, 0xF5, 0x03, 0x8F, 0x29, 0xF9, 0x7A, 0xBC, 0xD5, 0x63,
    0x4A, 0x27, 0x47, 0x81, 0xDE, 0xE2, 0xB6, 0xE2, 0x35, 0x86, 0x99, 0x97, 0xA5, 0x84, 0xC6, 0x53,
    0xA3, 0x79, 0x9F, 0xE9, 0xA8, 0xB5, 0xC8, 0xB6, 0xF7, 0x7C, 0x62, 0x5A, 0x3E, 0x97, 0xF0, 0xC3,
    0x7E, 0x7E, 0xBA, 0x49, 0x3D, 0x92, 0x9E, 0x14, 0x81, 0x3D, 0x23, 0x46, 0x9F, 0x7E, 0xE2, 0x27,
    0x6C, 0xBD, 0xA6, 0xCF, 0x4F, 0x98, 0xB0, 0xC5, 0x6F, 0xCA, 0xCE, 0xE8, 0xD1, 0x0A, 0xCC, 0xCB,
    0xCF, 0x4A, 0x3B, 0xA6, 0x34, 0xBE, 0xFD, 0x9E, 0xB3, 0x53, 0xFC, 0x9A, 0x59, 0xC3, 0xC0, 0x7D,
    0x6D, 0xB7, 0xDE, 0x90, 0x61, 0xCF, 0x9C, 0x24, 0xDD, 0x52, 0xBB, 0xAC, 0x82, 0xF2, 0x51, 0x08,
    0xAF, 0x2F, 0x90, 0x3D, 0x48, 0x49, 0xE2, 0x3A, 0x82, 0xA5, 0x47, 0xBD, 0xF2, 0x08, 0x45, 0x75,
    0xDC, 0x02, 0xF8, 0xF6, 0x52, 0x91, 0xBC, 0x10, 0x0E, 0xCD, 0x52, 0xE2, 0x93, 0x6B, 0x26, 0xA4,
    0x58, 0x7A, 0x7A, 0xED, 0x28, 0x44, 0x20, 0xA5, 0x85, 0x64, 0xDA, 0x00, 0x72, 0x4D, 0x90, 0xF2,
    0xD6, 0x54, 0xC4, 0x5F, 0x0A, 0xA1, 0x2C, 0x11, 0x5E, 0x3F, 0xD9, 0xF4, 0x69, 0x1B, 0xDB, 0x64,
    0xA0, 0xFA, 0xDB, 0xE6, 0x84, 0xCE, 0x35, 0xA6, 0x33, 0xB5, 0x9D, 0x2C, 0xEB, 0xAF, 0xAB, 0xE7,
    0xAF, 0xB2, 0xB5, 0x19, 0xA9, 0x24, 0x5B, 0xD5, 0xD8, 0xC4, 0x31, 0x06, 0x52, 0x98, 0x0F, 0xD9,
    0xA9, 0x15, 0x23, 0xBE, 0x95, 0x92, 0x09, 0x24, 0x5F, 0xCA, 0x66, 0x55, 0x19, 0xB2, 0x3D, 0x68,
    0x03, 0xEC, 0xA5, 0x88, 0xA4, 0xDF, 0x29, 0xAA, 0x98, 0x01, 0x13, 0xA2, 0xE2, 0x44, 0xDE, 0x93,
    0x66, 0x83, 0x74, 0x75, 0x09, 0x2B, 0x57, 0xD9, 0xFF, 0xB5, 0x71, 0xB7, 0x0B, 0x2A, 0x3E, 0x40,
    0x66, 0xD8, 0xDB, 0x77, 0x76, 0x3B, 0x7E, 0x5C, 0x07, 0x03, 0xB3, 0x30, 0x3E, 0xF6, 0xD1, 0x48,
    0x23, 0x91, 0xB7, 0xFC, 0x1E, 0xB0, 0x05, 0xA9, 0x96, 0x5E, 0x3C, 0xC7, 0x04, 0x0D, 0x6B, 0xD6,
    0xC6, 0xA8, 0xA5, 0xA6, 0x48, 0xCF, 0x7C, 0xC5, 0x18, 0x9A, 0x93, 0xF4, 0x52, 0x6F, 0x32, 0xFC,
    0x27, 0x0F, 0xFA, 0x86, 0x42, 0x6A, 0xCD, 0x8D, 0xD6, 0x2F, 0xEB, 0x77, 0x75, 0x73, 0x69, 0x80,
    0xA0, 0xB3, 0xED, 0xB0, 0xC7, 0xE5, 0xB1, 0xF2, 0x07, 0x10, 0x70, 0x11, 0x11, 0x44, 0x70, 0xB3,
    0x79, 0x92, 0x5B, 0xF8, 0xAF, 0x36, 0xBB, 0x90, 0x70, 0xF8, 0xEF, 0x1D, 0xFD, 0xF0, 0x4F, 0xC2,
    0x9E, 0x6D, 0x7B, 0x37, 0x83, 0x81, 0xAE, 0x67, 0xF4, 0xE4, 0xE1, 0xBC, 0x41, 0xC6, 0x4D, 0x7A,
    0xA9, 0xAD, 0xC6, 0xBD, 0xA4, 0x13, 0x48, 0x5F, 0x25, 0x52, 0x33, 0xCF, 0xC8, 0xC5, 0x66, 0x23,
    0x41, 0xFA, 0x09, 0xCC, 0xB3, 0xAD, 0x9D, 0xC4, 0x98, 0x25, 0xD7, 0xD0, 0xD4, 0xEE, 0x78, 0x7E,
    0x27, 0xD7, 0xCC, 0xB8, 0x2B, 0x69, 0xAA, 0xA9, 0x20, 0x73, 0x97, 0x3D, 0x04, 0xA9, 0x27, 0xCD,
    0x81, 0x7E, 0x4D, 0x1F, 0xC3, 0x50, 0x2B, 0x69, 0xE2, 0x9C, 0xE3, 0x50, 0x09, 0xC2, 0x61, 0x98,
    0xB7, 0x71, 0x3C, 0x1B, 0xAB, 0xD6, 0x07, 0x9B, 0x2E, 0x3E, 0x83, 0x8E, 0x9C, 0x13, 0x89, 0x67,
    0x37, 0x28, 0xCF, 0x15, 0x3A, 0xFD, 0xD4, 0x03, 0x21, 0xED, 0x8C, 0xF1, 0x4D, 0x70, 0x95, 0x31,
    0x3F, 0x9E, 0xDB, 0x53, 0xAC, 0xF4, 0xDE, 0x63, 0xBB, 0xC7, 0x75, 0x5D, 0xC7, 0xA3, 0x53, 0x70,
    0xFD, 0x6D, 0xD0, 0xA1, 0xEC, 0xF2, 0x52, 0xB6, 0xAF, 0x3E, 0x45, 0x09, 0x5D, 0xA7, 0x7C, 0xAE,
    0x53, 0x2C, 0xEF, 0x4B, 0xEF, 0x7F, 0x6E, 0x35, 0x50, 0x9E, 0xF3, 0x30, 0x1D, 0x17, 0xBD, 0x6D,
    0xB1, 0x38, 0xC7, 0x21, 0x32, 0xF2, 0xA7, 0x25, 0x92, 0xCC, 0x52, 0xCA, 0x74, 0x7E, 0x0C, 0xD5,
    0x3E, 0x29, 0xD2, 0x24, 0x39, 0xA5, 0x5A, 0x88, 0x6C, 0x29, 0xEF, 0xB0, 0x65, 0x7D, 0xCD, 0xDD,
    0x3E, 0xBF, 0xF0, 0xBB, 0xC7, 0x2B, 0xC2, 0xBB, 0xF6, 0x73, 0x3C, 0x8E, 0x70, 0x5A, 0xBA, 0x31,
    0x2B, 0x81, 0xAC, 0xA4, 0xDE, 0xA5, 0x2C, 0x1A, 0x33, 0xE3, 0xBD, 0xCC, 0x2A, 0xF0, 0x77, 0xC5,
    0x69, 0x8A, 0x8A, 0x7B, 0xB3, 0xCC, 0x24, 0x69, 0x61, 0xA3, 0xA8, 0x6D, 0x5F, 0x2A, 0xBD, 0x1A,
    0xEB, 0x40, 0x8A, 0xA1, 0x21, 0x5B, 0x59, 0xE2, 0xAA, 0xF8, 0xDB, 0xB3, 0xDC, 0xC3, 0xD2, 0x16,
    0xCC, 0x9A, 0x68, 0x8D, 0x8C, 0xB9, 0x73, 0x43, 0xFD, 0x63, 0xF6, 0xF2, 0xC2, 0xF2, 0x2C, 0xD2,
    0x80, 0xEA, 0x4A, 0xFF, 0x18, 0x6B, 0x94, 0x33, 0x07, 0xBB, 0xD4, 0x46, 0xB6, 0xA8, 0x23, 0x7B,
    0x15, 0x2C, 0x20, 0xBB, 0x35, 0x96, 0x45, 0x9D, 0xB4, 0x7E, 0x5D, 0x7C, 0x78, 0xA9, 0x96, 0x0A,
    0xA9, 0xD6, 0x96, 0x1F, 0x7F, 0xF1, 0xF0, 0x8E, 0xB6, 0xCF, 0x82, 0x99, 0x96, 0x99, 0x87, 0xCB,
    0xEB, 0x29, 0xBB, 0xF3, 0x2A, 0x5D, 0xB5, 0xB5, 0xF9, 0xFB, 0xFC, 0x2A, 0xF9, 0xAC, 0x11, 0x47,
    0x99, 0x32, 0x5D, 0x66, 0x9E, 0x63, 0x49, 0x8F, 0x8D, 0x59, 0x1A, 0xBD, 0x08, 0xD9, 0x7F, 0x58,
    0x0D, 0xCA, 0xDB, 0xEF, 0x4C, 0x7A, 0x2A, 0x4F, 0x8A, 0xA5, 0x2B, 0x61, 0xF8, 0xEF, 0xD5, 0x5A,
    0x31, 0xB0, 0xDD, 0xD4, 0x11, 0xBD, 0x7A, 0xF2, 0xFF, 0x9A, 0x58, 0x33, 0x91, 0x0B, 0x67, 0x26,
    0x98, 0xC4, 0x4A, 0x41, 0xE3, 0x04, 0xA2, 0x96, 0xC2, 0x20, 0x91, 0x99, 0x0C, 0x45, 0x0A, 0x28,
    0x42, 0x66, 0x32, 0x14, 0xA4, 0x20, 0x45, 0x28, 0xE2, 0x86, 0x82, 0xE2, 0x9B, 0x27, 0x68, 0x28,
    0x52, 0xF8, 0x37, 0xA9, 0xD2, 0x50, 0x90, 0x99, 0xF0, 0x29, 0x9C, 0xC2, 0x85, 0x0B, 0xB0, 0x94,
    0xF1, 0x64, 0x28, 0x28, 0xA2, 0x09, 0x93, 0xA1, 0x8C, 0x66, 0x70, 0x32, 0x49, 0x28, 0x2C, 0x8C,
    0x82, 0x65, 0x5B, 0xD2, 0xE6, 0x9C, 0x5D, 0xE9, 0xBD, 0x67, 0x83, 0xC1, 0x18, 0x7E, 0xFC, 0x79,
    0xFF, 0x6B, 0xEF, 0x3E, 0x3D, 0x49, 0x77, 0x77, 0xEF, 0xEE, 0xDE, 0x73, 0xF7, 0xCA, 0x39, 0x7C,
    0x8E, 0x3A, 0xFD, 0x88, 0x73, 0x5E, 0xB1, 0xBB, 0x90, 0xCC, 0xA5, 0x32, 0x2E, 0x24, 0xF7, 0x44,
    0xA4, 0x2A, 0xB2, 0x40, 0x5C, 0xD1, 0xC4, 0x2E, 0xEA, 0x5D, 0xD2, 0xA7, 0x2E, 0x69, 0x5C, 0x34,
    0xF6, 0x2E, 0x6D, 0x5C, 0x28, 0x8D, 0x5B, 0xD6, 0xCE, 0xC7, 0xF5, 0x05, 0x1B, 0x3C, 0xA0, 0xD2,
    0x6F, 0xB7, 0x34, 0xF6, 0xDB, 0x74, 0xC9, 0xB2, 0xD1, 0x86, 0xB7, 0x0F, 0x68, 0x3A, 0x3E, 0xD6,
    0x45, 0x83, 0x4B, 0x5A, 0xE7, 0x02, 0xF9, 0x27, 0x2E, 0x76, 0xEC, 0x36, 0x83, 0x38, 0x89, 0x74,
    0x2A, 0xD6, 0xAF, 0x4C, 0x3A, 0xE7, 0xED, 0x82, 0x84, 0x3C, 0xC7, 0x7B, 0x48, 0xBC, 0x27, 0x17,
    0xBD, 0x2B, 0x24, 0xEF, 0x03, 0x91, 0x0F, 0xDB, 0xB8, 0x4B, 0xA4, 0x4E, 0xEB, 0x48, 0xB2, 0xA2,
    0x82, 0xCC, 0x52, 0xFA, 0x9F, 0x4E, 0x8A, 0xCA, 0x1F, 0x21, 0x47, 0x08, 0x25, 0xBA, 0x18, 0x02,
    0x08, 0x3A, 0x5D, 0x68, 0x97, 0xDB, 0xBB, 0x53, 0x57, 0x93, 0x41, 0x8A, 0xEC, 0xB9, 0xBD, 0xFC,
    0xF0, 0x6B, 0x52, 0xC2, 0x0E, 0x49, 0x27, 0x65, 0x21, 0x65, 0xDC, 0x2D, 0x4B, 0xF6, 0xDC, 0x45,
    0xB9, 0x36, 0x89, 0xCA, 0x71, 0x6D, 0xD0, 0x46, 0x5A, 0x6B, 0x32, 0x6D, 0x3A, 0xF7, 0x05, 0x1A,
    0x58, 0x63, 0x01, 0x13, 0x84, 0xE2, 0xFC, 0xC6, 0xC1, 0x44, 0x79, 0x88, 0x66, 0x21, 0xD7, 0x61,
    0x44, 0xD8, 0x55, 0x24, 0x47, 0x13, 0xCB, 0xA0, 0x62, 0xFD, 0x3C, 0x9B, 0xC4, 0x5C, 0xF0, 0xAC,
    0x8B, 0x1A, 0xD2, 0x44, 0x8D, 0x15, 0x2B, 0xDD, 0xEE, 0xD2, 0x21, 0x94, 0x3F, 0x35, 0xCB, 0x21,
    0x92, 0x8B, 0x75, 0x32, 0x6C, 0xCB, 0xE5, 0x12, 0x1D, 0xC8, 0xE8, 0x82, 0x81, 0xE3, 0x41, 0x5A,
    0x7E, 0x1E, 0x1D, 0x7D, 0x50, 0x9F, 0x2E, 0x40, 0xEB, 0x14, 0x30, 0xB9, 0x74, 0x4B, 0xD0, 0xED,
    0xEC, 0x88, 0xFB, 0xC4, 0xE7, 0x9B, 0x2E, 0x9A, 0xB8, 0xB8, 0x2A, 0x26, 0x2E, 0x94, 0x7E, 0x96,
    0x53, 0x9A, 0xF9, 0x42, 0x3C, 0x73, 0xFA, 0xA4, 0xD9, 0xC6, 0xFD, 0xCF, 0xED, 0xFD, 0x1E, 0x97,
    0xED, 0xED, 0xED, 0xFD, 0xA1, 0x10, 0x68, 0x89, 0xF1, 0x94, 0x7E, 0x09, 0x52, 0x2A, 0x17, 0x8E,
    0xDB, 0xD2, 0x04, 0x18, 0x2F, 0x70, 0x20, 0x41, 0x03, 0x87, 0x04, 0x17, 0x8D, 0x61, 0xE3, 0x49,
    0x05, 0x2E, 0x90, 0xB0, 0xA2, 0xCD, 0x46, 0x08, 0xBC, 0x9D, 0x47, 0xE2, 0x94, 0xCB, 0xE0, 0xB0,
    0x33, 0x97, 0xB6, 0x33, 0x07, 0x59, 0x8C, 0x5B, 0x40, 0x16, 0xE3, 0x02, 0x9C, 0x56, 0x0E, 0x8F,
    0x74, 0x4E, 0x9F, 0x87, 0x6E, 0xDC, 0x69, 0x70, 0x30, 0x5B, 0xD1, 0xB8, 0xB7, 0xC0, 0xC5, 0x3D,
    0x4D, 0x37, 0x84, 0xF4, 0x1D, 0x98, 0xC6, 0xEF, 0x23, 0x39, 0x2B, 0x65, 0x28, 0xBF, 0x3D, 0xD5,
    0x43, 0xE6, 0x91, 0x7E, 0x24, 0xE4, 0x76, 0x8D, 0xBB, 0xD5, 0x42, 0xAD, 0x9B, 0x6D, 0x70, 0x01,
    0xF2, 0xAB, 0xBE, 0x2E, 0xBD, 0x5C, 0x3A, 0xD5, 0x17, 0xB7, 0x64, 0x4E, 0xF5, 0x85, 0xDD, 0x29,
    0x01, 0xF4, 0x75, 0xF0, 0x6D, 0xA7, 0xFA, 0x9A, 0x35, 0x47, 0x15, 0xCE, 0x4D, 0xF2, 0xF9, 0xEC,
    0x52, 0x65, 0xE6, 0x10, 0x19, 0xF7, 0xF8, 0xB5, 0x67, 0x86, 0x89, 0xAB, 0xE1, 0x08, 0xC6, 0x95,
    0xE9, 0xA4, 0xEF, 0xE3, 0xF9, 0x4A, 0xDF, 0xC5, 0x4A, 0xDF, 0x60, 0xA5, 0x6F, 0x64, 0xBD, 0x41,
    0xDF, 0xB4, 0x89, 0x9C, 0xE9, 0x5B, 0xD4, 0x89, 0x53, 0x7D, 0x3D, 0x29, 0x53, 0xA7, 0xFA, 0xFA,
    0xF2, 0x94, 0x38, 0xD5, 0x37, 0x64, 0xBF, 0xAA, 0xAF, 0x72, 0x9B, 0x9F, 0xA3, 0xEE, 0xA4, 0xDB,
    0x61, 0xFC, 0xE0, 0x61, 0x3F, 0xEA, 0x8C, 0x89, 0x2E, 0x53, 0xFF, 0x90, 0x63, 0x4B, 0x17, 0x80,
    0x93, 0x2D, 0x34, 0xCA, 0xC1, 0x38, 0xD5, 0x2B, 0x30, 0xE7, 0x76, 0x5B, 0x8F, 0x1B, 0x83, 0x34,
    0x30, 0x2C, 0x98, 0x0A, 0xC2, 0x99, 0x49, 0xC6, 0x62, 0x58, 0x8C, 0x4F, 0x63, 0x6C, 0x9A, 0x60,
    0xF0, 0x1B, 0x48, 0x8C, 0x40, 0x07, 0x03, 0xD7, 0x87, 0xA3, 0x0C, 0x7E, 0x85, 0xE4, 0x42, 0x46,
    0xBD, 0x4C, 0x19, 0x1D, 0x6F, 0x32, 0xD0, 0xC2, 0x98, 0xA8, 0x0F, 0x72, 0xB8, 0x8C, 0x6A, 0x99,
    0x17, 0x0D, 0x32, 0x4F, 0x51, 0xC5, 0x79, 0x3A, 0x16, 0xA3, 0x27, 0x7F, 0x2B, 0xF2, 0x58, 0x6E,
    0xC8, 0xBB, 0x0C, 0xB7, 0x40, 0xDE, 0xC7, 0x1F, 0xB3, 0xC2, 0x7D, 0x2E, 0x9B, 0x5C, 0xF4, 0x55,
    0xD0, 0xBD, 0xBD, 0xDD, 0x82, 0xDE, 0x0C, 0xE9, 0xEA, 0x25, 0xB3, 0x15, 0x82, 0xB3, 0x0E, 0xC7,
    0x69, 0x5C, 0xF6, 0x95, 0x89, 0x5E, 0x6A, 0x8D, 0x49, 0x5E, 0xE9, 0x43, 0x55, 0x29, 0x7D, 0xA2,
    0x0F, 0xD5, 0xC3, 0x8B, 0x27, 0x3A, 0x58, 0x23, 0x92, 0x37, 0x24, 0xEC, 0x90, 0x49, 0x31, 0x2A,
    0x74, 0x8B, 0x5A, 0x19, 0x90, 0x29, 0xD2, 0xB6, 0xE6, 0xF4, 0xF6, 0xAD, 0x39, 0x16, 0xA9, 0x13,
    0x22, 0x88, 0x1A, 0xA1, 0x51, 0x7D, 0xE0, 0xD2, 0xEC, 0xF3, 0xC4, 0xD4, 0xF5, 0x66, 0x13, 0x68,
    0xAC, 0x61, 0xB8, 0xB5, 0xD9, 0xB6, 0x06, 0xF6, 0xFB, 0x9C, 0x06, 0x76, 0x66, 0x93, 0x58, 0x93,
    0x66, 0xDA, 0x14, 0x68, 0x28, 0x2F, 0x2E, 0x31, 0x21, 0xCB, 0xA9, 0xB1, 0xC4, 0x6B, 0x8D, 0x66,
    0x3D, 0x9D, 0x97, 0x98, 0x44, 0x4C, 0x90, 0xC0, 0xC2, 0x21, 0xA8, 0xED, 0x24, 0x54, 0x3B, 0xE4,
    0xB6, 0x5C, 0x8A, 0x27, 0x56, 0x29, 0x12, 0x7C, 0x7D, 0x3F, 0x48, 0x63, 0x59, 0x5E, 0xDC, 0x31,
    0x9D, 0x6C, 0x66, 0xE2, 0x4B, 0x3D, 0x91, 0x05, 0x89, 0x4B, 0xEF, 0x98, 0x30, 0x1F, 0xD4, 0xA9,
    0x34, 0x13, 0x61, 0xE8, 0x32, 0x2F, 0x2F, 0xCB, 0x59, 0x48, 0xED, 0x80, 0x92, 0xF9, 0x1A, 0xE5,
    0xB9, 0x7B, 0xEE, 0x75, 0xB7, 0xBD, 0xB7, 0x4B, 0xA7, 0x29, 0xE8, 0xC1, 0x70, 0x4C, 0x69, 0x97,
    0x4C, 0x67, 0x1C, 0x94, 0x26, 0x64, 0xA3, 0x72, 0xF1, 0xA7, 0x99, 0xEB, 0x57, 0xDC, 0x30, 0x73,
    0x37, 0x64, 0xE6, 0x3E, 0x92, 0x7C, 0xE2, 0x3E, 0xC4, 0x44, 0x64, 0x5C, 0x23, 0xCD, 0xCC, 0xA5,
    0xED, 0xCC, 0x25, 0xFD, 0xCC, 0x45, 0xE3, 0xCC, 0x05, 0x52, 0xB8, 0x37, 0x95, 0xF3, 0xE9, 0x19,
    0xCA, 0x41, 0x22, 0x7F, 0x34, 0xAE, 0x10, 0xBF, 0x47, 0x26, 0x88, 0x5A, 0x4C, 0xFC, 0xFE, 0xC0,
    0xB8, 0x12, 0x4C, 0x36, 0x70, 0x71, 0xBA, 0x12, 0xE7, 0xA4, 0x74, 0x95, 0xB6, 0xBD, 0xD7, 0xE6,
    0x20, 0xF7, 0x26, 0xAF, 0x8A, 0x5B, 0xD3, 0x35, 0xED, 0x4D, 0xD3, 0xB4, 0x37, 0x3D, 0xE3, 0xCE,
    0xB4, 0xDC, 0xDE, 0x9D, 0x74, 0x9C, 0x35, 0x9C, 0xF4, 0x2B, 0x7A, 0xD3, 0x0E, 0xE9, 0x5D, 0x75,
    0xC3, 0x77, 0xD5, 0x2C, 0xEA, 0x4D, 0x2F, 0xB6, 0xD4, 0x8A, 0x2D, 0x75, 0x62, 0x4B, 0x8D, 0xD8,
    0x52, 0x1F, 0xB6, 0xD0, 0x46, 0x5B, 0x37, 0xB7, 0x05, 0x5B, 0xD5, 0x03, 0xAD, 0x6A, 0x61, 0x2D,
    0x74, 0x88, 0x0C, 0x4D, 0xAC, 0xDB, 0x29, 0x1F, 0x27, 0x53, 0x9B, 0x4E, 0x2A, 0xCE, 0xD1, 0x32,
    0xA5, 0x23, 0xF7, 0x3D, 0x6B, 0xB6, 0xED, 0x74, 0x6A, 0x57, 0x63, 0x3A, 0xE1, 0x67, 0xD9, 0x6D,
    0x9E, 0xDC, 0xCE, 0xDD, 0x4D, 0xC6, 0x81, 0x16, 0x1D, 0x30, 0x81, 0x7C, 0x2C, 0x48, 0x2E, 0xAD,
    0xF9, 0x77, 0x1B, 0xC1, 0xFA, 0x59, 0xDC, 0x46, 0xBD, 0x27, 0xF9, 0x5D, 0x36, 0x65, 0xDC, 0x8A,
    0x9C, 0x91, 0xD6, 0x9A, 0x2E, 0x6E, 0x36, 0xF5, 0x98, 0x1A, 0xF5, 0xCF, 0x39, 0x90, 0xBC, 0x29,
    0x3D, 0x4F, 0x9A, 0x3F, 0xB9, 0x9E, 0xB5, 0x43, 0x1A, 0xA2, 0x5A, 0x32, 0xA0, 0x74, 0xCA, 0x22,
    0x84, 0xD1, 0xB8, 0xD5, 0x47, 0xAD, 0xF5, 0x71, 0xDF, 0x57, 0xBE, 0xD0, 0x87, 0xEB, 0x6C, 0x6E,
    0x57, 0xFA, 0x7A, 0x97, 0xFF, 0x01, 0x69, 0xF8, 0x1E, 0x23, 0x34, 0xBA, 0xC8, 0xCE, 0xA2, 0x97,
    0x49, 0x93, 0xC7, 0x18, 0x1C, 0xA9, 0x4E, 0xFA, 0x2F, 0x12, 0x0F, 0xBA, 0x0B, 0x7B, 0x9A, 0x63,
    0x44, 0x13, 0x0E, 0xFD, 0xCB, 0x6F, 0x89, 0x5C, 0x10, 0x35, 0xF0, 0x3A, 0xC4, 0x34, 0xF2, 0x31,
    0xD4, 0x89, 0x25, 0x83, 0xAD, 0x70, 0x91, 0x51, 0x1D, 0x2D, 0x07, 0x04, 0x5A, 0x5D, 0x70, 0xFE,
    0x0D, 0x02, 0xAC, 0xC6, 0x44, 0x4C, 0x27, 0x01, 0xB7, 0x28, 0x7E, 0xE7, 0x12, 0xF8, 0xD3, 0x12,
    0xF1, 0x08, 0x00, 0x58, 0x22, 0xBF, 0x94, 0x27, 0xA8, 0xBE, 0xA7, 0x18, 0xA2, 0x4C, 0x47, 0xF8,
    0x56, 0x55, 0x94, 0xA0, 0x38, 0xF0, 0xF7, 0x57, 0xB9, 0x54, 0x48, 0x31, 0x26, 0x63, 0x3C, 0x78,
    0xBB, 0x0A, 0x2D, 0x1F, 0x76, 0x0F, 0xA6, 0x2F, 0x61, 0x56, 0x6F, 0x91, 0xE7, 0x60, 0x6B, 0x77,
    0x81, 0x8F, 0x3E, 0xB6, 0xF7, 0x5A, 0x22, 0x7D, 0x2C, 0x1D, 0xF0, 0xF0, 0x9D, 0xFF, 0x03, 0x1F,
    0xE0, 0x2E, 0xFC, 0x1F, 0x71, 0x47, 0xCE, 0xBB, 0x76, 0x19, 0x34, 0xC9, 0x65, 0xA4, 0x3B, 0x9C,
    0x77, 0xDE, 0x8C, 0x0C, 0x22, 0x29, 0x23, 0xE2, 0x87, 0xD2, 0xDD, 0xFE, 0xDF, 0xE3, 0x35, 0x10,
    0x69, 0xBE, 0xE7, 0x41, 0xF7, 0x5D, 0x8E, 0x6D, 0x3E, 0xE8, 0xFD, 0x9D, 0x0E, 0x40, 0xBD, 0x86,
    0x55, 0xCB, 0xF5, 0x78, 0x2D, 0xF4, 0x7C, 0xCA, 0x89, 0x59, 0x61, 0x3C, 0xA7, 0xF8, 0xA2, 0x35,
    0x10, 0x6F, 0x18, 0xDE, 0x20, 0xBC, 0x21, 0xF8, 0x09, 0x9D, 0x1B, 0x62, 0xBF, 0x89, 0x6E, 0xFC,
    0x6A, 0xD0, 0xDD, 0x90, 0xBB, 0x01, 0x77, 0xC3, 0xED, 0x06, 0xDB, 0x27, 0xD4, 0x3E, 0x81, 0xF6,
    0x19, 0xB3, 0x3B, 0xBF, 0x0A, 0x4A, 0xB7, 0xE8, 0x92, 0x92, 0xA3, 0x4E, 0x89, 0x86, 0x19, 0xA5,
    0x86, 0xF5, 0x2A, 0x58, 0xE8, 0x90, 0x80, 0xF1, 0x84, 0x7D, 0x18, 0xFC, 0x0E, 0x12, 0x02, 0xC6,
    0x73, 0x66, 0xBE, 0x43, 0x18, 0xDF, 0xDF, 0x06, 0xC6, 0xD3, 0x6D, 0xD4, 0xC3, 0xEB, 0xA5, 0x9A,
    0x6A, 0x58, 0x7B, 0xF8, 0xB2, 0xBE, 0xD9, 0xC3, 0x09, 0xF4, 0xF7, 0x32, 0xE2, 0x7C, 0x83, 0xF9,
    0xA2, 0xF0, 0xBE, 0x9F, 0xE0, 0xF9, 0x97, 0xA1, 0x86, 0xEC, 0x0D, 0xD8, 0x1B, 0xAE, 0x9F, 0x60,
    0xBD, 0x19, 0x2C, 0xB6, 0xC1, 0x5D, 0x61, 0x7A, 0x04, 0x29, 0x04, 0x2C, 0x80, 0x11, 0x15, 0x1E,
    0x2A, 0x32, 0x54, 0x98, 0xB6, 0xF6, 0x1C, 0x0B, 0x70, 0x20, 0xFC, 0x92, 0x00, 0xBF, 0x24, 0xBE,
    0x57, 0x78, 0x5F, 0x06, 0x77, 0x40, 0x84, 0xD8, 0x95, 0x1E, 0x61, 0xA0, 0x5E, 0x31, 0xFD, 0x06,
    0xA4, 0x8F, 0x74, 0x94, 0x36, 0xE9, 0xE6, 0x07, 0x86, 0xCC, 0x98, 0xEE, 0xE8, 0x6E, 0x46, 0x93,
    0x86, 0x21, 0xBE, 0x9D, 0x9F, 0x38, 0x78, 0x86, 0x54, 0x9C, 0xB6, 0x26, 0xD3, 0x07, 0x3F, 0x4B,
    0xD0, 0xC1, 0x0D, 0xCE, 0xF4, 0xB8, 0xFF, 0x4C, 0x6F, 0x5F, 0x01, 0x59, 0x9F, 0xDC, 0x5F, 0xE3,
    0xFE, 0x42, 0xA3, 0x52, 0x45, 0x0C, 0x95, 0x26, 0xFD, 0x3A, 0xD3, 0x76, 0xB3, 0x68, 0x5F, 0x23,
    0x13, 0x13, 0x7A, 0x21, 0x25, 0xD3, 0x5A, 0xF5, 0x94, 0x81, 0x7C, 0xBA, 0x69, 0xC8, 0x53, 0xDE,
    0xBD, 0x35, 0xF6, 0xC6, 0xE4, 0x56, 0xDB, 0xE4, 0x36, 0x7C, 0xC6, 0xE4, 0xF6, 0xB5, 0xF2, 0xEA,
    0xC6, 0x3D, 0x8F, 0x05, 0x53, 0xD0, 0x32, 0xB9, 0xD7, 0x8C, 0xD1, 0xFC, 0x53, 0xD2, 0xC3, 0xBD,
    0xB1, 0xBB, 0xA7, 0x26, 0x35, 0x04, 0x6C, 0x3E, 0xEE, 0xCB, 0x06, 0x0A, 0x99, 0x20, 0x7B, 0xF6,
    0x35, 0xB2, 0xF8, 0x37, 0xD4, 0x4E, 0xF9, 0xEC, 0xE3, 0x5A, 0x63, 0x51, 0x63, 0xBB, 0xC4, 0xAD,
    0xBC, 0xFC, 0x5E, 0x3A, 0xF9, 0x49, 0x40, 0x02, 0x3C, 0xFC, 0x25, 0x03, 0x04, 0xAD, 0xBA, 0x7A,
    0xAD, 0xAE, 0xAE, 0x63, 0xF1, 0xE2, 0x26, 0x20, 0x78, 0x99, 0x88, 0x49, 0x6E, 0xD8, 0x54, 0x5D,
    0xE3, 0xC2, 0x2C, 0x55, 0xD8, 0x05, 0x03, 0x60, 0x16, 0x87, 0x31, 0xF0, 0xD5, 0x6B, 0x75, 0x66,
    0x7C, 0x95, 0x53, 0xBE, 0xD3, 0x82, 0xDE, 0x06, 0xC5, 0x7D, 0xB9, 0xD4, 0xA4, 0xF8, 0x15, 0x37,
    0x02, 0x10, 0x00, 0x4C, 0x03, 0x0A, 0x93, 0xF6, 0xA4, 0x98, 0xAC, 0x60, 0x23, 0xD6, 0x6C, 0x3A,
    0xED, 0xA5, 0x23, 0x20, 0xA8, 0x41, 0xBD, 0x5F, 0xAE, 0x01, 0x81, 0x7F, 0x3B, 0x40, 0xD0, 0x84,
    0xA5, 0x81, 0x69, 0x2F, 0x2B, 0x08, 0xE9, 0xAF, 0x56, 0x21, 0x05, 0x8D, 0xB9, 0xA4, 0x4D, 0xB9,
    0xDC, 0xBF, 0x85, 0xC4, 0x7D, 0xC2, 0x71, 0x54, 0x8C, 0xC2, 0x9A, 0xDB, 0x9F, 0x61, 0xF0, 0xB8,
    0xD4, 0xCA, 0xA1, 0x5C, 0xD2, 0x2A, 0x8C, 0xD6, 0xAF, 0xF2, 0xF8, 0xFA, 0x1B, 0x00, 0x80, 0xC4,
    0x53, 0x70, 0x44, 0x08, 0x8F, 0x95, 0x61, 0x96, 0x4A, 0x01, 0xA8, 0x49, 0x04, 0xEA, 0x9D, 0xFD,
    0xF7, 0xBD, 0xC7, 0x4B, 0xA7, 0x34, 0x42, 0xD2, 0xF5, 0xC2, 0xC3, 0xA2, 0x79, 0x21, 0x7F, 0xDC,
    0x80, 0x2C, 0x95, 0xDB, 0x2F, 0xC4, 0xC4, 0x74, 0x62, 0x89, 0x3B, 0x29, 0x57, 0x1E, 0xFF, 0x1F,
    0x35, 0xC8, 0xC6, 0x8A, 0x89, 0x9F, 0x73, 0x6E, 0x5E, 0xE9, 0x5A, 0x15, 0x76, 0x5A, 0x09, 0x99,
    0xBB, 0xD9, 0xA2, 0x68, 0x4B, 0x73, 0x95, 0xCA, 0xBC, 0xF8, 0xAF, 0xAD, 0x89, 0xD7, 0x74, 0x31,
    0xF6, 0xAB, 0x25, 0xC4, 0x5D, 0x2F, 0x24, 0xCA, 0xBB, 0x5E, 0x48, 0xC0, 0x6E, 0xBE, 0x15, 0x5D,
    0x55, 0x70, 0xD9, 0xD5, 0xE2, 0xAB, 0xFB, 0xB1, 0x09, 0xE3, 0x7F, 0xDC, 0xA9, 0x98, 0x7A, 0x5C,
    0xC7, 0x0F, 0x52, 0x7F, 0x95, 0x0B, 0x8C, 0xD5, 0x5A, 0x72, 0x4E, 0xD5, 0x53, 0x2D, 0x63, 0x82,
    0x02, 0xF3, 0xCC, 0xE4, 0xDC, 0xB5, 0x9B, 0x40, 0xD7, 0x1E, 0xCB, 0xA2, 0xE6, 0x96, 0x32, 0x5A,
    0x35, 0x58, 0x23, 0x27, 0x79, 0xC2, 0x96, 0xD3, 0x29, 0xE3, 0x81, 0x75, 0x45, 0x3A, 0x2B, 0x6C,
    0xDF, 0xA3, 0x3D, 0x04, 0x4B, 0x77, 0x51, 0xCF, 0x39, 0x9A, 0x85, 0x32, 0x60, 0x70, 0xE0, 0xED,
    0x68, 0x88, 0x15, 0x50, 0x6A, 0x9D, 0x91, 0xCE, 0xAF, 0x6D, 0xFA, 0xD4, 0x33, 0x43, 0x54, 0x72,
    0xF1, 0x60, 0xD7, 0xB1, 0x46, 0xE6, 0xB9, 0x29, 0xD5, 0x46, 0xA5, 0xDF, 0x5A, 0x1B, 0xA8, 0x65,
    0x53, 0x2C, 0x41, 0x5D, 0x3C, 0xFE, 0x0C, 0x36, 0x10, 0x15, 0x24, 0x9B, 0xDB, 0x95, 0xB8, 0xA7,
    0xD7, 0x35, 0x1B, 0xDF, 0x0A, 0x7B, 0xEA, 0x3E, 0x8A, 0x14, 0xDC, 0xF1, 0xB5, 0x5A, 0x5B, 0xF4,
    0xE2, 0x40, 0xDA, 0xE5, 0x48, 0xBB, 0x42, 0x14, 0x58, 0xB6, 0xC5, 0x34, 0x80, 0xD8, 0x8F, 0x5A,
    0x2D, 0x0F, 0x75, 0xB0, 0x2F, 0xA8, 0x65, 0x12, 0x26, 0x15, 0x69, 0x61, 0xE5, 0x8A, 0x76, 0x2A,
    0xB4, 0x52, 0x85, 0x2C, 0x71, 0x04, 0x96, 0xEE, 0x17, 0x2D, 0xAC, 0x2D, 0x5C, 0x62, 0x7F, 0xA0,
    0x13, 0xC6, 0x63, 0x10, 0x0A, 0x16, 0xDF, 0xD6, 0x04, 0xFC, 0xC0, 0x3A, 0xA8, 0x4C, 0x9E, 0x48,
    0x79, 0x4D, 0xE8, 0xB6, 0xC6, 0x73, 0x96, 0x4E, 0x8B, 0x0E, 0x11, 0x00, 0xEB, 0x5C, 0xCE, 0xB5,
    0x14, 0xCB, 0x81, 0x4D, 0x06, 0xAB, 0xC7, 0x70, 0x3A, 0x43, 0x6E, 0xA3, 0x01, 0xB8, 0x05, 0x80,
    0xD0, 0x2B, 0x93, 0xCE, 0xEB, 0x31, 0xEA, 0x6D, 0xD0, 0x48, 0x95, 0xB6, 0x51, 0x49, 0x9A, 0x22,
    0x0B, 0xA4, 0xDD, 0x08, 0xC9, 0x92, 0x91, 0x35, 0xC9, 0x98, 0x75, 0x1F, 0xAE, 0xF2, 0x16, 0xB8,
    0x97, 0xC9, 0x48, 0xE7, 0x1B, 0x3E, 0xF3, 0x5A, 0xD1, 0x69, 0xD9, 0xB4, 0x72, 0xF1, 0x3B, 0x1C,
    0xD4, 0x63, 0xEE, 0x58, 0xB6, 0x9A, 0x51, 0xA2, 0x72, 0x2E, 0x47, 0x58, 0x81, 0xC9, 0x99, 0xD3,
    0x3A, 0x7F, 0x55, 0x3B, 0x77, 0x3F, 0x3D, 0x9C, 0x23, 0x75, 0x5C, 0xCE, 0x3C, 0xBA, 0x44, 0x30,
    0x46, 0x2C, 0x6F, 0x20, 0xFD, 0x24, 0x2D, 0x3A, 0x4B, 0x9B, 0x94, 0xE4, 0x2D, 0x90, 0x2B, 0x2D,
    0xC8, 0xD5, 0x1A, 0x04, 0x03, 0x86, 0x25, 0xA9, 0xE3, 0x2C, 0xBA, 0xA0, 0x46, 0x81, 0x16, 0x70,
    0x3B, 0x17, 0x17, 0x90, 0xE1, 0x04, 0xAB, 0x3A, 0x5E, 0xFE, 0x88, 0x46, 0xA9, 0xE2, 0xA5, 0x9E,
    0x3D, 0xFB, 0xA2, 0xC5, 0x84, 0xE5, 0x45, 0x9D, 0xF6, 0xCA, 0x9D, 0x83, 0x53, 0x0D, 0x70, 0xA7,
    0x69, 0xA3, 0x22, 0xA6, 0x2F, 0xFC, 0x05, 0x67, 0x92, 0x77, 0x21, 0x62, 0xD0, 0xBC, 0xC5, 0x04,
    0x75, 0x7C, 0xB3, 0x06, 0xE3, 0x89, 0x16, 0xB8, 0xD1, 0x65, 0x5C, 0x62, 0xC4, 0xD3, 0x0A, 0x1A,
    0x25, 0x24, 0x87, 0x33, 0xD3, 0x4D, 0x7B, 0x46, 0x7F, 0x52, 0x70, 0x16, 0x4C, 0x38, 0x09, 0x2A,
    0x41, 0xDA, 0x4E, 0xDB, 0xE2, 0x1A, 0x8D, 0x8C, 0x21, 0x93, 0x57, 0xE0, 0xE0, 0xCF, 0xE2, 0x6F,
    0xC2, 0x8D, 0x9B, 0xEA, 0x46, 0xD7, 0x55, 0xD1, 0x2C, 0xD1, 0xE5, 0x66, 0x74, 0x40, 0x8C, 0x04,
    0x31, 0xD9, 0x1D, 0x3B, 0x0B, 0xFF, 0x31, 0xAA, 0x78, 0x2B, 0xE1, 0xBE, 0x82, 0x6C, 0x76, 0x94,
    0xBE, 0x58, 0xB0, 0x84, 0x56, 0xBC, 0x03, 0xD3, 0xA7, 0x1F, 0xD1, 0xCC, 0x1D, 0x41, 0xDD, 0x9B,
    0x61, 0x36, 0x03, 0xB8, 0xBD, 0xD7, 0xAD, 0x00, 0xBD, 0x9C, 0x76, 0x28, 0x0A, 0x2D, 0x5E, 0x67,
    0x5A, 0x12, 0x06, 0x39, 0x84, 0xAF, 0x7E, 0x39, 0x11, 0x39, 0x4B, 0x22, 0x33, 0x19, 0x83, 0xF9,
    0x87, 0x71, 0xAA, 0x7F, 0xB3, 0x2C, 0x1D, 0x91, 0x24, 0x65, 0x34, 0x3E, 0x65, 0xE5, 0xE2, 0xBC,
    0x98, 0x76, 0xC6, 0xDC, 0x9B, 0x51, 0xEE, 0x04, 0x73, 0x57, 0x71, 0x06, 0xAA, 0xBF, 0x0D, 0x08,
    0xC2, 0xC9, 0xA6, 0x79, 0x68, 0xED, 0x08, 0x05, 0x37, 0x39, 0x58, 0x39, 0x4B, 0xEB, 0xB4, 0x8E,
    0x9B, 0x65, 0x19, 0xB5, 0x56, 0x47, 0x13, 0x1E, 0x0A, 0x41, 0x79, 0x30, 0xAF, 0x2C, 0xBB, 0x05,
    0x22, 0x48, 0x9A, 0x48, 0x51, 0x17, 0x2B, 0xDD, 0xC8, 0x23, 0xDB, 0xFF, 0x52, 0x5C, 0xA1, 0xD3,
    0x2E, 0xAF, 0x3D, 0x5B, 0x39, 0xAF, 0xF1, 0x31, 0x7F, 0x56, 0xB6, 0xAF, 0x93, 0xFD, 0x1F, 0xF5,
    0x8D, 0x21, 0x64, 0xC1, 0x32, 0x18, 0xF2, 0xC9, 0xB5, 0x22, 0xF3, 0xCB, 0x28, 0x0F, 0xF2, 0x29,
    0x39, 0x7C, 0x05, 0xBA, 0x7E, 0xDB, 0xAF, 0x5C, 0x0A, 0x44, 0xB0, 0x7C, 0x1B, 0xE9, 0xEE, 0x8A,
    0x20, 0x19, 0x00, 0x0F, 0x9C, 0x0E, 0xCA, 0x69, 0x54, 0x77, 0x75, 0x39, 0xCD, 0xBD, 0x82, 0xD0,
    0x36, 0x8F, 0xEE, 0xEA, 0x88, 0xC4, 0x96, 0xE5, 0xD3, 0xD2, 0x3C, 0x0D, 0xD0, 0x27, 0xC6, 0x2E,
    0x85, 0x37, 0x45, 0x57, 0x80, 0xA3, 0x3B, 0xA4, 0xA1, 0x9D, 0x8D, 0x60, 0x22, 0x10, 0xE1, 0xC1,
    0x21, 0xF0, 0xEF, 0xE0, 0x08, 0xF4, 0xFA, 0x46, 0x8F, 0x0B, 0x04, 0xC5, 0x40, 0xC7, 0xC9, 0x07,
    0xFD, 0xA3, 0x6E, 0xE7, 0x24, 0x40, 0xF3, 0x97, 0xAE, 0xEB, 0x2D, 0xB8, 0xDF, 0x57, 0x72, 0xBF,
    0xF9, 0x77, 0xCD, 0x8E, 0x6B, 0xCF, 0xB9, 0x17, 0xEE, 0xA2, 0xA8, 0xB7, 0xC8, 0xCE, 0xEB, 0xC4,
    0xA8, 0x39, 0xA0, 0xE5, 0x14, 0x1A, 0x0E, 0xCC, 0xBB, 0x9E, 0xFC, 0x44, 0xF7, 0xCA, 0xF2, 0xE6,
    0xC0, 0x95, 0xF3, 0x1E, 0xD1, 0xBC, 0x1B, 0xD1, 0x73, 0x98, 0x77, 0xE3, 0xF7, 0x7B, 0x4E, 0x19,
    0xCC, 0xBB, 0xE7, 0x8F, 0xEF, 0x6F, 0x39, 0xEF, 0xD7, 0xD9, 0xAA, 0xDA, 0x69, 0x95, 0xCF, 0x58,
    0x33, 0x68, 0xEA, 0x1E, 0xD1, 0x65, 0xD0, 0x0F, 0x0F, 0x94, 0xA9, 0x42, 0x26, 0xFA, 0xD4, 0xC0,
    0x5A, 0xE6, 0xBC, 0x6B, 0x80, 0xF7, 0x7E, 0x8D, 0x08, 0xF2, 0xCB, 0xD5, 0x1C, 0xBE, 0x1F, 0x56,
    0xD2, 0xAC, 0xEC, 0x0A, 0xBE, 0x3A, 0x80, 0xBC, 0xAC, 0xE6, 0xF9, 0x48, 0xF3, 0x49, 0xCF, 0xCC,
    0x8C, 0xD4, 0x9C, 0xDF, 0xB4, 0xDF, 0xCE, 0x6C, 0x05, 0x99, 0x35, 0x5D, 0x31, 0x05, 0xD9, 0xFE,
    0x30, 0xD4, 0xBF, 0x95, 0xF2, 0xBC, 0xED, 0x19, 0xDF, 0x3F, 0x38, 0x5B, 0x71, 0x91, 0x56, 0xBC,
    0x2B, 0xD6, 0x7D, 0x63, 0x62, 0x2A, 0x3E, 0x81, 0xD4, 0x9F, 0x68, 0x0E, 0x0A, 0x5F, 0x67, 0xA8,
    0xCB, 0xC7, 0x0C, 0xF4, 0x82, 0x7B, 0x91, 0x8D, 0x26, 0x51, 0x37, 0x01, 0x62, 0x8D, 0xFB, 0xDF,
    0x20, 0x4C, 0xDF, 0x83, 0x32, 0x1F, 0x62, 0x61, 0xDE, 0x01, 0xC9, 0x9E, 0x8C, 0x56, 0x33, 0x78,
    0x8A, 0x25, 0x5E, 0x3A, 0x30, 0xE4, 0xAE, 0x0E, 0xBE, 0x5C, 0xC4, 0xE1, 0xF7, 0xBE, 0x2C, 0xDA,
    0xDB, 0x87, 0x3D, 0x5F, 0x5E, 0xE9, 0xF5, 0xB0, 0x9C, 0x6D, 0x49, 0xDB, 0xB2, 0xB6, 0xA6, 0x6D,
    0xE6, 0x6D, 0xBE, 0x5B, 0x51, 0x4F, 0x1B, 0xF2, 0xD9, 0x01, 0xB1, 0x06, 0xB3, 0xBA, 0xB0, 0x82,
    0x30, 0x32, 0xAB, 0x03, 0x6F, 0x45, 0x59, 0x98, 0x05, 0xAB, 0x1D, 0x0E, 0xDC, 0x50, 0xC9, 0x55,
    0xDE, 0xF6, 0x77, 0x80, 0xBC, 0xA8, 0x8D, 0xFA, 0x08, 0xC0, 0x3E, 0xAC, 0xF4, 0xFD, 0x99, 0x4F,
    0x39, 0x62, 0x6E, 0x83, 0xEB, 0xBE, 0x23, 0xD4, 0xCC, 0x1F, 0x32, 0x68, 0xC7, 0xE5, 0x40, 0x9F,
    0x7E, 0x02, 0xDA, 0x55, 0x3B, 0x07, 0xAE, 0xCE, 0x15, 0xBD, 0xCC, 0xF4, 0xF2, 0x2E, 0x95, 0xB9,
    0x32, 0x10, 0x90, 0x72, 0xA5, 0x33, 0xC4, 0x30, 0xC7, 0xF1, 0x0D, 0x18, 0xBC, 0x1F, 0x75, 0x95,
    0x09, 0xE0, 0x75, 0xAB, 0x1D, 0x83, 0xF0, 0xBA, 0xC2, 0xB3, 0x3C, 0x36, 0x80, 0x97, 0x1D, 0x24,
    0x53, 0x2D, 0xAC, 0xF0, 0x43, 0xC8, 0xC8, 0x0B, 0x96, 0x4F, 0xC3, 0x6A, 0xE7, 0xBD, 0x86, 0x65,
    0xC2, 0x73, 0xFB, 0x69, 0xA5, 0x53, 0x97, 0xCE, 0xE1, 0x7C, 0x87, 0xFC, 0xD3, 0x25, 0xC8, 0x46,
    0x69, 0xB5, 0xE0, 0x8A, 0xA1, 0x47, 0x4A, 0x7D, 0x81, 0xEF, 0x08, 0xB1, 0x34, 0x99, 0x08, 0x17,
    0x3D, 0x52, 0x2F, 0x18, 0x56, 0x09, 0x65, 0x2E, 0xC6, 0x67, 0xF5, 0xDD, 0xB1, 0x60, 0x84, 0x8B,
    0x0F, 0x45, 0x86, 0x41, 0x6D, 0x4F, 0x75, 0x08, 0xBB, 0x7A, 0xA7, 0x90, 0xEC, 0x08, 0x5F, 0x4F,
    0x20, 0x7C, 0x21, 0xAA, 0xC4, 0x2A, 0x53, 0xCB, 0x0E, 0x8B, 0xC6, 0x0A, 0x8A, 0x9C, 0x76, 0x58,
    0xCE, 0x3D, 0xBA, 0x05, 0xBB, 0x5C, 0xE6, 0xB3, 0xDD, 0x32, 0x2B, 0x80, 0xB0, 0x12, 0x80, 0xD6,
    0xC3, 0x78, 0x32, 0xC3, 0xBE, 0xE3, 0x9A, 0xD6, 0xD2, 0xE1, 0xFD, 0x92, 0x9F, 0x77, 0x45, 0x8E,
    0x74, 0x9D, 0x17, 0xBC, 0x0E, 0x41, 0x55, 0x00, 0x0E, 0x3F, 0x70, 0x5F, 0x66, 0x2F, 0x77, 0x15,
    0x99, 0x61, 0x20, 0x5D, 0x08, 0xE7, 0x56, 0xCE, 0xE3, 0xC2, 0xF5, 0x79, 0xE7, 0x0E, 0x73, 0xBD,
    0xCD, 0x1E, 0x84, 0xFB, 0xDE, 0x34, 0x79, 0x5A, 0xF1, 0x35, 0x38, 0x5D, 0xDC, 0xE5, 0x40, 0xE6,
    0x55, 0x5C, 0x12, 0x99, 0x53, 0x24, 0xA9, 0x0E, 0x7D, 0xA2, 0x4A, 0xF6, 0x85, 0xA8, 0x27, 0x97,
    0xAC, 0x5E, 0x65, 0x34, 0xDB, 0x58, 0x1D, 0x6B, 0xC9, 0x27, 0x5F, 0x97, 0x4F, 0x8D, 0xC6, 0x46,
    0xF5, 0xC2, 0x47, 0xF5, 0x9A, 0x87, 0xE7, 0x75, 0xEC, 0x68, 0x87, 0x37, 0xDA, 0x42, 0x37, 0x85,
    0xCE, 0x4B, 0x1C, 0x3F, 0x90, 0xD7, 0xF5, 0xFB, 0x67, 0x1E, 0xE2, 0xB1, 0x54, 0x66, 0xB6, 0xD3,
    0xD4, 0x99, 0x99, 0x08, 0xDC, 0x46, 0xE6, 0x4A, 0x99, 0x3B, 0xDC, 0xDC, 0xB0, 0x63, 0x85, 0x8E,
    0x35, 0x86, 0xEF, 0x38, 0xF7, 0x3F, 0x3D, 0x51, 0x31, 0x4E, 0xC3, 0x40, 0x10, 0x1C, 0xDB, 0x04,
    0x4B, 0x49, 0xB1, 0x69, 0x90, 0xA0, 0xC1, 0x6D, 0xBA, 0x6B, 0x29, 0x62, 0xCE, 0xF9, 0x41, 0x0A,
    0xD2, 0x53, 0xD0, 0xF3, 0x81, 0xC0, 0x99, 0x3C, 0x82, 0x6F, 0xD0, 0x50, 0x50, 0x24, 0xF8, 0xA4,
    0x94, 0x14, 0xF8, 0x09, 0x96, 0xA0, 0x83, 0xE2, 0x24, 0x52, 0x5C, 0x61, 0x7B, 0x59, 0xC7, 0x51,
    0x56, 0xD3, 0xDC, 0xCC, 0xDE, 0x69, 0x66, 0x0E, 0x58, 0x83, 0xC1, 0xB9, 0x2E, 0x63, 0x87, 0x1D,
    0x80, 0x31, 0xEA, 0xB0, 0x89, 0x6B, 0xDA, 0xA9, 0x3C, 0x45, 0x3F, 0xEF, 0x08, 0x38, 0x8B, 0xD8,
    0xD2, 0x8F, 0x53, 0x33, 0x3F, 0xC5, 0xB4, 0xA7, 0xC9, 0x9F, 0x2B, 0xAE, 0x35, 0xD7, 0x57, 0xC6,
    0x21, 0xC8, 0xCE, 0x16, 0x59, 0xC1, 0x55, 0x0F, 0x51, 0x65, 0x2D, 0xC5, 0x52, 0x3D, 0xF9, 0x84,
    0xDD, 0x88, 0xAB, 0x90, 0x33, 0x21, 0x87, 0x30, 0x25, 0x3B, 0x76, 0xA6, 0x1C, 0xE2, 0x04, 0x63,
    0xB3, 0x6A, 0x78, 0xCB, 0x02, 0xB3, 0x6D, 0x06, 0x98, 0xCB, 0x42, 0xD2, 0xC2, 0x14, 0x76, 0x93,
    0xD8, 0x8D, 0xB6, 0xE0, 0x2C, 0x68, 0x10, 0xD6, 0xC0, 0x0D, 0x44, 0x24, 0x86, 0xBE, 0xB7, 0x9A,
    0xF6, 0x78, 0xC9, 0xA9, 0x3D, 0xB8, 0x8B, 0xDC, 0x43, 0xEC, 0x5A, 0xFA, 0x6B, 0xF4, 0x87, 0x7F,
    0x24, 0xFB, 0x7A, 0x79, 0xE0, 0xC5, 0x80, 0x5A, 0x79, 0xF1, 0x2C, 0xCE, 0xC5, 0xBF, 0xA4, 0xE8,
    0x27, 0x25, 0x5B, 0x50, 0x65, 0x3E, 0x9D, 0xFA, 0xAA, 0x23, 0xB7, 0xC1, 0xDB, 0xFE, 0x42, 0x91,
    0xC5, 0x5C, 0x11, 0x3B, 0xF5, 0xEC, 0x53, 0xAC, 0xFB, 0x8C, 0x21, 0xC8, 0x2A, 0x5C, 0xC3, 0x58,
    0x63, 0xB5, 0x1D, 0x20, 0xCC, 0xC9, 0x25, 0x9E, 0xFC, 0xA9, 0x0F, 0x76, 0x91, 0x53, 0xD6, 0xE0,
    0x56, 0xB6, 0xB4, 0xED, 0x12, 0x15, 0x95, 0xCA, 0xBB, 0xC3, 0xAA, 0x3E, 0x26, 0xBA, 0xC0, 0xDD,
    0x40, 0xD4, 0xA2, 0x34, 0x25, 0x59, 0xCA, 0x35, 0x26, 0xD2, 0xD2, 0x28, 0xA7, 0x6F, 0x6A, 0x50,
    0x8C, 0xD9, 0x34, 0xCA, 0x77, 0x7D, 0x87, 0x4E, 0xF2, 0x64, 0x06, 0xC5, 0xAF, 0x69, 0x13, 0xF9,
    0x81, 0x09, 0x26, 0x53, 0x2C, 0xF5, 0x4C, 0x8A, 0xDB, 0xED, 0x8B, 0xEB, 0xDE, 0x3D, 0x36, 0xBB,
    0x58, 0xCC, 0xFF, 0x01, 0xCD, 0x5A, 0x3D, 0x90, 0xDD, 0xD6, 0x75, 0xBE, 0x78, 0xD8, 0x5D, 0x64,
    0x88, 0x02, 0x2A, 0x18, 0x27, 0x22, 0x67, 0x82, 0x46, 0x85, 0x25, 0x7B, 0x84, 0xD6, 0x85, 0xC5,
    0x0B, 0x8A, 0x33, 0x49, 0x91, 0x42, 0x5B, 0x68, 0xA3, 0x82, 0x85, 0x1A, 0x37, 0x92, 0x3D, 0xC3,
    0x36, 0x85, 0x48, 0x40, 0x52, 0xA9, 0x82, 0x5B, 0xD8, 0x49, 0xCB, 0x82, 0x9E, 0x91, 0x1E, 0x67,
    0xBC, 0x8D, 0x0B, 0x17, 0x34, 0x01, 0x9A, 0x33, 0x51, 0xE1, 0x22, 0x70, 0x34, 0x9A, 0x94, 0x82,
    0x23, 0x8D, 0xED, 0xB1, 0x0A, 0xC1, 0x31, 0x34, 0x82, 0x4C, 0x00, 0x27, 0xDF, 0x77, 0x2E, 0xF0,
    0xDE, 0xDB, 0xE5, 0x2E, 0xB3, 0xA2, 0x69, 0xCA, 0x4B, 0xE2, 0xBB, 0x78, 0xEF, 0x01, 0xF7, 0xE7,
    0xDC, 0x73, 0xCF, 0xF9, 0xCE, 0xB9, 0xD7, 0x18, 0xFC, 0x79, 0x7D, 0xD8, 0x18, 0x5F, 0xE2, 0x16,
    0x90, 0x74, 0xC6, 0x1F, 0xA3, 0xC6, 0x98, 0x9B, 0x8B, 0xDC, 0xE8, 0xDF, 0xEB, 0xCB, 0xE5, 0x7B,
    0xA6, 0x10, 0x11, 0x93, 0x11, 0xC2, 0xD1, 0x14, 0x84, 0x24, 0x05, 0x44, 0x39, 0x60, 0x0B, 0x1F,
    0xFD, 0x72, 0x02, 0x39, 0x20, 0xC8, 0x0C, 0x63, 0x30, 0xFF, 0x30, 0xA2, 0x2A, 0x40, 0x58, 0xF2,
    0x35, 0x42, 0x52, 0x46, 0xE3, 0x5E, 0x51, 0xB2, 0xE6, 0x5C, 0xE1, 0xDC, 0x12, 0x7F, 0xC6, 0x58,
    0xDC, 0x4B, 0xEA, 0x8A, 0xDC, 0x64, 0x77, 0xA5, 0xCC, 0x4A, 0x53, 0x78, 0x52, 0x26, 0xA5, 0xB9,
    0x83, 0x22, 0x2A, 0xCD, 0x6D, 0x14, 0x67, 0x52, 0xB3, 0x85, 0x42, 0xFB, 0x2F, 0x77, 0x7F, 0x92,
    0xB2, 0xF8, 0x4C, 0x3A, 0x16, 0x22, 0x23, 0x8B, 0x2F, 0x5F, 0x45, 0x35, 0x78, 0x64, 0x81, 0xA7,
    0xF8, 0xE4, 0x43, 0x8B, 0xDC, 0x2C, 0xA4, 0xF2, 0xC4, 0x98, 0x58, 0xFA, 0xC5, 0xA8, 0x85, 0xDF,
    0xEB, 0xF8, 0x29, 0x0C, 0xFC, 0x59, 0x6D, 0xCA, 0x5C, 0x70, 0x42, 0xD9, 0x22, 0xEC, 0x10, 0x12,
    0x8A, 0xA9, 0xC0, 0x8F, 0x0B, 0xD4, 0x61, 0xC2, 0x81, 0x6F, 0xE4, 0xD3, 0x13, 0x10, 0xDD, 0xBB,
    0x14, 0xDD, 0x38, 0x8B, 0xCE, 0x53, 0xF9, 0xD9, 0x15, 0xC4, 0x2B, 0xB9, 0x7C, 0x45, 0x88, 0x84,
    0xAD, 0x4A, 0x33, 0x81, 0x59, 0xDC, 0xB9, 0x54, 0x42, 0x64, 0xF7, 0x4B, 0x8E, 0xBE, 0x0C, 0x24,
    0xCD, 0xAA, 0xA8, 0x37, 0x51, 0x9D, 0xB4, 0x26, 0xA8, 0x2D, 0x66, 0xB7, 0xC9, 0x1A, 0xE3, 0xA5,
    0x45, 0xCD, 0xD7, 0xFE, 0x84, 0x5E, 0xE1, 0xB1, 0xDE, 0x81, 0xFB, 0x8E, 0x95, 0x64, 0x04, 0x0B,
    0x11, 0xA6, 0xC9, 0x60, 0x16, 0x75, 0x24, 0x79, 0xDC, 0xF8, 0xAC, 0x8F, 0x0F, 0x62, 0xA4, 0x94,
    0xAE, 0xD9, 0xC3, 0x75, 0xE5, 0x93, 0x9F, 0xE2, 0xFB, 0x2E, 0xC2, 0x95, 0x34, 0x61, 0x6F, 0xAB,
    0x45, 0x8F, 0x39, 0xEA, 0xB3, 0xDA, 0xFC, 0x6B, 0xD6, 0x73, 0x06, 0x6B, 0x3C, 0x2C, 0x29, 0x7E,
    0xAF, 0x17, 0x78, 0x06, 0x1F, 0xF0, 0x6D, 0x31, 0x7E, 0xCF, 0x44, 0x63, 0x6F, 0x82, 0x71, 0x34,
    0xFE, 0x50, 0xA4, 0x41, 0x5F, 0xB4, 0x57, 0x3A, 0x48, 0xA7, 0x7E, 0xA3, 0x90, 0xF4, 0xA9, 0xED,
    0x7D, 0x88, 0x6B, 0x1F, 0xA3, 0xC9, 0xA4, 0xA6, 0x9E, 0x9C, 0xFA, 0x3F, 0x44, 0x81, 0xB7, 0x9C,
    0x18, 0xEC, 0x9B, 0x83, 0xDC, 0x13, 0xFC, 0x2F, 0xEE, 0x8D, 0xE7, 0xCC, 0x4D, 0x7C, 0x73, 0x6E,
    0x79, 0x13, 0xAD, 0xC7, 0xD2, 0x61, 0x7A, 0x4E, 0xFF, 0xDF, 0x87, 0xB6, 0x49, 0xCF, 0x6E, 0xEF,
    0x40, 0x25, 0x23, 0xCE, 0x1D, 0x25, 0x40, 0x01, 0xD9, 0x53, 0x5D, 0x51, 0x6E, 0x1B, 0x0B, 0xC1,
    0x67, 0xB5, 0xAD, 0xB3, 0xB2, 0xA8, 0xEC, 0xAF, 0x58, 0xA3, 0x98, 0x80, 0x32, 0x7C, 0x1A, 0xCA,
    0xFA, 0x1C, 0x74, 0x9D, 0x6A, 0x42, 0xC5, 0xE0, 0x04, 0xE0, 0x47, 0xA9, 0x50, 0xFA, 0x9F, 0xBF,
    0xCA, 0xF9, 0xC5, 0x84, 0xA9, 0x2A, 0x3D, 0xAC, 0x1C, 0xF7, 0x5C, 0x29, 0xD2, 0xA2, 0xAC, 0x43,
    0x9D, 0x24, 0x94, 0x43, 0x80, 0x19, 0x0B, 0x2A, 0x3C, 0x87, 0x1A, 0x83, 0x12, 0x25, 0xA6, 0x38,
    0x9C, 0xCA, 0xC8, 0x95, 0x31, 0x56, 0x2E, 0xCA, 0xCA, 0x0A, 0x55, 0x16, 0x4B, 0x0C, 0x72, 0x1C,
    0xCF, 0x43, 0x6D, 0x54, 0x29, 0x06, 0x93, 0x34, 0x2C, 0xF7, 0xA1, 0x32, 0xB3, 0x11, 0xD8, 0x7F,
    0x6E, 0xB9, 0x4F, 0x6D, 0xAB, 0x33, 0x4A, 0x3A, 0x93, 0x2A, 0x63, 0xBF, 0x21, 0xFF, 0x40, 0xCC,
    0x29, 0x4B, 0xF4, 0x97, 0x9D, 0xA4, 0x46, 0xB8, 0x52, 0x5C, 0x89, 0xFE, 0xBA, 0xE7, 0xA4, 0x72,
    0x65, 0xD1, 0xB8, 0x32, 0x3B, 0x52, 0x16, 0xF5, 0xF4, 0x5C, 0x19, 0xF1, 0xD5, 0xCB, 0x34, 0x1C,
    0xE8, 0x0F, 0xFA, 0xEB, 0xCA, 0xCA, 0x6C, 0xDA, 0x90, 0xDC, 0x15, 0x58, 0x17, 0x95, 0x94, 0x58,
    0xBE, 0xD6, 0xA8, 0xF1, 0xC8, 0x50, 0x84, 0x95, 0xB9, 0x8A, 0xC2, 0xE3, 0x32, 0x75, 0x36, 0xC4,
    0xC8, 0x7F, 0xE8, 0x3C, 0x38, 0xE3, 0x61, 0xDC, 0xFB, 0x46, 0x5A, 0x1A, 0x0F, 0x3E, 0xC2, 0xC9,
    0x41, 0xC1, 0xC5, 0xF2, 0x90, 0xC2, 0xC3, 0x63, 0x10, 0x4F, 0x24, 0x7D, 0x28, 0xE3, 0x5C, 0x18,
    0x73, 0x56, 0x5B, 0x70, 0xF3, 0xA6, 0xB3, 0x1B, 0xE9, 0xBD, 0x65, 0x83, 0xE6, 0x9A, 0xFE, 0xF8,
    0x94, 0x13, 0xB2, 0xF7, 0x33, 0x2A, 0x73, 0x48, 0x5B, 0x5B, 0xC7, 0x92, 0xE2, 0xC6, 0x4A, 0x1A,
    0x8C, 0xE6, 0x02, 0x54, 0x67, 0x34, 0xB7, 0x9F, 0x21, 0x62, 0x2D, 0x05, 0xE3, 0xA2, 0x25, 0x06,
    0x98, 0x8A, 0x40, 0x68, 0x7D, 0x02, 0xDA, 0x4C, 0xA2, 0x7E, 0xCF, 0xFA, 0x83, 0xD1, 0x17, 0x7D,
    0x12, 0x03, 0xC1, 0x5B, 0xD4, 0x09, 0x60, 0x4D, 0x2C, 0xD8, 0x45, 0x63, 0x47, 0x88, 0xAF, 0x89,
    0xA5, 0xD4, 0x16, 0x75, 0xA2, 0xBF, 0x87, 0x6B, 0x9F, 0x37, 0x8B, 0x6E, 0xDD, 0x59, 0x35, 0x6C,
    0x98, 0x72, 0xED, 0xED, 0xA2, 0x99, 0xBB, 0x8B, 0xDE, 0x9E, 0x5B, 0xDE, 0x80, 0xE0, 0xAD, 0xAE,
    0xD9, 0x44, 0x38, 0x49, 0xBE, 0x1A, 0xB8, 0x4D, 0x8C, 0x9C, 0xC9, 0x53, 0x54, 0x1B, 0xE8, 0x7F,
    0x41, 0x8C, 0x3E, 0x20, 0xDA, 0x4B, 0xC4, 0x81, 0x4F, 0x4A, 0xAB, 0x58, 0x29, 0xA6, 0x47, 0xEA,
    0x89, 0xB8, 0x72, 0x72, 0xD7, 0x96, 0x43, 0x13, 0xA6, 0xFF, 0xA0, 0x56, 0x99, 0x76, 0x79, 0x85,
    0x39, 0x2D, 0xA3, 0x76, 0xFA, 0x27, 0xFB, 0xC6, 0x6C, 0xA8, 0x2E, 0x9A, 0x46, 0x27, 0x53, 0x7D,
    0x57, 0xEB, 0xA4, 0xC3, 0xC3, 0x22, 0xC1, 0x8C, 0xA5, 0x91, 0xCE, 0x30, 0x8D, 0x76, 0x56, 0x25,
    0xAC, 0xB3, 0xB1, 0xC0, 0xB8, 0x7D, 0x81, 0x13, 0xD5, 0xDF, 0x06, 0x06, 0x03, 0xC5, 0xE1, 0xAB,
    0x89, 0xF1, 0x14, 0x55, 0x1F, 0x26, 0xA7, 0xF0, 0x8C, 0xA5, 0xEC, 0x46, 0xAB, 0xA2, 0xEA, 0x15,
    0x55, 0x7A, 0xAA, 0x4F, 0xE6, 0xE9, 0x55, 0x1F, 0x56, 0xB2, 0xC2, 0xAA, 0x3B, 0x5E, 0x56, 0x8F,
    0x05, 0x23, 0xF5, 0x9F, 0xF4, 0xA8, 0x94, 0x15, 0x11, 0xD6, 0x45, 0x75, 0x3C, 0x56, 0x8C, 0x1C,
    0xEA, 0x9C, 0x6E, 0xAB, 0x84, 0x9E, 0xD3, 0xFB, 0xC2, 0x8D, 0xCB, 0x8D, 0xB1, 0xD5, 0xF1, 0x72,
    0x30, 0xFE, 0xA7, 0xC4, 0xF0, 0xBF, 0xD5, 0xEB, 0xDC, 0xE3, 0x5A, 0x8E, 0xDE, 0x22, 0x26, 0x17,
    0xA9, 0x16, 0x56, 0x97, 0xCF, 0x35, 0x15, 0xC7, 0x9D, 0x25, 0x47, 0xAC, 0x0D, 0xD2, 0x0B, 0x81,
    0x4D, 0xB4, 0x86, 0x74, 0x02, 0xCA, 0x06, 0xAB, 0x5F, 0x53, 0xE9, 0xE3, 0x06, 0x8E, 0x35, 0x85,
    0x1A, 0xE0, 0x21, 0x87, 0xAF, 0x73, 0xBD, 0xAE, 0xD8, 0x05, 0x39, 0x45, 0x46, 0x4E, 0x91, 0xE4,
    0x33, 0x4D, 0x50, 0x8A, 0x31, 0xBB, 0x3E, 0x91, 0x4F, 0xD4, 0x64, 0xE0, 0xE3, 0x65, 0x35, 0x1A,
    0xEA, 0x2B, 0xD4, 0x3C, 0xD8, 0x15, 0xE8, 0x47, 0xA9, 0x22, 0x79, 0x45, 0x89, 0xC5, 0xC8, 0xEA,
    0x6B, 0x4C, 0xC1, 0x8F, 0x69, 0xBE, 0x30, 0x35, 0x93, 0x2F, 0xF6, 0x25, 0xA7, 0x43, 0xD6, 0x5A,
    0x66, 0xF0, 0xD8, 0x03, 0x68, 0xBD, 0xDA, 0xD4, 0xD0, 0x19, 0xAA, 0x03, 0x3E, 0xE7, 0x4C, 0xD3,
    0xB1, 0x0D, 0xC1, 0x4F, 0x5E, 0x16, 0xA5, 0x31, 0xAC, 0xFE, 0x93, 0x27, 0xE7, 0xF4, 0x3D, 0xB5,
    0x75, 0xBE, 0xDA, 0xD1, 0x85, 0xA2, 0xB1, 0x3F, 0xA2, 0x8B, 0x4A, 0x52, 0x7B, 0x14, 0xCD, 0x1A,
    0xED, 0x09, 0x78, 0x4D, 0xF1, 0xE7, 0x8A, 0xFD, 0x1A, 0x61, 0x09, 0x80, 0xAA, 0x48, 0xA5, 0x6C,
    0x22, 0x75, 0xA0, 0x54, 0xBA, 0x53, 0xF6, 0x2B, 0x0C, 0xCB, 0x77, 0x49, 0x8C, 0xF2, 0x27, 0x46,
    0x1A, 0x77, 0x6E, 0x40, 0x0C, 0xE9, 0x99, 0xFD, 0xB8, 0x87, 0x20, 0x72, 0xDB, 0x59, 0x81, 0x28,
    0x52, 0xE9, 0x61, 0x36, 0xA1, 0x7B, 0xF0, 0xFC, 0x1F, 0xE5, 0x49, 0xB7, 0xF8, 0xA2, 0x5D, 0x44,
    0x65, 0xD2, 0xF9, 0x0D, 0x4C, 0x61, 0x95, 0x74, 0x58, 0xF7, 0x50, 0xCB, 0xA4, 0xE3, 0x52, 0x58,
    0x74, 0x49, 0xA7, 0x1C, 0xCE, 0x49, 0x50, 0x3D, 0xF2, 0xA0, 0xDA, 0xAF, 0xBE, 0x03, 0x5A, 0x9B,
    0x74, 0x2A, 0xBC, 0x36, 0xE9, 0x62, 0x92, 0x1B, 0xBE, 0x87, 0x07, 0x8A, 0x3A, 0xE9, 0x60, 0x9E,
    0xA1, 0x36, 0xA8, 0x97, 0x13, 0xA0, 0x65, 0xFE, 0x2D, 0x49, 0x6D, 0xEF, 0xC9, 0xEF, 0x0A, 0xF6,
    0x23, 0x97, 0xD1, 0xB2, 0x5F, 0x25, 0xBE, 0x52, 0x7B, 0xB4, 0xB3, 0x1B, 0xED, 0x60, 0xD9, 0x44,
    0x05, 0x34, 0x2B, 0x1A, 0x0B, 0x0C, 0xAA, 0x86, 0x3B, 0x8B, 0x4A, 0x1F, 0x56, 0x28, 0x5D, 0x00,
    0xB8, 0x80, 0x27, 0xBB, 0x1B, 0x91, 0x33, 0x71, 0x5D, 0x15, 0xA2, 0x8E, 0x97, 0x9D, 0x0A, 0x44,
    0x79, 0x2E, 0x57, 0xB0, 0x94, 0xCF, 0x13, 0x2C, 0x3F, 0x26, 0x20, 0x2C, 0x79, 0xF4, 0xE5, 0x15,
    0x5A, 0x49, 0xA5, 0x5A, 0x5C, 0x88, 0xDB, 0x3F, 0xFC, 0xFA, 0x6D, 0x74, 0x1E, 0xA2, 0xBF, 0x49,
    0x45, 0xF3, 0x63, 0xEB, 0x04, 0x63, 0x89, 0x2B, 0x1A, 0xA1, 0xD0, 0x49, 0xFA, 0xFB, 0x37, 0x37,
    0x6C, 0xF4, 0xD7, 0xD8, 0xCF, 0xBF, 0x0A, 0xBF, 0xEB, 0x08, 0x61, 0xA1, 0x34, 0x30, 0x53, 0xD5,
    0x0B, 0x3E, 0x7F, 0x75, 0x20, 0xA1, 0xA3, 0x22, 0x3C, 0x88, 0x41, 0xB5, 0x81, 0x25, 0x31, 0xDC,
    0xC0, 0xC8, 0x61, 0x4E, 0x8C, 0x53, 0xE0, 0xF3, 0x09, 0x15, 0xAA, 0x28, 0x88, 0x50, 0xA5, 0x18,
    0x5D, 0xC2, 0xF2, 0x80, 0x2B, 0xAA, 0x89, 0x93, 0x1F, 0x58, 0xA6, 0xE0, 0xBB, 0xFB, 0x16, 0x6D,
    0x47, 0x14, 0x0C, 0x59, 0x7C, 0x45, 0xAF, 0x67, 0x29, 0xB8, 0x16, 0x0C, 0x5E, 0x7D, 0x82, 0x68,
    0xE1, 0xDD, 0x47, 0xF1, 0xC5, 0xB8, 0xF8, 0x23, 0x8A, 0x3F, 0x8A, 0xFF, 0xB1, 0x18, 0xFF, 0x7F,
    0x25, 0x84, 0x83, 0x08, 0x6A, 0xB9, 0xEE, 0x8A, 0x8F, 0x2E, 0xB1, 0xC8, 0x84, 0xA2, 0xAF, 0xED,
    0xA8, 0x45, 0xD2, 0xB3, 0x40, 0xAF, 0x17, 0x5A, 0x80, 0x5F, 0x99, 0xA8, 0x0A, 0x1A, 0xE8, 0x7E,
    0x5C, 0x73, 0xD1, 0xE5, 0x74, 0xDF, 0x56, 0xBA, 0xA9, 0x78, 0x44, 0xC7, 0xB9, 0xE6, 0x96, 0x33,
    0x9E, 0xCA, 0x71, 0x52, 0x5B, 0x0E, 0x29, 0xF0, 0x42, 0x7D, 0xB8, 0xA5, 0xBA, 0x7A, 0x3A, 0x33,
    0x24, 0xA1, 0x2D, 0x65, 0x98, 0xF4, 0xE4, 0xC8, 0x11, 0x3D, 0x81, 0xA1, 0xDA, 0xD4, 0xAC, 0xA1,
    0x50, 0xC4, 0x63, 0x58, 0xCF, 0x87, 0x70, 0xE3, 0xD7, 0x4C, 0x99, 0x07, 0xDF, 0x1A, 0x18, 0x6B,
    0x31, 0x4A, 0x03, 0xDD, 0x46, 0x98, 0x26, 0xBF, 0x91, 0x5A, 0x5B, 0x49, 0xE7, 0x50, 0xCB, 0xBC,
    0xE6, 0x62, 0xC8, 0x25, 0x25, 0x20, 0xCA, 0x60, 0x88, 0x20, 0xFE, 0xAF, 0xFC, 0xA5, 0xA8, 0x03,
    0x2D, 0xCC, 0xE1, 0xA5, 0xE1, 0xBC, 0x66, 0x3B, 0xDB, 0xF1, 0xC0, 0x79, 0xC3, 0xB5, 0xD7, 0xAC,
    0x56, 0x50, 0x4E, 0xEE, 0xF4, 0xBC, 0x0A, 0x7D, 0x20, 0x20, 0xEE, 0x18, 0x5F, 0x3E, 0xC9, 0x99,
    0xA5, 0xAC, 0xB9, 0x9B, 0xC0, 0xEC, 0xC8, 0xDB, 0xE0, 0xE6, 0x88, 0x60, 0xE9, 0xCA, 0x2A, 0x4C,
    0x44, 0x56, 0x6B, 0x04, 0x6B, 0x21, 0x9A, 0xC6, 0x45, 0xB0, 0x10, 0xCF, 0x0D, 0x8D, 0x56, 0x95,
    0x7C, 0x6D, 0xC0, 0x83, 0x11, 0xAC, 0x41, 0x04, 0xEB, 0x31, 0x82, 0x0D, 0x9B, 0x80, 0xF5, 0x39,
    0xB9, 0x3A, 0xB1, 0x42, 0xAA, 0x67, 0xD4, 0x75, 0x26, 0xAA, 0x1A, 0x2E, 0xDF, 0x80, 0x18, 0xA1,
    0x2A, 0x52, 0x8B, 0x09, 0xB3, 0x39, 0x48, 0x0D, 0xCC, 0x14, 0x49, 0x8D, 0x52, 0xC3, 0x6A, 0x6B,
    0xC5, 0xF7, 0x1E, 0x09, 0x3D, 0x90, 0x02, 0x0D, 0xF0, 0x1C, 0xA6, 0x7F, 0x15, 0x8C, 0x14, 0x81,
    0xFC, 0x9E, 0x9A, 0x1E, 0x17, 0x7E, 0x3A, 0x4F, 0x33, 0x07, 0x26, 0x67, 0x0E, 0xE4, 0xBD, 0xC9,
    0x23, 0xC2, 0x6E, 0xC9, 0xC1, 0x78, 0x80, 0x99, 0xE8, 0x23, 0xDA, 0xD6, 0xA4, 0x89, 0x06, 0x2C,
    0x56, 0x44, 0xB8, 0x08, 0x1B, 0x73, 0x5B, 0xB3, 0x28, 0x8F, 0x14, 0xF8, 0xCD, 0x93, 0xDC, 0x3D,
    0xA9, 0xEF, 0x05, 0x8C, 0xDA, 0x0E, 0xA4, 0xE8, 0xE7, 0x3A, 0xD1, 0xC2, 0xF8, 0xDE, 0xBA, 0xBD,
    0xB9, 0xF5, 0xA9, 0x2F, 0x4B, 0x46, 0x9A, 0x08, 0x37, 0xCF, 0x2C, 0x69, 0x28, 0x13, 0x35, 0x94,
    0x09, 0xB3, 0x1A, 0xB9, 0xDF, 0xD1, 0xD1, 0x86, 0xA4, 0x99, 0x0D, 0x1D, 0x09, 0xFC, 0xBD, 0x56,
    0x32, 0x28, 0x39, 0x74, 0x22, 0xA9, 0xD7, 0x23, 0x2D, 0x5A, 0x15, 0x4F, 0xEF, 0xDC, 0x39, 0x9F,
    0xFC, 0x40, 0x49, 0x6B, 0xAE, 0x6E, 0x95, 0x2A, 0xB3, 0x00, 0xC7, 0xE9, 0xCD, 0x79, 0x2C, 0x66,
    0xD2, 0xD2, 0x5C, 0x69, 0x69, 0xAE, 0xB4, 0xF4, 0x09, 0x13, 0xF6, 0xA1, 0xD8, 0x40, 0x0D, 0xB4,
    0x86, 0x75, 0xD0, 0x08, 0x56, 0xC6, 0xBF, 0xAB, 0x2E, 0xF4, 0x42, 0xDF, 0x5C, 0xA6, 0x44, 0x83,
    0x5E, 0xFC, 0xAF, 0x5C, 0x22, 0x24, 0x78, 0x38, 0x4E, 0xCD, 0xE5, 0xC9, 0xA8, 0x6C, 0x71, 0x34,
    0x8E, 0xA4, 0x82, 0x90, 0xBF, 0xA3, 0x11, 0x53, 0x78, 0x02, 0x2A, 0xEB, 0x9C, 0xA6, 0x06, 0x88,
    0xA6, 0x97, 0xCB, 0x17, 0x97, 0xCB, 0x42, 0x7E, 0xCD, 0x44, 0x8B, 0xA0, 0x79, 0x91, 0xB7, 0x45,
    0x48, 0x6C, 0x7B, 0xC7, 0x8B, 0xA3, 0x27, 0x59, 0x46, 0x2E, 0x93, 0xD0, 0x16, 0xAE, 0x94, 0xB9,
    0x9C, 0xFB, 0x69, 0xE6, 0x8E, 0x9A, 0xB9, 0xA7, 0x66, 0xEE, 0xAA, 0x99, 0xEB, 0xF8, 0x7A, 0x6E,
    0xA6, 0x9E, 0xC3, 0xEE, 0x3C, 0x70, 0x33, 0xD1, 0xA2, 0x64, 0xBE, 0x89, 0xE6, 0x9B, 0x70, 0xBE,
    0x09, 0xE6, 0x1B, 0x8F, 0x39, 0x8F, 0x1B, 0xEA, 0xA4, 0x5A, 0x45, 0x12, 0xFA, 0xB7, 0x69, 0x5C,
    0x33, 0xE5, 0x92, 0x77, 0x14, 0x6F, 0x2B, 0x6E, 0x29, 0x42, 0x09, 0x7E, 0x94, 0xEA, 0x8A, 0x18,
    0x1C, 0xCD, 0x2D, 0x81, 0x17, 0xC5, 0xF9, 0x25, 0xE6, 0x80, 0x35, 0x6A, 0x3B, 0x82, 0xED, 0xE4,
    0xB5, 0x02, 0xF9, 0x47, 0x74, 0xCF, 0xCE, 0x29, 0x5A, 0x86, 0x3B, 0xFB, 0x30, 0xA7, 0xEF, 0x92,
    0x72, 0x46, 0x32, 0x64, 0x5A, 0xF4, 0xAA, 0x39, 0xEA, 0x1F, 0x1E, 0x52, 0xEC, 0x69, 0xC1, 0x20,
    0x4B, 0x0B, 0xD1, 0x2F, 0x03, 0x44, 0x16, 0xCE, 0xAF, 0x68, 0x51, 0xD4, 0xC7, 0x15, 0xD5, 0xE4,
    0x7F, 0x60, 0x23, 0xE1, 0x6D, 0x2E, 0xAA, 0xE0, 0x06, 0x34, 0x8B, 0x02, 0x61, 0xDF, 0xF0, 0xFA,
    0x94, 0xA9, 0x22, 0x97, 0xAF, 0x1F, 0x1A, 0x54, 0xB9, 0x8C, 0x94, 0x4B, 0x47, 0x21, 0x34, 0x59,
    0x4C, 0xAD, 0x9C, 0x1C, 0x53, 0x8E, 0x87, 0x62, 0xCA, 0x37, 0xC2, 0x31, 0x35, 0xD7, 0x18, 0x8C,
    0x59, 0x0A, 0xD3, 0x56, 0x64, 0x77, 0xB4, 0x50, 0x17, 0x38, 0xB4, 0xEF, 0x32, 0x48, 0xF8, 0xFB,
    0xC9, 0x29, 0x01, 0xF6, 0xF6, 0x32, 0x4D, 0xA7, 0x3A, 0x30, 0x2E, 0x55, 0xE8, 0xD2, 0x2A, 0x45,
    0xF5, 0x4D, 0xBE, 0x31, 0x30, 0xD7, 0x82, 0xF8, 0x17, 0xF2, 0x1E, 0x9D, 0x03, 0x6D, 0xC9, 0x08,
    0x60, 0xB2, 0x76, 0xF6, 0x95, 0x24, 0x6B, 0xBF, 0x31, 0x32, 0x8F, 0x15, 0x70, 0xE1, 0xAB, 0x9F,
    0x45, 0x58, 0x84, 0x50, 0x44, 0x63, 0xE7, 0x7A, 0x0E, 0x68, 0x75, 0x14, 0x1E, 0x13, 0xE8, 0x0D,
    0xC7, 0x95, 0xEA, 0x30, 0x38, 0xFD, 0xB6, 0x75, 0x89, 0x42, 0xDB, 0x1D, 0x29, 0xDB, 0xD5, 0xEF,
    0x28, 0xDD, 0xF3, 0xA4, 0xB0, 0x2C, 0x19, 0x71, 0x64, 0xB5, 0x4A, 0xC0, 0x14, 0xA5, 0x8A, 0x03,
    0x55, 0x47, 0xEC, 0xE6, 0x65, 0x46, 0xBD, 0xB5, 0x0A, 0xD1, 0xF5, 0xCB, 0xE9, 0xE5, 0x8E, 0x52,
    0xFB, 0x6F, 0x30, 0x17, 0xA7, 0xB2, 0x75, 0xF4, 0x01, 0x66, 0x99, 0x9E, 0x1C, 0x7E, 0x83, 0x98,
    0xDA, 0x99, 0x0A, 0xB9, 0xFB, 0x85, 0x7E, 0x8F, 0x36, 0x34, 0x26, 0x1D, 0xE9, 0xD0, 0x75, 0x9C,
    0x64, 0xDA, 0x0C, 0xC0, 0xC8, 0x02, 0xD0, 0x0D, 0x7D, 0x06, 0x4E, 0x86, 0x81, 0xCF, 0xAA, 0xB6,
    0xEF, 0x63, 0x79, 0x43, 0x8F, 0x46, 0xD2, 0xF1, 0xAC, 0x23, 0x4E, 0x99, 0xCB, 0x6D, 0xA3, 0x39,
    0xD7, 0xE4, 0xBE, 0x30, 0xF1, 0x97, 0xC3, 0xE1, 0x96, 0x05, 0xAE, 0x67, 0x99, 0xB2, 0xF7, 0xE8,
    0x53, 0x50, 0xC9, 0x08, 0x0F, 0x53, 0x15, 0xD0, 0x26, 0x5E, 0xF8, 0xF7, 0x5F, 0xF2, 0x49, 0x21,
    0xC5, 0x98, 0x8C, 0xF1, 0xE0, 0xED, 0x6B, 0xE0, 0xF6, 0x1D, 0x5C, 0x6F, 0xA8, 0x87, 0x01, 0x59,
    0xF1, 0xC9, 0xC1, 0x30, 0xD0, 0x78, 0xFC, 0xB1, 0xB1, 0x9A, 0x03, 0xD9, 0x35, 0x57, 0x13, 0xC9,
    0x6F, 0xD3, 0x7B, 0x20, 0x4A, 0x14, 0x10, 0x17, 0xCC, 0xC2, 0x80, 0xDA, 0x79, 0x8D, 0x2C, 0x0B,
    0x5C, 0x59, 0x15, 0xF6, 0xB0, 0x57, 0x5D, 0xDC, 0x26, 0x24, 0x25, 0xA5, 0x47, 0xEB, 0xBB, 0xB3,
    0x4B, 0x97, 0x98, 0x53, 0x23, 0xE2, 0x1E, 0x91, 0x65, 0x1F, 0x4D, 0x57, 0xDC, 0x20, 0x40, 0x84,
    0x8C, 0x65, 0x3F, 0x1A, 0xAE, 0xE0, 0x73, 0xD8, 0x47, 0x7D, 0x30, 0xA0, 0xC4, 0x85, 0xFA, 0xA1,
    0x1A, 0xD3, 0x7B, 0x8C, 0xC7, 0xCB, 0xB8, 0x8F, 0xC1, 0xA9, 0x43, 0xB4, 0xCC, 0xE8, 0xC0, 0xD7,
    0xA8, 0xE0, 0xB8, 0x2B, 0xEE, 0x9D, 0x29, 0x17, 0x5D, 0xA7, 0xC2, 0x44, 0x2A, 0x7B, 0x32, 0x1E,
    0xC0, 0x14, 0xA0, 0x89, 0xE3, 0xA1, 0x03, 0x78, 0x2D, 0x60, 0xD1, 0x00, 0x7C, 0xC2, 0x65, 0xC4,
    0x26, 0xA9, 0xFA, 0x72, 0x07, 0xA8, 0xB9, 0x46, 0x15, 0x61, 0xCD, 0x68, 0xA4, 0xD6, 0x20, 0x05,
    0x1A, 0xB0, 0xC8, 0x35, 0x81, 0x5C, 0xD0, 0xFB, 0xA0, 0x8F, 0xAD, 0xAD, 0x6D, 0x1D, 0x37, 0x59,
    0x19, 0xB5, 0xFC, 0x34, 0x8D, 0xA1, 0x99, 0x32, 0xAC, 0x9A, 0x46, 0xCD, 0xBA, 0x45, 0x43, 0x1B,
    0x86, 0x6E, 0x55, 0x8B, 0x49, 0x3E, 0xD3, 0x5F, 0x0C, 0x0E, 0x50, 0x59, 0x84, 0xD2, 0x16, 0xB6,
    0xA1, 0xB6, 0x43, 0x80, 0x08, 0xBB, 0x8E, 0x0F, 0x7C, 0xF1, 0x3F, 0x42, 0xBC, 0x72, 0x49, 0xC2,
    0xBB, 0x68, 0xFF, 0x9E, 0x44, 0x34, 0x6D, 0xF7, 0xA5, 0xD0, 0x68, 0x59, 0xB0, 0x3E, 0x8D, 0xBD,
    0xAF, 0xFA, 0x03, 0x1F, 0x10, 0x75, 0x98, 0x73, 0x3C, 0x89, 0x41, 0x20, 0x28, 0x41, 0x94, 0x7D,
    0x7E, 0xE4, 0xCD, 0x6E, 0xD1, 0x27, 0xF2, 0x2B, 0x69, 0x33, 0x34, 0x5D, 0x43, 0xB5, 0x9D, 0x59,
    0x35, 0xDB, 0xBB, 0xE6, 0x85, 0x62, 0xE0, 0xD2, 0x4E, 0xED, 0x45, 0xAE, 0x69, 0x2E, 0x69, 0x29,
    0xCF, 0x7A, 0x88, 0xF6, 0x6F, 0xB1, 0x0A, 0x90, 0x91, 0x5B, 0x92, 0x6F, 0x61, 0xF5, 0x66, 0x60,
    0xAB, 0x58, 0xB9, 0x35, 0x6D, 0x98, 0xFD, 0x94, 0x3B, 0x1F, 0x10, 0xC1, 0x6B, 0x29, 0xC4, 0xFC,
    0x12, 0x42, 0x19, 0x42, 0xDC, 0x73, 0xEB, 0x0A, 0xC1, 0x13, 0x42, 0x32, 0x06, 0xEB, 0x7D, 0x44,
    0xC8, 0x00, 0x43, 0xCF, 0xA5, 0xD4, 0x10, 0x72, 0x7E, 0xD4, 0x47, 0x00, 0xFA, 0xC6, 0xBA, 0x02,
    0x73, 0x16, 0x6A, 0x66, 0x46, 0x10, 0x16, 0x4F, 0xB8, 0x33, 0xC5, 0x3B, 0x53, 0xDC, 0x02, 0xE7,
    0x39, 0x2F, 0xB9, 0x59, 0xFF, 0x3D, 0xCE, 0x26, 0x5D, 0x7D, 0x29, 0x13, 0x75, 0x97, 0xA8, 0x63,
    0x21, 0xEB, 0x8B, 0x32, 0x68, 0x52, 0xB2, 0x05, 0x00, 0x1D, 0x8D, 0xC6, 0x8E, 0x0C, 0x61, 0xE0,
    0x1D, 0xC3, 0x46, 0xEE, 0x01, 0xE1, 0x57, 0xA6, 0xFC, 0x20, 0xEC, 0xB8, 0x8F, 0xC6, 0x94, 0x3E,
    0x17, 0x8E, 0xF7, 0x4D, 0xCD, 0x5A, 0x6C, 0x69, 0x84, 0xD3, 0x28, 0x98, 0xE4, 0xDF, 0xD1, 0xF3,
    0xF8, 0x45, 0x2A, 0x8F, 0xC2, 0x62, 0x86, 0x64, 0x05, 0x16, 0xB0, 0x75, 0x01, 0x60, 0xAF, 0x02,
    0x0A, 0x8E, 0x03, 0x4B, 0x4C, 0x1A, 0xCB, 0x1C, 0x81, 0x46, 0xAD, 0xB4, 0xBB, 0x1A, 0x35, 0x62,
    0x60, 0x31, 0x7A, 0x0A, 0xA6, 0x8A, 0x8F, 0x08, 0xAC, 0xE4, 0x17, 0xC4, 0xE2, 0xDE, 0x67, 0xC0,
    0xEC, 0xB7, 0xFF, 0x09, 0x7C, 0x55, 0xAE, 0x03, 0x5F, 0xA2, 0x1A, 0x44, 0xFF, 0xAC, 0x78, 0x69,
    0x24, 0xBE, 0xA8, 0x7D, 0xCD, 0xB9, 0x38, 0x84, 0xFB, 0x1E, 0xF9, 0x84, 0x90, 0x41, 0x3B, 0x49,
    0x72, 0xB1, 0x92, 0xE4, 0x0A, 0xB8, 0xFC, 0x1C, 0x8C, 0xCB, 0x43, 0x3F, 0x6C, 0x48, 0xF2, 0x3A,
    0x25, 0x09, 0x30, 0xDE, 0xAE, 0xB2, 0xDC, 0x9C, 0x3A, 0xD9, 0x98, 0xB8, 0x43, 0xF8, 0xA8, 0x6C,
    0xB9, 0xA8, 0x74, 0x3B, 0xC3, 0x3F, 0x1E, 0x8A, 0xCA, 0x57, 0xD7, 0x43, 0x92, 0x1A, 0x73, 0x48,
    0x58, 0xB5, 0x0B, 0x0D, 0x10, 0xE9, 0x0F, 0x64, 0x5A, 0x40, 0xD2, 0xC6, 0xE8, 0x01, 0xFA, 0xC7,
    0xC8, 0xE1, 0x94, 0xC0, 0x11, 0xCD, 0x03, 0xBC, 0x4E, 0xE2, 0x80, 0x75, 0x8A, 0x95, 0x35, 0x98,
    0x0C, 0xA6, 0x25, 0x4F, 0xE4, 0xBE, 0x6E, 0x22, 0x4A, 0xAD, 0x9B, 0x2F, 0x01, 0x9D, 0xE0, 0x49,
    0x50, 0x33, 0xAF, 0x81, 0x51, 0xFC, 0x9B, 0x1A, 0x53, 0xCD, 0x40, 0x75, 0xA0, 0x9C, 0xE7, 0x52,
    0xF2, 0x4E, 0xB3, 0x01, 0x56, 0x99, 0x09, 0xE1, 0x6F, 0xF7, 0x28, 0x8D, 0x4D, 0xCB, 0xD0, 0xC5,
    0x93, 0x65, 0x48, 0x60, 0x0D, 0xE2, 0x6A, 0xB6, 0x08, 0x2B, 0xCB, 0xD0, 0xA8, 0x65, 0xA8, 0x27,
    0xCB, 0x50, 0xAA, 0x65, 0xF8, 0xC6, 0xAE, 0x06, 0x70, 0xB9, 0x55, 0x78, 0x67, 0x48, 0x4A, 0x0B,
    0xFB, 0x58, 0x5E, 0x0B, 0x86, 0xB0, 0xFC, 0x76, 0x30, 0x04, 0x90, 0xB5, 0xA6, 0xCC, 0x4E, 0x02,
    0xA5, 0x00, 0x53, 0x82, 0xAD, 0xC6, 0xF5, 0x0B, 0xA9, 0x0B, 0xD8, 0x88, 0x3A, 0x19, 0xBD, 0x82,
    0x93, 0x78, 0x41, 0x33, 0x3F, 0xF4, 0x50, 0xB4, 0x1A, 0x17, 0xD5, 0x82, 0x30, 0xF5, 0x7A, 0x0F,
    0x6F, 0xD8, 0x4F, 0x4B, 0xC6, 0x72, 0xF9, 0xC4, 0x8E, 0x23, 0x56, 0xE5, 0x6B, 0xD6, 0x50, 0xA3,
    0x2D, 0xC8, 0xF3, 0x69, 0x9F, 0x7D, 0x0E, 0x18, 0xA9, 0x68, 0x34, 0x97, 0xD1, 0x10, 0x69, 0xB3,
    0x1A, 0x99, 0x78, 0xAF, 0xEF, 0xAF, 0xE2, 0x37, 0x87, 0x8E, 0x0D, 0x3C, 0x88, 0x67, 0x6D, 0xB3,
    0x3B, 0x25, 0x79, 0x95, 0x30, 0x96, 0xB6, 0x2D, 0xBA, 0xAC, 0xC9, 0xE0, 0x25, 0xE3, 0xB6, 0x60,
    0xB0, 0xD5, 0x69, 0xC8, 0xD5, 0x9F, 0x84, 0xEE, 0x99, 0x0C, 0x18, 0xC3, 0x83, 0xC2, 0xC6, 0xD5,
    0xAE, 0x1E, 0xDF, 0x05, 0x01, 0x4F, 0xDB, 0x3F, 0xEC, 0x1F, 0xD7, 0xAE, 0x0B, 0x98, 0x1C, 0x7A,
    0x7B, 0x7B, 0x94, 0xD2, 0xFB, 0x54, 0xE9, 0x5F, 0x4A, 0x79, 0x65, 0x5C, 0x70, 0xDE, 0x7C, 0xBA,
    0xEC, 0x5F, 0x72, 0x5F, 0x4C, 0x83, 0xAA, 0x71, 0x0E, 0xE7, 0x62, 0x2A, 0x28, 0x93, 0x48, 0xA6,
    0x2F, 0x18, 0xB7, 0x23, 0xC0, 0x8A, 0x30, 0x6D, 0x86, 0xFC, 0xAC, 0x76, 0x30, 0xAF, 0xAC, 0x56,
    0xF5, 0xF0, 0xAB, 0x69, 0xEE, 0xF0, 0x2F, 0xF2, 0x43, 0x8D, 0x92, 0xE6, 0x50, 0xC9, 0x1B, 0x56,
    0x21, 0x92, 0x46, 0x48, 0x8C, 0x92, 0xCD, 0x77, 0x0A, 0xE8, 0x75, 0xA3, 0x10, 0x0F, 0x0F, 0xB6,
    0x11, 0x2A, 0xC8, 0x65, 0x66, 0x07, 0xB9, 0xA0, 0x64, 0x04, 0x6C, 0x5F, 0x74, 0xE9, 0xD5, 0x74,
    0xDA, 0xF3, 0x8A, 0xB8, 0x30, 0x22, 0xF6, 0xF4, 0x55, 0xF9, 0x58, 0xB0, 0x30, 0xAE, 0xC8, 0x6F,
    0xA5, 0x67, 0xA6, 0x39, 0xA5, 0x8F, 0xE7, 0x02, 0x2D, 0x1F, 0xB5, 0x88, 0x87, 0x57, 0x64, 0x8F,
    0x76, 0x91, 0x7F, 0xFD, 0xAA, 0xD0, 0x86, 0xCC, 0xD4, 0x92, 0x99, 0x9A, 0x32, 0xD3, 0x3B, 0x7F,
    0x76, 0xE9, 0x1A, 0xFD, 0xD0, 0x4C, 0x61, 0xC6, 0xAA, 0x74, 0x7F, 0xC5, 0x54, 0xDA, 0x39, 0xFA,
    0x38, 0x52, 0x9E, 0xA1, 0x2B, 0x2C, 0x27, 0x78, 0x09, 0x42, 0xCF, 0xC8, 0x28, 0xAE, 0x12, 0x7E,
    0x10, 0x31, 0x9C, 0x8F, 0x26, 0x56, 0xC1, 0xAC, 0x16, 0x73, 0x37, 0xE0, 0x2B, 0x33, 0x84, 0xFC,
    0x18, 0x77, 0x6E, 0x77, 0x88, 0x6E, 0x59, 0x15, 0x70, 0x74, 0x18, 0xB3, 0xAE, 0x26, 0xD2, 0xE4,
    0xFA, 0x84, 0xA8, 0x4E, 0x43, 0xBB, 0x4A, 0xB1, 0xE5, 0xF7, 0x51, 0x7F, 0x1C, 0x82, 0x34, 0xE1,
    0x57, 0x54, 0xFB, 0x31, 0x6B, 0x1B, 0x5D, 0x9D, 0x86, 0x17, 0x6B, 0x5D, 0x51, 0x1F, 0xD4, 0xC7,
    0xDE, 0xB1, 0x73, 0x7C, 0xCF, 0xD1, 0x29, 0x77, 0x81, 0x3A, 0x75, 0x8E, 0xC8, 0x8C, 0xE6, 0xEC,
    0x76, 0x6A, 0x2E, 0xA0, 0xFF, 0xCC, 0xF8, 0xD9, 0x94, 0x3E, 0x3F, 0xAB, 0xBE, 0x3B, 0x6D, 0xE9,
    0x2F, 0x96, 0x05, 0x99, 0x7B, 0xE3, 0x81, 0xC6, 0x6F, 0xE1, 0x73, 0x91, 0x5A, 0xFA, 0xFC, 0x12,
    0x62, 0xCC, 0xB3, 0x4F, 0x11, 0x52, 0x52, 0x5B, 0x5E, 0x73, 0xA2, 0xDA, 0x55, 0xBF, 0x49, 0x03,
    0x21, 0x08, 0x4F, 0x68, 0xF1, 0x7B, 0x7F, 0x8C, 0x35, 0x89, 0xD2, 0x07, 0x8C, 0xFF, 0x62, 0x66,
    0xA8, 0xE9, 0x28, 0x5D, 0xFC, 0xDF, 0xF8, 0x7A, 0x5A, 0x82, 0x69, 0x50, 0xB0, 0x3E, 0x2D, 0x7A,
    0x3B, 0x3D, 0xD2, 0x69, 0x81, 0x29, 0x64, 0xD4, 0x1A, 0x8E, 0x74, 0x2F, 0xF0, 0xC6, 0x2A, 0xC6,
    0xB4, 0x70, 0xAE, 0x5F, 0xD9, 0x36, 0x8C, 0x21, 0xF9, 0xB7, 0xD4, 0xBE, 0x26, 0x5C, 0x07, 0x6E,
    0x63, 0xF1, 0xA5, 0x80, 0x77, 0xCA, 0x76, 0xB0, 0x84, 0x35, 0xDE, 0xE7, 0xDD, 0xBD, 0x91, 0x3C,
    0x62, 0xFA, 0x81, 0x47, 0x06, 0x60, 0xF9, 0x95, 0xFD, 0x00, 0xB6, 0x95, 0x3A, 0xA7, 0x9E, 0x09,
    0x3A, 0x5B, 0xD2, 0xA5, 0xF3, 0x0A, 0x71, 0xEF, 0xA5, 0xDB, 0x53, 0xD0, 0xF9, 0x18, 0x58, 0xDD,
    0x96, 0xFA, 0x84, 0x19, 0xCE, 0x3B, 0x6B, 0x33, 0x67, 0x5B, 0x33, 0x3D, 0xCB, 0xE0, 0xBE, 0x8B,
    0xD9, 0xCB, 0x82, 0x87, 0x32, 0x54, 0x5D, 0x4A, 0xCD, 0xEB, 0x67, 0xF5, 0x29, 0x80, 0xA3, 0x62,
    0x1E, 0x1B, 0xC6, 0x92, 0xC0, 0x68, 0xAB, 0x9C, 0x4E, 0xEB, 0x18, 0xB7, 0xD4, 0xE9, 0x0C, 0x34,
    0x3D, 0xD4, 0x4C, 0xA3, 0xD2, 0x8D, 0x78, 0x7C, 0x43, 0x76, 0xC5, 0x5F, 0x78, 0xFA, 0x87, 0x24,
    0xFF, 0x85, 0x4D, 0x86, 0xF5, 0xE8, 0x9C, 0xFB, 0xB0, 0xD7, 0x8B, 0x6A, 0x1A, 0xE5, 0xAC, 0xA2,
    0xD7, 0x8B, 0x4A, 0xF9, 0x90, 0xB1, 0x00, 0xD7, 0x48, 0xBB, 0x92, 0x9C, 0x85, 0xD7, 0x4B, 0x0E,
    0x79, 0x3D, 0xBC, 0x7F, 0x76, 0x1B, 0xA1, 0xC8, 0x67, 0x9A, 0x51, 0xCC, 0xD2, 0x02, 0xEB, 0x36,
    0xC1, 0x90, 0xCE, 0xA0, 0x5A, 0x86, 0xE4, 0x60, 0x32, 0x6E, 0x3F, 0x30, 0x25, 0x31, 0xFC, 0x99,
    0x29, 0x72, 0x10, 0xA4, 0xBC, 0xE0, 0x73, 0x1A, 0xB6, 0xB6, 0xE6, 0x19, 0x9E, 0x3F, 0xD9, 0xA5,
    0x13, 0x8C, 0x5C, 0xCA, 0x77, 0x30, 0xDE, 0xBC, 0x13, 0x63, 0x99, 0x0F, 0x45, 0xCD, 0x94, 0xFD,
    0x49, 0xFF, 0x03, 0x3E, 0x83, 0xF9, 0x04, 0x51, 0x7E, 0xCA, 0x24, 0xD0, 0xFF, 0xEC, 0x7F, 0x10,
    0x74, 0xE1, 0xB2, 0x77, 0x05, 0xF1, 0xD6, 0xD9, 0x95, 0xA0, 0x7C, 0xCD, 0x29, 0xD0, 0x4B, 0x9C,
    0xF2, 0xDC, 0x8C, 0xE6, 0xC6, 0xC5, 0x39, 0x9D, 0x5D, 0xAC, 0xCE, 0x31, 0x1A, 0x61, 0xA8, 0x6F,
    0x68, 0xC7, 0x46, 0x8B, 0x80, 0xCC, 0x3F, 0xFE, 0xDF, 0x10, 0x70, 0x2D, 0x77, 0xF0, 0x6F, 0xA5,
    0x45, 0xFB, 0x0B, 0x17, 0x5F, 0x4F, 0x05, 0x69, 0x26, 0x27, 0x36, 0x76, 0xC9, 0x8F, 0x75, 0xB1,
    0x4C, 0xB5, 0x20, 0xCF, 0x4D, 0x7C, 0x77, 0xC2, 0x89, 0x4B, 0x07, 0x42, 0xF4, 0x05, 0xE1, 0xED,
    0xD6, 0x05, 0xD2, 0xB0, 0xDC, 0x5E, 0xE5, 0xA7, 0x94, 0xD4, 0x93, 0x54, 0x0D, 0xE4, 0x53, 0xC8,
    0xDD, 0x12, 0x9E, 0x8E, 0xD9, 0xDE, 0xA0, 0xDC, 0xAE, 0xD0, 0xE9, 0xD6, 0x33, 0x23, 0x74, 0x33,
    0xF9, 0xA1, 0x62, 0x99, 0x4F, 0xA9, 0xBE, 0x29, 0xF3, 0x63, 0x48, 0x1C, 0xDF, 0x74, 0xC4, 0x2D,
    0x3F, 0x5A, 0xB0, 0x96, 0xB7, 0x99, 0x93, 0xBC, 0xCE, 0x17, 0xB4, 0xA8, 0xA7, 0x35, 0x33, 0xCE,
    0xA0, 0x0C, 0xE6, 0xEF, 0xE4, 0x65, 0x36, 0x3D, 0x4E, 0x5B, 0x84, 0xFE, 0x08, 0xAA, 0xE9, 0x43,
    0x54, 0x00, 0x59, 0xAD, 0x99, 0x5C, 0xD7, 0x4C, 0xA1, 0x0B, 0x47, 0x39, 0xE5, 0xC9, 0xA0, 0xC7,
    0x6C, 0xAC, 0x7C, 0x20, 0x83, 0x82, 0x46, 0x42, 0xD3, 0x71, 0x01, 0xBB, 0x5E, 0x3C, 0x9C, 0x5D,
    0x4D, 0xB7, 0x96, 0xE6, 0x50, 0xEC, 0xF1, 0x78, 0x63, 0x85, 0x29, 0xF9, 0x95, 0xCF, 0xA9, 0xB0,
    0xB8, 0x99, 0xD7, 0xAB, 0xCB, 0x8B, 0x3E, 0x6F, 0xFE, 0x42, 0x81, 0xCF, 0x29, 0x63, 0xAD, 0x27,
    0x4B, 0x1A, 0xD7, 0xE1, 0xC4, 0xB1, 0xF1, 0xC8, 0x43, 0x81, 0xAC, 0x49, 0x37, 0xEE, 0x3B, 0x77,
    0xFE, 0x8A, 0x03, 0x32, 0x9E, 0x4A, 0x52, 0x41, 0x63, 0xBD, 0x9F, 0xEA, 0x1E, 0xE0, 0x8D, 0x99,
    0xAB, 0xA3, 0xAF, 0xF5, 0x6C, 0x94, 0x13, 0x3D, 0xD0, 0x61, 0xF5, 0x5D, 0xC4, 0xD3, 0x07, 0xBD,
    0xC9, 0x2E, 0x09, 0xDE, 0x2F, 0x74, 0xA4, 0x3F, 0xD7, 0x67, 0x7E, 0xE0, 0xCB, 0x6B, 0x2E, 0xAF,
    0x38, 0xAE, 0xF3, 0x8A, 0xE4, 0xEE, 0xAB, 0xBC, 0xE2, 0x94, 0x5D, 0x6C, 0x57, 0x69, 0x1F, 0xAE,
    0x78, 0x66, 0x14, 0x95, 0x55, 0x88, 0x71, 0x19, 0x45, 0x77, 0x5E, 0x8A, 0x9B, 0x05, 0x0E, 0x62,
    0x3D, 0x58, 0xF0, 0x20, 0x24, 0xCA, 0x86, 0x15, 0xDE, 0x19, 0xA2, 0xCA, 0x86, 0x7D, 0x50, 0x5F,
    0x83, 0xCB, 0xAB, 0xBE, 0xED, 0x1E, 0x61, 0x2E, 0x2A, 0xE4, 0x6A, 0x0D, 0x99, 0x8F, 0x0C, 0x75,
    0xE3, 0x71, 0x82, 0xD1, 0x31, 0x94, 0x6C, 0xDA, 0xD8, 0x4A, 0xDD, 0xB9, 0xB1, 0x1B, 0xD3, 0xC1,
    0xB1, 0xC6, 0xD5, 0xAD, 0x67, 0x2C, 0xD0, 0xB5, 0x3B, 0x3A, 0xD5, 0xB5, 0x13, 0x14, 0xBC, 0xB2,
    0x72, 0x64, 0x1A, 0x7E, 0x97, 0x23, 0x77, 0xE7, 0x69, 0x7C, 0xC9, 0x26, 0x35, 0x1C, 0x27, 0xD5,
    0x98, 0x36, 0xEC, 0xDD, 0x29, 0x82, 0x78, 0xB4, 0x7F, 0xA0, 0x34, 0x2D, 0xC8, 0x0A, 0xA4, 0x80,
    0x71, 0x93, 0xBA, 0xB8, 0x64, 0x17, 0xD4, 0x50, 0x53, 0x59, 0xA1, 0xB8, 0x64, 0x16, 0xBA, 0xA8,
    0xE9, 0x2C, 0x5F, 0x7E, 0xA7, 0x09, 0xAD, 0x52, 0x7A, 0xCB, 0x94, 0x56, 0x99, 0x75, 0x2E, 0xA9,
    0xB5, 0x9D, 0xCE, 0xC7, 0x06, 0xA7, 0x22, 0x96, 0xBD, 0x4C, 0x49, 0xAB, 0xB9, 0xAD, 0x5D, 0xB8,
    0xEB, 0x68, 0xFC, 0xC7, 0x9A, 0x8B, 0x8B, 0x75, 0x31, 0x85, 0xEE, 0x5C, 0x9B, 0x75, 0xD9, 0x65,
    0x79, 0x7F, 0x48, 0x68, 0x97, 0xFF, 0x69, 0x88, 0x98, 0xDE, 0x65, 0x5E, 0x09, 0x24, 0x80, 0xD9,
    0x57, 0xC3, 0xA3, 0x13, 0xF7, 0x84, 0x71, 0x02, 0x1A, 0xAE, 0xBD, 0xD5, 0x61, 0xD7, 0x67, 0x27,
    0x66, 0xC8, 0x61, 0x8E, 0xAF, 0x2F, 0x6F, 0x8D, 0x1C, 0x21, 0xDA, 0xD7, 0x5C, 0x6F, 0xF0, 0x88,
    0x17, 0x37, 0x01, 0x99, 0x3E, 0x75, 0xA7, 0x37, 0xFD, 0xDC, 0x25, 0xB8, 0x29, 0xD1, 0xB8, 0x9C,
    0xDC, 0x6C, 0x1E, 0x9F, 0xE0, 0x56, 0x1F, 0xE6, 0x66, 0x9F, 0x3B, 0xE6, 0x0C, 0x0E, 0xDA, 0xCB,
    0x08, 0x96, 0x90, 0x1C, 0x0A, 0x4C, 0x7B, 0x4A, 0x92, 0x67, 0x3A, 0xA4, 0x37, 0x47, 0xC3, 0xD6,
    0x23, 0x30, 0x6D, 0x5B, 0x36, 0x2B, 0xD0, 0xE4, 0x73, 0x0D, 0xEB, 0x55, 0x43, 0xFF, 0x10, 0xAA,
    0x33, 0x3D, 0xB6, 0xA8, 0xAF, 0x8C, 0xFB, 0xDC, 0xE0, 0xD3, 0xD0, 0x92, 0xDA, 0x38, 0x5F, 0xD1,
    0xE8, 0x62, 0x4E, 0x5E, 0x8B, 0xDA, 0x2C, 0x97, 0xE9, 0xCE, 0x0D, 0xF5, 0x18, 0x52, 0x32, 0x25,
    0x20, 0xCC, 0xF6, 0x66, 0xBA, 0x1B, 0xC5, 0x64, 0x04, 0x08, 0xE3, 0x47, 0x30, 0xA5, 0xDE, 0x7D,
    0x2C, 0xD8, 0x97, 0xE8, 0x12, 0x9A, 0x7D, 0x66, 0xFE, 0x41, 0x26, 0x55, 0x5C, 0xD0, 0x20, 0xDD,
    0x0F, 0xF0, 0x60, 0x10, 0xDC, 0xD9, 0xAE, 0x62, 0x66, 0xF3, 0x99, 0x9B, 0x6E, 0x17, 0x38, 0x56,
    0x1A, 0x99, 0xC5, 0x3D, 0x15, 0xCF, 0xF0, 0x14, 0x0B, 0xC5, 0x65, 0xA8, 0x80, 0x2E, 0x06, 0xAE,
    0x19, 0x67, 0x68, 0x52, 0x9E, 0x37, 0x3C, 0x09, 0x5D, 0x3A, 0x27, 0xF6, 0x2D, 0xE1, 0x49, 0x60,
    0xF9, 0x4D, 0xAA, 0xA7, 0x59, 0x4A, 0x70, 0x30, 0xAB, 0x5D, 0xB5, 0x92, 0x4F, 0xE7, 0x59, 0x92,
    0x7C, 0xD3, 0x48, 0x1F, 0x7F, 0x73, 0x26, 0x5D, 0x65, 0xF0, 0xEC, 0x9C, 0xC1, 0xAB, 0x41, 0x20,
    0x34, 0x83, 0xD7, 0xB8, 0x0C, 0x5E, 0xE5, 0x45, 0x50, 0xC3, 0x29, 0x83, 0x97, 0x6F, 0x66, 0xF0,
    0xE4, 0xFF, 0xCB, 0xE0, 0x21, 0x10, 0x95, 0xAD, 0x02, 0x75, 0xFE, 0x5A, 0x7A, 0xA5, 0xAF, 0x45,
    0xAF, 0x5A, 0xEB, 0xD6, 0xAB, 0x71, 0x4B, 0x82, 0xE9, 0xDB, 0xCD, 0xE2, 0x9B, 0x27, 0x9C, 0xF9,
    0xE0, 0x24, 0x5F, 0xD0, 0x2D, 0xB3, 0xDB, 0x67, 0x1F, 0x76, 0xE6, 0x23, 0x3F, 0xF5, 0x99, 0x8F,
    0xCC, 0x9D, 0xF9, 0xF8, 0xD2, 0x6D, 0x65, 0x56, 0xDA, 0xA2, 0x4E, 0xDA, 0x3B, 0xD5, 0x7A, 0x1F,
    0xC7, 0xDF, 0xC0, 0xE9, 0xDC, 0xFD, 0x57, 0xF4, 0xA5, 0xDC, 0x4F, 0xDA, 0xF0, 0xA5, 0xE1, 0xF0,
    0x14, 0x7D, 0x29, 0x02, 0xA3, 0xB7, 0xDC, 0xF9, 0xF0, 0x15, 0x78, 0x6A, 0x1B, 0x14, 0x6E, 0x1C,
    0xDE, 0xE5, 0xAC, 0x57, 0xBB, 0x9C, 0xC1, 0xC3, 0x51, 0xA6, 0x3C, 0xCF, 0x1A, 0x4F, 0xF1, 0x96,
    0x9E, 0x2D, 0x18, 0xB4, 0xAD, 0x09, 0xCD, 0x2A, 0x76, 0x3F, 0x66, 0x97, 0xD3, 0xFC, 0xB9, 0xD9,
    0xB7, 0x0F, 0x95, 0x33, 0x29, 0x98, 0x89, 0xB1, 0xB8, 0xC8, 0x76, 0x0D, 0xCF, 0xEA, 0xB1, 0x23,
    0x6E, 0xF7, 0xBA, 0x89, 0x89, 0xB9, 0xA1, 0x42, 0xD7, 0x08, 0x12, 0xE8, 0xB7, 0x5C, 0x0F, 0x74,
    0xC5, 0x45, 0x4D, 0x7B, 0x64, 0x1B, 0xAA, 0x7A, 0xD2, 0xAF, 0xF7, 0x9B, 0x83, 0x69, 0x5F, 0xB9,
    0x59, 0xEF, 0x37, 0xBB, 0xA3, 0xC4, 0x27, 0xA0, 0xA7, 0xCF, 0xC4, 0xDA, 0x1D, 0x45, 0x4E, 0x50,
    0x2D, 0x6A, 0x6C, 0x07, 0xC7, 0x1E, 0xAE, 0xF1, 0x50, 0x88, 0xB2, 0x07, 0xF6, 0xC1, 0xE3, 0xE6,
    0xCF, 0x5B, 0xAA, 0xF7, 0xEC, 0xC6, 0xFB, 0xD0, 0x8E, 0x8C, 0x14, 0xC2, 0x52, 0xFB, 0x12, 0x99,
    0xB7, 0x66, 0x35, 0xE7, 0x72, 0xD4, 0x3D, 0x0E, 0x6A, 0x03, 0xCA, 0x29, 0xC1, 0xC5, 0xAD, 0xFE,
    0xC3, 0x63, 0x05, 0x7F, 0x2D, 0xD7, 0x63, 0xD5, 0xBD, 0x94, 0x43, 0x63, 0xE5, 0x19, 0x94, 0x6E,
    0x73, 0xAC, 0x9D, 0x9E, 0x22, 0x38, 0x3A, 0xD6, 0x73, 0xF2, 0xFB, 0xD5, 0xD1, 0x06, 0x77, 0xBF,
    0x39, 0x56, 0x8D, 0xE4, 0x1C, 0x3E, 0xAE, 0xB1, 0xD2, 0x5E, 0x5D, 0x1E, 0x35, 0xBC, 0xC6, 0xC3,
    0x07, 0xE3, 0x8D, 0x93, 0xC6, 0x3A, 0x9F, 0x94, 0x74, 0x5B, 0x80, 0xEE, 0x10, 0xBA, 0xB3, 0xE0,
    0x47, 0xD0, 0x7B, 0x99, 0x98, 0xE9, 0xD9, 0x1E, 0x4D, 0x5D, 0xCA, 0x9F, 0x8A, 0x81, 0xC7, 0x60,
    0xA2, 0xAF, 0xA0, 0xD7, 0x5C, 0xDC, 0x96, 0x7B, 0xD0, 0xC4, 0x23, 0x2C, 0xFD, 0xFC, 0x38, 0x9F,
    0xE8, 0xDB, 0x84, 0xC7, 0xCB, 0xD2, 0x63, 0x1A, 0x9E, 0x38, 0x63, 0xCA, 0x48, 0x03, 0x8B, 0x36,
    0xD0, 0xA3, 0xEE, 0x52, 0x47, 0x29, 0x33, 0x2B, 0xE4, 0x1D, 0x3B, 0x9C, 0x51, 0x4E, 0x96, 0xA3,
    0x54, 0xF4, 0x8B, 0xDC, 0x2F, 0x05, 0x7C, 0xB8, 0x77, 0xA5, 0x87, 0x59, 0x4B, 0x3A, 0x42, 0x0B,
    0x00, 0x45, 0xA9, 0x58, 0x7D, 0x4B, 0x1A, 0x2D, 0x07, 0x87, 0x4F, 0x15, 0xDE, 0x74, 0x04, 0x84,
    0x3C, 0x87, 0x0C, 0x8B, 0xC1, 0xA9, 0x4D, 0x8B, 0xEE, 0x6F, 0xD4, 0xFF, 0x52, 0x17, 0xC3, 0x01,
    0xDF, 0x0D, 0xDC, 0x10, 0xB5, 0x9F, 0x5F, 0xEE, 0x6D, 0x3D, 0x6D, 0x7A, 0x35, 0x09, 0x37, 0xCD,
    0xDC, 0xA6, 0x17, 0xDF, 0x5F, 0x14, 0xF5, 0xAC, 0x3A, 0xF3, 0xD1, 0xAA, 0xD4, 0x1D, 0xAD, 0x42,
    0x45, 0xA0, 0x88, 0xEE, 0x68, 0x55, 0x30, 0x1F, 0x98, 0xD2, 0xC3, 0x53, 0xEE, 0x54, 0x73, 0xEE,
    0x50, 0xDC, 0x39, 0x67, 0xF7, 0x7D, 0x73, 0xE8, 0x68, 0x15, 0x1D, 0x7C, 0xAF, 0x47, 0xAB, 0xC6,
    0xC3, 0x47, 0xAB, 0xF2, 0xF5, 0xD1, 0x2A, 0x3A, 0xA5, 0x53, 0x64, 0xE5, 0x7F, 0x7F, 0xCB, 0xA5,
    0xC9, 0x26, 0x38, 0x92, 0x95, 0xEF, 0x1E, 0xCC, 0xCA, 0xFF, 0x1F, 0xD5, 0x9B, 0x31, 0x93, 0xDC,
    0x58, 0x11, 0xC7, 0x5B, 0xD2, 0x7A, 0x45, 0x59, 0x81, 0x36, 0xB0, 0x03, 0x8E, 0x40, 0x89, 0x83,
    0xE3, 0xA8, 0xB3, 0x12, 0x52, 0x2C, 0xF9, 0xEA, 0xB2, 0x0B, 0xD8, 0xC0, 0x04, 0x64, 0x04, 0x24,
    0x6C, 0x15, 0xF8, 0x13, 0x60, 0xA9, 0x48, 0x1C, 0x5C, 0xC0, 0x56, 0xDD, 0x17, 0x20, 0x70, 0x00,
    0x9B, 0xF8, 0x02, 0x02, 0x02, 0xB3, 0xD2, 0xB1, 0x01, 0x01, 0x89, 0xCA, 0x14, 0x45, 0x70, 0x89,
    0xE0, 0x5C, 0x10, 0x38, 0xB0, 0x8E, 0x1A, 0xAA, 0xE4, 0xB3, 0x46, 0x4D, 0xFF, 0xBB, 0x9F, 0x66,
    0xE6, 0xF0, 0x1A, 0xF6, 0xEA, 0x76, 0x66, 0x67, 0x66, 0x67, 0x7A, 0x76, 0x67, 0x9E, 0x9E, 0x5E,
    0xFF, 0x5E, 0xBF, 0xD7, 0xFD, 0xFA, 0xBD, 0x25, 0x7A, 0xA7, 0x24, 0x79, 0x54, 0x1D, 0x24, 0x43,
    0x7A, 0x3C, 0x13, 0x19, 0xF0, 0x00, 0xF9, 0x1C, 0x32, 0xFA, 0xEB, 0x28, 0x32, 0x3E, 0x63, 0xC8,
    0x5F, 0x40, 0xA6, 0x77, 0x59, 0x2E, 0xCB, 0x88, 0x6B, 0xA2, 0x07, 0xC4, 0x0D, 0xD1, 0xE9, 0x09,
    0xB7, 0x52, 0x01, 0x4B, 0x15, 0x9E, 0xC8, 0x19, 0x05, 0x33, 0x4A, 0x7B, 0x0A, 0x3A, 0x8A, 0x07,
    0x0A, 0x5B, 0x8A, 0xE7, 0x94, 0x74, 0x94, 0x70, 0xCE, 0x2C, 0xA5, 0x3A, 0x93, 0xF4, 0xA5, 0x07,
    0xAA, 0x94, 0x8B, 0xA5, 0x4A, 0xF2, 0x55, 0x92, 0xC9, 0x9F, 0x41, 0x5C, 0x23, 0x0A, 0xB9, 0xA7,
    0xF4, 0x15, 0x53, 0x21, 0x25, 0x39, 0xAF, 0xEA, 0x4A, 0x5E, 0xDF, 0xA6, 0xAA, 0xC6, 0x35, 0x21,
    0x73, 0x9D, 0x8D, 0x5C, 0x57, 0x4D, 0x55, 0x8B, 0x94, 0x97, 0xFC, 0x3C, 0xE5, 0x67, 0x15, 0x57,
    0x63, 0x3A, 0x26, 0x73, 0xEF, 0xD8, 0x3B, 0xD6, 0x9B, 0x64, 0x8D, 0x29, 0x8B, 0x57, 0x21, 0xAF,
    0x04, 0x37, 0x3D, 0x2A, 0x55, 0xE3, 0x99, 0x6A, 0x09, 0x8D, 0xE3, 0x3F, 0x43, 0xFA, 0x1F, 0xF6,
    0xB8, 0x24, 0x69, 0x21, 0x53, 0x6D, 0xCB, 0x4D, 0xAD, 0xE4, 0xAA, 0x99, 0x79, 0x72, 0x5D, 0xF8,
    0xBC, 0xA7, 0xF8, 0xE9, 0x40, 0x11, 0x9A, 0x1A, 0xCB, 0xED, 0x53, 0xA9, 0x31, 0x2D, 0x95, 0xD4,
    0x25, 0xD1, 0x52, 0x62, 0x01, 0x34, 0xA3, 0x58, 0x49, 0x64, 0xB3, 0x45, 0x3F, 0xF9, 0xFA, 0x01,
    0x7D, 0x60, 0x50, 0xEB, 0x05, 0x09, 0x63, 0x10, 0xFD, 0x5B, 0xB5, 0x2F, 0x53, 0x91, 0x7B, 0xE4,
    0x5D, 0x3D, 0x33, 0x51, 0x45, 0x8A, 0x28, 0xA7, 0x0C, 0x57, 0x96, 0xA6, 0x17, 0x58, 0x65, 0x72,
    0x87, 0xAA, 0x91, 0xCF, 0x3A, 0x0A, 0x5E, 0x0D, 0x14, 0x37, 0xA7, 0x14, 0x53, 0x62, 0x26, 0x79,
    0x29, 0x1C, 0x0F, 0xB5, 0xCB, 0xA0, 0xA0, 0xD8, 0x35, 0x2D, 0x6C, 0x9C, 0x52, 0x65, 0xE1, 0x2B,
    0xD3, 0xE8, 0x60, 0x27, 0x38, 0x1E, 0x5B, 0xC7, 0x07, 0x23, 0x54, 0x29, 0x6D, 0x04, 0xF9, 0xF2,
    0xBA, 0x76, 0xB0, 0x01, 0x8E, 0xEE, 0x51, 0xC0, 0xF2, 0xBC, 0x71, 0x54, 0xDB, 0xAC, 0x94, 0xA0,
    0x52, 0x0D, 0xE6, 0x50, 0x3D, 0x02, 0x8C, 0xEC, 0x4F, 0xED, 0x96, 0xDB, 0xE3, 0x5B, 0xBF, 0x92,
    0xE2, 0x83, 0x14, 0x1B, 0xF5, 0xE5, 0x7D, 0x34, 0xA7, 0x6B, 0xD2, 0xF4, 0xEC, 0x97, 0x2D, 0x55,
    0x7F, 0xC9, 0xD7, 0xC6, 0xD0, 0x9B, 0xFB, 0x84, 0x6A, 0x5E, 0x88, 0x16, 0x31, 0xAB, 0x5E, 0xF7,
    0x47, 0x35, 0xC9, 0xDF, 0xA9, 0x15, 0xEE, 0xC4, 0x68, 0xF6, 0x5E, 0xFA, 0xAA, 0x02, 0x14, 0xD0,
    0xE6, 0xA3, 0xF1, 0x1B, 0x19, 0xC9, 0xD1, 0x8E, 0xCC, 0x76, 0x5F, 0xC5, 0xAB, 0x6E, 0x64, 0xDC,
    0x9E, 0xEB, 0x75, 0xE9, 0x47, 0xCB, 0x89, 0x31, 0x52, 0x99, 0xAA, 0x94, 0xC6, 0xC8, 0x43, 0xFD,
    0xCB, 0x75, 0xF9, 0x11, 0x3A, 0xF2, 0x23, 0xB2, 0x29, 0x50, 0x90, 0xE7, 0x0B, 0x8E, 0x54, 0xB5,
    0x4B, 0x3D, 0xAF, 0x96, 0xB8, 0xA8, 0xE2, 0x0F, 0xA6, 0x06, 0x94, 0x80, 0x0A, 0xE6, 0x20, 0xB5,
    0xF1, 0x71, 0x9E, 0x52, 0xDC, 0x9E, 0x0A, 0xCB, 0xC1, 0xC2, 0x0C, 0x53, 0xF1, 0x92, 0xF8, 0x96,
    0x4B, 0x37, 0xAD, 0x73, 0xA0, 0xDC, 0x22, 0x5F, 0x72, 0x0C, 0xBB, 0x1D, 0xE2, 0x58, 0x9A, 0x9B,
    0x0E, 0xE7, 0x4E, 0x09, 0xA8, 0x10, 0x76, 0x1B, 0xE2, 0x78, 0xE1, 0x28, 0xF0, 0xFA, 0xCD, 0xDD,
    0xA0, 0x29, 0x0A, 0x41, 0x1D, 0x28, 0x03, 0x55, 0x54, 0x11, 0xA8, 0x21, 0x4A, 0xC4, 0x37, 0xD7,
    0x4C, 0xD3, 0xEF, 0x3D, 0xE5, 0xF2, 0x22, 0x9F, 0x3C, 0x4D, 0x72, 0x5F, 0x8D, 0xD3, 0xFB, 0xED,
    0xEE, 0xD8, 0x23, 0x94, 0x10, 0x15, 0x54, 0x81, 0xDB, 0xC5, 0x40, 0x7B, 0xFE, 0xB3, 0xCD, 0xD8,
    0xE2, 0xCE, 0xCC, 0x7B, 0x17, 0xF6, 0x34, 0x1B, 0x19, 0xC1, 0xE7, 0x7B, 0x9A, 0xA3, 0x93, 0x93,
    0xDF, 0x50, 0x25, 0x4A, 0x51, 0x01, 0x11, 0x8D, 0x54, 0x41, 0xA4, 0xB9, 0x88, 0xB8, 0x14, 0xB1,
    0x27, 0x7F, 0x06, 0xB5, 0x13, 0xFC, 0x18, 0x82, 0x27, 0x31, 0x86, 0xD3, 0x17, 0x60, 0x28, 0x22,
    0xAA, 0x71, 0x19, 0x44, 0x5A, 0xC7, 0xE3, 0x0F, 0xA4, 0x99, 0x52, 0x69, 0xA9, 0x62, 0x85, 0x45,
    0xA8, 0xF3, 0x07, 0x4F, 0x42, 0x2F, 0xD6, 0x48, 0xDF, 0xC3, 0xAC, 0x36, 0x12, 0xF4, 0x49, 0x66,
    0x59, 0x9B, 0xB5, 0x49, 0x57, 0xD4, 0xF1, 0x0C, 0x7F, 0x01, 0x3B, 0x3A, 0x00, 0xD4, 0xF0, 0x42,
    0x2F, 0x17, 0xBD, 0xDF, 0x65, 0xF2, 0x99, 0x58, 0x60, 0xE3, 0xB3, 0xD4, 0xB2, 0x7F, 0x68, 0x37,
    0xC0, 0xE2, 0x21, 0xEB, 0xDD, 0x4B, 0x2A, 0x8E, 0x44, 0xFD, 0xEB, 0x8F, 0x10, 0x1E, 0xE3, 0x7E,
    0x03, 0x9C, 0xBA, 0x8A, 0x1F, 0xE3, 0x4F, 0x7F, 0x3E, 0x79, 0x08, 0x4F, 0x2E, 0xDF, 0x2C, 0x0F,
    0x09, 0xD7, 0xFD, 0x2F, 0x10, 0xE5, 0xB2, 0x46, 0xBA, 0x14, 0xC0, 0x4D, 0x62, 0x29, 0x26, 0x1D,
    0x75, 0x2D, 0xBF, 0x1C, 0x20, 0x59, 0x29, 0x82, 0x47, 0x35, 0xDD, 0x96, 0xFC, 0xE7, 0x28, 0x9C,
    0xDF, 0x76, 0x5D, 0xB1, 0x59, 0x75, 0xF9, 0xBD, 0x32, 0x90, 0x2B, 0xE5, 0xEA, 0x32, 0x8C, 0xC0,
    0xFE, 0x86, 0xB5, 0xE2, 0x52, 0xFA, 0xFD, 0x1B, 0x0A, 0x54, 0x47, 0x99, 0x86, 0xF1, 0x98, 0x55,
    0xE1, 0x9C, 0x32, 0xF8, 0x7B, 0xAF, 0x5D, 0xD8, 0x1D, 0xDA, 0x9A, 0xA1, 0x41, 0x9C, 0x4A, 0x60,
    0x37, 0x83, 0x4B, 0xCD, 0xE5, 0x67, 0x83, 0x24, 0x6E, 0xC1, 0x08, 0x2D, 0x1E, 0x91, 0xF9, 0x83,
    0x0A, 0x69, 0x1B, 0x6C, 0x10, 0x3E, 0x21, 0x6E, 0x75, 0x0D, 0x4E, 0xD5, 0x20, 0xAB, 0x38, 0x31,
    0x8A, 0x59, 0x9A, 0x87, 0x75, 0x58, 0x5E, 0x1A, 0x25, 0x85, 0xA4, 0x44, 0x30, 0x17, 0xE8, 0x00,
    0xA1, 0x50, 0x17, 0x39, 0xF7, 0xB7, 0x8C, 0x12, 0x20, 0x9D, 0xBA, 0x89, 0x13, 0xEA, 0x68, 0x5F,
    0x3E, 0x91, 0x36, 0xEE, 0xAD, 0x9F, 0x92, 0x3D, 0x22, 0x04, 0x59, 0x19, 0xE6, 0xE0, 0x4C, 0x6F,
    0x08, 0x41, 0x85, 0xCC, 0xB8, 0x2D, 0x83, 0xD2, 0x7C, 0x2B, 0x6C, 0xE9, 0x4D, 0xD3, 0x9A, 0xA7,
    0xD6, 0xF5, 0x19, 0x52, 0x3A, 0x9F, 0x1F, 0x2A, 0x29, 0x45, 0xA5, 0xAC, 0x68, 0x01, 0xCB, 0x70,
    0x81, 0x97, 0x02, 0x23, 0x10, 0x23, 0x20, 0x23, 0x30, 0x23, 0x40, 0x23, 0x75, 0x78, 0xEA, 0xFB,
    0xD4, 0x63, 0xA9, 0x50, 0x1F, 0x0B, 0x74, 0x04, 0x76, 0x08, 0x01, 0x1A, 0x52, 0x7A, 0x86, 0x2F,
    0x2D, 0x0F, 0x50, 0x69, 0x47, 0xEA, 0x07, 0xFD, 0x7F, 0xC2, 0x87, 0xE6, 0xDF, 0xC9, 0xB7, 0xCB,
    0xC0, 0x4E, 0x29, 0xF7, 0xF9, 0x55, 0x83, 0x09, 0x29, 0xFC, 0x14, 0x5D, 0xFD, 0xD3, 0xCD, 0x0C,
    0xC1, 0xAD, 0x9A, 0x8A, 0x2E, 0xE0, 0x93, 0x69, 0x33, 0xE3, 0xED, 0x1C, 0x9F, 0xBD, 0xFF, 0x6B,
    0xA1, 0x93, 0x3F, 0xC9, 0xEA, 0x31, 0xAD, 0xDF, 0x2E, 0x4A, 0x99, 0xD7, 0xB1, 0x8C, 0xBC, 0x27,
    0x7C, 0x8E, 0x2B, 0xEE, 0x0A, 0x6E, 0xA1, 0xDD, 0x85, 0x9F, 0xA2, 0x97, 0x5C, 0x55, 0x69, 0x60,
    0x26, 0x43, 0x3B, 0xAB, 0xEA, 0x22, 0x6E, 0xB3, 0xA4, 0xC1, 0x90, 0x66, 0x9D, 0x90, 0xEF, 0x69,
    0x20, 0xC6, 0x75, 0x0C, 0x17, 0x55, 0xD3, 0x9B, 0x9F, 0x1E, 0xCA, 0x0C, 0xF2, 0xFC, 0xFA, 0x2D,
    0x21, 0x75, 0xFA, 0xF2, 0x49, 0xAC, 0x1D, 0x0D, 0xE4, 0x87, 0x58, 0xE2, 0xD9, 0x27, 0xF2, 0x8B,
    0xF7, 0xC8, 0xF5, 0x50, 0xC6, 0x78, 0xA6, 0x82, 0xFF, 0xCD, 0xCF, 0x10, 0x65, 0x84, 0xEF, 0x54,
    0x33, 0xFA, 0x45, 0x94, 0xC5, 0x57, 0xC8, 0x03, 0xF9, 0x08, 0x63, 0x31, 0x64, 0x49, 0xE3, 0xD8,
    0x06, 0xDF, 0x56, 0x33, 0x38, 0x21, 0x59, 0x97, 0x4B, 0x07, 0x88, 0x41, 0x4A, 0x37, 0x4B, 0x79,
    0x71, 0x49, 0x72, 0x49, 0xA5, 0x52, 0x8A, 0xC9, 0x72, 0xF3, 0x4B, 0x72, 0xE5, 0x5B, 0x09, 0x23,
    0x45, 0xE2, 0xAA, 0x39, 0xBA, 0x4E, 0xAA, 0x92, 0x60, 0x38, 0x9D, 0x49, 0xCD, 0xFF, 0x90, 0x62,
    0xB8, 0x8B, 0xD8, 0x47, 0xCA, 0xBA, 0x4A, 0xFC, 0xC9, 0x6A, 0x3C, 0x9C, 0x2F, 0x22, 0x61, 0x93,
    0x2E, 0xEF, 0xFB, 0x80, 0x5C, 0x20, 0x26, 0x88, 0x4A, 0x58, 0x95, 0xC4, 0xD5, 0xBD, 0xB4, 0x2E,
    0x6B, 0xA5, 0xDE, 0xAA, 0x91, 0x06, 0x73, 0x1D, 0x9C, 0x2F, 0xAA, 0x46, 0xF4, 0x2D, 0xBA, 0x48,
    0x0A, 0x0F, 0xE2, 0x2D, 0x62, 0x0D, 0x77, 0xF4, 0xFE, 0xFB, 0x8B, 0x04, 0x69, 0xAC, 0x19, 0xD0,
    0x61, 0x12, 0xA9, 0xFA, 0x3F, 0x5D, 0x30, 0x9C, 0xE4, 0x6A, 0x17, 0xF8, 0x3D, 0xF9, 0x10, 0xFC,
    0xD2, 0x3F, 0x6A, 0x72, 0x20, 0xE9, 0x96, 0x69, 0xAD, 0x82, 0x16, 0xDB, 0x1C, 0x5B, 0x83, 0x52,
    0xF5, 0xC0, 0xCC, 0xEE, 0xF7, 0xD2, 0x3C, 0xAF, 0xAF, 0xA6, 0x90, 0x36, 0xEC, 0xA7, 0x04, 0x87,
    0xE2, 0x5C, 0x0F, 0x53, 0x4F, 0x27, 0x81, 0xA8, 0x5D, 0xA6, 0xEC, 0xD5, 0x35, 0x58, 0x92, 0xC5,
    0xC0, 0x7A, 0xEF, 0x6A, 0x3B, 0x2B, 0xEB, 0xF0, 0x46, 0x63, 0x33, 0x94, 0x4C, 0x3E, 0xD3, 0x6E,
    0xA0, 0x9F, 0x6B, 0x62, 0x70, 0x6F, 0x5B, 0x98, 0x22, 0xEE, 0xD0, 0x70, 0x2C, 0xD0, 0x75, 0x21,
    0x7E, 0xCB, 0x5A, 0x17, 0x8B, 0xD0, 0x81, 0x1A, 0x49, 0xB7, 0x08, 0x2D, 0xF1, 0x2D, 0x57, 0x60,
    0x9F, 0xD4, 0x14, 0x34, 0x41, 0x3D, 0x79, 0xD5, 0x75, 0xC0, 0x36, 0xD6, 0x41, 0xB7, 0x4C, 0x09,
    0x06, 0x6C, 0x68, 0xF5, 0xB6, 0xE1, 0xCA, 0xBA, 0x77, 0xA7, 0x90, 0xEB, 0x22, 0xA0, 0x5A, 0x28,
    0x82, 0x85, 0x29, 0x7D, 0x4B, 0xF5, 0xFB, 0x3D, 0xC4, 0xFB, 0x57, 0x88, 0x7C, 0x7A, 0x68, 0x06,
    0x01, 0x09, 0x60, 0x69, 0xCA, 0xDF, 0x74, 0x70, 0xFD, 0xDD, 0x32, 0xB3, 0x68, 0xD2, 0xBB, 0x1A,
    0x18, 0x56, 0xDF, 0xAF, 0x77, 0xC2, 0xBE, 0xC5, 0xA9, 0xA2, 0x0D, 0x39, 0x62, 0x45, 0x69, 0xF1,
    0x1C, 0xE2, 0xED, 0x4A, 0x4C, 0xEB, 0xAE, 0xD8, 0x7B, 0xF4, 0x2F, 0x69, 0x73, 0xF2, 0xF2, 0x70,
    0xD3, 0x9C, 0x83, 0xD9, 0x9E, 0xBA, 0xDE, 0xC7, 0x98, 0x46, 0x34, 0x8E, 0xBC, 0x53, 0xD9, 0x9E,
    0x60, 0xBB, 0x73, 0xE6, 0xFC, 0x20, 0x2F, 0xE5, 0xE3, 0x57, 0xB8, 0x58, 0x5C, 0x5A, 0xF0, 0xA9,
    0x86, 0x59, 0x9A, 0xE6, 0xB9, 0xCA, 0xC9, 0x63, 0xB7, 0x18, 0x5E, 0x24, 0x48, 0xB8, 0x5A, 0x9C,
    0xFF, 0x3B, 0x98, 0xB0, 0xD3, 0x01, 0x6E, 0xAE, 0x76, 0xE7, 0x03, 0x34, 0x82, 0x9E, 0x32, 0x81,
    0x1A, 0xE8, 0xB9, 0xEC, 0x07, 0x40, 0x57, 0xC7, 0xBE, 0xD4, 0x9D, 0xF1, 0xE8, 0x73, 0xA9, 0xD4,
    0xAB, 0x1C, 0xD8, 0xBB, 0xC4, 0xB8, 0x67, 0x06, 0x7E, 0x30, 0xF2, 0x9D, 0xA1, 0xCF, 0x1D, 0x5D,
    0x07, 0xFF, 0xBF, 0xDF, 0xEC, 0x3B, 0x57, 0xC4, 0x7A, 0xC0, 0x75, 0x81, 0xEB, 0x03, 0xD7, 0x09,
    0xAE, 0x17, 0xA6, 0x6E, 0x98, 0xFA, 0x61, 0xEA, 0x08, 0x98, 0x04, 0xDD, 0x71, 0xED, 0xB4, 0x3D,
    0xFA, 0x60, 0xF0, 0x8E, 0x65, 0x4D, 0x20, 0x93, 0x5F, 0xAC, 0xF5, 0x40, 0x78, 0x87, 0x12, 0x9B,
    0x0B, 0xE5, 0x41, 0x28, 0x7F, 0x3E, 0x13, 0xCA, 0x2C, 0x4B, 0x81, 0x98, 0xF3, 0x0B, 0x53, 0xEE,
    0xCF, 0xA1, 0xEC, 0x3B, 0xCE, 0xCD, 0x12, 0xB7, 0x73, 0xC9, 0x6E, 0x8B, 0x1D, 0x9D, 0x5F, 0xEF,
    0x06, 0x47, 0xB2, 0xF4, 0x85, 0x61, 0x34, 0x23, 0xC8, 0x1A, 0xE1, 0x18, 0x76, 0x70, 0x22, 0xB3,
    0xB5, 0x72, 0xF4, 0x4E, 0x8C, 0x1C, 0x5B, 0x9C, 0xF6, 0x81, 0x1A, 0x62, 0xAA, 0x51, 0xEE, 0x14,
    0xE0, 0xBA, 0x08, 0x17, 0x21, 0xEE, 0x0D, 0x8B, 0x71, 0xB7, 0x1F, 0x67, 0x36, 0x25, 0x35, 0xFC,
    0x99, 0x86, 0xBE, 0x96, 0xCD, 0x05, 0xD3, 0x99, 0x30, 0x0D, 0x3B, 0xC5, 0xB9, 0x2E, 0xA6, 0xE1,
    0x33, 0xCD, 0xA5, 0x25, 0x7C, 0x6A, 0x8B, 0x33, 0x75, 0x57, 0xDF, 0xAB, 0xAC, 0x91, 0xFB, 0xED,
    0xEE, 0x18, 0x25, 0x97, 0x25, 0xF4, 0x42, 0xC5, 0xFC, 0xC9, 0x71, 0xF0, 0x90, 0x61, 0x8F, 0x37,
    0xD6, 0x6A, 0x8F, 0x44, 0xB4, 0x3B, 0x7C, 0x26, 0x3F, 0x34, 0xED, 0xDB, 0xB8, 0x37, 0xE7, 0x8A,
    0x9C, 0x2F, 0x92, 0xBF, 0x8F, 0xA7, 0x78, 0x70, 0xED, 0xE8, 0x6C, 0x26, 0x4C, 0x5F, 0x77, 0x3C,
    0x47, 0x27, 0xE5, 0xF5, 0x93, 0x5C, 0x00, 0xA6, 0x5C, 0x57, 0x5C, 0x27, 0x5C, 0xA2, 0x19, 0x83,
    0x36, 0xA6, 0xFF, 0x5A, 0x52, 0xC0, 0x89, 0xC7, 0x42, 0x26, 0x01, 0x2C, 0x4B, 0x71, 0xBB, 0x3E,
    0x7F, 0x81, 0x30, 0xC2, 0xB8, 0x25, 0x66, 0xFE, 0x3F, 0xCC, 0x57, 0x42, 0xE6, 0xE5, 0x86, 0x97,
    0xA7, 0xF1, 0x86, 0xDB, 0xF0, 0xBA, 0xBD, 0x18, 0xBD, 0xF3, 0x88, 0xEB, 0x62, 0x1E, 0x73, 0x9D,
    0xCE, 0xF7, 0xB9, 0x96, 0x3B, 0x70, 0x1D, 0x5E, 0x40, 0x70, 0x00, 0x4E, 0x9A, 0x3E, 0x62, 0x09,
    0x12, 0xB9, 0x2F, 0x06, 0xDA, 0xCF, 0x0F, 0xA6, 0x6E, 0x50, 0x07, 0x85, 0xE9, 0x35, 0xC0, 0xFD,
    0x6C, 0x21, 0xAA, 0xEB, 0x08, 0xB7, 0x83, 0x0D, 0x56, 0xD1, 0x53, 0xED, 0x22, 0x8D, 0xE1, 0xFD,
    0x87, 0xB6, 0x83, 0xDD, 0x2D, 0xCF, 0x31, 0x62, 0xE7, 0x65, 0x7B, 0x50, 0xEA, 0x46, 0x49, 0x86,
    0xA5, 0xD1, 0x29, 0x1C, 0xE1, 0x03, 0x6D, 0xA3, 0xD2, 0xD5, 0xBC, 0xBD, 0x96, 0xBE, 0xB7, 0x3E,
    0xA6, 0xB7, 0xAC, 0xE6, 0xF9, 0x94, 0x50, 0xA2, 0xC9, 0xC2, 0xDD, 0xBA, 0x58, 0xE9, 0x62, 0x30,
    0x23, 0xE5, 0x9B, 0x03, 0xDB, 0x23, 0xAE, 0xC1, 0xAD, 0x37, 0x70, 0x7D, 0x51, 0xAB, 0xDE, 0xB1,
    0x02, 0xEC, 0x53, 0xA5, 0xF0, 0x72, 0xAE, 0x6F, 0x3C, 0xB3, 0xB7, 0xDC, 0xA1, 0xF9, 0x0A, 0x6F,
    0x46, 0xD1, 0x61, 0x74, 0x1C, 0x27, 0x90, 0xE4, 0x72, 0x9B, 0x09, 0x5B, 0xAB, 0x1D, 0x4B, 0xCF,
    0xDA, 0x5E, 0x2F, 0x0F, 0x2C, 0x64, 0x66, 0x97, 0xB9, 0x5F, 0x22, 0xB3, 0x18, 0x4B, 0x7F, 0x34,
    0x36, 0x98, 0x2C, 0xA4, 0xA4, 0xFD, 0x1E, 0x40, 0x3F, 0xE9, 0x40, 0xF4, 0xAC, 0x05, 0xD2, 0x17,
    0xCA, 0x74, 0x44, 0x62, 0x0E, 0xC7, 0x4C, 0x01, 0xEF, 0xFF, 0xC9, 0x11, 0x86, 0xA8, 0x70, 0xC9,
    0xE8, 0x1A, 0xDE, 0x89, 0xAF, 0x8B, 0x14, 0x67, 0xAB, 0x7C, 0x83, 0x69, 0x7B, 0xD0, 0x00, 0xFB,
    0xDD, 0x34, 0x5B, 0x6E, 0x37, 0x60, 0x8B, 0xC7, 0xCA, 0xE5, 0x40, 0xB2, 0x8C, 0x90, 0x4C, 0x8A,
    0x02, 0x58, 0x2C, 0x48, 0x00, 0xCB, 0xF0, 0xDF, 0x34, 0xE0, 0x23, 0x3B, 0xA9, 0x6B, 0x13, 0xBB,
    0x8D, 0x7C, 0x8A, 0x6C, 0xF9, 0xEE, 0x3F, 0x34, 0x43, 0x8E, 0xBB, 0xD5, 0x50, 0x52, 0x86, 0xFF,
    0x0E, 0x70, 0xD6, 0xDD, 0x29, 0x9B, 0x17, 0xA8, 0xD0, 0x08, 0x19, 0xB9, 0x6C, 0xDD, 0xA1, 0x02,
    0x6D, 0x56, 0xA5, 0x06, 0xA5, 0x7D, 0x6F, 0x73, 0xB4, 0xED, 0x0C, 0xA5, 0x3B, 0x44, 0xE9, 0xCE,
    0xB6, 0x4C, 0xC7, 0x28, 0x91, 0x82, 0xDE, 0x1D, 0x3B, 0x4E, 0xDB, 0xEF, 0xEA, 0xCE, 0x5A, 0xAF,
    0xC5, 0x3A, 0x61, 0xDA, 0x55, 0x2D, 0x98, 0xEE, 0xE7, 0x9B, 0xB6, 0xE0, 0x65, 0xB4, 0xB4, 0x03,
    0xDC, 0x74, 0x8B, 0x54, 0xA7, 0x55, 0x9B, 0xBC, 0xDC, 0x5E, 0x84, 0x3B, 0xCA, 0x92, 0x4E, 0x25,
    0xFD, 0x72, 0x39, 0xF0, 0xAE, 0x80, 0xA7, 0x34, 0x60, 0x5C, 0x9E, 0x06, 0x0C, 0x55, 0xBA, 0x6C,
    0xAA, 0x1E, 0xF6, 0xB5, 0x73, 0xE9, 0x76, 0x8E, 0xDF, 0x26, 0x65, 0x17, 0xF6, 0x15, 0x2B, 0xE7,
    0xD2, 0xE1, 0xF2, 0x8E, 0x4E, 0x8E, 0xDF, 0x3A, 0x29, 0xC5, 0x40, 0x52, 0x09, 0x5B, 0xB9, 0x4B,
    0xB8, 0x89, 0x74, 0x9B, 0x4A, 0x2A, 0xC6, 0x9C, 0x2E, 0xBE, 0xB5, 0x45, 0x1C, 0x0A, 0xAF, 0x93,
    0x75, 0xF8, 0x0F, 0x04, 0xC4, 0xB3, 0x88, 0x3E, 0x35, 0x8B, 0x68, 0xE7, 0x90, 0x0C, 0x91, 0xF1,
    0x5A, 0x3D, 0x1B, 0xF4, 0x9A, 0xF4, 0x6C, 0x7B, 0xC2, 0x4E, 0x8C, 0xD9, 0xD8, 0x52, 0x8A, 0x60,
    0x89, 0xFF, 0x70, 0xB0, 0x28, 0x46, 0x83, 0x50, 0x73, 0xD8, 0xB7, 0x57, 0xFB, 0xA5, 0xE2, 0x3F,
    0x70, 0x5B, 0xF1, 0x19, 0xB7, 0xE9, 0xE8, 0x55, 0xB0, 0x96, 0x3B, 0xD8, 0xFB, 0x7F, 0x02, 0xC5,
    0x7B, 0xA9, 0xFB, 0x2E, 0xF6, 0x6B, 0xCF, 0xB0, 0xCD, 0x77, 0x86, 0x3D, 0xEF, 0xE7, 0x35, 0xC2,
    0xE1, 0x72, 0xDA, 0x15, 0x1C, 0xA7, 0x13, 0x94, 0xC1, 0xE0, 0x00, 0x7C, 0x13, 0x86, 0x51, 0x40,
    0x3F, 0x86, 0x7A, 0x5C, 0xE4, 0x2E, 0x0B, 0xA3, 0xDB, 0x01, 0xDB, 0x00, 0x66, 0xA1, 0x79, 0xBD,
    0x52, 0x8F, 0x49, 0x35, 0xC7, 0xDB, 0xF9, 0xDA, 0xA8, 0x60, 0xBB, 0x3C, 0x96, 0xC9, 0x83, 0x0B,
    0x31, 0xBC, 0x6C, 0x9E, 0x49, 0xC4, 0xD7, 0x46, 0xB8, 0xE9, 0x3B, 0x9A, 0xD8, 0x30, 0xFD, 0x2C,
    0x95, 0xDC, 0x41, 0xFA, 0x1F, 0x0D, 0xCB, 0x01, 0x11, 0xAF, 0x84, 0xA1, 0x57, 0x4F, 0xD1, 0x9D,
    0x83, 0xA8, 0xA7, 0x73, 0x10, 0xEA, 0x66, 0x74, 0x90, 0xF3, 0x6B, 0x01, 0xE8, 0x66, 0x6D, 0x4C,
    0xAC, 0xDC, 0x53, 0x0D, 0x51, 0x4F, 0xA4, 0x73, 0x52, 0xFC, 0x98, 0x97, 0x47, 0xF6, 0x69, 0x4B,
    0xEC, 0x30, 0x6D, 0x6F, 0x21, 0x45, 0xD0, 0xDB, 0x79, 0x08, 0xFA, 0x58, 0xF7, 0xC8, 0xF6, 0xF3,
    0x2B, 0x1B, 0x9B, 0xFF, 0x01, 0x8D, 0x53, 0xBD, 0x6E, 0xD5, 0x30, 0x14, 0xFE, 0x92, 0x48, 0x37,
    0xA2, 0x11, 0xF2, 0x02, 0x12, 0x3F, 0x95, 0xF2, 0x04, 0xE0, 0x85, 0x91, 0xCA, 0x79, 0x03, 0x1E,
    0xA1, 0x42, 0x62, 0x81, 0x81, 0x76, 0x84, 0xA1, 0xC4, 0x6A, 0x1F, 0x80, 0xFB, 0x04, 0xF4, 0x8E,
    0xA8, 0x0B, 0x0B, 0x43, 0x87, 0xAA, 0x36, 0x74, 0x60, 0xE8, 0xD0, 0x6C, 0x0C, 0x5D, 0x82, 0xD4,
    0xB9, 0x35, 0x6D, 0x24, 0x82, 0x9A, 0xE4, 0x70, 0xEC, 0xDC, 0xC2, 0x05, 0x81, 0x44, 0xEE, 0x3D,
    0xF1, 0xE7, 0xF3, 0xF3, 0xD9, 0xFE, 0x8E, 0x03, 0x50, 0x78, 0x80, 0x67, 0x3B, 0x3B, 0x33, 0x43,
    0xE4, 0xBC, 0xFD, 0x81, 0xFD, 0x53, 0x98, 0x31, 0x51, 0x5F, 0x8D, 0xFF, 0xF2, 0xC3, 0x26, 0xB5,
    0xD0, 0x12, 0x4A, 0x2B, 0xE7, 0x7F, 0x99, 0xCE, 0xB4, 0xAA, 0x03, 0x72, 0x49, 0x9D, 0x59, 0x89,
    0x65, 0x00, 0xD9, 0x55, 0x74, 0xC1, 0x07, 0xBB, 0x84, 0xA4, 0x96, 0x10, 0x7A, 0x0F, 0x12, 0x0D,
    0xD4, 0xE6, 0x77, 0xA8, 0x0B, 0x2A, 0xD4, 0x39, 0x69, 0xF5, 0x95, 0x8A, 0x4C, 0x6F, 0x70, 0xDD,
    0x0B, 0xA8, 0x2F, 0xE4, 0xFD, 0xDA, 0xFB, 0x33, 0x67, 0x0A, 0x5F, 0x93, 0xD9, 0x15, 0xAE, 0x69,
    0x99, 0xA7, 0xF6, 0x4C, 0xB8, 0x1F, 0xBD, 0x37, 0x07, 0x3D, 0x1D, 0x13, 0x7D, 0x26, 0xF9, 0x61,
    0x5F, 0xD8, 0x95, 0x1C, 0xED, 0x46, 0xE2, 0x1E, 0xC4, 0xDA, 0x87, 0x25, 0xBF, 0x95, 0x9D, 0x1B,
    0x63, 0x09, 0xBC, 0x5A, 0xCD, 0x2D, 0x9F, 0xA1, 0x62, 0xB3, 0xE5, 0xF6, 0x9A, 0x85, 0x2C, 0xC6,
    0x78, 0x39, 0x37, 0x9F, 0xA7, 0x8A, 0x90, 0x1B, 0x2C, 0xFF, 0x8B, 0x89, 0xB9, 0x79, 0xFE, 0xF2,
    0x77, 0xFE, 0xFD, 0x55, 0xF9, 0x8B, 0xFF, 0x8D, 0xB4, 0x81, 0xC3, 0xF3, 0x29, 0xBD, 0xC0, 0x0F,
    0xDC, 0xC8, 0x23, 0x94, 0x67, 0xC6, 0xE7, 0x5A, 0x73, 0x46, 0xF6, 0x65, 0x9E, 0x5A, 0xEF, 0xFF,
    0x99, 0x67, 0xD8, 0x6E, 0x03, 0xD1, 0x14, 0xF9, 0x00, 0x45, 0x45, 0x49, 0x9A, 0xFF, 0x0C, 0xE4,
    0x80, 0xF8, 0x04, 0x4B, 0x45, 0x3C, 0xC3, 0x5B, 0x94, 0xB5, 0xE8, 0x12, 0x82, 0x71, 0x92, 0x87,
    0xC2, 0xB8, 0xDC, 0x0F, 0xAA, 0x12, 0x2D, 0x3B, 0x27, 0xBE, 0xF8, 0x09, 0x2F, 0x05, 0xDC, 0x0C,
    0x6A, 0xA5, 0x54, 0x83, 0x02, 0xCA, 0xA9, 0x8D, 0xBB, 0x80, 0xD4, 0x41, 0x97, 0xB4, 0x23, 0xFA,
    0xD8, 0x0B, 0x37, 0xA2, 0xCD, 0x3E, 0xAF, 0xE6, 0xBE, 0xCE, 0x9F, 0x6D, 0xCC, 0x33, 0x01, 0x40,
    0x90, 0x1B, 0x46, 0x14, 0xD3, 0x56, 0x77, 0xB7, 0x85, 0x3C, 0xF1, 0xDC, 0x0D, 0x51, 0x44, 0x3E,
    0x20, 0xCE, 0xFB, 0x92, 0x93, 0xBD, 0x84, 0x07, 0x9D, 0x3A, 0x6E, 0x82, 0x38, 0x5B, 0x9D, 0x1C,
    0x11, 0x25, 0x73, 0x14, 0xF5, 0x49, 0xA7, 0x0E, 0x5B, 0x3E, 0x6E, 0xD2, 0xC5, 0x83, 0xD9, 0xEA,
    0x79, 0x67, 0x99, 0x83, 0x19, 0x40, 0x3D, 0x30, 0x99, 0x62, 0x69, 0x86, 0x3B, 0x53, 0x96, 0x4F,
    0xD9, 0x52, 0x97, 0xD8, 0xC7, 0x1E, 0x76, 0xB1, 0x0E, 0x99, 0x56, 0xEA, 0xC8, 0x95, 0xAF, 0x5D,
    0x29, 0x2A, 0xEE, 0xF7, 0x9E, 0x28, 0x76, 0x73, 0xAC, 0x5F, 0x1F, 0x77, 0x16, 0x94, 0x1D, 0x98,
    0x10, 0x82, 0xEF, 0x55, 0x0D, 0x55, 0x41, 0x39, 0x88, 0x16, 0x31, 0x53, 0xF2, 0xF6, 0xB9, 0xD7,
    0x13, 0x9F, 0xF8, 0x30, 0xB4, 0x84, 0xCF, 0x98, 0x35, 0x48, 0x06, 0x44, 0xBC, 0x34, 0x15, 0xAC,
    0x58, 0xCA, 0x85, 0x0E, 0x32, 0x34, 0xE2, 0x16, 0x16, 0x9E, 0x26, 0xBC, 0xA3, 0x51, 0xA8, 0xA6,
    0x09, 0x32, 0xF5, 0xDF, 0xC2, 0xD4, 0x50, 0x98, 0xA5, 0xA3, 0x26, 0x92, 0xFC, 0xC5, 0x8B, 0x68,
    0x74, 0x76, 0x17, 0x61, 0x78, 0xDC, 0xCC, 0x82, 0x5C, 0x23, 0x0B, 0xC2, 0x84, 0xAF, 0x45, 0x66,
    0xC3, 0x7E, 0x85, 0x45, 0xAE, 0xEE, 0xA5, 0x87, 0x87, 0x85, 0x3A, 0x35, 0xD9, 0xE5, 0x3B, 0x9B,
    0xD3, 0x90, 0xF2, 0x17, 0x16, 0x99, 0x29, 0xD6, 0x4E, 0xB8, 0x69, 0x4D, 0xC4, 0x8A, 0xA8, 0xD3,
    0x41, 0x5C, 0x92, 0x96, 0xCF, 0xCB, 0xEC, 0x78, 0xDB, 0x5E, 0x53, 0xCB, 0xF1, 0xA3, 0x4F, 0x57,
    0xE5, 0xFE, 0x9E, 0x4C, 0x8A, 0xB0, 0x27, 0x5E, 0x85, 0xFB, 0x9A, 0x34, 0x41, 0x4B, 0x88, 0x6A,
    0x7E, 0x9F, 0xE0, 0x65, 0xF9, 0xDF, 0x50, 0xBE, 0x10, 0x7A, 0xCA, 0xF6, 0x03, 0xED, 0x52, 0x2D,
    0x8F, 0x16, 0x31, 0x10, 0x7E, 0x76, 0x7B, 0x47, 0xC5, 0x8A, 0x1A, 0x50, 0x88, 0x35, 0x88, 0x0B,
    0x82, 0xDA, 0x13, 0x70, 0xB3, 0x39, 0x8B, 0x41, 0x1C, 0x1E, 0x0B, 0x86, 0x3F, 0x70, 0x49, 0x97,
    0x7F, 0x82, 0x41, 0x70, 0xE6, 0x2C, 0xEA, 0x6D, 0xD1, 0x98, 0xFE, 0x84, 0x3A, 0x12, 0x5E, 0x41,
    0x45, 0x03, 0xCD, 0xA5, 0xBB, 0x43, 0xBB, 0xEF, 0x11, 0x42, 0x90, 0x04, 0xC7, 0xCC, 0xF3, 0x24,
    0x93, 0xCE, 0x47, 0xA7, 0xD3, 0xC1, 0x31, 0xD0, 0x71, 0xC2, 0xC0, 0x2B, 0xC6, 0xC0, 0x13, 0x39,
    0xE3, 0xE8, 0x56, 0x7F, 0x59, 0x9B, 0xCE, 0x3A, 0xD8, 0x49, 0xDD, 0xAC, 0x10, 0x9C, 0x81, 0x87,
    0x13, 0x36, 0x51, 0x11, 0xD0, 0x95, 0x54, 0xC9, 0x11, 0xFD, 0x3E, 0x42, 0x7E, 0x8A, 0x50, 0x4F,
    0x23, 0x1E, 0x0D, 0x11, 0x97, 0x95, 0xCC, 0x0C, 0x5B, 0x89, 0x6A, 0x6F, 0xBC, 0xF3, 0x16, 0x8A,
    0x93, 0xE2, 0x38, 0x72, 0x18, 0x6B, 0x7A, 0x05, 0x3B, 0xCD, 0xF1, 0x48, 0x65, 0xC8, 0x02, 0x99,
    0x4F, 0x55, 0xB6, 0xCD, 0xEB, 0xBA, 0xF7, 0xC0, 0xF1, 0x04, 0xCE, 0xF2, 0x66, 0x51, 0x7E, 0xA7,
    0xDD, 0x25, 0xBD, 0x01, 0xD9, 0x64, 0xB8, 0x98, 0x8F, 0x2B, 0xCD, 0x1B, 0xDC, 0xAA, 0x3E, 0x17,
    0x59, 0x2F, 0x7F, 0x85, 0x7A, 0x6E, 0xB9, 0xEC, 0xAE, 0xF2, 0x07, 0x11, 0x5F, 0x28, 0x07, 0x3D,
    0x83, 0x80, 0x1D, 0xB0, 0xA0, 0x5B, 0xD0, 0x17, 0x88, 0x0D, 0x4D, 0xEE, 0xA1, 0xA6, 0x8C, 0xFB,
    0x42, 0xF3, 0x42, 0xAE, 0xE8, 0x6F, 0x59, 0xB1, 0xAF, 0x2F, 0x1B, 0xBF, 0x2E, 0xD4, 0xB3, 0x45,
    0x03, 0xED, 0x97, 0x91, 0x53, 0x77, 0x05, 0x5C, 0xD4, 0x01, 0x79, 0xBD, 0x4F, 0x74, 0x5E, 0x4C,
    0x57, 0x6C, 0xB7, 0x98, 0xF3, 0x75, 0xF3, 0x2E, 0xFD, 0xBB, 0x52, 0xEB, 0x3E, 0x10, 0x99, 0x38,
    0xEA, 0x43, 0xC3, 0x41, 0x04, 0xE5, 0x46, 0x47, 0x93, 0x41, 0x2D, 0x72, 0xAB, 0x16, 0x06, 0x34,
    0x8D, 0x4E, 0x39, 0x11, 0xE0, 0x4F, 0x70, 0x06, 0x3D, 0x29, 0xA7, 0xC2, 0x10, 0x65, 0x12, 0xF9,
    0xA0, 0x32, 0x0D, 0x51, 0xB5, 0xDC, 0xF9, 0x0C, 0xA7, 0xE8, 0x9E, 0xBD, 0x04, 0x7D, 0x6F, 0x83,
    0xB1, 0x7E, 0x28, 0x63, 0x90, 0x49, 0x05, 0x19, 0x7F, 0xA7, 0xCE, 0x3A, 0xD3, 0x6A, 0x96, 0xED,
    0x45, 0x7F, 0xF7, 0x95, 0xBA, 0xC0, 0x14, 0xDC, 0xFF, 0x39, 0xA2, 0x3F, 0xA1, 0xD9, 0x13, 0xFB,
    0x16, 0x7A, 0x51, 0xBF, 0xCF, 0xD3, 0x75, 0xDA, 0xC9, 0x62, 0x44, 0x39, 0x11, 0xB9, 0x6D, 0x81,
    0xF6, 0xB0, 0x53, 0x5F, 0xEE, 0x0E, 0xE1, 0xB1, 0xFE, 0x52, 0x88, 0x1B, 0x5A, 0xF0, 0xF3, 0xDA,
    0x50, 0xA8, 0xC1, 0x24, 0x4A, 0xC5, 0x91, 0x4C, 0x78, 0xED, 0xC1, 0x33, 0xAE, 0xD3, 0xA1, 0xEE,
    0x13, 0x59, 0x23, 0x73, 0xDD, 0x84, 0x36, 0xBA, 0xFF, 0x1B, 0xF5, 0x2F, 0x37, 0xEA, 0x07, 0x8D,
    0x96, 0xBF, 0x6F, 0x1C, 0x45, 0x14, 0xC7, 0xDF, 0xEE, 0x26, 0x77, 0x22, 0x5B, 0x2C, 0x42, 0x51,
    0x12, 0x62, 0xA1, 0x6D, 0x52, 0x44, 0x26, 0x68, 0x5B, 0x8A, 0xBB, 0xEC, 0x56, 0x50, 0x20, 0x21,
    0x17, 0x89, 0x28, 0x68, 0xDD, 0x10, 0x0A, 0xFF, 0x03, 0x90, 0x5B, 0x94, 0x82, 0x12, 0x17, 0x11,
    0x2D, 0x2E, 0x82, 0x14, 0x5F, 0x63, 0xE8, 0x0D, 0x3B, 0xB8, 0xA1, 0x48, 0xC1, 0x4A, 0x4E, 0x44,
    0x99, 0x05, 0xA7, 0x40, 0x97, 0x22, 0x83, 0x39, 0x94, 0x8D, 0xBD, 0x3B, 0x8F, 0xEF, 0x7B, 0xBB,
    0xEB, 0xB8, 0x48, 0x24, 0x2E, 0xD2, 0xE7, 0x5E, 0xE6, 0x66, 0xE6, 0xFD, 0x98, 0xEF, 0xBC, 0x31,
    0x91, 0x7E, 0x26, 0x3F, 0xF4, 0xF0, 0xDD, 0xF3, 0x8C, 0x52, 0x3E, 0xCE, 0x89, 0x99, 0xF3, 0x80,
    0x7F, 0x64, 0x13, 0x36, 0x87, 0x8F, 0x4D, 0x64, 0xFF, 0x79, 0x60, 0x12, 0x7B, 0xB0, 0x97, 0xA5,
    0x7F, 0xEF, 0xE7, 0x94, 0xFE, 0xF9, 0xAB, 0x02, 0x73, 0x0F, 0x1E, 0x10, 0xF0, 0xCD, 0x80, 0xE7,
    0x1F, 0x13, 0x25, 0xC7, 0xEF, 0x10, 0xC5, 0x7C, 0x6D, 0x6C, 0x22, 0xBE, 0x16, 0x99, 0x90, 0x27,
    0x89, 0x09, 0xD8, 0xB1, 0xD1, 0x4D, 0xB1, 0xFD, 0xB3, 0x8C, 0x26, 0xFF, 0x8E, 0xE0, 0xD1, 0xC2,
    0xED, 0x95, 0x35, 0xA2, 0xCB, 0xF3, 0xF9, 0x3C, 0x4B, 0xF0, 0xAB, 0x89, 0x05, 0x3E, 0xE7, 0x49,
    0xE9, 0x71, 0x1E, 0x0A, 0x82, 0x0A, 0xF0, 0x73, 0xE0, 0x4D, 0x02, 0x96, 0xC0, 0x57, 0x02, 0x3E,
    0x41, 0x4E, 0x1D, 0x66, 0xCC, 0x96, 0x0A, 0x19, 0xF3, 0x4F, 0xC6, 0x02, 0x2E, 0x11, 0x10, 0x73,
    0x0F, 0x1A, 0x39, 0x9D, 0x58, 0x63, 0xCA, 0xB7, 0x2D, 0x05, 0xCE, 0x67, 0x0A, 0x9B, 0x80, 0x29,
    0x6A, 0x02, 0x07, 0xD0, 0x3A, 0x45, 0x2D, 0xE9, 0x56, 0x55, 0x07, 0xDD, 0x8A, 0x10, 0xFB, 0xC9,
    0x18, 0x36, 0x4C, 0x8D, 0xCC, 0x31, 0x51, 0x4E, 0x45, 0x16, 0xE7, 0x5E, 0x4B, 0xB3, 0x2C, 0x44,
    0xE0, 0x9A, 0x02, 0x49, 0x0A, 0xC8, 0x28, 0xF3, 0xE6, 0xF7, 0x12, 0x2E, 0x7D, 0x6E, 0x62, 0xB6,
    0x1E, 0xD7, 0x3E, 0x9C, 0xC6, 0x48, 0xAD, 0x51, 0x3A, 0xE1, 0x31, 0x0B, 0x6B, 0x64, 0x6D, 0x52,
    0x2C, 0xE2, 0xA6, 0xA3, 0x5F, 0xC7, 0xCB, 0xD8, 0xAC, 0xB8, 0x1D, 0xB7, 0xF3, 0x57, 0x37, 0x72,
    0xB1, 0xFD, 0x84, 0x77, 0x1E, 0xFA, 0x35, 0xF1, 0x77, 0x98, 0x4F, 0xC5, 0x63, 0x61, 0xCA, 0xC2,
    0x98, 0x4D, 0xD0, 0x50, 0xC4, 0x26, 0x81, 0xA1, 0xF4, 0xD9, 0xDC, 0x9A, 0x7F, 0x4F, 0xFD, 0x47,
    0xEB, 0x11, 0x96, 0xD4, 0x25, 0x85, 0x44, 0x2B, 0x31, 0x43, 0x37, 0xE6, 0x7C, 0x30, 0x91, 0x5D,
    0xFC, 0xD2, 0x4C, 0x61, 0xAE, 0x9D, 0x17, 0x73, 0x1F, 0x09, 0xC7, 0xBC, 0x2B, 0xE6, 0xEF, 0x30,
    0x0B, 0x6E, 0xC4, 0xDC, 0xE3, 0xA3, 0x4D, 0xE7, 0xC1, 0xF4, 0xD8, 0xCC, 0x2A, 0xE4, 0x8E, 0x09,
    0x2B, 0x4C, 0xB3, 0xCA, 0xE7, 0xEC, 0x2A, 0xAA, 0x80, 0x62, 0xE0, 0xC4, 0x5E, 0x50, 0xA8, 0xE5,
    0xAA, 0x70, 0xE6, 0x55, 0xE8, 0x6E, 0x90, 0x98, 0x33, 0xDD, 0x41, 0xCD, 0x90, 0xDD, 0x60, 0xD2,
    0x06, 0xF7, 0xA6, 0x8F, 0x3A, 0x75, 0xA6, 0x7D, 0x6B, 0x49, 0x2E, 0xE2, 0x0C, 0xA5, 0xE6, 0x43,
    0xE7, 0xB7, 0x05, 0x8A, 0x27, 0x26, 0x73, 0xAD, 0x66, 0xC4, 0xBF, 0xC8, 0xF6, 0xFA, 0x59, 0xA7,
    0xCD, 0xCF, 0xE8, 0xD6, 0x7C, 0xCB, 0xDF, 0x06, 0x0B, 0xB6, 0x21, 0x23, 0xE9, 0x19, 0xDB, 0x08,
    0x41, 0xF1, 0x18, 0x19, 0x73, 0x16, 0x56, 0x81, 0x9C, 0x4B, 0x1E, 0xA2, 0x44, 0x38, 0x24, 0x13,
    0x89, 0xC4, 0xAE, 0x17, 0xF8, 0x5E, 0xE5, 0x45, 0x51, 0x2C, 0xFA, 0x3A, 0x33, 0x3B, 0xFC, 0xDF,
    0x15, 0x47, 0xC5, 0x7D, 0x2A, 0xCA, 0x26, 0xB1, 0x29, 0xF5, 0xE3, 0xED, 0xAC, 0xFF, 0x9D, 0xD2,
    0xC3, 0x65, 0xD4, 0xFC, 0x04, 0x39, 0x3D, 0xB7, 0x61, 0xBB, 0x0B, 0x9D, 0x1F, 0x57, 0x63, 0xA7,
    0x11, 0xC1, 0x87, 0x7E, 0xC3, 0x07, 0x74, 0x1D, 0xCA, 0x41, 0xE0, 0x7B, 0xCC, 0xC6, 0x93, 0xEF,
    0x00, 0x3A, 0xEA, 0x22, 0x3E, 0x2F, 0xA7, 0xD2, 0x0E, 0x08, 0x81, 0xB3, 0x9F, 0xBA, 0x35, 0x2C,
    0xC4, 0xB4, 0x48, 0xB2, 0x3A, 0xFB, 0x61, 0x2B, 0xD2, 0x6E, 0x49, 0xAB, 0x99, 0x38, 0xCC, 0x4B,
    0xED, 0xB8, 0x45, 0x48, 0x00, 0x9B, 0xD7, 0xA1, 0xC4, 0x56, 0x85, 0x85, 0x7C, 0x53, 0x57, 0x40,
    0x5E, 0x7C, 0xCC, 0xE5, 0x98, 0x0F, 0xB0, 0xDF, 0xDB, 0x94, 0xF5, 0x62, 0x60, 0xD1, 0xB1, 0x2A,
    0x58, 0x71, 0xF3, 0xA6, 0xFC, 0x10, 0xD7, 0xEF, 0x43, 0xE5, 0xD0, 0x65, 0x28, 0x48, 0xEA, 0x40,
    0xDC, 0x91, 0xA3, 0xC2, 0xD0, 0x75, 0x11, 0xFE, 0xF9, 0x11, 0x3F, 0x5A, 0x93, 0xEB, 0x63, 0xE9,
    0x5D, 0x5E, 0x6C, 0x75, 0x37, 0x42, 0xAD, 0x54, 0xA2, 0x45, 0xC5, 0xF2, 0xEE, 0x82, 0x20, 0x04,
    0xAC, 0x28, 0x2C, 0xDD, 0xA6, 0xB4, 0x86, 0x30, 0x62, 0xDE, 0x69, 0x90, 0x3F, 0x36, 0x45, 0x36,
    0x28, 0xD5, 0x68, 0xF3, 0xCA, 0xB9, 0xF9, 0xBD, 0xD1, 0x7C, 0x33, 0xE1, 0x26, 0x62, 0x1B, 0x73,
    0x8D, 0xA2, 0x41, 0x45, 0x9E, 0xA4, 0x9B, 0x07, 0x7A, 0x95, 0xA3, 0x52, 0x98, 0x66, 0xC2, 0x56,
    0xEE, 0xF0, 0x9D, 0xBA, 0x13, 0x2E, 0x9B, 0x42, 0xE9, 0xF1, 0x6F, 0x4E, 0xC6, 0xBF, 0x66, 0xFD,
    0x15, 0xB1, 0x60, 0x26, 0xEB, 0x2A, 0x78, 0x96, 0xB5, 0xB5, 0x30, 0x6E, 0x11, 0x67, 0x19, 0xF1,
    0x5D, 0xF8, 0x0A, 0xB8, 0x01, 0x49, 0x4E, 0x07, 0xAD, 0x26, 0x93, 0x66, 0xB3, 0xDD, 0x1D, 0x6C,
    0xCF, 0x99, 0x61, 0x03, 0xD1, 0x88, 0xF8, 0xE9, 0x67, 0x61, 0xB6, 0x2B, 0x77, 0x22, 0x3B, 0x03,
    0x9E, 0x91, 0xBC, 0x9E, 0x22, 0xBB, 0xCF, 0xA5, 0x78, 0xA8, 0xD3, 0x43, 0xF8, 0xBD, 0xCB, 0x26,
    0xEB, 0xCB, 0xE9, 0x69, 0x4F, 0xF3, 0xB5, 0xB2, 0x7D, 0x19, 0x4E, 0xD3, 0x97, 0x3A, 0x8B, 0x9B,
    0x81, 0xE7, 0xE6, 0xDB, 0x99, 0x36, 0x23, 0x47, 0xDA, 0x29, 0x8C, 0xC6, 0x6F, 0xA5, 0x8C, 0xC5,
    0x51, 0xA6, 0xF1, 0x98, 0x0B, 0xFC, 0x68, 0xD6, 0x66, 0x28, 0xFB, 0xC6, 0x8B, 0x2E, 0x42, 0x83,
    0x72, 0xF3, 0x91, 0xF4, 0x40, 0x14, 0xDC, 0xEB, 0x57, 0xB1, 0xD6, 0x81, 0xB7, 0xFA, 0x4E, 0xF7,
    0x0A, 0x76, 0xCE, 0xBB, 0xC6, 0xD7, 0x71, 0xF8, 0x4C, 0x5E, 0x72, 0xC4, 0x77, 0xB4, 0xB9, 0x1D,
    0x97, 0x92, 0x05, 0xCB, 0xD5, 0xDC, 0xC5, 0xAD, 0x8C, 0x9B, 0x49, 0x64, 0x21, 0x84, 0x49, 0xA0,
    0xF4, 0xD1, 0x59, 0xAB, 0x09, 0x6D, 0xE1, 0x8C, 0x27, 0x9A, 0xDB, 0x69, 0x4E, 0x59, 0x8E, 0x00,
    0xCC, 0xB8, 0x9A, 0xC4, 0xE8, 0x4F, 0x76, 0x12, 0x2D, 0x71, 0x89, 0x85, 0x69, 0x23, 0x8C, 0xF9,
    0x8B, 0x64, 0x29, 0x02, 0xD3, 0xE6, 0x2C, 0x84, 0xC7, 0x3F, 0x40, 0x6F, 0xF7, 0x54, 0x3C, 0x57,
    0x25, 0xE6, 0x3D, 0x84, 0x1E, 0xE0, 0x9E, 0x0B, 0x1C, 0x05, 0xAD, 0xC7, 0x84, 0x10, 0x8A, 0x7C,
    0x5C, 0x42, 0x91, 0xBE, 0xD1, 0xB2, 0xE2, 0x72, 0x89, 0x26, 0x1A, 0x05, 0xC9, 0x2D, 0xB9, 0xC8,
    0xFC, 0xE2, 0x86, 0x28, 0xA4, 0xD9, 0xE0, 0xC5, 0xFC, 0x7E, 0xE4, 0xC8, 0xCF, 0xD0, 0xCE, 0xC7,
    0x25, 0x10, 0x95, 0x61, 0x83, 0x96, 0x1D, 0xF0, 0x07, 0xDD, 0x13, 0x64, 0x50, 0x8C, 0x7D, 0x54,
    0x70, 0xDD, 0x83, 0xBF, 0x4B, 0xE2, 0x78, 0x3A, 0xC0, 0xE7, 0x8F, 0xE4, 0xFD, 0xE3, 0xE1, 0xFD,
    0xFB, 0x72, 0x66, 0xC2, 0x76, 0x1A, 0x99, 0xA8, 0x99, 0x86, 0x26, 0xA9, 0xA7, 0x7E, 0x96, 0x5A,
    0xCC, 0x7B, 0x3D, 0x96, 0x00, 0xE6, 0xE1, 0x6C, 0x9B, 0x29, 0xDE, 0x3F, 0x59, 0x1B, 0xF2, 0x54,
    0xDE, 0x3F, 0x1E, 0xDE, 0xBF, 0x44, 0xDE, 0x3F, 0xBA, 0x3D, 0x1A, 0xFC, 0xBE, 0xD7, 0xBD, 0x7F,
    0x83, 0x24, 0x57, 0x61, 0xCF, 0xFB, 0x63, 0xEA, 0xEC, 0x5E, 0xAA, 0x47, 0xFC, 0x14, 0x52, 0x55,
    0x79, 0x8A, 0x48, 0x93, 0x5C, 0x44, 0x1A, 0xE5, 0x97, 0xC0, 0x37, 0x5E, 0x25, 0x3D, 0xFA, 0xBF,
    0x92, 0xBC, 0x3C, 0x38, 0x11, 0xF9, 0x2D, 0x64, 0x82, 0x5E, 0xE6, 0xEA, 0x64, 0x4C, 0xFA, 0xB0,
    0x2C, 0x52, 0x55, 0xAD, 0x38, 0x59, 0x56, 0xF5, 0x90, 0x37, 0x53, 0x9A, 0x1C, 0x49, 0x87, 0xA3,
    0xAE, 0xCD, 0x61, 0x5E, 0xDF, 0x0D, 0x80, 0x23, 0xF5, 0x92, 0x8B, 0xD8, 0xB1, 0x8B, 0xB7, 0x49,
    0x34, 0xCF, 0xE8, 0xD4, 0xA3, 0x7D, 0x1A, 0xE0, 0x58, 0x9C, 0xA5, 0xFC, 0xA4, 0x5F, 0xE4, 0xF1,
    0xB3, 0x1C, 0x0A, 0xD5, 0xBF, 0x1A, 0xBA, 0xB1, 0x48, 0xFE, 0x26, 0x48, 0xAC, 0x5C, 0x71, 0x41,
    0x28, 0x08, 0x04, 0x11, 0xFA, 0xEF, 0x42, 0x1E, 0x40, 0xA4, 0x04, 0x3C, 0x91, 0xCE, 0xA6, 0x49,
    0x77, 0xDC, 0xD0, 0x81, 0xBE, 0xF7, 0x41, 0x34, 0x81, 0x16, 0x35, 0x74, 0xF1, 0x3E, 0x96, 0x36,
    0x49, 0x89, 0x95, 0xCB, 0xA4, 0x2C, 0xCA, 0xD4, 0x26, 0x55, 0x5A, 0x29, 0xED, 0xC0, 0xB4, 0xE3,
    0xAB, 0xFE, 0x55, 0x89, 0x9D, 0xD9, 0x59, 0x05, 0xD1, 0x43, 0x9D, 0x52, 0x0B, 0xEE, 0x98, 0xEB,
    0x3D, 0x8F, 0x87, 0xBF, 0x07, 0x4A, 0x79, 0x2C, 0xAD, 0x9C, 0x5A, 0x2D, 0x9D, 0xA5, 0xE9, 0xA6,
    0xF5, 0x96, 0x8E, 0xA5, 0x16, 0x1D, 0x80, 0xCB, 0x54, 0x25, 0xC0, 0x8B, 0xCD, 0xEE, 0xB0, 0x56,
    0xFB, 0x36, 0xBB, 0xA4, 0x0B, 0xD2, 0x84, 0x75, 0x4C, 0xCF, 0x2F, 0x96, 0x83, 0x53, 0xFC, 0x07,
    0x63, 0x9A, 0xC0, 0xC0, 0xC0, 0x7D, 0x80, 0x81, 0x41, 0xDE, 0x81, 0x81, 0xC1, 0x9E, 0x81, 0x81,
    0x61, 0xFF, 0xFF, 0xFF, 0x3F, 0x40, 0x18, 0xC4, 0x06, 0x89, 0xF1, 0x03, 0xE5, 0x98, 0x2F, 0x00,
    0x39, 0x5B, 0x18, 0xD8, 0xFF, 0x31, 0xD8, 0xFF, 0x7F, 0x50, 0xF7, 0xFB, 0x43, 0xC1, 0x97, 0x0D,
    0x0C, 0x5F, 0x18, 0x70, 0xA2, 0x00, 0xA0, 0x6A, 0xAE, 0x06, 0x88, 0xB1, 0xCC, 0x1F, 0x18, 0x18,
    0x18, 0xBF, 0xD8, 0xFF, 0xFF, 0xFF, 0x07, 0x84, 0x81, 0xEC, 0x1F, 0x10, 0x31, 0x76, 0xA0, 0x91,
    0xDC, 0x0D, 0x78, 0x4C, 0x49, 0xF8, 0xA2, 0x50, 0xFB, 0xEB, 0x43, 0xFD, 0xFF, 0x0F, 0xDC, 0xFF,
    0x1D, 0x40, 0x9A, 0x18, 0x18, 0x00, 0xBD, 0x53, 0x3D, 0x6F, 0xD4, 0x40, 0x10, 0x7D, 0xF6, 0x0A,
    0x8C, 0xE2, 0x0B, 0x6E, 0x88, 0x84, 0x00, 0xC9, 0x0D, 0x05, 0x44, 0x11, 0x4E, 0x91, 0x22, 0xD5,
    0xAD, 0x05, 0x7F, 0x80, 0x26, 0x15, 0x05, 0x35, 0x41, 0x82, 0xFC, 0x01, 0x64, 0x4B, 0xF9, 0x03,
    0xF9, 0x09, 0x29, 0xA8, 0xAE, 0x49, 0x4A, 0x90, 0x22, 0x79, 0x25, 0x0A, 0x8A, 0x34, 0xEE, 0x69,
    0x5C, 0x50, 0x20, 0x52, 0xB0, 0x85, 0x8B, 0x13, 0xF1, 0x79, 0x78, 0xB3, 0x77, 0x17, 0x51, 0x50,
    0xB3, 0xD2, 0x3E, 0xD9, 0xB3, 0xB3, 0xF3, 0xF1, 0xDE, 0x2C, 0x1E, 0x8E, 0x80, 0x48, 0x6B, 0xC6,
    0xF7, 0x3E, 0x9D, 0x9B, 0x21, 0x1D, 0xE2, 0x85, 0x19, 0x30, 0xE2, 0x25, 0x04, 0x3C, 0xC1, 0xED,
    0x52, 0x20, 0x83, 0x18, 0x11, 0xC9, 0x16, 0xB9, 0x14, 0x7D, 0x26, 0xD6, 0xA7, 0xA3, 0xED, 0xD2,
    0x05, 0xF7, 0x60, 0xBB, 0x4C, 0xB7, 0x2F, 0x3C, 0x71, 0x94, 0xDA, 0xC8, 0x02, 0x78, 0x50, 0x42,
    0x57, 0x8B, 0x68, 0xF6, 0xBC, 0x46, 0x31, 0xBB, 0x46, 0xD4, 0x21, 0x47, 0x52, 0x62, 0xDB, 0x6D,
    0x02, 0x47, 0xE7, 0xFB, 0x3C, 0xDC, 0xDB, 0x85, 0xA9, 0x1F, 0x9D, 0x23, 0xC1, 0xE4, 0x14, 0x13,
    0x6C, 0x76, 0xD8, 0x57, 0x38, 0xC7, 0xE6, 0x29, 0x1C, 0x26, 0x47, 0xA6, 0xC4, 0x64, 0x2F, 0x05,
    0x9E, 0xEC, 0x4C, 0x80, 0xDD, 0xBB, 0x7B, 0x40, 0x67, 0x3A, 0x18, 0x17, 0xF5, 0x78, 0x06, 0xF3,
    0xFA, 0xAA, 0xC7, 0x06, 0xDE, 0x00, 0x77, 0x42, 0xAA, 0x68, 0x46, 0x30, 0xC2, 0xBC, 0x89, 0x38,
    0x20, 0x5B, 0x42, 0x07, 0x14, 0x95, 0x07, 0x6C, 0xD1, 0x03, 0xD3, 0x6C, 0x0E, 0x5C, 0x64, 0x03,
    0x30, 0xA4, 0x0B, 0x44, 0x73, 0x23, 0x30, 0x3E, 0x40, 0x2C, 0x75, 0xDA, 0x42, 0x5C, 0xE6, 0x20,
    0x2D, 0xA1, 0xE9, 0x8A, 0x12, 0xD6, 0x5B, 0x5E, 0xEC, 0x2B, 0xF6, 0x3D, 0x34, 0x0A, 0xE1, 0xEB,
    0x70, 0xC6, 0x75, 0x22, 0xBA, 0xBC, 0x5A, 0x85, 0x4D, 0x1F, 0xBC, 0x12, 0x30, 0x62, 0xF2, 0xBF,
    0x30, 0x1B, 0x91, 0x8A, 0x6A, 0x56, 0x89, 0x67, 0x01, 0x8D, 0xF8, 0x40, 0x01, 0xB6, 0x59, 0x5A,
    0x69, 0x59, 0x93, 0x5B, 0xC2, 0x80, 0xCA, 0xD1, 0x37, 0x77, 0xF4, 0xCE, 0x9C, 0x11, 0x97, 0xB6,
    0x91, 0x74, 0x71, 0x8D, 0x70, 0xC1, 0x92, 0x0D, 0x14, 0x14, 0x8B, 0x3C, 0x41, 0x69, 0x23, 0xC4,
    0x0A, 0x54, 0x1F, 0x48, 0xD5, 0x25, 0xEF, 0xD4, 0xCF, 0x85, 0x31, 0x30, 0x5D, 0x34, 0x20, 0xE9,
    0xCC, 0x1C, 0x19, 0xD5, 0x46, 0xDE, 0x16, 0x6D, 0xD4, 0xB4, 0x9A, 0x28, 0x80, 0x0B, 0x15, 0x6C,
    0x1D, 0x1C, 0x80, 0xAC, 0xD4, 0xBA, 0x49, 0x17, 0xD5, 0x88, 0x98, 0xC5, 0xF4, 0xCB, 0x78, 0x59,
    0xCB, 0x84, 0x74, 0xB4, 0xA5, 0x06, 0x04, 0xE3, 0x81, 0xE1, 0x90, 0xE8, 0x11, 0x33, 0xE5, 0x7A,
    0x54, 0x03, 0x0D, 0x03, 0x71, 0x26, 0xE3, 0xE1, 0xDF, 0x37, 0xB7, 0x54, 0x6D, 0x14, 0x1D, 0xA5,
    0xE9, 0xAD, 0xCF, 0x5B, 0x6D, 0x40, 0xC7, 0x2D, 0xD7, 0x02, 0x0A, 0x05, 0xAB, 0x30, 0x55, 0xF8,
    0xA0, 0x70, 0xA1, 0xA0, 0x3D, 0x61, 0x8E, 0x6A, 0xE0, 0xF4, 0x54, 0x63, 0xEC, 0x39, 0x2B, 0xC6,
    0xB3, 0xDF, 0x63, 0x26, 0x96, 0xAF, 0x0C, 0x22, 0xDF, 0x18, 0xBF, 0xD2, 0x3E, 0xAC, 0xB0, 0x88,
    0x5C, 0x8B, 0x0F, 0xC4, 0xA4, 0x81, 0x93, 0x51, 0xD9, 0x21, 0x59, 0xD1, 0x27, 0x3C, 0xA5, 0xFD,
    0x58, 0x5C, 0x21, 0x72, 0xD5, 0xD9, 0xB3, 0xD1, 0xF8, 0xA9, 0xC6, 0x9A, 0xC6, 0xF2, 0xCB, 0xDB,
    0xB3, 0x30, 0x10, 0xA9, 0xB8, 0xF8, 0x3B, 0x3E, 0x63, 0xB5, 0x94, 0xE9, 0x48, 0x46, 0x6D, 0x87,
    0xBD, 0x65, 0x5E, 0x56, 0x90, 0xFB, 0xC7, 0x0A, 0x5A, 0xF6, 0x0D, 0x84, 0xDF, 0xBC, 0xD7, 0xA6,
    0x54, 0x1F, 0x9D, 0xD6, 0xBF, 0x20, 0x55, 0x48, 0x54, 0x33, 0xB3, 0x58, 0x57, 0x75, 0x03, 0x1B,
    0x2F, 0x68, 0xB3, 0x5F, 0x86, 0x35, 0x5C, 0x32, 0x54, 0x21, 0x6C, 0x2D, 0x09, 0xC5, 0x7F, 0xC4,
    0x49, 0x26, 0x3F, 0x3D, 0xCB, 0xEE, 0x6C, 0x23, 0x6E, 0x27, 0x6A, 0x42, 0x71, 0xC9, 0x0F, 0xB5,
    0x5F, 0x07, 0xFB, 0x94, 0xF6, 0xFB, 0x78, 0x17, 0x5E, 0x2E, 0xE2, 0x95, 0x72, 0x94, 0x67, 0x2D,
    0xA9, 0xEE, 0xA0, 0x01, 0x19, 0x3E, 0x94, 0x59, 0xB9, 0xB6, 0xBD, 0xFD, 0x3D, 0x2B, 0xC9, 0x66,
    0x50, 0x32, 0x69, 0xD7, 0x6D, 0xDF, 0x42, 0xD0, 0x52, 0xF9, 0x6B, 0xE6, 0x81, 0xD0, 0x86, 0xE1,
    0x94, 0x5C, 0xFE, 0xD2, 0x4C, 0xC7, 0x6A, 0x5C, 0x0D, 0x5E, 0x50, 0x0B, 0x9C, 0x5F, 0x8E, 0xB5,
    0x84, 0x7D, 0x0F, 0xCB, 0x69, 0xB0, 0xC1, 0x77, 0x75, 0x29, 0x09, 0x1F, 0x35, 0x0D, 0x65, 0x24,
    0x73, 0x76, 0xC7, 0x67, 0xDA, 0xAF, 0x6F, 0x87, 0x07, 0xA0, 0xF3, 0x5F, 0xEB, 0xFE, 0x03, 0x95,
    0xCE, 0xB1, 0x0D, 0xC2, 0x30, 0x10, 0x85, 0xE1, 0x17, 0x52, 0x50, 0x50, 0x64, 0x04, 0x0F, 0x40,
    0xE1, 0x11, 0x9C, 0x8D, 0xB2, 0x40, 0x0A, 0x46, 0xC8, 0x10, 0x54, 0x34, 0x8C, 0x00, 0x23, 0x78,
    0x14, 0x23, 0x19, 0x09, 0x45, 0x8E, 0x5E, 0xDE, 0x25, 0x14, 0x28, 0x55, 0x68, 0xBE, 0xC2, 0x3E,
    0xDD, 0xFD, 0x40, 0x77, 0x05, 0x70, 0x22, 0x5B, 0x20, 0xBC, 0xBB, 0x08, 0xF0, 0xE2, 0x12, 0x2A,
    0xC2, 0x27, 0x1C, 0x08, 0x17, 0x51, 0x53, 0x13, 0x5F, 0x3D, 0xC9, 0x84, 0x20, 0x33, 0xCE, 0xBC,
    0x3D, 0xB2, 0xBD, 0xFB, 0xFF, 0x3D, 0xB2, 0x0D, 0x1F, 0xED, 0x79, 0xE9, 0xF0, 0x2A, 0xAA, 0xFB,
    0xA0, 0x03, 0x0D, 0xA7, 0x5E, 0x25, 0x23, 0x8B, 0x95, 0xF8, 0x62, 0x25, 0x4D, 0xB1, 0x12, 0x59,
    0xFF, 0xA8, 0x12, 0x19, 0x16, 0x55, 0xB2, 0xF9, 0xDD, 0xAF, 0x4A, 0x9C, 0xED, 0xC9, 0xE4, 0x73,
    0x75, 0x06,
};

static const EpdGlyph literata_14_boldGlyphs[] = {
    { 0, 0, 93, 0, 0, 0, 0 }, // U+0020
    { 6, 22, 157, 2, 21, 33, 0 }, // !
    { 10, 8, 203, 1, 23, 20, 33 }, // "
    { 20, 18, 319, 0, 17, 90, 53 }, // #
    { 16, 27, 276, 1, 24, 108, 143 }, // $
    { 26, 19, 419, 0, 18, 124, 251 }, // %
    { 23, 22, 388, 1, 21, 127, 375 }, // &
    { 5, 8, 119, 1, 23, 10, 502 }, // '
    { 9, 31, 167, 1, 24, 70, 512 }, // (
    { 9, 31, 167, 0, 24, 70, 582 }, // )
    { 13, 13, 209, 0, 24, 43, 652 }, // *
    { 13, 14, 270, 2, 16, 46, 695 }, // +
    { 7, 11, 151, 1, 5, 20, 741 }, // ,
    { 8, 5, 158, 1, 11, 10, 761 }, // -
    { 7, 6, 153, 1, 5, 11, 771 }, // .
    { 14, 28, 224, 0, 24, 98, 782 }, // /
    { 17, 22, 286, 0, 21, 94, 880 }, // 0
    { 12, 21, 193, 0, 21, 63, 974 }, // 1
    { 15, 21, 251, 0, 21, 79, 1037 }, // 2
    { 16, 22, 259, 0, 21, 88, 1116 }, // 3
    { 17, 21, 280, 0, 21, 90, 1204 }, // 4
    { 15, 22, 252, 0, 21, 83, 1294 }, // 5
    { 17, 22, 271, 0, 21, 94, 1377 }, // 6
    { 16, 22, 251, 0, 21, 88, 1471 }, // 7
    { 17, 22, 273, 0, 21, 94, 1559 }, // 8
    { 16, 22, 268, 0, 21, 88, 1653 }, // 9
    { 7, 17, 153, 1, 16, 30, 1741 }, // :
    { 7, 22, 151, 1, 16, 39, 1771 }, // ;
    { 12, 15, 270, 2, 16, 45, 1810 }, // <
    { 13, 10, 270, 2, 14, 33, 1855 }, // =
    { 13, 15, 270, 2, 16, 49, 1888 }, // >
    { 14, 22, 259, 1, 21, 77, 1937 }, // ?
    { 25, 24, 437, 1, 18, 150, 2014 }, // @
    { 22, 21, 349, 0, 21, 116, 2164 }, // A
    { 19, 21, 321, 1, 21, 100, 2280 }, // B
    { 19, 22, 329, 1, 21, 105, 2380 }, // C
    { 21, 21, 361, 1, 21, 111, 2485 }, // D
    { 18, 21, 306, 1, 21, 95, 2596 }, // E
    { 17, 21, 295, 1, 21, 90, 2691 }, // F
    { 21, 22, 356, 1, 21, 116, 2781 }, // G
    { 22, 21, 390, 1, 21, 116, 2897 }, // H
    { 10, 21, 193, 1, 21, 53, 3013 }, // I
    { 16, 22, 267, 0, 21, 88, 3066 }, // J
    { 22, 22, 364, 1, 21, 121, 3154 }, // K
    { 17, 21, 300, 1, 21, 90, 3275 }, // L
    { 27, 21, 458, 1, 21, 142, 3365 }, // M
    { 22, 21, 386, 1, 21, 116, 3507 }, // N
    { 21, 22, 361, 1, 21, 116, 3623 }, // O
    { 18, 21, 303, 1, 21, 95, 3739 }, // P
    { 26, 27, 365, 1, 21, 176, 3834 }, // Q
    { 21, 22, 345, 1, 21, 116, 4010 }, // R
    { 16, 22, 284, 1, 21, 88, 4126 }, // S
    { 21, 21, 345, 0, 21, 111, 4214 }, // T
    { 21, 22, 363, 1, 21, 116, 4325 }, // U
    { 22, 21, 350, 0, 21, 116, 4441 }, // V
    { 32, 21, 512, 0, 21, 168, 4557 }, // W
    { 22, 21, 350, 0, 21, 116, 4725 }, // X
    { 22, 21, 344, 0, 21, 116, 4841 }, // Y
    { 18, 21, 317, 1, 21, 95, 4957 }, // Z
    { 8, 31, 164, 2, 24, 62, 5052 }, // [
    { 14, 28, 225, 0, 24, 98, 5114 }, // <backslash>
    { 8, 31, 164, 0, 24, 62, 5212 }, // ]
    { 16, 12, 270, 0, 21, 48, 5274 }, // ^
    { 14, 3, 218, 0, 0, 11, 5322 }, // _
    { 7, 8, 232, 3, 24, 14, 5333 }, // `
    { 16, 17, 268, 1, 16, 68, 5347 }, // a
    { 18, 24, 301, 0, 23, 108, 5415 }, // b
    { 15, 17, 252, 1, 16, 64, 5523 }, // c
    { 18, 24, 305, 1, 23, 108, 5587 }, // d
    { 15, 17, 262, 1, 16, 64, 5695 }, // e
    { 15, 23, 197, 0, 23, 87, 5759 }, // f
    { 18, 25, 281, 0, 18, 113, 5846 }, // g
    { 20, 23, 319, 0, 23, 115, 5959 }, // h
    { 10, 23, 168, 0, 23, 58, 6074 }, // i
    { 8, 30, 156, 0, 23, 60, 6132 }, // j
    { 20, 24, 311, 0, 23, 120, 6192 }, // k
    { 10, 23, 167, 0, 23, 58, 6312 }, // l
    { 28, 16, 462, 1, 16, 112, 6370 }, // m
    { 19, 16, 321, 1, 16, 76, 6482 }, // n
    { 17, 17, 290, 1, 16, 73, 6558 }, // o
    { 19, 23, 306, 0, 16, 110, 6631 }, // p
    { 18, 23, 298, 1, 16, 104, 6741 }, // q
    { 15, 16, 251, 1, 16, 60, 6845 }, // r
    { 13, 17, 231, 1, 16, 56, 6905 }, // s
    { 13, 21, 202, 0, 20, 69, 6961 }, // t
    { 19, 17, 313, 0, 16, 81, 7030 }, // u
    { 18, 15, 288, 0, 15, 68, 7111 }, // v
    { 26, 15, 417, 0, 15, 98, 7179 }, // w
    { 18, 15, 280, 0, 15, 68, 7277 }, // x
    { 18, 22, 282, 0, 15, 99, 7345 }, // y
    { 14, 15, 247, 1, 15, 53, 7444 }, // z
    { 10, 31, 173, 0, 24, 78, 7497 }, // {
    { 4, 28, 200, 4, 24, 28, 7575 }, // |
    { 10, 31, 173, 0, 24, 78, 7603 }, // }
    { 15, 6, 271, 1, 12, 23, 7681 }, // ~
    { 0, 0, 93, 0, 0, 0, 0 }, // U+00A0
    { 6, 22, 160, 2, 16, 33, 0 }, // U+00A1
    { 15, 20, 253, 1, 19, 75, 33 }, // U+00A2
    { 17, 21, 279, 0, 21, 90, 108 }, // U+00A3
    { 15, 15, 258, 1, 17, 57, 198 }, // U+00A4
    { 22, 21, 346, 0, 21, 116, 255 }, // U+00A5
    { 4, 28, 200, 4, 24, 28, 371 }, // U+00A6
    { 17, 27, 289, 1, 22, 115, 399 }, // U+00A7
    { 13, 6, 232, 1, 23, 20, 514 }, // U+00A8
    { 22, 21, 387, 1, 20, 116, 534 }, // U+00A9
    { 13, 12, 207, 0, 22, 39, 650 }, // U+00AA
    { 14, 14, 251, 1, 15, 49, 689 }, // U+00AB
    { 13, 8, 270, 2, 12, 26, 738 }, // U+00AC
    { 0, 0, 0, 0, 0, 0, 764 }, // U+00AD
    { 12, 12, 228, 1, 23, 36, 764 }, // U+00AE
    { 10, 4, 232, 2, 22, 10, 800 }, // U+00AF
    { 9, 8, 170, 1, 23, 18, 810 }, // U+00B0
    { 13, 17, 270, 2, 17, 56, 828 }, // U+00B1
    { 12, 15, 191, 0, 25, 45, 884 }, // U+00B2
    { 12, 15, 196, 0, 25, 45, 929 }, // U+00B3
    { 8, 8, 232, 4, 24, 16, 974 }, // U+00B4
    { 17, 23, 309, 2, 16, 98, 990 }, // U+00B5
    { 17, 26, 291, 1, 21, 111, 1088 }, // U+00B6
    { 7, 6, 153, 1, 12, 11, 1199 }, // U+00B7
    { 8, 9, 232, 3, 1, 18, 1210 }, // U+00B8
    { 10, 15, 157, 0, 25, 38, 1228 }, // U+00B9
    { 13, 12, 212, 0, 22, 39, 1266 }, // U+00BA
    { 15, 14, 251, 0, 15, 53, 1305 }, // U+00BB
    { 29, 23, 462, 0, 22, 167, 1358 }, // U+00BC
    { 30, 23, 485, 0, 22, 173, 1525 }, // U+00BD
    { 30, 22, 481, 0, 21, 165, 1698 }, // U+00BE
    { 14, 22, 259, 1, 16, 77, 1863 }, // U+00BF
    { 22, 28, 349, 0, 28, 154, 1940 }, // U+00C0
    { 22, 28, 349, 0, 28, 154, 2094 }, // U+00C1
    { 22, 28, 349, 0, 28, 154, 2248 }, // U+00C2
    { 22, 27, 344, 0, 27, 149, 2402 }, // U+00C3
    { 22, 28, 349, 0, 28, 154, 2551 }, // U+00C4
    { 22, 29, 349, 0, 29, 160, 2705 }, // U+00C5
    { 29, 21, 478, 0, 21, 153, 2865 }, // U+00C6
    { 19, 29, 329, 1, 21, 138, 3018 }, // U+00C7
    { 18, 28, 306, 1, 28, 126, 3156 }, // U+00C8
    { 18, 28, 306, 1, 28, 126, 3282 }, // U+00C9
    { 18, 28, 306, 1, 28, 126, 3408 }, // U+00CA
    { 18, 28, 306, 1, 28, 126, 3534 }, // U+00CB
    { 10, 28, 193, 1, 28, 70, 3660 }, // U+00CC
    { 10, 28, 193, 1, 28, 70, 3730 }, // U+00CD
    { 12, 28, 193, 0, 28, 84, 3800 }, // U+00CE
    { 12, 28, 193, 0, 28, 84, 3884 }, // U+00CF
    { 22, 21, 361, 0, 21, 116, 3968 }, // U+00D0
    { 22, 27, 386, 1, 27, 149, 4084 }, // U+00D1
    { 21, 29, 361, 1, 28, 153, 4233 }, // U+00D2
    { 21, 29, 361, 1, 28, 153, 4386 }, // U+00D3
    { 21, 29, 361, 1, 28, 153, 4539 }, // U+00D4
    { 21, 28, 361, 1, 27, 147, 4692 }, // U+00D5
    { 21, 29, 361, 1, 28, 153, 4839 }, // U+00D6
    { 12, 12, 270, 2, 15, 36, 4992 }, // U+00D7
    { 22, 22, 361, 0, 21, 121, 5028 }, // U+00D8
    { 21, 29, 363, 1, 28, 153, 5149 }, // U+00D9
    { 21, 29, 363, 1, 28, 153, 5302 }, // U+00DA
    { 21, 29, 363, 1, 28, 153, 5455 }, // U+00DB
    { 21, 29, 363, 1, 28, 153, 5608 }, // U+00DC
    { 22, 28, 344, 0, 28, 154, 5761 }, // U+00DD
    { 18, 21, 305, 1, 21, 95, 5915 }, // U+00DE
    { 22, 24, 354, 0, 23, 132, 6010 }, // U+00DF
    { 16, 25, 268, 1, 24, 100, 6142 }, // U+00E0
    { 16, 25, 268, 1, 24, 100, 6242 }, // U+00E1
    { 16, 25, 268, 1, 24, 100, 6342 }, // U+00E2
    { 16, 24, 268, 1, 23, 96, 6442 }, // U+00E3
    { 16, 24, 268, 1, 23, 96, 6538 }, // U+00E4
    { 16, 25, 268, 1, 24, 100, 6634 }, // U+00E5
    { 23, 17, 393, 1, 16, 98, 6734 }, // U+00E6
    { 15, 24, 252, 1, 16, 90, 6832 }, // U+00E7
    { 15, 25, 262, 1, 24, 94, 6922 }, // U+00E8
    { 15, 25, 262, 1, 24, 94, 7016 }, // U+00E9
    { 15, 25, 262, 1, 24, 94, 7110 }, // U+00EA
    { 15, 24, 262, 1, 23, 90, 7204 }, // U+00EB
    { 10, 24, 168, 0, 24, 60, 7294 }, // U+00EC
    { 10, 24, 168, 0, 24, 60, 7354 }, // U+00ED
    { 11, 24, 168, -1, 24, 66, 7414 }, // U+00EE
    { 13, 23, 168, -2, 23, 75, 7480 }, // U+00EF
    { 16, 25, 279, 1, 24, 100, 7555 }, // U+00F0
    { 19, 23, 321, 1, 23, 110, 7655 }, // U+00F1
    { 17, 25, 290, 1, 24, 107, 7765 }, // U+00F2
    { 17, 25, 290, 1, 24, 107, 7872 }, // U+00F3
    { 17, 25, 290, 1, 24, 107, 7979 }, // U+00F4
    { 17, 24, 290, 1, 23, 102, 8086 }, // U+00F5
    { 17, 24, 290, 1, 23, 102, 8188 }, // U+00F6
    { 13, 16, 270, 2, 17, 52, 8290 }, // U+00F7
    { 18, 17, 290, 0, 16, 77, 8342 }, // U+00F8
    { 19, 25, 313, 0, 24, 119, 8419 }, // U+00F9
    { 19, 25, 313, 0, 24, 119, 8538 }, // U+00FA
    { 19, 25, 313, 0, 24, 119, 8657 }, // U+00FB
    { 19, 24, 313, 0, 23, 114, 8776 }, // U+00FC
    { 18, 31, 282, 0, 24, 140, 8890 }, // U+00FD
    { 18, 30, 300, 0, 23, 135, 9030 }, // U+00FE
    { 18, 30, 282, 0, 23, 135, 9165 }, // U+00FF
    { 22, 27, 349, 0, 27, 149, 0 }, // U+0100
    { 16, 23, 268, 1, 22, 92, 149 }, // U+0101
    { 22, 28, 349, 0, 28, 154, 241 }, // U+0102
    { 16, 25, 268, 1, 24, 100, 395 }, // U+0103
    { 22, 29, 349, 0, 21, 160, 495 }, // U+0104
    { 16, 24, 268, 1, 16, 96, 655 }, // U+0105
    { 19, 29, 329, 1, 28, 138, 751 }, // U+0106
    { 15, 25, 252, 1, 24, 94, 889 }, // U+0107
    { 19, 29, 329, 1, 28, 138, 983 }, // U+0108
    { 15, 25, 252, 1, 24, 94, 1121 }, // U+0109
    { 19, 29, 329, 1, 28, 138, 1215 }, // U+010A
    { 15, 24, 252, 1, 23, 90, 1353 }, // U+010B
    { 19, 30, 329, 1, 29, 143, 1443 }, // U+010C
    { 15, 25, 252, 1, 24, 94, 1586 }, // U+010D
    { 21, 29, 361, 1, 29, 153, 1680 }, // U+010E
    { 21, 24, 357, 1, 23, 126, 1833 }, // U+010F
    { 22, 21, 361, 0, 21, 116, 1959 }, // U+0110
    { 18, 24, 301, 1, 23, 108, 2075 }, // U+0111
    { 18, 27, 306, 1, 27, 122, 2183 }, // U+0112
    { 15, 23, 262, 1, 22, 87, 2305 }, // U+0113
    { 18, 28, 306, 1, 28, 126, 2392 }, // U+0114
    { 15, 25, 262, 1, 24, 94, 2518 }, // U+0115
    { 18, 28, 306, 1, 28, 126, 2612 }, // U+0116
    { 15, 24, 262, 1, 23, 90, 2738 }, // U+0117
    { 18, 29, 306, 1, 21, 131, 2828 }, // U+0118
    { 15, 24, 262, 1, 16, 90, 2959 }, // U+0119
    { 18, 29, 306, 1, 29, 131, 3049 }, // U+011A
    { 15, 25, 262, 1, 24, 94, 3180 }, // U+011B
    { 21, 29, 356, 1, 28, 153, 3274 }, // U+011C
    { 18, 31, 274, 0, 24, 140, 3427 }, // U+011D
    { 21, 29, 356, 1, 28, 153, 3567 }, // U+011E
    { 18, 31, 281, 0, 24, 140, 3720 }, // U+011F
    { 21, 29, 356, 1, 28, 153, 3860 }, // U+0120
    { 18, 30, 281, 0, 23, 135, 4013 }, // U+0121
    { 21, 30, 356, 1, 21, 158, 4148 }, // U+0122
    { 18, 31, 281, 0, 24, 140, 4306 }, // U+0123
    { 22, 28, 390, 1, 28, 154, 4446 }, // U+0124
    { 21, 29, 319, -1, 29, 153, 4600 }, // U+0125
    { 23, 21, 379, 0, 21, 121, 4753 }, // U+0126
    { 20, 23, 319, 0, 23, 115, 4874 }, // U+0127
    { 12, 27, 193, 0, 27, 81, 4989 }, // U+0128
    { 12, 23, 168, -2, 23, 69, 5070 }, // U+0129
    { 10, 27, 193, 1, 27, 68, 5139 }, // U+012A
    { 11, 22, 168, -1, 22, 61, 5207 }, // U+012B
    { 12, 28, 193, 0, 28, 84, 5268 }, // U+012C
    { 11, 24, 168, -1, 24, 66, 5352 }, // U+012D
    { 10, 29, 183, 1, 21, 73, 5418 }, // U+012E
    { 10, 31, 169, 0, 23, 78, 5491 }, // U+012F
    { 10, 28, 193, 1, 28, 70, 5569 }, // U+0130
    { 10, 16, 168, 0, 16, 40, 5639 }, // U+0131
    { 28, 22, 461, 1, 21, 154, 5679 }, // U+0132
    { 19, 30, 324, 0, 23, 143, 5833 }, // U+0133
    { 17, 29, 267, 0, 28, 124, 5976 }, // U+0134
    { 11, 31, 155, -1, 24, 86, 6100 }, // U+0135
    { 22, 30, 364, 1, 21, 165, 6186 }, // U+0136
    { 20, 32, 311, 0, 23, 160, 6351 }, // U+0137
    { 20, 17, 312, 0, 16, 85, 6511 }, // U+0138
    { 17, 28, 300, 1, 28, 119, 6596 }, // U+0139
    { 10, 29, 167, 0, 29, 73, 6715 }, // U+013A
    { 17, 30, 300, 1, 21, 128, 6788 }, // U+013B
    { 10, 32, 167, 0, 23, 80, 6916 }, // U+013C
    { 17, 24, 300, 1, 24, 102, 6996 }, // U+013D
    { 14, 23, 217, 0, 23, 81, 7098 }, // U+013E
    { 18, 21, 300, 1, 21, 95, 7179 }, // U+013F
    { 14, 23, 174, 0, 23, 81, 7274 }, // U+0140
    { 18, 21, 300, 0, 21, 95, 7355 }, // U+0141
    { 11, 23, 175, 0, 23, 64, 7450 }, // U+0142
    { 22, 28, 386, 1, 28, 154, 7514 }, // U+0143
    { 19, 24, 321, 1, 24, 114, 7668 }, // U+0144
    { 22, 30, 386, 1, 21, 165, 7782 }, // U+0145
    { 19, 25, 321, 1, 16, 119, 7947 }, // U+0146
    { 22, 29, 386, 1, 29, 160, 8066 }, // U+0147
    { 19, 24, 321, 1, 24, 114, 8226 }, // U+0148
    { 24, 23, 392, 0, 23, 138, 8340 }, // U+0149
    { 22, 28, 386, 1, 21, 154, 8478 }, // U+014A
    { 17, 23, 313, 1, 16, 98, 8632 }, // U+014B
    { 21, 28, 361, 1, 27, 147, 8730 }, // U+014C
    { 17, 23, 290, 1, 22, 98, 8877 }, // U+014D
    { 21, 29, 361, 1, 28, 153, 8975 }, // U+014E
    { 17, 25, 290, 1, 24, 107, 9128 }, // U+014F
    { 21, 29, 361, 1, 28, 153, 9235 }, // U+0150
    { 17, 25, 290, 1, 24, 107, 9388 }, // U+0151
    { 30, 22, 506, 1, 21, 165, 9495 }, // U+0152
    { 26, 17, 438, 1, 16, 111, 9660 }, // U+0153
    { 21, 29, 346, 1, 28, 153, 9771 }, // U+0154
    { 15, 24, 251, 1, 24, 90, 9924 }, // U+0155
    { 21, 30, 345, 1, 21, 158, 10014 }, // U+0156
    { 15, 25, 251, 1, 16, 94, 10172 }, // U+0157
    { 21, 30, 345, 1, 29, 158, 10266 }, // U+0158
    { 15, 24, 251, 1, 24, 90, 10424 }, // U+0159
    { 16, 29, 284, 1, 28, 116, 10514 }, // U+015A
    { 13, 25, 231, 1, 24, 82, 10630 }, // U+015B
    { 16, 29, 284, 1, 28, 116, 10712 }, // U+015C
    { 13, 25, 231, 1, 24, 82, 10828 }, // U+015D
    { 16, 29, 284, 1, 21, 116, 10910 }, // U+015E
    { 13, 24, 230, 1, 16, 78, 11026 }, // U+015F
    { 16, 30, 284, 1, 29, 120, 11104 }, // U+0160
    { 13, 25, 231, 1, 24, 82, 11224 }, // U+0161
    { 21, 29, 345, 0, 21, 153, 11306 }, // U+0162
    { 13, 28, 202, 0, 20, 91, 11459 }, // U+0163
    { 21, 29, 345, 0, 29, 153, 11550 }, // U+0164
    { 13, 26, 187, 0, 25, 85, 11703 }, // U+0165
    { 21, 21, 345, 0, 21, 111, 11788 }, // U+0166
    { 13, 21, 202, 0, 20, 69, 11899 }, // U+0167
    { 21, 28, 363, 1, 27, 147, 11968 }, // U+0168
    { 19, 24, 313, 0, 23, 114, 12115 }, // U+0169
    { 21, 28, 363, 1, 27, 147, 12229 }, // U+016A
    { 19, 23, 313, 0, 22, 110, 12376 }, // U+016B
    { 21, 29, 363, 1, 28, 153, 12486 }, // U+016C
    { 19, 25, 313, 0, 24, 119, 12639 }, // U+016D
    { 21, 30, 363, 1, 29, 158, 12758 }, // U+016E
    { 19, 25, 313, 0, 24, 119, 12916 }, // U+016F
    { 21, 29, 363, 1, 28, 153, 13035 }, // U+0170
    { 19, 25, 313, 0, 24, 119, 13188 }, // U+0171
    { 21, 29, 363, 1, 21, 153, 13307 }, // U+0172
    { 19, 24, 309, 0, 16, 114, 13460 }, // U+0173
    { 32, 28, 512, 0, 28, 224, 13574 }, // U+0174
    { 26, 24, 417, 0, 24, 156, 13798 }, // U+0175
    { 22, 28, 344, 0, 28, 154, 13954 }, // U+0176
    { 18, 31, 282, 0, 24, 140, 14108 }, // U+0177
    { 22, 28, 344, 0, 28, 154, 14248 }, // U+0178
    { 18, 28, 317, 1, 28, 126, 14402 }, // U+0179
    { 14, 24, 247, 1, 24, 84, 14528 }, // U+017A
    { 18, 28, 317, 1, 28, 126, 14612 }, // U+017B
    { 14, 23, 247, 1, 23, 81, 14738 }, // U+017C
    { 18, 29, 317, 1, 29, 131, 14819 }, // U+017D
    { 14, 24, 247, 1, 24, 84, 14950 }, // U+017E
    { 25, 24, 406, 1, 23, 150, 0 }, // U+01A0
    { 20, 21, 322, 1, 20, 105, 150 }, // U+01A1
    { 25, 24, 413, 1, 23, 150, 255 }, // U+01AF
    { 23, 21, 360, 0, 20, 121, 405 }, // U+01B0
    { 40, 29, 668, 1, 29, 290, 526 }, // U+01C4
    { 37, 24, 606, 1, 24, 222, 816 }, // U+01C5
    { 33, 25, 552, 1, 24, 207, 1038 }, // U+01C6
    { 34, 22, 565, 1, 21, 187, 1245 }, // U+01C7
    { 26, 30, 456, 1, 23, 195, 1432 }, // U+01C8
    { 18, 30, 317, 0, 23, 135, 1627 }, // U+01C9
    { 39, 22, 639, 1, 21, 215, 1762 }, // U+01CA
    { 31, 30, 544, 1, 23, 233, 1977 }, // U+01CB
    { 27, 30, 473, 1, 23, 203, 2210 }, // U+01CC
    { 22, 29, 349, 0, 29, 160, 2413 }, // U+01CD
    { 16, 25, 268, 1, 24, 100, 2573 }, // U+01CE
    { 12, 29, 193, 0, 29, 87, 2673 }, // U+01CF
    { 11, 24, 168, -1, 24, 66, 2760 }, // U+01D0
    { 21, 30, 361, 1, 29, 158, 2826 }, // U+01D1
    { 17, 25, 290, 1, 24, 107, 2984 }, // U+01D2
    { 21, 30, 363, 1, 29, 158, 3091 }, // U+01D3
    { 19, 25, 313, 0, 24, 119, 3249 }, // U+01D4
    { 21, 34, 363, 1, 33, 179, 3368 }, // U+01D5
    { 19, 29, 313, 0, 28, 138, 3547 }, // U+01D6
    { 21, 35, 363, 1, 34, 184, 3685 }, // U+01D7
    { 19, 31, 313, 0, 30, 148, 3869 }, // U+01D8
    { 21, 36, 363, 1, 35, 189, 4017 }, // U+01D9
    { 19, 32, 313, 0, 31, 152, 4206 }, // U+01DA
    { 21, 35, 363, 1, 34, 184, 4358 }, // U+01DB
    { 19, 31, 313, 0, 30, 148, 4542 }, // U+01DC
    { 21, 30, 356, 1, 29, 158, 4690 }, // U+01E6
    { 18, 31, 281, 0, 24, 140, 4848 }, // U+01E7
    { 21, 29, 361, 1, 21, 153, 4988 }, // U+01EA
    { 17, 24, 290, 1, 16, 102, 5141 }, // U+01EB
    { 22, 32, 349, 0, 32, 176, 5243 }, // U+01FA
    { 16, 31, 268, 1, 30, 124, 5419 }, // U+01FB
    { 29, 28, 478, 0, 28, 203, 5543 }, // U+01FC
    { 23, 25, 393, 1, 24, 144, 5746 }, // U+01FD
    { 22, 29, 361, 0, 28, 160, 5890 }, // U+01FE
    { 18, 25, 290, 0, 24, 113, 6050 }, // U+01FF
    { 22, 28, 349, 0, 28, 154, 6163 }, // U+0200
    { 17, 25, 268, 0, 24, 107, 6317 }, // U+0201
    { 22, 28, 349, 0, 28, 154, 6424 }, // U+0202
    { 16, 24, 268, 1, 23, 96, 6578 }, // U+0203
    { 18, 28, 306, 1, 28, 126, 6674 }, // U+0204
    { 15, 25, 262, 1, 24, 94, 6800 }, // U+0205
    { 18, 28, 306, 1, 28, 126, 6894 }, // U+0206
    { 15, 24, 262, 1, 23, 90, 7020 }, // U+0207
    { 14, 28, 193, -3, 28, 98, 7110 }, // U+0208
    { 14, 24, 168, -4, 24, 84, 7208 }, // U+0209
    { 12, 28, 193, 0, 28, 84, 7292 }, // U+020A
    { 11, 23, 168, -1, 23, 64, 7376 }, // U+020B
    { 21, 29, 361, 1, 28, 153, 7440 }, // U+020C
    { 17, 25, 290, 1, 24, 107, 7593 }, // U+020D
    { 21, 29, 361, 1, 28, 153, 7700 }, // U+020E
    { 17, 24, 290, 1, 23, 102, 7853 }, // U+020F
    { 21, 29, 345, 1, 28, 153, 7955 }, // U+0210
    { 16, 24, 251, 0, 24, 96, 8108 }, // U+0211
    { 21, 29, 345, 1, 28, 153, 8204 }, // U+0212
    { 15, 23, 251, 1, 23, 87, 8357 }, // U+0213
    { 21, 29, 363, 1, 28, 153, 8444 }, // U+0214
    { 19, 25, 313, 0, 24, 119, 8597 }, // U+0215
    { 21, 29, 363, 1, 28, 153, 8716 }, // U+0216
    { 19, 24, 313, 0, 23, 114, 8869 }, // U+0217
    { 16, 30, 284, 1, 21, 120, 8983 }, // U+0218
    { 13, 25, 231, 1, 16, 82, 9103 }, // U+0219
    { 21, 30, 345, 0, 21, 158, 9185 }, // U+021A
    { 13, 29, 202, 0, 20, 95, 9343 }, // U+021B
    { 7, 8, 0, -4, 24, 14, 0 }, // U+0300
    { 8, 8, 0, -3, 24, 16, 14 }, // U+0301
    { 12, 8, 0, -6, 24, 24, 30 }, // U+0302
    { 12, 6, 0, -6, 23, 18, 54 }, // U+0303
    { 10, 4, 0, -5, 22, 10, 72 }, // U+0304
    { 12, 8, 0, -6, 24, 24, 82 }, // U+0306
    { 6, 6, 0, -3, 23, 9, 106 }, // U+0307
    { 12, 6, 0, -6, 23, 18, 115 }, // U+0308
    { 9, 9, 0, -5, 25, 21, 133 }, // U+0309
    { 10, 8, 0, -5, 24, 20, 154 }, // U+030A
    { 12, 8, 0, -4, 24, 24, 174 }, // U+030B
    { 12, 8, 0, -6, 24, 24, 198 }, // U+030C
    { 12, 8, 0, -8, 24, 24, 222 }, // U+030F
    { 12, 7, 0, -6, 23, 21, 246 }, // U+0311
    { 6, 8, 0, -3, 24, 12, 267 }, // U+0312
    { 7, 10, 0, -4, 20, 18, 279 }, // U+031B
    { 6, 6, 0, -3, -1, 9, 297 }, // U+0323
    { 12, 6, 0, -6, -1, 18, 306 }, // U+0324
    { 6, 8, 0, -3, -1, 12, 324 }, // U+0326
    { 8, 9, 0, -4, 1, 18, 336 }, // U+0327
    { 8, 9, 0, -4, 1, 18, 354 }, // U+0328
    { 11, 7, 0, -6, -1, 20, 372 }, // U+032E
    { 10, 4, 0, -5, -2, 10, 392 }, // U+0331
    { 18, 28, 306, 1, 28, 126, 0 }, // U+0401
    { 25, 25, 414, 0, 21, 157, 126 }, // U+0402
    { 17, 28, 288, 1, 28, 119, 283 }, // U+0403
    { 19, 22, 323, 1, 21, 105, 402 }, // U+0404
    { 16, 22, 284, 1, 21, 88, 507 }, // U+0405
    { 10, 21, 193, 1, 21, 53, 595 }, // U+0406
    { 12, 28, 193, 0, 28, 84, 648 }, // U+0407
    { 16, 22, 267, 0, 21, 88, 732 }, // U+0408
    { 30, 22, 486, 0, 21, 165, 820 }, // U+0409
    { 30, 21, 504, 1, 21, 158, 985 }, // U+040A
    { 28, 21, 453, 0, 21, 147, 1143 }, // U+040B
    { 22, 29, 358, 1, 28, 160, 1290 }, // U+040C
    { 23, 28, 394, 1, 28, 161, 1450 }, // U+040D
    { 21, 29, 322, 0, 28, 153, 1611 }, // U+040E
    { 23, 26, 393, 1, 21, 150, 1764 }, // U+040F
    { 22, 21, 349, 0, 21, 116, 1914 }, // U+0410
    { 18, 21, 320, 1, 21, 95, 2030 }, // U+0411
    { 19, 21, 321, 1, 21, 100, 2125 }, // U+0412
    { 17, 21, 288, 1, 21, 90, 2225 }, // U+0413
    { 22, 26, 353, 0, 21, 143, 2315 }, // U+0414
    { 18, 21, 306, 1, 21, 95, 2458 }, // U+0415
    { 32, 22, 512, 0, 21, 176, 2553 }, // U+0416
    { 18, 22, 288, 0, 21, 99, 2729 }, // U+0417
    { 23, 21, 394, 1, 21, 121, 2828 }, // U+0418
    { 23, 28, 394, 1, 28, 161, 2949 }, // U+0419
    { 22, 22, 358, 1, 21, 121, 3110 }, // U+041A
    { 22, 22, 364, 0, 21, 121, 3231 }, // U+041B
    { 27, 21, 458, 1, 21, 142, 3352 }, // U+041C
    { 22, 21, 390, 1, 21, 116, 3494 }, // U+041D
    { 21, 22, 361, 1, 21, 116, 3610 }, // U+041E
    { 23, 21, 393, 1, 21, 121, 3726 }, // U+041F
    { 18, 21, 303, 1, 21, 95, 3847 }, // U+0420
    { 19, 22, 329, 1, 21, 105, 3942 }, // U+0421
    { 21, 21, 345, 0, 21, 111, 4047 }, // U+0422
    { 21, 22, 322, 0, 21, 116, 4158 }, // U+0423
    { 25, 23, 410, 0, 22, 144, 4274 }, // U+0424
    { 22, 21, 350, 0, 21, 116, 4418 }, // U+0425
    { 24, 26, 403, 1, 21, 156, 4534 }, // U+0426
    { 22, 21, 369, 0, 21, 116, 4690 }, // U+0427
    { 32, 21, 552, 1, 21, 168, 4806 }, // U+0428
    { 34, 26, 564, 1, 21, 221, 4974 }, // U+0429
    { 23, 21, 374, 0, 21, 121, 5195 }, // U+042A
    { 28, 21, 475, 1, 21, 147, 5316 }, // U+042B
    { 18, 21, 316, 1, 21, 95, 5463 }, // U+042C
    { 18, 22, 325, 1, 21, 99, 5558 }, // U+042D
    { 31, 22, 524, 1, 21, 171, 5657 }, // U+042E
    { 21, 22, 347, 0, 21, 116, 5828 }, // U+042F
    { 16, 17, 268, 1, 16, 68, 5944 }, // U+0430
    { 16, 24, 279, 1, 23, 96, 6012 }, // U+0431
    { 16, 15, 277, 1, 15, 60, 6108 }, // U+0432
    { 14, 15, 244, 1, 15, 53, 6168 }, // U+0433
    { 18, 20, 293, 0, 15, 90, 6221 }, // U+0434
    { 15, 17, 262, 1, 16, 64, 6311 }, // U+0435
    { 27, 17, 427, 0, 16, 115, 6375 }, // U+0436
    { 14, 17, 247, 1, 16, 60, 6490 }, // U+0437
    { 19, 15, 329, 1, 15, 72, 6550 }, // U+0438
    { 19, 23, 329, 1, 23, 110, 6622 }, // U+0439
    { 18, 17, 300, 1, 16, 77, 6732 }, // U+043A
    { 19, 16, 307, 0, 15, 76, 6809 }, // U+043B
    { 21, 15, 361, 1, 15, 79, 6885 }, // U+043C
    { 19, 15, 328, 1, 15, 72, 6964 }, // U+043D
    { 17, 17, 290, 1, 16, 73, 7036 }, // U+043E
    { 19, 15, 326, 1, 15, 72, 7109 }, // U+043F
    { 19, 23, 306, 0, 16, 110, 7181 }, // U+0440
    { 15, 17, 252, 1, 16, 64, 7291 }, // U+0441
    { 18, 15, 286, 0, 15, 68, 7355 }, // U+0442
    { 18, 22, 282, 0, 15, 99, 7423 }, // U+0443
    { 23, 30, 398, 1, 23, 173, 7522 }, // U+0444
    { 18, 15, 280, 0, 15, 68, 7695 }, // U+0445
    { 20, 20, 332, 1, 15, 100, 7763 }, // U+0446
    { 19, 15, 308, 0, 15, 72, 7863 }, // U+0447
    { 27, 15, 465, 1, 15, 102, 7935 }, // U+0448
    { 29, 20, 472, 1, 15, 145, 8037 }, // U+0449
    { 20, 15, 320, 0, 15, 75, 8182 }, // U+044A
    { 24, 15, 409, 1, 15, 90, 8257 }, // U+044B
    { 16, 15, 276, 1, 15, 60, 8347 }, // U+044C
    { 15, 17, 258, 1, 16, 64, 8407 }, // U+044D
    { 25, 17, 422, 1, 16, 107, 8471 }, // U+044E
    { 18, 16, 296, 0, 15, 72, 8578 }, // U+044F
    { 15, 24, 262, 1, 23, 90, 8650 }, // U+0451
    { 18, 30, 311, 0, 23, 135, 8740 }, // U+0452
    { 14, 24, 244, 1, 24, 84, 8875 }, // U+0453
    { 15, 17, 254, 1, 16, 64, 8959 }, // U+0454
    { 13, 17, 231, 1, 16, 56, 9023 }, // U+0455
    { 10, 23, 168, 0, 23, 58, 9079 }, // U+0456
    { 13, 23, 168, -2, 23, 75, 9137 }, // U+0457
    { 8, 30, 156, 0, 23, 60, 9212 }, // U+0458
    { 25, 16, 408, 0, 15, 100, 9272 }, // U+0459
    { 25, 15, 431, 1, 15, 94, 9372 }, // U+045A
    { 20, 23, 319, 0, 23, 115, 9466 }, // U+045B
    { 18, 25, 300, 1, 24, 113, 9581 }, // U+045C
    { 19, 24, 329, 1, 24, 114, 9694 }, // U+045D
    { 18, 30, 282, 0, 23, 135, 9808 }, // U+045E
    { 19, 20, 328, 1, 15, 95, 9943 }, // U+045F
    { 23, 22, 373, 0, 22, 127, 10038 }, // U+0462
    { 20, 23, 331, 0, 23, 115, 10165 }, // U+0463
    { 32, 22, 503, 0, 21, 176, 10280 }, // U+046A
    { 26, 16, 418, 0, 15, 104, 10456 }, // U+046B
    { 16, 25, 269, 1, 25, 100, 10560 }, // U+0490
    { 14, 19, 226, 1, 19, 67, 10660 }, // U+0491
    { 17, 21, 285, 1, 21, 90, 10727 }, // U+0492
    { 14, 15, 248, 1, 15, 53, 10817 }, // U+0493
    { 33, 26, 522, 0, 21, 215, 10870 }, // U+0496
    { 28, 21, 434, 0, 16, 147, 11085 }, // U+0497
    { 22, 26, 364, 1, 21, 143, 11232 }, // U+049A
    { 19, 21, 309, 1, 16, 100, 11375 }, // U+049B
    { 24, 26, 402, 1, 21, 156, 11475 }, // U+04A2
    { 20, 20, 338, 1, 15, 100, 11631 }, // U+04A3
    { 22, 21, 344, 0, 21, 116, 11731 }, // U+04AE
    { 18, 22, 281, 0, 15, 99, 11847 }, // U+04AF
    { 22, 21, 343, 0, 21, 116, 11946 }, // U+04B0
    { 18, 22, 281, 0, 15, 99, 12062 }, // U+04B1
    { 23, 21, 377, 1, 21, 121, 12161 }, // U+04BA
    { 20, 23, 319, 0, 23, 115, 12282 }, // U+04BB
    { 19, 22, 339, 1, 21, 105, 12397 }, // U+04D8
    { 16, 17, 263, 0, 16, 68, 12502 }, // U+04D9
    { 21, 22, 364, 1, 21, 116, 12570 }, // U+04E8
    { 17, 17, 290, 1, 16, 73, 12686 }, // U+04E9
    { 22, 28, 349, 0, 21, 154, 0 }, // U+1EA0
    { 16, 23, 268, 1, 16, 92, 154 }, // U+1EA1
    { 22, 29, 349, 0, 29, 160, 246 }, // U+1EA2
    { 16, 26, 268, 1, 25, 104, 406 }, // U+1EA3
    { 22, 34, 349, 0, 34, 187, 510 }, // U+1EA4
    { 16, 31, 268, 1, 30, 124, 697 }, // U+1EA5
    { 22, 34, 349, 0, 34, 187, 821 }, // U+1EA6
    { 16, 31, 268, 1, 30, 124, 1008 }, // U+1EA7
    { 22, 34, 349, 0, 34, 187, 1132 }, // U+1EA8
    { 16, 30, 268, 1, 29, 120, 1319 }, // U+1EA9
    { 22, 33, 349, 0, 33, 182, 1439 }, // U+1EAA
    { 16, 30, 268, 1, 29, 120, 1621 }, // U+1EAB
    { 22, 35, 349, 0, 28, 193, 1741 }, // U+1EAC
    { 16, 31, 268, 1, 24, 124, 1934 }, // U+1EAD
    { 22, 34, 349, 0, 34, 187, 2058 }, // U+1EAE
    { 16, 31, 268, 1, 30, 124, 2245 }, // U+1EAF
    { 22, 34, 349, 0, 34, 187, 2369 }, // U+1EB0
    { 16, 31, 268, 1, 30, 124, 2556 }, // U+1EB1
    { 22, 35, 349, 0, 35, 193, 2680 }, // U+1EB2
    { 16, 31, 268, 1, 30, 124, 2873 }, // U+1EB3
    { 22, 33, 349, 0, 33, 182, 2997 }, // U+1EB4
    { 16, 30, 268, 1, 29, 120, 3179 }, // U+1EB5
    { 22, 35, 349, 0, 28, 193, 3299 }, // U+1EB6
    { 16, 31, 268, 1, 24, 124, 3492 }, // U+1EB7
    { 18, 28, 306, 1, 21, 126, 3616 }, // U+1EB8
    { 15, 23, 262, 1, 16, 87, 3742 }, // U+1EB9
    { 18, 29, 306, 1, 29, 131, 3829 }, // U+1EBA
    { 15, 26, 262, 1, 25, 98, 3960 }, // U+1EBB
    { 18, 27, 306, 1, 27, 122, 4058 }, // U+1EBC
    { 15, 24, 262, 1, 23, 90, 4180 }, // U+1EBD
    { 18, 34, 306, 1, 34, 153, 4270 }, // U+1EBE
    { 15, 31, 262, 1, 30, 117, 4423 }, // U+1EBF
    { 18, 34, 306, 1, 34, 153, 4540 }, // U+1EC0
    { 15, 31, 262, 1, 30, 117, 4693 }, // U+1EC1
    { 18, 34, 306, 1, 34, 153, 4810 }, // U+1EC2
    { 17, 30, 262, 1, 29, 128, 4963 }, // U+1EC3
    { 18, 33, 306, 1, 33, 149, 5091 }, // U+1EC4
    { 15, 30, 262, 1, 29, 113, 5240 }, // U+1EC5
    { 18, 35, 306, 1, 28, 158, 5353 }, // U+1EC6
    { 15, 31, 262, 1, 24, 117, 5511 }, // U+1EC7
    { 10, 29, 193, 1, 29, 73, 5628 }, // U+1EC8
    { 11, 25, 168, -1, 25, 69, 5701 }, // U+1EC9
    { 10, 28, 193, 1, 21, 70, 5770 }, // U+1ECA
    { 10, 30, 168, 0, 23, 75, 5840 }, // U+1ECB
    { 21, 28, 360, 1, 21, 147, 5915 }, // U+1ECC
    { 17, 23, 290, 1, 16, 98, 6062 }, // U+1ECD
    { 21, 30, 361, 1, 29, 158, 6160 }, // U+1ECE
    { 17, 26, 290, 1, 25, 111, 6318 }, // U+1ECF
    { 21, 35, 361, 1, 34, 184, 6429 }, // U+1ED0
    { 17, 31, 290, 1, 30, 132, 6613 }, // U+1ED1
    { 21, 36, 361, 1, 35, 189, 6745 }, // U+1ED2
    { 17, 31, 290, 1, 30, 132, 6934 }, // U+1ED3
    { 21, 35, 361, 1, 34, 184, 7066 }, // U+1ED4
    { 17, 30, 290, 1, 29, 128, 7250 }, // U+1ED5
    { 21, 34, 361, 1, 33, 179, 7378 }, // U+1ED6
    { 17, 30, 290, 1, 29, 128, 7557 }, // U+1ED7
    { 21, 35, 360, 1, 28, 184, 7685 }, // U+1ED8
    { 17, 31, 290, 1, 24, 132, 7869 }, // U+1ED9
    { 25, 29, 406, 1, 28, 182, 8001 }, // U+1EDA
    { 20, 25, 322, 1, 24, 125, 8183 }, // U+1EDB
    { 25, 29, 406, 1, 28, 182, 8308 }, // U+1EDC
    { 20, 25, 322, 1, 24, 125, 8490 }, // U+1EDD
    { 25, 30, 406, 1, 29, 188, 8615 }, // U+1EDE
    { 20, 26, 322, 1, 25, 130, 8803 }, // U+1EDF
    { 25, 28, 406, 1, 27, 175, 8933 }, // U+1EE0
    { 20, 24, 322, 1, 23, 120, 9108 }, // U+1EE1
    { 25, 30, 406, 1, 23, 188, 9228 }, // U+1EE2
    { 20, 27, 322, 1, 20, 135, 9416 }, // U+1EE3
    { 21, 28, 363, 1, 21, 147, 9551 }, // U+1EE4
    { 19, 23, 313, 0, 16, 110, 9698 }, // U+1EE5
    { 21, 30, 363, 1, 29, 158, 9808 }, // U+1EE6
    { 19, 26, 313, 0, 25, 124, 9966 }, // U+1EE7
    { 25, 29, 413, 1, 28, 182, 10090 }, // U+1EE8
    { 23, 25, 360, 0, 24, 144, 10272 }, // U+1EE9
    { 25, 29, 413, 1, 28, 182, 10416 }, // U+1EEA
    { 23, 25, 360, 0, 24, 144, 10598 }, // U+1EEB
    { 25, 30, 413, 1, 29, 188, 10742 }, // U+1EEC
    { 23, 26, 360, 0, 25, 150, 10930 }, // U+1EED
    { 25, 28, 413, 1, 27, 175, 11080 }, // U+1EEE
    { 23, 24, 360, 0, 23, 138, 11255 }, // U+1EEF
    { 25, 30, 413, 1, 23, 188, 11393 }, // U+1EF0
    { 23, 27, 360, 0, 20, 156, 11581 }, // U+1EF1
    { 22, 28, 344, 0, 28, 154, 11737 }, // U+1EF2
    { 18, 31, 282, 0, 24, 140, 11891 }, // U+1EF3
    { 22, 28, 344, 0, 21, 154, 12031 }, // U+1EF4
    { 18, 22, 267, 0, 15, 99, 12185 }, // U+1EF5
    { 22, 29, 344, 0, 29, 160, 12284 }, // U+1EF6
    { 18, 32, 282, 0, 25, 144, 12444 }, // U+1EF7
    { 22, 27, 344, 0, 27, 149, 12588 }, // U+1EF8
    { 18, 30, 282, 0, 23, 135, 12737 }, // U+1EF9
    { 0, 0, 270, 0, 0, 0, 0 }, // U+2007
    { 0, 0, 151, 0, 0, 0, 0 }, // U+2008
    { 0, 0, 58, 0, 0, 0, 0 }, // U+2009
    { 0, 0, 28, 0, 0, 0, 0 }, // U+200A
    { 0, 0, 0, 0, 0, 0, 0 }, // U+200B
    { 8, 5, 158, 1, 11, 10, 0 }, // U+2010
    { 15, 3, 232, 0, 10, 12, 10 }, // U+2012
    { 15, 3, 232, 0, 10, 12, 22 }, // U+2013
    { 29, 3, 464, 0, 10, 22, 34 }, // U+2014
    { 29, 3, 464, 0, 10, 22, 56 }, // U+2015
    { 7, 9, 143, 1, 23, 16, 78 }, // U+2018
    { 7, 10, 142, 1, 23, 18, 94 }, // U+2019
    { 7, 10, 144, 1, 4, 18, 112 }, // U+201A
    { 13, 9, 246, 1, 23, 30, 130 }, // U+201C
    { 13, 10, 246, 1, 23, 33, 160 }, // U+201D
    { 12, 10, 223, 1, 4, 30, 193 }, // U+201E
    { 14, 24, 249, 1, 23, 84, 223 }, // U+2020
    { 14, 25, 250, 1, 23, 88, 307 }, // U+2021
    { 9, 8, 180, 1, 13, 18, 395 }, // U+2022
    { 25, 6, 427, 1, 5, 38, 413 }, // U+2026
    { 37, 19, 603, 0, 18, 176, 451 }, // U+2030
    { 5, 8, 110, 1, 24, 10, 627 }, // U+2032
    { 11, 8, 195, 1, 24, 22, 637 }, // U+2033
    { 9, 14, 149, 0, 15, 32, 659 }, // U+2039
    { 9, 14, 148, 0, 15, 32, 691 }, // U+203A
    { 26, 25, 418, 0, 24, 163, 723 }, // U+2042
    { 16, 22, 156, -3, 21, 88, 886 }, // U+2044
    { 14, 15, 222, 0, 25, 53, 0 }, // U+2070
    { 13, 15, 201, 0, 25, 49, 53 }, // U+2074
    { 11, 14, 184, 0, 24, 39, 102 }, // U+2075
    { 12, 15, 197, 0, 25, 45, 141 }, // U+2076
    { 11, 14, 181, 0, 24, 39, 186 }, // U+2077
    { 12, 15, 202, 0, 25, 45, 225 }, // U+2078
    { 12, 15, 197, 0, 25, 45, 270 }, // U+2079
    { 6, 18, 123, 1, 26, 27, 315 }, // U+207D
    { 7, 18, 122, 0, 26, 32, 342 }, // U+207E
    { 16, 12, 253, 0, 22, 48, 374 }, // U+207F
    { 14, 15, 222, 0, 10, 53, 422 }, // U+2080
    { 10, 15, 157, 0, 10, 38, 475 }, // U+2081
    { 12, 15, 191, 0, 10, 45, 513 }, // U+2082
    { 12, 15, 196, 0, 10, 45, 558 }, // U+2083
    { 13, 15, 201, 0, 10, 49, 603 }, // U+2084
    { 11, 14, 184, 0, 9, 39, 652 }, // U+2085
    { 12, 15, 197, 0, 10, 45, 691 }, // U+2086
    { 11, 14, 181, 0, 9, 39, 736 }, // U+2087
    { 12, 15, 202, 0, 10, 45, 775 }, // U+2088
    { 12, 15, 197, 0, 10, 45, 820 }, // U+2089
    { 6, 18, 123, 1, 11, 27, 865 }, // U+208D
    { 7, 18, 121, 0, 11, 32, 892 }, // U+208E
    { 18, 27, 295, 0, 24, 122, 0 }, // U+20A1
    { 18, 21, 296, 0, 21, 95, 122 }, // U+20A3
    { 17, 21, 278, 0, 21, 90, 217 }, // U+20A4
    { 24, 21, 387, 0, 21, 126, 307 }, // U+20A6
    { 44, 22, 729, 1, 21, 242, 433 }, // U+20A7
    { 32, 21, 511, 0, 21, 168, 675 }, // U+20A9
    { 18, 29, 304, 1, 23, 131, 843 }, // U+20AB
    { 20, 22, 322, -1, 21, 110, 974 }, // U+20AC
    { 24, 22, 371, 0, 21, 132, 1084 }, // U+20AD
    { 21, 21, 331, 0, 21, 111, 1216 }, // U+20AE
    { 21, 21, 336, 0, 21, 111, 1327 }, // U+20B1
    { 21, 27, 350, 1, 24, 142, 1438 }, // U+20B2
    { 20, 22, 318, 0, 21, 110, 1580 }, // U+20B4
    { 18, 27, 295, 0, 24, 122, 1690 }, // U+20B5
    { 21, 21, 335, 0, 21, 111, 1812 }, // U+20B8
    { 17, 22, 285, 0, 21, 94, 1923 }, // U+20B9
    { 19, 21, 300, 0, 21, 100, 2017 }, // U+20BA
    { 22, 21, 366, 0, 21, 116, 2117 }, // U+20BC
    { 19, 21, 310, 0, 21, 100, 2233 }, // U+20BD
    { 15, 10, 264, 1, 13, 38, 0 }, // U+2190
    { 10, 15, 264, 3, 15, 38, 38 }, // U+2191
    { 16, 10, 264, 0, 13, 40, 76 }, // U+2192
    { 10, 15, 264, 3, 15, 38, 116 }, // U+2193
    { 16, 22, 272, 0, 21, 88, 0 }, // U+2202
    { 20, 22, 346, 1, 19, 110, 88 }, // U+2205
    { 19, 21, 311, 0, 21, 100, 198 }, // U+2206
    { 22, 26, 384, 1, 21, 143, 298 }, // U+220F
    { 18, 26, 299, 0, 21, 117, 441 }, // U+2211
    { 13, 4, 270, 2, 11, 13, 558 }, // U+2212
    { 15, 22, 278, 1, 21, 83, 571 }, // U+2215
    { 7, 6, 130, 1, 13, 11, 654 }, // U+2219
    { 17, 22, 270, 0, 22, 94, 665 }, // U+221A
    { 18, 9, 302, 0, 12, 41, 759 }, // U+221E
    { 17, 28, 225, -2, 22, 119, 800 }, // U+222B
    { 15, 11, 270, 1, 14, 42, 919 }, // U+2248
    { 13, 17, 270, 2, 17, 56, 961 }, // U+2260
    { 13, 16, 270, 2, 16, 52, 1017 }, // U+2264
    { 13, 16, 270, 2, 16, 52, 1069 }, // U+2265
    { 21, 23, 336, 0, 23, 121, 0 }, // U+FB01
    { 21, 23, 344, 0, 23, 121, 121 }, // U+FB02
};

static const EpdUnicodeInterval literata_14_boldIntervals[] = {
    { 0x20, 0x7E, 0x0 },
    { 0xA0, 0x17E, 0x5F },
    { 0x1A0, 0x1A1, 0x13E },
    { 0x1AF, 0x1B0, 0x140 },
    { 0x1C4, 0x1DC, 0x142 },
    { 0x1E6, 0x1E7, 0x15B },
    { 0x1EA, 0x1EB, 0x15D },
    { 0x1FA, 0x21B, 0x15F },
    { 0x300, 0x304, 0x181 },
    { 0x306, 0x30C, 0x186 },
    { 0x30F, 0x30F, 0x18D },
    { 0x311, 0x312, 0x18E },
    { 0x31B, 0x31B, 0x190 },
    { 0x323, 0x324, 0x191 },
    { 0x326, 0x328, 0x193 },
    { 0x32E, 0x32E, 0x196 },
    { 0x331, 0x331, 0x197 },
    { 0x401, 0x44F, 0x198 },
    { 0x451, 0x45F, 0x1E7 },
    { 0x462, 0x463, 0x1F6 },
    { 0x46A, 0x46B, 0x1F8 },
    { 0x490, 0x493, 0x1FA },
    { 0x496, 0x497, 0x1FE },
    { 0x49A, 0x49B, 0x200 },
    { 0x4A2, 0x4A3, 0x202 },
    { 0x4AE, 0x4B1, 0x204 },
    { 0x4BA, 0x4BB, 0x208 },
    { 0x4D8, 0x4D9, 0x20A },
    { 0x4E8, 0x4E9, 0x20C },
    { 0x1EA0, 0x1EF9, 0x20E },
    { 0x2007, 0x200B, 0x268 },
    { 0x2010, 0x2010, 0x26D },
    { 0x2012, 0x2015, 0x26E },
    { 0x2018, 0x201A, 0x272 },
    { 0x201C, 0x201E, 0x275 },
    { 0x2020, 0x2022, 0x278 },
    { 0x2026, 0x2026, 0x27B },
    { 0x2030, 0x2030, 0x27C },
    { 0x2032, 0x2033, 0x27D },
    { 0x2039, 0x203A, 0x27F },
    { 0x2042, 0x2042, 0x281 },
    { 0x2044, 0x2044, 0x282 },
    { 0x2070, 0x2070, 0x283 },
    { 0x2074, 0x2079, 0x284 },
    { 0x207D, 0x2089, 0x28A },
    { 0x208D, 0x208E, 0x297 },
    { 0x20A1, 0x20A1, 0x299 },
    { 0x20A3, 0x20A4, 0x29A },
    { 0x20A6, 0x20A7, 0x29C },
    { 0x20A9, 0x20A9, 0x29E },
    { 0x20AB, 0x20AE, 0x29F },
    { 0x20B1, 0x20B2, 0x2A3 },
    { 0x20B4, 0x20B5, 0x2A5 },
    { 0x20B8, 0x20BA, 0x2A7 },
    { 0x20BC, 0x20BD, 0x2AA },
    { 0x2190, 0x2193, 0x2AC },
    { 0x2202, 0x2202, 0x2B0 },
    { 0x2205, 0x2206, 0x2B1 },
    { 0x220F, 0x220F, 0x2B3 },
    { 0x2211, 0x2212, 0x2B4 },
    { 0x2215, 0x2215, 0x2B6 },
    { 0x2219, 0x221A, 0x2B7 },
    { 0x221E, 0x221E, 0x2B9 },
    { 0x222B, 0x222B, 0x2BA },
    { 0x2248, 0x2248, 0x2BB },
    { 0x2260, 0x2260, 0x2BC },
    { 0x2264, 0x2265, 0x2BD },
    { 0xFB01, 0xFB02, 0x2BF },
};

static const EpdFontGroup literata_14_boldGroups[] = {
    { 0, 3917, 8438, 95, 0 },
    { 3917, 3423, 10239, 96, 95 },
    { 7340, 4450, 16522, 127, 191 },
    { 11790, 3256, 10298, 67, 318 },
    { 15046, 318, 435, 23, 385 },
    { 15364, 4999, 13650, 118, 408 },
    { 20363, 2458, 14041, 90, 526 },
    { 22821, 600, 1085, 27, 616 },
    { 23421, 402, 1005, 22, 643 },
    { 23823, 1297, 2499, 19, 665 },
    { 25120, 102, 170, 4, 684 },
    { 25222, 665, 1240, 15, 688 },
    { 25887, 131, 276, 2, 703 },
};

static const EpdKernClassEntry literata_14_boldKernLeftClasses[] = {
    { 0x0022, 1 }, // "
    { 0x0026, 2 }, // &
    { 0x0027, 1 }, // '
    { 0x002A, 3 }, // *
    { 0x002C, 4 }, // ,
    { 0x002D, 5 }, // -
    { 0x002E, 4 }, // .
    { 0x002F, 6 }, // /
    { 0x0030, 7 }, // 0
    { 0x0031, 8 }, // 1
    { 0x0032, 9 }, // 2
    { 0x0033, 10 }, // 3
    { 0x0034, 11 }, // 4
    { 0x0035, 12 }, // 5
    { 0x0036, 13 }, // 6
    { 0x0037, 14 }, // 7
    { 0x0038, 15 }, // 8
    { 0x0039, 16 }, // 9
    { 0x003A, 17 }, // :
    { 0x003B, 17 }, // ;
    { 0x003D, 18 }, // =
    { 0x003F, 19 }, // ?
    { 0x0040, 20 }, // @
    { 0x0041, 21 }, // A
    { 0x0042, 22 }, // B
    { 0x0043, 23 }, // C
    { 0x0044, 24 }, // D
    { 0x0045, 25 }, // E
    { 0x0046, 26 }, // F
    { 0x0047, 27 }, // G
    { 0x0048, 28 }, // H
    { 0x0049, 28 }, // I
    { 0x004A, 29 }, // J
    { 0x004B, 30 }, // K
    { 0x004C, 31 }, // L
    { 0x004D, 32 }, // M
    { 0x004E, 33 }, // N
    { 0x004F, 34 }, // O
    { 0x0050, 35 }, // P
    { 0x0051, 36 }, // Q
    { 0x0052, 37 }, // R
    { 0x0053, 38 }, // S
    { 0x0054, 39 }, // T
    { 0x0055, 40 }, // U
    { 0x0056, 41 }, // V
    { 0x0057, 42 }, // W
    { 0x0058, 43 }, // X
    { 0x0059, 44 }, // Y
    { 0x005A, 45 }, // Z
    { 0x005B, 46 }, // [
    { 0x005C, 47 }, // <backslash>
    { 0x0061, 48 }, // a
    { 0x0062, 49 }, // b
    { 0x0063, 50 }, // c
    { 0x0064, 51 }, // d
    { 0x0065, 52 }, // e
    { 0x0066, 53 }, // f
    { 0x0067, 54 }, // g
    { 0x0068, 55 }, // h
    { 0x0069, 56 }, // i
    { 0x006A, 57 }, // j
    { 0x006B, 58 }, // k
    { 0x006C, 51 }, // l
    { 0x006D, 55 }, // m
    { 0x006E, 55 }, // n
    { 0x006F, 59 }, // o
    { 0x0070, 59 }, // p
    { 0x0071, 60 }, // q
    { 0x0072, 61 }, // r
    { 0x0073, 62 }, // s
    { 0x0074, 63 }, // t
    { 0x0075, 56 }, // u
    { 0x0076, 64 }, // v
    { 0x0077, 65 }, // w
    { 0x0078, 66 }, // x
    { 0x0079, 64 }, // y
    { 0x007A, 67 }, // z
    { 0x00A1, 68 }, // U+00A1
    { 0x00AB, 69 }, // U+00AB
    { 0x00AD, 5 }, // U+00AD
    { 0x00B2, 70 }, // U+00B2
    { 0x00B3, 71 }, // U+00B3
    { 0x00B5, 72 }, // U+00B5
    { 0x00B7, 73 }, // U+00B7
    { 0x00B9, 74 }, // U+00B9
    { 0x00BB, 75 }, // U+00BB
    { 0x00BF, 76 }, // U+00BF
    { 0x00C0, 21 }, // U+00C0
    { 0x00C1, 21 }, // U+00C1
    { 0x00C2, 21 }, // U+00C2
    { 0x00C3, 21 }, // U+00C3
    { 0x00C4, 21 }, // U+00C4
    { 0x00C5, 21 }, // U+00C5
    { 0x00C6, 25 }, // U+00C6
    { 0x00C7, 23 }, // U+00C7
    { 0x00C8, 25 }, // U+00C8
    { 0x00C9, 25 }, // U+00C9
    { 0x00CA, 25 }, // U+00CA
    { 0x00CB, 25 }, // U+00CB
    { 0x00CC, 28 }, // U+00CC
    { 0x00CD, 28 }, // U+00CD
    { 0x00CE, 28 }, // U+00CE
    { 0x00CF, 28 }, // U+00CF
    { 0x00D0, 77 }, // U+00D0
    { 0x00D1, 33 }, // U+00D1
    { 0x00D2, 34 }, // U+00D2
    { 0x00D3, 34 }, // U+00D3
    { 0x00D4, 34 }, // U+00D4
    { 0x00D5, 34 }, // U+00D5
    { 0x00D6, 34 }, // U+00D6
    { 0x00D7, 78 }, // U+00D7
    { 0x00D8, 34 }, // U+00D8
    { 0x00D9, 79 }, // U+00D9
    { 0x00DA, 79 }, // U+00DA
    { 0x00DB, 79 }, // U+00DB
    { 0x00DC, 79 }, // U+00DC
    { 0x00DD, 80 }, // U+00DD
    { 0x00DE, 81 }, // U+00DE
    { 0x00DF, 82 }, // U+00DF
    { 0x00E0, 83 }, // U+00E0
    { 0x00E1, 84 }, // U+00E1
    { 0x00E2, 84 }, // U+00E2
    { 0x00E3, 84 }, // U+00E3
    { 0x00E4, 84 }, // U+00E4
    { 0x00E5, 84 }, // U+00E5
    { 0x00E6, 59 }, // U+00E6
    { 0x00E7, 50 }, // U+00E7
    { 0x00E8, 85 }, // U+00E8
    { 0x00E9, 85 }, // U+00E9
    { 0x00EA, 85 }, // U+00EA
    { 0x00EB, 85 }, // U+00EB
    { 0x00EC, 56 }, // U+00EC
    { 0x00ED, 56 }, // U+00ED
    { 0x00EE, 56 }, // U+00EE
    { 0x00EF, 86 }, // U+00EF
    { 0x00F1, 55 }, // U+00F1
    { 0x00F2, 59 }, // U+00F2
    { 0x00F3, 59 }, // U+00F3
    { 0x00F4, 59 }, // U+00F4
    { 0x00F5, 59 }, // U+00F5
    { 0x00F6, 59 }, // U+00F6
    { 0x00F8, 59 }, // U+00F8
    { 0x00F9, 56 }, // U+00F9
    { 0x00FA, 56 }, // U+00FA
    { 0x00FB, 56 }, // U+00FB
    { 0x00FC, 56 }, // U+00FC
    { 0x00FD, 64 }, // U+00FD
    { 0x00FE, 59 }, // U+00FE
    { 0x00FF, 64 }, // U+00FF
    { 0x0100, 21 }, // U+0100
    { 0x0101, 84 }, // U+0101
    { 0x0102, 21 }, // U+0102
    { 0x0103, 84 }, // U+0103
    { 0x0104, 21 }, // U+0104
    { 0x0105, 84 }, // U+0105
    { 0x0106, 23 }, // U+0106
    { 0x0107, 50 }, // U+0107
    { 0x0108, 23 }, // U+0108
    { 0x0109, 50 }, // U+0109
    { 0x010A, 23 }, // U+010A
    { 0x010B, 50 }, // U+010B
    { 0x010C, 23 }, // U+010C
    { 0x010D, 50 }, // U+010D
    { 0x010E, 87 }, // U+010E
    { 0x010F, 88 }, // U+010F
    { 0x0110, 87 }, // U+0110
    { 0x0111, 51 }, // U+0111
    { 0x0112, 25 }, // U+0112
    { 0x0113, 85 }, // U+0113
    { 0x0114, 25 }, // U+0114
    { 0x0115, 85 }, // U+0115
    { 0x0116, 25 }, // U+0116
    { 0x0117, 85 }, // U+0117
    { 0x0118, 25 }, // U+0118
    { 0x0119, 85 }, // U+0119
    { 0x011A, 25 }, // U+011A
    { 0x011B, 85 }, // U+011B
    { 0x011C, 27 }, // U+011C
    { 0x011D, 54 }, // U+011D
    { 0x011E, 27 }, // U+011E
    { 0x011F, 54 }, // U+011F
    { 0x0120, 27 }, // U+0120
    { 0x0121, 54 }, // U+0121
    { 0x0122, 27 }, // U+0122
    { 0x0123, 54 }, // U+0123
    { 0x0124, 28 }, // U+0124
    { 0x0125, 55 }, // U+0125
    { 0x0126, 28 }, // U+0126
    { 0x0127, 55 }, // U+0127
    { 0x0128, 28 }, // U+0128
    { 0x0129, 56 }, // U+0129
    { 0x012A, 28 }, // U+012A
    { 0x012B, 56 }, // U+012B
    { 0x012C, 28 }, // U+012C
    { 0x012D, 56 }, // U+012D
    { 0x012E, 28 }, // U+012E
    { 0x012F, 56 }, // U+012F
    { 0x0130, 28 }, // U+0130
    { 0x0131, 56 }, // U+0131
    { 0x0134, 29 }, // U+0134
    { 0x0135, 57 }, // U+0135
    { 0x0136, 30 }, // U+0136
    { 0x0137, 58 }, // U+0137
    { 0x0138, 58 }, // U+0138
    { 0x0139, 31 }, // U+0139
    { 0x013A, 51 }, // U+013A
    { 0x013B, 31 }, // U+013B
    { 0x013C, 51 }, // U+013C
    { 0x013D, 89 }, // U+013D
    { 0x013E, 90 }, // U+013E
    { 0x013F, 31 }, // U+013F
    { 0x0140, 51 }, // U+0140
    { 0x0141, 31 }, // U+0141
    { 0x0142, 91 }, // U+0142
    { 0x0143, 33 }, // U+0143
    { 0x0144, 55 }, // U+0144
    { 0x0145, 33 }, // U+0145
    { 0x0146, 55 }, // U+0146
    { 0x0147, 33 }, // U+0147
    { 0x0148, 55 }, // U+0148
    { 0x0149, 55 }, // U+0149
    { 0x014A, 29 }, // U+014A
    { 0x014B, 57 }, // U+014B
    { 0x014C, 34 }, // U+014C
    { 0x014D, 59 }, // U+014D
    { 0x014E, 34 }, // U+014E
    { 0x014F, 59 }, // U+014F
    { 0x0150, 34 }, // U+0150
    { 0x0151, 59 }, // U+0151
    { 0x0152, 25 }, // U+0152
    { 0x0153, 59 }, // U+0153
    { 0x0154, 37 }, // U+0154
    { 0x0155, 61 }, // U+0155
    { 0x0156, 37 }, // U+0156
    { 0x0157, 61 }, // U+0157
    { 0x0158, 37 }, // U+0158
    { 0x0159, 61 }, // U+0159
    { 0x015A, 38 }, // U+015A
    { 0x015B, 62 }, // U+015B
    { 0x015C, 38 }, // U+015C
    { 0x015D, 62 }, // U+015D
    { 0x015E, 38 }, // U+015E
    { 0x015F, 62 }, // U+015F
    { 0x0160, 38 }, // U+0160
    { 0x0161, 62 }, // U+0161
    { 0x0162, 92 }, // U+0162
    { 0x0163, 63 }, // U+0163
    { 0x0164, 39 }, // U+0164
    { 0x0165, 93 }, // U+0165
    { 0x0166, 39 }, // U+0166
    { 0x0167, 63 }, // U+0167
    { 0x0168, 79 }, // U+0168
    { 0x0169, 56 }, // U+0169
    { 0x016A, 79 }, // U+016A
    { 0x016B, 56 }, // U+016B
    { 0x016C, 79 }, // U+016C
    { 0x016D, 56 }, // U+016D
    { 0x016E, 79 }, // U+016E
    { 0x016F, 56 }, // U+016F
    { 0x0170, 79 }, // U+0170
    { 0x0171, 56 }, // U+0171
    { 0x0172, 79 }, // U+0172
    { 0x0173, 56 }, // U+0173
    { 0x0174, 94 }, // U+0174
    { 0x0175, 65 }, // U+0175
    { 0x0176, 80 }, // U+0176
    { 0x0177, 64 }, // U+0177
    { 0x0178, 80 }, // U+0178
    { 0x0179, 45 }, // U+0179
    { 0x017A, 67 }, // U+017A
    { 0x017B, 45 }, // U+017B
    { 0x017C, 67 }, // U+017C
    { 0x017D, 45 }, // U+017D
    { 0x017E, 67 }, // U+017E
    { 0x01A0, 95 }, // U+01A0
    { 0x01A1, 96 }, // U+01A1
    { 0x01AF, 97 }, // U+01AF
    { 0x01B0, 98 }, // U+01B0
    { 0x01C6, 55 }, // U+01C6
    { 0x01C7, 29 }, // U+01C7
    { 0x01C9, 57 }, // U+01C9
    { 0x01CA, 29 }, // U+01CA
    { 0x01CC, 57 }, // U+01CC
    { 0x01CD, 21 }, // U+01CD
    { 0x01CE, 55 }, // U+01CE
    { 0x01CF, 28 }, // U+01CF
    { 0x01D0, 56 }, // U+01D0
    { 0x01D1, 34 }, // U+01D1
    { 0x01D2, 59 }, // U+01D2
    { 0x01D3, 79 }, // U+01D3
    { 0x01D4, 56 }, // U+01D4
    { 0x01D5, 79 }, // U+01D5
    { 0x01D6, 56 }, // U+01D6
    { 0x01D7, 79 }, // U+01D7
    { 0x01D8, 56 }, // U+01D8
    { 0x01D9, 79 }, // U+01D9
    { 0x01DA, 56 }, // U+01DA
    { 0x01DB, 79 }, // U+01DB
    { 0x01DC, 56 }, // U+01DC
    { 0x01E6, 27 }, // U+01E6
    { 0x01E7, 54 }, // U+01E7
    { 0x01EA, 34 }, // U+01EA
    { 0x01EB, 59 }, // U+01EB
    { 0x01FA, 21 }, // U+01FA
    { 0x01FB, 55 }, // U+01FB
    { 0x01FC, 25 }, // U+01FC
    { 0x01FD, 59 }, // U+01FD
    { 0x01FE, 34 }, // U+01FE
    { 0x01FF, 59 }, // U+01FF
    { 0x0200, 21 }, // U+0200
    { 0x0201, 55 }, // U+0201
    { 0x0202, 21 }, // U+0202
    { 0x0203, 55 }, // U+0203
    { 0x0204, 25 }, // U+0204
    { 0x0205, 59 }, // U+0205
    { 0x0206, 25 }, // U+0206
    { 0x0207, 59 }, // U+0207
    { 0x0208, 28 }, // U+0208
    { 0x0209, 56 }, // U+0209
    { 0x020A, 28 }, // U+020A
    { 0x020B, 56 }, // U+020B
    { 0x020C, 34 }, // U+020C
    { 0x020D, 59 }, // U+020D
    { 0x020E, 34 }, // U+020E
    { 0x020F, 59 }, // U+020F
    { 0x0210, 37 }, // U+0210
    { 0x0211, 61 }, // U+0211
    { 0x0212, 37 }, // U+0212
    { 0x0213, 61 }, // U+0213
    { 0x0214, 79 }, // U+0214
    { 0x0215, 56 }, // U+0215
    { 0x0216, 79 }, // U+0216
    { 0x0217, 56 }, // U+0217
    { 0x0218, 38 }, // U+0218
    { 0x0219, 62 }, // U+0219
    { 0x021A, 92 }, // U+021A
    { 0x021B, 63 }, // U+021B
    { 0x0401, 99 }, // U+0401
    { 0x0402, 100 }, // U+0402
    { 0x0403, 101 }, // U+0403
    { 0x0404, 102 }, // U+0404
    { 0x0405, 103 }, // U+0405
    { 0x0406, 104 }, // U+0406
    { 0x0407, 104 }, // U+0407
    { 0x0408, 105 }, // U+0408
    { 0x0409, 106 }, // U+0409
    { 0x040A, 106 }, // U+040A
    { 0x040B, 107 }, // U+040B
    { 0x040C, 108 }, // U+040C
    { 0x040D, 104 }, // U+040D
    { 0x040E, 109 }, // U+040E
    { 0x040F, 104 }, // U+040F
    { 0x0410, 110 }, // U+0410
    { 0x0411, 111 }, // U+0411
    { 0x0412, 112 }, // U+0412
    { 0x0413, 113 }, // U+0413
    { 0x0414, 114 }, // U+0414
    { 0x0415, 99 }, // U+0415
    { 0x0416, 115 }, // U+0416
    { 0x0417, 116 }, // U+0417
    { 0x0418, 104 }, // U+0418
    { 0x0419, 104 }, // U+0419
    { 0x041A, 117 }, // U+041A
    { 0x041B, 104 }, // U+041B
    { 0x041C, 118 }, // U+041C
    { 0x041D, 104 }, // U+041D
    { 0x041E, 119 }, // U+041E
    { 0x041F, 104 }, // U+041F
    { 0x0420, 120 }, // U+0420
    { 0x0421, 121 }, // U+0421
    { 0x0422, 122 }, // U+0422
    { 0x0423, 109 }, // U+0423
    { 0x0424, 123 }, // U+0424
    { 0x0425, 124 }, // U+0425
    { 0x0426, 125 }, // U+0426
    { 0x0427, 104 }, // U+0427
    { 0x0428, 104 }, // U+0428
    { 0x0429, 125 }, // U+0429
    { 0x042A, 106 }, // U+042A
    { 0x042B, 104 }, // U+042B
    { 0x042C, 106 }, // U+042C
    { 0x042D, 126 }, // U+042D
    { 0x042E, 126 }, // U+042E
    { 0x042F, 104 }, // U+042F
    { 0x0430, 127 }, // U+0430
    { 0x0431, 128 }, // U+0431
    { 0x0432, 129 }, // U+0432
    { 0x0433, 130 }, // U+0433
    { 0x0434, 131 }, // U+0434
    { 0x0435, 132 }, // U+0435
    { 0x0436, 133 }, // U+0436
    { 0x0437, 134 }, // U+0437
    { 0x0438, 135 }, // U+0438
    { 0x0439, 135 }, // U+0439
    { 0x043A, 133 }, // U+043A
    { 0x043B, 135 }, // U+043B
    { 0x043C, 135 }, // U+043C
    { 0x043D, 135 }, // U+043D
    { 0x043E, 136 }, // U+043E
    { 0x043F, 135 }, // U+043F
    { 0x0440, 136 }, // U+0440
    { 0x0441, 137 }, // U+0441
    { 0x0442, 138 }, // U+0442
    { 0x0443, 139 }, // U+0443
    { 0x0444, 136 }, // U+0444
    { 0x0445, 140 }, // U+0445
    { 0x0446, 141 }, // U+0446
    { 0x0447, 135 }, // U+0447
    { 0x0448, 135 }, // U+0448
    { 0x0449, 141 }, // U+0449
    { 0x044A, 142 }, // U+044A
    { 0x044B, 135 }, // U+044B
    { 0x044C, 142 }, // U+044C
    { 0x044D, 136 }, // U+044D
    { 0x044E, 136 }, // U+044E
    { 0x044F, 135 }, // U+044F
    { 0x0451, 132 }, // U+0451
    { 0x0452, 143 }, // U+0452
    { 0x0453, 130 }, // U+0453
    { 0x0454, 144 }, // U+0454
    { 0x0455, 145 }, // U+0455
    { 0x0456, 135 }, // U+0456
    { 0x0457, 146 }, // U+0457
    { 0x0458, 147 }, // U+0458
    { 0x0459, 142 }, // U+0459
    { 0x045A, 142 }, // U+045A
    { 0x045B, 143 }, // U+045B
    { 0x045C, 133 }, // U+045C
    { 0x045D, 135 }, // U+045D
    { 0x045E, 139 }, // U+045E
    { 0x045F, 135 }, // U+045F
    { 0x0462, 148 }, // U+0462
    { 0x0463, 142 }, // U+0463
    { 0x046A, 149 }, // U+046A
    { 0x046B, 150 }, // U+046B
    { 0x0490, 151 }, // U+0490
    { 0x0491, 152 }, // U+0491
    { 0x0492, 113 }, // U+0492
    { 0x0493, 130 }, // U+0493
    { 0x0496, 117 }, // U+0496
    { 0x0497, 153 }, // U+0497
    { 0x049A, 154 }, // U+049A
    { 0x049B, 133 }, // U+049B
    { 0x04A2, 125 }, // U+04A2
    { 0x04A3, 141 }, // U+04A3
    { 0x04AE, 155 }, // U+04AE
    { 0x04AF, 156 }, // U+04AF
    { 0x04B0, 109 }, // U+04B0
    { 0x04B1, 156 }, // U+04B1
    { 0x04BA, 157 }, // U+04BA
    { 0x04BB, 143 }, // U+04BB
    { 0x04D8, 126 }, // U+04D8
    { 0x04D9, 136 }, // U+04D9
    { 0x04E8, 126 }, // U+04E8
    { 0x04E9, 136 }, // U+04E9
    { 0x1EA0, 21 }, // U+1EA0
    { 0x1EA1, 55 }, // U+1EA1
    { 0x1EA2, 21 }, // U+1EA2
    { 0x1EA3, 55 }, // U+1EA3
    { 0x1EA4, 21 }, // U+1EA4
    { 0x1EA5, 55 }, // U+1EA5
    { 0x1EA6, 21 }, // U+1EA6
    { 0x1EA7, 55 }, // U+1EA7
    { 0x1EA8, 21 }, // U+1EA8
    { 0x1EA9, 55 }, // U+1EA9
    { 0x1EAA, 21 }, // U+1EAA
    { 0x1EAB, 55 }, // U+1EAB
    { 0x1EAC, 21 }, // U+1EAC
    { 0x1EAD, 55 }, // U+1EAD
    { 0x1EAE, 21 }, // U+1EAE
    { 0x1EAF, 55 }, // U+1EAF
    { 0x1EB0, 21 }, // U+1EB0
    { 0x1EB1, 55 }, // U+1EB1
    { 0x1EB2, 21 }, // U+1EB2
    { 0x1EB3, 55 }, // U+1EB3
    { 0x1EB4, 21 }, // U+1EB4
    { 0x1EB5, 55 }, // U+1EB5
    { 0x1EB6, 21 }, // U+1EB6
    { 0x1EB7, 55 }, // U+1EB7
    { 0x1EB8, 25 }, // U+1EB8
    { 0x1EB9, 59 }, // U+1EB9
    { 0x1EBA, 25 }, // U+1EBA
    { 0x1EBB, 59 }, // U+1EBB
    { 0x1EBC, 25 }, // U+1EBC
    { 0x1EBD, 158 }, // U+1EBD
    { 0x1EBE, 25 }, // U+1EBE
    { 0x1EBF, 59 }, // U+1EBF
    { 0x1EC0, 25 }, // U+1EC0
    { 0x1EC1, 59 }, // U+1EC1
    { 0x1EC2, 25 }, // U+1EC2
    { 0x1EC3, 59 }, // U+1EC3
    { 0x1EC4, 25 }, // U+1EC4
    { 0x1EC5, 59 }, // U+1EC5
    { 0x1EC6, 25 }, // U+1EC6
    { 0x1EC7, 59 }, // U+1EC7
    { 0x1EC8, 28 }, // U+1EC8
    { 0x1EC9, 56 }, // U+1EC9
    { 0x1ECA, 28 }, // U+1ECA
    { 0x1ECB, 56 }, // U+1ECB
    { 0x1ECC, 34 }, // U+1ECC
    { 0x1ECD, 59 }, // U+1ECD
    { 0x1ECE, 34 }, // U+1ECE
    { 0x1ECF, 59 }, // U+1ECF
    { 0x1ED0, 34 }, // U+1ED0
    { 0x1ED1, 59 }, // U+1ED1
    { 0x1ED2, 34 }, // U+1ED2
    { 0x1ED3, 59 }, // U+1ED3
    { 0x1ED4, 34 }, // U+1ED4
    { 0x1ED5, 59 }, // U+1ED5
    { 0x1ED6, 34 }, // U+1ED6
    { 0x1ED7, 59 }, // U+1ED7
    { 0x1ED8, 34 }, // U+1ED8
    { 0x1ED9, 59 }, // U+1ED9
    { 0x1EDA, 159 }, // U+1EDA
    { 0x1EDB, 160 }, // U+1EDB
    { 0x1EDC, 159 }, // U+1EDC
    { 0x1EDD, 160 }, // U+1EDD
    { 0x1EDE, 159 }, // U+1EDE
    { 0x1EDF, 160 }, // U+1EDF
    { 0x1EE0, 159 }, // U+1EE0
    { 0x1EE1, 160 }, // U+1EE1
    { 0x1EE2, 159 }, // U+1EE2
    { 0x1EE3, 160 }, // U+1EE3
    { 0x1EE4, 79 }, // U+1EE4
    { 0x1EE5, 56 }, // U+1EE5
    { 0x1EE6, 79 }, // U+1EE6
    { 0x1EE7, 56 }, // U+1EE7
    { 0x1EE8, 161 }, // U+1EE8
    { 0x1EE9, 98 }, // U+1EE9
    { 0x1EEA, 161 }, // U+1EEA
    { 0x1EEB, 98 }, // U+1EEB
    { 0x1EEC, 161 }, // U+1EEC
    { 0x1EED, 98 }, // U+1EED
    { 0x1EEE, 161 }, // U+1EEE
    { 0x1EEF, 98 }, // U+1EEF
    { 0x1EF0, 161 }, // U+1EF0
    { 0x1EF1, 98 }, // U+1EF1
    { 0x1EF2, 80 }, // U+1EF2
    { 0x1EF3, 64 }, // U+1EF3
    { 0x1EF4, 162 }, // U+1EF4
    { 0x1EF5, 64 }, // U+1EF5
    { 0x1EF6, 162 }, // U+1EF6
    { 0x1EF7, 64 }, // U+1EF7
    { 0x1EF8, 162 }, // U+1EF8
    { 0x1EF9, 64 }, // U+1EF9
    { 0x2010, 5 }, // U+2010
    { 0x2012, 5 }, // U+2012
    { 0x2013, 5 }, // U+2013
    { 0x2014, 5 }, // U+2014
    { 0x2015, 5 }, // U+2015
    { 0x2018, 163 }, // U+2018
    { 0x2019, 164 }, // U+2019
    { 0x201A, 165 }, // U+201A
    { 0x201C, 163 }, // U+201C
    { 0x201D, 164 }, // U+201D
    { 0x201E, 165 }, // U+201E
    { 0x2026, 4 }, // U+2026
    { 0x2039, 69 }, // U+2039
    { 0x203A, 75 }, // U+203A
    { 0x2070, 166 }, // U+2070
    { 0x2074, 167 }, // U+2074
    { 0x2075, 168 }, // U+2075
    { 0x2077, 169 }, // U+2077
    { 0x2078, 170 }, // U+2078
    { 0x2079, 171 }, // U+2079
    { 0x2206, 172 }, // U+2206
    { 0x2212, 173 }, // U+2212
    { 0xFB01, 174 }, // U+FB01
    { 0xFB02, 51 }, // U+FB02
};

static const EpdKernClassEntry literata_14_boldKernRightClasses[] = {
    { 0x0021, 1 }, // !
    { 0x0022, 2 }, // "
    { 0x0025, 3 }, // %
    { 0x0026, 4 }, // &
    { 0x0027, 2 }, // '
    { 0x0029, 5 }, // )
    { 0x002A, 6 }, // *
    { 0x002B, 7 }, // +
    { 0x002C, 8 }, // ,
    { 0x002D, 9 }, // -
    { 0x002E, 10 }, // .
    { 0x002F, 11 }, // /
    { 0x0030, 12 }, // 0
    { 0x0031, 13 }, // 1
    { 0x0032, 14 }, // 2
    { 0x0033, 15 }, // 3
    { 0x0034, 16 }, // 4
    { 0x0035, 17 }, // 5
    { 0x0036, 18 }, // 6
    { 0x0037, 19 }, // 7
    { 0x0038, 20 }, // 8
    { 0x0039, 21 }, // 9
    { 0x003A, 22 }, // :
    { 0x003B, 23 }, // ;
    { 0x003D, 24 }, // =
    { 0x003F, 25 }, // ?
    { 0x0040, 26 }, // @
    { 0x0041, 27 }, // A
    { 0x0042, 28 }, // B
    { 0x0043, 29 }, // C
    { 0x0047, 29 }, // G
    { 0x004A, 30 }, // J
    { 0x004D, 31 }, // M
    { 0x004E, 32 }, // N
    { 0x004F, 33 }, // O
    { 0x0051, 29 }, // Q
    { 0x0053, 34 }, // S
    { 0x0054, 35 }, // T
    { 0x0055, 36 }, // U
    { 0x0056, 37 }, // V
    { 0x0057, 38 }, // W
    { 0x0058, 39 }, // X
    { 0x0059, 40 }, // Y
    { 0x005A, 41 }, // Z
    { 0x005C, 42 }, // <backslash>
    { 0x005D, 43 }, // ]
    { 0x0061, 44 }, // a
    { 0x0062, 45 }, // b
    { 0x0063, 46 }, // c
    { 0x0064, 47 }, // d
    { 0x0065, 48 }, // e
    { 0x0066, 49 }, // f
    { 0x0067, 50 }, // g
    { 0x0068, 51 }, // h
    { 0x0069, 52 }, // i
    { 0x006A, 53 }, // j
    { 0x006B, 51 }, // k
    { 0x006C, 51 }, // l
    { 0x006D, 54 }, // m
    { 0x006E, 55 }, // n
    { 0x006F, 56 }, // o
    { 0x0070, 57 }, // p
    { 0x0071, 48 }, // q
    { 0x0072, 58 }, // r
    { 0x0073, 59 }, // s
    { 0x0074, 60 }, // t
    { 0x0075, 61 }, // u
    { 0x0076, 62 }, // v
    { 0x0077, 63 }, // w
    { 0x0078, 64 }, // x
    { 0x0079, 65 }, // y
    { 0x007A, 66 }, // z
    { 0x00A1, 67 }, // U+00A1
    { 0x00AB, 68 }, // U+00AB
    { 0x00AD, 69 }, // U+00AD
    { 0x00B0, 70 }, // U+00B0
    { 0x00B2, 71 }, // U+00B2
    { 0x00B3, 72 }, // U+00B3
    { 0x00B7, 73 }, // U+00B7
    { 0x00B9, 74 }, // U+00B9
    { 0x00BB, 75 }, // U+00BB
    { 0x00BF, 76 }, // U+00BF
    { 0x00C0, 77 }, // U+00C0
    { 0x00C1, 78 }, // U+00C1
    { 0x00C2, 77 }, // U+00C2
    { 0x00C3, 77 }, // U+00C3
    { 0x00C4, 77 }, // U+00C4
    { 0x00C5, 77 }, // U+00C5
    { 0x00C6, 79 }, // U+00C6
    { 0x00C7, 29 }, // U+00C7
    { 0x00D1, 32 }, // U+00D1
    { 0x00D2, 29 }, // U+00D2
    { 0x00D3, 29 }, // U+00D3
    { 0x00D4, 29 }, // U+00D4
    { 0x00D5, 29 }, // U+00D5
    { 0x00D6, 29 }, // U+00D6
    { 0x00D7, 80 }, // U+00D7
    { 0x00D8, 29 }, // U+00D8
    { 0x00D9, 81 }, // U+00D9
    { 0x00DA, 81 }, // U+00DA
    { 0x00DB, 81 }, // U+00DB
    { 0x00DC, 81 }, // U+00DC
    { 0x00DD, 82 }, // U+00DD
    { 0x00E0, 83 }, // U+00E0
    { 0x00E1, 84 }, // U+00E1
    { 0x00E2, 85 }, // U+00E2
    { 0x00E3, 86 }, // U+00E3
    { 0x00E4, 87 }, // U+00E4
    { 0x00E5, 88 }, // U+00E5
    { 0x00E6, 84 }, // U+00E6
    { 0x00E7, 89 }, // U+00E7
    { 0x00E8, 89 }, // U+00E8
    { 0x00E9, 89 }, // U+00E9
    { 0x00EA, 90 }, // U+00EA
    { 0x00EB, 91 }, // U+00EB
    { 0x00EC, 92 }, // U+00EC
    { 0x00ED, 93 }, // U+00ED
    { 0x00EE, 94 }, // U+00EE
    { 0x00EF, 95 }, // U+00EF
    { 0x00F0, 96 }, // U+00F0
    { 0x00F1, 97 }, // U+00F1
    { 0x00F2, 89 }, // U+00F2
    { 0x00F3, 89 }, // U+00F3
    { 0x00F4, 98 }, // U+00F4
    { 0x00F5, 99 }, // U+00F5
    { 0x00F6, 100 }, // U+00F6
    { 0x00F8, 101 }, // U+00F8
    { 0x00F9, 102 }, // U+00F9
    { 0x00FA, 102 }, // U+00FA
    { 0x00FB, 102 }, // U+00FB
    { 0x00FC, 103 }, // U+00FC
    { 0x00FD, 104 }, // U+00FD
    { 0x00FE, 105 }, // U+00FE
    { 0x00FF, 104 }, // U+00FF
    { 0x0100, 77 }, // U+0100
    { 0x0101, 106 }, // U+0101
    { 0x0102, 77 }, // U+0102
    { 0x0103, 107 }, // U+0103
    { 0x0104, 77 }, // U+0104
    { 0x0105, 108 }, // U+0105
    { 0x0106, 29 }, // U+0106
    { 0x0107, 89 }, // U+0107
    { 0x0108, 29 }, // U+0108
    { 0x0109, 89 }, // U+0109
    { 0x010A, 29 }, // U+010A
    { 0x010B, 89 }, // U+010B
    { 0x010C, 29 }, // U+010C
    { 0x010D, 109 }, // U+010D
    { 0x010F, 89 }, // U+010F
    { 0x0111, 89 }, // U+0111
    { 0x0113, 110 }, // U+0113
    { 0x0115, 111 }, // U+0115
    { 0x0117, 89 }, // U+0117
    { 0x0119, 89 }, // U+0119
    { 0x011B, 89 }, // U+011B
    { 0x011C, 29 }, // U+011C
    { 0x011D, 112 }, // U+011D
    { 0x011E, 29 }, // U+011E
    { 0x011F, 113 }, // U+011F
    { 0x0120, 29 }, // U+0120
    { 0x0121, 112 }, // U+0121
    { 0x0122, 29 }, // U+0122
    { 0x0123, 112 }, // U+0123
    { 0x0125, 51 }, // U+0125
    { 0x0127, 51 }, // U+0127
    { 0x0129, 114 }, // U+0129
    { 0x012B, 115 }, // U+012B
    { 0x012D, 116 }, // U+012D
    { 0x012F, 52 }, // U+012F
    { 0x0131, 117 }, // U+0131
    { 0x0134, 30 }, // U+0134
    { 0x0135, 118 }, // U+0135
    { 0x0137, 51 }, // U+0137
    { 0x0138, 97 }, // U+0138
    { 0x013A, 51 }, // U+013A
    { 0x013C, 51 }, // U+013C
    { 0x013E, 51 }, // U+013E
    { 0x0140, 51 }, // U+0140
    { 0x0142, 119 }, // U+0142
    { 0x0143, 32 }, // U+0143
    { 0x0144, 97 }, // U+0144
    { 0x0145, 32 }, // U+0145
    { 0x0146, 97 }, // U+0146
    { 0x0147, 32 }, // U+0147
    { 0x0148, 97 }, // U+0148
    { 0x0149, 97 }, // U+0149
    { 0x014A, 32 }, // U+014A
    { 0x014B, 97 }, // U+014B
    { 0x014C, 29 }, // U+014C
    { 0x014D, 110 }, // U+014D
    { 0x014E, 29 }, // U+014E
    { 0x014F, 89 }, // U+014F
    { 0x0150, 29 }, // U+0150
    { 0x0151, 89 }, // U+0151
    { 0x0152, 29 }, // U+0152
    { 0x0153, 89 }, // U+0153
    { 0x0155, 117 }, // U+0155
    { 0x0157, 97 }, // U+0157
    { 0x0159, 120 }, // U+0159
    { 0x015A, 34 }, // U+015A
    { 0x015B, 121 }, // U+015B
    { 0x015C, 34 }, // U+015C
    { 0x015D, 122 }, // U+015D
    { 0x015E, 34 }, // U+015E
    { 0x015F, 123 }, // U+015F
    { 0x0160, 34 }, // U+0160
    { 0x0161, 124 }, // U+0161
    { 0x0162, 125 }, // U+0162
    { 0x0163, 126 }, // U+0163
    { 0x0164, 127 }, // U+0164
    { 0x0165, 126 }, // U+0165
    { 0x0166, 127 }, // U+0166
    { 0x0167, 126 }, // U+0167
    { 0x0168, 81 }, // U+0168
    { 0x0169, 102 }, // U+0169
    { 0x016A, 81 }, // U+016A
    { 0x016B, 102 }, // U+016B
    { 0x016C, 81 }, // U+016C
    { 0x016D, 102 }, // U+016D
    { 0x016E, 81 }, // U+016E
    { 0x016F, 102 }, // U+016F
    { 0x0170, 81 }, // U+0170
    { 0x0171, 102 }, // U+0171
    { 0x0172, 81 }, // U+0172
    { 0x0173, 102 }, // U+0173
    { 0x0174, 128 }, // U+0174
    { 0x0175, 129 }, // U+0175
    { 0x0176, 82 }, // U+0176
    { 0x0177, 104 }, // U+0177
    { 0x0178, 82 }, // U+0178
    { 0x0179, 41 }, // U+0179
    { 0x017A, 130 }, // U+017A
    { 0x017B, 41 }, // U+017B
    { 0x017C, 130 }, // U+017C
    { 0x017D, 41 }, // U+017D
    { 0x017E, 131 }, // U+017E
    { 0x01A0, 29 }, // U+01A0
    { 0x01A1, 132 }, // U+01A1
    { 0x01AF, 81 }, // U+01AF
    { 0x01B0, 102 }, // U+01B0
    { 0x01C6, 133 }, // U+01C6
    { 0x01C9, 51 }, // U+01C9
    { 0x01CA, 32 }, // U+01CA
    { 0x01CC, 117 }, // U+01CC
    { 0x01CD, 134 }, // U+01CD
    { 0x01CE, 135 }, // U+01CE
    { 0x01D0, 136 }, // U+01D0
    { 0x01D1, 29 }, // U+01D1
    { 0x01D2, 133 }, // U+01D2
    { 0x01D3, 81 }, // U+01D3
    { 0x01D4, 137 }, // U+01D4
    { 0x01D5, 81 }, // U+01D5
    { 0x01D6, 137 }, // U+01D6
    { 0x01D7, 81 }, // U+01D7
    { 0x01D8, 137 }, // U+01D8
    { 0x01D9, 81 }, // U+01D9
    { 0x01DA, 137 }, // U+01DA
    { 0x01DB, 81 }, // U+01DB
    { 0x01DC, 137 }, // U+01DC
    { 0x01E6, 29 }, // U+01E6
    { 0x01E7, 112 }, // U+01E7
    { 0x01EA, 29 }, // U+01EA
    { 0x01EB, 133 }, // U+01EB
    { 0x01FA, 77 }, // U+01FA
    { 0x01FB, 138 }, // U+01FB
    { 0x01FC, 77 }, // U+01FC
    { 0x01FD, 138 }, // U+01FD
    { 0x01FE, 29 }, // U+01FE
    { 0x01FF, 132 }, // U+01FF
    { 0x0200, 134 }, // U+0200
    { 0x0201, 139 }, // U+0201
    { 0x0202, 134 }, // U+0202
    { 0x0203, 140 }, // U+0203
    { 0x0205, 141 }, // U+0205
    { 0x0207, 133 }, // U+0207
    { 0x0209, 142 }, // U+0209
    { 0x020B, 143 }, // U+020B
    { 0x020C, 29 }, // U+020C
    { 0x020D, 144 }, // U+020D
    { 0x020E, 29 }, // U+020E
    { 0x020F, 133 }, // U+020F
    { 0x0211, 145 }, // U+0211
    { 0x0213, 117 }, // U+0213
    { 0x0214, 81 }, // U+0214
    { 0x0215, 137 }, // U+0215
    { 0x0216, 81 }, // U+0216
    { 0x0217, 137 }, // U+0217
    { 0x0218, 34 }, // U+0218
    { 0x0219, 123 }, // U+0219
    { 0x021A, 125 }, // U+021A
    { 0x021B, 126 }, // U+021B
    { 0x0401, 146 }, // U+0401
    { 0x0402, 147 }, // U+0402
    { 0x0403, 146 }, // U+0403
    { 0x0404, 148 }, // U+0404
    { 0x0405, 149 }, // U+0405
    { 0x0406, 146 }, // U+0406
    { 0x0407, 146 }, // U+0407
    { 0x0408, 150 }, // U+0408
    { 0x0409, 151 }, // U+0409
    { 0x040A, 146 }, // U+040A
    { 0x040B, 152 }, // U+040B
    { 0x040C, 146 }, // U+040C
    { 0x040D, 146 }, // U+040D
    { 0x040E, 153 }, // U+040E
    { 0x040F, 146 }, // U+040F
    { 0x0410, 154 }, // U+0410
    { 0x0411, 146 }, // U+0411
    { 0x0412, 146 }, // U+0412
    { 0x0413, 146 }, // U+0413
    { 0x0414, 155 }, // U+0414
    { 0x0415, 146 }, // U+0415
    { 0x0416, 156 }, // U+0416
    { 0x0417, 157 }, // U+0417
    { 0x0418, 146 }, // U+0418
    { 0x0419, 146 }, // U+0419
    { 0x041A, 146 }, // U+041A
    { 0x041B, 151 }, // U+041B
    { 0x041C, 158 }, // U+041C
    { 0x041D, 146 }, // U+041D
    { 0x041E, 159 }, // U+041E
    { 0x041F, 146 }, // U+041F
    { 0x0420, 146 }, // U+0420
    { 0x0421, 159 }, // U+0421
    { 0x0422, 160 }, // U+0422
    { 0x0423, 153 }, // U+0423
    { 0x0424, 161 }, // U+0424
    { 0x0425, 162 }, // U+0425
    { 0x0426, 146 }, // U+0426
    { 0x0427, 163 }, // U+0427
    { 0x0428, 146 }, // U+0428
    { 0x0429, 146 }, // U+0429
    { 0x042A, 164 }, // U+042A
    { 0x042B, 146 }, // U+042B
    { 0x042C, 146 }, // U+042C
    { 0x042D, 165 }, // U+042D
    { 0x042E, 146 }, // U+042E
    { 0x042F, 166 }, // U+042F
    { 0x0430, 167 }, // U+0430
    { 0x0431, 168 }, // U+0431
    { 0x0432, 169 }, // U+0432
    { 0x0433, 169 }, // U+0433
    { 0x0434, 170 }, // U+0434
    { 0x0435, 171 }, // U+0435
    { 0x0436, 172 }, // U+0436
    { 0x0437, 173 }, // U+0437
    { 0x0438, 174 }, // U+0438
    { 0x0439, 169 }, // U+0439
    { 0x043A, 174 }, // U+043A
    { 0x043B, 175 }, // U+043B
    { 0x043C, 176 }, // U+043C
    { 0x043D, 174 }, // U+043D
    { 0x043E, 177 }, // U+043E
    { 0x043F, 174 }, // U+043F
    { 0x0440, 178 }, // U+0440
    { 0x0441, 179 }, // U+0441
    { 0x0442, 180 }, // U+0442
    { 0x0443, 181 }, // U+0443
    { 0x0444, 182 }, // U+0444
    { 0x0445, 183 }, // U+0445
    { 0x0446, 174 }, // U+0446
    { 0x0447, 184 }, // U+0447
    { 0x0448, 174 }, // U+0448
    { 0x0449, 174 }, // U+0449
    { 0x044A, 185 }, // U+044A
    { 0x044B, 169 }, // U+044B
    { 0x044C, 186 }, // U+044C
    { 0x044D, 187 }, // U+044D
    { 0x044E, 188 }, // U+044E
    { 0x044F, 189 }, // U+044F
    { 0x0451, 190 }, // U+0451
    { 0x0452, 191 }, // U+0452
    { 0x0453, 169 }, // U+0453
    { 0x0454, 192 }, // U+0454
    { 0x0455, 193 }, // U+0455
    { 0x0456, 194 }, // U+0456
    { 0x0457, 195 }, // U+0457
    { 0x0458, 196 }, // U+0458
    { 0x0459, 175 }, // U+0459
    { 0x045A, 169 }, // U+045A
    { 0x045B, 191 }, // U+045B
    { 0x045C, 169 }, // U+045C
    { 0x045D, 169 }, // U+045D
    { 0x045E, 181 }, // U+045E
    { 0x045F, 169 }, // U+045F
    { 0x0462, 197 }, // U+0462
    { 0x0463, 198 }, // U+0463
    { 0x046A, 199 }, // U+046A
    { 0x046B, 200 }, // U+046B
    { 0x0490, 146 }, // U+0490
    { 0x0491, 169 }, // U+0491
    { 0x0492, 146 }, // U+0492
    { 0x0493, 169 }, // U+0493
    { 0x0496, 156 }, // U+0496
    { 0x0497, 172 }, // U+0497
    { 0x049A, 146 }, // U+049A
    { 0x049B, 169 }, // U+049B
    { 0x04A2, 146 }, // U+04A2
    { 0x04A3, 169 }, // U+04A3
    { 0x04AE, 201 }, // U+04AE
    { 0x04AF, 202 }, // U+04AF
    { 0x04B0, 203 }, // U+04B0
    { 0x04B1, 202 }, // U+04B1
    { 0x04BA, 146 }, // U+04BA
    { 0x04BB, 191 }, // U+04BB
    { 0x04D8, 159 }, // U+04D8
    { 0x04D9, 177 }, // U+04D9
    { 0x04E8, 159 }, // U+04E8
    { 0x04E9, 177 }, // U+04E9
    { 0x1EA0, 134 }, // U+1EA0
    { 0x1EA1, 135 }, // U+1EA1
    { 0x1EA2, 134 }, // U+1EA2
    { 0x1EA3, 135 }, // U+1EA3
    { 0x1EA4, 134 }, // U+1EA4
    { 0x1EA5, 204 }, // U+1EA5
    { 0x1EA6, 134 }, // U+1EA6
    { 0x1EA7, 205 }, // U+1EA7
    { 0x1EA8, 134 }, // U+1EA8
    { 0x1EA9, 204 }, // U+1EA9
    { 0x1EAA, 134 }, // U+1EAA
    { 0x1EAB, 204 }, // U+1EAB
    { 0x1EAC, 134 }, // U+1EAC
    { 0x1EAD, 204 }, // U+1EAD
    { 0x1EAE, 134 }, // U+1EAE
    { 0x1EAF, 206 }, // U+1EAF
    { 0x1EB0, 134 }, // U+1EB0
    { 0x1EB1, 206 }, // U+1EB1
    { 0x1EB2, 134 }, // U+1EB2
    { 0x1EB3, 206 }, // U+1EB3
    { 0x1EB4, 134 }, // U+1EB4
    { 0x1EB5, 206 }, // U+1EB5
    { 0x1EB6, 134 }, // U+1EB6
    { 0x1EB7, 206 }, // U+1EB7
    { 0x1EB9, 133 }, // U+1EB9
    { 0x1EBB, 133 }, // U+1EBB
    { 0x1EBD, 207 }, // U+1EBD
    { 0x1EBF, 133 }, // U+1EBF
    { 0x1EC1, 133 }, // U+1EC1
    { 0x1EC3, 133 }, // U+1EC3
    { 0x1EC5, 133 }, // U+1EC5
    { 0x1EC7, 133 }, // U+1EC7
    { 0x1EC9, 208 }, // U+1EC9
    { 0x1ECB, 52 }, // U+1ECB
    { 0x1ECC, 29 }, // U+1ECC
    { 0x1ECD, 133 }, // U+1ECD
    { 0x1ECE, 29 }, // U+1ECE
    { 0x1ECF, 133 }, // U+1ECF
    { 0x1ED0, 29 }, // U+1ED0
    { 0x1ED1, 133 }, // U+1ED1
    { 0x1ED2, 29 }, // U+1ED2
    { 0x1ED3, 133 }, // U+1ED3
    { 0x1ED4, 29 }, // U+1ED4
    { 0x1ED5, 133 }, // U+1ED5
    { 0x1ED6, 29 }, // U+1ED6
    { 0x1ED7, 133 }, // U+1ED7
    { 0x1ED8, 29 }, // U+1ED8
    { 0x1ED9, 133 }, // U+1ED9
    { 0x1EDA, 29 }, // U+1EDA
    { 0x1EDB, 133 }, // U+1EDB
    { 0x1EDC, 29 }, // U+1EDC
    { 0x1EDD, 133 }, // U+1EDD
    { 0x1EDE, 29 }, // U+1EDE
    { 0x1EDF, 133 }, // U+1EDF
    { 0x1EE0, 29 }, // U+1EE0
    { 0x1EE1, 133 }, // U+1EE1
    { 0x1EE2, 29 }, // U+1EE2
    { 0x1EE3, 133 }, // U+1EE3
    { 0x1EE4, 81 }, // U+1EE4
    { 0x1EE5, 137 }, // U+1EE5
    { 0x1EE6, 81 }, // U+1EE6
    { 0x1EE7, 137 }, // U+1EE7
    { 0x1EE8, 81 }, // U+1EE8
    { 0x1EE9, 137 }, // U+1EE9
    { 0x1EEA, 81 }, // U+1EEA
    { 0x1EEB, 137 }, // U+1EEB
    { 0x1EEC, 81 }, // U+1EEC
    { 0x1EED, 137 }, // U+1EED
    { 0x1EEE, 81 }, // U+1EEE
    { 0x1EEF, 137 }, // U+1EEF
    { 0x1EF0, 81 }, // U+1EF0
    { 0x1EF1, 137 }, // U+1EF1
    { 0x1EF2, 82 }, // U+1EF2
    { 0x1EF3, 104 }, // U+1EF3
    { 0x1EF4, 209 }, // U+1EF4
    { 0x1EF5, 210 }, // U+1EF5
    { 0x1EF6, 209 }, // U+1EF6
    { 0x1EF7, 210 }, // U+1EF7
    { 0x1EF8, 209 }, // U+1EF8
    { 0x1EF9, 210 }, // U+1EF9
    { 0x2010, 69 }, // U+2010
    { 0x2012, 69 }, // U+2012
    { 0x2013, 69 }, // U+2013
    { 0x2014, 69 }, // U+2014
    { 0x2015, 69 }, // U+2015
    { 0x2018, 211 }, // U+2018
    { 0x2019, 212 }, // U+2019
    { 0x201A, 213 }, // U+201A
    { 0x201C, 214 }, // U+201C
    { 0x201D, 215 }, // U+201D
    { 0x201E, 213 }, // U+201E
    { 0x2022, 7 }, // U+2022
    { 0x2026, 216 }, // U+2026
    { 0x2030, 3 }, // U+2030
    { 0x2039, 217 }, // U+2039
    { 0x203A, 218 }, // U+203A
    { 0x2070, 219 }, // U+2070
    { 0x2074, 220 }, // U+2074
    { 0x2075, 221 }, // U+2075
    { 0x2076, 222 }, // U+2076
    { 0x2077, 223 }, // U+2077
    { 0x2078, 224 }, // U+2078
    { 0x2079, 225 }, // U+2079
    { 0x2206, 226 }, // U+2206
    { 0x2212, 227 }, // U+2212
    { 0xFB01, 49 }, // U+FB01
    { 0xFB02, 49 }, // U+FB02
};

static const int8_t literata_14_boldKernMatrix[] = {
       0,    0,    0,    0,    0,    0,    0,  -52,    0,  -52,    0,    0,    0,    0,    0,   -4,    0,   -3,    0,    0,    0,    0,    0,    0,    0,    0,  -44,    0,  -13,  -39,   -5,    0,  -13,   -6,    0,    0,    0,    0,    0,    0,    0,    0,    0,  -18,    0,  -19,  -19,  -19,  -13,  -26,    0,    0,    0,   -2,   -2,  -19,   -2,   -2,  -17,  -17,    0,   -2,    0,   -3,   -2,   -6,    0,    0,    0,    0,    0,    0,    0,    0,    0,    0,  -44,  -44,  -18,    0,    0,    0,  -18,  -18,  -18,  -18,  -18,  -18,  -19,  -19,  -19,    0,    0,    0,    0,  -19,   -2,  -19,  -19,  -19,  -19,    0,    0,   -2,    0,  -18,  -18,  -18,  -19,  -19,  -19,  -26,  -26,    0,    0,    0,   -2,    0,    0,   -2,  -17,  -17,  -17,  -17,    0,  -17,    0,    0,    0,   -6,   -6,  -19,  -19,  -44,  -18,    0,    0,  -18,  -18,  -18,  -19,    0,    0,  -19,   -2,    0,    0,    0,    0,    0,    0,    0,    0,    0,    0,    0,    0,    0,    0,    0,    0,    0,    0,    0,    0,    0,    0,    0,    0,    0,    0,    0,    0,    0,    0,    0,    0,    0,    0,    0,    0,    0,    0,    0,    0,    0,    0,    0,    0,    0,    0,    0,    0,    0,    0,    0,    0,    0,    0,    0,    0,    0,    0,  -18,  -18,  -18,  -19,    0,    0,   -2,    0,    0,    0,    0,    0,  -52,    0,    0,    0,    0,    0,    0,    0,    0,    0,  -18,    0,
       0,    0,    0,    0,    0,    0,    0,    0,    0,    0,    0,    0,    0,    0,    0,    0,    0,    0,    0,    0,    0,    0,    0,    0,    0,    0,   -1,    0,    0,    0,   -6,   -1,    0,    0,  -13,   -6,  -34,  -29,   -1,  -39,   -3,    0,    0,    0,   -3,    0,    0,    0,    0,    0,    0,    0,    0,    0,    0,    0,    0,    0,    0,   -1,   -3,    0,    0,    0,    0,    0,    0,    0,    0,    0,    0,    0,    0,    0,    0,    0,   -1,   -1,    0,    0,   -6,  -39,    0,    0,    0,    0,    0,    0,    0,    0,    0,    0,    0,    0,    0,    0,    0,    0,    0,    0,    0,   -3,   -3,    0,    0,    0,    0,    0,    0,    0,    0,    0,    0,    0,    0,    0,    0,    0,    0,    0,    0,    0,    0,    0,  -13,   -1,  -13,  -29,    0,    0,    0,    0,    0,   -1,    0,    0,   -3,    0,    0,    0,    0,    0,    0,    0,    0,    0,    0,    0,    0,    0,    0,    0,    0,    0,    0,    0,    0,    0,    0,    0,    0,    0,    0,    0,    0,    0,    0,    0,    0,    0,    0,    0,    0,    0,    0,    0,    0,    0,    0,    0,    0,    0,    0,    0,    0,    0,    0,    0,    0,    0,    0,    0,    0,    0,    0,    0,    0,    0,    0,    0,    0,    0,    0,    0,    0,    0,    0,    0,  -39,    0,    0,    0,    0,    0,    0,    0,    0,    0,    0,    0,    0,    0,    0,    0,    0,    0,    0,
       0,    0,    0,    0,    0,    0,    0,    0,    0,    0,    0,    0,    0,    0,    0,  -13,    0,    0,    0,   -4,    0,    0,    0,    0,    0,    0,  -46,    0,    0,  -48,    0,    0,    0,    0,    0,    0,    0,    0,    0,    0,    0,    0,    0,  -10,    5,  -23,  -23,  -23,    0,  -11,    0,    0,    0,    0,    0,  -23,    0,    0,   -2,    0,    0,    0,    0,    0,    0,   -1,    0,    0,    0,    0,    0,    0,    0,    0,    0,    0,  -46,  -46,  -54,    0,    0,    0,  -10,  -10,  -10,  -10,  -10,  -10,  -23,  -23,  -23,    0,    0,    0,    0,  -23,    0,  -23,  -23,  -23,  -23,    0,    0,    0,    0,  -10,  -10,  -10,  -23,  -23,  -23,  -11,  -11,    0,    0,    0,    0,    0,    0,    0,   -2,   -2,   -2,   -2,    0,    0,    0,    0,    0,   -1,   -1,  -23,  -23,  -46,  -10,    0,    0,  -10,  -10,  -10,  -23,    0,    0,  -23,    0,    0,    0,    0,    0,    0,    0,    0,    0,    0,    0,    0,    0,    0,    0,    0,    0,    0,    0,    0,    0,    0,    0,    0,    0,    0,    0,    0,    0,    0,    0,    0,    0,    0,    0,    0,    0,    0,    0,    0,    0,    0,    0,    0,    0,    0,    0,    0,    0,    0,    0,    0,    0,    0,    0,    0,    0,    0,    0,  -10,  -10,  -10,  -23,    0,    0,    0,    0,    0,    0,    0,    0,    0,    0,    0,    0,    0,    0,    0,    0,    0,    0,  -20,    0,
       0,  -50,    0,    0,    0,    0,    0,    0,    0,    0,    0,    0,    0,    0,   -1,  -14,    0,    0,  -35,    0,    0,    0,    0,    0,   -6,    0,    0,    0,  -11,    0,    0,    0,  -11,    0,  -37,  -11,  -46,  -32,    0,  -43,    0,    0,    0,    0,   -5,   -2,   -2,   -2,    0,    0,    0,    0,    0,    0,    0,   -2,    0,    0,    0,   -9,  -13,  -34,  -31,    0,  -34,    0,    0,    0,    0,    0,  -42,  -42,    0,  -42,    0,    0,    0,    0,    0,    0,  -11,  -43,    0,    0,    0,    0,    0,    0,   -2,   -2,   -2,    0,    0,    0,    0,   -2,    0,   -2,   -2,   -2,   -2,  -13,  -13,  -34,    0,    0,    0,    0,   -2,   -2,   -2,    0,    0,    0,    0,    0,    0,    0,    0,    0,    0,    0,    0,    0,  -37,   -9,  -37,  -32,  -31,    0,    0,   -2,   -2,    0,    0,    0,  -13,    0,    0,    0,   -2,    0,    0,   -2,    0,    0,   -9,   -7,    0,    0,    0,   -9,  -16,    0,    0,    0,    0,    0,   -7,  -16,   -8,    0,  -17,  -18,    0,    0,    0,   -6,    0,    0,   -4,    0,   -4,    0,    0,    0,   -4,    0,   -4,  -10,  -11,   -4,    0,  -13,  -10,    0,   -4,    0,    0,   -4,    0,   -4,    0,    0,    0,    0,   -9,    0,    0,    0,  -39,  -13,  -39,    0,    0,    0,   -2,    0,  -43,  -34,  -42,  -41,    0,  -42,  -41,    0,    0,    0,  -42,  -46,  -42,  -42,  -42,  -42,  -42,    0,    0,
       0,    0,    0,    0,    0,    0,    0,    0,    0,    0,    0,    0,    0,  -19,  -15,    0,    0,    0,  -33,    0,   -3,    0,    0,    0,    0,    0,  -15,    0,    0,   -6,    0,    0,    0,   -6,  -30,    0,  -26,  -17,  -26,  -35,   -9,    0,    0,    0,    0,    0,    0,    0,    0,    0,    0,    0,    0,    0,    0,    0,    0,    0,    0,    0,    0,   -5,   -3,   -1,   -5,    0,    0,    0,    0,    0,    0,    0,    0,    0,    0,    0,  -15,  -15,   -6,    0,    0,  -35,    0,    0,    0,    0,    0,    0,    0,    0,    0,    0,    0,    0,    0,    0,    0,    0,    0,    0,    0,    0,    0,   -5,    0,    0,    0,    0,    0,    0,    0,    0,    0,    0,    0,    0,    0,    0,    0,    0,    0,    0,    0,    0,  -30,    0,  -30,  -17,   -3,    0,    0,    0,    0,  -15,    0,    0,    0,    0,    0,    0,    0,    0,    0,    0,    0,    0,   -4,    0,    0,    0,   -4,  -20,   -6,   -6,    0,    0,    0,   -4,    0,  -10,    0,   -6,    0,   -8,    0,   -4,    0,    0,    0,    0,    0,    0,    0,    0,   -4,    0,    0,    0,    0,    0,    0,    0,    0,    0,    0,    0,    0,    0,    0,    0,    0,    0,    0,    0,    0,    0,   -4,    0,    0,    0,   -6,    0,   -6,    0,    0,    0,    0,    0,  -35,   -5,    0,    0,    0,    0,    0,    0,    0,    0,    0,    0,    0,    0,    0,    0,    0,   -6,    0,
       0,    0,    0,    0,    0,    0,    0,  -70,    0,  -70,  -99,  -14,    0,  -14,  -18,  -47,  -11,  -23,   -9,    0,  -14,    0,    0,    0,    0,  -18,  -55,    0,  -27,  -43,    0,    0,  -27,  -17,   -5,    0,    0,    0,    0,    0,    0,    0,    0,  -51,    0,  -45,  -45,  -45,  -14,  -47,    0,   -2,    0,  -24,  -24,  -45,  -24,  -24,  -44,  -24,  -25,  -26,  -26,  -25,  -26,  -31,    0,    0,    0,    0,    0,    0,    0,    0,    0,    0,  -55,  -55,  -48,    0,    0,    0,  -51,  -51,  -51,  -51,  -51,  -51,  -45,  -45,  -45,   -2,   -2,   -2,   -2,  -45,  -24,  -45,  -45,  -45,  -45,  -25,  -25,  -26,    0,  -51,  -51,  -51,  -45,  -45,  -45,  -47,  -47,   -2,   -2,   -2,  -24,    0,    0,  -24,  -44,  -44,  -44,  -44,   -5,  -24,   -5,    0,  -26,  -31,  -31,  -45,  -45,  -55,  -51,   -2,  -25,  -51,  -51,  -51,  -45,   -2,   -2,  -45,  -24,    0,    0,  -16,  -12,  -46,  -28,    0,    0,  -52,  -12,  -41,    0,  -18,  -16,    0,  -14,    0,    0,    0,    0,  -28,  -34,  -20,  -28,  -34,  -44,  -24,  -24,  -28,  -36,  -28,  -44,  -10,  -44,  -12,  -18,  -44,   -7,  -16,  -24,  -28,  -24,  -28,  -34,  -37,    0,  -44,  -32,  -28,  -28,    0,    0,    0,  -42,  -38,    0,    0,    0,  -51,  -51,  -51,  -45,   -2,    0,  -26,    0,    0,    0,    0,    0,  -70,    0,    0,    0,    0,    0,    0,    0,    0,    0,  -20,    0,
       0,    0,    0,    0,    0,    0,    0,    0,    0,    0,    0,    0,    0,   -7,   -8,    0,   -3,    0,   -4,    0,    0,    0,    0,    0,    0,    0,    0,    0,    0,    0,    0,    0,    0,    0,    0,    0,    0,    0,    0,    0,    0,    0,    0,    0,    0,    0,    0,    0,    0,    0,    0,    0,    0,    0,    0,    0,    0,    0,    0,    0,    0,    0,    0,    0,    0,    0,    0,    0,    0,   -6,    0,    0,    0,    0,    0,    0,    0,    0,    0,    0,    0,    0,    0,    0,    0,    0,    0,    0,    0,    0,    0,    0,    0,    0,    0,    0,    0,    0,    0,    0,    0,    0,    0,    0,    0,    0,    0,    0,    0,    0,    0,    0,    0,    0,    0,    0,    0,    0,    0,    0,    0,    0,    0,    0,    0,    0,    0,    0,    0,    0,    0,    0,    0,    0,    0,    0,    0,    0,    0,    0,    0,    0,    0,    0,    0,    0,    0,    0,    0,    0,    0,    0,    0,    0,    0,    0,    0,    0,    0,    0,    0,    0,    0,    0,    0,    0,    0,    0,    0,    0,    0,    0,    0,    0,    0,    0,    0,    0,    0,    0,    0,    0,    0,    0,    0,    0,    0,    0,    0,    0,    0,    0,    0,    0,    0,    0,    0,    0,    0,    0,    0,    0,    0,    0,    0,    0,    0,    0,    0,    0,    0,    0,    0,    0,    0,    0,    0,    0,    0,    0,    0,    0,    0,    0,    0,    0,    0,
       0,   -8,  -19,    0,    0,    0,    0,    0,    0,    0,    0,    0,    0,    0,    0,  -19,    0,    0,  -14,    0,    0,    0,    0,    0,    0,    0,    0,    0,    0,    0,    0,    0,    0,    0,    0,    0,    0,    0,    0,    0,    0,   -4,    0,    0,    0,    0,    0,    0,    0,    0,    0,    0,    0,    0,    0,    0,    0,    0,    0,    0,    0,    0,    0,    0,    0,    0,    0,    0,    0,  -10,    0,    0,    0,    0,    0,    0,    0,    0,    0,    0,    0,    0,    0,    0,    0,    0,    0,    0,    0,    0,    0,    0,    0,    0,    0,    0,    0,    0,    0,    0,    0,    0,    0,    0,    0,    0,    0,    0,    0,    0,    0,    0,    0,    0,    0,    0,    0,    0,    0,    0,    0,    0,    0,    0,    0,    0,    0,    0,    0,    0,    0,    0,    0,    0,    0,    0,    0,    0,    0,    0,    0,    0,    0,    0,    0,    0,    0,    0,    0,    0,    0,    0,    0,    0,    0,    0,    0,    0,    0,    0,    0,    0,    0,    0,    0,    0,    0,    0,    0,    0,    0,    0,    0,    0,    0,    0,    0,    0,    0,    0,    0,    0,    0,    0,    0,    0,    0,    0,    0,    0,    0,    0,    0,    0,    0,    0,    0,    0,    0,    0,    0,    0,    0,    0,    0,    0,    0,    0,    0,    0,   -9,   -8,    0,   -9,   -8,    0,    0,    0,    0,    0,    0,    0,    0,    0,    0,    0,    0,
       0,    0,    0,    0,    0,    0,    0,    0,    0,    0,    0,    0,    0,    0,    0,   -1,   -2,    0,   -6,    0,    0,    0,    0,    0,    0,    0,    0,    0,    0,    0,    0,    0,    0,    0,    0,    0,    0,    0,    0,    0,    0,    0,    0,    0,    0,    0,    0,    0,    0,    0,    0,    0,    0,    0,    0,    0,    0,    0,    0,    0,    0,    0,    0,    0,    0,    0,    0,    0,    0,    0,    0,    0,    0,    0,    0,    0,    0,    0,    0,   -2,    0,    0,    0,    0,    0,    0,    0,    0,    0,    0,    0,    0,    0,    0,    0,    0,    0,    0,    0,    0,    0,    0,    0,    0,    0,    0,    0,    0,    0,    0,    0,    0,    0,    0,    0,    0,    0,    0,    0,    0,    0,    0,    0,    0,    0,    0,    0,    0,    0,    0,    0,    0,    0,    0,    0,    0,    0,    0,    0,    0,    0,    0,    0,    0,    0,    0,    0,    0,    0,    0,    0,    0,    0,    0,    0,    0,    0,    0,    0,    0,    0,    0,    0,    0,    0,    0,    0,    0,    0,    0,    0,    0,    0,    0,    0,    0,    0,    0,    0,    0,    0,    0,    0,    0,    0,    0,    0,    0,    0,    0,    0,    0,    0,    0,    0,    0,    0,    0,    0,    0,    0,    0,    0,    0,    0,    0,    0,    0,    0,    0,    0,    0,    0,    0,    0,    0,    0,    0,    0,    0,    0,    0,    0,    0,    0,    0,   -1,
       0,    0,    0,    0,    0,    0,    0,    0,    0,    0,   -4,    0,    0,   -8,   -9,   -1,   -2,    0,  -10,    0,   -1,    0,    0,    0,    0,    0,    0,    0,    0,    0,    0,    0,    0,    0,    0,    0,    0,    0,    0,    0,    0,   -5,    0,    0,    0,    0,    0,    0,    0,    0,    0,    0,    0,    0,    0,    0,    0,    0,    0,    0,    0,    0,    0,    0,    0,    0,    0,    0,    0,    0,    0,    0,    0,    0,    0,    0,    0,    0,    0,   -5,    0,    0,    0,    0,    0,    0,    0,    0,    0,    0,    0,    0,    0,    0,    0,    0,    0,    0,    0,    0,    0,    0,    0,    0,    0,    0,    0,    0,    0,    0,    0,    0,    0,    0,    0,    0,    0,    0,    0,    0,    0,    0,    0,    0,    0,    0,    0,    0,    0,    0,    0,    0,    0,    0,    0,    0,    0,    0,    0,    0,    0,    0,    0,    0,    0,    0,    0,    0,    0,    0,    0,    0,    0,    0,    0,    0,    0,    0,    0,    0,    0,    0,    0,    0,    0,    0,    0,    0,    0,    0,    0,    0,    0,    0,    0,    0,    0,    0,    0,    0,    0,    0,    0,    0,    0,    0,    0,    0,    0,    0,    0,    0,    0,    0,    0,    0,    0,    0,    0,    0,    0,    0,    0,    0,    0,    0,    0,    0,    0,    0,    0,   -4,    0,    0,   -4,    0,    0,    0,    0,    0,    0,    0,    0,    0,    0,    0,    0,
       0,   -5,  -13,    0,    0,   -4,    0,    0,    0,    0,    0,    0,    0,    0,    0,    0,    0,    0,  -18,    0,    0,    0,    0,    0,    0,    0,    0,    0,    0,    0,    0,    0,    0,    0,    0,    0,    0,    0,    0,    0,    0,   -7,    0,    0,    0,    0,    0,    0,    0,    0,    0,    0,    0,    0,    0,    0,    0,    0,    0,    0,    0,    0,    0,    0,    0,    0,    0,    0,    0,  -19,    0,    0,    0,    0,    0,    0,    0,    0,    0,    0,    0,    0,    0,    0,    0,    0,    0,    0,    0,    0,    0,    0,    0,    0,    0,    0,    0,    0,    0,    0,    0,    0,    0,    0,    0,    0,    0,    0,    0,    0,    0,    0,    0,    0,    0,    0,    0,    0,    0,    0,    0,    0,    0,    0,    0,    0,    0,    0,    0,    0,    0,    0,    0,    0,    0,    0,    0,    0,    0,    0,    0,    0,    0,    0,    0,    0,    0,    0,    0,    0,    0,    0,    0,    0,    0,    0,    0,    0,    0,    0,    0,    0,    0,    0,    0,    0,    0,    0,    0,    0,    0,    0,    0,    0,    0,    0,    0,    0,    0,    0,    0,    0,    0,    0,    0,    0,    0,    0,    0,    0,    0,    0,    0,    0,    0,    0,    0,    0,    0,    0,    0,    0,    0,    0,    0,    0,    0,    0,    0,    0,  -14,  -14,    0,  -14,  -14,    0,    0,    0,    0,    0,    0,    0,    0,    0,    0,    0,    0,
       0,   -2,    0,    0,    0,   -3,    0,    0,    0,    0,    0,    0,    0,   -5,   -5,    0,    0,    0,  -10,    0,   -5,    0,    0,    0,    0,    0,    0,    0,    0,    0,    0,    0,    0,    0,    0,    0,    0,    0,    0,    0,    0,   -1,    0,    0,    0,    0,    0,    0,    0,    0,    0,    0,    0,    0,    0,    0,    0,    0,    0,    0,    0,    0,    0,    0,    0,    0,    0,    0,    0,   -9,    0,    0,    0,    0,    0,    0,    0,    0,    0,    0,    0,    0,    0,    0,    0,    0,    0,    0,    0,    0,    0,    0,    0,    0,    0,    0,    0,    0,    0,    0,    0,    0,    0,    0,    0,    0,    0,    0,    0,    0,    0,    0,    0,    0,    0,    0,    0,    0,    0,    0,    0,    0,    0,    0,    0,    0,    0,    0,    0,    0,    0,    0,    0,    0,    0,    0,    0,    0,    0,    0,    0,    0,    0,    0,    0,    0,    0,    0,    0,    0,    0,    0,    0,    0,    0,    0,    0,    0,    0,    0,    0,    0,    0,    0,    0,    0,    0,    0,    0,    0,    0,    0,    0,    0,    0,    0,    0,    0,    0,    0,    0,    0,    0,    0,    0,    0,    0,    0,    0,    0,    0,    0,    0,    0,    0,    0,    0,    0,    0,    0,    0,    0,    0,    0,    0,    0,    0,    0,    0,    0,   -5,   -5,    0,   -5,   -5,    0,    0,    0,    0,    0,    0,    0,    0,    0,    0,    0,    0,
       0,    0,    0,    0,    0,    0,    0,    0,    0,    0,    0,    0,    0,    0,   -2,    0,   -2,    0,   -2,    0,   -1,    0,    0,    0,    0,    0,    0,    0,    0,    0,    0,    0,    0,    0,    0,    0,    0,    0,    0,    0,    0,    0,    0,    0,    0,    0,    0,    0,    0,    0,    0,    0,    0,    0,    0,    0,    0,    0,    0,    0,    0,    0,    0,    0,    0,    0,    0,    0,    0,   -2,    0,    0,    0,    0,    0,    0,    0,    0,    0,    0,    0,    0,    0,    0,    0,    0,    0,    0,    0,    0,    0,    0,    0,    0,    0,    0,    0,    0,    0,    0,    0,    0,    0,    0,    0,    0,    0,    0,    0,    0,    0,    0,    0,    0,    0,    0,    0,    0,    0,    0,    0,    0,    0,    0,    0,    0,    0,    0,    0,    0,    0,    0,    0,    0,    0,    0,    0,    0,    0,    0,    0,    0,    0,    0,    0,    0,    0,    0,    0,    0,    0,    0,    0,    0,    0,    0,    0,    0,    0,    0,    0,    0,    0,    0,    0,    0,    0,    0,    0,    0,    0,    0,    0,    0,    0,    0,    0,    0,    0,    0,    0,    0,    0,    0,    0,    0,    0,    0,    0,    0,    0,    0,    0,    0,    0,    0,    0,    0,    0,    0,    0,    0,    0,    0,    0,    0,    0,    0,    0,    0,    0,    0,    0,    0,    0,    0,    0,    0,    0,    0,    0,    0,    0,    0,    0,    0,    0,
       0,    0,  -10,    0,    0,    4,    0,  -48,  -29,  -48,  -46,   -1,    5,    4,   -2,  -37,   -9,   -7,    0,   -2,   -1,   -8,   -8,  -29,    0,    0,    0,    0,    0,    0,    0,    0,    0,    0,    0,    0,    0,    0,    0,    0,    0,    0,    0,    0,    0,    0,    0,    0,    0,    0,    0,    0,    0,    0,    0,    0,    0,    0,    0,    0,    0,    0,    0,    0,    0,    0,    0,    0,  -29,    5,    0,    0,    0,    0,    0,    0,    0,    0,    0,  -38,    0,    0,    0,    0,    0,    0,    0,    0,    0,    0,    0,    0,    0,    0,    0,    0,    0,    0,    0,    0,    0,    0,    0,    0,    0,    0,    0,    0,    0,    0,    0,    0,    0,    0,    0,    0,    0,    0,    0,    0,    0,    0,    0,    0,    0,    0,    0,    0,    0,    0,    0,    0,    0,    0,    0,    0,    0,    0,    0,    0,    0,    0,    0,    0,    0,    0,    0,    0,    0,    0,    0,    0,    0,    0,    0,    0,    0,    0,    0,    0,    0,    0,    0,    0,    0,    0,    0,    0,    0,    0,    0,    0,    0,    0,    0,    0,    0,    0,    0,    0,    0,    0,    0,    0,    0,    0,    0,    0,    0,    0,    0,    0,    0,    0,    0,    0,    0,    0,    0,    0,    0,    0,    0,    0,    0,    0,    0,    0,    0,    0,    9,    5,  -23,    9,    5,  -48,    0,    0,    0,    0,    0,    0,    0,    0,    0,    0,  -28,
       0,    0,    0,    0,    0,   -3,    0,    0,    0,    0,    0,    0,    0,   -4,   -3,    0,    0,    0,   -9,    0,   -2,    0,    0,    0,    0,    0,    0,    0,    0,    0,    0,    0,    0,    0,    0,    0,    0,    0,    0,    0,    0,   -5,    0,    0,    0,    0,    0,    0,    0,    0,    0,    0,    0,    0,    0,    0,    0,    0,    0,    0,    0,    0,    0,    0,    0,    0,    0,    0,    0,  -14,    0,    0,    0,    0,    0,    0,    0,    0,    0,    0,    0,    0,    0,    0,    0,    0,    0,    0,    0,    0,    0,    0,    0,    0,    0,    0,    0,    0,    0,    0,    0,    0,    0,    0,    0,    0,    0,    0,    0,    0,    0,    0,    0,    0,    0,    0,    0,    0,    0,    0,    0,    0,    0,    0,    0,    0,    0,    0,    0,    0,    0,    0,    0,    0,    0,    0,    0,    0,    0,    0,    0,    0,    0,    0,    0,    0,    0,    0,    0,    0,    0,    0,    0,    0,    0,    0,    0,    0,    0,    0,    0,    0,    0,    0,    0,    0,    0,    0,    0,    0,    0,    0,    0,    0,    0,    0,    0,    0,    0,    0,    0,    0,    0,    0,    0,    0,    0,    0,    0,    0,    0,    0,    0,    0,    0,    0,    0,    0,    0,    0,    0,    0,    0,    0,    0,    0,    0,    0,    0,    0,    0,   -1,    0,    0,   -1,    0,    0,    0,    0,    0,    0,    0,    0,    0,    0,    0,    0,
       0,    0,    0,    0,    0,    0,    0,   -5,    0,   -5,    0,    0,    0,   -7,   -5,   -3,   -4,    0,   -5,    0,    0,    0,    0,    0,    0,    0,    0,    0,    0,    0,    0,    0,    0,    0,    0,    0,    0,    0,    0,    0,    0,   -5,    0,    0,    0,    0,    0,    0,    0,    0,    0,    0,    0,    0,    0,    0,    0,    0,    0,    0,    0,    0,    0,    0,    0,    0,    0,    0,    0,   -9,    0,    0,    0,    0,    0,    0,    0,    0,    0,   -5,    0,    0,    0,    0,    0,    0,    0,    0,    0,    0,    0,    0,    0,    0,    0,    0,    0,    0,    0,    0,    0,    0,    0,    0,    0,    0,    0,    0,    0,    0,    0,    0,    0,    0,    0,    0,    0,    0,    0,    0,    0,    0,    0,    0,    0,    0,    0,    0,    0,    0,    0,    0,    0,    0,    0,    0,    0,    0,    0,    0,    0,    0,    0,    0,    0,    0,    0,    0,    0,    0,    0,    0,    0,    0,    0,    0,    0,    0,    0,    0,    0,    0,    0,    0,    0,    0,    0,    0,    0,    0,    0,    0,    0,    0,    0,    0,    0,    0,    0,    0,    0,    0,    0,    0,    0,    0,    0,    0,    0,    0,    0,    0,    0,    0,    0,    0,    0,    0,    0,    0,    0,    0,    0,    0,    0,    0,    0,    0,    0,    0,    0,    0,    0,    0,    0,   -5,    0,    0,    0,    0,    0,    0,    0,    0,    0,    0,    0,
       0,    0,    0,    0,    0,    0,    0,    0,    0,    0,    0,    0,    0,   -2,   -3,   -9,    0,    0,   -7,    0,    0,    0,    0,    0,    0,    0,    0,    0,    0,    0,    0,    0,    0,    0,    0,    0,    0,    0,    0,    0,    0,    0,    0,    0,    0,    0,    0,    0,    0,    0,    0,    0,    0,    0,    0,    0,    0,    0,    0,    0,    0,    0,    0,    0,    0,    0,    0,    0,    0,    0,    0,    0,    0,    0,    0,    0,    0,    0,    0,    0,    0,    0,    0,    0,    0,    0,    0,    0,    0,    0,    0,    0,    0,    0,    0,    0,    0,    0,    0,    0,    0,    0,    0,    0,    0,    0,    0,    0,    0,    0,    0,    0,    0,    0,    0,    0,    0,    0,    0,    0,    0,    0,    0,    0,    0,    0,    0,    0,    0,    0,    0,    0,    0,    0,    0,    0,    0,    0,    0,    0,    0,    0,    0,    0,    0,    0,    0,    0,    0,    0,    0,    0,    0,    0,    0,    0,    0,    0,    0,    0,    0,    0,    0,    0,    0,    0,    0,    0,    0,    0,    0,    0,    0,    0,    0,    0,    0,    0,    0,    0,    0,    0,    0,    0,    0,    0,    0,    0,    0,    0,    0,    0,    0,    0,    0,    0,    0,    0,    0,    0,    0,    0,    0,    0,    0,    0,    0,    0,    0,    0,    0,    0,    0,    0,    0,    0,    0,    0,    0,    0,    0,    0,    0,    0,    0,    0,    0,
       0,    0,    0,    0,    0,    0,    0,    0,    0,    0,    0,    0,    0,   -7,   -9,    0,    0,    0,  -23,    0,   -5,    0,    0,    0,    0,    0,    0,    0,    0,    0,    0,    0,    0,    0,    0,    0,    0,    0,    0,    0,    0,    0,    0,    0,    0,    0,    0,    0,    0,    0,    0,    0,    0,    0,    0,    0,    0,    0,    0,    0,    0,    0,    0,    0,    0,    0,    0,    0,    0,    0,    0,    0,    0,    0,    0,    0,    0,    0,    0,    0,    0,    0,    0,    0,    0,    0,    0,    0,    0,    0,    0,    0,    0,    0,    0,    0,    0,    0,    0,    0,    0,    0,    0,    0,    0,    0,    0,    0,    0,    0,    0,    0,    0,    0,    0,    0,    0,    0,    0,    0,    0,    0,    0,    0,    0,    0,    0,    0,    0,    0,    0,    0,    0,    0,    0,    0,    0,    0,    0,    0,    0,    0,    0,    0,    0,    0,    0,    0,    0,    0,    0,    0,    0,    0,    0,    0,    0,    0,    0,    0,    0,    0,    0,    0,    0,    0,    0,    0,    0,    0,    0,    0,    0,    0,    0,    0,    0,    0,    0,    0,    0,    0,    0,    0,    0,    0,    0,    0,    0,    0,    0,    0,    0,    0,    0,    0,    0,    0,    0,    0,    0,    0,    0,    0,    0,    0,    0,    0,    0,    0,    0,    0,    0,    0,    0,    0,    0,    0,    0,    0,    0,    0,    0,    0,    0,    0,    0,
       0,    0,    0,    0,    0,    0,    0,    0,    0,    0,    0,    0,    0,    0,    0,    0,    0,    0,    0,    0,    0,    0,    0,    0,    0,    0,    0,    0,    0,    0,    0,    0,    0,    0,    0,    0,    0,    0,    0,    0,    0,    0,    0,    0,    0,    0,    0,    0,    0,    0,    0,    0,    0,    0,    0,    0,    0,    0,    0,    0,    0,    0,    0,    0,    0,    0,    0,  -17,    0,    0,    0,    0,    0,    0,   -1,    0,    0,    0,    0,    0,    0,    0,    0,    0,    0,    0,    0,    0,    0,    0,    0,    0,    0,    0,    0,    0,    0,    0,    0,    0,    0,    0,    0,    0,    0,    0,    0,    0,    0,    0,    0,    0,    0,    0,    0,    0,    0,    0,    0,    0,    0,    0,    0,    0,    0,    0,    0,    0,    0,    0,    0,    0,    0,    0,    0,    0,    0,    0,    0,    0,    0,    0,    0,    0,    0,    0,    0,    0,    0,    0,    0,    0,    0,    0,    0,    0,    0,    0,    0,    0,    0,    0,    0,    0,    0,    0,    0,    0,    0,    0,    0,    0,    0,    0,    0,    0,    0,    0,    0,    0,    0,    0,    0,    0,    0,    0,    0,    0,    0,    0,    0,    0,    0,    0,    0,    0,    0,    0,    0,    0,    0,    0,    0,    0,    0,    0,    0,    0,    0,    0,    0,    0,    0,    0,    0,    0,  -17,   -1,    0,    0,    0,    0,    0,    0,    0,    0,    0,
       0,    0,    0,    0,    0,    0,    0,    0,    0,    0,   -8,    0,    0,    0,    0,    0,    0,    0,    0,    0,    0,    0,    0,    0,    0,    0,  -11,    0,    0,    0,    0,    0,    0,   -5,  -21,  -13,  -39,  -25,  -10,  -46,  -16,  -14,    0,    0,   -9,    0,    0,    0,    0,   -1,   -3,    0,    0,    0,    0,    0,    0,    0,    0,   -5,   -5,  -15,  -12,   -6,  -15,  -10,    0,    0,    0,    0,    0,    0,    0,    0,    0,    0,  -11,  -11,    0,    0,  -13,  -46,    0,    0,    0,    0,    0,    0,    0,    0,    0,    0,    0,    0,    0,    0,    0,    0,    0,    0,    0,   -5,   -5,  -15,   -3,    0,    0,    0,    0,    0,    0,   -1,   -1,    0,    0,    0,    0,    0,   -3,    0,    0,    0,    0,    0,  -21,   -5,  -21,  -25,  -12,  -10,  -10,    0,    0,  -11,    0,    0,   -5,    0,    0,    0,    0,    0,    0,    0,    0,    0,    0,    0,    0,    0,    0,    0,    0,    0,    0,    0,    0,    0,    0,    0,    0,    0,    0,    0,    0,    0,    0,    0,    0,    0,    0,    0,    0,    0,    0,    0,    0,    0,    0,    0,    0,    0,    0,    0,    0,    0,    0,    0,    0,    0,    0,    0,    0,    0,    0,    0,    0,    0,    0,    0,    0,    0,    0,    0,    0,    0,    0,    0,  -46,  -15,    0,    0,    0,    0,    0,    0,    0,    0,    0,    0,    0,    0,    0,    0,    0,    0,    0,
       0,  -44,    0,    0,    0,  -46,    0,    0,  -15,    0,    0,    0,    0,    0,    0,    0,    0,    0,    0,    0,    0,    0,    0,    0,  -30,    0,    0,    0,  -10,    0,    0,    0,  -10,    0,  -46,  -28,  -58,  -46,    0,  -55,    0,  -51,    0,    0,   -5,   -1,   -1,   -1,    0,    0,    0,    0,    0,   -6,   -6,   -1,  -13,   -6,    0,  -16,  -14,  -41,  -32,    0,  -41,    0,    0,  -11,  -15,    0,    0,    0,  -18,    0,    0,    0,    0,    0,    0,    0,  -28,  -55,    0,    0,    0,    0,    0,    0,   -1,   -1,   -1,    0,    0,    0,    0,   -1,   -6,   -1,   -1,   -1,   -1,  -14,  -14,  -41,    0,    0,    0,    0,   -1,   -1,   -1,    0,    0,    0,    0,    0,   -6,    0,    0,   -6,    0,    0,    0,    0,  -46,  -16,  -46,  -46,  -32,    0,    0,   -1,   -1,    0,    0,    0,  -14,    0,    0,    0,   -1,    0,    0,   -1,   -6,    0,    0,    0,    0,    0,    0,    0,    0,    0,    0,    0,    0,    0,    0,    0,    0,    0,    0,    0,    0,    0,    0,    0,    0,    0,    0,    0,    0,    0,    0,    0,    0,    0,    0,    0,    0,    0,    0,    0,    0,    0,    0,    0,    0,    0,    0,    0,    0,    0,    0,    0,    0,    0,    0,    0,    0,    0,    0,    0,    0,    0,   -1,    0,  -55,  -41,  -45,  -46,    0,  -45,  -46,    0,  -11,    0,    0,    0,    0,    0,    0,    0,    0,    0,    0,
       0,   -6,    0,    0,    0,   -5,    0,    0,    0,    0,    0,    0,    0,    0,    0,    0,    0,    0,    0,    0,    0,    0,    0,    0,   -4,    0,   -4,    0,    0,   -2,    0,    0,    0,    0,  -10,   -6,  -15,  -11,   -2,  -16,   -4,   -4,    0,    0,    0,    0,    0,    0,    0,    0,    0,    0,    0,    0,    0,    0,    0,    0,    0,   -6,   -5,  -10,   -9,    0,  -10,    0,    0,    0,    0,    0,    0,    0,    0,    0,    0,    0,   -4,   -4,    0,    0,   -6,  -16,    0,    0,    0,    0,    0,    0,    0,    0,    0,    0,    0,    0,    0,    0,    0,    0,    0,    0,    0,   -5,   -5,  -10,    0,    0,    0,    0,    0,    0,    0,    0,    0,    0,    0,    0,    0,    0,    0,    0,    0,    0,    0,    0,  -10,   -6,  -10,  -11,   -9,    0,    0,    0,    0,   -4,    0,    0,   -5,    0,    0,    0,    0,    0,    0,    0,    0,    0,    0,    0,    0,    0,    0,    0,    0,    0,    0,    0,    0,    0,    0,    0,    0,    0,    0,    0,    0,    0,    0,    0,    0,    0,    0,    0,    0,    0,    0,    0,    0,    0,    0,    0,    0,    0,    0,    0,    0,    0,    0,    0,    0,    0,    0,    0,    0,    0,    0,    0,    0,    0,    0,    0,    0,    0,    0,    0,    0,    0,    0,    0,  -16,  -10,   -4,   -5,    0,   -4,   -5,    0,    0,    0,    0,    0,    0,    0,    0,    0,    0,    0,    0,
       0,    0,    0,    0,    0,    0,    0,    0,    0,    0,    0,    0,    0,    0,    0,    0,    0,    0,    0,    0,    0,    0,    0,    0,    0,    0,   -5,    0,   -7,    0,    0,    0,   -7,   -4,   -5,   -3,   -8,   -6,    0,   -8,   -6,    0,    0,   -2,   -2,   -5,   -5,   -5,   -1,   -5,   -2,    0,    0,   -2,   -2,   -5,   -2,   -2,   -6,   -3,   -5,   -6,   -3,   -1,   -6,   -3,    0,    0,    0,    0,    0,    0,   -5,    0,    0,    0,   -5,   -5,   -7,    0,   -3,   -8,   -2,   -2,   -2,   -2,   -2,   -2,   -5,   -5,   -5,    0,    0,    0,    9,   -5,   -2,   -5,   -5,   -5,   -5,   -5,   -5,   -6,   -2,   -2,   -2,   -2,   -5,   -5,   -5,   -5,   -5,    0,    0,    0,   -2,    0,   -2,   -2,   -6,   -6,   -6,   -6,   -5,   -3,   -5,   -6,   -3,   -3,   -3,   -5,   -5,   -5,   -2,    0,   -5,   -2,   -2,   -2,   -5,    0,    0,   -5,   -2,    0,    0,    0,    0,    0,    0,    0,    0,    0,    0,    0,    0,    0,    0,    0,    0,    0,    0,    0,    0,    0,    0,    0,    0,    0,    0,    0,    0,    0,    0,    0,    0,    0,    0,    0,    0,    0,    0,    0,    0,    0,    0,    0,    0,    0,    0,    0,    0,    0,    0,    0,    0,    0,    0,    0,    0,    0,    0,   -2,   -2,   -2,   -5,    0,   -8,   -6,    0,    0,    0,    0,    0,    0,    0,    0,    0,    0,    0,    0,    0,    0,    0,    0,    0,
       0,   -5,    0,    0,    0,    0,    0,  -13,    0,  -13,   -2,    0,    0,    0,    0,    0,    0,    0,    0,    0,    0,    0,    0,    0,    0,   -9,  -40,    0,    0,  -10,  -11,    0,    0,   -2,  -11,   -5,  -17,  -13,  -19,  -24,  -11,  -21,    0,   -2,    0,    0,    0,    0,   -2,    0,    0,    0,    0,    0,    0,    0,    0,    0,   -1,    0,    0,   -2,    0,   -2,   -2,   -2,    0,    0,    0,    0,    0,    0,    0,    0,    0,    0,  -40,  -40,  -48,    0,   -5,  -24,   -2,   -2,   -2,   -2,   -2,   -2,    0,    0,    0,    0,    0,    0,    0,    0,    0,    0,    0,    0,    0,    0,    0,   -2,    0,   -2,   -2,   -2,    0,    0,    0,    0,    0,    0,    0,    0,    0,    0,    0,    0,   -1,   -1,   -1,   -1,  -11,    0,  -11,  -13,    0,   -2,   -2,    0,    0,  -40,   -2,    0,    0,   -2,   -2,   -2,    0,    0,    0,    0,    0,    0,    0,    0,    0,    0,    0,    0,    0,    0,    0,    0,    0,    0,    0,    0,    0,    0,    0,    0,    0,    0,    0,    0,    0,    0,    0,    0,    0,    0,    0,    0,    0,    0,    0,    0,    0,    0,    0,    0,    0,    0,    0,    0,    0,    0,    0,    0,    0,    0,    0,    0,    0,    0,    0,    0,    0,    0,    0,   -2,   -2,   -2,    0,    0,  -24,   -2,   -2,   -8,    0,   -2,   -8,  -13,    0,    0,    0,    0,    0,    0,    0,    0,    0,    0,    0,
       0,    0,    0,    0,    0,    0,    0,    0,   -1,    0,    0,    0,    0,    0,    0,    0,    0,    0,    0,    0,    0,    0,    0,    0,    0,    0,    0,    0,    0,    0,    0,    0,    0,    0,   -6,   -6,   -2,    0,    0,   -5,    0,    0,    0,    0,   -2,    0,    0,    0,    0,    0,   -1,    0,    0,   -1,   -1,    0,   -1,   -1,    0,   -4,   -3,   -7,   -5,    0,   -7,    0,    0,    0,   -1,    0,    0,    0,    0,    0,    0,    0,    0,    0,    0,    0,   -6,   -5,    0,    0,    0,    0,    0,    0,    0,    0,    0,    0,    0,    0,    7,    0,   -1,    0,    0,    0,    0,   -3,   -3,   -7,   -1,    0,    0,    0,    0,    0,    0,    0,    0,    0,    0,    0,   -1,    0,   -1,   -1,    0,    0,    0,    0,   -6,   -4,   -6,    0,   -5,    0,    0,    0,    0,    0,    0,    0,   -3,    0,    0,    0,    0,    0,    0,    0,   -1,    0,    0,    0,    0,    0,    0,    0,    0,    0,    0,    0,    0,    0,    0,    0,    0,    0,    0,    0,    0,    0,    0,    0,    0,    0,    0,    0,    0,    0,    0,    0,    0,    0,    0,    0,    0,    0,    0,    0,    0,    0,    0,    0,    0,    0,    0,    0,    0,    0,    0,    0,    0,    0,    0,    0,    0,    0,    0,    0,    0,    0,    0,    0,   -5,   -7,   -2,   -6,    0,   -2,   -6,    0,    0,    0,    0,    0,    0,    0,    0,    0,    0,    0,    0,
       0,    0,    0,  -18,    0,    4,    0,  -48,  -23,  -48,  -43,    0,    0,    0,    0,    0,    0,    0,    0,    0,    0,    0,    0,    0,    0,  -32,  -44,    0,   -8,  -47,   -4,    0,   -8,   -7,    0,   -1,    0,    0,    0,    0,   -4,    0,    0,  -20,    0,  -23,  -23,  -23,    0,  -21,   -5,   -1,   -1,   -6,   -6,  -23,   -6,   -6,  -19,   -3,   -5,   -3,   -2,   -1,   -3,   -9,    0,  -20,  -23,    0,    0,    0,   -2,    0,    0,    0,  -44,  -44,  -45,    0,   -1,    0,  -20,  -20,  -20,  -20,  -20,  -20,  -23,  -23,  -23,   -1,   -1,   10,   18,  -23,   -6,  -23,  -23,  -23,  -23,   -5,   -5,   -3,   -5,  -20,  -20,  -20,  -23,  -23,  -23,  -21,  -21,    5,    2,    1,   -6,    9,   -5,   -6,  -19,  -19,  -19,  -19,    0,   -3,    0,    0,   -2,   -9,   -9,  -23,  -23,  -44,  -20,   -1,   -5,  -20,  -20,  -20,  -23,   19,    6,  -23,   -6,    0,    0,    0,    0,    0,    0,    0,    0,    0,    0,    0,    0,    0,    0,    0,    0,    0,    0,    0,    0,    0,    0,    0,    0,    0,    0,    0,    0,    0,    0,    0,    0,    0,    0,    0,    0,    0,    0,    0,    0,    0,    0,    0,    0,    0,    0,    0,    0,    0,    0,    0,    0,    0,    0,    0,    0,    0,    0,  -20,  -20,  -20,  -23,    1,    0,   -3,    0,    0,    0,    0,    0,  -48,  -20,    0,    0,    0,    0,    0,    0,    0,    0,    0,    0,
       0,  -14,    0,    0,    0,  -10,    0,    0,    2,    0,    0,    0,    0,    0,    0,    0,    0,    0,    0,    0,    0,    0,    0,    0,  -13,    0,    0,   -1,    0,   -3,    0,    0,    0,    0,  -17,   -4,  -18,  -13,   -1,  -19,   -5,  -10,    0,    0,    0,    0,    0,    0,    0,    0,    0,    0,    0,    0,    0,    0,    0,    0,    0,    0,   -1,   -7,   -2,   -1,   -7,    0,    0,    0,    2,    0,    0,    0,    0,    0,    0,    0,    0,    0,  -14,    0,   -4,  -19,    0,    0,    0,    0,    0,    0,    0,    0,    0,    0,    0,    0,    0,    0,    0,    0,    0,    0,    0,   -1,   -1,   -7,    0,    0,    0,    0,    0,    0,    0,    0,    0,    0,    0,    0,    0,    0,    0,    0,    0,    0,    0,    0,  -17,    0,  -17,  -13,   -2,    0,    0,    0,    0,    0,    0,    0,   -1,    0,    0,    0,    0,    0,    0,    0,    0,    0,    0,    0,    0,    0,    0,    0,    0,    0,    0,    0,    0,    0,    0,    0,    0,    0,    0,    0,    0,    0,    0,    0,    0,    0,    0,    0,    0,    0,    0,    0,    0,    0,    0,    0,    0,    0,    0,    0,    0,    0,    0,    0,    0,    0,    0,    0,    0,    0,    0,    0,    0,    0,    0,    0,    0,    0,    0,    0,    0,    0,    0,    0,  -19,   -7,   -5,   -7,    0,   -5,   -7,    0,    0,    0,    0,    0,    0,    0,    0,    0,    0,    0,    0,
       0,    0,    0,    0,    0,    0,    0,    0,    0,    0,    0,    0,    0,    0,    0,    0,    0,    0,    0,    0,    0,    0,    0,    0,    0,    0,    0,    0,    0,    0,    0,    0,    0,    0,    0,    0,    0,    0,    0,    0,    0,    0,    0,    0,    0,   -2,   -2,   -2,    0,    0,    0,    0,    3,    0,    0,   -2,    0,    0,    0,   -8,   -9,  -16,   -9,    0,  -16,    0,    0,    0,    0,    0,    0,    0,    0,    0,    0,    0,    0,    0,    0,    0,    0,    0,    0,    0,    0,    0,    0,    0,   -2,   -2,   -2,    0,    0,    6,   14,   -2,    0,   -2,   -2,   -2,   -2,   -9,   -9,  -16,    0,    0,    0,    0,   -2,   -2,   -2,    0,    0,    5,    0,    0,    0,    3,    0,    0,    0,    0,    0,    0,    0,   -8,    0,    0,   -9,    0,    0,   -2,   -2,    0,    0,    0,   -9,    0,    0,    0,   -2,   12,    6,   -2,    0,    0,    0,    0,    0,    0,    0,    0,    0,    0,    0,    0,    0,    0,    0,    0,    0,    0,    0,    0,    0,    0,    0,    0,    0,    0,    0,    0,    0,    0,    0,    0,    0,    0,    0,    0,    0,    0,    0,    0,    0,    0,    0,    0,    0,    0,    0,    0,    0,    0,    0,    0,    0,    0,    0,    0,    0,    0,    0,    0,    0,    0,   -2,    0,    0,  -16,    0,    0,    0,    0,    0,    0,    0,    0,    0,    0,    0,    0,    0,    0,    0,    0,    0,
       0,    0,    0,   -8,    0,    0,    0,  -23,    0,  -23,  -23,    0,    0,    0,    0,    0,    0,    0,    0,    0,    0,    0,    0,    0,    0,   -9,  -26,    0,    0,  -14,    0,    0,    0,   -4,    0,    0,    0,    0,    0,    0,    0,    0,    0,  -14,    0,  -13,  -13,  -13,   -7,  -12,    0,   -1,    0,   -8,   -8,  -13,   -8,   -8,  -16,   -7,  -10,  -10,   -7,  -12,  -10,   -9,    0,   -5,    0,    0,    0,    0,   -4,    0,    0,    0,  -26,  -26,  -26,    0,    0,    0,  -14,  -14,  -14,  -14,  -14,  -14,  -13,  -13,  -13,   -1,   -1,   -1,   12,  -13,   -8,  -13,  -13,  -13,  -13,  -10,  -10,  -10,    0,  -14,  -14,  -14,  -13,  -13,  -13,  -12,  -12,   -2,    4,   -1,   -8,    0,    0,   -8,  -16,  -16,  -16,  -16,    0,   -7,    0,    0,   -7,   -9,   -9,  -13,  -13,  -26,  -14,   -1,  -10,  -14,  -14,  -14,  -13,    7,   -2,  -13,   -8,    0,    0,    0,    0,    0,    0,    0,    0,    0,    0,    0,    0,    0,    0,    0,    0,    0,    0,    0,    0,    0,    0,    0,    0,    0,    0,    0,    0,    0,    0,    0,    0,    0,    0,    0,    0,    0,    0,    0,    0,    0,    0,    0,    0,    0,    0,    0,    0,    0,    0,    0,    0,    0,    0,    0,    0,    0,    0,  -14,  -14,  -14,  -13,   -1,    0,  -10,    0,    0,    0,    0,    0,  -23,   -5,    0,    0,    0,    0,    0,    0,    0,    0,    0,    0,
       0,    0,    0,    0,    0,    0,    0,    0,  -28,    0,    0,    0,    0,    0,    0,    0,    0,    0,    0,    0,    0,    0,    0,    0,  -11,    0,    0,    0,  -19,    0,    0,    0,  -19,    0,  -11,  -10,   -9,   -6,    0,   -9,    0,    0,    0,   -3,   -2,   -6,   -6,   -6,    0,    0,    0,    0,    0,    0,    0,   -6,   -2,    0,    0,  -17,  -16,  -39,  -33,    0,  -39,    0,    0,  -12,  -28,    0,    0,    0,  -23,    0,    0,    0,    0,    0,    1,    0,  -10,   -9,   -3,   -3,   -3,   -3,   -3,   -3,   -6,   -6,   -6,    0,    0,    6,   17,   -6,    0,   -6,   -6,   -6,   -6,  -16,  -16,  -39,    0,   -3,   -3,   -3,   -6,   -6,   -6,    0,    0,    0,    6,    0,    0,    0,    0,    0,    0,    0,    0,    0,  -11,  -17,  -11,   -6,  -33,    0,    0,   -6,   -6,    0,   -3,    0,  -16,   -3,   -3,   -3,   -6,    0,    0,   -6,    0,    0,    0,    0,    0,    0,    0,    0,    0,    0,    0,    0,    0,    0,    0,    0,    0,    0,    0,    0,    0,    0,    0,    0,    0,    0,    0,    0,    0,    0,    0,    0,    0,    0,    0,    0,    0,    0,    0,    0,    0,    0,    0,    0,    0,    0,    0,    0,    0,    0,    0,    0,    0,    0,    0,    0,    0,    0,    0,   -3,   -3,   -3,   -6,    0,   -9,  -39,   -6,   -8,    0,   -6,   -8,    0,  -12,    0,    0,    0,    0,    0,    0,    0,    0,    0,    0,
       0,  -51,    0,    0,    0,  -45,    0,    0,    0,    0,    0,    0,    0,    0,    0,    0,    0,    0,    0,    0,    0,    0,    0,    0,  -30,    0,    0,    0,   -3,   -2,   -7,    0,   -3,   -2,  -53,  -20,  -48,  -39,    0,  -52,   -6,  -40,    0,    0,   -4,    0,    0,    0,    0,    0,   -4,    0,    0,    0,    0,    0,   -1,    0,    0,  -11,   -9,  -29,  -23,    0,  -29,    0,    0,    0,    0,    0,    0,    0,   -4,    0,    0,    0,    0,    0,    0,    0,  -20,  -83,    0,    0,    0,    0,    0,    0,    0,    0,    0,    0,    0,    0,    0,    0,    0,    0,    0,    0,    0,   -9,   -9,  -29,   -8,    0,    0,    0,    0,    0,    0,    0,    0,    0,    0,    0,    0,    0,   -4,    0,    0,    0,    0,    0,  -53,  -11,  -88,  -62,  -23,    0,    0,    0,    0,    0,    0,    0,   -9,    0,    0,    0,    0,    0,    0,    0,    0,    0,    0,    0,    0,    0,    0,    0,    0,    0,    0,    0,    0,    0,    0,    0,    0,    0,    0,    0,    0,    0,    0,    0,    0,    0,    0,    0,    0,    0,    0,    0,    0,    0,    0,    0,    0,    0,    0,    0,    0,    0,    0,    0,    0,    0,    0,    0,    0,    0,    0,    0,    0,    0,    0,    0,    0,    0,    0,    0,    0,    0,    0,    0,  -52,  -29,  -54,  -52,    0,  -54,  -52,    0,    0,    0,    0,    0,    0,    0,    0,    0,    0,    0,    0,
       0,   -5,    0,    0,    0,    0,    0,    0,    0,    0,    0,    0,    0,    0,    0,    0,    0,    0,    0,    0,    0,    0,    0,    0,   -7,    0,    0,    0,  -14,   -1,    0,    0,  -16,    0,  -21,  -19,  -22,  -19,    0,  -16,   -1,    0,    0,  -13,   -5,   -9,   -9,   -9,   -5,   -3,   -5,   -2,   -7,   -5,   -5,   -9,   -5,   -5,   -9,  -29,  -32,  -49,  -33,    0,  -49,   -2,    0,    0,    0,    0,    0,    0,    0,    0,    0,    0,    0,    0,    0,    0,  -20,  -16,  -13,  -13,  -13,  -13,  -13,  -13,   -9,   -9,   -9,   -2,   -2,   -2,    5,   -9,   -5,   -9,   -9,   -9,   -9,  -28,  -28,  -49,   -7,  -13,  -13,  -13,   -9,   -9,   -9,   -3,   -3,   -2,   -2,   -2,   -5,   -7,   -5,   -5,   -9,   -9,   -9,   -9,  -21,  -29,  -21,  -19,  -33,   -2,   -2,   -9,   -9,    0,  -13,   -2,  -28,  -13,  -13,  -13,   -9,   -2,   -2,   -9,   -5,    0,    0,    0,    0,    0,    0,    0,    0,    0,    0,    0,    0,    0,    0,    0,    0,    0,    0,    0,    0,    0,    0,    0,    0,    0,    0,    0,    0,    0,    0,    0,    0,    0,    0,    0,    0,    0,    0,    0,    0,    0,    0,    0,    0,    0,    0,    0,    0,    0,    0,    0,    0,    0,    0,    0,    0,    0,    0,  -13,  -13,  -13,   -9,   -2,  -16,  -49,  -15,    0,    0,  -15,    0,    0,    0,    0,    0,    0,    0,    0,    0,    0,    0,    0,    0,
       0,    0,    0,   -9,    0,    0,    0,   -7,   -1,   -7,   -5,    0,    0,    0,    0,    0,    0,    0,    0,    0,    0,    0,    0,    0,   -5,  -16,  -18,    0,   -6,  -14,   -3,    0,   -6,   -2,    0,    0,    0,    0,    0,    0,   -1,    0,    0,  -15,    0,  -17,  -17,  -17,  -11,  -16,   -2,   -9,    2,  -11,  -11,  -17,  -11,  -11,  -14,   -8,  -13,  -17,  -16,  -11,  -17,  -10,    0,   -1,   -1,    0,    0,    0,    0,    0,    0,    0,  -18,  -18,   -7,    0,    0,    0,  -15,  -15,  -15,  -15,  -15,  -15,  -17,  -17,  -17,   -9,   -9,  -12,    6,  -17,  -11,  -17,  -17,  -17,  -17,  -13,  -13,  -17,   -2,  -15,  -15,  -15,  -17,  -17,  -17,  -16,  -16,  -11,   -9,   -9,  -11,    2,   -2,  -11,  -14,  -14,  -14,  -14,    0,   -8,    0,    0,  -16,  -10,  -10,  -17,  -17,  -18,  -15,   -9,  -13,  -15,  -15,  -15,  -17,   -2,   -9,  -17,  -11,    0,    0,    0,    0,    0,    0,    0,    0,    0,    0,    0,    0,    0,    0,    0,    0,    0,    0,    0,    0,    0,    0,    0,    0,    0,    0,    0,    0,    0,    0,    0,    0,    0,    0,    0,    0,    0,    0,    0,    0,    0,    0,    0,    0,    0,    0,    0,    0,    0,    0,    0,    0,    0,    0,    0,    0,    0,    0,  -15,  -15,  -15,  -17,   -9,    0,  -17,    0,    0,    0,    0,    0,   -7,   -1,    0,    0,    0,    0,    0,    0,    0,    0,    0,    0,
       0,  -13,    0,   -1,   42,    0,    0,  -11,    0,  -16,   -7,    0,    0,    0,    0,    0,    0,    0,    0,    0,    0,    0,    0,    0,   -6,    0,  -37,    0,    0,   -9,  -11,    0,    0,   -1,  -10,   -2,  -16,  -12,  -16,  -22,   -9,  -17,   12,    0,    0,    0,    0,    0,    0,    0,   -2,    0,    1,    0,    0,    0,    0,    0,    0,    0,    0,   -2,    0,    0,   -4,   -2,    0,    0,    0,    0,    0,    0,    0,    0,    0,    0,  -36,  -36,  -46,    0,   -2,  -22,    0,    0,    0,    0,    0,    0,    0,    0,    0,    0,    0,    0,    0,    0,    0,    0,    0,    0,    0,    0,    0,   -2,   -4,    0,    0,    0,    0,    0,    0,    0,    0,    0,    0,    0,    0,    1,   -2,    0,    0,    0,    0,    0,   -4,    0,  -10,  -12,    0,   -2,   -2,    0,    0,  -16,    0,    0,    0,    0,    0,    0,    0,    0,    0,    0,    0,    0,    0,    0,    0,    0,    0,    0,    0,    0,    0,    0,    0,    0,    0,    0,    0,    0,    0,    0,    0,    0,    0,    0,    0,    0,    0,    0,    0,    0,    0,    0,    0,    0,    0,    0,    0,    0,    0,    0,    0,    0,    0,    0,    0,    0,    0,    0,    0,    0,    0,    0,    0,    0,    0,    0,    0,    0,    0,    0,    0,    0,    0,    0,  -22,   -2,   -5,   -9,   29,   -5,   -9,  -11,    0,    0,    0,    0,    0,    0,    0,    0,    0,    0,    0,
       0,   -9,    0,  -10,    0,    0,    0,  -35,    0,  -35,  -22,    0,    0,    0,    0,    0,    0,    0,    0,    0,    0,    0,    0,    0,    0,  -14,  -73,    0,    0,  -40,   -1,    0,    0,    0,    0,    0,    0,    0,    0,   -3,   -1,   -9,    0,   -2,    0,   -5,   -5,   -5,    0,   -3,    0,    0,    0,    0,    0,   -5,    0,    0,   -3,    0,    0,    0,    0,    0,    0,   -2,    0,   -1,    0,    0,    0,    0,    0,    0,    0,    0,  -38,  -38,  -66,    0,    0,   -3,   -2,   -2,   -2,   -2,   -2,   -2,   -5,   -5,   -5,    0,    0,    0,    5,   -5,    0,   -5,   -5,   -5,   -5,    0,    0,    0,    0,   -2,   -2,   -2,   -5,   -5,   -5,   -3,   -3,    0,    0,    0,    0,    0,    0,    0,   -3,   -3,   -3,   -3,    0,    0,    0,    0,    0,   -2,   -2,   -5,   -5,  -38,   -2,    0,    0,   -2,   -2,   -2,   -5,    0,    0,   -5,    0,    0,    0,    0,    0,    0,    0,    0,    0,    0,    0,    0,    0,    0,    0,    0,    0,    0,    0,    0,    0,    0,    0,    0,    0,    0,    0,    0,    0,    0,    0,    0,    0,    0,    0,    0,    0,    0,    0,    0,    0,    0,    0,    0,    0,    0,    0,    0,    0,    0,    0,    0,    0,    0,    0,    0,    0,    0,    0,   -2,   -2,   -2,   -5,    0,   -3,    0,    0,    0,    0,    0,    0,  -35,   -1,    0,    0,    0,    0,    0,    0,    0,    0,    0,    0,
       0,  -13,    0,   -1,   84,    0,    0,   15,    0,   16,   17,    0,    0,    0,    0,    0,    0,    0,    0,    0,    0,    0,    0,    0,   -6,    0,  -37,    0,    0,   -9,  -11,    0,    0,   -1,  -10,   -2,  -16,  -12,  -16,  -22,   -9,  -17,   12,    0,    0,    0,    0,    0,    0,    0,   -2,    0,    1,    0,    0,    0,    0,    0,    0,    0,    0,   -2,    0,    0,   -4,   -2,    0,    0,    0,    0,    0,    0,    0,    0,    0,    0,  -36,  -36,  -46,    0,   -2,  -22,    0,    0,    0,    0,    0,    0,    0,    0,    0,    0,    0,    0,    0,    0,    0,    0,    0,    0,    0,    0,    0,   -2,    2,    0,    0,    0,    0,    0,    0,    0,    0,    0,    0,    0,    0,    1,   -2,    0,    0,    0,    0,    0,   -4,    0,  -10,  -12,    0,   -2,   -2,    0,    0,  -16,    0,    0,    0,    0,    0,    0,    0,    0,    0,    0,    0,    0,    0,    0,    0,    0,    0,    0,    0,    0,    0,    0,    0,    0,    0,    0,    0,    0,    0,    0,    0,    0,    0,    0,    0,    0,    0,    0,    0,    0,    0,    0,    0,    0,    0,    0,    0,    0,    0,    0,    0,    0,    0,    0,    0,    0,    0,    0,    0,    0,    0,    0,    0,    0,    0,    0,    0,    0,    0,    0,    0,    0,    0,    0,  -22,   -2,   -5,   -9,   29,   -5,   -9,   15,    0,    0,    0,    0,    0,    0,    0,    0,    0,    0,    0,
       0,  -22,    0,    0,    0,  -18,    0,    0,  -19,    0,    0,    0,    0,    0,    0,    0,    0,    0,    0,    0,    0,    0,    0,    0,  -16,    0,    1,    0,  -17,    0,    0,    0,  -17,   -2,  -26,  -23,  -32,  -27,    1,  -35,    0,  -33,    0,   -3,  -10,   -8,   -8,   -8,    0,   -2,   -2,    0,   -7,   -4,   -4,   -8,  -12,   -4,   -2,  -16,  -15,  -29,  -24,    2,  -29,   -1,    0,  -13,  -19,    0,    0,    0,  -22,    0,    0,    0,    1,    1,    1,    0,  -23,  -35,   -3,   -3,   -3,   -3,   -3,   -3,   -8,   -8,   -8,    0,    0,    0,    0,   -8,   -4,   -8,   -8,   -8,   -8,  -15,  -15,  -29,   -2,   -3,   -3,   -3,   -8,   -8,   -8,   -2,   -2,    0,    0,    0,   -4,   -7,   -2,   -4,   -2,   -2,   -2,   -2,  -26,  -16,  -26,  -27,  -24,   -1,   -1,   -8,   -8,    1,   -3,    0,  -15,   -3,   -3,   -3,   -8,    0,    0,   -8,   -4,    0,    0,    0,    0,    0,    0,    0,    0,    0,    0,    0,    0,    0,    0,    0,    0,    0,    0,    0,    0,    0,    0,    0,    0,    0,    0,    0,    0,    0,    0,    0,    0,    0,    0,    0,    0,    0,    0,    0,    0,    0,    0,    0,    0,    0,    0,    0,    0,    0,    0,    0,    0,    0,    0,    0,    0,    0,    0,   -3,   -3,   -3,   -8,    0,  -35,  -29,  -23,  -22,    0,  -23,  -22,    0,  -13,    0,    0,    0,    0,    0,    0,    0,    0,    0,    0,
       0,    0,    0,    0,    0,  -14,    0,    0,    0,    0,    0,    0,    0,    0,    0,    0,    0,    0,    0,    0,    0,    0,    0,    0,   -3,    0,   -8,    0,    0,   -1,   -6,   -2,    0,    0,   -8,    0,   -5,   -2,   -1,   -6,   -2,    0,    0,   -2,   -4,    0,    0,    0,   -2,    0,    0,    0,    0,   -1,   -1,    0,   -3,   -1,    0,   -3,   -3,   -9,   -6,   -2,   -9,   -2,    0,    0,    0,    0,    0,    0,    0,    0,    0,    0,   -8,   -8,   -6,    0,    0,   -6,   -2,   -2,   -2,   -2,   -2,   -2,    0,    0,    0,    0,    0,    0,    7,    0,   -1,    0,    0,    0,    0,   -3,   -3,   -9,    0,   -2,   -2,   -2,    0,    0,    0,    0,    0,    0,    0,    0,   -1,    0,    0,   -1,    0,    0,    0,    0,   -8,   -3,   -8,   -2,   -6,   -2,   -2,    0,    0,   -8,   -2,    0,   -3,   -2,   -2,   -2,    0,    0,    0,    0,   -1,    0,    0,    0,    0,    0,    0,    0,    0,    0,    0,    0,    0,    0,    0,    0,    0,    0,    0,    0,    0,    0,    0,    0,    0,    0,    0,    0,    0,    0,    0,    0,    0,    0,    0,    0,    0,    0,    0,    0,    0,    0,    0,    0,    0,    0,    0,    0,    0,    0,    0,    0,    0,    0,    0,    0,    0,    0,    0,   -2,   -2,   -2,    0,    0,   -6,   -9,   -3,    0,    0,   -3,    0,    0,    0,    0,    0,    0,    0,    0,    0,    0,    0,    0,    0,
       0,    0,    0,  -19,    0,    0,    0,  -37,  -30,  -37,  -31,    0,    0,    0,    0,    0,    0,    0,    0,    0,    0,   -4,   -4,    0,    0,  -32,  -45,    0,   -2,  -47,   -8,    0,   -2,   -4,    0,    0,    0,    0,    0,    0,   -2,    0,    0,  -23,    0,  -28,  -28,  -28,   -4,  -23,   -2,   -2,    2,   -6,   -6,  -28,   -6,   -6,  -18,   -4,   -5,   -2,    0,    0,   -2,   -8,    0,  -26,  -30,    0,    0,    0,  -19,    0,   -1,    0,  -45,  -45,  -42,    0,    0,    0,  -23,  -23,  -23,  -23,  -39,  -23,  -28,  -28,  -28,   -2,   -2,   12,   21,  -28,   -6,  -28,  -28,  -28,  -28,   -5,   -5,   -2,   -2,  -23,  -23,  -23,  -28,  -28,  -28,  -23,  -23,    6,    1,   -2,   -6,   13,   -2,   -6,  -18,  -18,  -18,  -18,    0,   -4,    0,    0,    0,   -8,   -8,  -28,  -28,  -45,  -23,   -2,   -5,  -23,  -23,  -23,  -28,   21,    6,  -28,   -6,    0,    0,    0,    0,    0,    0,    0,    0,    0,    0,    0,    0,    0,    0,    0,    0,    0,    0,    0,    0,    0,    0,    0,    0,    0,    0,    0,    0,    0,    0,    0,    0,    0,    0,    0,    0,    0,    0,    0,    0,    0,    0,    0,    0,    0,    0,    0,    0,    0,    0,    0,    0,    0,    0,    0,    0,    0,    0,  -23,  -23,  -23,  -28,   -2,    0,   -2,    0,    0,    0,    0,    0,  -37,  -26,   -1,    0,    0,    0,    0,    0,    0,    0,    0,    0,
       0,    0,    0,  -10,    0,    0,    0,  -13,    0,  -13,  -19,    0,    0,    0,    0,    0,    0,    0,    0,    0,    0,    0,    0,    0,   -1,  -20,  -32,    0,   -4,  -21,   -9,    0,   -4,   -4,    0,    0,    0,    0,    0,    0,   -5,    0,    0,  -13,    0,  -14,  -14,  -14,  -11,  -13,    0,   -2,    6,  -12,  -12,  -14,  -12,  -12,  -16,  -13,  -11,  -16,  -14,  -13,  -16,  -13,    0,    0,    0,    0,    0,    0,    0,    0,    0,    0,  -32,  -32,  -32,    0,    0,    0,  -13,  -13,  -13,  -13,  -13,  -13,  -14,  -14,  -14,   -2,   -2,    2,    5,  -14,  -12,  -14,  -14,  -14,  -14,  -11,  -11,  -16,    0,  -13,  -13,  -13,  -14,  -14,  -14,  -13,  -13,    2,   -2,   -2,  -12,    6,    0,  -12,  -16,  -16,  -16,  -16,    0,  -13,    0,    0,  -14,  -13,  -13,  -14,  -14,  -32,  -13,   -2,  -11,  -13,  -13,  -13,  -14,   -2,    2,  -14,  -12,    0,    0,    0,    0,    0,    0,    0,    0,    0,    0,    0,    0,    0,    0,    0,    0,    0,    0,    0,    0,    0,    0,    0,    0,    0,    0,    0,    0,    0,    0,    0,    0,    0,    0,    0,    0,    0,    0,    0,    0,    0,    0,    0,    0,    0,    0,    0,    0,    0,    0,    0,    0,    0,    0,    0,    0,    0,    0,  -13,  -13,  -13,  -14,   -2,    0,  -16,    0,    0,    0,    0,    0,  -13,    0,    0,    0,    0,    0,    0,    0,    0,    0,    0,    0,
       0,    0,    0,  -24,    0,    0,    0,  -46,  -26,  -46,  -48,    0,    0,    0,    0,    0,    0,    0,    0,    0,    0,  -13,  -13,    0,    0,  -53,  -58,    0,  -14,  -52,  -10,    0,  -14,  -12,    0,    0,    0,    0,    0,    0,   -2,    0,    0,  -71,    2,  -46,  -46,  -46,  -19,  -37,    0,   -3,   12,  -31,  -31,  -46,  -31,  -31,  -40,  -18,  -30,  -21,  -13,  -22,  -21,  -32,    0,  -26,  -26,    0,    0,    0,  -24,    0,  -16,    0,  -58,  -58, -118,    0,    0,    0,  -70,  -71,  -62,  -64,  -53,  -70,  -46,  -87,  -66,   -2,   -7,   21,   31,  -46,  -31,  -87,  -87,  -71,  -46,  -30,  -30,  -21,    0,  -71,  -65,  -71,  -92,  -92,  -86,  -37,  -70,   19,   23,   11,  -31,   28,    0,  -61,  -40,  -71,  -40,  -65,    0,  -18,    0,    0,  -13,  -32,  -61,  -46,  -46,  -58,  -71,    2,  -30,  -71,  -59,  -71,  -64,   25,   14,  -68,  -42,    0,    0,    0,    0,    0,    0,    0,    0,    0,    0,    0,    0,    0,    0,    0,    0,    0,    0,    0,    0,    0,    0,    0,    0,    0,    0,    0,    0,    0,    0,    0,    0,    0,    0,    0,    0,    0,    0,    0,    0,    0,    0,    0,    0,    0,    0,    0,    0,    0,    0,    0,    0,    0,    0,    0,    0,    0,    0,  -71,  -71,  -71,  -46,    7,    0,  -21,    0,    0,    0,    0,    0,  -46,  -26,  -16,    0,    0,    0,    0,    0,    0,    0,    0,    0,
       0,    0,    0,  -22,    0,    0,    0,  -32,  -17,  -32,  -39,    0,    0,    0,    0,    0,    0,    0,    0,    0,    0,  -10,  -10,    0,    0,  -44,  -50,    0,  -13,  -45,   -7,    0,  -13,   -8,    0,    0,    0,    0,    0,    0,    0,    0,    0,  -50,    2,  -37,  -37,  -37,  -13,  -35,    0,   -5,   15,  -20,  -20,  -37,  -20,  -20,  -32,  -13,  -18,  -19,  -16,  -16,  -19,  -21,    0,  -19,  -17,    0,    0,    0,   -9,    0,   -9,    0,  -50,  -50,  -48,    0,    0,    0,  -49,  -50,  -58,  -53,  -39,  -49,  -37,  -70,  -64,   -8,   -5,    6,   25,  -37,  -20,  -37,  -37,  -68,  -37,  -18,  -18,  -19,    0,  -50,  -56,  -50,  -37,  -37,  -37,  -35,  -35,   15,   12,    9,  -20,   32,    0,  -20,  -32,  -32,  -32,  -64,    0,  -13,    0,    0,  -16,  -21,  -21,  -37,  -37,  -50,  -50,   -7,  -18,  -50,  -41,  -50,  -60,   11,   10,  -61,  -32,    0,    0,    0,    0,    0,    0,    0,    0,    0,    0,    0,    0,    0,    0,    0,    0,    0,    0,    0,    0,    0,    0,    0,    0,    0,    0,    0,    0,    0,    0,    0,    0,    0,    0,    0,    0,    0,    0,    0,    0,    0,    0,    0,    0,    0,    0,    0,    0,    0,    0,    0,    0,    0,    0,    0,    0,    0,    0,  -50,  -50,  -50,  -37,    1,    0,  -19,    0,    0,    0,    0,    0,  -32,  -19,   -9,    0,    0,    0,    0,    0,    0,    0,    0,    0,
       0,    0,    0,    0,    0,    0,    0,    0,  -26,    0,    0,    0,    0,    0,    0,    0,    0,    0,    0,    0,    0,    0,    0,    0,   -1,    0,    0,    0,  -16,    0,    0,    0,  -16,    0,   -4,    0,    0,    0,    0,    0,    0,    0,    0,    0,    0,   -5,   -5,   -5,    0,    0,    0,    0,    0,    0,    0,   -5,    0,    0,    0,  -13,  -13,  -33,  -30,    0,  -33,    0,    0,  -11,  -26,    0,    0,    0,  -23,    0,   -1,    0,    0,    0,    0,    0,    0,    0,    0,    0,    0,    0,    0,    0,   -5,   -5,   -5,    0,    0,    0,    9,   -5,    0,   -5,   -5,   -5,   -5,  -13,  -13,  -33,    0,    0,    0,    0,   -5,   -5,   -5,    0,    0,    0,    0,    0,    0,    0,    0,    0,    0,    0,    0,    0,   -4,  -13,   -4,    0,  -30,    0,    0,   -5,   -5,    0,    0,    0,  -13,    0,    0,    0,   -5,   14,    0,   -5,    0,    0,    0,    0,    0,    0,    0,    0,    0,    0,    0,    0,    0,    0,    0,    0,    0,    0,    0,    0,    0,    0,    0,    0,    0,    0,    0,    0,    0,    0,    0,    0,    0,    0,    0,    0,    0,    0,    0,    0,    0,    0,    0,    0,    0,    0,    0,    0,    0,    0,    0,    0,    0,    0,    0,    0,    0,    0,    0,    0,    0,    0,   -5,    0,    0,  -33,    0,    0,    0,    0,    0,    0,  -11,   -1,    0,    0,    0,    0,    0,    0,    0,    0,    0,
       0,    0,    0,  -24,    0,    0,    0,  -43,  -35,  -43,  -45,    0,    0,    0,    0,    0,    0,    0,    0,    0,    0,  -18,  -18,    0,    0,  -48,  -55,    0,  -25,  -50,   -6,    0,  -25,  -12,    0,    0,    0,    0,    0,    0,    0,    0,    0,  -45,    0,  -48,  -48,  -48,  -19,  -45,    0,   -5,   -2,  -32,  -32,  -48,  -32,  -32,  -39,  -18,  -32,  -27,  -20,  -29,  -27,  -33,    0,  -35,  -35,    0,    0,    0,  -28,    0,  -17,    0,  -55,  -55,  -26,    0,    0,    0,  -90,  -45,  -73,  -71,  -61,  -86,  -48,  -90,  -73,   -3,   -5,   13,   31,  -48,  -32,  -91,  -87,  -78,  -48,  -32,  -61,  -27,    0,  -80,  -82,  -45,  -48,  -48,  -48,  -45,  -45,   17,   11,    7,  -32,   19,    0,  -32,  -39,  -63,  -39,  -74,    0,  -18,    0,    0,  -20,  -33,  -33,  -48,  -48,  -55,  -45,   -9,  -32,  -45,  -72,  -83,  -75,   25,   12,  -77,  -43,    0,    0,    0,    0,    0,    0,    0,    0,    0,    0,    0,    0,    0,    0,    0,    0,    0,    0,    0,    0,    0,    0,    0,    0,    0,    0,    0,    0,    0,    0,    0,    0,    0,    0,    0,    0,    0,    0,    0,    0,    0,    0,    0,    0,    0,    0,    0,    0,    0,    0,    0,    0,    0,    0,    0,    0,    0,    0,  -82,  -84,  -90,  -91,    1,    0,  -27,    0,    0,    0,    0,    0,  -43,  -35,  -17,    0,    0,    0,    0,    0,    0,    0,    0,    0,
       0,    0,    0,    0,    0,    0,    0,    0,    0,    0,    0,    0,    0,    0,    0,    0,    0,    0,    0,    0,    0,    0,    0,    0,    0,    0,    0,    0,   -1,   -2,   -2,    0,   -1,   -2,   -4,   -4,    0,    0,    0,    0,    0,    0,    0,    0,    0,    0,    0,    0,    0,    0,    0,    0,    5,   -2,   -2,    0,   -2,   -2,    0,   -6,   -7,  -15,  -15,    0,  -15,    0,    0,    0,    0,    0,    0,    0,    0,    0,    0,    0,    0,    0,    0,    0,   -4,    0,    0,    0,    0,    0,    0,    0,    0,    0,    0,    0,    0,    0,   12,    0,   -2,    0,    0,    0,    0,   -7,   -7,  -15,    0,    0,    0,    0,    0,    0,    0,    0,    0,    5,    0,    0,   -2,    5,    0,   -2,    0,    0,    0,    0,   -4,   -6,   -4,    0,  -15,    0,    0,    0,    0,    0,    0,    0,   -7,    0,    0,    0,    0,    0,    0,    0,   -2,    0,    0,    0,    0,    0,    0,    0,    0,    0,    0,    0,    0,    0,    0,    0,    0,    0,    0,    0,    0,    0,    0,    0,    0,    0,    0,    0,    0,    0,    0,    0,    0,    0,    0,    0,    0,    0,    0,    0,    0,    0,    0,    0,    0,    0,    0,    0,    0,    0,    0,    0,    0,    0,    0,    0,    0,    0,    0,    0,    0,    0,    0,    0,    0,  -15,    0,    0,    0,    0,    0,    0,    0,    0,    0,    0,    0,    0,    0,    0,    0,    0,    0,
       0,    0,    0,    0,    0,    0,    0,    0,    0,    0,    0,    0,    0,    0,    0,    0,    0,    0,    0,    0,    0,    0,    0,    0,    0,    0,    0,    0,    0,    0,    0,    0,    0,    0,    0,    0,    0,    0,    0,    0,    0,    0,    0,    0,    0,    0,    0,    0,    0,    3,    0,    0,    7,    0,    0,    0,    0,    0,    0,    0,    0,    4,    0,    0,    4,    0,    0,    0,    0,    0,    0,    0,    0,    0,    0,    0,    0,    0,    0,    0,    0,    0,    0,    0,    0,    0,    0,    0,    0,    0,    0,    0,    0,    0,    0,    0,    0,    0,    0,    0,    0,    0,    0,    4,    0,    0,    0,    0,    0,    0,    0,    3,    3,    0,    0,    0,    0,    7,    0,    0,    0,    0,    0,    0,    0,    0,    0,    0,    0,    0,    0,    0,    0,    0,    0,    0,    0,    0,    0,    0,    0,    0,    0,    0,    0,    0,    0,    0,    0,    0,    0,    0,    0,    0,    0,    0,    0,    0,    0,    0,    0,    0,    0,    0,    0,    0,    0,    0,    0,    0,    0,    0,    0,    0,    0,    0,    0,    0,    0,    0,    0,    0,    0,    0,    0,    0,    0,    0,    0,    0,    0,    0,    0,    0,    0,    0,    0,    0,    0,    0,    0,    0,    0,    0,    0,    0,    0,    0,    0,    4,    0,    0,    0,    0,    0,    0,    0,    0,    0,    0,    0,    0,    0,    0,    0,    0,    0,
       0,    0,    0,    0,    0,    0,    0,    0,    0,    0,    0,   -9,    0,    0,  -10,  -19,   -9,  -13,  -42,   -9,  -14,    0,    0,    0,    0,    0,    0,    0,  -31,  -10,    0,    0,  -31,   -9,  -48,  -38,  -54,  -45,    0,  -58,    0, -101,    0,   -9,    0,  -19,  -19,  -19,    0,    0,    0,    0,    0,    0,    0,  -19,    0,    0,   -9,  -19,  -26,  -43,  -34,    1,  -14,   -8,    0,    0,    0,    0,    0,    0,    0,    0,    0,    0,    0,    0,    0,    0,  -38,  -58,   -9,   -9,   -9,   -9,   -9,   -9,  -19,  -19,  -19,    0,    0,    0,    0,  -19,    0,  -19,  -19,  -19,  -19,  -26,  -26,  -43,    0,   -9,   -9,   -9,  -19,  -19,  -19,    0,    0,    0,    0,    0,    0,    0,    0,    0,   -9,   -9,   -9,   -9,  -48,  -19,  -48,  -45,  -34,   -8,   -8,  -19,  -19,    0,   -9,    0,  -26,   -9,   -9,   -9,  -19,    0,    0,  -19,    0,    0,  -26,  -10,    0,    0,    0,  -26,  -28,    0,    0,    0,    0,    0,  -10,  -34,  -16,    0,  -34,  -22,    0,    0,    0,  -12,    0,    0,    0,    0,    0,    0,    0,    0,    0,    0,    0,  -14,    0,    0,    0,  -20,  -12,    0,    0,    0,    0,    0,    0,    0,    0,    0,    0,    0,  -26,    0,    0,    0,  -28,  -16,  -28,   -9,   -9,   -9,  -19,    0,  -58,  -43,    0,    0,    0,    0,    0,    0,    0,    0,    0,    0,    0,    0,    0,    0,    0,    0,    0,
       0,  -21,    0,    0,    0,  -34,    0,    0,    0,    0,    0,    0,    0,    0,    0,    0,    0,    0,    0,    0,    0,    0,    0,    0,  -22,   -2,    0,    0,    0,    0,    0,    0,    0,    0,  -17,    0,    0,    0,    0,    0,    0,  -42,    0,    0,  -10,   -3,   -6,   -3,    0,    0,    0,    0,   -5,   -9,   -9,   -3,   -9,   -9,   -4,  -13,  -10,  -41,  -40,    0,  -44,    0,    0,    0,    0,    0,    0,    0,    0,    0,    0,    0,    0,    0,    0,    0,    0,    0,    0,    0,    0,    0,    0,    0,   -3,   -3,   -3,    0,    0,    0,    0,   -3,   -9,   -3,   -3,   -3,   -3,  -10,  -10,  -44,    0,    0,    0,    0,   -3,   -3,   -3,    0,    0,    0,    0,    0,   -9,   -5,    0,   -9,   -4,   -4,   -4,   -4,  -17,  -13,  -17,    0,  -42,    0,    0,   -3,   -3,    0,    0,    0,  -10,    0,    0,    0,   -3,    0,    0,   -3,   -9,    0,    0,    0,    0,    0,    0,    0,    0,    0,    0,    0,    0,    0,    0,    0,    0,    0,    0,    0,    0,    0,    0,    0,    0,    0,    0,    0,    0,    0,    0,    0,    0,    0,    0,    0,    0,    0,    0,    0,    0,    0,    0,    0,    0,    0,    0,    0,    0,    0,    0,    0,    0,    0,    0,    0,    0,    0,    0,    0,    0,    0,   -3,    0,    0,  -44,  -37,  -24,    0,  -37,  -24,    0,    0,    0,    0,    0,    0,    0,    0,    0,    0,    0,    0,
      -6,  -19,    0,    0,    0,  -23,    0,   -2,    0,   -2,   -3,    0,    0,    0,    0,    0,    0,    0,    0,    0,    0,    0,    0,    0,  -16,   -2,    0,    0,    0,    0,    0,    0,    0,    0,  -23,    0,    0,    0,    0,    0,    0,  -35,    0,    0,   -9,    0,    0,    0,    0,    0,   -3,    0,    0,   -5,   -5,    0,   -9,   -5,   -3,   -6,   -5,  -17,   -7,   -6,  -17,   -5,    0,    0,    0,    0,    0,    0,    0,    0,    0,    0,    0,    0,    0,    0,    0,    0,    0,    0,    0,    0,    0,    0,    0,    0,    0,    0,    0,    0,    0,    0,   -5,    0,    0,    0,    0,   -5,   -5,  -17,   -3,    0,    0,    0,    0,    0,    0,    0,    0,    0,    0,    0,   -5,    0,   -3,   -5,   -3,   -3,   -3,   -3,  -23,   -6,  -23,    0,   -7,   -5,   -5,    0,    0,    0,    0,    0,   -5,    0,    0,    0,    0,    0,    0,    0,   -5,    0,    0,    0,    0,    0,    0,    0,    0,    0,    0,    0,    0,    0,    0,    0,    0,    0,    0,    0,    0,    0,    0,    0,    0,    0,    0,    0,    0,    0,    0,    0,    0,    0,    0,    0,    0,    0,    0,    0,    0,    0,    0,    0,    0,    0,    0,    0,    0,    0,    0,    0,    0,    0,    0,    0,    0,    0,    0,    0,    0,    0,    0,    0,    0,   -9,  -16,  -22,    0,  -16,  -22,   -2,    0,    0,    0,    0,    0,    0,    0,    0,    0,    0,    0,
       0,  -13,    0,    0,    0,   -5,    0,    0,    0,    0,    0,    0,    0,    0,    0,    0,    0,    0,    0,    0,    0,    0,    0,    0,   -7,    0,    0,    0,    0,    0,    0,    0,    0,    0,    0,    0,    0,    0,    0,    0,    0,  -24,    0,    0,    0,   -1,   -1,   -1,    0,    0,   -2,    0,    0,    0,    0,   -1,    0,    0,    0,    0,   -1,    0,    0,    0,    0,    0,    0,    0,    0,    0,    0,    0,    0,    0,    0,    0,    0,    0,    0,    0,    0,    0,    0,    0,    0,    0,    0,    0,   -1,   -1,   -1,    0,    0,    0,    0,   -1,    0,   -1,   -1,   -1,   -1,   -1,   -1,    0,   -2,    0,    0,    0,   -1,   -1,   -1,    0,    0,    0,    0,    0,    0,    0,   -2,    0,    0,    0,    0,    0,    0,    0,    0,    0,    0,    0,    0,   -1,   -1,    0,    0,    0,   -1,    0,    0,    0,   -1,    0,    0,   -1,    0,    0,    0,    0,    0,    0,    0,    0,    0,    0,    0,    0,    0,    0,    0,    0,    0,    0,    0,    0,    0,    0,    0,    0,    0,    0,    0,    0,    0,    0,    0,    0,    0,    0,    0,    0,    0,    0,    0,    0,    0,    0,    0,    0,    0,    0,    0,    0,    0,    0,    0,    0,    0,    0,    0,    0,    0,    0,    0,    0,    0,    0,   -1,    0,    0,    0,   -5,   -7,    0,   -5,   -7,    0,    0,    0,    0,    0,    0,    0,    0,    0,    0,    0,    0,
       0,   -5,    0,    0,    0,   -1,    0,    0,    0,    0,    0,    0,    0,    0,    0,    0,    0,    0,    0,    0,    0,    0,    0,    0,  -16,   -5,    0,    0,    0,    0,    0,    0,    0,    0,    0,    0,    0,    0,    0,    0,    0,    0,    0,    0,    0,   -2,   -2,   -2,    0,   -1,    0,    0,   -6,   -1,   -1,   -2,   -3,   -1,    0,   -7,   -7,  -14,   -8,    1,  -14,    0,    0,    0,    0,    0,    0,    0,    0,    0,    0,    0,    0,    0,    0,    0,    0,    0,    0,    0,    0,    0,    0,    0,   -2,   -2,   -2,    0,    0,    0,    0,   -2,   -1,   -2,   -2,   -2,   -2,   -7,   -7,  -14,    0,    0,    0,    0,   -2,   -2,   -2,   -1,   -1,    0,    0,    0,   -1,   -6,    0,   -1,    0,    0,    0,    0,    0,   -7,    0,    0,   -8,    0,    0,   -2,   -2,    0,    0,    0,   -7,    0,    0,    0,   -2,    0,    0,   -2,   -1,    0,    0,    0,    0,    0,    0,    0,    0,    0,    0,    0,    0,    0,    0,    0,    0,    0,    0,    0,    0,    0,    0,    0,    0,    0,    0,    0,    0,    0,    0,    0,    0,    0,    0,    0,    0,    0,    0,    0,    0,    0,    0,    0,    0,    0,    0,    0,    0,    0,    0,    0,    0,    0,    0,    0,    0,    0,    0,    0,    0,    0,   -2,    0,    0,  -14,    0,  -15,    0,    0,  -15,    0,    0,    0,    0,    0,    0,    0,    0,    0,    0,    0,    0,
      -6,  -19,    0,    0,    0,  -23,    0,   -2,    0,   -2,   -3,    0,    0,    0,    0,    0,    0,    0,    0,    0,    0,    0,    0,    0,  -16,   -2,    0,    0,    0,    0,    0,    0,    0,    0,  -23,    0,    0,    0,    0,    0,    0,  -35,    0,    0,   -9,    0,    0,    0,    0,    0,   -3,    0,    0,   -5,   -5,    0,   -9,   -5,   -3,   -6,   -5,  -17,   -7,   -4,  -17,   -9,    0,    0,    0,    0,    0,    0,    0,    0,    0,    0,    0,    0,    0,    0,    0,    0,    0,    0,    0,    0,    0,    0,    0,    0,    0,    0,    0,    0,    0,    0,   -5,    0,    0,    0,    0,   -5,   -5,  -17,   -3,    0,    0,    0,    0,    0,    0,    0,    0,    0,    0,    0,   -5,    0,   -3,   -5,   -3,   -3,   -3,   -3,  -23,   -6,  -23,    0,   -7,   -9,   -9,    0,    0,    0,    0,    0,   -5,    0,    0,    0,    0,    0,    0,    0,   -5,    0,    0,    0,    0,    0,    0,    0,    0,    0,    0,    0,    0,    0,    0,    0,    0,    0,    0,    0,    0,    0,    0,    0,    0,    0,    0,    0,    0,    0,    0,    0,    0,    0,    0,    0,    0,    0,    0,    0,    0,    0,    0,    0,    0,    0,    0,    0,    0,    0,    0,    0,    0,    0,    0,    0,    0,    0,    0,    0,    0,    0,    0,    0,    0,  -17,  -16,  -22,    0,  -16,  -22,   -2,    0,    0,    0,    0,    0,    0,    0,    0,    0,    0,    0,
      23,   70,    0,    0,   76,   46,    0,   -5,   -5,   -5,    0,    0,    0,    0,    0,    0,    0,    0,    0,    0,    0,    0,    0,    0,   25,   -1,    0,    0,    0,    0,    0,    0,    0,    0,    0,    0,    0,    0,    0,    0,    0,   48,   33,   -6,    0,  -15,  -15,  -15,    0,    0,    0,   -1,    0,    0,    0,  -15,    0,    0,   -8,    0,    0,    0,    0,    0,    0,    0,    0,   -6,   -5,    0,    0,    0,   -6,    0,    0,    0,    0,    0,    0,    0,    0,    0,   -6,   -6,   -6,   -6,    1,   -6,  -15,  -15,  -15,   -1,   -1,   -1,   -1,  -15,    0,  -15,  -15,  -13,  -15,    0,    0,    0,    0,   -6,   -6,   -6,  -15,  -15,  -15,    0,    0,   -1,   -1,   -1,    0,    0,    0,    0,   -8,   -8,   -8,   -8,    0,    0,    0,    0,    0,    0,    0,  -15,  -15,    0,   -6,   -1,    0,   -6,   -6,   -6,  -15,   -2,   -2,  -15,    0,    0,    0,    0,    0,    0,    0,    0,    0,    0,    0,    0,    0,    0,    0,    0,    0,    0,    0,    0,    0,    0,    0,    0,    0,    0,    0,    0,    0,    0,    0,    0,    0,    0,    0,    0,    0,    0,    0,    0,    0,    0,    0,    0,    0,    0,    0,    0,    0,    0,    0,    0,    0,    0,    0,    0,    0,    0,    0,   -6,   -6,   -6,  -15,   -1,    0,    0,   68,   78,    0,   74,   78,   -5,   -6,    0,    0,    0,    0,    0,    0,    0,    0,    0,    0,
       0,    1,    0,   -4,    0,    6,    0,    0,    0,    0,    0,    0,    0,    0,    0,    0,    0,    0,    0,    0,    0,    0,    0,    0,    4,   -5,    0,    0,    0,    0,    0,    0,    0,    0,    0,    0,    0,    0,    0,    0,    0,   -6,    0,   -2,   -4,  -13,  -13,  -13,    0,    0,   -3,    0,    0,    0,    0,  -13,    0,    0,   -6,    0,    0,    0,    0,    1,    0,    0,    0,   -6,    0,    0,    0,    0,   -5,    0,    0,    0,    0,    0,    0,    0,    0,    0,   -2,   -2,   -2,   -2,   -2,   -2,  -13,  -13,  -13,    0,    0,    0,    0,  -13,    0,  -13,  -13,  -13,  -13,    0,    0,    0,   -3,   -2,   -2,   -2,  -13,  -13,  -13,    0,    0,    0,    0,    0,    0,    0,   -6,    0,   -6,   -6,   -6,   -6,    0,    0,    0,    0,    0,    0,    0,  -13,  -13,    0,   -2,    0,    0,   -2,   -2,   -2,  -13,    0,    0,  -13,    0,    0,    0,    0,    0,    0,    0,    0,    0,    0,    0,    0,    0,    0,    0,    0,    0,    0,    0,    0,    0,    0,    0,    0,    0,    0,    0,    0,    0,    0,    0,    0,    0,    0,    0,    0,    0,    0,    0,    0,    0,    0,    0,    0,    0,    0,    0,    0,    0,    0,    0,    0,    0,    0,    0,    0,    0,    0,    0,   -2,   -2,   -2,  -13,    0,    0,    0,    4,    0,    0,    4,    0,    0,   -6,    0,    0,    0,    0,    0,    0,    0,    0,    0,    0,
       0,  -21,    0,    0,    0,  -34,    0,    0,    0,    0,    0,    0,    0,    0,    0,    0,    0,    0,    0,    0,    0,    0,    0,    0,  -22,   -2,    0,    0,    0,    0,    0,    0,    0,    0,  -17,    0,    0,    0,    0,    0,    0,  -42,    0,    0,  -10,   -3,   -3,   -3,    0,    0,    0,    0,   -5,   -3,   -3,   -3,   -6,   -3,   -2,  -13,  -10,  -41,  -40,    0,  -44,    0,    0,    0,    0,    0,    0,    0,    0,    0,    0,    0,    0,    0,    0,    0,    0,    0,    0,    0,    0,    0,    0,    0,   -3,   -3,   -3,    0,    0,    0,    0,   -3,   -3,   -3,   -3,   -3,   -3,  -10,  -10,  -44,    0,    0,    0,    0,   -3,   -3,   -3,    0,    0,    0,    0,    0,   -3,   -5,    0,   -3,   -2,   -2,   -2,   -2,  -17,  -13,  -17,    0,  -42,    0,    0,   -3,   -3,    0,    0,    0,  -10,    0,    0,    0,   -3,    0,    0,   -3,   -3,    0,    0,    0,    0,    0,    0,    0,    0,    0,    0,    0,    0,    0,    0,    0,    0,    0,    0,    0,    0,    0,    0,    0,    0,    0,    0,    0,    0,    0,    0,    0,    0,    0,    0,    0,    0,    0,    0,    0,    0,    0,    0,    0,    0,    0,    0,    0,    0,    0,    0,    0,    0,    0,    0,    0,    0,    0,    0,    0,    0,    0,   -3,    0,    0,  -20,  -37,  -24,    0,  -37,  -24,    0,    0,    0,    0,    0,    0,    0,    0,    0,    0,    0,    0,
      -3,  -16,    0,    0,    0,  -16,    0,    0,    0,    0,    0,    0,    0,    0,    0,    0,    0,    0,    0,    0,    0,    0,    0,    0,  -12,    0,    0,    0,    0,    0,    0,    0,    0,    0,  -23,   -7,   -9,   -9,    0,  -13,    0,  -30,    0,    0,   -7,   -2,   -2,   -2,    0,   -1,    0,    0,    0,    0,    0,   -2,    0,    0,    0,  -11,   -5,  -13,  -11,    0,  -13,    0,    0,    0,    0,    0,    0,    0,    0,    0,    0,    0,    0,    0,    0,    0,   -7,  -13,    0,    0,    0,    0,    0,    0,   -2,   -2,   -2,    0,    0,    0,    0,   -2,    0,   -2,   -2,   -2,   -2,   -5,   -5,  -13,    0,    0,    0,    0,   -2,   -2,   -2,   -1,   -1,    0,    0,    0,    0,    0,    0,    0,    0,    0,    0,    0,  -23,  -11,  -23,   -9,  -11,    0,    0,   -2,   -2,    0,    0,    0,   -5,    0,    0,    0,   -2,    0,    0,   -2,    0,    0,    0,    0,    0,    0,    0,    0,    0,    0,    0,    0,    0,    0,    0,    0,    0,    0,    0,    0,    0,    0,    0,    0,    0,    0,    0,    0,    0,    0,    0,    0,    0,    0,    0,    0,    0,    0,    0,    0,    0,    0,    0,    0,    0,    0,    0,    0,    0,    0,    0,    0,    0,    0,    0,    0,    0,    0,    0,    0,    0,    0,   -2,    0,  -13,  -13,  -17,  -21,    0,  -27,  -21,    0,    0,    0,    0,    0,    0,    0,    0,    0,    0,    0,    0,
       0,    0,    0,    0,    0,    0,    0,    0,    0,    0,    0,    0,    0,    0,    0,    0,    0,    0,    0,    0,    0,    0,    0,    0,   -4,    0,    0,    0,    0,    0,    0,    0,    0,    0,    0,    0,    0,    0,    0,    0,    0,    0,    0,   -3,   -1,    0,    0,    0,    0,   -1,   -5,    0,    0,    0,    0,    0,    0,    0,    0,   -4,   -2,   -4,   -2,   -1,   -4,   -2,    0,    0,    0,    0,    0,    0,    0,    0,    0,    0,    0,    0,    0,    0,    0,    0,   -3,   -3,   -3,   -3,   -3,   -3,    0,    0,    0,    0,    0,    0,    0,    0,    0,    0,    0,    0,    0,   -2,   -2,   -4,   -5,   -3,   -3,   -3,    0,    0,    0,   -1,   -1,    0,    0,    0,    0,    0,   -5,    0,    0,    0,    0,    0,    0,   -4,    0,    0,   -2,   -2,   -2,    0,    0,    0,   -3,    0,   -2,   -3,   -3,   -3,    0,    0,    0,    0,    0,    0,    0,    0,    0,    0,    0,    0,    0,    0,    0,    0,    0,    0,    0,    0,    0,    0,    0,    0,    0,    0,    0,    0,    0,    0,    0,    0,    0,    0,    0,    0,    0,    0,    0,    0,    0,    0,    0,    0,    0,    0,    0,    0,    0,    0,    0,    0,    0,    0,    0,    0,    0,    0,    0,    0,    0,    0,    0,   -3,   -3,   -3,    0,    0,    0,   -4,    0,   -4,    0,    0,   -4,    0,    0,    0,    0,    0,    0,    0,    0,    0,    0,    0,    0,
       0,  -13,    0,    0,    0,   -6,    0,    0,  -11,    0,    0,    0,    0,    0,    0,    0,    0,    0,    0,    0,    0,    0,    0,    0,    0,   -5,    0,    0,    0,    0,    0,    0,    0,    0,    0,    0,    0,    0,    0,    0,    0,  -22,    0,    0,   -2,   -7,   -7,   -7,    0,    0,    0,    0,    0,   -1,   -1,   -7,   -1,   -1,    0,   -4,   -4,   -5,   -6,    1,   -5,    0,    0,  -13,  -11,    0,    0,    0,   -7,    0,    0,    0,    0,    0,    0,    0,    0,    0,    0,    0,    0,    0,    0,    0,   -7,   -7,   -7,    0,    0,    0,    0,   -7,   -1,   -7,   -7,   -7,   -7,   -4,   -4,   -5,    0,    0,    0,    0,   -7,   -7,   -7,    0,    0,    0,    0,    0,   -1,    0,    0,   -1,    0,    0,    0,    0,    0,   -4,    0,    0,   -6,    0,    0,   -7,   -7,    0,    0,    0,   -4,    0,    0,    0,   -7,    0,    0,   -7,   -1,    0,    0,    0,    0,    0,    0,    0,    0,    0,    0,    0,    0,    0,    0,    0,    0,    0,    0,    0,    0,    0,    0,    0,    0,    0,    0,    0,    0,    0,    0,    0,    0,    0,    0,    0,    0,    0,    0,    0,    0,    0,    0,    0,    0,    0,    0,    0,    0,    0,    0,    0,    0,    0,    0,    0,    0,    0,    0,    0,    0,    0,   -7,    0,    0,   -5,  -11,  -26,    0,  -11,  -26,    0,  -13,    0,    0,    0,    0,    0,    0,    0,    0,    0,    0,
      -6,  -19,    0,    0,    0,  -23,    0,   -2,    0,   -2,   -3,    0,    0,    0,    0,    0,    0,    0,    0,    0,    0,    0,    0,    0,  -16,   -2,    0,    0,    0,    0,    0,    0,    0,    0,  -23,    0,    0,    0,    0,    0,    0,  -35,    0,    0,   -9,    0,    0,    0,    0,    0,   -3,    0,    0,   -5,   -5,    0,   -9,   -5,   -3,   -6,   -5,  -17,   -7,   -8,  -17,   -5,    0,    0,    0,    0,    0,    0,    0,    0,    0,    0,    0,    0,    0,    0,    0,    0,    0,    0,    0,    0,    0,    0,    0,    0,    0,    0,    0,    0,    0,    0,   -5,    0,    0,    0,    0,   -5,   -5,  -17,   -3,    0,    0,    0,    0,    0,    0,    0,    0,    0,    0,    0,   -5,    0,   -3,   -5,   -3,   -3,   -3,   -3,  -23,   -6,  -23,    0,   -7,   -5,   -5,    0,    0,    0,    0,    0,   -5,    0,    0,    0,    0,    0,    0,    0,   -5,    0,    0,    0,    0,    0,    0,    0,    0,    0,    0,    0,    0,    0,    0,    0,    0,    0,    0,    0,    0,    0,    0,    0,    0,    0,    0,    0,    0,    0,    0,    0,    0,    0,    0,    0,    0,    0,    0,    0,    0,    0,    0,    0,    0,    0,    0,    0,    0,    0,    0,    0,    0,    0,    0,    0,    0,    0,    0,    0,    0,    0,    0,    0,    0,   -9,  -16,  -22,    0,  -16,  -22,   -2,    0,    0,    0,    0,    0,    0,    0,    0,    0,    0,    0,
      -5,  -25,    0,    0,    0,   -5,    0,    0,    0,    0,    9,    0,    0,    0,    0,    0,    0,    0,    0,    0,    0,    0,    0,    0,  -10,   -5,    0,    0,    0,    0,    0,    0,    0,    0,    0,    0,    0,    0,    0,    0,    0,  -29,    0,   -9,   -8,   -9,   -9,   -9,   -1,    0,   -3,    0,    0,    0,    0,   -9,    0,    0,   -6,   -6,   -6,  -13,   -9,    0,  -13,    0,    0,    0,    0,    0,    0,    0,    0,    0,    0,    0,    0,    0,    0,    0,    0,    0,   -9,   -9,   -9,   -9,   -9,   -9,   -9,   -9,   -9,    0,    0,    0,    0,   -9,    0,   -9,   -9,   -9,   -9,   -6,   -6,  -13,   -3,   -9,   -9,   -9,   -9,   -9,   -9,    0,    0,    0,    0,    0,    0,    0,   -3,    0,   -6,   -6,   -6,   -6,    0,   -6,    0,    0,   -9,    0,    0,   -9,   -9,    0,   -9,    0,   -6,   -9,   -9,   -9,   -9,    0,    0,   -9,    0,    0,    0,    0,    0,    0,    0,    0,    0,    0,    0,    0,    0,    0,    0,    0,    0,    0,    0,    0,    0,    0,    0,    0,    0,    0,    0,    0,    0,    0,    0,    0,    0,    0,    0,    0,    0,    0,    0,    0,    0,    0,    0,    0,    0,    0,    0,    0,    0,    0,    0,    0,    0,    0,    0,    0,    0,    0,    0,   -9,   -9,   -9,   -9,    0,    0,  -13,   -2,  -30,    0,   -2,  -30,    0,    0,    0,    0,    0,    0,    0,    0,    0,    0,    0,    0,
       0,   -2,    0,  -11,    0,    0,    0,  -31,    0,  -31,  -27,    0,    0,    0,    0,    0,    0,    0,    0,    0,    0,    0,    0,    0,    0,  -17,    0,    0,    0,    0,    0,    0,    0,    0,    0,    0,    0,    0,    0,    0,    0,  -22,    0,   -2,   -7,   -6,   -6,   -6,    0,    0,   -7,    0,    0,    0,    0,   -6,    0,    0,    0,    0,    0,    0,    0,    0,    0,   -1,    0,   -1,    0,    0,    0,    0,    0,    0,    0,    0,    0,    0,    0,    0,    0,    0,   -2,   -2,   -2,   -2,   -2,   -2,   -6,   -6,   -6,    0,    0,    0,    0,   -6,    0,   -6,   -6,   -6,   -6,    0,    0,    0,   -7,   -2,   -2,   -2,   -6,   -6,   -6,    0,    0,    0,    0,    0,    0,    0,   -7,    0,    0,    0,    0,    0,    0,    0,    0,    0,    0,   -1,   -1,   -6,   -6,    0,   -2,    0,    0,   -2,   -2,   -2,   -6,    0,    0,   -6,    0,    0,    0,    0,    0,    0,    0,    0,    0,    0,    0,    0,    0,    0,    0,    0,    0,    0,    0,    0,    0,    0,    0,    0,    0,    0,    0,    0,    0,    0,    0,    0,    0,    0,    0,    0,    0,    0,    0,    0,    0,    0,    0,    0,    0,    0,    0,    0,    0,    0,    0,    0,    0,    0,    0,    0,    0,    0,    0,   -2,   -2,   -2,   -6,    0,    0,    0,    0,    0,    0,    0,    0,  -31,   -1,    0,    0,    0,    0,    0,    0,    0,    0,    0,    0,
      -5,   -6,    0,    0,    0,   -1,    0,    0,    0,    0,    0,    0,    0,    0,    0,    0,    0,    0,    0,    0,    0,    0,    0,    0,   -4,   -9,    0,    0,    0,    0,    0,    0,    0,    0,    0,    0,    0,    0,    0,    0,    0,  -19,    0,    0,   -6,    0,    0,    0,    0,    0,    0,    0,    0,    0,    0,    0,    0,    0,    0,   -3,   -5,   -5,   -1,    0,   -5,   -2,    0,    0,    0,    0,    0,    0,    0,    0,    0,    0,    0,    0,    0,    0,    0,    0,    0,    0,    0,    0,    0,    0,    0,    0,    0,    0,    0,    0,    0,    0,    0,    0,    0,    0,    0,   -5,   -5,   -5,    0,    0,    0,    0,    0,    0,    0,    0,    0,    0,    0,    0,    0,    0,    0,    0,    0,    0,    0,    0,    0,   -3,    0,    0,   -1,   -2,   -2,    0,    0,    0,    0,    0,   -5,    0,    0,    0,    0,    0,    0,    0,    0,    0,    0,    0,    0,    0,    0,    0,    0,    0,    0,    0,    0,    0,    0,    0,    0,    0,    0,    0,    0,    0,    0,    0,    0,    0,    0,    0,    0,    0,    0,    0,    0,    0,    0,    0,    0,    0,    0,    0,    0,    0,    0,    0,    0,    0,    0,    0,    0,    0,    0,    0,    0,    0,    0,    0,    0,    0,    0,    0,    0,    0,    0,    0,    0,   -5,   -5,   -7,    0,   -5,   -7,    0,    0,    0,    0,    0,    0,    0,    0,    0,    0,    0,    0,
       0,   -3,    0,    0,    0,    0,    0,    0,    0,    0,   -9,    0,    0,    0,    0,    0,    0,    0,    0,    0,    0,    0,    0,    0,   -9,   -5,    0,    0,    0,    0,    0,    0,    0,    0,    0,    0,    0,    0,    0,    0,    0,   -5,    0,   -3,   -3,   -4,   -4,   -4,    0,   -2,    0,    0,    0,   -6,   -6,   -4,   -6,   -6,   -6,   -4,   -6,   -5,   -6,   -2,   -5,   -1,    0,  -10,    0,    0,    0,    0,    0,    0,    4,    0,    0,    0,    0,    0,    0,    0,   -3,   -3,   -3,   -3,   -3,   -3,   -4,   -4,   -4,    0,    0,    0,    0,   -4,   -6,   -4,   -4,   -4,   -4,   -6,   -6,   -5,    0,   -3,   -3,   -3,   -4,   -4,   -4,   -2,   -2,    0,    0,    0,   -6,    0,    0,   -6,   -6,   -6,   -6,   -6,    0,   -4,    0,    0,   -6,   -1,   -1,   -4,   -4,    0,   -3,    0,   -6,   -3,   -3,   -3,   -4,    0,    0,   -4,   -6,    0,    0,    0,    0,    0,    0,    0,    0,    0,    0,    0,    0,    0,    0,    0,    0,    0,    0,    0,    0,    0,    0,    0,    0,    0,    0,    0,    0,    0,    0,    0,    0,    0,    0,    0,    0,    0,    0,    0,    0,    0,    0,    0,    0,    0,    0,    0,    0,    0,    0,    0,    0,    0,    0,    0,    0,    0,    0,   -3,   -3,   -3,   -4,    0,    0,   -5,    0,   -7,    0,    0,   -7,    0,  -10,    4,    0,    0,    0,    0,    0,    0,    0,    0,    0,
       0,   -2,    0,  -18,    0,    0,    0,  -34,   -5,  -34,  -24,    0,    0,    0,    0,    0,    0,    0,    0,    0,    0,    0,    0,    0,   -1,  -25,    0,    0,    0,    0,    0,    0,    0,    0,    0,    0,    0,    0,    0,    0,    0,  -14,    0,   -7,   -6,  -12,  -23,  -12,    0,   -7,   -8,    0,    0,    0,    0,  -12,    0,    0,  -10,    0,    0,    0,    0,    0,    0,    0,    0,   -9,   -5,    0,    0,    0,   -5,    0,    0,    0,    0,    0,    0,    0,    0,    0,   -7,   -7,   -7,   -7,   -7,   -7,  -12,  -12,  -12,    0,    0,    0,    0,  -12,    0,  -12,  -12,  -12,  -12,    0,    0,    0,   -8,   -7,   -7,   -7,  -12,  -12,  -12,   -7,   -7,    0,    0,    0,    0,    0,  -16,    0,  -10,  -10,  -10,  -10,    0,    0,    0,    0,    0,    0,    0,  -12,  -12,    0,   -7,    0,    0,   -7,   -7,   -7,  -12,    0,    0,  -12,    0,    0,    0,    0,    0,    0,    0,    0,    0,    0,    0,    0,    0,    0,    0,    0,    0,    0,    0,    0,    0,    0,    0,    0,    0,    0,    0,    0,    0,    0,    0,    0,    0,    0,    0,    0,    0,    0,    0,    0,    0,    0,    0,    0,    0,    0,    0,    0,    0,    0,    0,    0,    0,    0,    0,    0,    0,    0,    0,   -7,   -7,   -7,  -12,    0,    0,    0,    0,    5,    0,    0,    5,  -34,   -9,    0,    0,    0,    0,    0,    0,    0,    0,    0,    0,
       0,    0,    0,  -17,    0,    0,    0,  -31,   -3,  -31,  -19,    0,    0,    0,    0,    0,    0,    0,    0,    0,    0,    0,    0,    0,    0,  -21,    0,    0,    0,    0,    0,    0,    0,    0,    0,    0,    0,    0,    0,    0,    0,  -14,    0,   -5,    0,   -9,   -9,   -9,    0,   -5,   -5,    0,    0,    0,    0,   -9,    0,    0,   -1,    0,    0,    0,    0,    0,    0,    0,    0,   -6,   -3,    0,    0,    0,    0,    0,    0,    0,    0,    0,    0,    0,    0,    0,   -5,   -5,   -5,   -5,   -5,   -5,   -9,   -9,   -9,    0,    0,    0,    0,   -9,    0,   -9,   -9,   -9,   -9,    0,    0,    0,   -5,   -5,   -5,   -5,   -9,   -9,   -9,   -5,   -5,    0,    0,    0,    0,    0,   -5,    0,   -1,   -1,   -1,   -1,    0,    0,    0,    0,    0,    0,    0,   -9,   -9,    0,   -5,    0,    0,   -5,   -5,   -5,   -9,    0,    0,   -9,    0,    0,    0,    0,    0,    0,    0,    0,    0,    0,    0,    0,    0,    0,    0,    0,    0,    0,    0,    0,    0,    0,    0,    0,    0,    0,    0,    0,    0,    0,    0,    0,    0,    0,    0,    0,    0,    0,    0,    0,    0,    0,    0,    0,    0,    0,    0,    0,    0,    0,    0,    0,    0,    0,    0,    0,    0,    0,    0,   -5,   -5,   -5,   -9,    0,    0,    0,    0,    0,    0,    0,    0,  -31,   -6,    0,    0,    0,    0,    0,    0,    0,    0,    0,    0,
       0,   -2,    0,    0,    0,    0,    0,    0,   -1,    0,    0,    0,    0,    0,    0,    0,    0,    0,    0,    0,    0,    0,    0,    0,   -1,   -1,    0,    0,    0,    0,    0,    0,    0,    0,    0,    0,    0,    0,    0,    0,    0,  -24,    0,    0,   -4,   -7,   -7,   -7,    0,    0,    0,    0,    0,    0,    0,   -7,    0,    0,    0,   -2,    0,    0,    0,    0,    0,    0,    0,  -12,   -1,    0,    0,    0,   -5,    0,    0,    0,    0,    0,    0,    0,    0,    0,    0,    0,    0,    0,    0,    0,   -7,   -7,   -7,    0,    0,    0,    0,   -7,    0,   -7,   -7,   -7,   -7,    0,    0,    0,    0,    0,    0,    0,   -7,   -7,   -7,    0,    0,    0,    0,    0,    0,    0,    0,    0,    0,    0,    0,    0,    0,   -2,    0,    0,    0,    0,    0,   -7,   -7,    0,    0,    0,    0,    0,    0,    0,   -7,    0,    0,   -7,    0,    0,    0,    0,    0,    0,    0,    0,    0,    0,    0,    0,    0,    0,    0,    0,    0,    0,    0,    0,    0,    0,    0,    0,    0,    0,    0,    0,    0,    0,    0,    0,    0,    0,    0,    0,    0,    0,    0,    0,    0,    0,    0,    0,    0,    0,    0,    0,    0,    0,    0,    0,    0,    0,    0,    0,    0,    0,    0,    0,    0,    0,   -7,    0,    0,    0,    0,    0,    0,    0,    0,    0,  -12,    0,    0,    0,    0,    0,    0,    0,    0,    0,    0,
       0,   -3,    0,    0,    0,    0,    0,    0,    0,    0,    0,    0,    0,    0,    0,    0,    0,    0,    0,    0,    0,    0,    0,    0,   -5,   -6,    0,    0,    0,    0,    0,    0,    0,    0,    0,    0,    0,    0,    0,    0,    0,  -20,    0,    0,   -1,   -2,   -2,   -2,    0,    0,    0,    0,    0,    0,    0,   -2,    0,    0,    0,   -5,    0,   -3,   -3,    0,   -3,    0,    0,    0,    0,    0,    0,    0,    0,    0,    0,    0,    0,    0,    0,    0,    0,    0,    0,    0,    0,    0,    0,    0,   -2,   -2,   -2,    0,    0,    0,    0,   -2,    0,   -2,   -2,   -2,   -2,    0,    0,   -3,    0,    0,    0,    0,   -2,   -2,   -2,    0,    0,    0,    0,    0,    0,    0,    1,    0,    0,    0,    0,    0,    0,   -5,    0,    0,   -3,    0,    0,   -2,   -2,    0,    0,    0,    0,    0,    0,    0,   -2,    0,    0,   -2,    0,    0,    0,    0,    0,    0,    0,    0,    0,    0,    0,    0,    0,    0,    0,    0,    0,    0,    0,    0,    0,    0,    0,    0,    0,    0,    0,    0,    0,    0,    0,    0,    0,    0,    0,    0,    0,    0,    0,    0,    0,    0,    0,    0,    0,    0,    0,    0,    0,    0,    0,    0,    0,    0,    0,    0,    0,    0,    0,    0,    0,    0,   -2,    0,    0,   -3,    0,   -2,    0,    0,   -2,    0,    0,    0,    0,    0,    0,    0,    0,    0,    0,    0,    0,
       0,    0,    0,    0,    0,    0,    0,    0,    0,    0,    0,    0,    0,    0,    0,    0,    0,    0,    0,    0,    0,    0,    0,    0,    0,    0,    0,    0,  -11,    0,    0,    0,  -11,    0,  -19,  -13,  -26,  -16,    0,  -37,   -3,    0,    0,   -9,   -5,   -9,   -9,   -9,    0,    0,    0,    0,    0,    0,    0,   -9,    0,    0,   -5,   -7,  -10,  -10,   -7,    0,  -10,    0,    0,    0,    0,    0,    0,    0,    0,    0,    0,    0,    0,    0,    0,    0,  -13,  -37,   -9,   -9,   -9,   -9,   -9,   -9,   -9,   -9,   -9,    0,    0,    0,    0,   -9,    0,   -9,   -9,   -9,   -9,  -10,  -10,  -10,    0,   -9,   -9,   -9,   -9,   -9,   -9,    0,    0,    0,    0,    0,    0,    0,    0,    0,   -5,   -5,   -5,   -5,  -19,   -7,  -19,  -16,   -7,    0,    0,   -9,   -9,    0,   -9,    0,  -10,   -9,   -9,   -9,   -9,    0,    0,   -9,    0,    0,    0,    0,    0,    0,    0,    0,    0,    0,    0,    0,    0,    0,    0,    0,    0,    0,    0,    0,    0,    0,    0,    0,    0,    0,    0,    0,    0,    0,    0,    0,    0,    0,    0,    0,    0,    0,    0,    0,    0,    0,    0,    0,    0,    0,    0,    0,    0,    0,    0,    0,    0,    0,    0,    0,    0,    0,    0,   -9,   -9,   -9,   -9,    0,  -37,  -10,   -6,   -3,    0,   -6,   -3,    0,    0,    0,    0,    0,    0,    0,    0,    0,    0,    0,    0,
       0,    0,    0,    0,    0,    0,    0,    0,    0,    0,    0,    0,    0,    0,    0,    0,    0,    0,    0,    0,    0,    0,    0,    0,    0,    0,    0,    0,    0,    0,    0,    0,    0,    0,   -1,    0,  -16,   -9,   -1,  -17,    0,    0,    0,    0,    0,    0,    0,    0,    0,    0,    0,    0,    0,    0,    0,    0,    0,    0,    0,    0,    0,    0,    0,    0,    0,    0,    0,    0,    0,    0,    0,    0,    0,    0,    0,    0,    0,    0,    0,    0,    0,  -17,    0,    0,    0,    0,    0,    0,    0,    0,    0,    0,    0,    0,    0,    0,    0,    0,    0,    0,    0,    0,    0,    0,    0,    0,    0,    0,    0,    0,    0,    0,    0,    0,    0,    0,    0,    0,    0,    0,    0,    0,    0,    0,   -1,    0,   -1,   -9,    0,    0,    0,    0,    0,    0,    0,    0,    0,    0,    0,    0,    0,    0,    0,    0,    0,   -5,   -9,    0,    0,    0,    0,   -9,  -32,   -9,    0,    0,    0,   -9,    0,  -19,    0,    0,  -14,  -19,    0,    0,    0,    0,    0,    0,    0,    0,    0,    0,    0,    0,    0,    0,    0,    0,    0,    0,    0,    0,    0,    0,    0,    0,    0,    0,    0,    0,    0,    0,    0,    0,   -9,    0,    0,    0,  -32,    0,  -32,    0,    0,    0,    0,    0,  -17,    0,    0,    0,    0,    0,    0,    0,    0,    0,    0,    0,    0,    0,    0,    0,    0,    0,    0,
       0,    0,    0,    0,    0,    0,    0,    0,    0,    0,    0,    0,    0,    0,    0,    0,    0,    0,    0,    0,    0,    0,    0,    0,    0,    0,    0,    0,    0,    0,    0,    0,    0,    0,    0,    0,    0,    0,    0,    0,    0,    0,    0,    0,    0,    0,    0,    0,    0,    0,    0,    0,    0,    0,    0,    0,    0,    0,    0,    0,    0,    0,    0,    0,    0,    0,    0,    0,    0,    0,    0,    0,    0,    0,    0,    0,    0,    0,    0,    0,    0,    0,    0,    0,    0,    0,    0,    0,    0,    0,    0,    0,    0,    0,    0,    0,    0,    0,    0,    0,    0,    0,    0,    0,    0,    0,    0,    0,    0,    0,    0,    0,    0,    0,    0,    0,    0,    0,    0,    0,    0,    0,    0,    0,    0,    0,    0,    0,    0,    0,    0,    0,    0,    0,    0,    0,    0,    0,    0,    0,    0,    0,    0,    0,    0,    0,    0,    0,    0,    0,    0,    0,    0,    0,    0,    0,    0,    0,    0,    0,    0,    0,    0,    0,    0,    0,    0,    0,    0,    0,    0,    0,    0,    0,    0,    0,    0,    0,    0,    0,    0,    0,    0,    0,    0,    0,    0,    0,    0,    0,    0,    0,    0,    0,    0,    0,    0,    0,    0,    0,    0,    0,    0,    0,    0,    0,    0,    0,    0,    0,    0,    0,    0,    0,    0,    0,    0,    0,    0,    0,    0,    0,   -3,    0,    0,    0,    0,
       0,    0,    0,    0,    0,    0,    0,    0,    0,    0,    0,    0,    0,    0,    0,    0,    0,    0,    0,    0,    0,    0,    0,    0,    0,    0,    0,    0,    0,    0,    0,    0,    0,    0,    0,    0,    0,    0,    0,    0,    0,    0,    0,    0,    0,    0,    0,    0,    0,    0,    0,    0,    0,    0,    0,    0,    0,    0,    0,    0,    0,    0,    0,    0,    0,    0,    0,    0,    0,    0,    0,   -2,    0,    0,    0,    0,    0,    0,    0,    0,    0,    0,    0,    0,    0,    0,    0,    0,    0,    0,    0,    0,    0,    0,    0,    0,    0,    0,    0,    0,    0,    0,    0,    0,    0,    0,    0,    0,    0,    0,    0,    0,    0,    0,    0,    0,    0,    0,    0,    0,    0,    0,    0,    0,    0,    0,    0,    0,    0,    0,    0,    0,    0,    0,    0,    0,    0,    0,    0,    0,    0,    0,    0,    0,    0,    0,    0,    0,    0,    0,    0,    0,    0,    0,    0,    0,    0,    0,    0,    0,    0,    0,    0,    0,    0,    0,    0,    0,    0,    0,    0,    0,    0,    0,    0,    0,    0,    0,    0,    0,    0,    0,    0,    0,    0,    0,    0,    0,    0,    0,    0,    0,    0,    0,    0,    0,    0,    0,    0,    0,    0,    0,    0,    0,    0,    0,    0,    0,    0,    0,    0,    0,    0,    0,    0,    0,    0,    0,    0,    0,   -1,    0,    0,    0,   -1,    0,    0,
       0,    0,    0,    0,    0,   -8,    0,   -4,   -4,   -4,    0,    0,    0,    0,    0,    0,    0,    0,    0,    0,    0,    0,    0,    0,    0,    0,    0,    0,    0,    0,    0,    0,    0,    0,    0,    0,    0,    0,    0,    0,    0,   -8,    0,    0,    0,    0,    0,    0,    0,    0,    0,    0,    0,    0,    0,    0,    0,    0,    0,    0,    0,    0,    0,    0,    0,    0,    0,    0,   -4,    0,    0,    0,    0,    0,    0,    0,    0,    0,    0,    0,    0,    0,    0,    0,    0,    0,    0,    0,    0,    0,    0,    0,    0,    0,    0,    0,    0,    0,    0,    0,    0,    0,    0,    0,    0,    0,    0,    0,    0,    0,    0,    0,    0,    0,    0,    0,    0,    0,    0,    0,    0,    0,    0,    0,    0,    0,    0,    0,    0,    0,    0,    0,    0,    0,    0,    0,    0,    0,    0,    0,    0,    0,    0,    0,    0,    0,    0,    0,    0,    0,    0,    0,    0,    0,    0,    0,    0,    0,    0,    0,    0,    0,    0,    0,    0,    0,    0,    0,    0,    0,    0,    0,    0,    0,    0,    0,    0,    0,    0,    0,    0,    0,    0,    0,    0,    0,    0,    0,    0,    0,    0,    0,    0,    0,    0,    0,    0,    0,    0,    0,    0,    0,    0,    0,    0,    0,    0,    0,    0,    0,   -9,  -13,    0,   -9,  -13,   -4,    0,    0,    0,    0,    0,    0,    0,    0,    0,    0,    0,
       0,    0,    0,    0,    0,    0,    0,    0,    0,    0,    0,    0,    0,    0,    0,    0,    0,    0,    0,    0,    0,    0,    0,    0,    0,    0,  -18,    0,    0,   -6,    0,    0,    0,    0,  -19,    0,  -24,   -9,  -23,  -28,    0,    0,    0,    0,    0,    0,    0,    0,    0,    0,    0,    0,    0,    0,    0,    0,    0,    0,    0,   -5,    0,   -5,    0,   -5,   -5,    0,    0,    0,    0,    0,    0,    0,    0,    0,    0,    0,  -18,  -18,  -20,    0,    0,  -28,    0,    0,    0,    0,    0,    0,    0,    0,    0,    0,    0,    0,    0,    0,    0,    0,    0,    0,    0,    0,    0,   -5,    0,    0,    0,    0,    0,    0,    0,    0,    0,    0,    0,    0,    0,    0,    0,    0,    0,    0,    0,    0,  -19,   -5,  -19,   -9,    0,    0,    0,    0,    0,  -18,    0,    0,    0,    0,    0,    0,    0,    0,    0,    0,    0,    0,    0,    0,    0,    0,    0,    0,    0,    0,    0,    0,    0,    0,    0,    0,    0,    0,    0,    0,    0,    0,    0,    0,    0,    0,    0,    0,    0,    0,    0,    0,    0,    0,    0,    0,    0,    0,    0,    0,    0,    0,    0,    0,    0,    0,    0,    0,    0,    0,    0,    0,    0,    0,    0,    0,    0,    0,    0,    0,    0,    0,    0,    0,  -28,   -5,    0,    0,    0,    0,    0,    0,    0,    0,    0,    0,    0,    0,    0,    0,    0,    0,    0,
       0,    0,    0,    0,    0,    0,    0,    0,    0,    0,    0,    0,    0,    0,    0,    0,    0,    0,    0,    0,    0,    0,    0,    0,    0,    0,    0,    0,    0,    0,    0,    0,    0,    0,    0,    0,    0,    0,    0,    0,    0,    0,    0,    0,    0,    0,    0,    0,    0,    0,    0,    0,    0,    0,    0,    0,    0,    0,    0,    0,    0,    0,    0,    0,    0,    0,    0,    0,    0,    0,    0,   -1,    0,    0,    0,    0,    0,    0,    0,    0,    0,    0,    0,    0,    0,    0,    0,    0,    0,    0,    0,    0,    0,    0,    0,    0,    0,    0,    0,    0,    0,    0,    0,    0,    0,    0,    0,    0,    0,    0,    0,    0,    0,    0,    0,    0,    0,    0,    0,    0,    0,    0,    0,    0,    0,    0,    0,    0,    0,    0,    0,    0,    0,    0,    0,    0,    0,    0,    0,    0,    0,    0,    0,    0,    0,    0,    0,    0,    0,    0,    0,    0,    0,    0,    0,    0,    0,    0,    0,    0,    0,    0,    0,    0,    0,    0,    0,    0,    0,    0,    0,    0,    0,    0,    0,    0,    0,    0,    0,    0,    0,    0,    0,    0,    0,    0,    0,    0,    0,    0,    0,    0,    0,    0,    0,    0,    0,    0,    0,    0,    0,    0,    0,    0,    0,    0,    0,    0,    0,    0,    0,    0,    0,    0,    0,    0,    0,    0,    0,   -1,    0,   -1,   -8,    0,    0,    0,    0,
       0,    0,    0,    0,    0,    0,    0,  -22,    0,  -22,    0,    0,    0,    0,    0,    0,    0,    0,    0,    0,    0,    0,    0,    0,   -2,    0,  -11,    0,    0,    0,    0,    0,    0,    0,  -26,    0,  -26,  -17,  -11,  -33,    0,    0,    0,    0,    0,    0,    0,    0,    0,    0,    0,    0,    0,    0,    0,    0,    0,    0,    0,   -2,    0,   -9,   -6,  -12,   -9,    0,    0,    0,    0,    0,    0,    0,    0,    0,    0,    0,  -11,  -11,    0,    0,    0,  -33,    0,    0,    0,    0,    0,    0,    0,    0,    0,    0,    0,    0,    0,    0,    0,    0,    0,    0,    0,    0,    0,   -9,    0,    0,    0,    0,    0,    0,    0,    0,    0,    0,    0,    0,    0,    0,    0,    0,    0,    0,    0,    0,  -26,   -2,  -26,  -17,   -6,    0,    0,    0,    0,  -11,    0,    0,    0,    0,    0,    0,    0,    0,    0,    0,    0,    0,    0,    0,    0,    0,    0,    0,    0,    0,    0,    0,    0,    0,    0,    0,    0,    0,    0,    0,    0,    0,    0,    0,    0,    0,    0,    0,    0,    0,    0,    0,    0,    0,    0,    0,    0,    0,    0,    0,    0,    0,    0,    0,    0,    0,    0,    0,    0,    0,    0,    0,    0,    0,    0,    0,    0,    0,    0,    0,    0,    0,    0,    0,  -33,   -9,    0,    0,    0,    0,    0,  -22,    0,    0,    0,    0,    0,    0,    0,    0,    0,    0,    0,
       0,    0,    0,    0,    0,    0,    0,    0,    0,    0,    0,    0,    0,    0,    0,    0,    0,    0,    0,    0,    0,    0,    0,    0,    0,    0,    0,    0,  -28,   -7,    0,    0,  -28,    0,  -38,  -35,  -47,  -38,    0,  -52,    0,    0,    0,  -10,  -16,  -20,  -20,  -20,    0,    0,    0,    0,    0,    0,    0,  -20,    0,    0,   -9,  -28,  -23,  -39,  -33,    0,  -16,    0,    0,    0,    0,    0,    0,    0,    0,    0,    0,    0,    0,    0,    0,    0,  -35,  -52,  -10,  -10,  -10,  -10,  -10,  -10,  -20,  -20,  -20,    0,    0,    0,    0,  -20,    0,  -20,  -20,  -20,  -20,  -23,  -23,  -39,    0,  -10,  -10,  -10,  -20,  -20,  -20,    0,    0,    0,    0,    0,    0,    0,    0,    0,   -9,   -9,   -9,   -9,  -38,  -28,  -38,  -38,  -33,    0,    0,  -20,  -20,    0,  -10,    0,  -23,  -10,  -10,  -10,  -20,    0,    0,  -20,    0,    0,    0,    0,    0,    0,    0,    0,    0,    0,    0,    0,    0,    0,    0,    0,    0,    0,    0,    0,    0,    0,    0,    0,    0,    0,    0,    0,    0,    0,    0,    0,    0,    0,    0,    0,    0,    0,    0,    0,    0,    0,    0,    0,    0,    0,    0,    0,    0,    0,    0,    0,    0,    0,    0,    0,    0,    0,    0,  -10,  -10,  -10,  -20,    0,  -52,  -39,  -25,  -36,    0,  -25,  -36,    0,    0,    0,    0,    0,    0,    0,    0,    0,    0,    0,    0,
       0,  -13,    0,   -1,   42,    0,    0,  -11,    0,  -16,   -7,    0,    0,    0,    0,    0,    0,    0,    0,    0,    0,    0,    0,    0,   -6,    0,  -36,    0,    0,   -9,  -11,    0,    0,   -1,  -10,   -2,  -16,  -12,  -16,  -22,   -9,  -17,   12,    0,    0,    0,    0,    0,    0,    0,   -2,    0,    1,    0,    0,    0,    0,    0,    0,    0,    0,   -2,    0,    0,   -4,   -2,    0,    0,    0,    0,    0,    0,    0,    0,    0,    0,  -36,  -36,  -44,    0,   -2,  -22,    0,    0,    0,    0,    0,    0,    0,    0,    0,    0,    0,    0,    0,    0,    0,    0,    0,    0,    0,    0,    0,   -2,   -4,    0,    0,    0,    0,    0,    0,    0,    0,    0,    0,    0,    0,    1,   -2,    0,    0,    0,    0,    0,  -10,    0,  -10,  -12,    0,   -2,   -2,    0,    0,  -36,    0,    0,    0,    0,    0,    0,    0,    0,    0,    0,    0,    0,    0,    0,    0,    0,    0,    0,    0,    0,    0,    0,    0,    0,    0,    0,    0,    0,    0,    0,    0,    0,    0,    0,    0,    0,    0,    0,    0,    0,    0,    0,    0,    0,    0,    0,    0,    0,    0,    0,    0,    0,    0,    0,    0,    0,    0,    0,    0,    0,    0,    0,    0,    0,    0,    0,    0,    0,    0,    0,    0,    0,    0,    0,  -22,   -2,   -5,   -9,   29,   -5,   -9,  -11,    0,    0,    0,    0,    0,    0,    0,    0,    0,    0,    0,
       0,    0,    0,    0,    0,    0,    0,    0,    0,    0,    0,    0,   -6,  -29,  -32,  -18,  -21,    0,  -30,    0,   -9,    0,    0,    0,    0,    0,    0,    0,    0,    0,    0,    0,    0,    0,    0,    0,    0,    0,    0,    0,    0,    0,    0,    0,    0,    0,    0,    0,    0,    0,    0,    0,    0,    0,    0,    0,    0,    0,    0,    0,    0,    0,    0,    0,    0,    0,    0,    0,    0,    0,    0,    0,    0,    0,    0,    0,    0,    0,    0,    0,    0,    0,    0,    0,    0,    0,    0,    0,    0,    0,    0,    0,    0,    0,    0,    0,    0,    0,    0,    0,    0,    0,    0,    0,    0,    0,    0,    0,    0,    0,    0,    0,    0,    0,    0,    0,    0,    0,    0,    0,    0,    0,    0,    0,    0,    0,    0,    0,    0,    0,    0,    0,    0,    0,    0,    0,    0,    0,    0,    0,    0,    0,    0,    0,    0,    0,    0,    0,    0,    0,    0,    0,    0,    0,    0,    0,    0,    0,    0,    0,    0,    0,    0,    0,    0,    0,    0,    0,    0,    0,    0,    0,    0,    0,    0,    0,    0,    0,    0,    0,    0,    0,    0,    0,    0,    0,    0,    0,    0,    0,    0,    0,    0,    0,    0,    0,    0,    0,    0,    0,    0,    0,    0,    0,    0,    0,    0,    0,    0,    0,    0,    0,    0,    0,    0,    0,    0,    0,    0,    0,    0,    0,    0,    0,    0,    0,    0,
       0,    0,    0,  -10,    0,    0,    0,  -13,    0,  -13,  -19,    0,    0,    0,    0,    0,    0,    0,    0,    0,    0,    0,    0,    0,   -1,  -20,  -32,    0,   -4,  -21,  -11,    0,   -4,   -4,    0,    0,    0,    0,    0,    0,   -5,    0,    0,  -13,    0,  -14,  -14,  -14,  -11,  -13,    0,   -2,    6,  -12,  -12,  -14,  -12,  -12,  -16,  -13,  -11,  -16,  -14,  -13,  -16,  -13,    0,    0,    0,    0,    0,    0,    0,    0,    0,    0,  -32,  -32,  -32,    0,    0,    0,  -13,  -13,  -13,  -13,  -13,  -13,  -14,  -14,  -14,   -2,   -2,    2,    5,  -14,  -12,  -14,  -14,  -14,  -14,  -11,  -11,  -16,    0,  -13,  -13,  -13,  -14,  -14,  -14,  -13,  -13,    2,   -2,   -2,  -12,    6,    0,  -12,  -16,  -16,  -16,  -16,    0,  -13,    0,    0,  -14,  -13,  -13,  -14,  -14,  -32,  -13,   -2,  -11,  -13,  -13,  -13,  -14,   -2,    2,  -14,  -12,    0,    0,    0,    0,    0,    0,    0,    0,    0,    0,    0,    0,    0,    0,    0,    0,    0,    0,    0,    0,    0,    0,    0,    0,    0,    0,    0,    0,    0,    0,    0,    0,    0,    0,    0,    0,    0,    0,    0,    0,    0,    0,    0,    0,    0,    0,    0,    0,    0,    0,    0,    0,    0,    0,    0,    0,    0,    0,  -13,  -13,  -13,  -14,   -2,    0,  -16,    0,    0,    0,    0,    0,  -13,    0,    0,    0,    0,    0,    0,    0,    0,    0,    0,    0,
       0,    0,    0,  -24,    0,    0,    0,  -43,  -35,  -43,  -45,    0,    0,    0,    0,    0,    0,    0,    0,    0,    0,  -18,  -18,    0,    0,  -48,  -55,    0,  -25,  -50,   -6,    0,  -25,  -12,    0,    0,    0,    0,    0,    0,    0,    0,    0,  -45,    0,  -48,  -48,  -48,  -19,  -45,    0,   -5,   -2,  -32,  -32,  -48,  -32,  -32,  -39,  -18,  -32,  -27,  -20,  -29,  -27,  -33,    0,  -35,  -35,    0,    0,    0,  -28,    0,  -17,    0,  -55,  -55,  -26,    0,    0,    0,  -90,  -45,  -73,  -71,  -57,  -86,  -48,  -90,  -73,   -3,   -5,   15,   33,  -48,  -32,  -91,  -87,  -78,  -48,  -32,  -61,  -27,    0,  -80,  -82,  -45,  -48,  -48,  -48,  -45,  -45,   17,   15,    7,  -32,   19,    0,  -32,  -39,  -63,  -39,  -74,    0,  -18,    0,    0,  -20,  -33,  -33,  -48,  -48,  -55,  -45,   -9,  -32,  -45,  -72,  -83,  -75,   25,   12,  -77,  -43,    0,    0,    0,    0,    0,    0,    0,    0,    0,    0,    0,    0,    0,    0,    0,    0,    0,    0,    0,    0,    0,    0,    0,    0,    0,    0,    0,    0,    0,    0,    0,    0,    0,    0,    0,    0,    0,    0,    0,    0,    0,    0,    0,    0,    0,    0,    0,    0,    0,    0,    0,    0,    0,    0,    0,    0,    0,    0,  -82,  -84,  -90,  -91,    1,    0,  -27,    0,    0,    0,    0,    0,  -43,  -35,  -17,    0,    0,    0,    0,    0,    0,    0,    0,    0,
       0,    0,    0,    0,    0,    0,    0,    0,    0,    0,    0,    0,    0,    0,    0,    0,    0,    0,    0,    0,    0,    0,    0,    0,    0,    0,  -13,    0,   14,  -10,    0,    0,   14,    0,    0,    0,   -6,  -10,  -21,  -52,  -17,   -1,    0,    0,    0,    0,    0,    0,    0,    0,    0,    0,    0,    0,    0,    0,    0,    0,    0,    0,    0,    0,    0,    1,    0,    1,    0,    0,    0,    0,    0,    0,    0,    0,    0,    0,  -13,  -13,  -12,    0,    0,  -54,    0,    0,    0,    0,    0,    0,    0,    0,    0,    0,    0,    0,    0,    0,    0,    0,    0,    0,    0,    0,    0,    0,    0,    0,    0,    0,    0,    0,    0,    0,    0,    0,    0,    0,    0,    0,    0,    0,    0,    0,    0,    0,    0,    0,    0,  -10,    0,    1,    1,    0,    0,  -13,    0,    0,    0,    0,    0,    0,    0,    0,    0,    0,    0,    0,    0,    0,    0,    0,    0,    0,    0,    0,    0,    0,    0,    0,    0,    0,    0,    0,    0,    0,    0,    0,    0,    0,    0,    0,    0,    0,    0,    0,    0,    0,    0,    0,    0,    0,    0,    0,    0,    0,    0,    0,    0,    0,    0,    0,    0,    0,    0,    0,    0,    0,    0,    0,    0,    0,    0,    0,    0,    0,    0,    0,    0,    0,  -54,    0,    0,   -8,    0,    0,   -8,    0,    0,    0,    0,    0,    0,    0,    0,    0,    0,    0,    0,
       0,    0,    0,    0,    0,    0,    0,    0,    0,    0,    0,    0,    0,    0,    0,    0,    0,    0,    0,    0,    0,    0,    0,    0,    0,    0,    0,    0,    0,    0,    0,    0,    0,    0,    0,    0,    0,    0,    0,    0,    0,    0,    0,    0,   -2,    0,    0,    0,    0,   -2,    0,    0,   -6,   -2,   -2,    0,   -2,   -2,    0,  -11,   -9,  -30,  -20,   -5,  -30,   -5,    0,    0,    0,    0,    0,    0,    0,    0,    0,    0,    0,    0,    0,    0,    0,    0,    0,    0,    0,    0,    0,    0,    0,    0,    0,    0,    0,    0,    0,    0,   -2,    0,    0,    0,    0,   -5,   -5,  -30,    0,    0,    0,    0,    0,    0,    0,   -2,   -2,    0,    0,    0,   -2,   -6,    0,   -2,    0,    0,    0,    0,    0,   -8,    0,    0,  -20,   -2,   -2,    0,    0,    0,    0,    0,   -5,    0,    0,    0,    0,    0,    0,    0,   -2,    0,    0,    0,    0,    0,    0,    0,    0,    0,    0,    0,    0,    0,    0,    0,    0,    0,    0,    0,    0,    0,    0,    0,    0,    0,    0,    0,    0,    0,    0,    0,    0,    0,    0,    0,    0,    0,    0,    0,    0,    0,    0,    0,    0,    0,    0,    0,    0,    0,    0,    0,    0,    0,    0,    0,    0,    0,    0,    0,    0,    0,    0,    0,    0,  -30,    0,    0,    0,    0,    0,    0,    0,    0,    0,    0,    0,    0,    0,    0,    0,    0,    0,
       0,  -21,    0,    0,    0,  -34,    0,    0,    0,    0,    0,    0,    0,    0,    0,    0,    0,    0,    0,    0,    0,    0,    0,    0,  -22,   -2,    0,    0,    0,    0,    0,    0,    0,    0,  -17,    0,    0,    0,    0,    0,    0,  -42,    0,    0,  -10,   -3,   -3,   -3,    0,    0,    0,    0,   -5,   -3,   -3,   -3,   -6,   -3,   -2,  -13,  -10,  -42,  -42,    0,  -44,    0,    0,    0,    0,    0,    0,    0,    0,    0,    0,    0,    0,    0,    0,    0,    0,    0,    0,    0,    0,    0,    0,    0,   -3,   -3,   -3,    0,    0,    0,    0,   -3,   -3,   -3,   -3,   -3,   -3,  -10,  -10,  -44,    0,    0,    0,    0,   -3,   -3,   -3,    0,    0,    0,    0,    0,   -3,   -5,    0,   -3,   -2,   -2,   -2,   -2,  -17,  -13,  -17,    0,  -42,    0,    0,   -3,   -3,    0,    0,    0,  -10,    0,    0,    0,   -3,    0,    0,   -3,   -3,    0,    0,    0,    0,    0,    0,    0,    0,    0,    0,    0,    0,    0,    0,    0,    0,    0,    0,    0,    0,    0,    0,    0,    0,    0,    0,    0,    0,    0,    0,    0,    0,    0,    0,    0,    0,    0,    0,    0,    0,    0,    0,    0,    0,    0,    0,    0,    0,    0,    0,    0,    0,    0,    0,    0,    0,    0,    0,    0,    0,    0,   -3,    0,    0,  -44,  -37,  -24,    0,  -37,  -24,    0,    0,    0,    0,    0,    0,    0,    0,    0,    0,    0,    0,
       0,  -21,    0,    0,    0,  -34,    0,    0,    0,    0,    0,    0,    0,    0,    0,    0,    0,    0,    0,    0,    0,    0,    0,    0,  -22,   -2,    0,    0,    0,    0,    0,    0,    0,    0,  -17,    0,    0,    0,    0,    0,    0,  -42,    0,    0,  -10,   -3,   -3,   -3,    0,    0,    0,    0,   -5,   -3,   -3,   -3,   -6,   -3,   -2,  -13,  -10,  -41,  -42,    0,  -44,    0,    0,    0,    0,    0,    0,    0,    0,    0,    0,    0,    0,    0,    0,    0,    0,    0,    0,    0,    0,    0,    0,    0,   -3,   -3,   -3,    0,    0,    0,    0,   -3,   -3,   -3,   -3,   -3,   -3,  -10,  -10,  -44,    0,    0,    0,    0,   -3,   -3,   -3,    0,    0,    0,    0,    0,   -3,   -5,    0,   -3,   -2,   -2,   -2,   -2,  -17,  -13,  -17,    0,  -42,    0,    0,   -3,   -3,    0,    0,    0,  -10,    0,    0,    0,   -3,    0,    0,   -3,   -3,    0,    0,    0,    0,    0,    0,    0,    0,    0,    0,    0,    0,    0,    0,    0,    0,    0,    0,    0,    0,    0,    0,    0,    0,    0,    0,    0,    0,    0,    0,    0,    0,    0,    0,    0,    0,    0,    0,    0,    0,    0,    0,    0,    0,    0,    0,    0,    0,    0,    0,    0,    0,    0,    0,    0,    0,    0,    0,    0,    0,    0,   -3,    0,    0,  -44,  -37,  -24,    0,  -37,  -24,    0,    0,    0,    0,    0,    0,    0,    0,    0,    0,    0,    0,
      -6,  -19,    0,    0,    0,  -23,    0,   -2,    0,   -2,   -3,    0,    0,    0,    0,    0,    0,    0,    0,    0,    0,    0,    0,    0,  -16,   -2,    0,    0,    0,    0,    0,    0,    0,    0,  -23,    0,    0,    0,    0,    0,    0,  -35,    0,    0,   -9,    0,    0,    0,    0,    0,   -3,    0,    0,   -5,   -5,    0,   -9,   -5,   -3,   -6,   -5,  -17,   -7,   -5,  -17,   -5,    0,    0,    0,    0,    0,    0,    0,    0,    0,    0,    0,    0,    0,    0,    0,    0,    0,    0,    0,    0,    0,    0,    0,    0,    0,    0,    0,    0,    0,    0,   -5,    0,    0,    0,    0,   -5,   -5,  -17,   -3,    0,    0,    0,    0,    0,    0,    0,    0,    0,    0,    0,   -5,    0,   -3,   -5,   -3,   -3,   -3,   -3,  -23,   -6,  -23,    0,   -7,   -5,   -5,    0,    0,    0,    0,    0,   -5,    0,    0,    0,    0,    0,    0,    0,   -5,    0,    0,    0,    0,    0,    0,    0,    0,    0,    0,    0,    0,    0,    0,    0,    0,    0,    0,    0,    0,    0,    0,    0,    0,    0,    0,    0,    0,    0,    0,    0,    0,    0,    0,    0,    0,    0,    0,    0,    0,    0,    0,    0,    0,    0,    0,    0,    0,    0,    0,    0,    0,    0,    0,    0,    0,    0,    0,    0,    0,    0,    0,    0,    0,   -9,  -16,  -22,    0,  -16,  -22,   -2,    0,    0,    0,    0,    0,    0,    0,    0,    0,    0,    0,
      -3,  -16,    0,    0,    0,  -16,    0,    0,    0,    0,    0,    0,    0,    0,    0,    0,    0,    0,    0,    0,    0,    0,    0,    0,  -12,    0,    0,    0,    0,    0,    0,    0,    0,    0,  -23,   -7,   -9,   -9,    0,  -13,    0,  -30,    0,    0,   -7,   -2,   -2,   -2,    0,   -1,    0,    0,    0,    0,    0,   -2,    0,    0,    0,  -11,   -5,  -13,  -11,    0,  -13,    0,    0,    0,    0,    0,    0,    0,    0,    0,    0,    0,    0,    0,    0,    0,   -7,  -13,    0,    0,    0,    0,    0,    0,   -2,   -2,   -2,    0,    0,    0,    0,   -2,    0,   -2,   -2,   -2,   -2,   -5,   -5,  -13,    0,    0,    0,    0,   -2,   -2,   -2,   -1,   -1,    0,    0,    0,    0,    0,    0,    0,    0,    0,    0,    0,  -23,  -11,  -23,   -9,  -11,    0,    0,   -2,   -2,    0,    0,    0,   -5,    0,    0,    0,   -2,    0,    0,   -2,    0,    0,    0,    0,    0,    0,    0,    0,    0,    0,    0,    0,    0,    0,    0,    0,    0,    0,    0,    0,    0,    0,    0,    0,    0,    0,    0,    0,    0,    0,    0,    0,    0,    0,    0,    0,    0,    0,    0,    0,    0,    0,    0,    0,    0,    0,    0,    0,    0,    0,    0,    0,    0,    0,    0,    0,    0,    0,    0,    0,    0,    0,   -2,    0,  -13,  -13,  -20,  -26,    0,  -20,  -26,    0,    0,    0,    0,    0,    0,    0,    0,    0,    0,    0,    0,
       0,   -5,    0,    0,    0,    0,    0,  -13,    0,  -13,   -2,    0,    0,    0,    0,    0,    0,    0,    0,    0,    0,    0,    0,    0,    0,   -9,  -18,    0,    0,  -10,  -11,    0,    0,   -2,  -11,   -5,  -17,  -13,  -18,  -24,  -11,  -21,    0,   -2,    0,    0,    0,    0,   -2,    0,    0,    0,    0,    0,    0,    0,    0,    0,   -1,    0,    0,   -2,    0,   -2,   -2,   -2,    0,    0,    0,    0,    0,    0,    0,    0,    0,    0,  -18,  -40,  -50,    0,   -5,  -24,   -2,   -2,   -2,   -2,   -2,   -2,    0,    0,    0,    0,    0,    0,    0,    0,    0,    0,    0,    0,    0,    0,    0,   -2,    0,   -2,   -2,   -2,    0,    0,    0,    0,    0,    0,    0,    0,    0,    0,    0,    0,   -1,   -1,   -1,   -1,  -11,    0,  -11,  -13,    0,   -2,   -2,    0,    0,  -18,   -2,    0,    0,   -2,   -2,   -2,    0,    0,    0,    0,    0,    0,    0,    0,    0,    0,    0,    0,    0,    0,    0,    0,    0,    0,    0,    0,    0,    0,    0,    0,    0,    0,    0,    0,    0,    0,    0,    0,    0,    0,    0,    0,    0,    0,    0,    0,    0,    0,    0,    0,    0,    0,    0,    0,    0,    0,    0,    0,    0,    0,    0,    0,    0,    0,    0,    0,    0,    0,    0,   -2,   -2,   -2,    0,    0,  -24,   -2,   -2,   -8,    0,   -2,   -8,  -13,    0,    0,    0,    0,    0,    0,    0,    0,    0,    0,    0,
      -6,   -5,    0,    0,    0,   -1,  -13, -112, -101, -101,  -46,    0,    0,    0,    0,    0,    0,    0,    0,    0,    0,  -65,  -65,  -13,   -7,   -5,    0,    0,    0,    0,    0,    0,    0,    0,    0,    0,    0,    0,    0,    0,    0,    0,    0,  -41,    0,  -48,  -96,  -48,    0,  -85,    0,    0,   -6,  -71,  -67,  -48,  -66,  -66,  -41,  -40,  -61,  -58,  -26,  -12,  -58,  -67,    0,  -89, -112,    0,    0,    0,  -13,    0,  -56,    0,    0,    0,    0,    0,    0,    0,  -84,  -84,  -84,  -82,  -84,  -82,  -96,  -96,  -96,    0,    0,    0,    0,  -96,  -73,  -96,  -96,  -96,  -96,  -65,  -65,  -57,    0,  -82,  -84,  -82,  -95,  -96,  -96,  -84,  -84,    0,    0,    0,  -71,   -6,    0,  -71,  -41,  -82,  -83,  -82,    0,  -40,    0,    0,  -38,  -67,  -67, -103,  -48,    0,  -41,    0,  -64,  -84,  -41,  -41,  -48,    0,    0,  -48,  -71,    0,    0,    0,    0,    0,    0,    0,    0,    0,    0,    0,    0,    0,    0,    0,    0,    0,    0,    0,    0,    0,    0,    0,    0,    0,    0,    0,    0,    0,    0,    0,    0,    0,    0,    0,    0,    0,    0,    0,    0,    0,    0,    0,    0,    0,    0,    0,    0,    0,    0,    0,    0,    0,    0,    0,    0,    0,    0,  -41,  -41,  -41,  -48,    0,    0,  -57,  -13,  -22,    0,  -13,  -17, -103,  -89,  -52,    0,    0,    0,    0,    0,    0,    0,    0,    0,
       0,  -74,    0,    0,    0,  -45,    0,    0,    0,    0,    0,    0,    0,    0,    0,    0,    0,    0,    0,    0,    0,    0,    0,    0,  -16,    0,    0,    0,   -3,   -2,   -7,    0,   -3,   -2,  -63,  -20,  -51,  -38,    0,  -53,   -6,  -40,    0,    0,   -4,    0,    0,    0,    0,    0,   -4,    0,    0,    0,    0,    0,   -1,    0,    0,  -11,   -9,  -29,  -23,    0,  -29,    0,    0,    0,    0,    0,    0,    0,   -4,    0,    0,    0,    0,    0,    0,    0,  -20,  -53,    0,    0,    0,    0,    0,    0,    0,    0,    0,    0,    0,    0,    0,    0,    0,    0,    0,    0,    0,   -9,   -9,  -29,   -8,    0,    0,    0,    0,    0,    0,    0,    0,    0,    0,    0,    0,    0,   -4,    0,    0,    0,    0,    0,  -63,  -11,  -63,  -39,  -23,    0,    0,    0,    0,    0,    0,    0,   -9,    0,    0,    0,    0,    0,    0,    0,    0,    0,    0,    0,    0,    0,    0,    0,    0,    0,    0,    0,    0,    0,    0,    0,    0,    0,    0,    0,    0,    0,    0,    0,    0,    0,    0,    0,    0,    0,    0,    0,    0,    0,    0,    0,    0,    0,    0,    0,    0,    0,    0,    0,    0,    0,    0,    0,    0,    0,    0,    0,    0,    0,    0,    0,    0,    0,    0,    0,    0,    0,    0,    0,  -53,  -29,  -69,  -64,    0,  -69,  -64,    0,    0,    0,    0,    0,    0,    0,    0,    0,    0,    0,    0,
      -6,   -5,    0,    0,    0,   -1,  -11, -109,  -99,  -99,  -46,    0,    0,    0,    0,    0,    0,    0,    0,    0,    0,  -64,  -64,  -11,   -7,   -5,    0,    0,    0,    0,    0,    0,    0,    0,    0,    0,    0,    0,    0,    0,    0,    0,    0,  -77,    0,  -90,  -91,  -91,    0,  -80,    0,    0,   -6,  -64,  -65,  -91,  -65,  -65,  -83,  -40,  -62,  -57,  -23,   -6,  -54,  -67,    0,  -92, -109,    0,    0,    0,  -11,    0,  -51,    0,    0,    0,    0,    0,    0,    0,  -85,  -85,  -85,  -85,  -85,  -85, -101, -101, -101,    0,    0,    0,    0, -101,  -71, -101, -101, -101, -101,  -64,  -64,  -57,    0,  -85,  -85,  -85, -101, -101, -101,  -90,  -90,    0,    0,    0,  -71,   -6,    0,  -71,  -88,  -88,  -88,  -88,    0,  -40,    0,    0,  -37,  -66,  -66, -101, -101,    0,  -85,    0,  -64,  -85,  -85,  -85, -101,    0,    0, -101,  -71,    0,    0,    0,    0,    0,    0,    0,    0,    0,    0,    0,    0,    0,    0,    0,    0,    0,    0,    0,    0,    0,    0,    0,    0,    0,    0,    0,    0,    0,    0,    0,    0,    0,    0,    0,    0,    0,    0,    0,    0,    0,    0,    0,    0,    0,    0,    0,    0,    0,    0,    0,    0,    0,    0,    0,    0,    0,    0,  -85,  -85,  -85, -101,    0,    0,  -57,  -13,  -21,    0,  -13,  -16, -109,  -87,  -48,    0,    0,    0,    0,    0,    0,    0,    0,    0,
       0,   -5,    0,    0,    0,   -1,    0,    0,    0,    0,    0,    0,    0,    0,    0,    0,    0,    0,    0,    0,    0,    0,    0,    0,  -16,   -5,    0,    0,    0,    0,    0,    0,    0,    0,    0,    0,    0,    0,    0,    0,    0,    0,    0,    0,    0,   -5,   -5,   -5,    0,   -1,    0,    0,   -6,   -1,   -1,   -4,   -3,   -1,    0,   -7,   -7,  -20,  -15,    1,  -20,    0,    0,    0,    0,    0,    0,    0,    0,    0,    0,    0,    0,    0,    0,    0,    0,    0,    0,    0,    0,    0,    0,    0,   -5,   -5,   -5,    0,    0,    0,    0,   -5,   -1,   -5,   -5,   -5,   -5,   -7,   -7,  -20,    0,    0,    0,    0,   -5,   -5,   -5,   -1,   -1,    0,    0,    0,   -1,   -6,    0,   -1,    0,    0,    0,    0,    0,   -7,    0,    0,  -15,    0,    0,   -5,   -5,    0,    0,    0,   -7,    0,    0,    0,   -5,    0,    0,   -5,   -1,    0,    0,    0,    0,    0,    0,    0,    0,    0,    0,    0,    0,    0,    0,    0,    0,    0,    0,    0,    0,    0,    0,    0,    0,    0,    0,    0,    0,    0,    0,    0,    0,    0,    0,    0,    0,    0,    0,    0,    0,    0,    0,    0,    0,    0,    0,    0,    0,    0,    0,    0,    0,    0,    0,    0,    0,    0,    0,    0,    0,    0,   -5,    0,    0,  -20,    0,  -15,    0,    0,  -15,    0,    0,    0,    0,    0,    0,    0,    0,    0,    0,    0,    0,
       0,    0,    0,  -19,    0,    0,    0,  -37,  -30,  -37,  -31,    0,    0,    0,    0,    0,    0,    0,    0,    0,    0,   -4,   -4,    0,    0,  -32,  -45,    0,   -2,  -47,   -8,    0,   -2,   -4,    0,    0,    0,    0,    0,    0,   -2,    0,    0,  -23,    0,  -28,  -28,  -28,   -4,  -23,   -2,   -2,    2,   -6,   -6,  -28,   -6,   -6,  -18,   -4,   -5,   -2,    0,    0,   -2,   -8,    0,  -26,  -30,    0,    0,    0,  -19,    0,   -1,    0,  -45,  -45,  -42,    0,    0,    0,  -23,  -23,  -23,  -23,  -39,  -23,  -28,  -28,  -28,   -2,   -2,   12,   19,  -28,   -6,  -28,  -28,  -28,  -28,   -5,   -5,   -2,   -2,  -23,  -23,  -23,  -28,  -28,  -28,  -23,  -23,    6,    1,   -2,   -6,   13,   -2,   -6,  -18,  -18,  -18,  -18,    0,   -4,    0,    0,    0,   -8,   -8,  -28,  -28,  -45,  -23,   -2,   -5,  -23,  -23,  -23,  -28,   21,    6,  -28,   -6,    0,    0,    0,    0,    0,    0,    0,    0,    0,    0,    0,    0,    0,    0,    0,    0,    0,    0,    0,    0,    0,    0,    0,    0,    0,    0,    0,    0,    0,    0,    0,    0,    0,    0,    0,    0,    0,    0,    0,    0,    0,    0,    0,    0,    0,    0,    0,    0,    0,    0,    0,    0,    0,    0,    0,    0,    0,    0,  -23,  -23,  -23,  -28,   -2,    0,   -2,    0,    0,    0,    0,    0,  -37,  -26,   -1,    0,    0,    0,    0,    0,    0,    0,    0,    0,
       0,   -2,    0,    0,    0,    0,   -4,   -5,  -14,   -5,   -9,    0,    0,    0,    0,    0,    0,    0,    0,    0,    0,  -13,  -13,   -4,  -12,   -5,    0,    0,    0,    0,    0,    0,    0,    0,    0,    0,    0,    0,    0,    0,    0,   11,    0,   -3,    4,   -4,   -8,   -8,    0,   -5,    0,    0,    0,  -13,  -13,   -8,  -13,  -13,  -13,  -17,   -6,   -5,  -11,   -2,   -9,   -3,    0,  -28,  -14,    0,    0,    0,   -4,    0,    0,    0,    0,    0,    0,    0,    0,    0,   -6,   -6,   -6,   -6,   -6,   -6,   -8,   -8,   -8,    0,    0,    0,    0,  -13,  -13,   -8,   -8,   -8,   -9,  -13,  -13,   -9,    0,   -6,   -6,   -6,   -8,   -8,   -8,   -5,   -5,    0,    0,    0,  -13,    0,    0,  -13,  -13,  -13,  -13,  -13,    0,  -17,    0,    0,  -11,   -3,   -3,  -13,   -4,    0,   -3,    0,   -6,   -9,   -3,   -3,   -4,    0,    0,   -4,  -13,    0,    0,    0,    0,    0,    0,    0,    0,    0,    0,    0,    0,    0,    0,    0,    0,    0,    0,    0,    0,    0,    0,    0,    0,    0,    0,    0,    0,    0,    0,    0,    0,    0,    0,    0,    0,    0,    0,    0,    0,    0,    0,    0,    0,    0,    0,    0,    0,    0,    0,    0,    0,    0,    0,    0,    0,    0,    0,   -3,   -3,   -3,   -4,    0,    0,   -5,    0,    3,    0,    0,    3,   -5,  -28,    0,    0,    0,    0,    0,    0,    0,    0,    0,    0,
       0,    0,    0,  -22,    0,    0,    0,  -32,  -17,  -32,  -39,    0,    0,    0,    0,    0,    0,    0,    0,    0,    0,  -10,  -10,    0,    0,  -44,  -50,    0,  -13,  -45,   -6,    0,  -13,   -8,    0,    0,    0,    0,    0,    0,    0,    0,    0,  -50,    2,  -37,  -37,  -37,  -13,  -35,    0,   -5,   15,  -20,  -20,  -37,  -20,  -20,  -32,  -13,  -18,  -19,  -16,  -16,  -19,  -21,    0,  -19,  -17,    0,    0,    0,   -9,    0,   -9,    0,  -50,  -50,  -48,    0,    0,    0,  -50,  -50,  -58,  -53,  -39,  -50,  -37,  -70,  -64,   -8,   -5,   16,   33,  -37,  -20,  -37,  -37,  -68,  -37,  -18,  -18,  -19,    0,  -50,  -56,  -50,  -37,  -37,  -37,  -35,  -35,   21,   13,    9,  -20,   39,    0,  -20,  -32,  -32,  -32,  -64,    0,  -13,    0,    0,  -16,  -21,  -21,  -37,  -37,  -50,  -50,   -7,  -18,  -50,  -42,  -50,  -60,   11,   10,  -61,  -32,    0,    0,    0,    0,    0,    0,    0,    0,    0,    0,    0,    0,    0,    0,    0,    0,    0,    0,    0,    0,    0,    0,    0,    0,    0,    0,    0,    0,    0,    0,    0,    0,    0,    0,    0,    0,    0,    0,    0,    0,    0,    0,    0,    0,    0,    0,    0,    0,    0,    0,    0,    0,    0,    0,    0,    0,    0,    0,  -50,  -50,  -50,  -37,    1,    0,  -19,    0,    0,    0,    0,    0,  -32,  -19,   -9,    0,    0,    0,    0,    0,    0,    0,    0,    0,
       0,    0,    0,  -19,    0,    0,    0,  -54,  -34,  -54,  -44,    0,    0,    0,    0,    0,    0,    0,    0,    0,    0,  -19,  -19,    0,    0,   -7,  -58,    0,  -20,  -43,   -8,    0,  -20,   -6,    0,    1,    7,    5,    8,    8,    0,    0,    0,  -31,    0,  -36,  -36,  -36,  -11,  -32,    0,    0,    0,  -17,  -17,  -36,  -17,  -17,  -34,  -16,  -15,  -14,  -12,  -11,  -14,  -20,    0,  -38,  -34,    0,    0,    0,    0,    0,  -14,    0,  -58,  -58,  -24,    0,    1,    8,  -31,  -31,  -31,  -31,  -31,  -31,  -36,  -36,  -36,    0,    0,    0,    0,  -36,  -17,  -36,  -36,  -36,  -36,  -15,  -15,  -14,    0,  -31,  -31,  -31,  -36,  -36,  -36,  -32,  -32,    0,    0,    0,  -17,    0,    0,  -17,  -34,  -34,  -34,  -34,    0,  -16,    0,    5,  -12,  -20,  -20,  -36,  -36,  -58,  -31,    0,  -15,  -31,  -31,  -31,  -36,    0,    0,  -36,  -17,    0,    0,    0,    0,    0,    0,    0,    0,    0,    0,    0,    0,    0,    0,    0,    0,    0,    0,    0,    0,    0,    0,    0,    0,    0,    0,    0,    0,    0,    0,    0,    0,    0,    0,    0,    0,    0,    0,    0,    0,    0,    0,    0,    0,    0,    0,    0,    0,    0,    0,    0,    0,    0,    0,    0,    0,    0,    0,  -31,  -31,  -31,  -36,    0,    8,  -14,    0,    0,    0,    0,    0,  -54,  -38,  -14,    0,    0,    0,    0,    0,    0,    0,    0,    0,
       0,    0,    0,   -6,    0,    0,    0,  -38,  -19,  -38,  -33,    0,    0,    0,    0,    0,    0,    0,    0,    0,    0,    0,    0,    0,    4,  -19,    0,    0,    0,    0,    0,    0,    0,    0,    0,    0,    0,    0,    0,    0,    0,    0,    0,  -12,    0,  -19,  -19,  -19,    0,    0,    0,    0,    0,   -2,   -2,  -19,   -4,   -2,  -14,    0,    0,    0,    0,    0,    0,   -3,    0,  -15,  -19,    0,    0,    0,    0,    0,    0,    0,    0,    0,    0,    0,    0,    0,  -12,  -12,  -12,  -12,  -12,  -12,  -19,  -19,  -19,    0,    0,    0,    0,  -19,   -2,  -19,  -19,  -19,  -19,    0,    0,    0,    0,  -12,  -12,  -12,  -19,  -19,  -19,    0,    0,    0,    0,    0,   -2,    0,    0,   -2,  -14,  -14,  -14,  -14,    0,    0,    0,    0,    0,   -3,   -3,  -19,  -19,    0,  -12,    0,    0,  -12,  -12,  -12,  -19,    0,    0,  -19,   -2,    0,    0,    0,    0,    0,    0,    0,    0,    0,    0,    0,    0,    0,    0,    0,    0,    0,    0,    0,    0,    0,    0,    0,    0,    0,    0,    0,    0,    0,    0,    0,    0,    0,    0,    0,    0,    0,    0,    0,    0,    0,    0,    0,    0,    0,    0,    0,    0,    0,    0,    0,    0,    0,    0,    0,    0,    0,    0,  -12,  -12,  -12,  -19,    0,    0,    0,    0,    0,    0,    0,    0,  -38,  -15,    0,    0,    0,    0,    0,    0,    0,    0,    0,    0,
       0,    0,    0,  -24,    0,    0,    0,  -73,  -43,  -73,  -34,    0,    0,    0,    0,    0,    0,    0,    0,    0,    0,    0,    0,    0,    0,  -53,  -67,    0,  -19,  -23,   -7,    0,  -19,  -10,    0,    0,   10,   11,    5,    4,   -3,    0,    0,  -50,    0,  -57,  -57,  -57,  -17,  -51,    0,   -8,   -1,  -27,  -27,  -57,  -27,  -27,  -48,  -19,  -21,  -17,  -13,  -17,  -17,  -27,    0,  -52,  -43,    0,    0,    0,    0,    0,  -19,    0,  -67,  -67,    0,    0,    0,    4,  -50,  -50,  -50,  -50,  -50,  -50,  -57,  -57,  -57,   -8,   -8,   -8,   -8,  -57,  -27,  -57,  -57,  -57,  -57,  -21,  -21,  -17,    0,  -50,  -50,  -50,  -57,  -57,  -57,  -51,  -51,   -8,   -8,   -8,  -27,   -1,    0,  -27,  -48,  -48,  -48,  -48,    0,  -19,    0,   11,  -13,  -27,  -27,  -57,  -57,  -67,  -50,   -8,  -21,  -50,  -50,  -50,  -57,   -8,   -8,  -57,  -27,    0,    0,    0,    0,    0,    0,    0,    0,    0,    0,    0,    0,    0,    0,    0,    0,    0,    0,    0,    0,    0,    0,    0,    0,    0,    0,    0,    0,    0,    0,    0,    0,    0,    0,    0,    0,    0,    0,    0,    0,    0,    0,    0,    0,    0,    0,    0,    0,    0,    0,    0,    0,    0,    0,    0,    0,    0,    0,  -50,  -50,  -50,  -57,   -8,    4,  -17,    0,    0,    0,    0,    0,  -73,  -52,  -19,    0,    0,    0,    0,    0,    0,    0,    0,    0,
       0,    0,    0,  -17,    0,    2,    0,  -46,  -19,  -46,  -30,    0,    0,    0,    0,    0,    0,    0,    0,    0,    0,   -4,   -4,    0,    0,  -31,    0,    0,    0,    0,    0,    0,    0,    0,    0,    0,    0,    0,    0,    0,    0,    0,    0,  -12,    0,  -21,  -21,  -21,    0,    0,    0,    0,    0,    0,    0,  -21,    0,    0,  -14,    0,    0,    1,    1,    0,    1,   -4,    0,  -28,  -19,    0,    0,    0,    0,    0,    0,    0,    0,    0,    0,    0,    0,    0,  -12,  -12,  -12,  -12,  -12,  -12,  -21,  -21,  -21,    0,    0,    0,    0,  -21,    0,  -21,  -21,  -21,  -21,    0,    0,    1,    0,  -12,  -12,  -12,  -21,  -21,  -21,    0,    0,    0,    0,    0,    0,    0,    0,    0,  -14,  -14,  -14,  -14,    0,    0,    0,    0,    1,   -4,   -4,  -21,  -21,    0,  -12,    0,    0,  -12,  -12,  -12,  -21,    0,    0,  -21,    0,    0,    0,    0,    0,    0,    0,    0,    0,    0,    0,    0,    0,    0,    0,    0,    0,    0,    0,    0,    0,    0,    0,    0,    0,    0,    0,    0,    0,    0,    0,    0,    0,    0,    0,    0,    0,    0,    0,    0,    0,    0,    0,    0,    0,    0,    0,    0,    0,    0,    0,    0,    0,    0,    0,    0,    0,    0,    0,  -12,  -12,  -12,  -21,    0,    0,    1,    0,    0,    0,    0,    0,  -46,  -28,    0,    0,    0,    0,    0,    0,    0,    0,    0,    0,
       0,    0,    0,    0,    0,    0,    0,    0,    0,    0,    0,    0,    0,    0,    0,    0,    0,    0,    0,    0,    0,    0,    0,    0,    0,    0,    0,    0,    0,    0,    0,    0,    0,    0,    0,    0,    0,    0,    0,    0,    0,    0,    0,    0,    0,    0,    0,    0,    0,    0,    0,    0,    0,    0,    0,    0,    0,    0,    0,    0,    0,    0,    0,    0,    0,    0,    0,    0,    0,    0,    0,    0,    0,    0,    0,    0,    0,    0,    0,    0,    0,    0,    0,    0,    0,    0,    0,    0,    0,    0,    0,    0,    0,    0,    0,    0,    0,    0,    0,    0,    0,    0,    0,    0,    0,    0,    0,    0,    0,    0,    0,    0,    0,    0,    0,    0,    0,    0,    0,    0,    0,    0,    0,    0,    0,    0,    0,    0,    0,    0,    0,    0,    0,    0,    0,    0,    0,    0,    0,    0,    0,    0,    0,    0,    0,    0,    0,    0,    0,    0,   -8,    0,   -9,    0,    0,    0,    0,    0,    0,    0,    0,    0,   -7,    0,    0,    0,    0,    0,    0,    0,    0,    0,    0,    0,    0,    0,    0,    0,    0,    0,    0,    0,    0,    0,    0,    0,    0,    0,    0,    0,    0,    0,    0,    0,    0,    0,    0,    0,    0,    0,   -9,  -14,   -9,    0,    0,    0,    0,    0,    0,    0,    0,    0,    0,    0,    0,    0,    0,    0,    0,    0,    0,    0,    0,    0,    0,    0,    0,
       0,    0,    0,    0,    0,    0,    0,    0,    0,    0,    0,    0,    0,    0,    0,    0,    0,    0,    0,    0,    0,    0,    0,    0,    0,    0,    0,    0,    0,    0,    0,    0,    0,    0,    0,    0,    0,    0,    0,    0,    0,  -24,    0,    0,    0,    0,    0,    0,    0,    0,    0,    0,    0,    0,    0,    0,    0,    0,    0,    0,    0,    0,    0,    0,    0,    0,    0,    0,    0,    0,    0,    0,    0,    0,    0,    0,    0,    0,    0,    0,    0,    0,    0,    0,    0,    0,    0,    0,    0,    0,    0,    0,    0,    0,    0,    0,    0,    0,    0,    0,    0,    0,    0,    0,    0,    0,    0,    0,    0,    0,    0,    0,    0,    0,    0,    0,    0,    0,    0,    0,    0,    0,    0,    0,    0,    0,    0,    0,    0,    0,    0,    0,    0,    0,    0,    0,    0,    0,    0,    0,    0,    0,    0,    0,    0,    0,    0,    0,    0,    0,    0,    0,  -23,    0,    0,    0,    0,    0,    0,  -23,    0,    0,  -19,    0,    0,    0,    0,    0,   -5,    0,    0,    0,    0,   -5,    0,   -5,    0,    0,    0,    0,  -19,    0,   -9,    0,    0,   -5,    0,   -5,    0,    0,    0,    0,    0,   -5,   -5,    0,    0,    0,    0,    0,  -23,    0,  -23,    0,    0,    0,    0,    0,    0,    0,    0,  -32,    0,    0,  -32,    0,    0,    0,    0,    0,    0,    0,    0,    0,    0,    0,    0,
       0,    0,    0,    0,    0,    0,    0, -107,  -46,  -51,  -44,    0,    0,    0,    0,    0,    0,    0,    0,    0,    0,  -14,  -23,    0,    0,    0,  -30,    0,    0,    0,    0,    0,    0,    0,    0,    0,    0,    0,    0,    0,    0,    0,    0,    0,    0,    0,    0,    0,    0,    0,    0,    0,    0,    0,    0,    0,    0,    0,    0,    0,    0,    0,    0,    0,    0,    0,    0,    0,  -46,    0,    0,    0,    0,    0,   -9,    0,  -30,  -30,    0,    0,    0,    0,    0,    0,    0,    0,    0,    0,    0,    0,    0,    0,    0,    0,    0,    0,    0,    0,    0,    0,    0,    0,    0,    0,    0,    0,    0,    0,    0,    0,    0,    0,    0,    0,    0,    0,    0,    0,    0,    0,    0,    0,    0,    0,    0,    0,    0,    0,    0,    0,    0,    0,    0,  -30,    0,    0,    0,    0,    0,    0,    0,    0,    0,    0,    0,    0,    4,  -23,   -5,  -46,  -37,    4,    7,  -42,  -23,   -9,   -7,   -9,   -9,   -2,   -7,    0,   13,    4,   -5,  -19,  -26,  -16,  -30,  -28,  -74,  -14,  -23,  -30,  -51,  -30,  -32,   -9,  -79,  -19,  -13,  -77,   -6,   -9,  -17,  -30,  -23,  -30,  -42,  -58,    0,  -32,  -23,  -30,  -30,   -9,   17,   -9,  -53,  -14,    7,   -7,    7,    0,    0,    0,    0,    0,    0,    0,    0,    0,    0,    0,    0,  -51,    0,   -9,    0,    0,    0,    0,    0,    0,    0,    0,    0,
       0,    0,    0,    0,    0,    0,    0,    0,    0,    0,    0,    0,    0,    0,    0,    0,    0,    0,    0,    0,    0,    0,    0,    0,    0,    0,    0,    0,    0,    0,    0,    0,    0,    0,    0,    0,    0,    0,    0,    0,    0,    0,    0,    0,    0,    0,    0,    0,    0,    0,    0,    0,    0,    0,    0,    0,    0,    0,    0,    0,    0,    0,    0,    0,    0,    0,    0,    0,    0,    0,    0,    0,    0,    0,    0,    0,    0,    0,    0,    0,    0,    0,    0,    0,    0,    0,    0,    0,    0,    0,    0,    0,    0,    0,    0,    0,    0,    0,    0,    0,    0,    0,    0,    0,    0,    0,    0,    0,    0,    0,    0,    0,    0,    0,    0,    0,    0,    0,    0,    0,    0,    0,    0,    0,    0,    0,    0,    0,    0,    0,    0,    0,    0,    0,    0,    0,    0,    0,    0,    0,    0,    0,    0,    0,    0,    0,    0,    0,    0,    0,    0,    0,    0,  -16,    0,    0,    0,   -9,    0,    0,    0,    0,    0,    0,    0,    0,    0,    0,    0,    0,    0,    0,    0,    0,    0,    0,    0,    0,    0,    0,    0,    0,    0,    0,    0,    0,    0,    0,    0,    0,    0,    0,    0,    0,    0,    0,    0,    0,    0,    0,    0,    0,    0,    0,    0,    0,    0,    0,    0,    0,    0,    0,    0,    0,    0,    0,    0,    0,    0,    0,    0,    0,    0,    0,    0,    0,    0,
       0,    0,    0,    0,    0,    0,    0,    0,    0,    0,    0,    0,    0,    0,    0,    0,    0,    0,    0,    0,    0,    0,    0,    0,    0,    0,    0,    0,    0,    0,    0,    0,    0,    0,    0,    0,    0,    0,    0,    0,    0,    0,    0,    0,    0,    0,    0,    0,    0,    0,    0,    0,    0,    0,    0,    0,    0,    0,    0,    0,    0,    0,    0,    0,    0,    0,    0,    0,    0,    0,    0,    0,    0,    0,    0,    0,    0,    0,    0,    0,    0,    0,    0,    0,    0,    0,    0,    0,    0,    0,    0,    0,    0,    0,    0,    0,    0,    0,    0,    0,    0,    0,    0,    0,    0,    0,    0,    0,    0,    0,    0,    0,    0,    0,    0,    0,    0,    0,    0,    0,    0,    0,    0,    0,    0,    0,    0,    0,    0,    0,    0,    0,    0,    0,    0,    0,    0,    0,    0,    0,    0,    0,    0,    0,    0,    0,    0,    0,    0,    0,    0,    0,    0,  -14,    0,    0,    0,    0,    0,    0,    0,    0,    0,    0,    0,   -6,    0,    0,    0,    0,    0,    0,    0,    0,    0,    0,    0,    0,    0,    0,    0,    0,    0,    0,    0,    0,    0,    0,    0,    0,    0,    0,    0,    0,    0,    0,    0,    0,    0,    0,    0,    0,    0,    0,    0,    0,    0,    0,    0,    0,    0,    0,    0,    0,    0,    0,    0,    0,    0,    0,    0,    0,    0,    0,    0,    0,    0,
       0,    0,    0,    0,    0,    0,    0,    0,    0,    0,    0,    0,    0,    0,    0,    0,    0,    0,    0,    0,    0,    0,    0,    0,    0,    0,    0,    0,    0,    0,    0,    0,    0,    0,    0,    0,    0,    0,    0,    0,    0,    0,    0,    0,    0,    0,    0,    0,    0,    0,    0,    0,    0,    0,    0,    0,    0,    0,    0,    0,    0,    0,    0,    0,    0,    0,    0,    0,    0,    0,    0,    0,    0,    0,    0,    0,    0,    0,    0,    0,    0,    0,    0,    0,    0,    0,    0,    0,    0,    0,    0,    0,    0,    0,    0,    0,    0,    0,    0,    0,    0,    0,    0,    0,    0,    0,    0,    0,    0,    0,    0,    0,    0,    0,    0,    0,    0,    0,    0,    0,    0,    0,    0,    0,    0,    0,    0,    0,    0,    0,    0,    0,    0,    0,    0,    0,    0,    0,    0,    0,    0,    0,    0,    0,    0,    0,    0,    0,    0,    0,    0,    0,    0,    0,    0,    0,    0,    0,    0,    0,    0,    0,    0,    0,    0,    0,    0,    0,    0,    0,    0,    0,    0,    0,    0,    0,    0,    0,    0,    0,    0,    0,    0,  -10,    0,    0,    0,    0,    0,    0,    0,    0,    0,    0,    0,    0,    0,    0,    0,    0,    0,    0,    0,    0,    0,    0,    0,    0,    0,    0,    0,    0,    0,    0,    0,    0,    0,    0,    0,    0,    0,    0,    0,    0,    0,    0,    0,
       0,    0,    0,    0,    0,    0,    0,  -32,    0,  -32,  -14,    0,    0,    0,    0,    0,    0,    0,    0,    0,    0,    0,    0,    0,    0,    0,    0,    0,    0,    0,    0,    0,    0,    0,    0,    0,    0,    0,    0,    0,    0,    0,    0,    0,    0,    0,    0,    0,    0,    0,    0,    0,    0,    0,    0,    0,    0,    0,    0,    0,    0,    0,    0,    0,    0,    0,    0,    0,    0,    0,    0,    0,    0,    0,    0,    0,    0,    0,    0,    0,    0,    0,    0,    0,    0,    0,    0,    0,    0,    0,    0,    0,    0,    0,    0,    0,    0,    0,    0,    0,    0,    0,    0,    0,    0,    0,    0,    0,    0,    0,    0,    0,    0,    0,    0,    0,    0,    0,    0,    0,    0,    0,    0,    0,    0,    0,    0,    0,    0,    0,    0,    0,    0,    0,    0,    0,    0,    0,    0,    0,    0,    0,    0,    0,    0,    0,    0,    0,    0,    0,    0,    0,    0,  -28,  -16,   -5,    0,    0,    0,    0,    0,    0,    0,    0,    0,  -16,    0,    0,    0,    0,    0,    0,    0,    0,    0,    0,    0,    0,    0,    0,    0,    0,    0,    0,    0,    0,    0,    0,    0,    0,    0,    0,    0,    0,    0,    0,    0,    0,   -5,    0,    0,    0,    0,    0,    0,    0,    0,    0,    0,    0,    0,    0,    0,    0,    0,  -32,    0,    0,    0,    0,    0,    0,    0,    0,    0,    0,    0,
       0,    0,    0,    0,    0,    0,    0,    0,   14,    0,    0,    0,    0,    0,    0,    0,    0,    0,    0,    0,    0,    0,    0,    0,    0,    0,    0,    0,    0,    0,    0,    0,    0,    0,    0,    0,    0,    0,    0,    0,    0,  -40,    0,    0,    0,    0,    0,    0,    0,    0,    0,    0,    0,    0,    0,    0,    0,    0,    0,    0,    0,    0,    0,    0,    0,    0,    0,    0,   14,    0,    0,    0,    0,    0,    0,    0,    0,    0,    0,    0,    0,    0,    0,    0,    0,    0,    0,    0,    0,    0,    0,    0,    0,    0,    0,    0,    0,    0,    0,    0,    0,    0,    0,    0,    0,    0,    0,    0,    0,    0,    0,    0,    0,    0,    0,    0,    0,    0,    0,    0,    0,    0,    0,    0,    0,    0,    0,    0,    0,    0,    0,    0,    0,    0,    0,    0,    0,    0,    0,    0,    0,    0,    0,    0,    0,    0,  -14,    0,    0,    0,    0,  -14,  -28,    0,    0,    0,    0,   -5,    0,  -26,    0,    0,  -21,  -42,    0,    0,    0,    0,    0,    0,    0,    0,    0,    0,    0,    0,    0,    0,    0,    0,    0,    0,    0,    0,    0,    0,    0,    0,    0,    0,    0,    0,    0,    0,    0,    0,  -14,    0,    0,    0,  -28,    0,  -28,    0,    0,    0,    0,    0,    0,    0,    0,    0,    0,    0,    0,    0,    0,    0,    0,    0,    0,    0,    0,    0,    0,    0,    0,
       0,    0,    0,    0,    0,    0,    0,    0,    0,    0,    0,    0,    0,    0,    0,    0,    0,    0,    0,    0,    0,    0,    0,    0,    0,    0,    0,    0,    0,    0,    0,    0,    0,    0,    0,    0,    0,    0,    0,    0,    0,  -44,    0,    0,    0,    0,    0,    0,    0,    0,    0,    0,    0,    0,    0,    0,    0,    0,    0,    0,    0,    0,    0,    0,    0,    0,    0,    0,    0,    0,    0,    0,    0,    0,    0,    0,    0,    0,    0,    0,    0,    0,    0,    0,    0,    0,    0,    0,    0,    0,    0,    0,    0,    0,    0,    0,    0,    0,    0,    0,    0,    0,    0,    0,    0,    0,    0,    0,    0,    0,    0,    0,    0,    0,    0,    0,    0,    0,    0,    0,    0,    0,    0,    0,    0,    0,    0,    0,    0,    0,    0,    0,    0,    0,    0,    0,    0,    0,    0,    0,    0,    0,    0,    0,    0,    0,    0,    0,    0,    0,    0,    0,  -35,    0,    0,    0,    0,    0,    0,  -27,    0,    0,  -33,    0,    0,    0,    0,    0,    0,    0,    0,    0,    0,    0,    0,    0,    0,    0,    0,    0,    0,    0,    0,    0,    0,    0,    0,    0,    0,    0,    0,    0,    0,    0,    0,    0,    0,    0,    0,    0,  -35,    0,  -35,    0,    0,    0,    0,    0,    0,    0,    0,  -50,    0,    0,  -50,    0,    0,    0,    0,    0,    0,    0,    0,    0,    0,    0,    0,
       0,    0,    0,    0,    0,    0,    0,    0,  -14,    0,    0,    0,    0,    0,    0,    0,    0,    0,    0,    0,    0,    0,    0,    0,    0,    0,    0,    0,    0,    0,    0,    0,    0,    0,    0,    0,    0,    0,    0,    0,    0,  -38,    0,    0,    0,    0,    0,    0,    0,    0,    0,    0,    0,    0,    0,    0,    0,    0,    0,    0,    0,    0,    0,    0,    0,    0,    0,    0,  -14,    0,    0,    0,    0,    0,   -5,    0,    0,    0,    0,    0,    0,    0,    0,    0,    0,    0,    0,    0,    0,    0,    0,    0,    0,    0,    0,    0,    0,    0,    0,    0,    0,    0,    0,    0,    0,    0,    0,    0,    0,    0,    0,    0,    0,    0,    0,    0,    0,    0,    0,    0,    0,    0,    0,    0,    0,    0,    0,    0,    0,    0,    0,    0,    0,    0,    0,    0,    0,    0,    0,    0,    0,    0,    0,    0,    0,    0,  -15,  -12,    0,    0,    0,  -15,  -16,    0,    0,    0,    0,    0,  -12,   -9,  -14,    9,  -19,  -15,    0,    5,   -2,   -9,    0,    0,   -9,    0,    0,    0,    0,    0,   -9,    0,   -9,  -14,   -9,   -9,    0,  -14,  -14,    0,    0,    0,    0,   -9,    0,   -9,   -2,    0,    0,    0,  -15,    0,    0,    0,  -16,   -9,  -16,    0,    0,    0,    0,    0,    0,    0,    0,  -34,    0,    0,  -34,    0,    0,   -5,    0,    0,    0,    0,    0,    0,    0,    0,    0,
       0,    0,    0,    0,    0,    0,    0, -128,  -19,  -68,  -54,    0,    0,    0,    0,    0,    0,    0,    0,    0,    0,  -19,  -19,    0,    0,    0,    0,    0,    0,    0,    0,    0,    0,    0,    0,    0,    0,    0,    0,    0,    0,    0,    0,    0,    0,    0,    0,    0,    0,    0,    0,    0,    0,    0,    0,    0,    0,    0,    0,    0,    0,    0,    0,    0,    0,    0,    0,    0,  -19,    0,    0,    0,    0,    0,  -37,    0,    0,    0,    0,    0,    0,    0,    0,    0,    0,    0,    0,    0,    0,    0,    0,    0,    0,    0,    0,    0,    0,    0,    0,    0,    0,    0,    0,    0,    0,    0,    0,    0,    0,    0,    0,    0,    0,    0,    0,    0,    0,    0,    0,    0,    0,    0,    0,    0,    0,    0,    0,    0,    0,    0,    0,    0,    0,    0,    0,    0,    0,    0,    0,    0,    0,    0,    0,    0,    0,    0,    0,  -14,   -9,  -58,  -34,    0,    0,  -47,  -21,   -7,    0,   -9,  -14,    0,  -21,    0,    0,    0,    0,  -28,  -42,  -23,  -27,  -33,  -43,  -35,  -32,  -27,  -53,  -58,  -43,  -28,  -43,  -30,  -23,  -43,  -26,  -28,  -33,  -27,  -32,  -27,  -53,  -43,    0,  -43,  -42,  -27,   -2,    0,    0,    0,  -28,  -35,    0,  -21,    0,    0,    0,    0,    0,    0,    0,    0,    0,    0,    0,    0,    0,  -68,    0,  -37,    0,    0,    0,    0,    0,    0,    0,    0,    0,
       0,    0,    0,    0,    0,    0,    0,    0,  -14,    0,    0,    0,    0,    0,    0,    0,    0,    0,    0,    0,    0,    0,    0,    0,    0,    0,    0,    0,    0,    0,    0,    0,    0,    0,    0,    0,    0,    0,    0,    0,    0,  -52,    0,    0,    0,    0,    0,    0,    0,    0,    0,    0,    0,    0,    0,    0,    0,    0,    0,    0,    0,    0,    0,    0,    0,    0,    0,    0,  -14,    0,    0,    0,    0,    0,    0,    0,    0,    0,    0,    0,    0,    0,    0,    0,    0,    0,    0,    0,    0,    0,    0,    0,    0,    0,    0,    0,    0,    0,    0,    0,    0,    0,    0,    0,    0,    0,    0,    0,    0,    0,    0,    0,    0,    0,    0,    0,    0,    0,    0,    0,    0,    0,    0,    0,    0,    0,    0,    0,    0,    0,    0,    0,    0,    0,    0,    0,    0,    0,    0,    0,    0,    0,    0,    0,    0,    0,  -26,  -10,    0,    0,    5,  -26,  -28,    0,    0,    0,    0,    0,  -10,  -42,  -14,    0,  -39,  -51,    0,    7,   -1,  -14,   -5,    0,   -2,    0,   -5,   -5,    0,   -5,   -2,   -9,   -2,  -23,  -37,   -2,    0,  -32,  -28,   -5,   -9,   -5,    2,   -2,    0,   -2,    0,   -5,   -5,    0,  -26,  -32,    0,    0,  -79,  -32,  -28,    0,    0,    0,    0,    0,    0,    0,    0,  -62,    0,    0,  -62,    0,    0,    0,    0,    0,    0,    0,    0,    0,    0,    0,    0,
       0,    0,    0,    0,    0,    0,    0,    0,    0,    0,    0,    0,    0,    0,    0,    0,    0,    0,    0,    0,    0,    0,    0,    0,    0,    0,    0,    0,    0,    0,    0,    0,    0,    0,    0,    0,    0,    0,    0,    0,    0,  -20,    0,    0,    0,    0,    0,    0,    0,    0,    0,    0,    0,    0,    0,    0,    0,    0,    0,    0,    0,    0,    0,    0,    0,    0,    0,    0,    0,    0,    0,    0,    0,    0,    0,    0,    0,    0,    0,    0,    0,    0,    0,    0,    0,    0,    0,    0,    0,    0,    0,    0,    0,    0,    0,    0,    0,    0,    0,    0,    0,    0,    0,    0,    0,    0,    0,    0,    0,    0,    0,    0,    0,    0,    0,    0,    0,    0,    0,    0,    0,    0,    0,    0,    0,    0,    0,    0,    0,    0,    0,    0,    0,    0,    0,    0,    0,    0,    0,    0,    0,    0,    0,    0,    0,    0,   -6,    0,    0,   -9,    0,   -6,   -9,   -6,    0,    0,    0,   -5,    0,   -9,    0,   -5,   -7,   -6,    0,    0,    0,    0,    0,   -5,    0,   -7,   -5,    0,   -7,    0,    0,    0,    0,   -9,  -12,    0,  -10,   -7,   -9,    0,   -5,    0,  -14,    0,    0,    0,    0,    0,    0,    0,   -6,    0,    0,   -7,  -14,  -16,   -9,    0,    0,    0,    0,    0,    0,    0,    0,  -14,    0,    0,  -14,    0,    0,    0,    0,    0,    0,    0,    0,    0,    0,    0,    0,
       0,    0,    0,    0,    0,    0,    0,    0,    0,    0,    0,    0,    0,    0,    0,    0,    0,    0,    0,    0,    0,    0,    0,    0,    0,    0,    0,    0,    0,    0,    0,    0,    0,    0,    0,    0,    0,    0,    0,    0,    0,  -18,    0,    0,    0,    0,    0,    0,    0,    0,    0,    0,    0,    0,    0,    0,    0,    0,    0,    0,    0,    0,    0,    0,    0,    0,    0,    0,    0,    0,    0,    0,    0,    0,    0,    0,    0,    0,    0,    0,    0,    0,    0,    0,    0,    0,    0,    0,    0,    0,    0,    0,    0,    0,    0,    0,    0,    0,    0,    0,    0,    0,    0,    0,    0,    0,    0,    0,    0,    0,    0,    0,    0,    0,    0,    0,    0,    0,    0,    0,    0,    0,    0,    0,    0,    0,    0,    0,    0,    0,    0,    0,    0,    0,    0,    0,    0,    0,    0,    0,    0,    0,    0,    0,    0,    0,   -9,    0,    0,   -5,    0,   -9,  -15,    0,    0,   -9,    0,   -7,    0,  -12,    0,   -7,   -9,   -9,    0,   -8,    0,    0,    0,   -7,    0,   -9,   -7,    0,   -8,    0,    0,    0,    0,   -7,  -14,    0,    0,    0,   -7,    0,   -7,    0,  -12,    0,    0,    0,    0,    0,    0,    0,   -9,    0,   -9,   -9,  -15,   -9,  -15,    0,    0,    0,    0,    0,    0,    0,    0,  -14,    0,    0,  -14,    0,    0,    0,    0,    0,    0,    0,    0,    0,    0,    0,    0,
       0,    0,    0,    0,    0,    0,    0, -107,  -23,  -51,  -44,    0,    0,    0,    0,    0,    0,    0,    0,    0,    0,  -14,  -23,    0,    0,    0,  -30,    0,    0,    0,    0,    0,    0,    0,    0,    0,    0,    0,    0,    0,    0,    0,    0,    0,    0,    0,    0,    0,    0,    0,    0,    0,    0,    0,    0,    0,    0,    0,    0,    0,    0,    0,    0,    0,    0,    0,    0,    0,  -23,    0,    0,    0,    0,    0,   -9,    0,  -30,  -30,    0,    0,    0,    0,    0,    0,    0,    0,    0,    0,    0,    0,    0,    0,    0,    0,    0,    0,    0,    0,    0,    0,    0,    0,    0,    0,    0,    0,    0,    0,    0,    0,    0,    0,    0,    0,    0,    0,    0,    0,    0,    0,    0,    0,    0,    0,    0,    0,    0,    0,    0,    0,    0,    0,    0,  -30,    0,    0,    0,    0,    0,    0,    0,    0,    0,    0,    0,    0,    4,  -23,   -5,  -46,  -37,    4,    7,  -42,  -23,   -9,   -7,   -9,   -9,   -2,   -7,    0,   13,    4,   -5,  -19,  -26,  -16,  -12,  -28,  -74,  -14,  -23,  -28,  -51,  -23,  -32,   -9,  -79,  -19,  -13,  -77,   -6,   -9,  -17,  -29,  -23,  -28,  -42,  -58,    0,  -32,  -23,  -29,    5,   -9,   17,   -9,  -53,  -14,    7,   -7,    7,    0,    0,    0,    0,    0,    0,    0,    0,    0,    0,    0,    0,  -51,    0,   -9,    0,    0,    0,    0,    0,    0,    0,    0,    0,
       0,    0,    0,    0,    0,    0,    0,    0,    0,    0,    0,    0,    0,    0,    0,    0,    0,    0,    0,    0,    0,    0,    0,    0,    0,    0,    0,    0,    0,    0,    0,    0,    0,    0,    0,    0,    0,    0,    0,    0,    0,    0,    0,    0,    0,    0,    0,    0,    0,    0,    0,    0,    0,    0,    0,    0,    0,    0,    0,    0,    0,    0,    0,    0,    0,    0,    0,    0,    0,    0,    0,    0,    0,    0,    0,    0,    0,    0,    0,    0,    0,    0,    0,    0,    0,    0,    0,    0,    0,    0,    0,    0,    0,    0,    0,    0,    0,    0,    0,    0,    0,    0,    0,    0,    0,    0,    0,    0,    0,    0,    0,    0,    0,    0,    0,    0,    0,    0,    0,    0,    0,    0,    0,    0,    0,    0,    0,    0,    0,    0,    0,    0,    0,    0,    0,    0,    0,    0,    0,    0,    0,    0,    0,    0,    0,    0,    0,   -2,   -4,   -2,    0,    0,   -8,    0,    0,    0,    0,    0,   -2,   -6,   -7,    0,    0,    0,    0,    0,    0,  -12,    0,    0,   -9,   -5,   -5,    0,    0,    0,   -9,    0,   -9,  -14,   -4,   -9,    0,  -21,  -23,    0,   -5,    0,    0,   -9,    0,   -9,    0,    0,    0,    0,    0,    0,    0,   -5,   -8,  -19,   -8,    0,    0,    0,    0,    0,    0,    0,    0,    0,    0,    0,    0,    0,    0,    0,    0,    0,    0,    0,    0,    0,    0,    0,    0,
       0,    0,    0,    0,    0,    0,    0,    0,  -28,    0,    0,    0,    0,    0,    0,    0,    0,    0,    0,    0,    0,    0,    0,    0,    0,    0,    0,    0,    0,    0,    0,    0,    0,    0,    0,    0,    0,    0,    0,    0,    0,  -38,    0,    0,    0,    0,    0,    0,    0,    0,    0,    0,    0,    0,    0,    0,    0,    0,    0,    0,    0,    0,    0,    0,    0,    0,    0,    0,  -28,    0,    0,    0,    0,    0,   -5,    0,    0,    0,    0,    0,    0,    0,    0,    0,    0,    0,    0,    0,    0,    0,    0,    0,    0,    0,    0,    0,    0,    0,    0,    0,    0,    0,    0,    0,    0,    0,    0,    0,    0,    0,    0,    0,    0,    0,    0,    0,    0,    0,    0,    0,    0,    0,    0,    0,    0,    0,    0,    0,    0,    0,    0,    0,    0,    0,    0,    0,    0,    0,    0,    0,    0,    0,    0,    0,    0,    0,   -8,  -21,    0,    0,    0,   -8,  -16,    0,    0,    0,    0,    0,  -21,   -5,  -13,    9,  -19,  -22,    0,    5,   -2,   -9,    0,    0,   -9,    0,    0,    0,    0,    0,   -9,    0,   -9,  -19,  -32,   -9,    0,  -21,  -39,    0,    0,    0,    0,   -9,    0,   -9,   -2,    0,    0,    0,  -13,    0,    0,    0,  -16,  -35,  -16,    0,    0,    0,    0,    0,    0,    0,    0,  -34,    0,    0,  -34,    0,    0,   -5,    0,    0,    0,    0,    0,    0,    0,    0,    0,
       0,    0,    0,    0,    0,    0,    0,   -8,    0,   -8,    0,    0,    0,    0,    0,    0,    0,    0,    0,    0,    0,    0,    0,    0,    0,    0,    0,    0,    0,    0,    0,    0,    0,    0,    0,    0,    0,    0,    0,    0,    0,    0,    0,    0,    0,    0,    0,    0,    0,    0,    0,    0,    0,    0,    0,    0,    0,    0,    0,    0,    0,    0,    0,    0,    0,    0,    0,    0,    0,    0,    0,    0,    0,    0,    0,    0,    0,    0,    0,    0,    0,    0,    0,    0,    0,    0,    0,    0,    0,    0,    0,    0,    0,    0,    0,    0,    0,    0,    0,    0,    0,    0,    0,    0,    0,    0,    0,    0,    0,    0,    0,    0,    0,    0,    0,    0,    0,    0,    0,    0,    0,    0,    0,    0,    0,    0,    0,    0,    0,    0,    0,    0,    0,    0,    0,    0,    0,    0,    0,    0,    0,    0,    0,    0,    0,    0,    0,    0,    0,    0,    0,    0,  -12,    0,    0,    0,    0,    0,    0,    0,    0,    0,    0,    0,    0,    0,    0,    0,    0,    0,    0,    0,    0,    0,    0,    0,    0,    0,    0,    0,    0,    0,    0,    0,    0,    0,    0,    0,   -9,    0,    0,    0,    0,    0,    0,    0,    0,    0,    0,    0,  -12,   -9,  -12,    0,    0,    0,    0,    0,    0,    0,    0,  -10,    0,    0,  -10,   -8,    0,    0,    0,    0,    0,    0,    0,    0,    0,    0,    0,
       0,    0,    0,    0,    0,    0,    0,    0,  -14,    0,    0,    0,    0,    0,    0,    0,    0,    0,    0,    0,    0,    0,    0,    0,    0,    0,    0,    0,    0,    0,    0,    0,    0,    0,    0,    0,    0,    0,    0,    0,    0,  -38,    0,    0,    0,    0,    0,    0,    0,    0,    0,    0,    0,    0,    0,    0,    0,    0,    0,    0,    0,    0,    0,    0,    0,    0,    0,    0,  -14,    0,    0,    0,    0,    0,   -5,    0,    0,    0,    0,    0,    0,    0,    0,    0,    0,    0,    0,    0,    0,    0,    0,    0,    0,    0,    0,    0,    0,    0,    0,    0,    0,    0,    0,    0,    0,    0,    0,    0,    0,    0,    0,    0,    0,    0,    0,    0,    0,    0,    0,    0,    0,    0,    0,    0,    0,    0,    0,    0,    0,    0,    0,    0,    0,    0,    0,    0,    0,    0,    0,    0,    0,    0,    0,    0,    0,    0,   -8,  -12,    0,    0,    0,   -8,  -16,    0,    0,    0,    0,    0,  -12,   -9,  -14,    9,  -19,  -22,    0,    5,   -2,   -9,    0,    0,   -9,    0,    0,    0,    0,    0,   -9,    0,   -9,  -14,   -9,   -9,    0,  -14,  -14,    0,    0,    0,    0,   -9,    0,   -9,   -2,    0,    0,    0,  -13,    0,    0,    0,  -16,   -9,  -16,    0,    0,    0,    0,    0,    0,    0,    0,  -34,    0,    0,  -34,    0,    0,   -5,    0,    0,    0,    0,    0,    0,    0,    0,    0,
       0,    0,    0,    0,    0,    0,    0,    0,  -14,    0,    0,    0,    0,    0,    0,    0,    0,    0,    0,    0,    0,    0,    0,    0,    0,    0,    0,    0,    0,    0,    0,    0,    0,    0,    0,    0,    0,    0,    0,    0,    0,    0,    0,    0,    0,    0,    0,    0,    0,    0,    0,    0,    0,    0,    0,    0,    0,    0,    0,    0,    0,    0,    0,    0,    0,    0,    0,    0,  -14,    0,    0,    0,    0,    0,    0,    0,    0,    0,    0,    0,    0,    0,    0,    0,    0,    0,    0,    0,    0,    0,    0,    0,    0,    0,    0,    0,    0,    0,    0,    0,    0,    0,    0,    0,    0,    0,    0,    0,    0,    0,    0,    0,    0,    0,    0,    0,    0,    0,    0,    0,    0,    0,    0,    0,    0,    0,    0,    0,    0,    0,    0,    0,    0,    0,    0,    0,    0,    0,    0,    0,    0,    0,    0,    0,    0,    0,   -5,   -9,    0,  -12,   -6,   -5,  -14,    0,    0,   -7,    0,    0,   -9,   -9,   -9,    0,  -16,   -8,   -9,    0,   -5,    0,    0,    0,    0,    0,    0,    0,    0,    0,    0,    0,    0,    0,    0,    0,    0,  -16,    0,    0,    0,    0,    0,    0,    0,    0,    0,    0,    0,    0,   -5,    0,   -7,    0,  -14,  -19,  -14,    0,    0,    0,    0,    0,    0,    0,    0,  -20,    0,    0,  -20,    0,    0,    0,    0,    0,    0,    0,    0,    0,    0,    0,    0,
       0,    0,    0,    0,    0,    0,    0,  -24,    0,  -24,  -20,    0,    0,    0,    0,    0,    0,    0,    0,    0,    0,    0,    0,    0,    0,    0,    0,    0,    0,    0,    0,    0,    0,    0,    0,    0,    0,    0,    0,    0,    0,  -16,    0,    0,    0,    0,    0,    0,    0,    0,    0,    0,    0,    0,    0,    0,    0,    0,    0,    0,    0,    0,    0,    0,    0,    0,    0,    0,    0,    0,    0,    0,    0,    0,    0,    0,    0,    0,    0,    0,    0,    0,    0,    0,    0,    0,    0,    0,    0,    0,    0,    0,    0,    0,    0,    0,    0,    0,    0,    0,    0,    0,    0,    0,    0,    0,    0,    0,    0,    0,    0,    0,    0,    0,    0,    0,    0,    0,    0,    0,    0,    0,    0,    0,    0,    0,    0,    0,    0,    0,    0,    0,    0,    0,    0,    0,    0,    0,    0,    0,    0,    0,    0,    0,    0,    0,    0,    0,    0,  -12,  -32,    0,  -16,  -28,   -9,  -12,    0,   -9,    0,   -9,    0,  -13,   -9,    0,    0,  -17,   -7,    0,   -6,  -14,    0,  -11,   -9,   -6,  -24,  -13,    0,    0,    0,    0,   -9,    0,   -4,   -5,    0,   -6,   -9,   -6,  -16,    0,    0,    0,    0,   -6,   -6,    0,    0,    0,  -12,  -11,  -25,    0,  -16,    0,    0,    0,    0,    0,    0,    0,    0,  -14,    0,    0,  -14,  -24,    0,    0,    0,    0,    0,    0,    0,    0,    0,    0,    0,
       0,    0,    0,    0,    0,    0,    0,  -37,    0,  -42,  -22,    0,    0,    0,    0,    0,    0,    0,    0,    0,    0,    0,    0,    0,    0,    0,    0,    0,    0,    0,    0,    0,    0,    0,    0,    0,    0,    0,    0,    0,    0,    0,    0,    0,    0,    0,    0,    0,    0,    0,    0,    0,    0,    0,    0,    0,    0,    0,    0,    0,    0,    0,    0,    0,    0,    0,    0,    0,    0,    0,    0,    0,    0,    0,    0,    0,    0,    0,    0,    0,    0,    0,    0,    0,    0,    0,    0,    0,    0,    0,    0,    0,    0,    0,    0,    0,    0,    0,    0,    0,    0,    0,    0,    0,    0,    0,    0,    0,    0,    0,    0,    0,    0,    0,    0,    0,    0,    0,    0,    0,    0,    0,    0,    0,    0,    0,    0,    0,    0,    0,    0,    0,    0,    0,    0,    0,    0,    0,    0,    0,    0,    0,    0,    0,    0,    0,    0,    9,    0,  -42,  -20,    0,    0,  -31,  -16,   -7,    0,   -5,    9,    0,   14,    0,    0,    0,    0,  -14,   -9,    0,   -5,  -16,  -12,   -5,   -5,   -5,  -30,   -5,  -12,    0,  -12,    0,    0,  -12,    0,    0,    0,   -5,   -5,   -5,  -23,  -12,    0,  -12,    0,   -5,   -5,    0,    0,    0,  -32,   -5,    0,    0,    0,    0,    0,    0,    0,    0,    0,    0,    0,    0,    0,    0,    0,  -42,    0,    0,    0,    0,    0,    0,    0,    0,    0,    0,    0,
       0,    0,    0,    0,    0,    0,    0,    0,    0,    0,    0,    0,    0,    0,    0,    0,    0,    0,    0,    0,    0,    0,    0,    0,    0,    0,    0,    0,    0,    0,    0,    0,    0,    0,    0,    0,    0,    0,    0,    0,    0,    0,    0,    0,    0,    0,    0,    0,    0,    0,    0,    0,    0,    0,    0,    0,    0,    0,    0,    0,    0,    0,    0,    0,    0,    0,    0,    0,    0,    0,    0,    0,    0,    0,    0,    0,    0,    0,    0,    0,    0,    0,    0,    0,    0,    0,    0,    0,    0,    0,    0,    0,    0,    0,    0,    0,    0,    0,    0,    0,    0,    0,    0,    0,    0,    0,    0,    0,    0,    0,    0,    0,    0,    0,    0,    0,    0,    0,    0,    0,    0,    0,    0,    0,    0,    0,    0,    0,    0,    0,    0,    0,    0,    0,    0,    0,    0,    0,    0,    0,    0,    0,    0,    0,    0,   -5,    0,   -5,   -5,  -16,  -12,    0,  -14,   -5,    0,   -3,    0,   -9,   -5,   -8,   -9,    0,   -9,    0,    0,   -7,   -5,   -9,   -5,   -9,  -12,  -12,  -13,   -5,  -11,   -5,  -12,    0,  -12,  -16,  -13,  -12,    0,  -12,  -21,   -5,  -13,   -5,  -16,  -12,    0,  -12,   -9,   -5,   -5,    0,    0,   -9,   -3,  -12,  -14,  -11,  -14,    0,    0,    0,    0,    0,    0,    0,    0,    0,    0,    0,    0,    0,    0,    0,    0,    0,    0,    0,    0,    0,    0,    0,    0,
       0,    0,    0,    0,    0,    0,    0,  -46,  -23,  -46,  -38,    0,    0,    0,    0,    0,    0,    0,    0,    0,    0,   -9,   -9,    0,    0,    0,    0,    0,    0,    0,    0,    0,    0,    0,    0,    0,    0,    0,    0,    0,    0,    0,    0,    0,    0,    0,    0,    0,    0,    0,    0,    0,    0,    0,    0,    0,    0,    0,    0,    0,    0,    0,    0,    0,    0,    0,    0,    0,  -23,    0,    0,    0,    0,    0,  -12,    0,    0,    0,    0,    0,    0,    0,    0,    0,    0,    0,    0,    0,    0,    0,    0,    0,    0,    0,    0,    0,    0,    0,    0,    0,    0,    0,    0,    0,    0,    0,    0,    0,    0,    0,    0,    0,    0,    0,    0,    0,    0,    0,    0,    0,    0,    0,    0,    0,    0,    0,    0,    0,    0,    0,    0,    0,    0,    0,    0,    0,    0,    0,    0,    0,    0,    0,    0,    0,    0,    0,    0,   -7,   -7,  -46,  -26,    0,    0,  -42,  -19,   -5,   -5,  -11,   -7,    0,   -5,   -6,    0,    0,    0,  -19,  -30,  -10,  -14,  -28,  -35,  -17,  -21,  -14,  -42,  -14,  -35,  -12,  -35,  -16,   -6,  -35,   -7,   -5,  -15,  -14,  -21,  -14,  -37,  -35,    0,  -35,  -23,  -14,   12,    0,    0,  -14,  -31,  -17,    0,    0,    0,    0,    0,    0,    0,    0,    0,    0,    0,    0,    0,    0,    0,  -46,    0,  -12,    0,    0,    0,    0,    0,    0,    0,    0,    0,
       0,    0,    0,    0,    0,    0,    0,  -18,    0,  -18,  -16,    0,    0,    0,    0,    0,    0,    0,    0,    0,    0,    0,    0,    0,    0,    0,    0,    0,    0,    0,    0,    0,    0,    0,    0,    0,    0,    0,    0,    0,    0,  -16,    0,    0,    0,    0,    0,    0,    0,    0,    0,    0,    0,    0,    0,    0,    0,    0,    0,    0,    0,    0,    0,    0,    0,    0,    0,    0,    0,    0,    0,    0,    0,    0,    0,    0,    0,    0,    0,    0,    0,    0,    0,    0,    0,    0,    0,    0,    0,    0,    0,    0,    0,    0,    0,    0,    0,    0,    0,    0,    0,    0,    0,    0,    0,    0,    0,    0,    0,    0,    0,    0,    0,    0,    0,    0,    0,    0,    0,    0,    0,    0,    0,    0,    0,    0,    0,    0,    0,    0,    0,    0,    0,    0,    0,    0,    0,    0,    0,    0,    0,    0,    0,    0,    0,    0,    0,    0,    0,  -23,  -19,    0,  -19,  -19,    0,  -14,    0,   -9,    0,   -5,    0,  -13,   -9,    0,    0,  -15,    0,    0,    0,  -16,    0,    0,  -12,    0,  -30,    0,    0,    0,    0,    0,    0,    0,    0,    0,    0,    0,  -12,    0,  -23,    0,    0,    0,    0,    0,    0,    0,    0,    0,  -30,    0,  -21,    0,  -21,    0,    0,    0,    0,    0,    0,    0,    0,  -20,    0,    0,  -20,  -18,    0,    0,    0,    0,    0,    0,    0,    0,    0,    0,    0,
       0,    0,    0,    0,    0,    0,    0,    0,  -14,    0,    0,    0,    0,    0,    0,    0,    0,    0,    0,    0,    0,    0,    0,    0,    0,    0,    0,    0,    0,    0,    0,    0,    0,    0,    0,    0,    0,    0,    0,    0,    0,    0,    0,    0,    0,    0,    0,    0,    0,    0,    0,    0,    0,    0,    0,    0,    0,    0,    0,    0,    0,    0,    0,    0,    0,    0,    0,    0,  -14,    0,    0,    0,    0,    0,    0,    0,    0,    0,    0,    0,    0,    0,    0,    0,    0,    0,    0,    0,    0,    0,    0,    0,    0,    0,    0,    0,    0,    0,    0,    0,    0,    0,    0,    0,    0,    0,    0,    0,    0,    0,    0,    0,    0,    0,    0,    0,    0,    0,    0,    0,    0,    0,    0,    0,    0,    0,    0,    0,    0,    0,    0,    0,    0,    0,    0,    0,    0,    0,    0,    0,    0,    0,    0,    0,    0,    0,  -10,  -13,    0,    0,    0,  -10,   -5,    0,    0,    0,   -5,    0,  -13,   -9,  -14,    0,   -7,  -10,    0,    0,   -7,  -14,    0,    0,   -8,    0,   -6,    0,    0,    0,   -8,    0,   -8,  -28,  -28,   -8,    0,  -29,  -26,    0,   -6,    0,    0,   -8,    0,   -8,    0,    0,    0,    0,  -10,    0,    0,    0,   -5,  -21,   -5,    0,    0,    0,    0,    0,    0,    0,    0,    0,    0,    0,    0,    0,    0,    0,    0,    0,    0,    0,    0,    0,    0,    0,    0,
       0,    0,    0,    0,    0,    0,    0,    0,    0,    0,    0,    0,    0,    0,    0,    0,    0,    0,    0,    0,    0,    0,    0,    0,    0,    0,    0,    0,    0,    0,    0,    0,    0,    0,    0,    0,    0,    0,    0,    0,    0,    0,    0,    0,    0,    0,    0,    0,    0,    0,    0,    0,    0,    0,    0,    0,    0,    0,    0,    0,    0,    0,    0,    0,    0,    0,    0,    0,    0,    0,    0,    0,    0,    0,    0,    0,    0,    0,    0,    0,    0,    0,    0,    0,    0,    0,    0,    0,    0,    0,    0,    0,    0,    0,    0,    0,    0,    0,    0,    0,    0,    0,    0,    0,    0,    0,    0,    0,    0,    0,    0,    0,    0,    0,    0,    0,    0,    0,    0,    0,    0,    0,    0,    0,    0,    0,    0,    0,    0,    0,    0,    0,    0,    0,    0,    0,    0,    0,    0,    0,    0,    0,    0,    0,    0,    0,    0,   -6,    0,    0,    0,    0,  -13,    0,    0,    0,    0,    0,   -6,   -7,    0,    0,    0,    0,    0,    0,    0,    0,    0,    0,    0,    0,    0,    0,    0,    0,    0,    0,    0,    0,    0,    0,    0,    0,    0,    0,    0,    0,    0,    0,    0,    0,    0,    0,    0,    0,    0,    0,    0,    0,  -13,  -14,  -13,    0,    0,    0,    0,    0,    0,    0,    0,    0,    0,    0,    0,    0,    0,    0,    0,    0,    0,    0,    0,    0,    0,    0,    0,
       0,    0,    0,    0,    0,    0,    0,  -24,    0,  -24,  -14,    0,    0,    0,    0,    0,    0,    0,    0,    0,    0,    0,    0,    0,    0,    0,    0,    0,    0,    0,    0,    0,    0,    0,    0,    0,    0,    0,    0,    0,    0,  -16,    0,    0,    0,    0,    0,    0,    0,    0,    0,    0,    0,    0,    0,    0,    0,    0,    0,    0,    0,    0,    0,    0,    0,    0,    0,    0,    0,    0,    0,    0,    0,    0,    0,    0,    0,    0,    0,    0,    0,    0,    0,    0,    0,    0,    0,    0,    0,    0,    0,    0,    0,    0,    0,    0,    0,    0,    0,    0,    0,    0,    0,    0,    0,    0,    0,    0,    0,    0,    0,    0,    0,    0,    0,    0,    0,    0,    0,    0,    0,    0,    0,    0,    0,    0,    0,    0,    0,    0,    0,    0,    0,    0,    0,    0,    0,    0,    0,    0,    0,    0,    0,    0,    0,    0,    0,    0,    0,  -12,  -16,    0,  -16,   -9,   -9,  -12,    0,   -9,    0,   -5,    0,  -13,   -9,    0,    0,  -17,   -7,    0,   -6,  -14,    0,  -11,   -9,   -6,  -24,  -13,    0,    0,    0,    0,   -9,    0,   -4,   -5,    0,   -6,   -9,   -6,  -16,    0,    0,    0,    0,   -6,   -6,    0,    0,    0,  -12,  -11,  -25,    0,  -16,    0,    0,    0,    0,    0,    0,    0,    0,  -14,    0,    0,  -14,  -24,    0,    0,    0,    0,    0,    0,    0,    0,    0,    0,    0,
       0,    0,    0,    0,    0,    0,    0,    0,    0,    0,    0,    0,    0,    0,    0,    0,    0,    0,    0,    0,    0,    0,    0,    0,    0,    0,    0,    0,    0,    0,    0,    0,    0,    0,    0,    0,    0,    0,    0,    0,    0,  -34,    0,    0,    0,    0,    0,    0,    0,    0,    0,    0,    0,    0,    0,    0,    0,    0,    0,    0,    0,    0,    0,    0,    0,    0,    0,    0,    0,    0,    0,    0,    0,    0,    0,    0,    0,    0,    0,    0,    0,    0,    0,    0,    0,    0,    0,    0,    0,    0,    0,    0,    0,    0,    0,    0,    0,    0,    0,    0,    0,    0,    0,    0,    0,    0,    0,    0,    0,    0,    0,    0,    0,    0,    0,    0,    0,    0,    0,    0,    0,    0,    0,    0,    0,    0,    0,    0,    0,    0,    0,    0,    0,    0,    0,    0,    0,    0,    0,    0,    0,    0,    0,    0,    0,    0,    0,    0,    0,    0,    0,    0,    0,    0,    0,    0,    0,    0,    0,    0,    0,    0,    0,    0,    0,    0,    0,   -2,    0,    8,    0,    0,    0,    0,    5,    0,    0,    0,    0,   -9,  -19,    0,    0,  -15,   -7,    0,    0,    0,    0,    0,    0,    0,    0,    0,    0,   -2,    0,    0,    0,    0,    0,  -12,    0,    0,    0,    0,    0,    0,    0,    0,    0,  -34,    0,    0,  -34,    0,    0,    0,    0,    0,    0,    0,    0,    0,    0,    0,    0,
       0,    0,    0,    0,    0,    0,    0,   -9,    0,   -9,    0,    0,    0,    0,    0,    0,    0,    0,    0,    0,    0,    0,    0,    0,    0,    0,    0,    0,    0,    0,    0,    0,    0,    0,    0,    0,    0,    0,    0,    0,    0,    0,    0,    0,    0,    0,    0,    0,    0,    0,    0,    0,    0,    0,    0,    0,    0,    0,    0,    0,    0,    0,    0,    0,    0,    0,    0,    0,    0,    0,    0,    0,    0,    0,    0,    0,    0,    0,    0,    0,    0,    0,    0,    0,    0,    0,    0,    0,    0,    0,    0,    0,    0,    0,    0,    0,    0,    0,    0,    0,    0,    0,    0,    0,    0,    0,    0,    0,    0,    0,    0,    0,    0,    0,    0,    0,    0,    0,    0,    0,    0,    0,    0,    0,    0,    0,    0,    0,    0,    0,    0,    0,    0,    0,    0,    0,    0,    0,    0,    0,    0,    0,    0,    0,    0,    0,    0,    0,    0,    0,    0,    0,    0,    0,    0,    0,    0,    0,    0,    0,    0,    0,    0,    0,    0,    0,    0,    0,    0,   -7,    0,    0,    0,    0,   -9,    0,    0,    0,    0,    0,  -12,    0,   -8,    0,    0,    0,    0,    0,  -11,    0,    0,    0,    0,    0,    0,    0,    0,    0,    0,    0,    0,   -9,    0,    0,    0,    0,    0,    0,    0,    0,    0,    0,    0,    0,    0,   -9,    0,    0,    0,    0,    0,    0,    0,    0,    0,    0,    0,
       0,    0,    0,    0,    0,    0,    0,    0,    0,    0,    0,    0,    0,    0,    0,    0,    0,    0,    0,    0,    0,    0,    0,    0,    0,    0,    0,    0,    0,    0,    0,    0,    0,    0,    0,    0,    0,    0,    0,    0,    0,  -38,    0,    0,    0,    0,    0,    0,    0,    0,    0,    0,    0,    0,    0,    0,    0,    0,    0,    0,    0,    0,    0,    0,    0,    0,    0,    0,    0,    0,    0,    0,    0,    0,    0,    0,    0,    0,    0,    0,    0,    0,    0,    0,    0,    0,    0,    0,    0,    0,    0,    0,    0,    0,    0,    0,    0,    0,    0,    0,    0,    0,    0,    0,    0,    0,    0,    0,    0,    0,    0,    0,    0,    0,    0,    0,    0,    0,    0,    0,    0,    0,    0,    0,    0,    0,    0,    0,    0,    0,    0,    0,    0,    0,    0,    0,    0,    0,    0,    0,    0,    0,    0,    0,    0,    0,    0,    0,    0,    0,    0,    0,    0,    0,    0,    0,    0,    0,    0,    0,    0,    0,    0,    0,    0,    0,    0,    0,    0,    0,    0,    0,    0,    0,    0,    0,    0,    0,    0,   -4,   -8,    0,    0,   -6,    0,    0,    0,    0,   -6,    0,    0,    0,    0,    0,    0,    0,    0,    0,    0,    0,    0,    0,    0,    0,    0,    0,    0,    0,    0,    0,    0,  -24,    0,    0,  -24,    0,    0,    0,    0,    0,    0,    0,    0,    0,    0,    0,    0,
       0,    0,    0,    0,    0,    0,    0,  -88,   -9,  -37,  -22,    0,    0,    0,    0,    0,    0,    0,    0,    0,    0,    0,    0,    0,    0,    0,    0,    0,    0,    0,    0,    0,    0,    0,    0,    0,    0,    0,    0,    0,    0,  -20,    0,    0,    0,    0,    0,    0,    0,    0,    0,    0,    0,    0,    0,    0,    0,    0,    0,    0,    0,    0,    0,    0,    0,    0,    0,    0,   -9,    0,    0,    0,    0,    0,    0,    0,    0,    0,    0,    0,    0,    0,    0,    0,    0,    0,    0,    0,    0,    0,    0,    0,    0,    0,    0,    0,    0,    0,    0,    0,    0,    0,    0,    0,    0,    0,    0,    0,    0,    0,    0,    0,    0,    0,    0,    0,    0,    0,    0,    0,    0,    0,    0,    0,    0,    0,    0,    0,    0,    0,    0,    0,    0,    0,    0,    0,    0,    0,    0,    0,    0,    0,    0,    0,    0,    0,    0,    0,    0,    0,    0,    0,    0,    0,    0,    0,    0,    0,    0,    0,    0,    0,    0,    0,    0,    0,   -2,    0,    0,   -9,   -5,  -23,    0,    0,  -26,    0,   -5,    0,   -5,    0,   -5,   -5,    0,    0,    0,    0,    0,    0,  -16,   -5,    0,  -11,   -7,    0,    0,    0,    0,    0,    0,  -48,    0,    0,    0,    0,    0,    0,    0,    0,    0,    0,    0,    0,    0,    0,    0,  -37,    0,    0,    0,    0,    0,    0,    0,    0,    0,    0,    0,
       0,    0,    0,    0,    0,    0,    0,    0,    0,    0,    0,    0,    0,    0,    0,    0,    0,    0,    0,    0,    0,    0,    0,    0,    0,    0,    0,    0,    0,    0,    0,    0,    0,    0,    0,    0,    0,    0,    0,    0,    0,  -34,    0,    0,    0,    0,    0,    0,    0,    0,    0,    0,    0,    0,    0,    0,    0,    0,    0,    0,    0,    0,    0,    0,    0,    0,    0,    0,    0,    0,    0,    0,    0,    0,    0,    0,    0,    0,    0,    0,    0,    0,    0,    0,    0,    0,    0,    0,    0,    0,    0,    0,    0,    0,    0,    0,    0,    0,    0,    0,    0,    0,    0,    0,    0,    0,    0,    0,    0,    0,    0,    0,    0,    0,    0,    0,    0,    0,    0,    0,    0,    0,    0,    0,    0,    0,    0,    0,    0,    0,    0,    0,    0,    0,    0,    0,    0,    0,    0,    0,    0,    0,    0,    0,    0,    0,    0,    0,    0,    0,    0,    0,    0,    0,    0,    0,    0,    0,    0,    0,    0,    0,    0,    0,    0,    0,    0,    0,    0,    0,    0,    0,    0,    0,    0,    0,    0,    0,    0,    0,    0,    0,    0,    0,    0,    0,    0,    0,    0,    0,    0,    0,    0,    0,    0,    0,    0,    0,    0,    0,    0,    0,    0,    0,    0,    0,    0,    0,    0,    0,    0,  -12,    0,    0,  -12,    0,    0,    0,    0,    0,    0,    0,    0,    0,    0,    0,    0,
       0,    0,    0,    0,    0,    0,    0,    0,    0,    0,    0,    0,    0,    0,    0,    0,    0,    0,    0,    0,    0,    0,    0,    0,    0,    0,    0,    0,    0,    0,    0,    0,    0,    0,    0,    0,    0,    0,    0,    0,    0,  -28,    0,    0,    0,    0,    0,    0,    0,    0,    0,    0,    0,    0,    0,    0,    0,    0,    0,    0,    0,    0,    0,    0,    0,    0,    0,    0,    0,    0,    0,    0,    0,    0,    0,    0,    0,    0,    0,    0,    0,    0,    0,    0,    0,    0,    0,    0,    0,    0,    0,    0,    0,    0,    0,    0,    0,    0,    0,    0,    0,    0,    0,    0,    0,    0,    0,    0,    0,    0,    0,    0,    0,    0,    0,    0,    0,    0,    0,    0,    0,    0,    0,    0,    0,    0,    0,    0,    0,    0,    0,    0,    0,    0,    0,    0,    0,    0,    0,    0,    0,    0,    0,    0,    0,    0,    0,    0,    0,    0,    0,    0,    0,    0,    0,    0,    0,    0,    0,    0,    0,    0,    0,    0,    0,    0,    0,    5,    0,    0,    0,    0,    0,    0,   -5,    0,    0,    0,    0,    0,   -5,    0,    0,    0,    0,    0,    0,    0,    0,    0,    0,    0,    0,    0,    0,    0,    0,    0,    0,    0,    0,    0,    0,    0,    0,    0,    0,    0,    0,    0,    0,    0,    0,    0,    0,    0,    0,    0,    0,    0,    0,    0,    0,    0,    0,    0,    0,
       0,    0,    0,    0,    0,    0,    0,    0,    0,    0,    0,    0,    0,    0,    0,    0,    0,    0,    0,    0,    0,    0,    0,    0,    0,    0,    0,    0,    0,    0,    0,    0,    0,    0,    0,    0,    0,    0,    0,    0,    0,  -30,    0,    0,    0,    0,    0,    0,    0,    0,    0,    0,    0,    0,    0,    0,    0,    0,    0,    0,    0,    0,    0,    0,    0,    0,    0,    0,    0,    0,    0,    0,    0,    0,    0,    0,    0,    0,    0,    0,    0,    0,    0,    0,    0,    0,    0,    0,    0,    0,    0,    0,    0,    0,    0,    0,    0,    0,    0,    0,    0,    0,    0,    0,    0,    0,    0,    0,    0,    0,    0,    0,    0,    0,    0,    0,    0,    0,    0,    0,    0,    0,    0,    0,    0,    0,    0,    0,    0,    0,    0,    0,    0,    0,    0,    0,    0,    0,    0,    0,    0,    0,    0,    0,    0,    0,    0,    0,    0,    0,    0,    0,    0,    0,    0,    0,    0,    0,    0,    0,    0,    0,    0,    0,    0,    0,    1,   -5,    0,    0,  -15,    0,    0,    0,    0,    0,   -5,    0,   -5,   -3,   -7,   -5,    0,  -19,   -2,    0,    0,    0,    0,   -5,    0,   -5,    0,    0,    0,    0,    0,  -12,    0,    0,    0,    0,    0,    0,    0,    0,    0,    0,    0,    0,    0,  -16,    0,    0,  -16,    0,    0,    0,    0,    0,    0,    0,    0,    0,    0,    0,    0,
       0,    0,    0,    0,    0,    0,    0,   -7,    0,   -7,    0,    0,    0,    0,    0,    0,    0,    0,    0,    0,    0,    0,    0,    0,    0,    0,    0,    0,    0,    0,    0,    0,    0,    0,    0,    0,    0,    0,    0,    0,    0,  -36,    0,    0,    0,    0,    0,    0,    0,    0,    0,    0,    0,    0,    0,    0,    0,    0,    0,    0,    0,    0,    0,    0,    0,    0,    0,    0,    0,    0,    0,    0,    0,    0,    0,    0,    0,    0,    0,    0,    0,    0,    0,    0,    0,    0,    0,    0,    0,    0,    0,    0,    0,    0,    0,    0,    0,    0,    0,    0,    0,    0,    0,    0,    0,    0,    0,    0,    0,    0,    0,    0,    0,    0,    0,    0,    0,    0,    0,    0,    0,    0,    0,    0,    0,    0,    0,    0,    0,    0,    0,    0,    0,    0,    0,    0,    0,    0,    0,    0,    0,    0,    0,    0,    0,    0,    0,    0,    0,    0,    0,    0,    0,    0,    0,    0,    0,    0,    0,    0,    0,    0,    0,    0,    0,    0,    0,    0,    0,    0,    0,    0,    0,    0,    0,    0,    0,    0,    0,    0,   -8,    0,    0,    0,    0,    0,    0,    0,    0,    0,    0,    0,    0,    0,    0,    0,    0,    0,    0,    0,    0,    0,    0,    0,    0,    0,    0,    0,    0,    0,    0,  -20,    0,    0,  -20,   -7,    0,    0,    0,    0,    0,    0,    0,    0,    0,    0,    0,
       0,    0,    0,    0,    0,    0,    0,    0,    0,    0,    0,    0,    0,    0,    0,    0,    0,    0,    0,    0,    0,    0,    0,    0,    0,    0,    0,    0,    0,    0,    0,    0,    0,    0,    0,    0,    0,    0,    0,    0,    0,  -30,    0,    0,    0,    0,    0,    0,    0,    0,    0,    0,    0,    0,    0,    0,    0,    0,    0,    0,    0,    0,    0,    0,    0,    0,    0,    0,    0,    0,    0,    0,    0,    0,    0,    0,    0,    0,    0,    0,    0,    0,    0,    0,    0,    0,    0,    0,    0,    0,    0,    0,    0,    0,    0,    0,    0,    0,    0,    0,    0,    0,    0,    0,    0,    0,    0,    0,    0,    0,    0,    0,    0,    0,    0,    0,    0,    0,    0,    0,    0,    0,    0,    0,    0,    0,    0,    0,    0,    0,    0,    0,    0,    0,    0,    0,    0,    0,    0,    0,    0,    0,    0,    0,    0,    0,    0,    0,    0,    0,    0,    0,    0,    0,    0,    0,    0,    0,    0,    0,    0,    0,    0,    0,    0,    0,    0,    0,    0,    0,    0,    0,    0,    0,    0,    0,    0,    0,    0,    0,  -13,    0,    0,    0,    0,    0,    0,    0,    0,    0,    0,    0,    0,    0,    0,    0,    0,    0,    0,    0,    0,    0,    0,    0,    0,    0,    0,    0,    0,    0,    0,    0,    0,    0,    0,    0,    0,    0,    0,    0,    0,    0,    0,    0,    0,    0,    0,
       0,    0,    0,    0,    0,    0,    0,  -42,    0,  -14,  -12,    0,    0,    0,    0,    0,    0,    0,    0,    0,    0,    0,    0,    0,    0,    0,    0,    0,    0,    0,    0,    0,    0,    0,    0,    0,    0,    0,    0,    0,    0,  -32,    0,    0,    0,    0,    0,    0,    0,    0,    0,    0,    0,    0,    0,    0,    0,    0,    0,    0,    0,    0,    0,    0,    0,    0,    0,    0,    0,    0,    0,    0,    0,    0,    0,    0,    0,    0,    0,    0,    0,    0,    0,    0,    0,    0,    0,    0,    0,    0,    0,    0,    0,    0,    0,    0,    0,    0,    0,    0,    0,    0,    0,    0,    0,    0,    0,    0,    0,    0,    0,    0,    0,    0,    0,    0,    0,    0,    0,    0,    0,    0,    0,    0,    0,    0,    0,    0,    0,    0,    0,    0,    0,    0,    0,    0,    0,    0,    0,    0,    0,    0,    0,    0,    0,    0,    0,    0,    0,    0,    0,    0,    0,    0,    0,    0,    0,    0,    0,    0,    0,    0,    0,    0,    0,    0,    0,    0,    0,   -5,    0,   -5,   -2,    0,   -8,    0,    0,   -5,    0,    0,  -10,    0,   -5,   -3,    0,    0,   -2,    0,   -9,    0,    0,    0,    0,    0,    0,    0,    0,    0,    0,   -5,    0,   -5,    0,    0,    0,    0,    0,    0,    0,    0,    0,  -16,    0,    0,  -16,  -14,    0,    0,    0,    0,    0,    0,    0,    0,    0,    0,    0,
       0,    0,    0,    0,    0,    0,    0,    0,    0,    0,    0,    0,    0,    0,    0,    0,    0,    0,    0,    0,    0,    0,    0,    0,    0,    0,    0,    0,    0,    0,    0,    0,    0,    0,    0,    0,    0,    0,    0,    0,    0,  -22,    0,    0,    0,    0,    0,    0,    0,    0,    0,    0,    0,    0,    0,    0,    0,    0,    0,    0,    0,    0,    0,    0,    0,    0,    0,    0,    0,    0,    0,    0,    0,    0,    0,    0,    0,    0,    0,    0,    0,    0,    0,    0,    0,    0,    0,    0,    0,    0,    0,    0,    0,    0,    0,    0,    0,    0,    0,    0,    0,    0,    0,    0,    0,    0,    0,    0,    0,    0,    0,    0,    0,    0,    0,    0,    0,    0,    0,    0,    0,    0,    0,    0,    0,    0,    0,    0,    0,    0,    0,    0,    0,    0,    0,    0,    0,    0,    0,    0,    0,    0,    0,    0,    0,    0,    0,    0,    0,    0,    0,    0,    0,    0,    0,    0,    0,    0,    0,    0,    0,    0,    0,    0,    0,    0,    0,    0,    0,    0,   -5,    0,    0,    0,    0,    0,   -5,    0,   -5,    0,   -9,   -5,    2,   -2,    0,    0,    0,    0,    0,   -5,    0,   -5,    0,    0,    0,    0,    0,    0,    0,    0,    0,    0,    0,    0,    0,    0,    0,    0,    0,    0,    0,   -6,    0,    0,   -6,    0,    0,    0,    0,    0,    0,    0,    0,    0,    0,    0,    0,
       0,    0,    0,    0,    0,    0,    0,  -51,    0,  -42,  -28,    0,    0,    0,    0,    0,    0,    0,    0,    0,    0,    0,    0,    0,    0,    0,    0,    0,    0,    0,    0,    0,    0,    0,    0,    0,    0,    0,    0,    0,    0,  -21,    0,    0,    0,    0,    0,    0,    0,    0,    0,    0,    0,    0,    0,    0,    0,    0,    0,    0,    0,    0,    0,    0,    0,    0,    0,    0,    0,    0,    0,    0,    0,    0,    0,    0,    0,    0,    0,    0,    0,    0,    0,    0,    0,    0,    0,    0,    0,    0,    0,    0,    0,    0,    0,    0,    0,    0,    0,    0,    0,    0,    0,    0,    0,    0,    0,    0,    0,    0,    0,    0,    0,    0,    0,    0,    0,    0,    0,    0,    0,    0,    0,    0,    0,    0,    0,    0,    0,    0,    0,    0,    0,    0,    0,    0,    0,    0,    0,    0,    0,    0,    0,    0,    0,    0,    0,    0,    0,    0,    0,    0,    0,    0,    0,    0,    0,    0,    0,    0,    0,    0,    0,    0,    0,    0,    0,    0,    0,  -15,    0,  -18,    0,    0,  -29,    0,    0,    0,    0,    0,   -6,    0,    0,    0,    0,    0,    0,    0,  -19,    0,    0,    0,    0,    0,    0,    0,    0,    0,    0,  -24,    0,    0,    0,    0,    0,    0,    0,    0,    0,    0,    0,  -10,    0,    0,  -10,  -42,    0,    0,    0,    0,    0,    0,    0,    0,    0,    0,    0,
       0,    0,    0,    0,    0,    0,    0,  -44,    0,  -44,  -32,    0,    0,    0,    0,    0,    0,    0,    0,    0,    0,    0,    0,    0,    0,    0,    0,    0,    0,    0,    0,    0,    0,    0,    0,    0,    0,    0,    0,    0,    0,  -12,    0,    0,    0,    0,    0,    0,    0,    0,    0,    0,    0,    0,    0,    0,    0,    0,    0,    0,    0,    0,    0,    0,    0,    0,    0,    0,    0,    0,    0,    0,    0,    0,    0,    0,    0,    0,    0,    0,    0,    0,    0,    0,    0,    0,    0,    0,    0,    0,    0,    0,    0,    0,    0,    0,    0,    0,    0,    0,    0,    0,    0,    0,    0,    0,    0,    0,    0,    0,    0,    0,    0,    0,    0,    0,    0,    0,    0,    0,    0,    0,    0,    0,    0,    0,    0,    0,    0,    0,    0,    0,    0,    0,    0,    0,    0,    0,    0,    0,    0,    0,    0,    0,    0,    0,    0,    0,    0,    0,    0,    0,    0,    0,    0,    0,    0,    0,    0,    0,    0,    0,    0,    0,    0,    0,   -7,   -6,   -5,  -14,  -12,   -5,   -9,   -5,  -30,   -5,  -12,   -4,  -12,   -5,   -4,  -12,    0,    0,    0,   -5,   -9,   -5,  -23,  -12,   -5,  -12,   -9,   -5,   -5,    0,    0,    0,    0,  -38,    0,    0,    0,    0,    0,    0,    0,    0,    0,    0,    0,    0,    0,    0,    0,  -44,    0,    0,    0,    0,    0,    0,    0,    0,    0,    0,    0,
       0,    0,    0,    0,    0,    0,    0,    0,    0,    0,    0,    0,    0,    0,    0,    0,    0,    0,    0,    0,    0,    0,    0,    0,    0,    0,    0,    0,    0,    0,    0,    0,    0,    0,    0,    0,    0,    0,    0,    0,    0,  -26,    0,    0,    0,    0,    0,    0,    0,    0,    0,    0,    0,    0,    0,    0,    0,    0,    0,    0,    0,    0,    0,    0,    0,    0,    0,    0,    0,    0,    0,    0,    0,    0,    0,    0,    0,    0,    0,    0,    0,    0,    0,    0,    0,    0,    0,    0,    0,    0,    0,    0,    0,    0,    0,    0,    0,    0,    0,    0,    0,    0,    0,    0,    0,    0,    0,    0,    0,    0,    0,    0,    0,    0,    0,    0,    0,    0,    0,    0,    0,    0,    0,    0,    0,    0,    0,    0,    0,    0,    0,    0,    0,    0,    0,    0,    0,    0,    0,    0,    0,    0,    0,    0,    0,    0,    0,    0,    0,    0,    0,    0,    0,    0,    0,    0,    0,    0,    0,    0,    0,    0,    0,    0,    0,    0,    0,   -5,    0,    0,   -9,    6,    0,    0,    6,    0,   -9,    0,   -9,    0,    0,   -9,    0,    0,    0,    0,    0,    0,    0,   -9,    0,   -9,    0,    0,    0,    0,    0,    0,    0,    6,    0,    0,    0,    0,    0,    0,    0,    0,    0,    0,    0,    0,    0,    0,    0,    0,    0,    0,    0,    0,    0,    0,    0,    0,    0,    0,    0,
       0,    0,    0,    0,    0,    0,    0,    0,    0,    0,    0,    0,    0,    0,    0,    0,    0,    0,    0,    0,    0,    0,    0,    0,    0,    0,    0,    0,    0,    0,    0,    0,    0,    0,    0,    0,    0,    0,    0,    0,    0,  -22,    0,    0,    0,    0,    0,    0,    0,    0,    0,    0,    0,    0,    0,    0,    0,    0,    0,    0,    0,    0,    0,    0,    0,    0,    0,    0,    0,    0,    0,    0,    0,    0,    0,    0,    0,    0,    0,    0,    0,    0,    0,    0,    0,    0,    0,    0,    0,    0,    0,    0,    0,    0,    0,    0,    0,    0,    0,    0,    0,    0,    0,    0,    0,    0,    0,    0,    0,    0,    0,    0,    0,    0,    0,    0,    0,    0,    0,    0,    0,    0,    0,    0,    0,    0,    0,    0,    0,    0,    0,    0,    0,    0,    0,    0,    0,    0,    0,    0,    0,    0,    0,    0,    0,    0,    0,    0,    0,    0,    0,    0,    0,    0,    0,    0,    0,    0,    0,    0,    0,    0,    0,    0,    0,    0,    0,    0,    0,    0,   -2,    0,    0,    0,    0,    0,   -2,    0,   -2,    0,    0,   -2,    0,    0,    0,    0,    0,    0,    0,   -2,    0,   -2,    0,    0,    0,    0,    0,    0,    0,    0,    0,    0,    0,    0,    0,    0,    0,    0,    0,    0,    0,    0,    0,    0,    0,    0,    0,    0,    0,    0,    0,    0,    0,    0,    0,    0,    0,
       0,    0,    0,    0,    0,    0,    0,    0,    9,    0,    0,    0,    0,    0,    0,    0,    0,    0,    0,    0,    0,    0,    0,    0,    0,    0,    0,    0,    0,    0,    0,    0,    0,    0,    0,    0,    0,    0,    0,    0,    0,  -50,    0,    0,    0,    0,    0,    0,    0,    0,    0,    0,    0,    0,    0,    0,    0,    0,    0,    0,    0,    0,    0,    0,    0,    0,    0,    0,    9,    0,    0,    0,    0,    0,    0,    0,    0,    0,    0,    0,    0,    0,    0,    0,    0,    0,    0,    0,    0,    0,    0,    0,    0,    0,    0,    0,    0,    0,    0,    0,    0,    0,    0,    0,    0,    0,    0,    0,    0,    0,    0,    0,    0,    0,    0,    0,    0,    0,    0,    0,    0,    0,    0,    0,    0,    0,    0,    0,    0,    0,    0,    0,    0,    0,    0,    0,    0,    0,    0,    0,    0,    0,    0,    0,    0,    0,    0,    0,    0,    0,    0,    0,    0,    0,    0,    0,    0,    0,    0,    0,    0,    0,    0,    0,    0,    0,    0,    0,    0,    0,    0,    0,    0,    0,    0,    0,    0,    0,    0,  -19,  -19,    0,    0,  -19,  -12,    0,    0,    0,    0,    0,    0,    0,    0,    0,    0,    0,    0,    0,    0,    0,    0,  -19,    0,    0,    0,    0,    0,    0,    0,    0,    0,  -32,    0,    0,  -32,    0,    0,    0,    0,    0,    0,    0,    0,    0,    0,    0,    0,
       0,    0,    0,    0,    0,    0,    0,    0,    0,    0,    0,    0,    0,    0,    0,    0,    0,    0,    0,    0,    0,    0,    0,    0,    0,    0,    0,    0,    0,    0,    0,    0,    0,    0,    0,    0,    0,    0,    0,    0,    0,  -42,    0,    0,    0,    0,    0,    0,    0,    0,    0,    0,    0,    0,    0,    0,    0,    0,    0,    0,    0,    0,    0,    0,    0,    0,    0,    0,    0,    0,    0,    0,    0,    0,    0,    0,    0,    0,    0,    0,    0,    0,    0,    0,    0,    0,    0,    0,    0,    0,    0,    0,    0,    0,    0,    0,    0,    0,    0,    0,    0,    0,    0,    0,    0,    0,    0,    0,    0,    0,    0,    0,    0,    0,    0,    0,    0,    0,    0,    0,    0,    0,    0,    0,    0,    0,    0,    0,    0,    0,    0,    0,    0,    0,    0,    0,    0,    0,    0,    0,    0,    0,    0,    0,    0,    0,    0,    0,    0,    0,    0,    0,    0,    0,    0,    0,    0,    0,    0,    0,    0,    0,    0,    0,    0,    0,    0,    0,    0,    0,    0,    0,   -9,    0,    0,    0,    0,    0,    0,   -9,  -19,    0,    0,    0,    0,    0,   -9,    0,    0,    0,    0,    0,    0,    0,    0,    0,    0,    0,    0,    0,    0,    0,    0,    0,    0,    0,    0,    0,    0,    0,    0,  -34,    0,    0,  -34,    0,    0,    0,    0,    0,    0,    0,    0,    0,    0,    0,    0,
       0,    0,    0,    0,    0,    0,    0,    0,    0,    0,    0,    0,    0,    0,    0,    0,    0,    0,    0,    0,    0,    0,    0,    0,    0,    0,    0,    0,    0,    0,    0,    0,    0,    0,    0,    0,    0,    0,    0,    0,    0,  -11,    0,    0,    0,    0,    0,    0,    0,    0,    0,    0,    0,    0,    0,    0,    0,    0,    0,    0,    0,    0,    0,    0,    0,    0,    0,    0,    0,    0,    0,    0,    0,    0,    0,    0,    0,    0,    0,    0,    0,    0,    0,    0,    0,    0,    0,    0,    0,    0,    0,    0,    0,    0,    0,    0,    0,    0,    0,    0,    0,    0,    0,    0,    0,    0,    0,    0,    0,    0,    0,    0,    0,    0,    0,    0,    0,    0,    0,    0,    0,    0,    0,    0,    0,    0,    0,    0,    0,    0,    0,    0,    0,    0,    0,    0,    0,    0,    0,    0,    0,    0,    0,    0,    0,    0,    0,    0,    0,    0,    0,    0,    0,    0,    0,    0,    0,    0,    0,    0,    0,    0,    0,    0,    0,    0,    0,    0,    0,    0,   -2,    0,    0,    0,    0,    0,   -2,    0,   -2,    0,   -4,   -2,    2,   -2,    0,    0,    0,    0,    0,   -2,    0,   -2,    0,    0,    0,    0,    0,    0,    0,    0,    0,    0,    0,    0,    0,    0,    0,    0,    0,    0,    0,   -3,    0,    0,   -3,    0,    0,    0,    0,    0,    0,    0,    0,    0,    0,    0,    0,
       0,    0,    0,    0,    0,    0,    0,    0,    0,    0,    0,    0,    0,    0,    0,    0,    0,    0,    0,    0,    0,    0,    0,    0,    0,    0,    0,    0,    0,    0,    0,    0,    0,    0,    0,    0,    0,    0,    0,    0,    0,  -24,    0,    0,    0,    0,    0,    0,    0,    0,    0,    0,    0,    0,    0,    0,    0,    0,    0,    0,    0,    0,    0,    0,    0,    0,    0,    0,    0,    0,    0,    0,    0,    0,    0,    0,    0,    0,    0,    0,    0,    0,    0,    0,    0,    0,    0,    0,    0,    0,    0,    0,    0,    0,    0,    0,    0,    0,    0,    0,    0,    0,    0,    0,    0,    0,    0,    0,    0,    0,    0,    0,    0,    0,    0,    0,    0,    0,    0,    0,    0,    0,    0,    0,    0,    0,    0,    0,    0,    0,    0,    0,    0,    0,    0,    0,    0,    0,    0,    0,    0,    0,    0,    0,    0,    0,    0,    0,    0,    0,    0,    0,    0,    0,    0,    0,    0,    0,    0,    0,    0,    0,    0,    0,    0,    0,    0,    0,    0,    0,    0,    0,    0,    0,    0,    0,    0,    0,    0,    0,    0,    0,    0,    0,    0,    0,    0,    0,    0,    0,    0,    0,    0,    0,    0,    0,    0,    0,    0,    0,    0,    0,    0,    0,    0,    0,    0,    0,    0,    0,    0,    0,    0,    0,    0,    0,    0,    0,    0,    0,    0,    0,    0,    0,    0,    0,    0,
       0,    0,    0,    0,    0,    0,    0,    0,    0,    0,    0,    0,    0,    0,    0,    0,    0,    0,    0,    0,    0,    0,    0,    0,    0,    0,    0,    0,    0,    0,    0,    0,    0,    0,    0,    0,    0,    0,    0,    0,    0,    8,    0,    0,    0,    0,    0,    0,    0,    0,    0,    0,    0,    0,    0,    0,    0,    0,    0,    0,    0,    0,    0,    0,    0,    0,    0,    0,    0,    0,    0,    0,    0,    0,    0,    0,    0,    0,    0,    0,    0,    0,    0,    0,    0,    0,    0,    0,    0,    0,    0,    0,    0,    0,    0,    0,    0,    0,    0,    0,    0,    0,    0,    0,    0,    0,    0,    0,    0,    0,    0,    0,    0,    0,    0,    0,    0,    0,    0,    0,    0,    0,    0,    0,    0,    0,    0,    0,    0,    0,    0,    0,    0,    0,    0,    0,    0,    0,    0,    0,    0,    0,    0,    0,    0,    0,    0,    0,    0,    0,    0,    0,    0,    0,    0,    0,    0,    0,    0,    0,    0,    0,    0,    0,    0,    0,    0,    0,    0,    0,    0,    0,    0,    0,    0,    0,    0,    0,    0,    0,  -13,    0,    0,    0,    0,    0,    0,    0,    0,    0,    0,    0,    0,    0,    0,    0,    0,    0,    0,    0,    0,    0,    0,    0,    0,    0,    0,    0,    0,    0,    0,    0,    0,    0,    0,    0,    0,    0,    0,    0,    0,    0,    0,    0,    0,    0,    0,
       0,    0,    0,    0,    0,    0,    0,    0,    0,    0,    0,    0,    0,    0,    0,    0,    0,    0,    0,    0,    0,    0,    0,    0,    0,    0,    0,    0,    0,    0,    0,    0,    0,    0,    0,    0,    0,    0,    0,    0,    0,    0,    0,    0,    0,    0,    0,    0,    0,    0,    0,    0,    0,    0,    0,    0,    0,    0,    0,    0,    0,    0,    0,    0,    0,    0,    0,    0,    0,    0,    0,    0,    0,    0,    0,    0,    0,    0,    0,    0,    0,    0,    0,    0,    0,    0,    0,    0,    0,    0,    0,    0,    0,    0,    0,    0,    0,    0,    0,    0,    0,    0,    0,    0,    0,    0,    0,    0,    0,    0,    0,    0,    0,    0,    0,    0,    0,    0,    0,    0,    0,    0,    0,    0,    0,    0,    0,    0,    0,    0,    0,    0,    0,    0,    0,    0,    0,    0,    0,    0,    0,    0,    0,    0,    0,    0,    0,    0,    0,    0,    0,    0,    0,    0,    0,    0,    0,    0,    0,    0,    0,    0,    0,    0,    0,    0,    0,    0,    0,    0,    0,    0,    0,    0,    0,    0,    0,    0,    0,    0,  -10,    0,    0,    0,    0,    0,    0,    0,    0,    0,    0,    0,    0,    0,    0,    0,    0,    0,    0,    0,    0,    0,    0,    0,    0,    0,    0,    0,    0,    0,    0,    0,    0,    0,    0,    0,    0,    0,    0,    0,    0,    0,    0,    0,    0,    0,    0,
       0,    0,    0,    0,    0,    0,    0,    0,   14,    0,    0,    0,    0,    0,    0,    0,    0,    0,    0,    0,    0,    0,    0,    0,    0,    0,    0,    0,    0,    0,    0,    0,    0,    0,    0,    0,    0,    0,    0,    0,    0,  -40,    0,    0,    0,    0,    0,    0,    0,    0,    0,    0,    0,    0,    0,    0,    0,    0,    0,    0,    0,    0,    0,    0,    0,    0,    0,    0,   14,    0,    0,    0,    0,    0,    0,    0,    0,    0,    0,    0,    0,    0,    0,    0,    0,    0,    0,    0,    0,    0,    0,    0,    0,    0,    0,    0,    0,    0,    0,    0,    0,    0,    0,    0,    0,    0,    0,    0,    0,    0,    0,    0,    0,    0,    0,    0,    0,    0,    0,    0,    0,    0,    0,    0,    0,    0,    0,    0,    0,    0,    0,    0,    0,    0,    0,    0,    0,    0,    0,    0,    0,    0,    0,    0,    0,    0,  -23,    0,    0,    0,    0,  -23,  -46,    0,    0,    0,    0,   -5,    0,  -19,    0,    0,  -23,  -24,    0,    0,    0,    0,    0,    0,    0,    0,    0,    0,    0,    0,    0,    0,    0,    0,    0,    0,    0,    0,    0,    0,    0,    0,    0,    0,    0,    0,    0,    0,    0,    0,  -23,    0,    0,    0,  -46,    0,  -46,    0,    0,    0,    0,    0,    0,    0,    0,    0,    0,    0,    0,    0,    0,    0,    0,    0,    0,    0,    0,    0,    0,    0,    0,
       0,    0,    0,    0,    0,    0,    0,    0,  -14,    0,    0,    0,    0,    0,    0,    0,    0,    0,    0,    0,    0,    0,    0,    0,    0,    0,    0,    0,    0,    0,    0,    0,    0,    0,    0,    0,    0,    0,    0,    0,    0,  -38,    0,    0,    0,    0,    0,    0,    0,    0,    0,    0,    0,    0,    0,    0,    0,    0,    0,    0,    0,    0,    0,    0,    0,    0,    0,    0,  -14,    0,    0,    0,    0,    0,   -5,    0,    0,    0,    0,    0,    0,    0,    0,    0,    0,    0,    0,    0,    0,    0,    0,    0,    0,    0,    0,    0,    0,    0,    0,    0,    0,    0,    0,    0,    0,    0,    0,    0,    0,    0,    0,    0,    0,    0,    0,    0,    0,    0,    0,    0,    0,    0,    0,    0,    0,    0,    0,    0,    0,    0,    0,    0,    0,    0,    0,    0,    0,    0,    0,    0,    0,    0,    0,    0,    0,    0,   -8,  -26,    0,    0,    0,   -8,  -33,    0,    0,    0,    0,    0,  -26,  -38,  -24,    9,  -21,  -24,    0,    5,   -2,   -9,    0,    0,   -9,    0,    0,    0,    0,    0,   -9,    0,   -9,  -14,   -9,   -9,    0,  -14,  -14,    0,    0,    0,    0,   -9,    0,   -9,   -2,    0,    0,    0,  -13,    0,    0,    0,  -33,   -9,  -33,    0,    0,    0,    0,    0,    0,    0,    0,  -71,    0,    0,  -71,    0,    0,   -5,    0,    0,    0,    0,    0,    0,    0,    0,    0,
       0,    0,    0,    0,    0,    0,    0,    0,    0,    0,    0,    0,    0,    0,    0,    0,    0,    0,    0,    0,    0,    0,    0,    0,    0,    0,    0,    0,    0,    0,    0,    0,    0,    0,    0,    0,    0,    0,    0,    0,    0,  -58,    0,    0,    0,    0,    0,    0,    0,    0,    0,    0,    0,    0,    0,    0,    0,    0,    0,    0,    0,    0,    0,    0,    0,    0,    0,    0,    0,    0,    0,    0,    0,    0,    0,    0,    0,    0,    0,    0,    0,    0,    0,    0,    0,    0,    0,    0,    0,    0,    0,    0,    0,    0,    0,    0,    0,    0,    0,    0,    0,    0,    0,    0,    0,    0,    0,    0,    0,    0,    0,    0,    0,    0,    0,    0,    0,    0,    0,    0,    0,    0,    0,    0,    0,    0,    0,    0,    0,    0,    0,    0,    0,    0,    0,    0,    0,    0,    0,    0,    0,    0,    0,    0,    0,    0,    0,    0,    0,    0,    0,    0,    0,    0,    0,    0,    0,    0,    0,    0,    0,    0,    0,    0,    0,    0,    1,   -5,    0,    0,  -15,    0,    0,    0,    0,    0,   -5,    0,   -5,  -31,  -44,   -5,    0,  -20,   -2,    0,    0,    0,    0,   -5,    0,   -5,    0,    0,    0,    0,    0,  -13,    0,    0,    0,    0,    0,    0,    0,    0,    0,    0,    0,    0,    0,  -55,    0,    0,  -55,    0,    0,    0,    0,    0,    0,    0,    0,    0,    0,    0,    0,
       0,    0,    0,    0,    0,    0,    0, -107,  -70,  -51,  -44,    0,    0,    0,    0,    0,    0,    0,    0,    0,    0,  -46,  -46,    0,    0,    0,  -30,    0,    0,    0,    0,    0,    0,    0,    0,    0,    0,    0,    0,    0,    0,    0,    0,    0,    0,    0,    0,    0,    0,    0,    0,    0,    0,    0,    0,    0,    0,    0,    0,    0,    0,    0,    0,    0,    0,    0,    0,    0,  -70,    0,    0,    0,    0,    0,   -9,    0,  -30,  -30,    0,    0,    0,    0,    0,    0,    0,    0,    0,    0,    0,    0,    0,    0,    0,    0,    0,    0,    0,    0,    0,    0,    0,    0,    0,    0,    0,    0,    0,    0,    0,    0,    0,    0,    0,    0,    0,    0,    0,    0,    0,    0,    0,    0,    0,    0,    0,    0,    0,    0,    0,    0,    0,    0,    0,  -30,    0,    0,    0,    0,    0,    0,    0,    0,    0,    0,    0,    0,    4,  -30,   -5,  -46,  -37,    4,    7,  -88,  -23,  -21,   -7,  -16,  -28,   -2,  -23,    0,   13,    4,   -5,  -47,  -58,  -28,  -44,  -45,  -74,  -42,  -60,  -52, -102,  -53,  -72,  -35,  -78,  -35,  -48,  -78,  -32,  -24,  -49,  -52,  -60,  -54,  -93,  -72,    0,  -72,  -23,  -42,  -22,   -9,   17,   -9,  -21,  -42,    7,   -7,    7,    0,    0,    0,    0,    0,    0,    0,    0,    0,    0,    0,    0,  -51,    0,   -9,    0,    0,    0,    0,    0,    0,    0,    0,    0,
       0,    0,    0,    0,    0,    0,    0,  -88,   -9,  -37,  -22,    0,    0,    0,    0,    0,    0,    0,    0,    0,    0,    0,    0,    0,    0,    0,    0,    0,    0,    0,    0,    0,    0,    0,    0,    0,    0,    0,    0,    0,    0,  -20,    0,    0,    0,    0,    0,    0,    0,    0,    0,    0,    0,    0,    0,    0,    0,    0,    0,    0,    0,    0,    0,    0,    0,    0,    0,    0,   -9,    0,    0,    0,    0,    0,    0,    0,    0,    0,    0,    0,    0,    0,    0,    0,    0,    0,    0,    0,    0,    0,    0,    0,    0,    0,    0,    0,    0,    0,    0,    0,    0,    0,    0,    0,    0,    0,    0,    0,    0,    0,    0,    0,    0,    0,    0,    0,    0,    0,    0,    0,    0,    0,    0,    0,    0,    0,    0,    0,    0,    0,    0,    0,    0,    0,    0,    0,    0,    0,    0,    0,    0,    0,    0,    0,    0,    0,    0,    0,    0,    0,    0,    0,    0,    0,    0,    0,    0,    0,    0,    0,    0,    0,    0,    0,    0,    0,   -2,    0,    0,   -9,  -11,  -23,    0,    0,  -26,    0,  -11,    0,  -11,    0,   -5,  -11,    0,    0,    0,    0,    0,    0,  -16,  -11,    0,  -12,   -7,    0,    0,    0,    0,    0,    0,  -48,    0,    0,    0,    0,    0,    0,    0,    0,    0,    0,    0,    0,    0,    0,    0,  -37,    0,    0,    0,    0,    0,    0,    0,    0,    0,    0,    0,
       0,    0,    0,    0,    0,    0,    0,    0,    0,    0,    0,    0,    0,    0,    0,    0,    0,    0,    0,    0,    0,    0,    0,    0,    0,    0,    0,    0,    0,    0,    0,    0,    0,    0,    0,    0,    0,    0,    0,    0,    0,  -30,    0,    0,    0,    0,    0,    0,    0,    0,    0,    0,    0,    0,    0,    0,    0,    0,    0,    0,    0,    0,    0,    0,    0,    0,    0,    0,    0,    0,    0,    0,    0,    0,    0,    0,    0,    0,    0,    0,    0,    0,    0,    0,    0,    0,    0,    0,    0,    0,    0,    0,    0,    0,    0,    0,    0,    0,    0,    0,    0,    0,    0,    0,    0,    0,    0,    0,    0,    0,    0,    0,    0,    0,    0,    0,    0,    0,    0,    0,    0,    0,    0,    0,    0,    0,    0,    0,    0,    0,    0,    0,    0,    0,    0,    0,    0,    0,    0,    0,    0,    0,    0,    0,    0,    0,    0,    0,    0,    0,    0,    0,    0,    0,    0,    0,    0,    0,    0,    0,    0,    0,    0,    0,    0,    0,    1,   -5,    0,    0,  -15,    0,    0,    0,    0,    0,   -5,    0,   -5,   -3,    7,   -5,    0,  -19,   -2,    0,    0,    0,    0,   -5,    0,   -5,    0,    0,    0,    0,    0,  -12,    0,    0,    0,    0,    0,    0,    0,    0,    0,    0,    0,    0,    0,  -16,    0,    0,  -16,    0,    0,    0,    0,    0,    0,    0,    0,    0,    0,    0,    0,
       0,    0,    0,    0,    0,    0,    0,    0,  -14,    0,    0,    0,    0,    0,    0,    0,    0,    0,    0,    0,    0,    0,    0,    0,    0,    0,    0,    0,    0,    0,    0,    0,    0,    0,    0,    0,    0,    0,    0,    0,    0,  -38,    0,    0,    0,    0,    0,    0,    0,    0,    0,    0,    0,    0,    0,    0,    0,    0,    0,    0,    0,    0,    0,    0,    0,    0,    0,    0,  -14,    0,    0,    0,    0,    0,   -9,    0,    0,    0,    0,    0,    0,    0,    0,    0,    0,    0,    0,    0,    0,    0,    0,    0,    0,    0,    0,    0,    0,    0,    0,    0,    0,    0,    0,    0,    0,    0,    0,    0,    0,    0,    0,    0,    0,    0,    0,    0,    0,    0,    0,    0,    0,    0,    0,    0,    0,    0,    0,    0,    0,    0,    0,    0,    0,    0,    0,    0,    0,    0,    0,    0,    0,    0,    0,    0,    0,    0,   -8,  -12,    0,    0,    0,   -8,  -16,    0,    0,    0,    0,    0,  -12,   -9,  -14,    9,  -19,  -22,    0,    5,   -2,   -9,    0,    0,   -9,    0,    0,    0,    0,    0,   -9,    0,   -9,  -14,   -9,   -9,    0,  -14,  -14,    0,    0,    0,    0,   -9,    0,   -9,   -2,    0,    0,    0,  -13,    0,    0,    0,  -16,   -9,  -16,    0,    0,    0,    0,    0,    0,    0,    0,  -34,    0,    0,  -34,    0,    0,   -9,    0,    0,    0,    0,    0,    0,    0,    0,    0,
       0,    0,    0,    0,    0,    0,    0, -128,  -19,  -68,  -54,    0,    0,    0,    0,    0,    0,    0,    0,    0,    0,  -19,  -19,    0,    0,    0,    0,    0,    0,    0,    0,    0,    0,    0,    0,    0,    0,    0,    0,    0,    0,    0,    0,    0,    0,    0,    0,    0,    0,    0,    0,    0,    0,    0,    0,    0,    0,    0,    0,    0,    0,    0,    0,    0,    0,    0,    0,    0,  -19,    0,    0,    0,    0,    0,  -74,    0,    0,    0,    0,    0,    0,    0,    0,    0,    0,    0,    0,    0,    0,    0,    0,    0,    0,    0,    0,    0,    0,    0,    0,    0,    0,    0,    0,    0,    0,    0,    0,    0,    0,    0,    0,    0,    0,    0,    0,    0,    0,    0,    0,    0,    0,    0,    0,    0,    0,    0,    0,    0,    0,    0,    0,    0,    0,    0,    0,    0,    0,    0,    0,    0,    0,    0,    0,    0,    0,    0,    0,  -28,   -9,  -58,  -34,    0,    0,  -98,  -21,   -7,    0,   -9,  -28,    0,  -21,    0,    0,    0,    0,  -28,  -42,  -23,  -27,  -33,  -43,  -35,  -32,  -27,  -53,  -58,  -43,  -28,  -43,  -30,  -23,  -43,  -26,  -28,  -33,  -27,  -32,  -27,  -53,  -43,    0,  -43,  -42,  -27,   -2,    0,    0,    0,  -28,  -35,    0,  -21,    0,    0,    0,    0,    0,    0,    0,    0,    0,    0,    0,    0,    0,  -68,    0,  -74,    0,    0,    0,    0,    0,    0,    0,    0,    0,
       0,    0,    0,    0,    0,    0,    0,  -36,    0,  -36,  -16,    0,    0,    0,    0,    0,    0,    0,    0,    0,    0,    0,    0,    0,    0,    0,    0,    0,    0,    0,    0,    0,    0,    0,    0,    0,    0,    0,    0,    0,    0,    0,    0,    0,    0,    0,    0,    0,    0,    0,    0,    0,    0,    0,    0,    0,    0,    0,    0,    0,    0,    0,    0,    0,    0,    0,    0,    0,    0,    0,    0,    0,    0,    0,    0,    0,    0,    0,    0,    0,    0,    0,    0,    0,    0,    0,    0,    0,    0,    0,    0,    0,    0,    0,    0,    0,    0,    0,    0,    0,    0,    0,    0,    0,    0,    0,    0,    0,    0,    0,    0,    0,    0,    0,    0,    0,    0,    0,    0,    0,    0,    0,    0,    0,    0,    0,    0,    0,    0,    0,    0,    0,    0,    0,    0,    0,    0,    0,    0,    0,    0,    0,    0,    0,    0,    0,    0,    0,    0,    0,    0,    0,    0,    0,    0,    0,    0,    0,    0,    0,    0,    0,    0,    0,    0,    0,    0,    0,    0,    0,   -5,    0,    0,    0,  -19,    0,   -5,    0,   -5,    0,    0,   -5,    0,    0,    0,    0,    0,    0,    0,   -5,    0,   -5,    0,    0,    0,    0,    0,    0,    0,    0,    0,    0,    0,    0,    0,    0,    0,    0,    0,    0,    0,    0,    0,    0,    0,  -36,    0,    0,    0,    0,    0,    0,    0,    0,    0,    0,    0,
       0,    0,    0,    0,    0,    0,    0,    0,    0,    0,    0,    0,    0,    0,    0,    0,    0,    0,    0,    0,    0,    0,    0,    0,    0,    0,    0,    0,    0,    0,    0,    0,    0,    0,    0,    0,    0,    0,    0,    0,    0,  -38,    0,    0,    0,    0,    0,    0,    0,    0,    0,    0,    0,    0,    0,    0,    0,    0,    0,    0,    0,    0,    0,    0,    0,    0,    0,    0,    0,    0,    0,    0,    0,    0,    0,    0,    0,    0,    0,    0,    0,    0,    0,    0,    0,    0,    0,    0,    0,    0,    0,    0,    0,    0,    0,    0,    0,    0,    0,    0,    0,    0,    0,    0,    0,    0,    0,    0,    0,    0,    0,    0,    0,    0,    0,    0,    0,    0,    0,    0,    0,    0,    0,    0,    0,    0,    0,    0,    0,    0,    0,    0,    0,    0,    0,    0,    0,    0,    0,    0,    0,    0,    0,    0,    0,    0,  -28,    0,    0,    0,    0,  -28,  -30,    0,    0,    0,    0,    0,    0,  -42,    0,    0,  -39,  -28,    0,    0,    0,    0,    0,    0,    0,    0,    0,    0,    0,    0,    0,    0,    0,    0,    0,    0,    0,    0,    0,    0,    0,    0,    0,    0,    0,    0,    0,    0,    0,    0,  -28,    0,    0,    0,  -30,    0,  -30,    0,    0,    0,    0,    0,    0,    0,    0,  -34,    0,    0,  -34,    0,    0,    0,    0,    0,    0,    0,    0,    0,    0,    0,    0,
      -6,  -19,    0,    0,    0,  -23,    0,   -2,    0,   -2,   -3,    0,    0,    0,    0,    0,    0,    0,    0,    0,    0,    0,    0,    0,  -16,   -2,    0,    0,    0,    0,    0,    0,    0,    0,  -23,    0,    0,    0,    0,    0,    0,  -35,    0,    0,   -9,    0,    0,    0,    0,    0,   -3,    0,    0,   -5,   -5,    0,   -9,   -5,   -3,   -6,   -5,  -17,   -7,   -7,  -17,   -5,    0,    0,    0,    0,    0,    0,    0,    0,    0,    0,    0,    0,    0,    0,    0,    0,    0,    0,    0,    0,    0,    0,    0,    0,    0,    0,    0,    0,    0,    0,   -5,    0,    0,    0,    0,   -5,   -5,  -17,   -3,    0,    0,    0,    0,    0,    0,    0,    0,    0,    0,    0,   -5,    0,   -3,   -5,   -3,   -3,   -3,   -3,  -23,   -6,  -23,    0,   -7,   -5,   -5,    0,    0,    0,    0,    0,   -5,    0,    0,    0,    0,    0,    0,    0,   -5,    0,    0,    0,    0,    0,    0,    0,    0,    0,    0,    0,    0,    0,    0,    0,    0,    0,    0,    0,    0,    0,    0,    0,    0,    0,    0,    0,    0,    0,    0,    0,    0,    0,    0,    0,    0,    0,    0,    0,    0,    0,    0,    0,    0,    0,    0,    0,    0,    0,    0,    0,    0,    0,    0,    0,    0,    0,    0,    0,    0,    0,    0,    0,    0,   -9,  -16,  -22,    0,  -16,  -22,   -2,    0,    0,    0,    0,    0,    0,    0,    0,    0,    0,    0,
       0,    0,    0,  -19,    0,    0,    0,  -54,  -34,  -54,  -44,    0,    0,    0,    0,    0,    0,    0,    0,    0,    0,  -19,  -19,    0,    0,   -7,  -58,    0,  -20,  -43,   -4,    0,  -20,   -6,    0,    1,    7,    5,    8,    8,    0,    0,    0,  -31,    0,  -36,  -36,  -36,  -11,  -32,    0,    0,    0,  -17,  -17,  -36,  -17,  -17,  -34,  -16,  -15,  -14,  -12,  -11,  -14,  -20,    0,  -38,  -34,    0,    0,    0,    0,    0,  -14,    0,  -58,  -58,  -12,    0,    1,    8,  -31,  -31,  -31,  -31,  -31,  -31,  -36,  -36,  -36,    0,    0,    0,    0,  -36,  -17,  -36,  -36,  -36,  -36,  -15,  -15,  -14,    0,  -31,  -31,  -31,  -36,  -36,  -36,  -32,  -32,    0,    0,    0,  -17,    0,    0,  -17,  -34,  -34,  -34,  -34,    0,  -16,    0,    5,  -12,  -20,  -20,  -36,  -36,  -58,  -31,    0,  -15,  -31,  -31,  -31,  -36,    0,    0,  -36,  -17,    0,    0,    0,    0,    0,    0,    0,    0,    0,    0,    0,    0,    0,    0,    0,    0,    0,    0,    0,    0,    0,    0,    0,    0,    0,    0,    0,    0,    0,    0,    0,    0,    0,    0,    0,    0,    0,    0,    0,    0,    0,    0,    0,    0,    0,    0,    0,    0,    0,    0,    0,    0,    0,    0,    0,    0,    0,    0,  -31,  -31,  -31,  -36,    0,    8,  -14,    0,    0,    0,    0,    0,  -54,  -38,  -14,    0,    0,    0,    0,    0,    0,    0,    0,    0,
       0,    0,    0,   -6,    0,    0,    0,  -38,  -19,  -38,  -33,    0,    0,    0,    0,    0,    0,    0,    0,    0,    0,    0,    0,    0,    4,  -19,    0,    0,    0,    0,    0,    0,    0,    0,    0,    0,    0,    0,    0,    0,    0,    0,    0,  -12,    0,  -19,  -19,  -19,    0,    0,    0,    0,    0,   -2,   -2,  -19,   -2,   -2,  -14,    0,    0,    0,    0,    0,    0,   -3,    0,  -15,  -19,    0,    0,    0,    0,    0,    0,    0,    0,    0,    0,    0,    0,    0,  -12,  -12,  -12,  -12,  -12,  -12,  -19,  -19,  -19,    0,    0,    0,    0,  -19,   -2,  -19,  -19,  -19,  -19,    0,    0,    0,    0,  -12,  -12,  -12,  -19,  -19,  -19,    0,    0,    0,    0,    0,   -2,    0,    0,   -2,  -14,  -14,  -14,  -14,    0,    0,    0,    0,    0,   -3,   -3,  -19,  -19,    0,  -12,    0,    0,  -12,  -12,  -12,  -19,    0,    0,  -19,   -2,    0,    0,    0,    0,    0,    0,    0,    0,    0,    0,    0,    0,    0,    0,    0,    0,    0,    0,    0,    0,    0,    0,    0,    0,    0,    0,    0,    0,    0,    0,    0,    0,    0,    0,    0,    0,    0,    0,    0,    0,    0,    0,    0,    0,    0,    0,    0,    0,    0,    0,    0,    0,    0,    0,    0,    0,    0,    0,  -12,  -12,  -12,  -19,    0,    0,    0,    0,    0,    0,    0,    0,  -38,  -15,    0,    0,    0,    0,    0,    0,    0,    0,    0,    0,
       0,    0,    0,  -24,    0,    0,    0,  -73,  -43,  -73,  -34,    0,    0,    0,    0,    0,    0,    0,    0,    0,    0,    0,    0,    0,    0,  -53,  -67,    0,  -19,  -23,   -4,    0,  -19,  -10,    0,    0,   10,   11,    5,    4,   -3,    0,    0,  -50,    0,  -57,  -57,  -57,  -17,  -51,    0,   -8,   -1,  -27,  -27,  -57,  -27,  -27,  -48,  -19,  -21,  -17,  -13,  -17,  -17,  -27,    0,  -52,  -43,    0,    0,    0,    0,    0,  -19,    0,  -67,  -67,    0,    0,    0,    4,  -50,  -50,  -50,  -50,  -50,  -50,  -57,  -57,  -57,   -8,   -8,   -8,   -8,  -57,  -27,  -57,  -57,  -57,  -57,  -21,  -21,  -17,    0,  -50,  -50,  -50,  -57,  -57,  -57,  -51,  -51,   -8,   -8,   -8,  -27,   -1,    0,  -27,  -48,  -48,  -48,  -48,    0,  -19,    0,   11,  -13,  -27,  -27,  -57,  -57,  -67,  -50,   -8,  -21,  -50,  -50,  -50,  -57,   -8,   -8,  -57,  -27,    0,    0,    0,    0,    0,    0,    0,    0,    0,    0,    0,    0,    0,    0,    0,    0,    0,    0,    0,    0,    0,    0,    0,    0,    0,    0,    0,    0,    0,    0,    0,    0,    0,    0,    0,    0,    0,    0,    0,    0,    0,    0,    0,    0,    0,    0,    0,    0,    0,    0,    0,    0,    0,    0,    0,    0,    0,    0,  -50,  -50,  -50,  -57,   -8,    4,  -17,    0,    0,    0,    0,    0,  -73,  -52,  -19,    0,    0,    0,    0,    0,    0,    0,    0,    0,
       0,    0,    0,  -24,    0,    0,    0,  -43,  -35,  -43,  -45,    0,    0,    0,    0,    0,    0,    0,    0,    0,    0,  -18,  -18,    0,    0,  -48,  -55,    0,  -25,  -50,   -6,    0,  -25,  -12,    0,    0,    0,    0,    0,    0,    0,    0,    0,  -45,    0,  -48,  -48,  -48,  -19,  -45,    0,   -5,   -2,  -32,  -32,  -48,  -32,  -32,  -39,  -18,  -32,  -27,  -20,  -29,  -27,  -33,    0,  -35,  -35,    0,    0,    0,  -28,    0,  -17,    0,  -55,  -55,  -26,    0,    0,    0,  -90,  -45,  -73,  -71,  -57,  -86,  -48,  -90,  -73,   -3,   -5,   11,   29,  -48,  -32,  -91,  -87,  -78,  -48,  -32,  -61,  -27,    0,  -80,  -82,  -45,  -48,  -48,  -48,  -45,  -45,   17,   15,    7,  -32,   19,    0,  -32,  -39,  -63,  -39,  -74,    0,  -18,    0,    0,  -20,  -33,  -33,  -48,  -48,  -55,  -45,   -9,  -32,  -45,  -72,  -83,  -75,   25,   12,  -77,  -43,    0,    0,    0,    0,    0,    0,    0,    0,    0,    0,    0,    0,    0,    0,    0,    0,    0,    0,    0,    0,    0,    0,    0,    0,    0,    0,    0,    0,    0,    0,    0,    0,    0,    0,    0,    0,    0,    0,    0,    0,    0,    0,    0,    0,    0,    0,    0,    0,    0,    0,    0,    0,    0,    0,    0,    0,    0,    0,  -82,  -84,  -90,  -91,    1,    0,  -27,    0,    0,    0,    0,    0,  -43,  -35,  -17,    0,    0,    0,    0,    0,    0,    0,    0,    0,
       0,    0,    0,    0,    0,    0,    0,  -47,    0,  -47,    0,    0,    0,    0,    0,  -26,    0,    0,    5,    0,    0,    0,    0,    0,    0,    0,  -51,    0,   -6,  -44,   -7,    0,   -6,    0,    0,    0,    0,    0,    0,    0,    0,    0,    0,  -13,    0,  -22,  -22,  -22,  -13,  -27,   -2,    0,    0,   -5,   -5,  -22,   -5,   -5,  -22,   -6,    0,    0,    0,    0,    0,    0,    0,    0,    0,    0,    0,    0,    0,    0,    0,  -58,  -51,  -51,  -95,    0,    0,    0,  -13,  -13,  -13,  -13,  -13,  -13,  -22,  -22,  -22,    0,    0,    8,   20,  -22,   -5,  -22,  -22,  -22,  -22,    0,    0,    0,   -2,  -13,  -13,  -13,  -22,  -22,  -22,  -27,  -27,    6,    5,    0,   -5,    5,   -2,   -5,  -22,  -22,  -22,  -22,    0,   -6,    0,    0,    0,    0,    0,  -22,  -22,  -51,  -13,    0,    0,  -13,  -13,  -13,  -22,    4,    5,  -22,   -5,    0,    0,  -20,  -18,  -62,  -26,    0,    0,  -60,  -12,  -48,    0,  -18,  -20,    0,  -18,    0,    0,    0,    0,  -20,  -22,  -16,  -16,  -22,  -30,  -18,  -12,  -16,  -26,  -16,  -30,    0,  -30,  -12,    0,  -30,    0,    0,    0,  -16,  -12,  -16,  -28,  -30,    0,  -30,  -20,  -16,  -16,    0,    0,    0,  -96,  -60,    0,    0,    0,  -13,  -13,  -13,  -22,    0,    0,    0,    0,    0,    0,    0,    0,  -47,    0,    0,    0,    0,    0,    0,    0,    0,    0,  -20,    0,
       0,    0,    0,    0,    0,    0,    0,  -52,    0,  -52,    0,   -9,    0,    0,    0,  -37,   -4,  -15,    0,   -6,    0,    0,    0,    0,    0,    0,  -43,    0,  -25,  -40,    0,    0,  -25,   -8,    0,    0,    0,    0,    0,    0,   -5,    0,    0,  -34,    0,  -45,  -45,  -45,  -23,  -37,   -9,    5,    9,   -9,   -9,  -45,   -9,   -9,  -38,  -13,  -16,  -18,  -19,  -14,  -18,  -14,   -1,    0,    0,    0,    0,    0,    0,    0,    0,  -68,  -43,  -43,  -41,    0,    0,    0,  -34,  -34,  -34,  -34,  -34,  -34,  -45,  -45,  -45,    5,    5,   12,   22,  -45,   -9,  -45,  -45,  -45,  -45,  -16,  -16,  -18,   -9,  -34,  -34,  -34,  -45,  -45,  -45,  -37,  -37,   16,   12,    5,   -9,    9,   -9,   -9,  -38,  -38,  -38,  -38,    0,  -13,    0,    0,  -19,  -14,  -14,  -45,  -45,  -43,  -34,    5,  -16,  -34,  -34,  -34,  -72,   38,   14,  -72,   -9,    0,    0,    0,    0,    0,    0,    0,    0,    0,    0,    0,    0,    0,    0,    0,    0,    0,    0,    0,    0,    0,    0,    0,    0,    0,    0,    0,    0,    0,    0,    0,    0,    0,    0,    0,    0,    0,    0,    0,    0,    0,    0,    0,    0,    0,    0,    0,    0,    0,    0,    0,    0,    0,    0,    0,    0,    0,    0,  -34,  -34,  -34,  -45,   14,    0,  -18,    0,    0,    0,    0,    0,  -52,    0,    0,    0,    0,    0,    0,    0,    0,    0,    0,    0,
       0,    0,    0,    0,    0,    0,    0,    0,    0,    0,    0,    0,    0,    0,    0,  -12,    0,   -5,  -34,    0,    0,    0,    0,    0,  -30,    0,    0,    0,  -17,    0,    0,    0,  -17,    0,  -45,  -23,  -52,  -39,    0,  -51,    0,    0,    0,    0,  -11,   -7,   -7,   -7,    0,    0,    0,    0,    0,    0,    0,   -7,    0,    0,    0,  -18,  -16,  -46,  -39,    0,  -77,    0,   -1,    0,    0,    0,    0,    0,    0,    0,    0,    0,    0,    0,    0,    0,  -23,  -51,    0,    0,    0,    0,    0,    0,   -7,   -7,   -7,    0,    0,    0,    0,   -7,    0,   -7,   -7,   -7,   -7,  -16,  -16,  -46,    0,    0,    0,    0,   -7,   -7,   -7,    0,    0,    0,    0,    0,    0,    0,    0,    0,    0,    0,    0,    0,  -45,  -18,  -45,  -39,  -39,    0,    0,   -7,   -7,    0,    0,    0,  -16,    0,    0,    0,   -7,    0,    0,   -7,    0,    0,    0,    0,    0,    0,    0,    0,    0,    0,    0,    0,    0,    0,    0,    0,    0,    0,    0,    0,    0,    0,    0,    0,    0,    0,    0,    0,    0,    0,    0,    0,    0,    0,    0,    0,    0,    0,    0,    0,    0,    0,    0,    0,    0,    0,    0,    0,    0,    0,    0,    0,    0,    0,    0,    0,    0,    0,    0,    0,    0,    0,   -7,    0,  -51,  -46,    0,    0,    0,    0,    0,    0,    0,    0,    0,    0,    0,    0,    0,    0,    0,    0,    0,
       0,    0,    0,    0,    0,    0,    0,    0,    0,    0,    0,    0,    0,    0,    0,    0,    0,    0,    0,    0,    0,    0,    0,    0,    0,    0,    0,    0,    0,    0,    0,    0,    0,    0,    0,    0,    0,    0,    0,    0,    0,    0,    0,    0,    0,    0,    0,    0,    0,    0,    0,    0,    0,    0,    0,    0,    0,    0,    0,    0,    0,    0,    0,    0,    0,    0,    0,    0,    0,    0,    0,   -2,    0,    0,    0,    0,    0,    0,    0,    0,    0,    0,    0,    0,    0,    0,    0,    0,    0,    0,    0,    0,    0,    0,    0,    0,    0,    0,    0,    0,    0,    0,    0,    0,    0,    0,    0,    0,    0,    0,    0,    0,    0,    0,    0,    0,    0,    0,    0,    0,    0,    0,    0,    0,    0,    0,    0,    0,    0,    0,    0,    0,    0,    0,    0,    0,    0,    0,    0,    0,    0,    0,    0,    0,    0,    0,    0,    0,    0,    0,    0,    0,    0,    0,    0,    0,    0,    0,    0,    0,    0,    0,    0,    0,    0,    0,    0,    0,    0,    0,    0,    0,    0,    0,    0,    0,    0,    0,    0,    0,    0,    0,    0,    0,    0,    0,    0,    0,    0,    0,    0,    0,    0,    0,    0,    0,    0,    0,    0,    0,    0,    0,    0,    0,    0,    0,    0,    0,    0,    0,    0,    0,    0,    0,    0,    0,    0,    0,    0,    0,    0,    0,    0,    0,    0,    0,    0,
       0,    0,    0,    0,    0,    0,    0,    0,    0,    0,    0,    0,    0,    0,    0,    0,    0,    0,    0,    0,    0,    0,    0,    0,    0,    0,    0,    0,    0,    0,    0,    0,    0,    0,    0,    0,    0,    0,    0,    0,    0,    0,    0,    0,    0,    0,    0,    0,    0,    0,    0,    0,    0,    0,    0,    0,    0,    0,    0,    0,    0,    0,    0,    0,    0,    0,    0,    0,    0,    0,    0,    0,    0,    0,    0,    0,    0,    0,    0,    0,    0,    0,    0,    0,    0,    0,    0,    0,    0,    0,    0,    0,    0,    0,    0,    0,    0,    0,    0,    0,    0,    0,    0,    0,    0,    0,    0,    0,    0,    0,    0,    0,    0,    0,    0,    0,    0,    0,    0,    0,    0,    0,    0,    0,    0,    0,    0,    0,    0,    0,    0,    0,    0,    0,    0,    0,    0,    0,    0,    0,    0,    0,    0,    0,    0,    0,    0,    0,    0,    0,    0,    0,    0,    0,    0,    0,    0,    0,    0,    0,    0,    0,    0,    0,    0,    0,    0,    0,    0,    0,    0,    0,    0,    0,    0,    0,    0,    0,    0,    0,    0,    0,    0,    0,    0,    0,    0,    0,    0,    0,    0,    0,    0,    0,    0,    0,    0,    0,    0,    0,    0,    0,    0,    0,    0,    0,    0,    0,    0,    0,    0,    0,    0,    0,    0,    0,    0,    0,    0,    0,    0,    0,   -6,    0,   -2,    0,    0,
       0,    0,    0,    0,    0,    0,    0,    0,    0,    0,    0,    0,    0,    0,    0,    0,    0,    0,    0,    0,    0,    0,    0,    0,    0,    0,    0,    0,    0,    0,    0,    0,    0,    0,    0,    0,    0,    0,    0,    0,    0,    0,    0,    0,    0,    0,    0,    0,    0,    0,    0,    0,    0,    0,    0,    0,    0,    0,    0,    0,    0,    0,    0,    0,    0,    0,    0,    0,    0,    0,   -3,   -4,    0,    0,    0,    0,    0,    0,    0,    0,    0,    0,    0,    0,    0,    0,    0,    0,    0,    0,    0,    0,    0,    0,    0,    0,    0,    0,    0,    0,    0,    0,    0,    0,    0,    0,    0,    0,    0,    0,    0,    0,    0,    0,    0,    0,    0,    0,    0,    0,    0,    0,    0,    0,    0,    0,    0,    0,    0,    0,    0,    0,    0,    0,    0,    0,    0,    0,    0,    0,    0,    0,    0,    0,    0,    0,    0,    0,    0,    0,    0,    0,    0,    0,    0,    0,    0,    0,    0,    0,    0,    0,    0,    0,    0,    0,    0,    0,    0,    0,    0,    0,    0,    0,    0,    0,    0,    0,    0,    0,    0,    0,    0,    0,    0,    0,    0,    0,    0,    0,    0,    0,    0,    0,    0,    0,    0,    0,    0,    0,    0,    0,    0,    0,    0,    0,    0,    0,    0,    0,    0,    0,    0,    0,    0,    0,    0,    0,    0,    0,    0,    0,   -5,    0,    0,    0,    0,
       0,    0,    0,    0,    0,    0,    0,    0,    0,    0,    0,    0,    0,    0,    0,    0,    0,    0,    0,    0,    0,    0,    0,    0,    0,    0,    0,    0,    0,    0,    0,    0,    0,    0,    0,    0,    0,    0,    0,    0,    0,    0,    0,    0,    0,    0,    0,    0,    0,    0,    0,    0,    0,    0,    0,    0,    0,    0,    0,    0,    0,    0,    0,    0,    0,    0,    0,    0,    0,    0,    0,    0,    0,    0,    0,    0,    0,    0,    0,    0,    0,    0,    0,    0,    0,    0,    0,    0,    0,    0,    0,    0,    0,    0,    0,    0,    0,    0,    0,    0,    0,    0,    0,    0,    0,    0,    0,    0,    0,    0,    0,    0,    0,    0,    0,    0,    0,    0,    0,    0,    0,    0,    0,    0,    0,    0,    0,    0,    0,    0,    0,    0,    0,    0,    0,    0,    0,    0,    0,    0,    0,    0,    0,    0,    0,    0,    0,    0,    0,    0,    0,    0,    0,    0,    0,    0,    0,    0,    0,    0,    0,    0,    0,    0,    0,    0,    0,    0,    0,    0,    0,    0,    0,    0,    0,    0,    0,    0,    0,    0,    0,    0,    0,    0,    0,    0,    0,    0,    0,    0,    0,    0,    0,    0,    0,    0,    0,    0,    0,    0,    0,    0,    0,    0,    0,    0,    0,    0,    0,    0,    0,    0,    0,    0,    0,    0,    0,    0,   -5,  -12,   -5,   -5,    0,   -3,    0,    0,    0,
       0,    0,    0,    0,    0,    0,    0,    0,    0,    0,    0,    0,    0,    0,    0,    0,    0,    0,    0,    0,    0,    0,    0,    0,    0,    0,    0,    0,    0,    0,    0,    0,    0,    0,    0,    0,    0,    0,    0,    0,    0,    0,    0,    0,    0,    0,    0,    0,    0,    0,    0,    0,    0,    0,    0,    0,    0,    0,    0,    0,    0,    0,    0,    0,    0,    0,    0,    0,    0,    0,    0,   -2,    0,    0,    0,    0,    0,    0,    0,    0,    0,    0,    0,    0,    0,    0,    0,    0,    0,    0,    0,    0,    0,    0,    0,    0,    0,    0,    0,    0,    0,    0,    0,    0,    0,    0,    0,    0,    0,    0,    0,    0,    0,    0,    0,    0,    0,    0,    0,    0,    0,    0,    0,    0,    0,    0,    0,    0,    0,    0,    0,    0,    0,    0,    0,    0,    0,    0,    0,    0,    0,    0,    0,    0,    0,    0,    0,    0,    0,    0,    0,    0,    0,    0,    0,    0,    0,    0,    0,    0,    0,    0,    0,    0,    0,    0,    0,    0,    0,    0,    0,    0,    0,    0,    0,    0,    0,    0,    0,    0,    0,    0,    0,    0,    0,    0,    0,    0,    0,    0,    0,    0,    0,    0,    0,    0,    0,    0,    0,    0,    0,    0,    0,    0,    0,    0,    0,    0,    0,    0,    0,    0,    0,    0,    0,    0,    0,    0,    0,    0,    0,    0,   -6,    0,    0,    0,    0,
       0,    0,    0,    0,    0,    0,    0,    0,    0,    0,    0,    0,    0,    0,    0,    0,    0,    0,    0,    0,    0,    0,    0,    0,    0,    0,    0,    0,    0,    0,    0,    0,    0,    0,    0,    0,    0,    0,    0,    0,    0,    0,    0,    0,    0,    0,    0,    0,    0,    0,    0,    0,    0,    0,    0,    0,    0,    0,    0,    0,    0,    0,    0,    0,    0,    0,    0,    0,    0,    0,   -1,   -6,    0,   -1,    0,    0,    0,    0,    0,    0,    0,    0,    0,    0,    0,    0,    0,    0,    0,    0,    0,    0,    0,    0,    0,    0,    0,    0,    0,    0,    0,    0,    0,    0,    0,    0,    0,    0,    0,    0,    0,    0,    0,    0,    0,    0,    0,    0,    0,    0,    0,    0,    0,    0,    0,    0,    0,    0,    0,    0,    0,    0,    0,    0,    0,    0,    0,    0,    0,    0,    0,    0,    0,    0,    0,    0,    0,    0,    0,    0,    0,    0,    0,    0,    0,    0,    0,    0,    0,    0,    0,    0,    0,    0,    0,    0,    0,    0,    0,    0,    0,    0,    0,    0,    0,    0,    0,    0,    0,    0,    0,    0,    0,    0,    0,    0,    0,    0,    0,    0,    0,    0,    0,    0,    0,    0,    0,    0,    0,    0,    0,    0,    0,    0,    0,    0,    0,    0,    0,    0,    0,    0,    0,    0,    0,    0,    0,    0,    0,   -4,    0,    0,   -2,    0,    0,    0,    0,
       0,  -18,    0,    0,    0,  -20,    0,    0,   -6,    0,    0,    0,    0,    0,    0,    0,    0,    0,    0,    0,    0,    0,    0,    0,  -12,    0,    0,    0,    0,    0,    0,    0,    0,    0,    0,    0,    0,    0,    0,    0,    0,  -20,    0,    0,    0,    0,    0,    0,    0,    0,    0,    0,    0,    0,    0,    0,    0,    0,    0,    0,    0,    0,    0,    0,    0,    0,    0,    0,   -6,    0,    0,    0,    0,    0,    0,    0,    0,    0,    0,    0,    0,    0,    0,    0,    0,    0,    0,    0,    0,    0,    0,    0,    0,    0,    0,    0,    0,    0,    0,    0,    0,    0,    0,    0,    0,    0,    0,    0,    0,    0,    0,    0,    0,    0,    0,    0,    0,    0,    0,    0,    0,    0,    0,    0,    0,    0,    0,    0,    0,    0,    0,    0,    0,    0,    0,    0,    0,    0,    0,    0,    0,    0,    0,    0,    0,    0,    0,    0,    0,    0,    0,    0,    0,    0,    0,    0,    0,    0,    0,    0,    0,    0,    0,    0,    0,    0,    0,    0,    0,    0,    0,    0,    0,    0,    0,    0,    0,    0,    0,    0,    0,    0,    0,    0,    0,    0,    0,    0,    0,    0,    0,    0,    0,    0,    0,    0,    0,    0,    0,    0,    0,    0,    0,    0,    0,    0,    0,    0,    0,    0,  -22,  -20,    0,  -22,  -33,    0,    0,    0,    0,    0,    0,    0,    0,    0,    0,    0,    0,
       0,    0,    0,    0,    0,    0,    0,    0,    0,    0,    0,    0,    0,  -26,  -22,    0,   -7,    0,  -34,    0,   -9,    0,    0,    0,    0,    0,    0,    0,    0,    0,    0,    0,    0,    0,    0,    0,    0,    0,    0,    0,    0,    0,    0,    0,    0,    0,    0,    0,    0,    0,    0,    0,    0,    0,    0,    0,    0,    0,    0,    0,    0,    0,    0,    0,    0,    0,    0,    0,    0,    0,    0,    0,    0,    0,    0,    0,    0,    0,    0,    0,    0,    0,    0,    0,    0,    0,    0,    0,    0,    0,    0,    0,    0,    0,    0,    0,    0,    0,    0,    0,    0,    0,    0,    0,    0,    0,    0,    0,    0,    0,    0,    0,    0,    0,    0,    0,    0,    0,    0,    0,    0,    0,    0,    0,    0,    0,    0,    0,    0,    0,    0,    0,    0,    0,    0,    0,    0,    0,    0,    0,    0,    0,    0,    0,    0,    0,    0,    0,    0,    0,    0,    0,    0,    0,    0,    0,    0,    0,    0,    0,    0,    0,    0,    0,    0,    0,    0,    0,    0,    0,    0,    0,    0,    0,    0,    0,    0,    0,    0,    0,    0,    0,    0,    0,    0,    0,    0,    0,    0,    0,    0,    0,    0,    0,    0,    0,    0,    0,    0,    0,    0,    0,    0,    0,    0,    0,    0,    0,    0,    0,    0,    0,    0,    0,    0,    0,    0,    0,    0,    0,    0,    0,    0,    0,    0,    0,    0,
       0,    0,    0,    0,    0,    0,    0,    0,    0,    0,    0,    0,    0,    0,    0,    0,    0,    0,    0,    0,    0,    0,    0,    0,    0,    0,    0,    0,    0,    0,    0,    0,    0,    0,    0,    0,    0,    0,    0,    0,    0,    0,    0,    0,    0,    0,    0,    0,    0,   -1,    0,    0,   -2,   -2,   -2,    0,   -2,   -2,    0,   -7,   -2,  -13,   -8,    0,  -13,    0,    0,    0,    0,    0,    0,    0,    0,    0,    0,    0,    0,    0,    0,    0,    0,    0,    0,    0,    0,    0,    0,    0,    0,    0,    0,    0,    0,    0,    0,    0,   -2,    0,    0,    0,    0,   -2,   -2,  -13,    0,    0,    0,    0,    0,    0,    0,   -1,   -1,    0,    0,    0,   -2,   -2,    0,   -2,    0,    0,    0,    0,    0,   -7,    0,    0,   -8,    0,    0,    0,    0,    0,    0,    0,   -2,    0,    0,    0,    0,    0,    0,    0,   -2,    0,    0,    0,    0,    0,    0,    0,    0,    0,    0,    0,    0,    0,    0,    0,    0,    0,    0,    0,    0,    0,    0,    0,    0,    0,    0,    0,    0,    0,    0,    0,    0,    0,    0,    0,    0,    0,    0,    0,    0,    0,    0,    0,    0,    0,    0,    0,    0,    0,    0,    0,    0,    0,    0,    0,    0,    0,    0,    0,    0,    0,    0,    0,    0,  -13,    0,    0,    0,    0,    0,    0,    0,    0,    0,    0,    0,    0,    0,    0,    0,    0,    0,
};

static const EpdLigaturePair literata_14_boldLigaturePairs[] = {
    { 0x00660069, 0xFB01 }, // f i -> U+FB01
    { 0x0066006C, 0xFB02 }, // f l -> U+FB02
};

static const EpdFontData literata_14_bold = {
    literata_14_boldBitmaps,
    literata_14_boldGlyphs,
    literata_14_boldIntervals,
    68,
    43,
    35,
    -9,
    true,
    literata_14_boldGroups,
    13,
    nullptr,
    literata_14_boldKernLeftClasses,
    literata_14_boldKernRightClasses,
    literata_14_boldKernMatrix,
    569,
    516,
    174,
    227,
    literata_14_boldLigaturePairs,
    2,
};
