/**
 * generated by fontconvert.py
 * name: literata_10_italic
 * size: 10
 * mode: 2-bit  compressed: true
 * Command used: C:\Users\m\Documents\Casper\lib\EpdFont\scripts\fontconvert.py literata_10_italic 10 C:\Users\m\Documents\Casper\lib\EpdFont\builtinFonts\source\Literata\Literata-Italic.ttf --2bit --compress --pnum --darken-aa
 */
#pragma once
#include "EpdFontData.h"

static const uint8_t literata_10_italicBitmaps[16226] = {
    0x7D, 0x57, 0x4B, 0x8C, 0x1C, 0x47, 0x19, 0xFE, 0xBA, 0x6B, 0x9D, 0x16, 0xAE, 0x78, 0x6A, 0x0F,
    0x36, 0x0F, 0x65, 0xBD, 0xED, 0x83, 0x41, 0x01, 0x76, 0xA7, 0x17, 0x31, 0x52, 0x06, 0xDC, 0x33,
    0x53, 0xF8, 0xE2, 0x03, 0x17, 0x4B, 0x89, 0xC5, 0x21, 0x07, 0x38, 0xC3, 0xC1, 0x23, 0xF0, 0x61,
    0x0F, 0xE3, 0x4C, 0x11, 0x1F, 0x73, 0xC8, 0x88, 0x03, 0x17, 0x2E, 0x41, 0xE2, 0x44, 0x0E, 0x3B,
    0xC4, 0x03, 0x1A, 0x45, 0x1B, 0x6F, 0x85, 0x20, 0x45, 0x42, 0x82, 0x74, 0x62, 0x1E, 0x37, 0xE8,
    0x28, 0x89, 0x10, 0x44, 0xA0, 0xB2, 0xE9, 0xC3, 0x24, 0x99, 0xDD, 0xE6, 0xAB, 0x9A, 0x9D, 0x75,
    0xD6, 0xD9, 0xD0, 0xF5, 0xFF, 0xBD, 0x3B, 0xDD, 0xF5, 0xF8, 0xDF, 0xFF, 0xD7, 0xE8, 0x76, 0xF2,
    0x3C, 0x6F, 0xB7, 0x5B, 0xAD, 0xAD, 0x2D, 0x5C, 0x9C, 0xCF, 0x57, 0x57, 0xF5, 0xFD, 0xE2, 0xBE,
    0xBD, 0x6F, 0x7F, 0x6E, 0xB5, 0xC6, 0xE8, 0x02, 0x50, 0x6C, 0x01, 0x76, 0x0B, 0xBD, 0xBA, 0xD6,
    0x9F, 0xFD, 0xF3, 0xAF, 0x11, 0x9B, 0x12, 0x42, 0x17, 0x10, 0xB0, 0xA8, 0xEB, 0x1A, 0x32, 0xB6,
    0x38, 0x1D, 0x1B, 0x9C, 0x11, 0x1A, 0x38, 0x0B, 0x3C, 0x8E, 0xA8, 0x36, 0xF2, 0x65, 0xD7, 0xB8,
    0xE8, 0x36, 0xBF, 0xE8, 0x9A, 0x17, 0xA1, 0x7E, 0x01, 0x59, 0xF1, 0x21, 0xD0, 0xB3, 0xF8, 0xBA,
    0xC3, 0x96, 0xEB, 0x04, 0xEA, 0x3E, 0x61, 0x15, 0x1F, 0xF6, 0x81, 0x0B, 0x38, 0xAD, 0x63, 0x74,
    0x9D, 0x82, 0x9B, 0xAC, 0xC1, 0xDD, 0x68, 0x93, 0xC7, 0x18, 0xFF, 0xAA, 0x40, 0xEF, 0xEE, 0xB3,
    0xA3, 0x48, 0xAE, 0x4F, 0x71, 0x26, 0xDF, 0x40, 0xDE, 0xDE, 0x44, 0xBF, 0xBD, 0x81, 0x32, 0xCF,
    0x63, 0xAB, 0x5C, 0x84, 0x08, 0xFE, 0x8A, 0xEA, 0x02, 0xD2, 0x54, 0x68, 0x62, 0x8A, 0x1C, 0x15,
    0x19, 0x9E, 0x5D, 0xA6, 0xE1, 0xE2, 0x79, 0xE6, 0xA4, 0xD9, 0x40, 0x07, 0x6B, 0x18, 0xE0, 0x3C,
    0x67, 0x6C, 0xF2, 0x6F, 0x8E, 0x2E, 0xE7, 0xA9, 0xDA, 0x02, 0x4F, 0x01, 0xAB, 0xCE, 0xB9, 0x17,
    0x28, 0x3B, 0xBE, 0x87, 0x42, 0xD8, 0x44, 0x2B, 0x34, 0x38, 0x2B, 0x0F, 0x63, 0x10, 0x86, 0xFF,
    0x6F, 0x13, 0xEB, 0x50, 0x90, 0x10, 0x26, 0xB2, 0xD0, 0x5E, 0xCD, 0x35, 0xCE, 0x93, 0x48, 0x8C,
    0xB0, 0xC2, 0xC6, 0x45, 0x5C, 0x2E, 0x87, 0xE0, 0x2E, 0xC2, 0x48, 0xEE, 0x73, 0x1E, 0x6D, 0xAF,
    0x1E, 0xA0, 0x23, 0xFB, 0x8D, 0xDF, 0x77, 0x0F, 0x92, 0xB2, 0xBB, 0xFF, 0xA5, 0x3F, 0xD0, 0x5E,
    0x41, 0xEB, 0x05, 0x8D, 0x69, 0x58, 0xC7, 0xFB, 0x03, 0x5A, 0xC5, 0x67, 0xD0, 0x43, 0x4F, 0x4B,
    0xEE, 0x9F, 0xF3, 0x57, 0xED, 0xEA, 0x72, 0xDD, 0x3F, 0xC1, 0x0A, 0x95, 0xB5, 0xE0, 0x7A, 0x9A,
    0x5A, 0x82, 0xAF, 0xF1, 0x28, 0xB0, 0x01, 0xB4, 0xC2, 0x4E, 0x25, 0xDD, 0x14, 0x5E, 0x1A, 0x24,
    0xE1, 0xE5, 0x99, 0xF0, 0xB2, 0x1D, 0x5E, 0xAE, 0x06, 0x53, 0xC5, 0x35, 0xD4, 0x15, 0xBB, 0x09,
    0x97, 0xC3, 0x6D, 0x63, 0x32, 0xC1, 0xD4, 0x3D, 0xA0, 0xAA, 0x82, 0x9B, 0xC2, 0x0D, 0xE2, 0xA2,
    0x9B, 0x18, 0x79, 0x00, 0x5C, 0xE5, 0x8A, 0xAC, 0xFC, 0x6A, 0x19, 0x71, 0x04, 0xD5, 0x8A, 0xE5,
    0xF0, 0x2A, 0x8B, 0x62, 0xB8, 0xCF, 0x09, 0xC9, 0x01, 0x9A, 0xD2, 0xE6, 0xA2, 0xE8, 0xC4, 0xE5,
    0xD9, 0x98, 0xA1, 0x51, 0x20, 0xB1, 0x50, 0x9A, 0xEE, 0xC0, 0x36, 0x22, 0x3E, 0x30, 0xAD, 0x06,
    0xFA, 0xDD, 0x17, 0x9D, 0xD7, 0x13, 0x10, 0xB5, 0x6E, 0x24, 0xC5, 0x66, 0xE4, 0x32, 0xB8, 0x15,
    0xFF, 0xDA, 0x72, 0x26, 0x23, 0x06, 0x31, 0xDF, 0x56, 0xA4, 0xCF, 0xA3, 0xCA, 0x23, 0x97, 0x27,
    0x36, 0x3B, 0x40, 0x44, 0x11, 0xB8, 0x67, 0x52, 0x42, 0x95, 0xE8, 0x16, 0x78, 0xA9, 0x88, 0xDE,
    0x2A, 0xC4, 0xB3, 0x85, 0x14, 0x76, 0x4D, 0xD8, 0xB6, 0xB0, 0x7B, 0xF5, 0xFE, 0xB9, 0xEF, 0xFC,
    0xC9, 0x6F, 0x42, 0xAA, 0xE7, 0x49, 0x5D, 0x4A, 0x12, 0x70, 0x3A, 0x18, 0xA0, 0xF1, 0x7D, 0x3A,
    0xB9, 0x38, 0xB5, 0xDC, 0x39, 0x6C, 0x4E, 0xFD, 0xCA, 0x81, 0x0C, 0x9B, 0xEB, 0x60, 0x93, 0x3D,
    0x9B, 0xBC, 0xE5, 0x54, 0xEC, 0x36, 0xA3, 0x82, 0x51, 0xB3, 0xFD, 0x65, 0xBC, 0x54, 0xDB, 0x5A,
    0x14, 0xF3, 0xB8, 0x74, 0x91, 0x73, 0x51, 0x39, 0x89, 0xCB, 0x6D, 0x61, 0x3B, 0xF4, 0xE7, 0xBE,
    0x37, 0x49, 0x56, 0xCF, 0x7A, 0xF5, 0x3C, 0x47, 0x7B, 0x0B, 0xFD, 0x55, 0xDA, 0x3C, 0x2A, 0xFC,
    0xD1, 0x89, 0x61, 0x70, 0x20, 0x05, 0x03, 0x8D, 0xF1, 0x82, 0x19, 0x22, 0x07, 0xE1, 0x16, 0xD1,
    0x69, 0xE4, 0x8F, 0x19, 0xD9, 0x93, 0x06, 0x26, 0x8C, 0x6F, 0xF5, 0xDB, 0x82, 0x16, 0x88, 0x6B,
    0xA3, 0x12, 0xB7, 0x89, 0x59, 0x8E, 0xED, 0x40, 0x93, 0x2C, 0x76, 0x92, 0x46, 0x78, 0x6A, 0xB9,
    0xE4, 0x56, 0xC9, 0xC9, 0x9B, 0x98, 0x2C, 0x26, 0x74, 0x30, 0x6B, 0x8A, 0x99, 0x3A, 0xD8, 0x8E,
    0xDF, 0x9D, 0x30, 0xB2, 0x49, 0xAB, 0x34, 0xB8, 0x3A, 0xF4, 0x52, 0x03, 0x3D, 0xD3, 0xD3, 0x2B,
    0x58, 0x5E, 0xE7, 0x0F, 0x83, 0xE5, 0x34, 0x9F, 0x67, 0xFA, 0xD4, 0xD1, 0xF3, 0x2F, 0x84, 0xE7,
    0x8A, 0x71, 0xD1, 0x5E, 0xC6, 0x83, 0x45, 0xAA, 0x29, 0xAD, 0xB4, 0xB8, 0x19, 0x04, 0x97, 0x06,
    0xD1, 0x8C, 0x5E, 0xD7, 0x5E, 0x29, 0xF8, 0xD0, 0x3C, 0x77, 0xED, 0xEA, 0x62, 0xF5, 0xC2, 0x7D,
    0xBC, 0x6E, 0xF0, 0x3D, 0xFD, 0xC8, 0x70, 0xBB, 0x19, 0x16, 0x84, 0xC5, 0x74, 0x11, 0x1D, 0x3E,
    0x59, 0x1E, 0x95, 0xCE, 0xB1, 0x9D, 0xA2, 0x92, 0x7A, 0x37, 0x31, 0xAB, 0x52, 0xD3, 0x32, 0xD1,
    0x3E, 0x12, 0xE7, 0x03, 0x97, 0xE1, 0xC9, 0x6A, 0xE1, 0xD5, 0x34, 0x7E, 0x55, 0x52, 0x04, 0x47,
    0xD0, 0x1F, 0xF1, 0x07, 0x9F, 0x2B, 0x39, 0xB5, 0x7D, 0x3E, 0xD2, 0x67, 0xDA, 0x69, 0xAD, 0xFA,
    0xB9, 0x92, 0xE3, 0x71, 0x9A, 0x8C, 0x5D, 0x93, 0xDC, 0x95, 0x63, 0xF7, 0x4C, 0xA3, 0x5F, 0xFD,
    0x6D, 0xA3, 0xD5, 0x7B, 0xDE, 0x6D, 0xAC, 0x44, 0x54, 0x24, 0x32, 0xE2, 0x83, 0xEB, 0x06, 0x19,
    0x25, 0xF6, 0xE2, 0xCA, 0x82, 0x2E, 0xA7, 0x58, 0x6B, 0x14, 0xF4, 0x71, 0x72, 0x6B, 0xCA, 0xD0,
    0xA7, 0x52, 0x25, 0xFD, 0x5A, 0x74, 0x18, 0xFC, 0x07, 0x3C, 0x3C, 0x65, 0xE1, 0xF2, 0x79, 0xAC,
    0x0C, 0xB3, 0xD7, 0xD6, 0xB6, 0x47, 0x77, 0x9A, 0xF4, 0x67, 0x8E, 0xA2, 0x4A, 0x3D, 0x08, 0xE4,
    0xE4, 0x15, 0xAB, 0x7A, 0x23, 0x85, 0xA9, 0x42, 0x47, 0xA1, 0x1B, 0xEE, 0x03, 0xF5, 0x48, 0x55,
    0xD7, 0x41, 0xF0, 0xBD, 0x32, 0x79, 0x6F, 0x37, 0x45, 0x97, 0x65, 0x64, 0x80, 0x95, 0xE9, 0x51,
    0x70, 0x05, 0x9A, 0x7A, 0x3B, 0xAE, 0x74, 0xB1, 0xA1, 0xDE, 0xAC, 0x04, 0x2B, 0xD3, 0x59, 0x1A,
    0x6E, 0x84, 0xF4, 0xA7, 0xFB, 0x90, 0x3A, 0xD5, 0x52, 0x27, 0x56, 0x6A, 0x51, 0x48, 0x1D, 0x97,
    0x9E, 0x15, 0x96, 0x2C, 0x0A, 0xB2, 0x55, 0xCC, 0x1C, 0x9E, 0x08, 0xF5, 0xC8, 0x0C, 0xFE, 0xB4,
    0x61, 0x5D, 0xA5, 0xBF, 0xA4, 0x19, 0xDB, 0x0A, 0x24, 0x1F, 0x63, 0xEA, 0x9A, 0x66, 0x4C, 0x1F,
    0xFE, 0xEF, 0xE9, 0x71, 0xFF, 0x2A, 0xA2, 0x6C, 0xD5, 0x09, 0x93, 0xE1, 0xAB, 0x9C, 0x5F, 0xF2,
    0x60, 0xBE, 0xA7, 0xBA, 0x5A, 0x84, 0x7E, 0x95, 0xBC, 0x77, 0x53, 0x21, 0xED, 0x20, 0xCB, 0x8F,
    0x29, 0x72, 0xC0, 0x6A, 0x3A, 0xC5, 0x7A, 0x8E, 0x66, 0x17, 0x4D, 0x65, 0x6F, 0xC6, 0x5C, 0x70,
    0x0E, 0x43, 0xD7, 0x9B, 0xA5, 0xA3, 0xC7, 0x28, 0xBC, 0x17, 0x34, 0x31, 0x47, 0x7C, 0xED, 0x69,
    0xA3, 0x28, 0x2D, 0xCD, 0xEA, 0x59, 0x1F, 0x67, 0xA5, 0x6B, 0xB7, 0xE7, 0x86, 0x2E, 0x1D, 0x49,
    0x1D, 0x7E, 0x7F, 0x62, 0xD4, 0x2E, 0x9B, 0x27, 0xEF, 0x86, 0x9A, 0x72, 0xC2, 0x48, 0xAC, 0x3F,
    0xC5, 0x97, 0xC2, 0x0B, 0x94, 0x60, 0xAF, 0x48, 0x47, 0x19, 0xF7, 0xC9, 0xB9, 0xB7, 0x83, 0xA2,
    0xDB, 0x95, 0x57, 0x89, 0x1E, 0x56, 0xCF, 0x90, 0x95, 0x59, 0x3C, 0x63, 0xD1, 0x50, 0x4C, 0x41,
    0xE6, 0x10, 0x79, 0xCA, 0x13, 0xD8, 0x7A, 0x70, 0x0A, 0xC3, 0x19, 0xD2, 0x11, 0x57, 0xE2, 0x21,
    0x7B, 0x7C, 0x8C, 0x68, 0xB9, 0x56, 0x30, 0xA7, 0x53, 0xCC, 0x8B, 0x59, 0x32, 0x67, 0xE9, 0x89,
    0xE6, 0x48, 0x6D, 0xFC, 0x6F, 0x5C, 0xB2, 0xF1, 0xDF, 0xF1, 0x84, 0x8D, 0xDF, 0xC0, 0x8F, 0xAC,
    0x78, 0x43, 0xBF, 0x63, 0xC5, 0x73, 0xE6, 0xAE, 0x15, 0xB7, 0x5E, 0x7D, 0x8D, 0xB7, 0xD7, 0x6E,
    0x59, 0xF1, 0xEC, 0xDD, 0xCB, 0x85, 0xF8, 0xD6, 0x3F, 0x58, 0x20, 0xF5, 0x47, 0x71, 0x91, 0xE8,
    0xFD, 0xB8, 0xEC, 0xB9, 0x41, 0xBA, 0xBF, 0x48, 0x20, 0x9B, 0x55, 0x69, 0x29, 0x0B, 0xE9, 0x84,
    0x51, 0x53, 0x61, 0x1A, 0x39, 0xB9, 0x49, 0x56, 0x42, 0x37, 0xE4, 0x2D, 0xDD, 0x10, 0xAF, 0x91,
    0xDF, 0xD1, 0x0D, 0xFC, 0x57, 0x9F, 0xC1, 0x47, 0x4C, 0xD3, 0x9E, 0x4F, 0x6D, 0xD4, 0x36, 0x3D,
    0x4A, 0x61, 0xC6, 0x1E, 0x92, 0x37, 0x5F, 0x61, 0x3E, 0xA5, 0x34, 0x88, 0x32, 0x03, 0x16, 0xDB,
    0x29, 0xE3, 0xA6, 0xFA, 0x18, 0xCF, 0xC8, 0x53, 0x3E, 0xE7, 0x7B, 0xDD, 0xE5, 0x3C, 0x65, 0x77,
    0x19, 0xFB, 0xCC, 0x8B, 0x73, 0x94, 0xE1, 0x40, 0x87, 0x58, 0x9F, 0xD2, 0x82, 0x87, 0xC4, 0x28,
    0x8F, 0x9D, 0xEA, 0x99, 0x87, 0x43, 0x64, 0x76, 0xC2, 0x81, 0xF2, 0xC4, 0x03, 0xFD, 0xEF, 0x01,
    0xDF, 0xE5, 0xC1, 0x9B, 0x1D, 0x88, 0x7F, 0xB9, 0xD0, 0xEE, 0xC5, 0xFB, 0x3C, 0x14, 0x37, 0x19,
    0x51, 0x69, 0xE5, 0xEB, 0x38, 0x13, 0x0D, 0x3C, 0x9D, 0xF6, 0xDF, 0x25, 0x0F, 0x0E, 0x79, 0x02,
    0x79, 0x99, 0xDE, 0xEA, 0xD2, 0x29, 0x4D, 0xEF, 0x41, 0xFE, 0xF5, 0x0D, 0x84, 0x7D, 0x84, 0x72,
    0x71, 0x3F, 0x26, 0x82, 0x1B, 0x06, 0xEF, 0x1D, 0x96, 0xC6, 0x9F, 0xB8, 0x06, 0x4B, 0x63, 0xE4,
    0xFC, 0x6C, 0xB3, 0x84, 0x16, 0x99, 0x0D, 0xF5, 0xD6, 0x75, 0x02, 0x75, 0x93, 0x00, 0x2D, 0x7C,
    0xB5, 0xAE, 0x6D, 0x77, 0xE7, 0x45, 0xDB, 0x56, 0xB1, 0xDD, 0x52, 0xEC, 0x8F, 0xD4, 0xEC, 0x18,
    0xB3, 0x4B, 0xB0, 0xB1, 0x1F, 0xE7, 0x26, 0x82, 0xBD, 0xF6, 0xCA, 0xCC, 0x65, 0xE6, 0xB1, 0xE2,
    0x41, 0xA8, 0x4B, 0x4D, 0x0C, 0xB0, 0x64, 0x4E, 0xCB, 0xC8, 0x97, 0x88, 0x0C, 0x2E, 0xF1, 0xEF,
    0x8B, 0x58, 0x8F, 0xDE, 0x80, 0x7A, 0xEE, 0x79, 0x76, 0x44, 0x36, 0x2B, 0x16, 0xCD, 0xA1, 0x53,
    0xF3, 0x6C, 0xF4, 0xC8, 0xBB, 0xCA, 0xC4, 0x0C, 0x62, 0x41, 0x9C, 0x90, 0x84, 0x2C, 0x8F, 0x4B,
    0x36, 0x66, 0xC7, 0xCE, 0xEC, 0xD8, 0x9A, 0x27, 0xEC, 0xDD, 0x03, 0x36, 0xFD, 0x9C, 0xA6, 0xEA,
    0xDA, 0xA0, 0x87, 0x6F, 0x9E, 0xFE, 0x1A, 0xBA, 0xF3, 0x18, 0x16, 0xD9, 0x28, 0x43, 0x6A, 0x54,
    0x48, 0x01, 0xA6, 0x97, 0x5E, 0xA3, 0x03, 0x14, 0x11, 0x0D, 0x53, 0xD0, 0xB6, 0xB9, 0x5F, 0x46,
    0x68, 0x16, 0x97, 0x97, 0x8A, 0x31, 0x5B, 0xCE, 0x0F, 0x4B, 0xEE, 0x42, 0x34, 0xC3, 0x3A, 0x58,
    0x15, 0xF7, 0xB8, 0xD3, 0xCB, 0xF6, 0x37, 0xBC, 0x0F, 0xCD, 0x90, 0x3B, 0xFA, 0xDA, 0xBF, 0xBC,
    0x2F, 0xE2, 0xB1, 0xCA, 0x5C, 0x5A, 0xC8, 0x91, 0x97, 0x29, 0xF2, 0xF2, 0xCC, 0x5A, 0x0B, 0x39,
    0x82, 0x0C, 0xAC, 0x74, 0x29, 0xFF, 0x7E, 0xD3, 0x1B, 0xB5, 0x62, 0xA3, 0x18, 0xB0, 0x76, 0x37,
    0x11, 0xD2, 0xD9, 0x86, 0x74, 0x9E, 0x65, 0xA3, 0xA4, 0x94, 0x5E, 0x27, 0xDB, 0xE0, 0xFA, 0x35,
    0x9E, 0xD9, 0x5E, 0xE8, 0xD2, 0xE1, 0xF9, 0xCA, 0xE2, 0x13, 0xB6, 0xF6, 0xCC, 0x26, 0x92, 0xD5,
    0xF3, 0xEE, 0xB5, 0xDD, 0x36, 0xAA, 0x2D, 0xFA, 0xF7, 0x08, 0x2B, 0x0C, 0x7C, 0xDD, 0x61, 0x53,
    0xF1, 0x0F, 0xB0, 0xC6, 0xFA, 0x39, 0xC0, 0x6E, 0xED, 0x83, 0x30, 0x25, 0xF8, 0xD9, 0x3C, 0x1A,
    0x1B, 0x1C, 0xF9, 0x89, 0xA3, 0x67, 0xBE, 0xA2, 0x5B, 0x01, 0xEE, 0x6C, 0x04, 0xE8, 0x43, 0xCF,
    0x12, 0x08, 0x08, 0x84, 0x86, 0x63, 0x3D, 0x36, 0xF2, 0x08, 0x89, 0xE2, 0x6D, 0x2D, 0x27, 0xAD,
    0x2D, 0x27, 0x11, 0x2E, 0x79, 0x28, 0x99, 0x2D, 0xD0, 0x8D, 0x8D, 0xAD, 0xF8, 0x7F, 0xC3, 0x0C,
    0x79, 0x92, 0xC7, 0x5C, 0x73, 0xC4, 0x7F, 0x44, 0x72, 0x05, 0x8D, 0xD8, 0x12, 0x94, 0xF6, 0xD1,
    0xBF, 0xCA, 0x12, 0x45, 0x15, 0x0F, 0xAB, 0xEB, 0x84, 0x3A, 0xD1, 0xDB, 0x8C, 0x07, 0x9B, 0x3E,
    0x4D, 0x84, 0x64, 0xA7, 0xC2, 0x3A, 0x69, 0x9D, 0x0A, 0x94, 0x5A, 0x77, 0xC9, 0x4E, 0x6F, 0xFF,
    0xAE, 0x77, 0x77, 0x76, 0xCA, 0xE3, 0x49, 0xD4, 0x0F, 0x55, 0x22, 0x55, 0xA8, 0x6E, 0xA5, 0xFA,
    0xDB, 0x8D, 0x32, 0x6F, 0x58, 0x4F, 0xCC, 0xF6, 0x14, 0xD3, 0x14, 0x2E, 0x15, 0xA5, 0x62, 0x2A,
    0x9D, 0x65, 0xE0, 0xEB, 0xE4, 0xAF, 0x96, 0xA9, 0xB2, 0x29, 0x98, 0xED, 0x38, 0xA2, 0x0E, 0x4C,
    0x7A, 0xC5, 0x26, 0x87, 0x10, 0x8E, 0x2A, 0xBA, 0x05, 0x68, 0x58, 0x50, 0x54, 0xBB, 0xE4, 0x2F,
    0x1E, 0x6B, 0x37, 0x89, 0x03, 0x63, 0x97, 0x8B, 0x40, 0x89, 0xCB, 0x1B, 0x2E, 0xDB, 0xB8, 0xA7,
    0xAA, 0x83, 0x48, 0xAF, 0x32, 0xA5, 0xC2, 0xCE, 0xD6, 0xEF, 0x2C, 0x4D, 0x77, 0x1F, 0x5D, 0xE3,
    0x77, 0xEE, 0xD2, 0x1F, 0xDC, 0x39, 0xE4, 0x16, 0x62, 0x8D, 0x6E, 0x85, 0x31, 0xB1, 0xE4, 0x80,
    0x40, 0x8E, 0x24, 0x6B, 0x2D, 0x3F, 0x64, 0x57, 0xF3, 0x98, 0x2D, 0x2E, 0x1E, 0xD0, 0x02, 0x9E,
    0x1D, 0x92, 0xC1, 0x93, 0x41, 0xD9, 0x6D, 0x1C, 0xB7, 0x4C, 0x72, 0xCC, 0x32, 0xAF, 0xDC, 0xB6,
    0xBD, 0xBB, 0x26, 0x4A, 0xCC, 0x0D, 0x89, 0x8A, 0x45, 0x60, 0x40, 0x24, 0xBA, 0xA8, 0x47, 0x27,
    0x04, 0x95, 0xF2, 0x00, 0x71, 0x9D, 0x88, 0xBE, 0x3D, 0x85, 0xDA, 0x9A, 0xA0, 0x31, 0x26, 0x97,
    0x64, 0xCB, 0x02, 0xE2, 0xD9, 0xB7, 0x0A, 0xDC, 0x63, 0x72, 0xD3, 0x24, 0x84, 0x3E, 0x6C, 0x43,
    0x66, 0x91, 0x64, 0x43, 0x5C, 0xD7, 0x0F, 0xB5, 0xA5, 0x0B, 0xAC, 0xF7, 0x14, 0x5A, 0x10, 0xC7,
    0xFB, 0x19, 0xCA, 0x9E, 0x5E, 0x02, 0xE0, 0x8F, 0x83, 0x5F, 0x86, 0xC1, 0x93, 0xD4, 0x62, 0xFB,
    0x50, 0xA4, 0x63, 0x9E, 0xA3, 0x7B, 0x84, 0x53, 0x51, 0xC9, 0x3A, 0xA6, 0x5E, 0x01, 0xDB, 0x48,
    0x23, 0xC7, 0x7A, 0x8A, 0x75, 0x96, 0x8D, 0xC4, 0xAE, 0xC7, 0xF3, 0x60, 0xBC, 0x3D, 0xA8, 0x4F,
    0x19, 0xEB, 0x48, 0x57, 0xBD, 0x0C, 0x7B, 0xB2, 0x1C, 0x62, 0x67, 0xDD, 0xD5, 0x5A, 0xB5, 0x5F,
    0x7A, 0xDD, 0xA8, 0xAD, 0xDB, 0x57, 0x8C, 0xEA, 0xDF, 0xA6, 0xB0, 0xE5, 0x87, 0xBC, 0xD9, 0x7D,
    0x4E, 0xB6, 0x73, 0xDE, 0xCC, 0xCC, 0x2F, 0x73, 0x6A, 0xD5, 0xDF, 0x3C, 0x48, 0x8B, 0x70, 0x87,
    0x58, 0x6B, 0x87, 0x27, 0xAB, 0x8D, 0x6D, 0xA8, 0x16, 0xB9, 0x4F, 0x7E, 0x81, 0x16, 0x29, 0x26,
    0x5C, 0x44, 0x36, 0x0B, 0x8B, 0x28, 0xEF, 0x09, 0x5A, 0x84, 0x6D, 0xAE, 0xF9, 0x5D, 0x3D, 0x60,
    0x3D, 0xA7, 0x27, 0x44, 0xB1, 0x24, 0x3B, 0x61, 0x1B, 0x21, 0x40, 0xD8, 0xF7, 0x18, 0x6D, 0x28,
    0xCB, 0x9D, 0xE6, 0x4C, 0xB5, 0x72, 0x35, 0xCE, 0x55, 0x91, 0x2B, 0x1B, 0xC8, 0xE4, 0x4A, 0x4F,
    0xD4, 0x65, 0xC7, 0x88, 0x54, 0x67, 0x03, 0xE8, 0x86, 0xC7, 0x94, 0x29, 0x61, 0x5D, 0x3D, 0x3E,
    0x39, 0xCE, 0xCE, 0x30, 0xCE, 0x4A, 0x55, 0x95, 0x91, 0x2E, 0x7D, 0x4E, 0xFA, 0xD8, 0x61, 0x87,
    0x9C, 0xDE, 0x51, 0x66, 0x27, 0xB3, 0xEA, 0x6B, 0x46, 0x8D, 0xA1, 0x0A, 0x5F, 0x41, 0xD4, 0xB2,
    0x51, 0x2F, 0xB6, 0x15, 0xFB, 0xBE, 0x3D, 0xAC, 0x49, 0xED, 0x2B, 0x3F, 0x3F, 0x33, 0x66, 0xDE,
    0x7F, 0x7C, 0xCD, 0x1E, 0x46, 0x21, 0xB3, 0xF9, 0x21, 0xA2, 0x67, 0x84, 0xF9, 0x4F, 0x20, 0xED,
    0x31, 0x65, 0xF6, 0xCF, 0x4F, 0xE9, 0xF6, 0xDF, 0x46, 0x12, 0xE0, 0x7C, 0x8F, 0x70, 0xF6, 0xBA,
    0x66, 0xA7, 0xD7, 0x0C, 0x9F, 0x88, 0x2C, 0x26, 0x0B, 0x4E, 0xC8, 0x0D, 0x0A, 0xF2, 0x28, 0x79,
    0x70, 0x8F, 0x29, 0xB4, 0xC7, 0xED, 0xCF, 0xE2, 0x4E, 0xEC, 0x76, 0x84, 0x87, 0xF3, 0x0A, 0xFD,
    0x40, 0x63, 0x05, 0xA2, 0xB7, 0x82, 0xA9, 0xA2, 0x24, 0x64, 0xD8, 0xF3, 0x0E, 0x46, 0xF9, 0x0E,
    0xCA, 0x3B, 0x54, 0x7D, 0x9D, 0xDC, 0xE0, 0x8C, 0x06, 0xC3, 0xE1, 0x3C, 0x51, 0xC9, 0x86, 0x8A,
    0x8B, 0x36, 0x13, 0xB6, 0xAF, 0xD4, 0xDB, 0xA5, 0x9C, 0xEF, 0x19, 0x10, 0xB7, 0x0F, 0x23, 0xF7,
    0x83, 0x57, 0x69, 0x6C, 0x17, 0xBF, 0x63, 0xBD, 0x3F, 0xE6, 0x10, 0x73, 0xDF, 0x0C, 0xA9, 0xD4,
    0xB6, 0x34, 0x1D, 0x31, 0x5B, 0x81, 0xDE, 0x8B, 0xDC, 0x4E, 0xCC, 0x44, 0xB8, 0x11, 0x0E, 0xA5,
    0x00, 0x85, 0xBC, 0x6C, 0x93, 0x5B, 0x46, 0xBC, 0x0E, 0xF1, 0x1F, 0xBF, 0xC4, 0x67, 0x67, 0x0B,
    0xAD, 0x31, 0xD8, 0x2B, 0x09, 0xCF, 0xD3, 0xBA, 0xC8, 0xEA, 0x62, 0x43, 0x98, 0x8B, 0x8D, 0xF0,
    0x6A, 0x1C, 0x3E, 0x54, 0xCC, 0xA8, 0x01, 0x9B, 0xBD, 0x6F, 0x7B, 0xFE, 0xD3, 0x97, 0xA2, 0x8A,
    0xEA, 0x30, 0xF4, 0x43, 0x12, 0xF8, 0x91, 0x62, 0x37, 0x7C, 0xE8, 0x2E, 0x07, 0xC3, 0xD6, 0xFF,
    0xBE, 0x9A, 0x94, 0x2D, 0x7F, 0x6D, 0xF9, 0xAB, 0xEF, 0xAF, 0x31, 0xAF, 0xD5, 0x15, 0xF6, 0x8A,
    0x63, 0x49, 0x11, 0x3E, 0x85, 0xB1, 0xCB, 0x8F, 0x60, 0xA2, 0xB6, 0xC5, 0xA7, 0xF1, 0x62, 0x3C,
    0x66, 0xBA, 0xBE, 0x83, 0x0F, 0x3F, 0x2C, 0x5F, 0xB8, 0x6E, 0xFF, 0x07, 0xAD, 0x58, 0x3D, 0x6C,
    0x1C, 0xC7, 0x15, 0xFE, 0x6E, 0x87, 0xE2, 0x32, 0xDC, 0x68, 0x87, 0x85, 0x84, 0x28, 0xB2, 0xC8,
    0x55, 0xA1, 0x82, 0x08, 0x8E, 0x3C, 0x16, 0x57, 0x5C, 0xAC, 0xE5, 0xED, 0x58, 0x09, 0xA0, 0x22,
    0x40, 0xCC, 0x22, 0xAA, 0x18, 0x40, 0x2A, 0x52, 0x05, 0x31, 0xC4, 0x82, 0x08, 0x58, 0x1C, 0xCD,
    0x95, 0x55, 0xB8, 0x70, 0x61, 0x76, 0x09, 0x10, 0x04, 0x61, 0x91, 0x4A, 0x0E, 0xC0, 0x03, 0x74,
    0x81, 0xCF, 0xCE, 0x89, 0x37, 0x09, 0x0D, 0x30, 0x80, 0x0A, 0xAF, 0xA2, 0xC2, 0x85, 0x80, 0x64,
    0x6D, 0x47, 0x08, 0x60, 0xE4, 0x67, 0x9C, 0x6C, 0x92, 0x83, 0x44, 0x72, 0xF3, 0xCD, 0xEE, 0x51,
    0x16, 0x9C, 0x1F, 0x91, 0xA1, 0x66, 0xE7, 0xDD, 0x71, 0x6F, 0xE7, 0x7D, 0x33, 0x3B, 0xEF, 0xBD,
    0xEF, 0xBD, 0x61, 0x80, 0x9A, 0x0A, 0x00, 0x8C, 0xE1, 0xE4, 0x93, 0x6B, 0x12, 0x33, 0xBC, 0xE6,
    0x11, 0xE2, 0x14, 0x30, 0x01, 0xCC, 0xC1, 0xDD, 0x43, 0xD0, 0x47, 0xB8, 0xA9, 0x3A, 0x3F, 0x81,
    0xD1, 0xC3, 0xFE, 0xD7, 0x18, 0xEF, 0x5E, 0x42, 0x14, 0x20, 0x18, 0x40, 0x28, 0x54, 0x50, 0xB4,
    0x7E, 0x2A, 0xD2, 0x9E, 0x1B, 0xB7, 0x24, 0x7A, 0x12, 0x28, 0xFB, 0x5A, 0xAE, 0x3D, 0x05, 0xA1,
    0xE1, 0xE8, 0x0B, 0x48, 0x66, 0xD1, 0x96, 0xEE, 0xBE, 0x9C, 0x5D, 0xDC, 0x2F, 0xD0, 0xB1, 0xB4,
    0x90, 0x44, 0x79, 0x3C, 0xE3, 0xA9, 0x50, 0xC4, 0xB6, 0xBB, 0x6A, 0x46, 0x82, 0xBF, 0x6C, 0x54,
    0xF4, 0x9A, 0x09, 0x06, 0xB5, 0x75, 0x37, 0xF5, 0xB4, 0x4B, 0x75, 0x1F, 0x15, 0x73, 0x0E, 0xC8,
    0x1A, 0x40, 0xAF, 0x0D, 0xB9, 0x97, 0x6B, 0x48, 0x8D, 0xF1, 0xCD, 0x4F, 0xD4, 0xF8, 0xE6, 0x2D,
    0x65, 0x27, 0x7A, 0x22, 0xB9, 0x41, 0xBD, 0x68, 0x73, 0x73, 0x76, 0x06, 0xB6, 0x36, 0x9B, 0x9D,
    0x4D, 0xEC, 0x43, 0x7A, 0x9C, 0x4D, 0x57, 0xBD, 0x78, 0x96, 0x83, 0x63, 0x5C, 0xCE, 0x90, 0x6E,
    0x21, 0x0B, 0xF4, 0xAA, 0x48, 0x02, 0x9D, 0x88, 0x41, 0x8C, 0x57, 0x2D, 0xCA, 0x19, 0x4F, 0xCD,
    0x7B, 0x08, 0x25, 0x6A, 0xBB, 0xA8, 0x28, 0x5C, 0x98, 0xEE, 0xF5, 0x56, 0x5A, 0x38, 0xBB, 0x0E,
    0xE7, 0xD1, 0x16, 0x1F, 0xBB, 0x3A, 0x0C, 0xD2, 0x74, 0xAE, 0x53, 0x5F, 0x6A, 0xA7, 0x8D, 0xFA,
    0x87, 0x1A, 0x8D, 0x8F, 0x28, 0x1F, 0x26, 0xA8, 0xB7, 0x53, 0xCC, 0xD5, 0xDF, 0x69, 0xB7, 0xAB,
    0xC1, 0x0D, 0x2D, 0x95, 0xA7, 0x9C, 0x7C, 0x17, 0x38, 0x01, 0x8C, 0xFE, 0x10, 0xB3, 0x3D, 0xD4,
    0x43, 0xB4, 0x43, 0x98, 0x16, 0xCC, 0xCF, 0xD0, 0xFE, 0x23, 0xA2, 0xEB, 0x38, 0x31, 0x02, 0x5C,
    0xBB, 0x56, 0xB9, 0x97, 0xB8, 0xAF, 0xC7, 0xB5, 0x1A, 0xC2, 0x10, 0x41, 0x00, 0xF7, 0x66, 0xCC,
    0x5F, 0xB0, 0xB0, 0xB0, 0x96, 0xA7, 0xDF, 0xBD, 0x95, 0x02, 0x65, 0x4F, 0x64, 0xF6, 0xE2, 0x9D,
    0xAD, 0xDF, 0x3D, 0xEA, 0x3F, 0xEE, 0xBF, 0xFB, 0xDB, 0x68, 0x77, 0x74, 0x3D, 0xDA, 0x8D, 0x06,
    0x5F, 0xC0, 0x9A, 0x4E, 0x75, 0xA2, 0x7F, 0xA1, 0xBF, 0xCC, 0x97, 0x05, 0xDA, 0xB6, 0x47, 0x79,
    0xFA, 0x95, 0x47, 0xEB, 0xF6, 0x6F, 0x53, 0x68, 0x02, 0xA7, 0xAF, 0xA8, 0x7E, 0x9E, 0x8C, 0x6E,
    0xCC, 0xB4, 0x1A, 0xFE, 0xB4, 0x8F, 0x2A, 0x1A, 0x48, 0xC5, 0x6B, 0xFE, 0x62, 0x44, 0x43, 0x38,
    0x1B, 0x53, 0xAF, 0xCC, 0xF8, 0x63, 0x93, 0xE8, 0x38, 0x7B, 0x90, 0xA7, 0x64, 0x38, 0xD5, 0xEC,
    0x8E, 0x2A, 0xBB, 0x0D, 0x35, 0x2C, 0x23, 0xC6, 0x8C, 0x93, 0xCC, 0x8B, 0x24, 0x14, 0xFA, 0xE9,
    0xDE, 0x70, 0x75, 0xC3, 0x8B, 0x57, 0xAF, 0xBF, 0xB7, 0xF6, 0x8F, 0xDD, 0x15, 0xB5, 0xB0, 0x02,
    0xB4, 0x8A, 0xCE, 0x3F, 0x9C, 0xFB, 0x59, 0xF0, 0x87, 0x24, 0xFA, 0x20, 0x5E, 0x7B, 0x10, 0xF7,
    0x1F, 0xC4, 0xF9, 0x03, 0xD5, 0xBF, 0xAB, 0xD6, 0xEE, 0xAA, 0xE8, 0xAE, 0xF2, 0xEE, 0x2A, 0x3C,
    0x71, 0x8D, 0x27, 0x9D, 0xC6, 0xFD, 0x36, 0xC4, 0x00, 0x15, 0x2E, 0xB5, 0xB7, 0xD7, 0x1B, 0xC1,
    0x19, 0x44, 0x70, 0xE3, 0x45, 0xB5, 0x8A, 0x51, 0x55, 0x8B, 0x45, 0x79, 0x29, 0xB7, 0xB8, 0x22,
    0x0E, 0x1A, 0x5D, 0x9F, 0xED, 0x2E, 0x57, 0xDB, 0x93, 0x66, 0xB2, 0x5D, 0x5D, 0x0E, 0x9B, 0x66,
    0x54, 0x9D, 0x3F, 0x8F, 0x46, 0x03, 0x53, 0x53, 0xF0, 0xDE, 0x88, 0xC5, 0xB6, 0x96, 0x6F, 0xC6,
    0x33, 0x33, 0xB4, 0x3D, 0xE2, 0xB8, 0x74, 0xCD, 0xB3, 0x76, 0x5B, 0xD6, 0xB8, 0x87, 0x9C, 0x4F,
    0xC4, 0xD6, 0x84, 0x76, 0x66, 0xDF, 0xCE, 0x5D, 0xAD, 0xF0, 0xA3, 0x2E, 0x95, 0x8F, 0x76, 0xC4,
    0x8F, 0xE4, 0x6D, 0xD5, 0xDF, 0xD6, 0x3B, 0x0A, 0xAE, 0xF8, 0x06, 0x1F, 0x7B, 0x1E, 0x50, 0x95,
    0x79, 0x8A, 0xFA, 0xF8, 0xA6, 0xDD, 0x51, 0xDE, 0x2A, 0x0C, 0x1B, 0x37, 0xA9, 0x8E, 0x9A, 0xE6,
    0xAF, 0x84, 0x4C, 0x60, 0x57, 0xC9, 0x0F, 0x22, 0x8B, 0xD8, 0x3F, 0xCB, 0x9B, 0xEA, 0xCF, 0x8D,
    0x50, 0xF5, 0xB4, 0x21, 0x54, 0x7B, 0xA3, 0x11, 0x99, 0xA4, 0x1C, 0x98, 0x72, 0x6E, 0x7E, 0xF9,
    0xF0, 0xC7, 0x68, 0x87, 0xAF, 0x7E, 0x8F, 0x18, 0xF9, 0xA0, 0x88, 0x86, 0xA2, 0x8D, 0x6F, 0xF0,
    0xD7, 0x79, 0xFA, 0x0A, 0xC2, 0x2A, 0x15, 0x4E, 0x85, 0x44, 0xAE, 0x18, 0x06, 0x90, 0x18, 0xB8,
    0x15, 0x1A, 0xC3, 0x77, 0xF5, 0xC4, 0x64, 0x55, 0xEA, 0x4E, 0x58, 0x7F, 0x51, 0xBF, 0x9A, 0xB5,
    0x6F, 0xEB, 0x13, 0x2A, 0xD9, 0xE6, 0xE3, 0xED, 0xAF, 0x69, 0xB8, 0x5E, 0x9E, 0xC1, 0x77, 0xDE,
    0x4A, 0x89, 0x41, 0x95, 0xA2, 0x65, 0xA8, 0x0C, 0x0A, 0x47, 0x60, 0xBB, 0x56, 0xF8, 0xC8, 0x1C,
    0x2A, 0x19, 0x64, 0x46, 0xF3, 0x32, 0xCE, 0xB1, 0xE2, 0xC6, 0x2B, 0x74, 0x68, 0x11, 0x07, 0x39,
    0x2A, 0xEB, 0xA5, 0xCE, 0x3C, 0x25, 0xE0, 0xD6, 0x39, 0x49, 0x79, 0x6F, 0xB1, 0x3C, 0xFE, 0xED,
    0x73, 0xF3, 0xCF, 0x11, 0x6A, 0x9A, 0x52, 0xEF, 0x12, 0x8C, 0x16, 0x4F, 0x89, 0x91, 0xCC, 0xC3,
    0xC9, 0xF7, 0xF9, 0x5A, 0x01, 0x04, 0xF7, 0xD5, 0x63, 0x6C, 0xF9, 0xF0, 0x74, 0xAE, 0xA3, 0x41,
    0x19, 0xE8, 0x3D, 0x62, 0x65, 0xC4, 0x50, 0xC7, 0xC7, 0xE3, 0x26, 0xC0, 0xA5, 0x5E, 0x40, 0xBC,
    0xFA, 0xB9, 0xE3, 0xE3, 0xD5, 0xBE, 0x4E, 0x96, 0x62, 0x94, 0xA2, 0x73, 0x7C, 0x2C, 0xC6, 0x2F,
    0x5A, 0xAB, 0xD4, 0x99, 0x3E, 0x3E, 0x96, 0x7D, 0xC7, 0x93, 0xB4, 0xD6, 0x39, 0xD2, 0x98, 0xA4,
    0x1E, 0x79, 0xE8, 0x78, 0x78, 0x79, 0x4E, 0xE5, 0x4F, 0x36, 0x15, 0xB5, 0xC9, 0xD9, 0xE7, 0xE8,
    0x9B, 0x68, 0x58, 0xB7, 0xB0, 0x00, 0x58, 0x5A, 0xBD, 0x42, 0x88, 0x28, 0x2F, 0x30, 0x0A, 0x90,
    0x02, 0xA5, 0x80, 0x99, 0x26, 0x8E, 0x6A, 0x10, 0xE8, 0x46, 0x46, 0xA4, 0xDC, 0x94, 0x5C, 0xEF,
    0x3E, 0xEC, 0x05, 0x68, 0x86, 0x68, 0xB6, 0x30, 0xD2, 0xB5, 0x6E, 0xF6, 0x59, 0xEF, 0x5A, 0x2A,
    0x18, 0x69, 0x32, 0x70, 0xEE, 0x65, 0x22, 0x4F, 0x48, 0x36, 0x68, 0x16, 0xC6, 0xBF, 0x0A, 0xDC,
    0xB1, 0x01, 0xE4, 0xA4, 0x85, 0x53, 0x4E, 0x59, 0xA4, 0xB5, 0x3C, 0x0B, 0x6E, 0x65, 0x9E, 0x6A,
    0x48, 0x34, 0x86, 0x94, 0x70, 0x45, 0xC9, 0x3C, 0x79, 0x8A, 0x21, 0xA6, 0xED, 0xA3, 0x4A, 0x96,
    0xD3, 0xB9, 0xA9, 0xEC, 0x6A, 0x04, 0x8A, 0xCC, 0x74, 0x64, 0xDD, 0x33, 0xB0, 0x14, 0x90, 0xC7,
    0xE2, 0x46, 0x72, 0x54, 0x5D, 0xB1, 0x9D, 0x88, 0xFB, 0xA9, 0x73, 0x23, 0x3E, 0xAA, 0xE2, 0x04,
    0x77, 0x22, 0xB2, 0x4B, 0x06, 0x13, 0xDA, 0xBA, 0xC7, 0x94, 0x20, 0xF1, 0xEF, 0x17, 0xF7, 0x74,
    0x02, 0x46, 0xA4, 0x3E, 0x9E, 0x35, 0xCE, 0x61, 0xDE, 0x6B, 0x9A, 0x76, 0xE3, 0x59, 0xE3, 0xBA,
    0xDD, 0xC1, 0xEE, 0xB5, 0xEF, 0x3C, 0x6B, 0x94, 0xCC, 0x7F, 0x0F, 0xF7, 0x61, 0x5F, 0x39, 0x89,
    0x9B, 0x38, 0x49, 0xC5, 0x30, 0xDE, 0x33, 0x4A, 0xF7, 0x4B, 0x0F, 0x55, 0x37, 0xCA, 0x75, 0x97,
    0xFE, 0x66, 0x25, 0xA3, 0x90, 0x82, 0x44, 0x22, 0xB4, 0x8C, 0xC5, 0x2F, 0xB7, 0x6C, 0x82, 0xA1,
    0x49, 0xC7, 0x60, 0x99, 0xAB, 0xA0, 0x6D, 0xB6, 0x48, 0xD7, 0xB2, 0x20, 0xF5, 0x12, 0xCF, 0x88,
    0x58, 0x76, 0x49, 0x81, 0xA4, 0x14, 0x7F, 0x96, 0x22, 0x85, 0xF2, 0xBD, 0x9B, 0xCA, 0x17, 0xDB,
    0x94, 0x8F, 0x49, 0xB1, 0x7F, 0x53, 0x27, 0xF1, 0x98, 0xC5, 0x46, 0x44, 0x12, 0x8C, 0x90, 0xEB,
    0xA0, 0x0C, 0x16, 0xCB, 0x13, 0xD6, 0x15, 0x99, 0x81, 0xC9, 0xFE, 0x07, 0x25, 0x05, 0xDC, 0x7B,
    0x77, 0xC0, 0x42, 0x83, 0x54, 0x25, 0xE3, 0x16, 0x77, 0xB2, 0xCB, 0x28, 0xC8, 0x9E, 0x12, 0x56,
    0x20, 0xFC, 0x8D, 0x0C, 0x46, 0x27, 0x6D, 0x72, 0x9C, 0xD4, 0x3D, 0xFA, 0x2F, 0xD7, 0x74, 0xDA,
    0x02, 0x2C, 0x70, 0x7D, 0xA6, 0x0C, 0x9A, 0x49, 0x3C, 0x1F, 0xCC, 0xD1, 0x21, 0x39, 0xDA, 0x4C,
    0x94, 0x2E, 0x3F, 0x1F, 0xCC, 0x55, 0xD6, 0x01, 0xD6, 0xBB, 0x0F, 0x08, 0xF7, 0xB8, 0x78, 0x86,
    0xAC, 0x9F, 0xD1, 0x36, 0x1B, 0x1B, 0xCF, 0x69, 0x1F, 0xDB, 0x32, 0x0C, 0x25, 0x7D, 0x40, 0x9A,
    0x30, 0x6C, 0xFB, 0x07, 0x3B, 0xF9, 0x91, 0x76, 0xEF, 0xF5, 0x55, 0x89, 0x1A, 0x11, 0xF5, 0x6D,
    0xDD, 0xAD, 0xDC, 0xD7, 0x99, 0xB8, 0xA9, 0x33, 0x49, 0xD4, 0x2A, 0x51, 0xDB, 0x42, 0xBF, 0x93,
    0xB8, 0x3A, 0x8A, 0xA5, 0x8A, 0x38, 0xAE, 0x46, 0xD4, 0xEF, 0x13, 0x75, 0xE1, 0xF4, 0xD0, 0xE2,
    0x2D, 0xEB, 0x3A, 0xD6, 0xE2, 0x7A, 0xB8, 0xD0, 0x9A, 0xA9, 0xC5, 0x2F, 0x30, 0x98, 0xDC, 0xB8,
    0x14, 0x4F, 0x4D, 0x71, 0x45, 0x43, 0xC1, 0x2C, 0xB3, 0xD6, 0x2C, 0x2E, 0xB2, 0x48, 0xBD, 0xC8,
    0xEF, 0xB7, 0x30, 0x55, 0x79, 0x1F, 0xF2, 0x8D, 0x37, 0xC1, 0xAA, 0x32, 0xB5, 0xC6, 0x2E, 0x41,
    0x4D, 0x99, 0x22, 0x7C, 0x3C, 0x1F, 0x4C, 0xC7, 0x96, 0x96, 0x5C, 0x5F, 0xD3, 0x96, 0x53, 0x8D,
    0xE7, 0x83, 0xD9, 0xA1, 0xAB, 0x0F, 0x76, 0x6D, 0xF5, 0xF7, 0x1C, 0xDF, 0x9B, 0x16, 0x17, 0xA6,
    0x2C, 0x83, 0x4B, 0x26, 0xF9, 0xCF, 0x25, 0x74, 0x8B, 0x95, 0xE1, 0x7C, 0x52, 0xBE, 0xD3, 0xD3,
    0xA5, 0xF3, 0x53, 0x25, 0x34, 0x13, 0x46, 0x90, 0x58, 0xCA, 0xF6, 0xF6, 0x95, 0xF7, 0x23, 0xE3,
    0xA9, 0x81, 0x07, 0x16, 0xF6, 0x2C, 0x89, 0xF9, 0x99, 0xC9, 0xC5, 0x54, 0xEE, 0xAB, 0x92, 0xED,
    0x0A, 0x0A, 0x60, 0xDD, 0x30, 0xBB, 0x65, 0xBD, 0x84, 0x1B, 0xC4, 0xAA, 0x97, 0xAF, 0xE1, 0x24,
    0x93, 0x94, 0x65, 0x4A, 0x0A, 0xF1, 0x1B, 0xD6, 0x27, 0xBF, 0xE2, 0xB7, 0xDE, 0xA5, 0x44, 0x4A,
    0x68, 0x4F, 0x0B, 0xED, 0x24, 0x62, 0xE7, 0xA5, 0x44, 0xBC, 0x7F, 0x53, 0x8B, 0x9D, 0x9C, 0xD9,
    0xE6, 0x5B, 0xF6, 0x28, 0x81, 0xCB, 0x9C, 0x7F, 0x7F, 0xC8, 0x04, 0x65, 0x06, 0x15, 0x69, 0x91,
    0x9B, 0xCF, 0xD8, 0x5B, 0x77, 0x5F, 0x07, 0x8B, 0xB6, 0xFE, 0x24, 0x2D, 0x19, 0x4F, 0x1B, 0x59,
    0xF4, 0x40, 0x9B, 0x8B, 0xBA, 0x7B, 0xFB, 0xBD, 0xE8, 0xFE, 0xE0, 0x44, 0x59, 0x9E, 0x4D, 0x15,
    0x35, 0x8C, 0x29, 0x8A, 0x85, 0x43, 0x6A, 0x4D, 0xD8, 0xED, 0x73, 0x76, 0xE1, 0xBE, 0x8C, 0x31,
    0xE7, 0xB0, 0x5A, 0x0E, 0x6B, 0xC9, 0x3C, 0x1E, 0xEB, 0x0F, 0x03, 0xE2, 0x30, 0x2A, 0xE3, 0xA3,
    0x60, 0x79, 0x2A, 0xA5, 0x3A, 0xBC, 0x0A, 0x7E, 0x0A, 0xE7, 0x4F, 0x10, 0xDF, 0x84, 0xF8, 0xB1,
    0x2D, 0xDD, 0x0E, 0xA9, 0xE5, 0xEE, 0xFF, 0x25, 0x09, 0x16, 0xFF, 0x6E, 0x38, 0xAA, 0x43, 0x3E,
    0xCE, 0x8C, 0x77, 0xC9, 0x18, 0xD9, 0x8F, 0x0D, 0x3D, 0xC6, 0x30, 0x83, 0x9A, 0x8B, 0x31, 0x7A,
    0xB7, 0xD3, 0x76, 0x94, 0xE4, 0xFA, 0x04, 0xCF, 0x7B, 0x95, 0x5C, 0xB9, 0x1F, 0x68, 0x29, 0x92,
    0x19, 0x56, 0xF8, 0x45, 0x69, 0x58, 0xF6, 0x79, 0xC4, 0xC1, 0x65, 0xED, 0xD2, 0x28, 0x1B, 0x85,
    0x87, 0x4D, 0xA2, 0xF2, 0x4A, 0x51, 0xCD, 0x15, 0x74, 0x65, 0xD9, 0x35, 0xB4, 0x87, 0x48, 0xB6,
    0x4A, 0x8E, 0x02, 0x41, 0x5B, 0x04, 0x2F, 0x6E, 0xEE, 0xA1, 0x19, 0xDB, 0x87, 0x4C, 0xFE, 0x16,
    0x21, 0x47, 0xE9, 0xA9, 0xD6, 0x6B, 0x58, 0x7B, 0x92, 0x3A, 0xE3, 0xA3, 0x68, 0x91, 0x29, 0xE8,
    0x26, 0x3B, 0xCA, 0x29, 0xD4, 0x0E, 0xA3, 0xE5, 0x5C, 0x8A, 0xBD, 0xBB, 0xDA, 0x7D, 0x7D, 0x58,
    0x09, 0x1F, 0x6E, 0xA2, 0x0E, 0x27, 0x92, 0x45, 0xC8, 0xAF, 0xE1, 0xBA, 0xFA, 0x5C, 0xEE, 0x3C,
    0x2F, 0xD3, 0x4A, 0xE1, 0x95, 0x5E, 0x3C, 0x89, 0xF3, 0xFF, 0x63, 0x4C, 0x85, 0x84, 0x26, 0xD3,
    0xC6, 0xF2, 0x35, 0x6E, 0x4C, 0xA0, 0x5F, 0x60, 0x76, 0xA5, 0xBB, 0xEB, 0x27, 0xD7, 0xAF, 0x79,
    0xDC, 0x51, 0xC3, 0x63, 0x25, 0xFE, 0xFB, 0x08, 0x3E, 0xF2, 0xEE, 0x6B, 0xC6, 0x83, 0xB3, 0x8F,
    0x0A, 0x3D, 0xC6, 0x8D, 0xBD, 0x7F, 0xEA, 0xE6, 0x55, 0xCD, 0x82, 0x3D, 0x13, 0x89, 0xB1, 0x5D,
    0x97, 0xBD, 0xE3, 0xC6, 0x8C, 0xCD, 0xA0, 0x38, 0xAE, 0x5A, 0x3B, 0x39, 0x79, 0x1B, 0x4E, 0xA0,
    0x0F, 0x4E, 0x15, 0xD8, 0x72, 0x0D, 0x36, 0xE5, 0x00, 0xB2, 0xBA, 0x02, 0x59, 0xA7, 0x2C, 0x51,
    0x36, 0x3A, 0xF0, 0x93, 0x0E, 0x69, 0x80, 0x12, 0x1B, 0xAE, 0xFD, 0x53, 0x5B, 0x15, 0x0C, 0xB9,
    0xC4, 0xE6, 0x60, 0x91, 0x14, 0x5C, 0x7A, 0xA1, 0xB8, 0xDD, 0xC5, 0xEC, 0x55, 0xD5, 0x22, 0xAD,
    0xDB, 0x09, 0x93, 0x83, 0xCE, 0x99, 0xB5, 0x9D, 0x79, 0xAF, 0x98, 0x99, 0x6D, 0xA6, 0xB0, 0x54,
    0x3A, 0xBC, 0x3D, 0x94, 0xD6, 0x84, 0xAD, 0x1A, 0xC5, 0x2E, 0x3C, 0xFF, 0x20, 0xF4, 0x0E, 0xA1,
    0xE5, 0xF0, 0x28, 0xF9, 0x58, 0x8D, 0x6C, 0x1D, 0x84, 0xDE, 0x21, 0x54, 0xC6, 0xC7, 0x11, 0xBC,
    0xAC, 0xA4, 0x3C, 0x82, 0x8A, 0x65, 0x9E, 0xDD, 0xE2, 0xE0, 0x64, 0x0B, 0x3F, 0xC3, 0x73, 0x34,
    0x9D, 0xC4, 0xC6, 0xA0, 0x29, 0x3D, 0x6A, 0xC5, 0xFB, 0x81, 0x09, 0x1C, 0x33, 0xEF, 0x9A, 0xD0,
    0xCF, 0xC2, 0x30, 0x0B, 0x4D, 0xD6, 0xD4, 0xA6, 0xF6, 0x92, 0x09, 0x48, 0x74, 0xB9, 0x9A, 0x28,
    0x5D, 0xB7, 0x38, 0x84, 0xDB, 0x88, 0xA9, 0x0E, 0xEB, 0x87, 0x22, 0xE9, 0x2D, 0xD3, 0x77, 0x06,
    0xE4, 0x58, 0x1E, 0xC6, 0xEC, 0x81, 0x4C, 0x74, 0x4A, 0x71, 0x29, 0x7E, 0x1B, 0xF2, 0x8B, 0x94,
    0xD6, 0xA7, 0xF0, 0x4C, 0x9F, 0x0B, 0x39, 0x35, 0x5C, 0x72, 0x5C, 0x32, 0x74, 0x88, 0x83, 0xA8,
    0x38, 0x3A, 0xCE, 0xC8, 0xF0, 0x80, 0x97, 0xDB, 0xA3, 0xBA, 0x46, 0x19, 0x4E, 0x47, 0xC7, 0xB1,
    0xC5, 0x30, 0x6B, 0x62, 0x1E, 0x3C, 0x3F, 0xF3, 0xB2, 0xFF, 0xE7, 0x9D, 0xBC, 0x82, 0x0C, 0x98,
    0x95, 0x8A, 0xB3, 0x67, 0xBF, 0x62, 0x36, 0x9D, 0x4C, 0x62, 0x59, 0x62, 0x49, 0xC2, 0x48, 0x24,
    0xDE, 0x25, 0xED, 0xDE, 0x8C, 0xC5, 0x0E, 0xC4, 0x9F, 0x0B, 0x53, 0xF0, 0xD5, 0xEB, 0xA8, 0xF3,
    0x34, 0xAF, 0xAD, 0x9E, 0x55, 0xF9, 0xDC, 0x3F, 0x14, 0x64, 0x2A, 0x9B, 0x99, 0x5C, 0x6A, 0xC9,
    0x8D, 0xD0, 0xD7, 0xB6, 0x4B, 0x86, 0x86, 0xEA, 0x5A, 0x34, 0x27, 0x0D, 0xF2, 0x78, 0xEA, 0x94,
    0x4D, 0x0F, 0x74, 0xD3, 0x59, 0xC5, 0xC0, 0x83, 0xF3, 0x5A, 0xEC, 0xED, 0x24, 0xEE, 0xC1, 0x5B,
    0x1C, 0x75, 0x01, 0xFF, 0x02, 0xAD, 0x59, 0xCF, 0x6F, 0x1C, 0x57, 0x1D, 0xFF, 0xCC, 0xBC, 0x34,
    0x13, 0x98, 0x74, 0x5F, 0x0E, 0x89, 0x00, 0xC5, 0xF1, 0xE4, 0xD0, 0x43, 0x10, 0x9B, 0x9D, 0x20,
    0x45, 0x62, 0xA5, 0xAC, 0x77, 0x9F, 0x2C, 0x24, 0x0E, 0x1C, 0xB0, 0x44, 0xC3, 0xA5, 0x87, 0xFE,
    0x03, 0x45, 0xB1, 0x90, 0x25, 0x8C, 0xBA, 0x89, 0x07, 0xC2, 0x0D, 0x89, 0x5A, 0x1C, 0xB8, 0x70,
    0x68, 0x8F, 0xA8, 0x45, 0x8A, 0x45, 0x2D, 0x64, 0xC1, 0xC6, 0xFB, 0x4A, 0x91, 0x8A, 0x04, 0x82,
    0xA9, 0xA2, 0xC2, 0x0D, 0x0D, 0x22, 0x11, 0x82, 0x02, 0x1D, 0xAB, 0x83, 0x58, 0xB5, 0x1B, 0x0F,
    0x9F, 0xEF, 0x9B, 0xB1, 0x6B, 0xD7, 0x4D, 0xBC, 0x6B, 0x67, 0x77, 0xBE, 0xF6, 0xEE, 0xD8, 0xEF,
    0x7D, 0x3F, 0xEF, 0xFB, 0xBE, 0x3F, 0x3E, 0xDF, 0x37, 0x38, 0xF7, 0x2C, 0xD0, 0x1B, 0x03, 0xF2,
    0x5B, 0x5E, 0xCA, 0x02, 0x61, 0x0A, 0x34, 0x32, 0x60, 0x26, 0x07, 0x2E, 0x51, 0xAE, 0x6E, 0x00,
    0x8B, 0x7D, 0x20, 0xEB, 0x00, 0xE9, 0x1C, 0xFC, 0x72, 0x1B, 0x2A, 0x89, 0xA0, 0xA0, 0x11, 0x42,
    0x27, 0x0D, 0x84, 0xB6, 0xB4, 0xBD, 0x91, 0x2E, 0x4D, 0x58, 0x56, 0xB3, 0x20, 0xD8, 0xB6, 0xD1,
    0x73, 0xB6, 0xA3, 0xEC, 0x86, 0xB2, 0x79, 0x68, 0x73, 0xED, 0xAE, 0xC8, 0xE6, 0xD7, 0xEC, 0xC6,
    0xEB, 0xBF, 0xE9, 0xDD, 0x1B, 0x3D, 0x05, 0x83, 0x33, 0x27, 0x80, 0x2B, 0xA7, 0x81, 0xEE, 0x00,
    0xD0, 0xF9, 0xB1, 0xF5, 0x73, 0xF4, 0xD3, 0x7E, 0x12, 0x06, 0x50, 0xDB, 0xC0, 0xFA, 0xC4, 0x28,
    0x8E, 0xA5, 0x31, 0xA4, 0x96, 0x19, 0x0A, 0xFF, 0x0F, 0x3D, 0x4E, 0xD4, 0x7A, 0x9C, 0xCE, 0x41,
    0xAD, 0x33, 0x13, 0x9D, 0xA1, 0x41, 0x58, 0x40, 0x51, 0xB1, 0x81, 0x9F, 0x41, 0xA7, 0xB8, 0xEC,
    0x0C, 0x30, 0xCC, 0x82, 0x07, 0x83, 0x08, 0xDD, 0x0E, 0xBA, 0x7D, 0x9C, 0x20, 0x8E, 0x62, 0xCF,
    0xC5, 0xAF, 0xBC, 0xD9, 0x45, 0x53, 0xBF, 0x5D, 0xA8, 0x32, 0xC5, 0x59, 0x37, 0x44, 0x03, 0x31,
    0xB0, 0x0C, 0x24, 0xF2, 0xCD, 0x2B, 0x4D, 0xF0, 0x67, 0xAB, 0x55, 0x7A, 0x59, 0xD9, 0x8E, 0x43,
    0x56, 0x5D, 0x73, 0x48, 0xA2, 0xAF, 0xD8, 0x80, 0xB6, 0x59, 0x00, 0x3E, 0xC5, 0x21, 0x06, 0x2B,
    0xA9, 0x97, 0xAE, 0x1D, 0x51, 0x29, 0xAD, 0x53, 0x42, 0xBD, 0x65, 0x7C, 0xA7, 0x75, 0x22, 0xA5,
    0x7C, 0x45, 0x0E, 0xEA, 0xA7, 0x8F, 0xB4, 0xD2, 0x36, 0x30, 0x70, 0x7A, 0x31, 0xE9, 0x32, 0x3D,
    0x73, 0x11, 0x5B, 0x99, 0x6C, 0x4C, 0x74, 0x44, 0xDB, 0xAA, 0x79, 0xEB, 0xBF, 0x07, 0x3C, 0xA4,
    0x4B, 0x4C, 0xA3, 0x54, 0xB4, 0x62, 0x25, 0x41, 0xAD, 0x17, 0xBD, 0x72, 0x15, 0xD1, 0x8F, 0x1F,
    0x72, 0xD3, 0x23, 0x13, 0x9A, 0xC0, 0x86, 0x46, 0xA5, 0xA1, 0xF1, 0x33, 0x11, 0x8D, 0x1D, 0x51,
    0x29, 0xC5, 0x6A, 0x68, 0xA3, 0xD1, 0x85, 0x3E, 0x39, 0x42, 0x59, 0x26, 0xD5, 0x04, 0xE1, 0x16,
    0xBD, 0x32, 0x17, 0xE1, 0xC4, 0x5B, 0x74, 0xB4, 0x2D, 0x62, 0xC9, 0x11, 0xFC, 0x29, 0xE7, 0xEE,
    0xE7, 0x74, 0xBB, 0x1C, 0x1D, 0x9F, 0xA2, 0x6A, 0x09, 0x28, 0x8D, 0x1C, 0x71, 0x73, 0x0B, 0xBA,
    0xD8, 0x26, 0xA6, 0x33, 0xD0, 0xE5, 0x7D, 0x04, 0x0F, 0x86, 0xC6, 0x4F, 0x83, 0xD4, 0x4F, 0xBD,
    0xDC, 0x4F, 0x51, 0x50, 0x36, 0x3E, 0xF3, 0xC0, 0x6C, 0xF4, 0x4A, 0x71, 0x57, 0x88, 0x14, 0x94,
    0x5C, 0x59, 0x95, 0x12, 0x49, 0xA2, 0xDE, 0xD8, 0x24, 0xF6, 0xAC, 0xC6, 0x20, 0x21, 0x4A, 0x79,
    0xEA, 0xBF, 0xB2, 0x20, 0xF7, 0x79, 0x5A, 0x0C, 0xDE, 0x75, 0xA3, 0x4A, 0x8B, 0xEB, 0x86, 0xA3,
    0x57, 0xCA, 0x22, 0x7A, 0xB5, 0x08, 0x4D, 0x5B, 0x83, 0x97, 0x38, 0xB1, 0xBE, 0x6E, 0x74, 0x99,
    0xD6, 0x9F, 0xE5, 0xBA, 0x24, 0x7F, 0xF2, 0x8A, 0xB2, 0xE4, 0x86, 0x58, 0xB5, 0x63, 0x0B, 0xAF,
    0x84, 0xDB, 0x04, 0x2B, 0x9B, 0x10, 0x26, 0xDD, 0x87, 0xE8, 0x26, 0xB2, 0x09, 0x5D, 0x9A, 0x9B,
    0x9B, 0x50, 0xBA, 0x4D, 0xE0, 0xD6, 0x99, 0xD4, 0x7F, 0xD7, 0xC2, 0x65, 0xA4, 0xA9, 0x74, 0xC9,
    0xB6, 0xC3, 0xAA, 0xDB, 0x89, 0x5F, 0x3A, 0xAF, 0x98, 0x4C, 0xA3, 0xBC, 0xE6, 0xDC, 0xAD, 0xE6,
    0xF4, 0x1A, 0x3F, 0xEE, 0xDA, 0x87, 0xAB, 0x9B, 0x6E, 0x7E, 0x2F, 0x45, 0xC0, 0x0C, 0xE7, 0xD2,
    0x6C, 0x98, 0x1C, 0x3E, 0xFF, 0x0B, 0x2E, 0xDA, 0x98, 0x1A, 0x86, 0x86, 0x8B, 0xF2, 0xB1, 0xE0,
    0xDF, 0x73, 0x96, 0xEC, 0x1C, 0xC9, 0x98, 0xF3, 0x89, 0xC4, 0xD0, 0x78, 0x37, 0x86, 0x26, 0x30,
    0xE6, 0x49, 0x7E, 0x49, 0x98, 0x9F, 0x90, 0x2E, 0xBA, 0xC0, 0x2D, 0x82, 0x07, 0x37, 0x35, 0xA2,
    0x39, 0xC4, 0x9D, 0x7D, 0x81, 0xBB, 0x5D, 0xA0, 0xB5, 0x81, 0xD9, 0x0E, 0x5A, 0x5D, 0xB4, 0xB4,
    0xBD, 0xE9, 0x53, 0xE3, 0x39, 0xE0, 0x8C, 0xFC, 0x4D, 0x8D, 0x11, 0x6A, 0x9C, 0xF2, 0x0F, 0x54,
    0x82, 0x60, 0x5F, 0x56, 0xBE, 0xFB, 0xBA, 0xED, 0xDD, 0x4B, 0xBC, 0x20, 0x59, 0x0A, 0x51, 0x68,
    0x8C, 0xFA, 0x88, 0xE9, 0xF0, 0x74, 0x56, 0x7B, 0x15, 0x1F, 0xE4, 0x2E, 0xAB, 0x4F, 0x0F, 0x00,
    0x38, 0xAD, 0x4C, 0x18, 0x42, 0x3D, 0x84, 0xB7, 0x7E, 0x24, 0x00, 0x55, 0x5E, 0x8F, 0xCC, 0x4E,
    0xB2, 0x9C, 0x12, 0x00, 0x63, 0x73, 0xE4, 0xA2, 0x15, 0x47, 0xD5, 0x3E, 0xAD, 0x46, 0x96, 0xAF,
    0x9E, 0x14, 0x40, 0x31, 0x3E, 0x3D, 0x27, 0x85, 0x57, 0xD4, 0x00, 0xA6, 0xD6, 0xEE, 0x9B, 0xAA,
    0x24, 0xB7, 0x38, 0x7C, 0xC9, 0x85, 0x13, 0x56, 0xF2, 0xDE, 0x28, 0x5A, 0x3D, 0xCF, 0xAC, 0x29,
    0x19, 0x32, 0x48, 0x76, 0xE5, 0xFA, 0x73, 0x89, 0x66, 0x9A, 0x64, 0x61, 0x16, 0x31, 0xFB, 0x45,
    0x9B, 0x32, 0x1F, 0xE6, 0xE2, 0x01, 0x9A, 0xDB, 0xD8, 0xE5, 0x74, 0xAF, 0xB4, 0x2B, 0x8B, 0xC4,
    0xB6, 0xE2, 0x1A, 0xFB, 0xE4, 0x8D, 0x11, 0x2B, 0xDA, 0x5D, 0xA8, 0x3F, 0xB4, 0xA0, 0x7E, 0x7F,
    0x19, 0xEA, 0x67, 0x94, 0x0D, 0xCA, 0x5A, 0x07, 0x2A, 0xA7, 0xA4, 0x14, 0xDB, 0x31, 0x41, 0xD2,
    0x63, 0x2A, 0x3A, 0x81, 0x68, 0xAC, 0xB7, 0x83, 0xFB, 0x27, 0x25, 0x8B, 0xE6, 0x5F, 0xF8, 0xE7,
    0xAB, 0x1F, 0xF4, 0xCA, 0x72, 0x5B, 0x59, 0x2F, 0x53, 0xEF, 0x7C, 0x23, 0x53, 0x65, 0x99, 0x29,
    0xEB, 0x8B, 0xA4, 0xFB, 0x45, 0xA5, 0xBD, 0x71, 0x3C, 0x76, 0x16, 0xAE, 0xF6, 0x18, 0x37, 0x7E,
    0xCA, 0xCF, 0xE3, 0xEA, 0xB3, 0x0E, 0xC8, 0x05, 0x66, 0x0B, 0xE8, 0xF6, 0x06, 0xF4, 0x95, 0x75,
    0x34, 0xD6, 0x28, 0x19, 0xC5, 0x32, 0xCB, 0x8A, 0x18, 0xC9, 0xB6, 0x5B, 0x98, 0x05, 0x8B, 0x0D,
    0x4D, 0xDD, 0x3D, 0x55, 0x8E, 0x3C, 0x29, 0x36, 0x79, 0xB4, 0x1A, 0x1A, 0xB7, 0xE6, 0x03, 0xEF,
    0x32, 0xFF, 0x1C, 0x56, 0xFE, 0x35, 0x5F, 0xB8, 0x02, 0x6C, 0xCF, 0x33, 0xFB, 0x3B, 0x1C, 0x3B,
    0xEF, 0xDF, 0xAA, 0x11, 0xCC, 0xB9, 0x85, 0xE1, 0xE8, 0xDC, 0xC2, 0x61, 0xF3, 0xAC, 0x8C, 0x1C,
    0xCD, 0x7A, 0xE4, 0x2C, 0xE6, 0x44, 0xD6, 0xBC, 0x55, 0xC4, 0xE9, 0x61, 0xF3, 0x90, 0x5D, 0x9D,
    0x6E, 0xB7, 0xE3, 0x3C, 0x4C, 0x1E, 0x3D, 0xD7, 0xE3, 0x67, 0x68, 0x30, 0x65, 0x2C, 0x61, 0x98,
    0x74, 0x65, 0x9F, 0x13, 0x6D, 0x9C, 0x8F, 0xE0, 0x86, 0xF9, 0xD8, 0x88, 0x8B, 0x3A, 0x57, 0xF4,
    0x8B, 0x0B, 0x74, 0x2B, 0x4D, 0x5D, 0xF4, 0x11, 0x1B, 0x98, 0x43, 0x57, 0xF9, 0x49, 0xF3, 0x64,
    0x1E, 0x47, 0x95, 0x59, 0xB4, 0x7A, 0xC3, 0xEC, 0x7A, 0x17, 0x77, 0xE1, 0xA0, 0xB4, 0x6A, 0xB9,
    0xBC, 0x2B, 0x65, 0x3E, 0x57, 0x53, 0xC4, 0x4E, 0x55, 0x41, 0x99, 0x8E, 0xC5, 0xC7, 0x43, 0xB3,
    0xAC, 0x93, 0xB1, 0x36, 0x1B, 0x95, 0x4B, 0xAE, 0xF8, 0xC5, 0x8D, 0xF9, 0x41, 0x68, 0x3A, 0xBC,
    0x34, 0xAA, 0x6B, 0xB9, 0xBE, 0x2E, 0x2E, 0xEB, 0x6C, 0xDD, 0x93, 0xB8, 0x5A, 0xC3, 0x89, 0x8C,
    0x36, 0x13, 0x67, 0x49, 0x54, 0xAE, 0x07, 0x4D, 0x66, 0xF5, 0x78, 0x1C, 0xDC, 0xDF, 0x63, 0xBE,
    0x7D, 0xEF, 0xC0, 0x4A, 0xA0, 0x88, 0xB9, 0x2E, 0x4A, 0x28, 0x5A, 0x9D, 0x77, 0x96, 0x2E, 0x9E,
    0x72, 0x66, 0xCF, 0xFC, 0xCC, 0x4F, 0x77, 0xDE, 0xBB, 0x23, 0x92, 0xAF, 0x33, 0xD3, 0x2F, 0x73,
    0xB1, 0xC3, 0x34, 0x5A, 0x8D, 0xB9, 0xD8, 0x0E, 0x81, 0xD2, 0xE9, 0x18, 0x21, 0x5A, 0x92, 0x3B,
    0xD7, 0xA0, 0x6F, 0x51, 0x68, 0x4F, 0x77, 0x4F, 0xC8, 0xAB, 0x57, 0x51, 0x00, 0xCD, 0x72, 0x59,
    0xE6, 0x92, 0x31, 0x9F, 0xAA, 0xCA, 0x60, 0x57, 0x38, 0x39, 0xAA, 0xCF, 0x17, 0x51, 0xFB, 0xBC,
    0xDE, 0x7B, 0xA9, 0x4C, 0x73, 0x15, 0x5E, 0xA6, 0x89, 0xEC, 0x2E, 0xF4, 0x08, 0x8D, 0x0E, 0x66,
    0x23, 0xCC, 0x6A, 0x33, 0x1B, 0xD8, 0x59, 0x7F, 0x2C, 0xD5, 0x60, 0xD9, 0x15, 0x0F, 0xEA, 0x5D,
    0x14, 0xB2, 0x7C, 0xCB, 0xCF, 0x5E, 0x96, 0x21, 0xB9, 0x0C, 0xD9, 0x94, 0x21, 0x7A, 0x0E, 0x3A,
    0x22, 0x20, 0xD3, 0x50, 0xB6, 0xE1, 0x3D, 0x94, 0xB0, 0xA8, 0x0A, 0x40, 0x26, 0x25, 0x4F, 0x2C,
    0x3B, 0x42, 0xB4, 0x2A, 0x8C, 0x5B, 0xE3, 0x51, 0x17, 0x2B, 0xD9, 0x55, 0x57, 0xB1, 0x72, 0x30,
    0xC3, 0x44, 0x49, 0xDB, 0x61, 0xD5, 0x8F, 0x78, 0xCF, 0x22, 0x3A, 0xE3, 0x3C, 0x62, 0xAA, 0x89,
    0xF9, 0x5A, 0x72, 0x4B, 0x69, 0xD7, 0x4B, 0x99, 0x44, 0x45, 0x60, 0x34, 0xF7, 0x24, 0x60, 0xBA,
    0x71, 0x2F, 0x86, 0x20, 0x7D, 0x77, 0x2D, 0x34, 0xCC, 0x82, 0x66, 0x02, 0x95, 0xC3, 0x96, 0x8E,
    0x74, 0x43, 0xCF, 0xE8, 0x33, 0x13, 0xAF, 0x21, 0xD7, 0x7E, 0x21, 0x3F, 0x1F, 0xB1, 0x86, 0xE1,
    0x41, 0x8D, 0xA1, 0x78, 0x83, 0xD6, 0xFB, 0xF0, 0xCC, 0xD2, 0xC5, 0x48, 0x3A, 0x33, 0xA1, 0x62,
    0xD1, 0x36, 0x82, 0xFB, 0x60, 0x9A, 0xA4, 0xBF, 0x28, 0xBB, 0xA0, 0xDE, 0xB4, 0xEA, 0x3F, 0x50,
    0x85, 0xB8, 0xF1, 0x97, 0x6C, 0x75, 0x93, 0x5B, 0xF7, 0xB4, 0xB2, 0x37, 0x7B, 0x25, 0xCD, 0xD3,
    0x4B, 0xC2, 0x24, 0x48, 0x24, 0x02, 0xC3, 0x2F, 0x87, 0x1B, 0x3A, 0x5D, 0x31, 0x2F, 0xEF, 0x8B,
    0x68, 0xCF, 0x65, 0x3E, 0x17, 0x49, 0xDC, 0xE2, 0x7A, 0x8F, 0x59, 0xA8, 0xE3, 0x22, 0xCA, 0xC2,
    0x34, 0x94, 0x88, 0xDF, 0x50, 0x49, 0xA3, 0x43, 0x69, 0x51, 0xB4, 0x32, 0x8D, 0xF0, 0x36, 0x9D,
    0xE3, 0x4D, 0xCA, 0xDF, 0x4C, 0x03, 0xEF, 0x9B, 0xA7, 0xF1, 0x21, 0xFD, 0xB2, 0xC7, 0xA1, 0x3D,
    0x94, 0xB6, 0x26, 0xE9, 0x3B, 0xED, 0xA7, 0x24, 0x93, 0xCE, 0xAE, 0xC3, 0x62, 0x93, 0x3C, 0xF6,
    0x8E, 0x78, 0x59, 0x73, 0x19, 0xFA, 0x2A, 0x65, 0x91, 0xF2, 0x0A, 0x33, 0x72, 0xBA, 0xCE, 0x8C,
    0x4C, 0x49, 0xAA, 0x8C, 0xAC, 0x1D, 0xD5, 0x3C, 0x73, 0x7C, 0x1C, 0xB2, 0x9E, 0xB8, 0x2E, 0x0D,
    0x12, 0x3C, 0x67, 0xA7, 0xC7, 0xE0, 0x7A, 0xC9, 0x6E, 0x3D, 0x57, 0xB3, 0x36, 0x57, 0x42, 0x17,
    0x5A, 0x26, 0x19, 0x91, 0xF4, 0x1C, 0x26, 0x4F, 0xCC, 0x66, 0xBE, 0xE5, 0x7C, 0xFF, 0x4B, 0x5C,
    0xF5, 0xAF, 0xB8, 0xEF, 0xF4, 0x78, 0x85, 0xF9, 0x32, 0x6E, 0x1D, 0x6C, 0x99, 0x42, 0x9A, 0xD2,
    0xF9, 0x22, 0x4E, 0xFC, 0x8D, 0x5F, 0x59, 0xB4, 0xC9, 0x3D, 0xBF, 0xF3, 0xA6, 0xC5, 0x8B, 0xB7,
    0x2D, 0xBE, 0xCD, 0x0D, 0x7A, 0x91, 0x72, 0x8B, 0x32, 0x10, 0x09, 0xA4, 0x6B, 0x91, 0x9A, 0x64,
    0x8E, 0xB7, 0x16, 0x31, 0xF6, 0x6C, 0x9D, 0xA1, 0x85, 0xB0, 0xAD, 0xCA, 0x1A, 0xB8, 0x04, 0xAE,
    0x80, 0x0B, 0x20, 0x7E, 0xC2, 0x27, 0x7A, 0x82, 0x27, 0x76, 0x17, 0x1D, 0xB9, 0x73, 0xC0, 0x0C,
    0xE7, 0x2C, 0x1D, 0x56, 0x78, 0xCF, 0x75, 0x96, 0x4F, 0x89, 0x90, 0x73, 0x55, 0x33, 0xC0, 0x6E,
    0x13, 0xC1, 0xDB, 0x77, 0xD9, 0x02, 0x46, 0x9C, 0x55, 0x27, 0x7D, 0x26, 0xDF, 0x0D, 0x3A, 0x58,
    0xB1, 0x47, 0xC8, 0x37, 0x78, 0x2F, 0x60, 0x2F, 0xA9, 0x4D, 0x97, 0xFF, 0xA7, 0xED, 0x00, 0xBE,
    0xF4, 0x5B, 0xE4, 0x53, 0xBA, 0x84, 0xDE, 0xDE, 0xE1, 0x6F, 0x63, 0xB4, 0x9E, 0x37, 0x7D, 0x0E,
    0x22, 0x83, 0x52, 0xE9, 0xCE, 0x65, 0xD7, 0x39, 0x94, 0x14, 0x8D, 0x24, 0xD3, 0x54, 0xF9, 0x84,
    0x9C, 0x55, 0x48, 0x6B, 0xCD, 0x5A, 0x8F, 0x8D, 0xC1, 0xF1, 0x58, 0x89, 0xEF, 0x80, 0x2A, 0xEE,
    0x4F, 0x8C, 0xC4, 0x67, 0x84, 0xEA, 0xAF, 0xD1, 0x03, 0x59, 0x27, 0xB2, 0xEC, 0x49, 0x21, 0xC1,
    0x52, 0x86, 0xF7, 0x53, 0xF5, 0x3B, 0xF8, 0xA7, 0x26, 0x46, 0x52, 0xA9, 0x2E, 0xCB, 0x51, 0xF0,
    0xF6, 0xE6, 0xAB, 0x03, 0x51, 0xDE, 0x14, 0xED, 0x33, 0xA2, 0x1E, 0xA2, 0x5F, 0xCA, 0xC4, 0x3B,
    0x86, 0x3F, 0xCA, 0x4C, 0x20, 0x40, 0x30, 0x40, 0x40, 0x08, 0x4A, 0x73, 0x5A, 0x60, 0x34, 0xB5,
    0xBD, 0x8B, 0xBE, 0x5F, 0x72, 0x16, 0x87, 0x24, 0x18, 0x85, 0x45, 0xEB, 0xF9, 0xB9, 0x7E, 0x5F,
    0xE5, 0x73, 0x85, 0xCA, 0x3A, 0x54, 0x3B, 0xC8, 0xD5, 0x7B, 0x59, 0x4E, 0x3F, 0xE4, 0x67, 0xAC,
    0x07, 0xD9, 0x89, 0x8E, 0x1E, 0x35, 0xA3, 0x71, 0x2F, 0xF7, 0x0C, 0x4D, 0x21, 0xF9, 0x4A, 0x02,
    0x2E, 0x36, 0xF5, 0xB9, 0x94, 0xF4, 0xCF, 0x09, 0xA2, 0x9F, 0xB0, 0x19, 0x33, 0x03, 0x4A, 0xBF,
    0x96, 0x75, 0x84, 0xF3, 0xAC, 0xA6, 0x5D, 0xE6, 0xE2, 0x96, 0x54, 0x58, 0xFE, 0x26, 0x10, 0xCD,
    0x39, 0xB5, 0x2F, 0x01, 0x33, 0x12, 0x72, 0x52, 0x55, 0xD7, 0xCA, 0x5D, 0x3B, 0x8E, 0xE8, 0xBB,
    0x58, 0xDE, 0xD4, 0xC9, 0x9D, 0xD8, 0xEA, 0x2F, 0x26, 0x7A, 0x4D, 0x0E, 0x93, 0xC8, 0x77, 0xF5,
    0x4E, 0x4A, 0x6F, 0xB8, 0xEB, 0xD8, 0x2A, 0x77, 0x0A, 0xFA, 0x85, 0x8F, 0x0A, 0xFA, 0xA1, 0x4A,
    0x2B, 0x98, 0xB1, 0xBB, 0x33, 0xE3, 0xD2, 0x90, 0x9C, 0x17, 0xA9, 0xB7, 0x2C, 0x5C, 0xE4, 0xF7,
    0x9F, 0x98, 0x35, 0x1A, 0x01, 0xD4, 0xBF, 0x5D, 0xCF, 0xF3, 0xCA, 0x44, 0xD6, 0x90, 0x70, 0xE1,
    0x6C, 0x6C, 0x32, 0x97, 0xAB, 0xA6, 0x34, 0x09, 0x7F, 0x44, 0x52, 0x99, 0x5F, 0xF6, 0x72, 0x51,
    0x96, 0xC8, 0xE1, 0x1C, 0x3B, 0x55, 0xE9, 0x13, 0x94, 0x44, 0xFA, 0x9C, 0xBB, 0xBA, 0xA4, 0x1C,
    0xBB, 0xDD, 0xFE, 0x65, 0x67, 0xFF, 0xAC, 0xF6, 0x33, 0x76, 0x7A, 0x84, 0x38, 0x13, 0x1A, 0x19,
    0xCE, 0x76, 0x7B, 0x24, 0x7C, 0x94, 0xFA, 0x3A, 0xA1, 0xF0, 0x38, 0x12, 0x7E, 0xF9, 0xB7, 0xCF,
    0xBA, 0x2C, 0xF9, 0x61, 0xA2, 0xBE, 0x9B, 0x1E, 0x45, 0xE9, 0x81, 0xB6, 0x76, 0x22, 0xA5, 0xD3,
    0x2A, 0x62, 0xC0, 0x8D, 0x64, 0x75, 0xDE, 0x0B, 0xF0, 0x8B, 0xC3, 0x55, 0xF8, 0x16, 0xDC, 0x0E,
    0x72, 0x1A, 0x36, 0xBA, 0x6C, 0x5E, 0x3E, 0x3A, 0x2C, 0x98, 0x3B, 0xA2, 0x61, 0xAB, 0xAD, 0xF4,
    0x77, 0xB6, 0x72, 0x92, 0x35, 0xC6, 0x65, 0x69, 0xBB, 0x77, 0x5E, 0xB3, 0x6D, 0xED, 0xDB, 0x2B,
    0x1A, 0xB6, 0x6A, 0xA5, 0xF6, 0x48, 0xA3, 0x4E, 0xEF, 0x7B, 0x85, 0xF3, 0xB9, 0xEC, 0x32, 0x53,
    0xD7, 0x5B, 0xC5, 0x38, 0x3A, 0x4F, 0xB9, 0x55, 0x31, 0x81, 0x44, 0x2E, 0x36, 0x0B, 0xF1, 0x36,
    0xE2, 0x7F, 0x3C, 0x82, 0xE3, 0x7D, 0x55, 0x12, 0x23, 0x5B, 0x5D, 0x31, 0x58, 0x07, 0x5E, 0xDF,
    0x2D, 0x29, 0x61, 0xC1, 0x5E, 0xAF, 0x73, 0x70, 0xD5, 0x98, 0x1C, 0x0F, 0x1F, 0xDC, 0x34, 0x4C,
    0x20, 0xB4, 0xCB, 0x0F, 0xA1, 0xBE, 0x3F, 0x19, 0xA8, 0x85, 0xC7, 0x2A, 0x0D, 0xC9, 0xB3, 0xBC,
    0x1B, 0xCF, 0x3E, 0x4E, 0xE9, 0x27, 0x1A, 0x60, 0xE5, 0xA1, 0x74, 0xAB, 0x07, 0x75, 0xA1, 0x4B,
    0x72, 0xC1, 0xFC, 0x08, 0xAF, 0x3E, 0x3C, 0xC8, 0xE2, 0x3C, 0x4E, 0xCE, 0xA7, 0x1F, 0xB5, 0xEA,
    0xA1, 0x61, 0x73, 0xB4, 0x23, 0x54, 0x13, 0x53, 0xAE, 0xD1, 0xCB, 0xAE, 0xF1, 0xF7, 0x6B, 0x98,
    0xF5, 0xFE, 0x08, 0xFD, 0x83, 0x97, 0x10, 0x6C, 0x93, 0x31, 0x2E, 0xB8, 0xFA, 0x0B, 0xB5, 0x9D,
    0xC2, 0x8F, 0xED, 0x2E, 0xD1, 0xE8, 0x91, 0x3D, 0xDF, 0x30, 0x23, 0xCE, 0xC4, 0xF6, 0xD8, 0xA3,
    0xA8, 0xF5, 0x4A, 0x02, 0x4A, 0x83, 0x71, 0x7E, 0x9A, 0xD2, 0xDF, 0x42, 0x98, 0x0F, 0xE9, 0x13,
    0x67, 0xAB, 0x42, 0x3C, 0x1C, 0xED, 0x16, 0xE4, 0xE3, 0x62, 0x92, 0x93, 0x4B, 0xBF, 0x3C, 0x06,
    0x1E, 0x43, 0x1B, 0x65, 0x97, 0xE8, 0x60, 0x79, 0x45, 0xC2, 0x9E, 0x84, 0x9D, 0xDC, 0x61, 0x25,
    0xED, 0xF4, 0x6B, 0xC9, 0xA8, 0x74, 0xB6, 0x6F, 0x1E, 0x11, 0x9B, 0x9C, 0x8F, 0x74, 0xB8, 0x77,
    0x6D, 0x4A, 0xAB, 0x4A, 0xAA, 0xC7, 0xC6, 0xF6, 0x79, 0xCA, 0x87, 0x94, 0x7B, 0xC4, 0xF5, 0x77,
    0xFE, 0xBE, 0x79, 0x44, 0x6C, 0x9E, 0xD0, 0x89, 0x97, 0xE8, 0x88, 0xCC, 0x9D, 0xEB, 0xD9, 0x13,
    0xB3, 0x1B, 0x2E, 0xB0, 0x0F, 0xEB, 0x14, 0xC0, 0xCF, 0xB9, 0x17, 0xDF, 0x3B, 0x1A, 0xB6, 0xE3,
    0xE1, 0x38, 0xF8, 0xF4, 0x68, 0x3A, 0xFD, 0x52, 0x85, 0x17, 0xAB, 0x46, 0xC8, 0x95, 0x53, 0x39,
    0x48, 0x38, 0x59, 0x25, 0x9C, 0xEA, 0x40, 0xC4, 0x39, 0x59, 0xF5, 0x88, 0xA7, 0x3A, 0x44, 0xBB,
    0xC0, 0x7B, 0xF1, 0x6A, 0xCC, 0xBA, 0xA7, 0xDD, 0xA9, 0x40, 0x98, 0x30, 0xB5, 0xCA, 0xA9, 0x40,
    0xD2, 0x94, 0x47, 0x0F, 0xB6, 0x0D, 0x95, 0xC6, 0xF6, 0x0A, 0xFC, 0xEC, 0x1A, 0x87, 0x79, 0xF9,
    0xB7, 0x84, 0xBE, 0xE5, 0x79, 0xCE, 0x89, 0x8A, 0x54, 0x9E, 0x3B, 0xFC, 0xD2, 0xFE, 0xC2, 0xCA,
    0xA3, 0x8D, 0x15, 0x23, 0xC6, 0xEA, 0x61, 0xE7, 0x67, 0xFD, 0x12, 0xF2, 0x97, 0xC3, 0x25, 0xE9,
    0x06, 0xD1, 0x9D, 0xAD, 0xD0, 0x6C, 0x62, 0xB5, 0x73, 0x07, 0xD9, 0x26, 0x49, 0xF3, 0x2C, 0xA5,
    0xA1, 0x91, 0x35, 0xD8, 0xF3, 0x5F, 0xD0, 0x7E, 0xD6, 0xD4, 0x7E, 0xDA, 0x66, 0x4D, 0x5F, 0xD4,
    0xFA, 0xAF, 0x59, 0x38, 0x1E, 0x26, 0x2E, 0x4A, 0x3E, 0xF1, 0x00, 0x30, 0x1A, 0xC5, 0xAB, 0x41,
    0x16, 0xDA, 0x40, 0xDA, 0x45, 0x62, 0xA3, 0xE5, 0x0A, 0xEE, 0x60, 0x9F, 0xCB, 0x9B, 0x4B, 0x2B,
    0x0F, 0xFE, 0x78, 0x5A, 0x15, 0xA9, 0x1A, 0x6F, 0xB1, 0xB1, 0x3C, 0xAF, 0x4A, 0xAA, 0xE7, 0x55,
    0x43, 0x2F, 0xBF, 0x23, 0x5D, 0xEE, 0x92, 0xC6, 0xA2, 0x63, 0xF3, 0x69, 0x38, 0x6F, 0x83, 0xDB,
    0x89, 0x7A, 0x0B, 0x6C, 0x4D, 0xEB, 0xE3, 0x86, 0xAB, 0xB8, 0xBA, 0x06, 0x32, 0x0C, 0x29, 0x0E,
    0x7D, 0x7E, 0x1F, 0x0C, 0x80, 0x67, 0x9E, 0x39, 0x3E, 0x1A, 0xCF, 0x51, 0x0F, 0x6E, 0xD1, 0x52,
    0x55, 0x1B, 0xC6, 0xDD, 0xEB, 0x83, 0x36, 0x8A, 0x2B, 0xB4, 0x5C, 0xE0, 0x88, 0x4A, 0xCB, 0x31,
    0x23, 0x77, 0x80, 0x21, 0x37, 0x30, 0xD3, 0x45, 0xB3, 0x8F, 0x81, 0x10, 0xD0, 0x6A, 0x9A, 0x39,
    0xD7, 0x22, 0x39, 0xDE, 0x17, 0x95, 0x69, 0x5C, 0xA6, 0x4D, 0x95, 0x3C, 0xD3, 0x70, 0xA0, 0xD7,
    0xE4, 0x74, 0x49, 0x25, 0xAB, 0x0D, 0xD8, 0xF8, 0x5D, 0xDB, 0xDB, 0xCD, 0x57, 0xD5, 0xB3, 0x89,
    0x4B, 0xD3, 0x6B, 0x5C, 0x77, 0xE6, 0xA8, 0xCF, 0xA8, 0x26, 0x52, 0xE7, 0xC3, 0xA8, 0x3D, 0xCF,
    0x0B, 0xA6, 0x5D, 0x60, 0xA8, 0x8C, 0xFA, 0x8B, 0x53, 0xBA, 0x38, 0xA9, 0xC6, 0xFF, 0x03, 0xB5,
    0x58, 0x41, 0x8B, 0x1C, 0xC7, 0x15, 0xFE, 0xBA, 0x6B, 0xA5, 0x96, 0xE9, 0xF5, 0xD4, 0x1E, 0xA4,
    0x93, 0xA4, 0x6D, 0x1D, 0x72, 0x58, 0xC8, 0xEC, 0xB4, 0x0C, 0x7B, 0x18, 0x50, 0xEF, 0x74, 0xDB,
    0x39, 0x84, 0x10, 0x08, 0x7B, 0x11, 0x39, 0x98, 0x60, 0xFF, 0x03, 0xED, 0x61, 0x13, 0x36, 0x30,
    0xD2, 0xB6, 0xE4, 0x83, 0x0F, 0x86, 0x78, 0xC9, 0x21, 0x39, 0x84, 0x04, 0x1D, 0x72, 0x8A, 0x0D,
    0xBB, 0xA0, 0x81, 0x8C, 0x60, 0x57, 0x5B, 0xC4, 0x81, 0x04, 0x72, 0x48, 0x2B, 0x82, 0xE4, 0x98,
    0x41, 0x26, 0x87, 0xC4, 0x98, 0x94, 0x9C, 0x0E, 0x8C, 0xED, 0xDD, 0xE9, 0x7C, 0xAF, 0xBA, 0x47,
    0x5A, 0x63, 0x64, 0xAD, 0xE2, 0x51, 0x4F, 0xD7, 0xEB, 0xDE, 0xD9, 0xAA, 0x7A, 0x5F, 0xBD, 0xF7,
    0xEA, 0xAB, 0xF7, 0x06, 0x40, 0x04, 0x1C, 0x8C, 0x52, 0x04, 0xF7, 0xF7, 0x43, 0xBE, 0x47, 0x21,
    0x12, 0xE8, 0xF7, 0xD1, 0x47, 0x60, 0x31, 0x84, 0x32, 0x28, 0xBF, 0x28, 0xC6, 0x22, 0x86, 0x08,
    0x8C, 0xF4, 0xCB, 0xD0, 0x93, 0xF1, 0xDA, 0xEC, 0x01, 0x7E, 0x35, 0x02, 0x70, 0x0E, 0x72, 0x25,
    0xC0, 0x0D, 0x60, 0x31, 0x38, 0x9A, 0xEF, 0xBC, 0xB1, 0xD9, 0x57, 0xA3, 0x52, 0x19, 0xAB, 0x8A,
    0xE9, 0x6D, 0x06, 0x81, 0x49, 0x34, 0xA2, 0x23, 0x78, 0x99, 0xF4, 0xD6, 0x04, 0x10, 0xEF, 0xE4,
    0x71, 0x7E, 0xFE, 0xED, 0x4C, 0x23, 0x78, 0x9B, 0x5F, 0x04, 0x3F, 0xA0, 0x08, 0x4B, 0x2C, 0x42,
    0xE7, 0x22, 0x32, 0x0A, 0x2A, 0xEA, 0x20, 0x16, 0x71, 0x05, 0x58, 0x16, 0xD1, 0xC1, 0x7B, 0xD4,
    0xE2, 0xFD, 0x99, 0x53, 0xBC, 0xF3, 0x2E, 0x10, 0x4C, 0x34, 0x21, 0xAC, 0x39, 0x04, 0x3E, 0xDF,
    0x94, 0xE5, 0x8B, 0x4D, 0xB1, 0x31, 0xBA, 0x96, 0x7D, 0x66, 0xC2, 0xAC, 0x82, 0xF6, 0xC6, 0xD0,
    0x6A, 0x50, 0xB7, 0x80, 0xAD, 0xB5, 0x0B, 0x3D, 0xCF, 0xD6, 0x7F, 0x84, 0xD0, 0x1E, 0x10, 0xCF,
    0x59, 0x37, 0xFA, 0xAC, 0xEF, 0x1E, 0x7A, 0xD1, 0x3D, 0xD4, 0xA1, 0x7B, 0x78, 0x16, 0xCD, 0x95,
    0x56, 0xDB, 0xA8, 0xAA, 0x51, 0xF4, 0xB3, 0x23, 0x7C, 0xFA, 0x7D, 0x1B, 0x66, 0xD1, 0xAB, 0x26,
    0xE0, 0xFC, 0xC1, 0xEF, 0x8C, 0xCE, 0xC2, 0x4C, 0x15, 0x44, 0x19, 0x66, 0x44, 0xD0, 0xAF, 0x1F,
    0x25, 0xD7, 0xE2, 0x8F, 0xF8, 0x22, 0x0F, 0x1A, 0x4E, 0x43, 0x15, 0x5C, 0x11, 0x1F, 0xA6, 0x27,
    0xAB, 0xD7, 0x59, 0x1F, 0xBB, 0x9A, 0xA6, 0xB4, 0x18, 0xE9, 0xD3, 0x63, 0xC5, 0xAE, 0x55, 0x95,
    0xAB, 0xAA, 0x2A, 0xF0, 0xF8, 0xDA, 0x5D, 0x11, 0xA5, 0xAB, 0x4E, 0xA7, 0xA6, 0xAE, 0x28, 0x0B,
    0x38, 0x39, 0x27, 0xA3, 0x54, 0xF7, 0xAB, 0x23, 0x2A, 0x7A, 0x58, 0x4B, 0xD3, 0xA5, 0x9A, 0x87,
    0xD9, 0x48, 0x94, 0x29, 0x23, 0xBA, 0x42, 0xA7, 0xEA, 0xA2, 0xD3, 0xD4, 0x7D, 0xC9, 0x29, 0x9A,
    0xA7, 0x1E, 0x7F, 0xB2, 0xE7, 0xD4, 0x1C, 0xE2, 0xF8, 0x15, 0xDA, 0x50, 0xD1, 0x2B, 0x56, 0xFD,
    0x5D, 0x8C, 0x87, 0x43, 0x27, 0xD7, 0x9D, 0xA4, 0x09, 0x2A, 0x1B, 0x55, 0x45, 0xF0, 0x57, 0x1B,
    0x57, 0x85, 0x86, 0x6D, 0xAB, 0xBC, 0x03, 0xFB, 0x8D, 0x16, 0x12, 0xDF, 0xD2, 0xE7, 0x09, 0x0D,
    0xBE, 0x2B, 0xD2, 0x2B, 0x90, 0x04, 0x56, 0xE5, 0xDB, 0x49, 0xCB, 0x6A, 0x98, 0xB8, 0xFD, 0x28,
    0xFE, 0xC8, 0xE8, 0x72, 0x92, 0x56, 0xC6, 0xCB, 0x16, 0x38, 0xCF, 0xD6, 0x18, 0x07, 0x36, 0xDA,
    0x46, 0xB4, 0x1D, 0x66, 0x5C, 0x80, 0x76, 0x56, 0x38, 0x89, 0xE8, 0x8A, 0x58, 0xA1, 0xF0, 0x4A,
    0x4D, 0x17, 0x70, 0x76, 0x5E, 0xCE, 0x4B, 0xCB, 0x22, 0xBA, 0x68, 0x80, 0x22, 0x17, 0x71, 0x91,
    0x7A, 0x52, 0xAA, 0xE9, 0x50, 0x8B, 0xCC, 0x20, 0x6D, 0x9F, 0x6D, 0x47, 0x66, 0x6B, 0xDA, 0xE2,
    0x93, 0xD6, 0xED, 0x70, 0xEE, 0x0E, 0xA7, 0x5E, 0xE6, 0xCC, 0x6D, 0x76, 0x6F, 0xD7, 0xA1, 0xEC,
    0xAD, 0x88, 0x59, 0x20, 0x81, 0xCF, 0xBD, 0x22, 0xAE, 0x1A, 0x6B, 0x94, 0x0E, 0x11, 0xA3, 0xC8,
    0xEA, 0xD3, 0x7C, 0x1F, 0x6A, 0x0C, 0x8E, 0xDD, 0x76, 0x11, 0x36, 0x5A, 0xB0, 0x7A, 0x64, 0x3D,
    0xC1, 0x33, 0xC2, 0x39, 0x83, 0x54, 0x22, 0x39, 0x35, 0x71, 0xC9, 0xC8, 0x19, 0x85, 0xC5, 0xB5,
    0x3C, 0xA4, 0x89, 0xB8, 0x94, 0xA1, 0xC8, 0x56, 0xE2, 0x64, 0xC7, 0x49, 0xAD, 0xB2, 0x45, 0xB4,
    0xC2, 0xB7, 0x44, 0xAA, 0x0F, 0x9C, 0xFC, 0x50, 0x24, 0xFE, 0x43, 0xF9, 0x32, 0x3E, 0x67, 0xE0,
    0xBF, 0x8C, 0x94, 0xB2, 0x45, 0xB9, 0x8C, 0xCA, 0x44, 0xF5, 0xF2, 0x05, 0xEC, 0x63, 0x39, 0x70,
    0x31, 0xEB, 0x42, 0xA8, 0xDE, 0x66, 0xE8, 0x8A, 0xF2, 0x7D, 0xD1, 0x9D, 0x88, 0x6A, 0xA7, 0x59,
    0x14, 0xDF, 0x1A, 0x53, 0xEF, 0xAD, 0x3D, 0x51, 0x9B, 0x88, 0xD6, 0x44, 0x94, 0x26, 0xA2, 0x33,
    0x11, 0x95, 0x89, 0x68, 0x4C, 0x44, 0x61, 0x22, 0xFA, 0x12, 0x51, 0xE7, 0x0C, 0xBD, 0x22, 0x42,
    0x42, 0x63, 0x6E, 0x57, 0x6C, 0x2B, 0xAA, 0xC4, 0xD0, 0x08, 0xC4, 0xF8, 0x5A, 0x8C, 0x25, 0xF1,
    0x39, 0xBD, 0xEE, 0x05, 0x36, 0xCE, 0x77, 0xF4, 0xF8, 0x9B, 0x46, 0xB7, 0x37, 0x19, 0x98, 0x2B,
    0x22, 0xD6, 0x45, 0xDC, 0x1E, 0x28, 0xD3, 0x2A, 0x28, 0xB4, 0x11, 0x91, 0xDB, 0x80, 0x46, 0x78,
    0x24, 0xA2, 0x0A, 0x38, 0xDF, 0x42, 0xE0, 0xE2, 0x52, 0xC4, 0x4F, 0x64, 0x31, 0x2E, 0x5E, 0x4B,
    0xE0, 0xD2, 0x19, 0x2E, 0x95, 0x6B, 0xD5, 0x53, 0xD7, 0xA0, 0x7E, 0x86, 0x04, 0xD2, 0xE2, 0xF6,
    0xBF, 0xC0, 0xEF, 0x97, 0xD8, 0x56, 0x86, 0x44, 0xD9, 0xA7, 0x13, 0xD8, 0xB7, 0x58, 0x25, 0x4F,
    0x4D, 0xA0, 0xF2, 0x08, 0x4A, 0x18, 0x86, 0xF4, 0xD2, 0x42, 0x68, 0x2A, 0x93, 0x8E, 0x39, 0xBA,
    0xA5, 0xA0, 0x3E, 0x06, 0x39, 0x02, 0xB2, 0x20, 0xF2, 0x89, 0x89, 0x5E, 0x37, 0x89, 0x32, 0x43,
    0xD2, 0x57, 0x68, 0xAC, 0x76, 0x77, 0x64, 0xEC, 0x15, 0x33, 0xBC, 0xF3, 0xFB, 0xF4, 0xC1, 0xF8,
    0x14, 0xB2, 0x7C, 0x6E, 0x73, 0x10, 0x17, 0x21, 0x57, 0xBC, 0x65, 0x25, 0x9A, 0x25, 0x98, 0xBF,
    0xFC, 0xA9, 0x08, 0x63, 0x7D, 0xA9, 0xC3, 0xE1, 0xB2, 0xB7, 0x22, 0x73, 0xBE, 0xF0, 0xF9, 0x51,
    0xE6, 0xF1, 0xE7, 0x8F, 0x6A, 0x8C, 0x0C, 0x39, 0xF7, 0x46, 0xC9, 0xAE, 0xA9, 0xA9, 0xC3, 0x55,
    0xAE, 0x83, 0x91, 0x50, 0xB3, 0x30, 0xB3, 0x10, 0x6E, 0x4E, 0x5E, 0x36, 0x42, 0xCB, 0xE5, 0xB1,
    0x26, 0x94, 0x2C, 0x8C, 0x2C, 0x84, 0x2C, 0x7C, 0x2C, 0x74, 0xEC, 0xD8, 0xB8, 0x26, 0xE3, 0x56,
    0x80, 0xE0, 0x7D, 0xF8, 0x63, 0x09, 0x43, 0x59, 0xD5, 0x21, 0x3A, 0x6F, 0x64, 0x7D, 0x0E, 0xFD,
    0x0A, 0x52, 0xCE, 0xE7, 0x80, 0x4D, 0x46, 0x50, 0x4C, 0x5B, 0xEA, 0xAC, 0x01, 0x12, 0xD3, 0x81,
    0xE7, 0xB9, 0xEF, 0xC5, 0x33, 0xD2, 0xC2, 0x4C, 0x98, 0xB9, 0x69, 0x8E, 0x9B, 0x85, 0x9A, 0x85,
    0x99, 0x85, 0x98, 0x85, 0x97, 0x85, 0x96, 0x1D, 0x2B, 0xAF, 0x35, 0xEE, 0xB9, 0xC9, 0x95, 0x7D,
    0xCE, 0xF9, 0xEE, 0xF1, 0x8F, 0xA5, 0x86, 0x4C, 0xB1, 0x81, 0x6B, 0xD9, 0x98, 0xB3, 0x95, 0xB2,
    0xAD, 0x9F, 0xCD, 0xCF, 0xE7, 0x38, 0xD9, 0xC1, 0xB8, 0x7E, 0xBA, 0x40, 0xA7, 0x7F, 0xC7, 0x0C,
    0x8A, 0x37, 0xDF, 0x9C, 0x0D, 0xCE, 0xAB, 0x19, 0xAD, 0x57, 0xB8, 0xA7, 0x3B, 0x49, 0x6E, 0xE6,
    0x50, 0x0F, 0x46, 0x50, 0x1F, 0x3C, 0x09, 0xE6, 0xE7, 0xC6, 0x8C, 0x85, 0x9A, 0x98, 0x14, 0x5D,
    0xD0, 0xC2, 0x8B, 0xC1, 0xCD, 0x00, 0x72, 0xF1, 0x1F, 0xE5, 0x0D, 0x11, 0xCE, 0x08, 0x7B, 0x76,
    0xA6, 0x8E, 0x85, 0x88, 0xD8, 0xC3, 0xFC, 0x85, 0x60, 0xF7, 0x29, 0xFC, 0xBF, 0x10, 0xE3, 0x01,
    0xD7, 0xB0, 0x3A, 0x43, 0xEC, 0x62, 0xF6, 0xBE, 0x1B, 0xC8, 0x09, 0xCD, 0x8B, 0xB1, 0x7B, 0xD6,
    0xA4, 0x06, 0x87, 0x53, 0x96, 0x9A, 0x11, 0x76, 0xB2, 0x01, 0xC9, 0x20, 0x35, 0x0D, 0x15, 0x1C,
    0x94, 0xC1, 0x3F, 0xAE, 0x73, 0x83, 0xAE, 0x22, 0x4E, 0x30, 0x37, 0x74, 0x14, 0xE8, 0xEE, 0x49,
    0x89, 0xCE, 0x10, 0x8B, 0x09, 0x3A, 0x3D, 0x74, 0xB4, 0xB9, 0xEE, 0x57, 0x65, 0xBD, 0xF3, 0xB9,
    0xF1, 0x49, 0x67, 0xB2, 0xF1, 0x6F, 0x7F, 0x89, 0xCE, 0x82, 0x2F, 0xD0, 0xD9, 0xFE, 0x1D, 0x93,
    0x3E, 0xC8, 0xBD, 0x20, 0xDF, 0x08, 0xE5, 0x60, 0x1B, 0xF7, 0x11, 0x8F, 0xBE, 0x3E, 0xFD, 0x9C,
    0x97, 0x23, 0xB8, 0x39, 0x8F, 0x84, 0xD2, 0xA2, 0x93, 0x90, 0x8F, 0x15, 0x3F, 0x31, 0x8C, 0x99,
    0x74, 0xF9, 0x0D, 0x06, 0xF1, 0xA0, 0x5F, 0x3E, 0x09, 0x3E, 0x39, 0x8B, 0xE7, 0x2F, 0x93, 0xE0,
    0xD9, 0x24, 0xE3, 0x3B, 0x4E, 0xF8, 0xDD, 0xE7, 0x20, 0x7C, 0xCF, 0x41, 0xBA, 0x01, 0x8F, 0x63,
    0x7F, 0x0D, 0xFF, 0x63, 0xA8, 0xEF, 0x41, 0xFD, 0x12, 0xF4, 0xCD, 0x09, 0xC9, 0xBF, 0xD9, 0xD7,
    0x90, 0xB3, 0xC3, 0x25, 0x9B, 0x53, 0xD2, 0x46, 0x50, 0x55, 0xC4, 0xF5, 0xAF, 0x9D, 0x8C, 0xC0,
    0x48, 0xF9, 0x17, 0x2C, 0x85, 0x40, 0x73, 0xD8, 0xB0, 0x7E, 0xFD, 0x2A, 0xD1, 0xA5, 0x95, 0x83,
    0xE7, 0xF0, 0x39, 0x80, 0x0E, 0xE1, 0x52, 0x28, 0x59, 0x1A, 0x31, 0xDE, 0x2C, 0x09, 0xB2, 0x6A,
    0x72, 0x4E, 0x31, 0xE1, 0xB0, 0x3E, 0xCE, 0xFD, 0x46, 0xC3, 0xE4, 0xDF, 0x45, 0xF4, 0xFA, 0x7F,
    0x2D, 0x11, 0x0E, 0x78, 0x8E, 0x97, 0x36, 0x7C, 0xCD, 0x5A, 0x7D, 0x90, 0x33, 0xE7, 0x60, 0xEA,
    0x91, 0xC1, 0x5E, 0xC9, 0xB1, 0x77, 0x67, 0xB4, 0x9B, 0x16, 0x95, 0x39, 0x05, 0xA1, 0xA0, 0xB5,
    0x3A, 0x4E, 0xC5, 0x5A, 0x17, 0xA7, 0x87, 0xCB, 0x43, 0x13, 0xDC, 0x3F, 0xC8, 0x6A, 0xEF, 0xA6,
    0xF4, 0xEE, 0x6F, 0xCD, 0xD0, 0x7B, 0x40, 0xE7, 0xBC, 0x65, 0x4A, 0x4D, 0x27, 0xB5, 0xE9, 0xDD,
    0x5D, 0x65, 0xEE, 0x16, 0x81, 0x49, 0x73, 0x9D, 0xA5, 0xEC, 0x17, 0xD3, 0xBB, 0x3F, 0xA2, 0x77,
    0xD7, 0xCE, 0x35, 0xCE, 0xC8, 0xC4, 0x88, 0xDD, 0x26, 0xEF, 0xF6, 0xAA, 0xCD, 0xF0, 0xE7, 0x36,
    0xF2, 0xED, 0x6A, 0x60, 0x93, 0x56, 0x99, 0x24, 0x65, 0x62, 0xCB, 0x9E, 0xB1, 0xF1, 0xAB, 0x36,
    0x52, 0x5C, 0x4E, 0xB6, 0xB0, 0x06, 0x8F, 0x2B, 0x08, 0xDF, 0xA1, 0x87, 0x1F, 0xD2, 0xEE, 0x9B,
    0x1B, 0xB3, 0x38, 0xB8, 0x37, 0x98, 0x7E, 0x72, 0x47, 0xB5, 0xE1, 0x7F, 0xE7, 0xC4, 0xBE, 0x93,
    0x63, 0x4E, 0xD3, 0xD5, 0x3D, 0xD6, 0x2E, 0xEB, 0xF3, 0x5F, 0x1B, 0x05, 0xD3, 0x12, 0x55, 0xC9,
    0x96, 0x9B, 0xF7, 0x4F, 0x0C, 0xE1, 0x12, 0xFA, 0x7D, 0xA4, 0x31, 0x69, 0x42, 0x42, 0x69, 0xAB,
    0x2A, 0xA3, 0xDF, 0x94, 0x61, 0xD6, 0x75, 0x69, 0xAE, 0x4B, 0x2E, 0xAF, 0x66, 0x5A, 0x12, 0x6D,
    0x4C, 0xEF, 0x25, 0xF9, 0x97, 0x57, 0x56, 0x95, 0x84, 0x68, 0x7B, 0x80, 0x98, 0x15, 0xC6, 0xAF,
    0x80, 0x5B, 0xB5, 0xE9, 0x11, 0xFC, 0xCD, 0xD0, 0x6B, 0xCB, 0xCA, 0x24, 0x61, 0xDE, 0x3B, 0x42,
    0x2F, 0x97, 0xB8, 0x61, 0x89, 0x11, 0x7D, 0xDB, 0x04, 0x95, 0xF3, 0x10, 0xE3, 0x80, 0x29, 0xFF,
    0x47, 0x46, 0xA1, 0x78, 0x6E, 0x8D, 0xFB, 0x5C, 0x7B, 0xA6, 0xBE, 0x95, 0x9F, 0x76, 0xC9, 0xF5,
    0x89, 0xD4, 0x6D, 0xC3, 0x5A, 0xEC, 0x11, 0x64, 0x58, 0x6F, 0x0A, 0x78, 0x9F, 0xBA, 0xC4, 0x74,
    0xE0, 0x0E, 0xC3, 0xA7, 0xDF, 0xBA, 0x92, 0xFE, 0x9F, 0x18, 0xDC, 0xB5, 0x58, 0xDE, 0x84, 0x7F,
    0xC6, 0x0D, 0xB7, 0x38, 0x5D, 0x3E, 0x65, 0xF8, 0x27, 0xC0, 0x44, 0x36, 0xA3, 0x87, 0xD8, 0xFE,
    0x78, 0x50, 0xB4, 0x9F, 0x95, 0x8E, 0x85, 0x45, 0x6A, 0x2F, 0x77, 0xD7, 0xCE, 0x3C, 0x3D, 0x19,
    0x9B, 0x93, 0xFF, 0xB1, 0xDA, 0xD4, 0x7F, 0x32, 0x24, 0x88, 0x62, 0x56, 0xC9, 0xD8, 0x0F, 0x59,
    0x15, 0x5A, 0x44, 0xC9, 0x74, 0x4D, 0x27, 0x49, 0xC6, 0x4E, 0x09, 0x7F, 0x12, 0xC1, 0x67, 0x5C,
    0xA8, 0x59, 0x99, 0x09, 0x12, 0xE6, 0xB8, 0xC1, 0xC4, 0x45, 0xAB, 0x3A, 0x29, 0x8C, 0x05, 0x1E,
    0x97, 0x43, 0xEE, 0x85, 0x1E, 0x3D, 0xCC, 0x1A, 0xBD, 0x29, 0x84, 0x73, 0x44, 0xBF, 0xB0, 0x24,
    0x81, 0x3D, 0xB6, 0x7E, 0xD3, 0x06, 0x08, 0x5F, 0x63, 0xB1, 0xDB, 0x63, 0x89, 0xDB, 0x91, 0x22,
    0x8B, 0x4F, 0xA9, 0x7A, 0x59, 0x17, 0x6B, 0xD6, 0x89, 0x3C, 0x5E, 0xE8, 0x80, 0x2D, 0x53, 0xAF,
    0x8B, 0xC5, 0x39, 0xFA, 0xDC, 0xBA, 0x53, 0x83, 0xDC, 0xD3, 0xF9, 0x4E, 0x6C, 0xF4, 0x2B, 0xB9,
    0xDE, 0x95, 0x8A, 0x82, 0x55, 0x84, 0xAB, 0x94, 0xE5, 0x6E, 0xD5, 0xA9, 0xD3, 0x59, 0x89, 0xBD,
    0x0C, 0x0C, 0x62, 0x04, 0x30, 0x33, 0x81, 0xC1, 0xBD, 0x7B, 0xDC, 0x1A, 0xCF, 0xC6, 0xF0, 0x52,
    0x5D, 0x3B, 0x86, 0x7F, 0xE0, 0xF0, 0xDD, 0xDB, 0x33, 0x4B, 0x8F, 0x43, 0x56, 0x71, 0x21, 0xEB,
    0x6E, 0xFF, 0x43, 0xEE, 0xB0, 0x4B, 0xF9, 0xFF, 0x97, 0x36, 0x78, 0x32, 0x88, 0x5E, 0xBE, 0xCB,
    0x5D, 0x52, 0x2C, 0xCD, 0x06, 0xDB, 0x0D, 0xB1, 0x79, 0xEE, 0xD2, 0x77, 0x35, 0xB5, 0xF9, 0x73,
    0xA7, 0xC0, 0x32, 0x45, 0xF8, 0x53, 0xDB, 0x82, 0x5D, 0xF6, 0xAC, 0x78, 0x24, 0x97, 0x5F, 0x78,
    0xC8, 0x23, 0x3C, 0x53, 0xDC, 0xF1, 0x69, 0x57, 0xDD, 0xDD, 0x0B, 0x8C, 0xAE, 0xE9, 0xC3, 0xBA,
    0x0C, 0x67, 0xDD, 0x15, 0x2E, 0xD4, 0x7E, 0x24, 0x4E, 0xBC, 0x10, 0x66, 0x1D, 0x57, 0x6C, 0x06,
    0x24, 0xFE, 0x2D, 0x71, 0x4A, 0x12, 0x82, 0x41, 0x1A, 0x1F, 0x4A, 0x90, 0x4A, 0xEE, 0xC0, 0xCE,
    0x85, 0xBC, 0x90, 0x87, 0xE3, 0xAA, 0x32, 0xBD, 0x9D, 0xF7, 0x4C, 0x57, 0xFB, 0xE6, 0xB2, 0x86,
    0x99, 0xFE, 0x08, 0xF0, 0xB8, 0xB5, 0x9A, 0x9F, 0x0F, 0x8E, 0xB7, 0xCE, 0xF4, 0xB7, 0xAC, 0xE6,
    0x57, 0x85, 0xB4, 0xE9, 0xD7, 0x9E, 0x1E, 0xF7, 0xE4, 0x7F, 0xB9, 0x59, 0x9B, 0xC6, 0x13, 0xC4,
    0xFF, 0x94, 0x23, 0xF0, 0x18, 0x63, 0x4E, 0xEF, 0xEF, 0x22, 0x38, 0x72, 0xAB, 0x18, 0x81, 0xE1,
    0x26, 0x15, 0x65, 0x21, 0xB9, 0xE2, 0xFF, 0x00, 0x0D, 0xCD, 0xB1, 0x0A, 0x82, 0x40, 0x00, 0x87,
    0xF1, 0xBF, 0xE9, 0x94, 0xC5, 0xB5, 0x55, 0x20, 0x58, 0xE0, 0xE0, 0x70, 0xA7, 0x0D, 0x0E, 0x0E,
    0x7A, 0x77, 0x6B, 0x4F, 0xD0, 0x6B, 0x34, 0x38, 0x38, 0x08, 0x5E, 0x6F, 0xD0, 0xA3, 0xDC, 0x28,
    0x24, 0x78, 0x8F, 0xD0, 0x23, 0x08, 0xBE, 0x80, 0x43, 0x90, 0x83, 0x44, 0xAE, 0x1F, 0xFC, 0xF8,
    0x80, 0x0C, 0x1C, 0xAE, 0xB4, 0x14, 0x60, 0x1B, 0xA2, 0x18, 0x4E, 0xB0, 0x40, 0x54, 0xFC, 0x2E,
    0xB4, 0x0A, 0xD6, 0x10, 0xBF, 0xF3, 0x0C, 0x74, 0x9F, 0x6E, 0x04, 0x9E, 0xA1, 0xBE, 0x8B, 0xDE,
    0x95, 0x4C, 0xE4, 0x87, 0x23, 0x17, 0x39, 0xAB, 0xD5, 0x60, 0x6E, 0x86, 0xC0, 0xC3, 0x11, 0x2F,
    0x39, 0xA8, 0xAF, 0xE4, 0x00, 0x48, 0x16, 0x35, 0x45, 0xFF, 0x90, 0x80, 0x4E, 0xF2, 0xDE, 0x37,
    0xEE, 0xD2, 0xD2, 0x31, 0x9F, 0x08, 0x5D, 0x5D, 0x7D, 0x23, 0x46, 0x7D, 0x51, 0x81, 0xE3, 0xA5,
    0x9C, 0x32, 0xE1, 0x6F, 0xB3, 0x11, 0x65, 0x5B, 0x05, 0x61, 0xDB, 0x96, 0x55, 0xDA, 0xD2, 0x64,
    0x07, 0x6C, 0x96, 0xBD, 0x6D, 0xF6, 0x26, 0x5E, 0x9C, 0x0B, 0x8A, 0x14, 0xC2, 0x44, 0x80, 0xA3,
    0x3D, 0xDE, 0xF8, 0x3D, 0x50, 0xCF, 0x62, 0xFA, 0x03, 0xB5, 0x59, 0x4D, 0x88, 0x1C, 0xC7, 0x15,
    0x7E, 0xDD, 0x2D, 0xA9, 0x13, 0x95, 0x35, 0x35, 0x60, 0x05, 0x02, 0x92, 0xA7, 0x45, 0xE2, 0x83,
    0x48, 0xB4, 0x33, 0x1B, 0xB2, 0x90, 0x25, 0xEA, 0x99, 0x29, 0xCB, 0x07, 0x05, 0x04, 0x41, 0x60,
    0x6F, 0x0C, 0xD6, 0x61, 0x2F, 0xBE, 0x84, 0x10, 0xED, 0x42, 0x74, 0x58, 0xF0, 0x58, 0x53, 0xB2,
    0x20, 0x3E, 0xF8, 0xB2, 0x84, 0x90, 0x8B, 0x02, 0x16, 0xE4, 0x26, 0x05, 0xEF, 0x10, 0x0D, 0x61,
    0x48, 0xC6, 0x9A, 0x92, 0xD6, 0xA0, 0x80, 0x20, 0x6A, 0x21, 0x88, 0xC1, 0x3E, 0xB8, 0x83, 0x9D,
    0x04, 0x22, 0x3B, 0x2A, 0xE3, 0xB6, 0x98, 0x48, 0xB3, 0xDB, 0xF9, 0x5E, 0xF5, 0x8C, 0xB4, 0x92,
    0x56, 0x8E, 0x65, 0x25, 0xD3, 0xF5, 0x6A, 0xE7, 0xA7, 0xBB, 0xEA, 0xD5, 0x7B, 0xDF, 0xFB, 0xDE,
    0xAB, 0x5A, 0xFF, 0x84, 0x0E, 0x3E, 0x48, 0x83, 0xD5, 0x84, 0xDC, 0xAB, 0x9D, 0x67, 0xD1, 0x99,
    0x4C, 0xA8, 0x59, 0x49, 0x68, 0xC4, 0x6D, 0x4E, 0xC9, 0x3C, 0x19, 0xBF, 0xE7, 0xB6, 0x97, 0x7F,
    0xF2, 0xB2, 0x3C, 0xCF, 0x6A, 0x79, 0x6E, 0x1A, 0x2B, 0x67, 0xCD, 0x6C, 0xC5, 0x37, 0xD3, 0x15,
    0x32, 0x54, 0xC5, 0x08, 0x53, 0x2C, 0x83, 0x94, 0x6A, 0x7F, 0x1F, 0xE2, 0x7D, 0x4C, 0x75, 0x5C,
    0x31, 0x7E, 0x89, 0xDD, 0x27, 0xBE, 0x66, 0x83, 0xDC, 0x58, 0x22, 0x1F, 0x53, 0x8A, 0x62, 0x56,
    0x0F, 0xEF, 0x34, 0x35, 0x89, 0xBA, 0x85, 0x0E, 0x36, 0x3A, 0x63, 0x85, 0x5A, 0x94, 0x34, 0xB3,
    0x61, 0xDE, 0x4D, 0x5A, 0x9E, 0xB9, 0xC7, 0x07, 0x69, 0xF8, 0xB7, 0x7E, 0x44, 0x8D, 0x98, 0x1A,
    0x2D, 0xDA, 0xD2, 0x23, 0x1A, 0xCE, 0x29, 0xA8, 0x86, 0x1F, 0xD1, 0xF0, 0x11, 0x5F, 0x36, 0x68,
    0x9F, 0xBC, 0x9A, 0x05, 0x79, 0x42, 0x3B, 0xDD, 0x84, 0xB9, 0x16, 0xBF, 0xB0, 0x25, 0xB2, 0x53,
    0x9E, 0x85, 0xD2, 0x52, 0x93, 0xC8, 0xF0, 0x25, 0x51, 0xCD, 0x50, 0x00, 0xDD, 0x6C, 0xDD, 0xB5,
    0x46, 0x68, 0x24, 0xBE, 0x3C, 0x4C, 0x6D, 0x1B, 0x2D, 0x0B, 0x25, 0x94, 0xA4, 0x07, 0xAF, 0xDC,
    0xBE, 0xF4, 0xF4, 0x68, 0xD4, 0xED, 0x39, 0xD5, 0x3F, 0xF7, 0xBE, 0xDA, 0x28, 0xFC, 0x30, 0x30,
    0x9B, 0x5F, 0xA1, 0x09, 0xB5, 0xA4, 0x12, 0xCC, 0xB3, 0x07, 0xEB, 0xCA, 0x87, 0x44, 0xC7, 0xCF,
    0xC2, 0x40, 0xFB, 0x02, 0x83, 0x2E, 0xD4, 0xE3, 0x2E, 0xE6, 0x6E, 0x36, 0xFC, 0x95, 0xA2, 0x99,
    0x70, 0x25, 0xA3, 0x19, 0xA1, 0x5B, 0xB4, 0x28, 0x74, 0x95, 0x3A, 0x42, 0x55, 0x29, 0x15, 0xAA,
    0xF1, 0x1D, 0x23, 0x54, 0x3C, 0x30, 0xF2, 0x99, 0xAC, 0x4D, 0x83, 0x5C, 0x6F, 0x29, 0xB4, 0x6A,
    0x66, 0x14, 0x2D, 0xEF, 0x4A, 0x48, 0x28, 0x0C, 0x20, 0xD9, 0xD8, 0x93, 0x4E, 0xC1, 0xC1, 0x47,
    0x5E, 0x84, 0x8B, 0xF3, 0xB6, 0x85, 0x96, 0xAA, 0xCF, 0x5D, 0x9D, 0xF5, 0x75, 0x5D, 0xCC, 0x5D,
    0x0B, 0x9D, 0x6F, 0x73, 0x9B, 0xE7, 0x9A, 0x5D, 0x4E, 0xEC, 0x73, 0x9A, 0xA9, 0xFA, 0x86, 0xA6,
    0xAB, 0xF0, 0xBA, 0x73, 0x39, 0x4D, 0x6D, 0xD3, 0xEC, 0x78, 0x28, 0x5E, 0x4B, 0xEA, 0x04, 0xA7,
    0x57, 0xA0, 0xEE, 0xFD, 0x5D, 0xB5, 0xE8, 0x82, 0xFC, 0x02, 0x86, 0xA1, 0x32, 0x1E, 0x83, 0xB1,
    0xC3, 0x94, 0xB0, 0x70, 0xF7, 0x6A, 0xDA, 0x48, 0x45, 0xCB, 0x4D, 0x2D, 0xD4, 0x39, 0xA8, 0x96,
    0x60, 0x5A, 0x43, 0x32, 0x80, 0x8E, 0x3F, 0x85, 0x93, 0xDA, 0xF8, 0x1B, 0xE2, 0xB3, 0x9F, 0x42,
    0x27, 0x0B, 0x19, 0xB2, 0x6E, 0x90, 0x46, 0x19, 0x88, 0x49, 0x1D, 0x8C, 0xF8, 0x85, 0xD9, 0xA9,
    0xA6, 0x0A, 0x80, 0x15, 0xAB, 0x1F, 0xF2, 0xE2, 0x85, 0x0A, 0x8C, 0x54, 0x02, 0x56, 0xAE, 0x41,
    0x5E, 0xD6, 0xD2, 0x7B, 0x47, 0xCB, 0xF0, 0xA0, 0x96, 0x4F, 0xE1, 0xBB, 0x25, 0x08, 0xCC, 0x27,
    0x35, 0xFB, 0xCE, 0xF9, 0x4F, 0xE5, 0x76, 0x60, 0xDD, 0x00, 0xAD, 0xAF, 0x10, 0xBD, 0xD2, 0xE7,
    0x75, 0x8D, 0xC7, 0xAB, 0xD9, 0xDA, 0xB2, 0x48, 0x84, 0x0E, 0x29, 0x30, 0x25, 0x4C, 0xB3, 0x83,
    0x3C, 0xBB, 0x0F, 0x4B, 0x99, 0x21, 0x5A, 0x5A, 0xC4, 0x0A, 0x53, 0x87, 0x23, 0x46, 0x15, 0x83,
    0x74, 0x3B, 0xD6, 0x16, 0xB5, 0xF0, 0xD6, 0x16, 0x1A, 0xDE, 0xD5, 0x07, 0xE8, 0x52, 0xEC, 0xF5,
    0x8D, 0x22, 0x26, 0xA2, 0x36, 0x4A, 0x34, 0x37, 0x0F, 0x44, 0xE7, 0x58, 0xB4, 0x2A, 0x82, 0x66,
    0x1C, 0x38, 0xC4, 0xF0, 0x10, 0xD0, 0xAB, 0x84, 0x39, 0x77, 0x63, 0x82, 0xBD, 0x90, 0x19, 0x40,
    0x71, 0x11, 0x13, 0xA6, 0x31, 0x11, 0x5C, 0xE1, 0xE7, 0xEB, 0x14, 0xE8, 0x88, 0x02, 0x76, 0x37,
    0x94, 0x2A, 0x91, 0x30, 0xB9, 0x69, 0x0E, 0x9B, 0x1C, 0x66, 0x08, 0xF5, 0x63, 0x42, 0xCD, 0x00,
    0x06, 0xDC, 0x7E, 0xA4, 0x64, 0x3B, 0x73, 0xFE, 0x86, 0xF3, 0xAB, 0xAE, 0x6F, 0xC9, 0x6D, 0xEC,
    0xF7, 0x66, 0xAE, 0xA3, 0x53, 0x88, 0xC9, 0xBE, 0x50, 0x2D, 0xD7, 0xAC, 0x38, 0x68, 0x64, 0x73,
    0x59, 0x52, 0xCF, 0xDD, 0xD6, 0x98, 0xDC, 0x0C, 0x5E, 0xD0, 0x8F, 0x14, 0xC0, 0x3E, 0x96, 0xE5,
    0x9D, 0x5F, 0x59, 0xA6, 0x59, 0x68, 0xC0, 0x8A, 0x2C, 0x4A, 0x16, 0xA2, 0xCE, 0x58, 0xD2, 0x42,
    0x3C, 0x23, 0xC9, 0x87, 0x04, 0x30, 0xCE, 0xAE, 0xB9, 0xF9, 0xC3, 0x03, 0x3C, 0x07, 0xBA, 0xB0,
    0x1D, 0xDC, 0xC5, 0x02, 0x63, 0x94, 0x1F, 0x89, 0xBD, 0x84, 0x19, 0xA4, 0x55, 0x92, 0x69, 0x4D,
    0x0F, 0x68, 0x2B, 0x26, 0x7A, 0x97, 0x68, 0x9A, 0xF1, 0x86, 0x5B, 0x80, 0x38, 0xDA, 0x21, 0xD9,
    0xC6, 0xE1, 0x8D, 0x3E, 0x5B, 0x1B, 0x26, 0x24, 0xAC, 0x51, 0xE0, 0xD7, 0x56, 0x14, 0xC0, 0xDE,
    0x59, 0xC5, 0xB7, 0xE4, 0xDB, 0x0A, 0x70, 0x18, 0x24, 0x15, 0x20, 0xF1, 0x90, 0xA9, 0x52, 0x4B,
    0x0D, 0x28, 0x4F, 0x6B, 0x66, 0x0B, 0x4D, 0x5E, 0x79, 0x12, 0xFE, 0x25, 0x2B, 0x51, 0x6F, 0x0B,
    0xD3, 0x50, 0x17, 0x30, 0xA1, 0x05, 0xED, 0x83, 0x84, 0xBC, 0x21, 0xB3, 0x12, 0xC5, 0x75, 0x6E,
    0xBD, 0x86, 0x6F, 0x65, 0xAE, 0x1D, 0xCD, 0x3C, 0x26, 0x54, 0xE3, 0xAF, 0x8E, 0xA1, 0x9A, 0x3E,
    0x36, 0xF4, 0x1F, 0x3B, 0x14, 0x99, 0xC4, 0x8E, 0x9F, 0x4D, 0x1D, 0x85, 0x4D, 0x64, 0x96, 0x05,
    0x14, 0x34, 0x03, 0x99, 0x86, 0x74, 0x58, 0x40, 0x44, 0xA9, 0xD0, 0x20, 0x2E, 0x3D, 0xD0, 0x42,
    0xB7, 0xA9, 0x9D, 0xB1, 0x01, 0xE5, 0x90, 0xC4, 0x30, 0x1C, 0xC1, 0x41, 0xDE, 0x88, 0x22, 0xE3,
    0x7F, 0x4C, 0xFB, 0x8D, 0xFF, 0x3E, 0x7D, 0xCF, 0xF8, 0x57, 0xE8, 0x67, 0x26, 0xB8, 0xA2, 0x3E,
    0x30, 0xC1, 0xEB, 0xFA, 0x9A, 0x09, 0x4E, 0x5E, 0x58, 0x45, 0xB7, 0x7A, 0xD2, 0x04, 0xAF, 0x5E,
    0x3B, 0x90, 0x04, 0xCF, 0xFC, 0xC3, 0x4F, 0x02, 0x75, 0xDB, 0x4F, 0x42, 0xB5, 0xE6, 0xA7, 0x4D,
    0xDB, 0x8A, 0xD6, 0x1E, 0xB4, 0xC5, 0xC6, 0x90, 0x9B, 0x3B, 0xA2, 0xC1, 0x7E, 0x9B, 0x86, 0xDD,
    0x3D, 0xB6, 0x45, 0x4E, 0x0B, 0xAF, 0xBE, 0x45, 0x11, 0xAE, 0x18, 0x61, 0xD4, 0xA2, 0xD0, 0xF4,
    0x10, 0x7F, 0xD9, 0x06, 0x19, 0x42, 0x7A, 0xF8, 0x1E, 0xBF, 0xAB, 0x06, 0xEE, 0x93, 0xA6, 0x0F,
    0x7C, 0xC3, 0x1C, 0x5F, 0xE3, 0xAC, 0x96, 0x0F, 0xA3, 0x33, 0x67, 0xC7, 0xBE, 0xB8, 0x3F, 0xEC,
    0x1F, 0x16, 0xFA, 0x63, 0x5F, 0xAC, 0x2B, 0x17, 0x7D, 0x3D, 0x70, 0xFB, 0xB8, 0x21, 0xEE, 0x80,
    0x9A, 0xA6, 0xBE, 0x3F, 0xA0, 0x86, 0x9B, 0x67, 0xC4, 0x6C, 0x43, 0x7B, 0x30, 0x23, 0xDE, 0x49,
    0xE4, 0x70, 0xF2, 0xB4, 0x04, 0xA5, 0x4B, 0xA2, 0x7B, 0x84, 0xE9, 0xB9, 0x72, 0x9F, 0x80, 0xCB,
    0x79, 0x6D, 0x8F, 0x4B, 0x87, 0xF4, 0xAD, 0xD3, 0xF8, 0x1D, 0x6A, 0x01, 0x0A, 0x21, 0xFC, 0xD0,
    0x38, 0xF4, 0x73, 0x0B, 0x48, 0x76, 0x33, 0xE4, 0x36, 0x2C, 0x79, 0x22, 0x3D, 0xAC, 0xDD, 0x36,
    0x16, 0x4E, 0x19, 0x17, 0x8B, 0x4E, 0x2F, 0x04, 0x29, 0x5C, 0xD3, 0xCC, 0x6A, 0x36, 0x4A, 0xC4,
    0x72, 0x80, 0x28, 0x77, 0xF3, 0x0E, 0x67, 0xEE, 0x9D, 0x33, 0xC2, 0xDF, 0xEF, 0x73, 0x4E, 0x07,
    0xD7, 0x98, 0x16, 0x05, 0x48, 0x94, 0xCE, 0xAE, 0x66, 0x60, 0xBF, 0x24, 0x15, 0x2F, 0x83, 0x8A,
    0x47, 0xD0, 0x60, 0x09, 0x32, 0x0B, 0x99, 0x61, 0xEE, 0x81, 0x1E, 0x43, 0x8C, 0x94, 0x86, 0x3A,
    0x00, 0x92, 0xC7, 0xA2, 0xF8, 0x2F, 0x52, 0xBB, 0x89, 0x4C, 0x90, 0xDF, 0xD6, 0x74, 0xF4, 0xA0,
    0x76, 0x0B, 0x75, 0x22, 0xC6, 0xD2, 0xCE, 0xDA, 0xF0, 0x71, 0x9E, 0x46, 0xCB, 0x91, 0x9E, 0x9F,
    0x14, 0x0F, 0x9B, 0x96, 0x10, 0xC5, 0x15, 0xB9, 0xBE, 0xB2, 0x69, 0x1F, 0xC1, 0x2D, 0xD1, 0xDC,
    0xC2, 0xDC, 0x51, 0x84, 0x1F, 0x5E, 0xE6, 0xFF, 0x30, 0xF2, 0x61, 0x37, 0x72, 0x11, 0x13, 0x45,
    0xDF, 0xD9, 0xD0, 0x97, 0x6B, 0x40, 0x54, 0x63, 0x45, 0xD1, 0x2C, 0xF0, 0x31, 0x7D, 0xA7, 0x20,
    0x64, 0xF9, 0x31, 0x04, 0x3F, 0xD6, 0xC1, 0x82, 0x31, 0x08, 0x23, 0x06, 0x10, 0x63, 0xE0, 0x31,
    0xC6, 0x28, 0xB1, 0x48, 0x02, 0xF8, 0x15, 0x65, 0xCA, 0x20, 0x8D, 0x12, 0x5A, 0x50, 0x5C, 0x97,
    0xD0, 0x3D, 0x5D, 0x85, 0xC4, 0x8B, 0x0A, 0x8A, 0xB4, 0x2D, 0x6B, 0xD3, 0xE7, 0x2E, 0x66, 0x4F,
    0xD6, 0xB9, 0x8B, 0xA7, 0x98, 0x7F, 0xD0, 0x6D, 0xB3, 0x0D, 0xAC, 0xFC, 0x44, 0x9E, 0x60, 0x28,
    0xD4, 0x3B, 0x8C, 0x29, 0xD7, 0x60, 0x67, 0x3C, 0x2E, 0xDA, 0x99, 0x0B, 0x9F, 0xAA, 0x44, 0xE3,
    0x04, 0x17, 0x4B, 0x9F, 0x13, 0x16, 0x31, 0x94, 0xB5, 0x3C, 0x65, 0xA1, 0x57, 0x19, 0x0A, 0x71,
    0x09, 0x51, 0xF5, 0xE6, 0x8E, 0x3B, 0xAC, 0x55, 0xDD, 0xC7, 0xB8, 0x45, 0x4B, 0x7D, 0xB2, 0xAF,
    0x84, 0x49, 0xE4, 0x2A, 0xC2, 0x31, 0xA7, 0xE0, 0x31, 0x18, 0xF7, 0x20, 0x00, 0x1A, 0x53, 0x9F,
    0xA9, 0xB0, 0xCE, 0x5D, 0x95, 0x89, 0x31, 0x92, 0x2F, 0x70, 0x87, 0x15, 0x47, 0x32, 0xE0, 0x0E,
    0xDF, 0x55, 0x25, 0x16, 0x3F, 0xC5, 0xB7, 0xA0, 0xB0, 0xEA, 0x53, 0x57, 0x52, 0xF3, 0xD9, 0x34,
    0xB7, 0x22, 0x57, 0xE4, 0xCA, 0xA1, 0xED, 0x48, 0x88, 0xC7, 0x8F, 0x24, 0x64, 0x85, 0xF6, 0xC1,
    0xC9, 0x13, 0xC1, 0x67, 0x45, 0xC7, 0xDF, 0x40, 0x86, 0x7E, 0x9F, 0x78, 0x06, 0x4E, 0xBA, 0x84,
    0x72, 0x8D, 0x31, 0x7F, 0x08, 0x6C, 0x86, 0xB4, 0x63, 0x99, 0x33, 0xC3, 0x75, 0x13, 0x1D, 0x31,
    0x31, 0x48, 0x28, 0x30, 0x56, 0x18, 0x2B, 0x5D, 0x8B, 0x8C, 0xDD, 0x6F, 0x7A, 0xE7, 0xDE, 0x6E,
    0x5E, 0x1B, 0x6E, 0x25, 0xE5, 0x14, 0x37, 0x34, 0x30, 0x61, 0xAE, 0x22, 0xC5, 0x8B, 0x9D, 0x5E,
    0xA7, 0x73, 0x37, 0xD4, 0xED, 0xD0, 0x7C, 0x1C, 0x98, 0x8F, 0x40, 0x62, 0xE0, 0x32, 0x34, 0xA1,
    0x31, 0x49, 0x0C, 0x16, 0x43, 0x61, 0xAC, 0x08, 0x44, 0x5C, 0x89, 0x58, 0xE9, 0x6E, 0x85, 0x3E,
    0xE9, 0x51, 0xBE, 0xC6, 0xD3, 0x5B, 0xA9, 0xD0, 0xF7, 0xAA, 0xD4, 0x1C, 0xF2, 0x3D, 0xFE, 0xB0,
    0x76, 0xBE, 0x1C, 0xC1, 0xD7, 0x3D, 0x1F, 0x7A, 0x71, 0xA5, 0x5F, 0xAF, 0x46, 0x43, 0x17, 0xE3,
    0x62, 0x1D, 0xF9, 0xD4, 0xA1, 0x1E, 0x09, 0x00, 0x31, 0x71, 0xDB, 0xD4, 0xE6, 0x4D, 0x2B, 0x30,
    0xDD, 0xD0, 0xD8, 0x50, 0x63, 0xB5, 0xC5, 0x50, 0x70, 0xED, 0x52, 0x4C, 0x35, 0xCB, 0xA3, 0xA1,
    0x1A, 0x0F, 0xDF, 0x31, 0x32, 0x30, 0x53, 0x81, 0x89, 0x85, 0x6E, 0xAC, 0x51, 0x43, 0xB3, 0xB6,
    0x0D, 0x44, 0xF4, 0x41, 0x28, 0xCF, 0x4E, 0x88, 0x7C, 0xD3, 0x6F, 0x3F, 0x7B, 0x71, 0x14, 0xAC,
    0xAE, 0xFE, 0x20, 0x58, 0xFD, 0x33, 0x9E, 0xF9, 0x35, 0xD1, 0xED, 0xF3, 0x14, 0x5C, 0xCA, 0x91,
    0x9F, 0x2E, 0x99, 0x38, 0x3C, 0x99, 0xC0, 0xDD, 0xB7, 0x1B, 0x28, 0x5C, 0x60, 0x9F, 0xB2, 0xBF,
    0x4E, 0x72, 0x81, 0xBE, 0xEE, 0x20, 0xE5, 0xF5, 0x59, 0x2B, 0x66, 0x08, 0xF0, 0x75, 0xA8, 0xB1,
    0xB4, 0xDA, 0x88, 0xE7, 0x6D, 0xD2, 0x31, 0xE0, 0x0F, 0xC9, 0x47, 0x65, 0x84, 0x42, 0x01, 0x39,
    0xAF, 0x5B, 0x48, 0x08, 0x29, 0x75, 0x48, 0x3E, 0x01, 0x69, 0x7D, 0x42, 0xC2, 0x0E, 0x70, 0x3B,
    0x76, 0x13, 0x8A, 0xAB, 0x30, 0xAC, 0xEA, 0xBA, 0x72, 0xD4, 0xEA, 0xCA, 0xD8, 0x47, 0x1C, 0xA3,
    0xED, 0x65, 0xF3, 0xC1, 0x50, 0xCA, 0x3D, 0x72, 0x37, 0xC9, 0x59, 0xFC, 0x44, 0xD8, 0x76, 0xC8,
    0x2B, 0x4A, 0xBE, 0x06, 0x03, 0x7C, 0x24, 0x99, 0xB4, 0x01, 0x50, 0x98, 0x2D, 0xA5, 0x34, 0xA5,
    0xBF, 0xA6, 0x74, 0x35, 0xA5, 0x0B, 0xA9, 0x77, 0x31, 0xF1, 0x5F, 0x4D, 0x9E, 0x3C, 0x90, 0x0C,
    0xFC, 0xE4, 0xBC, 0x37, 0x2A, 0xD3, 0xE1, 0x30, 0x0D, 0x74, 0x29, 0x43, 0x62, 0x1E, 0x4A, 0xE3,
    0x8F, 0xC0, 0x39, 0xF1, 0x7E, 0xB3, 0x3D, 0xFE, 0xAE, 0x79, 0xA2, 0xFA, 0x1B, 0xB3, 0x37, 0x5A,
    0x05, 0xBF, 0x9F, 0x34, 0x0D, 0x98, 0xB4, 0x29, 0xFC, 0x11, 0xEC, 0xA1, 0xDA, 0xD4, 0x59, 0x00,
    0xB6, 0x0A, 0x5F, 0xA2, 0xE5, 0xC5, 0x9B, 0x54, 0x7A, 0x69, 0xC9, 0x4B, 0x2B, 0x04, 0xFB, 0x94,
    0xE1, 0xF9, 0xEA, 0xBC, 0x6A, 0x39, 0x50, 0xD8, 0x20, 0x99, 0x34, 0x76, 0x1D, 0x6C, 0x86, 0xE4,
    0x0A, 0x9B, 0x9D, 0x0F, 0x2D, 0xAD, 0x20, 0x61, 0xCB, 0x7D, 0x4B, 0x24, 0x67, 0x20, 0x8B, 0x90,
    0xD3, 0x5D, 0x2A, 0x25, 0x58, 0xAF, 0x81, 0x68, 0xAE, 0x11, 0x3E, 0xE1, 0x4D, 0x90, 0xC3, 0x79,
    0x5B, 0xA4, 0x2B, 0xD5, 0xA1, 0x9C, 0x89, 0x65, 0x27, 0x96, 0x49, 0x2C, 0x8D, 0x6B, 0xF0, 0x81,
    0xEA, 0xCA, 0x03, 0x5C, 0x0B, 0xC9, 0x9D, 0x9C, 0x72, 0x38, 0x53, 0x28, 0x02, 0x1F, 0x78, 0xB9,
    0x72, 0x58, 0x48, 0x18, 0x0B, 0xBC, 0x85, 0x18, 0xB7, 0x3A, 0x69, 0xC6, 0xC2, 0x3A, 0x63, 0x61,
    0x20, 0xD2, 0x36, 0xAD, 0x54, 0x6C, 0xAE, 0xE4, 0xEC, 0xEF, 0x2E, 0x69, 0x39, 0x7D, 0x0E, 0xF5,
    0xCD, 0xE2, 0x39, 0x90, 0x5E, 0x7A, 0x0B, 0x9D, 0x59, 0x03, 0x91, 0x99, 0x11, 0x3A, 0x3D, 0x64,
    0x4A, 0xB3, 0xB2, 0xCC, 0x9D, 0x75, 0xBB, 0xCF, 0x81, 0x67, 0x57, 0x7C, 0x14, 0xBE, 0xC7, 0x24,
    0x57, 0x9E, 0xB0, 0x40, 0x22, 0x0E, 0x98, 0xF0, 0xA4, 0x0E, 0x2E, 0x51, 0xF0, 0x2F, 0xA2, 0x91,
    0x9B, 0x6C, 0x86, 0x66, 0x3A, 0xD4, 0x36, 0x54, 0x1B, 0xD7, 0x76, 0x4D, 0xE4, 0x15, 0x98, 0xDA,
    0x95, 0xE0, 0x81, 0x76, 0x12, 0xE6, 0xAF, 0xA7, 0xB5, 0xF9, 0x37, 0x87, 0x71, 0xD8, 0x89, 0xBB,
    0x61, 0x1A, 0x23, 0x06, 0x0B, 0xC1, 0xDA, 0x80, 0xF0, 0xD8, 0xD6, 0x54, 0xB7, 0xFF, 0xC7, 0x13,
    0xB6, 0x79, 0x39, 0x37, 0x5B, 0xC5, 0xCE, 0x0D, 0x39, 0x76, 0x19, 0x31, 0x82, 0x5C, 0xEA, 0xD9,
    0x9F, 0x5C, 0x80, 0x6D, 0xAD, 0xFF, 0x81, 0x61, 0x53, 0x8D, 0x28, 0x40, 0x01, 0x54, 0xE5, 0xB8,
    0x43, 0x4A, 0xAC, 0x07, 0xC3, 0x2D, 0xA4, 0x6A, 0x0E, 0x5B, 0x3D, 0x87, 0x2D, 0x71, 0x07, 0x5B,
    0xC0, 0x53, 0xD8, 0x19, 0x63, 0x0B, 0xB6, 0x6E, 0xDD, 0x54, 0xC2, 0xE6, 0xDA, 0x53, 0xBB, 0xC6,
    0x13, 0xEC, 0x80, 0xEC, 0x75, 0x6A, 0x1F, 0xA7, 0xF4, 0x0D, 0x3F, 0x95, 0x41, 0x2A, 0xC3, 0xA4,
    0x54, 0x4A, 0x2A, 0x55, 0x23, 0x3F, 0x35, 0xE2, 0x9A, 0x71, 0x91, 0xF9, 0x36, 0x05, 0x28, 0x20,
    0x14, 0xF0, 0x1B, 0xAA, 0x15, 0x35, 0x44, 0xCD, 0xA8, 0x32, 0x24, 0x0C, 0x3F, 0x8B, 0x14, 0xE6,
    0xA8, 0x71, 0xB7, 0x5F, 0x49, 0xD1, 0x79, 0x99, 0xE4, 0x0E, 0x7B, 0x96, 0xE4, 0x6E, 0xFB, 0x1E,
    0xC9, 0xA5, 0x9B, 0x57, 0xCA, 0xD2, 0xB6, 0x0F, 0x59, 0x4F, 0x6D, 0xF1, 0x1E, 0xF6, 0x6C, 0xD3,
    0x3D, 0x4B, 0x93, 0x67, 0xAF, 0xF3, 0xB3, 0x57, 0xDC, 0xB3, 0x2F, 0xE1, 0x59, 0x39, 0xE4, 0x67,
    0x3B, 0x77, 0x52, 0x0A, 0xEF, 0xB4, 0x7C, 0x5D, 0x98, 0x19, 0x69, 0xE1, 0xB7, 0xB4, 0x78, 0x8C,
    0x4E, 0x5B, 0x7A, 0xEE, 0x5D, 0x1D, 0xDE, 0x4E, 0x99, 0x2D, 0xE0, 0x24, 0x2F, 0x15, 0xA8, 0xF9,
    0x72, 0x87, 0x27, 0x18, 0x7F, 0x41, 0x05, 0x5A, 0x4C, 0x72, 0xF7, 0x51, 0x78, 0xFC, 0xFA, 0x65,
    0x55, 0x0A, 0x2E, 0x53, 0x25, 0xB8, 0xE2, 0x44, 0x4A, 0x59, 0x16, 0x6B, 0xC2, 0xD2, 0x61, 0x0F,
    0xF7, 0xD3, 0xBC, 0x2A, 0x32, 0x0B, 0x08, 0x01, 0xB7, 0x32, 0xB6, 0x2A, 0xDC, 0x8C, 0x14, 0x5A,
    0x38, 0x3C, 0x85, 0x6B, 0x54, 0x59, 0xA0, 0xA7, 0x43, 0x36, 0x8C, 0xF7, 0x02, 0xCA, 0x8E, 0xC2,
    0x42, 0xCC, 0x45, 0x71, 0x44, 0x35, 0xC7, 0x78, 0xA8, 0x55, 0x93, 0x05, 0xEF, 0xB3, 0x0C, 0x21,
    0xD5, 0xC2, 0x83, 0xB1, 0x84, 0x8F, 0x65, 0xAE, 0x8A, 0xBF, 0x90, 0x12, 0x48, 0xB4, 0x14, 0x5C,
    0xB0, 0x15, 0x8F, 0xB7, 0xBB, 0x3B, 0xB1, 0x8F, 0xA0, 0xAA, 0x63, 0xD1, 0x25, 0xB7, 0xC9, 0xAA,
    0x81, 0xE2, 0xDE, 0xA7, 0x0A, 0x70, 0x57, 0x61, 0xEA, 0x1B, 0xCA, 0xA4, 0xEC, 0x91, 0x7F, 0x40,
    0x8B, 0xCB, 0x26, 0x7C, 0xCD, 0x8C, 0x8F, 0x46, 0xBE, 0x00, 0x0D, 0xF2, 0x46, 0xC3, 0xB9, 0x79,
    0xFE, 0x79, 0x66, 0x66, 0x5E, 0x94, 0x48, 0x65, 0xC5, 0xCA, 0x99, 0x6E, 0x69, 0xB1, 0x5B, 0x3A,
    0x6D, 0x4B, 0x89, 0xAD, 0x20, 0x0F, 0x68, 0x94, 0xF4, 0x36, 0xE2, 0xA9, 0x52, 0xF2, 0x10, 0x55,
    0x86, 0xBE, 0x61, 0xA8, 0xA9, 0xC6, 0xFB, 0x77, 0x14, 0x85, 0xA9, 0xCF, 0xDB, 0xE6, 0x87, 0xD0,
    0x38, 0x0C, 0x12, 0xCD, 0x93, 0x8B, 0x51, 0x76, 0x12, 0x2A, 0xCD, 0xCF, 0x0E, 0xF3, 0x9B, 0xCC,
    0xA7, 0x3A, 0x8A, 0x62, 0x67, 0x90, 0x00, 0xB3, 0x4B, 0xB5, 0x9B, 0x0F, 0x23, 0x48, 0x22, 0xFD,
    0x02, 0x4C, 0x6D, 0xD6, 0x0C, 0xF5, 0xEA, 0x1D, 0x82, 0xE5, 0xAD, 0x86, 0x74, 0x69, 0xA8, 0xED,
    0x12, 0xFD, 0x3D, 0xA7, 0x25, 0x7B, 0x50, 0xEE, 0xD3, 0xD3, 0x7B, 0xFB, 0xFD, 0xA5, 0x16, 0xDF,
    0x11, 0x99, 0x5D, 0x89, 0x8F, 0x6B, 0xC3, 0x49, 0xC9, 0x9F, 0x80, 0x50, 0x85, 0x6F, 0xD2, 0xC0,
    0x6D, 0xC7, 0xA5, 0xD9, 0x9E, 0x7A, 0xB8, 0xFC, 0xD4, 0x4F, 0xFC, 0x8D, 0xF7, 0xEA, 0xE7, 0x60,
    0x94, 0x25, 0xA6, 0x4D, 0x62, 0xDE, 0x64, 0xD6, 0xA4, 0xAB, 0x78, 0xE4, 0xE2, 0x7B, 0x89, 0x77,
    0xF1, 0x56, 0xE6, 0xAF, 0x9A, 0x9E, 0x7F, 0xD2, 0x2C, 0x3D, 0xF9, 0xAC, 0xE9, 0x0E, 0xFC, 0xAB,
    0xF6, 0x2D, 0xCA, 0x75, 0x19, 0x2E, 0x6A, 0xD3, 0x69, 0x02, 0x27, 0x62, 0xA7, 0x6C, 0x8B, 0xAD,
    0x8D, 0x77, 0x33, 0x95, 0xF9, 0xAD, 0x21, 0xE0, 0x16, 0x8F, 0x65, 0xA9, 0x44, 0x29, 0x6C, 0x38,
    0x80, 0x87, 0x8A, 0x9D, 0xDE, 0x60, 0x1C, 0x64, 0x30, 0x3F, 0x0D, 0xD6, 0xC6, 0x11, 0x1D, 0x62,
    0x6B, 0x54, 0x41, 0x78, 0xCE, 0xF6, 0x48, 0x4E, 0xF7, 0xA8, 0xD4, 0x01, 0x1D, 0xA6, 0x10, 0x83,
    0x31, 0x59, 0x54, 0x41, 0x89, 0x11, 0x93, 0xAC, 0x3B, 0x09, 0x71, 0x4C, 0x82, 0x74, 0x04, 0x6F,
    0xEC, 0x71, 0xD6, 0xF9, 0x02, 0x49, 0xC1, 0xBD, 0x78, 0xAF, 0xC7, 0x1F, 0x50, 0xFB, 0xD2, 0xD6,
    0x2F, 0x97, 0x80, 0x90, 0xC4, 0x82, 0x0B, 0x26, 0xB8, 0xE1, 0x36, 0xA6, 0xF4, 0xC8, 0x7C, 0xF8,
    0x48, 0xD3, 0xFD, 0x70, 0x67, 0xB1, 0x9F, 0x60, 0xD4, 0x61, 0x18, 0x9A, 0x1E, 0x2F, 0xE3, 0x0C,
    0xE2, 0x7D, 0xA0, 0x5D, 0xBD, 0xD5, 0xCC, 0x73, 0x55, 0x3F, 0x3A, 0xAF, 0x67, 0xA7, 0x02, 0x3D,
    0x3D, 0xE5, 0x17, 0x08, 0xAD, 0xC3, 0x93, 0xB1, 0x6F, 0xC7, 0x35, 0xE3, 0x03, 0xB5, 0xE3, 0x80,
    0x73, 0x50, 0x89, 0x0D, 0x8E, 0x39, 0xA7, 0x21, 0x8B, 0xBF, 0xFF, 0x50, 0x9E, 0x5E, 0xEF, 0xC3,
    0xD8, 0x55, 0x27, 0xDA, 0x02, 0x82, 0x16, 0x91, 0xD7, 0x4E, 0xD9, 0x4E, 0x1E, 0x97, 0xC7, 0xD4,
    0x3E, 0xF3, 0x26, 0xB3, 0xC0, 0x2C, 0x57, 0xE2, 0x1D, 0xF6, 0x00, 0x10, 0xE2, 0x7D, 0xAA, 0x8B,
    0x88, 0x42, 0xBC, 0xE2, 0xD6, 0x3A, 0x4A, 0x3F, 0xB2, 0x88, 0x79, 0x8F, 0x07, 0x08, 0x50, 0x50,
    0x68, 0xAE, 0x18, 0xB0, 0x61, 0x68, 0x05, 0xE9, 0x7A, 0x90, 0x9F, 0x58, 0xE3, 0x23, 0xC5, 0xB2,
    0x80, 0xCE, 0xE1, 0xAD, 0x37, 0x71, 0x2B, 0x06, 0xEB, 0x75, 0x8A, 0x3D, 0x48, 0xDB, 0x52, 0x70,
    0xA3, 0x47, 0x95, 0x52, 0x4C, 0xB3, 0xA8, 0x9F, 0xFA, 0x15, 0xD9, 0x69, 0x4D, 0x05, 0x49, 0xE1,
    0xEE, 0x9D, 0x6E, 0xF7, 0xD0, 0x71, 0xA7, 0x25, 0xCB, 0x63, 0x32, 0xFA, 0xEF, 0xC7, 0x9D, 0x80,
    0xDC, 0x6E, 0x36, 0x1C, 0x82, 0xE9, 0x0F, 0x96, 0xE3, 0xEF, 0xC1, 0x96, 0x52, 0x11, 0xE0, 0xD8,
    0xB1, 0x7F, 0x53, 0x73, 0x00, 0xD6, 0x37, 0x3B, 0x54, 0x8D, 0x9E, 0xA7, 0xC1, 0xFA, 0xE6, 0xB3,
    0x08, 0x7B, 0x7C, 0x58, 0x86, 0x8D, 0x7D, 0x9B, 0xAF, 0x55, 0xC1, 0x0B, 0x19, 0xF5, 0x5A, 0xCD,
    0x74, 0x2B, 0xFD, 0x2F, 0x8F, 0x4C, 0x7A, 0xEE, 0xC8, 0x24, 0x2E, 0x8E, 0x4C, 0x52, 0x0E, 0xA4,
    0x6D, 0x2E, 0xA0, 0x3D, 0x73, 0xB7, 0x27, 0xC5, 0x15, 0x1E, 0x71, 0x89, 0x47, 0x5C, 0xE3, 0x11,
    0x17, 0x79, 0x45, 0x95, 0xC7, 0x65, 0x9E, 0xAB, 0xF3, 0x5C, 0xA1, 0x47, 0x5C, 0xE9, 0x51, 0x5D,
    0xA8, 0x9B, 0x0A, 0xB5, 0xDE, 0x40, 0x61, 0x38, 0xCE, 0x7C, 0xC5, 0xB1, 0xE2, 0x6E, 0xBA, 0x93,
    0xFC, 0x1E, 0xF1, 0x80, 0xB1, 0xB7, 0xF1, 0x54, 0xC3, 0x8E, 0x43, 0x2D, 0x1D, 0xE7, 0x27, 0xF5,
    0xB9, 0x01, 0xFA, 0x4F, 0x57, 0xEB, 0x3C, 0xE5, 0xA2, 0x12, 0x5E, 0x5E, 0xFC, 0xE2, 0x27, 0x10,
    0xF7, 0x9F, 0x00, 0xFC, 0x32, 0xB7, 0x83, 0xD1, 0x38, 0x56, 0x66, 0xC7, 0x52, 0x46, 0xE5, 0x76,
    0x2F, 0x4D, 0xB1, 0xE4, 0x93, 0xF7, 0xD0, 0xDF, 0x4B, 0xA9, 0xE4, 0x5D, 0xC7, 0xAE, 0x29, 0x1F,
    0x93, 0xD3, 0x53, 0xF7, 0x84, 0x5B, 0xDB, 0x46, 0xC3, 0xDA, 0x72, 0x98, 0x0A, 0x53, 0xEC, 0xDA,
    0x3D, 0x0B, 0x2B, 0x65, 0x18, 0xBA, 0x05, 0xE4, 0xD6, 0x13, 0xE6, 0x55, 0x7A, 0xE0, 0x14, 0x80,
    0x05, 0x73, 0xD4, 0xA8, 0xF7, 0x6D, 0x33, 0xE2, 0x8C, 0x94, 0xEC, 0xF6, 0xD3, 0x7D, 0xBC, 0xD1,
    0xB7, 0x1D, 0xEA, 0x26, 0xF4, 0xB2, 0x3B, 0xC3, 0xAF, 0xDF, 0x2D, 0xD0, 0xBC, 0xF3, 0xE4, 0x9D,
    0x51, 0x03, 0x1B, 0x65, 0x6E, 0xAE, 0xC9, 0x09, 0xC1, 0xE4, 0x74, 0x60, 0x32, 0x57, 0x54, 0x9C,
    0x0C, 0xD0, 0xC2, 0x69, 0x37, 0xFE, 0x43, 0xE6, 0xDA, 0xB7, 0xE9, 0x5C, 0xFE, 0xF9, 0xE5, 0x10,
    0x51, 0x3A, 0x99, 0x0B, 0x01, 0x47, 0x11, 0x17, 0x53, 0xAA, 0x10, 0x4E, 0x34, 0xD2, 0x5B, 0x46,
    0x96, 0x07, 0xD4, 0xD3, 0x88, 0xC6, 0x76, 0xBD, 0xDF, 0xC6, 0x3A, 0x4F, 0x8B, 0x53, 0x9E, 0xC1,
    0x26, 0x4B, 0xBE, 0x97, 0xCA, 0xBB, 0x0F, 0xA5, 0xF2, 0xCA, 0x5D, 0x2A, 0x47, 0xD6, 0x91, 0xA7,
    0xB2, 0x98, 0x5A, 0x65, 0x4E, 0xD4, 0x60, 0xC8, 0x88, 0xE1, 0x95, 0xE7, 0xB7, 0xCE, 0xAC, 0x58,
    0x02, 0x92, 0xAA, 0x5D, 0x8A, 0x11, 0x5F, 0x35, 0x1F, 0x5B, 0x3F, 0x8D, 0x47, 0xB8, 0xC8, 0x5E,
    0xA1, 0x3D, 0xC2, 0xED, 0x8F, 0x42, 0x83, 0xC7, 0xA3, 0x93, 0xBC, 0x8F, 0xE3, 0xA3, 0x9E, 0x49,
    0x6E, 0x7D, 0xF0, 0x10, 0x4A, 0xDC, 0x39, 0x84, 0xFA, 0xF7, 0xDC, 0x0B, 0x26, 0x77, 0xFF, 0xF2,
    0xD8, 0xE4, 0x10, 0x2A, 0x19, 0x1F, 0x42, 0x21, 0x28, 0x36, 0x16, 0xF3, 0x59, 0x90, 0xE4, 0xF9,
    0x26, 0xC5, 0xFC, 0x7F, 0x00, 0xB5, 0x99, 0xBF, 0x6F, 0x1C, 0x45, 0x14, 0xC7, 0xBF, 0xBB, 0x1B,
    0x67, 0x41, 0x9B, 0x78, 0x1C, 0x08, 0x52, 0x04, 0x4E, 0x36, 0x05, 0x45, 0x0A, 0x3B, 0x4B, 0x61,
    0x09, 0x4B, 0x3E, 0xDF, 0x8D, 0x50, 0x24, 0xCA, 0xA4, 0xA1, 0x42, 0x28, 0x05, 0x7F, 0x40, 0x52,
    0xB8, 0x70, 0x71, 0xC4, 0x1B, 0x81, 0x94, 0x22, 0x45, 0xFC, 0x77, 0x00, 0x52, 0x2C, 0x61, 0x09,
    0x17, 0x09, 0x1E, 0x01, 0x52, 0x4A, 0x16, 0xA5, 0xA0, 0x5D, 0xFE, 0x81, 0x68, 0x41, 0x87, 0x74,
    0x02, 0xDB, 0xCB, 0xF7, 0xBD, 0x39, 0x9B, 0x33, 0x11, 0xE4, 0x6E, 0xEF, 0xCE, 0xDE, 0xB9, 0xF5,
    0xDD, 0xED, 0xCC, 0xFB, 0xCC, 0xFB, 0x35, 0x6F, 0xC6, 0x88, 0x1C, 0x90, 0x14, 0xC0, 0x7C, 0x09,
    0x2C, 0x56, 0xC0, 0x35, 0xB6, 0x95, 0x3D, 0xE0, 0x6E, 0x17, 0x28, 0x5B, 0x40, 0xB1, 0x8E, 0xB0,
    0x3E, 0x42, 0x94, 0xA7, 0x88, 0x60, 0x90, 0xC0, 0xE4, 0xF3, 0x48, 0x5C, 0xED, 0x3A, 0x7D, 0xC8,
    0x8F, 0x61, 0xCB, 0xAC, 0xDE, 0xE3, 0x23, 0x97, 0x7E, 0xEC, 0x5A, 0x91, 0xDB, 0x8B, 0x5C, 0x95,
    0xB8, 0xCA, 0xE8, 0x95, 0xBA, 0x6A, 0xCD, 0xED, 0x7D, 0xF3, 0x63, 0xE7, 0x79, 0x7F, 0x0E, 0x16,
    0x25, 0xC2, 0x0A, 0x01, 0x85, 0x04, 0xD2, 0x89, 0xF7, 0xA5, 0x55, 0x8E, 0xC0, 0xBB, 0x80, 0x04,
    0xF0, 0xF7, 0x86, 0x40, 0xE1, 0x21, 0xA2, 0x9B, 0x08, 0xAF, 0x03, 0x9B, 0xC0, 0x8E, 0xD0, 0x8D,
    0x84, 0x84, 0x05, 0x3E, 0x49, 0x09, 0x51, 0x8F, 0x92, 0xF9, 0x36, 0xC8, 0xD9, 0x91, 0xD2, 0x53,
    0xBE, 0x5F, 0x59, 0xD4, 0x59, 0x4E, 0x42, 0x85, 0x33, 0x00, 0x91, 0x9E, 0x22, 0x2C, 0x54, 0x54,
    0x1F, 0xE1, 0x01, 0xE2, 0x9B, 0x78, 0x2D, 0x1C, 0x9D, 0x70, 0xA0, 0xE8, 0x84, 0x14, 0x32, 0xB1,
    0x69, 0x13, 0xB2, 0x77, 0x81, 0xA0, 0xAF, 0x9C, 0x0D, 0x09, 0xC5, 0x74, 0x1D, 0x8A, 0x5E, 0xA9,
    0xFC, 0x60, 0x0F, 0x2D, 0xE2, 0x5F, 0xA7, 0x48, 0x68, 0x91, 0xEC, 0x61, 0xBE, 0x25, 0x86, 0xBA,
    0x50, 0xA2, 0x6F, 0xC7, 0x26, 0x34, 0xF7, 0x09, 0x78, 0xE4, 0x2D, 0x3D, 0x65, 0xFD, 0x45, 0x65,
    0x9E, 0xD4, 0x39, 0xDE, 0x6E, 0xAA, 0xBC, 0xE9, 0x9B, 0xF3, 0x54, 0x5C, 0x36, 0xA4, 0x3A, 0x89,
    0x54, 0x5C, 0x64, 0xA3, 0xD8, 0x90, 0x78, 0xB1, 0x84, 0x0B, 0x1D, 0xFA, 0xBD, 0x73, 0x40, 0xFB,
    0x89, 0x8F, 0xE0, 0x49, 0x71, 0xE9, 0x3A, 0x29, 0x70, 0x0F, 0x41, 0x29, 0x23, 0x9D, 0x0F, 0xF3,
    0x24, 0x46, 0x44, 0x4B, 0xED, 0x8E, 0x8C, 0x4A, 0x20, 0x71, 0x5D, 0x18, 0xC9, 0x21, 0xD5, 0xF4,
    0x09, 0xB5, 0xB7, 0x4C, 0x7F, 0xA9, 0x29, 0xA1, 0x5C, 0x86, 0x03, 0x5C, 0xA6, 0x24, 0xF0, 0x2E,
    0xB9, 0xE0, 0xC2, 0x8D, 0xE9, 0x52, 0x2E, 0x20, 0xE4, 0x37, 0x8F, 0x54, 0x15, 0x9B, 0x38, 0xFF,
    0xC6, 0xF8, 0x94, 0xA9, 0xC4, 0xC8, 0xA1, 0x8F, 0x91, 0x29, 0xEB, 0x90, 0x31, 0x62, 0x7C, 0x8C,
    0x34, 0x53, 0xE0, 0xF4, 0x4D, 0x7A, 0x3A, 0x46, 0x9A, 0x51, 0x1D, 0xC7, 0xC8, 0x56, 0xDD, 0x4B,
    0xBF, 0xEC, 0x25, 0x76, 0xD5, 0x80, 0x97, 0x0C, 0x68, 0x3E, 0xB2, 0xA6, 0x2E, 0x06, 0x7F, 0xCB,
    0x75, 0x4D, 0xBE, 0x0A, 0x7A, 0x75, 0xDD, 0x93, 0xD1, 0x29, 0xE2, 0x40, 0xD4, 0x1C, 0xD4, 0x88,
    0x7F, 0x71, 0x26, 0x72, 0xCB, 0x91, 0x6B, 0x25, 0x79, 0xFB, 0x10, 0xED, 0x1C, 0x44, 0x6F, 0x33,
    0x26, 0x3E, 0x74, 0x71, 0x0D, 0xDC, 0xD2, 0x8C, 0xDF, 0x57, 0xAF, 0xA1, 0x0E, 0x6A, 0x1B, 0x3C,
    0x77, 0x30, 0x16, 0xCB, 0x12, 0x97, 0xE3, 0xC9, 0x3D, 0x42, 0xF8, 0xCC, 0x06, 0x74, 0x90, 0x75,
    0xEA, 0x49, 0x28, 0x46, 0x91, 0x1E, 0xF4, 0x17, 0xA2, 0xBA, 0x40, 0xC2, 0x1C, 0x35, 0x9E, 0xB8,
    0x60, 0x5B, 0x74, 0x78, 0x26, 0xF3, 0xCB, 0xD7, 0x68, 0x33, 0x65, 0x51, 0x10, 0x3B, 0xB1, 0xC9,
    0x06, 0x70, 0x89, 0xF2, 0x38, 0xDF, 0x3C, 0xBA, 0x5F, 0x8C, 0x2B, 0x5A, 0x52, 0x0A, 0x55, 0xD4,
    0xA1, 0x1B, 0xA8, 0x6C, 0xFA, 0x43, 0x8D, 0xE8, 0x99, 0x0D, 0x91, 0x8F, 0x4A, 0xE2, 0x8B, 0x12,
    0x3A, 0x5B, 0x32, 0x19, 0x89, 0xD5, 0x84, 0x74, 0xA0, 0x29, 0xAE, 0x21, 0x09, 0xE3, 0xFA, 0xC5,
    0x20, 0xAE, 0x2F, 0x6D, 0x62, 0x6B, 0xA1, 0x21, 0x09, 0xC7, 0x8A, 0x0F, 0x90, 0x5C, 0x56, 0x88,
    0x0A, 0x5D, 0x3B, 0x36, 0x49, 0xFF, 0x6A, 0x54, 0x97, 0x88, 0xF3, 0x49, 0x14, 0x12, 0xF4, 0xE8,
    0x4E, 0x4E, 0xEB, 0xAC, 0x46, 0xDA, 0x98, 0xC4, 0x16, 0x43, 0x71, 0xD7, 0x50, 0xFA, 0x71, 0x24,
    0x06, 0xC8, 0xCA, 0xD5, 0x2A, 0x2C, 0xE3, 0x3C, 0xC0, 0x56, 0x95, 0x6E, 0x27, 0x36, 0xB1, 0x06,
    0x2F, 0xFF, 0xD6, 0x55, 0x27, 0xFF, 0xBD, 0xF8, 0xD4, 0x19, 0x9C, 0x17, 0x5A, 0xDC, 0xB1, 0xFF,
    0x7A, 0xF2, 0xAA, 0x29, 0x5F, 0x35, 0x02, 0xF3, 0x1B, 0x32, 0xBA, 0x0F, 0xBF, 0xCF, 0x8D, 0xAA,
    0xED, 0xBF, 0xC6, 0xE1, 0x27, 0x4E, 0xE3, 0x14, 0xD8, 0xA7, 0x9D, 0x7E, 0x7E, 0xCA, 0x5E, 0x29,
    0xE7, 0x60, 0xF2, 0x2E, 0xC3, 0x6A, 0x8F, 0xF9, 0xB2, 0x37, 0xD4, 0xFA, 0x6C, 0x7B, 0xFC, 0x9C,
    0xDF, 0xDB, 0x36, 0x9F, 0x33, 0xEE, 0x09, 0xD3, 0x25, 0x03, 0xE6, 0x2D, 0xF6, 0x5F, 0x96, 0x72,
    0x0E, 0x9A, 0x29, 0xE8, 0x34, 0xD7, 0x6F, 0xDB, 0x2E, 0x3B, 0x31, 0x11, 0x46, 0xC5, 0xF1, 0xE5,
    0x76, 0xD9, 0xD5, 0x20, 0x3D, 0x94, 0xA0, 0xE5, 0x72, 0x16, 0x55, 0xBA, 0xA8, 0xCD, 0x49, 0x47,
    0xDE, 0x37, 0x4A, 0xAD, 0x03, 0xD5, 0xD0, 0x73, 0x93, 0x03, 0xB1, 0x7A, 0x49, 0xE6, 0x11, 0x2E,
    0xAB, 0x05, 0x35, 0xA8, 0x47, 0xC1, 0xD2, 0x65, 0x37, 0x2C, 0xFD, 0x2A, 0x21, 0x53, 0x3A, 0xCB,
    0x96, 0xE6, 0xBE, 0x52, 0x2D, 0x37, 0x30, 0x15, 0x55, 0xF9, 0xF2, 0xFE, 0xE0, 0xB8, 0xBC, 0xE7,
    0xF3, 0xCA, 0x3A, 0xA8, 0xB4, 0x46, 0xA2, 0xE4, 0x8F, 0xD4, 0x05, 0x19, 0x5B, 0xE8, 0x66, 0x42,
    0x19, 0xE8, 0x6A, 0x19, 0x55, 0x5A, 0xC2, 0x34, 0xA4, 0x94, 0x2A, 0x8B, 0x4B, 0x38, 0xB8, 0xFE,
    0x48, 0x76, 0x3D, 0x4B, 0x85, 0xA6, 0x5F, 0x4C, 0x57, 0x97, 0x94, 0xC3, 0x2A, 0x49, 0xB6, 0x84,
    0x15, 0xDE, 0x74, 0xF8, 0x63, 0x7C, 0xCA, 0xB6, 0xAC, 0x91, 0x8C, 0x51, 0x29, 0x26, 0x67, 0xA0,
    0xC7, 0xB8, 0x64, 0x7A, 0xB1, 0x83, 0x7D, 0x52, 0x03, 0x25, 0xCE, 0xC2, 0x01, 0x87, 0x62, 0xB5,
    0x19, 0xD5, 0x3F, 0xD1, 0xAB, 0xEB, 0x8D, 0xD6, 0xFC, 0x12, 0x31, 0xB8, 0xEC, 0x01, 0x53, 0x61,
    0xEC, 0x08, 0x64, 0x22, 0x94, 0x89, 0x60, 0x7E, 0xCD, 0xF4, 0x19, 0x57, 0x10, 0x50, 0x91, 0x38,
    0xFC, 0x22, 0xB0, 0x10, 0x5A, 0x79, 0xCE, 0x42, 0x78, 0x15, 0xD8, 0x13, 0x2B, 0x32, 0x3C, 0xB6,
    0xD6, 0x69, 0x81, 0xBD, 0x07, 0x5C, 0x89, 0x0F, 0xCF, 0x5D, 0xBF, 0xBD, 0xD9, 0x8D, 0xCA, 0xFF,
    0xD3, 0x9E, 0x6C, 0xD4, 0x7D, 0xF2, 0xBE, 0xA7, 0x73, 0xCB, 0x67, 0x87, 0xC7, 0xB1, 0x25, 0x7D,
    0x55, 0x2D, 0xBC, 0x3B, 0x32, 0x9E, 0xE4, 0x39, 0x4D, 0x7E, 0x9A, 0xFD, 0xB4, 0xBF, 0x5F, 0xE8,
    0xE6, 0x66, 0xC0, 0x38, 0x94, 0x11, 0x5B, 0x28, 0x47, 0x66, 0xFC, 0x4C, 0xA3, 0x58, 0xD6, 0x42,
    0xB5, 0xF7, 0x2C, 0xB4, 0x17, 0x32, 0x88, 0xFF, 0xB2, 0x67, 0xBE, 0x6B, 0xA9, 0x99, 0x46, 0xC3,
    0x9A, 0x89, 0x15, 0x25, 0x30, 0x64, 0xFD, 0xF6, 0xA1, 0xA1, 0x39, 0x76, 0x54, 0xA0, 0x93, 0x90,
    0xD8, 0x2F, 0xB3, 0x2A, 0xCB, 0xDF, 0x61, 0x45, 0x11, 0xE7, 0xBE, 0x25, 0xF6, 0x0A, 0x25, 0x0E,
    0x1A, 0x33, 0x41, 0xC6, 0xB6, 0x46, 0x59, 0x6B, 0xBC, 0x7F, 0x85, 0x2B, 0xC1, 0x4F, 0x30, 0x0F,
    0x1F, 0xB1, 0xF4, 0x35, 0xA5, 0x46, 0xD3, 0x50, 0x74, 0x76, 0x58, 0xD6, 0xDE, 0xB1, 0x7D, 0x8E,
    0xD0, 0x03, 0x4B, 0x12, 0x98, 0x68, 0xD7, 0xB7, 0x98, 0x6D, 0x7E, 0x07, 0xE6, 0x1C, 0x5B, 0xF7,
    0x37, 0x24, 0xD5, 0x3E, 0x19, 0x2E, 0xFA, 0xBE, 0xED, 0x01, 0xBE, 0x1C, 0xB0, 0x64, 0x9C, 0xDA,
    0x6A, 0xE5, 0x97, 0x34, 0x71, 0xFE, 0x00, 0x93, 0xF3, 0xED, 0x73, 0x18, 0xC9, 0xE8, 0x0F, 0x73,
    0xBF, 0x87, 0x5E, 0xF2, 0xFE, 0x3F, 0x36, 0xAB, 0x0F, 0x4E, 0x49, 0x1D, 0x72, 0x94, 0xC1, 0x9A,
    0x65, 0xB0, 0xC5, 0x22, 0xE0, 0xE3, 0x9C, 0x84, 0x0F, 0x58, 0xAE, 0xC4, 0x0F, 0xF8, 0x41, 0xFC,
    0x89, 0xEC, 0xC5, 0x7A, 0x20, 0x5D, 0x2E, 0x2F, 0x96, 0x2F, 0x29, 0x14, 0x54, 0x49, 0x15, 0x55,
    0x59, 0x15, 0x56, 0x69, 0x3D, 0xEE, 0xA0, 0x2E, 0x1F, 0x44, 0xBE, 0xEC, 0xDA, 0x5A, 0xD4, 0xC4,
    0x2D, 0x59, 0xD5, 0x50, 0x11, 0xB8, 0xBC, 0x63, 0xFF, 0x74, 0x89, 0xAD, 0x09, 0xDC, 0x7F, 0x35,
    0xF0, 0xC2, 0xA0, 0x06, 0xF4, 0xE6, 0x11, 0x4F, 0x9A, 0x21, 0x70, 0xE9, 0xB7, 0xFD, 0x58, 0x22,
    0xF0, 0xD9, 0x86, 0xC0, 0xE2, 0x01, 0xEA, 0x02, 0xEA, 0x03, 0xEA, 0x04, 0x3E, 0x05, 0x06, 0xB3,
    0xA0, 0x3E, 0xE5, 0x17, 0x94, 0xB5, 0xD4, 0x90, 0xBA, 0xAD, 0x09, 0x47, 0x36, 0xDC, 0xFE, 0x7C,
    0x67, 0x16, 0xAC, 0xDB, 0x4C, 0xB6, 0x47, 0x05, 0xC2, 0xEC, 0x7B, 0xA9, 0x3A, 0x9B, 0x71, 0xCE,
    0x04, 0x6C, 0xF9, 0xC4, 0xBD, 0x7C, 0x06, 0x0A, 0x9B, 0xF3, 0x0D, 0xE7, 0x82, 0x93, 0x82, 0xD1,
    0xFA, 0x82, 0x51, 0xF6, 0x04, 0x55, 0xDA, 0xCF, 0xB6, 0xE3, 0x32, 0x71, 0x31, 0x33, 0xE3, 0x3C,
    0x17, 0xF1, 0x45, 0x7A, 0x1C, 0x0B, 0xA9, 0x2E, 0xF7, 0x2C, 0xEB, 0x85, 0x3F, 0x1B, 0x33, 0x78,
    0xB9, 0xD5, 0x7A, 0x98, 0x12, 0x14, 0x1A, 0xBB, 0x1C, 0xF4, 0x75, 0x35, 0x7E, 0x50, 0x3D, 0x0E,
    0x7B, 0x06, 0x1B, 0x06, 0x77, 0x0D, 0x2A, 0x83, 0x22, 0xF9, 0xC0, 0xC5, 0x9F, 0xE7, 0xD1, 0x33,
    0x44, 0x2F, 0x74, 0x0B, 0xD5, 0x92, 0x23, 0x84, 0x95, 0x1D, 0x6C, 0x39, 0xD1, 0xC5, 0x84, 0xD2,
    0x4F, 0x1D, 0xC5, 0x8C, 0x24, 0xFB, 0x7D, 0xB7, 0xF2, 0x6D, 0xB1, 0xF5, 0x83, 0xCB, 0x7C, 0xD1,
    0x88, 0x54, 0xE0, 0x77, 0x7D, 0xED, 0x32, 0xF8, 0x4F, 0xC2, 0x44, 0x4C, 0xB5, 0x1C, 0x95, 0xC0,
    0x1F, 0x95, 0xAC, 0x36, 0xD1, 0x08, 0xDA, 0x37, 0xD8, 0x89, 0x1F, 0x07, 0x3B, 0x13, 0xDB, 0x27,
    0xD8, 0xA6, 0x7B, 0xBB, 0xB9, 0x2C, 0x1F, 0xD4, 0x8B, 0x63, 0xA2, 0xFC, 0x0D, 0x6D, 0x50, 0x31,
    0x4B, 0xC3, 0x40, 0x14, 0xFE, 0x2E, 0x29, 0x56, 0x4C, 0x9B, 0x74, 0x2C, 0x52, 0x9A, 0x2E, 0x6E,
    0x29, 0x3A, 0x88, 0xDC, 0x90, 0xF6, 0xEE, 0x27, 0xF4, 0x27, 0x08, 0x6E, 0x9D, 0x8A, 0x64, 0x4E,
    0x4E, 0x77, 0xC1, 0x1F, 0xE0, 0x20, 0xE8, 0xD4, 0xC5, 0x88, 0x1D, 0x1C, 0xD4, 0xDC, 0xE4, 0x1C,
    0x74, 0x74, 0xC9, 0xE6, 0x68, 0x0A, 0x1D, 0x32, 0x08, 0xF5, 0x5D, 0xB1, 0x50, 0xC1, 0xEF, 0xDE,
    0x7D, 0x3C, 0xDE, 0x7D, 0xEF, 0xDD, 0x7B, 0x4F, 0x54, 0xA2, 0x1A, 0x4F, 0xAF, 0xB3, 0xE5, 0x62,
    0x3C, 0xBD, 0x4D, 0x0C, 0x13, 0x54, 0xB6, 0x24, 0xA8, 0x4D, 0x1F, 0x4E, 0xC0, 0x63, 0x51, 0x1B,
    0x24, 0xDD, 0x46, 0xD4, 0x6A, 0xC7, 0xC2, 0x0D, 0x26, 0x20, 0x38, 0x0E, 0x82, 0x0E, 0x38, 0x47,
    0x2C, 0x20, 0x04, 0x6A, 0x35, 0x0C, 0x06, 0x89, 0xE8, 0xFA, 0x8D, 0x66, 0xC4, 0x5B, 0xAD, 0x36,
    0x09, 0x85, 0x70, 0xDD, 0x20, 0x98, 0x1C, 0x00, 0xAC, 0x00, 0xCB, 0x01, 0x8D, 0xDE, 0xAB, 0xCC,
    0x96, 0x72, 0xA4, 0x61, 0xE5, 0xB0, 0x0B, 0x58, 0x85, 0x71, 0x98, 0x36, 0x86, 0x4D, 0x53, 0xFF,
    0xA4, 0x90, 0x86, 0xF4, 0xF6, 0x3A, 0x65, 0xEF, 0x43, 0xBE, 0x7C, 0x19, 0x01, 0x5B, 0x55, 0x63,
    0x12, 0xBB, 0x10, 0x3A, 0xD1, 0x42, 0xFB, 0xE8, 0x62, 0x66, 0x29, 0x61, 0x7D, 0x7B, 0x85, 0x60,
    0x95, 0x93, 0xD7, 0x30, 0x62, 0x72, 0x47, 0x5A, 0xD4, 0xF5, 0xB0, 0xF4, 0x88, 0xCB, 0x59, 0xC7,
    0x70, 0xC4, 0x57, 0x9C, 0x12, 0xA7, 0xF7, 0xF4, 0x19, 0xC4, 0xFB, 0xF9, 0xE5, 0x96, 0x64, 0x4E,
    0xF7, 0x71, 0x58, 0xA2, 0x19, 0x06, 0x29, 0x47, 0xC8, 0xFB, 0x69, 0x88, 0x09, 0x37, 0x7E, 0x11,
    0x86, 0x51, 0x64, 0x69, 0xAF, 0x14, 0x05, 0x83, 0x39, 0x51, 0x59, 0xE6, 0x2A, 0x2A, 0xE7, 0xC5,
    0x5C, 0xBF, 0xE9, 0x33, 0x89, 0x63, 0x96, 0xD7, 0xD5, 0x3E, 0x42, 0xF8, 0xA8, 0x2B, 0x6A, 0x7F,
    0xD4, 0x03, 0xA7, 0x66, 0x1C, 0x65, 0x6B, 0x4F, 0xF5, 0x31, 0xA1, 0xB9, 0x80, 0x96, 0xD9, 0x5E,
    0x49, 0xB7, 0x71, 0x43, 0xE4, 0xDD, 0x11, 0x59, 0x0B, 0x22, 0x9F, 0xA6, 0x41, 0xFB, 0xD3, 0xBC,
    0x16, 0xF8, 0x85, 0x24, 0xB5, 0xA5, 0x29, 0xF1, 0xE8, 0xA2, 0x79, 0xAA, 0x86, 0xCF, 0x5E, 0x26,
    0x9D, 0x9C, 0x55, 0x88, 0x9F, 0xC8, 0x3B, 0xB9, 0xDA, 0x7E, 0x90, 0xB6, 0x5A, 0xD5, 0x5A, 0xE3,
    0xD0, 0x94, 0xA6, 0x8D, 0x50, 0xB8, 0x0E, 0xB8, 0x40, 0xF0, 0x27, 0xE6, 0x6C, 0xC4, 0xA8, 0x8F,
    0x1F, 0x3D, 0x90, 0xBD, 0x6E, 0xDB, 0x30, 0x14, 0x85, 0x8F, 0x24, 0x58, 0x0A, 0xA2, 0x98, 0xF4,
    0xE0, 0x0C, 0x29, 0x24, 0xD9, 0x43, 0x87, 0xA0, 0xA0, 0xAC, 0x0C, 0x1A, 0x18, 0x80, 0x56, 0xF8,
    0x10, 0xF5, 0xD8, 0xBD, 0x28, 0xD2, 0xD6, 0x83, 0x86, 0x0C, 0x06, 0xE4, 0xBD, 0x8B, 0xDF, 0xA0,
    0x1E, 0x32, 0x64, 0x28, 0x0A, 0x0D, 0x02, 0xFA, 0x03, 0x27, 0xF0, 0x9E, 0xA1, 0xDE, 0xBA, 0xF6,
    0x11, 0x38, 0x78, 0xF0, 0x20, 0x57, 0xBD, 0x0A, 0xE2, 0xF2, 0x90, 0x00, 0xC9, 0x8B, 0x7B, 0xF1,
    0x9D, 0x63, 0x2F, 0xA3, 0x95, 0x64, 0x25, 0x37, 0x4F, 0x2A, 0xD9, 0x8D, 0x48, 0xB6, 0x96, 0xC6,
    0x11, 0xA0, 0x80, 0x1A, 0xF6, 0x17, 0x78, 0x02, 0x5D, 0x01, 0x29, 0x50, 0x34, 0xFA, 0xD5, 0x83,
    0x6E, 0xFF, 0x81, 0xCE, 0x84, 0xFF, 0x3D, 0xC1, 0x09, 0x06, 0xBB, 0xA3, 0x11, 0xF8, 0x4B, 0xAE,
    0xC2, 0xEC, 0xBB, 0xAB, 0xAD, 0x5B, 0xFE, 0x41, 0x44, 0x29, 0xBE, 0xED, 0xEE, 0x63, 0x13, 0x95,
    0x61, 0x2E, 0x46, 0x95, 0xA5, 0x4F, 0x27, 0xB8, 0x6A, 0x90, 0x76, 0x31, 0x14, 0xC0, 0x14, 0xF8,
    0x03, 0x7B, 0x0D, 0xE7, 0xB0, 0x69, 0xB9, 0xCB, 0xD1, 0x2C, 0x65, 0x2A, 0x48, 0xAA, 0xC1, 0x2E,
    0xCF, 0x0C, 0x33, 0xDD, 0x6C, 0xE7, 0x6A, 0x77, 0x31, 0xAE, 0xA6, 0xC2, 0x84, 0x26, 0xFE, 0xB1,
    0x4F, 0xAE, 0x7B, 0xCA, 0xE4, 0x3F, 0x37, 0x67, 0xB0, 0x71, 0x8C, 0x80, 0x18, 0x72, 0x94, 0x24,
    0x43, 0x27, 0x87, 0x04, 0x21, 0xD2, 0x9C, 0x21, 0x55, 0x18, 0x7C, 0x78, 0xDA, 0x9B, 0x3B, 0x73,
    0x6F, 0xEE, 0x6B, 0x4E, 0x6F, 0x81, 0x0B, 0xAA, 0xBD, 0x3D, 0xC3, 0xFB, 0x02, 0xC1, 0x6F, 0x84,
    0x8F, 0x88, 0x3E, 0x21, 0xF1, 0x31, 0xE2, 0x88, 0xF9, 0x06, 0x16, 0xAC, 0x5B, 0xF0, 0xAF, 0x10,
    0x3E, 0x94, 0x33, 0x97, 0x87, 0xAD, 0x7C, 0x08, 0x0E, 0xBE, 0x82, 0xB5, 0xC0, 0x0B, 0x5C, 0xC1,
    0xA3, 0xB9, 0x07, 0x71, 0x14, 0x1B, 0xE0, 0x78, 0x71, 0xB9, 0xCA, 0x45, 0x2A, 0x08, 0xA6, 0xB4,
    0xD6, 0x5E, 0x27, 0x7E, 0x53, 0xEC, 0x5B, 0x2F, 0xE3, 0x99, 0x12, 0x7D, 0x61, 0x95, 0x4E, 0x8D,
    0xA8, 0x17, 0xDD, 0x88, 0x6C, 0xDB, 0xD1, 0xE8, 0x03, 0x34, 0xAA, 0x86, 0x33, 0x03, 0x53, 0x08,
    0x14, 0x2E, 0x24, 0x9A, 0x06, 0xEF, 0x1E, 0x40, 0xF4, 0x6D, 0x9E, 0xAF, 0x07, 0xF5, 0x39, 0xCE,
    0x91, 0x6C, 0xFB, 0x0A, 0xF1, 0x30, 0xAC, 0x54, 0x66, 0x5C, 0x8D, 0x3B, 0x78, 0x9F, 0xC1, 0x38,
    0x79, 0xC0, 0x78, 0x8F, 0x8C, 0x83, 0xB0, 0x24, 0x91, 0xB1, 0x67, 0xB2, 0xD3, 0x49, 0xD1, 0x4C,
    0x83, 0x5E, 0x0A, 0x63, 0xAD, 0x9D, 0x35, 0x79, 0xD6, 0xBE, 0x06, 0xEC, 0x3B, 0xF0, 0x8F, 0xAD,
    0x21, 0xB2, 0xC8, 0x6B, 0xF8, 0x7B, 0xA8, 0x01, 0xB5, 0x69, 0xEA, 0x4C, 0xEE, 0xDB, 0x36, 0x7B,
    0xC9, 0xAE, 0x15, 0x93, 0x5C, 0xF2, 0x71, 0xC1, 0x7F, 0xF5, 0x98, 0x12, 0x99, 0xE9, 0x68, 0x9B,
    0xAC, 0x75, 0xC9, 0x8D, 0x7C, 0x0E, 0xB7, 0xA2, 0x1B, 0xB1, 0x52, 0xE0, 0x6D, 0xB4, 0xF2, 0x29,
    0x5C, 0xFE, 0x5F, 0x6D, 0xB0, 0x12, 0x4B, 0xAA, 0xFD, 0x03, 0x6D, 0x54, 0x31, 0x8F, 0x1B, 0x45,
    0x14, 0xFE, 0x76, 0x27, 0xC9, 0x08, 0xC6, 0xE7, 0xB9, 0xC6, 0x49, 0xC4, 0x1D, 0x5E, 0x21, 0x51,
    0xC5, 0x77, 0x5E, 0x84, 0x28, 0x52, 0x8C, 0x77, 0x17, 0x68, 0x29, 0x5C, 0x70, 0xD5, 0xFD, 0x83,
    0x50, 0x10, 0x89, 0xD6, 0xE1, 0x86, 0x4B, 0x49, 0x0B, 0x69, 0xD2, 0x9C, 0x74, 0x0D, 0xBA, 0x53,
    0xE4, 0x14, 0x29, 0x5C, 0x18, 0x7B, 0xA4, 0x14, 0x48, 0x27, 0x21, 0x16, 0x01, 0xA1, 0x40, 0xA0,
    0x8D, 0x04, 0x12, 0x18, 0x74, 0x0C, 0xD2, 0x46, 0xB1, 0x2C, 0x7B, 0x87, 0x37, 0xB6, 0x4F, 0x80,
    0xC4, 0x6A, 0xBE, 0x7D, 0x6F, 0x67, 0xDF, 0xCE, 0xF7, 0xE6, 0x7B, 0x6F, 0x16, 0xAF, 0x64, 0x78,
    0x5D, 0xC3, 0x15, 0xFC, 0xF9, 0x3C, 0xFA, 0xE0, 0x43, 0x75, 0x9C, 0xF4, 0x8E, 0x2F, 0x0D, 0x8E,
    0x51, 0x7E, 0x83, 0xF2, 0x7B, 0x94, 0x5F, 0xA0, 0x3C, 0xC3, 0xE0, 0x0C, 0xBD, 0xB3, 0x61, 0xFA,
    0xA5, 0x92, 0x3F, 0x4D, 0x99, 0x2B, 0xC2, 0x1F, 0x11, 0xBC, 0x83, 0xC8, 0x2D, 0xF8, 0xE4, 0xF3,
    0x30, 0xAF, 0x33, 0xF3, 0x22, 0x33, 0x58, 0x0F, 0x67, 0xD9, 0x77, 0x5D, 0x72, 0x52, 0x72, 0x2E,
    0x26, 0xD3, 0x05, 0x96, 0xD7, 0x81, 0x45, 0x58, 0x0C, 0xC1, 0xB5, 0x82, 0xCC, 0x7A, 0x90, 0x34,
    0x25, 0x33, 0x50, 0xA8, 0x81, 0x20, 0x1B, 0x4F, 0x34, 0xDE, 0x23, 0x84, 0xE6, 0x55, 0xA0, 0x68,
    0x03, 0x0F, 0x05, 0x78, 0x25, 0xD1, 0xDC, 0xAF, 0x28, 0x72, 0x13, 0xD2, 0xF2, 0x05, 0x9F, 0x06,
    0x65, 0x38, 0x47, 0xC1, 0xCE, 0x09, 0x5F, 0xA1, 0xD8, 0xFA, 0x73, 0x32, 0x6B, 0xFD, 0x3E, 0x99,
    0xB1, 0xC3, 0x22, 0x6F, 0x4D, 0x66, 0xB3, 0xD6, 0xA4, 0xFA, 0x8D, 0x69, 0x95, 0x33, 0x9D, 0x18,
    0x96, 0x49, 0xC3, 0xB4, 0x34, 0x69, 0xC9, 0x8D, 0xA7, 0x4F, 0xAB, 0x6C, 0x99, 0x46, 0x74, 0xDF,
    0x0A, 0x6F, 0x45, 0x36, 0x90, 0x2B, 0xAB, 0x2E, 0xEC, 0x78, 0xCE, 0x17, 0xDE, 0xF6, 0x3F, 0xAB,
    0x4B, 0x08, 0x0C, 0x9A, 0xD8, 0x91, 0x90, 0xA1, 0x6D, 0x62, 0x97, 0x72, 0x4D, 0x75, 0x13, 0x91,
    0xF1, 0x79, 0x37, 0xC1, 0xA7, 0xDE, 0x52, 0x92, 0xA3, 0xB5, 0x95, 0xDE, 0xEE, 0xE2, 0xE6, 0xD2,
    0x46, 0x2F, 0xF7, 0xEA, 0x70, 0x14, 0x32, 0x4D, 0xA7, 0x7E, 0xE9, 0x20, 0x0B, 0x32, 0xC4, 0x73,
    0x81, 0xD8, 0x6E, 0xE5, 0x42, 0x8B, 0x9C, 0x19, 0x6E, 0x38, 0x18, 0x59, 0x41, 0x9A, 0xB0, 0xBC,
    0x8E, 0xD6, 0xAC, 0x3F, 0xEB, 0x1F, 0xDD, 0xA0, 0xFB, 0xE8, 0x08, 0xE5, 0x86, 0x55, 0xB8, 0x55,
    0x8D, 0xAA, 0xD1, 0xD1, 0xAD, 0xD1, 0xA8, 0x9A, 0x1D, 0x41, 0xDD, 0x56, 0x0F, 0x81, 0x8E, 0x55,
    0x05, 0xB1, 0xE5, 0x6D, 0xDA, 0x50, 0x64, 0x28, 0x17, 0x48, 0x2D, 0x35, 0xFE, 0x75, 0x09, 0x4B,
    0x37, 0xC2, 0xE5, 0x67, 0x5E, 0xD8, 0xA5, 0x1F, 0x38, 0x0B, 0xFE, 0xC4, 0x52, 0x5E, 0x96, 0x12,
    0xB5, 0x50, 0x21, 0x81, 0xAD, 0xC1, 0x09, 0x75, 0x8B, 0x78, 0xE7, 0x2F, 0xC8, 0xB2, 0xA2, 0x44,
    0x37, 0x97, 0xCB, 0x30, 0xAA, 0x49, 0x78, 0xB2, 0xD2, 0x0B, 0xA1, 0xD3, 0x88, 0xEE, 0x51, 0x20,
    0xA6, 0xF4, 0xB9, 0xC7, 0xE6, 0xD5, 0x67, 0x5D, 0x5A, 0xBE, 0xA0, 0x1D, 0x50, 0x59, 0x29, 0xB6,
    0x35, 0xA3, 0xBA, 0x15, 0x9E, 0x2E, 0x58, 0x45, 0x24, 0x44, 0x22, 0xE8, 0x3B, 0xBC, 0x0B, 0x51,
    0xC9, 0xF9, 0x95, 0x92, 0xFF, 0x0C, 0x4B, 0x55, 0xB6, 0x24, 0xA4, 0x7D, 0x84, 0xE0, 0x69, 0x8E,
    0xAB, 0xCF, 0x3F, 0xED, 0x1E, 0x38, 0x67, 0x83, 0xA7, 0xBE, 0x2F, 0x06, 0x04, 0x85, 0x30, 0xEF,
    0x10, 0xDA, 0x60, 0x85, 0x44, 0xB4, 0x10, 0x5E, 0xBC, 0x2C, 0x76, 0xCE, 0x24, 0xFD, 0x53, 0x73,
    0x53, 0x86, 0xE6, 0x35, 0x09, 0xB3, 0x6A, 0x9C, 0xCB, 0xB8, 0x32, 0xAE, 0x50, 0xEF, 0x93, 0x1F,
    0x3B, 0x48, 0xD7, 0xF5, 0x55, 0xF9, 0x07, 0x6D, 0x9F, 0x76, 0x41, 0xAF, 0x34, 0xB6, 0x9E, 0x94,
    0xD4, 0x85, 0x3D, 0x8C, 0x69, 0x1D, 0x6E, 0x12, 0x9C, 0x4E, 0xC6, 0xFA, 0x74, 0x32, 0xCA, 0xF8,
    0x47, 0x25, 0x78, 0x5F, 0x53, 0x3F, 0x92, 0x6C, 0x17, 0xC8, 0x56, 0x76, 0x3C, 0xA7, 0x35, 0x5E,
    0x00, 0x36, 0xC8, 0x2D, 0xF9, 0xF9, 0x1D, 0xB9, 0x11, 0x75, 0x6A, 0xB1, 0xAA, 0x5D, 0x1A, 0xD4,
    0x50, 0xAE, 0x47, 0x55, 0xD6, 0xDA, 0x83, 0x5A, 0x53, 0xD5, 0xDA, 0xC9, 0x76, 0x5B, 0xFE, 0x71,
    0x27, 0x74, 0xA5, 0x6F, 0x93, 0xEB, 0x2B, 0xD1, 0x48, 0x14, 0xF6, 0x35, 0x11, 0x18, 0x45, 0xE4,
    0x3B, 0x34, 0xA1, 0xD0, 0xD8, 0x5B, 0x64, 0x37, 0xFA, 0xA4, 0xD4, 0x81, 0x3F, 0x1F, 0x4E, 0x5F,
    0xFB, 0x65, 0x2F, 0xF3, 0xE4, 0x5C, 0xEF, 0x52, 0x4C, 0x8C, 0xA0, 0x48, 0x48, 0xCD, 0xA9, 0x6F,
    0x97, 0x25, 0xB3, 0x27, 0x2F, 0xF8, 0xF9, 0x30, 0xAA, 0x25, 0xAA, 0x96, 0xF4, 0xFE, 0x43, 0xEE,
    0x07, 0x3D, 0xF6, 0xB6, 0x87, 0xC9, 0xB6, 0x92, 0x0F, 0xFC, 0xB1, 0x04, 0xB1, 0xEC, 0x2C, 0x1B,
    0x9C, 0x36, 0xFA, 0xD2, 0xC9, 0x49, 0xD6, 0xD8, 0xDB, 0xCB, 0x88, 0xC7, 0x28, 0xC9, 0xCC, 0x1B,
    0x32, 0x30, 0x9B, 0x12, 0xD9, 0x4A, 0x3C, 0x42, 0x1D, 0xFF, 0x2B, 0x58, 0xEA, 0x16, 0x8D, 0x83,
    0x4F, 0x20, 0x4C, 0x63, 0xFF, 0xDB, 0xD4, 0xCD, 0xC9, 0x41, 0xE4, 0x73, 0x6A, 0x50, 0x5A, 0x1D,
    0x80, 0x12, 0x8C, 0x7C, 0xD3, 0xF9, 0x79, 0x46, 0x1A, 0x75, 0xF9, 0x52, 0x3F, 0x1A, 0xA4, 0x9A,
    0x78, 0x80, 0xF1, 0xAF, 0xD8, 0xCF, 0xA8, 0x72, 0x18, 0x6B, 0x62, 0x29, 0x25, 0xA6, 0xD2, 0x1F,
    0x89, 0xDB, 0x72, 0xBF, 0x18, 0xAF, 0x8F, 0x1F, 0xA3, 0x1D, 0xB7, 0x0A, 0x22, 0x73, 0xE0, 0x8F,
    0x3F, 0x36, 0x92, 0xDD, 0xCD, 0x63, 0x7E, 0x58, 0x74, 0xF8, 0x9B, 0x56, 0xF1, 0x6C, 0x05, 0xE1,
    0x41, 0xCF, 0xE2, 0x2D, 0xDB, 0x91, 0x77, 0x8B, 0xB6, 0x78, 0x3B, 0x8F, 0x48, 0xCA, 0xB4, 0xD2,
    0x5B, 0x3F, 0x58, 0xAE, 0x87, 0xF4, 0x0B, 0xE1, 0xBA, 0x43, 0x77, 0xA1, 0x7B, 0xE2, 0xD0, 0x8E,
    0x9D, 0xA6, 0xC2, 0xBD, 0x7F, 0x82, 0xFE, 0xC4, 0xEF, 0x8D, 0x7E, 0x2A, 0x54, 0xBF, 0xBF, 0x01,
    0x63, 0x60, 0x60, 0x60, 0x6F, 0x60, 0xE0, 0x67, 0x60, 0xD0, 0x5F, 0xB5, 0xC2, 0xFE, 0xFF, 0x5F,
    0x3D, 0x06, 0x10, 0x9B, 0xCD, 0x81, 0x81, 0xA9, 0x41, 0xFE, 0x4B, 0xFD, 0xDF, 0xE4, 0x93, 0xCC,
    0x07, 0xA0, 0xB0, 0x81, 0xB9, 0x81, 0xC9, 0x81, 0x01, 0x08, 0x18, 0x1F, 0x30, 0x30, 0x7C, 0xD0,
    0x5A, 0xF5, 0xA7, 0xFE, 0xFF, 0x1F, 0x06, 0x86, 0x2D, 0x0C, 0x8C, 0x1F, 0x80, 0x6A, 0x99, 0x0E,
    0x30, 0x23, 0xC1, 0xCD, 0x77, 0xEB, 0xFF, 0xF0, 0x3F, 0x60, 0x64, 0x00, 0x00, 0x55, 0x50, 0xB1,
    0x6E, 0x13, 0x41, 0x10, 0x7D, 0x7B, 0x0B, 0x3A, 0x94, 0xBB, 0xF8, 0xD2, 0x20, 0x19, 0xB9, 0xB8,
    0xC6, 0x15, 0x0A, 0xF2, 0x15, 0x46, 0xB2, 0xC4, 0x45, 0x5E, 0x29, 0x3F, 0x90, 0x86, 0xEF, 0x00,
    0x24, 0x4A, 0x0B, 0xAF, 0xF8, 0x02, 0x1A, 0x7A, 0x0A, 0xAA, 0x54, 0x2E, 0x2C, 0x61, 0x44, 0xC4,
    0xAD, 0xC4, 0x07, 0x70, 0x52, 0x4A, 0x9A, 0x6D, 0x68, 0x48, 0x73, 0x42, 0x57, 0x18, 0x88, 0x59,
    0xDE, 0x6C, 0x40, 0x24, 0xAB, 0x79, 0xB3, 0xB3, 0x33, 0xB3, 0x33, 0x6F, 0x26, 0x09, 0xC8, 0x8E,
    0x5D, 0x81, 0xAE, 0x30, 0x1D, 0xB0, 0xA6, 0xA8, 0xDD, 0x3A, 0xFB, 0xD2, 0x97, 0x49, 0x7F, 0x84,
    0xAE, 0xA6, 0x28, 0x5F, 0x6B, 0xF7, 0x20, 0xB5, 0xC5, 0x6F, 0xE0, 0x04, 0x3C, 0x16, 0xA3, 0xAF,
    0x56, 0xF9, 0x11, 0x52, 0xEC, 0xB9, 0x1C, 0xC3, 0x6A, 0x8C, 0x6A, 0x5C, 0xE1, 0xD5, 0xB0, 0x52,
    0x36, 0xAF, 0x34, 0xF2, 0x8A, 0xCE, 0xF1, 0x10, 0xE3, 0xBC, 0x42, 0xB5, 0xE7, 0xD0, 0x6A, 0x97,
    0x1A, 0x3D, 0xD9, 0xE2, 0x8E, 0xFC, 0x2E, 0x81, 0x39, 0xF0, 0xC8, 0xE2, 0x9D, 0xC3, 0xB9, 0x53,
    0x9F, 0x5A, 0xFD, 0xD2, 0x6B, 0xD3, 0x65, 0xE8, 0x06, 0xD8, 0xE4, 0x58, 0x1C, 0xA2, 0x9E, 0xE2,
    0xE8, 0xC5, 0x69, 0xD3, 0x84, 0x30, 0x0F, 0x21, 0x8C, 0xBE, 0x9D, 0xFE, 0x48, 0x2D, 0xBA, 0x4C,
    0x60, 0x6E, 0xA2, 0x80, 0x40, 0x09, 0xFC, 0x7F, 0x24, 0xFF, 0xD0, 0x96, 0xD0, 0x3E, 0x74, 0xE5,
    0xAE, 0x0C, 0x01, 0xE5, 0xEB, 0x27, 0x28, 0x5C, 0x06, 0xDD, 0x6A, 0x24, 0x1C, 0x15, 0x5B, 0xE2,
    0x0C, 0x91, 0x8D, 0x90, 0x02, 0x8B, 0xA1, 0x26, 0x9E, 0x13, 0x8C, 0x6B, 0x07, 0x64, 0x26, 0xC5,
    0x80, 0x81, 0x1A, 0x13, 0x90, 0x8B, 0xD0, 0xC7, 0x32, 0xF8, 0xBB, 0x8F, 0x4D, 0x34, 0xA7, 0x92,
    0xA8, 0x1C, 0xB4, 0xE5, 0x2A, 0x98, 0x88, 0xC3, 0x1B, 0xBE, 0xEC, 0x9A, 0xEF, 0x40, 0x9A, 0xED,
    0xD8, 0x8E, 0x89, 0x12, 0x90, 0x08, 0x72, 0xC4, 0x30, 0x66, 0xB8, 0x6F, 0xA6, 0x58, 0xBA, 0xA7,
    0x48, 0xDD, 0x8A, 0x94, 0x3D, 0x09, 0xB2, 0xFB, 0x77, 0xE2, 0x97, 0x65, 0x47, 0x73, 0x45, 0x72,
    0x42, 0x9E, 0xE6, 0x6D, 0x73, 0x71, 0xE6, 0x2F, 0x07, 0xFE, 0xE3, 0xFE, 0x87, 0xCF, 0x97, 0xF7,
    0xD4, 0x1B, 0xE1, 0x51, 0x78, 0xCC, 0xD6, 0x58, 0xF5, 0xE8, 0x0E, 0x84, 0x39, 0xA5, 0x8F, 0xC2,
    0x09, 0x37, 0x71, 0xC6, 0x45, 0x94, 0xFA, 0xAF, 0x2C, 0x66, 0xD8, 0xAC, 0x30, 0x77, 0xF2, 0xF5,
    0x16, 0x4B, 0xFF, 0xF4, 0x0F, 0x1B, 0x79, 0xDC, 0x16, 0xBB, 0x7D, 0x16, 0x6D, 0x79, 0x70, 0x21,
    0xFB, 0x71, 0xDC, 0xF7, 0x27, 0x58, 0x49, 0xD9, 0x26, 0x78, 0x6E, 0x45, 0x9B, 0x38, 0xC4, 0xD5,
    0x51, 0x1E, 0xA5, 0x55, 0x5B, 0x2A, 0xA9, 0x4D, 0x4D, 0x3B, 0x5E, 0x8E, 0x4B, 0x6A, 0x82, 0x8B,
    0xD3, 0x5D, 0xF3, 0x27, 0x1E, 0x13, 0x93, 0xF4, 0x54, 0xB2, 0x15, 0xE6, 0x2C, 0x43, 0xFB, 0x07,
    0x75, 0xCC, 0xB1, 0x15, 0x40, 0x30, 0x14, 0x40, 0xD1, 0x17, 0xD1, 0xA5, 0x88, 0x0D, 0x62, 0x02,
    0x56, 0xC8, 0x06, 0x0A, 0xCB, 0x28, 0x8D, 0x60, 0x13, 0x0A, 0xAD, 0x23, 0x23, 0x18, 0xE1, 0x8F,
    0xA0, 0x56, 0xE0, 0x3B, 0x4A, 0x47, 0x71, 0xDB, 0x8B, 0x19, 0xA0, 0x5E, 0x60, 0x0E, 0xB0, 0xD7,
    0x20, 0x39, 0x46, 0xC0, 0x5D, 0x27, 0xEE, 0x18, 0xC9, 0xC4, 0xBF, 0xB6, 0x2F, 0x9B, 0x42, 0x61,
    0x93, 0x17, 0x9B, 0x0C, 0xB6, 0x87, 0x16, 0xB8, 0x54, 0xA7, 0x78, 0xDE, 0x6A, 0x8D, 0x4C, 0x3E,
    0xB2, 0x87, 0x68, 0xC4, 0xE9, 0xEB, 0xF5, 0x6D, 0xF4, 0x6D, 0x7E, 0x5F, 0xFD, 0x1E, 0xE5, 0xDF,
    0x7B, 0x03,
};

static const EpdGlyph literata_10_italicGlyphs[] = {
    { 0, 0, 64, 0, 0, 0, 0 }, // U+0020
    { 4, 17, 113, 2, 16, 17, 0 }, // !
    { 6, 6, 135, 2, 17, 9, 17 }, // "
    { 13, 12, 228, 1, 12, 39, 26 }, // #
    { 11, 19, 168, 0, 17, 53, 65 }, // $
    { 16, 14, 278, 1, 13, 56, 118 }, // %
    { 15, 17, 246, 1, 16, 64, 174 }, // &
    { 3, 6, 84, 2, 17, 5, 238 }, // '
    { 6, 23, 110, 1, 18, 35, 243 }, // (
    { 6, 23, 111, 0, 18, 35, 278 }, // )
    { 8, 9, 160, 1, 17, 18, 313 }, // *
    { 10, 10, 196, 1, 11, 25, 331 }, // +
    { 5, 7, 111, 1, 3, 9, 356 }, // ,
    { 6, 2, 119, 1, 7, 3, 365 }, // -
    { 5, 4, 108, 1, 3, 5, 368 }, // .
    { 10, 20, 148, 0, 17, 50, 373 }, // /
    { 11, 17, 193, 1, 16, 47, 423 }, // 0
    { 8, 16, 128, 0, 16, 32, 470 }, // 1
    { 11, 16, 173, 0, 16, 44, 502 }, // 2
    { 11, 17, 177, 0, 16, 47, 546 }, // 3
    { 12, 15, 186, 0, 15, 45, 593 }, // 4
    { 11, 16, 175, 0, 15, 44, 638 }, // 5
    { 10, 17, 181, 1, 16, 43, 682 }, // 6
    { 11, 15, 174, 0, 15, 42, 725 }, // 7
    { 11, 17, 179, 0, 16, 47, 767 }, // 8
    { 11, 17, 178, 0, 16, 47, 814 }, // 9
    { 5, 12, 108, 1, 11, 15, 861 }, // :
    { 5, 15, 113, 1, 11, 19, 876 }, // ;
    { 10, 12, 196, 1, 12, 30, 895 }, // <
    { 10, 6, 196, 1, 9, 15, 925 }, // =
    { 9, 12, 196, 2, 12, 27, 940 }, // >
    { 9, 17, 172, 1, 16, 39, 967 }, // ?
    { 16, 16, 289, 1, 12, 64, 1006 }, // @
    { 15, 15, 232, 0, 15, 57, 1070 }, // A
    { 12, 15, 207, 1, 15, 45, 1127 }, // B
    { 12, 17, 208, 1, 16, 51, 1172 }, // C
    { 14, 15, 247, 1, 15, 53, 1223 }, // D
    { 11, 15, 199, 1, 15, 42, 1276 }, // E
    { 11, 15, 188, 1, 15, 42, 1318 }, // F
    { 12, 17, 216, 1, 16, 51, 1360 }, // G
    { 15, 15, 255, 1, 15, 57, 1411 }, // H
    { 7, 15, 121, 1, 15, 27, 1468 }, // I
    { 8, 20, 123, 0, 15, 40, 1495 }, // J
    { 14, 16, 231, 1, 15, 56, 1535 }, // K
    { 11, 15, 196, 1, 15, 42, 1591 }, // L
    { 20, 16, 313, 0, 15, 80, 1633 }, // M
    { 15, 16, 250, 1, 15, 60, 1713 }, // N
    { 14, 17, 240, 1, 16, 60, 1773 }, // O
    { 11, 15, 198, 1, 15, 42, 1833 }, // P
    { 15, 20, 237, 1, 16, 75, 1875 }, // Q
    { 14, 16, 227, 1, 15, 56, 1950 }, // R
    { 11, 17, 168, 0, 16, 47, 2006 }, // S
    { 14, 15, 209, 0, 15, 53, 2053 }, // T
    { 15, 16, 252, 1, 15, 60, 2106 }, // U
    { 15, 16, 232, 0, 15, 60, 2166 }, // V
    { 22, 16, 336, 0, 15, 88, 2226 }, // W
    { 15, 15, 231, 0, 15, 57, 2314 }, // X
    { 15, 15, 225, 0, 15, 57, 2371 }, // Y
    { 12, 15, 206, 1, 15, 45, 2428 }, // Z
    { 6, 23, 108, 1, 18, 35, 2473 }, // [
    { 9, 20, 138, 0, 17, 45, 2508 }, // <backslash>
    { 6, 23, 109, 0, 18, 35, 2553 }, // ]
    { 11, 8, 196, 1, 15, 22, 2588 }, // ^
    { 11, 3, 167, 0, 0, 9, 2610 }, // _
    { 5, 5, 167, 3, 17, 7, 2619 }, // `
    { 11, 12, 192, 1, 11, 33, 2626 }, // a
    { 11, 18, 190, 0, 17, 50, 2659 }, // b
    { 10, 12, 163, 0, 11, 30, 2709 }, // c
    { 12, 18, 193, 0, 17, 54, 2739 }, // d
    { 10, 12, 160, 0, 11, 30, 2793 }, // e
    { 11, 22, 128, -1, 17, 61, 2823 }, // f
    { 10, 16, 185, 1, 11, 40, 2884 }, // g
    { 13, 18, 197, 0, 17, 59, 2924 }, // h
    { 7, 17, 100, 0, 16, 30, 2983 }, // i
    { 6, 21, 100, -1, 16, 32, 3013 }, // j
    { 12, 18, 184, 0, 17, 54, 3045 }, // k
    { 6, 18, 95, 0, 17, 27, 3099 }, // l
    { 19, 12, 294, 0, 11, 57, 3126 }, // m
    { 13, 12, 200, 0, 11, 39, 3183 }, // n
    { 10, 12, 181, 1, 11, 30, 3222 }, // o
    { 12, 16, 194, 0, 11, 48, 3252 }, // p
    { 12, 16, 182, 0, 11, 48, 3300 }, // q
    { 10, 11, 156, 0, 11, 28, 3348 }, // r
    { 9, 12, 148, 0, 11, 27, 3376 }, // s
    { 9, 16, 135, 0, 15, 36, 3403 }, // t
    { 13, 12, 199, 0, 11, 39, 3439 }, // u
    { 11, 12, 179, 0, 11, 33, 3478 }, // v
    { 16, 12, 264, 0, 11, 48, 3511 }, // w
    { 11, 12, 178, 0, 11, 33, 3559 }, // x
    { 11, 16, 180, 0, 11, 44, 3592 }, // y
    { 10, 12, 160, 0, 11, 30, 3636 }, // z
    { 7, 23, 122, 1, 18, 41, 3666 }, // {
    { 3, 20, 135, 3, 17, 15, 3707 }, // |
    { 7, 23, 123, 0, 18, 41, 3722 }, // }
    { 10, 3, 196, 2, 8, 8, 3763 }, // ~
    { 0, 0, 64, 0, 0, 0, 0 }, // U+00A0
    { 5, 16, 113, 1, 11, 20, 0 }, // U+00A1
    { 9, 15, 163, 1, 14, 34, 20 }, // U+00A2
    { 12, 17, 198, 0, 16, 51, 54 }, // U+00A3
    { 10, 10, 179, 1, 12, 25, 105 }, // U+00A4
    { 15, 15, 225, 0, 15, 57, 130 }, // U+00A5
    { 3, 20, 135, 3, 17, 15, 187 }, // U+00A6
    { 10, 20, 207, 2, 16, 50, 202 }, // U+00A7
    { 8, 3, 168, 2, 16, 6, 252 }, // U+00A8
    { 15, 15, 267, 1, 14, 57, 258 }, // U+00A9
    { 9, 9, 149, 1, 16, 21, 315 }, // U+00AA
    { 10, 9, 167, 0, 10, 23, 336 }, // U+00AB
    { 10, 5, 196, 1, 8, 13, 359 }, // U+00AC
    { 0, 0, 0, 0, 0, 0, 372 }, // U+00AD
    { 8, 8, 156, 1, 16, 16, 372 }, // U+00AE
    { 7, 2, 168, 2, 15, 4, 388 }, // U+00AF
    { 6, 6, 101, 1, 17, 9, 392 }, // U+00B0
    { 10, 11, 196, 1, 11, 28, 401 }, // U+00B1
    { 8, 11, 129, 0, 18, 22, 429 }, // U+00B2
    { 8, 11, 133, 0, 18, 22, 451 }, // U+00B3
    { 5, 5, 169, 4, 17, 7, 473 }, // U+00B4
    { 12, 16, 190, 0, 11, 48, 480 }, // U+00B5
    { 11, 20, 195, 1, 15, 55, 528 }, // U+00B6
    { 4, 4, 107, 2, 9, 4, 583 }, // U+00B7
    { 5, 6, 168, 3, 1, 8, 587 }, // U+00B8
    { 6, 11, 99, 0, 18, 17, 595 }, // U+00B9
    { 8, 9, 143, 1, 16, 18, 612 }, // U+00BA
    { 10, 9, 169, 1, 10, 23, 630 }, // U+00BB
    { 18, 17, 317, 1, 16, 77, 653 }, // U+00BC
    { 19, 17, 307, 0, 16, 81, 730 }, // U+00BD
    { 19, 17, 322, 1, 16, 81, 811 }, // U+00BE
    { 9, 16, 172, 1, 11, 36, 892 }, // U+00BF
    { 15, 20, 232, 0, 20, 75, 928 }, // U+00C0
    { 15, 20, 232, 0, 20, 75, 1003 }, // U+00C1
    { 15, 20, 232, 0, 20, 75, 1078 }, // U+00C2
    { 15, 19, 232, 0, 19, 72, 1153 }, // U+00C3
    { 15, 19, 232, 0, 19, 72, 1225 }, // U+00C4
    { 15, 20, 232, 0, 20, 75, 1297 }, // U+00C5
    { 19, 15, 311, 0, 15, 72, 1372 }, // U+00C6
    { 12, 21, 208, 1, 16, 63, 1444 }, // U+00C7
    { 11, 20, 199, 1, 20, 55, 1507 }, // U+00C8
    { 11, 20, 199, 1, 20, 55, 1562 }, // U+00C9
    { 11, 20, 199, 1, 20, 55, 1617 }, // U+00CA
    { 11, 19, 199, 1, 19, 53, 1672 }, // U+00CB
    { 7, 20, 121, 1, 20, 35, 1725 }, // U+00CC
    { 7, 20, 121, 1, 20, 35, 1760 }, // U+00CD
    { 7, 20, 121, 1, 20, 35, 1795 }, // U+00CE
    { 7, 19, 121, 1, 19, 34, 1830 }, // U+00CF
    { 15, 15, 247, 0, 15, 57, 1864 }, // U+00D0
    { 15, 20, 250, 1, 19, 75, 1921 }, // U+00D1
    { 14, 21, 240, 1, 20, 74, 1996 }, // U+00D2
    { 14, 21, 240, 1, 20, 74, 2070 }, // U+00D3
    { 14, 21, 240, 1, 20, 74, 2144 }, // U+00D4
    { 14, 20, 240, 1, 19, 70, 2218 }, // U+00D5
    { 14, 20, 240, 1, 19, 70, 2288 }, // U+00D6
    { 8, 9, 194, 2, 11, 18, 2358 }, // U+00D7
    { 14, 17, 240, 1, 16, 60, 2376 }, // U+00D8
    { 15, 21, 252, 1, 20, 79, 2436 }, // U+00D9
    { 15, 21, 252, 1, 20, 79, 2515 }, // U+00DA
    { 15, 21, 252, 1, 20, 79, 2594 }, // U+00DB
    { 15, 20, 252, 1, 19, 75, 2673 }, // U+00DC
    { 15, 20, 225, 0, 20, 75, 2748 }, // U+00DD
    { 11, 15, 202, 1, 15, 42, 2823 }, // U+00DE
    { 14, 22, 215, -1, 17, 77, 2865 }, // U+00DF
    { 11, 18, 192, 1, 17, 50, 2942 }, // U+00E0
    { 11, 18, 192, 1, 17, 50, 2992 }, // U+00E1
    { 11, 18, 192, 1, 17, 50, 3042 }, // U+00E2
    { 11, 17, 192, 1, 16, 47, 3092 }, // U+00E3
    { 11, 17, 192, 1, 16, 47, 3139 }, // U+00E4
    { 11, 18, 192, 1, 17, 50, 3186 }, // U+00E5
    { 15, 12, 260, 1, 11, 45, 3236 }, // U+00E6
    { 10, 16, 163, 0, 11, 40, 3281 }, // U+00E7
    { 10, 18, 160, 0, 17, 45, 3321 }, // U+00E8
    { 10, 18, 160, 0, 17, 45, 3366 }, // U+00E9
    { 10, 18, 160, 0, 17, 45, 3411 }, // U+00EA
    { 10, 17, 160, 0, 16, 43, 3456 }, // U+00EB
    { 7, 18, 100, 0, 17, 32, 3499 }, // U+00EC
    { 7, 18, 100, 0, 17, 32, 3531 }, // U+00ED
    { 8, 18, 100, -1, 17, 36, 3563 }, // U+00EE
    { 8, 17, 100, -1, 16, 34, 3599 }, // U+00EF
    { 10, 18, 182, 1, 17, 45, 3633 }, // U+00F0
    { 13, 17, 200, 0, 16, 56, 3678 }, // U+00F1
    { 10, 18, 181, 1, 17, 45, 3734 }, // U+00F2
    { 10, 18, 181, 1, 17, 45, 3779 }, // U+00F3
    { 10, 18, 181, 1, 17, 45, 3824 }, // U+00F4
    { 10, 17, 181, 1, 16, 43, 3869 }, // U+00F5
    { 10, 17, 181, 1, 16, 43, 3912 }, // U+00F6
    { 10, 10, 196, 1, 11, 25, 3955 }, // U+00F7
    { 12, 12, 181, 0, 11, 36, 3980 }, // U+00F8
    { 13, 18, 199, 0, 17, 59, 4016 }, // U+00F9
    { 13, 18, 199, 0, 17, 59, 4075 }, // U+00FA
    { 13, 18, 199, 0, 17, 59, 4134 }, // U+00FB
    { 13, 17, 199, 0, 16, 56, 4193 }, // U+00FC
    { 11, 22, 180, 0, 17, 61, 4249 }, // U+00FD
    { 11, 22, 191, 0, 17, 61, 4310 }, // U+00FE
    { 11, 21, 180, 0, 16, 58, 4371 }, // U+00FF
    { 15, 19, 232, 0, 19, 72, 0 }, // U+0100
    { 11, 16, 192, 1, 15, 44, 72 }, // U+0101
    { 15, 20, 232, 0, 20, 75, 116 }, // U+0102
    { 11, 18, 192, 1, 17, 50, 191 }, // U+0103
    { 15, 20, 232, 0, 15, 75, 241 }, // U+0104
    { 11, 16, 192, 1, 11, 44, 316 }, // U+0105
    { 12, 21, 208, 1, 20, 63, 360 }, // U+0106
    { 10, 18, 163, 0, 17, 45, 423 }, // U+0107
    { 12, 21, 208, 1, 20, 63, 468 }, // U+0108
    { 10, 18, 163, 0, 17, 45, 531 }, // U+0109
    { 12, 21, 208, 1, 20, 63, 576 }, // U+010A
    { 10, 17, 163, 0, 16, 43, 639 }, // U+010B
    { 12, 21, 208, 1, 20, 63, 682 }, // U+010C
    { 10, 18, 163, 0, 17, 45, 745 }, // U+010D
    { 14, 20, 247, 1, 20, 70, 790 }, // U+010E
    { 14, 18, 228, 0, 17, 63, 860 }, // U+010F
    { 15, 15, 247, 0, 15, 57, 923 }, // U+0110
    { 13, 18, 193, 0, 17, 59, 980 }, // U+0111
    { 11, 19, 199, 1, 19, 53, 1039 }, // U+0112
    { 10, 16, 160, 0, 15, 40, 1092 }, // U+0113
    { 11, 20, 199, 1, 20, 55, 1132 }, // U+0114
    { 10, 18, 160, 0, 17, 45, 1187 }, // U+0115
    { 11, 20, 199, 1, 20, 55, 1232 }, // U+0116
    { 10, 17, 160, 0, 16, 43, 1287 }, // U+0117
    { 11, 20, 199, 1, 15, 55, 1330 }, // U+0118
    { 10, 16, 160, 0, 11, 40, 1385 }, // U+0119
    { 11, 20, 199, 1, 20, 55, 1425 }, // U+011A
    { 10, 18, 160, 0, 17, 45, 1480 }, // U+011B
    { 12, 21, 216, 1, 20, 63, 1525 }, // U+011C
    { 10, 22, 185, 1, 17, 55, 1588 }, // U+011D
    { 12, 21, 216, 1, 20, 63, 1643 }, // U+011E
    { 10, 22, 185, 1, 17, 55, 1706 }, // U+011F
    { 12, 21, 216, 1, 20, 63, 1761 }, // U+0120
    { 10, 21, 185, 1, 16, 53, 1824 }, // U+0121
    { 12, 20, 216, 1, 16, 60, 1877 }, // U+0122
    { 10, 22, 185, 1, 17, 55, 1937 }, // U+0123
    { 15, 20, 255, 1, 20, 75, 1992 }, // U+0124
    { 14, 22, 197, -1, 21, 77, 2067 }, // U+0125
    { 16, 15, 255, 0, 15, 60, 2144 }, // U+0126
    { 13, 18, 197, 0, 17, 59, 2204 }, // U+0127
    { 7, 19, 121, 1, 19, 34, 2263 }, // U+0128
    { 8, 17, 100, -1, 16, 34, 2297 }, // U+0129
    { 7, 19, 121, 1, 19, 34, 2331 }, // U+012A
    { 8, 16, 100, -1, 15, 32, 2365 }, // U+012B
    { 7, 20, 121, 1, 20, 35, 2397 }, // U+012C
    { 8, 18, 100, -1, 17, 36, 2432 }, // U+012D
    { 7, 20, 121, 1, 15, 35, 2468 }, // U+012E
    { 7, 21, 100, 0, 16, 37, 2503 }, // U+012F
    { 7, 20, 121, 1, 20, 35, 2540 }, // U+0130
    { 7, 12, 100, 0, 11, 21, 2575 }, // U+0131
    { 14, 20, 244, 1, 15, 70, 2596 }, // U+0132
    { 11, 21, 200, 0, 16, 58, 2666 }, // U+0133
    { 8, 25, 123, 0, 20, 50, 2724 }, // U+0134
    { 7, 22, 99, -1, 17, 39, 2774 }, // U+0135
    { 14, 21, 231, 1, 15, 74, 2813 }, // U+0136
    { 12, 23, 184, 0, 17, 69, 2887 }, // U+0137
    { 12, 12, 186, 0, 11, 36, 2956 }, // U+0138
    { 11, 20, 196, 1, 20, 55, 2992 }, // U+0139
    { 6, 22, 95, 0, 21, 33, 3047 }, // U+013A
    { 11, 21, 196, 1, 15, 58, 3080 }, // U+013B
    { 6, 23, 95, 0, 17, 35, 3138 }, // U+013C
    { 11, 17, 196, 1, 17, 47, 3173 }, // U+013D
    { 8, 18, 130, 0, 17, 36, 3220 }, // U+013E
    { 11, 15, 196, 1, 15, 42, 3256 }, // U+013F
    { 9, 18, 138, 0, 17, 41, 3298 }, // U+0140
    { 12, 15, 196, 0, 15, 45, 3339 }, // U+0141
    { 7, 18, 106, 0, 17, 32, 3384 }, // U+0142
    { 15, 21, 250, 1, 20, 79, 3416 }, // U+0143
    { 13, 18, 200, 0, 17, 59, 3495 }, // U+0144
    { 15, 21, 250, 1, 15, 79, 3554 }, // U+0145
    { 13, 17, 200, 0, 11, 56, 3633 }, // U+0146
    { 15, 21, 250, 1, 20, 79, 3689 }, // U+0147
    { 13, 18, 200, 0, 17, 59, 3768 }, // U+0148
    { 15, 17, 242, 0, 16, 64, 3827 }, // U+0149
    { 15, 20, 250, 1, 15, 75, 3891 }, // U+014A
    { 11, 16, 199, 0, 11, 44, 3966 }, // U+014B
    { 14, 20, 240, 1, 19, 70, 4010 }, // U+014C
    { 10, 16, 181, 1, 15, 40, 4080 }, // U+014D
    { 14, 21, 240, 1, 20, 74, 4120 }, // U+014E
    { 10, 18, 181, 1, 17, 45, 4194 }, // U+014F
    { 14, 21, 240, 1, 20, 74, 4239 }, // U+0150
    { 10, 18, 181, 1, 17, 45, 4313 }, // U+0151
    { 20, 17, 334, 1, 16, 85, 4358 }, // U+0152
    { 16, 12, 275, 1, 11, 48, 4443 }, // U+0153
    { 14, 21, 227, 1, 20, 74, 4491 }, // U+0154
    { 10, 17, 156, 0, 17, 43, 4565 }, // U+0155
    { 14, 21, 227, 1, 15, 74, 4608 }, // U+0156
    { 10, 17, 156, 0, 11, 43, 4682 }, // U+0157
    { 14, 21, 227, 1, 20, 74, 4725 }, // U+0158
    { 10, 17, 156, 0, 17, 43, 4799 }, // U+0159
    { 11, 21, 168, 0, 20, 58, 4842 }, // U+015A
    { 9, 18, 148, 0, 17, 41, 4900 }, // U+015B
    { 11, 21, 168, 0, 20, 58, 4941 }, // U+015C
    { 9, 18, 148, 0, 17, 41, 4999 }, // U+015D
    { 11, 21, 168, 0, 16, 58, 5040 }, // U+015E
    { 9, 16, 148, 0, 11, 36, 5098 }, // U+015F
    { 11, 21, 168, 0, 20, 58, 5134 }, // U+0160
    { 9, 18, 148, 0, 17, 41, 5192 }, // U+0161
    { 14, 20, 209, 0, 15, 70, 5233 }, // U+0162
    { 9, 20, 135, 0, 15, 45, 5303 }, // U+0163
    { 14, 20, 209, 0, 20, 70, 5348 }, // U+0164
    { 9, 19, 145, 0, 18, 43, 5418 }, // U+0165
    { 14, 15, 209, 0, 15, 53, 5461 }, // U+0166
    { 9, 16, 135, 0, 15, 36, 5514 }, // U+0167
    { 15, 20, 252, 1, 19, 75, 5550 }, // U+0168
    { 13, 17, 199, 0, 16, 56, 5625 }, // U+0169
    { 15, 20, 252, 1, 19, 75, 5681 }, // U+016A
    { 13, 16, 199, 0, 15, 52, 5756 }, // U+016B
    { 15, 21, 252, 1, 20, 79, 5808 }, // U+016C
    { 13, 18, 199, 0, 17, 59, 5887 }, // U+016D
    { 15, 21, 252, 1, 20, 79, 5946 }, // U+016E
    { 13, 18, 199, 0, 17, 59, 6025 }, // U+016F
    { 15, 21, 252, 1, 20, 79, 6084 }, // U+0170
    { 13, 18, 199, 0, 17, 59, 6163 }, // U+0171
    { 15, 20, 252, 1, 15, 75, 6222 }, // U+0172
    { 13, 16, 199, 0, 11, 52, 6297 }, // U+0173
    { 22, 21, 336, 0, 20, 116, 6349 }, // U+0174
    { 16, 18, 264, 0, 17, 72, 6465 }, // U+0175
    { 15, 20, 225, 0, 20, 75, 6537 }, // U+0176
    { 11, 22, 180, 0, 17, 61, 6612 }, // U+0177
    { 15, 19, 225, 0, 19, 72, 6673 }, // U+0178
    { 12, 20, 206, 1, 20, 60, 6745 }, // U+0179
    { 10, 18, 160, 0, 17, 45, 6805 }, // U+017A
    { 12, 20, 206, 1, 20, 60, 6850 }, // U+017B
    { 10, 17, 160, 0, 16, 43, 6910 }, // U+017C
    { 12, 20, 206, 1, 20, 60, 6953 }, // U+017D
    { 10, 18, 160, 0, 17, 45, 7013 }, // U+017E
    { 17, 17, 269, 1, 16, 73, 0 }, // U+01A0
    { 12, 15, 197, 1, 14, 45, 73 }, // U+01A1
    { 17, 17, 274, 1, 16, 73, 118 }, // U+01AF
    { 14, 15, 220, 0, 14, 53, 191 }, // U+01B0
    { 26, 20, 440, 1, 20, 130, 244 }, // U+01C4
    { 24, 18, 401, 1, 17, 108, 374 }, // U+01C5
    { 22, 18, 353, 0, 17, 99, 482 }, // U+01C6
    { 19, 20, 316, 1, 15, 95, 581 }, // U+01C7
    { 16, 21, 294, 1, 16, 84, 676 }, // U+01C8
    { 11, 22, 194, 0, 17, 61, 760 }, // U+01C9
    { 22, 20, 373, 1, 15, 110, 821 }, // U+01CA
    { 20, 21, 349, 1, 16, 105, 931 }, // U+01CB
    { 18, 21, 298, 0, 16, 95, 1036 }, // U+01CC
    { 15, 20, 232, 0, 20, 75, 1131 }, // U+01CD
    { 11, 18, 192, 1, 17, 50, 1206 }, // U+01CE
    { 7, 20, 121, 1, 20, 35, 1256 }, // U+01CF
    { 8, 18, 100, -1, 17, 36, 1291 }, // U+01D0
    { 14, 21, 240, 1, 20, 74, 1327 }, // U+01D1
    { 10, 18, 181, 1, 17, 45, 1401 }, // U+01D2
    { 15, 21, 252, 1, 20, 79, 1446 }, // U+01D3
    { 13, 18, 199, 0, 17, 59, 1525 }, // U+01D4
    { 15, 24, 251, 1, 23, 90, 1584 }, // U+01D5
    { 13, 21, 199, 0, 20, 69, 1674 }, // U+01D6
    { 15, 25, 251, 1, 24, 94, 1743 }, // U+01D7
    { 13, 22, 199, 0, 21, 72, 1837 }, // U+01D8
    { 15, 25, 251, 1, 24, 94, 1909 }, // U+01D9
    { 13, 22, 199, 0, 21, 72, 2003 }, // U+01DA
    { 15, 25, 251, 1, 24, 94, 2075 }, // U+01DB
    { 13, 22, 199, 0, 21, 72, 2169 }, // U+01DC
    { 12, 21, 216, 1, 20, 63, 2241 }, // U+01E6
    { 10, 22, 185, 1, 17, 55, 2304 }, // U+01E7
    { 14, 21, 240, 1, 16, 74, 2359 }, // U+01EA
    { 10, 16, 181, 1, 11, 40, 2433 }, // U+01EB
    { 15, 23, 232, 0, 23, 87, 2473 }, // U+01FA
    { 11, 22, 192, 1, 21, 61, 2560 }, // U+01FB
    { 19, 20, 311, 0, 20, 95, 2621 }, // U+01FC
    { 15, 18, 260, 1, 17, 68, 2716 }, // U+01FD
    { 14, 21, 240, 1, 20, 74, 2784 }, // U+01FE
    { 12, 18, 181, 0, 17, 54, 2858 }, // U+01FF
    { 15, 20, 232, 0, 20, 75, 2912 }, // U+0200
    { 11, 18, 192, 1, 17, 50, 2987 }, // U+0201
    { 15, 20, 232, 0, 20, 75, 3037 }, // U+0202
    { 11, 17, 192, 1, 16, 47, 3112 }, // U+0203
    { 11, 20, 199, 1, 20, 55, 3159 }, // U+0204
    { 10, 18, 160, 0, 17, 45, 3214 }, // U+0205
    { 11, 20, 199, 1, 20, 55, 3259 }, // U+0206
    { 10, 17, 160, 0, 16, 43, 3314 }, // U+0207
    { 9, 20, 121, -1, 20, 45, 3357 }, // U+0208
    { 9, 18, 100, -2, 17, 41, 3402 }, // U+0209
    { 7, 20, 121, 1, 20, 35, 3443 }, // U+020A
    { 8, 17, 100, -1, 16, 34, 3478 }, // U+020B
    { 14, 21, 240, 1, 20, 74, 3512 }, // U+020C
    { 10, 18, 181, 1, 17, 45, 3586 }, // U+020D
    { 14, 21, 240, 1, 20, 74, 3631 }, // U+020E
    { 10, 17, 181, 1, 16, 43, 3705 }, // U+020F
    { 14, 21, 227, 1, 20, 74, 3748 }, // U+0210
    { 10, 17, 156, 0, 17, 43, 3822 }, // U+0211
    { 14, 21, 227, 1, 20, 74, 3865 }, // U+0212
    { 10, 16, 156, 0, 16, 40, 3939 }, // U+0213
    { 15, 21, 252, 1, 20, 79, 3979 }, // U+0214
    { 13, 18, 199, 0, 17, 59, 4058 }, // U+0215
    { 15, 21, 252, 1, 20, 79, 4117 }, // U+0216
    { 13, 17, 199, 0, 16, 56, 4196 }, // U+0217
    { 11, 22, 168, 0, 16, 61, 4252 }, // U+0218
    { 9, 17, 148, 0, 11, 39, 4313 }, // U+0219
    { 14, 21, 209, 0, 15, 74, 4352 }, // U+021A
    { 9, 21, 135, 0, 15, 48, 4426 }, // U+021B
    { 5, 5, 0, -3, 17, 7, 0 }, // U+0300
    { 5, 5, 0, -2, 17, 7, 7 }, // U+0301
    { 7, 5, 0, -3, 17, 9, 14 }, // U+0302
    { 8, 4, 0, -4, 16, 8, 23 }, // U+0303
    { 7, 2, 0, -3, 15, 4, 31 }, // U+0304
    { 7, 5, 0, -3, 17, 9, 35 }, // U+0306
    { 4, 3, 0, -2, 16, 3, 44 }, // U+0307
    { 8, 3, 0, -4, 16, 6, 47 }, // U+0308
    { 6, 5, 0, -2, 17, 8, 53 }, // U+0309
    { 5, 5, 0, -2, 17, 7, 61 }, // U+030A
    { 7, 5, 0, -2, 17, 9, 68 }, // U+030B
    { 7, 5, 0, -3, 17, 9, 77 }, // U+030C
    { 8, 5, 0, -5, 17, 10, 86 }, // U+030F
    { 7, 4, 0, -3, 16, 7, 96 }, // U+0311
    { 4, 5, 0, -2, 17, 5, 103 }, // U+0312
    { 4, 7, 0, -2, 14, 7, 108 }, // U+031B
    { 4, 3, 0, -2, -1, 3, 115 }, // U+0323
    { 8, 3, 0, -4, -1, 6, 118 }, // U+0324
    { 4, 5, 0, -2, -1, 5, 124 }, // U+0326
    { 6, 6, 0, -3, 1, 9, 129 }, // U+0327
    { 5, 6, 0, -3, 1, 8, 138 }, // U+0328
    { 8, 5, 0, -4, -1, 10, 146 }, // U+032E
    { 7, 2, 0, -4, -2, 4, 156 }, // U+0331
    { 11, 20, 199, 1, 20, 55, 0 }, // U+0401
    { 16, 18, 259, 0, 15, 72, 55 }, // U+0402
    { 11, 20, 188, 1, 20, 55, 127 }, // U+0403
    { 12, 17, 208, 1, 16, 51, 182 }, // U+0404
    { 11, 17, 168, 0, 16, 47, 233 }, // U+0405
    { 7, 15, 121, 1, 15, 27, 280 }, // U+0406
    { 7, 20, 121, 1, 20, 35, 307 }, // U+0407
    { 8, 20, 123, 0, 15, 40, 342 }, // U+0408
    { 20, 16, 322, 0, 15, 80, 382 }, // U+0409
    { 20, 15, 335, 1, 15, 75, 462 }, // U+040A
    { 18, 15, 284, 0, 15, 68, 537 }, // U+040B
    { 14, 21, 236, 1, 20, 74, 605 }, // U+040C
    { 15, 20, 256, 1, 20, 75, 679 }, // U+040D
    { 15, 21, 213, 0, 20, 79, 754 }, // U+040E
    { 15, 19, 255, 1, 15, 72, 833 }, // U+040F
    { 15, 15, 232, 0, 15, 57, 905 }, // U+0410
    { 12, 15, 208, 1, 15, 45, 962 }, // U+0411
    { 12, 15, 207, 1, 15, 45, 1007 }, // U+0412
    { 11, 15, 188, 1, 15, 42, 1052 }, // U+0413
    { 15, 19, 240, 0, 15, 72, 1094 }, // U+0414
    { 11, 15, 199, 1, 15, 42, 1166 }, // U+0415
    { 22, 16, 340, 0, 15, 88, 1208 }, // U+0416
    { 12, 17, 188, 0, 16, 51, 1296 }, // U+0417
    { 15, 15, 256, 1, 15, 57, 1347 }, // U+0418
    { 15, 20, 256, 1, 20, 75, 1404 }, // U+0419
    { 14, 16, 236, 1, 15, 56, 1479 }, // U+041A
    { 15, 16, 242, 0, 15, 60, 1535 }, // U+041B
    { 20, 16, 313, 0, 15, 80, 1595 }, // U+041C
    { 15, 15, 255, 1, 15, 57, 1675 }, // U+041D
    { 14, 17, 240, 1, 16, 60, 1732 }, // U+041E
    { 15, 15, 256, 1, 15, 57, 1792 }, // U+041F
    { 11, 15, 198, 1, 15, 42, 1849 }, // U+0420
    { 12, 17, 208, 1, 16, 51, 1891 }, // U+0421
    { 14, 15, 209, 0, 15, 53, 1942 }, // U+0422
    { 15, 16, 213, 0, 15, 60, 1995 }, // U+0423
    { 15, 16, 261, 1, 16, 60, 2055 }, // U+0424
    { 15, 15, 231, 0, 15, 57, 2115 }, // U+0425
    { 15, 19, 259, 1, 15, 72, 2172 }, // U+0426
    { 15, 15, 242, 0, 15, 57, 2244 }, // U+0427
    { 22, 15, 371, 1, 15, 83, 2301 }, // U+0428
    { 23, 19, 377, 1, 15, 110, 2384 }, // U+0429
    { 15, 15, 241, 0, 15, 57, 2494 }, // U+042A
    { 18, 15, 305, 1, 15, 68, 2551 }, // U+042B
    { 12, 15, 211, 1, 15, 45, 2619 }, // U+042C
    { 12, 17, 213, 1, 16, 51, 2664 }, // U+042D
    { 20, 17, 347, 1, 16, 85, 2715 }, // U+042E
    { 15, 16, 237, 0, 15, 60, 2800 }, // U+042F
    { 11, 12, 192, 1, 11, 33, 2860 }, // U+0430
    { 10, 18, 175, 1, 17, 45, 2893 }, // U+0431
    { 9, 12, 164, 1, 11, 27, 2938 }, // U+0432
    { 8, 12, 139, 0, 11, 24, 2965 }, // U+0433
    { 9, 18, 174, 1, 17, 41, 2989 }, // U+0434
    { 10, 12, 160, 0, 11, 30, 3030 }, // U+0435
    { 16, 12, 256, 0, 11, 48, 3060 }, // U+0436
    { 9, 12, 152, 0, 11, 27, 3108 }, // U+0437
    { 13, 12, 199, 0, 11, 39, 3135 }, // U+0438
    { 13, 17, 199, 0, 16, 56, 3174 }, // U+0439
    { 12, 12, 182, 0, 11, 36, 3230 }, // U+043A
    { 12, 12, 184, 0, 11, 36, 3266 }, // U+043B
    { 16, 12, 243, 0, 11, 48, 3302 }, // U+043C
    { 12, 12, 191, 0, 11, 36, 3350 }, // U+043D
    { 10, 12, 181, 1, 11, 30, 3386 }, // U+043E
    { 13, 12, 200, 0, 11, 39, 3416 }, // U+043F
    { 12, 16, 194, 0, 11, 48, 3455 }, // U+0440
    { 10, 12, 163, 0, 11, 30, 3503 }, // U+0441
    { 19, 12, 294, 0, 11, 57, 3533 }, // U+0442
    { 11, 16, 180, 0, 11, 44, 3590 }, // U+0443
    { 16, 22, 274, 1, 17, 88, 3634 }, // U+0444
    { 11, 12, 178, 0, 11, 33, 3722 }, // U+0445
    { 13, 16, 204, 0, 11, 52, 3755 }, // U+0446
    { 11, 12, 180, 0, 11, 33, 3807 }, // U+0447
    { 19, 12, 296, 0, 11, 57, 3840 }, // U+0448
    { 19, 16, 300, 0, 11, 76, 3897 }, // U+0449
    { 10, 12, 169, 0, 11, 30, 3973 }, // U+044A
    { 15, 12, 236, 0, 11, 45, 4003 }, // U+044B
    { 10, 12, 159, 0, 11, 30, 4048 }, // U+044C
    { 10, 12, 162, 0, 11, 30, 4078 }, // U+044D
    { 16, 12, 258, 0, 11, 48, 4108 }, // U+044E
    { 10, 12, 174, 1, 11, 30, 4156 }, // U+044F
    { 10, 17, 160, 0, 16, 43, 4186 }, // U+0451
    { 11, 22, 188, 0, 17, 61, 4229 }, // U+0452
    { 8, 18, 139, 0, 17, 36, 4290 }, // U+0453
    { 9, 12, 163, 1, 11, 27, 4326 }, // U+0454
    { 9, 12, 148, 0, 11, 27, 4353 }, // U+0455
    { 7, 17, 100, 0, 16, 30, 4380 }, // U+0456
    { 8, 17, 100, -1, 16, 34, 4410 }, // U+0457
    { 6, 21, 100, -1, 16, 32, 4444 }, // U+0458
    { 15, 12, 243, 0, 11, 45, 4476 }, // U+0459
    { 15, 12, 247, 0, 11, 45, 4521 }, // U+045A
    { 13, 18, 198, 0, 17, 59, 4566 }, // U+045B
    { 12, 18, 182, 0, 17, 54, 4625 }, // U+045C
    { 13, 18, 199, 0, 17, 59, 4679 }, // U+045D
    { 11, 21, 180, 0, 16, 58, 4738 }, // U+045E
    { 13, 17, 200, 0, 11, 56, 4796 }, // U+045F
    { 15, 16, 241, 0, 16, 60, 4852 }, // U+0462
    { 16, 12, 257, 0, 11, 48, 4912 }, // U+0463
    { 20, 16, 308, 0, 15, 80, 4960 }, // U+046A
    { 15, 12, 225, 0, 11, 45, 5040 }, // U+046B
    { 11, 18, 175, 1, 18, 50, 5085 }, // U+0490
    { 12, 19, 147, -2, 14, 57, 5135 }, // U+0491
    { 11, 15, 188, 1, 15, 42, 5192 }, // U+0492
    { 8, 12, 149, 1, 11, 24, 5234 }, // U+0493
    { 22, 19, 343, 0, 15, 105, 5258 }, // U+0496
    { 17, 16, 263, 0, 11, 68, 5363 }, // U+0497
    { 14, 19, 237, 1, 15, 67, 5431 }, // U+049A
    { 12, 16, 189, 0, 11, 48, 5498 }, // U+049B
    { 15, 19, 261, 1, 15, 72, 5546 }, // U+04A2
    { 13, 16, 196, 0, 11, 52, 5618 }, // U+04A3
    { 15, 15, 225, 0, 15, 57, 5670 }, // U+04AE
    { 12, 16, 177, -1, 11, 48, 5727 }, // U+04AF
    { 15, 15, 222, 0, 15, 57, 5775 }, // U+04B0
    { 12, 16, 177, -1, 11, 48, 5832 }, // U+04B1
    { 15, 15, 249, 1, 15, 57, 5880 }, // U+04BA
    { 13, 18, 197, 0, 17, 59, 5937 }, // U+04BB
    { 12, 17, 221, 1, 16, 51, 5996 }, // U+04D8
    { 10, 12, 161, 0, 11, 30, 6047 }, // U+04D9
    { 14, 17, 240, 1, 16, 60, 6077 }, // U+04E8
    { 10, 12, 181, 1, 11, 30, 6137 }, // U+04E9
    { 15, 19, 232, 0, 15, 72, 0 }, // U+1EA0
    { 11, 15, 192, 1, 11, 42, 72 }, // U+1EA1
    { 15, 21, 232, 0, 21, 79, 114 }, // U+1EA2
    { 11, 18, 192, 1, 17, 50, 193 }, // U+1EA3
    { 15, 24, 232, 0, 24, 90, 243 }, // U+1EA4
    { 11, 22, 192, 1, 21, 61, 333 }, // U+1EA5
    { 15, 24, 232, 0, 24, 90, 394 }, // U+1EA6
    { 11, 22, 192, 1, 21, 61, 484 }, // U+1EA7
    { 15, 24, 232, 0, 24, 90, 545 }, // U+1EA8
    { 11, 22, 192, 1, 21, 61, 635 }, // U+1EA9
    { 15, 23, 232, 0, 23, 87, 696 }, // U+1EAA
    { 11, 21, 192, 1, 20, 58, 783 }, // U+1EAB
    { 15, 24, 232, 0, 20, 90, 841 }, // U+1EAC
    { 11, 21, 192, 1, 17, 58, 931 }, // U+1EAD
    { 15, 24, 232, 0, 24, 90, 989 }, // U+1EAE
    { 11, 22, 192, 1, 21, 61, 1079 }, // U+1EAF
    { 15, 24, 232, 0, 24, 90, 1140 }, // U+1EB0
    { 11, 22, 192, 1, 21, 61, 1230 }, // U+1EB1
    { 15, 25, 232, 0, 25, 94, 1291 }, // U+1EB2
    { 11, 22, 192, 1, 21, 61, 1385 }, // U+1EB3
    { 15, 23, 232, 0, 23, 87, 1446 }, // U+1EB4
    { 11, 21, 192, 1, 20, 58, 1533 }, // U+1EB5
    { 15, 24, 232, 0, 20, 90, 1591 }, // U+1EB6
    { 11, 21, 192, 1, 17, 58, 1681 }, // U+1EB7
    { 11, 19, 199, 1, 15, 53, 1739 }, // U+1EB8
    { 10, 15, 160, 0, 11, 38, 1792 }, // U+1EB9
    { 11, 21, 199, 1, 21, 58, 1830 }, // U+1EBA
    { 10, 18, 160, 0, 17, 45, 1888 }, // U+1EBB
    { 11, 19, 199, 1, 19, 53, 1933 }, // U+1EBC
    { 10, 17, 160, 0, 16, 43, 1986 }, // U+1EBD
    { 11, 24, 199, 1, 24, 66, 2029 }, // U+1EBE
    { 10, 22, 160, 0, 21, 55, 2095 }, // U+1EBF
    { 11, 24, 199, 1, 24, 66, 2150 }, // U+1EC0
    { 10, 22, 160, 0, 21, 55, 2216 }, // U+1EC1
    { 12, 24, 199, 1, 24, 72, 2271 }, // U+1EC2
    { 12, 22, 160, 0, 21, 66, 2343 }, // U+1EC3
    { 11, 23, 199, 1, 23, 64, 2409 }, // U+1EC4
    { 10, 21, 160, 0, 20, 53, 2473 }, // U+1EC5
    { 11, 24, 199, 1, 20, 66, 2526 }, // U+1EC6
    { 10, 21, 160, 0, 17, 53, 2592 }, // U+1EC7
    { 7, 21, 121, 1, 21, 37, 2645 }, // U+1EC8
    { 7, 18, 100, 0, 17, 32, 2682 }, // U+1EC9
    { 7, 19, 121, 1, 15, 34, 2714 }, // U+1ECA
    { 7, 20, 100, 0, 16, 35, 2748 }, // U+1ECB
    { 14, 20, 240, 1, 16, 70, 2783 }, // U+1ECC
    { 10, 15, 181, 1, 11, 38, 2853 }, // U+1ECD
    { 14, 22, 240, 1, 21, 77, 2891 }, // U+1ECE
    { 10, 18, 181, 1, 17, 45, 2968 }, // U+1ECF
    { 14, 25, 240, 1, 24, 88, 3013 }, // U+1ED0
    { 10, 22, 181, 1, 21, 55, 3101 }, // U+1ED1
    { 14, 25, 240, 1, 24, 88, 3156 }, // U+1ED2
    { 10, 22, 181, 1, 21, 55, 3244 }, // U+1ED3
    { 14, 25, 240, 1, 24, 88, 3299 }, // U+1ED4
    { 11, 22, 181, 1, 21, 61, 3387 }, // U+1ED5
    { 14, 24, 240, 1, 23, 84, 3448 }, // U+1ED6
    { 10, 21, 181, 1, 20, 53, 3532 }, // U+1ED7
    { 14, 24, 240, 1, 20, 84, 3585 }, // U+1ED8
    { 10, 21, 181, 1, 17, 53, 3669 }, // U+1ED9
    { 17, 21, 269, 1, 20, 90, 3722 }, // U+1EDA
    { 12, 18, 197, 1, 17, 54, 3812 }, // U+1EDB
    { 17, 21, 269, 1, 20, 90, 3866 }, // U+1EDC
    { 12, 18, 197, 1, 17, 54, 3956 }, // U+1EDD
    { 17, 22, 269, 1, 21, 94, 4010 }, // U+1EDE
    { 12, 18, 197, 1, 17, 54, 4104 }, // U+1EDF
    { 17, 20, 269, 1, 19, 85, 4158 }, // U+1EE0
    { 12, 17, 197, 1, 16, 51, 4243 }, // U+1EE1
    { 17, 20, 269, 1, 16, 85, 4294 }, // U+1EE2
    { 12, 18, 197, 1, 14, 54, 4379 }, // U+1EE3
    { 15, 19, 252, 1, 15, 72, 4433 }, // U+1EE4
    { 13, 15, 199, 0, 11, 49, 4505 }, // U+1EE5
    { 15, 22, 252, 1, 21, 83, 4554 }, // U+1EE6
    { 13, 18, 199, 0, 17, 59, 4637 }, // U+1EE7
    { 17, 21, 274, 1, 20, 90, 4696 }, // U+1EE8
    { 14, 18, 220, 0, 17, 63, 4786 }, // U+1EE9
    { 17, 21, 274, 1, 20, 90, 4849 }, // U+1EEA
    { 14, 18, 220, 0, 17, 63, 4939 }, // U+1EEB
    { 17, 22, 274, 1, 21, 94, 5002 }, // U+1EEC
    { 14, 18, 220, 0, 17, 63, 5096 }, // U+1EED
    { 17, 20, 274, 1, 19, 85, 5159 }, // U+1EEE
    { 14, 17, 220, 0, 16, 60, 5244 }, // U+1EEF
    { 17, 20, 274, 1, 16, 85, 5304 }, // U+1EF0
    { 14, 18, 220, 0, 14, 63, 5389 }, // U+1EF1
    { 15, 20, 225, 0, 20, 75, 5452 }, // U+1EF2
    { 11, 22, 180, 0, 17, 61, 5527 }, // U+1EF3
    { 15, 19, 225, 0, 15, 72, 5588 }, // U+1EF4
    { 11, 16, 177, 0, 11, 44, 5660 }, // U+1EF5
    { 15, 21, 225, 0, 21, 79, 5704 }, // U+1EF6
    { 11, 22, 180, 0, 17, 61, 5783 }, // U+1EF7
    { 15, 19, 225, 0, 19, 72, 5844 }, // U+1EF8
    { 11, 21, 180, 0, 16, 58, 5916 }, // U+1EF9
    { 0, 0, 196, 0, 0, 0, 0 }, // U+2007
    { 0, 0, 109, 0, 0, 0, 0 }, // U+2008
    { 0, 0, 42, 0, 0, 0, 0 }, // U+2009
    { 0, 0, 20, 0, 0, 0, 0 }, // U+200A
    { 0, 0, 0, 0, 0, 0, 0 }, // U+200B
    { 7, 2, 119, 0, 7, 4, 0 }, // U+2010
    { 11, 2, 168, 0, 7, 6, 4 }, // U+2012
    { 11, 2, 168, 0, 7, 6, 10 }, // U+2013
    { 21, 2, 336, 0, 7, 11, 16 }, // U+2014
    { 21, 2, 336, 0, 7, 11, 27 }, // U+2015
    { 4, 7, 90, 1, 17, 7, 38 }, // U+2018
    { 4, 6, 90, 1, 16, 6, 45 }, // U+2019
    { 4, 7, 94, 1, 3, 7, 51 }, // U+201A
    { 9, 7, 156, 1, 17, 16, 58 }, // U+201C
    { 8, 6, 156, 1, 16, 12, 74 }, // U+201D
    { 8, 7, 160, 1, 3, 14, 86 }, // U+201E
    { 9, 17, 175, 1, 16, 39, 100 }, // U+2020
    { 9, 17, 174, 1, 16, 39, 139 }, // U+2021
    { 6, 5, 125, 1, 9, 8, 178 }, // U+2022
    { 18, 4, 322, 1, 3, 18, 186 }, // U+2026
    { 23, 14, 397, 1, 13, 81, 204 }, // U+2030
    { 3, 5, 73, 1, 17, 4, 285 }, // U+2032
    { 6, 5, 127, 1, 17, 8, 289 }, // U+2033
    { 6, 9, 103, 0, 10, 14, 297 }, // U+2039
    { 6, 9, 105, 1, 10, 14, 311 }, // U+203A
    { 17, 18, 307, 1, 17, 77, 325 }, // U+2042
    { 11, 17, 81, -3, 16, 47, 402 }, // U+2044
    { 8, 11, 148, 1, 18, 22, 0 }, // U+2070
    { 9, 11, 139, 0, 18, 25, 22 }, // U+2074
    { 8, 11, 132, 0, 18, 22, 47 }, // U+2075
    { 8, 11, 142, 1, 18, 22, 69 }, // U+2076
    { 9, 11, 128, 0, 18, 25, 91 }, // U+2077
    { 8, 11, 144, 1, 18, 22, 116 }, // U+2078
    { 8, 11, 138, 1, 18, 22, 138 }, // U+2079
    { 5, 14, 85, 1, 19, 18, 160 }, // U+207D
    { 5, 14, 83, 0, 19, 18, 178 }, // U+207E
    { 10, 9, 172, 1, 16, 23, 196 }, // U+207F
    { 9, 11, 148, 0, 7, 25, 219 }, // U+2080
    { 6, 11, 99, 0, 7, 17, 244 }, // U+2081
    { 8, 11, 129, 0, 7, 22, 261 }, // U+2082
    { 8, 11, 133, 0, 7, 22, 283 }, // U+2083
    { 9, 11, 139, 0, 7, 25, 305 }, // U+2084
    { 8, 11, 132, 0, 7, 22, 330 }, // U+2085
    { 9, 11, 142, 0, 7, 25, 352 }, // U+2086
    { 8, 11, 128, 0, 7, 22, 377 }, // U+2087
    { 9, 11, 144, 0, 7, 25, 399 }, // U+2088
    { 8, 11, 138, 0, 7, 22, 424 }, // U+2089
    { 5, 14, 85, 1, 8, 18, 446 }, // U+208D
    { 5, 14, 83, 0, 8, 18, 464 }, // U+208E
    { 12, 19, 206, 1, 17, 57, 0 }, // U+20A1
    { 12, 15, 189, 0, 15, 45, 57 }, // U+20A3
    { 13, 17, 199, 0, 16, 56, 102 }, // U+20A4
    { 16, 16, 255, 0, 15, 64, 158 }, // U+20A6
    { 29, 16, 481, 1, 15, 116, 222 }, // U+20A7
    { 23, 16, 357, 0, 15, 92, 338 }, // U+20A9
    { 13, 21, 193, 0, 17, 69, 430 }, // U+20AB
    { 15, 17, 239, 0, 16, 64, 499 }, // U+20AC
    { 15, 16, 236, 0, 15, 60, 563 }, // U+20AD
    { 14, 15, 209, 0, 15, 53, 623 }, // U+20AE
    { 13, 15, 223, 1, 15, 49, 676 }, // U+20B1
    { 12, 19, 216, 1, 17, 57, 725 }, // U+20B2
    { 13, 17, 215, 0, 16, 56, 782 }, // U+20B4
    { 12, 20, 206, 1, 17, 60, 838 }, // U+20B5
    { 14, 15, 210, 0, 15, 53, 898 }, // U+20B8
    { 12, 16, 205, 1, 15, 48, 951 }, // U+20B9
    { 11, 15, 197, 1, 15, 42, 999 }, // U+20BA
    { 14, 16, 240, 0, 16, 56, 1041 }, // U+20BC
    { 12, 15, 198, 1, 15, 45, 1097 }, // U+20BD
    { 12, 8, 192, 0, 10, 24, 0 }, // U+2190
    { 8, 11, 192, 2, 11, 22, 24 }, // U+2191
    { 12, 8, 191, 0, 10, 24, 46 }, // U+2192
    { 8, 11, 192, 2, 11, 22, 70 }, // U+2193
    { 11, 16, 182, 0, 15, 44, 0 }, // U+2202
    { 15, 16, 250, 0, 14, 60, 44 }, // U+2205
    { 12, 15, 192, 0, 15, 45, 104 }, // U+2206
    { 16, 18, 280, 1, 15, 72, 149 }, // U+220F
    { 13, 19, 193, 0, 15, 62, 221 }, // U+2211
    { 10, 2, 196, 1, 7, 5, 283 }, // U+2212
    { 11, 17, 81, -3, 16, 47, 288 }, // U+2215
    { 4, 4, 107, 2, 9, 4, 335 }, // U+2219
    { 13, 16, 197, 0, 16, 52, 339 }, // U+221A
    { 12, 6, 216, 1, 8, 18, 391 }, // U+221E
    { 11, 21, 142, -1, 16, 58, 409 }, // U+222B
    { 10, 8, 196, 1, 10, 20, 467 }, // U+2248
    { 10, 12, 196, 1, 12, 30, 487 }, // U+2260
    { 10, 12, 196, 1, 12, 30, 517 }, // U+2264
    { 10, 12, 196, 1, 12, 30, 547 }, // U+2265
    { 14, 22, 210, -1, 17, 77, 0 }, // U+FB01
    { 15, 22, 210, -1, 17, 83, 77 }, // U+FB02
};

static const EpdUnicodeInterval literata_10_italicIntervals[] = {
    { 0x20, 0x7E, 0x0 },
    { 0xA0, 0x17E, 0x5F },
    { 0x1A0, 0x1A1, 0x13E },
    { 0x1AF, 0x1B0, 0x140 },
    { 0x1C4, 0x1DC, 0x142 },
    { 0x1E6, 0x1E7, 0x15B },
    { 0x1EA, 0x1EB, 0x15D },
    { 0x1FA, 0x21B, 0x15F },
    { 0x300, 0x304, 0x181 },
    { 0x306, 0x30C, 0x186 },
    { 0x30F, 0x30F, 0x18D },
    { 0x311, 0x312, 0x18E },
    { 0x31B, 0x31B, 0x190 },
    { 0x323, 0x324, 0x191 },
    { 0x326, 0x328, 0x193 },
    { 0x32E, 0x32E, 0x196 },
    { 0x331, 0x331, 0x197 },
    { 0x401, 0x44F, 0x198 },
    { 0x451, 0x45F, 0x1E7 },
    { 0x462, 0x463, 0x1F6 },
    { 0x46A, 0x46B, 0x1F8 },
    { 0x490, 0x493, 0x1FA },
    { 0x496, 0x497, 0x1FE },
    { 0x49A, 0x49B, 0x200 },
    { 0x4A2, 0x4A3, 0x202 },
    { 0x4AE, 0x4B1, 0x204 },
    { 0x4BA, 0x4BB, 0x208 },
    { 0x4D8, 0x4D9, 0x20A },
    { 0x4E8, 0x4E9, 0x20C },
    { 0x1EA0, 0x1EF9, 0x20E },
    { 0x2007, 0x200B, 0x268 },
    { 0x2010, 0x2010, 0x26D },
    { 0x2012, 0x2015, 0x26E },
    { 0x2018, 0x201A, 0x272 },
    { 0x201C, 0x201E, 0x275 },
    { 0x2020, 0x2022, 0x278 },
    { 0x2026, 0x2026, 0x27B },
    { 0x2030, 0x2030, 0x27C },
    { 0x2032, 0x2033, 0x27D },
    { 0x2039, 0x203A, 0x27F },
    { 0x2042, 0x2042, 0x281 },
    { 0x2044, 0x2044, 0x282 },
    { 0x2070, 0x2070, 0x283 },
    { 0x2074, 0x2079, 0x284 },
    { 0x207D, 0x2089, 0x28A },
    { 0x208D, 0x208E, 0x297 },
    { 0x20A1, 0x20A1, 0x299 },
    { 0x20A3, 0x20A4, 0x29A },
    { 0x20A6, 0x20A7, 0x29C },
    { 0x20A9, 0x20A9, 0x29E },
    { 0x20AB, 0x20AE, 0x29F },
    { 0x20B1, 0x20B2, 0x2A3 },
    { 0x20B4, 0x20B5, 0x2A5 },
    { 0x20B8, 0x20BA, 0x2A7 },
    { 0x20BC, 0x20BD, 0x2AA },
    { 0x2190, 0x2193, 0x2AC },
    { 0x2202, 0x2202, 0x2B0 },
    { 0x2205, 0x2206, 0x2B1 },
    { 0x220F, 0x220F, 0x2B3 },
    { 0x2211, 0x2212, 0x2B4 },
    { 0x2215, 0x2215, 0x2B6 },
    { 0x2219, 0x221A, 0x2B7 },
    { 0x221E, 0x221E, 0x2B9 },
    { 0x222B, 0x222B, 0x2BA },
    { 0x2248, 0x2248, 0x2BB },
    { 0x2260, 0x2260, 0x2BC },
    { 0x2264, 0x2265, 0x2BD },
    { 0xFB01, 0xFB02, 0x2BF },
};

static const EpdFontGroup literata_10_italicGroups[] = {
    { 0, 2428, 4212, 95, 0 },
    { 2428, 2121, 4934, 96, 95 },
    { 4549, 2650, 7879, 127, 191 },
    { 7199, 1945, 4978, 67, 318 },
    { 9144, 177, 183, 23, 385 },
    { 9321, 3228, 6674, 118, 408 },
    { 12549, 1432, 6628, 90, 526 },
    { 13981, 356, 515, 27, 616 },
    { 14337, 441, 579, 22, 643 },
    { 14778, 854, 1241, 19, 665 },
    { 15632, 77, 92, 4, 684 },
    { 15709, 419, 643, 15, 688 },
    { 16128, 98, 176, 2, 703 },
};

static const EpdKernClassEntry literata_10_italicKernLeftClasses[] = {
    { 0x0022, 1 }, // "
    { 0x0026, 2 }, // &
    { 0x0027, 1 }, // '
    { 0x0028, 3 }, // (
    { 0x002A, 4 }, // *
    { 0x002C, 5 }, // ,
    { 0x002D, 6 }, // -
    { 0x002E, 5 }, // .
    { 0x002F, 7 }, // /
    { 0x0030, 8 }, // 0
    { 0x0031, 9 }, // 1
    { 0x0032, 10 }, // 2
    { 0x0033, 11 }, // 3
    { 0x0034, 12 }, // 4
    { 0x0035, 13 }, // 5
    { 0x0037, 14 }, // 7
    { 0x0038, 15 }, // 8
    { 0x0039, 16 }, // 9
    { 0x003A, 17 }, // :
    { 0x003B, 17 }, // ;
    { 0x003D, 18 }, // =
    { 0x003F, 19 }, // ?
    { 0x0040, 20 }, // @
    { 0x0041, 21 }, // A
    { 0x0042, 22 }, // B
    { 0x0043, 23 }, // C
    { 0x0044, 24 }, // D
    { 0x0045, 25 }, // E
    { 0x0046, 26 }, // F
    { 0x0047, 27 }, // G
    { 0x0048, 28 }, // H
    { 0x0049, 28 }, // I
    { 0x004A, 29 }, // J
    { 0x004B, 30 }, // K
    { 0x004C, 31 }, // L
    { 0x004D, 32 }, // M
    { 0x004E, 33 }, // N
    { 0x004F, 34 }, // O
    { 0x0050, 35 }, // P
    { 0x0051, 36 }, // Q
    { 0x0052, 37 }, // R
    { 0x0053, 38 }, // S
    { 0x0054, 39 }, // T
    { 0x0055, 28 }, // U
    { 0x0056, 40 }, // V
    { 0x0057, 41 }, // W
    { 0x0058, 42 }, // X
    { 0x0059, 43 }, // Y
    { 0x005A, 44 }, // Z
    { 0x005B, 45 }, // [
    { 0x005C, 46 }, // <backslash>
    { 0x0061, 47 }, // a
    { 0x0062, 48 }, // b
    { 0x0063, 49 }, // c
    { 0x0064, 50 }, // d
    { 0x0065, 51 }, // e
    { 0x0066, 52 }, // f
    { 0x0067, 53 }, // g
    { 0x0068, 47 }, // h
    { 0x0069, 54 }, // i
    { 0x006A, 55 }, // j
    { 0x006B, 56 }, // k
    { 0x006C, 50 }, // l
    { 0x006D, 47 }, // m
    { 0x006E, 47 }, // n
    { 0x006F, 48 }, // o
    { 0x0070, 48 }, // p
    { 0x0071, 57 }, // q
    { 0x0072, 58 }, // r
    { 0x0073, 59 }, // s
    { 0x0074, 60 }, // t
    { 0x0075, 47 }, // u
    { 0x0076, 61 }, // v
    { 0x0077, 61 }, // w
    { 0x0078, 62 }, // x
    { 0x0079, 63 }, // y
    { 0x007A, 64 }, // z
    { 0x00A1, 65 }, // U+00A1
    { 0x00AB, 66 }, // U+00AB
    { 0x00AD, 6 }, // U+00AD
    { 0x00B7, 67 }, // U+00B7
    { 0x00BB, 68 }, // U+00BB
    { 0x00BF, 69 }, // U+00BF
    { 0x00C0, 21 }, // U+00C0
    { 0x00C1, 21 }, // U+00C1
    { 0x00C2, 21 }, // U+00C2
    { 0x00C3, 21 }, // U+00C3
    { 0x00C4, 21 }, // U+00C4
    { 0x00C5, 21 }, // U+00C5
    { 0x00C6, 70 }, // U+00C6
    { 0x00C7, 23 }, // U+00C7
    { 0x00C8, 25 }, // U+00C8
    { 0x00C9, 25 }, // U+00C9
    { 0x00CA, 25 }, // U+00CA
    { 0x00CB, 25 }, // U+00CB
    { 0x00CC, 28 }, // U+00CC
    { 0x00CD, 28 }, // U+00CD
    { 0x00CE, 28 }, // U+00CE
    { 0x00CF, 28 }, // U+00CF
    { 0x00D0, 71 }, // U+00D0
    { 0x00D1, 33 }, // U+00D1
    { 0x00D2, 72 }, // U+00D2
    { 0x00D3, 72 }, // U+00D3
    { 0x00D4, 72 }, // U+00D4
    { 0x00D5, 72 }, // U+00D5
    { 0x00D6, 72 }, // U+00D6
    { 0x00D7, 73 }, // U+00D7
    { 0x00D8, 72 }, // U+00D8
    { 0x00DD, 43 }, // U+00DD
    { 0x00DE, 74 }, // U+00DE
    { 0x00DF, 75 }, // U+00DF
    { 0x00E0, 76 }, // U+00E0
    { 0x00E1, 77 }, // U+00E1
    { 0x00E2, 77 }, // U+00E2
    { 0x00E3, 77 }, // U+00E3
    { 0x00E4, 77 }, // U+00E4
    { 0x00E5, 77 }, // U+00E5
    { 0x00E6, 78 }, // U+00E6
    { 0x00E7, 49 }, // U+00E7
    { 0x00E8, 79 }, // U+00E8
    { 0x00E9, 79 }, // U+00E9
    { 0x00EA, 79 }, // U+00EA
    { 0x00EB, 79 }, // U+00EB
    { 0x00EC, 54 }, // U+00EC
    { 0x00ED, 54 }, // U+00ED
    { 0x00EE, 54 }, // U+00EE
    { 0x00EF, 54 }, // U+00EF
    { 0x00F1, 47 }, // U+00F1
    { 0x00F2, 48 }, // U+00F2
    { 0x00F3, 48 }, // U+00F3
    { 0x00F4, 48 }, // U+00F4
    { 0x00F5, 48 }, // U+00F5
    { 0x00F6, 48 }, // U+00F6
    { 0x00F8, 48 }, // U+00F8
    { 0x00F9, 47 }, // U+00F9
    { 0x00FA, 47 }, // U+00FA
    { 0x00FB, 47 }, // U+00FB
    { 0x00FC, 47 }, // U+00FC
    { 0x00FD, 63 }, // U+00FD
    { 0x00FE, 48 }, // U+00FE
    { 0x00FF, 63 }, // U+00FF
    { 0x0100, 21 }, // U+0100
    { 0x0101, 77 }, // U+0101
    { 0x0102, 21 }, // U+0102
    { 0x0103, 77 }, // U+0103
    { 0x0104, 21 }, // U+0104
    { 0x0105, 77 }, // U+0105
    { 0x0106, 23 }, // U+0106
    { 0x0107, 49 }, // U+0107
    { 0x0108, 23 }, // U+0108
    { 0x0109, 49 }, // U+0109
    { 0x010A, 23 }, // U+010A
    { 0x010B, 49 }, // U+010B
    { 0x010C, 23 }, // U+010C
    { 0x010D, 49 }, // U+010D
    { 0x010E, 80 }, // U+010E
    { 0x010F, 81 }, // U+010F
    { 0x0110, 80 }, // U+0110
    { 0x0111, 50 }, // U+0111
    { 0x0112, 25 }, // U+0112
    { 0x0113, 79 }, // U+0113
    { 0x0114, 25 }, // U+0114
    { 0x0115, 79 }, // U+0115
    { 0x0116, 25 }, // U+0116
    { 0x0117, 79 }, // U+0117
    { 0x0118, 25 }, // U+0118
    { 0x0119, 79 }, // U+0119
    { 0x011A, 25 }, // U+011A
    { 0x011B, 79 }, // U+011B
    { 0x011C, 27 }, // U+011C
    { 0x011D, 53 }, // U+011D
    { 0x011E, 27 }, // U+011E
    { 0x011F, 53 }, // U+011F
    { 0x0120, 27 }, // U+0120
    { 0x0121, 53 }, // U+0121
    { 0x0122, 27 }, // U+0122
    { 0x0123, 53 }, // U+0123
    { 0x0124, 28 }, // U+0124
    { 0x0125, 47 }, // U+0125
    { 0x0126, 28 }, // U+0126
    { 0x0127, 47 }, // U+0127
    { 0x0128, 28 }, // U+0128
    { 0x0129, 54 }, // U+0129
    { 0x012A, 28 }, // U+012A
    { 0x012B, 54 }, // U+012B
    { 0x012C, 28 }, // U+012C
    { 0x012D, 54 }, // U+012D
    { 0x012E, 28 }, // U+012E
    { 0x012F, 54 }, // U+012F
    { 0x0130, 28 }, // U+0130
    { 0x0131, 54 }, // U+0131
    { 0x0132, 29 }, // U+0132
    { 0x0134, 29 }, // U+0134
    { 0x0135, 55 }, // U+0135
    { 0x0136, 30 }, // U+0136
    { 0x0137, 56 }, // U+0137
    { 0x0138, 56 }, // U+0138
    { 0x0139, 82 }, // U+0139
    { 0x013A, 50 }, // U+013A
    { 0x013B, 82 }, // U+013B
    { 0x013C, 50 }, // U+013C
    { 0x013D, 83 }, // U+013D
    { 0x013E, 84 }, // U+013E
    { 0x013F, 82 }, // U+013F
    { 0x0140, 50 }, // U+0140
    { 0x0141, 82 }, // U+0141
    { 0x0142, 85 }, // U+0142
    { 0x0143, 33 }, // U+0143
    { 0x0144, 47 }, // U+0144
    { 0x0145, 33 }, // U+0145
    { 0x0146, 47 }, // U+0146
    { 0x0147, 33 }, // U+0147
    { 0x0148, 47 }, // U+0148
    { 0x0149, 47 }, // U+0149
    { 0x014A, 29 }, // U+014A
    { 0x014B, 55 }, // U+014B
    { 0x014C, 72 }, // U+014C
    { 0x014D, 48 }, // U+014D
    { 0x014E, 72 }, // U+014E
    { 0x014F, 48 }, // U+014F
    { 0x0150, 72 }, // U+0150
    { 0x0151, 48 }, // U+0151
    { 0x0152, 25 }, // U+0152
    { 0x0153, 78 }, // U+0153
    { 0x0154, 37 }, // U+0154
    { 0x0155, 58 }, // U+0155
    { 0x0156, 37 }, // U+0156
    { 0x0157, 58 }, // U+0157
    { 0x0158, 37 }, // U+0158
    { 0x0159, 58 }, // U+0159
    { 0x015A, 38 }, // U+015A
    { 0x015B, 59 }, // U+015B
    { 0x015C, 38 }, // U+015C
    { 0x015D, 59 }, // U+015D
    { 0x015E, 38 }, // U+015E
    { 0x015F, 59 }, // U+015F
    { 0x0160, 38 }, // U+0160
    { 0x0161, 59 }, // U+0161
    { 0x0162, 39 }, // U+0162
    { 0x0163, 60 }, // U+0163
    { 0x0164, 39 }, // U+0164
    { 0x0165, 86 }, // U+0165
    { 0x0166, 39 }, // U+0166
    { 0x0169, 47 }, // U+0169
    { 0x016B, 47 }, // U+016B
    { 0x016D, 47 }, // U+016D
    { 0x016F, 47 }, // U+016F
    { 0x0171, 47 }, // U+0171
    { 0x0173, 47 }, // U+0173
    { 0x0174, 41 }, // U+0174
    { 0x0175, 61 }, // U+0175
    { 0x0176, 43 }, // U+0176
    { 0x0177, 63 }, // U+0177
    { 0x0178, 43 }, // U+0178
    { 0x0179, 44 }, // U+0179
    { 0x017A, 64 }, // U+017A
    { 0x017B, 44 }, // U+017B
    { 0x017C, 64 }, // U+017C
    { 0x017D, 44 }, // U+017D
    { 0x017E, 64 }, // U+017E
    { 0x01A0, 87 }, // U+01A0
    { 0x01A1, 88 }, // U+01A1
    { 0x01AF, 89 }, // U+01AF
    { 0x01B0, 90 }, // U+01B0
    { 0x01C6, 47 }, // U+01C6
    { 0x01C7, 29 }, // U+01C7
    { 0x01C9, 55 }, // U+01C9
    { 0x01CA, 29 }, // U+01CA
    { 0x01CC, 55 }, // U+01CC
    { 0x01CD, 21 }, // U+01CD
    { 0x01CE, 47 }, // U+01CE
    { 0x01CF, 28 }, // U+01CF
    { 0x01D0, 54 }, // U+01D0
    { 0x01D1, 72 }, // U+01D1
    { 0x01D2, 48 }, // U+01D2
    { 0x01D4, 47 }, // U+01D4
    { 0x01D6, 47 }, // U+01D6
    { 0x01D8, 47 }, // U+01D8
    { 0x01DA, 47 }, // U+01DA
    { 0x01DC, 47 }, // U+01DC
    { 0x01E6, 27 }, // U+01E6
    { 0x01E7, 53 }, // U+01E7
    { 0x01EA, 72 }, // U+01EA
    { 0x01EB, 48 }, // U+01EB
    { 0x01FA, 21 }, // U+01FA
    { 0x01FB, 47 }, // U+01FB
    { 0x01FC, 91 }, // U+01FC
    { 0x01FD, 48 }, // U+01FD
    { 0x01FE, 72 }, // U+01FE
    { 0x01FF, 48 }, // U+01FF
    { 0x0200, 21 }, // U+0200
    { 0x0201, 47 }, // U+0201
    { 0x0202, 21 }, // U+0202
    { 0x0203, 47 }, // U+0203
    { 0x0204, 25 }, // U+0204
    { 0x0205, 48 }, // U+0205
    { 0x0206, 25 }, // U+0206
    { 0x0207, 48 }, // U+0207
    { 0x0208, 28 }, // U+0208
    { 0x0209, 54 }, // U+0209
    { 0x020A, 28 }, // U+020A
    { 0x020B, 54 }, // U+020B
    { 0x020C, 72 }, // U+020C
    { 0x020D, 48 }, // U+020D
    { 0x020E, 72 }, // U+020E
    { 0x020F, 48 }, // U+020F
    { 0x0210, 37 }, // U+0210
    { 0x0211, 58 }, // U+0211
    { 0x0212, 37 }, // U+0212
    { 0x0213, 58 }, // U+0213
    { 0x0215, 47 }, // U+0215
    { 0x0217, 47 }, // U+0217
    { 0x0218, 38 }, // U+0218
    { 0x0219, 59 }, // U+0219
    { 0x021A, 39 }, // U+021A
    { 0x021B, 60 }, // U+021B
    { 0x0402, 92 }, // U+0402
    { 0x0403, 93 }, // U+0403
    { 0x0404, 94 }, // U+0404
    { 0x0406, 95 }, // U+0406
    { 0x0407, 95 }, // U+0407
    { 0x0408, 96 }, // U+0408
    { 0x0409, 97 }, // U+0409
    { 0x040A, 97 }, // U+040A
    { 0x040B, 98 }, // U+040B
    { 0x040C, 99 }, // U+040C
    { 0x040D, 95 }, // U+040D
    { 0x040E, 100 }, // U+040E
    { 0x040F, 95 }, // U+040F
    { 0x0410, 101 }, // U+0410
    { 0x0411, 102 }, // U+0411
    { 0x0412, 103 }, // U+0412
    { 0x0413, 93 }, // U+0413
    { 0x0414, 104 }, // U+0414
    { 0x0416, 105 }, // U+0416
    { 0x0417, 106 }, // U+0417
    { 0x0418, 95 }, // U+0418
    { 0x0419, 95 }, // U+0419
    { 0x041A, 99 }, // U+041A
    { 0x041B, 95 }, // U+041B
    { 0x041C, 107 }, // U+041C
    { 0x041D, 95 }, // U+041D
    { 0x041E, 108 }, // U+041E
    { 0x041F, 95 }, // U+041F
    { 0x0420, 109 }, // U+0420
    { 0x0422, 110 }, // U+0422
    { 0x0423, 100 }, // U+0423
    { 0x0424, 111 }, // U+0424
    { 0x0425, 112 }, // U+0425
    { 0x0427, 95 }, // U+0427
    { 0x0428, 95 }, // U+0428
    { 0x042A, 113 }, // U+042A
    { 0x042B, 95 }, // U+042B
    { 0x042C, 97 }, // U+042C
    { 0x042D, 114 }, // U+042D
    { 0x042E, 114 }, // U+042E
    { 0x042F, 95 }, // U+042F
    { 0x0430, 115 }, // U+0430
    { 0x0431, 116 }, // U+0431
    { 0x0432, 117 }, // U+0432
    { 0x0433, 118 }, // U+0433
    { 0x0434, 119 }, // U+0434
    { 0x0435, 120 }, // U+0435
    { 0x0436, 121 }, // U+0436
    { 0x0437, 122 }, // U+0437
    { 0x0438, 123 }, // U+0438
    { 0x0439, 124 }, // U+0439
    { 0x043A, 121 }, // U+043A
    { 0x043B, 125 }, // U+043B
    { 0x043C, 126 }, // U+043C
    { 0x043D, 124 }, // U+043D
    { 0x043E, 127 }, // U+043E
    { 0x043F, 124 }, // U+043F
    { 0x0440, 128 }, // U+0440
    { 0x0441, 78 }, // U+0441
    { 0x0442, 129 }, // U+0442
    { 0x0443, 130 }, // U+0443
    { 0x0444, 127 }, // U+0444
    { 0x0445, 131 }, // U+0445
    { 0x0447, 124 }, // U+0447
    { 0x0448, 124 }, // U+0448
    { 0x044A, 132 }, // U+044A
    { 0x044B, 124 }, // U+044B
    { 0x044C, 133 }, // U+044C
    { 0x044D, 127 }, // U+044D
    { 0x044E, 127 }, // U+044E
    { 0x044F, 134 }, // U+044F
    { 0x0451, 135 }, // U+0451
    { 0x0452, 136 }, // U+0452
    { 0x0453, 118 }, // U+0453
    { 0x0454, 78 }, // U+0454
    { 0x0455, 137 }, // U+0455
    { 0x0456, 124 }, // U+0456
    { 0x0457, 124 }, // U+0457
    { 0x0458, 138 }, // U+0458
    { 0x0459, 133 }, // U+0459
    { 0x045A, 133 }, // U+045A
    { 0x045B, 139 }, // U+045B
    { 0x045C, 121 }, // U+045C
    { 0x045D, 124 }, // U+045D
    { 0x045E, 130 }, // U+045E
    { 0x045F, 124 }, // U+045F
    { 0x0462, 97 }, // U+0462
    { 0x0463, 133 }, // U+0463
    { 0x046A, 140 }, // U+046A
    { 0x046B, 141 }, // U+046B
    { 0x0490, 142 }, // U+0490
    { 0x0491, 143 }, // U+0491
    { 0x0492, 93 }, // U+0492
    { 0x0493, 144 }, // U+0493
    { 0x0496, 99 }, // U+0496
    { 0x0497, 121 }, // U+0497
    { 0x049A, 99 }, // U+049A
    { 0x049B, 121 }, // U+049B
    { 0x04AE, 145 }, // U+04AE
    { 0x04B0, 145 }, // U+04B0
    { 0x04BA, 146 }, // U+04BA
    { 0x04BB, 139 }, // U+04BB
    { 0x04D8, 114 }, // U+04D8
    { 0x04D9, 127 }, // U+04D9
    { 0x04E8, 114 }, // U+04E8
    { 0x04E9, 127 }, // U+04E9
    { 0x1EA0, 21 }, // U+1EA0
    { 0x1EA1, 47 }, // U+1EA1
    { 0x1EA2, 21 }, // U+1EA2
    { 0x1EA3, 47 }, // U+1EA3
    { 0x1EA4, 21 }, // U+1EA4
    { 0x1EA5, 47 }, // U+1EA5
    { 0x1EA6, 21 }, // U+1EA6
    { 0x1EA7, 47 }, // U+1EA7
    { 0x1EA8, 21 }, // U+1EA8
    { 0x1EA9, 47 }, // U+1EA9
    { 0x1EAA, 21 }, // U+1EAA
    { 0x1EAB, 47 }, // U+1EAB
    { 0x1EAC, 21 }, // U+1EAC
    { 0x1EAD, 47 }, // U+1EAD
    { 0x1EAE, 21 }, // U+1EAE
    { 0x1EAF, 47 }, // U+1EAF
    { 0x1EB0, 21 }, // U+1EB0
    { 0x1EB1, 47 }, // U+1EB1
    { 0x1EB2, 21 }, // U+1EB2
    { 0x1EB3, 47 }, // U+1EB3
    { 0x1EB4, 21 }, // U+1EB4
    { 0x1EB5, 47 }, // U+1EB5
    { 0x1EB6, 21 }, // U+1EB6
    { 0x1EB7, 47 }, // U+1EB7
    { 0x1EB8, 25 }, // U+1EB8
    { 0x1EB9, 48 }, // U+1EB9
    { 0x1EBA, 25 }, // U+1EBA
    { 0x1EBB, 48 }, // U+1EBB
    { 0x1EBC, 25 }, // U+1EBC
    { 0x1EBD, 48 }, // U+1EBD
    { 0x1EBE, 25 }, // U+1EBE
    { 0x1EBF, 48 }, // U+1EBF
    { 0x1EC0, 25 }, // U+1EC0
    { 0x1EC1, 48 }, // U+1EC1
    { 0x1EC2, 25 }, // U+1EC2
    { 0x1EC3, 48 }, // U+1EC3
    { 0x1EC4, 25 }, // U+1EC4
    { 0x1EC5, 48 }, // U+1EC5
    { 0x1EC6, 25 }, // U+1EC6
    { 0x1EC7, 48 }, // U+1EC7
    { 0x1EC8, 28 }, // U+1EC8
    { 0x1EC9, 54 }, // U+1EC9
    { 0x1ECA, 28 }, // U+1ECA
    { 0x1ECB, 54 }, // U+1ECB
    { 0x1ECC, 72 }, // U+1ECC
    { 0x1ECD, 48 }, // U+1ECD
    { 0x1ECE, 72 }, // U+1ECE
    { 0x1ECF, 48 }, // U+1ECF
    { 0x1ED0, 72 }, // U+1ED0
    { 0x1ED1, 48 }, // U+1ED1
    { 0x1ED2, 72 }, // U+1ED2
    { 0x1ED3, 48 }, // U+1ED3
    { 0x1ED4, 72 }, // U+1ED4
    { 0x1ED5, 48 }, // U+1ED5
    { 0x1ED6, 72 }, // U+1ED6
    { 0x1ED7, 48 }, // U+1ED7
    { 0x1ED8, 72 }, // U+1ED8
    { 0x1ED9, 48 }, // U+1ED9
    { 0x1EDA, 87 }, // U+1EDA
    { 0x1EDB, 48 }, // U+1EDB
    { 0x1EDC, 87 }, // U+1EDC
    { 0x1EDD, 48 }, // U+1EDD
    { 0x1EDE, 87 }, // U+1EDE
    { 0x1EDF, 48 }, // U+1EDF
    { 0x1EE0, 87 }, // U+1EE0
    { 0x1EE1, 48 }, // U+1EE1
    { 0x1EE2, 87 }, // U+1EE2
    { 0x1EE3, 48 }, // U+1EE3
    { 0x1EE5, 47 }, // U+1EE5
    { 0x1EE7, 47 }, // U+1EE7
    { 0x1EE8, 89 }, // U+1EE8
    { 0x1EE9, 90 }, // U+1EE9
    { 0x1EEA, 89 }, // U+1EEA
    { 0x1EEB, 90 }, // U+1EEB
    { 0x1EEC, 89 }, // U+1EEC
    { 0x1EED, 90 }, // U+1EED
    { 0x1EEE, 89 }, // U+1EEE
    { 0x1EEF, 90 }, // U+1EEF
    { 0x1EF0, 89 }, // U+1EF0
    { 0x1EF1, 90 }, // U+1EF1
    { 0x1EF2, 43 }, // U+1EF2
    { 0x1EF3, 63 }, // U+1EF3
    { 0x1EF4, 43 }, // U+1EF4
    { 0x1EF5, 63 }, // U+1EF5
    { 0x1EF6, 43 }, // U+1EF6
    { 0x1EF7, 63 }, // U+1EF7
    { 0x1EF8, 43 }, // U+1EF8
    { 0x1EF9, 63 }, // U+1EF9
    { 0x2010, 6 }, // U+2010
    { 0x2012, 6 }, // U+2012
    { 0x2013, 6 }, // U+2013
    { 0x2014, 6 }, // U+2014
    { 0x2015, 6 }, // U+2015
    { 0x2018, 147 }, // U+2018
    { 0x2019, 148 }, // U+2019
    { 0x201A, 149 }, // U+201A
    { 0x201C, 147 }, // U+201C
    { 0x201D, 148 }, // U+201D
    { 0x201E, 149 }, // U+201E
    { 0x2026, 5 }, // U+2026
    { 0x2039, 66 }, // U+2039
    { 0x203A, 68 }, // U+203A
    { 0x2206, 150 }, // U+2206
    { 0x2212, 151 }, // U+2212
    { 0xFB01, 54 }, // U+FB01
    { 0xFB02, 50 }, // U+FB02
};

static const EpdKernClassEntry literata_10_italicKernRightClasses[] = {
    { 0x0021, 1 }, // !
    { 0x0022, 2 }, // "
    { 0x0025, 3 }, // %
    { 0x0026, 4 }, // &
    { 0x0027, 2 }, // '
    { 0x0029, 5 }, // )
    { 0x002A, 6 }, // *
    { 0x002B, 7 }, // +
    { 0x002C, 8 }, // ,
    { 0x002D, 9 }, // -
    { 0x002E, 10 }, // .
    { 0x002F, 11 }, // /
    { 0x0031, 12 }, // 1
    { 0x0032, 13 }, // 2
    { 0x0033, 14 }, // 3
    { 0x0034, 15 }, // 4
    { 0x0035, 16 }, // 5
    { 0x0036, 17 }, // 6
    { 0x0037, 18 }, // 7
    { 0x0038, 19 }, // 8
    { 0x0039, 20 }, // 9
    { 0x003A, 21 }, // :
    { 0x003B, 21 }, // ;
    { 0x003D, 22 }, // =
    { 0x003F, 23 }, // ?
    { 0x0040, 24 }, // @
    { 0x0041, 25 }, // A
    { 0x0043, 26 }, // C
    { 0x0047, 26 }, // G
    { 0x0048, 27 }, // H
    { 0x0049, 27 }, // I
    { 0x004A, 28 }, // J
    { 0x004D, 29 }, // M
    { 0x004E, 30 }, // N
    { 0x004F, 26 }, // O
    { 0x0050, 27 }, // P
    { 0x0051, 26 }, // Q
    { 0x0053, 31 }, // S
    { 0x0054, 32 }, // T
    { 0x0055, 33 }, // U
    { 0x0056, 34 }, // V
    { 0x0057, 35 }, // W
    { 0x0058, 36 }, // X
    { 0x0059, 37 }, // Y
    { 0x005A, 38 }, // Z
    { 0x005C, 39 }, // <backslash>
    { 0x005D, 40 }, // ]
    { 0x0061, 41 }, // a
    { 0x0062, 42 }, // b
    { 0x0063, 43 }, // c
    { 0x0064, 44 }, // d
    { 0x0065, 44 }, // e
    { 0x0066, 45 }, // f
    { 0x0067, 46 }, // g
    { 0x0068, 47 }, // h
    { 0x0069, 48 }, // i
    { 0x006A, 49 }, // j
    { 0x006B, 47 }, // k
    { 0x006C, 47 }, // l
    { 0x006D, 50 }, // m
    { 0x006E, 50 }, // n
    { 0x006F, 51 }, // o
    { 0x0070, 52 }, // p
    { 0x0071, 53 }, // q
    { 0x0072, 54 }, // r
    { 0x0073, 55 }, // s
    { 0x0074, 56 }, // t
    { 0x0075, 57 }, // u
    { 0x0076, 58 }, // v
    { 0x0077, 59 }, // w
    { 0x0078, 60 }, // x
    { 0x0079, 61 }, // y
    { 0x007A, 62 }, // z
    { 0x00A1, 63 }, // U+00A1
    { 0x00AB, 64 }, // U+00AB
    { 0x00AD, 9 }, // U+00AD
    { 0x00B0, 65 }, // U+00B0
    { 0x00B2, 66 }, // U+00B2
    { 0x00B3, 66 }, // U+00B3
    { 0x00B7, 67 }, // U+00B7
    { 0x00B9, 66 }, // U+00B9
    { 0x00BB, 68 }, // U+00BB
    { 0x00BF, 69 }, // U+00BF
    { 0x00C0, 25 }, // U+00C0
    { 0x00C1, 70 }, // U+00C1
    { 0x00C2, 25 }, // U+00C2
    { 0x00C3, 25 }, // U+00C3
    { 0x00C4, 25 }, // U+00C4
    { 0x00C5, 25 }, // U+00C5
    { 0x00C6, 25 }, // U+00C6
    { 0x00C7, 26 }, // U+00C7
    { 0x00CC, 27 }, // U+00CC
    { 0x00CD, 27 }, // U+00CD
    { 0x00CE, 27 }, // U+00CE
    { 0x00CF, 27 }, // U+00CF
    { 0x00D1, 30 }, // U+00D1
    { 0x00D2, 26 }, // U+00D2
    { 0x00D3, 26 }, // U+00D3
    { 0x00D4, 26 }, // U+00D4
    { 0x00D5, 26 }, // U+00D5
    { 0x00D6, 26 }, // U+00D6
    { 0x00D7, 71 }, // U+00D7
    { 0x00D8, 26 }, // U+00D8
    { 0x00D9, 33 }, // U+00D9
    { 0x00DA, 33 }, // U+00DA
    { 0x00DB, 33 }, // U+00DB
    { 0x00DC, 33 }, // U+00DC
    { 0x00DD, 37 }, // U+00DD
    { 0x00DE, 27 }, // U+00DE
    { 0x00DF, 72 }, // U+00DF
    { 0x00E0, 73 }, // U+00E0
    { 0x00E1, 74 }, // U+00E1
    { 0x00E2, 75 }, // U+00E2
    { 0x00E3, 76 }, // U+00E3
    { 0x00E4, 77 }, // U+00E4
    { 0x00E5, 74 }, // U+00E5
    { 0x00E6, 51 }, // U+00E6
    { 0x00E7, 51 }, // U+00E7
    { 0x00E8, 78 }, // U+00E8
    { 0x00E9, 51 }, // U+00E9
    { 0x00EA, 79 }, // U+00EA
    { 0x00EB, 80 }, // U+00EB
    { 0x00EC, 81 }, // U+00EC
    { 0x00ED, 48 }, // U+00ED
    { 0x00EE, 82 }, // U+00EE
    { 0x00EF, 83 }, // U+00EF
    { 0x00F0, 84 }, // U+00F0
    { 0x00F1, 50 }, // U+00F1
    { 0x00F2, 85 }, // U+00F2
    { 0x00F3, 51 }, // U+00F3
    { 0x00F4, 86 }, // U+00F4
    { 0x00F5, 87 }, // U+00F5
    { 0x00F6, 88 }, // U+00F6
    { 0x00F8, 51 }, // U+00F8
    { 0x00F9, 57 }, // U+00F9
    { 0x00FA, 57 }, // U+00FA
    { 0x00FB, 57 }, // U+00FB
    { 0x00FC, 57 }, // U+00FC
    { 0x00FD, 61 }, // U+00FD
    { 0x00FE, 89 }, // U+00FE
    { 0x00FF, 61 }, // U+00FF
    { 0x0100, 25 }, // U+0100
    { 0x0101, 90 }, // U+0101
    { 0x0102, 25 }, // U+0102
    { 0x0103, 91 }, // U+0103
    { 0x0104, 25 }, // U+0104
    { 0x0105, 92 }, // U+0105
    { 0x0106, 26 }, // U+0106
    { 0x0107, 51 }, // U+0107
    { 0x0108, 26 }, // U+0108
    { 0x0109, 51 }, // U+0109
    { 0x010A, 26 }, // U+010A
    { 0x010B, 51 }, // U+010B
    { 0x010C, 26 }, // U+010C
    { 0x010D, 93 }, // U+010D
    { 0x010F, 51 }, // U+010F
    { 0x0111, 51 }, // U+0111
    { 0x0113, 94 }, // U+0113
    { 0x0115, 95 }, // U+0115
    { 0x0117, 51 }, // U+0117
    { 0x0119, 51 }, // U+0119
    { 0x011B, 96 }, // U+011B
    { 0x011C, 26 }, // U+011C
    { 0x011D, 97 }, // U+011D
    { 0x011E, 26 }, // U+011E
    { 0x011F, 98 }, // U+011F
    { 0x0120, 26 }, // U+0120
    { 0x0121, 97 }, // U+0121
    { 0x0122, 26 }, // U+0122
    { 0x0123, 97 }, // U+0123
    { 0x0124, 27 }, // U+0124
    { 0x0125, 47 }, // U+0125
    { 0x0126, 27 }, // U+0126
    { 0x0127, 47 }, // U+0127
    { 0x0128, 27 }, // U+0128
    { 0x0129, 99 }, // U+0129
    { 0x012A, 27 }, // U+012A
    { 0x012B, 100 }, // U+012B
    { 0x012C, 27 }, // U+012C
    { 0x012D, 101 }, // U+012D
    { 0x012E, 27 }, // U+012E
    { 0x012F, 48 }, // U+012F
    { 0x0130, 27 }, // U+0130
    { 0x0131, 50 }, // U+0131
    { 0x0132, 27 }, // U+0132
    { 0x0134, 102 }, // U+0134
    { 0x0135, 103 }, // U+0135
    { 0x0137, 47 }, // U+0137
    { 0x0138, 50 }, // U+0138
    { 0x013A, 47 }, // U+013A
    { 0x013C, 47 }, // U+013C
    { 0x013E, 47 }, // U+013E
    { 0x0140, 47 }, // U+0140
    { 0x0142, 104 }, // U+0142
    { 0x0143, 30 }, // U+0143
    { 0x0144, 50 }, // U+0144
    { 0x0145, 30 }, // U+0145
    { 0x0146, 50 }, // U+0146
    { 0x0147, 30 }, // U+0147
    { 0x0148, 50 }, // U+0148
    { 0x0149, 50 }, // U+0149
    { 0x014A, 30 }, // U+014A
    { 0x014B, 50 }, // U+014B
    { 0x014C, 26 }, // U+014C
    { 0x014D, 105 }, // U+014D
    { 0x014E, 26 }, // U+014E
    { 0x014F, 106 }, // U+014F
    { 0x0150, 26 }, // U+0150
    { 0x0151, 51 }, // U+0151
    { 0x0152, 26 }, // U+0152
    { 0x0153, 51 }, // U+0153
    { 0x0155, 50 }, // U+0155
    { 0x0157, 50 }, // U+0157
    { 0x0159, 107 }, // U+0159
    { 0x015A, 31 }, // U+015A
    { 0x015B, 55 }, // U+015B
    { 0x015C, 31 }, // U+015C
    { 0x015D, 108 }, // U+015D
    { 0x015E, 31 }, // U+015E
    { 0x015F, 55 }, // U+015F
    { 0x0160, 31 }, // U+0160
    { 0x0161, 109 }, // U+0161
    { 0x0162, 110 }, // U+0162
    { 0x0163, 56 }, // U+0163
    { 0x0164, 110 }, // U+0164
    { 0x0165, 56 }, // U+0165
    { 0x0166, 110 }, // U+0166
    { 0x0168, 33 }, // U+0168
    { 0x0169, 57 }, // U+0169
    { 0x016A, 33 }, // U+016A
    { 0x016B, 57 }, // U+016B
    { 0x016C, 33 }, // U+016C
    { 0x016D, 57 }, // U+016D
    { 0x016E, 33 }, // U+016E
    { 0x016F, 57 }, // U+016F
    { 0x0170, 33 }, // U+0170
    { 0x0171, 57 }, // U+0171
    { 0x0172, 33 }, // U+0172
    { 0x0173, 57 }, // U+0173
    { 0x0174, 35 }, // U+0174
    { 0x0175, 58 }, // U+0175
    { 0x0176, 37 }, // U+0176
    { 0x0177, 61 }, // U+0177
    { 0x0178, 37 }, // U+0178
    { 0x0179, 38 }, // U+0179
    { 0x017A, 62 }, // U+017A
    { 0x017B, 38 }, // U+017B
    { 0x017C, 62 }, // U+017C
    { 0x017D, 38 }, // U+017D
    { 0x017E, 111 }, // U+017E
    { 0x01A0, 26 }, // U+01A0
    { 0x01A1, 51 }, // U+01A1
    { 0x01AF, 33 }, // U+01AF
    { 0x01B0, 57 }, // U+01B0
    { 0x01C6, 51 }, // U+01C6
    { 0x01C9, 47 }, // U+01C9
    { 0x01CA, 30 }, // U+01CA
    { 0x01CC, 50 }, // U+01CC
    { 0x01CD, 25 }, // U+01CD
    { 0x01CE, 51 }, // U+01CE
    { 0x01CF, 27 }, // U+01CF
    { 0x01D0, 112 }, // U+01D0
    { 0x01D1, 26 }, // U+01D1
    { 0x01D2, 51 }, // U+01D2
    { 0x01D3, 33 }, // U+01D3
    { 0x01D4, 57 }, // U+01D4
    { 0x01D5, 33 }, // U+01D5
    { 0x01D6, 57 }, // U+01D6
    { 0x01D7, 33 }, // U+01D7
    { 0x01D8, 57 }, // U+01D8
    { 0x01D9, 33 }, // U+01D9
    { 0x01DA, 57 }, // U+01DA
    { 0x01DB, 33 }, // U+01DB
    { 0x01DC, 57 }, // U+01DC
    { 0x01E6, 26 }, // U+01E6
    { 0x01E7, 97 }, // U+01E7
    { 0x01EA, 26 }, // U+01EA
    { 0x01EB, 51 }, // U+01EB
    { 0x01FA, 25 }, // U+01FA
    { 0x01FB, 51 }, // U+01FB
    { 0x01FC, 25 }, // U+01FC
    { 0x01FD, 51 }, // U+01FD
    { 0x01FE, 26 }, // U+01FE
    { 0x01FF, 51 }, // U+01FF
    { 0x0200, 25 }, // U+0200
    { 0x0201, 51 }, // U+0201
    { 0x0202, 25 }, // U+0202
    { 0x0203, 51 }, // U+0203
    { 0x0205, 113 }, // U+0205
    { 0x0207, 51 }, // U+0207
    { 0x0208, 27 }, // U+0208
    { 0x0209, 114 }, // U+0209
    { 0x020A, 27 }, // U+020A
    { 0x020B, 115 }, // U+020B
    { 0x020C, 26 }, // U+020C
    { 0x020D, 116 }, // U+020D
    { 0x020E, 26 }, // U+020E
    { 0x020F, 117 }, // U+020F
    { 0x0211, 118 }, // U+0211
    { 0x0213, 50 }, // U+0213
    { 0x0214, 33 }, // U+0214
    { 0x0215, 57 }, // U+0215
    { 0x0216, 33 }, // U+0216
    { 0x0217, 57 }, // U+0217
    { 0x0218, 31 }, // U+0218
    { 0x0219, 55 }, // U+0219
    { 0x021A, 110 }, // U+021A
    { 0x021B, 56 }, // U+021B
    { 0x0402, 119 }, // U+0402
    { 0x0404, 120 }, // U+0404
    { 0x0408, 121 }, // U+0408
    { 0x0409, 122 }, // U+0409
    { 0x040B, 119 }, // U+040B
    { 0x040E, 123 }, // U+040E
    { 0x0410, 124 }, // U+0410
    { 0x0414, 125 }, // U+0414
    { 0x0416, 126 }, // U+0416
    { 0x0417, 127 }, // U+0417
    { 0x041B, 122 }, // U+041B
    { 0x041C, 128 }, // U+041C
    { 0x041E, 129 }, // U+041E
    { 0x0421, 129 }, // U+0421
    { 0x0422, 130 }, // U+0422
    { 0x0423, 123 }, // U+0423
    { 0x0424, 131 }, // U+0424
    { 0x0425, 132 }, // U+0425
    { 0x0427, 133 }, // U+0427
    { 0x042A, 134 }, // U+042A
    { 0x042D, 135 }, // U+042D
    { 0x042F, 136 }, // U+042F
    { 0x0430, 137 }, // U+0430
    { 0x0431, 138 }, // U+0431
    { 0x0432, 139 }, // U+0432
    { 0x0433, 140 }, // U+0433
    { 0x0434, 141 }, // U+0434
    { 0x0435, 142 }, // U+0435
    { 0x0436, 143 }, // U+0436
    { 0x0437, 144 }, // U+0437
    { 0x0438, 140 }, // U+0438
    { 0x0439, 140 }, // U+0439
    { 0x043A, 145 }, // U+043A
    { 0x043B, 146 }, // U+043B
    { 0x043C, 147 }, // U+043C
    { 0x043D, 140 }, // U+043D
    { 0x043E, 148 }, // U+043E
    { 0x043F, 149 }, // U+043F
    { 0x0440, 150 }, // U+0440
    { 0x0441, 148 }, // U+0441
    { 0x0442, 151 }, // U+0442
    { 0x0443, 152 }, // U+0443
    { 0x0444, 153 }, // U+0444
    { 0x0445, 154 }, // U+0445
    { 0x0446, 140 }, // U+0446
    { 0x0447, 155 }, // U+0447
    { 0x0448, 156 }, // U+0448
    { 0x0449, 140 }, // U+0449
    { 0x044A, 157 }, // U+044A
    { 0x044B, 140 }, // U+044B
    { 0x044C, 140 }, // U+044C
    { 0x044D, 158 }, // U+044D
    { 0x044E, 140 }, // U+044E
    { 0x044F, 159 }, // U+044F
    { 0x0451, 160 }, // U+0451
    { 0x0452, 161 }, // U+0452
    { 0x0453, 140 }, // U+0453
    { 0x0454, 148 }, // U+0454
    { 0x0455, 162 }, // U+0455
    { 0x0456, 163 }, // U+0456
    { 0x0457, 164 }, // U+0457
    { 0x0458, 165 }, // U+0458
    { 0x0459, 166 }, // U+0459
    { 0x045A, 140 }, // U+045A
    { 0x045B, 167 }, // U+045B
    { 0x045C, 140 }, // U+045C
    { 0x045D, 140 }, // U+045D
    { 0x045E, 152 }, // U+045E
    { 0x045F, 140 }, // U+045F
    { 0x0462, 168 }, // U+0462
    { 0x046A, 169 }, // U+046A
    { 0x046B, 170 }, // U+046B
    { 0x0491, 171 }, // U+0491
    { 0x0493, 172 }, // U+0493
    { 0x0496, 126 }, // U+0496
    { 0x0497, 173 }, // U+0497
    { 0x049B, 140 }, // U+049B
    { 0x04A3, 140 }, // U+04A3
    { 0x04AE, 174 }, // U+04AE
    { 0x04AF, 175 }, // U+04AF
    { 0x04B0, 176 }, // U+04B0
    { 0x04B1, 177 }, // U+04B1
    { 0x04BB, 178 }, // U+04BB
    { 0x04D8, 129 }, // U+04D8
    { 0x04D9, 179 }, // U+04D9
    { 0x04E8, 129 }, // U+04E8
    { 0x04E9, 148 }, // U+04E9
    { 0x1EA0, 25 }, // U+1EA0
    { 0x1EA1, 51 }, // U+1EA1
    { 0x1EA2, 25 }, // U+1EA2
    { 0x1EA3, 51 }, // U+1EA3
    { 0x1EA4, 25 }, // U+1EA4
    { 0x1EA5, 180 }, // U+1EA5
    { 0x1EA6, 25 }, // U+1EA6
    { 0x1EA7, 180 }, // U+1EA7
    { 0x1EA8, 25 }, // U+1EA8
    { 0x1EA9, 180 }, // U+1EA9
    { 0x1EAA, 25 }, // U+1EAA
    { 0x1EAB, 180 }, // U+1EAB
    { 0x1EAC, 25 }, // U+1EAC
    { 0x1EAD, 180 }, // U+1EAD
    { 0x1EAE, 25 }, // U+1EAE
    { 0x1EAF, 51 }, // U+1EAF
    { 0x1EB0, 25 }, // U+1EB0
    { 0x1EB1, 51 }, // U+1EB1
    { 0x1EB2, 25 }, // U+1EB2
    { 0x1EB3, 51 }, // U+1EB3
    { 0x1EB4, 25 }, // U+1EB4
    { 0x1EB5, 51 }, // U+1EB5
    { 0x1EB6, 25 }, // U+1EB6
    { 0x1EB7, 51 }, // U+1EB7
    { 0x1EB9, 51 }, // U+1EB9
    { 0x1EBB, 51 }, // U+1EBB
    { 0x1EBD, 51 }, // U+1EBD
    { 0x1EBF, 117 }, // U+1EBF
    { 0x1EC1, 117 }, // U+1EC1
    { 0x1EC3, 117 }, // U+1EC3
    { 0x1EC5, 117 }, // U+1EC5
    { 0x1EC7, 117 }, // U+1EC7
    { 0x1EC8, 27 }, // U+1EC8
    { 0x1EC9, 181 }, // U+1EC9
    { 0x1ECA, 27 }, // U+1ECA
    { 0x1ECB, 48 }, // U+1ECB
    { 0x1ECC, 26 }, // U+1ECC
    { 0x1ECD, 51 }, // U+1ECD
    { 0x1ECE, 26 }, // U+1ECE
    { 0x1ECF, 51 }, // U+1ECF
    { 0x1ED0, 26 }, // U+1ED0
    { 0x1ED1, 117 }, // U+1ED1
    { 0x1ED2, 26 }, // U+1ED2
    { 0x1ED3, 85 }, // U+1ED3
    { 0x1ED4, 26 }, // U+1ED4
    { 0x1ED5, 117 }, // U+1ED5
    { 0x1ED6, 26 }, // U+1ED6
    { 0x1ED7, 117 }, // U+1ED7
    { 0x1ED8, 26 }, // U+1ED8
    { 0x1ED9, 117 }, // U+1ED9
    { 0x1EDA, 26 }, // U+1EDA
    { 0x1EDB, 51 }, // U+1EDB
    { 0x1EDC, 26 }, // U+1EDC
    { 0x1EDD, 51 }, // U+1EDD
    { 0x1EDE, 26 }, // U+1EDE
    { 0x1EDF, 180 }, // U+1EDF
    { 0x1EE0, 26 }, // U+1EE0
    { 0x1EE1, 117 }, // U+1EE1
    { 0x1EE2, 26 }, // U+1EE2
    { 0x1EE3, 51 }, // U+1EE3
    { 0x1EE4, 33 }, // U+1EE4
    { 0x1EE5, 57 }, // U+1EE5
    { 0x1EE6, 33 }, // U+1EE6
    { 0x1EE7, 57 }, // U+1EE7
    { 0x1EE8, 33 }, // U+1EE8
    { 0x1EE9, 57 }, // U+1EE9
    { 0x1EEA, 33 }, // U+1EEA
    { 0x1EEB, 57 }, // U+1EEB
    { 0x1EEC, 33 }, // U+1EEC
    { 0x1EED, 57 }, // U+1EED
    { 0x1EEE, 33 }, // U+1EEE
    { 0x1EEF, 57 }, // U+1EEF
    { 0x1EF0, 33 }, // U+1EF0
    { 0x1EF1, 57 }, // U+1EF1
    { 0x1EF2, 37 }, // U+1EF2
    { 0x1EF3, 61 }, // U+1EF3
    { 0x1EF4, 37 }, // U+1EF4
    { 0x1EF5, 61 }, // U+1EF5
    { 0x1EF6, 37 }, // U+1EF6
    { 0x1EF7, 61 }, // U+1EF7
    { 0x1EF8, 37 }, // U+1EF8
    { 0x1EF9, 61 }, // U+1EF9
    { 0x2010, 9 }, // U+2010
    { 0x2012, 9 }, // U+2012
    { 0x2013, 182 }, // U+2013
    { 0x2014, 182 }, // U+2014
    { 0x2015, 9 }, // U+2015
    { 0x2018, 183 }, // U+2018
    { 0x2019, 184 }, // U+2019
    { 0x201A, 185 }, // U+201A
    { 0x201C, 186 }, // U+201C
    { 0x201D, 187 }, // U+201D
    { 0x201E, 185 }, // U+201E
    { 0x2022, 7 }, // U+2022
    { 0x2026, 188 }, // U+2026
    { 0x2039, 64 }, // U+2039
    { 0x203A, 68 }, // U+203A
    { 0x2070, 189 }, // U+2070
    { 0x2074, 66 }, // U+2074
    { 0x2075, 66 }, // U+2075
    { 0x2076, 66 }, // U+2076
    { 0x2077, 66 }, // U+2077
    { 0x2078, 66 }, // U+2078
    { 0x2079, 66 }, // U+2079
    { 0x2206, 190 }, // U+2206
    { 0x2212, 191 }, // U+2212
    { 0xFB01, 45 }, // U+FB01
    { 0xFB02, 45 }, // U+FB02
};

static const int8_t literata_10_italicKernMatrix[] = {
       0,    0,    0,    0,    0,    0,    0,  -34,    0,  -34,    0,    0,    0,    0,   -1,    0,    0,    0,    0,    0,    0,    0,    0,    0,  -31,   -6,    0,    0,   -6,    0,    0,    0,    0,    0,    0,    0,    0,    0,    0,    0,  -10,    0,  -10,  -10,   -1,  -13,    0,    0,    0,    0,  -10,    0,  -10,    0,  -19,    0,    0,    0,    0,    0,    0,    0,    0,    0,    0,    0,    0,    0,    0,  -31,    0,    0,  -10,  -10,  -10,  -10,  -10,  -10,  -10,  -10,    0,    0,    0,  -10,  -10,  -10,  -10,  -10,    0,  -10,  -10,  -10,  -10,  -10,  -10,  -10,  -13,  -13,    0,    0,    0,    0,    0,    0,  -10,  -10,    0,  -19,  -19,    0,    0,    0,  -10,    0,    0,  -10,  -10,    0,    0,    0,    0,    0,    0,    0,    0,    0,    0,    0,    0,    0,    0,    0,    0,    0,    0,    0,    0,    0,    0,    0,    0,    0,    0,    0,    0,    0,    0,    0,    0,    0,    0,    0,    0,    0,    0,    0,    0,    0,    0,    0,    0,    0,    0,    0,    0,    0,    0,    0,    0,    0,    0,    0,    0,    0,    0,    0,    0,    0,    0,  -10,    0,    0,    0,    0,    0,    0,    0,  -34,    0,  -28,    0,
       0,    0,    0,    0,    0,    0,    0,    0,    0,    0,    0,    0,    0,    0,    0,    0,    0,    0,    0,    0,    0,    0,    0,    0,  -20,    0,   -6,   -3,   -7,   -5,    0,  -14,   -1,  -22,  -16,  -19,  -25,  -23,    0,    0,    0,    0,    0,    0,    0,    0,    0,    0,    0,    0,    0,    0,    0,    0,    0,    0,    0,    0,    0,    0,    0,    0,    0,    0,    0,    0,    0,    0,    0,  -20,    0,    0,    0,    0,    0,    0,    0,    0,    0,    0,    0,    0,    0,    0,    0,    0,    0,    0,    0,    0,    0,    0,    0,    0,    0,    0,    0,    0,    0,    0,    0,   -3,    0,    0,    0,    0,    0,    0,    0,  -14,    0,    0,    0,    0,    0,    0,    0,    0,    0,    0,    0,    0,    0,    0,    0,    0,    0,    0,    0,    0,    0,    0,    0,    0,    0,    0,    0,    0,    0,    0,    0,    0,    0,    0,    0,    0,    0,    0,    0,    0,    0,    0,    0,    0,    0,    0,    0,    0,    0,    0,    0,    0,    0,    0,    0,    0,    0,    0,    0,    0,    0,    0,    0,    0,    0,    0,    0,    0,    0,    0,    0,    0,    0,    0,    0,    0,    0,    0,    0,  -18,    0,
       0,    0,    0,    0,    0,    0,    0,    0,    0,    0,    0,    0,    0,    0,    0,    0,    0,    0,    0,    0,    0,    0,    0,    0,    0,    0,    0,    0,    0,    0,    0,    0,    0,    0,    0,    0,    0,    0,    0,    0,    0,    0,    0,    0,    9,    0,    0,    0,   10,    0,    0,    0,    0,    0,    0,    0,    0,    0,    0,    0,    0,    0,    0,    0,    0,    0,    0,    0,    0,    0,    0,    0,    0,    0,    0,    0,    0,    0,    0,    0,    0,    0,    0,    0,    0,    0,    0,    0,    0,    0,    0,    0,    0,    0,    0,    0,    0,    0,    0,    0,    0,    0,   10,    0,    0,    0,    0,    0,    0,    0,    0,    0,    0,    0,    0,    0,    0,    0,    0,    0,    0,    0,    0,    0,    0,    0,    0,    0,    0,    0,    0,    0,    0,    0,    0,    0,    0,    0,    0,    0,    0,    0,    0,    0,    0,    0,    0,    0,    0,    0,    0,    0,    0,    0,    0,    0,    0,    0,    0,    0,    0,    0,    0,    0,    0,    0,    0,    0,    0,    0,    0,    0,    0,    0,    0,    0,    0,    0,    0,    0,    0,    0,    0,    0,    0,    0,    0,    0,    0,    0,    0,
       0,    0,    0,    0,    0,    0,    0,    0,    0,    0,    0,    0,    0,    0,  -21,    0,    0,    0,    0,    0,    0,    0,    0,    0,  -34,    0,    0,  -31,   -1,    0,    0,    0,    0,    0,    0,    0,    0,    0,    0,    0,  -13,    0,  -13,  -13,    0,  -20,    0,    0,    0,    0,  -13,    0,  -13,    0,   -7,    0,    0,    0,    0,    0,    0,    0,    0,    0,    0,    0,    0,    0,    0,  -34,    0,    0,  -13,  -13,  -13,  -13,  -13,  -13,  -13,  -13,    0,    0,    0,  -13,  -13,  -13,  -13,  -13,    0,  -13,  -13,  -13,  -13,  -13,  -13,  -13,  -20,  -20,    0,    0,    0,  -31,    0,    0,  -13,  -13,    0,   -7,   -7,    0,    0,    0,  -13,    0,    0,  -13,  -13,    0,    0,    0,    0,    0,    0,    0,    0,    0,    0,    0,    0,    0,    0,    0,    0,    0,    0,    0,    0,    0,    0,    0,    0,    0,    0,    0,    0,    0,    0,    0,    0,    0,    0,    0,    0,    0,    0,    0,    0,    0,    0,    0,    0,    0,    0,    0,    0,    0,    0,    0,    0,    0,    0,    0,    0,    0,    0,    0,    0,    0,    0,  -13,    0,    0,    0,    0,    0,    0,    0,    0,    0,  -31,    0,
       0,  -33,    0,    0,    0,    0,    0,    0,    0,    0,    0,    0,    0,    0,   -7,    0,    0,  -20,    0,    0,    0,    0,  -23,    0,    0,  -10,    0,    0,    0,    0,    0,  -33,  -10,  -42,  -27,    0,  -40,    0,    0,    0,   -4,    0,   -4,   -4,    0,    0,    0,    0,    0,    0,   -4,    0,   -4,    0,    0,  -13,  -13,  -28,  -28,    0,  -10,    0,    0,    0,    0,  -34,    0,    0,    0,    0,    0,    0,   -4,   -4,   -4,   -4,   -4,   -4,   -4,   -4,    0,    0,    0,   -4,   -4,   -4,   -4,   -4,    0,   -4,   -4,   -4,   -4,   -4,   -4,   -4,    0,    0,    0,    0,    0,    0,    0,    0,   -4,   -4,    0,    0,    0,  -33,    0,    0,   -4,    0,    0,   -4,   -4,    0,    0,    0,    0,    0,    0,    0,    0,    0,    0,    0,    0,    0,    0,    0,    0,    0,    0,    0,    0,    0,    0,    0,    0,    0,    0,    0,    0,    0,    0,    0,    0,    0,    0,    0,    0,    0,    0,    0,    0,    0,    0,    0,    0,    0,    0,    0,    0,    0,    0,    0,    0,    0,    0,    0,    0,    0,    0,    0,    0,    0,    0,   -4,    0,    0,  -33,  -34,    0,  -33,  -34,    0,  -28,    0,    0,
       0,    0,    0,    0,    0,    0,    0,    0,    0,    0,    0,    0,   -8,   -7,    0,    0,    0,  -33,    0,    0,    0,    0,    0,    0,   -9,    0,    0,    0,    0,    0,   -9,  -29,    0,  -17,  -13,  -16,  -27,  -12,    0,    0,    0,    0,    0,    0,    0,    0,    0,    0,    0,    0,    0,    0,    0,    0,    0,    0,    0,   -6,   -6,   -1,    0,    0,    0,    0,    0,    0,    0,    0,    0,   -9,    0,    0,    0,    0,    0,    0,    0,    0,    0,    0,    0,    0,    0,    0,    0,    0,    0,    0,    0,    0,    0,    0,    0,    0,    0,    0,    0,    0,    0,    0,    0,    0,    0,    0,    0,    0,    0,    0,    0,  -29,    0,    0,    0,    0,    0,    0,    0,    0,    0,    0,    0,    0,  -15,    0,    0,    0,    0,    0,    0,   -9,    0,   -9,    0,    0,    0,    0,    0,    0,    0,    0,    0,    0,    0,    0,    0,    0,    0,    0,    0,    0,    0,    0,    0,    0,    0,    0,    9,    0,    0,    0,    0,    0,    0,    0,    0,    0,    0,    0,    0,    0,    0,    0,    0,  -15,    0,  -15,    0,    0,    0,    0,    0,    0,    0,    0,    0,    0,    0,    0,    0,   -9,    0,
       0,    0,    0,    0,    0,    0,    0,  -46,    0,  -46,  -67,    0,    0,   -7,  -28,  -11,    0,    0,   -1,  -11,    0,    0,    0,  -28,  -35,  -13,    0,  -18,    0,    0,   -9,    0,    0,    0,    0,    0,    0,    0,    0,    0,  -28,    0,  -28,  -28,   -1,   -3,    0,   -3,    0,   -2,  -28,   -2,  -28,   -2,  -24,  -11,   -6,    0,    0,   -8,    0,  -11,    0,    0,    0,    0,    0,    0,    0,  -35,    0,    0,  -28,  -28,  -28,  -28,  -28,  -28,  -28,  -28,   -3,   -3,   -3,  -28,  -28,  -28,  -28,  -28,    0,  -28,  -28,  -28,  -28,  -28,  -28,  -28,   -3,   -3,   -3,   -3,   -3,  -18,    0,    0,  -28,  -28,   -2,  -24,  -24,    0,  -11,   -3,  -28,   -3,   -3,  -28,  -28,   -2,    0,    0,    0,    0,    0,    0,    0,    0,    0,    0,    0,    0,    0,    0,    0,    0,    0,    0,    0,    0,    0,    0,    0,    0,    0,    0,    0,    0,    0,    0,    0,    0,    0,    0,    0,    0,    0,    0,    0,    0,    0,    0,    0,    0,    0,    0,    0,    0,    0,    0,    0,    0,    0,    0,    0,    0,    0,    0,    0,    0,    0,  -28,   -3,    0,    0,    0,  -37,    0,    0,  -46,    0,  -31,    0,
       0,    0,    0,    0,    0,    0,    0,    0,    0,    0,    0,    0,    0,    0,    0,    0,    0,   -1,    0,    0,    0,    0,    0,    0,    0,    0,    0,    0,    0,    0,    0,    0,    0,    0,    0,    0,    0,    0,    0,    0,    0,    0,    0,    0,    0,    0,    0,    0,    0,    0,    0,    0,    0,    0,    0,    0,    0,    0,    0,    0,    0,    0,    0,    0,    0,    0,    0,    0,    0,    0,    0,    0,    0,    0,    0,    0,    0,    0,    0,    0,    0,    0,    0,    0,    0,    0,    0,    0,    0,    0,    0,    0,    0,    0,    0,    0,    0,    0,    0,    0,    0,    0,    0,    0,    0,    0,    0,    0,    0,    0,    0,    0,    0,    0,    0,    0,    0,    0,    0,    0,    0,    0,    0,    0,    0,    0,    0,    0,    0,    0,    0,    0,    0,    0,    0,    0,    0,    0,    0,    0,    0,    0,    0,    0,    0,    0,    0,    0,    0,    0,    0,    0,    0,    0,    0,    0,    0,    0,    0,    0,    0,    0,    0,    0,    0,    0,    0,    0,    0,    0,    0,    0,    0,    0,    0,    0,    0,    0,    0,    0,    0,    0,    0,    0,    0,    0,    0,    0,    0,    0,    0,
       0,   -1,  -15,    0,    0,  -13,    0,    0,    0,    0,    0,    0,    0,    0,   -7,    0,    0,  -14,    0,    0,    0,    0,    0,    0,    0,    0,    0,    0,    0,    0,    0,    0,    0,    0,    0,    0,    0,    0,  -13,    0,    0,    0,    0,    0,    0,    0,    0,    0,    0,    0,    0,    0,    0,    0,    0,    0,    0,    0,    0,    0,    0,    0,    0,    0,   -6,    0,    0,    0,    0,    0,    0,    0,    0,    0,    0,    0,    0,    0,    0,    0,    0,    0,    0,    0,    0,    0,    0,    0,    0,    0,    0,    0,    0,    0,    0,    0,    0,    0,    0,    0,    0,    0,    0,    0,    0,    0,    0,    0,    0,    0,    0,    0,    0,    0,    0,    0,    0,    0,    0,    0,    0,    0,    0,    0,    0,    0,    0,    0,    0,    0,    0,    0,    0,    0,    0,    0,    0,    0,    0,    0,    0,    0,    0,    0,    0,    0,    0,    0,    0,    0,    0,    0,    0,    0,    0,    0,    0,    0,    0,    0,    0,    0,    0,    0,    0,    0,    0,    0,    0,    0,    0,    0,    0,    0,    0,    0,    0,    0,    0,    0,    0,    0,   -2,    0,    0,   -2,    0,    0,    0,    0,    0,
       0,    0,    0,    0,    0,    0,    0,    0,    0,    0,    0,    0,    0,    0,    0,    0,    0,  -13,    0,    0,    0,    0,    0,    0,    0,    0,    0,    0,    0,    0,    0,    0,    0,    0,    0,    0,    0,    0,   -6,    0,    0,    0,    0,    0,    0,    0,    0,    0,    0,    0,    0,    0,    0,    0,    0,    0,    0,    0,    0,    0,    0,    0,    0,    0,    0,    0,    0,    0,    0,    0,    0,    0,    0,    0,    0,    0,    0,    0,    0,    0,    0,    0,    0,    0,    0,    0,    0,    0,    0,    0,    0,    0,    0,    0,    0,    0,    0,    0,    0,    0,    0,    0,    0,    0,    0,    0,    0,    0,    0,    0,    0,    0,    0,    0,    0,    0,    0,    0,    0,    0,    0,    0,    0,    0,    0,    0,    0,    0,    0,    0,    0,    0,    0,    0,    0,    0,    0,    0,    0,    0,    0,    0,    0,    0,    0,    0,    0,    0,    0,    0,    0,    0,    0,    0,    0,    0,    0,    0,    0,    0,    0,    0,    0,    0,    0,    0,    0,    0,    0,    0,    0,    0,    0,    0,    0,    0,    0,    0,    0,    0,    0,    0,    0,    0,    0,    0,    0,    0,    0,    0,    0,
       0,    0,    0,    0,    0,    0,    0,    0,    0,    0,    0,    0,    0,    0,    0,    0,    0,  -11,    0,   -3,    0,    0,    0,    0,    0,    0,    0,    0,    0,    0,    0,    0,    0,    0,    0,    0,    0,    0,   -6,    0,    0,    0,    0,    0,    0,    0,    0,    0,    0,    0,    0,    0,    0,    0,    0,    0,    0,    0,    0,    0,    0,    0,    0,    0,    0,    0,    0,    0,    0,    0,    0,    0,    0,    0,    0,    0,    0,    0,    0,    0,    0,    0,    0,    0,    0,    0,    0,    0,    0,    0,    0,    0,    0,    0,    0,    0,    0,    0,    0,    0,    0,    0,    0,    0,    0,    0,    0,    0,    0,    0,    0,    0,    0,    0,    0,    0,    0,    0,    0,    0,    0,    0,    0,    0,    0,    0,    0,    0,    0,    0,    0,    0,    0,    0,    0,    0,    0,    0,    0,    0,    0,    0,    0,    0,    0,    0,    0,    0,    0,    0,    0,    0,    0,    0,    0,    0,    0,    0,    0,    0,    0,    0,    0,    0,    0,    0,    0,    0,    0,    0,    0,    0,    0,    0,    0,    0,    0,    0,    0,    0,    0,    0,    0,    0,    0,    0,    0,    0,    0,    0,    0,
       0,   -1,  -10,    0,    0,  -12,    0,    0,    0,    0,    0,    0,    0,    0,    0,    0,    0,  -19,    0,    0,    0,    0,    0,    0,    0,    0,    0,    0,    0,    0,    0,    0,    0,    0,    0,    0,    0,    0,  -14,    0,    0,    0,    0,    0,    0,    0,    0,    0,    0,    0,    0,    0,    0,    0,    0,    0,    0,    0,    0,    0,    0,    0,    0,    0,  -12,    0,    0,    0,    0,    0,    0,    0,    0,    0,    0,    0,    0,    0,    0,    0,    0,    0,    0,    0,    0,    0,    0,    0,    0,    0,    0,    0,    0,    0,    0,    0,    0,    0,    0,    0,    0,    0,    0,    0,    0,    0,    0,    0,    0,    0,    0,    0,    0,    0,    0,    0,    0,    0,    0,    0,    0,    0,    0,    0,    0,    0,    0,    0,    0,    0,    0,    0,    0,    0,    0,    0,    0,    0,    0,    0,    0,    0,    0,    0,    0,    0,    0,    0,    0,    0,    0,    0,    0,    0,    0,    0,    0,    0,    0,    0,    0,    0,    0,    0,    0,    0,    0,    0,    0,    0,    0,    0,    0,    0,    0,    0,    0,    0,    0,    0,    0,    0,    0,    0,    0,    0,    0,    0,    0,    0,    0,
       0,   -1,    0,    0,    0,    0,    0,    0,    0,    0,    0,    0,   -4,    0,    0,    0,    0,  -12,    0,    0,    0,    0,    0,    0,    0,    0,    0,    0,    0,    0,    0,    0,    0,    0,    0,    0,    0,    0,    0,    0,    0,    0,    0,    0,    0,    0,    0,    0,    0,    0,    0,    0,    0,    0,    0,    0,    0,    0,    0,    0,    0,    0,    0,    0,    0,    0,    0,    0,    0,    0,    0,    0,    0,    0,    0,    0,    0,    0,    0,    0,    0,    0,    0,    0,    0,    0,    0,    0,    0,    0,    0,    0,    0,    0,    0,    0,    0,    0,    0,    0,    0,    0,    0,    0,    0,    0,    0,    0,    0,    0,    0,    0,    0,    0,    0,    0,    0,    0,    0,    0,    0,    0,    0,    0,    0,    0,    0,    0,    0,    0,    0,    0,    0,    0,    0,    0,    0,    0,    0,    0,    0,    0,    0,    0,    0,    0,    0,    0,    0,    0,    0,    0,    0,    0,    0,    0,    0,    0,    0,    0,    0,    0,    0,    0,    0,    0,    0,    0,    0,    0,    0,    0,    0,    0,    0,    0,    0,    0,    0,    0,    0,    0,    0,    0,    0,    0,    0,    0,    0,    0,    0,
       0,    0,   -6,    0,    0,    0,    0,  -34,  -14,  -34,  -33,    0,    0,    0,  -20,   -5,  -11,    0,   -5,    0,  -13,  -15,    0,    0,    0,    0,    0,    0,    0,    0,    0,    0,    0,    0,    0,    0,    0,    0,    0,    0,    0,    0,    0,    0,    0,    0,    0,    0,    0,    0,    0,    0,    0,    0,    0,    0,    0,    0,    0,    0,    0,    0,    0,    0,    1,    0,  -17,    0,    0,    0,  -15,    0,    0,    0,    0,    0,    0,    0,    0,    0,    0,    0,    0,    0,    0,    0,    0,    0,    0,    0,    0,    0,    0,    0,    0,    0,    0,    0,    0,    0,    0,    0,    0,    0,    0,    0,    0,    0,    0,    0,    0,    0,    0,    0,    0,    0,    0,    0,    0,    0,    0,    0,    0,    0,    0,    0,    0,    0,    0,    0,    0,    0,    0,    0,    0,    0,    0,    0,    0,    0,    0,    0,    0,    0,    0,    0,    0,    0,    0,    0,    0,    0,    0,    0,    0,    0,    0,    0,    0,    0,    0,    0,    0,    0,    0,    0,    0,    0,    0,    0,    0,    0,    0,    0,    0,    0,    0,    0,    0,    0,    0,  -14,    0,    0,    0,    0,    0,  -34,    0,    0,  -14,
       0,    0,    0,    0,    0,    0,    0,    0,    0,    0,    0,    0,    0,    0,    0,    0,    0,   -7,    0,    0,    0,    0,    0,    0,    0,    0,    0,    0,    0,    0,    0,    0,    0,    0,    0,    0,    0,    0,    0,    0,    0,    0,    0,    0,    0,    0,    0,    0,    0,    0,    0,    0,    0,    0,    0,    0,    0,    0,    0,    0,    0,    0,    0,    0,    0,    0,    0,    0,    0,    0,    0,    0,    0,    0,    0,    0,    0,    0,    0,    0,    0,    0,    0,    0,    0,    0,    0,    0,    0,    0,    0,    0,    0,    0,    0,    0,    0,    0,    0,    0,    0,    0,    0,    0,    0,    0,    0,    0,    0,    0,    0,    0,    0,    0,    0,    0,    0,    0,    0,    0,    0,    0,    0,    0,    0,    0,    0,    0,    0,    0,    0,    0,    0,    0,    0,    0,    0,    0,    0,    0,    0,    0,    0,    0,    0,    0,    0,    0,    0,    0,    0,    0,    0,    0,    0,    0,    0,    0,    0,    0,    0,    0,    0,    0,    0,    0,    0,    0,    0,    0,    0,    0,    0,    0,    0,    0,    0,    0,    0,    0,    0,    0,    0,    0,    0,    0,    0,    0,    0,    0,    0,
       0,    0,    0,    0,    0,    0,    0,    0,    0,    0,    0,    0,    0,    0,   -1,   -1,    0,   -4,    0,    0,    0,    0,    0,    0,    0,    0,    0,    0,    0,    0,    0,    0,    0,    0,    0,    0,    0,    0,    0,    0,    0,    0,    0,    0,    0,    0,    0,    0,    0,    0,    0,    0,    0,    0,    0,    0,    0,    0,    0,    0,    0,    0,    0,    0,    0,    0,    0,    0,    0,    0,    0,    0,    0,    0,    0,    0,    0,    0,    0,    0,    0,    0,    0,    0,    0,    0,    0,    0,    0,    0,    0,    0,    0,    0,    0,    0,    0,    0,    0,    0,    0,    0,    0,    0,    0,    0,    0,    0,    0,    0,    0,    0,    0,    0,    0,    0,    0,    0,    0,    0,    0,    0,    0,    0,    0,    0,    0,    0,    0,    0,    0,    0,    0,    0,    0,    0,    0,    0,    0,    0,    0,    0,    0,    0,    0,    0,    0,    0,    0,    0,    0,    0,    0,    0,    0,    0,    0,    0,    0,    0,    0,    0,    0,    0,    0,    0,    0,    0,    0,    0,    0,    0,    0,    0,    0,    0,    0,    0,    0,    0,    0,    0,    0,    0,    0,    0,    0,    0,    0,    0,    0,
       0,    0,    0,    0,    0,    0,    0,    0,    0,    0,    0,    0,   -1,    0,   -3,    0,    0,   -6,    0,    0,    0,    0,    0,    0,    0,    0,    0,    0,    0,    0,    0,    0,    0,    0,    0,    0,    0,    0,    0,    0,    0,    0,    0,    0,    0,    0,    0,    0,    0,    0,    0,    0,    0,    0,    0,    0,    0,    0,    0,    0,    0,    0,    0,    0,    0,    0,    0,    0,    0,    0,    0,    0,    0,    0,    0,    0,    0,    0,    0,    0,    0,    0,    0,    0,    0,    0,    0,    0,    0,    0,    0,    0,    0,    0,    0,    0,    0,    0,    0,    0,    0,    0,    0,    0,    0,    0,    0,    0,    0,    0,    0,    0,    0,    0,    0,    0,    0,    0,    0,    0,    0,    0,    0,    0,    0,    0,    0,    0,    0,    0,    0,    0,    0,    0,    0,    0,    0,    0,    0,    0,    0,    0,    0,    0,    0,    0,    0,    0,    0,    0,    0,    0,    0,    0,    0,    0,    0,    0,    0,    0,    0,    0,    0,    0,    0,    0,    0,    0,    0,    0,    0,    0,    0,    0,    0,    0,    0,    0,    0,    0,    0,    0,    0,    0,    0,    0,    0,    0,    0,    0,    0,
       0,    0,    0,    0,    0,    0,    0,    0,    0,    0,    0,    0,    0,    0,    0,   -6,    0,  -28,    0,    0,    0,    0,    0,    0,    0,    0,    0,    0,    0,    0,    0,    0,    0,    0,    0,    0,    0,    0,    0,    0,    0,    0,    0,    0,    0,    0,    0,    0,    0,    0,    0,    0,    0,    0,    0,    0,    0,    0,    0,    0,    0,    0,    0,    0,    0,    0,    0,    0,    0,    0,    0,    0,    0,    0,    0,    0,    0,    0,    0,    0,    0,    0,    0,    0,    0,    0,    0,    0,    0,    0,    0,    0,    0,    0,    0,    0,    0,    0,    0,    0,    0,    0,    0,    0,    0,    0,    0,    0,    0,    0,    0,    0,    0,    0,    0,    0,    0,    0,    0,    0,    0,    0,    0,    0,    0,    0,    0,    0,    0,    0,    0,    0,    0,    0,    0,    0,    0,    0,    0,    0,    0,    0,    0,    0,    0,    0,    0,    0,    0,    0,    0,    0,    0,    0,    0,    0,    0,    0,    0,    0,    0,    0,    0,    0,    0,    0,    0,    0,    0,    0,    0,    0,    0,    0,    0,    0,    0,    0,    0,    0,    0,    0,    0,    0,    0,    0,    0,    0,    0,    0,    0,
       0,    0,    0,    0,    0,    0,    0,    0,    0,    0,    0,    0,    0,    0,    0,    0,    0,    0,    0,    0,    0,    0,    0,    0,    0,    0,    0,    0,    0,    0,    0,    0,    0,    0,    0,    0,    0,    0,    0,    0,    0,    0,    0,    0,    0,    0,    0,    0,    0,    0,    0,    0,    0,    0,    0,    0,    0,    0,    0,    0,    0,    0,    0,   -1,    0,    0,    0,   -1,    0,    0,    0,    0,    0,    0,    0,    0,    0,    0,    0,    0,    0,    0,    0,    0,    0,    0,    0,    0,    0,    0,    0,    0,    0,    0,    0,    0,    0,    0,    0,    0,    0,    0,    0,    0,    0,    0,    0,    0,    0,    0,    0,    0,    0,    0,    0,    0,    0,    0,    0,    0,    0,    0,    0,    0,    0,    0,    0,    0,    0,    0,    0,    0,    0,    0,    0,    0,    0,    0,    0,    0,    0,    0,    0,    0,    0,    0,    0,    0,    0,    0,    0,    0,    0,    0,    0,    0,    0,    0,    0,    0,    0,    0,    0,    0,    0,    0,    0,    0,    0,    0,    0,    0,    0,    0,    0,    0,    0,    0,    0,    0,    0,    0,    0,    0,    0,    0,    0,    0,    0,    0,    0,
       0,    0,    0,    0,    0,    0,    0,    0,    0,    0,  -12,    0,    0,    0,    0,    0,    0,    0,    0,    0,    0,    0,    0,    0,   -1,    0,    0,    0,    0,    0,    0,  -17,  -12,  -28,  -18,   -7,  -29,   -9,  -22,    0,    0,   -3,    0,    0,    0,    0,   -3,    0,    0,    0,    0,    0,    0,    0,    0,   -3,   -1,   -3,   -3,    0,   -6,   -9,    0,    0,    0,    0,    0,    0,    0,   -1,    0,    0,    0,    0,    0,    0,    0,    0,    0,    0,    0,    0,    0,    0,    0,    0,    0,    0,   -3,    0,    0,    0,    0,    0,    0,    0,    0,    0,    0,    0,    0,    0,    0,   -3,    0,    0,    0,    0,    0,  -17,   -9,    0,    0,    0,    0,    0,    0,    0,    0,    0,    0,    0,    0,    0,    0,    0,    0,    0,    0,    0,    0,    0,    0,    0,    0,    0,    0,    0,    0,    0,    0,    0,    0,    0,    0,    0,    0,    0,    0,    0,    0,    0,    0,    0,    0,    0,    0,    0,    0,    0,    0,    0,    0,    0,    0,    0,    0,    0,    0,    0,    0,    0,    0,    0,    0,    0,    0,    0,    0,    0,    0,    0,    0,    0,    0,    0,    0,    0,    0,    0,    0,
       0,  -34,    0,   -1,    0,  -44,    0,    0,   -9,    0,    0,    0,    0,    0,    0,    0,    0,    0,    0,    0,    0,    0,  -20,    0,    0,   -8,    0,   -4,    0,    0,    0,  -22,  -14,  -30,  -23,    0,  -36,    0,  -34,    0,   -2,  -13,   -2,   -2,    0,    0,   -6,   -2,   -1,    0,   -2,   -4,   -2,    0,    0,  -11,   -6,   -7,   -7,    0,  -13,    0,    0,    0,    0,    0,  -12,    0,    0,    0,    0,    0,   -2,   -2,   -2,   -2,   -2,   -2,   -2,   -2,   -2,   -2,   -2,   -2,   -2,   -2,   -2,   -2,   -6,   -2,   -2,   -2,   -2,   -2,   -2,   -2,    0,    0,   -2,   -2,   -2,   -4,   -1,   -6,   -2,   -2,    0,    0,    0,  -22,    0,   -2,   -2,   -2,   -2,   -2,   -2,    0,    0,    0,    0,    0,    0,    0,    0,    0,    0,    0,    0,    0,    0,    0,    0,    0,    0,    0,    0,    0,    0,    0,    0,    0,    0,    0,    0,    0,    0,    0,    0,    0,    0,    0,    0,    0,    0,    0,    0,    0,    0,    0,    0,    0,    0,    0,    0,    0,    0,    0,    0,    0,    0,    0,    0,    0,    0,    0,    0,    0,    0,   -2,   -2,   -9,  -37,  -33,    0,  -37,  -33,    0,    0,    0,    0,
       0,    0,    0,    0,    0,    0,    0,    0,    0,    0,    0,    0,    0,    0,    0,    0,    0,    0,    0,    0,    0,    0,    0,    0,    0,    0,    0,   -2,    0,    0,    0,   -6,   -3,  -10,   -6,    0,  -10,   -3,    0,    0,    0,    0,    0,    0,    0,    0,    0,    0,    0,    0,    0,    0,    0,    0,    0,   -3,    0,    0,    0,    0,    0,    0,    0,    0,    0,    0,    0,    0,    0,    0,    0,    0,    0,    0,    0,    0,    0,    0,    0,    0,    0,    0,    0,    0,    0,    0,    0,    0,    0,    0,    0,    0,    0,    0,    0,    0,    0,    0,    0,    0,    0,   -2,    0,    0,    0,    0,    0,    0,    0,   -6,    0,    0,    0,    0,    0,    0,    0,    0,    0,    0,    0,    0,    0,    0,    0,    0,    0,    0,    0,    0,    0,    0,    0,    0,    0,    0,    0,    0,    0,    0,    0,    0,    0,    0,    0,    0,    0,    0,    0,    0,    0,    0,    0,    0,    0,    0,    0,    0,    0,    0,    0,    0,    0,    0,    0,    0,    0,    0,    0,    0,    0,    0,    0,    0,    0,    0,    0,    0,    0,    0,    0,    0,    0,    0,    0,    0,    0,    0,    0,    0,    0,
       0,    0,    0,    0,    0,    0,    0,    0,    0,    0,    0,    0,    0,    0,    0,    0,    0,    0,    0,    0,    0,    0,    0,    0,   -2,   -2,    0,    0,    0,    0,    0,   -3,   -2,   -4,   -3,    0,   -4,   -2,    0,    0,    0,   -7,    0,    0,    0,    0,   -3,    0,    0,    0,    0,    0,    0,    0,    0,   -3,   -5,    0,    0,    0,    0,   -3,    0,    0,    0,    0,    0,    0,    0,   -2,    0,    0,    0,    0,    0,    0,    0,    0,    0,    0,    0,    0,    0,    0,    0,    0,    0,    0,   -3,    0,    0,    0,    0,    0,    0,    0,    0,    0,    0,    0,    0,    0,    0,   -3,    0,    0,    0,    0,    0,   -3,   -3,    0,    0,    0,    0,    0,    0,    0,    0,    0,    0,    0,    0,    0,    0,    0,    0,    0,    0,    0,    0,    0,    0,    0,    0,    0,    0,    0,    0,    0,    0,    0,    0,    0,    0,    0,    0,    0,    0,    0,    0,    0,    0,    0,    0,    0,    0,    0,    0,    0,    0,    0,    0,    0,    0,    0,    0,    0,    0,    0,    0,    0,    0,    0,    0,    0,    0,    0,    0,    0,    0,    0,    0,    0,    0,    0,    0,    0,    0,    0,    0,
       0,   -6,    0,    0,    0,    0,    0,  -10,    0,  -10,   -1,    0,    0,    0,    0,    0,    0,    0,    0,    0,    0,    0,   -8,    0,   -7,    0,    0,   -3,   -5,   -3,    0,   -7,   -2,  -17,   -5,  -12,  -11,  -20,  -13,    0,    0,    0,    0,    0,    0,    0,    0,    0,    2,    0,    0,    0,    0,    0,    0,    0,    0,    0,    0,    0,    1,   -6,    0,    0,    0,    0,    0,    0,    0,  -24,    0,    0,    0,    0,    0,    0,    0,    0,    0,    0,    0,    0,    0,    0,    0,    0,    0,    0,    6,    0,    0,    0,    0,    0,    0,    0,    0,    0,    0,    0,    0,    0,    2,    0,    0,    0,    0,    0,    0,   -7,   -6,    0,    0,    0,    0,    0,    0,    0,    0,    0,    0,    0,    0,    0,    0,    0,    0,    0,    0,    0,    0,    0,    0,    0,    0,    0,    0,    0,    0,    0,    0,    0,    0,    0,    0,    0,    0,    0,    0,    0,    0,    0,    0,    0,    0,    0,    0,    0,    0,    0,    0,    0,    0,    0,    0,    0,    0,    0,    0,    0,    0,    0,    0,    0,    0,    0,    0,    0,    0,    0,    0,    0,   -9,  -13,    0,   -9,  -13,  -10,    0,    0,    0,
       0,    0,    0,    0,    0,    0,    0,    0,    0,    0,    0,    0,    0,    0,    0,    0,    0,    0,    0,    0,    0,    0,    0,    0,    0,    0,    0,    0,    0,    0,    0,   -6,   -4,   -2,    0,    0,   -3,    0,    0,    0,    0,    0,    0,    0,    0,    0,    0,    0,    0,    0,    0,    0,    0,    0,    0,   -3,   -3,   -2,   -2,    0,    0,    0,    0,    0,    0,    0,    0,    0,    0,    0,    0,    0,    0,    0,    0,    0,    0,    0,    0,    0,    0,    0,    0,    0,    0,    0,    0,    0,    0,    0,    0,    0,    0,    0,    0,    0,    0,    0,    0,    0,    0,    0,    0,    0,    0,    0,    0,    0,    0,   -6,    0,    0,    0,    0,    0,    0,    0,    0,    0,    0,    0,    0,    0,    0,    0,    0,    0,    0,    0,    0,    0,    0,    0,    0,    0,    0,    0,    0,    0,    0,    0,    0,    0,    0,    0,    0,    0,    0,    0,    0,    0,    0,    0,    0,    0,    0,    0,    0,    0,    0,    0,    0,    0,    0,    0,    0,    0,    0,    0,    0,    0,    0,    0,    0,    0,    0,    0,    0,    0,    0,    0,    0,   -3,   -9,    0,   -3,   -9,    0,    0,    0,    0,
       0,    0,    0,   -1,    0,    0,    0,  -24,  -13,  -24,  -26,    0,    0,    0,    0,    0,    0,    0,    0,    0,    0,    0,    0,  -17,  -29,   -1,    0,    0,   -1,    0,   -2,    0,    0,    0,    0,    0,    0,   -4,    0,    0,  -11,    0,  -11,  -11,   -1,   -2,    0,    0,    0,   -1,  -11,   -1,  -11,   -1,  -14,   -4,   -1,    0,    0,   -1,   -1,   -6,    0,   -1,    0,    0,   -9,   -1,    0,  -29,    0,    0,  -11,  -11,  -11,  -11,  -11,  -11,  -11,  -11,   12,   10,   16,  -11,  -11,  -11,  -11,  -11,    0,  -11,  -11,  -11,  -11,  -11,  -11,  -11,   -2,   -2,   13,    9,   12,    0,   11,    0,  -11,  -11,   -1,  -14,  -14,    0,   -6,    0,  -11,   20,   13,  -11,  -11,   -1,    0,    0,    0,    0,    0,    0,    0,    0,    0,    0,    0,    0,    0,    0,    0,    0,    0,    0,    0,    0,    0,    0,    0,    0,    0,    0,    0,    0,    0,    0,    0,    0,    0,    0,    0,    0,    0,    0,    0,    0,    0,    0,    0,    0,    0,    0,    0,    0,    0,    0,    0,    0,    0,    0,    0,    0,    0,    0,    0,    0,    0,  -11,    6,  -13,    0,    0,    0,    0,    0,  -24,    0,    0,    0,
       0,   -6,    0,    0,    0,   -7,    0,    0,    0,    0,    0,    0,    0,    0,    0,    0,    0,    0,    0,    0,    0,    0,    0,    0,    0,    0,    0,    0,    0,    0,    5,    0,    0,   -3,   -5,    0,   -6,   -2,    0,    0,    0,    0,    0,    0,    0,    0,    0,    0,    0,    0,    0,    0,    0,    0,    0,    0,    0,    0,    0,    0,    0,    0,    0,    0,    0,    0,    0,    0,    0,    0,    0,    0,    0,    0,    0,    0,    0,    0,    0,    0,    0,    0,    0,    0,    0,    0,    0,    0,    0,    0,    0,    0,    0,    0,    0,    0,    0,    0,    0,    0,    0,    0,    0,    0,    0,    0,    0,    0,    0,    0,    0,    0,    0,    0,    0,    0,    0,    0,    0,    0,    0,    0,    0,    0,    0,    0,    0,    0,    0,    0,    0,    0,    0,    0,    0,    0,    0,    0,    0,    0,    0,    0,    0,    0,    0,    0,    0,    0,    0,    0,    0,    0,    0,    0,    0,    0,    0,    0,    0,    0,    0,    0,    0,    0,    0,    0,    0,    0,    0,    0,    0,    0,    0,    0,    0,    0,    0,    0,    0,    0,    0,    0,    0,   -3,    0,    0,   -3,    0,    0,    0,    0,
       0,    0,    0,    0,    0,    0,    0,    0,    0,    0,    0,    0,    0,    0,    0,    0,    0,    0,    0,    0,    0,    0,    0,    0,    0,    0,    0,    0,    0,    0,    0,    0,    0,    0,    0,    0,    0,    0,    0,    0,   -2,    0,   -2,   -2,    0,    0,    0,    0,    0,    0,   -2,   -1,   -2,    0,    0,   -7,   -6,   -4,   -4,    0,   -3,   -3,    0,    0,    0,    0,    0,    0,    0,    0,    0,    0,   -2,   -2,   -2,   -2,   -2,   -2,   -2,   -2,    0,    6,   14,   -2,   -2,   -2,   -2,   -2,    0,   -2,   -2,   -2,   -2,   -2,   -2,   -2,    0,    0,    8,    0,    6,    0,    0,    0,   -2,   -2,    0,    0,    0,    0,   -3,    0,   -2,    0,    0,   -2,   -2,    0,    0,    0,    0,    0,    0,    0,    0,    0,    0,    0,    0,    0,    0,    0,    0,    0,    0,    0,    0,    0,    0,    0,    0,    0,    0,    0,    0,    0,    0,    0,    0,    0,    0,    0,    0,    0,    0,    0,    0,    0,    0,    0,    0,    0,    0,    0,    0,    0,    0,    0,    0,    0,    0,    0,    0,    0,    0,    0,    0,    0,    0,   -2,    0,    0,    0,    0,    0,    0,    0,    0,    0,    0,    0,
       0,    0,    0,   -7,    0,    0,    0,  -10,    0,  -10,  -13,    0,    0,    0,    0,    0,    0,    0,    0,    0,    0,    0,    0,   -1,  -16,   -6,    0,    0,   -2,    0,   -6,    0,    0,    0,    0,    0,    0,   -8,    0,    0,  -10,    0,  -10,  -10,   -6,   -1,    0,   -1,   -1,   -4,  -10,   -4,  -10,   -4,  -13,  -12,   -7,   -7,   -7,   -7,   -7,  -12,    0,   -7,    0,    0,    0,   -1,    0,  -16,    0,    0,  -10,  -10,  -10,  -10,  -10,  -10,  -10,  -10,   -1,   -1,   -1,  -10,  -10,  -10,  -10,  -10,    0,  -10,  -10,  -10,  -10,  -10,  -10,  -10,   -1,   -1,   -1,   -1,   -1,    0,   -1,    0,  -10,  -10,   -4,  -13,  -13,    0,  -12,   -1,  -10,   -1,   -1,  -10,  -10,   -4,    0,    0,    0,    0,    0,    0,    0,    0,    0,    0,    0,    0,    0,    0,    0,    0,    0,    0,    0,    0,    0,    0,    0,    0,    0,    0,    0,    0,    0,    0,    0,    0,    0,    0,    0,    0,    0,    0,    0,    0,    0,    0,    0,    0,    0,    0,    0,    0,    0,    0,    0,    0,    0,    0,    0,    0,    0,    0,    0,    0,    0,  -10,   -1,    0,    0,    0,    0,    0,    0,  -10,    0,    0,    0,
       0,    0,    0,   -2,    0,    0,    0,    0,  -15,    0,    0,    0,    0,    0,    0,    0,    0,    0,    0,    0,    0,    0,   -9,    0,    0,  -12,    0,    0,    0,    0,    0,   -2,   -3,    0,    0,    0,    0,    0,    0,    0,   -6,    0,   -6,   -6,   -1,    0,    0,    0,    0,   -7,   -6,   -7,   -6,   -7,    0,  -13,   -7,   -7,   -7,    0,  -14,    0,    0,   -7,    0,    0,  -25,   -1,    0,    0,    0,    0,   -6,   -6,   -6,   -6,   -6,   -6,   -6,   -6,    0,    5,   19,   -6,   -6,   -6,   -6,   -6,    0,   -6,   -6,   -6,   -6,   -6,   -6,   -6,    0,    0,    0,   15,    1,    0,   -1,    0,   -6,   -6,   -7,    0,    0,   -2,    0,    0,   -6,   28,    0,  -13,   -6,   -7,    0,    0,    0,    0,    0,    0,    0,    0,    0,    0,    0,    0,    0,    0,    0,    0,    0,    0,    0,    0,    0,    0,    0,    0,    0,    0,    0,    0,    0,    0,    0,    0,    0,    0,    0,    0,    0,    0,    0,    0,    0,    0,    0,    0,    0,    0,    0,    0,    0,    0,    0,    0,    0,    0,    0,    0,    0,    0,    0,    0,    0,   -6,    0,  -15,   -9,   -6,    0,   -9,   -6,    0,    0,    0,    0,
       0,  -29,    0,    0,    0,  -33,    0,    0,    0,    0,    0,    0,    0,    0,    0,    0,    0,    0,    0,    0,    0,    0,  -17,    0,    0,   -3,    0,   -3,   -7,    0,   -2,  -20,  -11,  -26,  -21,    0,  -31,   -4,  -28,    0,    0,  -17,    0,    0,   -4,    0,  -13,   -4,   -1,   -7,    0,   -7,    0,   -7,    0,  -10,   -7,   -7,   -7,    0,  -13,   -6,    0,    0,    0,    0,   -5,    0,    0,    0,    0,    0,    0,    0,    0,    0,    0,    0,    0,    0,   -4,   -4,   -4,    0,    0,    0,    0,    0,  -13,    0,    0,    0,    0,    0,    0,    0,    0,    0,   -4,   -4,   -4,   -3,   -1,  -13,    0,    0,   -7,    0,    0,  -20,   -6,   -4,    0,   -4,   -4,    0,    0,   -7,    0,    0,    0,    0,    0,    0,    0,    0,    0,    0,    0,    0,    0,    0,    0,    0,    0,    0,    0,    0,    0,    0,    0,    0,    0,    0,    0,    0,    0,    0,    0,    0,    0,    0,    0,    0,    0,    0,    0,    0,    0,    0,    0,    0,    0,    0,    0,    0,    0,    0,    0,    0,    0,    0,    0,    0,    0,    0,    0,    0,    0,    0,   -4,    0,  -43,  -36,    0,  -43,  -71,    0,    0,    0,    0,
       0,   -6,    0,    0,    0,   -1,    0,    0,    0,    0,    0,    0,    0,    0,    0,    0,    0,    0,    0,    0,    0,    0,   -9,    0,    0,    0,    0,    0,    0,    0,    0,   -7,  -13,  -19,   -7,    0,   -7,    0,    0,    0,   -4,    0,   -4,   -4,   -4,    0,    0,    0,   -7,   -1,   -4,   -1,   -4,   -1,    0,  -20,  -12,   -8,   -8,    0,  -14,    0,    0,    0,    0,    0,    0,   -1,    0,    0,    0,    0,   -4,   -4,   -4,   -4,   -4,   -4,   -4,   -4,    0,    0,    0,   -4,   -4,   -4,   -4,   -4,   -3,   -4,   -4,   -4,   -4,   -4,   -4,   -4,    0,    0,    0,    0,    0,    0,   -7,    0,   -4,   -4,   -1,    0,    0,   -7,    0,    0,   -4,    0,    0,   -4,   -4,   -1,    0,    0,    0,    0,    0,    0,    0,    0,    0,    0,    0,    0,    0,    0,    0,    0,    0,    0,    0,    0,    0,    0,    0,    0,    0,    0,    0,    0,    0,    0,    0,    0,    0,    0,    0,    0,    0,    0,    0,    0,    0,    0,    0,    0,    0,    0,    0,    0,    0,    0,    0,    0,    0,    0,    0,    0,    0,    0,    0,    0,    0,   -4,    0,    0,  -19,    0,    0,  -19,    0,    0,    0,    0,    0,
       0,    0,    0,   -3,    0,    0,    0,   -7,    0,   -7,   -6,    0,    0,    0,    0,    0,    0,    0,    0,    0,    0,    0,    0,  -13,   -8,    0,    0,    0,    0,    0,    0,    0,    0,    0,    0,    0,    0,    0,    0,    0,   -9,    0,   -9,   -9,   -7,   -1,    0,   -1,   -1,   -1,   -9,   -1,   -9,   -1,  -10,   -7,   -7,   -6,   -6,   -9,  -10,  -10,    0,    0,    0,    0,    0,   -7,    0,   -8,    0,    0,   -9,   -9,   -9,   -9,   -9,   -9,   -9,   -9,   -1,   -1,   -1,   -9,   -9,   -9,   -9,   -9,    0,   -9,   -9,   -9,   -9,   -9,   -9,   -9,   -1,   -1,   -1,   -1,   -1,    0,   -1,    0,   -9,   -9,   -1,  -10,  -10,    0,  -10,   -1,   -9,   -1,   -1,   -9,   -9,   -1,    0,    0,    0,    0,    0,    0,    0,    0,    0,    0,    0,    0,    0,    0,    0,    0,    0,    0,    0,    0,    0,    0,    0,    0,    0,    0,    0,    0,    0,    0,    0,    0,    0,    0,    0,    0,    0,    0,    0,    0,    0,    0,    0,    0,    0,    0,    0,    0,    0,    0,    0,    0,    0,    0,    0,    0,    0,    0,    0,    0,    0,   -9,   -1,    0,    0,    0,    0,    0,    0,   -7,    0,    0,    0,
       0,   -6,    0,    0,    0,    0,    0,  -10,    0,  -10,   -1,    0,    0,    0,    0,    0,    0,    0,    0,    0,    0,    0,   -8,    0,  -23,    0,    0,   -3,   -5,   -3,    0,   -7,   -2,   -7,   -5,  -12,  -11,   -9,  -13,    0,    0,    0,    0,    0,    0,    0,    0,    0,    2,    0,    0,    0,    0,    0,    0,    0,    0,    0,    0,    0,    1,   -6,    0,    0,    0,    0,    0,    0,    0,  -23,    0,    0,    0,    0,    0,    0,    0,    0,    0,    0,    0,    0,    0,    0,    0,    0,    0,    0,    6,    0,    0,    0,    0,    0,    0,    0,    0,    0,    0,    0,    0,    0,    2,    0,    0,    0,    0,    0,    0,   -7,   -6,    0,    0,    0,    0,    0,    0,    0,    0,    0,    0,    0,    0,    0,    0,    0,    0,    0,    0,    0,    0,    0,    0,    0,    0,    0,    0,    0,    0,    0,    0,    0,    0,    0,    0,    0,    0,    0,    0,    0,    0,    0,    0,    0,    0,    0,    0,    0,    0,    0,    0,    0,    0,    0,    0,    0,    0,    0,    0,    0,    0,    0,    0,    0,    0,    0,    0,    0,    0,    0,    0,    0,   -9,  -13,    0,   -9,  -13,  -10,    0,    0,    0,
       0,    0,    0,    0,    0,    0,    0,  -24,    0,  -24,  -11,    0,    0,    0,    0,    0,    0,    0,    0,    0,    0,    0,    0,   -1,  -29,    0,    0,    0,    0,    0,    0,    0,    0,    0,    0,   -3,   -2,    0,    0,    0,   -9,   -1,   -5,   -5,    0,   -8,   -1,    0,    0,    0,   -5,    0,   -5,    0,   -1,    0,    0,    3,    3,    0,    3,   -4,    0,    0,    0,    0,    0,   -1,    0,  -29,    0,    0,   -5,   -5,   -5,   -5,   -9,   -5,   -5,   -5,    0,    0,    0,   -5,   -5,   -5,   -5,   -5,   -1,   -9,   -9,   -9,   -5,   -5,   -5,   -5,   -8,   -8,    0,    0,    0,    0,    0,   -1,   -5,   -5,    0,   -1,   -1,    0,   -4,    0,   -5,    0,    0,   -5,   -5,    0,    0,    0,    0,    0,    0,    0,    0,    0,    0,    0,    0,    0,    0,    0,    0,    0,    0,    0,    0,    0,    0,    0,    0,    0,    0,    0,    0,    0,    0,    0,    0,    0,    0,    0,    0,    0,    0,    0,    0,    0,    0,    0,    0,    0,    0,    0,    0,    0,    0,    0,    0,    0,    0,    0,    0,    0,    0,    0,    0,    0,    0,   -5,    0,    0,    0,    0,    0,    0,    0,  -24,    0,    0,    0,
       0,   -6,    0,    0,   18,    0,    0,  -20,    0,  -20,   30,    0,    0,    0,    0,    0,    0,    0,    0,    0,    0,    0,   -8,    0,   -7,    0,    0,   -3,   -5,   -3,    0,   -7,   -2,   -7,   -5,  -12,  -11,   -9,  -13,   18,    0,    0,    0,    0,    2,    0,    0,    0,    3,    0,    0,    0,    0,    0,    0,    0,    0,    0,    0,    0,    1,   -6,    0,    0,    0,    0,    0,    0,    0,  -24,    0,    0,    0,    0,    0,    0,    0,    0,    0,    0,    0,    0,    0,    0,    0,    0,    0,    0,    6,    0,    0,    0,    0,    0,    0,    0,    0,    0,    0,    0,    0,    0,    3,    0,    0,    0,    0,    0,    0,   -7,   -6,    0,    0,    0,    0,    0,    0,    0,    0,    0,    0,    0,    0,    0,    0,    0,    0,    0,    0,    0,    0,    0,    0,    0,    0,    0,    0,    0,    0,    0,    0,    0,    0,    0,    0,    0,    0,    0,    0,    0,    0,    0,    0,    0,    0,    0,    0,    0,    0,    0,    0,    0,    0,    0,    0,    0,    0,    0,    0,    0,    0,    0,    0,    0,    0,    0,    0,    0,    0,    0,    0,    0,   -9,  -13,    0,   -9,  -13,  -20,    0,    0,    0,
       0,  -18,    0,    0,    0,  -20,    0,    0,  -16,    0,    0,    0,    0,    0,    0,    0,    0,    0,    0,    0,    0,    0,  -16,    0,    0,  -11,    0,   -4,    0,    0,   -2,  -15,  -13,  -20,  -19,    0,  -24,   -2,  -31,    0,   -8,  -15,   -8,   -8,   -5,   -3,   -3,   -5,  -10,   -3,   -8,   -3,   -8,   -3,   -3,  -13,  -11,  -11,  -11,    0,  -13,   -1,    0,   -7,    0,    0,    0,    0,    0,    0,    0,    0,   -8,   -8,   -8,   -8,   -8,   -8,   -8,   -8,   -5,   -5,   -5,   -8,   -8,   -8,   -8,   -8,   -3,   -8,   -8,   -8,   -8,   -8,   -8,   -8,   -3,   -3,   -5,   -5,   -5,   -4,  -10,   -3,   -8,   -8,   -3,   -3,   -3,  -15,   -1,   -5,   -8,   -5,   -5,   -8,   -8,   -3,    0,    0,    0,    0,    0,    0,    0,    0,    0,    0,    0,    0,    0,    0,    0,    0,    0,    0,    0,    0,    0,    0,    0,    0,    0,    0,    0,    0,    0,    0,    0,    0,    0,    0,    0,    0,    0,    0,    0,    0,    0,    0,    0,    0,    0,    0,    0,    0,    0,    0,    0,    0,    0,    0,    0,    0,    0,    0,    0,    0,    0,   -8,   -5,  -16,  -19,  -20,    0,  -19,  -20,    0,    0,    0,    0,
       0,    0,    0,    0,    0,   -1,    0,    0,    0,    0,    0,    0,    0,    0,    0,    0,    0,    0,    0,    0,    0,    0,    0,    0,   -3,    0,    0,    0,   -4,    0,    0,   -2,    0,   -2,    0,    0,   -3,   -2,    0,    0,    0,    0,    0,    0,   -1,    0,    0,    0,   -1,    0,    0,    0,    0,    0,    0,   -3,    0,   -2,   -2,    0,   -2,    0,    0,    0,    0,    0,    0,    0,    0,   -3,    0,    0,    0,    0,    0,    0,    0,    0,    0,    0,    0,    9,    0,    0,    0,    0,    0,    0,    0,    0,    0,    0,    0,    0,    0,    0,    0,    0,    0,    0,    0,    0,   -1,    0,    0,    0,    0,    0,    0,   -2,    0,    0,    0,    0,    0,    0,    0,    0,    0,    0,    0,    0,    0,    0,    0,    0,    0,    0,    0,    0,    0,    0,    0,    0,    0,    0,    0,    0,    0,    0,    0,    0,    0,    0,    0,    0,    0,    0,    0,    0,    0,    0,    0,    0,    0,    0,    0,    0,    0,    0,    0,    0,    0,    0,    0,    0,    0,    0,    0,    0,    0,    0,    0,    0,    0,    0,    0,    0,    0,    0,    0,    0,    0,    0,    0,    0,    0,    0,    0,    0,    0,
       0,    0,    0,    3,    0,    0,    0,  -33,  -23,  -33,  -26,    0,    0,    0,    0,    0,    0,    0,    0,    0,   -7,    0,    0,  -20,  -22,   -2,    0,    0,   -6,    0,    0,    0,    0,    0,    0,    0,    0,   -2,    0,    0,  -24,   -3,  -24,  -24,   -7,  -26,   -3,    0,    0,   -5,  -24,   -5,  -24,   -5,  -18,   -7,   -4,   -1,   -1,   -4,   -1,   -8,    0,  -17,    0,    0,  -12,   -1,    0,  -22,    0,    0,  -24,  -24,  -48,  -24,  -48,  -48,  -48,  -48,    9,   16,   26,  -24,  -24,  -48,  -48,  -48,   -3,  -48,  -24,  -24,  -48,  -48,  -48,  -24,  -26,  -26,   20,   15,   16,    0,   16,   -3,  -48,  -48,   -5,  -18,  -36,    0,   -8,   12,  -36,   23,   18,  -44,  -24,   -5,    0,    0,    0,    0,    0,    0,    0,    0,    0,    0,    0,    0,    0,    0,    0,    0,    0,    0,    0,    0,    0,    0,    0,    0,    0,    0,    0,    0,    0,    0,    0,    0,    0,    0,    0,    0,    0,    0,    0,    0,    0,    0,    0,    0,    0,    0,    0,    0,    0,    0,    0,    0,    0,    0,    0,    0,    0,    0,    0,    0,    0,  -24,    7,  -23,    0,    0,    0,    0,    0,  -33,    0,    0,    0,
       0,    0,    0,  -11,    0,    0,    0,  -33,  -17,  -33,  -31,    0,    0,    0,    0,    0,    0,    0,    0,    0,  -10,    0,    0,  -30,  -38,   -6,    0,    0,  -17,    0,   -4,    0,    0,    0,    0,    0,    0,   -2,    0,    0,  -30,    0,  -30,  -30,  -19,  -34,    0,    0,    0,  -14,  -30,  -14,  -30,  -14,  -29,  -12,  -17,  -10,  -10,  -17,  -10,  -24,    0,  -17,    0,    0,  -12,   -9,    0,  -38,    0,    0,  -30,  -30,  -30,  -51,  -48,  -60,  -60,  -48,   14,   13,   29,  -60,  -60,  -60,  -54,  -51,    0,  -54,  -60,  -30,  -60,  -57,  -60,  -30,  -34,  -34,   23,   24,   18,    0,   10,    0,  -60,  -60,  -28,  -29,  -54,    0,  -24,   16,  -42,    9,   20,  -48,  -60,  -17,    0,    0,    0,    0,    0,    0,    0,    0,    0,    0,    0,    0,    0,    0,    0,    0,    0,    0,    0,    0,    0,    0,    0,    0,    0,    0,    0,    0,    0,    0,    0,    0,    0,    0,    0,    0,    0,    0,    0,    0,    0,    0,    0,    0,    0,    0,    0,    0,    0,    0,    0,    0,    0,    0,    0,    0,    0,    0,    0,    0,    0,  -30,   10,  -17,    0,    0,    0,    0,    0,  -33,    0,    0,    0,
       0,    0,    0,  -13,    0,    0,    0,  -27,  -13,  -27,  -24,    0,    0,    0,    0,    0,    0,    0,    0,    0,   -4,    0,    0,  -24,  -29,   -5,    0,    0,    0,    0,   -4,    0,    0,    0,    0,    0,    0,    0,    0,    0,  -24,    0,  -24,  -24,  -10,  -27,    0,   -6,    0,  -13,  -24,  -13,  -24,  -13,  -21,  -11,  -11,   -9,   -9,  -11,   -7,  -18,    0,  -13,    0,    0,   -6,  -10,    0,  -29,    0,    0,  -24,  -24,  -24,  -24,  -24,  -48,  -48,  -42,    0,    9,   19,  -48,  -48,  -48,  -48,  -42,    0,  -24,  -24,  -24,  -24,  -48,  -48,  -24,  -27,  -27,   17,   13,   11,    0,   11,    0,  -48,  -48,  -13,  -21,  -38,    0,  -18,    6,  -41,   15,    9,  -39,  -24,  -13,    0,    0,    0,    0,    0,    0,    0,    0,    0,    0,    0,    0,    0,    0,    0,    0,    0,    0,    0,    0,    0,    0,    0,    0,    0,    0,    0,    0,    0,    0,    0,    0,    0,    0,    0,    0,    0,    0,    0,    0,    0,    0,    0,    0,    0,    0,    0,    0,    0,    0,    0,    0,    0,    0,    0,    0,    0,    0,    0,    0,    0,  -24,    4,  -13,    0,    0,    0,    0,    0,  -27,    0,    0,    0,
       0,    0,    0,   -2,    0,    0,    0,    0,  -16,    0,    0,    0,    0,    0,    0,    0,    0,    0,    0,    0,    0,    0,    0,    0,    0,  -13,    0,    0,    0,    0,    0,    0,   -6,    0,    0,    0,    0,    0,    0,    0,   -6,    0,   -6,   -6,    0,   -2,    0,    0,    0,    0,   -6,    0,   -6,    0,    0,  -10,  -10,  -13,  -13,    0,  -19,    0,    0,   -7,    0,    0,  -12,   -1,    0,    0,    0,    0,   -6,   -6,   -6,   -6,   -6,   -6,   -6,   -6,    0,    0,    0,   -6,   -6,   -6,   -6,   -6,    0,   -6,   -6,   -6,   -6,   -6,   -6,   -6,   -2,   -2,    0,    0,    0,    0,    0,    0,   -6,   -6,    0,    0,    0,    0,    0,    0,   -6,    0,    0,   -6,   -6,    0,    0,    0,    0,    0,    0,    0,    0,    0,    0,    0,    0,    0,    0,    0,    0,    0,    0,    0,    0,    0,    0,    0,    0,    0,    0,    0,    0,    0,    0,    0,    0,    0,    0,    0,    0,    0,    0,    0,    0,    0,    0,    0,    0,    0,    0,    0,    0,    0,    0,    0,    0,    0,    0,    0,    0,    0,    0,    0,    0,    0,    0,   -6,    0,  -16,    0,    0,    0,    0,    0,    0,    0,    0,    0,
       0,    0,    0,  -16,    0,    0,    0,  -37,  -27,  -37,  -33,    0,    0,    0,    0,    0,    0,    0,    0,    0,  -13,    0,    0,  -31,  -33,   -9,    0,    0,   -7,    0,   -4,    0,    0,    0,    0,    0,    0,    0,    0,    0,  -33,    0,  -33,  -33,  -13,  -33,    0,   -6,   -3,  -19,  -33,  -19,  -33,  -19,  -33,  -17,  -24,  -17,  -17,  -23,  -20,  -27,    0,  -18,    0,    0,  -15,  -17,    0,  -33,    0,    0,  -65,  -33,  -65,  -53,  -51,  -61,  -58,  -51,    4,   10,   26,  -64,  -65,  -60,  -55,  -49,    0,  -57,  -65,  -33,  -62,  -57,  -57,  -33,  -33,  -65,   20,   18,   12,    0,   13,    0,  -56,  -65,  -39,  -54,  -54,    0,  -46,    8,  -49,    8,   14,  -48,  -65,  -23,    0,    0,    0,    0,    0,    0,    0,    0,    0,    0,    0,    0,    0,    0,    0,    0,    0,    0,    0,    0,    0,    0,    0,    0,    0,    0,    0,    0,    0,    0,    0,    0,    0,    0,    0,    0,    0,    0,    0,    0,    0,    0,    0,    0,    0,    0,    0,    0,    0,    0,    0,    0,    0,    0,    0,    0,    0,    0,    0,    0,    0,  -65,    4,  -27,    0,    0,    0,    0,    0,  -37,    0,    0,    0,
       0,    0,    0,    0,    0,    0,    0,    0,    0,    0,    0,    0,    0,    0,    0,    0,    0,    0,    0,    0,    0,    0,    0,    0,    0,    0,    0,    0,    0,    0,   -2,   -4,    0,    0,    0,    0,    0,    0,    0,    0,    0,    0,    0,    0,   -1,    0,    0,    0,    0,    0,    0,    0,    0,    0,    0,   -6,   -3,   -7,   -7,    0,   -7,    0,    0,    0,    0,    0,    0,    0,    0,    0,    0,    0,    0,    0,    0,    0,    0,    0,    0,    0,    0,    0,    0,    0,    0,    0,    0,    0,    0,    0,    0,    0,    0,    0,    0,    0,    0,    0,    0,    0,    0,    0,    0,    0,    0,    0,    0,    0,    0,   -4,    0,    0,    0,    0,    0,    0,    0,    0,    0,    0,    0,    0,    0,    0,    0,    0,    0,    0,    0,    0,    0,    0,    0,    0,    0,    0,    0,    0,    0,    0,    0,    0,    0,    0,    0,    0,    0,    0,    0,    0,    0,    0,    0,    0,    0,    0,    0,    0,    0,    0,    0,    0,    0,    0,    0,    0,    0,    0,    0,    0,    0,    0,    0,    0,    0,    0,    0,    0,    0,    0,    0,    0,    0,    0,    0,    0,    0,    0,    0,    0,    0,
       0,    0,    0,    0,    0,    0,    0,    0,    0,    0,    0,    0,    0,    0,    0,    0,    0,    0,    0,    0,    0,    0,    0,    0,    0,    0,    0,    0,    0,    0,    0,    0,    0,    0,    0,    0,    0,    0,    0,    0,    0,    0,    0,    0,   17,    0,    0,    0,   13,    0,    0,    0,    0,    0,    0,    0,    0,    0,    0,    0,    0,    0,    0,    0,    0,    0,    0,    0,    0,    0,    0,    0,    0,    0,    0,    0,    0,    0,    0,    0,    0,    0,    0,    0,    0,    0,    0,    0,    0,    0,    0,    0,    0,    0,    0,    0,    0,    0,    0,    0,    0,    0,   13,    0,    0,    0,    0,    0,    0,    0,    0,    0,    0,    0,    0,    0,    0,    0,    0,    0,    0,    0,    0,    0,    0,    0,    0,    0,    0,    0,    0,    0,    0,    0,    0,    0,    0,    0,    0,    0,    0,    0,    0,    0,    0,    0,    0,    0,    0,    0,    0,    0,    0,    0,    0,    0,    0,    0,    0,    0,    0,    0,    0,    0,    0,    0,    0,    0,    0,    0,    0,    0,    0,    0,    0,    0,    0,    0,    0,    0,    0,    0,    0,    0,    0,    0,    0,    0,    0,    0,    0,
       0,    0,    0,    0,    0,    0,    0,    0,    0,    0,    0,    0,    0,    0,    0,    0,    0,  -26,    0,    0,    0,    0,    0,    0,    0,  -10,    0,    0,    0,    0,    0,  -30,  -17,  -30,  -28,    0,  -30,    0,  -67,    0,    0,   -6,    0,    0,    2,    0,   -6,   -1,    0,    0,    0,    0,    0,    0,    0,    0,   -9,  -12,  -12,    0,    0,    0,    0,    0,    0,    0,    0,    0,    0,    0,    0,    0,    0,    0,    0,    0,    0,    0,    0,    0,   -1,   -1,   -1,    0,    0,    0,    0,    0,   -6,    0,    0,    0,    0,    0,    0,    0,    0,    0,   -1,   -1,   -1,    0,    0,   -6,    0,    0,    0,    0,    0,  -30,    0,   -1,    0,   -1,   -1,    0,    0,    0,    0,    0,    0,    0,    0,    0,    0,    0,    0,    0,    0,    0,    0,    0,    0,    0,    0,    0,    0,    0,    0,    0,    0,    0,    0,    0,    0,    0,    0,    0,    0,    0,    0,    0,    0,    0,    0,    0,    0,    0,    0,    0,    0,    0,    0,    0,    0,    0,    0,    0,    0,    0,    0,    0,    0,    0,    0,    0,    0,    0,    0,    0,   -1,    0,    0,    0,    0,    0,    0,    0,    0,    0,    0,
       0,  -14,    0,   -1,    0,  -23,    0,    0,    0,    0,    0,    0,    0,    0,    0,    0,    0,    0,    0,    0,    0,    0,  -10,    0,    0,    0,    0,    0,    0,    0,    0,  -26,    0,    0,    0,    0,    0,    0,  -28,    0,    0,   -8,    0,    0,   -2,    0,   -3,    0,   -2,    0,    0,   -3,    0,    0,    0,   -8,   -2,   -2,   -2,    0,   -5,   -2,    0,   -8,    0,    0,    0,    0,    0,    0,    0,    0,    0,    0,    0,    0,    0,    0,    0,    0,    0,    0,    0,    0,    0,    0,    0,    0,   -3,    0,    0,    0,    0,    0,    0,    0,    0,    0,    0,    0,    0,    0,   -2,   -7,    0,    0,    0,    0,    0,  -26,   -2,    0,    0,    0,    0,    0,    0,    0,    0,    0,    0,    0,    0,    0,    0,    0,    0,    0,    0,    0,    0,    0,    0,    0,    0,    0,    0,    0,    0,    0,    0,    0,    0,    0,    0,    0,    0,    0,    0,    0,    0,    0,    0,    0,    0,    0,    0,    0,    0,    0,    0,    0,    0,    0,    0,    0,    0,    0,    0,    0,    0,    0,    0,    0,    0,    0,    0,    0,    0,    0,    0,    0,  -40,  -14,    0,  -20,  -14,    0,    0,    0,    0,
       0,  -17,    0,   -4,    0,  -27,    0,   -4,    0,   -4,   -8,    0,    0,    0,    0,    0,    0,    0,    0,    0,    0,    0,  -13,    0,    0,    0,    0,    0,    0,    0,    0,  -15,    0,    0,    0,    0,    0,    0,  -22,    0,   -5,  -14,    0,    0,   -1,   -3,   -5,    0,    0,    0,    0,   -4,    0,    0,   -7,   -7,   -3,   -2,   -2,   -5,   -3,  -10,    0,    0,    0,    0,    0,    0,    0,    0,    0,   -6,    0,    0,    0,    0,    0,    0,    0,    0,    0,    0,    0,    0,    0,    0,    0,    0,   -5,    0,    0,    0,    0,    0,    0,    0,   -3,   -3,    0,    0,    0,    0,    0,  -10,    0,    0,    0,   -7,   -7,  -15,  -10,    0,    0,    0,    0,    0,    0,    0,    0,    0,    0,    0,    0,    0,    0,    0,    0,    0,    0,    0,    0,    0,    0,    0,    0,    0,    0,    0,    0,    0,    0,    0,    0,    0,    0,    0,    0,    0,    0,    0,    0,    0,    0,    0,    0,    0,    0,    0,    0,    0,    0,    0,    0,    0,    0,    0,    0,    0,    0,    0,    0,    0,    0,    0,    0,    0,    0,    0,    0,    0,    0,    0,  -28,  -16,    0,  -28,  -16,   -4,    0,    0,    0,
       0,    0,    0,    0,    0,  -13,    0,    0,    0,    0,    0,    0,    0,    0,    0,    0,    0,    0,    0,    0,    0,    0,   -6,   -6,    0,    0,    0,    0,    0,    0,    0,    0,    0,    0,    0,    0,    0,    0,  -27,    0,   -9,  -16,   -5,   -5,    0,   -3,  -10,    0,    0,    0,   -5,    0,   -5,    0,   -5,   -5,    0,    0,    0,    0,    0,   -5,    0,    0,    0,    0,    0,    0,    0,    0,    0,    0,   -9,   -9,   -9,   -9,   -9,   -5,   -5,   -5,    0,    0,    0,   -5,   -5,   -5,   -5,   -5,  -10,   -9,   -9,   -9,   -5,   -5,   -5,   -5,   -3,   -3,    0,    0,    0,    0,    0,  -10,   -5,   -5,    0,   -5,   -5,    0,   -5,    0,   -5,    0,    0,   -5,   -5,    0,    0,    0,    0,    0,    0,    0,    0,    0,    0,    0,    0,    0,    0,    0,    0,    0,    0,    0,    0,    0,    0,    0,    0,    0,    0,    0,    0,    0,    0,    0,    0,    0,    0,    0,    0,    0,    0,    0,    0,    0,    0,    0,    0,    0,    0,    0,    0,    0,    0,    0,    0,    0,    0,    0,    0,    0,    0,    0,    0,    0,    0,   -5,    0,    0,  -10,    0,    0,  -10,    0,    0,    0,    0,    0,
       0,   -9,    0,    0,    0,    0,  -28,  -28,  -28,  -28,    0,    0,    0,    0,    0,    0,    0,    0,    0,    0,  -28,  -28,   -7,    0,    0,    0,    0,    0,    0,    0,    0,    0,    0,    0,    0,    0,    0,    0,   -1,    0,   -3,    0,   -3,   -3,    0,    0,    0,    0,    0,    0,   -3,    0,   -3,    0,    0,   -3,   -3,   -3,   -3,    1,   -3,    0,    0,   -6,    0,    0,  -28,    2,    0,    0,    0,    0,   -3,   -3,   -3,   -3,   -3,   -3,   -3,   -3,    0,    0,    0,   -3,   -3,   -3,   -3,   -3,    0,   -3,   -3,   -3,   -3,   -3,   -3,   -3,    0,    0,    0,    0,    0,    0,    0,    0,   -3,   -3,    0,    0,    0,    0,    0,    0,   -3,    0,    0,   -3,   -3,    0,    0,    0,    0,    0,    0,    0,    0,    0,    0,    0,    0,    0,    0,    0,    0,    0,    0,    0,    0,    0,    0,    0,    0,    0,    0,    0,    0,    0,    0,    0,    0,    0,    0,    0,    0,    0,    0,    0,    0,    0,    0,    0,    0,    0,    0,    0,    0,    0,    0,    0,    0,    0,    0,    0,    0,    0,    0,    0,    0,    0,    0,   -3,    0,  -28,  -25,  -20,    0,  -25,  -20,  -28,    0,    0,    0,
       0,  -10,    0,    0,    0,  -12,    0,    0,    0,    0,    0,    0,    0,    0,    0,    0,    0,    0,    0,    0,    0,    0,   -5,   -5,    0,    0,    0,    0,    0,    0,    0,  -23,    0,    0,    0,    0,    0,    0,  -28,    0,   -8,   -5,   -7,   -7,   -2,   -2,   -5,    0,    0,    0,   -7,    0,   -7,    0,   -3,   -3,    0,    0,    0,    0,    0,   -6,    0,    0,    0,    0,    0,    0,    0,    0,    0,    0,   -7,   -7,   -7,   -7,   -7,   -7,   -7,   -7,    0,    0,    0,   -7,   -7,   -7,   -7,   -7,   -5,   -7,   -7,   -7,   -7,   -7,   -7,   -7,   -2,   -2,    0,    0,    0,    0,    0,  -10,   -7,   -7,    0,   -3,   -3,  -23,   -6,    0,   -7,    0,    0,   -7,   -7,    0,    0,    0,    0,    0,    0,    0,    0,    0,    0,    0,    0,    0,    0,    0,    0,    0,    0,    0,    0,    0,    0,    0,    0,    0,    0,    0,    0,    0,    0,    0,    0,    0,    0,    0,    0,    0,    0,    0,    0,    0,    0,    0,    0,    0,    0,    0,    0,    0,    0,    0,    0,    0,    0,    0,    0,    0,    0,    0,    0,    0,    0,   -7,    0,    0,  -16,   -6,    0,  -16,   -6,    0,    0,    0,    0,
      13,   23,    0,    6,   24,   29,    0,  -20,   -8,  -20,   -1,    0,    0,    0,    0,    0,    0,    0,    0,    0,    0,    0,   21,  -11,    0,    0,    0,    0,    0,    0,    0,    0,    0,    0,    0,    0,    0,    0,   30,   20,  -19,    0,   -9,   -9,    0,  -15,    0,    0,    0,    0,   -9,    0,   -9,    0,  -11,    0,    0,    0,    0,    0,    0,   -5,    0,  -13,    0,    0,    0,    0,    0,    0,    0,    0,   -9,  -16,  -16,  -16,  -11,   -9,   -9,   -9,    0,    0,    0,   -9,   -9,   -9,   -9,   -8,    0,  -16,  -16,  -19,   -9,   -9,   -9,   -9,  -15,  -15,    0,    0,    0,    0,    0,    0,   -9,   -9,    0,  -11,  -11,    0,   -5,    0,   -9,    0,    0,   -9,   -9,    0,    0,    0,    0,    0,    0,    0,    0,    0,    0,    0,    0,    0,    0,    0,    0,    0,    0,    0,    0,    0,    0,    0,    0,    0,    0,    0,    0,    0,    0,    0,    0,    0,    0,    0,    0,    0,    0,    0,    0,    0,    0,    0,    0,    0,    0,    0,    0,    0,    0,    0,    0,    0,    0,    0,    0,    0,    0,    0,    0,    0,    0,   -9,    0,   -8,   17,   27,    0,   17,   27,  -20,    0,    0,    0,
       0,   -8,    0,   -1,    0,  -17,    0,    0,    0,    0,    0,    0,    0,    0,    0,    0,    0,    0,    0,    0,    0,    0,   -8,    0,    0,    0,    0,    0,    0,    0,    0,    0,    0,    0,    0,    0,    0,    0,  -31,    0,   -6,  -14,   -6,   -6,   -2,    0,   -8,    0,    0,    0,   -6,    0,   -6,    0,   -7,   -6,   -3,    0,    0,   -3,    0,   -9,    0,    0,    0,    0,    0,    0,    0,    0,    0,    0,   -6,   -6,   -6,   -6,   -6,   -6,   -6,   -6,    0,    0,    0,   -6,   -6,   -6,   -6,   -6,   -8,   -6,   -6,   -6,   -6,   -6,   -6,   -6,    0,    0,    0,    0,    0,    0,    0,  -16,   -6,   -6,    0,   -7,   -7,    0,   -9,    0,   -6,    0,    0,   -6,   -6,    0,    0,    0,    0,    0,    0,    0,    0,    0,    0,    0,    0,    0,    0,    0,    0,    0,    0,    0,    0,    0,    0,    0,    0,    0,    0,    0,    0,    0,    0,    0,    0,    0,    0,    0,    0,    0,    0,    0,    0,    0,    0,    0,    0,    0,    0,    0,    0,    0,    0,    0,    0,    0,    0,    0,    0,    0,    0,    0,    0,    0,    0,   -6,    0,    0,  -13,  -10,    0,  -13,  -10,    0,    0,    0,    0,
       0,    0,    0,    0,    0,    0,    0,    0,    0,    0,    0,    0,    0,    0,    0,    0,    0,    0,    0,    0,    0,    0,   -7,    0,    0,   -3,    0,   -6,    0,    0,    0,  -14,  -11,  -11,  -11,    0,  -15,    0,  -13,    0,    0,   -3,    0,    0,    0,    0,   -3,    0,    1,    0,    0,    0,    0,    0,    0,   -6,   -3,   -3,   -3,    0,    0,    0,    0,    0,    0,    0,    0,    0,    0,    0,    0,    0,    0,    0,    0,    0,    0,    0,    0,    0,    0,    0,    0,    0,    0,    0,    0,    0,   -3,    0,    0,    0,    0,    0,    0,    0,    0,    0,    0,    0,    0,   -6,    1,   -3,    0,    0,    0,    0,    0,  -14,    0,    0,    0,    0,    0,    0,    0,    0,    0,    0,    0,    0,    0,    0,    0,    0,    0,    0,    0,    0,    0,    0,    0,    0,    0,    0,    0,    0,    0,    0,    0,    0,    0,    0,    0,    0,    0,    0,    0,    0,    0,    0,    0,    0,    0,    0,    0,    0,    0,    0,    0,    0,    0,    0,    0,    0,    0,    0,    0,    0,    0,    0,    0,    0,    0,    0,    0,    0,    0,    0,    0,    0,  -16,   -3,    0,  -16,   -3,    0,    0,    0,    0,
       0,    0,    0,   -7,    0,   -6,    0,    0,    0,    0,    0,    0,    0,    0,    0,    0,    0,    0,    0,    0,    0,    0,   -8,   -9,    0,    0,    0,    0,    0,    0,    0,    0,    0,    0,    0,    0,    0,    0,   -2,    0,   -3,  -14,   -3,   -3,    0,   -3,   -6,   -4,    0,   -2,   -3,   -2,   -8,   -5,   -7,   -3,   -6,   -3,   -3,   -6,    0,  -11,    0,    0,    0,    0,    0,    0,    0,    0,    0,    0,   -3,   -3,   -3,   -3,   -3,   -3,   -3,   -3,   -4,   -4,   -4,   -3,   -3,   -3,   -3,   -3,   -6,   -3,   -3,   -3,   -3,   -3,   -3,   -3,   -3,   -3,   -4,   -4,   -4,    0,    0,   -6,   -3,   -3,   -2,   -7,   -7,    0,  -11,   -4,   -3,   -4,   -4,   -3,   -3,   -2,    0,    0,    0,    0,    0,    0,    0,    0,    0,    0,    0,    0,    0,    0,    0,    0,    0,    0,    0,    0,    0,    0,    0,    0,    0,    0,    0,    0,    0,    0,    0,    0,    0,    0,    0,    0,    0,    0,    0,    0,    0,    0,    0,    0,    0,    0,    0,    0,    0,    0,    0,    0,    0,    0,    0,    0,    0,    0,    0,    0,    0,   -3,   -4,    0,    0,   -6,    0,    0,   -6,    0,    0,    0,    0,
       0,  -10,    0,   -5,    0,  -14,    0,    0,  -15,    0,    0,    0,    0,    0,    0,    0,    0,    0,    0,    0,    0,    0,  -12,    0,    0,    0,    0,    0,    0,    0,    0,    0,    0,    0,    0,    0,    0,    0,  -12,    0,   -8,   -6,   -8,   -8,    0,   -3,   -3,   -5,    0,   -3,   -8,   -3,   -8,   -3,    0,   -8,   -8,   -9,   -9,    0,   -9,    0,    0,   -7,    0,    0,   -1,    0,    0,    0,    0,    0,   -8,   -8,   -8,   -8,   -8,   -8,   -8,   -8,   -5,   -5,   -5,   -8,   -8,   -8,   -8,   -8,   -3,   -8,   -8,   -8,   -8,   -8,   -8,   -8,   -3,   -3,   -5,   -5,   -5,    0,    0,   -3,   -8,   -8,   -3,    0,    0,    0,    0,   -5,   -8,   -5,   -5,   -8,   -8,   -3,    0,    0,    0,    0,    0,    0,    0,    0,    0,    0,    0,    0,    0,    0,    0,    0,    0,    0,    0,    0,    0,    0,    0,    0,    0,    0,    0,    0,    0,    0,    0,    0,    0,    0,    0,    0,    0,    0,    0,    0,    0,    0,    0,    0,    0,    0,    0,    0,    0,    0,    0,    0,    0,    0,    0,    0,    0,    0,    0,    0,    0,   -8,   -5,  -15,  -21,  -16,    0,  -21,  -16,    0,    0,    0,    0,
       0,  -12,    0,    0,    0,   -6,    0,    0,    0,    0,    0,    0,    0,    0,    0,    0,    0,    0,    0,    0,    0,    0,   -4,    0,    0,    0,    0,    0,    0,    0,    0,    0,    0,    0,    0,    0,    0,    0,  -15,    0,   -3,   -9,   -3,   -3,    0,    0,   -7,    0,    0,    0,   -3,    0,   -3,    0,    0,    0,   -3,   -5,   -5,    0,    0,    0,    0,    0,    0,    0,    0,    0,    0,    0,    0,    0,   -3,   -3,   -3,   -3,   -3,   -3,   -3,   -3,    0,    0,    0,   -3,   -3,   -3,   -3,   -3,   -7,   -3,   -3,   -3,   -3,   -3,   -3,   -3,    0,    0,    0,    0,    0,    0,    0,   -7,   -3,   -3,    0,    0,    0,    0,    0,    0,   -3,    0,    0,   -3,   -3,    0,    0,    0,    0,    0,    0,    0,    0,    0,    0,    0,    0,    0,    0,    0,    0,    0,    0,    0,    0,    0,    0,    0,    0,    0,    0,    0,    0,    0,    0,    0,    0,    0,    0,    0,    0,    0,    0,    0,    0,    0,    0,    0,    0,    0,    0,    0,    0,    0,    0,    0,    0,    0,    0,    0,    0,    0,    0,    0,    0,    0,    0,   -3,    0,    0,    0,   -6,    0,    0,   -6,    0,    0,    0,    0,
      -1,   -1,    0,  -13,    0,   -1,    0,  -38,   -6,  -38,   -2,    0,    0,    0,    0,    0,    0,    0,    0,    0,    0,    0,    0,  -18,    0,    0,    0,    0,    0,    0,    0,    0,    0,    0,    0,    0,    0,    0,  -33,  -15,  -32,  -23,  -13,  -30,   -3,  -34,  -13,    0,    0,    0,  -13,    0,  -30,    0,  -15,   -5,    0,    0,    0,    0,    0,  -11,    0,   -1,    0,    0,  -10,  -13,    0,    0,    0,  -13,  -31,  -31,  -31,  -31,  -31,  -13,  -13,  -13,    0,    0,    0,  -13,  -13,  -13,  -13,  -13,  -13,  -31,  -31,  -31,  -13,  -13,  -13,  -13,  -17,  -17,    0,    0,    0,    0,    0,  -26,  -13,  -13,    0,  -15,  -15,    0,  -11,    0,  -13,    0,    0,  -13,  -13,    0,    0,    0,    0,    0,    0,    0,    0,    0,    0,    0,    0,    0,    0,    0,    0,    0,    0,    0,    0,    0,    0,    0,    0,    0,    0,    0,    0,    0,    0,    0,    0,    0,    0,    0,    0,    0,    0,    0,    0,    0,    0,    0,    0,    0,    0,    0,    0,    0,    0,    0,    0,    0,    0,    0,    0,    0,    0,    0,    0,    0,    0,  -13,    0,   -6,    0,   -3,    0,    0,   -3,  -38,    0,    0,    0,
       0,  -10,    0,   -3,    0,   -8,    0,    0,    0,    0,    0,    0,    0,    0,    0,    0,    0,    0,    0,    0,    0,    0,   -8,   -5,    0,    0,    0,    0,    0,    0,    0,    0,    0,    0,    0,    0,    0,    0,  -30,    0,   -3,  -11,   -3,   -3,   -3,    0,   -5,    0,    0,    0,   -3,    0,   -3,    0,   -3,   -3,    0,    0,    0,   -2,    0,   -4,    0,    0,    0,    0,    0,    0,    0,    0,    0,    0,   -3,   -3,   -3,   -3,   -3,   -3,   -3,   -3,    0,    0,    0,   -3,   -3,   -3,   -3,   -3,   -5,   -3,   -3,   -3,   -3,   -3,   -3,   -3,    0,    0,    0,    0,    0,    0,    0,   -9,   -3,   -3,    0,   -3,   -3,    0,   -4,    0,   -3,    0,    0,   -3,   -3,    0,    0,    0,    0,    0,    0,    0,    0,    0,    0,    0,    0,    0,    0,    0,    0,    0,    0,    0,    0,    0,    0,    0,    0,    0,    0,    0,    0,    0,    0,    0,    0,    0,    0,    0,    0,    0,    0,    0,    0,    0,    0,    0,    0,    0,    0,    0,    0,    0,    0,    0,    0,    0,    0,    0,    0,    0,    0,    0,    0,    0,    0,   -3,    0,    0,  -10,   -7,    0,  -10,   -7,    0,    0,    0,    0,
       0,   -1,    0,    0,    0,    0,    0,    0,    0,    0,    0,    0,    0,    0,    0,    0,    0,    0,    0,    0,    0,    0,   -9,    0,    0,    0,    0,    0,    0,    0,    0,    0,    0,    0,    0,    0,    0,    0,   -2,    0,   -9,  -12,   -5,   -5,    0,    0,   -7,    0,    0,    0,   -5,    0,   -5,    0,    0,   -3,   -3,    0,    0,    0,    0,   -3,    0,   -1,    0,    0,   -1,    0,    0,    0,    0,    0,   -5,   -5,   -5,   -5,   -5,   -5,   -5,   -5,    0,    0,    0,   -5,   -5,   -5,   -5,   -5,   -7,   -5,   -5,   -5,   -5,   -5,   -5,   -5,    0,    0,    0,    0,    0,    0,    0,   -7,   -5,   -5,    0,    0,    0,    0,   -3,    0,   -5,    0,    0,   -5,   -5,    0,    0,    0,    0,    0,    0,    0,    0,    0,    0,    0,    0,    0,    0,    0,    0,    0,    0,    0,    0,    0,    0,    0,    0,    0,    0,    0,    0,    0,    0,    0,    0,    0,    0,    0,    0,    0,    0,    0,    0,    0,    0,    0,    0,    0,    0,    0,    0,    0,    0,    0,    0,    0,    0,    0,    0,    0,    0,    0,    0,    0,    0,   -5,    0,    0,   -9,   -7,    0,   -9,   -7,    0,    0,    0,    0,
       0,   -8,    0,  -10,    0,  -13,    0,  -29,   -6,  -29,  -14,    0,    0,    0,    0,    0,    0,    0,    0,    0,    0,    0,   -5,   -7,    0,    0,    0,    0,    0,    0,    0,    0,    0,    0,    0,    0,    0,    0,  -27,   -1,   -1,  -12,   -1,   -1,    0,   -5,   -7,    0,    0,    0,   -1,    0,   -1,    0,   -5,   -3,    0,    0,    0,    0,    0,   -8,    0,   -7,    0,    0,    0,  -12,    0,    0,    0,   -1,   -1,   -1,   -1,   -1,   -1,   -1,   -1,   -1,    0,    0,    0,   -1,   -1,   -1,   -1,   -1,   -7,   -1,   -1,   -1,   -1,   -1,   -1,   -1,   -5,   -5,    0,    0,    0,    0,    0,  -13,   -1,   -1,    0,   -5,   -5,    0,   -8,    0,   -1,    0,    0,   -1,   -1,    0,    0,    0,    0,    0,    0,    0,    0,    0,    0,    0,    0,    0,    0,    0,    0,    0,    0,    0,    0,    0,    0,    0,    0,    0,    0,    0,    0,    0,    0,    0,    0,    0,    0,    0,    0,    0,    0,    0,    0,    0,    0,    0,    0,    0,    0,    0,    0,    0,    0,    0,    0,    0,    0,    0,    0,    0,    0,    0,    0,    0,    0,   -1,    0,   -6,  -11,   -1,    0,  -11,   -1,  -29,    0,    0,    0,
       0,   -6,    0,   -5,    0,   -4,    0,    0,   -1,    0,    0,    0,    0,    0,    0,    0,    0,    0,    0,    0,    0,    0,    0,   -3,    0,    0,    0,    0,    0,    0,    0,    0,    0,    0,    0,    0,    0,    0,  -27,    0,   -7,   -3,   -7,   -7,    0,   -2,   -6,    0,    0,    0,   -7,    0,   -7,    0,    0,   -5,   -3,    0,    0,    0,    0,   -3,    0,   -9,    0,    0,    0,    0,    0,    0,    0,    0,   -7,   -7,   -7,   -7,   -7,   -7,   -7,   -7,    0,    0,    0,   -7,   -7,   -7,   -7,   -7,   -6,   -7,   -7,   -7,   -7,   -7,   -7,   -7,   -2,   -2,    0,    0,    0,    0,    0,   -6,   -7,   -7,    0,    0,    0,    0,   -3,    0,   -7,    0,    0,   -7,   -7,    0,    0,    0,    0,    0,    0,    0,    0,    0,    0,    0,    0,    0,    0,    0,    0,    0,    0,    0,    0,    0,    0,    0,    0,    0,    0,    0,    0,    0,    0,    0,    0,    0,    0,    0,    0,    0,    0,    0,    0,    0,    0,    0,    0,    0,    0,    0,    0,    0,    0,    0,    0,    0,    0,    0,    0,    0,    0,    0,    0,    0,    0,   -7,    0,   -1,   -8,   -5,    0,   -8,   -5,    0,    0,    0,    0,
       0,   -1,    0,  -10,   -6,   -3,    0,  -23,    0,  -23,  -14,    0,    0,    0,    0,    0,    0,    0,    0,    0,    0,    0,    0,   -7,    0,    0,    0,    0,    0,    0,    0,    0,    0,    0,    0,    0,    0,    0,  -21,   -7,   -5,  -13,   -5,   -5,    0,   -8,   -7,    0,    0,    0,   -5,    0,  -12,    0,   -9,    0,   -3,    0,    0,    0,    0,  -11,    0,    0,    0,    0,   -1,  -10,    0,    0,    0,   -1,   -5,   -5,   -5,   -5,   -5,   -5,   -5,   -5,    0,    0,    0,   -5,   -5,   -5,   -5,   -5,   -7,   -5,   -5,   -5,   -5,   -5,   -5,   -5,   -8,   -8,    0,    0,    0,    0,    0,  -14,   -5,   -5,    0,   -9,   -9,    0,  -11,    0,   -5,    0,    0,   -5,   -5,    0,    0,    0,    0,    0,    0,    0,    0,    0,    0,    0,    0,    0,    0,    0,    0,    0,    0,    0,    0,    0,    0,    0,    0,    0,    0,    0,    0,    0,    0,    0,    0,    0,    0,    0,    0,    0,    0,    0,    0,    0,    0,    0,    0,    0,    0,    0,    0,    0,    0,    0,    0,    0,    0,    0,    0,    0,    0,    0,    0,    0,    0,   -5,    0,    0,   -8,    0,    0,   -8,    0,  -23,    0,    0,    0,
       0,   -1,    0,    0,    0,   -1,    0,    0,    0,    0,    0,    0,    0,    0,    0,    0,    0,    0,    0,    0,    0,    0,    0,    0,    0,    0,    0,    0,    0,    0,    0,    0,    0,    0,    0,    0,    0,    0,  -14,    0,   -2,   -6,   -2,   -2,    0,    0,   -3,    0,    0,    0,   -2,    0,   -2,    0,    0,    0,    0,    0,    0,    0,    0,    0,    0,    0,    0,    0,    0,    0,    0,    0,    0,    0,   -2,   -2,   -2,   -2,   -2,   -2,   -2,   -2,    0,    0,    0,   -2,   -2,   -2,   -2,   -2,   -3,   -2,   -2,   -2,   -2,   -2,   -2,   -2,    0,    0,    0,    0,    0,    0,    0,   -6,   -2,   -2,    0,    0,    0,    0,    0,    0,   -2,    0,    0,   -2,   -2,    0,    0,    0,    0,    0,    0,    0,    0,    0,    0,    0,    0,    0,    0,    0,    0,    0,    0,    0,    0,    0,    0,    0,    0,    0,    0,    0,    0,    0,    0,    0,    0,    0,    0,    0,    0,    0,    0,    0,    0,    0,    0,    0,    0,    0,    0,    0,    0,    0,    0,    0,    0,    0,    0,    0,    0,    0,    0,    0,    0,    0,    0,   -2,    0,    0,   -4,   -1,    0,   -4,   -1,    0,    0,    0,    0,
       0,    0,    0,    0,    0,    0,    0,    0,    0,    0,    0,    0,    0,    0,    0,    0,    0,    0,    0,    0,    0,    0,    0,    0,    0,   -6,    0,    0,    0,    0,    0,  -13,   -1,  -20,  -20,    0,  -20,    0,    0,    0,   -8,   -2,   -8,   -8,    0,    0,   -2,    0,    0,    0,   -8,    0,   -8,    0,   -1,    0,    0,    0,    0,    0,    0,    0,    0,    0,    0,    0,    0,    0,    0,    0,    0,    0,   -8,   -8,   -8,   -8,   -8,   -8,   -8,   -8,    0,    0,    0,   -8,   -8,   -8,   -8,   -8,   -2,   -8,   -8,   -8,   -8,   -8,   -8,   -8,    0,    0,    0,    0,    0,    0,    0,   -2,   -8,   -8,    0,   -1,   -1,  -13,    0,    0,   -8,    0,    0,   -8,   -8,    0,    0,    0,    0,    0,    0,    0,    0,    0,    0,    0,    0,    0,    0,    0,    0,    0,    0,    0,    0,    0,    0,    0,    0,    0,    0,    0,    0,    0,    0,    0,    0,    0,    0,    0,    0,    0,    0,    0,    0,    0,    0,    0,    0,    0,    0,    0,    0,    0,    0,    0,    0,    0,    0,    0,    0,    0,    0,    0,    0,    0,    0,   -8,    0,    0,   -1,   -1,    0,   -1,   -1,    0,    0,    0,    0,
       0,    0,    0,    0,    0,    0,    0,    0,    0,    0,    0,    0,    0,    0,    0,    0,    0,    0,    0,    0,    0,    0,    0,    0,    0,    0,    0,    0,   -1,    0,    0,   -1,   -1,   -8,   -4,   -1,  -14,    0,    0,    0,    0,    0,    0,    0,    0,    0,    0,    0,    0,    0,    0,    0,    0,    0,    0,    0,    0,    0,    0,    0,    0,    0,    0,    0,    0,    0,    0,    0,   -1,    0,    0,    0,    0,    0,    0,    0,    0,    0,    0,    0,    0,    0,    0,    0,    0,    0,    0,    0,    0,    0,    0,    0,    0,    0,    0,    0,    0,    0,    0,    0,    0,    0,    0,    0,    0,    0,    0,    0,    0,   -1,    0,    0,    0,    0,    0,    0,    0,    0,    0,    0,    0,    0,  -15,    0,   -3,    0,    0,    0,    0,   -9,    0,    0,  -15,    0,    0,    0,    0,    0,    0,    0,    0,    0,    0,    0,    0,    0,    0,    0,    0,    0,    0,    0,    0,    0,    0,    0,    0,    0,    0,    0,    0,    0,    0,    0,    0,    0,    0,    0,    0,    0,    0,    0,    0,  -15,    0,  -15,    0,    0,    0,    0,    0,    0,    0,    0,    0,    0,    0,    0,    0,    0,    0,
       0,    0,    0,    0,    0,    0,    0,    0,    0,    0,    0,    0,  -13,   -8,    0,   -1,    0,  -29,    0,    0,    0,    0,    0,    0,  -12,    0,    0,    0,    0,    0,    0,  -12,    0,  -12,   -6,  -12,  -12,    0,    0,    0,    0,    0,    0,    0,    0,    0,    0,    0,    0,    0,    0,    0,    0,    0,    0,    0,    0,    0,    0,    0,    0,    0,    0,    0,    0,    0,    0,    0,    0,  -12,    0,    0,    0,    0,    0,    0,    0,    0,    0,    0,    0,    0,    0,    0,    0,    0,    0,    0,    0,    0,    0,    0,    0,    0,    0,    0,    0,    0,    0,    0,    0,    0,    0,    0,    0,    0,    0,    0,    0,  -12,    0,    0,    0,    0,    0,    0,    0,    0,    0,    0,    0,    0,    0,    0,    0,    0,    0,    0,    0,    0,    0,    0,    0,    0,    0,    0,    0,    0,    0,    0,    0,    0,    0,    0,    0,    0,    0,    0,    0,    0,    0,    0,    0,    0,    0,    0,    0,    0,    0,    0,    0,    0,    0,    0,    0,    0,    0,    0,    0,    0,    0,    0,    0,    0,    0,    0,    0,    0,    0,    0,    0,    0,    0,    0,    0,    0,    0,    0,    0,    0,    0,
       0,    0,    0,    0,    0,    0,    0,  -20,    0,  -20,    0,    0,    0,    0,    0,    0,    0,    0,    0,    0,    0,    0,    0,    0,    0,    0,    0,    0,    0,    0,    0,  -17,    0,  -17,  -10,   -7,  -17,    0,    0,    0,    0,    0,    0,    0,    0,    0,    0,    0,    0,    0,    0,    0,    0,    0,    0,   -3,    0,   -6,   -6,   -9,    0,    0,    0,    0,    0,    0,    0,    0,  -12,    0,    0,    0,    0,    0,    0,    0,    0,    0,    0,    0,    0,    0,    0,    0,    0,    0,    0,    0,    0,    0,    0,    0,    0,    0,    0,    0,    0,    0,    0,    0,    0,    0,    0,    0,    0,    0,    0,    0,    0,  -17,    0,    0,    0,    0,    0,    0,    0,    0,    0,    0,    0,    0,    0,    0,    0,    0,    0,    0,    0,    0,    0,    0,    0,    0,    0,    0,    0,    0,    0,    0,    0,    0,    0,    0,    0,    0,    0,    0,    0,    0,    0,    0,    0,    0,    0,    0,    0,    0,    0,    0,    0,    0,    0,    0,    0,    0,    0,    0,    0,    0,    0,    0,    0,    0,    0,    0,    0,    0,    0,    0,    0,    0,    0,    0,    0,    0,    0,  -20,    0,    0,    0,
       0,    0,    0,    0,    0,    0,    0,    0,    0,    0,    0,    0,    0,    0,    0,    0,    0,    0,    0,    0,    0,    0,    0,    0,    0,  -13,    0,    0,    0,    0,   -6,  -20,  -15,  -33,  -30,    0,  -37,    0,    0,    0,   -9,   -8,   -9,   -9,    1,    0,   -8,   -1,    0,   -7,   -9,   -7,   -9,   -7,   -6,  -11,   -8,   -7,   -7,    0,    0,    0,    0,   -9,    0,    0,    0,   -6,    0,    0,    0,    0,   -9,   -9,   -9,   -9,   -9,   -9,   -9,   -9,   -1,   -1,   -1,   -9,   -9,   -9,   -9,   -9,   -8,   -9,   -9,   -9,   -9,   -9,   -9,   -9,    0,    0,   -1,   -1,   -1,    0,    0,   -8,   -9,   -9,   -7,   -6,   -6,  -20,    0,   -1,   -9,   -1,   -1,   -9,   -9,   -7,    0,    0,    0,    0,    0,    0,    0,    0,    0,    0,    0,    0,    0,    0,    0,    0,    0,    0,    0,    0,    0,    0,    0,    0,    0,    0,    0,    0,    0,    0,    0,    0,    0,    0,    0,    0,    0,    0,    0,    0,    0,    0,    0,    0,    0,    0,    0,    0,    0,    0,    0,    0,    0,    0,    0,    0,    0,    0,    0,    0,    0,   -9,   -1,    0,  -32,  -26,    0,  -32,  -26,    0,    0,    0,    0,
       0,    0,    0,    0,    0,   -3,    0,    0,    0,    0,    0,    0,    0,    0,    0,    0,    0,    0,    0,    0,    0,    0,    0,    0,    0,   -1,    0,   -1,    0,    0,    0,  -42,   -1,  -48,  -41,    0,  -45,    0,   -2,    0,    0,   -1,    0,    0,    0,    0,   -1,    0,    0,    0,    0,    0,    0,    0,    0,    0,    0,    0,    0,    0,    0,    0,    0,    0,    0,    0,    0,    0,    0,    0,    0,    0,    0,    0,    0,    0,    0,    0,    0,    0,    0,    0,    0,    0,    0,    0,    0,    0,   -1,    0,    0,    0,    0,    0,    0,    0,    0,    0,    0,    0,    0,   -1,    0,   -1,    0,    0,    0,    0,    0,  -42,    0,    0,    0,    0,    0,    0,    0,    0,    0,    0,    0,    0,    0,    0,    0,    0,    0,    0,    0,    0,    0,    0,    0,    0,    0,    0,    0,    0,    0,    0,    0,    0,    0,    0,    0,    0,    0,    0,    0,    0,    0,    0,    0,    0,    0,    0,    0,    0,    0,    0,    0,    0,    0,    0,    0,    0,    0,    0,    0,    0,    0,    0,    0,    0,    0,    0,    0,    0,    0,    0,    0,    0,    0,    0,    0,    0,    0,    0,    0,    0,    0,
       0,   -6,    0,    0,    0,    0,    0,  -10,    0,  -10,   -1,    0,    0,    0,    0,    0,    0,    0,    0,    0,    0,    0,   -8,    0,  -24,    0,    0,   -3,   -5,   -3,    0,  -16,   -2,  -17,   -5,  -12,  -11,   -9,  -13,    0,    0,    0,    0,    0,    0,    0,    0,    0,    2,    0,    0,    0,    0,    0,    0,    0,    0,    0,    0,    0,    1,   -6,    0,    0,    0,    0,    0,    0,    0,  -24,    0,    0,    0,    0,    0,    0,    0,    0,    0,    0,    0,    0,    0,    0,    0,    0,    0,    0,    6,    0,    0,    0,    0,    0,    0,    0,    0,    0,    0,    0,    0,    0,    2,    0,    0,    0,    0,    0,    0,  -16,   -6,    0,    0,    0,    0,    0,    0,    0,    0,    0,    0,    0,    0,    0,    0,    0,    0,    0,    0,    0,    0,    0,    0,    0,    0,    0,    0,    0,    0,    0,    0,    0,    0,    0,    0,    0,    0,    0,    0,    0,    0,    0,    0,    0,    0,    0,    0,    0,    0,    0,    0,    0,    0,    0,    0,    0,    0,    0,    0,    0,    0,    0,    0,    0,    0,    0,    0,    0,    0,    0,    0,    0,   -9,  -13,    0,   -9,  -13,  -10,    0,    0,    0,
       0,   -6,    0,    0,    0,    0,    0,  -10,    0,  -10,   -1,    0,    0,    0,    0,    0,    0,    0,    0,    0,    0,    0,   -8,    0,   -7,    0,    0,   -3,   -5,   -3,    0,   -7,   -2,   -7,   -5,  -12,  -11,   -9,  -13,    0,    0,    0,    0,    0,    0,    0,    0,    0,    2,    0,    0,    0,    0,    0,    0,    0,    0,    0,    0,    0,    1,   -6,    0,    0,    0,    0,    0,    0,    0,  -24,    0,    0,    0,    0,    0,    0,    0,    0,    0,    0,    0,    0,    0,    0,    0,    0,    0,    0,    6,    0,    0,    0,    0,    0,    0,    0,    0,    0,    0,    0,    0,    0,    2,    0,    0,    0,    0,    0,    0,   -7,   -6,    0,    0,    0,    0,    0,    0,    0,    0,    0,    0,    0,    0,    0,    0,    0,    0,    0,    0,    0,    0,    0,    0,    0,    0,    0,    0,    0,    0,    0,    0,    0,    0,    0,    0,    0,    0,    0,    0,    0,    0,    0,    0,    0,    0,    0,    0,    0,    0,    0,    0,    0,    0,    0,    0,    0,    0,    0,    0,    0,    0,    0,    0,    0,    0,    0,    0,    0,    0,    0,    0,    0,   -9,  -13,    0,   -9,  -13,  -10,    0,    0,    0,
       0,    0,    0,    0,    0,    0,    0,    0,    0,    0,    0,   -1,  -21,  -21,  -20,  -19,   -6,  -35,    0,  -12,    0,    0,    0,    0,    0,    0,    0,    0,    0,    0,    0,    0,    0,    0,    0,    0,    0,    0,    0,    0,    0,    0,    0,    0,    0,    0,    0,    0,    0,    0,    0,    0,    0,    0,    0,    0,    0,    0,    0,    0,    0,    0,    0,    0,    0,    0,    0,    0,    0,    0,    0,    0,    0,    0,    0,    0,    0,    0,    0,    0,    0,    0,    0,    0,    0,    0,    0,    0,    0,    0,    0,    0,    0,    0,    0,    0,    0,    0,    0,    0,    0,    0,    0,    0,    0,    0,    0,    0,    0,    0,    0,    0,    0,    0,    0,    0,    0,    0,    0,    0,    0,    0,    0,    0,    0,    0,    0,    0,    0,    0,    0,    0,    0,    0,    0,    0,    0,    0,    0,    0,    0,    0,    0,    0,    0,    0,    0,    0,    0,    0,    0,    0,    0,    0,    0,    0,    0,    0,    0,    0,    0,    0,    0,    0,    0,    0,    0,    0,    0,    0,    0,    0,    0,    0,    0,    0,    0,    0,    0,    0,    0,    0,    0,    0,    0,    0,    0,    0,    0,    0,    0,
       0,    0,    0,    0,    0,   -1,    0,    0,    0,    0,   -8,    0,    0,    0,    0,    0,    0,    0,    0,    0,    0,    0,   -1,    0,  -26,   19,    0,    0,    0,    0,    0,   -6,    0,  -24,  -16,   -7,  -36,  -11,   -2,    0,    0,    0,    0,    0,    0,    0,    0,    0,    0,    0,    0,    0,    0,    0,    0,    0,    0,    0,    0,    0,    0,   -3,    0,    0,    0,    0,    0,    0,    0,  -26,    0,    0,    0,    0,    0,    0,    0,    0,    0,    0,    0,    0,    0,    0,    0,    0,    0,    0,    0,    0,    0,    0,    0,    0,    0,    0,    0,    0,    0,    0,    0,    0,    0,    0,    0,    0,    0,    0,    0,   -6,   -3,    0,    0,    0,    0,    0,    0,    0,    0,    0,    0,    0,    0,    0,    0,    0,    0,    0,    0,    0,    0,    0,    0,    0,    0,    0,    0,    0,    0,    0,    0,    0,    0,    0,    0,    0,    0,    0,    0,    0,    0,    0,    0,    0,    0,    0,    0,    0,    0,    0,    0,    0,    0,    0,    0,    0,    0,    0,    0,    0,    0,    0,    0,    0,    0,    0,    0,    0,    0,    0,    0,    0,    0,  -12,    0,    0,  -12,    0,    0,    0,    0,
       0,    0,    0,    0,    0,    0,    0,    0,    0,    0,    0,    0,    0,    0,    0,    0,    0,    0,    0,    0,    0,    0,    0,    0,    0,    0,    0,    0,    0,    0,    0,    0,    0,    0,    0,    0,    0,    0,    0,    0,    0,    0,    0,    0,   -9,    0,    0,    0,   -6,    0,    0,    0,    0,    0,   -3,   -7,   -7,   -6,   -6,    0,  -13,   -6,    0,    0,    0,    0,    0,    0,    0,    0,    0,    0,    0,    0,    0,    0,    0,    0,    0,    0,    0,    0,    0,    0,    0,    0,    0,    0,    0,    0,    0,    0,    0,    0,    0,    0,    0,    0,    0,    0,    0,    0,   -6,    0,    0,    0,    0,   -3,   -3,    0,   -6,    0,    0,    0,    0,    0,    0,    0,    0,    0,    0,    0,    0,    0,    0,    0,    0,    0,    0,    0,    0,    0,    0,    0,    0,    0,    0,    0,    0,    0,    0,    0,    0,    0,    0,    0,    0,    0,    0,    0,    0,    0,    0,    0,    0,    0,    0,    0,    0,    0,    0,    0,    0,    0,    0,    0,    0,    0,    0,    0,    0,    0,    0,    0,    0,    0,    0,    0,    0,    0,    0,    0,    0,    0,    0,    0,    0,    0,    0,    0,    0,
       0,  -14,    0,   -1,    0,  -23,    0,    0,    0,    0,    0,    0,    0,    0,    0,    0,    0,    0,    0,    0,    0,    0,  -10,    0,    0,    0,    0,    0,    0,    0,    0,  -26,    0,    0,    0,    0,    0,    0,  -28,    0,    0,   -8,    0,    0,  -11,    0,   -3,    0,   -2,    0,    0,   -3,    0,    0,    0,   -8,   -2,  -16,  -16,    0,   -5,   -2,    0,   -8,    0,    0,    0,    0,    0,    0,    0,    0,    0,    0,    0,    0,    0,    0,    0,    0,    0,    0,    0,    0,    0,    0,    0,    0,   -3,    0,    0,    0,    0,    0,    0,    0,    0,    0,    0,    0,    0,    0,   -2,   -7,    0,    0,    0,    0,    0,  -26,   -2,    0,    0,    0,    0,    0,    0,    0,    0,    0,    0,    0,    0,    0,    0,    0,    0,    0,    0,    0,    0,    0,    0,    0,    0,    0,    0,    0,    0,    0,    0,    0,    0,    0,    0,    0,    0,    0,    0,    0,    0,    0,    0,    0,    0,    0,    0,    0,    0,    0,    0,    0,    0,    0,    0,    0,    0,    0,    0,    0,    0,    0,    0,    0,    0,    0,    0,    0,    0,    0,    0,    0,  -40,  -14,    0,  -20,  -14,    0,    0,    0,    0,
       0,  -14,    0,   -1,    0,  -23,    0,    0,    0,    0,    0,    0,    0,    0,    0,    0,    0,    0,    0,    0,    0,    0,  -10,    0,    0,    0,    0,    0,    0,    0,    0,  -26,    0,    0,    0,    0,    0,    0,  -28,    0,    0,   -8,    0,    0,   -2,    0,   -3,    0,   -2,    0,    0,   -3,    0,    0,    0,   -8,   -2,  -14,  -14,    0,   -5,   -2,    0,   -8,    0,    0,    0,    0,    0,    0,    0,    0,    0,    0,    0,    0,    0,    0,    0,    0,    0,    0,    0,    0,    0,    0,    0,    0,   -3,    0,    0,    0,    0,    0,    0,    0,    0,    0,    0,    0,    0,    0,   -2,   -7,    0,    0,    0,    0,    0,  -26,   -2,    0,    0,    0,    0,    0,    0,    0,    0,    0,    0,    0,    0,    0,    0,    0,    0,    0,    0,    0,    0,    0,    0,    0,    0,    0,    0,    0,    0,    0,    0,    0,    0,    0,    0,    0,    0,    0,    0,    0,    0,    0,    0,    0,    0,    0,    0,    0,    0,    0,    0,    0,    0,    0,    0,    0,    0,    0,    0,    0,    0,    0,    0,    0,    0,    0,    0,    0,    0,    0,    0,    0,  -40,  -14,    0,  -20,  -14,    0,    0,    0,    0,
       0,  -10,    0,    0,    0,  -12,    0,    0,    0,    0,    0,    0,    0,    0,    0,    0,    0,    0,    0,    0,    0,    0,   -5,   -5,    0,    0,    0,    0,    0,    0,    0,  -23,    0,    0,    0,    0,    0,    0,  -28,    0,   -8,   -5,   -3,   -3,   -2,   -2,   -5,    0,    0,    0,   -3,    0,   -3,    0,   -3,   -3,    0,    0,    0,    0,    0,   -6,    0,    0,    0,    0,    0,    0,    0,    0,    0,    0,   -3,   -3,   -3,   -3,   -3,   -3,   -3,   -3,    0,    0,    0,   -3,   -3,   -3,   -3,   -3,   -5,   -3,   -3,   -3,   -3,   -3,   -3,   -3,   -2,   -2,    0,    0,    0,    0,    0,  -10,   -3,   -3,    0,   -3,   -3,  -23,   -6,    0,   -3,    0,    0,   -3,   -3,    0,    0,    0,    0,    0,    0,    0,    0,    0,    0,    0,    0,    0,    0,    0,    0,    0,    0,    0,    0,    0,    0,    0,    0,    0,    0,    0,    0,    0,    0,    0,    0,    0,    0,    0,    0,    0,    0,    0,    0,    0,    0,    0,    0,    0,    0,    0,    0,    0,    0,    0,    0,    0,    0,    0,    0,    0,    0,    0,    0,    0,    0,   -3,    0,    0,  -16,   -6,    0,  -16,   -6,    0,    0,    0,    0,
       0,  -17,    0,   -4,    0,  -27,    0,   -4,    0,   -4,   -8,    0,    0,    0,    0,    0,    0,    0,    0,    0,    0,    0,  -13,    0,    0,    0,    0,    0,    0,    0,    0,  -15,    0,    0,    0,    0,    0,    0,  -22,    0,   -5,  -14,   -3,   -3,   -1,   -3,   -5,    0,    0,    0,   -3,   -4,   -3,    0,   -7,   -7,   -3,   -2,   -2,   -5,   -3,  -10,    0,    0,    0,    0,    0,    0,    0,    0,    0,   -6,   -3,   -3,   -3,   -3,   -3,   -3,   -3,   -3,    0,    0,    0,   -3,   -3,   -3,   -3,   -3,   -5,   -3,   -3,   -3,   -3,   -3,   -3,   -3,   -3,   -3,    0,    0,    0,    0,    0,  -10,   -3,   -3,    0,   -7,   -7,  -15,  -10,    0,   -3,    0,    0,   -3,   -3,    0,    0,    0,    0,    0,    0,    0,    0,    0,    0,    0,    0,    0,    0,    0,    0,    0,    0,    0,    0,    0,    0,    0,    0,    0,    0,    0,    0,    0,    0,    0,    0,    0,    0,    0,    0,    0,    0,    0,    0,    0,    0,    0,    0,    0,    0,    0,    0,    0,    0,    0,    0,    0,    0,    0,    0,    0,    0,    0,    0,    0,    0,   -3,    0,    0,  -28,  -16,    0,  -28,  -16,   -4,    0,    0,    0,
       0,   -6,    0,    0,    0,    0,    0,  -10,    0,  -10,   -1,    0,    0,    0,    0,    0,    0,    0,    0,    0,    0,    0,   -8,    0,   -7,    0,    0,   -3,   -5,   -3,    0,  -16,   -2,  -17,   -5,  -12,  -11,   -9,  -13,    0,    0,    0,    0,    0,    0,    0,    0,    0,    2,    0,    0,    0,    0,    0,    0,    0,    0,    0,    0,    0,    1,   -6,    0,    0,    0,    0,    0,    0,    0,  -24,    0,    0,    0,    0,    0,    0,    0,    0,    0,    0,    0,    0,    0,    0,    0,    0,    0,    0,    6,    0,    0,    0,    0,    0,    0,    0,    0,    0,    0,    0,    0,    0,    2,    0,    0,    0,    0,    0,    0,  -16,   -6,    0,    0,    0,    0,    0,    0,    0,    0,    0,    0,    0,    0,    0,    0,    0,    0,    0,    0,    0,    0,    0,    0,    0,    0,    0,    0,    0,    0,    0,    0,    0,    0,    0,    0,    0,    0,    0,    0,    0,    0,    0,    0,    0,    0,    0,    0,    0,    0,    0,    0,    0,    0,    0,    0,    0,    0,    0,    0,    0,    0,    0,    0,    0,    0,    0,    0,    0,    0,    0,    0,    0,   -9,  -13,    0,   -9,  -13,  -10,    0,    0,    0,
      -2,   -9,    0,    0,    0,   -1,  -28,  -60,  -60,  -60,   -2,    0,    0,    0,    0,    0,    0,    0,    0,    0,  -60,  -28,   -7,    0,    0,    0,    0,    0,    0,    0,    0,    0,    0,    0,    0,    0,    0,    0,   -1,    0,  -30,    0,  -30,  -30,    0,  -33,    0,   -9,  -10,  -15,  -30,  -45,  -60,  -33,  -60,  -12,  -42,  -17,  -35,  -29,  -34,  -33,    0,  -39,    0,    0,  -28,  -31,    0,    0,    0,    0,  -30,  -30,  -30,  -30,  -30,  -30,  -30,  -30,   -9,   -9,   -9,  -30,  -30,  -30,  -30,  -30,    0,  -30,  -30,  -30,  -60,  -30,  -30,  -60,   -3,   -3,   -9,   -9,   -9,    0,  -10,    0,  -30,  -30,  -15,  -60,  -60,    0,  -33,   -9,  -30,   -9,   -9,  -30,  -30,  -15,    0,    0,    0,    0,    0,    0,    0,    0,    0,    0,    0,    0,    0,    0,    0,    0,    0,    0,    0,    0,    0,    0,    0,    0,    0,    0,    0,    0,    0,    0,    0,    0,    0,    0,    0,    0,    0,    0,    0,    0,    0,    0,    0,    0,    0,    0,    0,    0,    0,    0,    0,    0,    0,    0,    0,    0,    0,    0,    0,    0,    0,  -30,   -9,  -60,  -35,  -20,    0,  -35,  -20,  -60,    0,    0,    0,
       0,  -29,    0,    0,    0,  -33,    0,    0,    0,    0,    0,    0,    0,    0,    0,    0,    0,    0,    0,    0,    0,    0,  -17,    0,    0,   -3,    0,   -3,   -7,    0,   -2,  -20,  -11,  -26,  -21,    0,  -31,   -4,  -28,    0,    0,  -17,    0,    0,   -4,    0,   -7,   -4,   -1,   -7,    0,   -7,    0,   -7,    0,  -10,   -7,   -7,   -7,    0,  -13,   -6,    0,    0,    0,    0,   -5,    0,    0,    0,    0,    0,    0,    0,    0,    0,    0,    0,    0,    0,   -4,   -4,   -4,    0,    0,    0,    0,    0,  -13,    0,    0,    0,    0,    0,    0,    0,    0,    0,   -4,   -4,   -4,   -3,   -1,   -7,    0,    0,   -7,    0,    0,  -20,   -6,   -4,    0,   -4,   -4,    0,    0,   -7,    0,    0,    0,    0,    0,    0,    0,    0,    0,    0,    0,    0,    0,    0,    0,    0,    0,    0,    0,    0,    0,    0,    0,    0,    0,    0,    0,    0,    0,    0,    0,    0,    0,    0,    0,    0,    0,    0,    0,    0,    0,    0,    0,    0,    0,    0,    0,    0,    0,    0,    0,    0,    0,    0,    0,    0,    0,    0,    0,    0,    0,    0,   -4,    0,  -43,  -36,    0,  -43,  -71,    0,    0,    0,    0,
       0,  -58,    0,    0,    0,  -33,    0,    0,    0,    0,    0,    0,    0,    0,    0,    0,    0,    0,    0,    0,    0,    0,  -17,    0,    0,   -3,    0,   -3,   -7,    0,   -2,  -34,  -11,  -40,  -29,    0,  -45,   -4,  -28,    0,    0,  -17,    0,    0,   -4,    0,   -7,   -4,   -1,   -7,    0,   -7,    0,   -7,    0,  -10,   -7,   -7,   -7,    0,  -13,   -6,    0,    0,    0,    0,   -5,    0,    0,    0,    0,    0,    0,    0,    0,    0,    0,    0,    0,    0,   -4,   -4,   -4,    0,    0,    0,    0,    0,  -13,    0,    0,    0,    0,    0,    0,    0,    0,    0,   -4,   -4,   -4,   -3,   -1,   -7,    0,    0,   -7,    0,    0,  -37,   -6,   -4,    0,   -4,   -4,    0,    0,   -7,    0,    0,    0,    0,    0,    0,    0,    0,    0,    0,    0,    0,    0,    0,    0,    0,    0,    0,    0,    0,    0,    0,    0,    0,    0,    0,    0,    0,    0,    0,    0,    0,    0,    0,    0,    0,    0,    0,    0,    0,    0,    0,    0,    0,    0,    0,    0,    0,    0,    0,    0,    0,    0,    0,    0,    0,    0,    0,    0,    0,    0,    0,   -4,    0,  -68,  -71,    0,  -68,  -71,    0,    0,    0,    0,
      -2,   -9,    0,    0,    0,   -1,  -26,  -59,  -59,  -59,   -2,    0,    0,    0,    0,    0,    0,    0,    0,    0,  -59,  -26,   -7,    0,    0,    0,    0,    0,    0,    0,    0,    0,    0,    0,    0,    0,    0,    0,   -1,    0,  -30,    0,  -59,  -59,    0,  -31,    0,  -10,  -11,  -15,  -30,  -43,  -59,  -31,  -30,  -12,  -21,  -44,  -46,  -28,  -48,  -31,    0,  -37,    0,    0,  -26,  -30,    0,    0,    0,    0,  -30,  -30,  -30,  -30,  -30,  -30,  -30,  -30,  -10,  -10,  -10,  -30,  -30,  -30,  -30,  -30,    0,  -30,  -30,  -30,  -60,  -30,  -30,  -60,   -3,   -3,  -10,  -10,  -10,    0,  -11,    0,  -30,  -30,  -15,  -60,  -60,    0,  -31,  -10,  -30,  -10,  -10,  -30,  -30,  -15,    0,    0,    0,    0,    0,    0,    0,    0,    0,    0,    0,    0,    0,    0,    0,    0,    0,    0,    0,    0,    0,    0,    0,    0,    0,    0,    0,    0,    0,    0,    0,    0,    0,    0,    0,    0,    0,    0,    0,    0,    0,    0,    0,    0,    0,    0,    0,    0,    0,    0,    0,    0,    0,    0,    0,    0,    0,    0,    0,    0,    0,  -30,  -10,  -59,  -32,  -20,    0,  -32,  -20,  -59,    0,    0,    0,
       0,   -9,    0,    0,    0,    0,  -28,  -28,  -28,  -28,    0,    0,    0,    0,    0,    0,    0,    0,    0,    0,  -28,  -28,   -7,    0,    0,    0,    0,    0,    0,    0,    0,    0,    0,    0,    0,    0,    0,    0,   -1,    0,   -3,    0,   -3,   -3,    0,    0,    0,    1,    0,    7,   -3,    7,   -3,    7,    0,   -6,   -7,   -6,   -6,    1,    7,    0,    0,   -6,    0,    0,  -28,    2,    0,    0,    0,    0,   -3,   -3,   -3,   -3,   -3,   -3,   -3,   -3,    1,    1,    1,   -3,   -3,   -3,   -3,   -3,    0,   -3,   -3,   -3,   -3,   -3,   -3,   -3,    0,    0,    1,    1,    1,    0,    0,    0,   -3,   -3,    7,    0,    0,    0,    0,    1,   -3,    1,    1,   -3,   -3,    7,    0,    0,    0,    0,    0,    0,    0,    0,    0,    0,    0,    0,    0,    0,    0,    0,    0,    0,    0,    0,    0,    0,    0,    0,    0,    0,    0,    0,    0,    0,    0,    0,    0,    0,    0,    0,    0,    0,    0,    0,    0,    0,    0,    0,    0,    0,    0,    0,    0,    0,    0,    0,    0,    0,    0,    0,    0,    0,    0,    0,    0,   -3,    1,  -28,  -25,  -20,    0,  -25,  -20,  -28,    0,    0,    0,
      -1,   -1,    0,    0,    0,   -1,    0,   -1,   -1,   -1,    0,    0,    0,    0,    0,    0,    0,    0,    0,    0,   -1,    0,  -10,    0,    0,    0,    0,    0,    0,    0,    0,    0,    0,    0,    0,    0,    0,    0,   -2,    0,  -13,  -10,  -13,  -13,    0,    0,   -6,    0,   -1,  -10,  -13,  -10,  -13,  -10,   -9,  -10,  -12,    0,    0,    0,    0,   -6,    0,  -10,    0,    0,   -1,   -8,    0,    0,    0,    0,  -13,  -13,  -13,  -13,  -13,  -13,  -13,  -13,    0,    0,    0,  -13,  -13,  -13,  -13,  -13,   -6,  -13,  -13,  -13,  -26,  -13,  -13,  -13,    0,    0,    0,    0,    0,    0,   -1,   -6,  -13,  -13,  -10,   -9,  -19,    0,   -6,    0,  -13,    0,    0,  -13,  -13,  -10,    0,    0,    0,    0,    0,    0,    0,    0,    0,    0,    0,    0,    0,    0,    0,    0,    0,    0,    0,    0,    0,    0,    0,    0,    0,    0,    0,    0,    0,    0,    0,    0,    0,    0,    0,    0,    0,    0,    0,    0,    0,    0,    0,    0,    0,    0,    0,    0,    0,    0,    0,    0,    0,    0,    0,    0,    0,    0,    0,    0,    0,  -13,    0,   -1,  -10,   -9,    0,  -10,   -9,   -1,    0,    0,    0,
       0,    0,    0,    0,    0,    0,    0,  -35,  -29,  -35,   -3,    0,    0,    0,    0,    0,    0,    0,    0,    0,    0,    0,    0,    0,  -40,  -15,    0,    0,   -1,    0,   -5,    0,    0,    3,    0,    0,    3,   -9,    0,    0,  -34,    3,  -34,  -34,  -14,  -34,    3,    0,    0,   -8,  -34,   -8,  -34,   -8,  -30,  -11,  -10,   -4,   -4,  -11,   -6,  -20,    0,  -14,    0,    0,    0,  -19,    0,  -40,    0,    0,  -34,  -34,  -34,  -34,  -34,  -34,  -34,  -34,    0,    0,    0,  -34,  -34,  -34,  -34,  -34,    3,  -34,  -34,  -34,  -34,  -34,  -34,  -34,  -34,  -34,    0,    0,    0,    0,    0,    3,  -34,  -34,   -8,  -30,  -30,    0,  -20,    0,  -34,    0,    0,  -34,  -34,   -8,    0,    0,    0,    0,    0,    0,    0,    0,    0,    0,    0,    0,    0,    0,    0,    0,    0,    0,    0,    0,    0,    0,    0,    0,    0,    0,    0,    0,    0,    0,    0,    0,    0,    0,    0,    0,    0,    0,    0,    0,    0,    0,    0,    0,    0,    0,    0,    0,    0,    0,    0,    0,    0,    0,    0,    0,    0,    0,    0,    0,    0,  -34,    0,  -29,    0,    0,    0,    0,    0,  -35,    0,    0,    0,
       0,    0,    0,    0,    0,    0,    0,  -34,  -13,  -34,  -17,    0,    0,    0,    0,    0,    0,    0,    0,    0,  -13,    0,    0,  -12,    0,    0,    0,    0,    0,    0,    0,    0,    0,    0,    0,    0,    0,    0,    0,    0,  -15,    0,  -15,  -15,    0,    0,    0,    0,    0,    0,  -15,    0,  -15,    0,  -10,    0,    0,    0,    0,    0,    0,    0,    0,  -13,    0,    0,    0,   -7,    0,    0,    0,    0,  -15,  -15,  -15,  -15,  -15,  -15,  -15,  -15,    0,    0,    0,  -15,  -15,  -15,  -15,  -15,    0,  -15,  -15,  -15,  -15,  -15,  -15,  -15,    0,    0,    0,    0,    0,    0,    0,    0,  -15,  -15,    0,  -10,  -10,    0,    0,    0,  -15,    0,    0,  -15,  -15,    0,    0,    0,    0,    0,    0,    0,    0,    0,    0,    0,    0,    0,    0,    0,    0,    0,    0,    0,    0,    0,    0,    0,    0,    0,    0,    0,    0,    0,    0,    0,    0,    0,    0,    0,    0,    0,    0,    0,    0,    0,    0,    0,    0,    0,    0,    0,    0,    0,    0,    0,    0,    0,    0,    0,    0,    0,    0,    0,    0,    0,    0,  -15,    0,  -13,    0,    0,    0,    0,    0,  -34,    0,    0,    0,
       0,    0,    0,    0,    0,    0,    0,  -34,  -20,  -34,  -19,    0,    0,    0,    0,    0,    0,    0,    0,    0,  -13,    0,    0,    0,  -21,  -11,    0,    0,   -3,    0,   -3,    0,    0,    2,    0,    0,    0,   -5,    0,    0,  -27,    0,  -27,  -27,  -13,  -31,    0,    0,    0,   -6,  -27,   -6,  -27,   -6,  -26,  -11,  -13,   -6,   -6,  -11,   -3,  -20,    0,  -26,    1,    0,    0,  -19,    0,  -21,    0,    0,  -27,  -27,  -27,  -27,  -27,  -27,  -27,  -27,    0,    0,    0,  -27,  -27,  -27,  -27,  -27,    0,  -27,  -27,  -27,  -27,  -27,  -27,  -27,  -31,  -31,    0,    0,    0,    0,    0,    0,  -27,  -27,   -6,  -26,  -26,    0,  -20,    0,  -27,    0,    0,  -27,  -27,   -6,    0,    0,    0,    0,    0,    0,    0,    0,    0,    0,    0,    0,    0,    0,    0,    0,    0,    0,    0,    0,    0,    0,    0,    0,    0,    0,    0,    0,    0,    0,    0,    0,    0,    0,    0,    0,    0,    0,    0,    0,    0,    0,    0,    0,    0,    0,    0,    0,    0,    0,    0,    0,    0,    0,    0,    0,    0,    0,    0,    0,    0,  -27,    0,  -20,    0,    0,    0,    0,    0,  -34,    0,    0,    0,
      -1,    0,    0,    0,    0,    0,    0,  -21,  -14,  -21,   -6,    0,    0,    0,    0,    0,    0,    0,    0,    0,  -12,    0,    0,  -20,    0,    0,    0,    0,    0,    0,    0,    0,    0,    0,    0,    0,    0,    0,    0,    0,  -13,    0,  -13,  -13,    0,    0,    0,    0,    0,    6,  -13,    6,  -13,    6,   -7,    0,    0,    0,    0,    0,    0,   -9,    0,  -20,    0,    0,    0,  -13,    0,    0,    0,    0,  -13,  -13,  -13,  -13,  -13,  -13,  -13,  -13,    0,    0,    0,  -13,  -13,  -13,  -13,  -13,    0,  -13,  -13,  -13,  -13,  -13,  -13,  -13,    0,    0,    0,    0,    0,    0,    0,    0,  -13,  -13,    6,   -7,   -7,    0,   -9,    0,  -13,    0,    0,  -13,  -13,    6,    0,    0,    0,    0,    0,    0,    0,    0,    0,    0,    0,    0,    0,    0,    0,    0,    0,    0,    0,    0,    0,    0,    0,    0,    0,    0,    0,    0,    0,    0,    0,    0,    0,    0,    0,    0,    0,    0,    0,    0,    0,    0,    0,    0,    0,    0,    0,    0,    0,    0,    0,    0,    0,    0,    0,    0,    0,    0,    0,    0,    0,  -13,    0,  -14,    0,    0,    0,    0,    0,  -21,    0,    0,    0,
       0,    0,    0,    0,    0,   -3,    0,    0,    0,    0,    0,    0,    0,    0,    0,    0,    0,    0,    0,    0,    0,    0,    0,    0,    0,   -1,    0,   -1,    0,    0,    0,  -21,   -1,  -24,  -20,    0,  -23,    0,   -2,    0,    0,   -1,    0,    0,    0,    0,   -1,    0,    0,    0,    0,    0,    0,    0,    0,    0,    0,    0,    0,    0,    0,    0,    0,    0,    0,    0,    0,    0,    0,    0,    0,    0,    0,    0,    0,    0,    0,    0,    0,    0,    0,    0,    0,    0,    0,    0,    0,    0,   -1,    0,    0,    0,    0,    0,    0,    0,    0,    0,    0,    0,    0,   -1,    0,   -1,    0,    0,    0,    0,    0,  -21,    0,    0,    0,    0,    0,    0,    0,    0,    0,    0,    0,    0,    0,    0,    0,    0,    0,    0,    0,    0,    0,    0,    0,    0,    0,    0,    0,    0,    0,    0,    0,    0,    0,    0,    0,    0,    0,    0,    0,    0,    0,    0,    0,    0,    0,    0,    0,    0,    0,    0,    0,    0,    0,    0,    0,    0,    0,    0,    0,    0,    0,    0,    0,    0,    0,    0,    0,    0,    0,    0,    0,    0,    0,    0,    0,    0,    0,    0,    0,    0,    0,
       0,    0,    0,    0,    0,    0,    0,    0,    0,    0,    0,    0,    0,    0,    0,    0,    0,    0,    0,    0,    0,    0,    0,    0,    0,    0,    0,    0,    0,    0,    0,    0,    0,    0,    0,    0,    0,    0,    0,    0,    0,    0,    0,    0,    0,    0,    0,    0,    0,    0,    0,    0,    0,    0,    0,    0,    0,    0,    0,    0,    0,    0,    0,    0,    0,    0,    0,    0,    0,    0,    0,    0,    0,    0,    0,    0,    0,    0,    0,    0,    0,    0,    0,    0,    0,    0,    0,    0,    0,    0,    0,    0,    0,    0,    0,    0,    0,    0,    0,    0,    0,    0,    0,    0,    0,    0,    0,    0,    0,    0,    0,    0,    0,    0,    0,    0,    0,    0,    0,    0,    0,    0,  -13,    0,    0,    0,    0,    0,    0,    0,    0,    0,  -17,    0,    0,    0,    0,    0,    0,    0,    0,    0,    0,    0,    0,    0,    0,    0,    0,    0,    0,    0,    0,    0,    0,    0,    0,    0,    0,    0,    0,    0,    0,    0,    0,    0,    0,    0,    0,    0,    0,    0,    0,  -13,    0,  -13,    0,    0,    0,    0,    0,    0,    0,    0,    0,    0,    0,    0,    0,    0,    0,
       0,    0,    0,    0,    0,    0,    0,  -47,  -24,  -47,    0,    0,    0,    0,    0,    0,    0,    0,    0,    0,  -20,    0,    0,    0,    0,    0,    0,    0,    0,    0,    0,    0,    0,    0,    0,    0,    0,    0,    0,    0,    0,    0,    0,    0,    0,    0,    0,    0,    0,    0,    0,    0,    0,    0,    0,    0,    0,    0,    0,    0,    0,    0,    0,    0,    0,    0,    0,  -10,    0,    0,    0,    0,    0,    0,    0,    0,    0,    0,    0,    0,    0,    0,    0,    0,    0,    0,    0,    0,    0,    0,    0,    0,    0,    0,    0,    0,    0,    0,    0,    0,    0,    0,    0,    0,    0,    0,    0,    0,    0,    0,    0,    0,    0,    0,    0,    0,    0,    0,    0,  -19,    0,  -20,    0,  -27,  -15,  -13,   -7,   -7,   -7,    0,   -7,    0,   -6,    0,   -7,  -20,  -20,   -7,  -34,  -13,  -14,  -50,    0,  -40,  -13,  -20,  -34,  -24,  -33,   -8,  -17,   -3,  -24,   -7,  -10,  -43,   -7,  -24,  -17,  -24,    0,  -20,  -33,   -9,    0,  -20,    0,    0,  -40,    0,  -30,  -13,    0,    0,  -13,    0,  -13,    0,  -24,    0,    0,  -24,    0,    0,    0,    0,    0,  -47,    0,    0,    0,
       0,    0,    0,    0,    0,    0,    0,    0,    0,    0,    0,    0,    0,    0,    0,    0,    0,    0,    0,    0,    0,    0,    0,    0,    0,    0,    0,    0,    0,    0,    0,    0,    0,    0,    0,    0,    0,    0,    0,    0,    0,    0,    0,    0,    0,    0,    0,    0,    0,    0,    0,    0,    0,    0,    0,    0,    0,    0,    0,    0,    0,    0,    0,    0,    0,    0,    0,    0,    0,    0,    0,    0,    0,    0,    0,    0,    0,    0,    0,    0,    0,    0,    0,    0,    0,    0,    0,    0,    0,    0,    0,    0,    0,    0,    0,    0,    0,    0,    0,    0,    0,    0,    0,    0,    0,    0,    0,    0,    0,    0,    0,    0,    0,    0,    0,    0,    0,    0,    0,    0,    0,    0,    0,   -3,    0,    0,    0,   -3,    0,    0,    0,    0,    0,    0,    0,    0,    0,    0,    0,    0,    0,    0,    0,    0,    0,    0,    0,    0,    0,    0,    0,    0,    0,    0,    0,    0,    0,    0,    0,    0,    0,    0,    0,    0,    0,    0,    0,    0,    0,    0,    0,    0,    0,    0,    0,    0,    0,    0,    0,    0,    0,    0,    0,    0,    0,    0,    0,    0,    0,    0,    0,
       0,    0,    0,    0,    0,    0,    0,    0,    0,    0,    0,    0,    0,    0,    0,    0,    0,    0,    0,    0,    0,    0,    0,    0,    0,    0,    0,    0,    0,    0,    0,    0,    0,    0,    0,    0,    0,    0,    0,    0,    0,    0,    0,    0,    0,    0,    0,    0,    0,    0,    0,    0,    0,    0,    0,    0,    0,    0,    0,    0,    0,    0,    0,    0,    0,    0,    0,    0,    0,    0,    0,    0,    0,    0,    0,    0,    0,    0,    0,    0,    0,    0,    0,    0,    0,    0,    0,    0,    0,    0,    0,    0,    0,    0,    0,    0,    0,    0,    0,    0,    0,    0,    0,    0,    0,    0,    0,    0,    0,    0,    0,    0,    0,    0,    0,    0,    0,    0,    0,    0,    0,    0,    0,    0,    0,    0,    0,    0,    0,    0,    0,    0,    0,    0,   -3,    0,    0,    0,    0,    0,    0,    0,    0,    0,    0,    0,    0,    0,    0,    0,    0,    0,    0,    0,    0,    0,    0,    0,    0,    0,    0,    0,    0,    0,    0,    0,    0,    0,    0,    0,    0,    0,    0,    0,    0,    0,    0,    0,    0,    0,    0,    0,    0,    0,    0,    0,    0,    0,    0,    0,    0,
       0,    0,    0,    0,    0,    0,    0,    0,    0,    0,    0,    0,    0,    0,    0,    0,    0,    0,    0,    0,    0,    0,    0,    0,    0,    0,    0,    0,    0,    0,    0,    0,    0,    0,    0,    0,    0,    0,    0,    0,    0,    0,    0,    0,    0,    0,    0,    0,    0,    0,    0,    0,    0,    0,    0,    0,    0,    0,    0,    0,    0,    0,    0,    0,    0,    0,    0,    0,    0,    0,    0,    0,    0,    0,    0,    0,    0,    0,    0,    0,    0,    0,    0,    0,    0,    0,    0,    0,    0,    0,    0,    0,    0,    0,    0,    0,    0,    0,    0,    0,    0,    0,    0,    0,    0,    0,    0,    0,    0,    0,    0,    0,    0,    0,    0,    0,    0,    0,    0,    0,    0,   -7,    0,  -13,    0,    0,   -3,    0,    0,    0,    0,    0,    0,    0,    0,    0,    0,    0,    0,    0,    0,    0,    0,    0,    0,    0,    0,    0,    0,    0,    0,    0,    0,    0,    0,    0,    0,    0,    0,    0,    0,    0,    0,    0,    0,    0,    0,    0,    0,    0,    0,    0,    0,    0,    0,    0,    0,    0,    0,    0,    0,    0,    0,    0,    0,    0,    0,    0,    0,    0,    0,
       0,    0,    0,    0,    0,    0,    0,    0,   20,    0,    0,    0,    0,    0,    0,    0,    0,    0,    0,    0,    0,    0,    0,    0,    0,    0,    0,    0,    0,    0,    0,    0,    0,    0,    0,    0,    0,    0,    0,    0,    0,    0,    0,    0,    0,    0,    0,    0,    0,    0,    0,    0,    0,    0,    0,    0,    0,    0,    0,    0,    0,    0,    0,    0,    0,    0,    0,    0,    0,    0,    0,    0,    0,    0,    0,    0,    0,    0,    0,    0,    0,    0,    0,    0,    0,    0,    0,    0,    0,    0,    0,    0,    0,    0,    0,    0,    0,    0,    0,    0,    0,    0,    0,    0,    0,    0,    0,    0,    0,    0,    0,    0,    0,    0,    0,    0,    0,    0,  -17,    0,    0,    0,  -10,    0,    0,    0,    0,    0,    0,  -17,    0,    0,  -18,  -17,    0,    0,    0,    0,    0,    0,    0,    0,    0,    0,    0,    0,    0,    0,    0,    0,    0,    0,    0,    0,    0,    0,    0,    0,    0,    0,    0,    0,    0,    0,    0,    0,    0,  -24,    0,    0,    0,    0,    0,  -30,    0,  -31,    0,    0,    0,    0,    0,   40,    0,    0,    0,    0,    0,    0,    0,    0,    0,
       0,    0,    0,    0,    0,    0,    0,    0,    0,    0,    0,    0,    0,    0,    0,    0,    0,    0,    0,    0,    0,    0,    0,    0,    0,    0,    0,    0,    0,    0,    0,    0,    0,    0,    0,    0,    0,    0,    0,    0,    0,    0,    0,    0,    0,    0,    0,    0,    0,    0,    0,    0,    0,    0,    0,    0,    0,    0,    0,    0,    0,    0,    0,    0,    0,    0,    0,    0,    0,    0,    0,    0,    0,    0,    0,    0,    0,    0,    0,    0,    0,    0,    0,    0,    0,    0,    0,    0,    0,    0,    0,    0,    0,    0,    0,    0,    0,    0,    0,    0,    0,    0,    0,    0,    0,    0,    0,    0,    0,    0,    0,    0,    0,    0,    0,    0,    0,    0,    0,    0,    0,    0,  -13,    0,    0,    0,    0,    0,    0,    0,   -3,    0,  -30,    0,    0,    0,    0,    0,    0,    0,    0,    0,    0,    0,    0,    0,    0,    0,    0,    0,    0,    0,    0,    0,    0,    0,    0,    0,    0,    0,    0,    0,    0,    0,    0,    0,    0,    0,    0,    0,    0,    0,    0,  -13,    0,  -13,    0,    0,    0,    0,    0,    0,    0,    0,    0,    0,    0,    0,    0,    0,    0,
       0,    0,    0,    0,    0,    0,    0,    0,    0,    0,    0,    0,    0,    0,    0,    0,    0,    0,    0,    0,    0,    0,    0,    0,    0,    0,    0,    0,    0,    0,    0,    0,    0,    0,    0,    0,    0,    0,    0,    0,    0,    0,    0,    0,    0,    0,    0,    0,    0,    0,    0,    0,    0,    0,    0,    0,    0,    0,    0,    0,    0,    0,    0,    0,    0,    0,    0,    0,    0,    0,    0,    0,    0,    0,    0,    0,    0,    0,    0,    0,    0,    0,    0,    0,    0,    0,    0,    0,    0,    0,    0,    0,    0,    0,    0,    0,    0,    0,    0,    0,    0,    0,    0,    0,    0,    0,    0,    0,    0,    0,    0,    0,    0,    0,    0,    0,    0,    0,    0,   -7,    0,    0,  -10,    7,    0,    0,    0,    0,   -7,  -20,  -13,    0,  -13,  -10,    0,    0,   -2,   -3,    0,    0,    0,    0,    0,    0,    0,    0,    0,    0,    0,    0,    0,   -3,    0,    0,   -7,    0,   -7,    0,    0,    0,    0,    0,    0,    0,    0,    0,    0,    0,    0,    0,    0,    0,    0,  -10,    0,  -10,    0,    0,    0,    0,    0,    0,    0,    0,    0,    0,    0,    0,    0,    0,    0,
       0,    0,    0,    0,    0,    0,    0,  -44,    0,  -44,    0,    0,    0,    0,    0,    0,    0,    0,    0,    0,  -13,    0,    0,    0,    0,    0,    0,    0,    0,    0,    0,    0,    0,    0,    0,    0,    0,    0,    0,    0,    0,    0,    0,    0,    0,    0,    0,    0,    0,    0,    0,    0,    0,    0,    0,    0,    0,    0,    0,    0,    0,    0,    0,    0,    0,    0,    0,  -13,    0,    0,    0,    0,    0,    0,    0,    0,    0,    0,    0,    0,    0,    0,    0,    0,    0,    0,    0,    0,    0,    0,    0,    0,    0,    0,    0,    0,    0,    0,    0,    0,    0,    0,    0,    0,    0,    0,    0,    0,    0,    0,    0,    0,    0,    0,    0,    0,    0,    0,    7,   -3,    0,  -20,    0,  -34,  -13,   -1,    0,    0,   -3,    7,   -4,    0,    0,    7,   -7,  -20,  -14,    0,  -18,   -7,   -4,    0,  -11,  -28,   -7,  -18,  -21,    0,   -7,   -4,    0,   -7,    0,  -13,   -7,   -7,   -2,  -13,  -14,    0,    0,  -14,   -7,   -7,    0,  -18,    0,    7,  -25,  -11,  -25,   -7,  -11,    0,    0,    0,    0,    0,    0,    0,    0,    0,    0,    0,    0,    0,    0,  -44,    0,    0,    0,
       0,    0,    0,    0,    0,    0,    0,    0,    0,    0,    0,    0,    0,    0,    0,    0,    0,    0,    0,    0,    0,    0,    0,    0,    0,    0,    0,    0,    0,    0,    0,    0,    0,    0,    0,    0,    0,    0,    0,    0,    0,    0,    0,    0,    0,    0,    0,    0,    0,    0,    0,    0,    0,    0,    0,    0,    0,    0,    0,    0,    0,    0,    0,    0,    0,    0,    0,    0,    0,    0,    0,    0,    0,    0,    0,    0,    0,    0,    0,    0,    0,    0,    0,    0,    0,    0,    0,    0,    0,    0,    0,    0,    0,    0,    0,    0,    0,    0,    0,    0,    0,    0,    0,    0,    0,    0,    0,    0,    0,    0,    0,    0,    0,    0,    0,    0,    0,    0,  -24,   -8,   -7,    7,  -13,    0,    0,    7,    0,    0,   -8,  -20,  -13,    0,  -30,  -24,   -3,    7,   -3,    0,   -7,   -7,   -3,    0,    0,   -7,   -7,    0,   -7,    0,   -7,    0,    0,  -10,    0,    0,  -13,   -7,   -4,   -3,   -3,    0,  -20,    0,   -7,   -7,    0,    0,  -20,  -40,    7,    0,   -7,   -7,    0,  -53,    0,  -54,    0,  -10,    0,    0,    0,    0,    0,    0,    0,    0,    0,    0,    0,    0,    0,
       0,    0,    0,    0,    0,    0,    0,   -7,    0,   -7,    0,    0,    0,    0,    0,    0,    0,    0,    0,    0,    0,    0,    0,    0,    0,    0,    0,    0,    0,    0,    0,    0,    0,    0,    0,    0,    0,    0,    0,    0,    0,    0,    0,    0,    0,    0,    0,    0,    0,    0,    0,    0,    0,    0,    0,    0,    0,    0,    0,    0,    0,    0,    0,    0,    0,    0,    0,    0,    0,    0,    0,    0,    0,    0,    0,    0,    0,    0,    0,    0,    0,    0,    0,    0,    0,    0,    0,    0,    0,    0,    0,    0,    0,    0,    0,    0,    0,    0,    0,    0,    0,    0,    0,    0,    0,    0,    0,    0,    0,    0,    0,    0,    0,    0,    0,    0,    0,    0,   -5,    0,    0,    0,   -3,   -3,   -2,    0,    0,    0,    0,   -3,    0,   -2,  -10,   -5,    0,    0,    0,    0,    0,    0,    0,    0,    0,    0,    0,    0,    0,    0,    0,    0,    0,    0,    0,    0,    0,    0,    3,    0,    0,    0,    0,    0,    0,    0,    0,    0,    0,   -5,    0,    0,    0,    0,    0,   -7,    0,   -7,    0,    0,    0,    0,    0,    0,    0,    0,    0,    0,    0,   -7,    0,    0,    0,
       0,    0,    0,    0,    0,    0,    0,   -7,    0,   -7,    0,    0,    0,    0,    0,    0,    0,    0,    0,    0,    0,    0,    0,    0,    0,    0,    0,    0,    0,    0,    0,    0,    0,    0,    0,    0,    0,    0,    0,    0,    0,    0,    0,    0,    0,    0,    0,    0,    0,    0,    0,    0,    0,    0,    0,    0,    0,    0,    0,    0,    0,    0,    0,    0,    0,    0,    0,    0,    0,    0,    0,    0,    0,    0,    0,    0,    0,    0,    0,    0,    0,    0,    0,    0,    0,    0,    0,    0,    0,    0,    0,    0,    0,    0,    0,    0,    0,    0,    0,    0,    0,    0,    0,    0,    0,    0,    0,    0,    0,    0,    0,    0,    0,    0,    0,    0,    0,    0,    0,    0,    0,    0,   -3,    0,    0,    0,    0,    0,    0,    0,    0,    0,   -4,    0,    0,    0,    0,    0,    3,    3,    3,    0,    0,    0,    3,    0,    3,    0,    3,    0,    0,    0,    0,    0,    0,    3,    7,    0,    0,    0,    0,    0,    3,    3,    0,    0,    0,    0,    0,    0,    3,    3,    0,   -3,    0,   -3,    0,    0,    0,    0,    0,    0,    0,    0,    0,    0,    0,   -7,    0,    0,    0,
       0,    0,    0,    0,    0,    0,    0,    0,    0,    0,    0,    0,    0,    0,    0,    0,    0,    0,    0,    0,    0,    0,    0,    0,    0,    0,    0,    0,    0,    0,    0,    0,    0,    0,    0,    0,    0,    0,    0,    0,    0,    0,    0,    0,    0,    0,    0,    0,    0,    0,    0,    0,    0,    0,    0,    0,    0,    0,    0,    0,    0,    0,    0,    0,    0,    0,    0,   -7,    0,    0,    0,    0,    0,    0,    0,    0,    0,    0,    0,    0,    0,    0,    0,    0,    0,    0,    0,    0,    0,    0,    0,    0,    0,    0,    0,    0,    0,    0,    0,    0,    0,    0,    0,    0,    0,    0,    0,    0,    0,    0,    0,    0,    0,    0,    0,    0,    0,    0,   -3,   -3,    0,    0,   -7,   -2,    0,    0,   -5,   -3,   -3,   -5,   -7,    0,  -13,   -3,    0,    0,   -3,    0,   -3,   -3,   -7,    0,   -3,   -3,   -3,    0,   -3,    0,   -3,    0,    0,   -2,    0,   -3,  -10,   -3,   -7,   -3,   -3,    0,    0,    0,   -3,   -3,    0,    0,    0,   -3,    0,   -3,   -3,   -3,   -3,   -7,    0,   -7,    0,    0,    0,    0,    0,    0,    0,    0,    0,    0,    0,    0,    0,    0,    0,
       0,    0,    0,    0,    0,    0,    0,    0,    0,    0,    0,    0,    0,    0,    0,    0,    0,    0,    0,    0,    0,    0,    0,    0,    0,    0,    0,    0,    0,    0,    0,    0,    0,    0,    0,    0,    0,    0,    0,    0,    0,    0,    0,    0,    0,    0,    0,    0,    0,    0,    0,    0,    0,    0,    0,    0,    0,    0,    0,    0,    0,    0,    0,    0,    0,    0,    0,    0,    0,    0,    0,    0,    0,    0,    0,    0,    0,    0,    0,    0,    0,    0,    0,    0,    0,    0,    0,    0,    0,    0,    0,    0,    0,    0,    0,    0,    0,    0,    0,    0,    0,    0,    0,    0,    0,    0,    0,    0,    0,    0,    0,    0,    0,    0,    0,    0,    0,    0,   -7,  -10,    0,    0,  -17,   13,    0,    0,    0,    0,  -10,  -10,  -10,    0,  -13,  -10,    0,    0,   -5,   -3,    0,    0,    0,    0,    0,    0,    0,    0,    0,    0,    0,    0,    0,  -10,    0,    0,  -11,    0,  -11,    0,    0,    0,    0,    0,    0,    0,    0,    0,    0,   -7,    0,    0,    0,    0,    0,  -17,    0,  -17,    0,    0,    0,    0,    0,    0,    0,    0,    0,    0,    0,    0,    0,    0,    0,
       0,    0,    0,    0,    0,    0,    0,  -13,    0,  -13,    0,    0,    0,    0,    0,    0,    0,    0,    0,    0,    0,    0,    0,    0,    0,    0,    0,    0,    0,    0,    0,    0,    0,    0,    0,    0,    0,    0,    0,    0,    0,    0,    0,    0,    0,    0,    0,    0,    0,    0,    0,    0,    0,    0,    0,    0,    0,    0,    0,    0,    0,    0,    0,    0,    0,    0,    0,    0,    0,    0,    0,    0,    0,    0,    0,    0,    0,    0,    0,    0,    0,    0,    0,    0,    0,    0,    0,    0,    0,    0,    0,    0,    0,    0,    0,    0,    0,    0,    0,    0,    0,    0,    0,    0,    0,    0,    0,    0,    0,    0,    0,    0,    0,    0,    0,    0,    0,    0,   -3,    0,   -3,    0,   -3,   -3,   -3,   -2,    0,    0,    0,    0,    0,   -2,   -5,   -3,    0,    0,    0,    0,    0,    0,    0,    0,    0,    0,    0,    0,    0,    0,    0,    0,    0,    0,    0,    0,    0,    0,    0,    0,    0,    0,    0,    0,    0,    0,    0,    0,    0,   -3,   -2,    0,    0,    0,    0,   -3,    0,   -3,    0,    0,    0,    0,    0,    0,    0,    0,    0,    0,    0,  -13,    0,    0,    0,
       0,    0,    0,    0,    0,    0,    0,    0,    0,    0,    0,    0,    0,    0,    0,    0,    0,    0,    0,    0,    0,    0,    0,    0,    0,    0,    0,    0,    0,    0,    0,    0,    0,    0,    0,    0,    0,    0,    0,    0,    0,    0,    0,    0,    0,    0,    0,    0,    0,    0,    0,    0,    0,    0,    0,    0,    0,    0,    0,    0,    0,    0,    0,    0,    0,    0,    0,    0,    0,    0,    0,    0,    0,    0,    0,    0,    0,    0,    0,    0,    0,    0,    0,    0,    0,    0,    0,    0,    0,    0,    0,    0,    0,    0,    0,    0,    0,    0,    0,    0,    0,    0,    0,    0,    0,    0,    0,    0,    0,    0,    0,    0,    0,    0,    0,    0,    0,    0,   -3,    0,    0,    0,   -7,    0,    0,    0,    0,    0,    0,   -7,   -3,    0,   -7,  -10,    0,    0,    0,    0,    0,    0,    0,    0,    0,    0,    0,    0,    0,    0,    0,    0,    0,    0,    0,    0,    0,    0,    0,    0,    0,    0,    0,    0,    0,    0,    0,    0,    0,   -3,    0,    0,    0,    0,    0,   -7,    0,   -7,    0,    0,    0,    0,    0,    0,    0,    0,    0,    0,    0,    0,    0,    0,    0,
       0,    0,    0,    0,    0,    0,    0,  -11,    0,  -11,    0,    0,    0,    0,    0,    0,    0,    0,    0,    0,    0,    0,    0,    0,    0,    0,    0,    0,    0,    0,    0,    0,    0,    0,    0,    0,    0,    0,    0,    0,    0,    0,    0,    0,    0,    0,    0,    0,    0,    0,    0,    0,    0,    0,    0,    0,    0,    0,    0,    0,    0,    0,    0,    0,    0,    0,    0,    0,    0,    0,    0,    0,    0,    0,    0,    0,    0,    0,    0,    0,    0,    0,    0,    0,    0,    0,    0,    0,    0,    0,    0,    0,    0,    0,    0,    0,    0,    0,    0,    0,    0,    0,    0,    0,    0,    0,    0,    0,    0,    0,    0,    0,    0,    0,    0,    0,    0,    0,   -3,    0,    0,   -4,   -7,  -10,  -10,   -3,   -3,    0,    0,   -7,    0,  -10,   -7,   -3,   -3,  -20,    0,    0,    0,    0,    0,    0,    0,    0,    0,   -7,   -2,    0,    0,    0,    0,    7,    0,    0,    3,    0,    0,    0,   -9,    0,    0,    0,    0,    0,    0,   -7,    0,   -3,  -13,    0,    0,    0,    0,   -7,    0,   -7,    0,    0,    0,    0,    0,    0,    0,    0,    0,    0,    0,  -11,    0,    0,    0,
       0,    0,    0,    0,    0,    0,    0,  -47,    0,  -47,    0,    0,    0,    0,    0,    0,    0,    0,    0,    0,    0,    0,    0,    0,    0,    0,    0,    0,    0,    0,    0,    0,    0,    0,    0,    0,    0,    0,    0,    0,    0,    0,    0,    0,    0,    0,    0,    0,    0,    0,    0,    0,    0,    0,    0,    0,    0,    0,    0,    0,    0,    0,    0,    0,    0,    0,    0,   -7,    0,    0,    0,    0,    0,    0,    0,    0,    0,    0,    0,    0,    0,    0,    0,    0,    0,    0,    0,    0,    0,    0,    0,    0,    0,    0,    0,    0,    0,    0,    0,    0,    0,    0,    0,    0,    0,    0,    0,    0,    0,    0,    0,    0,    0,    0,    0,    0,    0,    0,    7,    0,    0,  -15,   -4,  -20,  -17,   -7,    0,    0,    0,    7,    0,    0,    0,    7,    0,  -12,   -5,    0,   -4,   -4,   -2,    0,    0,   -4,   -4,  -10,   -4,    0,   -4,    0,    0,    0,    0,    0,    0,   -4,    0,   -3,  -10,    0,    0,    0,   -4,   -4,    0,  -10,    0,   10,  -18,    0,   -4,   -4,    0,   -4,    0,   -4,    0,    0,    0,    0,    0,    0,    0,    0,    0,    0,    0,  -47,    0,    0,    0,
       0,    0,    0,    0,    0,    0,    0,  -40,  -10,  -40,    0,    0,    0,    0,    0,    0,    0,    0,    0,    0,   -7,    0,    0,    0,    0,    0,    0,    0,    0,    0,    0,    0,    0,    0,    0,    0,    0,    0,    0,    0,    0,    0,    0,    0,    0,    0,    0,    0,    0,    0,    0,    0,    0,    0,    0,    0,    0,    0,    0,    0,    0,    0,    0,    0,    0,    0,    0,  -13,    0,    0,    0,    0,    0,    0,    0,    0,    0,    0,    0,    0,    0,    0,    0,    0,    0,    0,    0,    0,    0,    0,    0,    0,    0,    0,    0,    0,    0,    0,    0,    0,    0,    0,    0,    0,    0,    0,    0,    0,    0,    0,    0,    0,    0,    0,    0,    0,    0,    0,    0,   -2,    0,  -13,    0,  -17,  -15,  -23,    0,   -7,   -2,    0,    0,    0,    0,    0,    0,  -17,  -20,   -4,  -17,  -12,   -8,  -14,   -7,  -11,  -12,  -14,  -12,  -14,  -12,    0,    0,    0,  -14,   -3,    0,  -12,   -1,  -10,  -14,  -14,    0,  -17,  -12,  -12,    0,  -14,    0,    0,  -24,   -7,  -11,  -12,   -7,    0,    0,    0,    0,    0,  -14,    0,    0,  -10,    0,    0,    0,    0,    0,  -40,    0,    0,    0,
       0,    0,    0,    0,    0,    0,    0,    0,    0,    0,    0,    0,    0,    0,    0,    0,    0,    0,    0,    0,    0,    0,    0,    0,    0,    0,    0,    0,    0,    0,    0,    0,    0,    0,    0,    0,    0,    0,    0,    0,    0,    0,    0,    0,    0,    0,    0,    0,    0,    0,    0,    0,    0,    0,    0,    0,    0,    0,    0,    0,    0,    0,    0,    0,    0,    0,    0,    0,    0,    0,    0,    0,    0,    0,    0,    0,    0,    0,    0,    0,    0,    0,    0,    0,    0,    0,    0,    0,    0,    0,    0,    0,    0,    0,    0,    0,    0,    0,    0,    0,    0,    0,    0,    0,    0,    0,    0,    0,    0,    0,    0,    0,    0,    0,    0,    0,    0,    0,   -3,    3,    0,   -7,  -10,  -17,   -8,  -10,   -3,    0,    3,    0,    0,   -7,    0,   -3,    0,   -7,    0,    0,    0,    0,    0,    0,    0,    0,    0,   -3,    0,    0,    0,    0,    0,    0,    0,    0,    0,    0,    0,    0,    0,    0,    0,    0,    0,    0,    0,   -3,    0,   -3,  -14,    0,    0,    0,    0,  -10,    0,  -10,    0,    0,    0,    0,    0,    0,    0,    0,    0,    0,    0,    0,    0,    0,    0,
       0,    0,    0,    0,    0,    0,    0,    0,  -13,    0,    0,    0,    0,    0,    0,    0,    0,    0,    0,    0,    0,    0,    0,    0,    0,    0,    0,    0,    0,    0,    0,    0,    0,    0,    0,    0,    0,    0,    0,    0,    0,    0,    0,    0,    0,    0,    0,    0,    0,    0,    0,    0,    0,    0,    0,    0,    0,    0,    0,    0,    0,    0,    0,    0,    0,    0,    0,    0,    0,    0,    0,    0,    0,    0,    0,    0,    0,    0,    0,    0,    0,    0,    0,    0,    0,    0,    0,    0,    0,    0,    0,    0,    0,    0,    0,    0,    0,    0,    0,    0,    0,    0,    0,    0,    0,    0,    0,    0,    0,    0,    0,    0,    0,    0,    0,    0,    0,    0,  -10,  -12,    0,    0,   -9,    0,    0,    0,   -2,    0,  -12,    0,  -10,    0,  -12,  -10,    0,    0,   -9,  -10,   -7,   -7,  -10,    0,    0,   -9,   -7,    0,   -6,    0,   -7,    0,    0,  -13,    0,    0,  -20,   -7,  -10,  -10,   -7,    0,    0,    0,   -7,   -7,    0,    0,    0,  -10,    0,    0,   -7,   -7,    0,   -9,    0,   -9,    0,    0,    0,    0,    0,  -13,    0,    0,    0,    0,    0,    0,    0,    0,    0,
       0,    0,    0,    0,    0,    0,    0,    0,   40,    0,    0,    0,    0,    0,    0,    0,    0,    0,    0,    0,    0,    0,    0,    0,    0,    0,    0,    0,    0,    0,    0,    0,    0,    0,    0,    0,    0,    0,    0,    0,    0,    0,    0,    0,    0,    0,    0,    0,    0,    0,    0,    0,    0,    0,    0,    0,    0,    0,    0,    0,    0,    0,    0,    0,    0,    0,    0,    0,    0,    0,    0,    0,    0,    0,    0,    0,    0,    0,    0,    0,    0,    0,    0,    0,    0,    0,    0,    0,    0,    0,    0,    0,    0,    0,    0,    0,    0,    0,    0,    0,    0,    0,    0,    0,    0,    0,    0,    0,    0,    0,    0,    0,    0,    0,    0,    0,    0,    0,  -17,    0,    0,    3,  -10,    0,    0,    0,    0,    0,    0,  -17,    0,    0,  -18,  -17,    0,    0,    0,    0,    0,    0,    0,    0,    0,    0,    0,    0,    0,    0,    0,    0,    0,    0,    0,    0,    0,    0,    0,    0,    0,    0,    0,    0,    0,    0,    0,    0,    0,  -24,    0,    0,    0,    0,    0,  -30,    0,  -31,    0,    0,    0,    0,    0,   40,    0,    0,    0,    0,    0,    0,    0,    0,    0,
       0,    0,    0,    0,    0,    0,    0,    0,    0,    0,    0,    0,    0,    0,    0,    0,    0,    0,    0,    0,    0,    0,    0,    0,    0,    0,    0,    0,    0,    0,    0,    0,    0,    0,    0,    0,    0,    0,    0,    0,    0,    0,    0,    0,    0,    0,    0,    0,    0,    0,    0,    0,    0,    0,    0,    0,    0,    0,    0,    0,    0,    0,    0,    0,    0,    0,    0,    0,    0,    0,    0,    0,    0,    0,    0,    0,    0,    0,    0,    0,    0,    0,    0,    0,    0,    0,    0,    0,    0,    0,    0,    0,    0,    0,    0,    0,    0,    0,    0,    0,    0,    0,    0,    0,    0,    0,    0,    0,    0,    0,    0,    0,    0,    0,    0,    0,    0,    0,   -3,    0,    0,   -4,   -7,  -10,  -10,   -3,   -3,    0,    0,   -7,    0,  -10,   -7,   -3,   -3,  -10,    0,    0,    0,    0,    0,    0,    0,    0,    0,   -3,   -2,    0,    0,    0,    0,    7,    0,    0,    3,    0,    0,    0,   -9,    0,    0,    0,    0,    0,    0,   -3,    0,   -3,  -13,    0,    0,    0,    0,   -7,    0,   -7,    0,    0,    0,    0,    0,    0,    0,    0,    0,    0,    0,  -10,    0,    0,    0,
       0,    0,    0,    0,    0,    0,    0,    0,    0,    0,    0,    0,    0,    0,    0,    0,    0,    0,    0,    0,    0,    0,    0,    0,    0,    0,    0,    0,    0,    0,    0,    0,    0,    0,    0,    0,    0,    0,    0,    0,    0,    0,    0,    0,    0,    0,    0,    0,    0,    0,    0,    0,    0,    0,    0,    0,    0,    0,    0,    0,    0,    0,    0,    0,    0,    0,    0,    0,    0,    0,    0,    0,    0,    0,    0,    0,    0,    0,    0,    0,    0,    0,    0,    0,    0,    0,    0,    0,    0,    0,    0,    0,    0,    0,    0,    0,    0,    0,    0,    0,    0,    0,    0,    0,    0,    0,    0,    0,    0,    0,    0,    0,    0,    0,    0,    0,    0,    0,    0,    0,    0,    0,    0,    0,    0,    0,    0,    0,    0,    0,    0,    0,    0,    0,    0,    0,    0,    0,    0,    0,    0,    0,    0,    0,    0,    0,    0,    0,    0,    0,    0,   -7,    0,    0,   -5,    0,   -7,    0,    0,    0,   -7,    0,    0,    0,   -3,    0,   -7,    0,    0,    0,    0,    0,    0,    0,    0,    0,    0,   -7,    0,    0,    0,    0,    0,    0,    0,    0,    0,    0,    0,    0,    0,
       0,    0,    0,    0,    0,    0,    0,  -17,    0,  -17,    0,    0,    0,    0,    0,    0,    0,    0,    0,    0,    0,    0,    0,    0,    0,    0,    0,    0,    0,    0,    0,    0,    0,    0,    0,    0,    0,    0,    0,    0,    0,    0,    0,    0,    0,    0,    0,    0,    0,    0,    0,    0,    0,    0,    0,    0,    0,    0,    0,    0,    0,    0,    0,    0,    0,    0,    0,   -7,    0,    0,    0,    0,    0,    0,    0,    0,    0,    0,    0,    0,    0,    0,    0,    0,    0,    0,    0,    0,    0,    0,    0,    0,    0,    0,    0,    0,    0,    0,    0,    0,    0,    0,    0,    0,    0,    0,    0,    0,    0,    0,    0,    0,    0,    0,    0,    0,    0,    0,    0,    0,    0,    0,    0,    0,    0,    0,    0,    0,    0,    0,    0,    0,    0,    0,    0,    0,    0,    0,   -3,   -3,    0,    0,    0,    0,   -3,   -3,   -3,    0,   -3,    0,    0,    0,    0,    0,    0,   -3,    0,    0,   -3,    0,    0,    0,   -3,   -3,    0,   -3,    0,    0,    0,    0,   -2,   -3,    0,    0,    0,    0,    0,    0,    0,    0,    0,    0,    0,    0,    0,    0,    0,  -17,    0,    0,    0,
       0,    0,    0,    0,    0,    0,    0,    0,    0,    0,    0,    0,    0,    0,    0,    0,    0,    0,    0,    0,    0,    0,    0,    0,    0,    0,    0,    0,    0,    0,    0,    0,    0,    0,    0,    0,    0,    0,    0,    0,    0,    0,    0,    0,    0,    0,    0,    0,    0,    0,    0,    0,    0,    0,    0,    0,    0,    0,    0,    0,    0,    0,    0,    0,    0,    0,    0,   -7,    0,    0,    0,    0,    0,    0,    0,    0,    0,    0,    0,    0,    0,    0,    0,    0,    0,    0,    0,    0,    0,    0,    0,    0,    0,    0,    0,    0,    0,    0,    0,    0,    0,    0,    0,    0,    0,    0,    0,    0,    0,    0,    0,    0,    0,    0,    0,    0,    0,    0,    0,    0,    0,    0,    0,    0,    0,    0,    0,    0,    0,    0,    0,    0,    0,    0,    0,    0,    0,    0,    0,    0,    0,    0,    0,   -3,    0,    0,    0,    0,    0,    0,    0,    0,    0,    0,    0,    0,    0,   -3,    0,    0,    0,    0,    0,    0,    0,    0,    0,    0,    0,    0,    0,    0,    0,    0,    0,    0,    0,    0,    0,    0,    0,    0,    0,    0,    0,    0,    0,    0,    0,    0,    0,
       0,    0,    0,    0,    0,    0,    0,  -40,    0,  -20,    0,    0,    0,    0,    0,    0,    0,    0,    0,    0,    0,    0,    0,    0,    0,    0,    0,    0,    0,    0,    0,    0,    0,    0,    0,    0,    0,    0,    0,    0,    0,    0,    0,    0,    0,    0,    0,    0,    0,    0,    0,    0,    0,    0,    0,    0,    0,    0,    0,    0,    0,    0,    0,    0,    0,    0,    0,    0,    0,    0,    0,    0,    0,    0,    0,    0,    0,    0,    0,    0,    0,    0,    0,    0,    0,    0,    0,    0,    0,    0,    0,    0,    0,    0,    0,    0,    0,    0,    0,    0,    0,    0,    0,    0,    0,    0,    0,    0,    0,    0,    0,    0,    0,    0,    0,    0,    0,    0,    0,    0,    0,    0,    0,    0,    0,    0,    0,    0,    0,    0,    0,    0,    0,    0,    0,    0,   -3,   -3,  -13,   -3,   -8,    0,  -13,  -15,   -3,  -22,   -3,    0,   -3,    0,    0,    0,    0,    0,    0,   -3,    0,   -3,   -3,    0,   -5,   -3,   -3,   -3,    0,  -22,   -5,    0,    0,  -13,   -7,  -16,  -13,    0,    0,    0,    0,  -10,    0,    0,    0,    0,    0,    0,    0,    0,    0,  -20,    0,    0,    0,
       0,    0,    0,    0,    0,    0,    0,  -24,    0,  -24,    0,    0,    0,    0,    0,    0,    0,    0,    0,    0,    0,    0,    0,    0,    0,    0,    0,    0,    0,    0,    0,    0,    0,    0,    0,    0,    0,    0,    0,    0,    0,    0,    0,    0,    0,    0,    0,    0,    0,    0,    0,    0,    0,    0,    0,    0,    0,    0,    0,    0,    0,    0,    0,    0,    0,    0,    0,   -7,    0,    0,    0,    0,    0,    0,    0,    0,    0,    0,    0,    0,    0,    0,    0,    0,    0,    0,    0,    0,    0,    0,    0,    0,    0,    0,    0,    0,    0,    0,    0,    0,    0,    0,    0,    0,    0,    0,    0,    0,    0,    0,    0,    0,    0,    0,    0,    0,    0,    0,    0,    0,    0,    0,    0,    0,    0,    0,    0,    0,    0,    0,    0,    0,    0,    0,    0,    0,   -3,    0,   -5,   -5,    0,    0,   -7,   -6,   -5,   -8,   -5,    0,   -5,    0,    0,    0,    0,    0,    0,   -5,    0,   -7,   -7,    0,    0,   -3,   -5,   -5,    0,   -8,    0,    0,    0,   -8,   -3,   -3,   -7,    0,    0,    0,    0,    0,    0,    0,    0,    0,    0,    0,    0,    0,    0,  -24,    0,    0,    0,
       0,    0,    0,    0,    0,    0,    0,   -7,    0,   -7,    0,    0,    0,    0,    0,    0,    0,    0,    0,    0,    0,    0,    0,    0,    0,    0,    0,    0,    0,    0,    0,    0,    0,    0,    0,    0,    0,    0,    0,    0,    0,    0,    0,    0,    0,    0,    0,    0,    0,    0,    0,    0,    0,    0,    0,    0,    0,    0,    0,    0,    0,    0,    0,    0,    0,    0,    0,    0,    0,    0,    0,    0,    0,    0,    0,    0,    0,    0,    0,    0,    0,    0,    0,    0,    0,    0,    0,    0,    0,    0,    0,    0,    0,    0,    0,    0,    0,    0,    0,    0,    0,    0,    0,    0,    0,    0,    0,    0,    0,    0,    0,    0,    0,    0,    0,    0,    0,    0,    0,    0,    0,    0,    0,    0,    0,    0,    0,    0,    0,    0,    0,    0,    0,    0,    0,    0,   -3,    0,   -5,   -2,    0,    0,   -3,  -13,   -2,   -3,   -3,    0,   -2,    0,    0,    0,    0,    0,    0,   -2,    0,   -7,   -7,    0,   -7,   -5,   -2,   -2,    0,   -8,   -7,    0,    0,   -7,   -6,   -5,   -3,    0,    0,    0,    0,   -8,    0,    0,    0,    0,    0,    0,    0,    0,    0,   -7,    0,    0,    0,
       0,    0,    0,    0,    0,    0,    0,    0,    0,    0,    0,    0,    0,    0,    0,    0,    0,    0,    0,    0,    0,    0,    0,    0,    0,    0,    0,    0,    0,    0,    0,    0,    0,    0,    0,    0,    0,    0,    0,    0,    0,    0,    0,    0,    0,    0,    0,    0,    0,    0,    0,    0,    0,    0,    0,    0,    0,    0,    0,    0,    0,    0,    0,    0,    0,    0,    0,    0,    0,    0,    0,    0,    0,    0,    0,    0,    0,    0,    0,    0,    0,    0,    0,    0,    0,    0,    0,    0,    0,    0,    0,    0,    0,    0,    0,    0,    0,    0,    0,    0,    0,    0,    0,    0,    0,    0,    0,    0,    0,    0,    0,    0,    0,    0,    0,    0,    0,    0,    0,    0,    0,    0,    0,    0,    0,    0,    0,    0,    0,    0,    0,    0,    0,    0,    0,    0,    0,    0,    0,    0,   -2,    0,    0,    0,    0,    0,    0,    0,    0,    0,    0,    0,    0,    0,   -6,    0,    0,    0,    0,    0,    0,    0,    0,    0,    0,    0,    0,    0,    0,    0,    0,    0,    0,    0,    0,    0,    0,    0,    0,    0,    0,    0,    0,    0,    0,    0,    0,    0,    0,    0,    0,
       0,    0,    0,    0,    0,    0,    0,   -7,    0,   -7,    0,    0,    0,    0,    0,    0,    0,    0,    0,    0,    0,    0,    0,    0,    0,    0,    0,    0,    0,    0,    0,    0,    0,    0,    0,    0,    0,    0,    0,    0,    0,    0,    0,    0,    0,    0,    0,    0,    0,    0,    0,    0,    0,    0,    0,    0,    0,    0,    0,    0,    0,    0,    0,    0,    0,    0,    0,   -3,    0,    0,    0,    0,    0,    0,    0,    0,    0,    0,    0,    0,    0,    0,    0,    0,    0,    0,    0,    0,    0,    0,    0,    0,    0,    0,    0,    0,    0,    0,    0,    0,    0,    0,    0,    0,    0,    0,    0,    0,    0,    0,    0,    0,    0,    0,    0,    0,    0,    0,    0,    0,    0,    0,    0,    0,    0,    0,    0,    0,    0,    0,    0,    0,    0,    0,    0,    0,    0,    0,    0,    0,    0,    0,    0,    0,    0,    0,    0,    0,    0,    0,    0,    0,    0,    0,    0,    0,    0,    0,   -3,    0,   -3,    0,    0,    0,    0,    0,   -3,    0,    0,    0,    0,    0,    0,    0,    0,    0,    0,   -3,    0,    0,    0,    0,    0,    0,    0,    0,    0,   -7,    0,    0,    0,
       0,    0,    0,    0,    0,    0,    0,   -7,    0,   -7,    0,    0,    0,    0,    0,    0,    0,    0,    0,    0,    0,    0,    0,    0,    0,    0,    0,    0,    0,    0,    0,    0,    0,    0,    0,    0,    0,    0,    0,    0,    0,    0,    0,    0,    0,    0,    0,    0,    0,    0,    0,    0,    0,    0,    0,    0,    0,    0,    0,    0,    0,    0,    0,    0,    0,    0,    0,    0,    0,    0,    0,    0,    0,    0,    0,    0,    0,    0,    0,    0,    0,    0,    0,    0,    0,    0,    0,    0,    0,    0,    0,    0,    0,    0,    0,    0,    0,    0,    0,    0,    0,    0,    0,    0,    0,    0,    0,    0,    0,    0,    0,    0,    0,    0,    0,    0,    0,    0,    0,    0,    0,    0,    0,    0,    0,    0,    0,    0,    0,    0,    0,    0,    0,    0,    0,    0,    0,    0,   -3,   -3,    0,   -3,    0,    0,   -3,    0,   -3,   -3,   -3,    0,    0,   -7,   -3,    0,   -3,   -3,   -3,    0,    0,   -3,   -3,    0,   -3,   -3,   -3,    0,   -3,    0,    0,    0,   -3,   -3,    0,    0,    0,    0,    0,   -3,   -3,    0,    0,    0,    0,    0,    0,    0,    0,   -7,    0,    0,    0,
       0,    0,    0,    0,    0,    0,    0,   -7,    0,   -7,    0,    0,    0,    0,    0,    0,    0,    0,    0,    0,    0,    0,    0,    0,    0,    0,    0,    0,    0,    0,    0,    0,    0,    0,    0,    0,    0,    0,    0,    0,    0,    0,    0,    0,    0,    0,    0,    0,    0,    0,    0,    0,    0,    0,    0,    0,    0,    0,    0,    0,    0,    0,    0,    0,    0,    0,    0,    0,    0,    0,    0,    0,    0,    0,    0,    0,    0,    0,    0,    0,    0,    0,    0,    0,    0,    0,    0,    0,    0,    0,    0,    0,    0,    0,    0,    0,    0,    0,    0,    0,    0,    0,    0,    0,    0,    0,    0,    0,    0,    0,    0,    0,    0,    0,    0,    0,    0,    0,    0,    0,    0,    0,    0,    0,    0,    0,    0,    0,    0,    0,    0,    0,    0,    0,    0,    0,    0,    0,   -3,   -3,    0,   -3,    0,    0,   -3,    0,   -3,   -3,   -3,    0,    0,   -3,   -3,    0,   -3,   -3,   -3,    0,    0,   -3,   -3,    0,   -3,   -3,   -3,    0,   -3,    0,    0,    0,   -3,   -3,    0,    0,    0,    0,    0,   -3,   -3,    0,    0,    0,    0,    0,    0,    0,    0,   -7,    0,    0,    0,
       0,    0,    0,    0,    0,    0,    0,   -7,    0,   -7,    0,    0,    0,    0,    0,    0,    0,    0,    0,    0,    0,    0,    0,    0,    0,    0,    0,    0,    0,    0,    0,    0,    0,    0,    0,    0,    0,    0,    0,    0,    0,    0,    0,    0,    0,    0,    0,    0,    0,    0,    0,    0,    0,    0,    0,    0,    0,    0,    0,    0,    0,    0,    0,    0,    0,    0,    0,    0,    0,    0,    0,    0,    0,    0,    0,    0,    0,    0,    0,    0,    0,    0,    0,    0,    0,    0,    0,    0,    0,    0,    0,    0,    0,    0,    0,    0,    0,    0,    0,    0,    0,    0,    0,    0,    0,    0,    0,    0,    0,    0,    0,    0,    0,    0,    0,    0,    0,    0,    0,    0,    0,    0,    0,    0,    0,    0,    0,    0,    0,    0,    0,    0,    0,    0,    0,    0,    0,    0,   -3,   -3,    0,   -3,    0,    0,   -3,    0,   -3,   -3,   -3,    0,    0,   -7,   -3,    0,   -3,   -3,   -7,    0,    0,   -3,   -3,    0,   -3,   -3,   -3,    0,   -3,    0,    0,    0,   -7,   -3,    0,    0,    0,    0,    0,   -3,   -3,    0,    0,    0,    0,    0,    0,    0,    0,   -7,    0,    0,    0,
       0,    0,    0,    0,    0,    0,    0,   -7,    0,   -7,    0,    0,    0,    0,    0,    0,    0,    0,    0,    0,    0,    0,    0,    0,    0,    0,    0,    0,    0,    0,    0,    0,    0,    0,    0,    0,    0,    0,    0,    0,    0,    0,    0,    0,    0,    0,    0,    0,    0,    0,    0,    0,    0,    0,    0,    0,    0,    0,    0,    0,    0,    0,    0,    0,    0,    0,    0,    0,    0,    0,    0,    0,    0,    0,    0,    0,    0,    0,    0,    0,    0,    0,    0,    0,    0,    0,    0,    0,    0,    0,    0,    0,    0,    0,    0,    0,    0,    0,    0,    0,    0,    0,    0,    0,    0,    0,    0,    0,    0,    0,    0,    0,    0,    0,    0,    0,    0,    0,    0,    0,    0,    0,    0,    0,    0,    0,    0,    0,    0,    0,    0,    0,    0,    0,    0,    0,    0,    0,   -3,   -3,    0,   -3,    0,    0,   -3,    0,   -3,   -7,   -3,    0,    0,   -7,   -3,    0,   -5,   -3,   -7,    0,    0,   -3,   -7,    0,   -3,   -3,   -3,    0,   -7,    0,    0,    0,   -3,   -3,    0,    0,    0,    0,    0,   -7,   -3,    0,    0,    0,    0,    0,    0,    0,    0,   -7,    0,    0,    0,
       0,    0,    0,    0,    0,    0,    0,   -7,    0,   -7,    0,    0,    0,    0,    0,    0,    0,    0,    0,    0,    0,    0,    0,    0,    0,    0,    0,    0,    0,    0,    0,    0,    0,    0,    0,    0,    0,    0,    0,    0,    0,    0,    0,    0,    0,    0,    0,    0,    0,    0,    0,    0,    0,    0,    0,    0,    0,    0,    0,    0,    0,    0,    0,    0,    0,    0,    0,    0,    0,    0,    0,    0,    0,    0,    0,    0,    0,    0,    0,    0,    0,    0,    0,    0,    0,    0,    0,    0,    0,    0,    0,    0,    0,    0,    0,    0,    0,    0,    0,    0,    0,    0,    0,    0,    0,    0,    0,    0,    0,    0,    0,    0,    0,    0,    0,    0,    0,    0,    0,    0,    0,    0,    0,    0,    0,    0,    0,    0,    0,    0,    0,    0,    0,    0,    0,    0,    0,    0,   -2,   -2,    0,   -3,   -3,  -10,   -2,   -4,   -4,   -3,   -2,    0,    0,    0,   -3,   -3,    0,   -2,    0,   -5,   -3,   -3,   -5,   -5,   -2,   -2,    0,   -4,   -5,    0,    0,   -8,   -2,   -2,   -7,    0,   -9,    0,   -5,   -9,   -7,    0,    0,    0,    0,    0,    0,    0,    0,   -7,    0,    0,    0,
       0,    0,    0,    0,    0,    0,    0,  -21,    0,  -21,    0,    0,    0,    0,    0,    0,    0,    0,    0,    0,    0,    0,    0,    0,    0,    0,    0,    0,    0,    0,    0,    0,    0,    0,    0,    0,    0,    0,    0,    0,    0,    0,    0,    0,    0,    0,    0,    0,    0,    0,    0,    0,    0,    0,    0,    0,    0,    0,    0,    0,    0,    0,    0,    0,    0,    0,    0,    0,    0,    0,    0,    0,    0,    0,    0,    0,    0,    0,    0,    0,    0,    0,    0,    0,    0,    0,    0,    0,    0,    0,    0,    0,    0,    0,    0,    0,    0,    0,    0,    0,    0,    0,    0,    0,    0,    0,    0,    0,    0,    0,    0,    0,    0,    0,    0,    0,    0,    0,    0,    0,    0,    0,    0,    0,    0,    0,    0,    0,    0,    0,    0,    0,    0,    0,    0,    0,    0,    0,   -2,   -2,    0,   -3,   -3,  -10,   -2,   -4,   -4,   -3,   -2,    0,    0,    0,   -3,   -3,    0,   -2,    0,   -5,   -3,   -3,   -5,   -5,   -2,   -2,    0,   -4,   -5,    0,    0,   -8,   -2,   -2,   -7,    0,   -9,    0,   -5,   -9,   -7,    0,    0,    0,    0,    0,    0,    0,    0,  -21,    0,    0,    0,
       0,    0,    0,    0,    0,    0,    0,    0,    0,    0,    0,    0,    0,    0,    0,    0,    0,    0,    0,    0,    0,    0,    0,    0,    0,    0,    0,    0,    0,    0,    0,    0,    0,    0,    0,    0,    0,    0,    0,    0,    0,    0,    0,    0,    0,    0,    0,    0,    0,    0,    0,    0,    0,    0,    0,    0,    0,    0,    0,    0,    0,    0,    0,    0,    0,    0,    0,    0,    0,    0,    0,    0,    0,    0,    0,    0,    0,    0,    0,    0,    0,    0,    0,    0,    0,    0,    0,    0,    0,    0,    0,    0,    0,    0,    0,    0,    0,    0,    0,    0,    0,    0,    0,    0,    0,    0,    0,    0,    0,    0,    0,    0,    0,    0,    0,    0,    0,    0,    0,    0,    0,    0,    0,    0,    0,    0,    0,    0,    0,    0,    0,    0,    0,    0,    0,    0,    0,    0,    0,    0,    0,    0,    0,    0,    0,    0,    0,    0,    0,    0,    0,   -2,    0,    0,    0,    0,    0,    0,    0,    0,    0,    0,    0,    0,    0,    0,    0,    0,    0,    0,    0,    0,    0,    0,    0,    0,    0,    0,    0,    0,    0,    0,    0,    0,    0,    0,    0,    0,    0,    0,    0,
       0,    0,    0,    0,    0,    0,    0,  -27,    0,  -27,    0,    0,    0,    0,    0,    0,    0,    0,    0,    0,    0,    0,    0,    0,    0,    0,    0,    0,    0,    0,    0,    0,    0,    0,    0,    0,    0,    0,    0,    0,    0,    0,    0,    0,    0,    0,    0,    0,    0,    0,    0,    0,    0,    0,    0,    0,    0,    0,    0,    0,    0,    0,    0,    0,    0,    0,    0,  -10,    0,    0,    0,    0,    0,    0,    0,    0,    0,    0,    0,    0,    0,    0,    0,    0,    0,    0,    0,    0,    0,    0,    0,    0,    0,    0,    0,    0,    0,    0,    0,    0,    0,    0,    0,    0,    0,    0,    0,    0,    0,    0,    0,    0,    0,    0,    0,    0,    0,    0,    0,    0,    0,    0,    0,    0,    0,    0,    0,    0,    0,    0,    0,    0,    0,    0,    0,    0,   -5,    0,   -7,   -4,   -4,    0,   -3,   -9,   -4,  -12,   -8,    0,   -4,    0,    0,    0,    0,    0,    0,   -4,    0,   -2,   -5,    0,   -7,   -5,   -4,   -4,    0,  -12,   -7,    0,    0,  -16,   -4,   -9,   -3,    0,    0,    0,    0,   -7,    0,    0,    0,    0,    0,    0,    0,    0,    0,  -27,    0,    0,    0,
       0,    0,    0,    0,    0,    0,    0,    0,    0,    0,    0,    0,    0,    0,    0,    0,    0,    0,    0,    0,    0,    0,    0,    0,    0,    0,    0,    0,    0,    0,    0,    0,    0,    0,    0,    0,    0,    0,    0,    0,    0,    0,    0,    0,    0,    0,    0,    0,    0,    0,    0,    0,    0,    0,    0,    0,    0,    0,    0,    0,    0,    0,    0,    0,    0,    0,    0,    0,    0,    0,    0,    0,    0,    0,    0,    0,    0,    0,    0,    0,    0,    0,    0,    0,    0,    0,    0,    0,    0,    0,    0,    0,    0,    0,    0,    0,    0,    0,    0,    0,    0,    0,    0,    0,    0,    0,    0,    0,    0,    0,    0,    0,    0,    0,    0,    0,    0,    0,    0,    0,    0,    0,    0,    0,    0,    0,    0,    0,    0,    0,    0,    0,    0,    0,    0,    0,   -6,    0,   -2,   -2,   -4,    0,    0,    0,   -2,    0,   -2,    0,   -2,    0,    0,   -2,    0,    0,   -3,   -2,    0,    0,   -4,    0,   -4,    0,   -2,   -2,    0,    0,   -3,    0,    0,    0,   -2,   -2,    0,    0,    0,    0,    0,   -7,    0,    0,    0,    0,    0,    0,    0,    0,    0,    0,    0,    0,    0,
       0,    0,    0,    0,    0,    0,    0,  -10,    0,  -10,    0,    0,    0,    0,    0,    0,    0,    0,    0,    0,    0,    0,    0,    0,    0,    0,    0,    0,    0,    0,    0,    0,    0,    0,    0,    0,    0,    0,    0,    0,    0,    0,    0,    0,    0,    0,    0,    0,    0,    0,    0,    0,    0,    0,    0,    0,    0,    0,    0,    0,    0,    0,    0,    0,    0,    0,    0,    0,    0,    0,    0,    0,    0,    0,    0,    0,    0,    0,    0,    0,    0,    0,    0,    0,    0,    0,    0,    0,    0,    0,    0,    0,    0,    0,    0,    0,    0,    0,    0,    0,    0,    0,    0,    0,    0,    0,    0,    0,    0,    0,    0,    0,    0,    0,    0,    0,    0,    0,    0,    0,    0,    0,    0,    0,    0,    0,    0,    0,    0,    0,    0,    0,    0,    0,    0,    0,    0,    0,    0,    0,    0,    0,    0,    0,    0,    0,    0,    0,    0,    0,    0,   -4,    0,    0,   -3,    0,    0,    0,   -7,    0,    0,    0,    0,    0,    0,    0,    0,    0,    0,    0,    0,    0,    0,    0,  -15,    0,   -7,    0,    0,    0,    0,    0,    0,    0,    0,    0,    0,  -10,    0,    0,    0,
       0,    0,    0,    0,    0,    0,    0,  -10,    0,  -10,    0,    0,    0,    0,    0,    0,    0,    0,    0,    0,    0,    0,    0,    0,    0,    0,    0,    0,    0,    0,    0,    0,    0,    0,    0,    0,    0,    0,    0,    0,    0,    0,    0,    0,    0,    0,    0,    0,    0,    0,    0,    0,    0,    0,    0,    0,    0,    0,    0,    0,    0,    0,    0,    0,    0,    0,    0,    0,    0,    0,    0,    0,    0,    0,    0,    0,    0,    0,    0,    0,    0,    0,    0,    0,    0,    0,    0,    0,    0,    0,    0,    0,    0,    0,    0,    0,    0,    0,    0,    0,    0,    0,    0,    0,    0,    0,    0,    0,    0,    0,    0,    0,    0,    0,    0,    0,    0,    0,    0,    0,    0,    0,    0,    0,    0,    0,    0,    0,    0,    0,    0,    0,    0,    0,    0,    0,    0,    0,    0,    0,    0,    0,    0,    0,    0,    0,    0,    0,    0,    0,    0,   -4,    0,    0,   -3,    0,    0,    0,   -3,    0,    0,    0,    0,    0,    0,    0,    0,    0,    0,    0,    0,    0,    0,    0,  -15,    0,   -7,    0,    0,    0,    0,    0,    0,    0,    0,    0,    0,  -10,    0,    0,    0,
       0,    0,    0,    0,    0,    0,    0,  -13,    0,  -13,    0,    0,    0,    0,    0,    0,    0,    0,    0,    0,    0,    0,    0,    0,    0,    0,    0,    0,    0,    0,    0,    0,    0,    0,    0,    0,    0,    0,    0,    0,    0,    0,    0,    0,    0,    0,    0,    0,    0,    0,    0,    0,    0,    0,    0,    0,    0,    0,    0,    0,    0,    0,    0,    0,    0,    0,    0,    0,    0,    0,    0,    0,    0,    0,    0,    0,    0,    0,    0,    0,    0,    0,    0,    0,    0,    0,    0,    0,    0,    0,    0,    0,    0,    0,    0,    0,    0,    0,    0,    0,    0,    0,    0,    0,    0,    0,    0,    0,    0,    0,    0,    0,    0,    0,    0,    0,    0,    0,    0,    0,    0,    0,    0,    0,    0,    0,    0,    0,    0,    0,    0,    0,    0,    0,    0,    0,    0,    0,   -3,   -3,    0,   -3,    0,    0,   -3,    0,   -3,   -3,   -3,    0,    0,   -3,   -3,    0,   -3,   -3,   -3,    0,    0,   -3,   -3,    0,   -3,   -3,   -3,    0,   -3,    0,    0,    0,   -3,   -3,    0,    0,    0,    0,    0,   -3,   -3,    0,    0,    0,    0,    0,    0,    0,    0,  -13,    0,    0,    0,
       0,    0,    0,    0,    0,    0,    0,   -7,    0,   -7,    0,    0,    0,    0,    0,    0,    0,    0,    0,    0,    0,    0,    0,    0,    0,    0,    0,    0,    0,    0,    0,    0,    0,    0,    0,    0,    0,    0,    0,    0,    0,    0,    0,    0,    0,    0,    0,    0,    0,    0,    0,    0,    0,    0,    0,    0,    0,    0,    0,    0,    0,    0,    0,    0,    0,    0,    0,    0,    0,    0,    0,    0,    0,    0,    0,    0,    0,    0,    0,    0,    0,    0,    0,    0,    0,    0,    0,    0,    0,    0,    0,    0,    0,    0,    0,    0,    0,    0,    0,    0,    0,    0,    0,    0,    0,    0,    0,    0,    0,    0,    0,    0,    0,    0,    0,    0,    0,    0,    0,    0,    0,    0,    0,    0,    0,    0,    0,    0,    0,    0,    0,    0,    0,    0,    0,    0,   -3,    0,   -5,   -2,    0,    0,   -3,  -13,   -2,   -7,   -3,    0,   -2,    0,    0,    0,    0,    0,    0,   -2,    0,   -7,   -7,    0,   -7,   -5,   -2,   -2,    0,   -7,   -7,    0,    0,   -7,   -6,   -5,   -3,    0,    0,    0,    0,   -8,    0,    0,    0,    0,    0,    0,    0,    0,    0,   -7,    0,    0,    0,
       0,    0,    0,    0,    0,    0,    0,    0,    0,    0,    0,    0,    0,    0,    0,    0,    0,    0,    0,    0,    0,    0,    0,    0,    0,    0,    0,    0,    0,    0,    0,    0,    0,    0,    0,    0,    0,    0,    0,    0,    0,    0,    0,    0,    0,    0,    0,    0,    0,    0,    0,    0,    0,    0,    0,    0,    0,    0,    0,    0,    0,    0,    0,    0,    0,    0,    0,    0,    0,    0,    0,    0,    0,    0,    0,    0,    0,    0,    0,    0,    0,    0,    0,    0,    0,    0,    0,    0,    0,    0,    0,    0,    0,    0,    0,    0,    0,    0,    0,    0,    0,    0,    0,    0,    0,    0,    0,    0,    0,    0,    0,    0,    0,    0,    0,    0,    0,    0,    0,    0,    0,    0,    0,    0,    0,    0,    0,    0,    0,    0,    0,    0,    0,    0,    0,    0,   -7,    0,   -3,   -3,    0,    0,    0,   -7,   -3,   -7,   -7,    0,   -3,    0,    0,    0,    0,    0,    0,   -3,    0,   -3,    0,    0,    0,    0,   -3,   -3,    0,   -7,    0,    0,    0,    0,   -3,   -3,    0,    0,    0,    0,    0,    0,    0,    0,    0,    0,    0,    0,    0,    0,    0,    0,    0,    0,    0,
       0,    0,    0,    0,    0,    0,    0,    0,    0,    0,    0,    0,    0,    0,    0,    0,    0,    0,    0,    0,    0,    0,    0,    0,    0,    0,    0,    0,    0,    0,    0,    0,    0,    0,    0,    0,    0,    0,    0,    0,    0,    0,    0,    0,    0,    0,    0,    0,    0,    0,    0,    0,    0,    0,    0,    0,    0,    0,    0,    0,    0,    0,    0,    0,    0,    0,    0,    0,    0,    0,    0,    0,    0,    0,    0,    0,    0,    0,    0,    0,    0,    0,    0,    0,    0,    0,    0,    0,    0,    0,    0,    0,    0,    0,    0,    0,    0,    0,    0,    0,    0,    0,    0,    0,    0,    0,    0,    0,    0,    0,    0,    0,    0,    0,    0,    0,    0,    0,    0,    0,    0,    0,    0,    0,    0,    0,    0,    0,    0,    0,    0,    0,    0,    0,    0,    0,   -3,    0,   -2,   -2,    0,    0,    0,   -3,   -2,    0,   -2,    0,   -2,    0,    0,    0,    0,    0,    0,   -2,    0,   -3,    0,    0,    0,    0,   -2,   -2,    0,    0,    0,    0,    0,    0,   -2,   -2,    0,    0,    0,    0,    0,    0,    0,    0,    0,    0,    0,    0,    0,    0,    0,    0,    0,    0,    0,
       0,    0,    0,    0,    0,    0,    0,    0,    0,    0,    0,    0,    0,    0,    0,    0,    0,    0,    0,    0,    0,    0,    0,    0,    0,    0,    0,    0,    0,    0,    0,    0,    0,    0,    0,    0,    0,    0,    0,    0,    0,    0,    0,    0,    0,    0,    0,    0,    0,    0,    0,    0,    0,    0,    0,    0,    0,    0,    0,    0,    0,    0,    0,    0,    0,    0,    0,    0,    0,    0,    0,    0,    0,    0,    0,    0,    0,    0,    0,    0,    0,    0,    0,    0,    0,    0,    0,    0,    0,    0,    0,    0,    0,    0,    0,    0,    0,    0,    0,    0,    0,    0,    0,    0,    0,    0,    0,    0,    0,    0,    0,    0,    0,    0,    0,    0,    0,    0,    0,    0,    0,    0,    0,    0,    0,    0,    0,    0,    0,    0,    0,    0,    0,    0,    0,    0,   -3,    0,   -3,   -3,   -3,    0,   -7,   -7,   -3,   -3,   -3,    0,   -3,    0,    0,    0,    0,   -3,    0,   -3,    0,   -7,    0,    0,    0,    0,   -3,   -3,    0,   -3,    0,    0,    0,   -7,   -3,   -3,   -7,    0,    0,    0,    0,    0,    0,    0,    0,    0,    0,    0,    0,    0,    0,    0,    0,    0,    0,
       0,    0,    0,    0,    0,    0,    0,    0,    0,    0,    0,    0,    0,    0,    0,    0,    0,    0,    0,    0,    0,    0,    0,    0,    0,    0,    0,    0,    0,    0,    0,    0,    0,    0,    0,    0,    0,    0,    0,    0,    0,    0,    0,    0,    0,    0,    0,    0,    0,    0,    0,    0,    0,    0,    0,    0,    0,    0,    0,    0,    0,    0,    0,    0,    0,    0,    0,    0,    0,    0,    0,    0,    0,    0,    0,    0,    0,    0,    0,    0,    0,    0,    0,    0,    0,    0,    0,    0,    0,    0,    0,    0,    0,    0,    0,    0,    0,    0,    0,    0,    0,    0,    0,    0,    0,    0,    0,    0,    0,    0,    0,    0,    0,    0,    0,    0,    0,    0,    0,    0,    0,    0,    0,    0,    0,    0,    0,    0,    0,    0,    0,    0,    0,    0,    0,    0,   -3,    0,   -3,   -3,    0,    0,    0,   -3,   -3,   -3,   -3,    0,   -3,    0,    0,    0,    0,    0,    0,   -3,    0,   -3,    0,    0,    0,    0,   -3,   -3,    0,   -3,    0,    0,    0,    0,   -3,   -3,    0,    0,    0,    0,    0,    0,    0,    0,    0,    0,    0,    0,    0,    0,    0,    0,    0,    0,    0,
       0,    0,    0,    0,    0,    0,    0,    0,    0,    0,    0,    0,    0,    0,    0,    0,    0,    0,    0,    0,    0,    0,    0,    0,    0,    0,    0,    0,    0,    0,    0,    0,    0,    0,    0,    0,    0,    0,    0,    0,    0,    0,    0,    0,    0,    0,    0,    0,    0,    0,    0,    0,    0,    0,    0,    0,    0,    0,    0,    0,    0,    0,    0,    0,    0,    0,    0,    0,    0,    0,    0,    0,    0,    0,    0,    0,    0,    0,    0,    0,    0,    0,    0,    0,    0,    0,    0,    0,    0,    0,    0,    0,    0,    0,    0,    0,    0,    0,    0,    0,    0,    0,    0,    0,    0,    0,    0,    0,    0,    0,    0,    0,    0,    0,    0,    0,    0,    0,    0,  -17,    0,    0,  -26,    7,    0,    0,    0,    0,  -17,  -20,  -13,    0,  -26,  -10,    0,    0,   -2,   -3,    0,    0,    0,    0,    0,    0,    0,    0,    0,    0,    0,    0,    0,   -3,    0,    0,   -7,    0,   -7,    0,    0,    0,    0,    0,    0,    0,    0,    0,    0,    0,    0,    0,    0,    0,    0,  -26,    0,  -26,    0,    0,    0,    0,    0,    0,    0,    0,    0,    0,    0,    0,    0,    0,    0,
       0,    0,    0,    0,    0,    0,    0,    0,    0,    0,    0,    0,    0,    0,    0,    0,    0,    0,    0,    0,    0,    0,    0,    0,    0,    0,    0,    0,    0,    0,    0,    0,    0,    0,    0,    0,    0,    0,    0,    0,    0,    0,    0,    0,    0,    0,    0,    0,    0,    0,    0,    0,    0,    0,    0,    0,    0,    0,    0,    0,    0,    0,    0,    0,    0,    0,    0,    0,    0,    0,    0,    0,    0,    0,    0,    0,    0,    0,    0,    0,    0,    0,    0,    0,    0,    0,    0,    0,    0,    0,    0,    0,    0,    0,    0,    0,    0,    0,    0,    0,    0,    0,    0,    0,    0,    0,    0,    0,    0,    0,    0,    0,    0,    0,    0,    0,    0,    0,    0,    0,    0,    0,    0,    0,    0,    0,    0,    0,    0,    0,    0,    0,    0,    0,    0,    0,    0,    0,    0,    0,   -2,    0,    0,    0,    0,    0,    0,    0,    0,    0,    0,    0,    0,    0,   -7,    0,    0,    0,    0,    0,    0,    0,    0,    0,    0,    0,    0,    0,    0,    0,    0,    0,    0,    0,    0,    0,    0,    0,    0,    0,    0,    0,    0,    0,    0,    0,    0,    0,    0,    0,    0,
       0,    0,    0,    0,    0,    0,    0,  -94,  -24,  -47,    0,    0,    0,    0,    0,    0,    0,    0,    0,    0,  -20,    0,    0,    0,    0,    0,    0,    0,    0,    0,    0,    0,    0,    0,    0,    0,    0,    0,    0,    0,    0,    0,    0,    0,    0,    0,    0,    0,    0,    0,    0,    0,    0,    0,    0,    0,    0,    0,    0,    0,    0,    0,    0,    0,    0,    0,    0,  -10,    0,    0,    0,    0,    0,    0,    0,    0,    0,    0,    0,    0,    0,    0,    0,    0,    0,    0,    0,    0,    0,    0,    0,    0,    0,    0,    0,    0,    0,    0,    0,    0,    0,    0,    0,    0,    0,    0,    0,    0,    0,    0,    0,    0,    0,    0,    0,    0,    0,    0,    0,  -20,    0,  -20,    0,  -27,  -15,  -13,   -7,   -7,  -17,    0,  -12,    0,   -6,    0,   -7,  -20,  -20,  -14,  -44,  -44,  -14,  -50,    0,  -47,  -28,  -50,  -44,  -24,  -34,  -13,  -17,  -17,  -47,  -24,  -20,  -43,  -24,  -24,  -44,  -24,    0,  -20,  -33,   -9,    0,  -50,    0,    0,  -40,    0,  -38,  -44,    0,    0,  -13,    0,  -13,    0,  -24,    0,    0,  -24,    0,    0,    0,    0,    0,  -47,    0,    0,    0,
       0,    0,    0,    0,    0,    0,    0,  -55,    0,  -55,    0,    0,    0,    0,    0,    0,    0,    0,    0,    0,    0,    0,    0,    0,    0,    0,    0,    0,    0,    0,    0,    0,    0,    0,    0,    0,    0,    0,    0,    0,    0,    0,    0,    0,    0,    0,    0,    0,    0,    0,    0,    0,    0,    0,    0,    0,    0,    0,    0,    0,    0,    0,    0,    0,    0,    0,    0,    0,    0,    0,    0,    0,    0,    0,    0,    0,    0,    0,    0,    0,    0,    0,    0,    0,    0,    0,    0,    0,    0,    0,    0,    0,    0,    0,    0,    0,    0,    0,    0,    0,    0,    0,    0,    0,    0,    0,    0,    0,    0,    0,    0,    0,    0,    0,    0,    0,    0,    0,    0,    0,    0,    0,    0,    0,    0,    0,    0,    0,    0,    0,    0,    0,    0,    0,    0,    0,  -17,   -4,  -14,  -16,   -9,    0,  -13,  -16,  -16,  -44,  -17,    0,  -16,    0,    0,    0,    0,    0,    0,  -16,    0,   -3,  -14,    0,   -5,   -9,  -16,  -16,    0,  -44,   -5,    0,    0,  -27,  -16,  -17,  -13,    0,    0,    0,    0,  -10,    0,    0,    0,    0,    0,    0,    0,    0,    0,  -55,    0,    0,    0,
       0,    0,    0,    0,    0,    0,    0,  -40,    0,  -20,    0,    0,    0,    0,    0,    0,    0,    0,    0,    0,    0,    0,    0,    0,    0,    0,    0,    0,    0,    0,    0,    0,    0,    0,    0,    0,    0,    0,    0,    0,    0,    0,    0,    0,    0,    0,    0,    0,    0,    0,    0,    0,    0,    0,    0,    0,    0,    0,    0,    0,    0,    0,    0,    0,    0,    0,    0,    0,    0,    0,    0,    0,    0,    0,    0,    0,    0,    0,    0,    0,    0,    0,    0,    0,    0,    0,    0,    0,    0,    0,    0,    0,    0,    0,    0,    0,    0,    0,    0,    0,    0,    0,    0,    0,    0,    0,    0,    0,    0,    0,    0,    0,    0,    0,    0,    0,    0,    0,    0,    0,    0,    0,    0,    0,    0,    0,    0,    0,    0,    0,    0,    0,    0,    0,    0,    0,   -3,   -3,  -13,   -3,   -8,    0,  -13,  -15,   -3,  -22,   -7,    0,   -3,    0,    0,    0,    0,    0,    0,   -3,    0,   -3,   -3,    0,   -5,   -3,   -3,   -3,    0,  -22,   -5,    0,    0,  -13,   -7,  -16,  -13,    0,    0,    0,    0,  -10,    0,    0,    0,    0,    0,    0,    0,    0,    0,  -20,    0,    0,    0,
       0,    0,    0,    0,    0,    0,    0,  -44,    0,  -44,    0,    0,    0,    0,    0,    0,    0,    0,    0,    0,  -13,    0,    0,    0,    0,    0,    0,    0,    0,    0,    0,    0,    0,    0,    0,    0,    0,    0,    0,    0,    0,    0,    0,    0,    0,    0,    0,    0,    0,    0,    0,    0,    0,    0,    0,    0,    0,    0,    0,    0,    0,    0,    0,    0,    0,    0,    0,  -13,    0,    0,    0,    0,    0,    0,    0,    0,    0,    0,    0,    0,    0,    0,    0,    0,    0,    0,    0,    0,    0,    0,    0,    0,    0,    0,    0,    0,    0,    0,    0,    0,    0,    0,    0,    0,    0,    0,    0,    0,    0,    0,    0,    0,    0,    0,    0,    0,    0,    0,    7,   -7,    0,  -20,    0,  -34,  -13,   -1,    0,    0,   -7,    7,   -4,    0,    0,    7,   -7,  -20,  -14,    0,  -18,   -7,   -4,    0,  -11,  -28,   -7,  -18,  -21,    0,   -7,   -4,    0,   -7,    0,  -13,   -7,   -7,   -2,  -13,  -14,    0,    0,  -14,   -7,   -7,    0,  -18,    0,    7,  -25,  -11,  -25,   -7,  -11,    0,    0,    0,    0,    0,    0,    0,    0,    0,    0,    0,    0,    0,    0,  -44,    0,    0,    0,
       0,    0,    0,    0,    0,    0,    0,    0,    0,    0,    0,    0,    0,    0,    0,    0,    0,    0,    0,    0,    0,    0,    0,    0,    0,    0,    0,    0,    0,    0,    0,    0,    0,    0,    0,    0,    0,    0,    0,    0,    0,    0,    0,    0,    0,    0,    0,    0,    0,    0,    0,    0,    0,    0,    0,    0,    0,    0,    0,    0,    0,    0,    0,    0,    0,    0,    0,    0,    0,    0,    0,    0,    0,    0,    0,    0,    0,    0,    0,    0,    0,    0,    0,    0,    0,    0,    0,    0,    0,    0,    0,    0,    0,    0,    0,    0,    0,    0,    0,    0,    0,    0,    0,    0,    0,    0,    0,    0,    0,    0,    0,    0,    0,    0,    0,    0,    0,    0,  -27,   -3,    0,    0,  -17,    0,    0,    0,    0,    0,   -3,  -24,   -7,    0,  -31,  -27,    0,    0,    0,    0,    0,    0,    0,    0,    0,    0,    0,    0,    0,    0,    0,    0,    0,    0,    0,    0,    0,    0,    0,    0,    0,    0,    0,    0,    0,    0,    0,    0,    0,  -27,    0,    0,    0,    0,    0,  -17,    0,  -17,    0,    0,    0,    0,    0,    0,    0,    0,    0,    0,    0,    0,    0,    0,    0,
       0,    0,    0,    0,    0,    0,    0,  -33,    0,  -33,    0,    0,    0,    0,   -2,    0,    0,    0,    0,    0,    0,    0,    0,    0,  -40,   -6,    0,   -5,  -12,    0,    0,    0,    0,    0,    0,    0,    0,    0,    0,    0,   -8,    3,   -8,   -8,    0,  -11,    3,    9,    0,    0,   -8,    0,   -8,    0,  -17,   -3,    0,    0,    0,    0,    0,    0,    0,    0,    0,    0,    0,    0,  -33,  -40,    0,    0,   -8,   -8,   -8,   -8,   -8,   -8,   -8,   -8,   19,   23,   30,   -8,   -8,   -8,   -8,   -8,    3,   -8,   -8,   -8,   -8,   -8,   -8,   -8,  -11,  -11,   19,   23,   19,   -5,    1,    3,   -8,   -8,    0,  -17,  -17,    0,    0,   19,  -17,   43,   18,  -16,   -8,    0,    0,    0,    0,    0,    0,    0,    0,    0,    0,    0,    0,    0,    0,    0,    0,    0,    0,    0,    0,    0,    0,    0,    0,    0,    0,    0,    0,    0,    0,    0,    0,    0,    0,    0,    0,    0,    0,    0,    0,    0,    0,    0,    0,    0,    0,    0,    0,    0,    0,    0,    0,    0,    0,    0,    0,    0,    0,    0,    0,    0,    0,   -8,   19,    0,    0,    0,  -22,    0,    0,  -33,    0,  -31,    0,
       0,    0,    0,    0,    0,    0,    0,  -34,    0,  -34,    0,    0,    0,    0,   -2,    0,    0,    0,    0,    0,    0,    0,    0,    0,  -40,  -17,    0,    0,   -1,    0,   -6,    0,    0,    0,    0,    0,    0,   -7,    0,    0,  -34,    0,  -34,  -34,  -15,  -27,    0,    5,    0,   -6,  -34,   -6,  -34,   -6,  -27,   -6,  -16,  -12,  -12,   -6,    0,  -12,   -2,    0,    0,    0,    0,    0,  -40,  -40,    0,    0,  -34,  -34,  -34,  -34,  -34,  -34,  -34,  -34,    5,   12,   18,  -34,  -34,  -34,  -34,  -34,    0,  -34,  -34,  -34,  -34,  -34,  -34,  -34,  -27,  -27,   10,   15,   10,    0,    1,    0,  -34,  -34,   -6,  -27,  -27,    0,  -12,    9,  -52,   34,   10,  -56,  -34,  -13,    0,    0,    0,    0,    0,    0,    0,    0,    0,    0,    0,    0,    0,    0,    0,    0,    0,    0,    0,    0,    0,    0,    0,    0,    0,    0,    0,    0,    0,    0,    0,    0,    0,    0,    0,    0,    0,    0,    0,    0,    0,    0,    0,    0,    0,    0,    0,    0,    0,    0,    0,    0,    0,    0,    0,    0,    0,    0,    0,    0,    0,  -34,    9,    0,    0,    0,    0,    0,    0,  -34,    0,  -31,    0,
       0,    0,    0,    0,    0,    0,    0,    0,    0,    0,    0,    0,    0,    0,    0,    0,    0,  -27,    0,    0,    0,    0,  -21,    0,    0,   -9,    0,    0,    0,    0,    0,  -37,   -2,  -34,  -31,    0,  -40,    0,    0,    0,    0,  -19,    0,    0,    0,    0,   -3,   -9,    0,   -3,    0,   -3,    0,   -3,    0,  -16,  -10,  -13,  -13,    0,    0,    0,    0,    0,    0,    0,    0,    0,    0,    0,    0,    0,    0,    0,    0,    0,    0,    0,    0,    0,   -9,   -9,   -9,    0,    0,    0,    0,    0,   -3,    0,    0,    0,    0,    0,    0,    0,    0,    0,   -9,   -9,   -9,    0,    0,   -3,    0,    0,   -3,    0,    0,  -37,    0,   -9,    0,   -9,   -9,    0,    0,   -3,    0,    0,    0,    0,    0,    0,    0,    0,    0,    0,    0,    0,    0,    0,    0,    0,    0,    0,    0,    0,    0,    0,    0,    0,    0,    0,    0,    0,    0,    0,    0,    0,    0,    0,    0,    0,    0,    0,    0,    0,    0,    0,    0,    0,    0,    0,    0,    0,    0,    0,    0,    0,    0,    0,    0,    0,    0,    0,    0,    0,    0,    0,   -9,    0,    0,    0,    0,    0,    0,    0,    0,    0,    0,
       0,  -31,    0,    0,    0,  -40,    0,    0,   -9,    0,    0,    0,    0,    0,    0,    0,    0,    0,    0,    0,    0,    0,  -18,    0,    0,    0,    0,    0,    0,    0,    0,    0,    0,    0,    0,    0,    0,    0,  -31,    0,    0,    0,    0,    0,    0,    0,    0,    0,    0,    0,    0,    0,    0,    0,    0,    0,    0,    0,    0,    0,    0,    0,    0,    0,    0,    0,    0,    0,    0,    0,    0,    0,    0,    0,    0,    0,    0,    0,    0,    0,    0,    0,    0,    0,    0,    0,    0,    0,    0,    0,    0,    0,    0,    0,    0,    0,    0,    0,    0,    0,    0,    0,    0,    0,    0,    0,    0,    0,    0,    0,    0,    0,    0,    0,    0,    0,    0,    0,    0,    0,    0,    0,    0,    0,    0,    0,    0,    0,    0,    0,    0,    0,    0,    0,    0,    0,    0,    0,    0,    0,    0,    0,    0,    0,    0,    0,    0,    0,    0,    0,    0,    0,    0,    0,    0,    0,    0,    0,    0,    0,    0,    0,    0,    0,    0,    0,    0,    0,    0,    0,    0,    0,    0,    0,    0,    0,    0,    0,    0,    0,    0,   -9,  -34,  -37,    0,  -34,  -37,    0,    0,    0,    0,
       0,    0,    0,    0,    0,    0,    0,    0,    0,    0,    0,    0,  -23,  -21,   -1,  -14,    0,  -45,    0,   -8,    0,    0,    0,    0,    0,    0,    0,    0,    0,    0,    0,    0,    0,    0,    0,    0,    0,    0,    0,    0,    0,    0,    0,    0,    0,    0,    0,    0,    0,    0,    0,    0,    0,    0,    0,    0,    0,    0,    0,    0,    0,    0,    0,    0,    0,    0,    0,    0,    0,    0,    0,    0,    0,    0,    0,    0,    0,    0,    0,    0,    0,    0,    0,    0,    0,    0,    0,    0,    0,    0,    0,    0,    0,    0,    0,    0,    0,    0,    0,    0,    0,    0,    0,    0,    0,    0,    0,    0,    0,    0,    0,    0,    0,    0,    0,    0,    0,    0,    0,    0,    0,    0,    0,    0,    0,    0,    0,    0,    0,    0,    0,    0,    0,    0,    0,    0,    0,    0,    0,    0,    0,    0,    0,    0,    0,    0,    0,    0,    0,    0,    0,    0,    0,    0,    0,    0,    0,    0,    0,    0,    0,    0,    0,    0,    0,    0,    0,    0,    0,    0,    0,    0,    0,    0,    0,    0,    0,    0,    0,    0,    0,    0,    0,    0,    0,    0,    0,    0,    0,    0,    0,
};

static const EpdLigaturePair literata_10_italicLigaturePairs[] = {
    { 0x00660069, 0xFB01 }, // f i -> U+FB01
    { 0x0066006C, 0xFB02 }, // f l -> U+FB02
};

static const EpdFontData literata_10_italic = {
    literata_10_italicBitmaps,
    literata_10_italicGlyphs,
    literata_10_italicIntervals,
    68,
    31,
    25,
    -7,
    true,
    literata_10_italicGroups,
    13,
    nullptr,
    literata_10_italicKernLeftClasses,
    literata_10_italicKernRightClasses,
    literata_10_italicKernMatrix,
    528,
    503,
    151,
    191,
    literata_10_italicLigaturePairs,
    2,
};
