/**
 * generated by fontconvert.py
 * name: literata_10_bolditalic
 * size: 10
 * mode: 2-bit  compressed: true
 * Command used: C:\Users\m\Documents\Casper\lib\EpdFont\scripts\fontconvert.py literata_10_bolditalic 10 C:\Users\m\Documents\Casper\lib\EpdFont\builtinFonts\source\Literata\Literata-BoldItalic.ttf --2bit --compress --pnum --darken-aa
 */
#pragma once
#include "EpdFontData.h"

static const uint8_t literata_10_bolditalicBitmaps[18173] = {
    0x85, 0x58, 0x3D, 0x8C, 0x25, 0xC5, 0x11, 0xAE, 0x79, 0x7D, 0xE7, 0x91, 0x19, 0x99, 0x5E, 0x59,
    0xD8, 0x46, 0x3E, 0x99, 0x76, 0x40, 0x74, 0x70, 0xD7, 0x04, 0x0E, 0x4E, 0xF2, 0xBB, 0xD7, 0x83,
    0x08, 0x09, 0xD8, 0x80, 0x13, 0x89, 0x25, 0x13, 0x90, 0x98, 0xE4, 0x1C, 0x9C, 0xAC, 0xB3, 0xBC,
    0xEC, 0x0C, 0x9C, 0x6C, 0x07, 0x58, 0x62, 0x33, 0x07, 0x04, 0xBE, 0xC0, 0x81, 0x05, 0x48, 0xB7,
    0xC1, 0x59, 0xBC, 0xE0, 0xED, 0x4E, 0xC3, 0x06, 0x04, 0x27, 0x73, 0x83, 0x2C, 0x44, 0x60, 0xB0,
    0xC7, 0xC6, 0xC8, 0x48, 0x60, 0xE8, 0xB3, 0x66, 0xB9, 0xD9, 0x77, 0x33, 0xD3, 0xFE, 0xAA, 0x67,
    0xF6, 0xEF, 0x30, 0xF2, 0x9B, 0xFE, 0x7A, 0xDF, 0x4F, 0x77, 0x57, 0x75, 0x75, 0xD5, 0x57, 0xD5,
    0x4B, 0x24, 0xAD, 0xE2, 0x27, 0x57, 0xA9, 0x22, 0x19, 0x9E, 0x7B, 0xF1, 0x10, 0x69, 0xCA, 0x72,
    0x93, 0x9E, 0xA0, 0x95, 0x95, 0x45, 0xB3, 0xA8, 0xE7, 0xEE, 0x92, 0x7B, 0xA4, 0xC2, 0xD7, 0xE7,
    0x24, 0xD1, 0x14, 0xB8, 0xFC, 0x00, 0x49, 0xEF, 0xDD, 0x3D, 0xCB, 0xED, 0x0D, 0x72, 0x53, 0x62,
    0x7C, 0x7B, 0x77, 0x2B, 0x35, 0xDE, 0xDB, 0xEF, 0xBC, 0xBB, 0x4B, 0xC2, 0xBA, 0x80, 0xF0, 0xFA,
    0x06, 0xB7, 0xC8, 0x57, 0x49, 0xDF, 0xAA, 0xDF, 0x2C, 0xF4, 0x8F, 0x5A, 0xF3, 0xFE, 0xD3, 0xBA,
    0xC5, 0xFC, 0x54, 0x78, 0x47, 0x59, 0x4B, 0xBA, 0x3D, 0xF1, 0x70, 0x67, 0x1E, 0x6E, 0xB3, 0x69,
    0x6B, 0x0A, 0x27, 0x7D, 0x4E, 0x97, 0x89, 0x7E, 0x40, 0x5F, 0xCB, 0x27, 0xB9, 0x71, 0x49, 0x3E,
    0x5F, 0x28, 0xAA, 0x17, 0x53, 0x60, 0x4E, 0x8B, 0xC6, 0x91, 0xF9, 0xF0, 0x9D, 0xAB, 0x51, 0xF2,
    0x12, 0x56, 0x38, 0xAB, 0xE9, 0xFC, 0x79, 0x45, 0x6B, 0x33, 0x4D, 0x4E, 0xCF, 0x26, 0x95, 0x6C,
    0xA2, 0x94, 0xD2, 0x20, 0xB4, 0xA8, 0x29, 0xD9, 0xDB, 0x26, 0x6D, 0x0D, 0x99, 0x7C, 0x1D, 0x38,
    0x41, 0xC6, 0xD2, 0x96, 0x5A, 0xD2, 0x7A, 0xE4, 0x65, 0x97, 0xD4, 0x72, 0xD5, 0x58, 0x99, 0x67,
    0xA9, 0xB4, 0x19, 0x8C, 0x90, 0xE5, 0x2A, 0x37, 0x1F, 0x15, 0x94, 0xF8, 0x9A, 0xE8, 0x5B, 0x44,
    0x2B, 0x8B, 0xC5, 0xFC, 0xD2, 0x23, 0xBC, 0xD0, 0xC3, 0xB4, 0x88, 0x9C, 0x70, 0x49, 0xC9, 0x96,
    0x32, 0xB0, 0x89, 0x49, 0x33, 0xCA, 0x08, 0xCB, 0xE2, 0x9D, 0xCE, 0xA5, 0x95, 0x56, 0x94, 0x13,
    0x47, 0x35, 0xAD, 0xF0, 0x60, 0x58, 0x31, 0x4F, 0x6C, 0x8C, 0x19, 0xA2, 0x16, 0xCD, 0xA4, 0x1D,
    0x1E, 0xD1, 0xE0, 0x93, 0x8B, 0xC3, 0x2A, 0xD0, 0x99, 0xE6, 0x3C, 0xB8, 0xA4, 0xA8, 0xA2, 0xE9,
    0x5F, 0xC8, 0x78, 0x8A, 0x6B, 0xCA, 0x7A, 0xFA, 0xD9, 0x4D, 0x18, 0x8D, 0xA2, 0x9C, 0xA8, 0x19,
    0xDB, 0xE9, 0xFE, 0xAA, 0xF1, 0x0E, 0x3D, 0x96, 0x1F, 0x1B, 0x11, 0x76, 0x92, 0x1B, 0xAB, 0x6D,
    0x92, 0x4B, 0x9A, 0xD2, 0xF7, 0xF1, 0x8D, 0x77, 0xDE, 0x5D, 0x58, 0x3D, 0x89, 0xEF, 0x33, 0xA8,
    0x78, 0x92, 0x28, 0x72, 0x34, 0xA9, 0x78, 0xB1, 0xC4, 0x92, 0x4C, 0xA1, 0x14, 0xCD, 0x70, 0x6E,
    0x44, 0x0B, 0x5E, 0x02, 0x3F, 0x8A, 0xAF, 0xF8, 0x71, 0x75, 0x38, 0x31, 0xCA, 0x6A, 0x9A, 0xF4,
    0x3D, 0x25, 0x95, 0x81, 0x7D, 0x34, 0x1E, 0xDE, 0x7A, 0x40, 0x19, 0x90, 0xE2, 0x7D, 0x0A, 0xDB,
    0xE6, 0x80, 0xE5, 0x4F, 0x19, 0x25, 0xCB, 0x96, 0x26, 0xBE, 0x0A, 0xD6, 0xC3, 0xEB, 0xA1, 0x96,
    0x4C, 0x4B, 0xD1, 0x97, 0xDA, 0xE4, 0x78, 0x7B, 0xA8, 0xCF, 0x33, 0x6F, 0x31, 0x3E, 0xF6, 0xB9,
    0xBE, 0xE6, 0x66, 0xA2, 0x31, 0xA2, 0x3D, 0x2B, 0x5A, 0x12, 0x0D, 0x25, 0x8E, 0x64, 0x09, 0x33,
    0x53, 0x47, 0xC2, 0xDD, 0x2F, 0xED, 0xD4, 0x5C, 0x68, 0x8D, 0x47, 0x83, 0x69, 0x48, 0x78, 0xAB,
    0x7E, 0xEC, 0x4C, 0x18, 0xFF, 0xF5, 0x61, 0x70, 0x96, 0xC2, 0xC9, 0x28, 0x19, 0x96, 0xEE, 0xCE,
    0x4F, 0xDA, 0x6D, 0xD1, 0xAC, 0x2B, 0xA7, 0x7D, 0x1A, 0x8D, 0xFB, 0x9A, 0x60, 0x66, 0x02, 0x28,
    0xC0, 0x00, 0xB7, 0x1B, 0x9A, 0x7C, 0x58, 0x93, 0xD8, 0xA9, 0x49, 0x8A, 0x9A, 0xCE, 0x00, 0xEB,
    0xAF, 0x2E, 0xD3, 0xC2, 0xFB, 0xFC, 0x59, 0xFC, 0x85, 0x58, 0xA2, 0x6B, 0x3D, 0xEC, 0x8B, 0x13,
    0xF2, 0x4D, 0xC2, 0xAD, 0x86, 0xF3, 0x73, 0xFB, 0x6E, 0x2A, 0xBD, 0x93, 0x2F, 0x07, 0x61, 0x61,
    0x67, 0x41, 0x5E, 0xBD, 0xAE, 0xAA, 0x43, 0x79, 0xBA, 0x8D, 0xFA, 0x42, 0x38, 0x23, 0xCB, 0x99,
    0xB2, 0xA4, 0x7F, 0xB5, 0x61, 0xB2, 0xD6, 0x2C, 0x7B, 0x63, 0x0B, 0x43, 0x19, 0xDC, 0xC8, 0xA4,
    0xDB, 0xDA, 0x76, 0xF2, 0x4E, 0x23, 0x7C, 0x49, 0xF7, 0x91, 0xF6, 0x9D, 0xF1, 0xBD, 0xF1, 0xDD,
    0x94, 0xA6, 0xE7, 0xE0, 0x22, 0x84, 0x43, 0xC4, 0x51, 0x95, 0x70, 0x4F, 0x52, 0x39, 0x1B, 0xA2,
    0x20, 0xEA, 0x59, 0xA0, 0x60, 0x0B, 0x84, 0x90, 0x5A, 0xB6, 0xD2, 0x2E, 0x54, 0xBE, 0x50, 0xB6,
    0x95, 0x5F, 0xB8, 0xC4, 0x5B, 0x84, 0x94, 0xFC, 0x5D, 0x6B, 0x26, 0xFD, 0x3A, 0xA1, 0x6D, 0x1B,
    0x6A, 0xCD, 0x27, 0x50, 0x9B, 0xD7, 0x0F, 0x53, 0x4A, 0xEC, 0x02, 0x83, 0x21, 0x9A, 0x75, 0x60,
    0x35, 0xBC, 0x79, 0xCF, 0x2B, 0x5F, 0x4C, 0x9A, 0x6D, 0x82, 0xA5, 0xA3, 0xF6, 0x9C, 0xA8, 0x0D,
    0x56, 0xF6, 0x29, 0xBC, 0x21, 0x22, 0x1C, 0x74, 0xA5, 0xED, 0xC9, 0xD1, 0x2F, 0xE0, 0x62, 0x7C,
    0xE0, 0xF8, 0x7C, 0xF7, 0x2F, 0x83, 0x53, 0x9A, 0xE0, 0x94, 0x6B, 0xC1, 0x29, 0x89, 0x5D, 0x4C,
    0xDB, 0xA8, 0x27, 0xC9, 0x67, 0xC3, 0xCA, 0xAB, 0x0A, 0x6E, 0x45, 0x1C, 0x88, 0x31, 0x47, 0xE9,
    0xE9, 0x57, 0xD8, 0xBB, 0x0D, 0x3B, 0x0D, 0xDE, 0x6F, 0x1C, 0xBC, 0x3F, 0x87, 0xF0, 0x4D, 0xC3,
    0xE0, 0x2E, 0x0C, 0x36, 0x16, 0xB3, 0xF0, 0xD1, 0x13, 0x5D, 0x1A, 0xC5, 0x91, 0xEC, 0x69, 0x3D,
    0xB3, 0x8D, 0x2C, 0x5B, 0x59, 0x5D, 0x96, 0x15, 0x04, 0x4D, 0x7C, 0x2E, 0x3A, 0x36, 0x17, 0xC4,
    0x4E, 0xCA, 0x20, 0xDF, 0x71, 0x60, 0xC5, 0x38, 0x44, 0x48, 0x8B, 0x7E, 0x82, 0x4E, 0xC3, 0x77,
    0xA2, 0xFE, 0x42, 0x91, 0xC6, 0x70, 0x14, 0x2B, 0x1F, 0xFD, 0xC3, 0x37, 0xDD, 0x2C, 0xF1, 0xCE,
    0x4D, 0xF5, 0x63, 0xAE, 0x5E, 0x33, 0xC2, 0xD5, 0xF3, 0x59, 0x52, 0xD5, 0xF3, 0x75, 0x59, 0xB9,
    0xF9, 0xEC, 0xDE, 0x77, 0xDC, 0xC2, 0xFC, 0xE2, 0xCF, 0xE5, 0x9A, 0xFA, 0x8F, 0x4F, 0xCD, 0x24,
    0x7D, 0x06, 0x7B, 0xA6, 0x0D, 0x8A, 0xFB, 0x6B, 0x58, 0xDE, 0xF7, 0x6C, 0x0F, 0xDE, 0x06, 0x0B,
    0x90, 0x88, 0x4C, 0xD5, 0x12, 0x9D, 0x01, 0xA6, 0xD0, 0xFA, 0x12, 0x7E, 0x75, 0xD8, 0xB1, 0xCB,
    0x68, 0xF2, 0x51, 0x06, 0xA2, 0x83, 0x72, 0xEF, 0x66, 0x36, 0x41, 0xA8, 0x80, 0x63, 0xAB, 0x8B,
    0xB9, 0x6E, 0x7C, 0x55, 0x74, 0xAC, 0x8F, 0xF6, 0x20, 0xC2, 0xC6, 0x58, 0x81, 0x73, 0x11, 0x35,
    0xC3, 0xA4, 0x62, 0x17, 0x3B, 0xB9, 0x0D, 0xEC, 0x66, 0xE0, 0x12, 0x59, 0x1D, 0x02, 0xC1, 0xB8,
    0xF4, 0x69, 0x16, 0x62, 0x60, 0xA0, 0xB9, 0x18, 0x81, 0xAA, 0x4A, 0x9D, 0x32, 0x37, 0x31, 0x2F,
    0x15, 0x4C, 0x08, 0xC4, 0x9E, 0x32, 0xC0, 0x8F, 0xC8, 0xD2, 0x04, 0x96, 0xD4, 0xA4, 0x3C, 0x1C,
    0x68, 0x0C, 0x54, 0xED, 0xF7, 0x58, 0x7E, 0x29, 0x1A, 0x09, 0xB6, 0x12, 0xAD, 0xA8, 0xA3, 0x0E,
    0x41, 0xD0, 0x03, 0x3E, 0xFC, 0x75, 0xD4, 0xC7, 0x2E, 0xEA, 0x62, 0x37, 0x69, 0x63, 0x17, 0xD7,
    0xB1, 0x83, 0x7F, 0xDF, 0x61, 0xF9, 0x35, 0xCF, 0x0B, 0x10, 0xB5, 0x4C, 0x45, 0x9D, 0x00, 0x51,
    0x08, 0x98, 0x78, 0xF9, 0x7B, 0x44, 0x4B, 0x4B, 0xF1, 0xEE, 0x93, 0xC1, 0x34, 0x8C, 0xC4, 0x25,
    0x69, 0xE2, 0x64, 0xAA, 0x97, 0x05, 0x65, 0xE3, 0xBC, 0x2F, 0xCD, 0x85, 0x09, 0xC5, 0xEE, 0x2A,
    0x47, 0xDA, 0xB0, 0xC6, 0x38, 0x77, 0x98, 0x0F, 0x5D, 0x11, 0x90, 0x19, 0x72, 0xC3, 0xB0, 0x6F,
    0x8C, 0xE9, 0x8B, 0x54, 0x82, 0x4F, 0x4D, 0x1E, 0x28, 0x3C, 0x3F, 0xBE, 0x6F, 0x6F, 0x3D, 0x15,
    0x00, 0x53, 0x13, 0x93, 0x94, 0xB6, 0x72, 0xE9, 0xF3, 0x89, 0xEF, 0xD8, 0x89, 0x21, 0x1B, 0x59,
    0x26, 0x74, 0xA2, 0xE6, 0x78, 0x3A, 0xEC, 0x1C, 0xB8, 0x27, 0xDE, 0x7B, 0x0A, 0x9D, 0x67, 0x3D,
    0x76, 0x9F, 0x42, 0xE7, 0x02, 0xBF, 0x1C, 0xEB, 0xF4, 0xDE, 0xA9, 0x1E, 0x94, 0x6D, 0x7C, 0xAA,
    0x79, 0x27, 0xAC, 0xFC, 0x61, 0x73, 0xAC, 0xF3, 0x41, 0x4B, 0x42, 0xD3, 0x4B, 0x28, 0x0F, 0xAA,
    0x47, 0x8A, 0xE4, 0xF0, 0xE5, 0xF6, 0xFF, 0xA6, 0x20, 0x6C, 0x10, 0xF9, 0x3A, 0xA7, 0xE7, 0x38,
    0x1B, 0x42, 0x4A, 0xD2, 0x03, 0x38, 0x1F, 0x51, 0x0E, 0x76, 0x3B, 0x8F, 0x79, 0x18, 0x7F, 0x1B,
    0xE1, 0x74, 0x07, 0x7E, 0x70, 0xAB, 0xC7, 0x5C, 0xA4, 0x30, 0x67, 0x60, 0x6B, 0x44, 0x22, 0xFB,
    0xCA, 0x9E, 0xEC, 0x33, 0xCC, 0x81, 0x49, 0x56, 0x35, 0x6C, 0x07, 0x6E, 0x1A, 0xEC, 0xBC, 0x8F,
    0x23, 0x36, 0x3E, 0xB4, 0xF5, 0x04, 0xF3, 0x93, 0x7C, 0x38, 0x2F, 0x1F, 0xCE, 0x4B, 0x21, 0x17,
    0xA0, 0xF7, 0x48, 0xDA, 0x20, 0xF9, 0x14, 0xFC, 0x29, 0x3E, 0xCF, 0x67, 0xE8, 0xFF, 0x66, 0x67,
    0x30, 0xDA, 0x4D, 0xFB, 0x73, 0xEE, 0xAB, 0x3F, 0xA2, 0xBF, 0xE1, 0x6E, 0xA1, 0x7F, 0xEB, 0xD6,
    0xDF, 0xD1, 0x5F, 0xF9, 0xE2, 0x1D, 0x18, 0xF2, 0xCA, 0x1D, 0x8B, 0xFE, 0x79, 0xCF, 0x7D, 0xEE,
    0x73, 0xE4, 0xFB, 0xCA, 0x7F, 0xAD, 0x4F, 0x33, 0x57, 0xC8, 0x40, 0xFD, 0x81, 0x29, 0x05, 0xCC,
    0xD8, 0xA3, 0x43, 0xBB, 0x4E, 0xA2, 0xC8, 0x37, 0x49, 0x5C, 0xB3, 0x9B, 0x14, 0xBF, 0x54, 0xA2,
    0x7B, 0x91, 0xB7, 0x79, 0xA5, 0x46, 0xF7, 0x42, 0x0B, 0xD3, 0xA4, 0x1D, 0x77, 0x05, 0x77, 0x66,
    0xEC, 0x74, 0xA5, 0x40, 0x32, 0x4E, 0x72, 0xC9, 0x11, 0xD1, 0x11, 0x1F, 0x81, 0xB2, 0x96, 0x13,
    0x95, 0xAC, 0x90, 0xA2, 0x82, 0x75, 0x38, 0xDB, 0xB2, 0xA5, 0xFA, 0xF0, 0x9E, 0xC1, 0xBF, 0xC9,
    0xD2, 0xF0, 0xA8, 0x25, 0x6B, 0x50, 0x8F, 0xB1, 0x11, 0x62, 0x33, 0x17, 0x8D, 0xE6, 0xF8, 0xA8,
    0x60, 0x73, 0xE4, 0x74, 0xFE, 0xAB, 0x4A, 0xB1, 0x5B, 0xE4, 0x1C, 0x9F, 0xF1, 0xAD, 0xF4, 0x98,
    0xED, 0x70, 0xCA, 0x77, 0xF9, 0xE8, 0x28, 0x3F, 0x95, 0x55, 0x31, 0xCA, 0x1B, 0x64, 0x1F, 0xCA,
    0x2F, 0x58, 0x36, 0x92, 0x29, 0x8F, 0x10, 0x1C, 0xD7, 0x45, 0x8E, 0xBF, 0xEE, 0x41, 0x78, 0x71,
    0xCB, 0x96, 0xC1, 0xCA, 0x21, 0xD8, 0xC7, 0x58, 0x1D, 0xF4, 0x09, 0x7A, 0x30, 0x34, 0xF8, 0xA2,
    0x48, 0xC5, 0x6D, 0xF8, 0xD0, 0x6D, 0x76, 0x55, 0xE8, 0xC4, 0x3B, 0x74, 0x59, 0x1A, 0xC3, 0x07,
    0xF4, 0x9E, 0xEE, 0x32, 0x94, 0x3B, 0x34, 0xA4, 0xF6, 0x21, 0x63, 0x20, 0x5D, 0xE8, 0xB4, 0x35,
    0xF6, 0x69, 0x5D, 0x1F, 0x29, 0xC2, 0xE2, 0xF6, 0x04, 0x75, 0x48, 0x17, 0x19, 0x32, 0xC6, 0xCB,
    0xA1, 0x08, 0x7B, 0x92, 0xC5, 0x81, 0x92, 0xBD, 0x9B, 0xCA, 0x32, 0xE0, 0x41, 0x69, 0x9F, 0x66,
    0x0E, 0x3C, 0x06, 0x7D, 0x1C, 0x51, 0xF1, 0x31, 0xD4, 0x6F, 0xC9, 0x37, 0xBA, 0x2B, 0x00, 0x1D,
    0x1C, 0x91, 0x21, 0x03, 0x50, 0x75, 0x55, 0xA8, 0x21, 0x00, 0x03, 0xFC, 0x10, 0x78, 0x1D, 0xF8,
    0xA4, 0x34, 0x3B, 0x37, 0x4A, 0xE5, 0x5F, 0x6C, 0x92, 0x5E, 0xB6, 0xAC, 0x6C, 0xD1, 0xC5, 0x1E,
    0xE8, 0xC1, 0xED, 0x2E, 0x71, 0x11, 0xA8, 0x6F, 0x02, 0x8A, 0x14, 0x56, 0xB4, 0x71, 0x3E, 0x69,
    0x91, 0x82, 0x3B, 0xA0, 0x3F, 0x83, 0x81, 0x28, 0x5D, 0x32, 0x14, 0x8C, 0x86, 0xED, 0xEF, 0x42,
    0x92, 0x41, 0x36, 0xC2, 0xFC, 0xC4, 0xEA, 0xA6, 0x68, 0x41, 0x8D, 0x30, 0x14, 0x4C, 0x05, 0xD9,
    0xD2, 0xC5, 0x70, 0x6B, 0x38, 0x36, 0x0C, 0x84, 0x0A, 0x10, 0x51, 0x28, 0x9B, 0x07, 0x48, 0xB4,
    0xAA, 0x3D, 0x83, 0xB4, 0x3A, 0x6B, 0xB1, 0x52, 0x3B, 0x45, 0xFA, 0xA5, 0xFE, 0x52, 0x7F, 0x1D,
    0xBD, 0x83, 0x8F, 0x51, 0xE1, 0x32, 0xF4, 0xA6, 0x34, 0x15, 0x85, 0xEC, 0x37, 0x7A, 0x97, 0xE9,
    0x65, 0x07, 0xB4, 0x71, 0xD0, 0x29, 0x49, 0xC9, 0x9F, 0x85, 0x1E, 0x8B, 0x41, 0x0F, 0xF6, 0x43,
    0x2E, 0x32, 0x10, 0x1C, 0x54, 0x23, 0x64, 0xAA, 0x0C, 0x45, 0xA1, 0xB1, 0x17, 0x37, 0x2E, 0x36,
    0xA8, 0xD5, 0xBA, 0xA2, 0x95, 0x40, 0xD2, 0xC9, 0x6A, 0x52, 0x82, 0x5D, 0xB0, 0x2F, 0x89, 0xC4,
    0xFB, 0x00, 0xF8, 0x0B, 0xB2, 0x4D, 0x3D, 0xAC, 0x71, 0xB7, 0x9D, 0x61, 0xD7, 0x08, 0x76, 0xC5,
    0x79, 0x04, 0xAC, 0x21, 0xB1, 0xCE, 0x41, 0x56, 0x3F, 0x65, 0x6E, 0x54, 0x65, 0x48, 0x94, 0xCC,
    0x7F, 0x11, 0x0E, 0x9B, 0xEB, 0x03, 0xE9, 0xEE, 0x21, 0x5D, 0x4A, 0xA4, 0x65, 0x8D, 0xFA, 0xC5,
    0x03, 0x4C, 0x8C, 0xAA, 0x55, 0xFF, 0xD4, 0xF9, 0xE1, 0xC3, 0x45, 0xEC, 0xF8, 0xD0, 0xB1, 0xC7,
    0x9D, 0xBE, 0x0A, 0x5D, 0xCE, 0xF3, 0x45, 0x20, 0xD4, 0x3B, 0x29, 0x57, 0x8B, 0xC8, 0xAC, 0xA8,
    0x1C, 0x51, 0x94, 0xA0, 0x34, 0xE1, 0x02, 0x75, 0x11, 0xEA, 0xC6, 0xD9, 0xC1, 0xA0, 0x7C, 0x1C,
    0x14, 0x71, 0xAA, 0x6D, 0x4E, 0x35, 0x93, 0xF0, 0x80, 0xB0, 0xF6, 0x1F, 0x77, 0xF7, 0x03, 0x47,
    0x75, 0xA7, 0x37, 0x58, 0x4E, 0x81, 0xDD, 0xE5, 0xE2, 0x5F, 0xA5, 0xDC, 0x71, 0x9A, 0x9A, 0xE7,
    0x68, 0xED, 0x32, 0xAF, 0x4D, 0x17, 0x2E, 0xAC, 0x7A, 0x5F, 0x3F, 0xFB, 0xCA, 0xD5, 0xFB, 0x21,
    0x07, 0xC4, 0x66, 0xA9, 0x1C, 0x0A, 0x99, 0xCF, 0x90, 0x24, 0x50, 0x5A, 0xD8, 0x1E, 0x0C, 0xD9,
    0x93, 0x79, 0x14, 0x40, 0x95, 0x60, 0xC4, 0x36, 0x99, 0x18, 0x78, 0x7C, 0x8B, 0xF4, 0xBF, 0x0B,
    0x2B, 0x9B, 0xCC, 0x46, 0xB8, 0xC6, 0xF0, 0x8B, 0xC9, 0xE6, 0x22, 0x20, 0x8F, 0xE2, 0xAD, 0x96,
    0xD4, 0x4D, 0x24, 0xD0, 0xD7, 0x0C, 0xA9, 0x39, 0x2A, 0xD9, 0xCD, 0x01, 0xBA, 0x32, 0xB0, 0x5E,
    0x01, 0x87, 0xEE, 0x48, 0xBF, 0xD7, 0x80, 0xFA, 0x0E, 0x2A, 0xDB, 0xC8, 0xDB, 0x64, 0xE9, 0xD4,
    0x1B, 0xB5, 0xB9, 0x82, 0x4C, 0xBD, 0x61, 0x60, 0x79, 0xE2, 0xE2, 0xCC, 0xD8, 0x4D, 0xE5, 0x5D,
    0x1C, 0x02, 0x67, 0x28, 0x7F, 0xF8, 0x34, 0x38, 0x2B, 0x99, 0x11, 0x33, 0xCC, 0x45, 0xD4, 0x43,
    0x6D, 0x05, 0xB5, 0xCD, 0xBE, 0xDA, 0x62, 0x5F, 0xED, 0xAD, 0xFF, 0xA5, 0x36, 0x97, 0x6C, 0x77,
    0x9C, 0xDA, 0xA9, 0xCD, 0x63, 0xCE, 0xA0, 0x20, 0x47, 0x06, 0xA9, 0x06, 0x71, 0x57, 0x47, 0x71,
    0x5C, 0xD9, 0x3D, 0x03, 0xDE, 0x06, 0xB7, 0x6B, 0xEC, 0xC9, 0x00, 0xDB, 0xF7, 0x10, 0x6D, 0x53,
    0xA0, 0xB2, 0x98, 0xE9, 0xAC, 0x3F, 0x52, 0x0F, 0x74, 0x77, 0xA1, 0x1D, 0xC1, 0x24, 0x83, 0x63,
    0x9D, 0x55, 0x83, 0x2B, 0x9D, 0xA5, 0x71, 0xB7, 0x9F, 0xC1, 0xCE, 0x30, 0x33, 0xAC, 0x0C, 0x6D,
    0x61, 0x63, 0x23, 0xB6, 0xA0, 0xAA, 0x79, 0x62, 0x4B, 0x77, 0x5B, 0x49, 0x83, 0x99, 0xAD, 0x8E,
    0x50, 0x85, 0x3B, 0x73, 0xCD, 0x26, 0x7B, 0x5F, 0x6D, 0xE8, 0x1D, 0xDC, 0xD7, 0x6E, 0x60, 0xE7,
    0x6F, 0x17, 0x30, 0x76, 0x46, 0x6A, 0xB1, 0x0D, 0x83, 0x03, 0x9B, 0x38, 0x40, 0xB0, 0x96, 0xAE,
    0x00, 0xEB, 0xC1, 0x95, 0x85, 0xE5, 0xF8, 0x8D, 0xC0, 0x8A, 0x08, 0xDB, 0x70, 0xD8, 0x85, 0x2D,
    0x4A, 0xC9, 0x8F, 0x1D, 0x1E, 0xDC, 0x57, 0x3F, 0x1D, 0xAE, 0x7A, 0x70, 0xA1, 0x46, 0x84, 0x6B,
    0xA6, 0x72, 0x6A, 0x74, 0x37, 0x38, 0x5C, 0x73, 0xE0, 0x6E, 0x95, 0x28, 0x3F, 0xC9, 0x3D, 0x17,
    0xD3, 0x5F, 0xA5, 0x97, 0xC5, 0xE1, 0xBE, 0x01, 0x27, 0x40, 0x5E, 0x52, 0x57, 0x1C, 0x0E, 0x3A,
    0xE5, 0x3C, 0x47, 0xFA, 0x1A, 0xB2, 0xE5, 0x4B, 0x48, 0xBF, 0x8F, 0x23, 0xB9, 0x3C, 0x76, 0x87,
    0xF4, 0xA3, 0x5C, 0x5B, 0xAC, 0x84, 0x55, 0x2E, 0x5A, 0x69, 0x8F, 0xE8, 0x32, 0xDE, 0xA0, 0x43,
    0x40, 0x7D, 0x2C, 0xEB, 0x68, 0xBC, 0x80, 0x5E, 0x69, 0x54, 0xE9, 0x6F, 0xB4, 0xC6, 0xC9, 0xB7,
    0xB7, 0x5E, 0x77, 0xF2, 0xFD, 0xB5, 0x0F, 0x9D, 0x7C, 0x6D, 0x6B, 0xC7, 0xC9, 0xF9, 0xF6, 0x5B,
    0x4E, 0x6E, 0xFA, 0x5F, 0x3B, 0xE5, 0xFC, 0xE3, 0x28, 0xA8, 0x7C, 0x52, 0xA9, 0xB2, 0x4F, 0xF6,
    0x94, 0xED, 0x62, 0x3E, 0x90, 0xE1, 0x06, 0x5B, 0xBC, 0x00, 0x0E, 0xBD, 0x81, 0xE4, 0x74, 0x13,
    0x09, 0xE2, 0x03, 0x24, 0x28, 0x18, 0x4D, 0xCE, 0xF1, 0xFE, 0x3A, 0x8C, 0xE6, 0x80, 0x8A, 0xCB,
    0x3E, 0xDC, 0x82, 0x46, 0x83, 0xED, 0xBB, 0x4A, 0xA8, 0xEE, 0xF3, 0xCE, 0xA4, 0xFD, 0x7E, 0xEB,
    0xCC, 0xF3, 0xAD, 0x7A, 0xAF, 0x8E, 0xF7, 0x2F, 0x01, 0x50, 0x0D, 0x4B, 0xDF, 0xC4, 0xD2, 0x1F,
    0x20, 0x2F, 0x7D, 0x8A, 0xAC, 0x37, 0x07, 0x36, 0x01, 0xC7, 0x79, 0x12, 0x81, 0x00, 0xC7, 0x57,
    0xFF, 0x80, 0x3D, 0x90, 0x19, 0xF4, 0x2F, 0x89, 0x4B, 0x10, 0xD2, 0xE9, 0x21, 0xC3, 0xEE, 0x07,
    0x60, 0x32, 0x06, 0xE0, 0xA1, 0x27, 0x77, 0xC0, 0xD6, 0xE0, 0xC9, 0x4F, 0xB0, 0x27, 0x2F, 0x48,
    0xC2, 0x43, 0xA2, 0xB4, 0x3D, 0xE2, 0x67, 0x7C, 0x0A, 0xEB, 0x83, 0x1A, 0xCE, 0xDF, 0x6C, 0xE4,
    0x5F, 0x6B, 0xF9, 0xE9, 0x8A, 0xBC, 0xCE, 0x9C, 0x09, 0xEA, 0x06, 0xD3, 0x8D, 0x2D, 0x1F, 0x62,
    0x28, 0x97, 0xBF, 0xAD, 0xD8, 0xBB, 0x9E, 0x4F, 0x75, 0x87, 0x74, 0x65, 0xF9, 0x8E, 0x29, 0xAB,
    0x99, 0xA8, 0x32, 0xF0, 0xBB, 0xA7, 0xE1, 0xAA, 0xC5, 0xF7, 0x59, 0x54, 0xF4, 0x25, 0xD7, 0x58,
    0x68, 0x32, 0xDC, 0x99, 0xEE, 0x6E, 0x88, 0xDB, 0x7E, 0xFF, 0x8A, 0x9B, 0xD9, 0xED, 0x50, 0x1E,
    0xB2, 0xFA, 0xF2, 0x4D, 0x60, 0x07, 0x16, 0x65, 0xDC, 0x58, 0x07, 0x1F, 0xAC, 0x93, 0xFE, 0xD3,
    0x16, 0xB8, 0x12, 0x81, 0x58, 0x1F, 0x04, 0x62, 0x61, 0x1B, 0xFF, 0x26, 0x5F, 0xB7, 0x70, 0x13,
    0x0D, 0xED, 0x9C, 0xB2, 0xD7, 0x95, 0x75, 0xEA, 0xCD, 0x52, 0x7E, 0x9E, 0x1F, 0x2E, 0x8D, 0xFC,
    0x3D, 0x07, 0xE5, 0xF2, 0x29, 0x48, 0x8B, 0x64, 0x8B, 0x2E, 0xE6, 0x2E, 0x49, 0xB9, 0x23, 0xBE,
    0xA9, 0xC1, 0xE3, 0x90, 0x77, 0xD4, 0x4E, 0x33, 0x85, 0x56, 0x7D, 0x4D, 0x49, 0x67, 0xE0, 0xE8,
    0xAB, 0x27, 0x47, 0xD5, 0x16, 0x99, 0x43, 0x95, 0xB7, 0x26, 0x3A, 0x07, 0xAE, 0x21, 0xAE, 0x48,
    0x52, 0x99, 0xD9, 0xA9, 0x2A, 0x9F, 0x93, 0xCB, 0xF5, 0xB8, 0x3F, 0x31, 0x08, 0xD2, 0x15, 0x08,
    0x11, 0xF7, 0x0B, 0x01, 0xBE, 0x14, 0x48, 0x69, 0xC2, 0x21, 0x95, 0xB9, 0x29, 0x70, 0x0E, 0xB5,
    0xDD, 0x26, 0x12, 0x9A, 0x1B, 0x8C, 0x9D, 0x01, 0xB8, 0x6F, 0x9D, 0x04, 0x43, 0xAB, 0xEF, 0x0D,
    0x79, 0x29, 0xA9, 0xB8, 0x9E, 0x40, 0x6E, 0x77, 0xB3, 0x57, 0xCB, 0x69, 0x92, 0xAF, 0x20, 0xDA,
    0xE7, 0x14, 0xB9, 0x95, 0x18, 0x24, 0x76, 0xC1, 0x85, 0x9B, 0x98, 0x63, 0x1A, 0x5F, 0x11, 0xFC,
    0xAF, 0x12, 0xC4, 0x5E, 0x52, 0x26, 0xD5, 0xF0, 0xC0, 0xE1, 0x10, 0xA9, 0xFC, 0xCD, 0x7E, 0x44,
    0xB2, 0xFF, 0x4B, 0xC4, 0xDC, 0xF4, 0xC8, 0x6B, 0x8D, 0x5F, 0x8B, 0xF9, 0x7D, 0x11, 0x99, 0xEA,
    0xD4, 0x11, 0xBA, 0x8F, 0xAB, 0xB8, 0x12, 0xB8, 0x51, 0x4C, 0x1A, 0xAC, 0x75, 0xB0, 0x6A, 0x0C,
    0x64, 0x65, 0x96, 0x86, 0x8B, 0xDD, 0x1A, 0x6E, 0xF8, 0xD3, 0x53, 0x7C, 0x11, 0xFC, 0x2F, 0xAD,
    0x58, 0x4F, 0x6C, 0x1D, 0x47, 0x19, 0xFF, 0x76, 0x37, 0xF6, 0xD2, 0x2E, 0xCA, 0xF8, 0x10, 0x50,
    0x9B, 0x16, 0x6F, 0x0E, 0x96, 0x88, 0x4A, 0x9C, 0xC9, 0xA1, 0x87, 0x48, 0x7D, 0xF6, 0x2C, 0xAD,
    0x10, 0x87, 0x1C, 0x88, 0x50, 0xC5, 0x09, 0x89, 0x5C, 0x41, 0x48, 0x8E, 0x50, 0x0F, 0x3E, 0x18,
    0xEF, 0xDA, 0x39, 0xE6, 0x50, 0x5F, 0xE0, 0x86, 0xE2, 0x43, 0x0F, 0x21, 0x20, 0xC5, 0x07, 0x4B,
    0x18, 0xE9, 0xC5, 0xBB, 0xA9, 0xB9, 0x45, 0x90, 0x25, 0x12, 0xCA, 0xA1, 0x42, 0xDA, 0x86, 0xA2,
    0x46, 0x84, 0x92, 0x89, 0xBA, 0x2D, 0x9B, 0x97, 0xD9, 0x1D, 0x7E, 0xDF, 0xEC, 0xB3, 0x4B, 0x41,
    0x55, 0x13, 0xDB, 0xBB, 0xF3, 0x5B, 0x3F, 0x3F, 0xEF, 0x7C, 0xF3, 0xFD, 0xFF, 0xE3, 0x38, 0x53,
    0x85, 0xCC, 0x26, 0xE8, 0x39, 0x12, 0xEE, 0x8E, 0x71, 0x4B, 0x52, 0xB8, 0x73, 0xDC, 0x2F, 0x10,
    0xF9, 0x44, 0x11, 0x79, 0xB6, 0x88, 0xAC, 0x16, 0x7F, 0x6A, 0xD4, 0xDB, 0xB5, 0xFA, 0xE1, 0x9A,
    0xFA, 0x29, 0xA9, 0x45, 0xB7, 0xEA, 0x0D, 0x61, 0x75, 0x68, 0x33, 0xDA, 0x24, 0x5A, 0x27, 0x77,
    0xA9, 0x86, 0xBC, 0x2E, 0xA7, 0xA0, 0x96, 0x49, 0xA4, 0x55, 0x22, 0xB4, 0x24, 0xA1, 0x89, 0xE2,
    0x4F, 0x12, 0x52, 0x56, 0x53, 0x88, 0xCF, 0x01, 0xE0, 0x69, 0x41, 0x54, 0x87, 0x05, 0x0D, 0x03,
    0xD0, 0x7E, 0x50, 0x88, 0x1F, 0x80, 0x0A, 0x1D, 0xA1, 0x29, 0x9A, 0xFA, 0xF9, 0xAF, 0x1B, 0xBC,
    0x29, 0x2F, 0x57, 0x2A, 0xD0, 0x6E, 0x55, 0xF2, 0x4A, 0x89, 0x6F, 0xB6, 0xCE, 0x63, 0x1F, 0xE5,
    0x46, 0xB4, 0xB9, 0x89, 0x5A, 0x51, 0xF9, 0x65, 0xA8, 0x83, 0x22, 0x68, 0x04, 0x79, 0x66, 0x9A,
    0x62, 0xAB, 0xCA, 0xD8, 0xDA, 0x92, 0x94, 0x26, 0x69, 0x6D, 0x75, 0xFC, 0xFA, 0x3F, 0x32, 0x8A,
    0x0B, 0x72, 0xC8, 0xEF, 0x43, 0x06, 0x43, 0x83, 0xF1, 0x05, 0x32, 0x83, 0x25, 0x77, 0x6D, 0x1D,
    0x63, 0x9E, 0xF3, 0x32, 0xF8, 0xB4, 0x8E, 0x0A, 0x23, 0x8A, 0x06, 0xBC, 0x86, 0x1D, 0xF9, 0xB6,
    0x1A, 0xA4, 0x66, 0x3E, 0xEC, 0x54, 0xB9, 0x2C, 0xDB, 0xD9, 0xC8, 0xFE, 0x81, 0x72, 0x4D, 0x51,
    0x1D, 0xAD, 0xD4, 0x62, 0x45, 0x8B, 0x1D, 0x27, 0xB3, 0xDB, 0xAA, 0xE2, 0x2C, 0x95, 0x05, 0x9E,
    0xFC, 0xCB, 0x42, 0x4B, 0xC1, 0xE3, 0x85, 0x52, 0x24, 0x9E, 0x9E, 0x8D, 0x9B, 0xC1, 0xD9, 0xC1,
    0xEC, 0xA9, 0xB7, 0xEA, 0xD9, 0xE9, 0x0D, 0x4D, 0x47, 0x1D, 0x6A, 0x9A, 0x5E, 0x1C, 0x7E, 0xF5,
    0xD4, 0x40, 0x35, 0x83, 0x78, 0x32, 0xD3, 0xD1, 0x07, 0x2F, 0x95, 0x9E, 0xED, 0xA0, 0x8C, 0x84,
    0x26, 0x7F, 0x49, 0x32, 0xA7, 0x25, 0x45, 0x43, 0x45, 0x0D, 0x56, 0x4E, 0xC3, 0x87, 0xA4, 0xAE,
    0x14, 0x13, 0x13, 0x44, 0xAF, 0xBE, 0x4C, 0x7A, 0x29, 0xBC, 0xA7, 0xD5, 0xED, 0x52, 0xC5, 0x45,
    0x7C, 0xAB, 0x0A, 0xDE, 0xD7, 0xA4, 0x17, 0xE9, 0x0C, 0xEC, 0x43, 0xA9, 0xAD, 0x72, 0x5B, 0x51,
    0xB0, 0xBB, 0x70, 0x9D, 0xA7, 0xB8, 0xA5, 0xB3, 0x57, 0x92, 0xE1, 0x7B, 0x99, 0xB9, 0x5E, 0x98,
    0xDB, 0xC5, 0xE6, 0xDD, 0x4C, 0x59, 0xB0, 0x4F, 0xAF, 0x5C, 0xCD, 0x4D, 0x6E, 0x8E, 0x27, 0x79,
    0xA5, 0x71, 0xE5, 0xE5, 0xF1, 0x84, 0xDE, 0x81, 0x19, 0x78, 0x29, 0x5B, 0x81, 0xD4, 0x2B, 0xA3,
    0x35, 0x82, 0x96, 0xF5, 0xD8, 0x9C, 0x39, 0x13, 0x2F, 0xFD, 0xAB, 0x14, 0xE7, 0x34, 0x88, 0xB3,
    0x39, 0x91, 0xC1, 0x33, 0xE8, 0x06, 0xF9, 0x9A, 0xC4, 0x25, 0xD0, 0xE4, 0x85, 0xD7, 0xFA, 0x17,
    0xE6, 0xE3, 0xE4, 0x45, 0x49, 0x34, 0x84, 0xF6, 0x88, 0x44, 0x71, 0x52, 0x14, 0x03, 0x99, 0xA8,
    0x96, 0x26, 0xCF, 0x93, 0x57, 0x86, 0x95, 0x28, 0x4F, 0xD3, 0x0C, 0xC9, 0x15, 0x43, 0x6A, 0x15,
    0x78, 0xBD, 0xE9, 0x11, 0xD4, 0x63, 0x68, 0x4A, 0x19, 0x70, 0x90, 0xD4, 0x76, 0x49, 0x6A, 0x6C,
    0x92, 0x4E, 0x1D, 0xA3, 0x94, 0x45, 0x1C, 0x63, 0x19, 0xF0, 0x7E, 0x6F, 0x49, 0x74, 0x96, 0xD4,
    0xA8, 0xA6, 0x14, 0xC8, 0x01, 0x3B, 0x46, 0xFE, 0x6F, 0x4D, 0x0A, 0x90, 0x40, 0xF8, 0xF1, 0xD8,
    0xD1, 0x3E, 0x87, 0x12, 0x80, 0x3B, 0x3C, 0x00, 0xD3, 0xE0, 0x91, 0xB6, 0x40, 0x8F, 0x54, 0xC1,
    0xF7, 0x04, 0x3E, 0x45, 0x24, 0x4A, 0x5F, 0x7F, 0x53, 0x2B, 0xBC, 0x32, 0xB9, 0xA6, 0x74, 0xA0,
    0x83, 0x6A, 0xF7, 0x0E, 0x2B, 0x65, 0xF0, 0xED, 0xBA, 0x6C, 0x97, 0xD4, 0x50, 0x1A, 0xDC, 0x4B,
    0xF3, 0xB2, 0x81, 0xE1, 0x88, 0x2E, 0xBE, 0x4A, 0x4B, 0xB3, 0xA4, 0x44, 0x26, 0xEE, 0xEA, 0xE8,
    0xE3, 0x5A, 0xBC, 0xA7, 0xF1, 0x79, 0x6B, 0x8E, 0xD6, 0xCE, 0xF4, 0x11, 0xF1, 0xF5, 0x8C, 0x06,
    0x64, 0x0B, 0x6A, 0xA0, 0x14, 0x0F, 0x8A, 0x2B, 0x60, 0x25, 0x51, 0xC0, 0xF5, 0xB1, 0x23, 0xB9,
    0x20, 0x32, 0x19, 0x68, 0x91, 0x0D, 0x84, 0x8E, 0xB3, 0xE6, 0xB4, 0xB6, 0x8F, 0xF4, 0xCF, 0x34,
    0xEC, 0x78, 0x07, 0x22, 0xEC, 0xAC, 0xE2, 0xED, 0xEF, 0xDA, 0x96, 0xA4, 0xFF, 0x9B, 0x06, 0x34,
    0x20, 0xC2, 0x14, 0xED, 0x5E, 0x93, 0xEB, 0x08, 0x55, 0x76, 0xF6, 0x39, 0x27, 0xDB, 0x90, 0xD8,
    0xF8, 0x2C, 0x63, 0xE5, 0x57, 0xFC, 0x0C, 0xDF, 0xBD, 0x8A, 0xA7, 0xB8, 0x82, 0x50, 0xAC, 0x62,
    0x18, 0x2E, 0xAC, 0xE6, 0xE6, 0x45, 0xA6, 0xCC, 0x90, 0x64, 0xC2, 0x06, 0x86, 0x32, 0xFD, 0xCA,
    0xAB, 0x13, 0x0A, 0x8B, 0x68, 0x95, 0x79, 0x91, 0x60, 0x31, 0x26, 0x36, 0xE8, 0x91, 0xBD, 0x43,
    0x9E, 0xE7, 0x43, 0xE6, 0x5B, 0x9A, 0xA7, 0xE1, 0x3C, 0x2D, 0xD1, 0xCC, 0x1C, 0x1C, 0xC5, 0xAF,
    0x61, 0xFD, 0xB0, 0x0D, 0x8A, 0x37, 0x21, 0xF3, 0xAA, 0xB9, 0xA8, 0xE2, 0xB0, 0xA9, 0x97, 0xE7,
    0x8F, 0x36, 0x79, 0xB3, 0x34, 0x68, 0x26, 0x92, 0x7A, 0xA3, 0x21, 0xFF, 0x51, 0xD9, 0x50, 0xB0,
    0x63, 0x61, 0xAB, 0x95, 0x6B, 0x1D, 0x33, 0x5A, 0xF7, 0x54, 0x0D, 0xF9, 0x2D, 0xC2, 0x95, 0x58,
    0x90, 0x0B, 0x44, 0x8B, 0xC4, 0x62, 0x19, 0x8A, 0xE1, 0x10, 0x25, 0x12, 0x4E, 0xD2, 0x85, 0xD5,
    0x76, 0xA0, 0xD3, 0x37, 0x10, 0xCA, 0x99, 0x07, 0xD7, 0x7C, 0x99, 0x43, 0x0C, 0xFC, 0x4A, 0x58,
    0xCE, 0xD7, 0x3D, 0x53, 0x9C, 0x42, 0x04, 0x7C, 0x16, 0x9B, 0x68, 0x16, 0x18, 0xB4, 0x44, 0x6F,
    0x21, 0x8A, 0x74, 0x0E, 0xA4, 0xE4, 0xFF, 0x3D, 0x4D, 0x02, 0x6B, 0xB3, 0xE0, 0x2F, 0x69, 0x11,
    0x25, 0x71, 0x81, 0xB4, 0x56, 0x2D, 0x64, 0xB2, 0x81, 0x2B, 0xE3, 0xC5, 0x53, 0x20, 0xB0, 0x4D,
    0x7C, 0x26, 0x45, 0xD9, 0x21, 0xD0, 0x63, 0xEF, 0x87, 0xBE, 0x11, 0x5B, 0x24, 0xF1, 0xEB, 0x22,
    0x44, 0x9D, 0xF2, 0x0E, 0x46, 0x93, 0x15, 0xA5, 0x3E, 0xE4, 0xC8, 0x06, 0xAD, 0xE1, 0xC1, 0x79,
    0x3C, 0xF9, 0x1C, 0x44, 0x86, 0x12, 0x3B, 0xE0, 0xEC, 0xF4, 0xC1, 0xE9, 0x79, 0xE7, 0xB1, 0x17,
    0x7B, 0x4E, 0x0F, 0x7A, 0x88, 0xC6, 0x65, 0xB0, 0x03, 0xD1, 0x0C, 0x2D, 0xBC, 0x4F, 0xB8, 0x87,
    0x41, 0x84, 0xCE, 0x1A, 0xBF, 0xE4, 0xFD, 0x09, 0x2D, 0x82, 0x00, 0x28, 0x5C, 0x4B, 0x40, 0xC2,
    0x66, 0xA0, 0xF1, 0x0B, 0x62, 0x22, 0xC4, 0x54, 0x88, 0xC9, 0x4C, 0x83, 0x4E, 0x39, 0xB7, 0xB0,
    0x26, 0x47, 0x86, 0x93, 0x95, 0x71, 0xE2, 0xE5, 0x35, 0xB2, 0x38, 0xFC, 0xAE, 0x44, 0x02, 0xCA,
    0x54, 0x92, 0xBA, 0x7A, 0xD6, 0xC7, 0x7C, 0x37, 0x86, 0x1D, 0x23, 0x4D, 0x22, 0xA4, 0x00, 0x89,
    0xFA, 0x61, 0x40, 0x19, 0xA6, 0x9C, 0x65, 0xF5, 0xC3, 0x35, 0x22, 0x64, 0x81, 0x2B, 0x80, 0x4D,
    0x7A, 0x95, 0x5D, 0x74, 0xEE, 0x0B, 0xDA, 0x49, 0xFF, 0x37, 0x5C, 0xA8, 0x33, 0x0E, 0x41, 0x2D,
    0x92, 0xA0, 0x8E, 0x00, 0xCF, 0xE5, 0x99, 0x70, 0xF4, 0x0E, 0x24, 0x32, 0x14, 0x7E, 0xF2, 0xA6,
    0xD3, 0x0A, 0x23, 0xD2, 0x11, 0x0A, 0xA2, 0x48, 0xE4, 0x28, 0x87, 0x65, 0xF9, 0xE4, 0x0D, 0xB8,
    0x21, 0xD4, 0xC5, 0xD5, 0x71, 0x9E, 0x0E, 0x81, 0x1E, 0xF5, 0x2E, 0xCD, 0xA1, 0x82, 0x62, 0xE5,
    0x55, 0x4B, 0xC4, 0x05, 0xF5, 0x40, 0x34, 0xD7, 0x67, 0xC8, 0x6F, 0xA0, 0x97, 0x06, 0xA6, 0xAC,
    0xB6, 0x0E, 0xCC, 0xE3, 0x51, 0x6C, 0xCF, 0x58, 0x60, 0xAF, 0xE9, 0x49, 0xF1, 0x82, 0x0E, 0x3E,
    0x5B, 0xAE, 0x41, 0xD8, 0x5B, 0x91, 0x5B, 0x72, 0xE4, 0x42, 0xE1, 0x28, 0x17, 0x01, 0xAF, 0x73,
    0x49, 0xFC, 0x59, 0xF7, 0xB2, 0x0F, 0x71, 0xCC, 0x8B, 0x8E, 0xE6, 0xA2, 0xE4, 0x59, 0xB7, 0xBF,
    0x38, 0x49, 0x0A, 0x35, 0x5E, 0x16, 0xB3, 0xD1, 0x33, 0x1F, 0x2D, 0xED, 0x63, 0x56, 0x57, 0x89,
    0x36, 0xA5, 0x0E, 0xEA, 0xC0, 0x40, 0x5D, 0x2D, 0x76, 0x74, 0xDF, 0xEA, 0xD6, 0x2C, 0xEA, 0x6D,
    0xF7, 0xD2, 0x63, 0xE4, 0x3C, 0xED, 0xB5, 0xA1, 0xF6, 0x4D, 0xA8, 0xC3, 0x3A, 0xD4, 0x71, 0x25,
    0x9F, 0xA0, 0xF6, 0x59, 0xB8, 0xC6, 0x04, 0x1F, 0x17, 0x7F, 0x08, 0xA3, 0x2A, 0x16, 0xE2, 0xC4,
    0x8D, 0x71, 0x5A, 0x96, 0x26, 0x00, 0xE5, 0x0E, 0x0F, 0xAC, 0x4D, 0x0A, 0xF2, 0x6C, 0x83, 0x82,
    0xEB, 0xC5, 0x06, 0x85, 0x6F, 0x97, 0x78, 0x5C, 0xD6, 0x60, 0xE3, 0x52, 0x8D, 0xC7, 0xAA, 0x01,
    0x2B, 0x49, 0xCB, 0x0F, 0xEE, 0x5F, 0x12, 0x35, 0x7E, 0xC8, 0x2A, 0x46, 0x99, 0xD5, 0xEC, 0x7A,
    0xA8, 0x7B, 0x08, 0x53, 0x80, 0x93, 0x59, 0x8A, 0xA3, 0xC2, 0xB2, 0x3F, 0x24, 0x6F, 0x10, 0x43,
    0x16, 0x11, 0x06, 0xD1, 0x33, 0x51, 0xA5, 0x90, 0x29, 0x07, 0x2C, 0x85, 0x75, 0x07, 0x29, 0x3B,
    0xF7, 0x99, 0xC1, 0x7F, 0x13, 0xA5, 0xE2, 0xB7, 0x46, 0xCC, 0x11, 0x18, 0xFF, 0x1A, 0xF5, 0x44,
    0xFD, 0xA6, 0x4F, 0x8D, 0x71, 0x72, 0x48, 0x34, 0x39, 0x75, 0x71, 0x4F, 0x87, 0x38, 0x4D, 0xF1,
    0x9D, 0x46, 0xFA, 0x49, 0x8E, 0x1C, 0x9C, 0x2E, 0xB7, 0x72, 0xF9, 0xAF, 0x10, 0xEB, 0x08, 0xF0,
    0xD7, 0xEB, 0xC3, 0xE1, 0xF5, 0xC2, 0x49, 0x14, 0x3A, 0xB4, 0x92, 0x00, 0x6D, 0x2E, 0x1E, 0x0A,
    0xCD, 0xA9, 0x23, 0x34, 0x8C, 0x29, 0x4D, 0x29, 0x6E, 0x38, 0x8A, 0x64, 0x43, 0xDB, 0xDB, 0xB4,
    0x25, 0xF9, 0xFB, 0xDE, 0x2F, 0xBA, 0x25, 0xCF, 0xE6, 0xF0, 0x21, 0x04, 0x5D, 0x15, 0x35, 0x38,
    0xC6, 0xC8, 0x62, 0xD9, 0xA8, 0xE2, 0x51, 0xAB, 0x2E, 0xFD, 0xD9, 0xA8, 0xCB, 0xAB, 0x46, 0x3D,
    0xF4, 0x8D, 0x32, 0x41, 0x13, 0x6B, 0x04, 0x30, 0xDE, 0x12, 0x5D, 0x5E, 0x9C, 0x46, 0x02, 0x3E,
    0x36, 0x01, 0x13, 0x9D, 0x1C, 0x37, 0x5A, 0xDC, 0x00, 0x8D, 0xAB, 0xAD, 0x6D, 0x64, 0x9B, 0x03,
    0xB2, 0x88, 0x74, 0x0F, 0xE1, 0xA0, 0x0A, 0x51, 0xA9, 0x2C, 0x06, 0x14, 0xF0, 0x1A, 0xF0, 0x3B,
    0xE0, 0x41, 0xA9, 0x76, 0x6E, 0xA1, 0x76, 0x5F, 0x6E, 0xA2, 0x0E, 0x25, 0xE2, 0x3C, 0x53, 0x38,
    0xDB, 0xE7, 0xCD, 0x10, 0xAE, 0x20, 0xB2, 0x43, 0xA2, 0x49, 0x7D, 0x1F, 0xC7, 0xFE, 0xCB, 0x6D,
    0xD9, 0xE6, 0xE9, 0xC3, 0xA1, 0x3B, 0x83, 0x86, 0xBA, 0x4D, 0x7B, 0x2C, 0xCE, 0x1E, 0x12, 0xAF,
    0xFF, 0xDF, 0x71, 0x7C, 0xD1, 0x08, 0x43, 0x16, 0xEE, 0xAC, 0x6A, 0xD7, 0xD5, 0xED, 0x8D, 0x2E,
    0xFF, 0x33, 0xC2, 0x48, 0xD4, 0x3E, 0x89, 0x92, 0xC4, 0x95, 0x23, 0xB0, 0xF7, 0xB9, 0x18, 0x22,
    0x05, 0xCB, 0x02, 0xD6, 0xAC, 0x76, 0x11, 0x82, 0x43, 0x14, 0xD4, 0x24, 0xB4, 0x1F, 0xB8, 0x34,
    0x8C, 0x4C, 0x84, 0x54, 0xC4, 0x21, 0xF8, 0x63, 0xAE, 0x11, 0x96, 0xB5, 0xF6, 0xED, 0x86, 0xFB,
    0x69, 0xC3, 0xAC, 0xE1, 0x53, 0xC7, 0x83, 0x43, 0xCB, 0xEC, 0xB5, 0xAC, 0xCA, 0x96, 0xEB, 0x51,
    0xCB, 0x45, 0xD0, 0x30, 0x3B, 0x26, 0x86, 0x0B, 0x1B, 0xEE, 0xEA, 0x0D, 0xB7, 0xFF, 0xA6, 0x41,
    0x93, 0x63, 0x0C, 0xDE, 0x69, 0x52, 0x0C, 0x7B, 0x35, 0x3C, 0xC7, 0x63, 0x67, 0x79, 0xAD, 0x1C,
    0x67, 0x10, 0xEA, 0xCD, 0x71, 0x61, 0x5C, 0x30, 0xB7, 0xA9, 0x4F, 0x00, 0x7E, 0x2F, 0xBD, 0x67,
    0xFF, 0x85, 0x62, 0xD1, 0xA1, 0x05, 0xEE, 0x50, 0x0D, 0x3A, 0xB0, 0x02, 0xF8, 0x40, 0xB0, 0x4D,
    0x2A, 0x04, 0xCE, 0xDD, 0x20, 0xF9, 0x51, 0x5E, 0x88, 0x26, 0x2D, 0x3C, 0x0E, 0x6E, 0xAF, 0xEC,
    0xBB, 0x77, 0x81, 0x9F, 0x92, 0xAD, 0x44, 0xFB, 0xA3, 0x23, 0xC6, 0x85, 0x3D, 0x2F, 0xC1, 0xAF,
    0x06, 0x3B, 0x33, 0xFB, 0xA3, 0xD3, 0x1E, 0xC3, 0x84, 0x83, 0xF6, 0xF6, 0x47, 0x7A, 0xAF, 0x4F,
    0x7E, 0x66, 0x1A, 0xEC, 0xC0, 0x1A, 0x34, 0x3E, 0x45, 0x71, 0x7D, 0xD4, 0xEC, 0x9F, 0x0E, 0xCA,
    0x29, 0x8D, 0x60, 0xBB, 0x47, 0xBA, 0xFF, 0x29, 0xB3, 0x7D, 0xF3, 0x83, 0x4D, 0x68, 0x99, 0xC2,
    0x91, 0xCD, 0x13, 0x51, 0x18, 0x99, 0xC9, 0x0C, 0x0F, 0xF8, 0x49, 0x8E, 0x9D, 0x96, 0x07, 0xB5,
    0x0E, 0x13, 0x7C, 0x08, 0x83, 0xAA, 0x73, 0x26, 0xC0, 0x6E, 0x78, 0x94, 0x68, 0xA4, 0x41, 0xEB,
    0xE7, 0xA6, 0x20, 0xF7, 0x4F, 0x82, 0x91, 0x8E, 0x6F, 0xD6, 0xEA, 0x52, 0xAD, 0x92, 0x35, 0x38,
    0x8A, 0x72, 0xBD, 0xBB, 0x2A, 0x36, 0xE2, 0xBD, 0x7F, 0x12, 0x6C, 0xB3, 0x2B, 0x78, 0xD7, 0x79,
    0x0A, 0xE0, 0x6B, 0x0D, 0xD3, 0x84, 0x73, 0x12, 0xBC, 0x1A, 0xF6, 0x44, 0xCA, 0xE8, 0x89, 0x8E,
    0x77, 0x6A, 0xF5, 0x86, 0x56, 0x51, 0xA5, 0x6C, 0xA2, 0xAA, 0x9E, 0xC8, 0xFA, 0x98, 0x08, 0x52,
    0xB5, 0x8F, 0xCE, 0xAF, 0xE4, 0xA0, 0xC0, 0xE8, 0x73, 0xE2, 0xA9, 0x77, 0x7D, 0xC3, 0xE5, 0x36,
    0x5B, 0x04, 0x77, 0xAA, 0xC0, 0x35, 0x73, 0x4F, 0xB5, 0x0B, 0x7C, 0xDD, 0xC3, 0x54, 0xD7, 0x84,
    0x7F, 0xD3, 0xBB, 0x5A, 0xFA, 0xF2, 0x5D, 0x33, 0x10, 0x09, 0xF9, 0x3B, 0xF3, 0x39, 0x6E, 0x8B,
    0xBC, 0x14, 0xFD, 0x5D, 0xF0, 0x8D, 0x01, 0xFE, 0xBE, 0xE0, 0xC1, 0xB1, 0x0A, 0x74, 0x54, 0xC5,
    0x09, 0xCF, 0xF0, 0x5F, 0xF4, 0x8E, 0x5F, 0x46, 0x3A, 0x36, 0x73, 0x73, 0x17, 0x9F, 0x87, 0x65,
    0xB5, 0xE4, 0x06, 0x82, 0x6F, 0x1E, 0x4C, 0x35, 0x9A, 0x85, 0x51, 0xD0, 0xB9, 0x14, 0x73, 0x43,
    0xA1, 0xB7, 0xE7, 0xE7, 0xB8, 0x0A, 0xA0, 0x32, 0x7C, 0xBE, 0x39, 0xE9, 0x17, 0x37, 0x27, 0x23,
    0xC2, 0x1E, 0x6C, 0xF2, 0xD7, 0xA6, 0xFC, 0xAE, 0x71, 0x43, 0x97, 0xA6, 0xEF, 0x37, 0x1C, 0xDE,
    0xDD, 0x50, 0x3C, 0xE9, 0xE4, 0xCD, 0x4E, 0x65, 0x18, 0x14, 0xFA, 0xD5, 0xAA, 0xC4, 0xA8, 0x15,
    0x83, 0xB9, 0x36, 0x44, 0x67, 0x0E, 0x6D, 0xB4, 0x5F, 0x71, 0xAE, 0xEF, 0x9F, 0xFB, 0xCC, 0xF5,
    0x73, 0x0C, 0xF3, 0xF6, 0x16, 0x2A, 0xD6, 0xED, 0x9C, 0xC4, 0x5F, 0x21, 0xF5, 0x6F, 0x81, 0x2D,
    0x7C, 0xDE, 0xDC, 0xA6, 0x58, 0x03, 0x15, 0xF7, 0xE1, 0x16, 0x32, 0xE5, 0x05, 0xF7, 0xA3, 0xB4,
    0x8E, 0x94, 0xE1, 0x6C, 0x8E, 0x58, 0x0E, 0xF6, 0x34, 0x8A, 0x62, 0x65, 0x54, 0xD6, 0xEE, 0x9E,
    0xEC, 0x0E, 0x5F, 0x31, 0xF1, 0xDD, 0x3A, 0xB4, 0xE5, 0xD8, 0xE6, 0x21, 0x8F, 0xCD, 0xDC, 0x2A,
    0x9F, 0x79, 0xEA, 0x5D, 0xD3, 0xCE, 0x03, 0x6D, 0xE1, 0xDF, 0xD3, 0x41, 0x72, 0xE6, 0x29, 0x77,
    0x79, 0xCD, 0x89, 0xC0, 0xEA, 0x20, 0xAE, 0xFE, 0xCB, 0xE0, 0x5F, 0x76, 0x10, 0x44, 0x79, 0xBF,
    0x66, 0x37, 0xB9, 0x57, 0x3F, 0xC3, 0xAE, 0x2D, 0xA7, 0x07, 0xC3, 0xA9, 0xF2, 0x27, 0xD7, 0xD6,
    0x73, 0x8B, 0x11, 0x87, 0x0F, 0x45, 0xD7, 0x14, 0x34, 0x7D, 0x4E, 0x65, 0x42, 0x0F, 0x29, 0x7A,
    0x82, 0x11, 0xF9, 0x26, 0x92, 0xEF, 0xA5, 0x96, 0xD4, 0xF7, 0x10, 0xC6, 0xCB, 0x00, 0xFA, 0x0A,
    0xA5, 0xF1, 0x3B, 0xBE, 0x07, 0x45, 0x74, 0x88, 0x20, 0xC9, 0x9C, 0xAC, 0x93, 0x53, 0xB0, 0x4B,
    0xBD, 0x9C, 0x2E, 0x83, 0x9E, 0xA1, 0xB4, 0xD8, 0x86, 0x9F, 0x59, 0x97, 0x12, 0xC4, 0xBB, 0xC0,
    0x0E, 0x6C, 0xC3, 0xB8, 0xB5, 0x4C, 0xF1, 0xED, 0x65, 0x92, 0x7F, 0xBC, 0x81, 0xC9, 0x0D, 0x29,
    0xA1, 0x1E, 0xA7, 0x04, 0x76, 0x5E, 0xA8, 0x9C, 0x75, 0xEE, 0xE6, 0x93, 0x33, 0xFB, 0xA4, 0x33,
    0x3D, 0x1E, 0xE1, 0xE1, 0x41, 0x30, 0x03, 0xF5, 0x76, 0xD8, 0x07, 0x9D, 0x5E, 0xC7, 0x04, 0x25,
    0xD3, 0x9E, 0x96, 0xF7, 0x45, 0xA7, 0xEA, 0x9B, 0x1B, 0x27, 0x1B, 0xF8, 0x7A, 0x61, 0x1C, 0x35,
    0xD5, 0x3C, 0xF4, 0x99, 0x22, 0x50, 0x24, 0x20, 0x80, 0x69, 0x80, 0xFF, 0xE9, 0x72, 0x16, 0x51,
    0xB4, 0x81, 0x3E, 0x4E, 0x3B, 0x19, 0x70, 0x20, 0xF6, 0x26, 0x34, 0x81, 0x72, 0x12, 0x23, 0xA7,
    0xC4, 0xDC, 0xE2, 0x8E, 0x5D, 0x85, 0xFF, 0xBC, 0x50, 0xF4, 0x2A, 0xDB, 0xC3, 0x0E, 0xC6, 0x8E,
    0xDB, 0xE0, 0xEF, 0x9F, 0x8A, 0xE2, 0x2D, 0x95, 0xC4, 0x9B, 0x68, 0x1B, 0x36, 0xF0, 0x53, 0x03,
    0xE8, 0xF2, 0x24, 0xA7, 0xE8, 0x3B, 0x5C, 0xD8, 0x2B, 0x92, 0xDF, 0x71, 0x99, 0xB0, 0x47, 0xE5,
    0x22, 0xB9, 0xF7, 0x81, 0x7A, 0x88, 0xFE, 0xA1, 0x45, 0xB2, 0x34, 0x7B, 0x72, 0x1F, 0x94, 0xDF,
    0xFF, 0x00, 0xB5, 0x5A, 0x3D, 0x6C, 0x1C, 0xC7, 0x15, 0x7E, 0xBB, 0x4B, 0x6B, 0x63, 0x6F, 0xEC,
    0x61, 0xE1, 0x00, 0x86, 0xE5, 0x68, 0x5C, 0xA8, 0x70, 0xFC, 0xC3, 0x4D, 0xE1, 0x42, 0x48, 0x28,
    0xEE, 0x1A, 0x2E, 0x55, 0x58, 0x85, 0x03, 0x97, 0x56, 0x9D, 0x22, 0x72, 0xA1, 0xC2, 0x85, 0xAD,
    0x5D, 0x59, 0x85, 0x0A, 0x01, 0x11, 0xBB, 0x14, 0x69, 0x84, 0xC0, 0x85, 0xA3, 0x18, 0x10, 0x0B,
    0x02, 0x61, 0x21, 0x6A, 0x87, 0x56, 0x91, 0x82, 0x70, 0xB4, 0x09, 0x60, 0xB8, 0x48, 0x1C, 0x2F,
    0x10, 0x24, 0x10, 0x20, 0x3B, 0x1E, 0x07, 0x2B, 0x6B, 0x79, 0xDC, 0xDB, 0xC9, 0xF7, 0x66, 0xF6,
    0xC8, 0xA3, 0x69, 0x59, 0x77, 0x3C, 0xE6, 0x6E, 0xDE, 0x90, 0xDC, 0xDB, 0x9D, 0xF7, 0xBD, 0x37,
    0xEF, 0x77, 0x8E, 0x94, 0x74, 0x44, 0x89, 0x21, 0x7A, 0xFA, 0xF7, 0x64, 0x5F, 0xA1, 0x26, 0x12,
    0x35, 0x91, 0x6C, 0x89, 0x5E, 0x02, 0x2D, 0x0E, 0x89, 0xCE, 0xE1, 0x1E, 0x5D, 0x80, 0x32, 0xF2,
    0xFF, 0x95, 0xA5, 0x81, 0x31, 0x79, 0xF0, 0x49, 0xA6, 0xA2, 0x54, 0x2A, 0x41, 0xA2, 0x3A, 0x9B,
    0xC7, 0x8D, 0xA9, 0x8A, 0x21, 0x5D, 0xBB, 0x4A, 0x9E, 0xD1, 0x96, 0x46, 0x2F, 0xCF, 0xFC, 0x87,
    0xC2, 0x41, 0x47, 0x42, 0x75, 0x14, 0xE7, 0x1D, 0x25, 0xAF, 0x80, 0x7C, 0x50, 0x70, 0x93, 0x92,
    0x10, 0x74, 0x6A, 0x9D, 0xE2, 0x2F, 0x0B, 0x25, 0x9A, 0x4C, 0x79, 0xE9, 0x9C, 0x7B, 0xE8, 0xAD,
    0x90, 0xE8, 0xA4, 0x04, 0x2E, 0xF0, 0x16, 0xCD, 0xCC, 0xB8, 0xBC, 0xFC, 0x38, 0xF9, 0xEA, 0x04,
    0x79, 0x03, 0xAC, 0x61, 0x2A, 0xA2, 0x38, 0x3D, 0x18, 0xB6, 0x59, 0x74, 0x43, 0x61, 0x0E, 0xC6,
    0xE0, 0x7A, 0x12, 0x94, 0x01, 0x44, 0x92, 0x1F, 0x4C, 0x47, 0xD0, 0x0B, 0xBD, 0x03, 0x62, 0xBD,
    0x18, 0x45, 0x54, 0xF4, 0xAB, 0xAC, 0x10, 0x05, 0xC0, 0x26, 0x80, 0x71, 0xA9, 0xBF, 0x54, 0xD4,
    0x14, 0x76, 0x1D, 0xC9, 0x32, 0x4E, 0x93, 0x3C, 0x49, 0x33, 0x4A, 0xEC, 0xDD, 0xD8, 0x6D, 0xEA,
    0x7A, 0x32, 0x3D, 0x65, 0x69, 0x44, 0x89, 0x8A, 0x49, 0x9A, 0x96, 0x02, 0xD6, 0xD1, 0x8F, 0x70,
    0x31, 0xC8, 0x81, 0x09, 0x90, 0x18, 0xF3, 0x19, 0x87, 0x54, 0x45, 0x03, 0x2D, 0x37, 0xEA, 0xE4,
    0x62, 0x9D, 0xA4, 0xCB, 0x09, 0xA4, 0xC0, 0x48, 0xF1, 0xE4, 0x8A, 0x34, 0x3A, 0x34, 0x39, 0xBD,
    0xEE, 0x38, 0x47, 0x2C, 0x6C, 0x09, 0x04, 0xB0, 0x86, 0x8A, 0xD1, 0xCE, 0xCD, 0x8E, 0xE6, 0x25,
    0x5C, 0x67, 0x91, 0x83, 0xBF, 0x56, 0x81, 0x85, 0x33, 0x11, 0x9A, 0xC7, 0xB0, 0xD7, 0xB1, 0x72,
    0x24, 0xF2, 0xC3, 0xD1, 0xCB, 0x9C, 0x45, 0x52, 0xD8, 0x99, 0xA6, 0xD1, 0x8B, 0x57, 0x2D, 0x62,
    0x79, 0xEC, 0x52, 0x52, 0x1E, 0x1A, 0x9A, 0x23, 0x74, 0x26, 0xF8, 0xA8, 0xF2, 0xC0, 0x03, 0x4F,
    0x2D, 0x4E, 0xB5, 0x4B, 0x6F, 0x0B, 0x5C, 0x5F, 0x77, 0x36, 0x1D, 0x94, 0xF6, 0x52, 0x6C, 0xB6,
    0x40, 0xA6, 0x0C, 0x1A, 0x51, 0x07, 0x4D, 0xD0, 0x06, 0xB5, 0x37, 0x84, 0x59, 0x75, 0x20, 0x63,
    0x7F, 0x6A, 0xEA, 0x42, 0xED, 0x0D, 0x43, 0xED, 0xB7, 0xA1, 0x0E, 0xEB, 0x50, 0xCB, 0x2A, 0xDE,
    0x36, 0x69, 0x66, 0x6A, 0x7E, 0xFC, 0x45, 0xC0, 0xCA, 0xC8, 0x2B, 0x98, 0xE1, 0x02, 0x08, 0x78,
    0x96, 0x7E, 0xEA, 0x99, 0x8E, 0x22, 0xD8, 0xB7, 0x84, 0x7D, 0x27, 0x23, 0xFB, 0x0E, 0x46, 0xF6,
    0xBD, 0xBE, 0xCF, 0xCF, 0xF6, 0x60, 0xA8, 0x77, 0x31, 0xBC, 0xD0, 0x2D, 0x9B, 0xCC, 0x54, 0xDD,
    0xD1, 0xAD, 0xF4, 0xFB, 0x30, 0x40, 0x16, 0xE8, 0xCA, 0x83, 0x36, 0x1E, 0xC9, 0x52, 0x2C, 0x54,
    0xF1, 0x3E, 0x4D, 0x8B, 0x81, 0x4C, 0xE3, 0xE8, 0xDA, 0xFB, 0xBD, 0x5E, 0x8C, 0xA5, 0xA0, 0x16,
    0x69, 0x50, 0x47, 0x20, 0x8F, 0xA0, 0x0B, 0xF8, 0xED, 0xFB, 0x14, 0x62, 0x37, 0xC2, 0x7B, 0xAF,
    0xDB, 0xF0, 0xC0, 0x14, 0xE9, 0x28, 0x8D, 0xB4, 0x48, 0xE3, 0x41, 0x41, 0x19, 0x9E, 0xF1, 0xAE,
    0x2D, 0x07, 0x46, 0xDB, 0xFD, 0x72, 0xDB, 0x53, 0x46, 0xDB, 0x5A, 0xDE, 0xAA, 0x93, 0x57, 0x75,
    0x12, 0x55, 0x89, 0x49, 0x93, 0xCA, 0x6D, 0xCF, 0xD5, 0x7E, 0x7B, 0x9E, 0x74, 0xF7, 0xA9, 0x17,
    0x89, 0x6A, 0x38, 0x0F, 0x8B, 0x95, 0x54, 0x33, 0xC3, 0xF0, 0xE9, 0xD9, 0x20, 0x5F, 0x09, 0xB6,
    0x61, 0x2B, 0x8A, 0x7E, 0x35, 0x31, 0x92, 0x3D, 0x0E, 0x94, 0xCE, 0x8C, 0x82, 0x9D, 0x07, 0xD6,
    0x51, 0xA4, 0x3C, 0x4F, 0xAC, 0x8F, 0x99, 0x38, 0xD2, 0xBB, 0x60, 0xA2, 0x9D, 0x89, 0x87, 0x70,
    0xA7, 0xA0, 0xA1, 0x09, 0x59, 0x2B, 0x7A, 0xD3, 0x06, 0xEC, 0x1B, 0x00, 0x5C, 0xC2, 0xFB, 0x46,
    0x8F, 0xED, 0x71, 0xE3, 0xD9, 0x75, 0x82, 0x70, 0x86, 0xA0, 0xC6, 0xD1, 0xBC, 0xB0, 0x61, 0x6E,
    0x72, 0x1B, 0xB1, 0x81, 0x56, 0xB2, 0x85, 0x03, 0x8D, 0x06, 0x2A, 0x36, 0xDD, 0xA2, 0x81, 0x98,
    0x45, 0x2A, 0x4A, 0xA1, 0x92, 0x5C, 0xA8, 0x0C, 0x91, 0x66, 0x6F, 0x40, 0x31, 0xCA, 0x50, 0x01,
    0x92, 0xF8, 0x2C, 0x56, 0x08, 0x28, 0x4A, 0x0C, 0x4C, 0xEE, 0x1B, 0x64, 0xA9, 0x47, 0x70, 0xC3,
    0x13, 0x36, 0x39, 0x15, 0xA5, 0xF7, 0xB5, 0xF6, 0xF3, 0x97, 0x5D, 0x82, 0x42, 0x7E, 0x42, 0x7A,
    0x42, 0x76, 0x82, 0xE3, 0x20, 0x37, 0x25, 0xC1, 0x3A, 0xBC, 0x26, 0x79, 0x6D, 0x3D, 0x1E, 0xAE,
    0x47, 0x0D, 0x52, 0x61, 0x1B, 0x7B, 0x4D, 0x12, 0xE8, 0xE4, 0xBA, 0x8A, 0xB6, 0x1C, 0xB2, 0xF2,
    0x87, 0xCE, 0x7A, 0x81, 0xC6, 0x5A, 0xAF, 0x47, 0x33, 0x23, 0xF3, 0xD2, 0xE3, 0xBE, 0x3A, 0xC7,
    0x69, 0xDC, 0x94, 0x2E, 0x89, 0x4F, 0x8D, 0xEC, 0x08, 0x9E, 0x92, 0xA5, 0xA3, 0x68, 0x14, 0x80,
    0x67, 0xD4, 0xD7, 0x9C, 0x8B, 0xAE, 0x39, 0xCF, 0xA3, 0x84, 0x3E, 0xBD, 0xBE, 0x66, 0x45, 0x61,
    0x8D, 0x10, 0x12, 0x25, 0xCA, 0xFD, 0xEC, 0x5F, 0x28, 0xA5, 0x8E, 0xD9, 0x8A, 0x00, 0xE0, 0xE2,
    0x03, 0x83, 0xC3, 0x56, 0x72, 0x5C, 0xC5, 0x67, 0x24, 0x18, 0xD1, 0x42, 0xA8, 0x7A, 0x8E, 0x46,
    0x98, 0xDC, 0x4E, 0x41, 0xED, 0x23, 0x29, 0xED, 0x4E, 0x1A, 0x77, 0x87, 0x5B, 0x6F, 0x60, 0x32,
    0x88, 0xA3, 0xE1, 0xBD, 0x37, 0x30, 0x69, 0xB8, 0x5E, 0xB4, 0x77, 0x8A, 0xB7, 0x8E, 0x76, 0x94,
    0x75, 0xB0, 0x70, 0x0B, 0x4E, 0x3B, 0x2E, 0x02, 0x22, 0x9F, 0x8C, 0x52, 0x9A, 0x87, 0xD5, 0x08,
    0xFC, 0x7D, 0x84, 0x39, 0xEF, 0x21, 0x88, 0xD9, 0x16, 0x95, 0xD7, 0xDE, 0xD5, 0xDE, 0xE0, 0x4F,
    0xDA, 0xDB, 0xDE, 0xAC, 0xBC, 0xED, 0xCB, 0x20, 0x51, 0xF9, 0x46, 0x94, 0x7E, 0x07, 0x6A, 0x45,
    0xEB, 0xB7, 0x11, 0xDF, 0x9D, 0x7E, 0x0B, 0xE6, 0xD1, 0xAD, 0x37, 0x86, 0x48, 0x17, 0xC6, 0xA8,
    0xB0, 0x66, 0x98, 0x16, 0xAB, 0x85, 0x69, 0xA7, 0x87, 0xC2, 0xE4, 0xBA, 0xEB, 0x2C, 0xE8, 0xCD,
    0x4F, 0xF0, 0x3B, 0xF4, 0x21, 0x38, 0x36, 0xDE, 0x6A, 0x49, 0x6C, 0x22, 0xC3, 0xFC, 0xB9, 0x20,
    0xF9, 0x61, 0x46, 0xF2, 0xC6, 0x4D, 0x92, 0x6B, 0xA0, 0x15, 0x54, 0x75, 0x7A, 0x48, 0x71, 0x05,
    0x52, 0x06, 0xDB, 0x56, 0x28, 0xB6, 0x19, 0x48, 0x26, 0xFF, 0x9D, 0x63, 0xC1, 0x67, 0xDF, 0x75,
    0x8A, 0xE4, 0x81, 0x34, 0xB7, 0x3B, 0x34, 0x07, 0x8B, 0x9D, 0x11, 0xD9, 0x11, 0x0F, 0x10, 0x31,
    0x28, 0x7E, 0x8F, 0xE7, 0xDF, 0xB5, 0xA3, 0x6D, 0xC7, 0xF5, 0xBD, 0x0F, 0xBA, 0xC1, 0x0F, 0x0E,
    0x08, 0x59, 0x8E, 0x4E, 0xF7, 0xEB, 0x3F, 0x7D, 0x6D, 0x6A, 0x5E, 0xCF, 0x7F, 0x90, 0x74, 0x5C,
    0x88, 0x33, 0x9B, 0x98, 0xF3, 0x31, 0xBF, 0x35, 0xBF, 0x91, 0x7B, 0x07, 0x58, 0xFC, 0x34, 0x3E,
    0x3A, 0x11, 0xE4, 0x0B, 0x28, 0x79, 0x0D, 0x59, 0x75, 0x4F, 0xC7, 0xE0, 0xCC, 0x91, 0x73, 0x22,
    0x59, 0x8F, 0xDB, 0xB0, 0x7A, 0x30, 0x8B, 0xA9, 0x16, 0xF4, 0x4B, 0xAE, 0xAD, 0x50, 0x27, 0x43,
    0x29, 0xC2, 0xE6, 0x4D, 0x8F, 0xE0, 0x56, 0x95, 0xB0, 0x25, 0x4E, 0xA1, 0x8A, 0x52, 0xF0, 0x5B,
    0xB9, 0xB7, 0x54, 0xF2, 0x8E, 0x68, 0x82, 0x32, 0xCA, 0x05, 0xC9, 0xC6, 0xDE, 0x7F, 0x95, 0x53,
    0x04, 0x86, 0xA7, 0xA7, 0x16, 0x66, 0x6C, 0xFD, 0x72, 0x7C, 0x7D, 0x0F, 0x26, 0x28, 0xD9, 0x04,
    0xE5, 0x7E, 0x4F, 0xD9, 0x75, 0x97, 0x7E, 0x6A, 0xC6, 0xA6, 0x31, 0x13, 0x1C, 0x60, 0xCA, 0xB8,
    0x0A, 0x73, 0x59, 0x84, 0x22, 0xC6, 0xCA, 0xA6, 0xE7, 0x52, 0xE9, 0x73, 0x2C, 0xE7, 0x1C, 0x24,
    0x4D, 0x52, 0x51, 0x21, 0x84, 0x94, 0xA3, 0x70, 0x04, 0x4C, 0x1B, 0x08, 0x1D, 0x7F, 0x31, 0x4A,
    0x94, 0xE8, 0x4A, 0x4A, 0x04, 0x0E, 0x15, 0xE7, 0xE3, 0x24, 0x11, 0x72, 0xE4, 0x17, 0x78, 0xAE,
    0x49, 0x10, 0x64, 0x13, 0xD7, 0xA5, 0x44, 0x37, 0x5C, 0x37, 0xD1, 0xBB, 0xBA, 0x66, 0xC7, 0x84,
    0xF3, 0x9F, 0xB4, 0x61, 0x93, 0x33, 0x92, 0xE9, 0xD5, 0xF4, 0x50, 0xD5, 0x60, 0x15, 0xD7, 0x47,
    0xC0, 0xD2, 0x39, 0x9F, 0xAC, 0x92, 0xCF, 0xFE, 0x46, 0xE2, 0xB5, 0xF4, 0x19, 0x9F, 0x57, 0x83,
    0xD5, 0x44, 0x30, 0xB1, 0x9B, 0x36, 0xD4, 0x61, 0x0C, 0xC7, 0x46, 0x6B, 0x47, 0xC3, 0x00, 0x7E,
    0x56, 0x71, 0x74, 0x5B, 0xE0, 0x2D, 0x89, 0x3A, 0x10, 0xAA, 0xC2, 0xA0, 0x74, 0x09, 0xF7, 0x24,
    0x38, 0x83, 0xE3, 0x7D, 0x45, 0xE1, 0x36, 0xEA, 0xE9, 0xAF, 0x3B, 0x70, 0x2F, 0xC0, 0x3B, 0x41,
    0xA2, 0x4D, 0x54, 0xA4, 0x63, 0x15, 0x6F, 0x89, 0x2E, 0x33, 0xCC, 0x06, 0x16, 0xCB, 0x32, 0xF1,
    0x56, 0xB3, 0xCD, 0x05, 0xF8, 0x3D, 0xDA, 0x51, 0xD5, 0x8E, 0x6F, 0x8B, 0x3D, 0xD4, 0x90, 0xDC,
    0x68, 0x49, 0xE6, 0xA0, 0x8B, 0x1A, 0xF5, 0x77, 0x0A, 0x02, 0x8E, 0xEB, 0x39, 0xC5, 0x57, 0x20,
    0xDA, 0x29, 0xEC, 0xFF, 0xAB, 0xDB, 0x14, 0xBF, 0xC2, 0x16, 0x30, 0x4F, 0xB4, 0x46, 0x16, 0x3B,
    0x0B, 0x6C, 0x6B, 0xF2, 0xDD, 0x86, 0x98, 0x0A, 0xAC, 0x61, 0x14, 0x54, 0xA9, 0x6E, 0x90, 0xF8,
    0x08, 0x9A, 0x41, 0x32, 0x17, 0xBC, 0xDE, 0xE7, 0x8A, 0xE4, 0x95, 0x92, 0xE4, 0x25, 0xAC, 0x7F,
    0x11, 0x31, 0xE3, 0x02, 0xC7, 0x9A, 0x27, 0x6D, 0x3A, 0xE6, 0x46, 0xC3, 0xEB, 0x76, 0x8A, 0x74,
    0xC8, 0x0F, 0xBE, 0xF8, 0x98, 0x6D, 0x61, 0x87, 0xFA, 0xE2, 0x62, 0x9C, 0x22, 0xED, 0x43, 0xFE,
    0x28, 0x77, 0xC5, 0x86, 0x71, 0xE5, 0x50, 0xC5, 0xF5, 0xF2, 0x49, 0xA0, 0x34, 0xEA, 0xAC, 0x12,
    0x6A, 0xCC, 0x0F, 0xDC, 0x3B, 0x8F, 0xF9, 0x7D, 0x47, 0xD4, 0x6C, 0xB3, 0x33, 0xF0, 0xE1, 0xD7,
    0x42, 0x6F, 0x9C, 0x9C, 0x79, 0x8E, 0xF5, 0xBA, 0x98, 0x77, 0x5A, 0x7E, 0x18, 0x6F, 0xF8, 0xA3,
    0x8A, 0x54, 0x08, 0xAF, 0xE4, 0x53, 0x01, 0x61, 0xB3, 0x5B, 0x6C, 0xAE, 0x80, 0x4E, 0x61, 0xBF,
    0x05, 0xB0, 0x3C, 0x33, 0x1D, 0x9E, 0x28, 0x35, 0xB7, 0xD5, 0xD9, 0x4D, 0x25, 0x6E, 0x29, 0xB1,
    0x49, 0xE2, 0x63, 0xDE, 0x59, 0x0C, 0x39, 0x3E, 0x72, 0xB6, 0x52, 0x1E, 0x77, 0xB8, 0x29, 0xF2,
    0xD2, 0xEF, 0xD0, 0xF4, 0x1C, 0x38, 0x26, 0x69, 0xA8, 0x93, 0x3C, 0xB4, 0x3F, 0xBF, 0x57, 0x03,
    0x30, 0xA6, 0xB3, 0xAA, 0x67, 0xC4, 0x63, 0x83, 0xC4, 0xE7, 0x4A, 0x7E, 0xA5, 0xB0, 0xD9, 0x93,
    0x73, 0x7C, 0x96, 0x82, 0x6F, 0x60, 0xDB, 0xA8, 0x79, 0x22, 0x3E, 0xAC, 0xD1, 0x8E, 0x8E, 0x7E,
    0x27, 0xC7, 0xAC, 0x8C, 0xCB, 0xC8, 0x45, 0x9F, 0xCF, 0xC4, 0x30, 0x6E, 0x0A, 0xF5, 0xD5, 0xAE,
    0x9E, 0xBF, 0xE0, 0x38, 0xE4, 0x36, 0xC2, 0xB6, 0xAE, 0x1E, 0x9B, 0x68, 0x58, 0x8E, 0xB2, 0x48,
    0x8B, 0xBE, 0x29, 0xEE, 0x30, 0x61, 0xAC, 0x52, 0x50, 0xE4, 0x2B, 0x14, 0x5C, 0x57, 0x2B, 0x14,
    0x5E, 0x29, 0x31, 0x5D, 0x66, 0xFF, 0xBA, 0x58, 0x63, 0x7A, 0xAF, 0x85, 0x57, 0xA7, 0x43, 0x9E,
    0x0A, 0x9E, 0x92, 0x7E, 0x8A, 0x2B, 0xA9, 0x29, 0xD3, 0x1C, 0x33, 0x6C, 0xB5, 0x47, 0x95, 0xDB,
    0x1D, 0x8E, 0x53, 0xD2, 0x05, 0x28, 0xEB, 0x00, 0xEF, 0xC1, 0x01, 0x36, 0xE1, 0xFD, 0xB7, 0x0B,
    0x12, 0x9F, 0xA1, 0xCE, 0x41, 0xB2, 0x14, 0x6B, 0xF8, 0x7D, 0x15, 0xC9, 0x52, 0x83, 0x2A, 0x6E,
    0x86, 0x0D, 0x14, 0xE4, 0x12, 0xE5, 0xA1, 0xE3, 0xB2, 0x01, 0xCD, 0x06, 0x7A, 0x76, 0x7F, 0xEB,
    0xFF, 0x14, 0xD1, 0xD8, 0x6B, 0x5A, 0x84, 0xF6, 0xC0, 0x25, 0xEB, 0xCD, 0x9C, 0x4D, 0xFE, 0xC4,
    0xC8, 0xCC, 0xF9, 0xB5, 0xC8, 0xC1, 0x45, 0x16, 0x2E, 0xCC, 0x11, 0xF9, 0xFA, 0xFF, 0xA4, 0x6F,
    0x3E, 0xE6, 0xF2, 0x34, 0x2C, 0xA6, 0xA8, 0x5C, 0x15, 0x28, 0x0E, 0x26, 0x8D, 0x2D, 0x26, 0x63,
    0x9B, 0x56, 0xAC, 0x66, 0x54, 0xDF, 0x66, 0x58, 0xC9, 0xE8, 0x78, 0xF1, 0x2A, 0xA4, 0x30, 0xB7,
    0x61, 0x89, 0xF2, 0xD7, 0x10, 0x4A, 0x7E, 0x88, 0xA8, 0xCD, 0xB5, 0x0E, 0x49, 0x3E, 0x0A, 0x8B,
    0x57, 0x86, 0x64, 0xCB, 0x1D, 0x8A, 0x4B, 0x9E, 0x14, 0x5B, 0xB3, 0xE2, 0x98, 0xCA, 0x5D, 0xDC,
    0x3E, 0x89, 0x57, 0x59, 0xE2, 0xD5, 0x1D, 0x89, 0x57, 0xA6, 0x90, 0x58, 0xEC, 0x64, 0x3F, 0xDB,
    0x09, 0x9C, 0x67, 0x70, 0x2F, 0x8F, 0x04, 0x36, 0x9B, 0x1D, 0xC4, 0x15, 0x7F, 0xCF, 0xC4, 0x87,
    0xE7, 0xC5, 0xDA, 0x4D, 0x88, 0x0A, 0x49, 0x65, 0x35, 0x94, 0x65, 0x2B, 0xD5, 0xBE, 0x74, 0x52,
    0xB0, 0x44, 0xA0, 0x5F, 0xBE, 0x3F, 0x56, 0x8A, 0x9B, 0x54, 0xA2, 0x56, 0x43, 0x1E, 0xAD, 0x32,
    0x78, 0x37, 0xE7, 0x12, 0x43, 0x61, 0xCD, 0x79, 0xA5, 0xB3, 0xBF, 0x33, 0xF1, 0x67, 0xC8, 0xB3,
    0x7C, 0xD7, 0x80, 0x85, 0xAA, 0xED, 0x89, 0xCC, 0xA8, 0xDF, 0xD7, 0x63, 0x4D, 0x66, 0x03, 0xB6,
    0x49, 0x3E, 0x4C, 0xD2, 0x6E, 0x34, 0x86, 0xC9, 0x85, 0x56, 0x7E, 0x5A, 0xB3, 0x5B, 0xF7, 0xBD,
    0x5C, 0xF9, 0xF8, 0x58, 0xC7, 0xA4, 0xC7, 0x3A, 0xA6, 0x83, 0x43, 0xE1, 0x9E, 0x5F, 0xAD, 0xF8,
    0xDB, 0x9A, 0x23, 0xD1, 0xC2, 0x54, 0x68, 0x82, 0x0D, 0xE4, 0xA5, 0xCD, 0x92, 0x12, 0x98, 0xC2,
    0xDB, 0xEF, 0x1E, 0x8A, 0x62, 0xE8, 0x89, 0xC7, 0xB0, 0x5B, 0x70, 0x92, 0xF3, 0x70, 0x96, 0x1A,
    0xD7, 0x94, 0x1A, 0x69, 0x88, 0x00, 0x8A, 0x78, 0x6B, 0x00, 0x0B, 0xAD, 0x4A, 0x37, 0x46, 0xF8,
    0xFB, 0x02, 0xD2, 0xEE, 0xA7, 0xB5, 0x0D, 0x81, 0x23, 0x78, 0x8C, 0xC6, 0x98, 0x8E, 0xF1, 0x18,
    0xEE, 0x89, 0x62, 0x25, 0x89, 0x0B, 0x1F, 0x41, 0x8C, 0x8A, 0x4F, 0xE7, 0x78, 0xC6, 0xE7, 0x83,
    0xAB, 0x3C, 0x03, 0x01, 0xD0, 0xDD, 0x3B, 0xCD, 0x33, 0x9F, 0x02, 0x5B, 0xF3, 0x01, 0x46, 0x25,
    0x88, 0x51, 0x4A, 0x02, 0xCE, 0x6B, 0x8C, 0x94, 0xD7, 0xB4, 0x58, 0xDD, 0xCB, 0x37, 0x48, 0xC3,
    0x62, 0xFB, 0xEE, 0x57, 0x65, 0xBC, 0x61, 0xD0, 0x88, 0xE7, 0x1D, 0xA6, 0xB4, 0x83, 0xFC, 0xA9,
    0x61, 0x70, 0x66, 0xD9, 0xA2, 0x04, 0x44, 0xE3, 0x29, 0xF9, 0x29, 0x77, 0x14, 0xE6, 0x14, 0x02,
    0xF1, 0xEB, 0xB6, 0x2C, 0x3E, 0x87, 0x05, 0xB0, 0x99, 0x11, 0x9F, 0x19, 0xA7, 0xE3, 0xE7, 0x6B,
    0x79, 0xD0, 0xC4, 0x5C, 0xB9, 0x54, 0x8E, 0x62, 0x15, 0xD4, 0x45, 0x1A, 0xDC, 0x47, 0xFD, 0x74,
    0x9F, 0xEB, 0xBE, 0x21, 0x08, 0x4A, 0xD5, 0x19, 0xE7, 0x19, 0x54, 0x2E, 0xF1, 0x30, 0x33, 0xC2,
    0x55, 0x2E, 0x08, 0x54, 0xC8, 0x19, 0x89, 0x35, 0x61, 0xAB, 0xBD, 0xE2, 0xA2, 0x36, 0xB7, 0x1B,
    0xF1, 0x8F, 0x5A, 0x7C, 0x31, 0x2F, 0x56, 0xB9, 0xD6, 0x92, 0xD5, 0xDE, 0x8C, 0x36, 0x2B, 0xCB,
    0x7D, 0xC5, 0xD2, 0xEE, 0x0E, 0x3C, 0x8C, 0x37, 0xD9, 0xF3, 0x91, 0xD8, 0x25, 0xBF, 0xD4, 0x9D,
    0x6D, 0xB8, 0x57, 0xF5, 0x22, 0xCC, 0x00, 0x32, 0xC4, 0xD5, 0xCE, 0x49, 0xE8, 0xAC, 0x40, 0x7F,
    0x40, 0xB9, 0xB8, 0xA4, 0x10, 0x5A, 0x38, 0xAF, 0xAD, 0x4E, 0x86, 0xCF, 0x2B, 0x39, 0x7D, 0xC7,
    0xA5, 0xAD, 0xD4, 0x60, 0x88, 0x55, 0x34, 0x68, 0x65, 0x7E, 0x23, 0x4E, 0xD1, 0x60, 0x9E, 0xE1,
    0xFE, 0xC1, 0xA4, 0xEC, 0xC8, 0x19, 0xEA, 0xD5, 0x76, 0x8E, 0x86, 0x09, 0xB5, 0x19, 0x7A, 0xCF,
    0xDF, 0x6A, 0xE1, 0x4E, 0x51, 0xF7, 0xED, 0x46, 0x60, 0x72, 0xF1, 0x9B, 0x8A, 0x9B, 0xE7, 0x0B,
    0x69, 0x3C, 0xC4, 0xE3, 0xCA, 0x37, 0x15, 0xB4, 0xB7, 0x14, 0x54, 0x59, 0xA4, 0xD0, 0x47, 0x78,
    0xA7, 0xAD, 0xAC, 0xC8, 0x87, 0x59, 0x0E, 0x76, 0x81, 0xD2, 0x1E, 0xBA, 0xDC, 0x69, 0xF9, 0x9E,
    0xE0, 0xF2, 0x12, 0x92, 0x46, 0x97, 0xD4, 0xE3, 0x96, 0xF1, 0x84, 0x7C, 0x27, 0x67, 0x84, 0x3E,
    0x85, 0xCD, 0xF7, 0x26, 0x6F, 0xA0, 0x77, 0x3D, 0xF5, 0x3B, 0x1A, 0x9D, 0xAD, 0x3E, 0x8C, 0x51,
    0x45, 0x5E, 0xCB, 0x29, 0xD1, 0x5F, 0xA7, 0x70, 0x74, 0xD2, 0x16, 0xA8, 0x55, 0x6F, 0xBB, 0x42,
    0xED, 0xCB, 0xBA, 0x9A, 0x9B, 0x5A, 0xCF, 0x8F, 0x92, 0xDA, 0xDD, 0xD9, 0x73, 0x93, 0xEA, 0x19,
    0xB6, 0xA4, 0x13, 0xD0, 0xA2, 0x28, 0x2D, 0x1D, 0x17, 0xEA, 0x0C, 0xEF, 0xFB, 0x1E, 0x8A, 0xF7,
    0x92, 0x57, 0xDC, 0xC1, 0xDA, 0xAD, 0xAB, 0xBA, 0x39, 0xBB, 0x04, 0xB0, 0xCF, 0x17, 0x38, 0x56,
    0xEC, 0x1C, 0xA9, 0xE0, 0x0A, 0x46, 0x54, 0x72, 0xBB, 0x87, 0x81, 0xAE, 0x52, 0xA8, 0x7D, 0xC3,
    0x28, 0xAE, 0xD5, 0xBE, 0x4B, 0x15, 0xC8, 0x3C, 0x3F, 0x86, 0xE9, 0xE3, 0xBA, 0xD4, 0x7D, 0x76,
    0xA5, 0xD9, 0xA0, 0xA2, 0xBE, 0x00, 0x4B, 0xAC, 0x14, 0xA8, 0xE0, 0x2E, 0x05, 0x5F, 0x4E, 0x86,
    0xED, 0xFB, 0xF5, 0x13, 0x21, 0xA8, 0x32, 0x3D, 0x90, 0xE9, 0x03, 0xF4, 0x50, 0x18, 0x1E, 0xFB,
    0x79, 0xD9, 0x22, 0x3E, 0xF9, 0x1B, 0x22, 0x2F, 0x76, 0xF0, 0x15, 0xA7, 0x0B, 0xD3, 0xC4, 0xC3,
    0x02, 0x14, 0xDB, 0xFE, 0x8C, 0x49, 0x58, 0x4A, 0x14, 0xF7, 0xAF, 0x12, 0x94, 0x80, 0x7E, 0x0E,
    0xFA, 0x23, 0xE8, 0x6E, 0x99, 0xDC, 0xDA, 0x2C, 0xA5, 0xB9, 0xDC, 0x44, 0x9D, 0x68, 0x79, 0x49,
    0xAF, 0x41, 0x65, 0x0C, 0xA3, 0x09, 0x64, 0xB5, 0xA3, 0xDB, 0x4C, 0xDD, 0xB4, 0x87, 0x64, 0xFC,
    0x5D, 0x9A, 0xF8, 0x08, 0x74, 0x0B, 0x05, 0x0E, 0xD3, 0xE6, 0x79, 0x92, 0xB7, 0xCF, 0x53, 0xFC,
    0xF1, 0x3A, 0xC9, 0xB6, 0x50, 0xA2, 0xEE, 0xCF, 0xF9, 0xB3, 0xA1, 0xA3, 0xE7, 0x3F, 0x38, 0x1C,
    0x4C, 0xD7, 0x96, 0x1D, 0xA6, 0xB1, 0xEF, 0x40, 0xA7, 0xC6, 0x64, 0xBF, 0xCE, 0x83, 0x01, 0xAE,
    0xF1, 0x57, 0x28, 0x6C, 0x28, 0xF5, 0xA1, 0x60, 0x43, 0x31, 0x00, 0x13, 0x59, 0x21, 0x2E, 0x07,
    0x6C, 0x9B, 0xBB, 0x70, 0x40, 0x7C, 0xDC, 0x44, 0x30, 0xA6, 0xC5, 0x77, 0x1C, 0xF1, 0xEF, 0xB8,
    0x36, 0x2B, 0x3E, 0xEB, 0x63, 0xF7, 0x4B, 0xF2, 0xFE, 0x8B, 0x34, 0x8F, 0x4E, 0x7E, 0x74, 0xE0,
    0x7E, 0x20, 0xFD, 0x05, 0xE5, 0x32, 0x45, 0xFF, 0xD4, 0xB6, 0xA5, 0x5E, 0x5C, 0x3A, 0x14, 0xFD,
    0x3D, 0xA8, 0x7C, 0x99, 0x16, 0xDF, 0x6C, 0x38, 0x82, 0xFE, 0x7B, 0x18, 0xEE, 0x35, 0xB8, 0x4A,
    0x94, 0xE5, 0xC1, 0xEC, 0x4C, 0xF6, 0xED, 0xF8, 0xB7, 0xBF, 0x47, 0xEE, 0x8F, 0x8D, 0xAD, 0x68,
    0xB6, 0xD0, 0xA6, 0xC4, 0xBA, 0x6B, 0x6D, 0x93, 0xB7, 0xFD, 0x7E, 0x61, 0x88, 0x08, 0xDB, 0x14,
    0xAD, 0x2C, 0x63, 0x64, 0x68, 0xE4, 0x68, 0x60, 0x17, 0x3A, 0x44, 0x27, 0x8A, 0x5E, 0x14, 0xE9,
    0x34, 0xE2, 0xEE, 0xBC, 0x11, 0xCD, 0x31, 0x0A, 0x5A, 0xD9, 0xBE, 0x44, 0x7E, 0xBB, 0xD4, 0x82,
    0x53, 0xBB, 0x38, 0xE4, 0xAF, 0x4D, 0xCE, 0x75, 0x48, 0xCD, 0x9D, 0x2E, 0xB8, 0x46, 0xD3, 0x19,
    0x37, 0xB3, 0x65, 0x62, 0x1B, 0x96, 0x44, 0xED, 0x70, 0xE7, 0xE4, 0xED, 0x73, 0x90, 0x09, 0xB9,
    0xA7, 0x15, 0xAF, 0x41, 0x5C, 0x77, 0x50, 0x64, 0xCF, 0x4F, 0xD6, 0x62, 0x3E, 0x40, 0xE1, 0x43,
    0x72, 0xA4, 0x10, 0x4C, 0x21, 0x4F, 0x51, 0xCA, 0x13, 0x97, 0x90, 0x82, 0xE4, 0x06, 0x78, 0xCB,
    0x5B, 0xCD, 0x22, 0xE2, 0x4F, 0x57, 0x53, 0x34, 0xE4, 0xEF, 0x69, 0x4E, 0x8F, 0x0E, 0xC9, 0x7D,
    0x70, 0x8B, 0x20, 0x92, 0x84, 0xD7, 0x2F, 0xA2, 0x47, 0x9A, 0xF7, 0xD0, 0x00, 0x88, 0x61, 0xD1,
    0x46, 0x43, 0x51, 0xF9, 0x65, 0xA8, 0x11, 0x46, 0x1B, 0x81, 0xC8, 0x8D, 0x3E, 0xD9, 0x00, 0x71,
    0x52, 0xF7, 0x8A, 0xFE, 0x56, 0x38, 0x46, 0x24, 0xF4, 0xFA, 0xF0, 0x6B, 0xFF, 0xE6, 0x7B, 0xEA,
    0x35, 0x58, 0xC5, 0x53, 0x2E, 0xA4, 0x57, 0x4B, 0xB8, 0x94, 0xA1, 0x03, 0x8E, 0x41, 0xD0, 0x88,
    0x86, 0x3E, 0xF4, 0x22, 0xE8, 0x04, 0x7A, 0x7A, 0x78, 0x61, 0xDB, 0x7B, 0x61, 0x06, 0x0A, 0x53,
    0x7A, 0x04, 0x50, 0x24, 0x32, 0x83, 0x6C, 0xFA, 0x93, 0xBD, 0xA7, 0x1E, 0x05, 0x8F, 0x24, 0xB5,
    0xF4, 0xDC, 0x31, 0x27, 0xFB, 0x2C, 0x38, 0x7D, 0xE5, 0x16, 0x66, 0x3D, 0xAF, 0x39, 0x55, 0x20,
    0xFA, 0x5B, 0x7A, 0xC7, 0xEB, 0x68, 0x2D, 0x68, 0xE9, 0xAD, 0xA8, 0x37, 0x28, 0xBE, 0xC7, 0xB8,
    0x03, 0x02, 0xFE, 0xB6, 0x4C, 0xE8, 0xC7, 0x50, 0x23, 0xA1, 0x54, 0xCE, 0xA1, 0x7A, 0xDC, 0x6F,
    0x8B, 0xE4, 0xD0, 0xA6, 0x1D, 0x80, 0xBB, 0x41, 0xB4, 0xEC, 0x92, 0x18, 0xD2, 0x89, 0x5E, 0xFA,
    0x43, 0xB9, 0x18, 0xE5, 0xF3, 0x0B, 0xCC, 0xC4, 0xD3, 0xF3, 0xA1, 0x5A, 0x91, 0xBF, 0xE0, 0xEB,
    0x09, 0xFF, 0x67, 0x48, 0x4A, 0x3F, 0xE9, 0x5B, 0xE5, 0x8C, 0x76, 0xE2, 0xCF, 0x4C, 0x28, 0xE6,
    0xED, 0x41, 0x9B, 0x3B, 0x33, 0xA4, 0x89, 0x51, 0xD8, 0x7F, 0x6E, 0xE0, 0x48, 0x08, 0x2E, 0xA8,
    0x30, 0x46, 0xFF, 0x31, 0x31, 0x0B, 0x92, 0x47, 0x29, 0x8F, 0x2E, 0xA2, 0x46, 0x49, 0x19, 0xCC,
    0xDB, 0x93, 0x22, 0xF9, 0x1F, 0xB5, 0x58, 0x3F, 0x6C, 0xDD, 0xC6, 0x19, 0xFF, 0x48, 0x5A, 0x20,
    0x62, 0xB6, 0x3E, 0x0F, 0x2E, 0x50, 0xA4, 0x89, 0xD9, 0xC1, 0x83, 0x1A, 0xD8, 0xBE, 0x0C, 0x19,
    0x0C, 0xF4, 0x59, 0x47, 0xC3, 0x43, 0x07, 0x0F, 0xF1, 0x90, 0xCE, 0xF5, 0xD8, 0x4D, 0x19, 0x3C,
    0x18, 0xA8, 0x2D, 0x32, 0xD6, 0xE8, 0xC1, 0x5E, 0x8A, 0x0E, 0x5D, 0x34, 0x74, 0x28, 0xD2, 0xA2,
    0xF1, 0x20, 0xA0, 0x06, 0x62, 0x89, 0x67, 0x79, 0xE8, 0x20, 0x14, 0x62, 0x5A, 0x14, 0x99, 0xDA,
    0xD2, 0x0D, 0x8C, 0x04, 0x75, 0x5B, 0x5F, 0x5A, 0x06, 0xA1, 0x9F, 0xEE, 0xF1, 0xF2, 0xFB, 0xEE,
    0xDE, 0x93, 0xAA, 0xC0, 0x68, 0x6D, 0x4B, 0xA6, 0xEE, 0xFB, 0x4E, 0x4F, 0x22, 0xF9, 0xFD, 0xBE,
    0xFF, 0xDF, 0x3D, 0xA2, 0x70, 0x65, 0x0D, 0xD5, 0xBD, 0x68, 0xD3, 0xC1, 0xFD, 0xA0, 0xCD, 0xB5,
    0xDC, 0x68, 0x54, 0x25, 0x1E, 0xE9, 0x92, 0xB2, 0x81, 0x6A, 0xCA, 0x0C, 0x39, 0x4A, 0x3B, 0x1A,
    0x28, 0x35, 0x60, 0xFE, 0xA3, 0x67, 0xA2, 0xA5, 0x92, 0x44, 0x43, 0x4A, 0xAB, 0x8A, 0xC4, 0xD8,
    0x11, 0x25, 0xAE, 0xC3, 0xDB, 0xBE, 0x45, 0xB3, 0x2B, 0x31, 0xC4, 0x0F, 0x51, 0x6C, 0x22, 0xD7,
    0x98, 0x6C, 0x7B, 0xBB, 0xC9, 0xB5, 0x2B, 0x54, 0x35, 0x21, 0x55, 0x0C, 0xFF, 0x45, 0xF8, 0xFC,
    0x9E, 0xA5, 0xFC, 0xE3, 0x8E, 0x52, 0xD7, 0x10, 0x1D, 0x0B, 0x0F, 0xB7, 0xAE, 0x53, 0x9F, 0x76,
    0x75, 0x2B, 0x3F, 0xE9, 0xA4, 0xCE, 0x5A, 0x23, 0x2B, 0xF1, 0xA0, 0x05, 0x7B, 0xAC, 0xC1, 0xF0,
    0x48, 0x95, 0x43, 0x76, 0x21, 0x35, 0x98, 0x62, 0xF6, 0x13, 0x66, 0x1F, 0x32, 0x7B, 0x04, 0xB6,
    0xBC, 0xA5, 0x49, 0xBA, 0x9B, 0x0D, 0x94, 0x10, 0x3D, 0xD1, 0x45, 0xDA, 0xBD, 0x96, 0x98, 0xD5,
    0xCC, 0x24, 0x95, 0x7A, 0x5D, 0x50, 0xAD, 0xDD, 0x88, 0x84, 0x06, 0x7A, 0xB1, 0xE1, 0x0A, 0x12,
    0xF7, 0xD7, 0x89, 0x72, 0xCF, 0x36, 0x71, 0x6F, 0xBE, 0x05, 0x26, 0x7F, 0xBF, 0x86, 0xDF, 0x6C,
    0xAD, 0x49, 0x74, 0xA5, 0xA6, 0xA8, 0x38, 0x44, 0x7B, 0xAE, 0xB8, 0x19, 0x85, 0x5F, 0x06, 0x13,
    0x76, 0xD5, 0x84, 0x3D, 0x2F, 0x76, 0xEE, 0x91, 0xEE, 0x09, 0x09, 0xE7, 0x2A, 0xE9, 0x5C, 0x93,
    0x3B, 0xA7, 0x93, 0x5E, 0x74, 0x92, 0xEA, 0x22, 0xE9, 0x13, 0x7B, 0x16, 0xA6, 0x4D, 0xBA, 0x68,
    0x32, 0x9F, 0x58, 0xEC, 0xC1, 0xCE, 0xD8, 0x1D, 0xE5, 0x6D, 0xF8, 0x0C, 0x15, 0x13, 0xB6, 0xBF,
    0x63, 0x93, 0x46, 0x93, 0x68, 0xC2, 0x7B, 0x6C, 0x13, 0x1B, 0x57, 0xA9, 0x49, 0x3B, 0x61, 0x52,
    0xEC, 0x79, 0x2B, 0x1B, 0x51, 0xC9, 0x6D, 0x18, 0x19, 0x72, 0x4A, 0x28, 0x54, 0x3A, 0xE7, 0x01,
    0xBC, 0x42, 0x95, 0xF7, 0xF4, 0xB2, 0x66, 0x14, 0x89, 0x2B, 0x18, 0x04, 0xCB, 0x04, 0x06, 0xBA,
    0x42, 0x0C, 0x81, 0x6D, 0x0E, 0x04, 0xD2, 0x19, 0x16, 0xA8, 0xFC, 0xE6, 0x16, 0x7E, 0xD5, 0xF0,
    0xA7, 0x51, 0x56, 0xB1, 0xF4, 0xA3, 0xA7, 0xBD, 0x70, 0xBA, 0xE3, 0x65, 0x47, 0xED, 0x51, 0x16,
    0x9D, 0xEA, 0xDB, 0x2C, 0x39, 0xFF, 0xA1, 0x09, 0x82, 0x0D, 0xCB, 0xC5, 0xE6, 0x75, 0x8E, 0x58,
    0x7A, 0x54, 0xCD, 0x43, 0x24, 0x99, 0x8E, 0xA2, 0x9A, 0xEA, 0x16, 0xC6, 0x61, 0x75, 0xC0, 0x05,
    0xFE, 0xB9, 0xC0, 0x37, 0xB8, 0x21, 0x71, 0x93, 0x6C, 0x3C, 0xA4, 0x6E, 0xC8, 0xF5, 0x90, 0xFD,
    0xDD, 0xAA, 0x6A, 0xC8, 0x22, 0xA3, 0xCE, 0x0D, 0x73, 0xA9, 0x56, 0xC9, 0x80, 0x3B, 0x55, 0xB2,
    0x4E, 0xA3, 0x39, 0x95, 0xAE, 0x91, 0x39, 0xA2, 0x2E, 0xAC, 0x25, 0x0F, 0xCF, 0xCA, 0x7F, 0xD6,
    0x5B, 0xCE, 0x8A, 0xBE, 0xDC, 0x74, 0xD6, 0x3B, 0xE4, 0xA2, 0x74, 0x55, 0xEE, 0xA0, 0x61, 0x91,
    0xBB, 0x0A, 0xB0, 0x23, 0x6F, 0xCB, 0x78, 0x87, 0x1B, 0xE6, 0xE9, 0xD3, 0x38, 0xB4, 0xCF, 0x4C,
    0x7C, 0x9E, 0x79, 0xB6, 0xDC, 0x83, 0x8B, 0xF3, 0x3D, 0xC9, 0xB1, 0x4B, 0x7A, 0xB6, 0x20, 0xB8,
    0x37, 0x8E, 0xB7, 0xA0, 0xD7, 0x4B, 0x68, 0xEF, 0x63, 0xAF, 0xE2, 0xB7, 0x83, 0x77, 0x0B, 0x1F,
    0xF0, 0x40, 0x90, 0x75, 0x00, 0x90, 0x18, 0x7F, 0xFB, 0x8C, 0x49, 0x03, 0xE1, 0xB2, 0x63, 0x49,
    0x5F, 0x67, 0x2C, 0xD7, 0xB0, 0x58, 0xC3, 0x52, 0x0D, 0x0B, 0x35, 0x2C, 0x93, 0xE5, 0x24, 0x1C,
    0x44, 0x29, 0xCB, 0x7A, 0x8C, 0xD7, 0x47, 0x03, 0xCB, 0xB9, 0x03, 0x3A, 0x44, 0x0E, 0xE9, 0xB9,
    0xA8, 0x91, 0x84, 0x7A, 0xC9, 0x83, 0xF1, 0xB4, 0x01, 0x3B, 0xDD, 0x47, 0xC8, 0x68, 0xB5, 0x97,
    0x2A, 0x45, 0xB2, 0x2A, 0x03, 0x7D, 0x86, 0x9C, 0xED, 0x96, 0xE0, 0x97, 0xBB, 0x78, 0x0F, 0xE8,
    0x08, 0xE4, 0x48, 0xB8, 0x44, 0x14, 0x24, 0x6D, 0xE2, 0x14, 0x22, 0x03, 0xBE, 0x60, 0x0D, 0x1C,
    0xAD, 0x42, 0xF1, 0xA4, 0xAE, 0x6E, 0xF3, 0xF6, 0x81, 0xE6, 0x2D, 0xBD, 0xD9, 0xF8, 0xED, 0x86,
    0x61, 0xFD, 0xD2, 0xE5, 0xCE, 0x6F, 0xD7, 0x2D, 0x6F, 0x59, 0x31, 0x09, 0x5B, 0xCD, 0xCA, 0x66,
    0x85, 0x32, 0xE9, 0xCE, 0x26, 0xDB, 0x9C, 0xB7, 0xD2, 0x08, 0xE3, 0x0D, 0x18, 0x4D, 0xED, 0xC8,
    0xF5, 0xC3, 0xA7, 0x86, 0x8F, 0x4E, 0x1F, 0x0B, 0xB8, 0xDE, 0x0A, 0x5B, 0x14, 0xEE, 0xD0, 0x8C,
    0x0B, 0x91, 0x0D, 0x58, 0x42, 0x33, 0x2A, 0xF2, 0xA0, 0xC8, 0x63, 0x2A, 0x35, 0x43, 0xAA, 0x5B,
    0x46, 0x94, 0xB5, 0x0C, 0x08, 0x1C, 0x78, 0xB2, 0x96, 0xE1, 0x88, 0x96, 0xD1, 0x88, 0x86, 0x51,
    0xCC, 0x38, 0x43, 0x11, 0x9A, 0x91, 0xB0, 0xCD, 0x22, 0x12, 0x5E, 0xB4, 0xF0, 0x1E, 0xFE, 0x8D,
    0xE7, 0xD6, 0x27, 0x74, 0xBB, 0xEB, 0xD5, 0x6E, 0xF6, 0xD7, 0xB8, 0xDB, 0xCD, 0xF8, 0xFA, 0xBA,
    0x15, 0x9D, 0xDB, 0x74, 0xB9, 0x15, 0x5B, 0x75, 0x64, 0xC5, 0x9F, 0x4B, 0xB0, 0x5F, 0x33, 0xBB,
    0x53, 0xC7, 0x56, 0xAC, 0xAE, 0xC7, 0x7D, 0x6E, 0x98, 0xB5, 0x03, 0x58, 0xE3, 0x36, 0xFA, 0x5C,
    0xD7, 0xF7, 0xA1, 0xF5, 0xA1, 0x5D, 0xD7, 0x7E, 0xC8, 0xAE, 0x75, 0xFC, 0xB6, 0xAB, 0xE1, 0xA5,
    0x67, 0x32, 0xD8, 0x02, 0x95, 0x06, 0x49, 0x89, 0x02, 0x18, 0xFE, 0xC6, 0x15, 0x94, 0x3F, 0xE7,
    0x40, 0x70, 0x0A, 0x34, 0x42, 0xEA, 0x5F, 0x46, 0x28, 0x18, 0x94, 0x30, 0x53, 0x52, 0xFC, 0xB0,
    0x84, 0xAF, 0x10, 0xEF, 0x7F, 0x2A, 0x75, 0x56, 0xE4, 0x5A, 0xA0, 0x30, 0x2F, 0x56, 0xB2, 0x77,
    0x6D, 0x3D, 0x89, 0x8B, 0x13, 0x14, 0xB5, 0x78, 0x9E, 0xCB, 0x2A, 0xAA, 0x34, 0x1D, 0x9F, 0x5A,
    0xD6, 0xFD, 0x8B, 0xD2, 0x31, 0xA2, 0x45, 0x0F, 0x30, 0x3D, 0x8A, 0xCB, 0x39, 0x50, 0x3C, 0xF8,
    0x1C, 0x53, 0x29, 0xE8, 0xC2, 0x1A, 0x21, 0xBB, 0x34, 0x72, 0x4B, 0x4F, 0x4B, 0xDD, 0x28, 0xAD,
    0x44, 0x4D, 0xA9, 0x45, 0x31, 0x0F, 0xB5, 0x8C, 0x17, 0x2C, 0xB3, 0xBB, 0x0C, 0x23, 0xDD, 0x59,
    0x99, 0x5F, 0x72, 0x8C, 0xFC, 0xA1, 0x4B, 0x87, 0x47, 0x67, 0xF3, 0x3E, 0x33, 0x09, 0xD4, 0x95,
    0x46, 0x76, 0x49, 0xF8, 0x31, 0xFC, 0x83, 0x0A, 0x32, 0x46, 0x7E, 0x87, 0xFA, 0xDC, 0x9E, 0x44,
    0x75, 0xEE, 0xA7, 0x01, 0x59, 0x85, 0x08, 0xA8, 0x11, 0x6E, 0x03, 0x32, 0x5A, 0x4B, 0xF4, 0x19,
    0xD1, 0xA2, 0x2B, 0x19, 0x6E, 0x4A, 0xDC, 0x93, 0xB8, 0x25, 0x0D, 0xFE, 0x77, 0x26, 0xFE, 0x9F,
    0x68, 0xB8, 0x1B, 0x71, 0x33, 0xF2, 0xBD, 0x08, 0xAD, 0x28, 0xA1, 0x37, 0x93, 0x8F, 0xD0, 0xAE,
    0x34, 0x95, 0x05, 0x9D, 0x0A, 0xCA, 0x37, 0xD9, 0x36, 0x9C, 0x81, 0x1A, 0x33, 0x41, 0xFF, 0x99,
    0xAD, 0x09, 0x7A, 0x10, 0x5A, 0x10, 0x77, 0xA0, 0xD0, 0x80, 0x68, 0x15, 0xD6, 0x5A, 0x80, 0xC1,
    0x85, 0x99, 0x26, 0x21, 0xEC, 0xD8, 0xCB, 0x49, 0x0D, 0x42, 0x43, 0x32, 0x81, 0x84, 0x27, 0xA5,
    0x45, 0x8B, 0x86, 0x04, 0x52, 0xA0, 0xEF, 0x83, 0x7E, 0x0B, 0x7A, 0xD4, 0xA8, 0xFB, 0x9B, 0x28,
    0xF5, 0x37, 0x7A, 0x34, 0x21, 0xCB, 0x3A, 0x02, 0x0D, 0x31, 0x1C, 0xC6, 0xC3, 0x80, 0x02, 0x22,
    0xE2, 0x36, 0xC4, 0x5D, 0xC8, 0x3B, 0x24, 0xA4, 0xF1, 0xBA, 0xEF, 0x40, 0xDC, 0x80, 0xB8, 0xFF,
    0x70, 0xFB, 0xE1, 0xEE, 0xC3, 0xCD, 0xC7, 0x3B, 0xA4, 0x9C, 0x04, 0x7A, 0xE3, 0x97, 0x44, 0x27,
    0x50, 0x81, 0x26, 0x65, 0xA0, 0x2B, 0xA7, 0x0E, 0x04, 0x67, 0x8C, 0xF2, 0xCD, 0x14, 0xBD, 0x7F,
    0x2B, 0x34, 0xE3, 0x07, 0x48, 0xEC, 0xFF, 0xC0, 0x13, 0x7F, 0xDB, 0xCD, 0x80, 0xE7, 0xC6, 0x4C,
    0x67, 0x88, 0x4B, 0x32, 0xA5, 0xBD, 0x2F, 0x37, 0xFE, 0x7A, 0x09, 0xD8, 0x29, 0x6A, 0x42, 0xD2,
    0x48, 0xEC, 0xD7, 0xE8, 0x00, 0xF1, 0x73, 0x4C, 0xA0, 0x50, 0xA8, 0xBB, 0x21, 0x21, 0xD3, 0xE6,
    0xE5, 0xE0, 0x67, 0xBC, 0x7A, 0x95, 0xA2, 0x6D, 0xE8, 0x50, 0x73, 0xCA, 0x1C, 0xA0, 0x0E, 0xF3,
    0xFC, 0x10, 0xB7, 0x2E, 0x4D, 0xD3, 0x4C, 0x7E, 0x39, 0x3A, 0x20, 0x81, 0xA3, 0x7E, 0x5A, 0xDC,
    0xBE, 0xA3, 0x0F, 0xD6, 0x07, 0x5C, 0x25, 0xD6, 0x9F, 0x56, 0x25, 0xEA, 0x42, 0x34, 0x82, 0xF3,
    0x1F, 0xCD, 0x51, 0x54, 0xF5, 0x54, 0xFC, 0xE0, 0xC9, 0x41, 0x0A, 0x4B, 0xCA, 0xF1, 0x3F, 0x54,
    0x12, 0x54, 0x13, 0x54, 0x89, 0x2A, 0x76, 0xC8, 0xA1, 0x39, 0x98, 0xA2, 0xF8, 0x6E, 0xFC, 0xC0,
    0x70, 0x99, 0x44, 0x95, 0x3C, 0x3E, 0x2D, 0x91, 0xA8, 0x90, 0xC0, 0x85, 0xFA, 0x88, 0xF2, 0x88,
    0xEA, 0xA8, 0x92, 0x35, 0x4C, 0x1F, 0xEA, 0xED, 0x35, 0x39, 0x59, 0xCB, 0x7A, 0xC4, 0xB1, 0x95,
    0x51, 0xAF, 0x12, 0xA3, 0x3E, 0xD0, 0xD9, 0x93, 0x69, 0x4F, 0xD8, 0x47, 0xAD, 0x62, 0x2B, 0xCD,
    0xE6, 0x21, 0xC5, 0xD1, 0xAB, 0x67, 0x46, 0xFA, 0xFF, 0x05, 0x0B, 0x11, 0x82, 0xF1, 0xB3, 0xF7,
    0x65, 0xA5, 0x0E, 0x0F, 0xF1, 0x38, 0x0A, 0xDD, 0x92, 0x69, 0xAE, 0x45, 0xC8, 0x63, 0xB8, 0x86,
    0x4E, 0x8F, 0x02, 0xF1, 0x4C, 0xFC, 0x82, 0x4D, 0xE5, 0x69, 0xF9, 0xE5, 0x1B, 0xF8, 0x18, 0xFE,
    0xF8, 0xDC, 0x84, 0x7D, 0xDA, 0xD0, 0x5F, 0xA4, 0xD1, 0x30, 0xF3, 0xC3, 0x28, 0xC7, 0x4F, 0xE8,
    0xCE, 0xDC, 0x05, 0x31, 0x30, 0xF3, 0xF4, 0x0C, 0x66, 0xD1, 0x47, 0x4E, 0xD9, 0xB8, 0x61, 0xD0,
    0x05, 0x5D, 0x61, 0xFF, 0x9A, 0xFA, 0xFD, 0x02, 0xB8, 0xE1, 0xD0, 0x87, 0xE5, 0x4F, 0x89, 0x91,
    0x13, 0x43, 0x27, 0xC6, 0x7E, 0x1C, 0xE0, 0x9B, 0xB3, 0x8B, 0xB7, 0xE4, 0xD8, 0x02, 0xBE, 0xC3,
    0xAB, 0x93, 0x6A, 0x36, 0xC2, 0x79, 0x98, 0x5E, 0x87, 0x4B, 0x3B, 0xC6, 0x1E, 0xE0, 0xAA, 0xB1,
    0x43, 0x2C, 0x69, 0x2B, 0x2B, 0x59, 0x81, 0xA9, 0x73, 0x7D, 0x0D, 0xD8, 0xAE, 0x07, 0xEE, 0xA1,
    0x00, 0x70, 0xBC, 0x43, 0x5D, 0xB0, 0x09, 0xA0, 0x97, 0xAE, 0x10, 0xBD, 0xB4, 0x98, 0xA7, 0xFC,
    0xA4, 0xFB, 0x3A, 0x08, 0xE7, 0x86, 0x78, 0x12, 0xAA, 0x83, 0xB7, 0xCC, 0x70, 0x35, 0x72, 0x35,
    0x66, 0xBD, 0x8C, 0xC7, 0x11, 0xB8, 0x51, 0x5A, 0xA9, 0x97, 0xAC, 0xD2, 0x9F, 0x4F, 0xD4, 0xF2,
    0x47, 0x56, 0xDD, 0xB8, 0x6E, 0xD5, 0xE3, 0xD8, 0x2A, 0x9B, 0x60, 0x5E, 0x48, 0x30, 0xC8, 0x8B,
    0x56, 0x0C, 0xB5, 0x3E, 0x0D, 0x43, 0x1F, 0x9B, 0xC3, 0x3B, 0x63, 0xE0, 0x4C, 0xDB, 0x80, 0x97,
    0x63, 0xE3, 0xCD, 0x19, 0xCE, 0xC7, 0x94, 0x6D, 0xE3, 0xD4, 0x74, 0xCF, 0xE2, 0xB0, 0x83, 0xE3,
    0xD0, 0xDB, 0xB0, 0xEA, 0x12, 0xC8, 0x82, 0x0C, 0x3E, 0xDF, 0x0B, 0x27, 0x2A, 0xC5, 0xFD, 0x6C,
    0xDA, 0xD0, 0xD2, 0x0B, 0xB0, 0xDE, 0xC7, 0x2D, 0xA5, 0x5F, 0xC0, 0xF3, 0x57, 0x47, 0xFB, 0x1E,
    0x2F, 0x5E, 0x81, 0xBA, 0x52, 0xF2, 0x09, 0x09, 0xE6, 0xFE, 0x04, 0xFA, 0xAE, 0xDC, 0x7A, 0x31,
    0xAF, 0x67, 0x9C, 0xCD, 0x90, 0xBB, 0xB0, 0x48, 0xF4, 0x6E, 0xB6, 0x6F, 0x5C, 0xF4, 0x2A, 0xEC,
    0x86, 0x73, 0x46, 0xC4, 0x5D, 0x4C, 0x5F, 0xA6, 0xB8, 0x7A, 0xEB, 0x45, 0xA3, 0x91, 0x5E, 0x83,
    0x7E, 0x0A, 0x61, 0x92, 0x6F, 0xE2, 0xD4, 0x67, 0xCC, 0xF4, 0x20, 0xE7, 0x3C, 0xC1, 0x5B, 0x05,
    0x06, 0x78, 0x50, 0x14, 0xCE, 0xBA, 0xE3, 0x5F, 0x20, 0x4E, 0x71, 0xA0, 0xF8, 0xE2, 0x1D, 0x0F,
    0x9F, 0x09, 0x93, 0x7D, 0x01, 0xCF, 0x17, 0x72, 0x5C, 0xF3, 0x51, 0x82, 0xE6, 0x4F, 0xD2, 0xC2,
    0x02, 0xA9, 0x45, 0xCA, 0x7E, 0xA7, 0xE9, 0x9E, 0x9E, 0xA5, 0xB7, 0xC9, 0xEF, 0x77, 0xEA, 0xBC,
    0x51, 0x59, 0x8B, 0x09, 0x5C, 0xB5, 0x38, 0xC4, 0xA2, 0x44, 0xAF, 0xE4, 0xCE, 0xA4, 0x08, 0xE5,
    0x63, 0x21, 0xD7, 0x6A, 0x58, 0xE3, 0xC9, 0x5D, 0x68, 0x74, 0x72, 0xDF, 0x28, 0xE8, 0x0D, 0xAE,
    0x15, 0x89, 0x6B, 0x93, 0xCA, 0xA4, 0xF4, 0xEE, 0xB3, 0xA2, 0x40, 0x0B, 0x3F, 0x4B, 0x4B, 0x38,
    0x4D, 0xDC, 0xD4, 0xF1, 0x1F, 0x38, 0xBE, 0x31, 0x23, 0xF0, 0x98, 0xC0, 0xF7, 0xED, 0x2C, 0xDF,
    0x60, 0x76, 0x56, 0xCD, 0x2B, 0x76, 0x2B, 0xA9, 0x33, 0xF3, 0x67, 0xE8, 0xDA, 0x35, 0x52, 0x8A,
    0xB2, 0xCD, 0x2A, 0xBA, 0x57, 0xF9, 0xC7, 0xB1, 0xF6, 0x3E, 0x1B, 0x16, 0x3F, 0xBB, 0x42, 0x40,
    0x30, 0xC7, 0x83, 0xB7, 0x70, 0x74, 0x7A, 0xB1, 0x38, 0xE3, 0xD3, 0xF6, 0xB9, 0x06, 0xCF, 0xF8,
    0x56, 0x6E, 0xD5, 0xE4, 0xF2, 0x91, 0x95, 0xC3, 0xFF, 0x7B, 0xF0, 0xFC, 0x66, 0x4E, 0xAC, 0x13,
    0x89, 0x4F, 0x11, 0x34, 0xE6, 0xF6, 0xFE, 0x8B, 0x39, 0x06, 0x4F, 0xD6, 0xF6, 0xEA, 0x4C, 0xDB,
    0x8D, 0xEA, 0x59, 0x07, 0x4F, 0x9C, 0xF7, 0xA9, 0xEC, 0xBD, 0xA3, 0xA9, 0x79, 0xED, 0x40, 0x90,
    0xD0, 0xF7, 0x20, 0x1A, 0xCE, 0x6E, 0xD2, 0xA2, 0x4D, 0x69, 0xE5, 0x39, 0x46, 0xE0, 0xD7, 0xD9,
    0x2E, 0x3F, 0xDA, 0x6B, 0x17, 0xFE, 0xFE, 0x40, 0x72, 0xE2, 0xF5, 0xB2, 0x41, 0xE8, 0xB5, 0x81,
    0xA4, 0x4E, 0xBA, 0xBA, 0x48, 0xBE, 0x84, 0x3B, 0xBE, 0x04, 0x5A, 0x14, 0xA0, 0x94, 0xF1, 0x99,
    0xB2, 0x48, 0x31, 0x34, 0xC8, 0x27, 0x72, 0x52, 0x3A, 0x81, 0x0C, 0xA6, 0x8B, 0x97, 0x6E, 0x93,
    0xED, 0x69, 0xFD, 0x1A, 0xE5, 0x39, 0xC5, 0xE7, 0xBD, 0x7A, 0xCB, 0xC6, 0x6D, 0xF5, 0xE2, 0x2F,
    0x9D, 0xF8, 0xC7, 0x51, 0xB1, 0xCA, 0xE3, 0x36, 0x8C, 0x90, 0xEB, 0xD9, 0xAA, 0x9E, 0x6A, 0x94,
    0xFD, 0xC2, 0xA0, 0x1F, 0xF3, 0x57, 0x12, 0x99, 0xD3, 0x22, 0xD1, 0xDF, 0x20, 0xFD, 0x4C, 0x30,
    0x70, 0x1D, 0x46, 0x33, 0x15, 0x5B, 0x68, 0x2C, 0xFF, 0x46, 0x56, 0xDD, 0xB9, 0x7C, 0x20, 0xC3,
    0x12, 0x97, 0x51, 0xC4, 0x09, 0xE5, 0x7F, 0x45, 0x19, 0xFD, 0xA3, 0xDE, 0x29, 0xA3, 0xCF, 0x3D,
    0x1C, 0xF1, 0x41, 0x45, 0xA1, 0x54, 0xAE, 0xA1, 0xA3, 0x99, 0x23, 0x07, 0x33, 0xC8, 0xBD, 0x4A,
    0x7E, 0xAA, 0xE0, 0x2C, 0x4F, 0xB4, 0xF1, 0x07, 0x98, 0x17, 0x1C, 0xDC, 0x22, 0xD7, 0x66, 0x63,
    0x9B, 0x57, 0x77, 0x65, 0x81, 0xEE, 0x77, 0x49, 0x76, 0xC8, 0x6B, 0x94, 0x70, 0x43, 0x25, 0x6A,
    0x95, 0x3D, 0x44, 0x13, 0x45, 0xB6, 0x24, 0xAB, 0x7E, 0x6E, 0x04, 0xAA, 0xCD, 0x3B, 0xFE, 0x9B,
    0x8E, 0x89, 0xEF, 0xCE, 0xE8, 0x54, 0x66, 0xF6, 0x95, 0xA2, 0xAB, 0xC4, 0xCF, 0x5A, 0x9E, 0xBA,
    0xDE, 0x2B, 0xD0, 0x31, 0x84, 0xD3, 0xB1, 0x6B, 0x11, 0xF7, 0x0B, 0x49, 0x5B, 0x66, 0x1A, 0x95,
    0x21, 0xBA, 0x88, 0x48, 0xE5, 0xD9, 0x81, 0xC7, 0x4F, 0xC6, 0x3C, 0x2D, 0x95, 0x46, 0x81, 0x46,
    0xA2, 0xF1, 0x74, 0x42, 0xE8, 0x4B, 0xEC, 0xD4, 0x3D, 0x24, 0xF7, 0x52, 0x54, 0x7F, 0x06, 0x69,
    0x76, 0xFA, 0x2D, 0x1E, 0x85, 0xF3, 0x33, 0x47, 0x01, 0x0F, 0x69, 0xA7, 0x76, 0xBF, 0xE3, 0x6C,
    0x79, 0x65, 0x0D, 0x97, 0x1B, 0x2C, 0xD1, 0x70, 0xA3, 0xFE, 0xFA, 0x72, 0x3A, 0x1B, 0x38, 0xE6,
    0xA6, 0xC8, 0xBA, 0x5D, 0x64, 0x5F, 0x01, 0x1D, 0x8E, 0x31, 0x4E, 0x03, 0x31, 0x10, 0x45, 0x3F,
    0x1B, 0xB4, 0x91, 0xB0, 0x82, 0x8F, 0xE0, 0x14, 0x14, 0x11, 0x48, 0x71, 0xCA, 0x14, 0x6B, 0xC6,
    0x47, 0x41, 0x94, 0x69, 0xE0, 0x00, 0x59, 0xD9, 0xCA, 0x09, 0x72, 0x87, 0x50, 0x70, 0x04, 0x0A,
    0x12, 0x0F, 0x35, 0x05, 0x7B, 0x84, 0x3D, 0x82, 0x91, 0x52, 0xA4, 0x30, 0x31, 0xCE, 0xFE, 0xE2,
    0x6B, 0x46, 0xF3, 0xBF, 0xDE, 0xDC, 0x21, 0xC1, 0x41, 0xFA, 0x2B, 0xAE, 0x58, 0x74, 0x8A, 0x0D,
    0xA6, 0xA8, 0xBA, 0x71, 0x94, 0xC9, 0xCC, 0x17, 0xB5, 0xDE, 0x80, 0x32, 0x9E, 0xFF, 0x50, 0xB4,
    0x7A, 0xCB, 0xA7, 0x7C, 0x9A, 0x56, 0x58, 0x4A, 0xD0, 0x01, 0x2A, 0x61, 0xDC, 0xE3, 0xBA, 0x94,
    0x03, 0x08, 0x83, 0x5A, 0x8D, 0x4C, 0x76, 0x3F, 0x6C, 0x37, 0x36, 0xC4, 0xDF, 0xE3, 0x2E, 0x0A,
    0x96, 0x5E, 0x75, 0x6D, 0xFC, 0x88, 0x6D, 0x54, 0x7E, 0xB4, 0xB1, 0xF2, 0x87, 0xD5, 0x8B, 0x6F,
    0x0A, 0xE7, 0x09, 0x8B, 0x1A, 0x66, 0x0E, 0x99, 0x20, 0x62, 0x81, 0x62, 0x36, 0xC3, 0xA3, 0x01,
    0x69, 0x88, 0x6F, 0xC6, 0x17, 0x57, 0x5B, 0x99, 0xE8, 0xBC, 0x94, 0xAF, 0x35, 0x6E, 0x9B, 0x75,
    0x30, 0x80, 0xB6, 0xC4, 0xCA, 0x0B, 0xAB, 0xCA, 0xD3, 0xB6, 0xB0, 0xC9, 0x92, 0x27, 0x3B, 0xB0,
    0x49, 0x59, 0x47, 0x5C, 0xBC, 0xCC, 0xEB, 0x73, 0xDB, 0xC4, 0x72, 0x9E, 0x40, 0xF1, 0xA8, 0x7F,
    0xE8, 0x9C, 0xBF, 0x24, 0x24, 0x0C, 0x3E, 0x91, 0xD9, 0x0D, 0x85, 0x7E, 0x72, 0x34, 0x2E, 0xE9,
    0x08, 0xDC, 0xBF, 0x87, 0x14, 0xD2, 0x3F, 0xB5, 0x59, 0x4D, 0x8C, 0xD5, 0xD6, 0x15, 0x3E, 0xB6,
    0x21, 0x96, 0x62, 0x29, 0x37, 0x52, 0xE8, 0x8F, 0x4A, 0x92, 0x9B, 0x05, 0x8B, 0x48, 0x85, 0x78,
    0x13, 0xA9, 0x51, 0x33, 0x99, 0x6B, 0x42, 0xA5, 0x2C, 0xB2, 0x80, 0x45, 0xD2, 0x2C, 0xB2, 0x48,
    0x76, 0x95, 0xBA, 0x99, 0x45, 0x2B, 0x85, 0x56, 0x80, 0x0D, 0xA3, 0x8A, 0x45, 0x16, 0x65, 0x13,
    0x65, 0x91, 0x4D, 0x17, 0x59, 0x54, 0x94, 0x2A, 0xB3, 0x48, 0x55, 0x16, 0x33, 0xE3, 0x1B, 0x46,
    0x2A, 0x0B, 0x54, 0x70, 0x4B, 0x51, 0xA5, 0x26, 0x29, 0x4E, 0x20, 0x22, 0x2D, 0x69, 0xE7, 0x22,
    0x3C, 0xE0, 0x99, 0xB1, 0x7D, 0xFB, 0x9D, 0x6B, 0xBF, 0x37, 0x6F, 0x80, 0x90, 0x3F, 0x3A, 0xE3,
    0x73, 0xDE, 0x9B, 0xF7, 0xEC, 0xFB, 0x73, 0x7E, 0xBE, 0xEF, 0xDC, 0x33, 0x44, 0x44, 0x5E, 0x35,
    0x4F, 0x41, 0xD3, 0x92, 0x5F, 0x35, 0x34, 0xFA, 0x89, 0xAD, 0x75, 0x12, 0x54, 0x22, 0x09, 0xAA,
    0x08, 0xE2, 0x51, 0x60, 0x88, 0xC2, 0xB5, 0xB7, 0x29, 0xB4, 0x0D, 0x85, 0x2B, 0x2F, 0x50, 0xC8,
    0x7F, 0x43, 0x22, 0x13, 0x25, 0x91, 0x11, 0x49, 0xBC, 0x96, 0x53, 0x8A, 0x67, 0x94, 0xB5, 0xA6,
    0x57, 0x53, 0xB1, 0x36, 0x74, 0x20, 0xD6, 0xEF, 0xD2, 0x8E, 0x58, 0xF3, 0xA8, 0xEF, 0xED, 0x23,
    0x52, 0xCB, 0x1D, 0x54, 0x67, 0x33, 0x52, 0x5A, 0x69, 0x52, 0x99, 0xDC, 0xAC, 0xE2, 0xC4, 0xCF,
    0x4B, 0x45, 0x81, 0xAD, 0x0E, 0xF2, 0x4A, 0x2A, 0x88, 0x5F, 0x8C, 0xD6, 0x35, 0x47, 0x58, 0x12,
    0x91, 0xC0, 0xB4, 0xD3, 0xFD, 0x27, 0x12, 0x33, 0x42, 0x92, 0xA0, 0xC6, 0x4A, 0xEB, 0x28, 0x0B,
    0x6A, 0x3F, 0xE1, 0x5B, 0x36, 0xC9, 0xB0, 0xD2, 0x91, 0xC4, 0x6B, 0x84, 0x95, 0x66, 0xFD, 0x00,
    0x79, 0x45, 0x61, 0xD7, 0x91, 0x2C, 0x14, 0x26, 0x57, 0x49, 0x4A, 0x8A, 0x2C, 0x3E, 0xB6, 0x3F,
    0x3E, 0x46, 0xBC, 0x07, 0xFB, 0xE2, 0x3E, 0xEA, 0xF8, 0x6F, 0xBE, 0x35, 0xB9, 0x1F, 0x8B, 0x8E,
    0x31, 0x5F, 0x83, 0xF5, 0x95, 0x44, 0xDF, 0x72, 0x23, 0x78, 0xB6, 0x8C, 0xD6, 0x1A, 0x99, 0xCD,
    0xC7, 0x49, 0xA3, 0xF4, 0xAB, 0x71, 0x45, 0x02, 0xEB, 0xC1, 0xB3, 0x29, 0x0C, 0xD5, 0x6C, 0xA1,
    0x56, 0x51, 0x93, 0x52, 0xA3, 0xDE, 0x32, 0x02, 0x93, 0xBE, 0x00, 0xC3, 0xF2, 0x85, 0x85, 0x6D,
    0x5C, 0x86, 0xD7, 0x35, 0xBE, 0x22, 0x77, 0x61, 0x95, 0x29, 0xCF, 0x4A, 0x4A, 0x64, 0x6A, 0x46,
    0x2B, 0x99, 0x8D, 0x7C, 0xF3, 0x15, 0x1E, 0x57, 0x36, 0x51, 0xB8, 0xB9, 0x76, 0xD7, 0x17, 0x3D,
    0x02, 0xB3, 0x0A, 0x4D, 0x71, 0x46, 0xB0, 0xFC, 0x93, 0xBC, 0x67, 0xEB, 0x2C, 0x61, 0x79, 0xFF,
    0x8F, 0xB2, 0xE1, 0x68, 0x57, 0xC4, 0x7A, 0xE7, 0x84, 0x9E, 0x8A, 0x6E, 0x5E, 0x66, 0xBD, 0x6E,
    0x59, 0x1B, 0x95, 0xD1, 0x7E, 0x61, 0xE0, 0xED, 0x77, 0x59, 0xEF, 0x30, 0xA2, 0x8C, 0x75, 0x57,
    0x8A, 0x52, 0x25, 0x56, 0xCF, 0xAC, 0x77, 0x30, 0xA1, 0xB5, 0x97, 0x69, 0xCB, 0xB0, 0x11, 0xB6,
    0x07, 0xEB, 0x04, 0x4B, 0xF2, 0x1B, 0x76, 0x56, 0xB0, 0xA1, 0x0D, 0x96, 0x4C, 0xE1, 0xEA, 0x4B,
    0x6B, 0xAB, 0x08, 0x39, 0xBB, 0x6E, 0xB3, 0x70, 0xE5, 0xA5, 0x5A, 0x16, 0x21, 0x3E, 0x17, 0x26,
    0x1A, 0xE9, 0x4A, 0x94, 0xAC, 0xA5, 0x8E, 0x57, 0xB7, 0x23, 0xA8, 0xD2, 0x4E, 0xD9, 0xFA, 0xD6,
    0x10, 0xDC, 0x3F, 0x11, 0x82, 0x7F, 0x7A, 0x9B, 0xF8, 0x1B, 0xA8, 0xD5, 0x5C, 0xB3, 0x37, 0xEF,
    0x14, 0x82, 0x1A, 0x21, 0x98, 0x5F, 0x86, 0x0B, 0x31, 0x16, 0x3D, 0xE0, 0x7C, 0xC0, 0x7E, 0x66,
    0x3B, 0x04, 0xC5, 0x38, 0x45, 0x76, 0xD7, 0x50, 0x58, 0x2A, 0x56, 0x02, 0x55, 0x3D, 0xB0, 0x03,
    0x6A, 0x8A, 0x97, 0xBF, 0x1F, 0xEA, 0x06, 0x8C, 0x13, 0xAC, 0x57, 0x1C, 0x70, 0x1D, 0x2B, 0x95,
    0xB0, 0xD2, 0x50, 0x98, 0x11, 0xE9, 0x52, 0xC2, 0x41, 0xC2, 0xC2, 0x45, 0x01, 0x8F, 0x4A, 0x48,
    0x8C, 0x88, 0x5F, 0x05, 0x2F, 0x92, 0xC3, 0x9B, 0x68, 0x7E, 0x3C, 0x11, 0xCC, 0xE4, 0x94, 0x33,
    0xD2, 0xA0, 0x42, 0x28, 0x23, 0x11, 0x60, 0x86, 0xA3, 0xEC, 0xDA, 0x75, 0xA8, 0x9B, 0x4B, 0x35,
    0x2C, 0x05, 0xAB, 0x45, 0x0D, 0x2B, 0x33, 0x52, 0x6C, 0x19, 0x4A, 0xBB, 0x18, 0x66, 0x66, 0xC3,
    0x4F, 0x07, 0xD8, 0xCE, 0x0C, 0xC6, 0xAD, 0xDC, 0xF0, 0x69, 0x2B, 0x1B, 0x08, 0xAC, 0x19, 0xE8,
    0xB0, 0x0A, 0xB3, 0xA0, 0x11, 0xE4, 0xB5, 0x02, 0x7E, 0xDF, 0x85, 0x2F, 0xB1, 0x1F, 0x85, 0xFB,
    0x24, 0x56, 0x24, 0x0A, 0xF2, 0x9F, 0xD3, 0x24, 0x5E, 0x4F, 0x48, 0x60, 0xCD, 0x11, 0x4C, 0x43,
    0xC9, 0xE7, 0x2D, 0x8F, 0x95, 0x09, 0x78, 0x79, 0x13, 0xAA, 0xEE, 0x55, 0xB4, 0x59, 0xC5, 0x1C,
    0x60, 0x00, 0x0E, 0x8E, 0x02, 0xDE, 0xB8, 0x5F, 0xB2, 0xD2, 0xA3, 0x94, 0xE7, 0xB8, 0x13, 0xBC,
    0x04, 0xC4, 0xC4, 0x2E, 0xC8, 0x54, 0x4B, 0xF4, 0x73, 0xCC, 0x6F, 0x72, 0x48, 0x4A, 0xFE, 0x27,
    0x29, 0x72, 0x0D, 0x93, 0x5F, 0x48, 0x75, 0x94, 0x48, 0x2D, 0x48, 0x94, 0x33, 0x59, 0x5C, 0xDB,
    0x32, 0x6F, 0x31, 0x72, 0x12, 0xF7, 0xD8, 0x80, 0xC5, 0x85, 0xBC, 0xC0, 0x1E, 0x1B, 0x6E, 0x20,
    0x19, 0x6E, 0x22, 0xA0, 0xE0, 0x8B, 0x10, 0xAE, 0x18, 0xA4, 0x88, 0xF0, 0x77, 0xBC, 0xC6, 0x4E,
    0xE1, 0x55, 0xB9, 0x95, 0xE1, 0x59, 0xA5, 0x83, 0x5A, 0x6A, 0x0E, 0xB1, 0xA0, 0x52, 0x49, 0xB0,
    0xD2, 0xE2, 0x59, 0xC8, 0x4A, 0x3A, 0xF9, 0x6C, 0x19, 0xF6, 0xCF, 0x26, 0xFC, 0xEC, 0x37, 0xC1,
    0x24, 0xEC, 0xA5, 0x61, 0x41, 0x02, 0x21, 0x89, 0x64, 0x2F, 0x66, 0x24, 0xB1, 0x13, 0x0F, 0x49,
    0xE5, 0x17, 0xB1, 0x0E, 0x10, 0xBD, 0x61, 0xA6, 0x74, 0x8E, 0xFB, 0x61, 0xBF, 0x06, 0xD6, 0x99,
    0xC7, 0xD0, 0x07, 0x30, 0xDC, 0x14, 0x02, 0xEA, 0xC1, 0x6F, 0x82, 0xE2, 0x51, 0x91, 0x76, 0x61,
    0x29, 0x4C, 0xDA, 0x0A, 0x23, 0x6A, 0x58, 0xC6, 0x6C, 0x45, 0x7A, 0x4F, 0x1D, 0xA3, 0x47, 0x84,
    0x01, 0x0A, 0x0B, 0x51, 0xC2, 0x4D, 0xE1, 0xC5, 0x75, 0xF8, 0x29, 0xB2, 0x8C, 0x85, 0xEA, 0xD7,
    0x1F, 0x63, 0x7E, 0x2B, 0xCA, 0x8E, 0xC3, 0xA7, 0xCC, 0xC1, 0x29, 0xA2, 0x48, 0x93, 0xB0, 0x12,
    0x85, 0xD2, 0xD6, 0xCC, 0xD4, 0x71, 0x93, 0x6B, 0xDB, 0x8A, 0x7A, 0x2B, 0xF5, 0x81, 0xE3, 0x70,
    0xD3, 0x36, 0xF2, 0xD9, 0xF6, 0x61, 0x82, 0x4F, 0x1B, 0xF2, 0x6B, 0xEF, 0x9D, 0x82, 0x71, 0x15,
    0xB1, 0x4D, 0xDD, 0x33, 0x64, 0x73, 0xEA, 0x16, 0xBD, 0x56, 0xBD, 0x55, 0x0B, 0x5B, 0x38, 0xDC,
    0xBC, 0x77, 0x89, 0xE0, 0xB9, 0x64, 0xCB, 0xB0, 0x7A, 0xF9, 0x3E, 0x6F, 0xA1, 0xBD, 0xF7, 0xC9,
    0x76, 0xCF, 0x01, 0x82, 0xE1, 0x98, 0xE5, 0x11, 0xF8, 0x70, 0x17, 0x7C, 0xB6, 0x73, 0x90, 0x29,
    0x16, 0x80, 0xF1, 0x53, 0x90, 0xFD, 0x90, 0xB9, 0xC8, 0x3C, 0x06, 0x68, 0x04, 0xEC, 0x1A, 0x0B,
    0x58, 0xCC, 0x93, 0xB4, 0xE3, 0xBC, 0x97, 0x1D, 0x3C, 0x85, 0xB8, 0x04, 0x3B, 0x91, 0x6F, 0x13,
    0x89, 0x1C, 0x58, 0xCE, 0xA6, 0xA1, 0x2F, 0xEA, 0x69, 0x2C, 0xEF, 0x9C, 0xFE, 0x05, 0xEB, 0xF2,
    0x0F, 0xD0, 0x67, 0xCC, 0x35, 0xE8, 0xD3, 0xD7, 0x3E, 0x82, 0x9E, 0xBD, 0xF1, 0x17, 0x6C, 0x77,
    0x76, 0x5D, 0x43, 0x1F, 0xB6, 0xAC, 0x33, 0x9B, 0x35, 0x14, 0x97, 0xF6, 0xBE, 0x2E, 0x49, 0x4D,
    0x2E, 0xAC, 0xBE, 0x9B, 0xE9, 0xC6, 0x40, 0xB0, 0xFA, 0x52, 0xC3, 0x38, 0x0E, 0xAB, 0x01, 0xC6,
    0xEF, 0x0C, 0x04, 0xBD, 0xE9, 0x40, 0x59, 0x3D, 0x31, 0xE3, 0xAE, 0x0E, 0xEB, 0x44, 0x90, 0xAB,
    0x4C, 0x94, 0x29, 0x6E, 0xCA, 0x21, 0x96, 0xC2, 0xAA, 0x73, 0x46, 0xE3, 0xF7, 0x2C, 0xFC, 0x1D,
    0x07, 0x19, 0xEE, 0x42, 0xF2, 0xA2, 0x70, 0x70, 0xC4, 0x8C, 0xC0, 0xE7, 0xE5, 0xD8, 0x3B, 0x2C,
    0xC7, 0xFF, 0x72, 0xB8, 0x34, 0xE1, 0x49, 0x87, 0x05, 0xC8, 0xE3, 0xB8, 0x80, 0x2F, 0x4B, 0xE4,
    0x93, 0x23, 0x1E, 0x60, 0x42, 0x11, 0xAC, 0xE4, 0x19, 0xE3, 0x41, 0x78, 0x2D, 0xF9, 0x12, 0x35,
    0x46, 0x9C, 0x8C, 0x6A, 0x8C, 0x7C, 0xA8, 0x29, 0xBA, 0x41, 0xEC, 0x20, 0x69, 0x12, 0xDD, 0x56,
    0x63, 0x60, 0x6E, 0xC3, 0x6C, 0x36, 0x25, 0x0A, 0x27, 0x3B, 0x84, 0x7E, 0x95, 0x24, 0xC7, 0xEE,
    0x84, 0xC4, 0x9B, 0xC5, 0xCB, 0x3F, 0xC5, 0xF3, 0xCD, 0x37, 0x86, 0x77, 0xBA, 0xEF, 0x38, 0x36,
    0xE1, 0x9C, 0xEC, 0x21, 0x49, 0xBC, 0xBC, 0xAB, 0x39, 0xE1, 0x61, 0x94, 0xF7, 0x1A, 0xA9, 0xD5,
    0xE1, 0x06, 0xDC, 0xFE, 0x6C, 0x13, 0x95, 0xCA, 0xE7, 0x77, 0x4E, 0x1D, 0x69, 0x84, 0x96, 0xE7,
    0x9B, 0x34, 0x8B, 0x5C, 0xE9, 0xF0, 0x93, 0xF6, 0x18, 0x22, 0xBD, 0x71, 0x11, 0x82, 0x51, 0xBE,
    0x77, 0x3C, 0x41, 0xF9, 0x27, 0x5A, 0x48, 0x13, 0xD6, 0x81, 0x0E, 0x9A, 0x28, 0x21, 0xFB, 0x04,
    0x16, 0x03, 0xC2, 0x53, 0xA6, 0x67, 0x3F, 0x04, 0x27, 0x21, 0x28, 0xA9, 0x42, 0xA8, 0x96, 0x18,
    0x08, 0x95, 0xE2, 0xCC, 0xB1, 0x99, 0x1A, 0x84, 0xDC, 0x8E, 0xC3, 0x2C, 0x99, 0xF4, 0x6B, 0xB0,
    0xC1, 0x37, 0xF5, 0xAD, 0x6A, 0x93, 0x5F, 0xAB, 0x3E, 0x30, 0x98, 0x6F, 0xF4, 0x88, 0x6F, 0x23,
    0x76, 0x53, 0xC8, 0xCA, 0xC3, 0xD2, 0x50, 0x5C, 0xA9, 0x56, 0xDA, 0xFE, 0x66, 0xA7, 0xC4, 0xA0,
    0xB8, 0x48, 0xE2, 0x7A, 0xA9, 0x86, 0xBD, 0x02, 0xAE, 0x2E, 0x28, 0x7F, 0x93, 0x19, 0x2B, 0xDA,
    0xAC, 0xE2, 0x55, 0x2E, 0x18, 0x18, 0x7A, 0xF9, 0x97, 0xE2, 0x2E, 0xEE, 0x5C, 0xC1, 0xC6, 0xBF,
    0x9B, 0x5E, 0x0C, 0xAF, 0xD9, 0x8D, 0x68, 0xC2, 0x3B, 0xBF, 0xB8, 0xBA, 0x2C, 0xBA, 0xFD, 0x85,
    0xF7, 0x60, 0x57, 0x1D, 0x6B, 0xC2, 0xC4, 0xFF, 0xEF, 0x89, 0x98, 0xD5, 0xF8, 0xA7, 0x8F, 0x66,
    0xD9, 0xA7, 0xA7, 0xA0, 0xC9, 0x17, 0xCF, 0x11, 0x26, 0xD7, 0x5E, 0xA8, 0xB8, 0x9C, 0xB8, 0x7A,
    0x4B, 0xB1, 0x2C, 0x1F, 0xC3, 0x17, 0x0D, 0xEA, 0xAA, 0x0E, 0x92, 0x0F, 0x02, 0x23, 0x1F, 0x6E,
    0xBD, 0x7C, 0xB9, 0x86, 0x21, 0x8F, 0x21, 0xC7, 0x9C, 0x53, 0x89, 0xC1, 0xA3, 0x26, 0xF6, 0x68,
    0xAF, 0xAB, 0x09, 0x7D, 0xA3, 0x66, 0x7D, 0xD3, 0xEE, 0x61, 0x57, 0xC7, 0x4B, 0xEC, 0x6B, 0x71,
    0xBE, 0x1E, 0x6B, 0xC9, 0x80, 0x6C, 0x14, 0x34, 0x68, 0x98, 0x33, 0xD7, 0xD6, 0x8A, 0x53, 0x37,
    0x61, 0xC8, 0xE3, 0xF1, 0x36, 0x64, 0xA2, 0x04, 0x70, 0x29, 0x3C, 0x51, 0x02, 0x4C, 0xD2, 0x38,
    0xFF, 0xF8, 0x60, 0x1E, 0x89, 0xF7, 0xD3, 0x88, 0xAD, 0x27, 0xFB, 0x43, 0x00, 0x27, 0x29, 0xF9,
    0xC7, 0x73, 0x4E, 0x03, 0xF2, 0x5E, 0xCC, 0xDD, 0x67, 0x07, 0xF0, 0x5D, 0x03, 0x1A, 0x63, 0x32,
    0xC8, 0x67, 0x0C, 0x9E, 0xC9, 0x1C, 0x66, 0x8F, 0x4B, 0xF6, 0xDC, 0x71, 0x41, 0xE7, 0xC8, 0xB8,
    0x44, 0x49, 0x51, 0xC5, 0x5A, 0x14, 0x28, 0x28, 0x32, 0x8E, 0x2B, 0x95, 0x08, 0x13, 0xAE, 0x32,
    0xBA, 0x85, 0x4C, 0xBD, 0x26, 0x5C, 0x71, 0xEF, 0x51, 0xDE, 0x70, 0x8D, 0x8B, 0x6F, 0x4B, 0xAE,
    0xAC, 0xA5, 0x8E, 0x0C, 0x8E, 0x29, 0x59, 0xBC, 0x1A, 0xAD, 0x31, 0x32, 0xF9, 0xD6, 0x55, 0x70,
    0xCC, 0xA7, 0xDB, 0x11, 0x05, 0xD6, 0xB6, 0x41, 0xDB, 0xD7, 0xC5, 0x0E, 0xA0, 0x00, 0x54, 0x9C,
    0x8E, 0x94, 0x2E, 0x97, 0x24, 0x21, 0x39, 0xDE, 0xB7, 0x98, 0x13, 0xB4, 0xCC, 0xA4, 0xCC, 0x94,
    0x0C, 0x42, 0x6E, 0xB6, 0x0E, 0x6B, 0xF4, 0xEC, 0x7F, 0x51, 0x18, 0x74, 0xC8, 0x08, 0x04, 0x14,
    0xBB, 0x6A, 0x37, 0xC4, 0x87, 0x04, 0x8B, 0xA4, 0x42, 0xC8, 0xF3, 0x0B, 0x14, 0xFF, 0x27, 0xD7,
    0xA2, 0x4E, 0xB5, 0x97, 0x30, 0xA1, 0x40, 0x76, 0xD1, 0xF6, 0x86, 0xB8, 0x60, 0x29, 0xA3, 0x82,
    0xC4, 0xB3, 0x59, 0x1C, 0xD7, 0xEA, 0x97, 0xCD, 0xB4, 0x69, 0xA7, 0x8B, 0x56, 0xE9, 0x56, 0x65,
    0x8D, 0xDA, 0xDD, 0xA8, 0xD9, 0x5A, 0xBE, 0x8F, 0x9D, 0xF1, 0xD9, 0xC7, 0x4D, 0x54, 0x44, 0x57,
    0x8C, 0x58, 0x32, 0xEA, 0x68, 0xA9, 0x66, 0x70, 0x3C, 0x29, 0xD5, 0x73, 0x95, 0x42, 0x9D, 0x05,
    0xAF, 0xBE, 0x8E, 0x8A, 0x60, 0xB8, 0x2D, 0x64, 0xE7, 0xE9, 0xC7, 0xB9, 0x3E, 0xD7, 0x30, 0x30,
    0xEC, 0x2A, 0x0B, 0x02, 0x49, 0xAA, 0xC3, 0x99, 0xB2, 0x1A, 0x64, 0xE6, 0x25, 0xBC, 0x04, 0xDF,
    0x6A, 0x3E, 0x6A, 0xF9, 0x35, 0x57, 0x10, 0xD4, 0xF8, 0xB6, 0x11, 0xEB, 0x00, 0xA6, 0x66, 0x98,
    0xDA, 0xC7, 0xC5, 0x23, 0xAB, 0x3D, 0xA5, 0xBC, 0xA8, 0x43, 0x3B, 0x38, 0x85, 0xD7, 0xB0, 0x8E,
    0x90, 0xA9, 0xD4, 0x1E, 0xA3, 0x00, 0x5E, 0x38, 0x25, 0x95, 0x6E, 0x70, 0xFD, 0x1B, 0x69, 0xDD,
    0x52, 0xB7, 0x0D, 0xC7, 0xCB, 0x23, 0x46, 0x51, 0xBA, 0x64, 0x6C, 0xF6, 0xFD, 0x4B, 0xD7, 0xAE,
    0x52, 0x70, 0xFD, 0xBA, 0x26, 0x7F, 0xFD, 0x2A, 0xC2, 0xDA, 0x2E, 0x17, 0x1C, 0x41, 0x38, 0x32,
    0x1D, 0x05, 0x8B, 0x4F, 0x87, 0xA6, 0xCD, 0x54, 0x58, 0xE6, 0x5A, 0x45, 0x38, 0x49, 0x6E, 0xA1,
    0xFE, 0x8C, 0x13, 0x70, 0x60, 0xEB, 0x9D, 0x40, 0x19, 0x5C, 0x60, 0x30, 0x9B, 0x78, 0x33, 0xC5,
    0xE3, 0xA2, 0x3C, 0x28, 0xCA, 0x43, 0x08, 0x34, 0x6C, 0xA2, 0x8F, 0x91, 0x54, 0x2F, 0x12, 0x9C,
    0xE1, 0x8C, 0x2F, 0x4E, 0x41, 0x96, 0x16, 0x49, 0xB2, 0x9C, 0x39, 0x44, 0xF2, 0xDC, 0x21, 0x8A,
    0xFF, 0xBC, 0x80, 0x02, 0x18, 0xC6, 0xAF, 0x06, 0xE3, 0x33, 0xA4, 0xA2, 0x0E, 0x0B, 0xD6, 0x8B,
    0x9E, 0x3E, 0xBE, 0xCE, 0x18, 0x1C, 0xB8, 0x60, 0xF2, 0x7C, 0x09, 0xF7, 0x9E, 0xFE, 0x3D, 0x89,
    0x73, 0xC8, 0xE6, 0x8B, 0x90, 0x1C, 0x29, 0x83, 0xB3, 0x91, 0x5C, 0x47, 0xDC, 0x9C, 0xBF, 0x41,
    0xF1, 0x29, 0x40, 0x4B, 0xC6, 0xF8, 0xFD, 0xE0, 0x90, 0x12, 0x80, 0x45, 0xE4, 0x33, 0x19, 0x08,
    0xEA, 0x04, 0xFA, 0xA8, 0x17, 0xEF, 0xAF, 0x28, 0xE1, 0x4E, 0xD5, 0xF4, 0x1A, 0xC4, 0x3E, 0x8B,
    0xA3, 0x9E, 0x67, 0x93, 0x6D, 0xC3, 0x33, 0x00, 0x7A, 0x23, 0x1A, 0xE0, 0x49, 0x87, 0xC0, 0xB4,
    0xD2, 0x84, 0xB9, 0x32, 0x42, 0xBD, 0x66, 0x76, 0xC5, 0xD7, 0xCD, 0x94, 0x3C, 0x6F, 0x0E, 0x20,
    0x1C, 0xD2, 0xBD, 0xB3, 0x6B, 0x4A, 0x04, 0x76, 0x8B, 0xD7, 0xFB, 0x28, 0xD7, 0x87, 0x28, 0x2F,
    0x16, 0x41, 0x4C, 0x2D, 0xF6, 0x04, 0xB9, 0x00, 0xC1, 0xBC, 0xE2, 0x5F, 0x0D, 0x08, 0xAF, 0x17,
    0x04, 0x6A, 0x16, 0x67, 0x9C, 0x6B, 0xDB, 0xC6, 0x6E, 0xAD, 0x9D, 0xF7, 0x5B, 0x95, 0x74, 0xA3,
    0xAB, 0x05, 0x4D, 0xC9, 0xBF, 0x57, 0x21, 0x72, 0xB9, 0x77, 0x6B, 0x7E, 0x04, 0x51, 0x7B, 0x06,
    0xA6, 0x3A, 0x97, 0x93, 0xF8, 0x10, 0x59, 0x76, 0x02, 0x72, 0x12, 0xEF, 0xDF, 0x85, 0xB9, 0x0C,
    0xA4, 0x64, 0xB2, 0x46, 0x94, 0x69, 0xD8, 0x61, 0x38, 0xAD, 0xE6, 0xB3, 0x78, 0xE6, 0x1C, 0x9E,
    0xF9, 0x10, 0xF9, 0xF8, 0x19, 0xF2, 0xF6, 0x24, 0x64, 0x8E, 0xF3, 0x97, 0xAB, 0x13, 0x85, 0xFB,
    0x73, 0x92, 0x28, 0x81, 0x11, 0x3F, 0x14, 0xFF, 0x8A, 0xF8, 0x18, 0x4D, 0x71, 0xD2, 0x53, 0x5A,
    0x6C, 0x86, 0x14, 0xD3, 0xD1, 0x9A, 0x91, 0xEF, 0x55, 0x6A, 0x16, 0x27, 0x89, 0x63, 0xCA, 0x1D,
    0x2B, 0x5D, 0xD4, 0xCD, 0x0D, 0x51, 0xF7, 0xC2, 0x50, 0x2F, 0x20, 0x63, 0x0A, 0x7B, 0xA6, 0x81,
    0x91, 0xCE, 0x2E, 0xFC, 0xD1, 0x88, 0x0F, 0x0E, 0x5C, 0x32, 0xE2, 0xC4, 0xC2, 0x92, 0x11, 0x27,
    0x17, 0x4F, 0x1B, 0x31, 0x67, 0x8F, 0x1A, 0x69, 0xEC, 0xF3, 0x46, 0x96, 0x36, 0x2A, 0x65, 0xD1,
    0x45, 0xAB, 0x52, 0xB7, 0x61, 0x3B, 0x2A, 0xAC, 0x51, 0x9C, 0x4D, 0x63, 0xDE, 0x94, 0x71, 0x12,
    0x22, 0x20, 0x8F, 0x42, 0xA6, 0x20, 0x4F, 0x01, 0x7F, 0xE6, 0x00, 0xA7, 0x58, 0x10, 0xF3, 0x5F,
    0x0A, 0x09, 0x13, 0xDA, 0x0A, 0x14, 0x97, 0x8F, 0xF4, 0xB4, 0x1B, 0x95, 0x23, 0xD4, 0x12, 0xEC,
    0xF3, 0xFB, 0x5C, 0x53, 0x68, 0x93, 0xF2, 0x6D, 0x0D, 0x90, 0x5A, 0x5F, 0x87, 0x7D, 0xDE, 0xB3,
    0x02, 0x35, 0x00, 0x50, 0x85, 0x99, 0x7F, 0x50, 0x00, 0x1E, 0xAD, 0xF8, 0xC8, 0xA4, 0xA2, 0x1A,
    0x60, 0xD5, 0xB5, 0xB0, 0xEB, 0x0D, 0xF8, 0xCD, 0xDB, 0xB3, 0x92, 0xF4, 0xE7, 0x9E, 0x41, 0x75,
    0x2E, 0x98, 0x86, 0xD8, 0x9D, 0x4F, 0x4D, 0x1B, 0x54, 0x07, 0x82, 0xD6, 0xC0, 0x4A, 0x64, 0x5D,
    0xE6, 0xA4, 0x7A, 0x4A, 0x16, 0x07, 0xC5, 0xDA, 0xA1, 0x10, 0x05, 0xEC, 0xBE, 0x71, 0x8C, 0x17,
    0x1C, 0xE3, 0x76, 0x88, 0xF1, 0x21, 0xCE, 0x5D, 0x8C, 0x1F, 0x24, 0x79, 0xD6, 0xC5, 0xB8, 0x41,
    0x8C, 0x1B, 0x2F, 0xF9, 0xB6, 0xE9, 0xCF, 0xEB, 0x01, 0xEF, 0x72, 0xDC, 0xDB, 0x92, 0x70, 0x96,
    0x42, 0x56, 0x07, 0x28, 0x27, 0x43, 0x2E, 0x21, 0x3F, 0xE6, 0xDD, 0xA4, 0x00, 0x9C, 0x43, 0x80,
    0x91, 0x45, 0xDC, 0xC1, 0x32, 0xB2, 0xCE, 0x96, 0x71, 0x72, 0xE1, 0xFE, 0xC2, 0xA2, 0x30, 0x2F,
    0x10, 0xC3, 0x98, 0x1B, 0x6A, 0x69, 0x51, 0x42, 0x2D, 0xC0, 0x4B, 0xA7, 0x0F, 0x3E, 0x6D, 0xE4,
    0xB9, 0xF9, 0x9F, 0x19, 0x79, 0x76, 0xFE, 0x3A, 0x4E, 0x0A, 0xF9, 0xA5, 0x55, 0x51, 0xA9, 0xA5,
    0xCE, 0x4B, 0xB6, 0x8E, 0x58, 0xC0, 0x8D, 0x40, 0x6E, 0x08, 0x72, 0x63, 0x90, 0x1B, 0x04, 0xCB,
    0x6F, 0x63, 0xD6, 0x18, 0x06, 0x69, 0x78, 0xE0, 0x07, 0xE0, 0x0E, 0x1E, 0x88, 0xDC, 0x48, 0xBC,
    0x99, 0x4B, 0x36, 0xE3, 0xB1, 0x6C, 0xC6, 0x83, 0xED, 0xED, 0xB7, 0xE0, 0xF4, 0x2E, 0xA7, 0x9F,
    0x1A, 0x6F, 0x0C, 0x2C, 0x8B, 0xBA, 0x86, 0x4E, 0x1E, 0xA4, 0xB9, 0x9A, 0x1E, 0x5A, 0x47, 0xBC,
    0xA3, 0x2E, 0x6B, 0x91, 0x3A, 0x42, 0x37, 0xD1, 0x95, 0xCA, 0x1F, 0x87, 0x3F, 0xF2, 0xBF, 0xCE,
    0x0B, 0x1F, 0x7E, 0x62, 0x01, 0x59, 0xD8, 0xF3, 0x95, 0xB4, 0x58, 0xF7, 0xEC, 0x75, 0x13, 0xB3,
    0xEC, 0xB9, 0x84, 0xDD, 0x2C, 0xAD, 0x45, 0x7C, 0xF6, 0xD8, 0xE7, 0x36, 0x00, 0x53, 0xE4, 0x05,
    0xF5, 0x38, 0x26, 0x96, 0x4B, 0x69, 0x2B, 0x39, 0x5B, 0xC7, 0xB3, 0x55, 0x3C, 0x6B, 0xC4, 0xB9,
    0x02, 0xB8, 0xD6, 0x6F, 0x33, 0xE4, 0xAA, 0x07, 0x78, 0xC7, 0x45, 0x85, 0xF7, 0xB2, 0x89, 0xAC,
    0xF1, 0x42, 0xF3, 0x78, 0x64, 0x0E, 0x8A, 0x62, 0x7A, 0x12, 0xEF, 0x90, 0xDC, 0x31, 0x88, 0x52,
    0x77, 0xEC, 0xC6, 0x1A, 0x09, 0xB5, 0xC4, 0x7C, 0xF8, 0x3E, 0xC8, 0x57, 0x58, 0x28, 0x79, 0x95,
    0xD5, 0x69, 0xE6, 0x3C, 0x64, 0x0A, 0xC5, 0x47, 0x5A, 0xE6, 0xA4, 0x9C, 0xE9, 0x6E, 0x6B, 0xD2,
    0xE3, 0x6A, 0x25, 0xAE, 0x54, 0x31, 0x38, 0x64, 0x16, 0xA5, 0x00, 0xCF, 0xE3, 0xAF, 0x1B, 0x71,
    0xD4, 0x00, 0x86, 0xD3, 0x70, 0x55, 0x05, 0x6D, 0x1F, 0x2F, 0xE1, 0xC7, 0x26, 0xBA, 0x5E, 0x87,
    0x97, 0xCC, 0x88, 0xE2, 0xBE, 0x14, 0xEA, 0xC3, 0xF5, 0x33, 0x9A, 0x5E, 0xB9, 0x40, 0x7C, 0x8C,
    0xFF, 0x1B, 0x5C, 0xD3, 0x88, 0x33, 0x9D, 0x3C, 0x9B, 0xCB, 0x13, 0xA9, 0x9C, 0x5F, 0x94, 0xFB,
    0x17, 0xE5, 0xDC, 0x62, 0x6C, 0xDA, 0xB8, 0x6C, 0x63, 0xDD, 0xE0, 0x22, 0x42, 0xDA, 0x18, 0xFA,
    0x61, 0xC9, 0x4C, 0xF5, 0x84, 0x6B, 0x18, 0x29, 0x0E, 0x22, 0x0F, 0xB4, 0x94, 0x7D, 0x69, 0x2A,
    0xEB, 0xE1, 0xE1, 0x06, 0x8E, 0xF9, 0x95, 0x02, 0xE9, 0xEC, 0x76, 0xAD, 0xBB, 0x37, 0x36, 0xC3,
    0xC3, 0xB6, 0x7E, 0xEF, 0x99, 0x78, 0xB3, 0x64, 0x4E, 0x3B, 0x9C, 0xC4, 0x0C, 0x89, 0xDA, 0xC7,
    0x39, 0x41, 0x94, 0xD3, 0x41, 0x99, 0x46, 0x1A, 0xA5, 0x06, 0x6C, 0xEC, 0x21, 0xC4, 0x44, 0x29,
    0x8A, 0xDE, 0xD4, 0x79, 0x21, 0xF8, 0x57, 0xF7, 0xBF, 0x52, 0xCB, 0xCF, 0x44, 0xED, 0xA6, 0x5C,
    0x50, 0xD4, 0x29, 0xD6, 0x43, 0x99, 0x62, 0xB8, 0x29, 0x34, 0xD9, 0x23, 0xEC, 0x2F, 0xAE, 0x11,
    0xD7, 0x5C, 0xBE, 0xC2, 0xA8, 0x09, 0x37, 0xE6, 0x5C, 0x02, 0x03, 0x2A, 0x65, 0xED, 0x0F, 0xBF,
    0xF8, 0xAC, 0xEA, 0x6B, 0xCD, 0xA0, 0x0C, 0x8A, 0xAB, 0xA8, 0xEF, 0x4E, 0xD2, 0x98, 0x2E, 0x7A,
    0xBE, 0x70, 0x64, 0xD1, 0xAB, 0x8F, 0x6D, 0xCB, 0x0A, 0x6B, 0x3D, 0x05, 0xFF, 0x06, 0xF0, 0x08,
    0x68, 0x03, 0xCA, 0xEE, 0x5E, 0x05, 0x21, 0x51, 0x5E, 0x62, 0xAB, 0xA3, 0xC2, 0x24, 0xD7, 0x0B,
    0x50, 0x20, 0x01, 0xC7, 0x04, 0x08, 0x40, 0x0C, 0x20, 0x2E, 0x70, 0xE4, 0x58, 0x9B, 0x67, 0xE2,
    0xDF, 0x70, 0x01, 0x10, 0x3F, 0xCE, 0x18, 0xF6, 0x11, 0x25, 0xED, 0x22, 0x54, 0x5A, 0xB9, 0x9A,
    0x94, 0x06, 0x77, 0xB2, 0x3F, 0xD9, 0xA1, 0xEC, 0x51, 0x92, 0x78, 0x15, 0xA7, 0xC0, 0x23, 0x67,
    0xBA, 0x9E, 0x00, 0x3E, 0x48, 0x49, 0xCE, 0x43, 0x4E, 0x02, 0x47, 0xE6, 0x98, 0x00, 0x00, 0xFE,
    0x65, 0x4B, 0x31, 0x08, 0x20, 0x1E, 0x11, 0x80, 0x57, 0xF4, 0xA8, 0xC5, 0x26, 0x8D, 0x31, 0xE8,
    0x0E, 0xFA, 0x7A, 0xFC, 0x09, 0xDE, 0xF6, 0xAB, 0x01, 0x4B, 0x79, 0x9C, 0xF0, 0x6B, 0x72, 0x37,
    0xCF, 0xDF, 0xEC, 0x04, 0xF7, 0x63, 0xB0, 0xB4, 0xAF, 0xCB, 0xEF, 0x05, 0xE8, 0x6F, 0xAC, 0xC3,
    0x7E, 0xF1, 0x3A, 0xF6, 0xFE, 0x08, 0x9B, 0x4D, 0x7A, 0x34, 0x7A, 0x66, 0x02, 0x89, 0x8E, 0xFF,
    0x16, 0xF3, 0xD4, 0xEE, 0x14, 0xCA, 0xA7, 0x56, 0x95, 0x5F, 0x35, 0xDC, 0x86, 0xDD, 0x1F, 0xEB,
    0xB9, 0x07, 0xD5, 0x3F, 0xB2, 0xFE, 0x30, 0x70, 0x78, 0xF2, 0x30, 0xC0, 0xD2, 0x0D, 0x87, 0x81,
    0x62, 0xCC, 0xD0, 0x8E, 0xA2, 0x9D, 0x8B, 0x9C, 0x8F, 0x48, 0x7C, 0x96, 0x83, 0x14, 0x4E, 0xE6,
    0x56, 0x8B, 0x77, 0x17, 0x10, 0xC9, 0x06, 0xC0, 0x06, 0x47, 0x21, 0x9E, 0x8B, 0x45, 0xB8, 0x4F,
    0x2B, 0x2E, 0xD9, 0x39, 0xAE, 0x2D, 0xB7, 0x19, 0x28, 0x77, 0x1A, 0x65, 0x7D, 0xC6, 0x27, 0x72,
    0x3E, 0xA7, 0xF8, 0xCD, 0x14, 0x8F, 0xDD, 0xB9, 0xC8, 0x4C, 0xDD, 0x79, 0x8D, 0xBB, 0x8E, 0x94,
    0xE6, 0x17, 0xB1, 0xFF, 0x0E, 0x40, 0x82, 0x5B, 0xE2, 0x25, 0x6E, 0x96, 0xC7, 0x08, 0x10, 0xD4,
    0xDC, 0x70, 0x07, 0x77, 0x82, 0x6D, 0x99, 0x9F, 0xC2, 0x71, 0xA2, 0xDC, 0xEA, 0xCA, 0xED, 0x90,
    0x8F, 0x7E, 0x61, 0xF7, 0x3B, 0x3C, 0xD3, 0x46, 0xFC, 0xF8, 0x13, 0x6C, 0x7D, 0x26, 0x8D, 0x94,
    0x7B, 0x98, 0xCB, 0xCB, 0xF0, 0xFD, 0xDE, 0x73, 0x25, 0x4D, 0x89, 0xA5, 0x15, 0x5A, 0x14, 0x70,
    0x7F, 0xCA, 0x41, 0xBB, 0xA5, 0x2F, 0xA0, 0x60, 0x79, 0xE2, 0xA7, 0x84, 0x6B, 0xCD, 0x49, 0x14,
    0xEE, 0xB7, 0x9D, 0x4D, 0xEE, 0xDA, 0x26, 0x4C, 0x86, 0xB6, 0xC2, 0x56, 0x77, 0xF6, 0x92, 0x38,
    0xF5, 0x51, 0xDE, 0xF6, 0x0D, 0xB4, 0x3B, 0x5C, 0x35, 0x79, 0x15, 0x03, 0xD1, 0xD3, 0x05, 0x87,
    0xC9, 0x34, 0x0D, 0x93, 0xF2, 0xBF, 0x04, 0x5C, 0x6F, 0x32, 0x19, 0xF5, 0x26, 0xBF, 0xB3, 0xBA,
    0x0F, 0x8E, 0x29, 0x69, 0xFB, 0x6A, 0x72, 0xB7, 0xFF, 0x97, 0xF8, 0x0E, 0xCA, 0xBE, 0x3B, 0x82,
    0x32, 0x86, 0xAF, 0x4F, 0x12, 0x95, 0x6D, 0x82, 0xB2, 0x3B, 0xB5, 0x0E, 0xC5, 0xA6, 0xD6, 0xA1,
    0xF9, 0xAA, 0xAD, 0xC3, 0xCE, 0xB5, 0x0E, 0x3B, 0xB6, 0xBF, 0xF7, 0x8C, 0x0B, 0x90, 0x9D, 0x13,
    0xFA, 0xAE, 0xA5, 0x7A, 0xC6, 0xA5, 0xBA, 0xA6, 0xE0, 0x8A, 0x2B, 0xD5, 0x6F, 0x72, 0xA9, 0x7E,
    0xAD, 0x49, 0x00, 0xFF, 0x88, 0x4C, 0x94, 0xEA, 0x06, 0x6E, 0x09, 0x39, 0xE6, 0xB8, 0x48, 0xE8,
    0x9B, 0x00, 0xD1, 0x6D, 0x0D, 0xFE, 0xAA, 0xEF, 0xDF, 0x3D, 0x76, 0xB7, 0xFE, 0x5D, 0xFA, 0xB9,
    0xFD, 0x3B, 0x57, 0xE2, 0xEC, 0x1D, 0x1F, 0x96, 0xC5, 0xC6, 0x92, 0x37, 0xE0, 0xE3, 0x44, 0x0F,
    0x1F, 0xFF, 0x9C, 0x80, 0x0F, 0xCB, 0xF0, 0xB1, 0x92, 0x00, 0x3E, 0x34, 0x4A, 0x5C, 0xEE, 0xF2,
    0x64, 0xFD, 0xC3, 0xFC, 0x0F, 0x89, 0x87, 0xEF, 0x59, 0xCB, 0xCD, 0x6A, 0xEE, 0x71, 0xB9, 0x36,
    0x88, 0xB3, 0x00, 0xAB, 0x20, 0x1B, 0xC3, 0xE7, 0x46, 0x15, 0xDE, 0xDD, 0xA5, 0x0A, 0x07, 0x69,
    0x67, 0xDC, 0x0F, 0x79, 0x68, 0x54, 0x6D, 0x65, 0x23, 0x33, 0xE6, 0x8D, 0x68, 0xF3, 0x26, 0x82,
    0x5B, 0x7D, 0xFE, 0xD7, 0x8D, 0x46, 0xDC, 0x91, 0xD7, 0x3C, 0x0A, 0xA7, 0x0C, 0xBD, 0x27, 0xAE,
    0x8F, 0x6F, 0xED, 0x65, 0xE5, 0x9F, 0x82, 0x0C, 0xFB, 0xFF, 0x46, 0xC6, 0x05, 0xA3, 0x5A, 0xDE,
    0xA3, 0x1A, 0x9E, 0xF5, 0xF1, 0xAC, 0xC7, 0x79, 0xDC, 0x00, 0x6E, 0x5A, 0x6E, 0xC1, 0x94, 0x3D,
    0xA2, 0x29, 0xDA, 0x90, 0x43, 0xCC, 0x92, 0xF0, 0xFE, 0xF1, 0x6C, 0x98, 0x5F, 0xE0, 0x20, 0x1C,
    0x14, 0x38, 0x52, 0x0F, 0xF3, 0x23, 0x63, 0x3B, 0x8C, 0xC1, 0x34, 0x81, 0x12, 0xC0, 0xCD, 0xC9,
    0x15, 0x2A, 0xCF, 0xC9, 0x6D, 0x8B, 0xFC, 0xF2, 0x5D, 0xE6, 0x7F, 0xE0, 0x96, 0xF9, 0x8B, 0xF1,
    0xFC, 0x21, 0xE3, 0x02, 0x9B, 0x61, 0x62, 0xFE, 0x98, 0xF3, 0x46, 0x32, 0xCA, 0x70, 0x7A, 0x6F,
    0x52, 0x3F, 0xE5, 0xBB, 0xE0, 0xE5, 0xA0, 0x7B, 0xA5, 0x1A, 0x5A, 0x58, 0xB7, 0xF5, 0x27, 0xD9,
    0x45, 0x11, 0x37, 0x33, 0xE2, 0xBE, 0x2B, 0x3A, 0x22, 0x33, 0x31, 0x29, 0x4B, 0x3D, 0x99, 0xA1,
    0x44, 0x21, 0xD4, 0x28, 0x20, 0xB3, 0xC5, 0x81, 0xCC, 0x50, 0x35, 0x19, 0x10, 0x19, 0x93, 0x99,
    0x9E, 0x20, 0xB3, 0xA1, 0xBB, 0x8A, 0xC9, 0xF1, 0x7C, 0xAE, 0xEF, 0x77, 0x7B, 0x46, 0xC0, 0xBA,
    0xD6, 0x9B, 0x70, 0xAD, 0x46, 0x75, 0xFC, 0x1D, 0x64, 0x13, 0x9F, 0x6B, 0x90, 0x83, 0x09, 0x33,
    0x2C, 0x8A, 0xB4, 0xB5, 0xB6, 0x67, 0xF3, 0x9E, 0x99, 0xFB, 0x5A, 0x6F, 0xCA, 0xD5, 0x7A, 0xB4,
    0xDD, 0xF8, 0xD6, 0xC8, 0x2B, 0x46, 0x85, 0x2E, 0xAB, 0x5E, 0x71, 0x50, 0xB0, 0x8F, 0x6E, 0x6B,
    0xE4, 0x26, 0x9C, 0xDE, 0xA2, 0x6F, 0xDC, 0x62, 0x0A, 0x20, 0xB5, 0xB1, 0x2F, 0xBE, 0x3C, 0x34,
    0x73, 0x5D, 0x23, 0x57, 0xF7, 0x8D, 0xDC, 0x6E, 0xDC, 0xC8, 0xBD, 0xF5, 0x5C, 0xF7, 0x46, 0xA7,
    0x6C, 0xC7, 0x7A, 0xF3, 0xB9, 0xEE, 0x7F, 0xB5, 0x99, 0xCF, 0x8B, 0xDD, 0x54, 0x14, 0xC7, 0x4F,
    0x92, 0xB6, 0x11, 0x83, 0xDC, 0x41, 0x2D, 0x52, 0xB5, 0x4D, 0x17, 0x5D, 0x28, 0xE8, 0xA4, 0x0B,
    0x17, 0x05, 0x67, 0xE6, 0x46, 0x5D, 0xB8, 0x28, 0x68, 0x17, 0x05, 0xFF, 0x05, 0x17, 0x82, 0x5D,
    0x74, 0x21, 0xA8, 0x93, 0x54, 0x71, 0xD5, 0x45, 0xBB, 0x10, 0x04, 0xB1, 0x30, 0xA0, 0x7F, 0x40,
    0x5D, 0x59, 0x70, 0x66, 0x72, 0x69, 0x17, 0x2E, 0x8A, 0x34, 0x28, 0xC5, 0xED, 0xD5, 0x5A, 0x46,
    0x18, 0xB5, 0xA9, 0x46, 0x88, 0xAF, 0xEF, 0x25, 0x7E, 0xCF, 0xBD, 0x79, 0xF3, 0xA3, 0x9D, 0xCA,
    0xCC, 0x7B, 0xC9, 0x7B, 0xEF, 0xE4, 0xCD, 0x7B, 0x79, 0x39, 0xF9, 0xDC, 0x73, 0xCF, 0xF9, 0xDE,
    0x1F, 0x43, 0x7E, 0x41, 0x24, 0x4A, 0xA2, 0x70, 0x48, 0xF4, 0x22, 0x6C, 0x6E, 0x44, 0x74, 0xB6,
    0x26, 0x2A, 0x32, 0x58, 0x42, 0xEE, 0xED, 0x24, 0xF6, 0x9A, 0x26, 0xF5, 0x6E, 0x26, 0x2A, 0x88,
    0x43, 0x25, 0x48, 0xE8, 0x77, 0xD3, 0xA8, 0x6A, 0x74, 0x86, 0x1F, 0xE2, 0xB1, 0x0F, 0x16, 0xA5,
    0x44, 0x52, 0xE1, 0x3D, 0xA6, 0xF1, 0xC3, 0x69, 0xFE, 0x24, 0x7F, 0x50, 0x93, 0x50, 0x35, 0x4E,
    0xD7, 0x24, 0x5F, 0x81, 0xB9, 0x30, 0x6F, 0x95, 0xA4, 0x0F, 0x3B, 0xB9, 0x42, 0xD1, 0x1F, 0x99,
    0x12, 0x55, 0xA2, 0x9C, 0x78, 0x9F, 0xF5, 0x93, 0xC0, 0x70, 0x5B, 0x92, 0xAD, 0x93, 0xE0, 0x57,
    0xA2, 0x59, 0x30, 0xCD, 0x7F, 0x88, 0xF3, 0x78, 0xF7, 0xC0, 0xEA, 0xE0, 0x1E, 0xD3, 0x30, 0x3F,
    0x0D, 0xBF, 0x8D, 0x26, 0xF7, 0x16, 0x7C, 0x7C, 0xA6, 0xE1, 0x07, 0xEC, 0xE1, 0x84, 0xCC, 0x74,
    0x02, 0xC6, 0x5C, 0x95, 0xF5, 0xC3, 0x0F, 0x17, 0x3E, 0x03, 0xB0, 0x45, 0x60, 0x7A, 0x0F, 0x8E,
    0x67, 0x9C, 0xE9, 0x78, 0x5D, 0xC4, 0x35, 0xD0, 0x36, 0xBE, 0x57, 0xE0, 0x5F, 0x70, 0x7C, 0x70,
    0xAF, 0x2C, 0x27, 0xA7, 0x28, 0xC8, 0x4D, 0x8F, 0x4D, 0xC6, 0x1E, 0xB0, 0x2F, 0xF8, 0x14, 0x60,
    0xA3, 0xE5, 0x7E, 0xD8, 0x39, 0x3C, 0xAB, 0x64, 0xD9, 0x7D, 0xDD, 0x1D, 0xBB, 0x09, 0xC8, 0x02,
    0xC3, 0x00, 0xFC, 0xF1, 0x0A, 0x9D, 0xA9, 0x29, 0xF8, 0x37, 0xEE, 0x8C, 0x9B, 0x92, 0x98, 0xDC,
    0xF5, 0x9C, 0xBC, 0x1F, 0x71, 0x9F, 0x37, 0x15, 0x89, 0x08, 0xDC, 0x9F, 0x4E, 0xCF, 0xBD, 0x1F,
    0x17, 0x85, 0x6B, 0x29, 0xC9, 0x86, 0xE8, 0xE8, 0x4A, 0xF7, 0xF1, 0x9E, 0xE1, 0xDC, 0xFE, 0x02,
    0x5C, 0x43, 0x72, 0x5E, 0x2D, 0x3A, 0x8C, 0x77, 0x0F, 0xB9, 0xF1, 0x30, 0xED, 0xE8, 0x8A, 0x79,
    0x27, 0x3D, 0xA1, 0xC3, 0x36, 0x21, 0x5D, 0xDC, 0x3E, 0xB8, 0x68, 0xBF, 0x3A, 0xE3, 0x43, 0x5F,
    0xD0, 0x1E, 0x89, 0xEF, 0x44, 0x65, 0xBF, 0x9B, 0xAA, 0x5D, 0xDA, 0xEA, 0x54, 0x88, 0xF7, 0x79,
    0x70, 0x83, 0xDF, 0x55, 0x27, 0xC8, 0x19, 0x14, 0x46, 0x77, 0xC6, 0xED, 0xDC, 0x73, 0x7B, 0x1E,
    0x6B, 0x63, 0xC5, 0x7E, 0x9D, 0xAA, 0x1F, 0xF6, 0xCB, 0x56, 0xCE, 0x28, 0x03, 0x63, 0xA0, 0xBA,
    0x63, 0xDF, 0x5A, 0xAE, 0x07, 0xC1, 0xE9, 0xE1, 0xF3, 0xD7, 0x6F, 0x40, 0xCF, 0x66, 0xC1, 0x8E,
    0xEF, 0xC3, 0x72, 0x7A, 0x76, 0x8E, 0xCD, 0xBD, 0x82, 0x9C, 0xBF, 0xE1, 0xE3, 0x64, 0x0E, 0x3F,
    0x31, 0x39, 0x9F, 0x74, 0xC4, 0xCF, 0x75, 0x1B, 0xAD, 0xC5, 0xA6, 0x6E, 0x67, 0x96, 0xBB, 0x8F,
    0xBB, 0xA9, 0xDB, 0x77, 0xC8, 0x6D, 0x2A, 0x72, 0x0E, 0xE8, 0xEE, 0xE2, 0xDE, 0x4B, 0x7E, 0xEF,
    0x5C, 0xB7, 0x9D, 0x31, 0xEF, 0x50, 0xB7, 0x51, 0xD3, 0x18, 0xF3, 0x4A, 0x11, 0x7B, 0x65, 0x00,
    0x73, 0x4C, 0x89, 0xF9, 0x83, 0xAF, 0xC8, 0x87, 0xD6, 0xF9, 0xFF, 0x9C, 0x36, 0x4D, 0x62, 0x0B,
    0x8A, 0x20, 0x0E, 0x0A, 0x11, 0x47, 0x83, 0x8C, 0x12, 0x5C, 0xB3, 0xC1, 0x2B, 0x63, 0xAB, 0x2B,
    0x32, 0xDE, 0x9C, 0xA2, 0xE4, 0xC1, 0xBD, 0x22, 0xBC, 0x56, 0xCA, 0xD7, 0x0A, 0x19, 0x68, 0xD9,
    0xC4, 0x52, 0xF3, 0x69, 0xA9, 0x96, 0xC2, 0xA6, 0xF0, 0x9B, 0x94, 0x9E, 0x24, 0xEE, 0x1A, 0x88,
    0xE9, 0xC8, 0xD6, 0x05, 0x8D, 0xB3, 0x8C, 0xEE, 0x22, 0x7A, 0x4F, 0x15, 0x76, 0x04, 0xDD, 0x3F,
    0x25, 0xE1, 0xF3, 0xE8, 0x78, 0xE5, 0x7D, 0x97, 0xBB, 0x17, 0x14, 0x61, 0xA0, 0x59, 0xD8, 0x0B,
    0xDB, 0x36, 0xB9, 0x9F, 0x32, 0x54, 0x6E, 0x75, 0xD4, 0x83, 0xEF, 0x28, 0xDF, 0x43, 0x78, 0x58,
    0x32, 0x3C, 0xC4, 0x42, 0xE8, 0x16, 0x9C, 0x07, 0x67, 0xC4, 0x88, 0x9D, 0x64, 0xA8, 0x46, 0xFD,
    0x81, 0x09, 0xFF, 0x54, 0xF1, 0xC1, 0x0C, 0x48, 0xE4, 0xDC, 0x77, 0x95, 0x11, 0x70, 0x24, 0x07,
    0xC2, 0xF5, 0x83, 0xF6, 0xE8, 0xCC, 0x6E, 0x29, 0x9F, 0x6B, 0x73, 0x8A, 0xF3, 0xF5, 0x40, 0xD1,
    0x0F, 0xE5, 0x65, 0x93, 0x22, 0x50, 0x4E, 0x08, 0x27, 0x4D, 0x0A, 0x7A, 0xBF, 0x8A, 0x05, 0x17,
    0x30, 0xA9, 0xB9, 0xD9, 0x1D, 0x24, 0x0F, 0x7E, 0xDE, 0x1D, 0x45, 0xFE, 0x0D, 0xA8, 0x3B, 0x2A,
    0xF4, 0x30, 0xFA, 0x2C, 0x39, 0xCD, 0x9C, 0x04, 0x50, 0xB2, 0xA4, 0x86, 0x95, 0x00, 0x4B, 0xA0,
    0x25, 0xE0, 0x12, 0x78, 0xA1, 0x7D, 0x60, 0xD5, 0x6D, 0x1D, 0xA9, 0x25, 0x02, 0x34, 0x31, 0xB5,
    0xC1, 0x66, 0x4B, 0x2E, 0xC1, 0x0F, 0x42, 0xF0, 0x51, 0xD9, 0x7D, 0x70, 0x67, 0xC8, 0xA9, 0xDF,
    0xF6, 0x9A, 0xD2, 0xF5, 0xF3, 0x49, 0x23, 0xDB, 0x43, 0x97, 0x3F, 0x4C, 0x5A, 0x26, 0x23, 0xDC,
    0xAE, 0x34, 0x6E, 0x45, 0x62, 0x95, 0x42, 0x49, 0xFB, 0x56, 0xC8, 0x41, 0x44, 0x4F, 0x01, 0x93,
    0x5F, 0x28, 0xB6, 0xCD, 0x57, 0xC1, 0x5C, 0x1B, 0xAF, 0xC0, 0xBC, 0xA2, 0x01, 0xE0, 0xE8, 0xC0,
    0x45, 0x39, 0x9C, 0x5B, 0x7E, 0x6E, 0xE8, 0x15, 0x1E, 0x6B, 0x74, 0x11, 0x95, 0x9E, 0x7D, 0x16,
    0xFC, 0xF4, 0x0B, 0x7F, 0xE0, 0xD5, 0x74, 0x6A, 0x4F, 0x2E, 0xDB, 0x18, 0x6A, 0x5E, 0x31, 0xF0,
    0x80, 0x8E, 0x66, 0xA1, 0x2E, 0x85, 0x16, 0x46, 0x2F, 0x32, 0x95, 0xE5, 0x82, 0x9F, 0xCA, 0x3E,
    0x43, 0x15, 0xFE, 0x2E, 0x2A, 0x27, 0xC6, 0x6F, 0x54, 0x98, 0x0B, 0xD5, 0x5E, 0x9E, 0x55, 0xE4,
    0xD7, 0x0D, 0xC6, 0x94, 0x48, 0xC9, 0x54, 0xE8, 0x04, 0xEE, 0x33, 0x58, 0x43, 0x7E, 0x59, 0xE3,
    0x86, 0xB5, 0xF9, 0x9B, 0x8D, 0xCF, 0x89, 0x5C, 0xF2, 0xAF, 0x06, 0x40, 0x6C, 0x10, 0x82, 0x83,
    0xFF, 0xAF, 0xE4, 0x55, 0xA8, 0x86, 0x32, 0x1D, 0xC9, 0xB8, 0x1E, 0xBF, 0x46, 0xF2, 0xDC, 0x30,
    0xFC, 0xA9, 0xF4, 0x91, 0xCD, 0x36, 0xBE, 0x08, 0x2E, 0xDA, 0xB1, 0x62, 0xAE, 0x09, 0x81, 0xBD,
    0x08, 0xAF, 0x57, 0xA0, 0x2A, 0x4F, 0x14, 0x66, 0xBE, 0x43, 0x6E, 0x3C, 0x3D, 0xE1, 0x21, 0xD0,
    0x28, 0x2C, 0x1C, 0x9C, 0xF3, 0x8A, 0xC7, 0xC0, 0xD9, 0x5D, 0xF3, 0x19, 0x29, 0x2D, 0xB6, 0x4B,
    0xA9, 0xAF, 0xEC, 0x84, 0x2F, 0x81, 0xF3, 0x62, 0x8E, 0x88, 0x07, 0xC8, 0x69, 0x01, 0x59, 0x4E,
    0x55, 0x2B, 0xA7, 0x78, 0x1C, 0x31, 0x81, 0x6C, 0x94, 0xFB, 0x4B, 0xE1, 0xC5, 0xC7, 0x77, 0x0B,
    0xFB, 0x42, 0x3B, 0x3A, 0x47, 0x1C, 0xB5, 0xA2, 0x3F, 0x58, 0xAB, 0xAA, 0x0D, 0xB5, 0xAA, 0x3A,
    0x19, 0xEC, 0xC6, 0xA8, 0xFD, 0x17, 0xEC, 0x2D, 0x0D, 0xF5, 0x4B, 0x29, 0xBC, 0xDD, 0x2D, 0xE8,
    0x58, 0x59, 0xBD, 0xEB, 0xAC, 0xAC, 0x29, 0x1D, 0x41, 0x17, 0x4A, 0xAB, 0xAC, 0x80, 0x25, 0x4B,
    0x3B, 0x56, 0xD6, 0x8A, 0x40, 0x8C, 0x2E, 0x18, 0xA1, 0x35, 0xF5, 0x16, 0xC3, 0xE7, 0x73, 0x43,
    0x02, 0x38, 0x31, 0xB9, 0x41, 0x37, 0xD3, 0xA1, 0xCF, 0xE1, 0x07, 0xB9, 0x7B, 0xAE, 0xEC, 0x27,
    0xC8, 0x5B, 0xD5, 0x75, 0xC2, 0x08, 0xF7, 0xD4, 0xFD, 0x3B, 0x95, 0xFB, 0x64, 0x84, 0xF7, 0x55,
    0x3F, 0x9D, 0xE5, 0x0B, 0x59, 0x69, 0x79, 0x4D, 0x4B, 0xA1, 0xF5, 0x1D, 0xE4, 0x20, 0x16, 0x1A,
    0xC8, 0xAF, 0x6B, 0x30, 0x5F, 0xCD, 0x81, 0xB3, 0xAE, 0x40, 0x5D, 0x13, 0x63, 0x13, 0x73, 0x13,
    0x83, 0x53, 0x6D, 0x3F, 0x9A, 0x03, 0x0A, 0x36, 0x31, 0x33, 0x14, 0xD0, 0x13, 0xE3, 0x5B, 0x7E,
    0x9B, 0x16, 0xEE, 0x78, 0xEB, 0x03, 0xEF, 0x0B, 0x28, 0xEF, 0xE3, 0x3C, 0x92, 0xB8, 0x05, 0x98,
    0x8B, 0xE0, 0xDE, 0xBD, 0x3C, 0x54, 0x18, 0x0B, 0x76, 0x93, 0x07, 0x2F, 0xB5, 0x39, 0x86, 0xF8,
    0xF2, 0x46, 0x93, 0xAF, 0xFB, 0x02, 0x5E, 0x22, 0x33, 0xDE, 0x98, 0x51, 0x28, 0x02, 0xB0, 0x37,
    0x21, 0x30, 0xEB, 0xAB, 0x11, 0x58, 0xA3, 0xB0, 0x46, 0x62, 0x6D, 0x11, 0xBB, 0x71, 0x0F, 0xD4,
    0x87, 0x38, 0x0D, 0x94, 0xD9, 0xB0, 0x61, 0xE1, 0xA5, 0x08, 0xB3, 0x96, 0xD9, 0x09, 0xC9, 0x4D,
    0x3E, 0x67, 0x97, 0xC8, 0x4E, 0x67, 0xCC, 0x7C, 0xA6, 0x97, 0x50, 0x3B, 0xD5, 0x51, 0x7C, 0x42,
    0x84, 0xC3, 0x5B, 0xED, 0x0C, 0x63, 0x02, 0xD8, 0xF1, 0xB0, 0xDC, 0x7D, 0x48, 0xCD, 0xFA, 0xD1,
    0x14, 0x1D, 0x57, 0xDF, 0xE6, 0x1E, 0x8A, 0x7D, 0x78, 0x93, 0x23, 0xF3, 0xB2, 0x85, 0xD7, 0x91,
    0x3C, 0xA5, 0x68, 0xAB, 0xB1, 0xA9, 0xA2, 0x51, 0x06, 0x8B, 0x54, 0x50, 0x58, 0x13, 0xC6, 0xA4,
    0x12, 0x5A, 0xA6, 0x21, 0x4C, 0xC2, 0x5E, 0x86, 0x7D, 0x03, 0x5B, 0xCF, 0xE5, 0xB5, 0xEB, 0x79,
    0xD8, 0x9C, 0xAF, 0x82, 0x5A, 0x0C, 0x31, 0x35, 0x7A, 0xE8, 0x2E, 0x74, 0xA2, 0x56, 0x31, 0x33,
    0x69, 0xCC, 0xEA, 0x53, 0x5C, 0x85, 0x5D, 0xC3, 0x9C, 0x8A, 0xED, 0xFA, 0x22, 0x85, 0x37, 0x16,
    0x29, 0xFA, 0x7E, 0x05, 0x8B, 0x60, 0xAC, 0x3E, 0xCB, 0x2D, 0xAB, 0x4F, 0xD9, 0x36, 0x59, 0x6E,
    0x4E, 0x79, 0xB6, 0x6E, 0x36, 0x9A, 0xDD, 0x0B, 0x27, 0x9E, 0x9E, 0xF9, 0x81, 0x9C, 0x05, 0xF7,
    0xEC, 0x84, 0xDC, 0x3B, 0xEB, 0x99, 0xA7, 0x9B, 0x52, 0xAE, 0x95, 0x99, 0x8E, 0x6E, 0x95, 0x40,
    0xD4, 0x45, 0x94, 0x8A, 0x9F, 0x35, 0x0E, 0x77, 0x14, 0x0E, 0xE8, 0x9A, 0x14, 0x55, 0x2A, 0x63,
    0x0C, 0xE2, 0x32, 0x96, 0x7C, 0x78, 0x9F, 0x0F, 0xDF, 0xF2, 0x61, 0x1D, 0x87, 0x8F, 0xB1, 0x4A,
    0x88, 0x9A, 0x0B, 0x18, 0xB1, 0x6A, 0xDE, 0x39, 0x38, 0x35, 0xD6, 0x33, 0xAB, 0x3E, 0x66, 0x4E,
    0xB7, 0x40, 0x8B, 0x44, 0xC7, 0xCD, 0x62, 0x1D, 0x6B, 0x57, 0x60, 0x0B, 0xE6, 0x9E, 0xC3, 0x49,
    0x24, 0x92, 0xB8, 0x8A, 0x35, 0x03, 0xA3, 0x1B, 0x76, 0x03, 0x6F, 0xE8, 0x0D, 0xBE, 0xE1, 0x27,
    0x6E, 0x00, 0xD9, 0x16, 0xEC, 0xAC, 0x70, 0x3D, 0x34, 0x61, 0x89, 0x5A, 0x89, 0xB3, 0x33, 0xED,
    0x88, 0x9B, 0xE0, 0x75, 0xD2, 0x84, 0x67, 0x98, 0x79, 0xB1, 0xDA, 0xA6, 0x79, 0x3C, 0x2C, 0xE2,
    0x74, 0x0F, 0xED, 0x38, 0x44, 0x36, 0x81, 0xEC, 0x36, 0xB5, 0x49, 0x21, 0xE4, 0xD0, 0x22, 0x27,
    0x51, 0x17, 0x8D, 0xD9, 0x59, 0x06, 0xBB, 0x6F, 0x07, 0xCB, 0xA0, 0xD1, 0x41, 0x08, 0xA1, 0x5E,
    0xA4, 0x76, 0xEB, 0x67, 0x5A, 0xFA, 0x5E, 0x32, 0xC7, 0x4A, 0xA2, 0x49, 0xD1, 0xF8, 0x41, 0x49,
    0x24, 0xEA, 0x8C, 0x7E, 0xF3, 0x46, 0xF7, 0x69, 0xEF, 0xB3, 0xAD, 0x26, 0xF3, 0x32, 0xB6, 0x9D,
    0x77, 0x67, 0x43, 0x31, 0xCA, 0x86, 0xC1, 0x48, 0x68, 0x37, 0xF7, 0xB1, 0xDC, 0xF3, 0x2A, 0x01,
    0x25, 0xC0, 0x2C, 0x09, 0xB7, 0x26, 0x89, 0x5E, 0x93, 0xBC, 0x1B, 0xAD, 0xB6, 0x5B, 0xF6, 0x9B,
    0xD9, 0x36, 0xA2, 0x63, 0xED, 0x3F, 0x7F, 0x92, 0xB6, 0xA0, 0x1D, 0xBB, 0x50, 0x8B, 0xF4, 0x02,
    0x2E, 0x4B, 0xA0, 0xF2, 0x11, 0x4C, 0xC0, 0x8E, 0xC0, 0xE6, 0x60, 0x27, 0xB0, 0x4A, 0xBC, 0x4C,
    0xEE, 0xB0, 0x30, 0x53, 0x5B, 0xB4, 0x12, 0x19, 0x1E, 0xD3, 0x7E, 0x01, 0xB7, 0x58, 0xF6, 0x86,
    0x95, 0x95, 0xCB, 0xA9, 0x98, 0xEC, 0xD2, 0xD2, 0x7E, 0xC7, 0x7A, 0x1E, 0xA6, 0x1B, 0xCD, 0xDF,
    0x1B, 0x57, 0x0A, 0x2E, 0x4C, 0xB5, 0x43, 0x8C, 0x3F, 0x83, 0xCA, 0xAE, 0x59, 0x31, 0x0A, 0xD2,
    0x2C, 0x02, 0x3E, 0x3F, 0x6F, 0xFF, 0xA3, 0xE8, 0xDA, 0xFF, 0x28, 0x4E, 0xC5, 0xFB, 0x68, 0x6C,
    0xB6, 0x14, 0xE8, 0x2E, 0xEC, 0xCB, 0x76, 0x4F, 0x50, 0xC4, 0x9D, 0xC4, 0xD1, 0xEC, 0x3C, 0xCB,
    0x35, 0x32, 0xEB, 0xEF, 0x99, 0xE5, 0xE9, 0xFB, 0x7B, 0xF5, 0x11, 0x53, 0xCE, 0xCE, 0xF9, 0x72,
    0xC2, 0x98, 0x3E, 0xC8, 0xF8, 0x1F, 0x75, 0x51, 0xC1, 0x4A, 0xC4, 0x30, 0x10, 0x7D, 0xE9, 0xE2,
    0x0A, 0x16, 0xCC, 0x65, 0xBD, 0x6E, 0xF7, 0xA8, 0x20, 0xD6, 0x83, 0x07, 0x57, 0xDA, 0x26, 0x37,
    0xAF, 0x7B, 0xF0, 0x03, 0x3C, 0xF8, 0x01, 0x22, 0x82, 0x08, 0x42, 0xFA, 0x07, 0xEE, 0x27, 0xEC,
    0x27, 0x2C, 0xE8, 0xA1, 0x87, 0x42, 0xE3, 0xD9, 0x4B, 0xFD, 0x02, 0x17, 0xFC, 0x81, 0x08, 0x45,
    0x0B, 0x46, 0xE3, 0xA4, 0xAE, 0x78, 0x50, 0x93, 0xC9, 0xEB, 0xCC, 0x0B, 0x6F, 0x3A, 0x93, 0x01,
    0x84, 0x15, 0x76, 0xE3, 0x48, 0xB9, 0xA6, 0x72, 0xAD, 0x72, 0x6D, 0xE5, 0x6C, 0xE5, 0x68, 0xE9,
    0xDF, 0xC8, 0xC0, 0x65, 0x82, 0x2B, 0x54, 0xB4, 0xB7, 0x30, 0x80, 0xA2, 0x6F, 0x84, 0x21, 0x31,
    0x33, 0x00, 0x19, 0x45, 0x0A, 0x1C, 0x09, 0x0C, 0x45, 0x0C, 0x92, 0x1F, 0xEA, 0x84, 0x2E, 0x53,
    0x54, 0x22, 0x27, 0xDB, 0x5A, 0xC3, 0x60, 0x05, 0xCA, 0xFB, 0x3A, 0x0A, 0xF5, 0x30, 0x94, 0x74,
    0x35, 0x1B, 0xC1, 0x4B, 0x63, 0x49, 0xA4, 0x8A, 0x35, 0x0F, 0x25, 0x49, 0xCC, 0x3E, 0x96, 0xAB,
    0x81, 0x4F, 0x66, 0x30, 0x7E, 0xA9, 0x95, 0xD3, 0x27, 0x46, 0x32, 0x83, 0xA0, 0x01, 0x33, 0x4B,
    0x7E, 0x69, 0x8B, 0x6F, 0x9B, 0xFE, 0xA5, 0x7A, 0xCE, 0xC9, 0x67, 0xCD, 0x8F, 0xF0, 0xE0, 0xCD,
    0xF3, 0xC7, 0x46, 0x7A, 0x9E, 0x6C, 0x0A, 0x26, 0x63, 0x23, 0xAC, 0xA2, 0x2D, 0x9A, 0xBE, 0x5C,
    0xA1, 0xDE, 0x26, 0x22, 0xFF, 0xE8, 0x59, 0x75, 0xE7, 0x7A, 0xB6, 0xF3, 0x3A, 0xAE, 0x9F, 0x07,
    0x39, 0x20, 0x4C, 0x48, 0x58, 0x94, 0x91, 0xFF, 0x55, 0x99, 0x74, 0x58, 0x10, 0x96, 0xAD, 0x6F,
    0x5C, 0x3C, 0x3D, 0xCC, 0x82, 0x29, 0x0B, 0xAF, 0x6D, 0x64, 0xC1, 0x77, 0xE2, 0x34, 0x45, 0x9A,
    0x46, 0x49, 0x86, 0xAB, 0x2C, 0x26, 0x34, 0x71, 0x96, 0x25, 0xC1, 0x82, 0xB7, 0x51, 0xC3, 0x24,
    0x24, 0x93, 0x49, 0x59, 0xCC, 0xE7, 0x48, 0x8A, 0xB2, 0x2D, 0xCC, 0xDC, 0xCC, 0x6B, 0x48, 0xEC,
    0xC1, 0xAC, 0x2E, 0x84, 0x16, 0x88, 0x74, 0x6F, 0x41, 0x35, 0xEE, 0x02, 0xA7, 0xF4, 0xC8, 0x02,
    0xBC, 0x0E, 0x0D, 0xAF, 0x05, 0x8A, 0xAE, 0xD1, 0x73, 0xDF, 0xEB, 0x2D, 0x9D, 0xE1, 0x99, 0x06,
    0xB8, 0x23, 0x08, 0x2C, 0x85, 0xB1, 0x93, 0xC0, 0xF6, 0x2B, 0x85, 0xDD, 0x24, 0x30, 0xA1, 0x69,
    0xD4, 0xD8, 0x44, 0x50, 0xD3, 0x6C, 0x2E, 0xEF, 0xF9, 0xB8, 0x16, 0x2E, 0x74, 0x94, 0x8A, 0xBD,
    0xA3, 0x7A, 0x27, 0xDD, 0xCD, 0xE3, 0xFA, 0x85, 0xEE, 0x69, 0xCA, 0x45, 0x25, 0x8D, 0xBE, 0x5E,
    0x3E, 0xA5, 0x7E, 0xBC, 0x9E, 0x0A, 0x58, 0xD5, 0xE0, 0x39, 0xE2, 0x7F, 0xB9, 0x01, 0xF0, 0x09,
    0x35, 0x91, 0x21, 0x93, 0x13, 0x41, 0x10, 0x85, 0xBF, 0x4D, 0x20, 0x5B, 0xC5, 0x02, 0x6D, 0x38,
    0x0A, 0x73, 0xEC, 0x09, 0xC4, 0x15, 0x75, 0x64, 0x0C, 0xE2, 0xC4, 0xEE, 0xCC, 0x56, 0xF1, 0x03,
    0x40, 0x10, 0x8D, 0x05, 0x14, 0x02, 0x81, 0x48, 0x91, 0x71, 0x48, 0xEE, 0x1F, 0x70, 0xE2, 0x04,
    0xA8, 0xC3, 0xB3, 0x95, 0x1D, 0x8F, 0x89, 0x47, 0x90, 0x7F, 0x90, 0x08, 0x44, 0xC4, 0x26, 0x43,
    0xCF, 0x52, 0xCC, 0x7B, 0x62, 0xAB, 0x67, 0xB6, 0xFB, 0xF5, 0x7B, 0xA3, 0x4B, 0xCA, 0x03, 0xB6,
    0xA4, 0x15, 0xDF, 0xFF, 0x67, 0x5B, 0x36, 0x1F, 0x17, 0x98, 0x9E, 0xEC, 0x05, 0x4C, 0xC0, 0x41,
    0x64, 0xB4, 0x21, 0x37, 0xDC, 0x31, 0x9C, 0x1B, 0x16, 0x71, 0xF5, 0xB8, 0xF3, 0xA9, 0x0E, 0x37,
    0x67, 0x48, 0x44, 0x0E, 0xDC, 0x86, 0x87, 0x7B, 0xEE, 0x76, 0x50, 0x36, 0xA7, 0x65, 0x53, 0x39,
    0x5C, 0xCF, 0xA4, 0x21, 0xFB, 0x8A, 0x6C, 0xB0, 0xC2, 0xFC, 0x06, 0xCB, 0x3D, 0x71, 0x41, 0x5F,
    0x26, 0xCE, 0xED, 0x30, 0xA2, 0x61, 0xF6, 0x32, 0x1E, 0xE2, 0x7E, 0x7D, 0xCE, 0x76, 0xB4, 0xCE,
    0x83, 0x04, 0xF1, 0x65, 0x03, 0xD9, 0x37, 0x8A, 0x8D, 0x97, 0x71, 0x90, 0x4F, 0x5E, 0xBB, 0xE7,
    0xD1, 0x4F, 0x4D, 0xA8, 0x8A, 0x50, 0x17, 0xA1, 0x8C, 0x64, 0x17, 0x4C, 0x2E, 0xD3, 0x80, 0xD6,
    0xB0, 0x2B, 0xD9, 0x19, 0x96, 0x11, 0x73, 0xCD, 0x89, 0xE5, 0x4F, 0x4B, 0xB7, 0xE5, 0x48, 0x3B,
    0xF8, 0xB1, 0x17, 0xA6, 0xD4, 0xCC, 0x69, 0x07, 0x54, 0x58, 0x84, 0x5C, 0x55, 0xDF, 0xE3, 0x58,
    0xBF, 0xC4, 0x17, 0x21, 0x1F, 0x50, 0xE8, 0x54, 0xE1, 0x09, 0x4F, 0xF5, 0xEE, 0xF5, 0x2D, 0xA2,
    0x0B, 0xE6, 0x47, 0x98, 0xFE, 0x0A, 0xD3, 0x9F, 0xC1, 0x7C, 0xF6, 0x46, 0xBC, 0x93, 0xAD, 0x6A,
    0xD5, 0x5D, 0x0A, 0x9D, 0x23, 0xC1, 0xE6, 0xCA, 0x55, 0x9D, 0x18, 0x6C, 0x11, 0xCC, 0xAB, 0x46,
    0x35, 0xAA, 0x5D, 0xF7, 0xBD, 0x5B, 0xE5, 0x09, 0x43, 0x4F, 0xC5, 0xAA, 0xEB, 0xD5, 0xC3, 0x2B,
    0xEC, 0x92, 0xB9, 0x49, 0x4C, 0xAE, 0xF5, 0x8C, 0xD7, 0xC8, 0xB3, 0xC6, 0x45, 0xB5, 0x32, 0x99,
    0x98, 0x1E, 0x74, 0xA8, 0x65, 0xA7, 0x8E, 0x6C, 0xC7, 0xF8, 0x00, 0x26, 0x99, 0xD8, 0x3A, 0x16,
    0x83, 0x89, 0x69, 0x9F, 0x25, 0xD9, 0x81, 0xF1, 0x12, 0xB1, 0x9C, 0x59, 0xDE, 0x5B, 0x62, 0x0C,
    0x6F, 0x35, 0x86, 0xFA, 0x5F, 0x0C, 0x65, 0x34, 0xFB, 0x33, 0xCC, 0x6E, 0xDA, 0x61, 0x1E, 0x99,
    0xD6, 0x2E, 0x76, 0xFA, 0xDF, 0x1B, 0x72, 0x35, 0xB1, 0x08, 0x36, 0xC3, 0x46, 0xDC, 0x17, 0x5F,
    0x4B, 0x50, 0x5A, 0x19, 0xF4, 0x5E, 0x70, 0x34, 0xC3, 0xC5, 0xA4, 0xE3, 0xDD, 0x31, 0x7C, 0x80,
    0x2D, 0xA3, 0x35, 0xE3, 0x15, 0x45, 0x48, 0xD4, 0x93, 0xD2, 0xBB, 0x6E, 0x4C, 0xE1, 0xCD, 0xF3,
    0x46, 0xF6, 0x69, 0xFB, 0xDA, 0x85, 0xB9, 0x28, 0xBD, 0x19, 0x3A, 0x8C, 0xAE, 0xD0, 0x3C, 0xB4,
    0xA1, 0x56, 0xB4, 0xEE, 0x3A, 0x2F, 0xBF, 0xFD, 0x03, 0xA1, 0xB2, 0xB8, 0xDD, 0x90, 0x7F, 0x93,
    0x37, 0xA2, 0x22, 0x2B, 0x0D, 0xA0, 0x57, 0xB4, 0x1A, 0x47, 0x4D, 0x39, 0xC4, 0x70, 0xA2, 0xD5,
    0xE9, 0x10, 0x84, 0x84, 0x01, 0x43, 0x60, 0x15, 0xDF, 0xF5, 0xEE, 0x2F, 0x5D, 0x54, 0x31, 0x6F,
    0x1C, 0x45, 0x14, 0xFE, 0xF6, 0x26, 0x66, 0x25, 0x56, 0xF1, 0xA4, 0x44, 0x72, 0x60, 0x1B, 0xAA,
    0x9C, 0x60, 0x0B, 0x0A, 0x10, 0xB2, 0x3C, 0x13, 0xA5, 0x48, 0x11, 0x81, 0x5C, 0x10, 0x5A, 0xA8,
    0xA1, 0xB8, 0x02, 0x0A, 0x0B, 0x45, 0xEC, 0x4A, 0x14, 0x14, 0x48, 0xC0, 0x4F, 0x70, 0x41, 0x11,
    0x99, 0xE2, 0x0A, 0x28, 0x52, 0x24, 0x99, 0x91, 0x5C, 0x03, 0x57, 0xA7, 0xBA, 0x22, 0x08, 0x84,
    0x85, 0x6E, 0x90, 0x2F, 0xF2, 0xFA, 0xBC, 0x37, 0x8F, 0x6F, 0xE6, 0x2C, 0x64, 0xB1, 0xAB, 0x6F,
    0xF6, 0xED, 0xCE, 0xCE, 0x7B, 0xEF, 0xFB, 0xDE, 0x9B, 0xC1, 0x4D, 0x0F, 0xBC, 0x41, 0xB8, 0x1E,
    0xA5, 0x08, 0xEA, 0xD5, 0xC2, 0x9A, 0x2F, 0x16, 0x5D, 0xFB, 0xEE, 0x02, 0xEE, 0xED, 0x0E, 0x31,
    0xE1, 0x2D, 0xE2, 0x33, 0x9B, 0x21, 0x3F, 0x7D, 0x89, 0xF6, 0xD4, 0xC0, 0x9C, 0x19, 0x68, 0x59,
    0x63, 0x24, 0x4B, 0x60, 0x01, 0xE0, 0x19, 0xD0, 0x70, 0x3D, 0x61, 0x55, 0xAF, 0x3B, 0xD5, 0x97,
    0x44, 0x01, 0xC5, 0x69, 0x75, 0xBE, 0x0F, 0x25, 0x03, 0xD4, 0xEA, 0x07, 0x94, 0x7C, 0x77, 0x5C,
    0xB3, 0xF3, 0x62, 0x1F, 0x65, 0xE0, 0x9A, 0x95, 0x85, 0x91, 0x0E, 0xF9, 0x32, 0x3D, 0x8A, 0xE8,
    0xB8, 0xA6, 0xB1, 0x55, 0x30, 0x56, 0x87, 0x37, 0xA1, 0xF9, 0x8F, 0x91, 0x80, 0x8A, 0xCF, 0xF1,
    0xEA, 0x7B, 0xDA, 0x73, 0x60, 0xA9, 0x81, 0x47, 0xA5, 0xC7, 0x03, 0xE5, 0x2B, 0x39, 0xF1, 0xFA,
    0xC3, 0xE4, 0xE0, 0x1A, 0xEA, 0xB5, 0x12, 0x5B, 0xCB, 0x88, 0x19, 0x88, 0x7D, 0x07, 0x6A, 0xE1,
    0x0F, 0xA0, 0x7E, 0x9B, 0x1D, 0x70, 0x91, 0x88, 0x1F, 0x9F, 0xC4, 0xD8, 0xA9, 0xE3, 0xFE, 0x73,
    0xB4, 0x7C, 0xED, 0xC6, 0x7F, 0x49, 0xB4, 0xCA, 0xB7, 0x3F, 0x43, 0x79, 0xB3, 0x44, 0xD9, 0xD5,
    0x01, 0xCD, 0x9C, 0xE1, 0x4C, 0x9F, 0x62, 0xA1, 0x48, 0x7C, 0xFA, 0x4D, 0x5E, 0x24, 0xD5, 0xED,
    0x25, 0x43, 0xF5, 0xCD, 0xEC, 0xD2, 0xD0, 0xF3, 0xA7, 0xD9, 0x58, 0xEA, 0x33, 0x09, 0x3A, 0x26,
    0xE3, 0x0F, 0x09, 0x7B, 0x1F, 0x75, 0x6A, 0x59, 0xCF, 0xD6, 0x18, 0xB4, 0x57, 0x2F, 0x5C, 0xB7,
    0x46, 0xDC, 0x82, 0x3A, 0xE3, 0x3B, 0x1C, 0x83, 0xFC, 0x63, 0x69, 0x18, 0xC9, 0xCC, 0x07, 0x54,
    0xD2, 0x6D, 0x0C, 0x98, 0x4B, 0x83, 0xC2, 0x35, 0x2B, 0x40, 0xD6, 0x43, 0xC3, 0x2C, 0x3B, 0xB4,
    0x73, 0x37, 0xE4, 0x0C, 0xB6, 0xB0, 0x95, 0x74, 0x7A, 0x69, 0xAE, 0x07, 0x13, 0xAB, 0xA0, 0x87,
    0x2A, 0x94, 0x61, 0x34, 0x53, 0x4B, 0xDE, 0x5E, 0xF5, 0xBC, 0x7D, 0x62, 0x25, 0xC3, 0xAD, 0x38,
    0x8D, 0xD3, 0x87, 0x58, 0xEB, 0xB5, 0xC6, 0x27, 0x32, 0x15, 0xF7, 0xD0, 0xE5, 0xEF, 0x68, 0x77,
    0xCD, 0x2E, 0x03, 0x1D, 0x98, 0xC7, 0x1C, 0x97, 0x0D, 0xCB, 0xD0, 0x04, 0x52, 0x46, 0x9D, 0x38,
    0x5F, 0xB9, 0x94, 0x90, 0xBB, 0x63, 0xC4, 0xD6, 0x92, 0x37, 0xC5, 0x6E, 0x51, 0x48, 0x44, 0xB5,
    0x8A, 0xA8, 0x7D, 0x64, 0xA6, 0xC4, 0x6D, 0x42, 0x25, 0x3C, 0x85, 0x29, 0x9F, 0xC0, 0xDC, 0x7B,
    0x82, 0xE6, 0x6F, 0xE7, 0x75, 0xDF, 0xFA, 0xC2, 0x5E, 0x43, 0x71, 0x3F, 0xD5, 0x3B, 0x64, 0x5C,
    0xFA, 0x9C, 0xA1, 0xB9, 0xE8, 0xE1, 0x48, 0x91, 0x52, 0x8C, 0x06, 0x0C, 0xE3, 0x78, 0x98, 0xEB,
    0xAA, 0x28, 0x71, 0xCB, 0x30, 0x09, 0x6A, 0x28, 0x96, 0xA3, 0x34, 0x2B, 0x45, 0x8F, 0xF6, 0x24,
    0xA0, 0x16, 0x36, 0xE6, 0x07, 0xEC, 0xB3, 0xAF, 0x85, 0xC3, 0x5D, 0x01, 0x67, 0x03, 0x87, 0xCA,
    0x73, 0x68, 0xE8, 0x77, 0x78, 0xC4, 0xAE, 0x90, 0xD5, 0x51, 0x2E, 0x29, 0x7D, 0x49, 0xAA, 0x8C,
    0xE9, 0x52, 0x9D, 0x3C, 0x87, 0xDA, 0xE7, 0x42, 0x61, 0x27, 0x56, 0xC2, 0x68, 0x77, 0x24, 0x25,
    0xB3, 0x9F, 0xCA, 0x19, 0xD8, 0x12, 0x61, 0x57, 0xCF, 0x32, 0x5E, 0xD7, 0xFE, 0x63, 0x92, 0x43,
    0x31, 0x11, 0xAB, 0xE5, 0x39, 0x35, 0x79, 0x86, 0x97, 0xE9, 0x4F, 0x3B, 0x86, 0x6F, 0x36, 0x28,
    0xDC, 0x9F, 0xB9, 0x87, 0x35, 0xB5, 0xD0, 0xEC, 0xA6, 0x62, 0xD0, 0xC9, 0x87, 0x8C, 0xE3, 0x8F,
    0xE7, 0xE3, 0x38, 0x3D, 0xA7, 0x1D, 0x47, 0x43, 0xEB, 0x47, 0x91, 0xAD, 0x30, 0x90, 0xFF, 0x80,
    0xCC, 0x2D, 0x61, 0x27, 0x76, 0x8C, 0x4E, 0x3F, 0x15, 0x36, 0xC8, 0x7B, 0xCD, 0x59, 0xBD, 0xD0,
    0xDE, 0x7C, 0xA7, 0x7D, 0xAB, 0x75, 0xE7, 0xD8, 0xD2, 0xB2, 0x0D, 0xC4, 0x0C, 0xF1, 0xB2, 0xED,
    0x88, 0xDA, 0xB7, 0xEF, 0x37, 0xDE, 0xFC, 0xDA, 0x78, 0xC6, 0xEC, 0x46, 0xDC, 0x6F, 0x78, 0x8D,
    0xEB, 0xAF, 0x5F, 0xD6, 0x2A, 0x69, 0xB6, 0x5A, 0xA3, 0x9A, 0x19, 0x76, 0x54, 0x63, 0x8B, 0xCE,
    0xD8, 0x5B, 0x47, 0x72, 0x48, 0x31, 0x02, 0xD8, 0xBB, 0xE9, 0x39, 0x89, 0x47, 0x87, 0x55, 0xD8,
    0x42, 0x39, 0xAF, 0xBD, 0x0A, 0xDA, 0x17, 0xB1, 0xF5, 0x30, 0x91, 0x35, 0xDE, 0xBF, 0x92, 0x0F,
    0x5B, 0x93, 0xBC, 0xEA, 0x45, 0x63, 0xCD, 0xB7, 0xC6, 0xB6, 0xDB, 0x06, 0x6E, 0xFB, 0x6A, 0x3E,
    0x1B, 0x5B, 0xAE, 0xEF, 0xA1, 0x7D, 0xAF, 0x85, 0xF9, 0xC5, 0xA0, 0x8E, 0x6B, 0xEA, 0xC1, 0x2E,
    0x7A, 0x95, 0xEB, 0x6F, 0x6E, 0xD2, 0xA9, 0x19, 0x8F, 0x98, 0xE7, 0xAD, 0x9C, 0x34, 0x9E, 0x5E,
    0x64, 0x7D, 0x1F, 0x68, 0x1F, 0x6E, 0xD4, 0xFE, 0x46, 0xD2, 0xF8, 0x3F, 0xFC, 0x4F, 0xD7, 0x56,
    0xA2, 0x23, 0x3D, 0xE3, 0xEF, 0x4F, 0x7E, 0xA7, 0x94, 0x69, 0xCA, 0x81, 0xFE, 0x3F, 0xA5, 0x8E,
    0x2C, 0x9B, 0xB3, 0x68, 0x29, 0xA2, 0x47, 0xC3, 0x12, 0x0C, 0x28, 0x6C, 0xDA, 0x2F, 0xD5, 0x15,
    0x68, 0xB1, 0x70, 0xE7, 0xC0, 0x34, 0xDB, 0x1D, 0xED, 0x57, 0x30, 0x9D, 0xF3, 0x8C, 0xCA, 0xD0,
    0x44, 0x83, 0x09, 0xE3, 0x08, 0x5B, 0x31, 0x5F, 0x6C, 0xA4, 0x7C, 0x18, 0xF1, 0x03, 0xCF, 0xBD,
    0xA5, 0x3E, 0x3D, 0x1D, 0x9A, 0xE3, 0x10, 0xCD, 0x71, 0x10, 0xF3, 0x55, 0x70, 0xE6, 0xCE, 0x25,
    0xEE, 0x12, 0xF7, 0xF8, 0xED, 0x9B, 0x65, 0x34, 0xAC, 0x7A, 0xED, 0x47, 0x83, 0xA1, 0xB6, 0xE4,
    0xC7, 0x1C, 0x8C, 0x2F, 0x43, 0x3D, 0x4B, 0xA8, 0x42, 0xE3, 0x79, 0x66, 0x75, 0xD3, 0x0B, 0xE1,
    0xF9, 0xF6, 0x3C, 0xE7, 0x94, 0xA4, 0x98, 0xF2, 0xCC, 0x62, 0x07, 0x62, 0x92, 0xB6, 0x35, 0x89,
    0xFC, 0x0B, 0x63, 0x60, 0x60, 0x60, 0x6F, 0x60, 0xE0, 0x67, 0x60, 0xD0, 0x5F, 0xB5, 0xC2, 0xFE,
    0xFF, 0x5F, 0x3D, 0x06, 0x10, 0x9B, 0xCD, 0x81, 0x81, 0xA9, 0x41, 0xFE, 0x4B, 0xFD, 0xDF, 0xE4,
    0x93, 0xCC, 0x07, 0xA0, 0xB0, 0x81, 0xB9, 0x81, 0xC9, 0x81, 0x01, 0x08, 0x18, 0x1F, 0x30, 0x30,
    0x7C, 0xD0, 0x5A, 0xF5, 0xA7, 0xFE, 0xFF, 0x1F, 0x06, 0x86, 0x2D, 0x0C, 0x8C, 0x1F, 0x80, 0x6A,
    0x99, 0x0E, 0x30, 0x23, 0xC1, 0xCD, 0x77, 0xEB, 0xFF, 0xF0, 0x3F, 0x60, 0x64, 0x00, 0x00, 0x75,
    0x92, 0x41, 0x6A, 0xDC, 0x30, 0x14, 0x86, 0xFF, 0xB1, 0x1A, 0x5C, 0xC6, 0x03, 0xCE, 0xA2, 0x8B,
    0x21, 0x81, 0x78, 0x33, 0x8B, 0x32, 0xD0, 0xDA, 0x07, 0x98, 0x46, 0x3A, 0xC2, 0x1C, 0xA3, 0xBB,
    0x5E, 0x20, 0x44, 0x2A, 0xB9, 0xC0, 0xDC, 0xA0, 0xFB, 0xAE, 0xBA, 0x2C, 0x25, 0x13, 0x8B, 0xE6,
    0x02, 0x3E, 0x82, 0xA0, 0x74, 0xD5, 0x8D, 0x4A, 0x03, 0x75, 0x82, 0x3D, 0xAF, 0xBF, 0x66, 0x52,
    0x08, 0x85, 0xCA, 0xFE, 0x1E, 0xF2, 0x43, 0xB2, 0xFE, 0xFF, 0xE9, 0x01, 0xC8, 0xC4, 0x15, 0x3F,
    0x62, 0xE9, 0xFB, 0xD2, 0x0F, 0x19, 0xB6, 0xC0, 0x56, 0x8D, 0x37, 0x95, 0x8C, 0xFA, 0x6A, 0xB4,
    0xD9, 0xD0, 0xA6, 0xB7, 0xB7, 0x2A, 0xEA, 0x0F, 0xBE, 0x12, 0x60, 0x0D, 0x0E, 0x87, 0xD3, 0xEF,
    0x6E, 0x12, 0x4E, 0x91, 0x63, 0xEA, 0x67, 0x98, 0x37, 0x0B, 0x34, 0x8B, 0x06, 0x9B, 0x79, 0x33,
    0x71, 0xB3, 0x46, 0x61, 0xD6, 0x30, 0xB9, 0x98, 0x63, 0x31, 0x6B, 0xD0, 0x4C, 0x3D, 0x3A, 0xE5,
    0x73, 0xA3, 0xEA, 0x1E, 0xCF, 0xD3, 0xEE, 0xDA, 0x03, 0xBA, 0x03, 0x6C, 0x00, 0x7E, 0x47, 0xE0,
    0x5B, 0x44, 0x76, 0xDB, 0x43, 0x7D, 0x1D, 0x90, 0xBF, 0x1F, 0x50, 0x62, 0x24, 0x82, 0xD7, 0x68,
    0xB1, 0x82, 0x35, 0x17, 0xD0, 0xAE, 0x15, 0xF1, 0x89, 0x5A, 0x44, 0xBA, 0x2A, 0x05, 0xD5, 0x63,
    0x87, 0x43, 0xB8, 0xFB, 0x37, 0x8C, 0x50, 0x91, 0x21, 0x7F, 0x1A, 0xF8, 0xEF, 0x38, 0x19, 0x50,
    0x3C, 0x09, 0xD9, 0x80, 0xFA, 0xBE, 0xD8, 0x19, 0xBB, 0x2B, 0xC5, 0x69, 0x11, 0x10, 0xA3, 0xBB,
    0xD2, 0x94, 0xB1, 0x70, 0x45, 0xAF, 0x8C, 0x1A, 0x80, 0xC9, 0x8E, 0x8A, 0xE9, 0x1B, 0xD6, 0x51,
    0xB5, 0x01, 0xCE, 0x39, 0x67, 0x3E, 0xA3, 0xF0, 0xBC, 0x53, 0xA6, 0x74, 0x85, 0xD3, 0x28, 0x0D,
    0xD5, 0x25, 0x92, 0x3F, 0x2C, 0x3F, 0x6E, 0xAC, 0x04, 0x2D, 0xDD, 0xFE, 0xEB, 0x0D, 0x70, 0x0D,
    0x44, 0xA8, 0x80, 0xDC, 0xA3, 0x74, 0xA8, 0xFF, 0x9B, 0x7B, 0xC1, 0xF3, 0xA0, 0x7D, 0x7A, 0x8E,
    0xB8, 0xB3, 0x20, 0x25, 0x39, 0x23, 0xAF, 0xC8, 0x6A, 0xCF, 0xD2, 0x7D, 0x46, 0x1B, 0x22, 0xCA,
    0x18, 0x51, 0xFC, 0x0C, 0x50, 0x0F, 0x1D, 0xEF, 0xD0, 0x63, 0x42, 0x20, 0x54, 0xD9, 0x72, 0x99,
    0xA6, 0x42, 0xF7, 0x0C, 0x75, 0x9F, 0x9C, 0xDD, 0xFA, 0x0B, 0x7D, 0xE5, 0x57, 0x5A, 0xBC, 0xFE,
    0x25, 0x66, 0x6A, 0xDE, 0x72, 0xC1, 0x31, 0xE5, 0xD3, 0x5A, 0xF5, 0xCE, 0x40, 0xD7, 0x06, 0xE7,
    0x53, 0xE0, 0x92, 0xE9, 0x1B, 0x1C, 0xF6, 0x27, 0xEC, 0x23, 0xFA, 0x2F, 0xE6, 0x11, 0xE0, 0x25,
    0xD9, 0xB2, 0x12, 0xD7, 0x74, 0xA1, 0x59, 0x89, 0xA4, 0xB6, 0x0A, 0x9F, 0xB4, 0xC4, 0x2F, 0xE2,
    0x8F, 0x8F, 0x70, 0x62, 0xD6, 0x5A, 0x42, 0x2B, 0x7E, 0x7D, 0x62, 0x70, 0x70, 0x51, 0x61, 0xD9,
    0x6E, 0xF4, 0xA1, 0x2C, 0x77, 0x58, 0x3E, 0x38, 0x96, 0xC8, 0x4A, 0x57, 0xD0, 0xBE, 0xA1, 0xEB,
    0xFD, 0xC8, 0x02, 0x9B, 0x82, 0xB2, 0xD8, 0x1D, 0xDA, 0xA1, 0x18, 0xA9, 0xA3, 0x4B, 0x05, 0x82,
    0xB1, 0xE2, 0x6D, 0xF2, 0xC7, 0xAE, 0x40, 0xCD, 0x7E, 0x11, 0x83, 0x3A, 0xF0, 0x48, 0x4E, 0x74,
    0xD8, 0xDF, 0x09, 0x85, 0xEC, 0xD7, 0xFC, 0x01, 0x75, 0xCD, 0xB1, 0x0D, 0x83, 0x30, 0x10, 0x46,
    0xE1, 0x27, 0x5F, 0x41, 0x91, 0x5D, 0x92, 0x0D, 0xE2, 0x82, 0x05, 0x32, 0x44, 0x1A, 0x36, 0x4C,
    0x05, 0x19, 0x81, 0x11, 0x18, 0x01, 0x21, 0x0A, 0x4B, 0x09, 0x5C, 0x7E, 0x13, 0x44, 0x81, 0xC0,
    0x92, 0x3F, 0xC9, 0x67, 0xE9, 0x1E, 0x54, 0x40, 0xE1, 0x2D, 0xDC, 0xCA, 0x1E, 0xA2, 0x89, 0x26,
    0xE8, 0x59, 0x6B, 0x6E, 0xEE, 0x9D, 0x3E, 0x3D, 0xC1, 0x1C, 0x36, 0x6C, 0x5C, 0x99, 0xFE, 0xF4,
    0x2B, 0x5F, 0xFB, 0x64, 0x66, 0x48, 0x3C, 0x40, 0x13, 0xEE, 0x9D, 0x88, 0x6F, 0x71, 0x65, 0x39,
    0x4F, 0xDD, 0x8B, 0xBF, 0x72, 0x4D, 0xAB, 0x62, 0x21, 0x6A, 0xCB, 0x68, 0xB3, 0xF9, 0x90, 0x54,
    0x1B, 0x96, 0xD0, 0x78, 0x10, 0xDA, 0xD5, 0x5C, 0x04, 0x3F, 0xAF, 0xFD, 0x00,
};

static const EpdGlyph literata_10_bolditalicGlyphs[] = {
    { 0, 0, 64, 0, 0, 0, 0 }, // U+0020
    { 6, 17, 122, 1, 16, 26, 0 }, // !
    { 7, 7, 153, 2, 17, 13, 26 }, // "
    { 14, 13, 231, 0, 12, 46, 39 }, // #
    { 12, 19, 188, 0, 17, 57, 85 }, // $
    { 16, 14, 284, 1, 13, 56, 142 }, // %
    { 16, 17, 269, 1, 16, 68, 198 }, // &
    { 3, 7, 96, 2, 17, 6, 266 }, // '
    { 8, 23, 134, 1, 18, 46, 272 }, // (
    { 7, 23, 133, 0, 18, 41, 318 }, // )
    { 9, 9, 163, 1, 17, 21, 359 }, // *
    { 10, 10, 196, 1, 11, 25, 380 }, // +
    { 5, 8, 122, 1, 4, 10, 405 }, // ,
    { 7, 4, 123, 1, 8, 7, 415 }, // -
    { 5, 5, 118, 1, 4, 7, 422 }, // .
    { 11, 20, 157, 0, 17, 55, 429 }, // /
    { 14, 17, 220, 0, 16, 60, 484 }, // 0
    { 10, 16, 152, 0, 16, 40, 544 }, // 1
    { 12, 16, 189, 0, 16, 48, 584 }, // 2
    { 12, 17, 192, 0, 16, 51, 632 }, // 3
    { 13, 16, 206, 0, 16, 52, 683 }, // 4
    { 12, 16, 191, 0, 15, 48, 735 }, // 5
    { 12, 17, 201, 0, 16, 51, 783 }, // 6
    { 12, 15, 183, 0, 15, 45, 834 }, // 7
    { 12, 17, 194, 0, 16, 51, 879 }, // 8
    { 12, 17, 199, 0, 16, 51, 930 }, // 9
    { 6, 13, 127, 1, 12, 20, 981 }, // :
    { 6, 16, 126, 1, 12, 24, 1001 }, // ;
    { 10, 12, 196, 1, 12, 30, 1025 }, // <
    { 10, 7, 196, 1, 10, 18, 1055 }, // =
    { 9, 12, 196, 2, 12, 27, 1073 }, // >
    { 10, 17, 183, 1, 16, 43, 1100 }, // ?
    { 19, 18, 327, 1, 13, 86, 1143 }, // @
    { 16, 15, 246, 0, 15, 60, 1229 }, // A
    { 14, 15, 225, 0, 15, 53, 1289 }, // B
    { 13, 17, 222, 1, 16, 56, 1342 }, // C
    { 16, 15, 263, 0, 15, 60, 1398 }, // D
    { 13, 15, 211, 0, 15, 49, 1458 }, // E
    { 13, 15, 202, 0, 15, 49, 1507 }, // F
    { 13, 17, 236, 1, 16, 56, 1556 }, // G
    { 17, 15, 269, 0, 15, 64, 1612 }, // H
    { 9, 15, 135, 0, 15, 34, 1676 }, // I
    { 9, 20, 139, 0, 15, 45, 1710 }, // J
    { 16, 16, 254, 0, 15, 64, 1755 }, // K
    { 13, 15, 209, 0, 15, 49, 1819 }, // L
    { 21, 16, 338, 0, 15, 84, 1868 }, // M
    { 17, 16, 257, 0, 15, 68, 1952 }, // N
    { 15, 17, 256, 1, 16, 64, 2020 }, // O
    { 14, 15, 224, 0, 15, 53, 2084 }, // P
    { 16, 21, 253, 1, 16, 84, 2137 }, // Q
    { 16, 16, 249, 0, 15, 64, 2221 }, // R
    { 12, 17, 188, 0, 16, 51, 2285 }, // S
    { 15, 15, 227, 0, 15, 57, 2336 }, // T
    { 16, 16, 269, 1, 15, 64, 2393 }, // U
    { 16, 16, 246, 0, 15, 64, 2457 }, // V
    { 23, 16, 353, 0, 15, 92, 2521 }, // W
    { 16, 15, 251, 0, 15, 60, 2613 }, // X
    { 16, 15, 238, 0, 15, 60, 2673 }, // Y
    { 13, 15, 221, 1, 15, 49, 2733 }, // Z
    { 7, 23, 130, 1, 18, 41, 2782 }, // [
    { 10, 20, 157, 0, 17, 50, 2823 }, // <backslash>
    { 7, 23, 131, 0, 18, 41, 2873 }, // ]
    { 12, 9, 214, 1, 15, 27, 2914 }, // ^
    { 11, 3, 172, 0, 0, 9, 2941 }, // _
    { 6, 5, 168, 2, 17, 8, 2950 }, // `
    { 14, 13, 213, 0, 12, 46, 2958 }, // a
    { 13, 18, 210, 0, 17, 59, 3004 }, // b
    { 11, 13, 177, 0, 12, 36, 3063 }, // c
    { 14, 18, 213, 0, 17, 63, 3099 }, // d
    { 11, 13, 176, 0, 12, 36, 3162 }, // e
    { 13, 22, 141, -2, 17, 72, 3198 }, // f
    { 12, 17, 206, 0, 12, 51, 3270 }, // g
    { 14, 18, 213, 0, 17, 63, 3321 }, // h
    { 8, 18, 113, 0, 17, 36, 3384 }, // i
    { 7, 22, 112, -1, 17, 39, 3420 }, // j
    { 13, 18, 198, 0, 17, 59, 3459 }, // k
    { 7, 18, 107, 0, 17, 32, 3518 }, // l
    { 20, 13, 313, 0, 12, 65, 3550 }, // m
    { 14, 13, 215, 0, 12, 46, 3615 }, // n
    { 12, 13, 199, 0, 12, 39, 3661 }, // o
    { 13, 17, 215, 0, 12, 56, 3700 }, // p
    { 14, 17, 203, 0, 12, 60, 3756 }, // q
    { 11, 12, 176, 0, 12, 33, 3816 }, // r
    { 10, 13, 167, 0, 12, 33, 3849 }, // s
    { 9, 16, 143, 0, 15, 36, 3882 }, // t
    { 14, 13, 213, 0, 12, 46, 3918 }, // u
    { 11, 13, 189, 0, 12, 36, 3964 }, // v
    { 17, 13, 278, 0, 12, 56, 4000 }, // w
    { 12, 13, 193, 0, 12, 39, 4056 }, // x
    { 13, 17, 191, -1, 12, 56, 4095 }, // y
    { 11, 12, 174, 0, 11, 33, 4151 }, // z
    { 8, 23, 138, 1, 18, 46, 4184 }, // {
    { 4, 20, 150, 3, 17, 20, 4230 }, // |
    { 8, 23, 138, 0, 18, 46, 4250 }, // }
    { 12, 5, 206, 1, 9, 15, 4296 }, // ~
    { 0, 0, 64, 0, 0, 0, 0 }, // U+00A0
    { 5, 16, 119, 1, 11, 20, 0 }, // U+00A1
    { 11, 15, 177, 0, 14, 42, 20 }, // U+00A2
    { 14, 17, 219, 0, 16, 60, 62 }, // U+00A3
    { 11, 11, 199, 1, 12, 31, 122 }, // U+00A4
    { 16, 15, 238, 0, 15, 60, 153 }, // U+00A5
    { 4, 20, 150, 3, 17, 20, 213 }, // U+00A6
    { 12, 20, 226, 1, 16, 60, 233 }, // U+00A7
    { 9, 5, 168, 1, 17, 12, 293 }, // U+00A8
    { 16, 15, 287, 1, 14, 60, 305 }, // U+00A9
    { 10, 9, 162, 1, 16, 23, 365 }, // U+00AA
    { 12, 9, 191, 0, 10, 27, 388 }, // U+00AB
    { 10, 7, 196, 1, 9, 18, 415 }, // U+00AC
    { 0, 0, 0, 0, 0, 0, 433 }, // U+00AD
    { 9, 9, 169, 1, 17, 21, 433 }, // U+00AE
    { 8, 3, 168, 2, 16, 6, 454 }, // U+00AF
    { 6, 6, 119, 1, 17, 9, 460 }, // U+00B0
    { 10, 12, 196, 1, 12, 30, 469 }, // U+00B1
    { 9, 11, 143, 0, 18, 25, 499 }, // U+00B2
    { 9, 11, 145, 0, 18, 25, 524 }, // U+00B3
    { 6, 5, 168, 3, 17, 8, 549 }, // U+00B4
    { 13, 16, 207, 0, 11, 52, 557 }, // U+00B5
    { 13, 20, 222, 1, 15, 65, 609 }, // U+00B6
    { 6, 5, 124, 1, 9, 8, 674 }, // U+00B7
    { 6, 7, 168, 2, 1, 11, 682 }, // U+00B8
    { 8, 11, 117, 0, 18, 22, 693 }, // U+00B9
    { 8, 9, 152, 1, 16, 18, 715 }, // U+00BA
    { 11, 10, 192, 1, 11, 28, 733 }, // U+00BB
    { 20, 17, 337, 1, 16, 85, 761 }, // U+00BC
    { 21, 17, 342, 0, 16, 90, 846 }, // U+00BD
    { 20, 17, 345, 1, 16, 85, 936 }, // U+00BE
    { 10, 16, 181, 1, 11, 40, 1021 }, // U+00BF
    { 16, 20, 246, 0, 20, 80, 1061 }, // U+00C0
    { 16, 20, 246, 0, 20, 80, 1141 }, // U+00C1
    { 16, 21, 246, 0, 21, 84, 1221 }, // U+00C2
    { 16, 20, 246, 0, 20, 80, 1305 }, // U+00C3
    { 16, 20, 246, 0, 20, 80, 1385 }, // U+00C4
    { 16, 21, 246, 0, 21, 84, 1465 }, // U+00C5
    { 20, 15, 323, 0, 15, 75, 1549 }, // U+00C6
    { 13, 22, 222, 1, 16, 72, 1624 }, // U+00C7
    { 13, 20, 211, 0, 20, 65, 1696 }, // U+00C8
    { 13, 20, 211, 0, 20, 65, 1761 }, // U+00C9
    { 13, 21, 211, 0, 21, 69, 1826 }, // U+00CA
    { 13, 20, 211, 0, 20, 65, 1895 }, // U+00CB
    { 9, 20, 135, 0, 20, 45, 1960 }, // U+00CC
    { 9, 20, 135, 0, 20, 45, 2005 }, // U+00CD
    { 9, 21, 135, 0, 21, 48, 2050 }, // U+00CE
    { 9, 20, 135, 0, 20, 45, 2098 }, // U+00CF
    { 16, 15, 263, 0, 15, 60, 2143 }, // U+00D0
    { 17, 21, 257, 0, 20, 90, 2203 }, // U+00D1
    { 15, 21, 256, 1, 20, 79, 2293 }, // U+00D2
    { 15, 21, 256, 1, 20, 79, 2372 }, // U+00D3
    { 15, 22, 256, 1, 21, 83, 2451 }, // U+00D4
    { 15, 21, 256, 1, 20, 79, 2534 }, // U+00D5
    { 15, 21, 256, 1, 20, 79, 2613 }, // U+00D6
    { 9, 9, 195, 2, 11, 21, 2692 }, // U+00D7
    { 16, 17, 254, 0, 16, 68, 2713 }, // U+00D8
    { 16, 21, 269, 1, 20, 84, 2781 }, // U+00D9
    { 16, 21, 269, 1, 20, 84, 2865 }, // U+00DA
    { 16, 22, 269, 1, 21, 88, 2949 }, // U+00DB
    { 16, 21, 269, 1, 20, 84, 3037 }, // U+00DC
    { 16, 20, 238, 0, 20, 80, 3121 }, // U+00DD
    { 14, 15, 227, 0, 15, 53, 3201 }, // U+00DE
    { 17, 22, 240, -2, 17, 94, 3254 }, // U+00DF
    { 14, 18, 213, 0, 17, 63, 3348 }, // U+00E0
    { 14, 18, 213, 0, 17, 63, 3411 }, // U+00E1
    { 14, 18, 213, 0, 17, 63, 3474 }, // U+00E2
    { 14, 17, 213, 0, 16, 60, 3537 }, // U+00E3
    { 14, 18, 213, 0, 17, 63, 3597 }, // U+00E4
    { 14, 18, 213, 0, 17, 63, 3660 }, // U+00E5
    { 17, 13, 278, 0, 12, 56, 3723 }, // U+00E6
    { 11, 18, 177, 0, 12, 50, 3779 }, // U+00E7
    { 11, 18, 176, 0, 17, 50, 3829 }, // U+00E8
    { 11, 18, 176, 0, 17, 50, 3879 }, // U+00E9
    { 11, 18, 176, 0, 17, 50, 3929 }, // U+00EA
    { 11, 18, 176, 0, 17, 50, 3979 }, // U+00EB
    { 7, 18, 113, 0, 17, 32, 4029 }, // U+00EC
    { 7, 18, 113, 0, 17, 32, 4061 }, // U+00ED
    { 8, 18, 113, -1, 17, 36, 4093 }, // U+00EE
    { 9, 18, 113, -1, 17, 41, 4129 }, // U+00EF
    { 12, 18, 201, 0, 17, 54, 4170 }, // U+00F0
    { 14, 17, 215, 0, 16, 60, 4224 }, // U+00F1
    { 12, 18, 199, 0, 17, 54, 4284 }, // U+00F2
    { 12, 18, 199, 0, 17, 54, 4338 }, // U+00F3
    { 12, 18, 199, 0, 17, 54, 4392 }, // U+00F4
    { 12, 17, 199, 0, 16, 51, 4446 }, // U+00F5
    { 12, 18, 199, 0, 17, 54, 4497 }, // U+00F6
    { 10, 11, 196, 1, 12, 28, 4551 }, // U+00F7
    { 13, 13, 199, 0, 12, 43, 4579 }, // U+00F8
    { 14, 18, 213, 0, 17, 63, 4622 }, // U+00F9
    { 14, 18, 213, 0, 17, 63, 4685 }, // U+00FA
    { 14, 18, 213, 0, 17, 63, 4748 }, // U+00FB
    { 14, 18, 213, 0, 17, 63, 4811 }, // U+00FC
    { 13, 22, 191, -1, 17, 72, 4874 }, // U+00FD
    { 13, 22, 211, 0, 17, 72, 4946 }, // U+00FE
    { 13, 22, 191, -1, 17, 72, 5018 }, // U+00FF
    { 16, 19, 246, 0, 19, 76, 0 }, // U+0100
    { 14, 17, 213, 0, 16, 60, 76 }, // U+0101
    { 16, 21, 246, 0, 21, 84, 136 }, // U+0102
    { 14, 18, 213, 0, 17, 63, 220 }, // U+0103
    { 16, 21, 246, 0, 15, 84, 283 }, // U+0104
    { 14, 18, 213, 0, 12, 63, 367 }, // U+0105
    { 13, 21, 222, 1, 20, 69, 430 }, // U+0106
    { 11, 18, 177, 0, 17, 50, 499 }, // U+0107
    { 13, 22, 222, 1, 21, 72, 549 }, // U+0108
    { 11, 18, 177, 0, 17, 50, 621 }, // U+0109
    { 13, 21, 222, 1, 20, 69, 671 }, // U+010A
    { 11, 18, 177, 0, 17, 50, 740 }, // U+010B
    { 13, 22, 222, 1, 21, 72, 790 }, // U+010C
    { 11, 18, 177, 0, 17, 50, 862 }, // U+010D
    { 16, 21, 263, 0, 21, 84, 912 }, // U+010E
    { 16, 18, 260, 0, 17, 72, 996 }, // U+010F
    { 16, 15, 263, 0, 15, 60, 1068 }, // U+0110
    { 14, 18, 213, 0, 17, 63, 1128 }, // U+0111
    { 13, 19, 211, 0, 19, 62, 1191 }, // U+0112
    { 11, 17, 176, 0, 16, 47, 1253 }, // U+0113
    { 13, 21, 211, 0, 21, 69, 1300 }, // U+0114
    { 11, 18, 176, 0, 17, 50, 1369 }, // U+0115
    { 13, 20, 211, 0, 20, 65, 1419 }, // U+0116
    { 11, 18, 176, 0, 17, 50, 1484 }, // U+0117
    { 13, 21, 211, 0, 15, 69, 1534 }, // U+0118
    { 11, 18, 176, 0, 12, 50, 1603 }, // U+0119
    { 13, 21, 211, 0, 21, 69, 1653 }, // U+011A
    { 11, 18, 176, 0, 17, 50, 1722 }, // U+011B
    { 13, 22, 236, 1, 21, 72, 1772 }, // U+011C
    { 12, 22, 206, 0, 17, 66, 1844 }, // U+011D
    { 13, 22, 236, 1, 21, 72, 1910 }, // U+011E
    { 12, 22, 206, 0, 17, 66, 1982 }, // U+011F
    { 13, 21, 236, 1, 20, 69, 2048 }, // U+0120
    { 12, 22, 206, 0, 17, 66, 2117 }, // U+0121
    { 13, 22, 236, 1, 16, 72, 2183 }, // U+0122
    { 12, 23, 206, 0, 18, 69, 2255 }, // U+0123
    { 17, 21, 269, 0, 21, 90, 2324 }, // U+0124
    { 16, 23, 213, -2, 22, 92, 2414 }, // U+0125
    { 17, 15, 269, 0, 15, 64, 2506 }, // U+0126
    { 14, 18, 213, 0, 17, 63, 2570 }, // U+0127
    { 9, 20, 135, 0, 20, 45, 2633 }, // U+0128
    { 9, 17, 113, -1, 16, 39, 2678 }, // U+0129
    { 9, 19, 135, 0, 19, 43, 2717 }, // U+012A
    { 8, 17, 113, -1, 16, 34, 2760 }, // U+012B
    { 9, 21, 135, 0, 21, 48, 2794 }, // U+012C
    { 8, 18, 113, -1, 17, 36, 2842 }, // U+012D
    { 9, 21, 135, 0, 15, 48, 2878 }, // U+012E
    { 7, 23, 113, 0, 17, 41, 2926 }, // U+012F
    { 9, 20, 135, 0, 20, 45, 2967 }, // U+0130
    { 7, 13, 113, 0, 12, 23, 3012 }, // U+0131
    { 17, 20, 274, 0, 15, 85, 3035 }, // U+0132
    { 13, 22, 225, 0, 17, 72, 3120 }, // U+0133
    { 9, 26, 139, 0, 21, 59, 3192 }, // U+0134
    { 9, 22, 111, -2, 17, 50, 3251 }, // U+0135
    { 16, 22, 254, 0, 15, 88, 3301 }, // U+0136
    { 13, 24, 198, 0, 17, 78, 3389 }, // U+0137
    { 13, 13, 201, 0, 12, 43, 3467 }, // U+0138
    { 13, 20, 209, 0, 20, 65, 3510 }, // U+0139
    { 7, 22, 107, 0, 21, 39, 3575 }, // U+013A
    { 13, 22, 209, 0, 15, 72, 3614 }, // U+013B
    { 7, 24, 107, 0, 17, 42, 3686 }, // U+013C
    { 13, 17, 212, 0, 17, 56, 3728 }, // U+013D
    { 10, 18, 152, 0, 17, 45, 3784 }, // U+013E
    { 13, 15, 209, 0, 15, 49, 3829 }, // U+013F
    { 10, 18, 138, 0, 17, 45, 3878 }, // U+0140
    { 13, 15, 209, 0, 15, 49, 3923 }, // U+0141
    { 8, 18, 118, 0, 17, 36, 3972 }, // U+0142
    { 17, 21, 257, 0, 20, 90, 4008 }, // U+0143
    { 14, 18, 215, 0, 17, 63, 4098 }, // U+0144
    { 17, 22, 257, 0, 15, 94, 4161 }, // U+0145
    { 14, 19, 215, 0, 12, 67, 4255 }, // U+0146
    { 17, 22, 257, 0, 21, 94, 4322 }, // U+0147
    { 14, 18, 215, 0, 17, 63, 4416 }, // U+0148
    { 18, 18, 259, -1, 17, 81, 4479 }, // U+0149
    { 17, 20, 258, 0, 15, 85, 4560 }, // U+014A
    { 12, 17, 212, 0, 12, 51, 4645 }, // U+014B
    { 15, 20, 256, 1, 19, 75, 4696 }, // U+014C
    { 12, 17, 199, 0, 16, 51, 4771 }, // U+014D
    { 15, 22, 256, 1, 21, 83, 4822 }, // U+014E
    { 12, 18, 199, 0, 17, 54, 4905 }, // U+014F
    { 15, 22, 256, 1, 21, 83, 4959 }, // U+0150
    { 13, 18, 199, 0, 17, 59, 5042 }, // U+0151
    { 21, 17, 348, 1, 16, 90, 5101 }, // U+0152
    { 18, 13, 292, 0, 12, 59, 5191 }, // U+0153
    { 16, 21, 249, 0, 20, 84, 5250 }, // U+0154
    { 11, 17, 176, 0, 17, 47, 5334 }, // U+0155
    { 16, 22, 249, 0, 15, 88, 5381 }, // U+0156
    { 11, 19, 176, 0, 12, 53, 5469 }, // U+0157
    { 16, 22, 249, 0, 21, 88, 5522 }, // U+0158
    { 11, 17, 176, 0, 17, 47, 5610 }, // U+0159
    { 12, 21, 188, 0, 20, 63, 5657 }, // U+015A
    { 10, 18, 167, 0, 17, 45, 5720 }, // U+015B
    { 12, 22, 188, 0, 21, 66, 5765 }, // U+015C
    { 10, 18, 167, 0, 17, 45, 5831 }, // U+015D
    { 12, 22, 188, 0, 16, 66, 5876 }, // U+015E
    { 10, 18, 167, 0, 12, 45, 5942 }, // U+015F
    { 12, 22, 188, 0, 21, 66, 5987 }, // U+0160
    { 10, 18, 167, 0, 17, 45, 6053 }, // U+0161
    { 15, 21, 227, 0, 15, 79, 6098 }, // U+0162
    { 9, 21, 143, 0, 15, 48, 6177 }, // U+0163
    { 15, 21, 227, 0, 21, 79, 6225 }, // U+0164
    { 10, 19, 145, 0, 18, 48, 6304 }, // U+0165
    { 15, 15, 227, 0, 15, 57, 6352 }, // U+0166
    { 9, 16, 144, 0, 15, 36, 6409 }, // U+0167
    { 16, 21, 269, 1, 20, 84, 6445 }, // U+0168
    { 14, 17, 213, 0, 16, 60, 6529 }, // U+0169
    { 16, 20, 269, 1, 19, 80, 6589 }, // U+016A
    { 14, 17, 213, 0, 16, 60, 6669 }, // U+016B
    { 16, 22, 269, 1, 21, 88, 6729 }, // U+016C
    { 14, 18, 213, 0, 17, 63, 6817 }, // U+016D
    { 16, 22, 269, 1, 21, 88, 6880 }, // U+016E
    { 14, 18, 213, 0, 17, 63, 6968 }, // U+016F
    { 16, 22, 269, 1, 21, 88, 7031 }, // U+0170
    { 14, 18, 213, 0, 17, 63, 7119 }, // U+0171
    { 16, 21, 269, 1, 15, 84, 7182 }, // U+0172
    { 14, 18, 213, 0, 12, 63, 7266 }, // U+0173
    { 23, 22, 353, 0, 21, 127, 7329 }, // U+0174
    { 17, 18, 278, 0, 17, 77, 7456 }, // U+0175
    { 16, 21, 238, 0, 21, 84, 7533 }, // U+0176
    { 13, 22, 191, -1, 17, 72, 7617 }, // U+0177
    { 16, 20, 238, 0, 20, 80, 7689 }, // U+0178
    { 13, 20, 221, 1, 20, 65, 7769 }, // U+0179
    { 11, 18, 174, 0, 17, 50, 7834 }, // U+017A
    { 13, 20, 221, 1, 20, 65, 7884 }, // U+017B
    { 11, 18, 174, 0, 17, 50, 7949 }, // U+017C
    { 13, 21, 221, 1, 21, 69, 7999 }, // U+017D
    { 11, 18, 174, 0, 17, 50, 8068 }, // U+017E
    { 18, 18, 293, 1, 17, 81, 0 }, // U+01A0
    { 15, 16, 223, 0, 15, 60, 81 }, // U+01A1
    { 19, 17, 304, 1, 16, 81, 141 }, // U+01AF
    { 17, 16, 253, 0, 15, 68, 222 }, // U+01B0
    { 29, 21, 473, 0, 21, 153, 290 }, // U+01C4
    { 27, 18, 429, 0, 17, 122, 443 }, // U+01C5
    { 24, 18, 387, 0, 17, 108, 565 }, // U+01C6
    { 21, 20, 340, 0, 15, 105, 673 }, // U+01C7
    { 19, 22, 316, 0, 17, 105, 778 }, // U+01C8
    { 13, 22, 216, 0, 17, 72, 883 }, // U+01C9
    { 25, 20, 396, 0, 15, 125, 955 }, // U+01CA
    { 22, 22, 367, 0, 17, 121, 1080 }, // U+01CB
    { 19, 22, 323, 0, 17, 105, 1201 }, // U+01CC
    { 16, 21, 246, 0, 21, 84, 1306 }, // U+01CD
    { 14, 18, 213, 0, 17, 63, 1390 }, // U+01CE
    { 9, 21, 135, 0, 21, 48, 1453 }, // U+01CF
    { 8, 18, 113, -1, 17, 36, 1501 }, // U+01D0
    { 15, 22, 256, 1, 21, 83, 1537 }, // U+01D1
    { 12, 18, 199, 0, 17, 54, 1620 }, // U+01D2
    { 16, 22, 269, 1, 21, 88, 1674 }, // U+01D3
    { 14, 18, 213, 0, 17, 63, 1762 }, // U+01D4
    { 16, 24, 268, 1, 23, 96, 1825 }, // U+01D5
    { 14, 21, 213, 0, 20, 74, 1921 }, // U+01D6
    { 16, 26, 268, 1, 25, 104, 1995 }, // U+01D7
    { 14, 22, 213, 0, 21, 77, 2099 }, // U+01D8
    { 16, 26, 268, 1, 25, 104, 2176 }, // U+01D9
    { 14, 23, 213, 0, 22, 81, 2280 }, // U+01DA
    { 16, 26, 268, 1, 25, 104, 2361 }, // U+01DB
    { 14, 22, 213, 0, 21, 77, 2465 }, // U+01DC
    { 13, 22, 236, 1, 21, 72, 2542 }, // U+01E6
    { 12, 22, 206, 0, 17, 66, 2614 }, // U+01E7
    { 15, 22, 256, 1, 16, 83, 2680 }, // U+01EA
    { 12, 18, 199, 0, 12, 54, 2763 }, // U+01EB
    { 16, 23, 246, 0, 23, 92, 2817 }, // U+01FA
    { 14, 23, 213, 0, 22, 81, 2909 }, // U+01FB
    { 20, 20, 323, 0, 20, 100, 2990 }, // U+01FC
    { 17, 18, 278, 0, 17, 77, 3090 }, // U+01FD
    { 16, 21, 254, 0, 20, 84, 3167 }, // U+01FE
    { 13, 18, 199, 0, 17, 59, 3251 }, // U+01FF
    { 16, 21, 246, 0, 21, 84, 3310 }, // U+0200
    { 14, 18, 213, 0, 17, 63, 3394 }, // U+0201
    { 16, 20, 246, 0, 20, 80, 3457 }, // U+0202
    { 14, 18, 213, 0, 17, 63, 3537 }, // U+0203
    { 13, 21, 211, 0, 21, 69, 3600 }, // U+0204
    { 11, 18, 176, 0, 17, 50, 3669 }, // U+0205
    { 13, 20, 211, 0, 20, 65, 3719 }, // U+0206
    { 11, 18, 176, 0, 17, 50, 3784 }, // U+0207
    { 11, 21, 135, -2, 21, 58, 3834 }, // U+0208
    { 10, 18, 113, -3, 17, 45, 3892 }, // U+0209
    { 9, 20, 135, 0, 20, 45, 3937 }, // U+020A
    { 8, 18, 113, -1, 17, 36, 3982 }, // U+020B
    { 15, 22, 256, 1, 21, 83, 4018 }, // U+020C
    { 12, 18, 199, 0, 17, 54, 4101 }, // U+020D
    { 15, 21, 256, 1, 20, 79, 4155 }, // U+020E
    { 12, 18, 199, 0, 17, 54, 4234 }, // U+020F
    { 16, 22, 249, 0, 21, 88, 4288 }, // U+0210
    { 11, 17, 176, 0, 17, 47, 4376 }, // U+0211
    { 16, 21, 249, 0, 20, 84, 4423 }, // U+0212
    { 11, 17, 176, 0, 17, 47, 4507 }, // U+0213
    { 16, 22, 269, 1, 21, 88, 4554 }, // U+0214
    { 14, 18, 213, 0, 17, 63, 4642 }, // U+0215
    { 16, 21, 269, 1, 20, 84, 4705 }, // U+0216
    { 14, 18, 213, 0, 17, 63, 4789 }, // U+0217
    { 12, 23, 188, 0, 16, 69, 4852 }, // U+0218
    { 10, 19, 167, 0, 12, 48, 4921 }, // U+0219
    { 15, 22, 227, 0, 15, 83, 4969 }, // U+021A
    { 9, 22, 143, 0, 15, 50, 5052 }, // U+021B
    { 6, 5, 0, -3, 17, 8, 0 }, // U+0300
    { 6, 5, 0, -2, 17, 8, 8 }, // U+0301
    { 8, 5, 0, -4, 17, 10, 16 }, // U+0302
    { 9, 4, 0, -4, 16, 9, 26 }, // U+0303
    { 7, 3, 0, -3, 16, 6, 35 }, // U+0304
    { 9, 5, 0, -4, 17, 12, 41 }, // U+0306
    { 5, 5, 0, -2, 17, 7, 53 }, // U+0307
    { 9, 5, 0, -4, 17, 12, 60 }, // U+0308
    { 7, 6, 0, -3, 18, 11, 72 }, // U+0309
    { 7, 5, 0, -3, 17, 9, 83 }, // U+030A
    { 9, 5, 0, -3, 17, 12, 92 }, // U+030B
    { 9, 5, 0, -4, 17, 12, 104 }, // U+030C
    { 10, 5, 0, -6, 17, 13, 116 }, // U+030F
    { 8, 5, 0, -4, 17, 10, 129 }, // U+0311
    { 4, 6, 0, -2, 18, 6, 139 }, // U+0312
    { 5, 8, 0, -2, 15, 10, 145 }, // U+031B
    { 5, 5, 0, -3, -1, 7, 155 }, // U+0323
    { 9, 5, 0, -5, 0, 12, 162 }, // U+0324
    { 4, 6, 0, -2, -1, 6, 174 }, // U+0326
    { 6, 7, 0, -3, 1, 11, 180 }, // U+0327
    { 6, 7, 0, -3, 1, 11, 191 }, // U+0328
    { 8, 6, 0, -4, 0, 12, 202 }, // U+032E
    { 8, 3, 0, -4, -1, 6, 214 }, // U+0331
    { 13, 21, 211, 0, 21, 69, 0 }, // U+0401
    { 17, 18, 280, 0, 15, 77, 69 }, // U+0402
    { 13, 20, 204, 0, 20, 65, 146 }, // U+0403
    { 13, 17, 221, 1, 16, 56, 211 }, // U+0404
    { 12, 17, 188, 0, 16, 51, 267 }, // U+0405
    { 9, 15, 135, 0, 15, 34, 318 }, // U+0406
    { 9, 21, 135, 0, 21, 48, 352 }, // U+0407
    { 9, 20, 139, 0, 15, 45, 400 }, // U+0408
    { 21, 16, 340, 0, 15, 84, 445 }, // U+0409
    { 22, 15, 352, 0, 15, 83, 529 }, // U+040A
    { 19, 15, 305, 0, 15, 72, 612 }, // U+040B
    { 17, 21, 258, 0, 20, 90, 684 }, // U+040C
    { 17, 20, 270, 0, 20, 85, 774 }, // U+040D
    { 15, 21, 228, 0, 20, 79, 859 }, // U+040E
    { 17, 19, 270, 0, 15, 81, 938 }, // U+040F
    { 16, 15, 246, 0, 15, 60, 1019 }, // U+0410
    { 14, 15, 223, 0, 15, 53, 1079 }, // U+0411
    { 14, 15, 225, 0, 15, 53, 1132 }, // U+0412
    { 13, 15, 204, 0, 15, 49, 1185 }, // U+0413
    { 16, 19, 250, 0, 15, 76, 1234 }, // U+0414
    { 13, 15, 211, 0, 15, 49, 1310 }, // U+0415
    { 24, 16, 372, 0, 15, 96, 1359 }, // U+0416
    { 12, 17, 195, 0, 16, 51, 1455 }, // U+0417
    { 17, 15, 270, 0, 15, 64, 1506 }, // U+0418
    { 17, 20, 270, 0, 20, 85, 1570 }, // U+0419
    { 17, 16, 258, 0, 15, 68, 1655 }, // U+041A
    { 16, 16, 259, 0, 15, 64, 1723 }, // U+041B
    { 21, 16, 338, 0, 15, 84, 1787 }, // U+041C
    { 17, 15, 269, 0, 15, 64, 1871 }, // U+041D
    { 15, 17, 256, 1, 16, 64, 1935 }, // U+041E
    { 17, 15, 270, 0, 15, 64, 1999 }, // U+041F
    { 14, 15, 224, 0, 15, 53, 2063 }, // U+0420
    { 13, 17, 222, 1, 16, 56, 2116 }, // U+0421
    { 15, 15, 227, 0, 15, 57, 2172 }, // U+0422
    { 15, 16, 228, 0, 15, 60, 2229 }, // U+0423
    { 18, 17, 290, 0, 16, 77, 2289 }, // U+0424
    { 16, 15, 251, 0, 15, 60, 2366 }, // U+0425
    { 17, 19, 276, 0, 15, 81, 2426 }, // U+0426
    { 17, 15, 262, 0, 15, 64, 2507 }, // U+0427
    { 25, 15, 389, 0, 15, 94, 2571 }, // U+0428
    { 25, 19, 397, 0, 15, 119, 2665 }, // U+0429
    { 16, 15, 260, 0, 15, 60, 2784 }, // U+042A
    { 21, 15, 336, 0, 15, 79, 2844 }, // U+042B
    { 14, 15, 222, 0, 15, 53, 2923 }, // U+042C
    { 13, 17, 223, 1, 16, 56, 2976 }, // U+042D
    { 22, 17, 364, 0, 16, 94, 3032 }, // U+042E
    { 16, 16, 253, 0, 15, 64, 3126 }, // U+042F
    { 14, 13, 213, 0, 12, 46, 3190 }, // U+0430
    { 12, 18, 194, 0, 17, 54, 3236 }, // U+0431
    { 11, 13, 178, 0, 12, 36, 3290 }, // U+0432
    { 10, 13, 156, 0, 12, 33, 3326 }, // U+0433
    { 12, 18, 190, 0, 17, 54, 3359 }, // U+0434
    { 11, 13, 176, 0, 12, 36, 3413 }, // U+0435
    { 18, 13, 278, 0, 12, 59, 3449 }, // U+0436
    { 10, 13, 163, 0, 12, 33, 3508 }, // U+0437
    { 14, 13, 213, 0, 12, 46, 3541 }, // U+0438
    { 14, 17, 213, 0, 16, 60, 3587 }, // U+0439
    { 13, 13, 200, 0, 12, 43, 3647 }, // U+043A
    { 13, 13, 202, 0, 12, 43, 3690 }, // U+043B
    { 16, 13, 258, 0, 12, 52, 3733 }, // U+043C
    { 13, 13, 209, 0, 12, 43, 3785 }, // U+043D
    { 12, 13, 199, 0, 12, 39, 3828 }, // U+043E
    { 14, 13, 215, 0, 12, 46, 3867 }, // U+043F
    { 13, 17, 215, 0, 12, 56, 3913 }, // U+0440
    { 11, 13, 177, 0, 12, 36, 3969 }, // U+0441
    { 20, 13, 313, 0, 12, 65, 4005 }, // U+0442
    { 13, 17, 191, -1, 12, 56, 4070 }, // U+0443
    { 18, 22, 290, 0, 17, 99, 4126 }, // U+0444
    { 12, 13, 193, 0, 12, 39, 4225 }, // U+0445
    { 15, 17, 222, 0, 12, 64, 4264 }, // U+0446
    { 14, 13, 201, -1, 12, 46, 4328 }, // U+0447
    { 20, 13, 318, 0, 12, 65, 4374 }, // U+0448
    { 21, 17, 325, 0, 12, 90, 4439 }, // U+0449
    { 12, 13, 188, 0, 12, 39, 4529 }, // U+044A
    { 16, 13, 260, 0, 12, 52, 4568 }, // U+044B
    { 11, 13, 174, 0, 12, 36, 4620 }, // U+044C
    { 11, 13, 176, 0, 12, 36, 4656 }, // U+044D
    { 17, 13, 283, 0, 12, 56, 4692 }, // U+044E
    { 12, 13, 190, 0, 12, 39, 4748 }, // U+044F
    { 11, 18, 176, 0, 17, 50, 4787 }, // U+0451
    { 12, 22, 206, 0, 17, 66, 4837 }, // U+0452
    { 10, 18, 156, 0, 17, 45, 4903 }, // U+0453
    { 11, 13, 177, 0, 12, 36, 4948 }, // U+0454
    { 10, 13, 167, 0, 12, 33, 4984 }, // U+0455
    { 8, 18, 113, 0, 17, 36, 5017 }, // U+0456
    { 9, 18, 113, -1, 17, 41, 5053 }, // U+0457
    { 7, 22, 112, -1, 17, 39, 5094 }, // U+0458
    { 17, 13, 265, 0, 12, 56, 5133 }, // U+0459
    { 17, 13, 274, 0, 12, 56, 5189 }, // U+045A
    { 14, 18, 215, 0, 17, 63, 5245 }, // U+045B
    { 13, 18, 200, 0, 17, 59, 5308 }, // U+045C
    { 14, 18, 213, 0, 17, 63, 5367 }, // U+045D
    { 13, 21, 191, -1, 16, 69, 5430 }, // U+045E
    { 14, 18, 214, 0, 12, 63, 5499 }, // U+045F
    { 16, 16, 261, 0, 16, 64, 5562 }, // U+0462
    { 18, 13, 281, 0, 12, 59, 5626 }, // U+0463
    { 22, 16, 349, 0, 15, 88, 5685 }, // U+046A
    { 17, 12, 253, 0, 11, 51, 5773 }, // U+046B
    { 13, 18, 190, 0, 18, 59, 5824 }, // U+0490
    { 12, 19, 159, -2, 14, 57, 5883 }, // U+0491
    { 13, 15, 203, 0, 15, 49, 5940 }, // U+0492
    { 10, 13, 160, 0, 12, 33, 5989 }, // U+0493
    { 24, 19, 378, 0, 15, 114, 6022 }, // U+0496
    { 18, 17, 281, 0, 12, 77, 6136 }, // U+0497
    { 17, 19, 260, 0, 15, 81, 6213 }, // U+049A
    { 13, 17, 207, 0, 12, 56, 6294 }, // U+049B
    { 18, 19, 277, 0, 15, 86, 6350 }, // U+04A2
    { 14, 17, 219, 0, 12, 60, 6436 }, // U+04A3
    { 16, 15, 238, 0, 15, 60, 6496 }, // U+04AE
    { 13, 17, 190, -1, 12, 56, 6556 }, // U+04AF
    { 16, 15, 237, 0, 15, 60, 6612 }, // U+04B0
    { 13, 17, 190, -1, 12, 56, 6672 }, // U+04B1
    { 17, 15, 268, 0, 15, 64, 6728 }, // U+04BA
    { 14, 18, 213, 0, 17, 63, 6792 }, // U+04BB
    { 14, 17, 232, 0, 16, 60, 6855 }, // U+04D8
    { 11, 13, 177, 0, 12, 36, 6915 }, // U+04D9
    { 15, 17, 254, 1, 16, 64, 6951 }, // U+04E8
    { 12, 13, 198, 0, 12, 39, 7015 }, // U+04E9
    { 16, 21, 246, 0, 15, 84, 0 }, // U+1EA0
    { 14, 18, 213, 0, 12, 63, 84 }, // U+1EA1
    { 16, 21, 246, 0, 21, 84, 147 }, // U+1EA2
    { 14, 19, 213, 0, 18, 67, 231 }, // U+1EA3
    { 16, 25, 234, 0, 25, 100, 298 }, // U+1EA4
    { 14, 22, 213, 0, 21, 77, 398 }, // U+1EA5
    { 16, 25, 246, 0, 25, 100, 475 }, // U+1EA6
    { 14, 22, 213, 0, 21, 77, 575 }, // U+1EA7
    { 16, 24, 246, 0, 24, 96, 652 }, // U+1EA8
    { 14, 22, 213, 0, 21, 77, 748 }, // U+1EA9
    { 16, 24, 246, 0, 24, 96, 825 }, // U+1EAA
    { 14, 22, 213, 0, 21, 77, 921 }, // U+1EAB
    { 16, 27, 246, 0, 21, 108, 998 }, // U+1EAC
    { 14, 23, 213, 0, 17, 81, 1106 }, // U+1EAD
    { 16, 25, 246, 0, 25, 100, 1187 }, // U+1EAE
    { 14, 22, 213, 0, 21, 77, 1287 }, // U+1EAF
    { 16, 25, 246, 0, 25, 100, 1364 }, // U+1EB0
    { 14, 22, 213, 0, 21, 77, 1464 }, // U+1EB1
    { 16, 25, 232, 0, 25, 100, 1541 }, // U+1EB2
    { 14, 23, 213, 0, 22, 81, 1641 }, // U+1EB3
    { 16, 24, 234, 0, 24, 96, 1722 }, // U+1EB4
    { 14, 22, 213, 0, 21, 77, 1818 }, // U+1EB5
    { 16, 27, 246, 0, 21, 108, 1895 }, // U+1EB6
    { 14, 23, 213, 0, 17, 81, 2003 }, // U+1EB7
    { 13, 21, 211, 0, 15, 69, 2084 }, // U+1EB8
    { 11, 18, 176, 0, 12, 50, 2153 }, // U+1EB9
    { 13, 21, 211, 0, 21, 69, 2203 }, // U+1EBA
    { 11, 19, 176, 0, 18, 53, 2272 }, // U+1EBB
    { 13, 20, 211, 0, 20, 65, 2325 }, // U+1EBC
    { 11, 17, 176, 0, 16, 47, 2390 }, // U+1EBD
    { 13, 25, 209, 0, 25, 82, 2437 }, // U+1EBE
    { 11, 22, 176, 0, 21, 61, 2519 }, // U+1EBF
    { 13, 25, 209, 0, 25, 82, 2580 }, // U+1EC0
    { 11, 23, 176, 0, 22, 64, 2662 }, // U+1EC1
    { 14, 24, 209, 0, 24, 84, 2726 }, // U+1EC2
    { 13, 22, 176, 0, 21, 72, 2810 }, // U+1EC3
    { 13, 24, 209, 0, 24, 78, 2882 }, // U+1EC4
    { 11, 22, 176, 0, 21, 61, 2960 }, // U+1EC5
    { 13, 27, 211, 0, 21, 88, 3021 }, // U+1EC6
    { 11, 23, 176, 0, 17, 64, 3109 }, // U+1EC7
    { 9, 21, 135, 0, 21, 48, 3173 }, // U+1EC8
    { 8, 19, 113, -1, 18, 38, 3221 }, // U+1EC9
    { 9, 21, 135, 0, 15, 48, 3259 }, // U+1ECA
    { 8, 23, 113, 0, 17, 46, 3307 }, // U+1ECB
    { 15, 22, 256, 1, 16, 83, 3353 }, // U+1ECC
    { 12, 18, 199, 0, 12, 54, 3436 }, // U+1ECD
    { 15, 22, 256, 1, 21, 83, 3490 }, // U+1ECE
    { 12, 19, 199, 0, 18, 57, 3573 }, // U+1ECF
    { 15, 26, 254, 1, 25, 98, 3630 }, // U+1ED0
    { 12, 23, 199, 0, 22, 69, 3728 }, // U+1ED1
    { 15, 26, 254, 1, 25, 98, 3797 }, // U+1ED2
    { 12, 23, 199, 0, 22, 69, 3895 }, // U+1ED3
    { 15, 25, 256, 1, 24, 94, 3964 }, // U+1ED4
    { 13, 22, 199, 0, 21, 72, 4058 }, // U+1ED5
    { 15, 25, 254, 1, 24, 94, 4130 }, // U+1ED6
    { 12, 22, 199, 0, 21, 66, 4224 }, // U+1ED7
    { 15, 27, 256, 1, 21, 102, 4290 }, // U+1ED8
    { 12, 23, 199, 0, 17, 69, 4392 }, // U+1ED9
    { 18, 21, 293, 1, 20, 95, 4461 }, // U+1EDA
    { 15, 18, 223, 0, 17, 68, 4556 }, // U+1EDB
    { 18, 21, 293, 1, 20, 95, 4624 }, // U+1EDC
    { 15, 18, 223, 0, 17, 68, 4719 }, // U+1EDD
    { 18, 22, 292, 1, 21, 99, 4787 }, // U+1EDE
    { 15, 19, 223, 0, 18, 72, 4886 }, // U+1EDF
    { 18, 21, 293, 1, 20, 95, 4958 }, // U+1EE0
    { 15, 17, 223, 0, 16, 64, 5053 }, // U+1EE1
    { 18, 23, 293, 1, 17, 104, 5117 }, // U+1EE2
    { 15, 21, 223, 0, 15, 79, 5221 }, // U+1EE3
    { 16, 21, 269, 1, 15, 84, 5300 }, // U+1EE4
    { 14, 18, 213, 0, 12, 63, 5384 }, // U+1EE5
    { 16, 22, 269, 1, 21, 88, 5447 }, // U+1EE6
    { 14, 19, 213, 0, 18, 67, 5535 }, // U+1EE7
    { 19, 21, 304, 1, 20, 100, 5602 }, // U+1EE8
    { 17, 18, 253, 0, 17, 77, 5702 }, // U+1EE9
    { 19, 21, 304, 1, 20, 100, 5779 }, // U+1EEA
    { 17, 18, 253, 0, 17, 77, 5879 }, // U+1EEB
    { 19, 22, 304, 1, 21, 105, 5956 }, // U+1EEC
    { 17, 19, 253, 0, 18, 81, 6061 }, // U+1EED
    { 19, 21, 304, 1, 20, 100, 6142 }, // U+1EEE
    { 17, 17, 253, 0, 16, 73, 6242 }, // U+1EEF
    { 19, 22, 304, 1, 16, 105, 6315 }, // U+1EF0
    { 17, 21, 253, 0, 15, 90, 6420 }, // U+1EF1
    { 16, 20, 238, 0, 20, 80, 6510 }, // U+1EF2
    { 13, 22, 191, -1, 17, 72, 6590 }, // U+1EF3
    { 16, 21, 238, 0, 15, 84, 6662 }, // U+1EF4
    { 13, 17, 177, -1, 12, 56, 6746 }, // U+1EF5
    { 16, 21, 238, 0, 21, 84, 6802 }, // U+1EF6
    { 13, 23, 191, -1, 18, 75, 6886 }, // U+1EF7
    { 16, 20, 238, 0, 20, 80, 6961 }, // U+1EF8
    { 13, 21, 191, -1, 16, 69, 7041 }, // U+1EF9
    { 0, 0, 196, 0, 0, 0, 0 }, // U+2007
    { 0, 0, 109, 0, 0, 0, 0 }, // U+2008
    { 0, 0, 42, 0, 0, 0, 0 }, // U+2009
    { 0, 0, 20, 0, 0, 0, 0 }, // U+200A
    { 0, 0, 0, 0, 0, 0, 0 }, // U+200B
    { 7, 4, 119, 0, 8, 7, 0 }, // U+2010
    { 11, 2, 172, 0, 7, 6, 7 }, // U+2012
    { 11, 2, 172, 0, 7, 6, 13 }, // U+2013
    { 22, 2, 340, 0, 7, 11, 19 }, // U+2014
    { 22, 2, 340, 0, 7, 11, 30 }, // U+2015
    { 5, 7, 93, 1, 17, 9, 41 }, // U+2018
    { 5, 7, 95, 1, 17, 9, 50 }, // U+2019
    { 5, 8, 99, 1, 4, 10, 59 }, // U+201A
    { 10, 7, 165, 1, 17, 18, 69 }, // U+201C
    { 9, 7, 169, 1, 17, 16, 87 }, // U+201D
    { 9, 8, 173, 1, 4, 18, 103 }, // U+201E
    { 10, 18, 185, 1, 17, 45, 121 }, // U+2020
    { 10, 18, 189, 1, 17, 45, 166 }, // U+2021
    { 7, 7, 153, 1, 10, 13, 211 }, // U+2022
    { 20, 5, 344, 1, 4, 25, 224 }, // U+2026
    { 24, 14, 405, 1, 13, 84, 249 }, // U+2030
    { 4, 6, 73, 1, 17, 6, 333 }, // U+2032
    { 7, 6, 131, 1, 17, 11, 339 }, // U+2033
    { 7, 9, 117, 0, 10, 16, 350 }, // U+2039
    { 6, 10, 118, 1, 11, 15, 366 }, // U+203A
    { 18, 18, 315, 1, 17, 81, 381 }, // U+2042
    { 12, 17, 100, -3, 16, 51, 462 }, // U+2044
    { 9, 11, 159, 1, 18, 25, 0 }, // U+2070
    { 10, 11, 151, 0, 18, 28, 25 }, // U+2074
    { 9, 11, 140, 0, 18, 25, 53 }, // U+2075
    { 9, 11, 152, 1, 18, 25, 78 }, // U+2076
    { 8, 11, 133, 1, 18, 22, 103 }, // U+2077
    { 10, 11, 152, 0, 18, 28, 125 }, // U+2078
    { 9, 11, 149, 1, 18, 25, 153 }, // U+2079
    { 5, 14, 95, 1, 19, 18, 178 }, // U+207D
    { 6, 14, 95, 0, 19, 21, 196 }, // U+207E
    { 10, 9, 178, 1, 16, 23, 217 }, // U+207F
    { 10, 11, 159, 0, 7, 28, 240 }, // U+2080
    { 7, 11, 117, 0, 7, 20, 268 }, // U+2081
    { 9, 11, 143, 0, 7, 25, 288 }, // U+2082
    { 9, 11, 145, 0, 7, 25, 313 }, // U+2083
    { 9, 11, 151, 0, 7, 25, 338 }, // U+2084
    { 8, 11, 140, 0, 7, 22, 363 }, // U+2085
    { 9, 11, 152, 0, 7, 25, 385 }, // U+2086
    { 9, 11, 133, 0, 7, 25, 410 }, // U+2087
    { 9, 11, 152, 0, 7, 25, 435 }, // U+2088
    { 9, 11, 149, 0, 7, 25, 460 }, // U+2089
    { 5, 14, 95, 1, 8, 18, 485 }, // U+208D
    { 5, 14, 95, 0, 8, 18, 503 }, // U+208E
    { 13, 19, 222, 1, 17, 62, 0 }, // U+20A1
    { 13, 15, 204, 0, 15, 49, 62 }, // U+20A3
    { 14, 17, 220, 0, 16, 60, 111 }, // U+20A4
    { 17, 16, 271, 0, 15, 68, 171 }, // U+20A6
    { 33, 16, 535, 0, 15, 132, 239 }, // U+20A7
    { 24, 16, 370, 0, 15, 96, 371 }, // U+20A9
    { 14, 21, 213, 0, 17, 74, 467 }, // U+20AB
    { 16, 17, 249, 0, 16, 68, 541 }, // U+20AC
    { 17, 16, 263, 0, 15, 68, 609 }, // U+20AD
    { 15, 15, 227, 0, 15, 57, 677 }, // U+20AE
    { 16, 15, 251, 0, 15, 60, 734 }, // U+20B1
    { 13, 19, 236, 1, 17, 62, 794 }, // U+20B2
    { 14, 17, 230, 0, 16, 60, 856 }, // U+20B4
    { 13, 20, 220, 1, 17, 65, 916 }, // U+20B5
    { 15, 15, 232, 0, 15, 57, 981 }, // U+20B8
    { 12, 16, 212, 1, 15, 48, 1038 }, // U+20B9
    { 13, 15, 221, 1, 15, 49, 1086 }, // U+20BA
    { 16, 16, 269, 0, 16, 64, 1135 }, // U+20BC
    { 14, 15, 231, 1, 15, 53, 1199 }, // U+20BD
    { 12, 8, 192, 0, 10, 24, 0 }, // U+2190
    { 8, 11, 192, 2, 11, 22, 24 }, // U+2191
    { 12, 8, 191, 0, 10, 24, 46 }, // U+2192
    { 8, 11, 192, 2, 11, 22, 70 }, // U+2193
    { 12, 17, 193, 0, 16, 51, 0 }, // U+2202
    { 15, 16, 250, 0, 14, 60, 51 }, // U+2205
    { 13, 15, 210, 0, 15, 49, 111 }, // U+2206
    { 18, 18, 283, 0, 15, 81, 160 }, // U+220F
    { 13, 19, 205, 0, 15, 62, 241 }, // U+2211
    { 10, 3, 196, 1, 8, 8, 303 }, // U+2212
    { 12, 17, 100, -3, 16, 51, 311 }, // U+2215
    { 6, 5, 124, 1, 9, 8, 362 }, // U+2219
    { 13, 16, 195, 0, 16, 52, 370 }, // U+221A
    { 14, 7, 221, 0, 9, 25, 422 }, // U+221E
    { 13, 21, 176, -1, 16, 69, 447 }, // U+222B
    { 11, 8, 196, 1, 10, 22, 516 }, // U+2248
    { 10, 13, 196, 1, 13, 33, 538 }, // U+2260
    { 10, 12, 196, 1, 12, 30, 571 }, // U+2264
    { 10, 12, 196, 1, 12, 30, 601 }, // U+2265
    { 17, 22, 227, -2, 17, 94, 0 }, // U+FB01
    { 17, 22, 228, -2, 17, 94, 94 }, // U+FB02
};

static const EpdUnicodeInterval literata_10_bolditalicIntervals[] = {
    { 0x20, 0x7E, 0x0 },
    { 0xA0, 0x17E, 0x5F },
    { 0x1A0, 0x1A1, 0x13E },
    { 0x1AF, 0x1B0, 0x140 },
    { 0x1C4, 0x1DC, 0x142 },
    { 0x1E6, 0x1E7, 0x15B },
    { 0x1EA, 0x1EB, 0x15D },
    { 0x1FA, 0x21B, 0x15F },
    { 0x300, 0x304, 0x181 },
    { 0x306, 0x30C, 0x186 },
    { 0x30F, 0x30F, 0x18D },
    { 0x311, 0x312, 0x18E },
    { 0x31B, 0x31B, 0x190 },
    { 0x323, 0x324, 0x191 },
    { 0x326, 0x328, 0x193 },
    { 0x32E, 0x32E, 0x196 },
    { 0x331, 0x331, 0x197 },
    { 0x401, 0x44F, 0x198 },
    { 0x451, 0x45F, 0x1E7 },
    { 0x462, 0x463, 0x1F6 },
    { 0x46A, 0x46B, 0x1F8 },
    { 0x490, 0x493, 0x1FA },
    { 0x496, 0x497, 0x1FE },
    { 0x49A, 0x49B, 0x200 },
    { 0x4A2, 0x4A3, 0x202 },
    { 0x4AE, 0x4B1, 0x204 },
    { 0x4BA, 0x4BB, 0x208 },
    { 0x4D8, 0x4D9, 0x20A },
    { 0x4E8, 0x4E9, 0x20C },
    { 0x1EA0, 0x1EF9, 0x20E },
    { 0x2007, 0x200B, 0x268 },
    { 0x2010, 0x2010, 0x26D },
    { 0x2012, 0x2015, 0x26E },
    { 0x2018, 0x201A, 0x272 },
    { 0x201C, 0x201E, 0x275 },
    { 0x2020, 0x2022, 0x278 },
    { 0x2026, 0x2026, 0x27B },
    { 0x2030, 0x2030, 0x27C },
    { 0x2032, 0x2033, 0x27D },
    { 0x2039, 0x203A, 0x27F },
    { 0x2042, 0x2042, 0x281 },
    { 0x2044, 0x2044, 0x282 },
    { 0x2070, 0x2070, 0x283 },
    { 0x2074, 0x2079, 0x284 },
    { 0x207D, 0x2089, 0x28A },
    { 0x208D, 0x208E, 0x297 },
    { 0x20A1, 0x20A1, 0x299 },
    { 0x20A3, 0x20A4, 0x29A },
    { 0x20A6, 0x20A7, 0x29C },
    { 0x20A9, 0x20A9, 0x29E },
    { 0x20AB, 0x20AE, 0x29F },
    { 0x20B1, 0x20B2, 0x2A3 },
    { 0x20B4, 0x20B5, 0x2A5 },
    { 0x20B8, 0x20BA, 0x2A7 },
    { 0x20BC, 0x20BD, 0x2AA },
    { 0x2190, 0x2193, 0x2AC },
    { 0x2202, 0x2202, 0x2B0 },
    { 0x2205, 0x2206, 0x2B1 },
    { 0x220F, 0x220F, 0x2B3 },
    { 0x2211, 0x2212, 0x2B4 },
    { 0x2215, 0x2215, 0x2B6 },
    { 0x2219, 0x221A, 0x2B7 },
    { 0x221E, 0x221E, 0x2B9 },
    { 0x222B, 0x222B, 0x2BA },
    { 0x2248, 0x2248, 0x2BB },
    { 0x2260, 0x2260, 0x2BC },
    { 0x2264, 0x2265, 0x2BD },
    { 0xFB01, 0xFB02, 0x2BF },
};

static const EpdFontGroup literata_10_bolditalicGroups[] = {
    { 0, 2687, 4767, 95, 0 },
    { 2687, 2355, 5626, 96, 95 },
    { 5042, 3011, 9088, 127, 191 },
    { 8053, 2194, 5507, 67, 318 },
    { 10247, 224, 264, 23, 385 },
    { 10471, 3616, 7883, 118, 408 },
    { 14087, 1711, 7746, 90, 526 },
    { 15798, 378, 582, 27, 616 },
    { 16176, 460, 667, 22, 643 },
    { 16636, 886, 1392, 19, 665 },
    { 17522, 77, 92, 4, 684 },
    { 17599, 457, 722, 15, 688 },
    { 18056, 117, 220, 2, 703 },
};

static const EpdKernClassEntry literata_10_bolditalicKernLeftClasses[] = {
    { 0x0022, 1 }, // "
    { 0x0026, 2 }, // &
    { 0x0027, 1 }, // '
    { 0x0028, 3 }, // (
    { 0x002A, 4 }, // *
    { 0x002C, 5 }, // ,
    { 0x002D, 6 }, // -
    { 0x002E, 5 }, // .
    { 0x002F, 7 }, // /
    { 0x0030, 8 }, // 0
    { 0x0031, 9 }, // 1
    { 0x0032, 10 }, // 2
    { 0x0033, 11 }, // 3
    { 0x0034, 12 }, // 4
    { 0x0035, 13 }, // 5
    { 0x0036, 14 }, // 6
    { 0x0037, 15 }, // 7
    { 0x0038, 16 }, // 8
    { 0x0039, 17 }, // 9
    { 0x003A, 18 }, // :
    { 0x003B, 18 }, // ;
    { 0x003D, 19 }, // =
    { 0x003F, 20 }, // ?
    { 0x0040, 21 }, // @
    { 0x0041, 22 }, // A
    { 0x0042, 23 }, // B
    { 0x0043, 24 }, // C
    { 0x0044, 25 }, // D
    { 0x0045, 26 }, // E
    { 0x0046, 27 }, // F
    { 0x0047, 28 }, // G
    { 0x0048, 29 }, // H
    { 0x0049, 29 }, // I
    { 0x004A, 30 }, // J
    { 0x004B, 31 }, // K
    { 0x004C, 32 }, // L
    { 0x004D, 33 }, // M
    { 0x004E, 34 }, // N
    { 0x004F, 35 }, // O
    { 0x0050, 36 }, // P
    { 0x0051, 37 }, // Q
    { 0x0052, 38 }, // R
    { 0x0053, 39 }, // S
    { 0x0054, 40 }, // T
    { 0x0055, 29 }, // U
    { 0x0056, 41 }, // V
    { 0x0057, 42 }, // W
    { 0x0058, 43 }, // X
    { 0x0059, 44 }, // Y
    { 0x005A, 45 }, // Z
    { 0x005B, 46 }, // [
    { 0x005C, 47 }, // <backslash>
    { 0x0061, 48 }, // a
    { 0x0062, 49 }, // b
    { 0x0063, 50 }, // c
    { 0x0064, 51 }, // d
    { 0x0065, 52 }, // e
    { 0x0066, 53 }, // f
    { 0x0067, 54 }, // g
    { 0x0068, 48 }, // h
    { 0x0069, 55 }, // i
    { 0x006A, 56 }, // j
    { 0x006B, 57 }, // k
    { 0x006C, 51 }, // l
    { 0x006D, 48 }, // m
    { 0x006E, 48 }, // n
    { 0x006F, 49 }, // o
    { 0x0070, 49 }, // p
    { 0x0071, 58 }, // q
    { 0x0072, 59 }, // r
    { 0x0073, 60 }, // s
    { 0x0074, 61 }, // t
    { 0x0075, 48 }, // u
    { 0x0076, 62 }, // v
    { 0x0077, 62 }, // w
    { 0x0078, 63 }, // x
    { 0x0079, 64 }, // y
    { 0x007A, 65 }, // z
    { 0x00A1, 66 }, // U+00A1
    { 0x00AB, 67 }, // U+00AB
    { 0x00AD, 6 }, // U+00AD
    { 0x00B7, 68 }, // U+00B7
    { 0x00BB, 69 }, // U+00BB
    { 0x00BF, 70 }, // U+00BF
    { 0x00C0, 22 }, // U+00C0
    { 0x00C1, 22 }, // U+00C1
    { 0x00C2, 22 }, // U+00C2
    { 0x00C3, 22 }, // U+00C3
    { 0x00C4, 22 }, // U+00C4
    { 0x00C5, 22 }, // U+00C5
    { 0x00C6, 71 }, // U+00C6
    { 0x00C7, 24 }, // U+00C7
    { 0x00C8, 26 }, // U+00C8
    { 0x00C9, 26 }, // U+00C9
    { 0x00CA, 26 }, // U+00CA
    { 0x00CB, 26 }, // U+00CB
    { 0x00CC, 29 }, // U+00CC
    { 0x00CD, 29 }, // U+00CD
    { 0x00CE, 29 }, // U+00CE
    { 0x00CF, 29 }, // U+00CF
    { 0x00D0, 72 }, // U+00D0
    { 0x00D1, 34 }, // U+00D1
    { 0x00D2, 73 }, // U+00D2
    { 0x00D3, 73 }, // U+00D3
    { 0x00D4, 73 }, // U+00D4
    { 0x00D5, 73 }, // U+00D5
    { 0x00D6, 73 }, // U+00D6
    { 0x00D7, 74 }, // U+00D7
    { 0x00D8, 73 }, // U+00D8
    { 0x00DD, 44 }, // U+00DD
    { 0x00DE, 75 }, // U+00DE
    { 0x00DF, 76 }, // U+00DF
    { 0x00E0, 77 }, // U+00E0
    { 0x00E1, 78 }, // U+00E1
    { 0x00E2, 78 }, // U+00E2
    { 0x00E3, 78 }, // U+00E3
    { 0x00E4, 78 }, // U+00E4
    { 0x00E5, 78 }, // U+00E5
    { 0x00E6, 79 }, // U+00E6
    { 0x00E7, 50 }, // U+00E7
    { 0x00E8, 80 }, // U+00E8
    { 0x00E9, 80 }, // U+00E9
    { 0x00EA, 80 }, // U+00EA
    { 0x00EB, 80 }, // U+00EB
    { 0x00EC, 55 }, // U+00EC
    { 0x00ED, 55 }, // U+00ED
    { 0x00EE, 55 }, // U+00EE
    { 0x00EF, 55 }, // U+00EF
    { 0x00F1, 48 }, // U+00F1
    { 0x00F2, 49 }, // U+00F2
    { 0x00F3, 49 }, // U+00F3
    { 0x00F4, 49 }, // U+00F4
    { 0x00F5, 49 }, // U+00F5
    { 0x00F6, 49 }, // U+00F6
    { 0x00F8, 49 }, // U+00F8
    { 0x00F9, 48 }, // U+00F9
    { 0x00FA, 48 }, // U+00FA
    { 0x00FB, 48 }, // U+00FB
    { 0x00FC, 48 }, // U+00FC
    { 0x00FD, 64 }, // U+00FD
    { 0x00FE, 49 }, // U+00FE
    { 0x00FF, 64 }, // U+00FF
    { 0x0100, 22 }, // U+0100
    { 0x0101, 78 }, // U+0101
    { 0x0102, 22 }, // U+0102
    { 0x0103, 78 }, // U+0103
    { 0x0104, 22 }, // U+0104
    { 0x0105, 78 }, // U+0105
    { 0x0106, 24 }, // U+0106
    { 0x0107, 50 }, // U+0107
    { 0x0108, 24 }, // U+0108
    { 0x0109, 50 }, // U+0109
    { 0x010A, 24 }, // U+010A
    { 0x010B, 50 }, // U+010B
    { 0x010C, 24 }, // U+010C
    { 0x010D, 50 }, // U+010D
    { 0x010E, 81 }, // U+010E
    { 0x010F, 82 }, // U+010F
    { 0x0110, 81 }, // U+0110
    { 0x0111, 51 }, // U+0111
    { 0x0112, 26 }, // U+0112
    { 0x0113, 80 }, // U+0113
    { 0x0114, 26 }, // U+0114
    { 0x0115, 80 }, // U+0115
    { 0x0116, 26 }, // U+0116
    { 0x0117, 80 }, // U+0117
    { 0x0118, 26 }, // U+0118
    { 0x0119, 80 }, // U+0119
    { 0x011A, 26 }, // U+011A
    { 0x011B, 80 }, // U+011B
    { 0x011C, 28 }, // U+011C
    { 0x011D, 54 }, // U+011D
    { 0x011E, 28 }, // U+011E
    { 0x011F, 54 }, // U+011F
    { 0x0120, 28 }, // U+0120
    { 0x0121, 54 }, // U+0121
    { 0x0122, 28 }, // U+0122
    { 0x0123, 54 }, // U+0123
    { 0x0124, 29 }, // U+0124
    { 0x0125, 48 }, // U+0125
    { 0x0126, 29 }, // U+0126
    { 0x0127, 48 }, // U+0127
    { 0x0128, 29 }, // U+0128
    { 0x0129, 55 }, // U+0129
    { 0x012A, 29 }, // U+012A
    { 0x012B, 55 }, // U+012B
    { 0x012C, 29 }, // U+012C
    { 0x012D, 55 }, // U+012D
    { 0x012E, 29 }, // U+012E
    { 0x012F, 55 }, // U+012F
    { 0x0130, 29 }, // U+0130
    { 0x0131, 55 }, // U+0131
    { 0x0132, 30 }, // U+0132
    { 0x0134, 30 }, // U+0134
    { 0x0135, 56 }, // U+0135
    { 0x0136, 31 }, // U+0136
    { 0x0137, 57 }, // U+0137
    { 0x0138, 57 }, // U+0138
    { 0x0139, 83 }, // U+0139
    { 0x013A, 51 }, // U+013A
    { 0x013B, 83 }, // U+013B
    { 0x013C, 51 }, // U+013C
    { 0x013D, 84 }, // U+013D
    { 0x013E, 85 }, // U+013E
    { 0x013F, 83 }, // U+013F
    { 0x0140, 51 }, // U+0140
    { 0x0141, 83 }, // U+0141
    { 0x0142, 86 }, // U+0142
    { 0x0143, 34 }, // U+0143
    { 0x0144, 48 }, // U+0144
    { 0x0145, 34 }, // U+0145
    { 0x0146, 48 }, // U+0146
    { 0x0147, 34 }, // U+0147
    { 0x0148, 48 }, // U+0148
    { 0x0149, 48 }, // U+0149
    { 0x014A, 30 }, // U+014A
    { 0x014B, 56 }, // U+014B
    { 0x014C, 73 }, // U+014C
    { 0x014D, 49 }, // U+014D
    { 0x014E, 73 }, // U+014E
    { 0x014F, 49 }, // U+014F
    { 0x0150, 73 }, // U+0150
    { 0x0151, 49 }, // U+0151
    { 0x0152, 26 }, // U+0152
    { 0x0153, 79 }, // U+0153
    { 0x0154, 38 }, // U+0154
    { 0x0155, 59 }, // U+0155
    { 0x0156, 38 }, // U+0156
    { 0x0157, 59 }, // U+0157
    { 0x0158, 38 }, // U+0158
    { 0x0159, 59 }, // U+0159
    { 0x015A, 87 }, // U+015A
    { 0x015B, 60 }, // U+015B
    { 0x015C, 87 }, // U+015C
    { 0x015D, 60 }, // U+015D
    { 0x015E, 87 }, // U+015E
    { 0x015F, 60 }, // U+015F
    { 0x0160, 87 }, // U+0160
    { 0x0161, 60 }, // U+0161
    { 0x0162, 40 }, // U+0162
    { 0x0163, 61 }, // U+0163
    { 0x0164, 40 }, // U+0164
    { 0x0165, 88 }, // U+0165
    { 0x0166, 40 }, // U+0166
    { 0x0169, 48 }, // U+0169
    { 0x016B, 48 }, // U+016B
    { 0x016D, 48 }, // U+016D
    { 0x016F, 48 }, // U+016F
    { 0x0171, 48 }, // U+0171
    { 0x0173, 48 }, // U+0173
    { 0x0174, 42 }, // U+0174
    { 0x0175, 62 }, // U+0175
    { 0x0176, 44 }, // U+0176
    { 0x0177, 64 }, // U+0177
    { 0x0178, 44 }, // U+0178
    { 0x0179, 45 }, // U+0179
    { 0x017A, 65 }, // U+017A
    { 0x017B, 45 }, // U+017B
    { 0x017C, 65 }, // U+017C
    { 0x017D, 45 }, // U+017D
    { 0x017E, 65 }, // U+017E
    { 0x01A0, 89 }, // U+01A0
    { 0x01A1, 90 }, // U+01A1
    { 0x01AF, 91 }, // U+01AF
    { 0x01B0, 92 }, // U+01B0
    { 0x01C6, 48 }, // U+01C6
    { 0x01C7, 30 }, // U+01C7
    { 0x01C9, 56 }, // U+01C9
    { 0x01CA, 30 }, // U+01CA
    { 0x01CC, 56 }, // U+01CC
    { 0x01CD, 22 }, // U+01CD
    { 0x01CE, 48 }, // U+01CE
    { 0x01CF, 29 }, // U+01CF
    { 0x01D0, 55 }, // U+01D0
    { 0x01D1, 73 }, // U+01D1
    { 0x01D2, 49 }, // U+01D2
    { 0x01D4, 48 }, // U+01D4
    { 0x01D6, 48 }, // U+01D6
    { 0x01D8, 48 }, // U+01D8
    { 0x01DA, 48 }, // U+01DA
    { 0x01DC, 48 }, // U+01DC
    { 0x01E6, 28 }, // U+01E6
    { 0x01E7, 54 }, // U+01E7
    { 0x01EA, 73 }, // U+01EA
    { 0x01EB, 49 }, // U+01EB
    { 0x01FA, 22 }, // U+01FA
    { 0x01FB, 48 }, // U+01FB
    { 0x01FC, 93 }, // U+01FC
    { 0x01FD, 49 }, // U+01FD
    { 0x01FE, 73 }, // U+01FE
    { 0x01FF, 49 }, // U+01FF
    { 0x0200, 22 }, // U+0200
    { 0x0201, 48 }, // U+0201
    { 0x0202, 22 }, // U+0202
    { 0x0203, 48 }, // U+0203
    { 0x0204, 26 }, // U+0204
    { 0x0205, 49 }, // U+0205
    { 0x0206, 26 }, // U+0206
    { 0x0207, 49 }, // U+0207
    { 0x0208, 29 }, // U+0208
    { 0x0209, 55 }, // U+0209
    { 0x020A, 29 }, // U+020A
    { 0x020B, 55 }, // U+020B
    { 0x020C, 73 }, // U+020C
    { 0x020D, 49 }, // U+020D
    { 0x020E, 73 }, // U+020E
    { 0x020F, 49 }, // U+020F
    { 0x0210, 38 }, // U+0210
    { 0x0211, 59 }, // U+0211
    { 0x0212, 38 }, // U+0212
    { 0x0213, 59 }, // U+0213
    { 0x0215, 48 }, // U+0215
    { 0x0217, 48 }, // U+0217
    { 0x0218, 87 }, // U+0218
    { 0x0219, 60 }, // U+0219
    { 0x021A, 40 }, // U+021A
    { 0x021B, 61 }, // U+021B
    { 0x0402, 94 }, // U+0402
    { 0x0403, 95 }, // U+0403
    { 0x0404, 96 }, // U+0404
    { 0x0406, 97 }, // U+0406
    { 0x0407, 97 }, // U+0407
    { 0x0408, 98 }, // U+0408
    { 0x0409, 99 }, // U+0409
    { 0x040A, 99 }, // U+040A
    { 0x040B, 100 }, // U+040B
    { 0x040C, 101 }, // U+040C
    { 0x040D, 97 }, // U+040D
    { 0x040E, 102 }, // U+040E
    { 0x040F, 97 }, // U+040F
    { 0x0410, 103 }, // U+0410
    { 0x0411, 104 }, // U+0411
    { 0x0412, 105 }, // U+0412
    { 0x0413, 95 }, // U+0413
    { 0x0414, 106 }, // U+0414
    { 0x0416, 107 }, // U+0416
    { 0x0417, 108 }, // U+0417
    { 0x0418, 97 }, // U+0418
    { 0x0419, 97 }, // U+0419
    { 0x041A, 101 }, // U+041A
    { 0x041B, 97 }, // U+041B
    { 0x041C, 109 }, // U+041C
    { 0x041D, 97 }, // U+041D
    { 0x041E, 110 }, // U+041E
    { 0x041F, 97 }, // U+041F
    { 0x0420, 111 }, // U+0420
    { 0x0422, 112 }, // U+0422
    { 0x0423, 102 }, // U+0423
    { 0x0424, 113 }, // U+0424
    { 0x0425, 114 }, // U+0425
    { 0x0427, 97 }, // U+0427
    { 0x0428, 97 }, // U+0428
    { 0x042A, 115 }, // U+042A
    { 0x042B, 97 }, // U+042B
    { 0x042C, 99 }, // U+042C
    { 0x042D, 116 }, // U+042D
    { 0x042E, 116 }, // U+042E
    { 0x042F, 97 }, // U+042F
    { 0x0430, 117 }, // U+0430
    { 0x0431, 118 }, // U+0431
    { 0x0432, 119 }, // U+0432
    { 0x0433, 120 }, // U+0433
    { 0x0434, 121 }, // U+0434
    { 0x0435, 122 }, // U+0435
    { 0x0436, 123 }, // U+0436
    { 0x0437, 124 }, // U+0437
    { 0x0438, 125 }, // U+0438
    { 0x0439, 126 }, // U+0439
    { 0x043A, 127 }, // U+043A
    { 0x043B, 128 }, // U+043B
    { 0x043C, 129 }, // U+043C
    { 0x043D, 126 }, // U+043D
    { 0x043E, 130 }, // U+043E
    { 0x043F, 126 }, // U+043F
    { 0x0440, 131 }, // U+0440
    { 0x0441, 79 }, // U+0441
    { 0x0442, 132 }, // U+0442
    { 0x0443, 133 }, // U+0443
    { 0x0444, 130 }, // U+0444
    { 0x0445, 134 }, // U+0445
    { 0x0447, 135 }, // U+0447
    { 0x0448, 126 }, // U+0448
    { 0x044A, 136 }, // U+044A
    { 0x044B, 126 }, // U+044B
    { 0x044C, 137 }, // U+044C
    { 0x044D, 130 }, // U+044D
    { 0x044E, 130 }, // U+044E
    { 0x044F, 138 }, // U+044F
    { 0x0451, 139 }, // U+0451
    { 0x0452, 140 }, // U+0452
    { 0x0453, 120 }, // U+0453
    { 0x0454, 79 }, // U+0454
    { 0x0455, 141 }, // U+0455
    { 0x0456, 126 }, // U+0456
    { 0x0457, 126 }, // U+0457
    { 0x0458, 142 }, // U+0458
    { 0x0459, 137 }, // U+0459
    { 0x045A, 137 }, // U+045A
    { 0x045B, 143 }, // U+045B
    { 0x045C, 127 }, // U+045C
    { 0x045D, 126 }, // U+045D
    { 0x045E, 133 }, // U+045E
    { 0x045F, 126 }, // U+045F
    { 0x0462, 99 }, // U+0462
    { 0x0463, 137 }, // U+0463
    { 0x046A, 144 }, // U+046A
    { 0x046B, 145 }, // U+046B
    { 0x0490, 146 }, // U+0490
    { 0x0491, 147 }, // U+0491
    { 0x0492, 95 }, // U+0492
    { 0x0493, 148 }, // U+0493
    { 0x0496, 101 }, // U+0496
    { 0x0497, 127 }, // U+0497
    { 0x049A, 101 }, // U+049A
    { 0x049B, 127 }, // U+049B
    { 0x04AE, 149 }, // U+04AE
    { 0x04B0, 150 }, // U+04B0
    { 0x04BA, 151 }, // U+04BA
    { 0x04BB, 143 }, // U+04BB
    { 0x04D8, 116 }, // U+04D8
    { 0x04D9, 130 }, // U+04D9
    { 0x04E8, 116 }, // U+04E8
    { 0x04E9, 130 }, // U+04E9
    { 0x1EA0, 22 }, // U+1EA0
    { 0x1EA1, 48 }, // U+1EA1
    { 0x1EA2, 22 }, // U+1EA2
    { 0x1EA3, 48 }, // U+1EA3
    { 0x1EA4, 22 }, // U+1EA4
    { 0x1EA5, 48 }, // U+1EA5
    { 0x1EA6, 22 }, // U+1EA6
    { 0x1EA7, 48 }, // U+1EA7
    { 0x1EA8, 22 }, // U+1EA8
    { 0x1EA9, 48 }, // U+1EA9
    { 0x1EAA, 22 }, // U+1EAA
    { 0x1EAB, 48 }, // U+1EAB
    { 0x1EAC, 22 }, // U+1EAC
    { 0x1EAD, 48 }, // U+1EAD
    { 0x1EAE, 22 }, // U+1EAE
    { 0x1EAF, 48 }, // U+1EAF
    { 0x1EB0, 22 }, // U+1EB0
    { 0x1EB1, 48 }, // U+1EB1
    { 0x1EB2, 22 }, // U+1EB2
    { 0x1EB3, 48 }, // U+1EB3
    { 0x1EB4, 22 }, // U+1EB4
    { 0x1EB5, 48 }, // U+1EB5
    { 0x1EB6, 22 }, // U+1EB6
    { 0x1EB7, 48 }, // U+1EB7
    { 0x1EB8, 26 }, // U+1EB8
    { 0x1EB9, 49 }, // U+1EB9
    { 0x1EBA, 26 }, // U+1EBA
    { 0x1EBB, 49 }, // U+1EBB
    { 0x1EBC, 26 }, // U+1EBC
    { 0x1EBD, 49 }, // U+1EBD
    { 0x1EBE, 26 }, // U+1EBE
    { 0x1EBF, 49 }, // U+1EBF
    { 0x1EC0, 26 }, // U+1EC0
    { 0x1EC1, 49 }, // U+1EC1
    { 0x1EC2, 26 }, // U+1EC2
    { 0x1EC3, 49 }, // U+1EC3
    { 0x1EC4, 26 }, // U+1EC4
    { 0x1EC5, 49 }, // U+1EC5
    { 0x1EC6, 26 }, // U+1EC6
    { 0x1EC7, 49 }, // U+1EC7
    { 0x1EC8, 29 }, // U+1EC8
    { 0x1EC9, 55 }, // U+1EC9
    { 0x1ECA, 29 }, // U+1ECA
    { 0x1ECB, 55 }, // U+1ECB
    { 0x1ECC, 73 }, // U+1ECC
    { 0x1ECD, 49 }, // U+1ECD
    { 0x1ECE, 73 }, // U+1ECE
    { 0x1ECF, 49 }, // U+1ECF
    { 0x1ED0, 73 }, // U+1ED0
    { 0x1ED1, 49 }, // U+1ED1
    { 0x1ED2, 73 }, // U+1ED2
    { 0x1ED3, 49 }, // U+1ED3
    { 0x1ED4, 73 }, // U+1ED4
    { 0x1ED5, 49 }, // U+1ED5
    { 0x1ED6, 73 }, // U+1ED6
    { 0x1ED7, 49 }, // U+1ED7
    { 0x1ED8, 73 }, // U+1ED8
    { 0x1ED9, 49 }, // U+1ED9
    { 0x1EDA, 89 }, // U+1EDA
    { 0x1EDB, 49 }, // U+1EDB
    { 0x1EDC, 89 }, // U+1EDC
    { 0x1EDD, 49 }, // U+1EDD
    { 0x1EDE, 89 }, // U+1EDE
    { 0x1EDF, 49 }, // U+1EDF
    { 0x1EE0, 89 }, // U+1EE0
    { 0x1EE1, 49 }, // U+1EE1
    { 0x1EE2, 89 }, // U+1EE2
    { 0x1EE3, 49 }, // U+1EE3
    { 0x1EE5, 48 }, // U+1EE5
    { 0x1EE7, 48 }, // U+1EE7
    { 0x1EE8, 91 }, // U+1EE8
    { 0x1EE9, 92 }, // U+1EE9
    { 0x1EEA, 91 }, // U+1EEA
    { 0x1EEB, 92 }, // U+1EEB
    { 0x1EEC, 91 }, // U+1EEC
    { 0x1EED, 92 }, // U+1EED
    { 0x1EEE, 91 }, // U+1EEE
    { 0x1EEF, 92 }, // U+1EEF
    { 0x1EF0, 91 }, // U+1EF0
    { 0x1EF1, 92 }, // U+1EF1
    { 0x1EF2, 44 }, // U+1EF2
    { 0x1EF3, 64 }, // U+1EF3
    { 0x1EF4, 44 }, // U+1EF4
    { 0x1EF5, 64 }, // U+1EF5
    { 0x1EF6, 44 }, // U+1EF6
    { 0x1EF7, 64 }, // U+1EF7
    { 0x1EF8, 44 }, // U+1EF8
    { 0x1EF9, 64 }, // U+1EF9
    { 0x2010, 6 }, // U+2010
    { 0x2012, 6 }, // U+2012
    { 0x2013, 6 }, // U+2013
    { 0x2014, 6 }, // U+2014
    { 0x2015, 6 }, // U+2015
    { 0x2018, 152 }, // U+2018
    { 0x2019, 153 }, // U+2019
    { 0x201A, 154 }, // U+201A
    { 0x201C, 152 }, // U+201C
    { 0x201D, 153 }, // U+201D
    { 0x201E, 154 }, // U+201E
    { 0x2026, 5 }, // U+2026
    { 0x2039, 67 }, // U+2039
    { 0x203A, 69 }, // U+203A
    { 0x2206, 155 }, // U+2206
    { 0x2212, 156 }, // U+2212
    { 0xFB01, 55 }, // U+FB01
    { 0xFB02, 51 }, // U+FB02
};

static const EpdKernClassEntry literata_10_bolditalicKernRightClasses[] = {
    { 0x0020, 1 }, // U+0020
    { 0x0021, 2 }, // !
    { 0x0022, 3 }, // "
    { 0x0025, 4 }, // %
    { 0x0026, 5 }, // &
    { 0x0027, 3 }, // '
    { 0x0029, 6 }, // )
    { 0x002A, 7 }, // *
    { 0x002B, 8 }, // +
    { 0x002C, 9 }, // ,
    { 0x002D, 10 }, // -
    { 0x002E, 11 }, // .
    { 0x002F, 12 }, // /
    { 0x0030, 13 }, // 0
    { 0x0031, 14 }, // 1
    { 0x0032, 15 }, // 2
    { 0x0033, 16 }, // 3
    { 0x0034, 17 }, // 4
    { 0x0035, 18 }, // 5
    { 0x0036, 19 }, // 6
    { 0x0037, 20 }, // 7
    { 0x0038, 21 }, // 8
    { 0x0039, 22 }, // 9
    { 0x003A, 23 }, // :
    { 0x003B, 23 }, // ;
    { 0x003D, 24 }, // =
    { 0x003F, 25 }, // ?
    { 0x0040, 26 }, // @
    { 0x0041, 27 }, // A
    { 0x0043, 28 }, // C
    { 0x0047, 28 }, // G
    { 0x0048, 29 }, // H
    { 0x0049, 29 }, // I
    { 0x004A, 30 }, // J
    { 0x004D, 31 }, // M
    { 0x004E, 32 }, // N
    { 0x004F, 28 }, // O
    { 0x0050, 29 }, // P
    { 0x0051, 28 }, // Q
    { 0x0053, 33 }, // S
    { 0x0054, 34 }, // T
    { 0x0055, 35 }, // U
    { 0x0056, 36 }, // V
    { 0x0057, 37 }, // W
    { 0x0058, 38 }, // X
    { 0x0059, 39 }, // Y
    { 0x005A, 40 }, // Z
    { 0x005C, 41 }, // <backslash>
    { 0x005D, 42 }, // ]
    { 0x0061, 43 }, // a
    { 0x0062, 44 }, // b
    { 0x0063, 45 }, // c
    { 0x0064, 46 }, // d
    { 0x0065, 46 }, // e
    { 0x0066, 47 }, // f
    { 0x0067, 48 }, // g
    { 0x0068, 49 }, // h
    { 0x0069, 50 }, // i
    { 0x006A, 51 }, // j
    { 0x006B, 49 }, // k
    { 0x006C, 49 }, // l
    { 0x006D, 52 }, // m
    { 0x006E, 52 }, // n
    { 0x006F, 53 }, // o
    { 0x0070, 54 }, // p
    { 0x0071, 55 }, // q
    { 0x0072, 56 }, // r
    { 0x0073, 57 }, // s
    { 0x0074, 58 }, // t
    { 0x0075, 59 }, // u
    { 0x0076, 60 }, // v
    { 0x0077, 61 }, // w
    { 0x0078, 62 }, // x
    { 0x0079, 63 }, // y
    { 0x007A, 64 }, // z
    { 0x00A1, 65 }, // U+00A1
    { 0x00AB, 66 }, // U+00AB
    { 0x00AD, 10 }, // U+00AD
    { 0x00B0, 67 }, // U+00B0
    { 0x00B2, 68 }, // U+00B2
    { 0x00B3, 68 }, // U+00B3
    { 0x00B7, 69 }, // U+00B7
    { 0x00B9, 68 }, // U+00B9
    { 0x00BB, 70 }, // U+00BB
    { 0x00BF, 71 }, // U+00BF
    { 0x00C0, 27 }, // U+00C0
    { 0x00C1, 72 }, // U+00C1
    { 0x00C2, 27 }, // U+00C2
    { 0x00C3, 27 }, // U+00C3
    { 0x00C4, 27 }, // U+00C4
    { 0x00C5, 27 }, // U+00C5
    { 0x00C6, 27 }, // U+00C6
    { 0x00C7, 28 }, // U+00C7
    { 0x00CC, 29 }, // U+00CC
    { 0x00CD, 29 }, // U+00CD
    { 0x00CE, 29 }, // U+00CE
    { 0x00CF, 29 }, // U+00CF
    { 0x00D1, 32 }, // U+00D1
    { 0x00D2, 28 }, // U+00D2
    { 0x00D3, 28 }, // U+00D3
    { 0x00D4, 28 }, // U+00D4
    { 0x00D5, 28 }, // U+00D5
    { 0x00D6, 28 }, // U+00D6
    { 0x00D7, 73 }, // U+00D7
    { 0x00D8, 28 }, // U+00D8
    { 0x00D9, 35 }, // U+00D9
    { 0x00DA, 35 }, // U+00DA
    { 0x00DB, 35 }, // U+00DB
    { 0x00DC, 35 }, // U+00DC
    { 0x00DD, 39 }, // U+00DD
    { 0x00DE, 29 }, // U+00DE
    { 0x00DF, 74 }, // U+00DF
    { 0x00E0, 75 }, // U+00E0
    { 0x00E1, 76 }, // U+00E1
    { 0x00E2, 77 }, // U+00E2
    { 0x00E3, 78 }, // U+00E3
    { 0x00E4, 79 }, // U+00E4
    { 0x00E5, 76 }, // U+00E5
    { 0x00E6, 53 }, // U+00E6
    { 0x00E7, 53 }, // U+00E7
    { 0x00E8, 80 }, // U+00E8
    { 0x00E9, 53 }, // U+00E9
    { 0x00EA, 81 }, // U+00EA
    { 0x00EB, 82 }, // U+00EB
    { 0x00EC, 83 }, // U+00EC
    { 0x00ED, 50 }, // U+00ED
    { 0x00EE, 84 }, // U+00EE
    { 0x00EF, 85 }, // U+00EF
    { 0x00F0, 86 }, // U+00F0
    { 0x00F1, 52 }, // U+00F1
    { 0x00F2, 87 }, // U+00F2
    { 0x00F3, 53 }, // U+00F3
    { 0x00F4, 88 }, // U+00F4
    { 0x00F5, 89 }, // U+00F5
    { 0x00F6, 90 }, // U+00F6
    { 0x00F8, 53 }, // U+00F8
    { 0x00F9, 59 }, // U+00F9
    { 0x00FA, 59 }, // U+00FA
    { 0x00FB, 59 }, // U+00FB
    { 0x00FC, 59 }, // U+00FC
    { 0x00FD, 63 }, // U+00FD
    { 0x00FE, 91 }, // U+00FE
    { 0x00FF, 63 }, // U+00FF
    { 0x0100, 27 }, // U+0100
    { 0x0101, 92 }, // U+0101
    { 0x0102, 27 }, // U+0102
    { 0x0103, 93 }, // U+0103
    { 0x0104, 27 }, // U+0104
    { 0x0105, 94 }, // U+0105
    { 0x0106, 28 }, // U+0106
    { 0x0107, 53 }, // U+0107
    { 0x0108, 28 }, // U+0108
    { 0x0109, 53 }, // U+0109
    { 0x010A, 28 }, // U+010A
    { 0x010B, 53 }, // U+010B
    { 0x010C, 28 }, // U+010C
    { 0x010D, 95 }, // U+010D
    { 0x010F, 53 }, // U+010F
    { 0x0111, 53 }, // U+0111
    { 0x0113, 96 }, // U+0113
    { 0x0115, 80 }, // U+0115
    { 0x0117, 53 }, // U+0117
    { 0x0119, 53 }, // U+0119
    { 0x011B, 97 }, // U+011B
    { 0x011C, 28 }, // U+011C
    { 0x011D, 98 }, // U+011D
    { 0x011E, 28 }, // U+011E
    { 0x011F, 99 }, // U+011F
    { 0x0120, 28 }, // U+0120
    { 0x0121, 98 }, // U+0121
    { 0x0122, 28 }, // U+0122
    { 0x0123, 98 }, // U+0123
    { 0x0124, 29 }, // U+0124
    { 0x0125, 49 }, // U+0125
    { 0x0126, 29 }, // U+0126
    { 0x0127, 49 }, // U+0127
    { 0x0128, 29 }, // U+0128
    { 0x0129, 100 }, // U+0129
    { 0x012A, 29 }, // U+012A
    { 0x012B, 101 }, // U+012B
    { 0x012C, 29 }, // U+012C
    { 0x012D, 102 }, // U+012D
    { 0x012E, 29 }, // U+012E
    { 0x012F, 50 }, // U+012F
    { 0x0130, 29 }, // U+0130
    { 0x0131, 52 }, // U+0131
    { 0x0132, 29 }, // U+0132
    { 0x0134, 103 }, // U+0134
    { 0x0135, 104 }, // U+0135
    { 0x0137, 49 }, // U+0137
    { 0x0138, 52 }, // U+0138
    { 0x013A, 49 }, // U+013A
    { 0x013C, 49 }, // U+013C
    { 0x013E, 49 }, // U+013E
    { 0x0140, 49 }, // U+0140
    { 0x0142, 105 }, // U+0142
    { 0x0143, 32 }, // U+0143
    { 0x0144, 52 }, // U+0144
    { 0x0145, 32 }, // U+0145
    { 0x0146, 52 }, // U+0146
    { 0x0147, 32 }, // U+0147
    { 0x0148, 52 }, // U+0148
    { 0x0149, 52 }, // U+0149
    { 0x014A, 32 }, // U+014A
    { 0x014B, 52 }, // U+014B
    { 0x014C, 28 }, // U+014C
    { 0x014D, 106 }, // U+014D
    { 0x014E, 28 }, // U+014E
    { 0x014F, 107 }, // U+014F
    { 0x0150, 28 }, // U+0150
    { 0x0151, 53 }, // U+0151
    { 0x0152, 28 }, // U+0152
    { 0x0153, 53 }, // U+0153
    { 0x0155, 52 }, // U+0155
    { 0x0157, 52 }, // U+0157
    { 0x0159, 108 }, // U+0159
    { 0x015A, 33 }, // U+015A
    { 0x015B, 57 }, // U+015B
    { 0x015C, 33 }, // U+015C
    { 0x015D, 109 }, // U+015D
    { 0x015E, 33 }, // U+015E
    { 0x015F, 57 }, // U+015F
    { 0x0160, 33 }, // U+0160
    { 0x0161, 110 }, // U+0161
    { 0x0162, 111 }, // U+0162
    { 0x0163, 58 }, // U+0163
    { 0x0164, 111 }, // U+0164
    { 0x0165, 58 }, // U+0165
    { 0x0166, 111 }, // U+0166
    { 0x0168, 35 }, // U+0168
    { 0x0169, 59 }, // U+0169
    { 0x016A, 35 }, // U+016A
    { 0x016B, 59 }, // U+016B
    { 0x016C, 35 }, // U+016C
    { 0x016D, 59 }, // U+016D
    { 0x016E, 35 }, // U+016E
    { 0x016F, 59 }, // U+016F
    { 0x0170, 35 }, // U+0170
    { 0x0171, 59 }, // U+0171
    { 0x0172, 35 }, // U+0172
    { 0x0173, 59 }, // U+0173
    { 0x0174, 37 }, // U+0174
    { 0x0175, 60 }, // U+0175
    { 0x0176, 39 }, // U+0176
    { 0x0177, 63 }, // U+0177
    { 0x0178, 39 }, // U+0178
    { 0x0179, 40 }, // U+0179
    { 0x017A, 64 }, // U+017A
    { 0x017B, 40 }, // U+017B
    { 0x017C, 64 }, // U+017C
    { 0x017D, 40 }, // U+017D
    { 0x017E, 112 }, // U+017E
    { 0x01A0, 28 }, // U+01A0
    { 0x01A1, 53 }, // U+01A1
    { 0x01AF, 35 }, // U+01AF
    { 0x01B0, 59 }, // U+01B0
    { 0x01C6, 53 }, // U+01C6
    { 0x01C9, 49 }, // U+01C9
    { 0x01CA, 32 }, // U+01CA
    { 0x01CC, 52 }, // U+01CC
    { 0x01CD, 27 }, // U+01CD
    { 0x01CE, 53 }, // U+01CE
    { 0x01CF, 29 }, // U+01CF
    { 0x01D0, 113 }, // U+01D0
    { 0x01D1, 28 }, // U+01D1
    { 0x01D2, 53 }, // U+01D2
    { 0x01D3, 35 }, // U+01D3
    { 0x01D4, 59 }, // U+01D4
    { 0x01D5, 35 }, // U+01D5
    { 0x01D6, 59 }, // U+01D6
    { 0x01D7, 35 }, // U+01D7
    { 0x01D8, 59 }, // U+01D8
    { 0x01D9, 35 }, // U+01D9
    { 0x01DA, 59 }, // U+01DA
    { 0x01DB, 35 }, // U+01DB
    { 0x01DC, 59 }, // U+01DC
    { 0x01E6, 28 }, // U+01E6
    { 0x01E7, 98 }, // U+01E7
    { 0x01EA, 28 }, // U+01EA
    { 0x01EB, 53 }, // U+01EB
    { 0x01FA, 27 }, // U+01FA
    { 0x01FB, 53 }, // U+01FB
    { 0x01FC, 27 }, // U+01FC
    { 0x01FD, 53 }, // U+01FD
    { 0x01FE, 28 }, // U+01FE
    { 0x01FF, 53 }, // U+01FF
    { 0x0200, 27 }, // U+0200
    { 0x0201, 53 }, // U+0201
    { 0x0202, 27 }, // U+0202
    { 0x0203, 53 }, // U+0203
    { 0x0205, 114 }, // U+0205
    { 0x0207, 53 }, // U+0207
    { 0x0208, 29 }, // U+0208
    { 0x0209, 115 }, // U+0209
    { 0x020A, 29 }, // U+020A
    { 0x020B, 116 }, // U+020B
    { 0x020C, 28 }, // U+020C
    { 0x020D, 117 }, // U+020D
    { 0x020E, 28 }, // U+020E
    { 0x020F, 118 }, // U+020F
    { 0x0211, 119 }, // U+0211
    { 0x0213, 52 }, // U+0213
    { 0x0214, 35 }, // U+0214
    { 0x0215, 59 }, // U+0215
    { 0x0216, 35 }, // U+0216
    { 0x0217, 59 }, // U+0217
    { 0x0218, 33 }, // U+0218
    { 0x0219, 57 }, // U+0219
    { 0x021A, 111 }, // U+021A
    { 0x021B, 58 }, // U+021B
    { 0x0402, 120 }, // U+0402
    { 0x0404, 121 }, // U+0404
    { 0x0408, 122 }, // U+0408
    { 0x0409, 123 }, // U+0409
    { 0x040B, 120 }, // U+040B
    { 0x040E, 124 }, // U+040E
    { 0x0410, 125 }, // U+0410
    { 0x0414, 126 }, // U+0414
    { 0x0416, 127 }, // U+0416
    { 0x0417, 128 }, // U+0417
    { 0x041B, 123 }, // U+041B
    { 0x041C, 129 }, // U+041C
    { 0x041E, 130 }, // U+041E
    { 0x0421, 130 }, // U+0421
    { 0x0422, 131 }, // U+0422
    { 0x0423, 124 }, // U+0423
    { 0x0424, 132 }, // U+0424
    { 0x0425, 133 }, // U+0425
    { 0x0427, 134 }, // U+0427
    { 0x042A, 135 }, // U+042A
    { 0x042D, 136 }, // U+042D
    { 0x042F, 137 }, // U+042F
    { 0x0430, 138 }, // U+0430
    { 0x0431, 139 }, // U+0431
    { 0x0432, 140 }, // U+0432
    { 0x0433, 141 }, // U+0433
    { 0x0434, 142 }, // U+0434
    { 0x0435, 143 }, // U+0435
    { 0x0436, 144 }, // U+0436
    { 0x0437, 145 }, // U+0437
    { 0x0438, 141 }, // U+0438
    { 0x0439, 141 }, // U+0439
    { 0x043A, 146 }, // U+043A
    { 0x043B, 147 }, // U+043B
    { 0x043C, 148 }, // U+043C
    { 0x043D, 141 }, // U+043D
    { 0x043E, 149 }, // U+043E
    { 0x043F, 150 }, // U+043F
    { 0x0440, 151 }, // U+0440
    { 0x0441, 149 }, // U+0441
    { 0x0442, 152 }, // U+0442
    { 0x0443, 153 }, // U+0443
    { 0x0444, 154 }, // U+0444
    { 0x0445, 155 }, // U+0445
    { 0x0446, 141 }, // U+0446
    { 0x0447, 156 }, // U+0447
    { 0x0448, 157 }, // U+0448
    { 0x0449, 141 }, // U+0449
    { 0x044A, 158 }, // U+044A
    { 0x044B, 141 }, // U+044B
    { 0x044C, 141 }, // U+044C
    { 0x044D, 159 }, // U+044D
    { 0x044E, 141 }, // U+044E
    { 0x044F, 160 }, // U+044F
    { 0x0451, 161 }, // U+0451
    { 0x0452, 162 }, // U+0452
    { 0x0453, 141 }, // U+0453
    { 0x0454, 163 }, // U+0454
    { 0x0455, 164 }, // U+0455
    { 0x0456, 165 }, // U+0456
    { 0x0457, 166 }, // U+0457
    { 0x0458, 167 }, // U+0458
    { 0x0459, 168 }, // U+0459
    { 0x045A, 141 }, // U+045A
    { 0x045B, 169 }, // U+045B
    { 0x045C, 141 }, // U+045C
    { 0x045D, 141 }, // U+045D
    { 0x045E, 153 }, // U+045E
    { 0x045F, 141 }, // U+045F
    { 0x0462, 170 }, // U+0462
    { 0x046A, 171 }, // U+046A
    { 0x046B, 172 }, // U+046B
    { 0x0491, 173 }, // U+0491
    { 0x0493, 174 }, // U+0493
    { 0x0496, 127 }, // U+0496
    { 0x0497, 175 }, // U+0497
    { 0x049B, 141 }, // U+049B
    { 0x04A3, 141 }, // U+04A3
    { 0x04AE, 176 }, // U+04AE
    { 0x04AF, 177 }, // U+04AF
    { 0x04B0, 178 }, // U+04B0
    { 0x04B1, 179 }, // U+04B1
    { 0x04BB, 180 }, // U+04BB
    { 0x04D8, 130 }, // U+04D8
    { 0x04D9, 181 }, // U+04D9
    { 0x04E8, 130 }, // U+04E8
    { 0x04E9, 149 }, // U+04E9
    { 0x1EA0, 27 }, // U+1EA0
    { 0x1EA1, 53 }, // U+1EA1
    { 0x1EA2, 27 }, // U+1EA2
    { 0x1EA3, 53 }, // U+1EA3
    { 0x1EA4, 27 }, // U+1EA4
    { 0x1EA5, 182 }, // U+1EA5
    { 0x1EA6, 27 }, // U+1EA6
    { 0x1EA7, 182 }, // U+1EA7
    { 0x1EA8, 27 }, // U+1EA8
    { 0x1EA9, 182 }, // U+1EA9
    { 0x1EAA, 27 }, // U+1EAA
    { 0x1EAB, 182 }, // U+1EAB
    { 0x1EAC, 27 }, // U+1EAC
    { 0x1EAD, 182 }, // U+1EAD
    { 0x1EAE, 27 }, // U+1EAE
    { 0x1EAF, 53 }, // U+1EAF
    { 0x1EB0, 27 }, // U+1EB0
    { 0x1EB1, 53 }, // U+1EB1
    { 0x1EB2, 27 }, // U+1EB2
    { 0x1EB3, 53 }, // U+1EB3
    { 0x1EB4, 27 }, // U+1EB4
    { 0x1EB5, 53 }, // U+1EB5
    { 0x1EB6, 27 }, // U+1EB6
    { 0x1EB7, 53 }, // U+1EB7
    { 0x1EB9, 53 }, // U+1EB9
    { 0x1EBB, 53 }, // U+1EBB
    { 0x1EBD, 53 }, // U+1EBD
    { 0x1EBF, 183 }, // U+1EBF
    { 0x1EC1, 183 }, // U+1EC1
    { 0x1EC3, 183 }, // U+1EC3
    { 0x1EC5, 183 }, // U+1EC5
    { 0x1EC7, 183 }, // U+1EC7
    { 0x1EC8, 29 }, // U+1EC8
    { 0x1EC9, 184 }, // U+1EC9
    { 0x1ECA, 29 }, // U+1ECA
    { 0x1ECB, 50 }, // U+1ECB
    { 0x1ECC, 28 }, // U+1ECC
    { 0x1ECD, 53 }, // U+1ECD
    { 0x1ECE, 28 }, // U+1ECE
    { 0x1ECF, 53 }, // U+1ECF
    { 0x1ED0, 28 }, // U+1ED0
    { 0x1ED1, 185 }, // U+1ED1
    { 0x1ED2, 28 }, // U+1ED2
    { 0x1ED3, 186 }, // U+1ED3
    { 0x1ED4, 28 }, // U+1ED4
    { 0x1ED5, 185 }, // U+1ED5
    { 0x1ED6, 28 }, // U+1ED6
    { 0x1ED7, 187 }, // U+1ED7
    { 0x1ED8, 28 }, // U+1ED8
    { 0x1ED9, 185 }, // U+1ED9
    { 0x1EDA, 28 }, // U+1EDA
    { 0x1EDB, 53 }, // U+1EDB
    { 0x1EDC, 28 }, // U+1EDC
    { 0x1EDD, 53 }, // U+1EDD
    { 0x1EDE, 28 }, // U+1EDE
    { 0x1EDF, 182 }, // U+1EDF
    { 0x1EE0, 28 }, // U+1EE0
    { 0x1EE1, 185 }, // U+1EE1
    { 0x1EE2, 28 }, // U+1EE2
    { 0x1EE3, 53 }, // U+1EE3
    { 0x1EE4, 35 }, // U+1EE4
    { 0x1EE5, 59 }, // U+1EE5
    { 0x1EE6, 35 }, // U+1EE6
    { 0x1EE7, 59 }, // U+1EE7
    { 0x1EE8, 35 }, // U+1EE8
    { 0x1EE9, 59 }, // U+1EE9
    { 0x1EEA, 35 }, // U+1EEA
    { 0x1EEB, 59 }, // U+1EEB
    { 0x1EEC, 35 }, // U+1EEC
    { 0x1EED, 59 }, // U+1EED
    { 0x1EEE, 35 }, // U+1EEE
    { 0x1EEF, 59 }, // U+1EEF
    { 0x1EF0, 35 }, // U+1EF0
    { 0x1EF1, 59 }, // U+1EF1
    { 0x1EF2, 39 }, // U+1EF2
    { 0x1EF3, 63 }, // U+1EF3
    { 0x1EF4, 39 }, // U+1EF4
    { 0x1EF5, 63 }, // U+1EF5
    { 0x1EF6, 39 }, // U+1EF6
    { 0x1EF7, 63 }, // U+1EF7
    { 0x1EF8, 39 }, // U+1EF8
    { 0x1EF9, 63 }, // U+1EF9
    { 0x2010, 10 }, // U+2010
    { 0x2012, 10 }, // U+2012
    { 0x2013, 188 }, // U+2013
    { 0x2014, 188 }, // U+2014
    { 0x2015, 10 }, // U+2015
    { 0x2018, 189 }, // U+2018
    { 0x2019, 190 }, // U+2019
    { 0x201A, 191 }, // U+201A
    { 0x201C, 192 }, // U+201C
    { 0x201D, 193 }, // U+201D
    { 0x201E, 191 }, // U+201E
    { 0x2022, 194 }, // U+2022
    { 0x2026, 195 }, // U+2026
    { 0x2039, 66 }, // U+2039
    { 0x203A, 70 }, // U+203A
    { 0x2070, 196 }, // U+2070
    { 0x2074, 68 }, // U+2074
    { 0x2075, 68 }, // U+2075
    { 0x2076, 68 }, // U+2076
    { 0x2077, 68 }, // U+2077
    { 0x2078, 197 }, // U+2078
    { 0x2079, 68 }, // U+2079
    { 0x2206, 198 }, // U+2206
    { 0x2212, 199 }, // U+2212
    { 0xFB01, 47 }, // U+FB01
    { 0xFB02, 47 }, // U+FB02
};

static const int8_t literata_10_bolditalicKernMatrix[] = {
       0,    0,    0,    0,    0,    0,    0,    0,  -34,    0,  -34,    0,    0,    0,    0,    0,   -1,    0,    0,    0,    0,    0,    0,    0,    0,    0,  -32,   -9,    0,    0,   -3,    0,   -1,    0,    0,    0,    0,    0,    0,    0,    0,    0,  -16,    7,  -16,  -16,  -11,  -20,    7,    0,    0,    0,  -16,    0,  -16,    0,  -19,    0,    0,    0,    0,    0,    0,   -5,    0,    0,    0,    0,    0,    0,    0,  -32,    0,    0,  -16,  -16,  -16,  -16,  -16,  -16,  -16,  -16,    0,    0,    0,  -16,  -16,  -16,  -16,  -16,    7,  -16,  -16,  -16,  -16,  -16,  -16,  -20,  -20,    0,    0,    0,    0,    0,    7,  -16,  -16,    0,  -19,  -19,    0,   -5,    0,  -16,    0,    0,  -16,  -16,    0,    0,    0,    0,    0,    0,    0,    0,    0,    0,    0,    0,    0,    0,    0,    0,    0,    0,    0,    0,    0,    0,    0,    0,    0,    0,    0,    0,    0,    0,    0,    0,    0,    0,    0,    0,    0,    0,    0,    0,    0,    0,    0,    0,    0,    0,    0,    0,    0,    0,    0,    0,    0,    0,    0,    0,    0,    0,    0,    0,    0,    0,    0,  -16,  -16,    0,  -16,  -16,  -16,    0,    0,    0,    0,    0,    0,    0,  -34,    0,    0,  -13,    0,
       0,    0,    0,    0,    0,    0,    0,    0,    0,    0,    0,    0,    0,    0,    0,    0,    0,    0,    0,    0,    0,    0,    0,    0,    0,    0,  -20,    0,   -3,   -5,   -6,   -2,   -1,  -11,   -1,  -21,  -16,  -20,  -23,  -19,    0,    0,   -3,    0,   -3,   -3,    0,    0,    0,    0,    0,    0,   -3,    0,   -3,    0,    0,    0,    0,    0,    0,   -3,    0,   -3,    0,    0,    0,    0,    0,    0,    0,  -20,    0,    0,   -3,   -3,   -3,   -3,   -3,   -3,   -3,   -3,    0,    0,    0,   -3,   -3,   -3,   -3,   -3,    0,   -3,   -3,   -3,   -3,   -3,   -3,    0,    0,    0,    0,    0,   -5,    0,    0,   -3,   -3,    0,    0,    0,  -11,   -3,    0,   -3,    0,    0,   -3,   -3,    0,    0,    0,    0,    0,    0,    0,    0,    0,    0,    0,    0,    0,    0,    0,    0,    0,    0,    0,    0,    0,    0,    0,    0,    0,    0,    0,    0,    0,    0,    0,    0,    0,    0,    0,    0,    0,    0,    0,    0,    0,    0,    0,    0,    0,    0,    0,    0,    0,    0,    0,    0,    0,    0,    0,    0,    0,    0,    0,    0,    0,    0,    0,   -3,   -3,    0,   -3,   -3,   -3,    0,    0,    0,    0,    0,    0,    0,    0,    0,    0,   -9,    0,
       0,    0,    0,    0,    0,    0,    0,    0,    0,    0,    0,    0,    0,    0,    0,    0,   -7,    0,    0,    0,    0,    0,    0,    0,    0,    0,    0,    0,    0,    0,    0,    0,    0,    0,    0,    0,    0,    0,    0,    0,    0,    0,   -3,    0,   -3,   -3,   14,    0,    0,    0,   15,    0,   -3,    0,   -3,    0,    0,    0,    0,    0,    0,    0,    0,    0,    0,    0,    0,    0,    0,    0,    0,    0,    0,    0,   -3,   -3,   -3,   -3,   -3,   -3,   -3,   -3,    0,    0,    0,   -3,   -3,   -3,   -3,   -3,    0,   -3,   -3,   -3,   -3,   -3,   -3,    0,    0,    0,    0,    0,    0,   15,    0,   -3,   -3,    0,    0,    0,    0,    0,    0,   -3,    0,    0,   -3,   -3,    0,    0,    0,    0,    0,    0,    0,    0,    0,    0,    0,    0,    0,    0,    0,    0,    0,    0,    0,    0,    0,    0,    0,    0,    0,    0,    0,    0,    0,    0,    0,    0,    0,    0,    0,    0,    0,    0,    0,    0,    0,    0,    0,    0,    0,    0,    0,    0,    0,    0,    0,    0,    0,    0,    0,    0,    0,    0,    0,    0,    0,    0,    0,   -3,   -3,    0,   -3,   -3,   -3,    0,    0,    0,    0,    0,    0,    0,    0,    0,    0,    0,    0,
       0,    0,    0,    0,    0,    0,    0,    0,    0,    0,    0,    0,    0,    0,    0,    0,  -24,    0,   -3,    0,    0,    0,    0,    0,    0,    0,  -36,   -3,    0,  -15,    0,    0,   -1,    0,    0,    0,    0,    0,    0,    0,    0,    0,  -13,    0,  -13,  -13,    0,  -20,    0,    0,    0,    0,  -13,    0,  -13,    0,  -13,    0,    0,    0,    0,    0,    0,    0,    0,    0,    0,    0,    0,    0,    0,  -36,    0,    0,  -13,  -13,  -13,  -13,  -13,  -13,  -13,  -13,    0,    0,    0,  -13,  -13,  -13,  -13,  -13,    0,  -13,  -13,  -13,  -13,  -13,  -13,  -20,  -20,    0,    0,    0,  -15,    0,    0,  -13,  -13,    0,  -13,  -13,    0,    0,    0,  -13,    0,    0,  -13,  -13,    0,    0,    0,    0,    0,    0,    0,    0,    0,    0,    0,    0,    0,    0,    0,    0,    0,    0,    0,    0,    0,    0,    0,    0,    0,    0,    0,    0,    0,    0,    0,    0,    0,    0,    0,    0,    0,    0,    0,    0,    0,    0,    0,    0,    0,    0,    0,    0,    0,    0,    0,    0,    0,    0,    0,    0,    0,    0,    0,    0,    0,    0,    0,  -13,  -13,    0,  -13,  -13,  -13,    0,    0,    0,    0,    0,    0,    0,    0,    0,    0,  -15,    0,
       0,    0,  -33,    0,    0,    0,    0,    0,    0,    0,    0,    0,    0,    0,    0,    0,   -4,    0,    0,  -23,    0,    0,    0,    0,  -11,    0,    0,  -11,    0,    0,    0,    0,    0,  -26,   -8,  -34,  -21,    0,  -33,    0,    0,    0,   -4,    0,   -4,   -4,    0,    0,    0,    0,    0,    0,   -4,    0,   -4,    0,    0,   -8,   -7,  -13,  -13,    0,   -8,    0,    0,    0,    0,  -34,    0,    0,    0,    0,    0,    0,   -4,   -4,   -4,   -4,   -4,   -4,   -4,   -4,    0,    0,    0,   -4,   -4,   -4,   -4,   -4,    0,   -4,   -4,   -4,   -4,   -4,   -4,    0,    0,    0,    0,    0,    0,    0,    0,   -4,   -4,    0,    0,    0,  -26,    0,    0,   -4,    0,    0,   -4,   -4,    0,    0,    0,    0,    0,    0,    0,    0,    0,    0,    0,    0,    0,    0,    0,    0,    0,    0,    0,    0,    0,    0,    0,    0,    0,    0,    0,    0,    0,    0,    0,    0,    0,    0,    0,    0,    0,    0,    0,    0,    0,    0,    0,    0,    0,    0,    0,    0,    0,    0,    0,    0,    0,    0,    0,    0,    0,    0,    0,    0,    0,    0,    0,   -4,   -4,    0,   -4,   -4,   -4,    0,  -33,  -30,    0,  -33,  -30,    0,    0,  -31,  -30,    0,    0,
       0,    0,    0,    0,    0,    0,    0,    0,    0,    0,    0,    0,    0,    0,   -8,   -4,    5,    0,    0,  -30,    0,    0,    0,    0,    0,    0,  -11,    0,    0,    0,   -1,    0,   -4,  -20,    0,  -15,  -12,  -15,  -26,   -9,    0,    0,    0,    0,    0,    0,    0,    0,    0,    0,    0,    0,    0,    0,    0,    0,    0,    0,    0,   -3,   -3,   -2,    0,    0,    0,    0,    0,    0,    0,    0,    0,  -11,    0,    0,    0,    0,    0,    0,    0,    0,    0,    0,    0,    0,    0,    0,    0,    0,    0,    0,    0,    0,    0,    0,    0,    0,    0,    0,    0,    0,    0,    0,    0,    0,    0,    0,    0,    0,    0,    0,  -20,    0,    0,    0,    0,    0,    0,    0,    0,    0,    0,    0,    0,   -7,    0,    0,    0,    0,    0,    0,   -4,    0,   -4,    0,    0,    0,    0,    0,    0,    0,    0,    0,    0,    0,    0,    0,    0,    0,    0,    0,    0,    0,    0,    0,    0,    0,    0,    5,    0,    0,    0,    0,    0,    0,    0,    0,    0,    0,    0,    0,    0,    0,    0,    0,    0,   -7,    0,   -7,    0,    0,    0,    0,    0,    0,    0,    0,    0,    0,    0,    0,    0,    0,    0,    0,    0,    0,    0,   -4,    0,
       0,    0,    0,    0,    0,    0,    0,    0,  -44,    0,  -44,  -63,    0,    0,    0,   -3,  -26,   -6,   -6,    0,   -1,   -5,    0,    0,    0,  -13,  -34,  -13,    0,   -9,    0,    0,   -4,    0,    0,    0,    0,    0,    0,    0,    0,    0,  -31,    7,  -31,  -31,   -1,  -22,    7,   -1,    0,   -8,  -31,   -8,  -31,   -8,  -12,   -9,   -8,   -6,   -6,  -14,   -3,  -16,    0,    0,    0,    0,    0,    0,    0,  -34,    0,    0,  -31,  -31,  -31,  -31,  -31,  -31,  -31,  -31,   -1,   -1,   -1,  -31,  -31,  -31,  -31,  -31,    7,  -31,  -31,  -31,  -31,  -31,  -31,  -22,  -22,   -1,   -1,   -1,   -9,    0,    7,  -31,  -31,   -8,  -12,  -12,    0,  -16,   -1,  -31,   -1,   -1,  -31,  -31,   -8,    0,    0,    0,    0,    0,    0,    0,    0,    0,    0,    0,    0,    0,    0,    0,    0,    0,    0,    0,    0,    0,    0,    0,    0,    0,    0,    0,    0,    0,    0,    0,    0,    0,    0,    0,    0,    0,    0,    0,    0,    0,    0,    0,    0,    0,    0,    0,    0,    0,    0,    0,    0,    0,    0,    0,    0,    0,    0,    0,    0,    0,    0,  -31,  -31,   -1,  -31,  -31,  -31,    0,    0,    0,  -31,    0,    0,    0,  -44,    0,    0,  -15,    0,
       0,    0,    0,    0,    0,    0,    0,    0,    0,    0,    0,    0,    0,   -3,   -1,    0,    0,   -2,    0,   -4,   -1,    0,    0,    0,    0,    0,    0,    0,    0,    0,    0,    0,    0,    0,    0,    0,    0,    0,    0,    0,   -4,    0,    0,    0,    0,    0,    0,    0,    0,    0,    0,    0,    0,    0,    0,    0,    0,    0,    0,    0,    0,    0,    0,    0,    0,    0,    0,    0,    0,    0,    0,    0,    0,    0,    0,    0,    0,    0,    0,    0,    0,    0,    0,    0,    0,    0,    0,    0,    0,    0,    0,    0,    0,    0,    0,    0,    0,    0,    0,    0,    0,    0,    0,    0,    0,    0,    0,    0,    0,    0,    0,    0,    0,    0,    0,    0,    0,    0,    0,    0,    0,    0,    0,    0,    0,    0,    0,    0,    0,    0,    0,    0,    0,    0,    0,    0,    0,    0,    0,    0,    0,    0,    0,    0,    0,    0,    0,    0,    0,    0,    0,    0,    0,    0,    0,    0,    0,    0,    0,    0,    0,    0,    0,    0,    0,    0,    0,    0,    0,    0,    0,    0,    0,    0,    0,    0,    0,    0,    0,    0,    0,    0,    0,    0,    0,    0,    0,    0,    0,    0,    0,    0,    0,    0,    0,    0,    0,    0,    0,
       0,    0,   -4,  -14,    0,    0,  -17,    0,    0,    0,    0,    0,   -2,    0,    0,    1,   -3,    0,   -2,  -12,    0,    0,    0,    0,    0,    0,    0,    0,    0,    0,    0,    0,    0,    0,    0,    0,    0,    0,    0,    0,   -6,    0,    0,    0,    0,    0,    0,    0,    0,    0,    0,    0,    0,    0,    0,    0,    0,    0,    0,    0,    0,    0,    0,    0,    0,    0,   -9,    0,    0,    0,    0,    0,    0,    0,    0,    0,    0,    0,    0,    0,    0,    0,    0,    0,    0,    0,    0,    0,    0,    0,    0,    0,    0,    0,    0,    0,    0,    0,    0,    0,    0,    0,    0,    0,    0,    0,    0,    0,    0,    0,    0,    0,    0,    0,    0,    0,    0,    0,    0,    0,    0,    0,    0,    0,    0,    0,    0,    0,    0,    0,    0,    0,    0,    0,    0,    0,    0,    0,    0,    0,    0,    0,    0,    0,    0,    0,    0,    0,    0,    0,    0,    0,    0,    0,    0,    0,    0,    0,    0,    0,    0,    0,    0,    0,    0,    0,    0,    0,    0,    0,    0,    0,    0,    0,    0,    0,    0,    0,    0,    0,    0,    0,    0,    0,    0,    0,    0,    0,   -1,    0,    0,   -1,    0,    0,    0,    0,    0,    0,    0,
       0,    0,    0,    0,    0,    0,    0,    0,    0,    0,    0,    0,    0,    0,    0,    0,   -3,   -2,   -2,   -9,    0,    0,   -3,    0,    0,    0,    0,    0,    0,    0,    0,    0,    0,    0,    0,    0,    0,    0,    0,    0,   -8,    0,    0,    0,    0,    0,    0,    0,    0,    0,    0,    0,    0,    0,    0,    0,    0,    0,    0,    0,    0,    0,    0,    0,    0,    0,    0,    0,    0,    0,    0,    0,    0,    0,    0,    0,    0,    0,    0,    0,    0,    0,    0,    0,    0,    0,    0,    0,    0,    0,    0,    0,    0,    0,    0,    0,    0,    0,    0,    0,    0,    0,    0,    0,    0,    0,    0,    0,    0,    0,    0,    0,    0,    0,    0,    0,    0,    0,    0,    0,    0,    0,    0,    0,    0,    0,    0,    0,    0,    0,    0,    0,    0,    0,    0,    0,    0,    0,    0,    0,    0,    0,    0,    0,    0,    0,    0,    0,    0,    0,    0,    0,    0,    0,    0,    0,    0,    0,    0,    0,    0,    0,    0,    0,    0,    0,    0,    0,    0,    0,    0,    0,    0,    0,    0,    0,    0,    0,    0,    0,    0,    0,    0,    0,    0,    0,    0,    0,    0,    0,    0,    0,    0,    0,    0,    0,    0,    0,    0,
       0,    0,   -7,    0,    0,    0,    0,    0,    0,   -2,    0,   -3,    0,   -7,    0,    0,    0,   -2,   -2,  -12,    0,   -6,   -7,    0,    0,    0,    0,    0,    0,    0,    0,    0,    0,    0,    0,    0,    0,    0,    0,    0,   -9,   -3,    0,    0,    0,    0,    0,    0,    0,    0,    0,    0,    0,    0,    0,    0,    0,    0,    0,    0,    0,    0,    0,    0,    0,    0,   -2,    0,    0,    0,    0,    0,    0,    0,    0,    0,    0,    0,    0,    0,    0,    0,    0,    0,    0,    0,    0,    0,    0,    0,    0,    0,    0,    0,    0,    0,    0,    0,    0,    0,    0,    0,    0,    0,    0,    0,    0,    0,    0,    0,    0,    0,    0,    0,    0,    0,    0,    0,    0,    0,    0,    0,    0,    0,    0,    0,    0,    0,    0,    0,    0,    0,    0,    0,    0,    0,    0,    0,    0,    0,    0,    0,    0,    0,    0,    0,    0,    0,    0,    0,    0,    0,    0,    0,    0,    0,    0,    0,    0,    0,    0,    0,    0,    0,    0,    0,    0,    0,    0,    0,    0,    0,    0,    0,    0,    0,    0,    0,    0,    0,    0,    0,    0,    0,    0,    0,    0,   -2,    0,    0,    0,    0,    0,    0,    0,    0,    0,    0,    0,
       0,    0,  -11,  -10,    0,    0,  -19,    0,    0,    0,    0,    0,    0,    0,    0,    0,    0,    0,    0,  -18,    0,   -1,    0,    0,    0,    0,    0,    0,    0,    0,    0,    0,    0,    0,    0,    0,    0,    0,    0,    0,  -15,    0,    0,    0,    0,    0,    0,    0,    0,    0,    0,    0,    0,    0,    0,    0,    0,    0,    0,    0,    0,    0,    0,    0,    0,    0,  -16,    0,    0,    0,    0,    0,    0,    0,    0,    0,    0,    0,    0,    0,    0,    0,    0,    0,    0,    0,    0,    0,    0,    0,    0,    0,    0,    0,    0,    0,    0,    0,    0,    0,    0,    0,    0,    0,    0,    0,    0,    0,    0,    0,    0,    0,    0,    0,    0,    0,    0,    0,    0,    0,    0,    0,    0,    0,    0,    0,    0,    0,    0,    0,    0,    0,    0,    0,    0,    0,    0,    0,    0,    0,    0,    0,    0,    0,    0,    0,    0,    0,    0,    0,    0,    0,    0,    0,    0,    0,    0,    0,    0,    0,    0,    0,    0,    0,    0,    0,    0,    0,    0,    0,    0,    0,    0,    0,    0,    0,    0,    0,    0,    0,    0,    0,    0,    0,    0,    0,    0,    0,    0,    0,    0,    0,    0,    0,    0,    0,    0,    0,    0,
       0,    0,   -8,   -5,    0,    0,    0,    0,   -4,    0,   -4,   -2,    0,   -5,   -4,    0,   -2,   -4,    0,  -15,    0,   -5,  -10,    0,    0,    0,    0,    0,    0,    0,    0,    0,    0,    0,    0,    0,    0,    0,    0,    0,   -2,    0,    0,    0,    0,    0,    0,    0,    0,    0,    0,    0,    0,    0,    0,    0,    0,    0,    0,    0,    0,    0,    0,    0,    0,    0,    0,    0,    0,    0,    0,    0,   -4,    0,    0,    0,    0,    0,    0,    0,    0,    0,    0,    0,    0,    0,    0,    0,    0,    0,    0,    0,    0,    0,    0,    0,    0,    0,    0,    0,    0,    0,    0,    0,    0,    0,    0,    0,    0,    0,    0,    0,    0,    0,    0,    0,    0,    0,    0,    0,    0,    0,    0,    0,    0,    0,    0,    0,    0,    0,    0,    0,    0,    0,    0,    0,    0,    0,    0,    0,    0,    0,    0,    0,    0,    0,    0,    0,    0,    0,    0,    0,    0,    0,    0,    0,    0,    0,    0,    0,    0,    0,    0,    0,    0,    0,    0,    0,    0,    0,    0,    0,    0,    0,    0,    0,    0,    0,    0,    0,    0,    0,    0,    0,    0,    0,    0,    0,    0,    0,    0,    0,    0,    0,   -4,    0,    0,    0,    0,
       0,    0,    0,    0,    0,    0,   -3,    0,    0,    0,    0,    0,    0,   -2,    0,    0,    1,   -2,    0,   -3,    0,    0,    0,    0,    0,    0,    0,    0,    0,    0,    0,    0,    0,    0,    0,    0,    0,    0,    0,    0,   -2,    0,    0,    0,    0,    0,    0,    0,    0,    0,    0,    0,    0,    0,    0,    0,    0,    0,    0,    0,    0,    0,    0,    0,    0,    0,    0,    0,    0,    0,    0,    0,    0,    0,    0,    0,    0,    0,    0,    0,    0,    0,    0,    0,    0,    0,    0,    0,    0,    0,    0,    0,    0,    0,    0,    0,    0,    0,    0,    0,    0,    0,    0,    0,    0,    0,    0,    0,    0,    0,    0,    0,    0,    0,    0,    0,    0,    0,    0,    0,    0,    0,    0,    0,    0,    0,    0,    0,    0,    0,    0,    0,    0,    0,    0,    0,    0,    0,    0,    0,    0,    0,    0,    0,    0,    0,    0,    0,    0,    0,    0,    0,    0,    0,    0,    0,    0,    0,    0,    0,    0,    0,    0,    0,    0,    0,    0,    0,    0,    0,    0,    0,    0,    0,    0,    0,    0,    0,    0,    0,    0,    0,    0,    0,    0,    0,    0,    0,    0,    0,    0,    0,    0,    0,    0,    0,    0,    0,    0,
       0,    0,    0,   -3,    0,    0,    0,    0,  -30,  -14,  -30,  -25,   -1,    0,    3,    2,  -16,   -6,   -7,    0,   -4,    0,  -11,   -7,    0,    0,    0,    0,    0,    0,    0,    0,    0,    0,    0,    0,    0,    0,    0,    0,    0,    0,    0,    0,    0,    0,    0,    0,    0,    0,    0,    0,    0,    0,    0,    0,    0,    0,    0,    0,    0,    0,    0,    0,    0,    0,    6,    0,  -14,    0,    0,    0,  -14,    0,    0,    0,    0,    0,    0,    0,    0,    0,    0,    0,    0,    0,    0,    0,    0,    0,    0,    0,    0,    0,    0,    0,    0,    0,    0,    0,    0,    0,    0,    0,    0,    0,    0,    0,    0,    0,    0,    0,    0,    0,    0,    0,    0,    0,    0,    0,    0,    0,    0,    0,    0,    0,    0,    0,    0,    0,    0,    0,    0,    0,    0,    0,    0,    0,    0,    0,    0,    0,    0,    0,    0,    0,    0,    0,    0,    0,    0,    0,    0,    0,    0,    0,    0,    0,    0,    0,    0,    0,    0,    0,    0,    0,    0,    0,    0,    0,    0,    0,    0,    0,    0,    0,    0,    0,    0,    0,    0,    0,    0,    0,    0,    0,    0,  -14,    0,    0,    0,    0,    0,    0,  -30,    0,    0,    0,  -18,
       0,    0,    0,   -2,    0,    0,    0,    0,    0,    0,    0,    0,    0,   -2,    0,    0,    0,    0,    0,   -7,    0,    0,    0,    0,    0,    0,    0,    0,    0,    0,    0,    0,    0,    0,    0,    0,    0,    0,    0,    0,   -7,    0,    0,    0,    0,    0,    0,    0,    0,    0,    0,    0,    0,    0,    0,    0,    0,    0,    0,    0,    0,    0,    0,    0,    0,    0,    0,    0,    0,    0,    0,    0,    0,    0,    0,    0,    0,    0,    0,    0,    0,    0,    0,    0,    0,    0,    0,    0,    0,    0,    0,    0,    0,    0,    0,    0,    0,    0,    0,    0,    0,    0,    0,    0,    0,    0,    0,    0,    0,    0,    0,    0,    0,    0,    0,    0,    0,    0,    0,    0,    0,    0,    0,    0,    0,    0,    0,    0,    0,    0,    0,    0,    0,    0,    0,    0,    0,    0,    0,    0,    0,    0,    0,    0,    0,    0,    0,    0,    0,    0,    0,    0,    0,    0,    0,    0,    0,    0,    0,    0,    0,    0,    0,    0,    0,    0,    0,    0,    0,    0,    0,    0,    0,    0,    0,    0,    0,    0,    0,    0,    0,    0,    0,    0,    0,    0,    0,    0,    0,    0,    0,    0,    0,    0,    0,    0,    0,    0,    0,
       0,    0,    0,    0,    0,    0,    0,    0,    0,    0,    0,    0,    0,   -3,   -3,   -2,    0,   -6,    0,   -5,    0,    0,   -5,    0,    0,    0,    0,    0,    0,    0,    0,    0,    0,    0,    0,    0,    0,    0,    0,    0,    0,    0,    0,    0,    0,    0,    0,    0,    0,    0,    0,    0,    0,    0,    0,    0,    0,    0,    0,    0,    0,    0,    0,    0,    0,    0,    0,    0,    0,    0,    0,    0,    0,    0,    0,    0,    0,    0,    0,    0,    0,    0,    0,    0,    0,    0,    0,    0,    0,    0,    0,    0,    0,    0,    0,    0,    0,    0,    0,    0,    0,    0,    0,    0,    0,    0,    0,    0,    0,    0,    0,    0,    0,    0,    0,    0,    0,    0,    0,    0,    0,    0,    0,    0,    0,    0,    0,    0,    0,    0,    0,    0,    0,    0,    0,    0,    0,    0,    0,    0,    0,    0,    0,    0,    0,    0,    0,    0,    0,    0,    0,    0,    0,    0,    0,    0,    0,    0,    0,    0,    0,    0,    0,    0,    0,    0,    0,    0,    0,    0,    0,    0,    0,    0,    0,    0,    0,    0,    0,    0,    0,    0,    0,    0,    0,    0,    0,    0,    0,    0,    0,    0,    0,    0,    0,    0,    0,    0,    0,
       0,    0,    0,    0,    0,    0,    0,    0,    0,    0,    0,    0,    0,   -1,   -5,    0,   -1,    0,    0,   -6,    0,    0,    0,    0,    0,    0,    0,    0,    0,    0,    0,    0,    0,    0,    0,    0,    0,    0,    0,    0,    0,    0,    0,    0,    0,    0,    0,    0,    0,    0,    0,    0,    0,    0,    0,    0,    0,    0,    0,    0,    0,    0,    0,    0,    0,    0,    0,    0,    0,    0,    0,    0,    0,    0,    0,    0,    0,    0,    0,    0,    0,    0,    0,    0,    0,    0,    0,    0,    0,    0,    0,    0,    0,    0,    0,    0,    0,    0,    0,    0,    0,    0,    0,    0,    0,    0,    0,    0,    0,    0,    0,    0,    0,    0,    0,    0,    0,    0,    0,    0,    0,    0,    0,    0,    0,    0,    0,    0,    0,    0,    0,    0,    0,    0,    0,    0,    0,    0,    0,    0,    0,    0,    0,    0,    0,    0,    0,    0,    0,    0,    0,    0,    0,    0,    0,    0,    0,    0,    0,    0,    0,    0,    0,    0,    0,    0,    0,    0,    0,    0,    0,    0,    0,    0,    0,    0,    0,    0,    0,    0,    0,    0,    0,    0,    0,    0,    0,    0,    0,    0,    0,    0,    0,    0,    0,    0,    0,    0,    0,
       0,    0,    0,    0,    0,    0,    0,    0,    0,    0,    0,    0,    0,    0,   -3,   -2,    0,   -3,    0,  -23,    0,    0,    0,    0,    0,    0,    0,    0,    0,    0,    0,    0,    0,    0,    0,    0,    0,    0,    0,    0,    0,    0,    0,    0,    0,    0,    0,    0,    0,    0,    0,    0,    0,    0,    0,    0,    0,    0,    0,    0,    0,    0,    0,    0,    0,    0,    0,    0,    0,    0,    0,    0,    0,    0,    0,    0,    0,    0,    0,    0,    0,    0,    0,    0,    0,    0,    0,    0,    0,    0,    0,    0,    0,    0,    0,    0,    0,    0,    0,    0,    0,    0,    0,    0,    0,    0,    0,    0,    0,    0,    0,    0,    0,    0,    0,    0,    0,    0,    0,    0,    0,    0,    0,    0,    0,    0,    0,    0,    0,    0,    0,    0,    0,    0,    0,    0,    0,    0,    0,    0,    0,    0,    0,    0,    0,    0,    0,    0,    0,    0,    0,    0,    0,    0,    0,    0,    0,    0,    0,    0,    0,    0,    0,    0,    0,    0,    0,    0,    0,    0,    0,    0,    0,    0,    0,    0,    0,    0,    0,    0,    0,    0,    0,    0,    0,    0,    0,    0,    0,    0,    0,    0,    0,    0,    0,    0,    0,    0,    0,
       0,    0,    0,    0,    0,    0,    0,    0,    0,    0,    0,    0,    0,    0,    0,    0,    0,    0,    0,    0,    0,    0,    0,    0,    0,    0,    0,    0,    0,    0,    0,    0,    0,    0,    0,    0,    0,    0,    0,    0,    0,    0,    0,    0,    0,    0,    0,    0,    0,    0,    0,    0,    0,    0,    0,    0,    0,    0,    0,    0,    0,    0,    0,    0,    0,   -1,    0,    0,    0,   -1,    0,    0,    0,    0,    0,    0,    0,    0,    0,    0,    0,    0,    0,    0,    0,    0,    0,    0,    0,    0,    0,    0,    0,    0,    0,    0,    0,    0,    0,    0,    0,    0,    0,    0,    0,    0,    0,    0,    0,    0,    0,    0,    0,    0,    0,    0,    0,    0,    0,    0,    0,    0,    0,    0,    0,    0,    0,    0,    0,    0,    0,    0,    0,    0,    0,    0,    0,    0,    0,    0,    0,    0,    0,    0,    0,    0,    0,    0,    0,    0,    0,    0,    0,    0,    0,    0,    0,    0,    0,    0,    0,    0,    0,    0,    0,    0,    0,    0,    0,    0,    0,    0,    0,    0,    0,    0,    0,    0,    0,    0,    0,    0,    0,    0,    0,    0,    0,    0,    0,    0,    0,    0,    0,    0,    0,    0,    0,    0,    0,
       0,    0,    0,    0,    0,    0,    0,    0,    0,    0,    0,   -6,    0,    0,    0,    0,    0,    0,    0,    0,    0,    0,    0,    0,    0,    0,   -7,   -2,    0,   -7,    0,    0,    0,   -9,   -6,  -31,  -23,  -10,  -32,  -11,  -10,    0,    0,   -2,    0,    0,   -6,    0,   -2,   -3,   -3,    0,    0,    0,    0,    0,    0,   -1,   -2,   -4,   -4,   -8,   -6,  -10,    0,    0,    0,    0,    0,    0,    0,   -7,    0,    0,    0,    0,    0,    0,    0,    0,    0,    0,   -3,   -3,   -3,    0,    0,    0,    0,    0,   -2,    0,    0,    0,    0,    0,    0,    0,    0,   -3,   -3,   -3,   -7,   -3,   -2,    0,    0,    0,    0,    0,   -9,  -10,   -3,    0,   -3,   -3,    0,    0,    0,    0,    0,    0,    0,    0,    0,    0,    0,    0,    0,    0,    0,    0,    0,    0,    0,    0,    0,    0,    0,    0,    0,    0,    0,    0,    0,    0,    0,    0,    0,    0,    0,    0,    0,    0,    0,    0,    0,    0,    0,    0,    0,    0,    0,    0,    0,    0,    0,    0,    0,    0,    0,    0,    0,    0,    0,    0,    0,    0,    0,    0,    0,    0,    0,   -3,    0,    0,    0,    0,    0,    0,    0,    0,    0,    0,    0,    0,    0,    0,    0,
       0,    0,  -40,    0,   -4,    0,  -41,    0,    0,  -11,    0,    0,    0,    0,    0,    0,    0,    0,    0,    0,    0,    0,    0,    0,  -20,    0,    0,  -11,    0,   -6,    0,    0,    0,  -26,  -15,  -36,  -32,    0,  -37,    0,  -40,    0,   -4,  -11,   -4,   -4,   -4,    0,   -6,   -4,   -6,   -1,   -4,   -4,   -4,   -1,    0,   -9,   -4,   -6,   -6,    0,  -13,    0,    0,   -6,    0,    0,  -10,    0,    0,    0,    0,    0,   -4,   -4,   -4,   -4,   -4,   -4,   -4,   -4,   -4,   -4,   -4,   -4,   -4,   -4,   -4,   -4,   -6,   -4,   -4,   -4,   -4,   -4,   -4,    0,    0,   -4,   -4,   -4,   -6,   -6,   -6,   -4,   -4,   -1,    0,    0,  -26,    0,   -4,   -4,   -4,   -4,   -4,   -4,   -1,    0,    0,    0,    0,    0,    0,    0,    0,    0,    0,    0,    0,    0,    0,    0,    0,    0,    0,    0,    0,    0,    0,    0,    0,    0,    0,    0,    0,    0,    0,    0,    0,    0,    0,    0,    0,    0,    0,    0,    0,    0,    0,    0,    0,    0,    0,    0,    0,    0,    0,    0,    0,    0,    0,    0,    0,    0,    0,    0,    0,    0,    0,   -4,   -4,   -4,   -4,   -4,   -4,  -11,  -32,  -30,    0,  -32,  -30,    0,    0,    0,    0,    0,    0,
       0,    0,    0,    0,    0,    0,    0,    0,    0,    0,    0,    0,    0,    0,    0,    0,    0,    0,    0,    0,    0,    0,    0,    0,    0,    0,   -3,    0,    0,   -5,    0,    0,    0,  -10,   -3,  -11,   -7,   -2,  -11,   -5,   -3,    0,    0,   -1,    0,    0,   -5,    0,   -1,    0,   -2,   -1,    0,   -1,    0,   -1,    0,   -4,   -2,   -2,   -2,   -4,    0,   -2,    0,    0,    0,    0,    0,    0,    0,   -3,    0,    0,    0,    0,    0,    0,    0,    0,    0,    0,    0,    0,    0,    0,    0,    0,    0,    0,   -1,    0,    0,    0,    0,    0,    0,    0,    0,    0,    0,    0,   -5,   -2,    3,    0,    0,   -1,    0,    0,  -10,   -2,    0,    0,    0,    0,    0,    0,   -1,    0,    0,    0,    0,    0,    0,    0,    0,    0,    0,    0,    0,    0,    0,    0,    0,    0,    0,    0,    0,    0,    0,    0,    0,    0,    0,    0,    0,    0,    0,    0,    0,    0,    0,    0,    0,    0,    0,    0,    0,    0,    0,    0,    0,    0,    0,    0,    0,    0,    0,    0,    0,    0,    0,    0,    0,    0,    0,    0,    0,    0,    0,    0,    0,    0,    0,    0,    0,    0,    0,    0,    0,    0,    0,    0,    0,    0,    0,    0,    0,
       0,    0,    0,    0,    0,    0,    0,    0,    0,    0,    0,    0,    0,    0,    0,    0,    0,    0,    0,    0,    0,    0,    0,    0,    0,   -3,   -5,   -3,    0,   -2,   -2,    0,   -2,   -2,   -2,   -2,   -1,    0,   -4,   -3,    0,    0,   -2,   -7,   -2,   -2,   -2,    0,   -3,    0,   -1,    0,   -2,    0,   -2,    0,   -4,   -2,   -2,    0,    0,   -2,    0,   -6,    0,    0,    0,    0,    0,    0,    0,   -5,    0,    0,   -2,   -2,   -2,   -2,   -2,   -2,   -2,   -2,    0,    0,    0,   -2,   -2,   -2,   -2,   -2,   -3,   -2,   -2,   -2,   -2,   -2,   -2,    0,    0,    0,    0,    0,   -2,   -1,   -3,   -2,   -2,    0,   -4,   -4,   -2,   -6,    0,   -2,    0,    0,   -2,   -2,    0,    0,    0,    0,    0,    0,    0,    0,    0,    0,    0,    0,    0,    0,    0,    0,    0,    0,    0,    0,    0,    0,    0,    0,    0,    0,    0,    0,    0,    0,    0,    0,    0,    0,    0,    0,    0,    0,    0,    0,    0,    0,    0,    0,    0,    0,    0,    0,    0,    0,    0,    0,    0,    0,    0,    0,    0,    0,    0,    0,    0,    0,    0,   -2,   -2,    0,   -2,   -2,   -2,    0,    0,    0,    0,    0,    0,    0,    0,    0,    0,    0,    0,
       0,    0,  -13,    0,   -5,    3,   -3,    0,  -18,    0,  -18,   -9,    0,    0,    0,    0,    0,    0,    0,    0,    0,    0,    0,    0,   -4,   -7,  -14,    0,    0,  -11,  -16,   -2,   -4,   -6,   -3,  -24,   -8,  -15,  -13,  -21,  -17,    0,   -2,   -2,   -2,   -2,   -2,   -2,   -2,    0,    0,    0,   -2,    0,   -2,    0,   -1,    0,    0,    0,    0,   -2,    1,   -7,    0,    0,    0,    0,    0,    0,    0,  -33,    0,    0,   -2,   -2,   -2,   -2,   -2,   -2,   -2,   -2,    0,    0,    0,   -2,   -2,   -2,   -2,   -2,    0,   -2,   -2,   -2,   -2,   -2,   -2,   -2,   -2,    0,    0,    0,   -5,    0,   -2,   -2,   -2,    0,   -1,   -1,   -6,   -7,    0,   -2,    0,    0,   -2,   -2,    0,    0,    0,    0,    0,    0,    0,    0,    0,    0,    0,    0,    0,    0,    0,    0,    0,    0,    0,    0,    0,    0,    0,    0,    0,    0,    0,    0,    0,    0,    0,    0,    0,    0,    0,    0,    0,    0,    0,    0,    0,    0,    0,    0,    0,    0,    0,    0,    0,    0,    0,    0,    0,    0,    0,    0,    0,    0,    0,    0,    0,    0,    0,   -2,   -2,    0,   -2,   -2,   -2,    0,   -6,   -6,    0,   -6,   -6,    0,  -18,    0,    0,    0,    0,
       0,    0,    0,    0,    0,    0,    0,    0,    0,    0,    0,    0,    0,    0,    0,    0,    0,    0,    0,    0,    0,    0,    0,    0,    0,    0,    0,   -1,    0,   -3,    0,    0,    0,   -5,   -2,   -4,   -2,    0,   -2,   -3,    0,    0,   -2,    0,   -2,   -2,   -3,    0,    0,    0,   -2,    0,   -2,    0,   -2,    0,   -2,   -4,   -3,   -3,   -3,   -1,    0,   -2,    0,    0,    0,    0,    0,    0,    0,    0,    0,    0,   -2,   -2,   -2,   -2,   -2,   -2,   -2,   -2,    0,    0,    3,   -2,   -2,   -2,   -2,   -2,    0,   -2,   -2,   -2,   -2,   -2,   -2,    0,    0,    0,    0,    0,   -3,   -2,    0,   -2,   -2,    0,   -2,   -2,   -5,   -2,    0,   -2,    0,    0,   -2,   -2,    0,    0,    0,    0,    0,    0,    0,    0,    0,    0,    0,    0,    0,    0,    0,    0,    0,    0,    0,    0,    0,    0,    0,    0,    0,    0,    0,    0,    0,    0,    0,    0,    0,    0,    0,    0,    0,    0,    0,    0,    0,    0,    0,    0,    0,    0,    0,    0,    0,    0,    0,    0,    0,    0,    0,    0,    0,    0,    0,    0,    0,    0,    0,   -2,   -2,    0,   -2,   -2,   -2,    0,   -1,   -4,    0,   -1,   -4,    0,    0,    0,    0,    0,    0,
       0,    0,    0,    0,   -5,    0,    0,    0,  -28,  -13,  -28,  -23,    0,    0,    0,    0,    0,    0,    0,    0,    0,    0,   -7,    0,    0,   -9,  -33,   -4,    0,    0,   -4,    0,   -3,    0,    0,    0,    0,    0,    0,   -5,    0,    0,  -19,    0,  -19,  -19,   -1,  -15,    0,    2,    0,    1,  -19,    1,  -19,    1,  -17,   -2,    1,    0,    0,   -1,   -1,   -9,    0,  -13,    0,    0,  -11,   -5,    0,  -33,    0,    0,  -19,  -19,  -19,  -19,  -19,  -19,  -19,  -19,    8,   11,   19,  -19,  -19,  -19,  -19,  -19,    0,  -19,  -19,  -19,  -19,  -19,  -19,  -15,  -15,   13,    8,   12,    0,   11,    0,  -19,  -19,    1,  -17,  -17,    0,   -9,    2,  -19,   20,   13,  -11,  -19,    1,    0,    0,    0,    0,    0,    0,    0,    0,    0,    0,    0,    0,    0,    0,    0,    0,    0,    0,    0,    0,    0,    0,    0,    0,    0,    0,    0,    0,    0,    0,    0,    0,    0,    0,    0,    0,    0,    0,    0,    0,    0,    0,    0,    0,    0,    0,    0,    0,    0,    0,    0,    0,    0,    0,    0,    0,    0,    0,    0,    0,    0,    0,  -19,  -19,    5,  -19,  -19,  -19,  -13,    0,    0,    0,    0,    0,    0,  -28,    0,    0,    0,    0,
       0,    0,   -3,    0,   -1,    0,   -9,    0,    0,    0,    0,    0,    0,    0,    0,    0,    0,    0,    0,    0,    0,    0,    0,    0,    0,    0,    0,    0,    0,   -3,    0,    0,    3,   -3,   -2,   -5,   -5,   -2,   -8,   -4,   -7,    0,    0,    0,    0,    0,   -1,    0,    0,    0,    0,    0,    0,    0,    0,    0,   -1,    0,    0,    0,    0,   -2,   -1,   -1,    0,    0,    0,    0,    0,    0,    0,    0,    0,    0,    0,    0,    0,    0,    0,    0,    0,    0,    0,    0,    0,    0,    0,    0,    0,    0,    0,    0,    0,    0,    0,    0,    0,    0,    0,    0,    0,    0,   -3,    0,    0,    0,    0,    0,   -1,   -1,   -3,   -1,    0,    0,    0,    0,    0,    0,    0,    0,    0,    0,    0,    0,    0,    0,    0,    0,    0,    0,    0,    0,    0,    0,    0,    0,    0,    0,    0,    0,    0,    0,    0,    0,    0,    0,    0,    0,    0,    0,    0,    0,    0,    0,    0,    0,    0,    0,    0,    0,    0,    0,    0,    0,    0,    0,    0,    0,    0,    0,    0,    0,    0,    0,    0,    0,    0,    0,    0,    0,    0,    0,    0,    0,    0,    0,    0,    0,    0,   -2,    0,    0,   -2,    0,    0,    0,    0,    0,    0,
       0,    0,    0,    0,    0,    0,    0,    0,    0,    0,    0,    0,    0,    0,    0,    0,    0,    0,    0,    0,    0,    0,    0,    0,    0,    0,    0,    0,    0,    0,    0,    0,    0,    0,    0,    0,    0,    0,    0,    0,    0,    0,   -3,    3,   -3,   -3,   -2,   -1,    3,    0,   -1,    0,   -3,   -1,   -3,    0,   -1,   -4,   -3,   -4,   -4,    0,   -3,   -2,    0,    0,    0,    0,    0,    0,    0,    0,    0,    0,   -3,   -3,   -3,   -3,   -3,   -3,   -3,   -3,    0,    3,    7,   -3,   -3,   -3,   -3,   -3,    3,   -3,   -3,   -3,   -3,   -3,   -3,   -1,   -1,    4,    0,    3,    0,   -1,    3,   -3,   -3,    0,   -1,   -1,    0,   -2,    0,   -3,    0,    0,   -3,   -3,    0,    0,    0,    0,    0,    0,    0,    0,    0,    0,    0,    0,    0,    0,    0,    0,    0,    0,    0,    0,    0,    0,    0,    0,    0,    0,    0,    0,    0,    0,    0,    0,    0,    0,    0,    0,    0,    0,    0,    0,    0,    0,    0,    0,    0,    0,    0,    0,    0,    0,    0,    0,    0,    0,    0,    0,    0,    0,    0,    0,    0,    0,    0,   -3,   -3,    0,   -3,   -3,   -3,    0,    0,    0,    0,    0,    0,    0,    0,    0,    0,    0,    0,
       0,    0,    0,    0,   -7,    0,    0,    0,  -15,   -1,  -15,  -12,    0,    0,    0,    0,    0,    0,    0,    0,    0,    0,    0,    0,    0,  -11,  -18,   -9,    0,    0,   -2,    0,   -6,    0,    0,    0,    0,    0,    0,   -5,    0,    0,  -13,    2,  -13,  -13,  -10,   -9,    2,   -3,   -2,   -8,  -13,   -8,  -13,   -8,  -15,  -10,   -7,   -9,   -9,  -12,   -6,  -14,    0,   -5,    0,    0,   -3,   -6,    0,  -18,    0,    0,  -13,  -13,  -13,  -13,  -13,  -13,  -13,  -13,   -3,   -3,   -3,  -13,  -13,  -13,  -13,  -13,    2,  -13,  -13,  -13,  -13,  -13,  -13,   -9,   -9,   -3,   -3,   -3,    0,   -2,    2,  -13,  -13,   -8,  -15,  -15,    0,  -14,   -3,  -13,   -3,   -3,  -13,  -13,   -8,    0,    0,    0,    0,    0,    0,    0,    0,    0,    0,    0,    0,    0,    0,    0,    0,    0,    0,    0,    0,    0,    0,    0,    0,    0,    0,    0,    0,    0,    0,    0,    0,    0,    0,    0,    0,    0,    0,    0,    0,    0,    0,    0,    0,    0,    0,    0,    0,    0,    0,    0,    0,    0,    0,    0,    0,    0,    0,    0,    0,    0,    0,  -13,  -13,   -3,  -13,  -13,  -13,   -1,    0,    0,    0,    0,    0,    0,  -15,    0,    0,    0,    0,
       0,    0,    0,    0,   -5,    0,   -7,    0,    0,  -12,    0,    0,    0,    0,    0,    0,    0,    0,    0,    0,    0,    0,    0,    0,   -4,    0,    0,  -12,    0,    0,    0,    0,    0,   -5,   -5,   -2,   -2,    0,   -2,    0,    0,    0,   -7,    0,   -7,   -7,   -6,    0,    0,   -4,   -5,   -6,   -7,   -6,   -7,   -6,    0,  -10,   -6,   -7,   -7,    0,  -13,    0,    0,  -10,    0,    0,  -18,   -1,    0,    0,    0,    0,   -7,   -7,   -7,   -7,   -7,   -7,   -7,   -7,   -7,    4,   16,   -7,   -7,   -7,   -7,   -7,    0,   -7,   -7,   -7,   -7,   -7,   -7,    0,    0,    3,    5,    0,    0,   -2,    0,   -7,   -7,   -6,    0,    0,   -5,    0,   -3,   -7,   19,    3,   -6,   -7,   -6,    0,    0,    0,    0,    0,    0,    0,    0,    0,    0,    0,    0,    0,    0,    0,    0,    0,    0,    0,    0,    0,    0,    0,    0,    0,    0,    0,    0,    0,    0,    0,    0,    0,    0,    0,    0,    0,    0,    0,    0,    0,    0,    0,    0,    0,    0,    0,    0,    0,    0,    0,    0,    0,    0,    0,    0,    0,    0,    0,    0,    0,    0,   -7,   -7,    0,   -7,   -7,   -7,  -12,   -4,   -3,    0,   -4,   -3,    0,    0,    0,    0,    0,    0,
       0,    0,  -31,    0,    0,    0,  -33,    0,    0,    0,    0,    0,    0,    0,    0,    0,    0,    0,    0,    0,    0,    0,    0,    0,  -22,    0,    0,   -5,    0,   -8,   -4,    0,   -1,  -28,  -10,  -32,  -30,    0,  -34,   -4,  -29,    0,   -1,  -10,   -1,   -1,   -6,    0,   -8,   -5,   -5,   -5,   -1,   -5,   -1,   -5,   -2,   -7,   -5,   -6,   -6,   -1,  -12,   -4,    0,    0,    0,    0,   -2,    0,    0,    0,    0,    0,   -1,   -1,   -1,   -1,   -1,   -1,   -1,   -1,   -5,   -5,   -5,   -1,   -1,   -1,   -1,   -1,   -8,   -1,   -1,   -1,   -1,   -1,   -1,    0,    0,   -5,   -5,   -5,   -8,   -5,   -8,   -1,   -1,   -5,   -2,   -2,  -28,   -4,   -5,   -1,   -5,   -5,   -1,   -1,   -5,    0,    0,    0,    0,    0,    0,    0,    0,    0,    0,    0,    0,    0,    0,    0,    0,    0,    0,    0,    0,    0,    0,    0,    0,    0,    0,    0,    0,    0,    0,    0,    0,    0,    0,    0,    0,    0,    0,    0,    0,    0,    0,    0,    0,    0,    0,    0,    0,    0,    0,    0,    0,    0,    0,    0,    0,    0,    0,    0,    0,    0,    0,   -1,   -1,   -5,   -1,   -1,   -1,    0,  -38,  -31,    0,  -38,  -55,    0,    0,    0,    0,    0,    0,
       0,    0,   -3,    0,   -2,    0,   -4,    0,    0,    0,    0,    0,    0,    0,    0,    0,    0,    0,    0,    0,    0,    0,    0,    0,   -5,    0,    0,   -4,    0,   -4,    0,    0,    0,  -16,  -17,  -16,  -11,    0,  -12,    0,    0,    0,   -6,    0,   -6,   -6,   -9,    0,    0,   -1,   -7,   -1,   -6,   -1,   -6,   -1,    0,  -14,   -7,   -8,   -8,    0,  -14,    0,    0,    0,    0,    0,   -2,   -1,    0,    0,    0,    0,   -6,   -6,   -6,   -6,   -6,   -6,   -6,   -6,   -1,   -1,    3,   -6,   -6,   -6,   -6,   -6,   -1,   -6,   -6,   -6,   -6,   -6,   -6,    0,    0,   -1,   -1,   -1,   -4,   -7,    0,   -6,   -6,   -1,    0,    0,  -16,    0,   -1,   -6,   -1,   -1,   -6,   -6,   -1,    0,    0,    0,    0,    0,    0,    0,    0,    0,    0,    0,    0,    0,    0,    0,    0,    0,    0,    0,    0,    0,    0,    0,    0,    0,    0,    0,    0,    0,    0,    0,    0,    0,    0,    0,    0,    0,    0,    0,    0,    0,    0,    0,    0,    0,    0,    0,    0,    0,    0,    0,    0,    0,    0,    0,    0,    0,    0,    0,    0,    0,    0,   -6,   -6,   -1,   -6,   -6,   -6,    0,   -9,    0,    0,   -9,    0,    0,    0,    0,    0,    0,    0,
       0,    0,    0,    0,   -5,    0,    0,    0,  -10,    0,  -10,   -3,    0,    0,    0,    0,    0,    0,    0,    0,    0,    0,    0,    0,    0,  -12,   -9,   -2,    0,    0,    0,    0,   -2,    0,    0,    0,    0,    0,    0,   -1,    0,    0,   -8,    4,   -8,   -8,   -6,   -6,    4,   -1,   -2,   -2,   -8,   -2,   -8,   -2,  -10,   -6,   -4,   -8,   -8,  -13,  -10,  -10,    0,    0,    0,    0,    0,   -3,    0,   -9,    0,    0,   -8,   -8,   -8,   -8,   -8,   -8,   -8,   -8,   -1,   -1,   -1,   -8,   -8,   -8,   -8,   -8,    4,   -8,   -8,   -8,   -8,   -8,   -8,   -6,   -6,   -1,   -1,   -1,    0,   -2,    4,   -8,   -8,   -2,  -10,  -10,    0,  -10,   -1,   -8,   -1,   -1,   -8,   -8,   -2,    0,    0,    0,    0,    0,    0,    0,    0,    0,    0,    0,    0,    0,    0,    0,    0,    0,    0,    0,    0,    0,    0,    0,    0,    0,    0,    0,    0,    0,    0,    0,    0,    0,    0,    0,    0,    0,    0,    0,    0,    0,    0,    0,    0,    0,    0,    0,    0,    0,    0,    0,    0,    0,    0,    0,    0,    0,    0,    0,    0,    0,    0,   -8,   -8,   -1,   -8,   -8,   -8,    0,    0,    0,    0,    0,    0,    0,  -10,    0,    0,    0,    0,
       0,    0,  -13,    0,   -5,    3,   -3,    0,  -18,    0,  -18,   -9,    0,    0,    0,    0,    0,    0,    0,    0,    0,    0,    0,    0,   -4,   -7,  -32,    0,    0,  -11,  -16,   -2,   -4,   -6,   -3,  -11,   -8,  -15,  -13,  -10,  -17,    0,   -2,   -3,   -2,   -2,   -2,   -2,   -3,    0,    0,    0,   -2,    0,   -2,    0,   -1,    0,    0,    0,    0,   -2,    1,   -7,    0,    0,    0,    0,    0,    0,    0,  -32,    0,    0,   -2,   -2,   -2,   -2,   -2,   -2,   -2,   -2,    0,    0,    0,   -2,   -2,   -2,   -2,   -2,    0,   -2,   -2,   -2,   -2,   -2,   -2,   -2,   -2,    0,    0,    0,   -5,    0,   -3,   -2,   -2,    0,   -1,   -1,   -6,   -7,    0,   -2,    0,    0,   -2,   -2,    0,    0,    0,    0,    0,    0,    0,    0,    0,    0,    0,    0,    0,    0,    0,    0,    0,    0,    0,    0,    0,    0,    0,    0,    0,    0,    0,    0,    0,    0,    0,    0,    0,    0,    0,    0,    0,    0,    0,    0,    0,    0,    0,    0,    0,    0,    0,    0,    0,    0,    0,    0,    0,    0,    0,    0,    0,    0,    0,    0,    0,    0,    0,   -2,   -2,    0,   -2,   -2,   -2,    0,   -6,   -6,    0,   -6,   -6,    0,  -18,    0,    0,    0,    0,
       0,    0,    0,    0,   -4,    0,    0,    0,  -27,   -2,  -27,  -19,    0,    0,    0,    0,    0,    0,    0,    0,    0,    0,    0,    0,    0,  -11,  -34,   -1,   -2,   -1,   -5,    0,   -1,    0,    0,   -2,    0,   -6,   -3,   -2,    0,    0,  -22,   -2,  -11,  -11,    0,  -12,   -2,    3,    0,    3,  -11,    3,  -11,    3,   -5,    1,    3,    2,    2,   -1,    5,   -6,    0,   -3,    0,    0,    0,    0,    0,  -34,    0,    0,  -11,  -11,  -11,  -11,  -22,  -11,  -11,  -11,    3,    3,    3,  -11,  -11,  -11,  -11,  -11,   -2,  -22,  -22,  -22,  -11,  -11,  -11,  -12,  -12,    3,    3,    3,   -1,    0,   -2,  -11,  -11,    3,   -5,   -5,    0,   -6,    3,  -11,    3,    3,  -11,  -11,    3,    0,    0,    0,    0,    0,    0,    0,    0,    0,    0,    0,    0,    0,    0,    0,    0,    0,    0,    0,    0,    0,    0,    0,    0,    0,    0,    0,    0,    0,    0,    0,    0,    0,    0,    0,    0,    0,    0,    0,    0,    0,    0,    0,    0,    0,    0,    0,    0,    0,    0,    0,    0,    0,    0,    0,    0,    0,    0,    0,    0,    0,    0,  -11,  -11,    3,  -11,  -11,  -11,   -2,    0,    0,    0,    0,    0,    0,  -27,    0,    0,    0,    0,
       0,    0,  -13,    0,   -5,   15,   -3,    0,  -28,    0,  -39,   22,    0,    0,    0,    0,    0,    0,    0,    0,    0,    0,    0,    0,   -4,   -7,  -14,    0,    0,  -11,  -16,   -2,   -4,   -6,   -3,  -11,   -8,  -15,  -13,  -10,  -17,    9,   -2,   -2,   -2,   -2,   13,   -2,   -2,    0,   15,    0,   -2,    0,   -2,    0,   -1,    0,    0,    0,    0,   -2,    1,   -7,    0,    0,    0,    0,    0,    0,    0,  -33,    0,    0,   -2,   -2,   -2,   -2,   -2,   -2,   -2,   -2,    0,    0,    0,   -2,   -2,   -2,   -2,   -2,    0,   -2,   -2,   -2,   -2,   -2,   -2,   -2,   -2,    0,    0,    0,   -9,   15,   -2,   -2,   -2,    0,   -1,   -1,   -6,   -7,    0,   -2,    0,    0,   -2,   -2,    0,    0,    0,    0,    0,    0,    0,    0,    0,    0,    0,    0,    0,    0,    0,    0,    0,    0,    0,    0,    0,    0,    0,    0,    0,    0,    0,    0,    0,    0,    0,    0,    0,    0,    0,    0,    0,    0,    0,    0,    0,    0,    0,    0,    0,    0,    0,    0,    0,    0,    0,    0,    0,    0,    0,    0,    0,    0,    0,    0,    0,    0,    0,   -2,   -2,    0,   -2,   -2,   -2,    0,   -6,   -6,    0,   -6,   -6,    0,  -28,    0,    0,    0,    0,
       0,    0,  -23,    0,   -2,    0,  -21,    0,    0,   -8,    0,    0,    0,    0,    0,    0,    0,    0,    0,    0,    0,    0,    0,    0,   -8,   -7,    0,  -13,    0,   -9,    0,    0,   -1,  -18,  -15,  -23,  -22,    0,  -24,   -1,  -26,   -3,   -8,  -11,   -8,   -8,   -8,   -5,   -3,   -4,  -11,   -3,   -8,   -3,   -8,   -3,   -2,  -10,   -7,  -10,  -10,    0,  -12,   -1,    0,  -10,    0,    0,   -6,    0,    0,    0,    0,    0,   -8,   -8,   -8,   -8,   -8,   -8,   -8,   -8,   -4,   -4,   -4,   -8,   -8,   -8,   -8,   -8,   -3,   -8,   -8,   -8,   -8,   -8,   -8,   -5,   -5,   -4,   -4,   -4,   -9,  -11,   -3,   -8,   -8,   -3,   -2,   -2,  -18,   -1,   -4,   -8,   -4,   -4,   -8,   -8,   -3,    0,    0,    0,    0,    0,    0,    0,    0,    0,    0,    0,    0,    0,    0,    0,    0,    0,    0,    0,    0,    0,    0,    0,    0,    0,    0,    0,    0,    0,    0,    0,    0,    0,    0,    0,    0,    0,    0,    0,    0,    0,    0,    0,    0,    0,    0,    0,    0,    0,    0,    0,    0,    0,    0,    0,    0,    0,    0,    0,    0,    0,    0,   -8,   -8,   -4,   -8,   -8,   -8,   -8,  -18,  -16,    0,  -18,  -16,    0,    0,    0,    0,    0,    0,
       0,    0,   -7,    0,   -3,    0,   -6,    0,   -7,    0,   -7,   -3,    0,    0,    0,    0,    0,    0,    0,    0,    0,    0,    0,    0,    0,    0,   -6,    0,   -1,   -4,  -11,    0,   -2,   -6,   -2,   -5,   -2,   -4,   -5,   -5,    0,    0,    0,   -1,    0,    0,   -7,    0,   -1,   -2,   -2,   -2,    0,   -2,    0,   -2,   -1,   -4,   -1,   -4,   -4,   -6,   -2,   -5,    0,    0,    0,    0,    0,    0,    0,   -6,    0,    0,    0,    0,    0,    0,    0,    0,    0,    0,   -2,    1,   -2,    0,    0,    0,    0,    0,   -1,    0,    0,    0,    0,    0,    0,    0,    0,   -2,   -2,   -2,   -4,   -2,   -1,    0,    0,   -2,   -1,   -1,   -6,   -5,   -2,    0,   -2,   -2,    0,    0,   -2,    0,    0,    0,    0,    0,    0,    0,    0,    0,    0,    0,    0,    0,    0,    0,    0,    0,    0,    0,    0,    0,    0,    0,    0,    0,    0,    0,    0,    0,    0,    0,    0,    0,    0,    0,    0,    0,    0,    0,    0,    0,    0,    0,    0,    0,    0,    0,    0,    0,    0,    0,    0,    0,    0,    0,    0,    0,    0,    0,    0,    0,    0,    0,    0,   -2,    0,    0,    0,    0,    0,    0,    0,    0,    0,    0,   -7,    0,    0,    0,    0,
       0,    0,    0,    0,    1,    0,    0,    0,  -29,  -17,  -29,  -23,    0,    0,    0,    0,    0,    0,    0,    0,    0,    0,   -3,    0,    0,  -20,  -27,   -4,    0,    0,  -10,    0,   -2,    0,    0,    0,    0,    0,    0,   -3,    0,    0,  -24,   -1,  -24,  -24,   -3,  -28,   -1,    4,    2,    1,  -24,    1,  -24,    1,  -18,   -3,    2,    1,    1,   -3,    3,   -8,    0,  -16,    0,    0,  -12,   -3,    0,  -27,    0,    0,  -24,  -24,  -47,  -24,  -47,  -47,  -47,  -47,   13,   17,   29,  -24,  -24,  -47,  -47,  -47,   -1,  -47,  -24,  -24,  -47,  -47,  -24,  -28,  -28,   22,   16,   19,    0,   16,   -1,  -47,  -47,    1,  -18,  -36,    0,   -8,   14,  -41,   22,   20,  -35,  -24,    1,    0,    0,    0,    0,    0,    0,    0,    0,    0,    0,    0,    0,    0,    0,    0,    0,    0,    0,    0,    0,    0,    0,    0,    0,    0,    0,    0,    0,    0,    0,    0,    0,    0,    0,    0,    0,    0,    0,    0,    0,    0,    0,    0,    0,    0,    0,    0,    0,    0,    0,    0,    0,    0,    0,    0,    0,    0,    0,    0,    0,    0,    0,  -24,  -24,   15,  -24,  -24,  -24,  -17,    0,    0,    0,    0,    0,    0,  -29,    0,    0,    0,    0,
       0,    0,    0,    0,  -14,    0,    0,    0,  -31,  -15,  -31,  -36,    0,    0,    0,    0,    0,    0,    0,    0,    0,    0,  -12,    0,    0,  -35,  -40,  -10,    0,    0,   -9,    0,   -4,    0,    0,    0,    0,    0,    0,   -2,    0,    0,  -32,    8,  -32,  -32,  -15,  -35,    8,   -1,    0,  -13,  -32,  -13,  -32,  -13,  -32,  -12,  -15,  -14,  -14,  -19,  -10,  -26,    0,  -20,    0,    0,  -16,  -12,    0,  -40,    0,    0,  -32,  -32,  -32,  -60,  -55,  -65,  -61,  -51,   13,   17,   32,  -62,  -65,  -61,  -56,  -53,    8,  -61,  -65,  -32,  -65,  -63,  -32,  -35,  -35,   23,   22,   19,    0,   18,    8,  -65,  -65,  -27,  -32,  -61,    0,  -26,   15,  -48,   21,   24,  -34,  -54,   -6,    0,    0,    0,    0,    0,    0,    0,    0,    0,    0,    0,    0,    0,    0,    0,    0,    0,    0,    0,    0,    0,    0,    0,    0,    0,    0,    0,    0,    0,    0,    0,    0,    0,    0,    0,    0,    0,    0,    0,    0,    0,    0,    0,    0,    0,    0,    0,    0,    0,    0,    0,    0,    0,    0,    0,    0,    0,    0,    0,    0,    0,    0,  -32,  -61,   17,  -61,  -61,  -61,  -15,    0,    0,    0,    0,    0,    0,  -31,    0,    0,    0,    0,
       0,    0,    0,    0,  -11,    0,    0,    0,  -30,  -13,  -30,  -29,    0,    0,    0,    0,    0,    0,    0,    0,    0,    0,   -5,    0,    0,  -32,  -33,   -7,    0,    0,    0,    0,   -5,    0,    0,    0,    0,    0,    0,    0,    0,    0,  -26,    8,  -26,  -26,  -10,  -28,    8,   -5,   -1,  -12,  -26,  -12,  -26,  -12,  -26,   -7,  -11,  -10,  -10,  -16,   -9,  -22,    0,  -16,    0,    0,  -13,   -6,    0,  -33,    0,    0,  -26,  -26,  -26,  -26,  -26,  -52,  -52,  -44,    5,   15,   24,  -49,  -52,  -52,  -52,  -44,    8,  -26,  -26,  -26,  -26,  -52,  -26,  -28,  -28,   20,   15,   13,    0,   16,    8,  -52,  -52,  -12,  -26,  -49,    0,  -22,    7,  -31,   19,   16,  -31,  -26,   -5,    0,    0,    0,    0,    0,    0,    0,    0,    0,    0,    0,    0,    0,    0,    0,    0,    0,    0,    0,    0,    0,    0,    0,    0,    0,    0,    0,    0,    0,    0,    0,    0,    0,    0,    0,    0,    0,    0,    0,    0,    0,    0,    0,    0,    0,    0,    0,    0,    0,    0,    0,    0,    0,    0,    0,    0,    0,    0,    0,    0,    0,    0,  -26,  -26,   14,  -26,  -49,  -26,  -13,    0,    0,    0,    0,    0,    0,  -30,    0,    0,    0,    0,
       0,    0,    0,    0,   -8,    0,   -7,    0,    0,  -14,    0,    0,    0,    0,    0,    0,    0,    0,    0,    0,    0,    0,    0,    0,    0,   -3,    0,  -16,    0,    0,    0,    0,    0,   -4,   -3,    0,    0,    0,    0,    0,    0,    0,   -7,    0,   -7,   -7,    0,   -1,    0,   -4,   -5,   -1,   -7,   -1,   -7,   -1,    0,   -8,   -6,  -11,  -11,    0,  -16,    0,    0,  -14,    0,    0,  -19,    0,    0,    0,    0,    0,   -7,   -7,   -7,   -7,   -7,   -7,   -7,   -7,   -4,   -4,   -4,   -7,   -7,   -7,   -7,   -7,    0,   -7,   -7,   -7,   -7,   -7,   -7,   -1,   -1,   -4,   -4,   -4,    0,   -5,    0,   -7,   -7,   -1,    0,    0,   -4,    0,   -4,   -7,   -4,   -4,   -7,   -7,   -1,    0,    0,    0,    0,    0,    0,    0,    0,    0,    0,    0,    0,    0,    0,    0,    0,    0,    0,    0,    0,    0,    0,    0,    0,    0,    0,    0,    0,    0,    0,    0,    0,    0,    0,    0,    0,    0,    0,    0,    0,    0,    0,    0,    0,    0,    0,    0,    0,    0,    0,    0,    0,    0,    0,    0,    0,    0,    0,    0,    0,    0,    0,   -7,   -7,   -4,   -7,   -7,   -7,  -14,    0,    0,    0,    0,    0,    0,    0,    0,    0,    0,    0,
       0,    0,    0,    0,  -15,    0,    0,    0,  -35,  -27,  -35,  -30,    0,    0,    0,    0,    0,    0,    0,    0,    0,    0,  -13,    0,    0,  -39,  -39,  -12,    0,    0,   -4,    0,   -6,    0,    0,    0,    0,    0,    0,    0,    0,    0,  -37,    7,  -37,  -37,  -12,  -39,    7,   -4,   -1,  -17,  -37,  -17,  -37,  -17,  -38,  -14,  -20,  -19,  -19,  -25,  -19,  -30,    0,  -23,    0,    0,  -24,  -18,    0,  -39,    0,    0,  -75,  -37,  -71,  -64,  -61,  -71,  -65,  -56,   10,   17,   31,  -66,  -73,  -66,  -60,  -53,    7,  -71,  -75,  -37,  -73,  -71,  -37,  -39,  -78,   24,   20,   15,    0,   18,    7,  -70,  -75,  -34,  -70,  -70,    0,  -55,    9,  -45,   13,   20,  -50,  -60,   -7,    0,    0,    0,    0,    0,    0,    0,    0,    0,    0,    0,    0,    0,    0,    0,    0,    0,    0,    0,    0,    0,    0,    0,    0,    0,    0,    0,    0,    0,    0,    0,    0,    0,    0,    0,    0,    0,    0,    0,    0,    0,    0,    0,    0,    0,    0,    0,    0,    0,    0,    0,    0,    0,    0,    0,    0,    0,    0,    0,    0,    0,    0,  -71,  -70,   15,  -68,  -68,  -66,  -27,    0,    0,    0,    0,    0,    0,  -35,    0,    0,    0,    0,
       0,    0,    0,    0,   -3,    0,  -10,    0,    0,    0,    0,    0,    0,    0,    0,    0,    0,    0,    0,    0,    0,    0,    0,    0,    0,    0,    0,   -4,    0,   -1,    0,    0,   -3,   -6,   -6,   -2,   -3,    0,   -3,   -2,    0,    0,   -2,    0,   -2,   -2,   -5,    0,    0,   -3,   -2,   -3,   -2,   -3,   -2,   -3,    0,   -4,   -3,   -5,   -5,   -2,   -6,    0,    0,   -1,    0,    0,    0,    0,    0,    0,    0,    0,   -2,   -2,   -2,   -2,   -2,   -2,   -2,   -2,   -5,   -2,    1,   -2,   -2,   -2,   -2,   -2,    0,   -2,   -2,   -2,   -2,   -2,   -2,    0,    0,   -3,   -3,   -3,   -1,   -2,    0,   -2,   -2,   -3,    0,    0,   -6,    0,   -3,   -2,   -3,   -3,   -2,   -2,   -3,    0,    0,    0,    0,    0,    0,    0,    0,    0,    0,    0,    0,    0,    0,    0,    0,    0,    0,    0,    0,    0,    0,    0,    0,    0,    0,    0,    0,    0,    0,    0,    0,    0,    0,    0,    0,    0,    0,    0,    0,    0,    0,    0,    0,    0,    0,    0,    0,    0,    0,    0,    0,    0,    0,    0,    0,    0,    0,    0,    0,    0,    0,   -2,   -2,   -3,   -2,   -2,   -2,    0,    0,    0,    0,    0,    0,    0,    0,    0,    0,    0,    0,
       0,    0,    0,    0,    0,    0,    0,    0,    0,    0,    0,    0,    0,    0,    0,    0,    0,    0,    0,    0,    0,    0,    0,    0,    0,    0,    0,    0,    0,    0,    0,    0,    0,    0,    0,    0,    0,    0,    0,    0,    0,    0,    0,    3,    0,    0,   15,    0,    3,    0,   13,    0,    0,    0,    0,    0,    0,    0,    0,    0,    0,    0,    0,    0,    0,    0,    0,    0,    0,    0,    0,    0,    0,    0,    0,    0,    0,    0,    0,    0,    0,    0,    0,    0,    0,    0,    0,    0,    0,    0,    3,    0,    0,    0,    0,    0,    0,    0,    0,    0,    0,    0,    0,   13,    3,    0,    0,    0,    0,    0,    0,    0,    0,    0,    0,    0,    0,    0,    0,    0,    0,    0,    0,    0,    0,    0,    0,    0,    0,    0,    0,    0,    0,    0,    0,    0,    0,    0,    0,    0,    0,    0,    0,    0,    0,    0,    0,    0,    0,    0,    0,    0,    0,    0,    0,    0,    0,    0,    0,    0,    0,    0,    0,    0,    0,    0,    0,    0,    0,    0,    0,    0,    0,    0,    0,    0,    0,    0,    0,    0,    0,    0,    0,    0,    0,    0,    0,    0,    0,    0,    0,    0,    0,    0,    0,    0,    0,    0,    0,
       0,    0,    0,    0,    0,    0,    0,    0,    0,    0,    0,    0,   -7,    0,    0,    0,   -9,    0,   -5,  -27,    0,   -7,    0,    0,    0,    0,    0,  -15,    0,    0,    0,    0,  -10,  -32,  -18,  -35,  -31,    0,  -35,    0,  -73,    0,   -3,   -6,   -3,   -3,   15,    0,   -6,    0,   10,    0,   -3,    0,   -3,    0,    0,    0,   -4,   -8,   -8,    0,    0,    0,    0,    0,    0,    0,    0,    0,    0,    0,    0,    0,   -3,   -3,   -3,   -3,   -3,   -3,   -3,   -3,    0,    0,    0,   -3,   -3,   -3,   -3,   -3,   -6,   -3,   -3,   -3,   -3,   -3,   -3,    0,    0,    0,    0,    0,    0,   10,   -6,   -3,   -3,    0,    0,    0,  -32,    0,    0,   -3,    0,    0,   -3,   -3,    0,    0,    0,    0,    0,    0,    0,    0,    0,    0,    0,    0,    0,    0,    0,    0,    0,    0,    0,    0,    0,    0,    0,    0,    0,    0,    0,    0,    0,    0,    0,    0,    0,    0,    0,    0,    0,    0,    0,    0,    0,    0,    0,    0,    0,    0,    0,    0,    0,    0,    0,    0,    0,    0,    0,    0,    0,    0,    0,    0,    0,    0,    0,   -3,   -3,    0,   -3,   -3,   -3,    0,    0,    0,    0,    0,    0,    0,    0,    0,    0,    0,    0,
       2,    0,  -20,    0,   -7,    0,  -18,    0,    0,    0,    0,    0,    0,    0,    0,    0,    0,    0,    0,    0,    0,    0,    0,    0,  -15,    0,    0,    0,    0,    0,    0,    0,    0,  -14,    0,    0,    0,    0,    1,    0,  -27,    0,   -1,   -6,   -1,   -1,   -4,    0,   -2,    0,   -4,    0,   -1,   -1,   -1,    0,    0,   -6,   -1,   -2,   -2,    0,   -4,   -1,    0,   -4,    0,    0,    0,    0,    0,    0,    0,    0,   -1,   -1,   -1,   -1,   -1,   -1,   -1,   -1,    0,    0,    0,   -1,   -1,   -1,   -1,   -1,   -2,   -1,   -1,   -1,   -1,   -1,   -1,    0,    0,    0,    0,    0,    0,   -4,   -4,   -1,   -1,    0,    0,    0,  -14,   -1,    0,   -1,    0,    0,   -1,   -1,    0,    0,    0,    0,    0,    0,    0,    0,    0,    0,    0,    0,    0,    0,    0,    0,    0,    0,    0,    0,    0,    0,    0,    0,    0,    0,    0,    0,    0,    0,    0,    0,    0,    0,    0,    0,    0,    0,    0,    0,    0,    0,    0,    0,    0,    0,    0,    0,    0,    0,    0,    0,    0,    0,    0,    0,    0,    0,    0,    0,    0,    0,    0,   -1,   -1,    0,   -1,   -1,   -1,    0,  -45,  -13,    0,  -23,  -13,    0,    0,    0,    0,    0,    0,
       0,    0,  -27,    0,   -9,   -3,  -23,    0,   -4,    0,   -4,  -14,    0,    0,    0,    0,    0,    0,    0,    0,    0,    0,    0,    0,  -13,   -3,    0,    0,    0,    0,    0,    0,    0,   -7,    0,    0,    0,    0,    0,    0,  -28,    0,   -4,  -15,   -1,   -1,   -5,   -2,   -6,   -3,   -6,   -2,   -1,   -5,   -1,   -2,   -5,   -6,   -3,   -3,   -3,   -9,   -4,  -10,    0,    0,    0,    0,    0,    0,    0,    0,    0,   -6,   -1,   -1,   -1,   -1,   -1,   -1,   -1,   -1,   -3,   -3,   -3,   -1,   -1,   -1,   -1,   -1,   -6,   -1,   -1,   -1,   -1,   -1,   -1,   -2,   -2,   -3,   -3,   -3,    0,   -6,   -6,   -1,   -1,   -2,   -5,   -5,   -7,  -10,   -3,   -1,   -3,   -3,   -1,   -1,   -2,    0,    0,    0,    0,    0,    0,    0,    0,    0,    0,    0,    0,    0,    0,    0,    0,    0,    0,    0,    0,    0,    0,    0,    0,    0,    0,    0,    0,    0,    0,    0,    0,    0,    0,    0,    0,    0,    0,    0,    0,    0,    0,    0,    0,    0,    0,    0,    0,    0,    0,    0,    0,    0,    0,    0,    0,    0,    0,    0,    0,    0,    0,   -1,   -1,   -3,   -1,   -1,   -1,    0,  -23,  -14,    0,  -23,  -14,    0,   -4,    0,    0,    0,    0,
       0,    0,  -10,    0,   -5,    0,  -13,    0,   -2,    0,   -2,   -3,    0,    0,    0,    0,    0,    0,    0,    0,    0,    0,    0,    0,   -3,   -6,    0,    0,    0,    0,    0,    0,    0,    0,    0,    0,    0,    0,    0,    0,  -24,    0,  -13,  -18,   -6,   -6,   -2,   -6,  -10,    0,    0,    0,   -6,    0,   -6,    0,   -6,   -2,    0,   -1,   -1,   -2,    0,   -6,    0,    0,    0,    0,    0,    0,    0,    0,    0,    0,  -13,  -13,  -13,  -13,  -13,   -6,   -6,   -6,    0,    0,    0,   -6,   -6,   -6,   -6,   -6,  -10,  -13,  -13,  -13,   -6,   -6,   -6,   -6,   -6,    0,    0,    0,    0,    0,  -10,   -6,   -6,    0,   -6,   -6,    0,   -6,    0,   -6,    0,    0,   -6,   -6,    0,    0,    0,    0,    0,    0,    0,    0,    0,    0,    0,    0,    0,    0,    0,    0,    0,    0,    0,    0,    0,    0,    0,    0,    0,    0,    0,    0,    0,    0,    0,    0,    0,    0,    0,    0,    0,    0,    0,    0,    0,    0,    0,    0,    0,    0,    0,    0,    0,    0,    0,    0,    0,    0,    0,    0,    0,    0,    0,    0,    0,    0,    0,   -6,   -6,    0,   -6,   -6,   -6,    0,  -10,   -4,    0,  -10,   -4,    0,   -2,    0,    0,    0,    0,
       0,    0,  -11,    0,   -3,    0,   -3,  -13,  -13,  -13,  -13,    0,    0,    0,    0,    0,    0,    0,    0,    0,    0,    0,  -13,  -13,   -3,    0,    0,    0,    0,    0,    0,    0,    0,    0,    0,    0,    0,    0,    0,    0,   -1,    0,   -2,   -1,   -2,   -2,   -2,    0,   -1,    0,   -3,    0,   -2,    0,   -2,    0,    0,   -3,   -1,   -4,   -4,    1,   -2,    0,    0,   -3,    0,    0,  -14,    1,    0,    0,    0,    0,   -2,   -2,   -2,   -2,   -2,   -2,   -2,   -2,    0,    0,    0,   -2,   -2,   -2,   -2,   -2,   -1,   -2,   -2,   -2,   -2,   -2,   -2,    0,    0,    0,    0,    0,    0,   -3,    4,   -2,   -2,    0,    0,    0,    0,    0,    0,   -2,    0,    0,   -2,   -2,    0,    0,    0,    0,    0,    0,    0,    0,    0,    0,    0,    0,    0,    0,    0,    0,    0,    0,    0,    0,    0,    0,    0,    0,    0,    0,    0,    0,    0,    0,    0,    0,    0,    0,    0,    0,    0,    0,    0,    0,    0,    0,    0,    0,    0,    0,    0,    0,    0,    0,    0,    0,    0,    0,    0,    0,    0,    0,    0,    0,    0,    0,    0,   -2,   -2,    0,   -2,   -2,   -2,  -13,  -11,  -10,    0,  -11,  -10,  -13,  -13,    0,    0,    0,    0,
       0,    0,  -18,    0,   -7,    0,  -16,    0,   -3,    0,   -3,   -3,    0,    0,    0,    0,    0,    0,    0,    0,    0,    0,    0,    0,   -2,   -5,    0,    0,    0,    0,    0,    0,    0,  -12,    0,    0,    0,    0,    0,    0,  -25,    0,  -11,   -6,  -10,  -10,   -2,   -4,   -6,    0,    0,    0,  -10,    0,  -10,    0,   -2,   -2,    0,    0,    0,   -2,    0,   -5,    0,    0,    0,    0,    0,    0,    0,    0,    0,    0,  -10,  -10,  -10,  -10,  -10,  -10,  -10,  -10,    0,    0,    0,  -10,  -10,  -10,  -10,  -10,   -6,  -10,  -10,  -10,  -10,  -10,  -10,   -4,   -4,    0,    0,    0,    0,    0,   -7,  -10,  -10,    0,   -2,   -2,  -12,   -5,    0,  -10,    0,    0,  -10,  -10,    0,    0,    0,    0,    0,    0,    0,    0,    0,    0,    0,    0,    0,    0,    0,    0,    0,    0,    0,    0,    0,    0,    0,    0,    0,    0,    0,    0,    0,    0,    0,    0,    0,    0,    0,    0,    0,    0,    0,    0,    0,    0,    0,    0,    0,    0,    0,    0,    0,    0,    0,    0,    0,    0,    0,    0,    0,    0,    0,    0,    0,    0,    0,  -10,  -10,    0,  -10,  -10,  -10,    0,  -15,  -10,    0,  -15,  -10,    0,   -3,    0,    0,    0,    0,
       0,   10,   22,    0,    3,   18,   28,    0,  -24,   -4,  -24,  -11,    0,    0,    0,    0,    0,    0,    0,    0,    0,    0,    0,    0,   19,  -16,    0,    0,    0,    0,    0,    0,    0,    0,    0,    0,    0,    0,    0,    0,   32,   17,  -25,    0,  -12,  -12,    0,  -18,    0,    0,    0,    0,  -12,    0,  -12,    0,  -11,    0,    0,    0,    0,   -2,    0,   -8,    0,  -13,    0,    0,   -6,   -1,    0,    0,    0,    0,  -12,  -24,  -24,  -24,  -21,  -12,  -12,  -12,    0,    0,    0,  -12,  -12,  -12,  -12,  -20,    0,  -24,  -24,  -25,  -12,  -12,  -12,  -18,  -18,    0,    0,    0,    0,    0,    0,  -12,  -12,    0,  -11,  -11,    0,   -8,    0,  -12,    0,    0,  -12,  -12,    0,    0,    0,    0,    0,    0,    0,    0,    0,    0,    0,    0,    0,    0,    0,    0,    0,    0,    0,    0,    0,    0,    0,    0,    0,    0,    0,    0,    0,    0,    0,    0,    0,    0,    0,    0,    0,    0,    0,    0,    0,    0,    0,    0,    0,    0,    0,    0,    0,    0,    0,    0,    0,    0,    0,    0,    0,    0,    0,    0,    0,    0,    0,  -12,  -12,    0,  -12,  -12,  -12,   -4,   26,   31,    0,   26,   31,    0,  -24,    0,    0,    0,    0,
       0,    0,  -18,    0,   -4,    0,  -16,    0,    0,    0,    0,    0,    0,    0,    0,    0,    0,    0,    0,    0,    0,    0,    0,    0,   -4,   -2,    0,    0,    0,    0,    0,    0,    0,    0,    0,    0,    0,    0,    0,    0,  -32,    0,   -5,  -12,   -5,   -5,   -1,    0,   -6,    0,    0,    0,   -5,    0,   -5,    0,   -5,   -3,   -2,    0,    0,   -4,    0,   -7,    0,    0,    0,    0,    0,    0,    0,    0,    0,    0,   -5,   -5,   -5,   -5,   -5,   -5,   -5,   -5,    0,    0,    0,   -5,   -5,   -5,   -5,   -5,   -6,   -5,   -5,   -5,   -5,   -5,   -5,    0,    0,    0,    0,    0,    0,    0,  -12,   -5,   -5,    0,   -5,   -5,    0,   -7,    0,   -5,    0,    0,   -5,   -5,    0,    0,    0,    0,    0,    0,    0,    0,    0,    0,    0,    0,    0,    0,    0,    0,    0,    0,    0,    0,    0,    0,    0,    0,    0,    0,    0,    0,    0,    0,    0,    0,    0,    0,    0,    0,    0,    0,    0,    0,    0,    0,    0,    0,    0,    0,    0,    0,    0,    0,    0,    0,    0,    0,    0,    0,    0,    0,    0,    0,    0,    0,    0,   -5,   -5,    0,   -5,   -5,   -5,    0,  -13,   -6,    0,  -13,   -6,    0,    0,    0,    0,    0,    0,
       0,    0,  -10,    0,    0,    0,   -7,    0,    0,    0,    0,    0,    0,    0,    0,    0,    0,    0,    0,    0,    0,    0,    0,    0,   -3,    0,    0,   -1,    0,   -3,    0,    0,    0,   -7,   -5,   -5,   -5,    0,   -7,    0,   -7,    0,   -2,   -1,   -2,   -2,   -2,    0,   -1,    0,    1,    0,   -2,    0,   -2,    0,    0,   -3,   -1,   -3,   -3,    0,   -3,    0,    0,    0,    0,    0,    0,    0,    0,    0,    0,    0,   -2,   -2,   -2,   -2,   -2,   -2,   -2,   -2,    0,    0,    0,   -2,   -2,   -2,   -2,   -2,   -1,   -2,   -2,   -2,   -2,   -2,   -2,    0,    0,    0,    0,    0,   -3,    1,   -1,   -2,   -2,    0,    0,    0,   -7,    0,    0,   -2,    0,    0,   -2,   -2,    0,    0,    0,    0,    0,    0,    0,    0,    0,    0,    0,    0,    0,    0,    0,    0,    0,    0,    0,    0,    0,    0,    0,    0,    0,    0,    0,    0,    0,    0,    0,    0,    0,    0,    0,    0,    0,    0,    0,    0,    0,    0,    0,    0,    0,    0,    0,    0,    0,    0,    0,    0,    0,    0,    0,    0,    0,    0,    0,    0,    0,    0,    0,   -2,   -2,    0,   -2,   -2,   -2,    0,   -9,   -1,    0,   -9,   -1,    0,    0,    0,    0,    0,    0,
       0,    0,    0,    0,  -10,    0,  -13,    0,    0,    0,    0,    0,    0,    0,    0,    0,    0,    0,    0,    0,    0,    0,    0,    0,   -4,   -6,    0,    0,    0,    0,    0,    0,    0,    0,    0,    0,    0,    0,    0,    0,   -8,    0,   -3,  -10,   -3,   -3,   -2,   -3,   -5,   -2,    0,   -2,   -3,   -2,   -7,   -4,   -7,   -3,   -4,   -2,   -2,   -6,   -2,  -10,    0,    0,    0,    0,    0,    0,    0,    0,    0,   -1,   -3,   -3,   -3,   -3,   -3,   -3,   -3,   -3,   -2,   -2,   -2,   -3,   -3,   -3,   -3,   -3,   -5,   -3,   -3,   -3,   -3,   -3,   -3,   -3,   -3,   -2,   -2,   -2,    0,    0,   -5,   -3,   -3,   -2,   -7,   -7,    0,  -10,   -2,   -3,   -2,   -2,   -3,   -3,   -2,    0,    0,    0,    0,    0,    0,    0,    0,    0,    0,    0,    0,    0,    0,    0,    0,    0,    0,    0,    0,    0,    0,    0,    0,    0,    0,    0,    0,    0,    0,    0,    0,    0,    0,    0,    0,    0,    0,    0,    0,    0,    0,    0,    0,    0,    0,    0,    0,    0,    0,    0,    0,    0,    0,    0,    0,    0,    0,    0,    0,    0,    0,   -3,   -3,   -2,   -3,   -3,   -3,    0,   -2,   -3,    0,   -2,   -3,    0,    0,    0,    0,    0,    0,
       0,    0,  -22,    0,   -7,    0,  -17,    0,    0,  -11,    0,    0,    0,    0,    0,    0,    0,    0,    0,    0,    0,    0,    0,    0,   -6,   -2,    0,    0,    0,    0,    0,    0,    0,    0,    0,    0,    0,    0,    0,    0,  -20,    0,   -7,   -6,   -7,   -7,   -4,   -2,   -3,   -2,   -4,   -1,   -7,   -1,   -7,   -1,    0,   -5,   -4,   -6,   -6,    0,   -5,    0,    0,   -8,    0,    0,   -5,    0,    0,    0,    0,    0,   -7,   -7,   -7,   -7,   -7,   -7,   -7,   -7,   -2,   -2,   -2,   -7,   -7,   -7,   -7,   -7,   -3,   -7,   -7,   -7,   -7,   -7,   -7,   -2,   -2,   -2,   -2,   -2,    0,   -4,   -3,   -7,   -7,   -1,    0,    0,    0,    0,   -2,   -7,   -2,   -2,   -7,   -7,   -1,    0,    0,    0,    0,    0,    0,    0,    0,    0,    0,    0,    0,    0,    0,    0,    0,    0,    0,    0,    0,    0,    0,    0,    0,    0,    0,    0,    0,    0,    0,    0,    0,    0,    0,    0,    0,    0,    0,    0,    0,    0,    0,    0,    0,    0,    0,    0,    0,    0,    0,    0,    0,    0,    0,    0,    0,    0,    0,    0,    0,    0,    0,   -7,   -7,   -2,   -7,   -7,   -7,  -11,  -20,  -11,    0,  -20,  -11,    0,    0,    0,    0,    0,    0,
       0,    0,   -9,    0,   -3,    8,   -9,    0,    0,    0,    0,    0,    0,    0,    0,    0,    0,    0,    0,    0,    0,    0,    0,    0,   -2,    0,    0,    0,    0,    0,    0,    0,    0,    0,    0,    0,    0,    0,    0,    0,  -11,    5,   -3,   -5,   -3,   -3,    0,    0,   -4,    0,    0,    0,   -3,    0,   -3,    0,   -2,    0,   -1,   -3,   -3,   -2,    0,   -2,    0,    0,    0,    0,    0,    0,    0,    0,    0,    0,   -3,   -3,   -3,   -3,   -3,   -3,   -3,   -3,    0,    0,    0,   -3,   -3,   -3,   -3,   -3,   -4,   -3,   -3,   -3,   -3,   -3,   -3,    0,    0,    0,    0,    0,    0,    0,   -4,   -3,   -3,    0,   -2,   -2,    0,   -2,    0,   -3,    0,    0,   -3,   -3,    0,    0,    0,    0,    0,    0,    0,    0,    0,    0,    0,    0,    0,    0,    0,    0,    0,    0,    0,    0,    0,    0,    0,    0,    0,    0,    0,    0,    0,    0,    0,    0,    0,    0,    0,    0,    0,    0,    0,    0,    0,    0,    0,    0,    0,    0,    0,    0,    0,    0,    0,    0,    0,    0,    0,    0,    0,    0,    0,    0,    0,    0,    0,   -3,   -3,    0,   -3,   -3,   -3,    0,    0,   -3,    0,    0,   -3,    0,    0,    0,    0,    0,    0,
       0,   -1,  -14,    0,  -15,   -6,    0,    0,  -36,   -6,  -36,  -20,    0,    0,    0,    0,    0,    0,    0,    0,    0,    0,   -4,    0,    0,  -22,    0,    0,    0,    0,    0,    0,    0,    0,    0,    0,    0,    0,    0,    0,  -26,  -15,  -33,  -25,  -15,  -32,   -2,  -34,  -13,    0,    0,    0,  -15,    0,  -32,    0,  -12,   -2,    0,    0,    0,   -2,    0,  -11,    0,   -5,    0,    0,   -5,  -10,    0,    0,    0,  -14,  -32,  -32,  -32,  -32,  -32,  -15,  -15,  -15,    0,    0,    0,  -15,  -15,  -15,  -15,  -15,  -13,  -32,  -32,  -32,  -15,  -15,  -15,  -17,  -17,    0,    0,    0,    0,    0,  -19,  -15,  -15,    0,  -12,  -12,    0,  -11,    0,  -15,    0,    0,  -15,  -15,    0,    0,    0,    0,    0,    0,    0,    0,    0,    0,    0,    0,    0,    0,    0,    0,    0,    0,    0,    0,    0,    0,    0,    0,    0,    0,    0,    0,    0,    0,    0,    0,    0,    0,    0,    0,    0,    0,    0,    0,    0,    0,    0,    0,    0,    0,    0,    0,    0,    0,    0,    0,    0,    0,    0,    0,    0,    0,    0,    0,    0,    0,    0,  -15,  -15,    0,  -15,  -15,  -15,   -6,   -2,   -2,    0,   -2,   -2,    0,  -36,    0,    0,    0,    0,
       0,    0,  -18,    0,   -5,    0,  -14,    0,    0,    0,    0,    0,    0,    0,    0,    0,    0,    0,    0,    0,    0,    0,    0,    0,  -10,   -2,    0,    0,    0,    0,    0,    0,    0,    0,    0,    0,    0,    0,    0,    0,  -28,    0,   -1,  -10,   -1,   -1,   -2,    0,   -5,    0,    0,    0,   -1,    0,   -1,    0,   -2,   -2,    0,    0,    0,   -2,    0,   -5,    0,    0,    0,    0,    0,    0,    0,    0,    0,    0,   -1,   -1,   -1,   -1,   -1,   -1,   -1,   -1,    0,    0,    0,   -1,   -1,   -1,   -1,   -1,   -5,   -1,   -1,   -1,   -1,   -1,   -1,    0,    0,    0,    0,    0,    0,    0,   -7,   -1,   -1,    0,   -2,   -2,    0,   -5,    0,   -1,    0,    0,   -1,   -1,    0,    0,    0,    0,    0,    0,    0,    0,    0,    0,    0,    0,    0,    0,    0,    0,    0,    0,    0,    0,    0,    0,    0,    0,    0,    0,    0,    0,    0,    0,    0,    0,    0,    0,    0,    0,    0,    0,    0,    0,    0,    0,    0,    0,    0,    0,    0,    0,    0,    0,    0,    0,    0,    0,    0,    0,    0,    0,    0,    0,    0,    0,    0,   -1,   -1,    0,   -1,   -1,   -1,    0,  -12,   -4,    0,  -12,   -4,    0,    0,    0,    0,    0,    0,
       0,    0,   -1,    0,   -7,    0,    0,    0,    0,    0,    0,    0,    0,    0,    0,    0,    0,    0,    0,    0,    0,    0,    0,    0,   -4,   -1,    0,    0,    0,    0,    0,    0,    0,    0,    0,    0,    0,    0,    0,    0,   -1,    0,  -10,  -11,   -5,   -5,   -2,   -1,   -6,    0,   -1,    0,   -5,    0,   -5,    0,    0,   -4,   -2,   -1,   -1,    0,    0,   -1,    0,    0,    0,    0,   -4,    0,    0,    0,    0,    0,   -5,   -5,   -5,   -5,   -5,   -5,   -5,   -5,    0,    0,    0,   -5,   -5,   -5,   -5,   -5,   -6,   -5,   -5,   -5,   -5,   -5,   -5,   -1,   -1,    0,    0,    0,    0,   -1,   -6,   -5,   -5,    0,    0,    0,    0,   -1,    0,   -5,    0,    0,   -5,   -5,    0,    0,    0,    0,    0,    0,    0,    0,    0,    0,    0,    0,    0,    0,    0,    0,    0,    0,    0,    0,    0,    0,    0,    0,    0,    0,    0,    0,    0,    0,    0,    0,    0,    0,    0,    0,    0,    0,    0,    0,    0,    0,    0,    0,    0,    0,    0,    0,    0,    0,    0,    0,    0,    0,    0,    0,    0,    0,    0,    0,    0,    0,    0,   -5,   -5,    0,   -5,   -5,   -5,    0,   -7,   -3,    0,   -7,   -3,    0,    0,    0,    0,    0,    0,
       0,    0,  -18,    0,  -12,   -3,  -13,    0,  -22,   -3,  -22,  -18,    0,    0,    0,    0,    0,    0,    0,    0,    0,    0,   -4,    0,   -9,  -12,    0,    0,    0,    0,    0,    0,    0,    0,    0,    0,    0,    0,    0,    0,  -27,   -6,   -3,  -19,   -3,   -3,   -2,   -6,  -10,    0,   -1,    0,   -3,    0,   -3,    0,   -7,   -2,    0,   -1,   -1,   -6,    0,  -11,    0,   -3,    0,    0,    0,  -12,    0,    0,    0,   -7,   -3,   -3,   -3,   -3,   -3,   -3,   -3,   -3,    0,    0,    0,   -3,   -3,   -3,   -3,   -3,  -10,   -3,   -3,   -3,   -3,   -3,   -3,   -6,   -6,    0,    0,    0,    0,   -1,  -13,   -3,   -3,    0,   -7,   -7,    0,  -11,    0,   -3,    0,    0,   -3,   -3,    0,    0,    0,    0,    0,    0,    0,    0,    0,    0,    0,    0,    0,    0,    0,    0,    0,    0,    0,    0,    0,    0,    0,    0,    0,    0,    0,    0,    0,    0,    0,    0,    0,    0,    0,    0,    0,    0,    0,    0,    0,    0,    0,    0,    0,    0,    0,    0,    0,    0,    0,    0,    0,    0,    0,    0,    0,    0,    0,    0,    0,    0,    0,   -3,   -3,    0,   -3,   -3,   -3,   -3,   -9,    0,    0,   -9,    0,    0,  -22,    0,    0,    0,    0,
       0,    0,  -15,    0,   -9,    0,   -8,    0,    0,   -9,    0,   -1,    0,    0,    0,    0,    0,    0,    0,    0,    0,    0,    0,    0,    0,   -3,    0,    0,    0,    0,    0,    0,    0,    0,    0,    0,    0,    0,    0,    0,  -20,    0,   -7,   -4,   -7,   -7,   -1,   -4,   -5,    0,    0,    0,   -7,    0,   -7,    0,    0,   -3,   -1,    0,    0,    0,    0,   -1,    0,  -10,    0,    0,   -3,    0,    0,    0,    0,    0,   -7,   -7,   -7,   -7,   -7,   -7,   -7,   -7,    0,    0,    0,   -7,   -7,   -7,   -7,   -7,   -5,   -7,   -7,   -7,   -7,   -7,   -7,   -4,   -4,    0,    0,    0,    0,    0,   -5,   -7,   -7,    0,    0,    0,    0,   -1,    0,   -7,    0,    0,   -7,   -7,    0,    0,    0,    0,    0,    0,    0,    0,    0,    0,    0,    0,    0,    0,    0,    0,    0,    0,    0,    0,    0,    0,    0,    0,    0,    0,    0,    0,    0,    0,    0,    0,    0,    0,    0,    0,    0,    0,    0,    0,    0,    0,    0,    0,    0,    0,    0,    0,    0,    0,    0,    0,    0,    0,    0,    0,    0,    0,    0,    0,    0,    0,    0,   -7,   -7,    0,   -7,   -7,   -7,   -9,   -8,   -2,    0,   -8,   -2,    0,    0,    0,    0,    0,    0,
       0,    0,  -10,    0,  -15,   -3,   -4,    0,  -24,   -3,  -24,  -20,    0,    0,    0,    0,    0,    0,    0,    0,    0,    0,   -7,    0,    0,  -13,    0,    0,    0,    0,    0,    0,    0,    0,    0,    0,    0,    0,    0,    0,  -21,   -8,   -9,  -20,   -9,   -9,   -3,  -11,  -10,    0,   -1,    0,   -9,    0,  -19,    0,  -10,    0,   -2,    0,    0,   -5,    0,  -12,    0,   -5,    0,    0,   -5,  -10,    0,    0,    0,   -7,   -9,   -9,   -9,   -9,   -9,   -9,   -9,   -9,    0,    0,    0,   -9,   -9,   -9,   -9,   -9,  -10,   -9,   -9,   -9,   -9,   -9,   -9,  -11,  -11,    0,    0,    0,    0,   -1,  -15,   -9,   -9,    0,  -10,  -10,    0,  -12,    0,   -9,    0,    0,   -9,   -9,    0,    0,    0,    0,    0,    0,    0,    0,    0,    0,    0,    0,    0,    0,    0,    0,    0,    0,    0,    0,    0,    0,    0,    0,    0,    0,    0,    0,    0,    0,    0,    0,    0,    0,    0,    0,    0,    0,    0,    0,    0,    0,    0,    0,    0,    0,    0,    0,    0,    0,    0,    0,    0,    0,    0,    0,    0,    0,    0,    0,    0,    0,    0,   -9,   -9,    0,   -9,   -9,   -9,   -3,   -9,    0,    0,   -9,    0,    0,  -24,    0,    0,    0,    0,
       0,    0,   -8,    0,   -8,    0,   -3,    0,    0,    0,    0,    0,    0,    0,    0,    0,    0,    0,    0,    0,    0,    0,    0,    0,    0,    0,    0,    0,    0,    0,    0,    0,    0,    0,    0,    0,    0,    0,    0,    0,  -21,    0,   -3,   -7,   -3,   -3,   -2,   -1,   -4,    0,    0,    0,   -3,    0,   -3,    0,   -3,    0,    0,   -1,   -1,   -1,    0,   -2,    0,    0,    0,    0,    0,    0,    0,    0,    0,   -2,   -3,   -3,   -3,   -3,   -3,   -3,   -3,   -3,    0,    0,    0,   -3,   -3,   -3,   -3,   -3,   -4,   -3,   -3,   -3,   -3,   -3,   -3,   -1,   -1,    0,    0,    0,    0,    0,   -5,   -3,   -3,    0,   -3,   -3,    0,   -2,    0,   -3,    0,    0,   -3,   -3,    0,    0,    0,    0,    0,    0,    0,    0,    0,    0,    0,    0,    0,    0,    0,    0,    0,    0,    0,    0,    0,    0,    0,    0,    0,    0,    0,    0,    0,    0,    0,    0,    0,    0,    0,    0,    0,    0,    0,    0,    0,    0,    0,    0,    0,    0,    0,    0,    0,    0,    0,    0,    0,    0,    0,    0,    0,    0,    0,    0,    0,    0,    0,   -3,   -3,    0,   -3,   -3,   -3,    0,   -7,    0,    0,   -7,    0,    0,    0,    0,    0,    0,    0,
       0,    0,    0,    0,    0,    0,    0,    0,    0,    0,    0,    0,    0,    0,    0,    0,    0,    0,    0,    0,    0,    0,    0,    0,    0,    0,    0,   -3,    0,    0,    0,    0,    0,   -7,   -1,  -10,  -10,    0,  -10,    0,    0,    0,   -4,   -1,   -4,   -4,    0,    0,   -1,    0,    0,    0,   -4,    0,   -4,    0,   -1,    0,    0,    0,    0,    0,    0,    0,    0,    0,    0,    0,    0,    0,    0,    0,    0,    0,   -4,   -4,   -4,   -4,   -4,   -4,   -4,   -4,    0,    0,    0,   -4,   -4,   -4,   -4,   -4,   -1,   -4,   -4,   -4,   -4,   -4,   -4,    0,    0,    0,    0,    0,    0,    0,   -1,   -4,   -4,    0,   -1,   -1,   -7,    0,    0,   -4,    0,    0,   -4,   -4,    0,    0,    0,    0,    0,    0,    0,    0,    0,    0,    0,    0,    0,    0,    0,    0,    0,    0,    0,    0,    0,    0,    0,    0,    0,    0,    0,    0,    0,    0,    0,    0,    0,    0,    0,    0,    0,    0,    0,    0,    0,    0,    0,    0,    0,    0,    0,    0,    0,    0,    0,    0,    0,    0,    0,    0,    0,    0,    0,    0,    0,    0,    0,   -4,   -4,    0,   -4,   -4,   -4,    0,   -1,    0,    0,   -1,    0,    0,    0,    0,    0,    0,    0,
       0,    0,    0,    0,    0,    0,    0,    0,    0,    0,    0,    0,    0,    0,    0,    0,    0,    0,    0,    0,    0,    0,    0,    0,    0,    0,    0,    0,    0,    0,   -1,    0,    0,   -4,   -3,  -11,   -2,    0,  -17,    0,    0,    0,    0,    0,    0,    0,    0,    0,    0,    0,    0,    0,    0,    0,    0,    0,    0,    0,    0,    0,    0,   -2,    0,    0,    0,    0,    0,    0,    0,    0,    0,    0,    0,    0,    0,    0,    0,    0,    0,    0,    0,    0,    0,    0,    0,    0,    0,    0,    0,    0,    0,    0,    0,    0,    0,    0,    0,    0,    0,    0,    0,    0,    0,    0,    0,    0,    0,    0,    0,    0,   -4,    0,    0,    0,    0,    0,    0,    0,    0,    0,    0,    0,    0,   -7,    0,   -1,    0,    0,    0,    0,   -4,    0,    0,   -7,    0,    0,    0,    0,    0,    0,    0,    0,    0,    0,    0,    0,    0,    0,    0,    0,    0,    0,    0,    0,    0,    0,    0,    0,    0,    0,    0,    0,    0,    0,    0,    0,    0,    0,    0,    0,    0,    0,    0,    0,    0,   -7,    0,   -7,    0,    0,    0,    0,    0,    0,    0,    0,    0,    0,    0,    0,    0,    0,    0,    0,    0,    0,    0,    0,    0,
       0,    0,    0,    0,    0,    0,    0,    0,    0,    0,    0,    0,    0,    0,  -13,  -11,   -4,   -9,    0,  -30,    0,   -7,    0,    0,    0,    0,  -12,    0,    0,    0,   -4,    0,    0,  -16,    0,  -19,  -13,  -19,  -22,  -10,    0,    0,    0,   -2,    0,    0,   -4,    0,   -2,    0,    0,    0,    0,    0,    0,    0,    0,    0,    0,    0,    0,   -6,    0,   -3,    0,    0,    0,    0,    0,    0,    0,  -12,    0,   -7,    0,    0,    0,    0,    0,    0,    0,    0,    0,    0,    0,    0,    0,    0,    0,    0,   -2,    0,    0,    0,    0,    0,    0,    0,    0,    0,    0,    0,    0,    0,   -2,    0,    0,    0,    0,    0,  -16,   -3,    0,    0,    0,    0,    0,    0,    0,    0,    0,    0,    0,    0,    0,    0,    0,    0,    0,    0,    0,    0,    0,    0,    0,    0,    0,    0,    0,    0,    0,    0,    0,    0,    0,    0,    0,    0,    0,    0,    0,    0,    0,    0,    0,    0,    0,    0,    0,    0,    0,    0,    0,    0,    0,    0,    0,    0,    0,    0,    0,    0,    0,    0,    0,    0,    0,    0,    0,    0,    0,    0,    0,    0,    0,    0,    0,    0,    0,    0,    0,    0,    0,    0,    0,    0,    0,    0,    0,
       0,    0,    0,    0,    0,    0,    0,    0,  -27,    0,  -27,    0,    0,    0,    0,    0,    0,    0,    0,    0,    0,    0,    0,    0,    0,    0,   -6,    0,    0,   -1,    0,    0,   -2,  -18,   -3,  -20,  -15,  -13,  -22,   -3,    0,    0,    0,    0,    0,    0,    0,    0,    0,    0,    0,    0,    0,    0,    0,    0,    0,   -1,    0,   -3,   -3,  -12,   -2,    0,    0,    0,    0,    0,    0,    0,   -6,   -6,    0,    0,    0,    0,    0,    0,    0,    0,    0,    0,    0,    0,    0,    0,    0,    0,    0,    0,    0,    0,    0,    0,    0,    0,    0,    0,    0,    0,    0,    0,   -1,    0,    0,    0,    0,    0,    0,    0,  -18,    0,    0,    0,    0,    0,    0,    0,    0,    0,    0,    0,    0,    0,    0,    0,    0,    0,    0,    0,    0,    0,    0,    0,    0,    0,    0,    0,    0,    0,    0,    0,    0,    0,    0,    0,    0,    0,    0,    0,    0,    0,    0,    0,    0,    0,    0,    0,    0,    0,    0,    0,    0,    0,    0,    0,    0,    0,    0,    0,    0,    0,    0,    0,    0,    0,    0,    0,    0,    0,    0,    0,    0,    0,    0,    0,    0,    0,    0,    0,    0,    0,    0,    0,  -27,    0,    0,    0,    0,
       0,    0,    0,    0,    0,    0,    0,    0,    0,    0,    0,    0,    0,    0,    0,    0,    0,    0,    0,    0,    0,    0,    0,    0,    0,    0,    0,   -7,    0,    0,    0,    0,   -3,  -10,  -11,  -16,  -15,    0,  -18,    0,    0,    0,   -4,   -4,   -4,   -4,    1,    0,   -4,    0,    0,   -3,   -4,   -3,   -4,   -3,   -3,   -6,   -4,   -4,   -4,    0,    0,    0,    0,   -4,    0,    0,    0,   -3,    0,    0,    0,    0,   -4,   -4,   -4,   -4,   -4,   -4,   -4,   -4,    0,    0,    0,   -4,   -4,   -4,   -4,   -4,   -4,   -4,   -4,   -4,   -4,   -4,   -4,    0,    0,    0,    0,    0,    0,    0,   -4,   -4,   -4,   -3,   -3,   -3,  -10,    0,    0,   -4,    0,    0,   -4,   -4,   -3,    0,    0,    0,    0,    0,    0,    0,    0,    0,    0,    0,    0,    0,    0,    0,    0,    0,    0,    0,    0,    0,    0,    0,    0,    0,    0,    0,    0,    0,    0,    0,    0,    0,    0,    0,    0,    0,    0,    0,    0,    0,    0,    0,    0,    0,    0,    0,    0,    0,    0,    0,    0,    0,    0,    0,    0,    0,    0,    0,    0,    0,    0,   -4,   -4,    0,   -4,   -4,   -4,    0,  -16,  -13,    0,  -16,  -13,    0,    0,    0,    0,    0,    0,
       0,    0,    0,    0,    0,    0,  -19,    0,    0,    0,    0,    0,    0,    0,    0,    0,    0,    0,    0,    0,    0,    0,    0,    0,    0,    0,    0,   -5,    0,   -6,    0,    0,    0,  -49,   -6,  -53,  -51,    0,  -50,    0,   -2,    0,    0,   -1,    0,    0,    0,    0,   -1,    0,    0,    0,    0,    0,    0,    0,    0,    0,    0,    0,    0,    0,    0,    0,    0,    0,    0,    0,    0,    0,    0,    0,    0,    0,    0,    0,    0,    0,    0,    0,    0,    0,    0,    0,    0,    0,    0,    0,    0,    0,   -1,    0,    0,    0,    0,    0,    0,    0,    0,    0,    0,    0,   -6,    0,   -1,    0,    0,    0,    0,    0,  -49,    0,    0,    0,    0,    0,    0,    0,    0,    0,    0,    0,    0,    0,    0,    0,    0,    0,    0,    0,    0,    0,    0,    0,    0,    0,    0,    0,    0,    0,    0,    0,    0,    0,    0,    0,    0,    0,    0,    0,    0,    0,    0,    0,    0,    0,    0,    0,    0,    0,    0,    0,    0,    0,    0,    0,    0,    0,    0,    0,    0,    0,    0,    0,    0,    0,    0,    0,    0,    0,    0,    0,    0,    0,    0,    0,    0,    0,   -1,    0,    0,   -1,    0,    0,    0,    0,    0,    0,    0,
       0,    0,  -13,    0,   -5,    3,   -3,    0,  -18,    0,  -18,   -9,    0,    0,    0,    0,    0,    0,    0,    0,    0,    0,    0,    0,   -4,   -7,  -33,    0,    0,  -11,  -16,   -2,   -4,  -14,   -3,  -24,   -8,  -15,  -13,  -10,  -17,    0,   -2,   -2,   -2,   -2,   -2,   -2,   -2,    0,    0,    0,   -2,    0,   -2,    0,   -1,    0,    0,    0,    0,   -2,    1,   -7,    0,    0,    0,    0,    0,    0,    0,  -33,    0,    0,   -2,   -2,   -2,   -2,   -2,   -2,   -2,   -2,    0,    0,    0,   -2,   -2,   -2,   -2,   -2,    0,   -2,   -2,   -2,   -2,   -2,   -2,   -2,   -2,    0,    0,    0,   -5,    0,   -2,   -2,   -2,    0,   -1,   -1,  -14,   -7,    0,   -2,    0,    0,   -2,   -2,    0,    0,    0,    0,    0,    0,    0,    0,    0,    0,    0,    0,    0,    0,    0,    0,    0,    0,    0,    0,    0,    0,    0,    0,    0,    0,    0,    0,    0,    0,    0,    0,    0,    0,    0,    0,    0,    0,    0,    0,    0,    0,    0,    0,    0,    0,    0,    0,    0,    0,    0,    0,    0,    0,    0,    0,    0,    0,    0,    0,    0,    0,    0,   -2,   -2,    0,   -2,   -2,   -2,    0,   -6,   -6,    0,   -6,   -6,    0,  -18,    0,    0,    0,    0,
       0,    0,  -13,    0,   -5,    3,   -3,    0,  -18,    0,  -18,   -9,    0,    0,    0,    0,    0,    0,    0,    0,    0,    0,    0,    0,   -4,   -7,  -14,    0,    0,  -11,  -16,   -2,   -4,   -6,   -3,  -11,   -8,  -15,  -13,  -10,  -17,    0,   -2,   -2,   -2,   -2,   -2,   -2,   -2,    0,    0,    0,   -2,    0,   -2,    0,   -1,    0,    0,    0,    0,   -2,    1,   -7,    0,    0,    0,    0,    0,    0,    0,  -33,    0,    0,   -2,   -2,   -2,   -2,   -2,   -2,   -2,   -2,    0,    0,    0,   -2,   -2,   -2,   -2,   -2,    0,   -2,   -2,   -2,   -2,   -2,   -2,   -2,   -2,    0,    0,    0,   -5,    0,   -2,   -2,   -2,    0,   -1,   -1,   -6,   -7,    0,   -2,    0,    0,   -2,   -2,    0,    0,    0,    0,    0,    0,    0,    0,    0,    0,    0,    0,    0,    0,    0,    0,    0,    0,    0,    0,    0,    0,    0,    0,    0,    0,    0,    0,    0,    0,    0,    0,    0,    0,    0,    0,    0,    0,    0,    0,    0,    0,    0,    0,    0,    0,    0,    0,    0,    0,    0,    0,    0,    0,    0,    0,    0,    0,    0,    0,    0,    0,    0,   -2,   -2,    0,   -2,   -2,   -2,    0,   -6,   -6,    0,   -6,   -6,    0,  -18,    0,    0,    0,    0,
       0,    0,    0,    0,    0,    0,    0,    0,    0,    0,    0,    0,    0,   -8,  -20,  -20,  -17,  -16,   -3,  -30,   -2,   -9,    0,    0,    0,    0,    0,    0,    0,    0,    0,    0,    0,    0,    0,    0,    0,    0,    0,    0,    0,    0,    0,    0,    0,    0,    0,    0,    0,    0,    0,    0,    0,    0,    0,    0,    0,    0,    0,    0,    0,    0,    0,    0,    0,    0,    0,    0,    0,    0,    0,    0,    0,    0,    0,    0,    0,    0,    0,    0,    0,    0,    0,    0,    0,    0,    0,    0,    0,    0,    0,    0,    0,    0,    0,    0,    0,    0,    0,    0,    0,    0,    0,    0,    0,    0,    0,    0,    0,    0,    0,    0,    0,    0,    0,    0,    0,    0,    0,    0,    0,    0,    0,    0,    0,    0,    0,    0,    0,    0,    0,    0,    0,    0,    0,    0,    0,    0,    0,    0,    0,    0,    0,    0,    0,    0,    0,    0,    0,    0,    0,    0,    0,    0,    0,    0,    0,    0,    0,    0,    0,    0,    0,    0,    0,    0,    0,    0,    0,    0,    0,    0,    0,    0,    0,    0,    0,    0,    0,    0,    0,    0,    0,    0,    0,    0,    0,    0,    0,    0,    0,    0,    0,    0,    0,    0,    0,    0,    0,
       0,    0,    0,    0,    0,    0,  -11,    0,    0,    0,    0,  -15,    0,    0,    0,    0,    0,    0,    0,    0,    0,    0,    0,    0,   -1,    0,  -37,    9,    0,   -7,    0,    0,    0,   -8,   -2,  -38,  -31,  -21,  -49,  -19,   -1,    0,   -2,   -3,   -2,   -2,    0,   -2,   -3,    0,    0,    0,   -2,    0,   -2,    0,   -1,    0,    0,    0,    0,   -2,    0,   -4,    0,    0,    0,    0,    0,    0,    0,  -37,    0,    0,   -2,   -2,   -2,   -2,   -2,   -2,   -2,   -2,    0,    0,    0,   -2,   -2,   -2,   -2,   -2,   -3,   -2,   -2,   -2,   -2,   -2,   -2,   -2,   -2,    0,    0,    0,   -7,    0,   -3,   -2,   -2,    0,   -1,   -1,   -8,   -4,    0,   -2,    0,    0,   -2,   -2,    0,    0,    0,    0,    0,    0,    0,    0,    0,    0,    0,    0,    0,    0,    0,    0,    0,    0,    0,    0,    0,    0,    0,    0,    0,    0,    0,    0,    0,    0,    0,    0,    0,    0,    0,    0,    0,    0,    0,    0,    0,    0,    0,    0,    0,    0,    0,    0,    0,    0,    0,    0,    0,    0,    0,    0,    0,    0,    0,    0,    0,    0,    0,   -2,   -2,    0,   -2,   -2,   -2,    0,    0,   -6,    0,    0,   -6,    0,    0,    0,    0,    0,    0,
       0,    0,    0,    0,    0,    0,    0,    0,    0,    0,    0,    0,    0,    0,    0,    0,    0,    0,    0,    0,    0,    0,    0,    0,    0,    0,    0,    0,    0,    0,    0,    0,    0,    0,    0,    0,    0,    0,    0,    0,    0,    0,    0,    0,    0,    0,   -4,    0,    0,    0,   -5,    0,    0,    0,    0,    0,   -1,   -5,   -3,   -5,   -5,   -2,   -9,   -6,    0,    0,    0,    0,    0,    0,    0,    0,    0,    0,    0,    0,    0,    0,    0,    0,    0,    0,    0,    0,    0,    0,    0,    0,    0,    0,    0,    0,    0,    0,    0,    0,    0,    0,    0,    0,    0,    0,    0,   -5,    0,    0,    0,    0,   -1,   -1,    0,   -6,    0,    0,    0,    0,    0,    0,    0,    0,    0,    0,    0,    0,    0,    0,    0,    0,    0,    0,    0,    0,    0,    0,    0,    0,    0,    0,    0,    0,    0,    0,    0,    0,    0,    0,    0,    0,    0,    0,    0,    0,    0,    0,    0,    0,    0,    0,    0,    0,    0,    0,    0,    0,    0,    0,    0,    0,    0,    0,    0,    0,    0,    0,    0,    0,    0,    0,    0,    0,    0,    0,    0,    0,    0,    0,    0,    0,    0,    0,    0,    0,    0,    0,    0,    0,    0,    0,    0,
       2,    0,  -20,    0,   -7,    0,  -18,    0,    0,    0,    0,    0,    0,    0,    0,    0,    0,    0,    0,    0,    0,    0,    0,    0,  -15,    0,    0,    0,    0,    0,    0,    0,    0,  -14,    0,    0,    0,    0,    1,    0,  -27,    0,   -1,   -6,   -1,   -1,  -12,    0,   -2,    0,   -4,    0,   -1,   -1,   -1,    0,    0,   -6,   -1,  -11,  -11,    0,   -4,   -1,    0,   -4,    0,    0,    0,    0,    0,    0,    0,    0,   -1,   -1,   -1,   -1,   -1,   -1,   -1,   -1,    0,    0,    0,   -1,   -1,   -1,   -1,   -1,   -2,   -1,   -1,   -1,   -1,   -1,   -1,    0,    0,    0,    0,    0,    0,   -4,   -4,   -1,   -1,    0,    0,    0,  -14,   -1,    0,   -1,    0,    0,   -1,   -1,    0,    0,    0,    0,    0,    0,    0,    0,    0,    0,    0,    0,    0,    0,    0,    0,    0,    0,    0,    0,    0,    0,    0,    0,    0,    0,    0,    0,    0,    0,    0,    0,    0,    0,    0,    0,    0,    0,    0,    0,    0,    0,    0,    0,    0,    0,    0,    0,    0,    0,    0,    0,    0,    0,    0,    0,    0,    0,    0,    0,    0,    0,    0,   -1,   -1,    0,   -1,   -1,   -1,    0,  -45,  -13,    0,  -23,  -13,    0,    0,    0,    0,    0,    0,
       2,    0,  -20,    0,   -7,    0,  -18,    0,    0,    0,    0,    0,    0,    0,    0,    0,    0,    0,    0,    0,    0,    0,    0,    0,  -15,    0,    0,    0,    0,    0,    0,    0,    0,  -14,    0,    0,    0,    0,    1,    0,  -27,    0,   -1,   -6,   -1,   -1,   -4,    0,   -2,    0,   -4,    0,   -1,   -1,   -1,    0,    0,   -6,   -1,  -10,  -10,    0,   -4,   -1,    0,   -4,    0,    0,    0,    0,    0,    0,    0,    0,   -1,   -1,   -1,   -1,   -1,   -1,   -1,   -1,    0,    0,    0,   -1,   -1,   -1,   -1,   -1,   -2,   -1,   -1,   -1,   -1,   -1,   -1,    0,    0,    0,    0,    0,    0,   -4,   -4,   -1,   -1,    0,    0,    0,  -14,   -1,    0,   -1,    0,    0,   -1,   -1,    0,    0,    0,    0,    0,    0,    0,    0,    0,    0,    0,    0,    0,    0,    0,    0,    0,    0,    0,    0,    0,    0,    0,    0,    0,    0,    0,    0,    0,    0,    0,    0,    0,    0,    0,    0,    0,    0,    0,    0,    0,    0,    0,    0,    0,    0,    0,    0,    0,    0,    0,    0,    0,    0,    0,    0,    0,    0,    0,    0,    0,    0,    0,   -1,   -1,    0,   -1,   -1,   -1,    0,  -45,  -13,    0,  -23,  -13,    0,    0,    0,    0,    0,    0,
       0,    0,  -18,    0,   -7,    0,  -16,    0,   -3,    0,   -3,   -3,    0,    0,    0,    0,    0,    0,    0,    0,    0,    0,    0,    0,   -2,   -5,    0,    0,    0,    0,    0,    0,    0,  -12,    0,    0,    0,    0,    0,    0,  -25,    0,  -11,   -6,   -5,   -5,   -2,   -4,   -6,    0,    0,    0,   -5,    0,   -5,    0,   -2,   -2,    0,    0,    0,   -2,    0,   -5,    0,    0,    0,    0,    0,    0,    0,    0,    0,    0,   -5,   -5,   -5,   -5,   -5,   -5,   -5,   -5,    0,    0,    0,   -5,   -5,   -5,   -5,   -5,   -6,   -5,   -5,   -5,   -5,   -5,   -5,   -4,   -4,    0,    0,    0,    0,    0,   -7,   -5,   -5,    0,   -2,   -2,  -12,   -5,    0,   -5,    0,    0,   -5,   -5,    0,    0,    0,    0,    0,    0,    0,    0,    0,    0,    0,    0,    0,    0,    0,    0,    0,    0,    0,    0,    0,    0,    0,    0,    0,    0,    0,    0,    0,    0,    0,    0,    0,    0,    0,    0,    0,    0,    0,    0,    0,    0,    0,    0,    0,    0,    0,    0,    0,    0,    0,    0,    0,    0,    0,    0,    0,    0,    0,    0,    0,    0,    0,   -5,   -5,    0,   -5,   -5,   -5,    0,  -15,  -10,    0,  -15,  -10,    0,   -3,    0,    0,    0,    0,
       0,    0,  -27,    0,   -9,   -3,  -23,    0,   -4,    0,   -4,  -14,    0,    0,    0,    0,    0,    0,    0,    0,    0,    0,    0,    0,  -13,   -3,    0,    0,    0,    0,    0,    0,    0,   -7,    0,    0,    0,    0,    0,    0,  -28,    0,   -4,  -15,   -3,   -3,   -5,   -2,   -6,   -3,   -6,   -2,   -3,   -5,   -3,   -2,   -5,   -6,   -3,   -3,   -3,   -9,   -4,  -10,    0,    0,    0,    0,    0,    0,    0,    0,    0,   -6,   -3,   -3,   -3,   -3,   -3,   -3,   -3,   -3,   -3,   -3,   -3,   -3,   -3,   -3,   -3,   -3,   -6,   -3,   -3,   -3,   -3,   -3,   -3,   -2,   -2,   -3,   -3,   -3,    0,   -6,   -6,   -3,   -3,   -2,   -5,   -5,   -7,  -10,   -3,   -3,   -3,   -3,   -3,   -3,   -2,    0,    0,    0,    0,    0,    0,    0,    0,    0,    0,    0,    0,    0,    0,    0,    0,    0,    0,    0,    0,    0,    0,    0,    0,    0,    0,    0,    0,    0,    0,    0,    0,    0,    0,    0,    0,    0,    0,    0,    0,    0,    0,    0,    0,    0,    0,    0,    0,    0,    0,    0,    0,    0,    0,    0,    0,    0,    0,    0,    0,    0,    0,   -3,   -3,   -3,   -3,   -3,   -3,    0,  -23,  -14,    0,  -23,  -14,    0,   -4,    0,    0,    0,    0,
       0,    0,  -13,    0,   -5,    3,   -3,    0,  -18,    0,  -18,   -9,    0,    0,    0,    0,    0,    0,    0,    0,    0,    0,    0,    0,   -4,   -7,  -14,    0,    0,  -11,  -16,   -2,   -4,  -14,   -3,  -24,   -8,  -15,  -13,  -10,  -17,    0,   -2,   -2,   -2,   -2,   -2,   -2,   -2,    0,    0,    0,   -2,    0,   -2,    0,   -1,    0,    0,    0,    0,   -2,    1,   -7,    0,    0,    0,    0,    0,    0,    0,  -33,    0,    0,   -2,   -2,   -2,   -2,   -2,   -2,   -2,   -2,    0,    0,    0,   -2,   -2,   -2,   -2,   -2,    0,   -2,   -2,   -2,   -2,   -2,   -2,   -2,   -2,    0,    0,    0,   -5,    0,   -2,   -2,   -2,    0,   -1,   -1,  -14,   -7,    0,   -2,    0,    0,   -2,   -2,    0,    0,    0,    0,    0,    0,    0,    0,    0,    0,    0,    0,    0,    0,    0,    0,    0,    0,    0,    0,    0,    0,    0,    0,    0,    0,    0,    0,    0,    0,    0,    0,    0,    0,    0,    0,    0,    0,    0,    0,    0,    0,    0,    0,    0,    0,    0,    0,    0,    0,    0,    0,    0,    0,    0,    0,    0,    0,    0,    0,    0,    0,    0,   -2,   -2,    0,   -2,   -2,   -2,    0,   -6,   -6,    0,   -6,   -6,    0,  -18,    0,    0,    0,    0,
       0,   -1,  -11,    0,   -3,    0,   -4,  -13,  -89,  -88,  -89,  -32,    0,    0,    0,    0,    0,    0,    0,    0,    0,    0,  -67,  -13,  -13,    0,    0,    0,    0,    0,    0,    0,    0,    0,    0,    0,    0,    0,    0,    0,   -1,    0,  -41,   -1,  -41,  -41,   -2,  -76,   -1,  -18,  -23,  -20,  -41,  -49,  -83,  -43,  -78,  -19,  -46,  -24,  -48,  -25,  -33,  -62,    0,  -65,    0,    0,  -13,  -48,    0,    0,    0,    0,  -41,  -41,  -41,  -41,  -41,  -41,  -41,  -41,  -18,  -18,  -18,  -41,  -41,  -41,  -41,  -41,   -1,  -41,  -41,  -41,  -81,  -41,  -80,  -31,  -31,  -18,  -18,  -18,    0,  -23,    4,  -41,  -41,  -20,  -78,  -73,    0,  -60,  -18,  -41,  -18,  -18,  -41,  -41,  -20,    0,    0,    0,    0,    0,    0,    0,    0,    0,    0,    0,    0,    0,    0,    0,    0,    0,    0,    0,    0,    0,    0,    0,    0,    0,    0,    0,    0,    0,    0,    0,    0,    0,    0,    0,    0,    0,    0,    0,    0,    0,    0,    0,    0,    0,    0,    0,    0,    0,    0,    0,    0,    0,    0,    0,    0,    0,    0,    0,    0,    0,    0,  -41,  -41,  -18,  -41,  -41,  -41,  -88,  -30,  -13,    0,  -30,  -13,  -15,  -89,    0,    0,    0,    0,
       0,    0,  -31,    0,    0,    0,  -33,    0,    0,    0,    0,    0,    0,    0,    0,    0,    0,    0,    0,    0,    0,    0,    0,    0,  -22,    0,    0,   -5,    0,   -8,   -4,    0,   -1,  -28,  -10,  -32,  -30,    0,  -34,   -4,  -29,    0,   -1,  -12,   -1,   -1,   -6,    0,   -5,   -5,   -5,   -5,   -1,   -5,   -1,   -5,   -2,   -7,   -5,   -6,   -6,   -1,  -12,   -4,    0,    0,    0,    0,   -2,    0,    0,    0,    0,    0,   -1,   -1,   -1,   -1,   -1,   -1,   -1,   -1,   -5,   -5,   -5,   -1,   -1,   -1,   -1,   -1,  -10,   -1,   -1,   -1,   -1,   -1,   -1,    0,    0,   -5,   -5,   -5,   -8,   -5,   -5,   -1,   -1,   -5,   -2,   -2,  -28,   -4,   -5,   -1,   -5,   -5,   -1,   -1,   -5,    0,    0,    0,    0,    0,    0,    0,    0,    0,    0,    0,    0,    0,    0,    0,    0,    0,    0,    0,    0,    0,    0,    0,    0,    0,    0,    0,    0,    0,    0,    0,    0,    0,    0,    0,    0,    0,    0,    0,    0,    0,    0,    0,    0,    0,    0,    0,    0,    0,    0,    0,    0,    0,    0,    0,    0,    0,    0,    0,    0,    0,    0,   -1,   -1,   -5,   -1,   -1,   -1,    0,  -38,  -31,    0,  -38,  -55,    0,    0,    0,    0,    0,    0,
       0,    0,  -62,    0,    0,    0,  -33,    0,    0,    0,    0,    0,    0,    0,    0,    0,    0,    0,    0,    0,    0,    0,    0,    0,   -5,    0,    0,   -5,    0,   -8,   -4,    0,   -1,  -37,  -10,  -37,  -33,    0,  -39,   -4,  -29,    0,   -1,  -12,   -1,   -1,   -6,    0,   -5,   -5,   -5,   -5,   -1,   -5,   -1,   -5,   -2,   -7,   -5,   -6,   -6,   -1,  -12,   -4,    0,    0,    0,    0,   -2,    0,    0,    0,    0,    0,   -1,   -1,   -1,   -1,   -1,   -1,   -1,   -1,   -5,   -5,   -5,   -1,   -1,   -1,   -1,   -1,  -10,   -1,   -1,   -1,   -1,   -1,   -1,    0,    0,   -5,   -5,   -5,   -8,   -5,   -5,   -1,   -1,   -5,   -2,   -2,  -39,   -4,   -5,   -1,   -5,   -5,   -1,   -1,   -5,    0,    0,    0,    0,    0,    0,    0,    0,    0,    0,    0,    0,    0,    0,    0,    0,    0,    0,    0,    0,    0,    0,    0,    0,    0,    0,    0,    0,    0,    0,    0,    0,    0,    0,    0,    0,    0,    0,    0,    0,    0,    0,    0,    0,    0,    0,    0,    0,    0,    0,    0,    0,    0,    0,    0,    0,    0,    0,    0,    0,    0,    0,   -1,   -1,   -5,   -1,   -1,   -1,    0,  -53,  -48,    0,  -51,  -48,    0,    0,    0,    0,    0,    0,
       0,   -1,  -11,    0,   -3,    0,   -4,  -12,  -88,  -88,  -88,  -32,    0,    0,    0,    0,    0,    0,    0,    0,    0,    0,  -67,  -12,  -13,    0,    0,    0,    0,    0,    0,    0,    0,    0,    0,    0,    0,    0,    0,    0,   -1,    0,  -41,   -1,  -82,  -82,   -2,  -75,   -1,  -19,  -24,  -20,  -41,  -48,  -82,  -43,  -39,  -19,  -23,  -52,  -53,  -24,  -40,  -61,    0,  -64,    0,    0,  -12,  -48,    0,    0,    0,    0,  -41,  -41,  -41,  -41,  -41,  -41,  -41,  -41,  -19,  -19,  -19,  -41,  -41,  -41,  -41,  -41,   -1,  -41,  -41,  -41,  -81,  -41,  -80,  -31,  -31,  -19,  -19,  -19,    0,  -24,    4,  -41,  -41,  -20,  -78,  -73,    0,  -59,  -19,  -41,  -19,  -19,  -41,  -41,  -20,    0,    0,    0,    0,    0,    0,    0,    0,    0,    0,    0,    0,    0,    0,    0,    0,    0,    0,    0,    0,    0,    0,    0,    0,    0,    0,    0,    0,    0,    0,    0,    0,    0,    0,    0,    0,    0,    0,    0,    0,    0,    0,    0,    0,    0,    0,    0,    0,    0,    0,    0,    0,    0,    0,    0,    0,    0,    0,    0,    0,    0,    0,  -41,  -41,  -19,  -41,  -41,  -41,  -88,  -29,  -13,    0,  -29,  -13,  -14,  -88,    0,    0,    0,    0,
       0,    0,  -11,    0,   -3,    0,   -3,  -13,  -13,  -13,  -13,    0,    0,    0,    0,    0,    0,    0,    0,    0,    0,    0,  -13,  -13,   -3,    0,    0,    0,    0,    0,    0,    0,    0,    0,    0,    0,    0,    0,    0,    0,   -1,    0,   -2,   -1,   -2,   -2,   -2,    0,   -1,    1,   -5,    9,   -2,    9,   -2,    9,    0,   -1,   -3,   -1,   -1,    1,    9,    0,    0,   -3,    0,    0,  -14,    1,    0,    0,    0,    0,   -2,   -2,   -2,   -2,   -2,   -2,   -2,   -2,    1,    1,    1,   -2,   -2,   -2,   -2,   -2,   -1,   -2,   -2,   -2,   -2,   -2,   -2,    0,    0,    1,    1,    1,    0,   -5,    4,   -2,   -2,    9,    0,    0,    0,    0,    1,   -2,    1,    1,   -2,   -2,    9,    0,    0,    0,    0,    0,    0,    0,    0,    0,    0,    0,    0,    0,    0,    0,    0,    0,    0,    0,    0,    0,    0,    0,    0,    0,    0,    0,    0,    0,    0,    0,    0,    0,    0,    0,    0,    0,    0,    0,    0,    0,    0,    0,    0,    0,    0,    0,    0,    0,    0,    0,    0,    0,    0,    0,    0,    0,    0,    0,    0,    0,    0,   -2,   -2,    1,   -2,   -2,   -2,  -13,  -11,  -10,    0,  -11,  -10,  -13,  -13,    0,    0,    0,    0,
       0,    0,   -7,    0,   -3,    0,   -6,    0,   -7,    0,   -7,   -3,    0,    0,    0,    0,    0,    0,    0,    0,    0,    0,    0,    0,    0,    0,   -6,    0,   -1,   -4,  -11,    0,   -2,   -6,   -2,   -5,   -2,   -4,   -5,   -5,    0,    0,    0,   -2,    0,    0,   -7,    0,   -2,   -2,   -2,   -2,    0,   -2,    0,   -2,   -1,   -4,   -1,   -4,   -4,   -6,   -2,   -5,    0,    0,    0,    0,    0,    0,    0,   -6,    0,    0,    0,    0,    0,    0,    0,    0,    0,    0,   -2,    1,   -2,    0,    0,    0,    0,    0,   -2,    0,    0,    0,    0,    0,    0,    0,    0,   -2,   -2,   -2,   -4,   -2,   -2,    0,    0,   -2,   -1,   -1,   -6,   -5,   -2,    0,   -2,   -2,    0,    0,   -2,    0,    0,    0,    0,    0,    0,    0,    0,    0,    0,    0,    0,    0,    0,    0,    0,    0,    0,    0,    0,    0,    0,    0,    0,    0,    0,    0,    0,    0,    0,    0,    0,    0,    0,    0,    0,    0,    0,    0,    0,    0,    0,    0,    0,    0,    0,    0,    0,    0,    0,    0,    0,    0,    0,    0,    0,    0,    0,    0,    0,    0,    0,    0,    0,   -2,    0,    0,    0,    0,    0,    0,    0,    0,    0,    0,   -7,    0,    0,    0,    0,
       0,   -1,   -1,    0,   -7,    0,  -11,    0,  -11,  -20,  -11,  -19,    0,    0,    0,    0,    0,    0,    0,    0,    0,    0,   -1,    0,  -22,   -1,    0,    0,    0,    0,    0,    0,    0,    0,    0,    0,    0,    0,    0,    0,   -1,    0,   -8,    9,   -8,   -8,   -2,   -1,    4,    0,    0,   -4,   -8,   -4,   -8,   -4,   -6,   -6,   -7,   -1,   -1,    0,    0,   -3,    0,  -11,    0,    0,   -4,   -2,    0,    0,    0,    0,   -8,   -8,   -8,   -8,   -8,   -8,   -8,   -8,    0,    0,    0,   -8,   -8,   -8,   -8,   -8,    4,   -8,   -8,   -8,  -15,   -8,   -8,   -1,   -1,    0,    0,    0,    0,    0,    4,   -8,   -8,   -4,   -6,   -8,    0,   -3,    0,   -8,    0,    0,   -8,   -8,   -4,    0,    0,    0,    0,    0,    0,    0,    0,    0,    0,    0,    0,    0,    0,    0,    0,    0,    0,    0,    0,    0,    0,    0,    0,    0,    0,    0,    0,    0,    0,    0,    0,    0,    0,    0,    0,    0,    0,    0,    0,    0,    0,    0,    0,    0,    0,    0,    0,    0,    0,    0,    0,    0,    0,    0,    0,    0,    0,    0,    0,    0,    0,   -8,   -8,    0,   -8,   -8,   -8,  -20,   -7,   -9,    0,   -7,   -9,    0,  -11,    0,    0,    0,    0,
       0,    0,    0,    0,    0,    0,    0,    0,  -52,  -38,  -52,  -29,    0,    0,    0,    0,    0,    0,    0,    0,    0,    0,    0,    0,    0,    0,  -46,  -17,    0,    0,   -3,    0,   -9,    0,    0,    2,    0,    0,    2,   -9,    0,    0,  -37,    2,  -37,  -37,  -13,  -39,    2,    0,    0,  -10,  -37,  -10,  -37,  -10,  -36,  -10,  -11,   -8,   -8,  -15,   -7,  -23,    0,  -32,    0,    0,    0,  -23,    0,  -46,    0,    0,  -37,  -37,  -37,  -37,  -37,  -37,  -37,  -37,    0,    0,    0,  -37,  -37,  -37,  -37,  -37,    2,  -37,  -37,  -37,  -37,  -37,  -37,  -39,  -39,    0,    0,    0,    0,    0,    2,  -37,  -37,  -10,  -36,  -36,    0,  -23,    0,  -37,    0,    0,  -37,  -37,  -10,    0,    0,    0,    0,    0,    0,    0,    0,    0,    0,    0,    0,    0,    0,    0,    0,    0,    0,    0,    0,    0,    0,    0,    0,    0,    0,    0,    0,    0,    0,    0,    0,    0,    0,    0,    0,    0,    0,    0,    0,    0,    0,    0,    0,    0,    0,    0,    0,    0,    0,    0,    0,    0,    0,    0,    0,    0,    0,    0,    0,    0,    0,  -37,  -37,    0,  -37,  -37,  -37,  -38,    0,    0,    0,    0,    0,    0,  -52,    0,    0,    0,    0,
       0,    0,    1,    0,    0,    0,    0,    0,  -38,   -7,  -38,  -25,    0,    0,    0,    0,    0,    0,    0,    0,    0,    0,  -13,    0,    1,   -6,    0,    0,    0,    0,    0,    0,    0,    0,    0,    0,    0,    0,    0,    0,   -1,    0,  -19,    0,  -19,  -19,    0,   -8,    0,    3,    0,    1,  -19,    1,  -19,    1,  -13,    0,    3,    2,    2,   -1,    3,   -5,    0,  -20,    0,    0,    0,   -7,    0,    0,    0,    0,  -19,  -19,  -19,  -19,  -19,  -19,  -19,  -19,    3,    3,    3,  -19,  -19,  -19,  -19,  -19,    0,  -19,  -19,  -19,  -19,  -19,  -19,   -8,   -8,    3,    3,    3,    0,    0,    0,  -19,  -19,    1,  -13,  -13,    0,   -5,    3,  -19,    3,    3,  -19,  -19,    1,    0,    0,    0,    0,    0,    0,    0,    0,    0,    0,    0,    0,    0,    0,    0,    0,    0,    0,    0,    0,    0,    0,    0,    0,    0,    0,    0,    0,    0,    0,    0,    0,    0,    0,    0,    0,    0,    0,    0,    0,    0,    0,    0,    0,    0,    0,    0,    0,    0,    0,    0,    0,    0,    0,    0,    0,    0,    0,    0,    0,    0,    0,  -19,  -19,    3,  -19,  -19,  -19,   -7,    1,    2,    0,    1,    2,    0,  -38,    0,    0,    0,    0,
       0,    0,    0,    0,    0,    0,    1,    0,  -47,  -37,  -47,  -30,    0,    0,    0,    0,    0,    0,    0,    0,    0,    0,  -18,    0,    2,    0,  -36,  -12,    0,    0,   -5,    0,   -7,    0,    0,    3,    0,    0,    0,   -4,    0,    0,  -37,    0,  -37,  -37,   -9,  -38,    0,    0,    0,   -3,  -37,   -3,  -37,   -3,  -31,   -7,   -7,   -3,   -3,  -10,   -1,  -20,    0,  -33,    4,    0,    0,  -16,    0,  -36,    0,    0,  -37,  -37,  -37,  -37,  -37,  -37,  -37,  -37,    0,    0,    0,  -37,  -37,  -37,  -37,  -37,    0,  -37,  -37,  -37,  -37,  -37,  -37,  -38,  -38,    0,    0,    0,    0,    0,    0,  -37,  -37,   -3,  -31,  -31,    0,  -20,    0,  -37,    0,    0,  -37,  -37,   -3,    0,    0,    0,    0,    0,    0,    0,    0,    0,    0,    0,    0,    0,    0,    0,    0,    0,    0,    0,    0,    0,    0,    0,    0,    0,    0,    0,    0,    0,    0,    0,    0,    0,    0,    0,    0,    0,    0,    0,    0,    0,    0,    0,    0,    0,    0,    0,    0,    0,    0,    0,    0,    0,    0,    0,    0,    0,    0,    0,    0,    0,    0,  -37,  -37,    0,  -37,  -37,  -37,  -37,    0,    0,    0,    0,    0,    0,  -47,    0,    0,    0,    0,
       0,   -1,    1,    0,   -4,    0,    0,    0,  -34,  -26,  -34,  -19,    0,    0,    0,    0,    0,    0,    0,    0,    0,    0,  -14,    0,    1,  -34,    0,    0,    0,    0,    0,    0,    0,    0,    0,    0,    0,    0,    1,    0,    0,    0,  -20,    0,  -20,  -20,    0,  -10,    0,    0,    0,    3,  -20,    3,  -20,    3,  -14,    0,    3,    1,    1,    0,    0,  -11,    0,  -31,    0,    0,    0,  -12,    0,    0,    0,    0,  -20,  -20,  -20,  -20,  -20,  -20,  -20,  -20,    0,    0,    0,  -20,  -20,  -20,  -20,  -20,    0,  -20,  -20,  -20,  -20,  -20,  -20,  -10,  -10,    0,    0,    0,    0,    0,    0,  -20,  -20,    3,  -14,  -14,    0,  -11,    0,  -20,    0,    0,  -20,  -20,    3,    0,    0,    0,    0,    0,    0,    0,    0,    0,    0,    0,    0,    0,    0,    0,    0,    0,    0,    0,    0,    0,    0,    0,    0,    0,    0,    0,    0,    0,    0,    0,    0,    0,    0,    0,    0,    0,    0,    0,    0,    0,    0,    0,    0,    0,    0,    0,    0,    0,    0,    0,    0,    0,    0,    0,    0,    0,    0,    0,    0,    0,    0,  -20,  -20,    0,  -20,  -20,  -20,  -26,    0,    0,    0,    0,    0,    0,  -34,    0,    0,    0,    0,
       0,    0,    0,    0,    0,    0,  -19,    0,    0,    0,    0,    0,    0,    0,    0,    0,    0,    0,    0,    0,    0,    0,    0,    0,    0,    0,    0,   -5,    0,   -6,    0,    0,    0,  -25,   -6,  -27,  -26,    0,  -25,    0,   -2,    0,    0,   -1,    0,    0,    0,    0,   -1,    0,    0,    0,    0,    0,    0,    0,    0,    0,    0,    0,    0,    0,    0,    0,    0,    0,    0,    0,    0,    0,    0,    0,    0,    0,    0,    0,    0,    0,    0,    0,    0,    0,    0,    0,    0,    0,    0,    0,    0,    0,   -1,    0,    0,    0,    0,    0,    0,    0,    0,    0,    0,    0,   -6,    0,   -1,    0,    0,    0,    0,    0,  -25,    0,    0,    0,    0,    0,    0,    0,    0,    0,    0,    0,    0,    0,    0,    0,    0,    0,    0,    0,    0,    0,    0,    0,    0,    0,    0,    0,    0,    0,    0,    0,    0,    0,    0,    0,    0,    0,    0,    0,    0,    0,    0,    0,    0,    0,    0,    0,    0,    0,    0,    0,    0,    0,    0,    0,    0,    0,    0,    0,    0,    0,    0,    0,    0,    0,    0,    0,    0,    0,    0,    0,    0,    0,    0,    0,    0,    0,   -1,    0,    0,   -1,    0,    0,    0,    0,    0,    0,    0,
       0,    0,    0,    0,    0,    0,    0,    0,    0,    0,    0,    0,    0,    0,    0,    0,    0,    0,    0,    0,    0,    0,    0,    0,    0,    0,    0,    0,    0,    0,    0,    0,    0,    0,    0,    0,    0,    0,    0,    0,    0,    0,    0,    0,    0,    0,    0,    0,    0,    0,    0,    0,    0,    0,    0,    0,    0,    0,    0,    0,    0,    0,    0,    0,    0,    0,    0,    0,    0,    0,    0,    0,    0,    0,    0,    0,    0,    0,    0,    0,    0,    0,    0,    0,    0,    0,    0,    0,    0,    0,    0,    0,    0,    0,    0,    0,    0,    0,    0,    0,    0,    0,    0,    0,    0,    0,    0,    0,    0,    0,    0,    0,    0,    0,    0,    0,    0,    0,    0,    0,    0,    0,    0,  -15,    0,    0,    0,    0,    0,    0,    0,    0,    0,  -17,    0,    0,    0,    0,    0,    0,    0,    0,    0,    0,    0,    0,    0,    0,    0,    0,    0,    0,    0,    0,    0,    0,    0,    0,    0,    0,    0,    0,    0,    0,    0,    0,    0,    0,    0,    0,    0,    0,    0,    0,    0,  -15,    0,  -15,    0,    0,    0,    0,    0,    0,    0,    0,    0,    0,    0,    0,    0,    0,    0,    0,    0,    0,    0,    0,    0,
       0,    0,    0,    0,    0,    0,    0,    0,  -47,  -24,  -47,    0,    0,    0,    0,    0,    0,    0,    0,    0,    0,    0,  -20,    0,    0,    0,    0,    0,    0,    0,    0,    0,    0,    0,    0,    0,    0,    0,    0,    0,    0,    0,    0,    0,    0,    0,    0,    0,    0,    0,    0,    0,    0,    0,    0,    0,    0,    0,    0,    0,    0,    0,    0,    0,    0,    0,    0,    0,    0,   -7,    0,    0,    0,    0,    0,    0,    0,    0,    0,    0,    0,    0,    0,    0,    0,    0,    0,    0,    0,    0,    0,    0,    0,    0,    0,    0,    0,    0,    0,    0,    0,    0,    0,    0,    0,    0,    0,    0,    0,    0,    0,    0,    0,    0,    0,    0,    0,    0,    0,    0,  -15,    0,  -24,    0,  -27,  -18,  -13,   -5,   -7,   -7,    0,   -7,    0,   -4,    0,   -7,  -20,  -22,   -8,  -36,  -13,  -17,  -52,    0,  -40,  -13,  -25,  -34,  -24,  -22,   -2,   -7,    2,  -24,   -2,   -3,  -27,   -5,  -24,  -17,  -24,    0,  -24,  -20,  -22,   -3,    0,  -25,    0,    0,  -45,    0,  -35,  -13,    0,    0,   -5,    0,   -5,    0,  -24,    0,    0,    0,    0,    0,    0,  -24,    0,    0,    0,    0,    0,    0,  -47,    0,    0,    0,    0,
       0,    0,    0,    0,    0,    0,    0,    0,    0,    0,    0,    0,    0,    0,    0,    0,    0,    0,    0,    0,    0,    0,    0,    0,    0,    0,    0,    0,    0,    0,    0,    0,    0,    0,    0,    0,    0,    0,    0,    0,    0,    0,    0,    0,    0,    0,    0,    0,    0,    0,    0,    0,    0,    0,    0,    0,    0,    0,    0,    0,    0,    0,    0,    0,    0,    0,    0,    0,    0,    0,    0,    0,    0,    0,    0,    0,    0,    0,    0,    0,    0,    0,    0,    0,    0,    0,    0,    0,    0,    0,    0,    0,    0,    0,    0,    0,    0,    0,    0,    0,    0,    0,    0,    0,    0,    0,    0,    0,    0,    0,    0,    0,    0,    0,    0,    0,    0,    0,    0,    0,    0,    0,    0,    0,   -7,    0,    0,    0,   -3,    0,    0,    0,    0,    0,    0,    0,    0,    0,    0,    0,    0,    0,    0,    0,    0,    0,    0,    0,    0,    0,    0,    0,    0,    0,    0,    0,    0,    0,    0,    0,    0,    0,    0,    0,    0,    0,    0,    0,    0,    0,    0,    0,    0,    0,    0,    0,    0,    0,    0,    0,    0,    0,    0,    0,    0,    0,    0,    0,    0,    0,    0,    0,    0,    0,    0,    0,    0,    0,    0,
       0,    0,    0,    0,    0,    0,    0,    0,    0,    0,    0,    0,    0,    0,    0,    0,    0,    0,    0,    0,    0,    0,    0,    0,    0,    0,    0,    0,    0,    0,    0,    0,    0,    0,    0,    0,    0,    0,    0,    0,    0,    0,    0,    0,    0,    0,    0,    0,    0,    0,    0,    0,    0,    0,    0,    0,    0,    0,    0,    0,    0,    0,    0,    0,    0,    0,    0,    0,    0,    0,    0,    0,    0,    0,    0,    0,    0,    0,    0,    0,    0,    0,    0,    0,    0,    0,    0,    0,    0,    0,    0,    0,    0,    0,    0,    0,    0,    0,    0,    0,    0,    0,    0,    0,    0,    0,    0,    0,    0,    0,    0,    0,    0,    0,    0,    0,    0,    0,    0,    0,    0,    0,    0,    0,    0,    0,    0,    0,    0,    0,    0,    0,    0,    0,    0,   -3,    0,    0,    0,    0,    0,    0,    0,    0,    0,    0,    0,    0,    0,    0,    0,    0,    0,    0,    0,    0,    0,    0,    0,    0,    0,    0,    0,    0,    0,    0,    0,    0,    0,    0,    0,    0,    0,    0,    0,    0,    0,    0,    0,    0,    0,    0,    0,    0,    0,    0,    0,    0,    0,    0,    0,    0,    0,    0,    0,    0,    0,    0,    0,
       0,    0,    0,    0,    0,    0,    0,    0,    0,    0,    0,    0,    0,    0,    0,    0,    0,    0,    0,    0,    0,    0,    0,    0,    0,    0,    0,    0,    0,    0,    0,    0,    0,    0,    0,    0,    0,    0,    0,    0,    0,    0,    0,    0,    0,    0,    0,    0,    0,    0,    0,    0,    0,    0,    0,    0,    0,    0,    0,    0,    0,    0,    0,    0,    0,    0,    0,    0,    0,    0,    0,    0,    0,    0,    0,    0,    0,    0,    0,    0,    0,    0,    0,    0,    0,    0,    0,    0,    0,    0,    0,    0,    0,    0,    0,    0,    0,    0,    0,    0,    0,    0,    0,    0,    0,    0,    0,    0,    0,    0,    0,    0,    0,    0,    0,    0,    0,    0,    0,    0,    0,    0,  -14,    0,  -13,    0,    0,   -3,    0,    0,    0,    0,    0,    0,    0,    0,    0,    0,    0,    0,    0,    0,    0,    0,    0,    0,    0,    0,    0,    0,    0,    0,    0,    0,    0,    0,    0,    0,    0,    0,    0,    0,    0,    0,    0,    0,    0,    0,    0,    0,    0,    0,    0,    0,    0,    0,    0,    0,    0,    0,    0,    0,    0,    0,    0,    0,    0,    0,    0,    0,    0,    0,    0,    0,    0,    0,    0,    0,    0,
       0,    0,    0,    0,    0,    0,    0,    0,    0,   20,    0,    0,    0,    0,    0,    0,    0,    0,    0,    0,    0,    0,    0,    0,    0,    0,    0,    0,    0,    0,    0,    0,    0,    0,    0,    0,    0,    0,    0,    0,    0,    0,    0,    0,    0,    0,    0,    0,    0,    0,    0,    0,    0,    0,    0,    0,    0,    0,    0,    0,    0,    0,    0,    0,    0,    0,    0,    0,    0,    0,    0,    0,    0,    0,    0,    0,    0,    0,    0,    0,    0,    0,    0,    0,    0,    0,    0,    0,    0,    0,    0,    0,    0,    0,    0,    0,    0,    0,    0,    0,    0,    0,    0,    0,    0,    0,    0,    0,    0,    0,    0,    0,    0,    0,    0,    0,    0,    0,    0,  -17,    0,    0,    0,  -13,    0,    0,    0,    0,    0,    0,  -17,    0,    0,  -20,  -17,    0,    0,    0,    0,    0,    0,    0,    0,    0,    0,    0,    0,    0,    0,    0,    0,    0,    0,    0,    0,    0,    0,    0,    0,    0,    0,    0,    0,    0,    0,    0,    0,    0,    0,  -24,    0,    0,    0,    0,    0,  -37,    0,  -34,    0,    0,    0,    0,    0,    0,    0,    0,    0,   40,    0,    0,    0,    0,    0,    0,    0,    0,    0,    0,    0,
       0,    0,    0,    0,    0,    0,    0,    0,    0,    0,    0,    0,    0,    0,    0,    0,    0,    0,    0,    0,    0,    0,    0,    0,    0,    0,    0,    0,    0,    0,    0,    0,    0,    0,    0,    0,    0,    0,    0,    0,    0,    0,    0,    0,    0,    0,    0,    0,    0,    0,    0,    0,    0,    0,    0,    0,    0,    0,    0,    0,    0,    0,    0,    0,    0,    0,    0,    0,    0,    0,    0,    0,    0,    0,    0,    0,    0,    0,    0,    0,    0,    0,    0,    0,    0,    0,    0,    0,    0,    0,    0,    0,    0,    0,    0,    0,    0,    0,    0,    0,    0,    0,    0,    0,    0,    0,    0,    0,    0,    0,    0,    0,    0,    0,    0,    0,    0,    0,    0,    0,    0,    0,    0,  -20,    0,    0,    0,    0,    0,    0,    0,   -7,    0,  -35,    0,    0,    0,    0,    0,    0,    0,    0,    0,    0,    0,    0,    0,    0,    0,    0,    0,    0,    0,    0,    0,    0,    0,    0,    0,    0,    0,    0,    0,    0,    0,    0,    0,    0,    0,    0,    0,    0,    0,    0,    0,  -20,    0,  -20,    0,    0,    0,    0,    0,    0,    0,    0,    0,    0,    0,    0,    0,    0,    0,    0,    0,    0,    0,    0,    0,
       0,    0,    0,    0,    0,    0,    0,    0,    0,    0,    0,    0,    0,    0,    0,    0,    0,    0,    0,    0,    0,    0,    0,    0,    0,    0,    0,    0,    0,    0,    0,    0,    0,    0,    0,    0,    0,    0,    0,    0,    0,    0,    0,    0,    0,    0,    0,    0,    0,    0,    0,    0,    0,    0,    0,    0,    0,    0,    0,    0,    0,    0,    0,    0,    0,    0,    0,    0,    0,    0,    0,    0,    0,    0,    0,    0,    0,    0,    0,    0,    0,    0,    0,    0,    0,    0,    0,    0,    0,    0,    0,    0,    0,    0,    0,    0,    0,    0,    0,    0,    0,    0,    0,    0,    0,    0,    0,    0,    0,    0,    0,    0,    0,    0,    0,    0,    0,    0,    0,    0,   -7,    0,    0,  -10,    7,    0,    0,    0,    0,   -7,  -20,  -13,    0,  -13,  -10,    0,    0,   -2,   -3,    0,    0,    0,    0,    0,    0,    0,    0,    0,    0,    0,    0,    0,   -3,    0,    0,   -7,    0,   -7,    0,    0,    0,    0,    0,    0,    0,    0,    0,    0,    0,    0,    0,    0,    0,    0,    0,  -10,    0,  -10,    0,    0,    0,    0,    0,    0,    0,    0,    0,    0,    0,    0,    0,    0,    0,    0,    0,    0,    0,    0,    0,
       0,    0,    0,    0,    0,    0,    0,    0,  -44,    0,  -44,    0,    0,    0,    0,    0,    0,    0,    0,    0,    0,    0,  -13,    0,    0,    0,    0,    0,    0,    0,    0,    0,    0,    0,    0,    0,    0,    0,    0,    0,    0,    0,    0,    0,    0,    0,    0,    0,    0,    0,    0,    0,    0,    0,    0,    0,    0,    0,    0,    0,    0,    0,    0,    0,    0,    0,    0,    0,    0,  -13,    0,    0,    0,    0,    0,    0,    0,    0,    0,    0,    0,    0,    0,    0,    0,    0,    0,    0,    0,    0,    0,    0,    0,    0,    0,    0,    0,    0,    0,    0,    0,    0,    0,    0,    0,    0,    0,    0,    0,    0,    0,    0,    0,    0,    0,    0,    0,    0,    0,    7,   -8,    0,  -27,    0,  -37,  -18,   -6,    0,    0,   -8,    7,  -13,    0,    0,    7,   -7,  -24,  -29,    0,  -31,   -7,  -17,    0,  -20,  -41,   -7,  -35,  -34,    0,   -7,  -12,    0,   -9,    0,  -17,  -13,   -7,  -11,  -13,  -26,    0,    0,    0,  -24,   -7,   -7,    0,  -35,    0,    7,  -43,  -20,  -38,   -7,  -20,    0,    0,    0,    0,    0,    0,    0,    0,    0,    0,    0,    0,    0,    0,    0,    0,    0,    0,    0,  -44,    0,    0,    0,    0,
       0,    0,    0,    0,    0,    0,    0,    0,    0,    0,    0,    0,    0,    0,    0,    0,    0,    0,    0,    0,    0,    0,    0,    0,    0,    0,    0,    0,    0,    0,    0,    0,    0,    0,    0,    0,    0,    0,    0,    0,    0,    0,    0,    0,    0,    0,    0,    0,    0,    0,    0,    0,    0,    0,    0,    0,    0,    0,    0,    0,    0,    0,    0,    0,    0,    0,    0,    0,    0,    0,    0,    0,    0,    0,    0,    0,    0,    0,    0,    0,    0,    0,    0,    0,    0,    0,    0,    0,    0,    0,    0,    0,    0,    0,    0,    0,    0,    0,    0,    0,    0,    0,    0,    0,    0,    0,    0,    0,    0,    0,    0,    0,    0,    0,    0,    0,    0,    0,    0,  -24,  -11,   -7,    6,  -20,    0,    0,    3,    0,    0,  -11,  -20,  -14,    0,  -35,  -24,   -3,    7,   -3,    0,   -8,   -8,   -7,    0,    0,   -7,   -8,    0,   -8,    0,   -8,    0,    0,  -12,    0,    0,  -17,   -8,  -12,   -3,   -3,    0,  -20,    0,    0,   -8,   -8,    0,    0,  -20,  -44,    3,    0,   -8,   -8,    0,  -60,    0,  -59,    0,  -10,    0,    0,    0,    0,    0,    0,    0,    0,    0,    0,    0,    0,    0,    0,    0,    0,    0,    0,    0,
       0,    0,    0,    0,    0,    0,    0,    0,   -7,    0,   -7,    0,    0,    0,    0,    0,    0,    0,    0,    0,    0,    0,    0,    0,    0,    0,    0,    0,    0,    0,    0,    0,    0,    0,    0,    0,    0,    0,    0,    0,    0,    0,    0,    0,    0,    0,    0,    0,    0,    0,    0,    0,    0,    0,    0,    0,    0,    0,    0,    0,    0,    0,    0,    0,    0,    0,    0,    0,    0,    0,    0,    0,    0,    0,    0,    0,    0,    0,    0,    0,    0,    0,    0,    0,    0,    0,    0,    0,    0,    0,    0,    0,    0,    0,    0,    0,    0,    0,    0,    0,    0,    0,    0,    0,    0,    0,    0,    0,    0,    0,    0,    0,    0,    0,    0,    0,    0,    0,    0,   -5,    0,    0,    0,   -7,   -7,   -2,    0,    0,    0,    0,   -3,    0,   -4,  -12,   -5,    0,    0,    0,    0,    0,    0,    0,    0,    0,    0,    0,    0,    0,    0,    0,    0,    0,    0,    0,    0,    0,    0,    3,    0,    0,    0,    0,    0,    0,    0,    0,    0,    0,    0,   -5,    0,    0,    0,    0,    0,  -10,    0,   -8,    0,    0,    0,    0,    0,    0,    0,    0,    0,    0,    0,    0,    0,    0,    0,    0,   -7,    0,    0,    0,    0,
       0,    0,    0,    0,    0,    0,    0,    0,   -7,    0,   -7,    0,    0,    0,    0,    0,    0,    0,    0,    0,    0,    0,    0,    0,    0,    0,    0,    0,    0,    0,    0,    0,    0,    0,    0,    0,    0,    0,    0,    0,    0,    0,    0,    0,    0,    0,    0,    0,    0,    0,    0,    0,    0,    0,    0,    0,    0,    0,    0,    0,    0,    0,    0,    0,    0,    0,    0,    0,    0,    0,    0,    0,    0,    0,    0,    0,    0,    0,    0,    0,    0,    0,    0,    0,    0,    0,    0,    0,    0,    0,    0,    0,    0,    0,    0,    0,    0,    0,    0,    0,    0,    0,    0,    0,    0,    0,    0,    0,    0,    0,    0,    0,    0,    0,    0,    0,    0,    0,    0,    0,    0,    0,    0,   -8,    0,    0,    0,    0,    0,    0,    0,    0,    0,   -8,    0,    0,    0,    0,    0,    3,    3,    0,    0,    0,    0,    3,    0,   -2,    0,    3,    0,    0,    0,    0,    0,    0,    3,    0,    0,    0,    0,    0,    0,    0,    3,    3,    0,    0,    0,    0,    0,    0,    3,    3,    0,   -8,    0,   -8,    0,    0,    0,    0,    0,    0,    0,    0,    0,    0,    0,    0,    0,    0,    0,    0,   -7,    0,    0,    0,    0,
       0,    0,    0,    0,    0,    0,    0,    0,    0,    0,    0,    0,    0,    0,    0,    0,    0,    0,    0,    0,    0,    0,    0,    0,    0,    0,    0,    0,    0,    0,    0,    0,    0,    0,    0,    0,    0,    0,    0,    0,    0,    0,    0,    0,    0,    0,    0,    0,    0,    0,    0,    0,    0,    0,    0,    0,    0,    0,    0,    0,    0,    0,    0,    0,    0,    0,    0,    0,    0,   -7,    0,    0,    0,    0,    0,    0,    0,    0,    0,    0,    0,    0,    0,    0,    0,    0,    0,    0,    0,    0,    0,    0,    0,    0,    0,    0,    0,    0,    0,    0,    0,    0,    0,    0,    0,    0,    0,    0,    0,    0,    0,    0,    0,    0,    0,    0,    0,    0,    0,   -3,   -3,    0,    0,   -8,   -2,    0,    0,   -1,   -3,   -3,   -5,   -7,    0,  -10,   -3,    0,    0,   -3,    0,   -3,   -3,   -7,    0,   -3,    0,   -3,    0,   -3,    0,   -3,    0,    0,   -2,    0,   -3,  -10,   -3,   -7,   -3,   -3,    0,    0,    0,    0,   -3,   -3,    0,    0,    0,   -3,    0,   -3,   -3,   -3,   -3,   -8,    0,   -8,    0,    0,    0,    0,    0,    0,    0,    0,    0,    0,    0,    0,    0,    0,    0,    0,    0,    0,    0,    0,    0,
       0,    0,    0,    0,    0,    0,    0,    0,    0,    0,    0,    0,    0,    0,    0,    0,    0,    0,    0,    0,    0,    0,    0,    0,    0,    0,    0,    0,    0,    0,    0,    0,    0,    0,    0,    0,    0,    0,    0,    0,    0,    0,    0,    0,    0,    0,    0,    0,    0,    0,    0,    0,    0,    0,    0,    0,    0,    0,    0,    0,    0,    0,    0,    0,    0,    0,    0,    0,    0,    0,    0,    0,    0,    0,    0,    0,    0,    0,    0,    0,    0,    0,    0,    0,    0,    0,    0,    0,    0,    0,    0,    0,    0,    0,    0,    0,    0,    0,    0,    0,    0,    0,    0,    0,    0,    0,    0,    0,    0,    0,    0,    0,    0,    0,    0,    0,    0,    0,    0,   -7,  -15,    0,    0,  -20,    9,    0,    0,    0,    0,  -15,  -12,  -12,    0,  -13,  -13,    0,    0,   -5,   -8,    0,    0,    0,    0,    0,    0,    0,    0,    0,    0,    0,    0,    0,  -15,    0,    0,  -17,    0,  -17,    0,    0,    0,    0,    0,    0,    0,    0,    0,    0,    0,   -7,    0,    0,    0,    0,    0,  -20,    0,  -20,    0,    0,    0,    0,    0,    0,    0,    0,    0,    0,    0,    0,    0,    0,    0,    0,    0,    0,    0,    0,    0,
       0,    0,    0,    0,    0,    0,    0,    0,  -13,    0,  -13,    0,    0,    0,    0,    0,    0,    0,    0,    0,    0,    0,    0,    0,    0,    0,    0,    0,    0,    0,    0,    0,    0,    0,    0,    0,    0,    0,    0,    0,    0,    0,    0,    0,    0,    0,    0,    0,    0,    0,    0,    0,    0,    0,    0,    0,    0,    0,    0,    0,    0,    0,    0,    0,    0,    0,    0,    0,    0,    0,    0,    0,    0,    0,    0,    0,    0,    0,    0,    0,    0,    0,    0,    0,    0,    0,    0,    0,    0,    0,    0,    0,    0,    0,    0,    0,    0,    0,    0,    0,    0,    0,    0,    0,    0,    0,    0,    0,    0,    0,    0,    0,    0,    0,    0,    0,    0,    0,    0,   -3,    0,   -3,    0,   -3,   -5,   -4,   -2,    0,    0,    0,    0,    0,   -4,   -7,   -3,    0,    0,    0,    0,    0,    0,    0,    0,    0,    0,    0,    0,    0,    0,    0,    0,    0,    0,    0,    0,    0,    0,    0,    0,    0,    0,    0,    0,    0,    0,    0,    0,    0,    0,   -3,   -2,    0,    0,    0,    0,   -3,    0,   -3,    0,    0,    0,    0,    0,    0,    0,    0,    0,    0,    0,    0,    0,    0,    0,    0,  -13,    0,    0,    0,    0,
       0,    0,    0,    0,    0,    0,    0,    0,    0,    0,    0,    0,    0,    0,    0,    0,    0,    0,    0,    0,    0,    0,    0,    0,    0,    0,    0,    0,    0,    0,    0,    0,    0,    0,    0,    0,    0,    0,    0,    0,    0,    0,    0,    0,    0,    0,    0,    0,    0,    0,    0,    0,    0,    0,    0,    0,    0,    0,    0,    0,    0,    0,    0,    0,    0,    0,    0,    0,    0,    0,    0,    0,    0,    0,    0,    0,    0,    0,    0,    0,    0,    0,    0,    0,    0,    0,    0,    0,    0,    0,    0,    0,    0,    0,    0,    0,    0,    0,    0,    0,    0,    0,    0,    0,    0,    0,    0,    0,    0,    0,    0,    0,    0,    0,    0,    0,    0,    0,    0,   -3,    0,    0,    0,  -11,    0,    0,    0,    0,    0,    0,   -7,   -5,    0,  -10,  -13,    0,    0,    0,    0,    0,    0,    0,    0,    0,    0,    0,    0,    0,    0,    0,    0,    0,    0,    0,    0,    0,    0,    0,    0,    0,    0,    0,    0,    0,    0,    0,    0,    0,    0,   -3,    0,    0,    0,    0,    0,  -11,    0,  -11,    0,    0,    0,    0,    0,    0,    0,    0,    0,    0,    0,    0,    0,    0,    0,    0,    0,    0,    0,    0,    0,
       0,    0,    0,    0,    0,    0,    0,    0,  -15,    0,  -15,    0,    0,    0,    0,    0,    0,    0,    0,    0,    0,    0,    0,    0,    0,    0,    0,    0,    0,    0,    0,    0,    0,    0,    0,    0,    0,    0,    0,    0,    0,    0,    0,    0,    0,    0,    0,    0,    0,    0,    0,    0,    0,    0,    0,    0,    0,    0,    0,    0,    0,    0,    0,    0,    0,    0,    0,    0,    0,    0,    0,    0,    0,    0,    0,    0,    0,    0,    0,    0,    0,    0,    0,    0,    0,    0,    0,    0,    0,    0,    0,    0,    0,    0,    0,    0,    0,    0,    0,    0,    0,    0,    0,    0,    0,    0,    0,    0,    0,    0,    0,    0,    0,    0,    0,    0,    0,    0,    0,   -3,    0,    0,  -12,  -13,  -13,  -15,  -10,   -4,    0,    0,   -7,    0,  -15,  -10,   -3,   -4,  -25,    0,    0,    0,    0,    0,    0,    0,    0,    0,  -16,   -8,    0,    0,    0,    0,    7,    0,    0,    3,    0,    0,    0,  -11,    0,    0,    0,    0,    0,    0,    0,  -16,    0,   -3,  -29,    0,    0,    0,    0,  -13,    0,  -13,    0,    0,    0,    0,    0,    0,    0,    0,    0,    0,    0,    0,    0,    0,    0,    0,  -15,    0,    0,    0,    0,
       0,    0,    0,    0,    0,    0,    0,    0,  -47,    0,  -47,    0,    0,    0,    0,    0,    0,    0,    0,    0,    0,    0,    0,    0,    0,    0,    0,    0,    0,    0,    0,    0,    0,    0,    0,    0,    0,    0,    0,    0,    0,    0,    0,    0,    0,    0,    0,    0,    0,    0,    0,    0,    0,    0,    0,    0,    0,    0,    0,    0,    0,    0,    0,    0,    0,    0,    0,    0,    0,   -7,    0,    0,    0,    0,    0,    0,    0,    0,    0,    0,    0,    0,    0,    0,    0,    0,    0,    0,    0,    0,    0,    0,    0,    0,    0,    0,    0,    0,    0,    0,    0,    0,    0,    0,    0,    0,    0,    0,    0,    0,    0,    0,    0,    0,    0,    0,    0,    0,    0,    7,    0,    0,  -27,   -9,  -30,  -22,  -14,    0,    0,    0,    7,    0,    0,    0,    7,    0,  -17,  -14,    0,   -9,   -9,   -8,    0,    0,   -9,   -9,  -20,  -12,    0,   -9,    0,    0,    0,    0,    0,    0,   -9,    0,   -3,  -12,    0,    0,    0,    0,   -9,   -9,    0,  -20,    0,    7,  -31,    0,   -9,   -9,    0,   -9,    0,   -9,    0,    0,    0,    0,    0,    0,    0,    0,    0,    0,    0,    0,    0,    0,    0,    0,  -47,    0,    0,    0,    0,
       0,    0,    0,    0,    0,    0,    0,    0,  -40,  -12,  -40,    0,    0,    0,    0,    0,    0,    0,    0,    0,    0,    0,   -8,    0,    0,    0,    0,    0,    0,    0,    0,    0,    0,    0,    0,    0,    0,    0,    0,    0,    0,    0,    0,    0,    0,    0,    0,    0,    0,    0,    0,    0,    0,    0,    0,    0,    0,    0,    0,    0,    0,    0,    0,    0,    0,    0,    0,    0,    0,  -10,    0,    0,    0,    0,    0,    0,    0,    0,    0,    0,    0,    0,    0,    0,    0,    0,    0,    0,    0,    0,    0,    0,    0,    0,    0,    0,    0,    0,    0,    0,    0,    0,    0,    0,    0,    0,    0,    0,    0,    0,    0,    0,    0,    0,    0,    0,    0,    0,    0,    0,   -2,    0,  -22,    0,  -20,  -15,  -23,    0,   -7,   -2,    0,    0,    0,    0,    0,    0,  -18,  -21,   -7,  -19,  -12,  -12,  -15,   -7,  -12,  -12,  -19,  -15,  -15,  -12,    0,    0,    0,  -15,   -3,    0,  -12,   -1,  -10,  -14,  -15,    0,  -15,  -17,  -12,  -12,    0,  -19,    0,    0,  -25,   -7,  -17,  -12,   -7,    0,    0,    0,    0,    0,  -15,    0,    0,    0,    0,    0,    0,  -12,    0,    0,    0,    0,    0,    0,  -40,    0,    0,    0,    0,
       0,    0,    0,    0,    0,    0,    0,    0,    0,    0,    0,    0,    0,    0,    0,    0,    0,    0,    0,    0,    0,    0,    0,    0,    0,    0,    0,    0,    0,    0,    0,    0,    0,    0,    0,    0,    0,    0,    0,    0,    0,    0,    0,    0,    0,    0,    0,    0,    0,    0,    0,    0,    0,    0,    0,    0,    0,    0,    0,    0,    0,    0,    0,    0,    0,    0,    0,    0,    0,    0,    0,    0,    0,    0,    0,    0,    0,    0,    0,    0,    0,    0,    0,    0,    0,    0,    0,    0,    0,    0,    0,    0,    0,    0,    0,    0,    0,    0,    0,    0,    0,    0,    0,    0,    0,    0,    0,    0,    0,    0,    0,    0,    0,    0,    0,    0,    0,    0,    0,   -3,    3,    0,  -12,  -15,  -18,  -15,  -12,   -3,    0,    3,    0,    0,  -12,    0,   -5,    0,  -15,    0,    0,    0,    0,    0,    0,    0,    0,    0,  -10,    0,    0,    0,    0,    0,    0,    0,    0,    0,    0,    0,    0,    0,    0,    0,    0,    0,    0,    0,    0,  -10,    0,   -3,  -20,    0,    0,    0,    0,  -15,    0,  -15,    0,    0,    0,    0,    0,    0,    0,    0,    0,    0,    0,    0,    0,    0,    0,    0,    0,    0,    0,    0,    0,
       0,    0,    0,    0,    0,    0,    0,    0,    0,  -13,    0,    0,    0,    0,    0,    0,    0,    0,    0,    0,    0,    0,    0,    0,    0,    0,    0,    0,    0,    0,    0,    0,    0,    0,    0,    0,    0,    0,    0,    0,    0,    0,    0,    0,    0,    0,    0,    0,    0,    0,    0,    0,    0,    0,    0,    0,    0,    0,    0,    0,    0,    0,    0,    0,    0,    0,    0,    0,    0,    0,    0,    0,    0,    0,    0,    0,    0,    0,    0,    0,    0,    0,    0,    0,    0,    0,    0,    0,    0,    0,    0,    0,    0,    0,    0,    0,    0,    0,    0,    0,    0,    0,    0,    0,    0,    0,    0,    0,    0,    0,    0,    0,    0,    0,    0,    0,    0,    0,    0,  -10,  -17,    0,    0,   -9,    0,    0,    0,   -2,    0,  -17,    0,  -14,    0,   -8,  -11,    0,    0,   -8,  -11,  -10,  -10,  -12,    0,    0,   -7,  -10,    0,   -4,    0,  -10,    0,    0,  -14,    0,    0,  -24,  -10,  -17,   -7,   -6,    0,    0,    0,    0,  -10,  -10,    0,    0,    0,  -10,    0,    0,  -10,  -10,    0,   -9,    0,   -9,    0,    0,    0,    0,    0,    0,    0,    0,    0,  -13,    0,    0,    0,    0,    0,    0,    0,    0,    0,    0,    0,
       0,    0,    0,    0,    0,    0,    0,    0,    0,   40,    0,    0,    0,    0,    0,    0,    0,    0,    0,    0,    0,    0,    0,    0,    0,    0,    0,    0,    0,    0,    0,    0,    0,    0,    0,    0,    0,    0,    0,    0,    0,    0,    0,    0,    0,    0,    0,    0,    0,    0,    0,    0,    0,    0,    0,    0,    0,    0,    0,    0,    0,    0,    0,    0,    0,    0,    0,    0,    0,    0,    0,    0,    0,    0,    0,    0,    0,    0,    0,    0,    0,    0,    0,    0,    0,    0,    0,    0,    0,    0,    0,    0,    0,    0,    0,    0,    0,    0,    0,    0,    0,    0,    0,    0,    0,    0,    0,    0,    0,    0,    0,    0,    0,    0,    0,    0,    0,    0,    0,  -17,    0,    0,    3,  -13,    0,    0,    0,    0,    0,    0,  -17,    0,    0,  -20,  -17,    0,    0,    0,    0,    0,    0,    0,    0,    0,    0,    0,    0,    0,    0,    0,    0,    0,    0,    0,    0,    0,    0,    0,    0,    0,    0,    0,    0,    0,    0,    0,    0,    0,    0,  -24,    0,    0,    0,    0,    0,  -37,    0,  -34,    0,    0,    0,    0,    0,    0,    0,    0,    0,   40,    0,    0,    0,    0,    0,    0,    0,    0,    0,    0,    0,
       0,    0,    0,    0,    0,    0,    0,    0,    0,    0,    0,    0,    0,    0,    0,    0,    0,    0,    0,    0,    0,    0,    0,    0,    0,    0,    0,    0,    0,    0,    0,    0,    0,    0,    0,    0,    0,    0,    0,    0,    0,    0,    0,    0,    0,    0,    0,    0,    0,    0,    0,    0,    0,    0,    0,    0,    0,    0,    0,    0,    0,    0,    0,    0,    0,    0,    0,    0,    0,    0,    0,    0,    0,    0,    0,    0,    0,    0,    0,    0,    0,    0,    0,    0,    0,    0,    0,    0,    0,    0,    0,    0,    0,    0,    0,    0,    0,    0,    0,    0,    0,    0,    0,    0,    0,    0,    0,    0,    0,    0,    0,    0,    0,    0,    0,    0,    0,    0,    0,   -3,    0,    0,  -12,  -13,  -13,  -15,  -10,   -4,    0,    0,   -7,    0,  -10,  -10,   -3,   -4,  -10,    0,    0,    0,    0,    0,    0,    0,    0,    0,   -3,   -8,    0,    0,    0,    0,    7,    0,    0,    3,    0,    0,    0,  -11,    0,    0,    0,    0,    0,    0,    0,   -3,    0,   -3,  -20,    0,    0,    0,    0,  -13,    0,  -13,    0,    0,    0,    0,    0,    0,    0,    0,    0,    0,    0,    0,    0,    0,    0,    0,  -10,    0,    0,    0,    0,
       0,    0,    0,    0,    0,    0,    0,    0,    0,    0,    0,    0,    0,    0,    0,    0,    0,    0,    0,    0,    0,    0,    0,    0,    0,    0,    0,    0,    0,    0,    0,    0,    0,    0,    0,    0,    0,    0,    0,    0,    0,    0,    0,    0,    0,    0,    0,    0,    0,    0,    0,    0,    0,    0,    0,    0,    0,    0,    0,    0,    0,    0,    0,    0,    0,    0,    0,    0,    0,    0,    0,    0,    0,    0,    0,    0,    0,    0,    0,    0,    0,    0,    0,    0,    0,    0,    0,    0,    0,    0,    0,    0,    0,    0,    0,    0,    0,    0,    0,    0,    0,    0,    0,    0,    0,    0,    0,    0,    0,    0,    0,    0,    0,    0,    0,    0,    0,    0,    0,    0,    0,    0,    0,    0,    0,    0,    0,    0,    0,    0,    0,    0,    0,    0,    0,    0,    0,    0,    0,    0,    0,    0,    0,    0,    0,    0,    0,    0,    0,    0,    0,    0,   -7,    0,    0,   -6,    0,   -7,    0,    0,    0,   -7,    0,    0,    0,    0,   -5,    0,   -7,    0,    0,    0,    0,    0,    0,    0,    0,    0,    0,   -7,    0,    0,    0,    0,    0,    0,    0,    0,    0,    0,    0,    0,    0,    0,    0,    0,    0,    0,    0,
       0,    0,    0,    0,    0,    0,    0,    0,  -17,    0,  -17,    0,    0,    0,    0,    0,    0,    0,    0,    0,    0,    0,    0,    0,    0,    0,    0,    0,    0,    0,    0,    0,    0,    0,    0,    0,    0,    0,    0,    0,    0,    0,    0,    0,    0,    0,    0,    0,    0,    0,    0,    0,    0,    0,    0,    0,    0,    0,    0,    0,    0,    0,    0,    0,    0,    0,    0,    0,    0,   -7,    0,    0,    0,    0,    0,    0,    0,    0,    0,    0,    0,    0,    0,    0,    0,    0,    0,    0,    0,    0,    0,    0,    0,    0,    0,    0,    0,    0,    0,    0,    0,    0,    0,    0,    0,    0,    0,    0,    0,    0,    0,    0,    0,    0,    0,    0,    0,    0,    0,    0,    0,    0,    0,    0,    0,    0,    0,    0,    0,    0,    0,    0,    0,    0,    0,    0,    0,    0,    0,   -3,   -3,    0,    0,    0,    0,   -3,   -7,   -5,    0,   -3,    0,    0,    0,    0,    0,    0,   -3,    0,    0,   -3,    0,    0,    0,    0,   -3,   -3,    0,   -7,    0,    0,    0,    0,   -5,   -3,    0,    0,    0,    0,    0,    0,    0,    0,    0,    0,    0,    0,    0,    0,    0,    0,    0,    0,    0,    0,  -17,    0,    0,    0,    0,
       0,    0,    0,    0,    0,    0,    0,    0,    0,    0,    0,    0,    0,    0,    0,    0,    0,    0,    0,    0,    0,    0,    0,    0,    0,    0,    0,    0,    0,    0,    0,    0,    0,    0,    0,    0,    0,    0,    0,    0,    0,    0,    0,    0,    0,    0,    0,    0,    0,    0,    0,    0,    0,    0,    0,    0,    0,    0,    0,    0,    0,    0,    0,    0,    0,    0,    0,    0,    0,   -7,    0,    0,    0,    0,    0,    0,    0,    0,    0,    0,    0,    0,    0,    0,    0,    0,    0,    0,    0,    0,    0,    0,    0,    0,    0,    0,    0,    0,    0,    0,    0,    0,    0,    0,    0,    0,    0,    0,    0,    0,    0,    0,    0,    0,    0,    0,    0,    0,    0,    0,    0,    0,    0,    0,    0,    0,    0,    0,    0,    0,    0,    0,    0,    0,    0,    0,    0,    0,    0,    0,    0,    0,    0,    0,   -3,    0,    0,    0,    0,    0,    0,    0,    0,    0,    0,    0,    0,    0,   -3,    0,    0,    0,    0,    0,    0,    0,    0,    0,    0,    0,    0,    0,    0,    0,    0,    0,    0,    0,    0,    0,    0,    0,    0,    0,    0,    0,    0,    0,    0,    0,    0,    0,    0,    0,    0,    0,    0,    0,    0,
       0,    0,    0,    0,    0,    0,    0,    0,  -40,    0,  -20,    0,    0,    0,    0,    0,    0,    0,    0,    0,    0,    0,    0,    0,    0,    0,    0,    0,    0,    0,    0,    0,    0,    0,    0,    0,    0,    0,    0,    0,    0,    0,    0,    0,    0,    0,    0,    0,    0,    0,    0,    0,    0,    0,    0,    0,    0,    0,    0,    0,    0,    0,    0,    0,    0,    0,    0,    0,    0,    0,    0,    0,    0,    0,    0,    0,    0,    0,    0,    0,    0,    0,    0,    0,    0,    0,    0,    0,    0,    0,    0,    0,    0,    0,    0,    0,    0,    0,    0,    0,    0,    0,    0,    0,    0,    0,    0,    0,    0,    0,    0,    0,    0,    0,    0,    0,    0,    0,    0,    0,    0,    0,    0,    0,    0,    0,    0,    0,    0,    0,    0,    0,    0,    0,    0,    0,    0,   -5,   -3,  -10,    0,   -8,    0,   -8,  -12,    0,  -13,    0,    0,    0,    0,    0,    0,    0,    0,    0,    0,    0,   -3,   -3,    0,   -7,    0,   -3,    0,    0,    0,  -13,   -7,    0,    0,   -8,   -7,   -8,   -8,    0,    0,    0,    0,  -12,    0,    0,    0,    0,    0,    0,    0,    0,    0,    0,    0,    0,    0,    0,  -20,    0,    0,    0,    0,
       0,    0,    0,    0,    0,    0,    0,    0,  -25,    0,  -25,    0,    0,    0,    0,    0,    0,    0,    0,    0,    0,    0,    0,    0,    0,    0,    0,    0,    0,    0,    0,    0,    0,    0,    0,    0,    0,    0,    0,    0,    0,    0,    0,    0,    0,    0,    0,    0,    0,    0,    0,    0,    0,    0,    0,    0,    0,    0,    0,    0,    0,    0,    0,    0,    0,    0,    0,    0,    0,   -7,    0,    0,    0,    0,    0,    0,    0,    0,    0,    0,    0,    0,    0,    0,    0,    0,    0,    0,    0,    0,    0,    0,    0,    0,    0,    0,    0,    0,    0,    0,    0,    0,    0,    0,    0,    0,    0,    0,    0,    0,    0,    0,    0,    0,    0,    0,    0,    0,    0,    0,    0,    0,    0,    0,    0,    0,    0,    0,    0,    0,    0,    0,    0,    0,    0,    0,    0,   -4,    0,   -2,   -2,    0,    0,   -6,   -6,   -2,  -11,   -7,    0,   -2,    0,    0,    0,    0,    0,    0,   -2,    0,   -7,   -7,    0,    0,    0,   -3,   -2,   -2,    0,  -11,    0,    0,    0,  -12,   -5,   -3,   -6,    0,    0,    0,    0,    0,    0,    0,    0,    0,    0,    0,    0,    0,    0,    0,    0,    0,    0,    0,  -25,    0,    0,    0,    0,
       0,    0,    0,    0,    0,    0,    0,    0,   -7,    0,   -7,    0,    0,    0,    0,    0,    0,    0,    0,    0,    0,    0,    0,    0,    0,    0,    0,    0,    0,    0,    0,    0,    0,    0,    0,    0,    0,    0,    0,    0,    0,    0,    0,    0,    0,    0,    0,    0,    0,    0,    0,    0,    0,    0,    0,    0,    0,    0,    0,    0,    0,    0,    0,    0,    0,    0,    0,    0,    0,    0,    0,    0,    0,    0,    0,    0,    0,    0,    0,    0,    0,    0,    0,    0,    0,    0,    0,    0,    0,    0,    0,    0,    0,    0,    0,    0,    0,    0,    0,    0,    0,    0,    0,    0,    0,    0,    0,    0,    0,    0,    0,    0,    0,    0,    0,    0,    0,    0,    0,    0,    0,    0,    0,    0,    0,    0,    0,    0,    0,    0,    0,    0,    0,    0,    0,    0,    0,   -7,    0,   -6,   -2,    0,    0,   -5,  -13,   -2,   -5,   -7,    0,   -2,    0,    0,    0,    0,    0,    0,   -2,    0,   -7,   -7,    0,  -10,    0,   -6,   -2,   -2,    0,  -11,  -10,    0,    0,  -12,  -10,   -8,   -5,    0,    0,    0,    0,  -11,    0,    0,    0,    0,    0,    0,    0,    0,    0,    0,    0,    0,    0,    0,   -7,    0,    0,    0,    0,
       0,    0,    0,    0,    0,    0,    0,    0,    0,    0,    0,    0,    0,    0,    0,    0,    0,    0,    0,    0,    0,    0,    0,    0,    0,    0,    0,    0,    0,    0,    0,    0,    0,    0,    0,    0,    0,    0,    0,    0,    0,    0,    0,    0,    0,    0,    0,    0,    0,    0,    0,    0,    0,    0,    0,    0,    0,    0,    0,    0,    0,    0,    0,    0,    0,    0,    0,    0,    0,    0,    0,    0,    0,    0,    0,    0,    0,    0,    0,    0,    0,    0,    0,    0,    0,    0,    0,    0,    0,    0,    0,    0,    0,    0,    0,    0,    0,    0,    0,    0,    0,    0,    0,    0,    0,    0,    0,    0,    0,    0,    0,    0,    0,    0,    0,    0,    0,    0,    0,    0,    0,    0,    0,    0,    0,    0,    0,    0,    0,    0,    0,    0,    0,    0,    0,    0,    0,    0,    0,    0,    0,   -4,    0,    0,    0,    0,    0,    0,    0,    0,    0,    0,    0,    0,    0,   -6,    0,    0,    0,    0,    0,    0,    0,    0,    0,    0,    0,    0,    0,    0,    0,    0,    0,    0,    0,    0,    0,    0,    0,    0,    0,    0,    0,    0,    0,    0,    0,    0,    0,    0,    0,    0,    0,    0,    0,    0,    0,    0,    0,
       0,    0,    0,    0,    0,    0,    0,    0,   -7,    0,   -7,    0,    0,    0,    0,    0,    0,    0,    0,    0,    0,    0,    0,    0,    0,    0,    0,    0,    0,    0,    0,    0,    0,    0,    0,    0,    0,    0,    0,    0,    0,    0,    0,    0,    0,    0,    0,    0,    0,    0,    0,    0,    0,    0,    0,    0,    0,    0,    0,    0,    0,    0,    0,    0,    0,    0,    0,    0,    0,   -3,    0,    0,    0,    0,    0,    0,    0,    0,    0,    0,    0,    0,    0,    0,    0,    0,    0,    0,    0,    0,    0,    0,    0,    0,    0,    0,    0,    0,    0,    0,    0,    0,    0,    0,    0,    0,    0,    0,    0,    0,    0,    0,    0,    0,    0,    0,    0,    0,    0,    0,    0,    0,    0,    0,    0,    0,    0,    0,    0,    0,    0,    0,    0,    0,    0,    0,    0,    0,    0,    0,    0,    0,    0,    0,    0,    0,    0,    0,    0,    0,    0,    0,    0,    0,    0,    0,    0,    0,    0,   -3,    0,   -3,    0,    0,    0,    0,    0,    0,   -3,    0,    0,    0,    0,    0,    0,    0,    0,    0,    0,   -3,    0,    0,    0,    0,    0,    0,    0,    0,    0,    0,    0,    0,    0,    0,   -7,    0,    0,    0,    0,
       0,    0,    0,    0,    0,    0,    0,    0,   -7,    0,   -7,    0,    0,    0,    0,    0,    0,    0,    0,    0,    0,    0,    0,    0,    0,    0,    0,    0,    0,    0,    0,    0,    0,    0,    0,    0,    0,    0,    0,    0,    0,    0,    0,    0,    0,    0,    0,    0,    0,    0,    0,    0,    0,    0,    0,    0,    0,    0,    0,    0,    0,    0,    0,    0,    0,    0,    0,    0,    0,    0,    0,    0,    0,    0,    0,    0,    0,    0,    0,    0,    0,    0,    0,    0,    0,    0,    0,    0,    0,    0,    0,    0,    0,    0,    0,    0,    0,    0,    0,    0,    0,    0,    0,    0,    0,    0,    0,    0,    0,    0,    0,    0,    0,    0,    0,    0,    0,    0,    0,    0,    0,    0,    0,    0,    0,    0,    0,    0,    0,    0,    0,    0,    0,    0,    0,    0,    0,    0,    0,   -3,   -3,    0,   -3,    0,    0,   -3,    0,   -3,   -3,   -3,    0,    0,   -7,   -3,    0,   -3,   -3,   -3,    0,    0,   -3,   -3,   -3,    0,   -3,   -3,   -3,    0,   -3,    0,    0,    0,   -3,   -3,    0,    0,    0,    0,    0,   -3,   -3,    0,    0,    0,    0,    0,    0,    0,    0,    0,    0,    0,    0,    0,   -7,    0,    0,    0,    0,
       0,    0,    0,    0,    0,    0,    0,    0,   -7,    0,   -7,    0,    0,    0,    0,    0,    0,    0,    0,    0,    0,    0,    0,    0,    0,    0,    0,    0,    0,    0,    0,    0,    0,    0,    0,    0,    0,    0,    0,    0,    0,    0,    0,    0,    0,    0,    0,    0,    0,    0,    0,    0,    0,    0,    0,    0,    0,    0,    0,    0,    0,    0,    0,    0,    0,    0,    0,    0,    0,    0,    0,    0,    0,    0,    0,    0,    0,    0,    0,    0,    0,    0,    0,    0,    0,    0,    0,    0,    0,    0,    0,    0,    0,    0,    0,    0,    0,    0,    0,    0,    0,    0,    0,    0,    0,    0,    0,    0,    0,    0,    0,    0,    0,    0,    0,    0,    0,    0,    0,    0,    0,    0,    0,    0,    0,    0,    0,    0,    0,    0,    0,    0,    0,    0,    0,    0,    0,    0,    0,   -3,   -3,    0,   -3,    0,    0,   -3,    0,   -3,   -3,   -3,    0,    0,   -3,   -3,    0,   -3,   -3,   -3,    0,    0,   -3,   -3,   -3,    0,   -3,   -3,   -3,    0,   -3,    0,    0,    0,   -3,   -3,    0,    0,    0,    0,    0,   -3,   -3,    0,    0,    0,    0,    0,    0,    0,    0,    0,    0,    0,    0,    0,   -7,    0,    0,    0,    0,
       0,    0,    0,    0,    0,    0,    0,    0,    0,    0,    0,    0,    0,    0,    0,    0,    0,    0,    0,    0,    0,    0,    0,    0,    0,    0,    0,    0,    0,    0,    0,    0,    0,    0,    0,    0,    0,    0,    0,    0,    0,    0,    0,    0,    0,    0,    0,    0,    0,    0,    0,    0,    0,    0,    0,    0,    0,    0,    0,    0,    0,    0,    0,    0,    0,    0,    0,    0,    0,    0,    0,    0,    0,    0,    0,    0,    0,    0,    0,    0,    0,    0,    0,    0,    0,    0,    0,    0,    0,    0,    0,    0,    0,    0,    0,    0,    0,    0,    0,    0,    0,    0,    0,    0,    0,    0,    0,    0,    0,    0,    0,    0,    0,    0,    0,    0,    0,    0,    0,    0,    0,    0,    0,    0,    0,    0,    0,    0,    0,    0,    0,    0,    0,    0,    0,    0,    0,    0,    0,    0,    0,   -2,    0,    0,    0,    0,    0,    0,    0,    0,    0,    0,    0,    0,    0,   -6,    0,    0,    0,    0,    0,    0,    0,    0,    0,    0,    0,    0,    0,    0,    0,    0,    0,    0,    0,    0,    0,    0,    0,    0,    0,    0,    0,    0,    0,    0,    0,    0,    0,    0,    0,    0,    0,    0,    0,    0,    0,    0,    0,
       0,    0,    0,    0,    0,    0,    0,    0,   -7,    0,   -7,    0,    0,    0,    0,    0,    0,    0,    0,    0,    0,    0,    0,    0,    0,    0,    0,    0,    0,    0,    0,    0,    0,    0,    0,    0,    0,    0,    0,    0,    0,    0,    0,    0,    0,    0,    0,    0,    0,    0,    0,    0,    0,    0,    0,    0,    0,    0,    0,    0,    0,    0,    0,    0,    0,    0,    0,    0,    0,    0,    0,    0,    0,    0,    0,    0,    0,    0,    0,    0,    0,    0,    0,    0,    0,    0,    0,    0,    0,    0,    0,    0,    0,    0,    0,    0,    0,    0,    0,    0,    0,    0,    0,    0,    0,    0,    0,    0,    0,    0,    0,    0,    0,    0,    0,    0,    0,    0,    0,    0,    0,    0,    0,    0,    0,    0,    0,    0,    0,    0,    0,    0,    0,    0,    0,    0,    0,    0,    0,   -3,   -3,    0,   -3,    0,    0,   -3,    0,   -3,   -3,   -3,    0,    0,   -7,   -3,    0,   -3,   -3,   -7,    0,    0,   -3,   -3,   -3,    0,   -3,   -3,   -3,    0,   -3,    0,    0,    0,   -7,   -3,    0,    0,    0,    0,    0,   -3,   -3,    0,    0,    0,    0,    0,    0,    0,    0,    0,    0,    0,    0,    0,   -7,    0,    0,    0,    0,
       0,    0,    0,    0,    0,    0,    0,    0,   -7,    0,   -7,    0,    0,    0,    0,    0,    0,    0,    0,    0,    0,    0,    0,    0,    0,    0,    0,    0,    0,    0,    0,    0,    0,    0,    0,    0,    0,    0,    0,    0,    0,    0,    0,    0,    0,    0,    0,    0,    0,    0,    0,    0,    0,    0,    0,    0,    0,    0,    0,    0,    0,    0,    0,    0,    0,    0,    0,    0,    0,    0,    0,    0,    0,    0,    0,    0,    0,    0,    0,    0,    0,    0,    0,    0,    0,    0,    0,    0,    0,    0,    0,    0,    0,    0,    0,    0,    0,    0,    0,    0,    0,    0,    0,    0,    0,    0,    0,    0,    0,    0,    0,    0,    0,    0,    0,    0,    0,    0,    0,    0,    0,    0,    0,    0,    0,    0,    0,    0,    0,    0,    0,    0,    0,    0,    0,    0,    0,    0,    0,   -3,   -3,    0,   -3,    0,    0,   -3,    0,   -3,   -7,   -3,    0,    0,   -7,   -3,    0,   -5,   -3,   -7,    0,    0,   -3,   -7,   -8,    0,   -3,   -3,   -3,    0,   -7,    0,    0,    0,   -3,   -3,    0,    0,    0,    0,    0,   -7,   -3,    0,    0,    0,    0,    0,    0,    0,    0,    0,    0,    0,    0,    0,   -7,    0,    0,    0,    0,
       0,    0,    0,    0,    0,    0,    0,    0,   -7,    0,   -7,    0,    0,    0,    0,    0,    0,    0,    0,    0,    0,    0,    0,    0,    0,    0,    0,    0,    0,    0,    0,    0,    0,    0,    0,    0,    0,    0,    0,    0,    0,    0,    0,    0,    0,    0,    0,    0,    0,    0,    0,    0,    0,    0,    0,    0,    0,    0,    0,    0,    0,    0,    0,    0,    0,    0,    0,    0,    0,    0,    0,    0,    0,    0,    0,    0,    0,    0,    0,    0,    0,    0,    0,    0,    0,    0,    0,    0,    0,    0,    0,    0,    0,    0,    0,    0,    0,    0,    0,    0,    0,    0,    0,    0,    0,    0,    0,    0,    0,    0,    0,    0,    0,    0,    0,    0,    0,    0,    0,    0,    0,    0,    0,    0,    0,    0,    0,    0,    0,    0,    0,    0,    0,    0,    0,    0,    0,    0,    0,   -2,   -2,    0,   -3,   -3,  -13,   -2,   -9,   -6,   -3,   -2,    0,    0,    0,   -3,  -10,    0,   -2,    0,   -5,   -4,   -3,   -5,   -3,   -5,   -2,   -2,    0,   -9,   -5,    0,    0,  -15,   -2,   -2,   -8,    0,  -13,    0,   -5,  -10,   -7,    0,    0,    0,    0,    0,    0,    0,    0,    0,    0,    0,    0,    0,   -7,    0,    0,    0,    0,
       0,    0,    0,    0,    0,    0,    0,    0,  -20,    0,  -20,    0,    0,    0,    0,    0,    0,    0,    0,    0,    0,    0,    0,    0,    0,    0,    0,    0,    0,    0,    0,    0,    0,    0,    0,    0,    0,    0,    0,    0,    0,    0,    0,    0,    0,    0,    0,    0,    0,    0,    0,    0,    0,    0,    0,    0,    0,    0,    0,    0,    0,    0,    0,    0,    0,    0,    0,    0,    0,    0,    0,    0,    0,    0,    0,    0,    0,    0,    0,    0,    0,    0,    0,    0,    0,    0,    0,    0,    0,    0,    0,    0,    0,    0,    0,    0,    0,    0,    0,    0,    0,    0,    0,    0,    0,    0,    0,    0,    0,    0,    0,    0,    0,    0,    0,    0,    0,    0,    0,    0,    0,    0,    0,    0,    0,    0,    0,    0,    0,    0,    0,    0,    0,    0,    0,    0,    0,    0,    0,   -2,   -2,    0,   -3,   -3,  -13,   -2,   -9,   -6,   -3,   -2,    0,    0,    0,   -3,  -10,    0,   -2,    0,   -5,   -4,   -3,   -5,   -3,   -5,   -2,   -2,    0,   -9,   -5,    0,    0,  -15,   -2,   -2,   -8,    0,  -13,    0,   -5,  -10,   -7,    0,    0,    0,    0,    0,    0,    0,    0,    0,    0,    0,    0,    0,  -20,    0,    0,    0,    0,
       0,    0,    0,    0,    0,    0,    0,    0,    0,    0,    0,    0,    0,    0,    0,    0,    0,    0,    0,    0,    0,    0,    0,    0,    0,    0,    0,    0,    0,    0,    0,    0,    0,    0,    0,    0,    0,    0,    0,    0,    0,    0,    0,    0,    0,    0,    0,    0,    0,    0,    0,    0,    0,    0,    0,    0,    0,    0,    0,    0,    0,    0,    0,    0,    0,    0,    0,    0,    0,    0,    0,    0,    0,    0,    0,    0,    0,    0,    0,    0,    0,    0,    0,    0,    0,    0,    0,    0,    0,    0,    0,    0,    0,    0,    0,    0,    0,    0,    0,    0,    0,    0,    0,    0,    0,    0,    0,    0,    0,    0,    0,    0,    0,    0,    0,    0,    0,    0,    0,    0,    0,    0,    0,    0,    0,    0,    0,    0,    0,    0,    0,    0,    0,    0,    0,    0,    0,    0,    0,    0,    0,    0,    0,    0,    0,    0,    0,    0,    0,    0,    0,    0,   -2,    0,    0,    0,    0,    0,    0,    0,    0,    0,    0,    0,    0,    0,    0,    0,    0,    0,    0,    0,    0,    0,    0,    0,    0,    0,    0,    0,    0,    0,    0,    0,    0,    0,    0,    0,    0,    0,    0,    0,    0,    0,    0,    0,    0,    0,    0,
       0,    0,    0,    0,    0,    0,    0,    0,  -27,    0,  -27,    0,    0,    0,    0,    0,    0,    0,    0,    0,    0,    0,    0,    0,    0,    0,    0,    0,    0,    0,    0,    0,    0,    0,    0,    0,    0,    0,    0,    0,    0,    0,    0,    0,    0,    0,    0,    0,    0,    0,    0,    0,    0,    0,    0,    0,    0,    0,    0,    0,    0,    0,    0,    0,    0,    0,    0,    0,    0,  -10,    0,    0,    0,    0,    0,    0,    0,    0,    0,    0,    0,    0,    0,    0,    0,    0,    0,    0,    0,    0,    0,    0,    0,    0,    0,    0,    0,    0,    0,    0,    0,    0,    0,    0,    0,    0,    0,    0,    0,    0,    0,    0,    0,    0,    0,    0,    0,    0,    0,    0,    0,    0,    0,    0,    0,    0,    0,    0,    0,    0,    0,    0,    0,    0,    0,    0,    0,  -10,    0,  -12,   -4,   -9,    0,   -7,  -13,   -4,  -18,  -14,    0,   -4,    0,    0,    0,    0,    0,    0,   -4,    0,   -7,   -8,    0,  -12,    0,   -8,   -4,   -4,    0,  -18,  -13,    0,    0,  -31,   -4,  -14,   -7,    0,    0,    0,    0,  -14,    0,    0,    0,    0,    0,    0,    0,    0,    0,    0,    0,    0,    0,    0,  -27,    0,    0,    0,    0,
       0,    0,    0,    0,    0,    0,    0,    0,    0,    0,    0,    0,    0,    0,    0,    0,    0,    0,    0,    0,    0,    0,    0,    0,    0,    0,    0,    0,    0,    0,    0,    0,    0,    0,    0,    0,    0,    0,    0,    0,    0,    0,    0,    0,    0,    0,    0,    0,    0,    0,    0,    0,    0,    0,    0,    0,    0,    0,    0,    0,    0,    0,    0,    0,    0,    0,    0,    0,    0,    0,    0,    0,    0,    0,    0,    0,    0,    0,    0,    0,    0,    0,    0,    0,    0,    0,    0,    0,    0,    0,    0,    0,    0,    0,    0,    0,    0,    0,    0,    0,    0,    0,    0,    0,    0,    0,    0,    0,    0,    0,    0,    0,    0,    0,    0,    0,    0,    0,    0,    0,    0,    0,    0,    0,    0,    0,    0,    0,    0,    0,    0,    0,    0,    0,    0,    0,    0,   -6,    0,   -3,   -3,   -7,    0,    0,    0,   -3,    0,   -2,    0,   -3,    0,    0,    0,    0,    0,   -3,   -3,    0,    0,   -3,    0,   -6,    0,    0,   -3,   -3,    0,    0,   -3,    0,    0,    0,   -3,   -3,    0,    0,    0,    0,    0,   -7,    0,    0,    0,    0,    0,    0,    0,    0,    0,    0,    0,    0,    0,    0,    0,    0,    0,    0,    0,
       0,    0,    0,    0,    0,    0,    0,    0,   -7,    0,   -7,    0,    0,    0,    0,    0,    0,    0,    0,    0,    0,    0,    0,    0,    0,    0,    0,    0,    0,    0,    0,    0,    0,    0,    0,    0,    0,    0,    0,    0,    0,    0,    0,    0,    0,    0,    0,    0,    0,    0,    0,    0,    0,    0,    0,    0,    0,    0,    0,    0,    0,    0,    0,    0,    0,    0,    0,    0,    0,    0,    0,    0,    0,    0,    0,    0,    0,    0,    0,    0,    0,    0,    0,    0,    0,    0,    0,    0,    0,    0,    0,    0,    0,    0,    0,    0,    0,    0,    0,    0,    0,    0,    0,    0,    0,    0,    0,    0,    0,    0,    0,    0,    0,    0,    0,    0,    0,    0,    0,    0,    0,    0,    0,    0,    0,    0,    0,    0,    0,    0,    0,    0,    0,    0,    0,    0,    0,    0,    0,   -3,   -3,    0,   -3,    0,    0,   -3,    0,   -3,   -3,   -3,    0,    0,   -3,   -3,    0,   -4,   -3,   -3,    0,    0,   -3,   -3,   -3,    0,   -3,   -3,   -3,    0,   -3,    0,    0,    0,   -3,   -3,    0,    0,    0,    0,    0,   -3,   -3,    0,    0,    0,    0,    0,    0,    0,    0,    0,    0,    0,    0,    0,   -7,    0,    0,    0,    0,
       0,    0,    0,    0,    0,    0,    0,    0,  -10,    0,  -10,    0,    0,    0,    0,    0,    0,    0,    0,    0,    0,    0,    0,    0,    0,    0,    0,    0,    0,    0,    0,    0,    0,    0,    0,    0,    0,    0,    0,    0,    0,    0,    0,    0,    0,    0,    0,    0,    0,    0,    0,    0,    0,    0,    0,    0,    0,    0,    0,    0,    0,    0,    0,    0,    0,    0,    0,    0,    0,    0,    0,    0,    0,    0,    0,    0,    0,    0,    0,    0,    0,    0,    0,    0,    0,    0,    0,    0,    0,    0,    0,    0,    0,    0,    0,    0,    0,    0,    0,    0,    0,    0,    0,    0,    0,    0,    0,    0,    0,    0,    0,    0,    0,    0,    0,    0,    0,    0,    0,    0,    0,    0,    0,    0,    0,    0,    0,    0,    0,    0,    0,    0,    0,    0,    0,    0,    0,    0,    0,    0,    0,    0,    0,    0,    0,    0,    0,    0,    0,    0,    0,    0,   -6,    0,    0,   -5,    0,    0,    0,   -8,    0,    0,    0,    0,    0,    0,    0,    0,    0,    0,    0,    0,    0,    0,    0,    0,  -20,    0,   -7,    0,    0,    0,    0,    0,    0,    0,    0,    0,    0,    0,    0,    0,    0,    0,  -10,    0,    0,    0,    0,
       0,    0,    0,    0,    0,    0,    0,    0,  -10,    0,  -10,    0,    0,    0,    0,    0,    0,    0,    0,    0,    0,    0,    0,    0,    0,    0,    0,    0,    0,    0,    0,    0,    0,    0,    0,    0,    0,    0,    0,    0,    0,    0,    0,    0,    0,    0,    0,    0,    0,    0,    0,    0,    0,    0,    0,    0,    0,    0,    0,    0,    0,    0,    0,    0,    0,    0,    0,    0,    0,    0,    0,    0,    0,    0,    0,    0,    0,    0,    0,    0,    0,    0,    0,    0,    0,    0,    0,    0,    0,    0,    0,    0,    0,    0,    0,    0,    0,    0,    0,    0,    0,    0,    0,    0,    0,    0,    0,    0,    0,    0,    0,    0,    0,    0,    0,    0,    0,    0,    0,    0,    0,    0,    0,    0,    0,    0,    0,    0,    0,    0,    0,    0,    0,    0,    0,    0,    0,    0,    0,    0,    0,    0,    0,    0,    0,    0,    0,    0,    0,    0,    0,    0,   -6,    0,    0,   -5,    0,    0,    0,   -3,    0,    0,    0,    0,    0,    0,    0,    0,    0,    0,    0,    0,    0,    0,    0,    0,  -20,    0,   -7,    0,    0,    0,    0,    0,    0,    0,    0,    0,    0,    0,    0,    0,    0,    0,  -10,    0,    0,    0,    0,
       0,    0,    0,    0,    0,    0,    0,    0,  -13,    0,  -13,    0,    0,    0,    0,    0,    0,    0,    0,    0,    0,    0,    0,    0,    0,    0,    0,    0,    0,    0,    0,    0,    0,    0,    0,    0,    0,    0,    0,    0,    0,    0,    0,    0,    0,    0,    0,    0,    0,    0,    0,    0,    0,    0,    0,    0,    0,    0,    0,    0,    0,    0,    0,    0,    0,    0,    0,    0,    0,    0,    0,    0,    0,    0,    0,    0,    0,    0,    0,    0,    0,    0,    0,    0,    0,    0,    0,    0,    0,    0,    0,    0,    0,    0,    0,    0,    0,    0,    0,    0,    0,    0,    0,    0,    0,    0,    0,    0,    0,    0,    0,    0,    0,    0,    0,    0,    0,    0,    0,    0,    0,    0,    0,    0,    0,    0,    0,    0,    0,    0,    0,    0,    0,    0,    0,    0,    0,    0,    0,   -3,   -3,    0,   -3,    0,    0,   -3,    0,   -3,   -3,   -3,    0,    0,   -3,   -3,    0,   -3,   -3,   -3,    0,    0,   -3,   -3,   -3,    0,   -3,   -3,   -3,    0,   -3,    0,    0,    0,   -3,   -3,    0,    0,    0,    0,    0,   -3,   -3,    0,    0,    0,    0,    0,    0,    0,    0,    0,    0,    0,    0,    0,  -13,    0,    0,    0,    0,
       0,    0,    0,    0,    0,    0,    0,    0,   -7,    0,   -7,    0,    0,    0,    0,    0,    0,    0,    0,    0,    0,    0,    0,    0,    0,    0,    0,    0,    0,    0,    0,    0,    0,    0,    0,    0,    0,    0,    0,    0,    0,    0,    0,    0,    0,    0,    0,    0,    0,    0,    0,    0,    0,    0,    0,    0,    0,    0,    0,    0,    0,    0,    0,    0,    0,    0,    0,    0,    0,    0,    0,    0,    0,    0,    0,    0,    0,    0,    0,    0,    0,    0,    0,    0,    0,    0,    0,    0,    0,    0,    0,    0,    0,    0,    0,    0,    0,    0,    0,    0,    0,    0,    0,    0,    0,    0,    0,    0,    0,    0,    0,    0,    0,    0,    0,    0,    0,    0,    0,    0,    0,    0,    0,    0,    0,    0,    0,    0,    0,    0,    0,    0,    0,    0,    0,    0,    0,   -7,    0,   -6,   -2,    0,    0,   -5,  -13,   -2,  -10,   -7,    0,   -2,    0,    0,    0,    0,    0,    0,   -2,    0,   -7,   -7,    0,  -10,    0,   -6,   -2,   -2,    0,  -10,  -10,    0,    0,  -12,  -10,   -8,   -5,    0,    0,    0,    0,  -11,    0,    0,    0,    0,    0,    0,    0,    0,    0,    0,    0,    0,    0,    0,   -7,    0,    0,    0,    0,
       0,    0,    0,    0,    0,    0,    0,    0,    0,    0,    0,    0,    0,    0,    0,    0,    0,    0,    0,    0,    0,    0,    0,    0,    0,    0,    0,    0,    0,    0,    0,    0,    0,    0,    0,    0,    0,    0,    0,    0,    0,    0,    0,    0,    0,    0,    0,    0,    0,    0,    0,    0,    0,    0,    0,    0,    0,    0,    0,    0,    0,    0,    0,    0,    0,    0,    0,    0,    0,    0,    0,    0,    0,    0,    0,    0,    0,    0,    0,    0,    0,    0,    0,    0,    0,    0,    0,    0,    0,    0,    0,    0,    0,    0,    0,    0,    0,    0,    0,    0,    0,    0,    0,    0,    0,    0,    0,    0,    0,    0,    0,    0,    0,    0,    0,    0,    0,    0,    0,    0,    0,    0,    0,    0,    0,    0,    0,    0,    0,    0,    0,    0,    0,    0,    0,    0,    0,   -8,    0,   -2,   -2,    0,    0,    0,  -11,   -2,  -12,   -8,    0,   -2,    0,    0,    0,    0,    0,    0,   -2,    0,   -3,    0,    0,    0,    0,    0,   -2,   -2,    0,  -12,    0,    0,    0,    0,   -2,   -2,    0,    0,    0,    0,    0,    0,    0,    0,    0,    0,    0,    0,    0,    0,    0,    0,    0,    0,    0,    0,    0,    0,    0,    0,    0,
       0,    0,    0,    0,    0,    0,    0,    0,    0,    0,    0,    0,    0,    0,    0,    0,    0,    0,    0,    0,    0,    0,    0,    0,    0,    0,    0,    0,    0,    0,    0,    0,    0,    0,    0,    0,    0,    0,    0,    0,    0,    0,    0,    0,    0,    0,    0,    0,    0,    0,    0,    0,    0,    0,    0,    0,    0,    0,    0,    0,    0,    0,    0,    0,    0,    0,    0,    0,    0,    0,    0,    0,    0,    0,    0,    0,    0,    0,    0,    0,    0,    0,    0,    0,    0,    0,    0,    0,    0,    0,    0,    0,    0,    0,    0,    0,    0,    0,    0,    0,    0,    0,    0,    0,    0,    0,    0,    0,    0,    0,    0,    0,    0,    0,    0,    0,    0,    0,    0,    0,    0,    0,    0,    0,    0,    0,    0,    0,    0,    0,    0,    0,    0,    0,    0,    0,    0,   -3,    0,   -2,   -2,    0,    0,    0,   -3,   -2,    0,   -2,    0,   -2,    0,    0,    0,    0,    0,    0,   -2,    0,   -3,    0,    0,    0,    0,    0,   -2,   -2,    0,    0,    0,    0,    0,    0,   -2,   -2,    0,    0,    0,    0,    0,    0,    0,    0,    0,    0,    0,    0,    0,    0,    0,    0,    0,    0,    0,    0,    0,    0,    0,    0,    0,
       0,    0,    0,    0,    0,    0,    0,    0,    0,    0,    0,    0,    0,    0,    0,    0,    0,    0,    0,    0,    0,    0,    0,    0,    0,    0,    0,    0,    0,    0,    0,    0,    0,    0,    0,    0,    0,    0,    0,    0,    0,    0,    0,    0,    0,    0,    0,    0,    0,    0,    0,    0,    0,    0,    0,    0,    0,    0,    0,    0,    0,    0,    0,    0,    0,    0,    0,    0,    0,    0,    0,    0,    0,    0,    0,    0,    0,    0,    0,    0,    0,    0,    0,    0,    0,    0,    0,    0,    0,    0,    0,    0,    0,    0,    0,    0,    0,    0,    0,    0,    0,    0,    0,    0,    0,    0,    0,    0,    0,    0,    0,    0,    0,    0,    0,    0,    0,    0,    0,    0,    0,    0,    0,    0,    0,    0,    0,    0,    0,    0,    0,    0,    0,    0,    0,    0,    0,   -3,    0,   -3,   -3,   -3,    0,   -7,   -7,   -3,   -5,   -4,    0,   -3,    0,    0,    0,    0,   -4,    0,   -3,    0,   -7,    0,    0,    0,    0,    0,   -3,   -3,    0,   -5,    0,    0,    0,   -7,   -3,   -3,   -7,    0,    0,    0,    0,    0,    0,    0,    0,    0,    0,    0,    0,    0,    0,    0,    0,    0,    0,    0,    0,    0,    0,    0,    0,
       0,    0,    0,    0,    0,    0,    0,    0,    0,    0,    0,    0,    0,    0,    0,    0,    0,    0,    0,    0,    0,    0,    0,    0,    0,    0,    0,    0,    0,    0,    0,    0,    0,    0,    0,    0,    0,    0,    0,    0,    0,    0,    0,    0,    0,    0,    0,    0,    0,    0,    0,    0,    0,    0,    0,    0,    0,    0,    0,    0,    0,    0,    0,    0,    0,    0,    0,    0,    0,    0,    0,    0,    0,    0,    0,    0,    0,    0,    0,    0,    0,    0,    0,    0,    0,    0,    0,    0,    0,    0,    0,    0,    0,    0,    0,    0,    0,    0,    0,    0,    0,    0,    0,    0,    0,    0,    0,    0,    0,    0,    0,    0,    0,    0,    0,    0,    0,    0,    0,    0,    0,    0,    0,    0,    0,    0,    0,    0,    0,    0,    0,    0,    0,    0,    0,    0,    0,   -3,    0,   -2,   -2,    0,    0,    0,   -3,   -2,   -3,   -2,    0,   -2,    0,    0,    0,    0,    0,    0,   -2,    0,   -3,    0,    0,    0,    0,    0,   -2,   -2,    0,   -3,    0,    0,    0,    0,   -2,   -2,    0,    0,    0,    0,    0,    0,    0,    0,    0,    0,    0,    0,    0,    0,    0,    0,    0,    0,    0,    0,    0,    0,    0,    0,    0,
       0,    0,    0,    0,    0,    0,    0,    0,    0,    0,    0,    0,    0,    0,    0,    0,    0,    0,    0,    0,    0,    0,    0,    0,    0,    0,    0,    0,    0,    0,    0,    0,    0,    0,    0,    0,    0,    0,    0,    0,    0,    0,    0,    0,    0,    0,    0,    0,    0,    0,    0,    0,    0,    0,    0,    0,    0,    0,    0,    0,    0,    0,    0,    0,    0,    0,    0,    0,    0,    0,    0,    0,    0,    0,    0,    0,    0,    0,    0,    0,    0,    0,    0,    0,    0,    0,    0,    0,    0,    0,    0,    0,    0,    0,    0,    0,    0,    0,    0,    0,    0,    0,    0,    0,    0,    0,    0,    0,    0,    0,    0,    0,    0,    0,    0,    0,    0,    0,    0,    0,  -20,    0,    0,  -32,    7,    0,    0,    0,    0,  -20,  -22,  -15,    0,  -38,  -10,    0,    0,   -2,   -3,    0,    0,    0,    0,    0,    0,    0,    0,    0,    0,    0,    0,    0,   -3,    0,    0,   -7,    0,   -7,    0,    0,    0,    0,    0,    0,    0,    0,    0,    0,    0,    0,    0,    0,    0,    0,    0,  -32,    0,  -32,    0,    0,    0,    0,    0,    0,    0,    0,    0,    0,    0,    0,    0,    0,    0,    0,    0,    0,    0,    0,    0,
       0,    0,    0,    0,    0,    0,    0,    0,    0,    0,    0,    0,    0,    0,    0,    0,    0,    0,    0,    0,    0,    0,    0,    0,    0,    0,    0,    0,    0,    0,    0,    0,    0,    0,    0,    0,    0,    0,    0,    0,    0,    0,    0,    0,    0,    0,    0,    0,    0,    0,    0,    0,    0,    0,    0,    0,    0,    0,    0,    0,    0,    0,    0,    0,    0,    0,    0,    0,    0,    0,    0,    0,    0,    0,    0,    0,    0,    0,    0,    0,    0,    0,    0,    0,    0,    0,    0,    0,    0,    0,    0,    0,    0,    0,    0,    0,    0,    0,    0,    0,    0,    0,    0,    0,    0,    0,    0,    0,    0,    0,    0,    0,    0,    0,    0,    0,    0,    0,    0,    0,    0,    0,    0,    0,    0,    0,    0,    0,    0,    0,    0,    0,    0,    0,    0,    0,    0,    0,    0,    0,    0,   -2,    0,    0,    0,    0,    0,    0,    0,    0,    0,    0,    0,    0,    0,   -8,    0,    0,    0,    0,    0,    0,    0,    0,    0,    0,    0,    0,    0,    0,    0,    0,    0,    0,    0,    0,    0,    0,    0,    0,    0,    0,    0,    0,    0,    0,    0,    0,    0,    0,    0,    0,    0,    0,    0,    0,    0,    0,    0,
       0,    0,    0,    0,    0,    0,    0,    0,  -94,  -24,  -47,    0,    0,    0,    0,    0,    0,    0,    0,    0,    0,    0,  -20,    0,    0,    0,    0,    0,    0,    0,    0,    0,    0,    0,    0,    0,    0,    0,    0,    0,    0,    0,    0,    0,    0,    0,    0,    0,    0,    0,    0,    0,    0,    0,    0,    0,    0,    0,    0,    0,    0,    0,    0,    0,    0,    0,    0,    0,    0,   -7,    0,    0,    0,    0,    0,    0,    0,    0,    0,    0,    0,    0,    0,    0,    0,    0,    0,    0,    0,    0,    0,    0,    0,    0,    0,    0,    0,    0,    0,    0,    0,    0,    0,    0,    0,    0,    0,    0,    0,    0,    0,    0,    0,    0,    0,    0,    0,    0,    0,    0,  -20,    0,  -24,    0,  -27,  -18,  -13,   -5,   -7,  -17,    0,  -15,    0,   -4,    0,   -7,  -20,  -22,  -20,  -47,  -47,  -17,  -55,    0,  -49,  -31,  -55,  -44,  -24,  -34,  -14,  -17,  -13,  -47,  -24,  -20,  -42,  -25,  -24,  -44,  -24,    0,  -24,  -20,  -32,    0,    0,  -55,    0,    0,  -45,    0,  -41,  -47,    0,    0,   -5,    0,   -5,    0,  -24,    0,    0,    0,    0,    0,    0,  -24,    0,    0,    0,    0,    0,    0,  -47,    0,    0,    0,    0,
       0,    0,    0,    0,    0,    0,    0,    0,  -55,    0,  -55,    0,    0,    0,    0,    0,    0,    0,    0,    0,    0,    0,    0,    0,    0,    0,    0,    0,    0,    0,    0,    0,    0,    0,    0,    0,    0,    0,    0,    0,    0,    0,    0,    0,    0,    0,    0,    0,    0,    0,    0,    0,    0,    0,    0,    0,    0,    0,    0,    0,    0,    0,    0,    0,    0,    0,    0,    0,    0,    0,    0,    0,    0,    0,    0,    0,    0,    0,    0,    0,    0,    0,    0,    0,    0,    0,    0,    0,    0,    0,    0,    0,    0,    0,    0,    0,    0,    0,    0,    0,    0,    0,    0,    0,    0,    0,    0,    0,    0,    0,    0,    0,    0,    0,    0,    0,    0,    0,    0,    0,    0,    0,    0,    0,    0,    0,    0,    0,    0,    0,    0,    0,    0,    0,    0,    0,    0,  -22,   -7,  -16,   -4,  -12,    0,   -8,  -17,   -4,  -37,  -19,    0,   -4,    0,    0,    0,    0,    0,    0,   -4,    0,   -3,  -15,    0,   -7,    0,  -11,   -4,   -4,    0,  -37,   -7,    0,    0,  -34,   -4,  -14,   -8,    0,    0,    0,    0,  -12,    0,    0,    0,    0,    0,    0,    0,    0,    0,    0,    0,    0,    0,    0,  -55,    0,    0,    0,    0,
       0,    0,    0,    0,    0,    0,    0,    0,  -40,    0,  -20,    0,    0,    0,    0,    0,    0,    0,    0,    0,    0,    0,    0,    0,    0,    0,    0,    0,    0,    0,    0,    0,    0,    0,    0,    0,    0,    0,    0,    0,    0,    0,    0,    0,    0,    0,    0,    0,    0,    0,    0,    0,    0,    0,    0,    0,    0,    0,    0,    0,    0,    0,    0,    0,    0,    0,    0,    0,    0,    0,    0,    0,    0,    0,    0,    0,    0,    0,    0,    0,    0,    0,    0,    0,    0,    0,    0,    0,    0,    0,    0,    0,    0,    0,    0,    0,    0,    0,    0,    0,    0,    0,    0,    0,    0,    0,    0,    0,    0,    0,    0,    0,    0,    0,    0,    0,    0,    0,    0,    0,    0,    0,    0,    0,    0,    0,    0,    0,    0,    0,    0,    0,    0,    0,    0,    0,    0,   -5,   -3,  -10,    0,   -8,    0,   -8,  -12,    0,  -13,   -4,    0,    0,    0,    0,    0,    0,    0,    0,    0,    0,   -3,   -3,    0,   -7,    0,   -3,    0,    0,    0,  -13,   -7,    0,    0,   -8,   -7,   -8,   -8,    0,    0,    0,    0,  -12,    0,    0,    0,    0,    0,    0,    0,    0,    0,    0,    0,    0,    0,    0,  -20,    0,    0,    0,    0,
       0,    0,    0,    0,    0,    0,    0,    0,  -44,    0,  -44,    0,    0,    0,    0,    0,    0,    0,    0,    0,    0,    0,  -13,    0,    0,    0,    0,    0,    0,    0,    0,    0,    0,    0,    0,    0,    0,    0,    0,    0,    0,    0,    0,    0,    0,    0,    0,    0,    0,    0,    0,    0,    0,    0,    0,    0,    0,    0,    0,    0,    0,    0,    0,    0,    0,    0,    0,    0,    0,  -13,    0,    0,    0,    0,    0,    0,    0,    0,    0,    0,    0,    0,    0,    0,    0,    0,    0,    0,    0,    0,    0,    0,    0,    0,    0,    0,    0,    0,    0,    0,    0,    0,    0,    0,    0,    0,    0,    0,    0,    0,    0,    0,    0,    0,    0,    0,    0,    0,    0,    7,  -18,    0,  -27,    0,  -37,  -18,   -6,    0,    0,  -18,    7,  -13,    0,    0,    7,   -7,  -24,  -29,    0,  -31,   -7,  -17,    0,  -20,  -41,   -7,  -35,  -34,    0,   -7,  -12,    0,   -9,    0,  -17,  -13,   -7,  -11,  -13,  -26,    0,    0,    0,  -24,   -7,   -7,    0,  -35,    0,    7,  -43,  -20,  -38,   -7,  -20,    0,    0,    0,    0,    0,    0,    0,    0,    0,    0,    0,    0,    0,    0,    0,    0,    0,    0,    0,  -44,    0,    0,    0,    0,
       0,    0,    0,    0,    0,    0,    0,    0,  -44,    0,  -44,    0,    0,    0,    0,    0,    0,    0,    0,    0,    0,    0,  -13,    0,    0,    0,    0,    0,    0,    0,    0,    0,    0,    0,    0,    0,    0,    0,    0,    0,    0,    0,    0,    0,    0,    0,    0,    0,    0,    0,    0,    0,    0,    0,    0,    0,    0,    0,    0,    0,    0,    0,    0,    0,    0,    0,    0,    0,    0,  -13,    0,    0,    0,    0,    0,    0,    0,    0,    0,    0,    0,    0,    0,    0,    0,    0,    0,    0,    0,    0,    0,    0,    0,    0,    0,    0,    0,    0,    0,    0,    0,    0,    0,    0,    0,    0,    0,    0,    0,    0,    0,    0,    0,    0,    0,    0,    0,    0,    0,    7,  -20,    0,  -27,    0,  -37,  -18,   -6,    0,    0,  -20,    7,  -13,    0,    0,    7,   -7,  -24,  -29,    0,  -31,   -7,  -17,    0,  -20,  -41,   -7,  -35,  -34,    0,   -7,  -12,    0,   -9,    0,  -17,  -13,   -7,  -11,  -13,  -26,    0,    0,    0,  -24,   -7,   -7,    0,  -35,    0,    7,  -43,  -20,  -38,   -7,  -20,    0,    0,    0,    0,    0,    0,    0,    0,    0,    0,    0,    0,    0,    0,    0,    0,    0,    0,    0,  -44,    0,    0,    0,    0,
       0,    0,    0,    0,    0,    0,    0,    0,    0,    0,    0,    0,    0,    0,    0,    0,    0,    0,    0,    0,    0,    0,    0,    0,    0,    0,    0,    0,    0,    0,    0,    0,    0,    0,    0,    0,    0,    0,    0,    0,    0,    0,    0,    0,    0,    0,    0,    0,    0,    0,    0,    0,    0,    0,    0,    0,    0,    0,    0,    0,    0,    0,    0,    0,    0,    0,    0,    0,    0,    0,    0,    0,    0,    0,    0,    0,    0,    0,    0,    0,    0,    0,    0,    0,    0,    0,    0,    0,    0,    0,    0,    0,    0,    0,    0,    0,    0,    0,    0,    0,    0,    0,    0,    0,    0,    0,    0,    0,    0,    0,    0,    0,    0,    0,    0,    0,    0,    0,    0,  -27,   -4,    0,    0,  -20,    0,    0,    0,    0,    0,   -4,  -25,   -9,    0,  -39,  -28,    0,    0,    0,    0,    0,    0,    0,    0,    0,    0,    0,    0,    0,    0,    0,    0,    0,    0,    0,    0,    0,    0,    0,    0,    0,    0,    0,    0,    0,    0,    0,    0,    0,    0,  -27,    0,    0,    0,    0,    0,  -20,    0,  -20,    0,    0,    0,    0,    0,    0,    0,    0,    0,    0,    0,    0,    0,    0,    0,    0,    0,    0,    0,    0,    0,
       0,    0,    0,    0,    0,    0,    0,    0,  -36,    0,  -36,    0,    0,    0,    0,    0,   -1,    0,    0,    0,    0,    0,    0,    0,    0,    0,  -32,   -5,    0,   -2,   -6,    0,   -2,    0,    0,    0,    0,    0,    0,    0,    0,    0,  -14,   11,  -14,  -14,   -2,  -19,   11,    4,    0,    0,  -14,    0,  -14,    0,  -17,   -1,    0,    0,    0,   -2,    0,   -3,    0,    0,    0,    0,    0,    0,  -16,  -32,    0,    0,  -14,  -14,  -14,  -14,  -14,  -14,  -14,  -14,   21,   21,   31,  -14,  -14,  -14,  -14,  -14,   11,  -14,  -14,  -14,  -14,  -14,  -14,  -19,  -19,   19,   24,   26,   -2,   10,   11,  -14,  -14,    0,  -17,  -17,    0,   -3,   26,  -15,   49,   19,   -8,  -14,    0,    0,    0,    0,    0,    0,    0,    0,    0,    0,    0,    0,    0,    0,    0,    0,    0,    0,    0,    0,    0,    0,    0,    0,    0,    0,    0,    0,    0,    0,    0,    0,    0,    0,    0,    0,    0,    0,    0,    0,    0,    0,    0,    0,    0,    0,    0,    0,    0,    0,    0,    0,    0,    0,    0,    0,    0,    0,    0,    0,    0,    0,    0,  -14,  -14,   23,  -14,  -14,  -14,    0,    0,    0,  -10,    0,    0,    0,  -36,    0,    0,  -15,    0,
       0,    0,    0,    0,    0,    0,    0,    0,  -38,    0,  -38,    0,    0,    0,    0,    0,  -18,    0,    0,    0,    0,    0,    0,    0,    0,    0,  -34,  -20,    0,    0,    0,    0,  -10,    0,    0,    0,    0,    0,    0,   -9,    0,    0,  -33,    3,  -33,  -33,  -11,  -34,    3,    2,    0,   -6,  -33,   -6,  -33,   -6,  -31,   -7,  -13,  -11,  -11,  -13,    0,  -20,   -1,    0,    0,    0,    0,    0,  -20,  -34,    0,    0,  -33,  -33,  -33,  -33,  -33,  -33,  -33,  -33,    2,   12,   26,  -33,  -33,  -33,  -33,  -33,    3,  -33,  -33,  -33,  -33,  -33,  -33,  -34,  -34,   11,   14,   11,    0,   10,    3,  -33,  -33,   -6,  -31,  -31,    0,  -20,   12,  -42,   44,   13,  -37,  -33,   -3,    0,    0,    0,    0,    0,    0,    0,    0,    0,    0,    0,    0,    0,    0,    0,    0,    0,    0,    0,    0,    0,    0,    0,    0,    0,    0,    0,    0,    0,    0,    0,    0,    0,    0,    0,    0,    0,    0,    0,    0,    0,    0,    0,    0,    0,    0,    0,    0,    0,    0,    0,    0,    0,    0,    0,    0,    0,    0,    0,    0,    0,    0,  -33,  -33,   11,  -33,  -33,  -33,    0,    0,    0,    0,    0,    0,    0,  -38,    0,    0,  -15,    0,
       0,    0,    0,    0,    0,    0,    0,    0,    0,    0,    0,    0,    0,    0,    0,    0,    0,    0,    0,  -23,    0,    0,    0,    0,  -11,    0,    0,   -7,    0,    0,    0,    0,    0,  -31,   -3,  -34,  -26,    0,  -34,    0,    0,    0,   -2,   -9,   -2,   -2,    0,    0,   -2,   -4,    0,   -1,   -2,   -1,   -2,   -1,    0,   -8,   -6,  -10,  -10,    0,   -5,    0,    0,    0,    0,    0,    0,    0,    0,    0,    0,    0,   -2,   -2,   -2,   -2,   -2,   -2,   -2,   -2,   -4,   -4,   -4,   -2,   -2,   -2,   -2,   -2,   -2,   -2,   -2,   -2,   -2,   -2,   -2,    0,    0,   -4,   -4,   -4,    0,    0,   -2,   -2,   -2,   -1,    0,    0,  -31,    0,   -4,   -2,   -4,   -4,   -2,   -2,   -1,    0,    0,    0,    0,    0,    0,    0,    0,    0,    0,    0,    0,    0,    0,    0,    0,    0,    0,    0,    0,    0,    0,    0,    0,    0,    0,    0,    0,    0,    0,    0,    0,    0,    0,    0,    0,    0,    0,    0,    0,    0,    0,    0,    0,    0,    0,    0,    0,    0,    0,    0,    0,    0,    0,    0,    0,    0,    0,    0,    0,    0,    0,   -2,   -2,   -4,   -2,   -2,   -2,    0,    0,    0,    0,    0,    0,    0,    0,    0,    0,    0,    0,
       0,    0,  -15,    0,    0,    0,  -19,    0,    0,   -5,    0,    0,    0,    0,    0,    0,    0,    0,    0,    0,    0,    0,    0,    0,   -9,    0,    0,    0,    0,    0,    0,    0,    0,    0,    0,    0,    0,    0,    0,    0,  -15,    0,    0,    0,    0,    0,    0,    0,    0,    0,    0,    0,    0,    0,    0,    0,    0,    0,    0,    0,    0,    0,    0,    0,    0,    0,    0,    0,    0,    0,    0,    0,    0,    0,    0,    0,    0,    0,    0,    0,    0,    0,    0,    0,    0,    0,    0,    0,    0,    0,    0,    0,    0,    0,    0,    0,    0,    0,    0,    0,    0,    0,    0,    0,    0,    0,    0,    0,    0,    0,    0,    0,    0,    0,    0,    0,    0,    0,    0,    0,    0,    0,    0,    0,    0,    0,    0,    0,    0,    0,    0,    0,    0,    0,    0,    0,    0,    0,    0,    0,    0,    0,    0,    0,    0,    0,    0,    0,    0,    0,    0,    0,    0,    0,    0,    0,    0,    0,    0,    0,    0,    0,    0,    0,    0,    0,    0,    0,    0,    0,    0,    0,    0,    0,    0,    0,    0,    0,    0,    0,    0,    0,    0,    0,    0,    0,    0,   -5,  -16,  -17,    0,  -16,  -17,    0,    0,    0,    0,    0,    0,
       0,    0,    0,    0,    0,    0,    0,    0,    0,    0,    0,    0,    0,   -6,  -18,  -17,    0,   -7,    0,  -36,    0,   -8,    0,    0,    0,    0,    0,    0,    0,    0,    0,    0,    0,    0,    0,    0,    0,    0,    0,    0,    0,    0,    0,    0,    0,    0,    0,    0,    0,    0,    0,    0,    0,    0,    0,    0,    0,    0,    0,    0,    0,    0,    0,    0,    0,    0,    0,    0,    0,    0,    0,    0,    0,    0,    0,    0,    0,    0,    0,    0,    0,    0,    0,    0,    0,    0,    0,    0,    0,    0,    0,    0,    0,    0,    0,    0,    0,    0,    0,    0,    0,    0,    0,    0,    0,    0,    0,    0,    0,    0,    0,    0,    0,    0,    0,    0,    0,    0,    0,    0,    0,    0,    0,    0,    0,    0,    0,    0,    0,    0,    0,    0,    0,    0,    0,    0,    0,    0,    0,    0,    0,    0,    0,    0,    0,    0,    0,    0,    0,    0,    0,    0,    0,    0,    0,    0,    0,    0,    0,    0,    0,    0,    0,    0,    0,    0,    0,    0,    0,    0,    0,    0,    0,    0,    0,    0,    0,    0,    0,    0,    0,    0,    0,    0,    0,    0,    0,    0,    0,    0,    0,    0,    0,    0,    0,    0,    0,    0,    0,
};

static const EpdLigaturePair literata_10_bolditalicLigaturePairs[] = {
    { 0x00660069, 0xFB01 }, // f i -> U+FB01
    { 0x0066006C, 0xFB02 }, // f l -> U+FB02
};

static const EpdFontData literata_10_bolditalic = {
    literata_10_bolditalicBitmaps,
    literata_10_bolditalicGlyphs,
    literata_10_bolditalicIntervals,
    68,
    31,
    25,
    -7,
    true,
    literata_10_bolditalicGroups,
    13,
    nullptr,
    literata_10_bolditalicKernLeftClasses,
    literata_10_bolditalicKernRightClasses,
    literata_10_bolditalicKernMatrix,
    529,
    505,
    156,
    199,
    literata_10_bolditalicLigaturePairs,
    2,
};
