/**
 * generated by fontconvert.py
 * name: sourceserif4_12_bold
 * size: 12
 * mode: 2-bit  compressed: true
 * Command used: C:\Users\m\Documents\Casper\lib\EpdFont\scripts\fontconvert.py sourceserif4_12_bold 12 C:\Users\m\Documents\Casper\lib\EpdFont\builtinFonts\source\Sourcerer\Sourcerer-Bold.ttf --2bit --compress --pnum --darken-aa
 */
#pragma once
#include "EpdFontData.h"

static const uint8_t sourceserif4_12_boldBitmaps[17601] = {
    0x95, 0x58, 0xBD, 0x8F, 0xDD, 0xC6, 0x11, 0x1F, 0x92, 0x80, 0x08, 0x98, 0x88, 0x56, 0xA5, 0x6D,
    0x59, 0x62, 0xE3, 0x22, 0x09, 0x24, 0x6D, 0x63, 0x20, 0x2A, 0xDE, 0xDD, 0x52, 0x16, 0x10, 0x17,
    0x2E, 0xEC, 0x3F, 0x21, 0x85, 0x8B, 0xC0, 0xCD, 0x35, 0x86, 0xA1, 0xE2, 0x24, 0xF2, 0xA4, 0x42,
    0x01, 0x02, 0x58, 0xF7, 0x0F, 0x18, 0x51, 0x9D, 0xC6, 0x02, 0x6C, 0x04, 0x2A, 0xEE, 0x6E, 0x57,
    0x56, 0xE1, 0xC2, 0x85, 0x08, 0xAB, 0x4C, 0xC3, 0xC4, 0x06, 0x12, 0xC0, 0x31, 0xBC, 0xB2, 0x89,
    0x98, 0xB2, 0x97, 0x9C, 0xFC, 0x66, 0xF9, 0xDE, 0xDD, 0xF9, 0xA4, 0x93, 0x95, 0x47, 0xCE, 0x3C,
    0x72, 0x3F, 0x66, 0x67, 0xE7, 0x7B, 0x59, 0x3A, 0xD3, 0x19, 0x8F, 0xAB, 0x33, 0xAD, 0x76, 0xA5,
    0x53, 0x8D, 0xAA, 0x0A, 0x22, 0x52, 0x0D, 0x5A, 0x70, 0xA9, 0xE6, 0xAA, 0x6A, 0x58, 0x3B, 0x36,
    0x0E, 0x78, 0xD2, 0x6E, 0xAF, 0x74, 0x68, 0x59, 0xA8, 0x6A, 0x81, 0x61, 0x77, 0x15, 0xD1, 0x00,
    0xE8, 0x4B, 0x22, 0x7F, 0x81, 0x0C, 0xB3, 0x5F, 0x41, 0xDA, 0x2D, 0x28, 0x13, 0x68, 0x37, 0xC9,
    0x32, 0xBB, 0x15, 0xE4, 0xAE, 0xA7, 0xA2, 0xF1, 0x11, 0xD4, 0x25, 0x4F, 0xB4, 0x88, 0xF7, 0x5E,
    0xA5, 0x30, 0xEF, 0x6A, 0xB8, 0xB6, 0x08, 0x7B, 0x8B, 0x60, 0x17, 0x64, 0x03, 0xC8, 0x55, 0x25,
    0xFB, 0x8C, 0x03, 0xD5, 0x23, 0xAD, 0x4F, 0xAF, 0x2E, 0xA6, 0xDD, 0xC5, 0x1E, 0x7A, 0x8D, 0xE9,
    0x0B, 0x6E, 0x96, 0x13, 0x5F, 0xA5, 0x7C, 0x20, 0xAA, 0xA8, 0xBC, 0x40, 0xA9, 0xA3, 0xF5, 0x92,
    0xF2, 0x86, 0xD6, 0x55, 0x05, 0xA6, 0xD6, 0x54, 0x73, 0x2E, 0xE2, 0x2B, 0x24, 0x2D, 0x8F, 0x40,
    0xA3, 0xCC, 0x3E, 0x7B, 0x50, 0x95, 0x17, 0xF2, 0x5B, 0x6F, 0xBA, 0x7C, 0x50, 0xEA, 0x0D, 0x07,
    0x12, 0x65, 0xDE, 0x12, 0xBD, 0x17, 0xB1, 0x97, 0x96, 0xCC, 0xA9, 0x37, 0x1D, 0x15, 0x55, 0xFE,
    0xA0, 0x22, 0x45, 0xC9, 0x18, 0x57, 0x21, 0x59, 0x48, 0x7E, 0x75, 0x4F, 0x94, 0xF4, 0xBB, 0x44,
    0x99, 0x37, 0x44, 0xF9, 0x8C, 0xAE, 0xE1, 0x35, 0x04, 0x20, 0xEE, 0xB8, 0x23, 0x6E, 0x36, 0xAA,
    0x94, 0xDB, 0xF3, 0xA4, 0x3E, 0xEA, 0x17, 0x64, 0x8A, 0xF1, 0x35, 0xAA, 0x33, 0xF6, 0x64, 0x89,
    0x5B, 0xAA, 0x9B, 0xDA, 0x13, 0x04, 0x3B, 0x51, 0xC9, 0x3F, 0x71, 0x9B, 0x72, 0x63, 0xDD, 0x55,
    0x66, 0x9E, 0xF6, 0xAE, 0x2E, 0x64, 0x9D, 0x33, 0x74, 0x95, 0x86, 0xCC, 0x17, 0xAD, 0x72, 0xBA,
    0x31, 0x95, 0xA1, 0xC3, 0x97, 0x6E, 0x94, 0x2B, 0xDA, 0xCC, 0x27, 0x03, 0x46, 0x9D, 0x11, 0x76,
    0x40, 0x1F, 0xAA, 0x92, 0xB6, 0x74, 0xA0, 0x80, 0x6B, 0x97, 0xF6, 0x96, 0xD7, 0xAE, 0xBC, 0xA7,
    0x7D, 0xA4, 0xD5, 0xAC, 0xD3, 0x45, 0x19, 0xFE, 0x09, 0xD4, 0x45, 0xA7, 0x06, 0xDA, 0xFB, 0x5B,
    0x6F, 0xB9, 0x7F, 0x79, 0xDA, 0xCE, 0x26, 0x52, 0x0F, 0x9A, 0xF2, 0x96, 0x7B, 0x21, 0x6B, 0x08,
    0x4A, 0x3C, 0x0A, 0x35, 0x34, 0x26, 0xF0, 0xB4, 0x3E, 0x01, 0x5D, 0xD5, 0xCE, 0x3A, 0xE3, 0xC0,
    0x57, 0x53, 0xD2, 0x0E, 0xBD, 0x4D, 0x3C, 0xF0, 0xA0, 0x49, 0x5A, 0x6B, 0xA7, 0x21, 0x9C, 0x96,
    0x0A, 0x47, 0x0A, 0x77, 0x43, 0x78, 0x85, 0xB8, 0xD6, 0x09, 0xCC, 0x83, 0x37, 0xDC, 0x49, 0x4F,
    0xA9, 0x87, 0x24, 0x61, 0x28, 0x07, 0xA3, 0xCA, 0x6A, 0x39, 0x10, 0xA3, 0x76, 0x88, 0xFE, 0x88,
    0x85, 0x6C, 0x4B, 0xD9, 0x23, 0x98, 0x4D, 0x3B, 0x52, 0xE9, 0x2C, 0x69, 0x57, 0x93, 0x71, 0x75,
    0x63, 0x9C, 0x11, 0x38, 0x7C, 0x35, 0xD2, 0x2E, 0xFD, 0x32, 0x4E, 0xC6, 0xCB, 0x3C, 0x99, 0x4F,
    0x2F, 0x91, 0x1E, 0xC9, 0xA0, 0xE1, 0x39, 0xEE, 0xD3, 0xDC, 0xD4, 0xDC, 0x9D, 0xE0, 0x46, 0x97,
    0xBE, 0xCE, 0xC3, 0x94, 0x85, 0x9D, 0x2C, 0x9C, 0xCA, 0x02, 0xE5, 0x81, 0x54, 0x4F, 0x65, 0x87,
    0xE5, 0x69, 0xA2, 0xAC, 0x17, 0xAE, 0xC1, 0xAC, 0xE5, 0x89, 0xE3, 0x9D, 0x40, 0xFD, 0xF9, 0x7D,
    0x0C, 0xBA, 0x07, 0xFD, 0x3A, 0x86, 0xFD, 0x30, 0xD8, 0x07, 0x88, 0x19, 0xE5, 0xE0, 0x04, 0x16,
    0x40, 0xF9, 0x38, 0xB7, 0x11, 0x43, 0xBD, 0xB6, 0x31, 0xF2, 0x5F, 0x61, 0xEC, 0xCD, 0x40, 0x29,
    0xE6, 0x53, 0x22, 0x96, 0x04, 0x28, 0x00, 0x25, 0xC0, 0x00, 0x3E, 0x06, 0x7C, 0x19, 0x28, 0x03,
    0xED, 0xE2, 0x32, 0xE8, 0xA3, 0x7F, 0x01, 0x58, 0xA9, 0x27, 0xAA, 0x28, 0x5B, 0xCE, 0x03, 0x64,
    0xCC, 0x94, 0xAF, 0xA0, 0x02, 0x29, 0x5A, 0x02, 0xE8, 0x17, 0xF0, 0xA7, 0x24, 0x9F, 0xD7, 0x07,
    0x34, 0x2F, 0x46, 0x1E, 0x8E, 0xF2, 0x01, 0x3E, 0xE9, 0x65, 0xC2, 0x03, 0x74, 0xDC, 0xC7, 0xA1,
    0x91, 0x25, 0x3C, 0x2A, 0xF8, 0xAC, 0xFE, 0x7A, 0x10, 0x67, 0x27, 0xF3, 0x0F, 0xCC, 0x89, 0x06,
    0x50, 0xEF, 0xEB, 0x00, 0xD2, 0x6F, 0x54, 0x67, 0xE1, 0x16, 0x98, 0x60, 0xE1, 0x0E, 0x3C, 0xC6,
    0x1B, 0x6F, 0x77, 0x11, 0x29, 0x44, 0xDD, 0x30, 0x0A, 0xE8, 0x5A, 0x37, 0xA2, 0x65, 0x4B, 0x34,
    0x0A, 0x6D, 0x78, 0x31, 0x28, 0x43, 0xB4, 0x70, 0x89, 0xF2, 0x86, 0x37, 0x49, 0xB0, 0x14, 0xEC,
    0xA5, 0x60, 0xBF, 0xEC, 0x0D, 0xB7, 0x9A, 0x9B, 0x82, 0x7D, 0x0E, 0xD3, 0xB2, 0xC1, 0xE6, 0xD3,
    0x94, 0x4E, 0x13, 0x8D, 0x36, 0x09, 0xE6, 0x86, 0x84, 0x02, 0x11, 0x7B, 0xF1, 0x28, 0xC0, 0x30,
    0xC0, 0x92, 0xB3, 0x95, 0x18, 0x41, 0x1D, 0x59, 0x9A, 0x41, 0x79, 0xEB, 0x52, 0x46, 0xC8, 0x88,
    0x62, 0x9F, 0x66, 0x31, 0xC9, 0x3E, 0x2C, 0x1C, 0x1D, 0xDA, 0x78, 0x01, 0x3D, 0x87, 0x6C, 0x36,
    0xFE, 0x0E, 0xDE, 0x8F, 0xF6, 0x3C, 0xCD, 0xEA, 0x57, 0x73, 0xC0, 0x7D, 0x25, 0x86, 0x96, 0x88,
    0xCB, 0x88, 0xEE, 0x40, 0xD9, 0x40, 0x96, 0x2A, 0xEA, 0x1C, 0x0F, 0x25, 0x56, 0x4F, 0x44, 0xF0,
    0xE5, 0x3E, 0xB5, 0x7D, 0x05, 0x1E, 0xF9, 0x1D, 0x69, 0xBF, 0x28, 0xCA, 0x22, 0x3D, 0x88, 0x80,
    0xE2, 0xDF, 0x04, 0x42, 0x54, 0x0E, 0x58, 0x4A, 0x07, 0xA1, 0x0D, 0x7F, 0x39, 0x35, 0xB3, 0x01,
    0xC1, 0xF6, 0x62, 0xEB, 0xA7, 0xB1, 0xDD, 0xA2, 0x81, 0x91, 0x26, 0xD6, 0x29, 0x88, 0x15, 0xCE,
    0xDE, 0xC1, 0x26, 0xE9, 0x44, 0x1C, 0x06, 0x5F, 0x33, 0xDD, 0xF2, 0xC6, 0x33, 0x25, 0xF6, 0xB1,
    0x38, 0xF5, 0xF6, 0x69, 0x27, 0x51, 0x82, 0xE0, 0x95, 0xAD, 0x04, 0x98, 0xA2, 0x31, 0x7F, 0x3A,
    0x4F, 0x65, 0xC2, 0xA3, 0xA2, 0xB5, 0xCC, 0x07, 0x45, 0x0B, 0xE5, 0x80, 0xEF, 0x96, 0x5B, 0xC0,
    0xBD, 0x79, 0x7D, 0x10, 0x9C, 0x02, 0x7B, 0x93, 0xF5, 0x67, 0xF1, 0x7C, 0xD9, 0x2F, 0xE8, 0xAE,
    0xF9, 0xB6, 0x1F, 0x68, 0x53, 0x8F, 0x08, 0x7C, 0x8B, 0xA2, 0xAB, 0x9B, 0xE5, 0x86, 0x8B, 0xB8,
    0x9D, 0xE4, 0x71, 0x94, 0x99, 0x8E, 0x66, 0x06, 0x83, 0x00, 0x1A, 0x68, 0xB6, 0x78, 0x52, 0x11,
    0x41, 0x4C, 0x74, 0x5E, 0xB4, 0x75, 0x51, 0xD0, 0x6B, 0xA2, 0xBB, 0x3B, 0xD0, 0x16, 0xD6, 0x00,
    0x6A, 0x8D, 0x98, 0x09, 0x28, 0x67, 0x0D, 0xB4, 0x98, 0x55, 0x6A, 0x80, 0x75, 0x63, 0xF2, 0xC6,
    0xB6, 0x9E, 0x2A, 0xEE, 0x0C, 0x37, 0x30, 0xCE, 0x2A, 0x0F, 0xDA, 0xE7, 0x41, 0xF5, 0x79, 0x28,
    0x42, 0x1E, 0xAF, 0x62, 0xC0, 0x3B, 0xDA, 0xB4, 0xCB, 0x79, 0x42, 0x7F, 0x89, 0xBE, 0x0C, 0xED,
    0xD9, 0x04, 0xE0, 0xE5, 0x7F, 0x90, 0x76, 0x99, 0x1F, 0xBD, 0xC5, 0x6E, 0x0D, 0x30, 0x16, 0x50,
    0xA1, 0x9D, 0xD2, 0xD3, 0x15, 0x2C, 0x4C, 0x11, 0xDA, 0x43, 0xB0, 0x6C, 0xD3, 0xD8, 0x29, 0xC6,
    0x6D, 0x62, 0xFC, 0x0E, 0xF1, 0x56, 0x80, 0xF8, 0xBF, 0x32, 0x3C, 0xC9, 0xB6, 0x34, 0xC2, 0x42,
    0x88, 0xF1, 0x03, 0x5A, 0x43, 0x10, 0xE1, 0x88, 0x2A, 0x41, 0x0D, 0x90, 0x75, 0x3F, 0x43, 0xB1,
    0x6D, 0xEE, 0x95, 0x19, 0x23, 0x10, 0xBC, 0x03, 0x6C, 0xB7, 0x70, 0x3A, 0x18, 0x12, 0x98, 0xEB,
    0x40, 0x0E, 0x1B, 0x49, 0x97, 0x80, 0xA0, 0x12, 0x4E, 0x02, 0xCE, 0xCE, 0xC0, 0xD3, 0xF2, 0x59,
    0xDA, 0xA4, 0x8F, 0xDE, 0x06, 0x60, 0xB3, 0x84, 0xB1, 0xC9, 0x7E, 0x8A, 0x3E, 0x98, 0x9F, 0x1C,
    0xA2, 0x71, 0xF2, 0x38, 0x1A, 0xFB, 0x00, 0x67, 0x04, 0x0F, 0xED, 0x1C, 0x4E, 0xC0, 0x6D, 0x10,
    0x7F, 0x42, 0x50, 0x1A, 0xB0, 0x6F, 0x11, 0x52, 0x94, 0xC6, 0x12, 0xB5, 0x11, 0xFD, 0xF6, 0xAF,
    0x95, 0x69, 0x45, 0x2D, 0x1D, 0x82, 0x9F, 0xF1, 0x18, 0xAE, 0x05, 0xA9, 0x5E, 0x62, 0x95, 0x08,
    0x86, 0xF8, 0x06, 0x10, 0x04, 0x06, 0xC2, 0x9F, 0x73, 0xAF, 0xF9, 0xA6, 0xB0, 0xB7, 0x94, 0xC4,
    0xD3, 0x11, 0x92, 0x66, 0xF3, 0xEC, 0x21, 0x7A, 0xFA, 0xBD, 0x18, 0x03, 0xE8, 0x19, 0xF8, 0x48,
    0x6C, 0x7C, 0x9E, 0x1B, 0x36, 0x84, 0xF1, 0x19, 0x8F, 0x29, 0x0F, 0xB2, 0x81, 0x5F, 0xBE, 0xDD,
    0xEA, 0x6E, 0x8C, 0x91, 0x5A, 0x05, 0xEA, 0x36, 0xFC, 0x19, 0x18, 0xE0, 0x1B, 0xA2, 0xC6, 0x24,
    0x6A, 0xDF, 0x01, 0x29, 0x11, 0xE0, 0x39, 0x41, 0x9B, 0x82, 0x60, 0x1B, 0x12, 0xA1, 0x05, 0x49,
    0xAF, 0x89, 0x08, 0xE1, 0x11, 0x06, 0x28, 0x83, 0x85, 0x1B, 0xC8, 0x4B, 0x4F, 0x85, 0x18, 0xF4,
    0x2D, 0x86, 0x04, 0x5D, 0x14, 0xFE, 0x51, 0x85, 0x3C, 0x03, 0x96, 0xCA, 0x9D, 0x15, 0x1D, 0x15,
    0x3F, 0x49, 0x99, 0xA2, 0x25, 0x37, 0xB4, 0x19, 0xA2, 0x3D, 0xE3, 0xB5, 0x89, 0xD8, 0x95, 0xC0,
    0xB6, 0x5D, 0x17, 0xDC, 0x09, 0xFE, 0x8B, 0x7F, 0x1F, 0xF8, 0x56, 0xFF, 0x1D, 0xF0, 0x9F, 0x83,
    0xE0, 0x9B, 0xD3, 0x17, 0xC0, 0x37, 0xF8, 0x53, 0xE0, 0xEB, 0x7C, 0x1D, 0xB8, 0xE1, 0xD7, 0x23,
    0x46, 0xA2, 0xD8, 0xF8, 0x6A, 0xAF, 0xE0, 0x6D, 0x3B, 0xAC, 0x69, 0x48, 0x3D, 0xC8, 0x22, 0x53,
    0x2A, 0x6B, 0x54, 0x67, 0x84, 0xB8, 0x20, 0x0F, 0xF4, 0x51, 0x0F, 0x74, 0x2B, 0x00, 0xDD, 0xE4,
    0x33, 0x42, 0xE5, 0x43, 0x99, 0xFE, 0x0D, 0x10, 0x04, 0x97, 0x35, 0x5A, 0x90, 0x12, 0x24, 0xA9,
    0xB8, 0x81, 0xF1, 0xEB, 0x7F, 0x23, 0x41, 0xA0, 0x6F, 0x6D, 0x0E, 0x9E, 0x34, 0x21, 0x86, 0x65,
    0x43, 0x26, 0xE9, 0x02, 0xBD, 0xB0, 0x37, 0x16, 0x53, 0x43, 0x1E, 0x92, 0xCA, 0x0B, 0xDA, 0x98,
    0x91, 0x9B, 0x9F, 0xBA, 0x25, 0xAA, 0xE2, 0xB8, 0x38, 0x23, 0xCE, 0xA5, 0x11, 0x54, 0x22, 0x3D,
    0x13, 0x0D, 0x5D, 0xB7, 0x88, 0x0E, 0xFD, 0x1C, 0x25, 0xB2, 0x25, 0xE4, 0xAB, 0x68, 0xD1, 0xCE,
    0xCE, 0x40, 0xC7, 0x3B, 0xC2, 0xFF, 0xCB, 0x98, 0x3B, 0x60, 0x4C, 0x2F, 0x19, 0xC3, 0x0A, 0x12,
    0x69, 0x52, 0xDE, 0xF0, 0xC2, 0x54, 0x35, 0xAF, 0x10, 0x33, 0x55, 0xCC, 0xC2, 0x70, 0x11, 0x59,
    0x44, 0x8A, 0x18, 0x89, 0x4D, 0x12, 0xDC, 0x56, 0x71, 0x21, 0x06, 0x96, 0x03, 0x54, 0xF4, 0x73,
    0xAC, 0x10, 0xAE, 0xC5, 0xA0, 0x5A, 0xB1, 0x25, 0x19, 0xAC, 0xA2, 0x55, 0xC9, 0x8C, 0x22, 0x9A,
    0x96, 0x98, 0xFA, 0x8D, 0x09, 0xA6, 0x75, 0x0F, 0x76, 0x65, 0xC7, 0x58, 0xCD, 0x96, 0x0E, 0x85,
    0x26, 0x52, 0x9D, 0x69, 0x5F, 0x92, 0x24, 0x82, 0x2D, 0xA2, 0x0A, 0xE6, 0x3E, 0x12, 0x4B, 0xC4,
    0x56, 0x4B, 0xEC, 0x19, 0x29, 0x67, 0x0D, 0x49, 0x71, 0x5D, 0x0C, 0x9E, 0x50, 0x8B, 0x5D, 0x92,
    0x54, 0xD3, 0x49, 0x99, 0x3F, 0x22, 0x4A, 0xAE, 0xAD, 0xE0, 0x1D, 0xE5, 0x5F, 0x8C, 0x69, 0xF6,
    0x59, 0x50, 0x2E, 0xC1, 0x46, 0xFA, 0x55, 0x0D, 0x66, 0x60, 0xA7, 0x5B, 0xDC, 0x82, 0xC7, 0x93,
    0xF4, 0xBC, 0x08, 0x7B, 0x91, 0x58, 0x45, 0xE7, 0x08, 0x15, 0xED, 0x02, 0x02, 0xDB, 0x92, 0xB2,
    0x4F, 0xC2, 0xD3, 0xE9, 0xA9, 0x42, 0x09, 0x72, 0x19, 0x75, 0x36, 0xAC, 0x51, 0x32, 0xC5, 0x15,
    0xC9, 0x30, 0x77, 0xA2, 0x6F, 0xA0, 0xD6, 0x4B, 0x50, 0x5A, 0x32, 0x0E, 0x0E, 0x09, 0xC3, 0x41,
    0x89, 0xDF, 0x80, 0xDC, 0xED, 0xE7, 0x92, 0x7C, 0x1F, 0x48, 0xE0, 0xFA, 0x46, 0x24, 0x2E, 0x1A,
    0x28, 0x63, 0x52, 0xEA, 0x25, 0x47, 0xC5, 0x6C, 0x25, 0x71, 0x8F, 0x15, 0x3F, 0x14, 0xB2, 0x05,
    0x1C, 0xA1, 0x52, 0x3D, 0x74, 0xFE, 0x1E, 0x62, 0x20, 0x7C, 0xEA, 0x0E, 0x78, 0xC2, 0x1F, 0xC8,
    0x87, 0x82, 0x2B, 0x18, 0xC5, 0xA8, 0xEC, 0x96, 0x43, 0xC2, 0x3E, 0x59, 0xDF, 0x97, 0x95, 0x5E,
    0x31, 0xF7, 0xA5, 0x14, 0x39, 0x67, 0x1E, 0x4A, 0x01, 0x76, 0xA5, 0xFC, 0x5A, 0x4A, 0xDC, 0x5E,
    0x89, 0x92, 0x8D, 0x8F, 0x99, 0xCF, 0xF8, 0x98, 0x0A, 0x75, 0x17, 0xD5, 0x5F, 0xBA, 0x98, 0x1D,
    0x95, 0x4B, 0xFB, 0xB8, 0xEC, 0x08, 0x61, 0x15, 0x83, 0x2C, 0x82, 0xA2, 0x6F, 0x2A, 0x2A, 0x6C,
    0xF7, 0x2D, 0xB1, 0x8F, 0xFF, 0x08, 0xDF, 0x43, 0x9C, 0x2E, 0xC3, 0x87, 0x55, 0x32, 0x35, 0x42,
    0xF2, 0x7D, 0x21, 0xEF, 0xA1, 0xE8, 0xD4, 0xD5, 0xB0, 0x88, 0x06, 0x63, 0x36, 0xB6, 0x21, 0x74,
    0x1C, 0x59, 0x18, 0x44, 0xDF, 0x9A, 0xEC, 0x94, 0x8F, 0x0A, 0xB1, 0x4A, 0xC8, 0x66, 0x13, 0x5C,
    0x8F, 0x51, 0x31, 0xF2, 0x07, 0x60, 0x0D, 0x74, 0xCD, 0x30, 0x53, 0x2D, 0x9F, 0x02, 0xF6, 0x47,
    0x49, 0xC6, 0x62, 0x96, 0xED, 0x1A, 0x4C, 0x7B, 0x91, 0x70, 0xB3, 0x89, 0xED, 0xFF, 0x5A, 0xEA,
    0x5C, 0x59, 0x5F, 0xEA, 0x47, 0x99, 0x2B, 0x55, 0xB8, 0xAC, 0x2F, 0xB5, 0xA4, 0x14, 0x26, 0x21,
    0xD9, 0x56, 0x43, 0xDA, 0x21, 0x13, 0xE0, 0x9C, 0x99, 0x75, 0xB0, 0x9E, 0xCE, 0xF6, 0xB6, 0xDB,
    0xA3, 0x5F, 0xBE, 0x2C, 0xE4, 0xF5, 0xEE, 0xED, 0x10, 0xCF, 0x08, 0xEB, 0xF1, 0xB0, 0xA0, 0x63,
    0x3D, 0x83, 0xAA, 0x12, 0x05, 0x06, 0xCA, 0x4B, 0x28, 0x08, 0x65, 0x85, 0xC8, 0x6B, 0x88, 0x67,
    0x0D, 0x1C, 0x24, 0xAE, 0xAD, 0xC6, 0xE1, 0x80, 0xB1, 0x3F, 0x34, 0x6D, 0xDE, 0xBD, 0x6D, 0x7D,
    0xF6, 0x5C, 0xD7, 0x86, 0x87, 0x1F, 0xEC, 0x48, 0x0D, 0x89, 0x88, 0x59, 0xFC, 0xDD, 0x29, 0xA9,
    0x52, 0xFB, 0xAB, 0x84, 0x58, 0x2E, 0x27, 0x37, 0xEC, 0x7F, 0x10, 0x80, 0x57, 0xA0, 0x00, 0x2D,
    0x5A, 0x9C, 0x6C, 0xFE, 0x20, 0xF5, 0xBC, 0xFA, 0x6C, 0x20, 0x7D, 0x1D, 0xA7, 0xD9, 0xEB, 0x23,
    0xBD, 0x00, 0x23, 0xA1, 0x0D, 0xB8, 0xFA, 0x8F, 0x13, 0xE9, 0x4F, 0x27, 0xB4, 0x2D, 0xE1, 0x3E,
    0x60, 0x62, 0xA7, 0x7A, 0x5B, 0x9D, 0x10, 0x51, 0xF9, 0x58, 0x4E, 0xFC, 0xDC, 0x59, 0xBE, 0x43,
    0xF9, 0x86, 0x44, 0xA1, 0x06, 0x9C, 0xCA, 0x7D, 0xBC, 0x7A, 0xC0, 0x70, 0x08, 0xF0, 0x5E, 0xE2,
    0xA9, 0x46, 0x78, 0xC7, 0x09, 0xE6, 0x5F, 0x63, 0xAC, 0xBF, 0xF3, 0x61, 0x07, 0xF3, 0x71, 0x6A,
    0x6A, 0xE5, 0xD4, 0xB4, 0x2E, 0x79, 0x0A, 0xBE, 0x3B, 0x43, 0x2C, 0x5F, 0x7C, 0x02, 0xF3, 0x56,
    0xF0, 0xF0, 0x79, 0x3C, 0x5C, 0x46, 0x94, 0x04, 0x43, 0x95, 0x7A, 0xCB, 0x1C, 0x00, 0xD7, 0x2E,
    0x8F, 0xEB, 0xD7, 0xF2, 0xCD, 0x60, 0xBF, 0xDE, 0x5F, 0x95, 0xD9, 0x48, 0xF0, 0xB1, 0x5D, 0x3F,
    0x96, 0x62, 0x93, 0x7D, 0xCA, 0x88, 0x1F, 0xB2, 0x3E, 0xCE, 0x01, 0xAA, 0xB5, 0x52, 0x98, 0xCF,
    0xC5, 0xB9, 0x78, 0xF9, 0x6A, 0x7D, 0x29, 0x9D, 0x7C, 0x4A, 0xE5, 0x78, 0x68, 0x7D, 0x24, 0x3F,
    0x3B, 0xA6, 0x8F, 0xA7, 0xAC, 0xDF, 0x81, 0xB3, 0x61, 0xEB, 0xB5, 0x7C, 0x39, 0x40, 0x11, 0x4F,
    0xC7, 0xDD, 0x08, 0x8A, 0x75, 0x0C, 0x91, 0xE0, 0xFB, 0x8B, 0x56, 0x3D, 0x44, 0xA6, 0xBC, 0x07,
    0x81, 0x37, 0x88, 0x95, 0x5B, 0x00, 0x3C, 0x97, 0x0F, 0x07, 0x49, 0x78, 0x52, 0xFC, 0x8A, 0xC1,
    0x88, 0x25, 0xC4, 0x5A, 0x4A, 0x04, 0x25, 0x42, 0x5D, 0x03, 0x6B, 0x10, 0x93, 0xDB, 0x85, 0x75,
    0xD4, 0xD5, 0x2E, 0x04, 0xBD, 0x4D, 0xC7, 0x2A, 0xE2, 0x11, 0x02, 0xF6, 0x4F, 0x60, 0x88, 0x6D,
    0xAB, 0x06, 0x0D, 0x65, 0x94, 0x5D, 0x14, 0xFC, 0x13, 0xA0, 0xBD, 0x1E, 0xEA, 0xBE, 0x1E, 0x39,
    0xE4, 0x51, 0x65, 0x79, 0x17, 0x8B, 0xDF, 0x3B, 0xDA, 0x5B, 0xAF, 0x8E, 0x5C, 0x18, 0x09, 0x9B,
    0xA8, 0x96, 0x95, 0x04, 0x1E, 0xE6, 0xDF, 0x09, 0xA9, 0xDD, 0x45, 0x1B, 0xE6, 0x97, 0xEF, 0x75,
    0xD3, 0xD4, 0x35, 0xD5, 0x41, 0xEA, 0x0F, 0x39, 0x0A, 0xE8, 0xE5, 0x06, 0x9E, 0x0C, 0xBB, 0x0C,
    0x4B, 0xD9, 0xD8, 0x56, 0xA8, 0xD3, 0x95, 0x87, 0x04, 0xBF, 0x07, 0xA0, 0xD6, 0x51, 0x38, 0xA3,
    0xA9, 0xFF, 0x4E, 0xD2, 0x2F, 0x80, 0xDA, 0x1A, 0x87, 0x9E, 0xC1, 0xF4, 0xF5, 0xA4, 0xC3, 0x09,
    0xB0, 0xBC, 0xF1, 0x04, 0xD3, 0x47, 0x37, 0x90, 0x3C, 0x62, 0xC9, 0xD8, 0x3F, 0xF0, 0x03, 0xAE,
    0x2C, 0xDB, 0x09, 0x34, 0x7A, 0xDD, 0xC9, 0x01, 0x4C, 0xC3, 0x32, 0x9E, 0x07, 0x8B, 0xC0, 0x6C,
    0x07, 0x91, 0xE1, 0xE0, 0x00, 0x6A, 0x42, 0x0B, 0xCA, 0x87, 0xA0, 0x7B, 0x11, 0xF4, 0xB1, 0xB0,
    0x2F, 0xE8, 0xD9, 0xE2, 0x46, 0x1C, 0x74, 0x6A, 0x1C, 0x07, 0xF7, 0xAD, 0xB4, 0x5D, 0xDA, 0x6C,
    0xBB, 0x6A, 0x41, 0x7F, 0x25, 0xE3, 0x64, 0x7C, 0x0A, 0xCF, 0x8A, 0x87, 0xAD, 0xC1, 0xAC, 0x76,
    0x33, 0x3C, 0xDD, 0xB3, 0xE0, 0x79, 0xE2, 0x01, 0x3F, 0x8C, 0x4F, 0xC8, 0x14, 0x26, 0x38, 0xDB,
    0xA0, 0xBD, 0xFE, 0x6C, 0x2F, 0x71, 0x4B, 0x2F, 0xE9, 0x6B, 0xF1, 0x12, 0xA8, 0xD6, 0xFC, 0xDC,
    0xCB, 0x22, 0x08, 0x53, 0x3C, 0x24, 0x3E, 0xD4, 0xDF, 0x4F, 0xF6, 0xA7, 0x49, 0x85, 0x1D, 0x35,
    0x3C, 0xCD, 0xEE, 0x1F, 0xCB, 0x9A, 0x08, 0x32, 0xEA, 0x3A, 0x42, 0x11, 0x8E, 0x46, 0xB7, 0x8D,
    0x94, 0x07, 0x38, 0x2D, 0xFB, 0x02, 0xFA, 0xAC, 0x03, 0xCE, 0x22, 0x9B, 0x59, 0x7F, 0x2D, 0x47,
    0x40, 0xA8, 0x92, 0xDB, 0xF1, 0xE8, 0x1D, 0x27, 0x5A, 0x6E, 0xC4, 0xF0, 0x8F, 0xF3, 0xA8, 0x1E,
    0x3E, 0xE1, 0xD2, 0x29, 0x1A, 0xE0, 0x86, 0x87, 0x3A, 0x3C, 0x1F, 0x23, 0x78, 0x73, 0x00, 0x13,
    0x77, 0x05, 0x7F, 0x3B, 0xA4, 0x30, 0x16, 0xC3, 0xC6, 0xEB, 0xA9, 0xEC, 0x8A, 0xA1, 0xA8, 0xA4,
    0xE8, 0xCD, 0xC6, 0x93, 0xE0, 0xF2, 0x15, 0x84, 0x4E, 0x04, 0x4A, 0xBE, 0x0B, 0x49, 0xF9, 0x39,
    0x25, 0x68, 0x39, 0x1A, 0xBB, 0x08, 0x66, 0xB2, 0x01, 0x15, 0xF3, 0xA0, 0xFB, 0x3D, 0x24, 0xD3,
    0x12, 0xA6, 0x59, 0x0C, 0xDA, 0x5F, 0x44, 0x0E, 0x35, 0xFD, 0x27, 0xC0, 0xBF, 0x1B, 0x3C, 0x25,
    0xE3, 0xC7, 0x41, 0x32, 0xEF, 0x3F, 0x27, 0x49, 0x25, 0x2D, 0xC7, 0x28, 0x22, 0x47, 0x43, 0xD3,
    0x58, 0x71, 0xE8, 0xCA, 0xC4, 0xAF, 0x52, 0x70, 0x70, 0x1E, 0xC5, 0x74, 0x75, 0xA5, 0xC2, 0x02,
    0x29, 0xF2, 0xBD, 0xF9, 0xC3, 0x4A, 0x1C, 0xDF, 0xCE, 0xAB, 0x43, 0x3C, 0xD9, 0x03, 0xF9, 0x98,
    0x32, 0xD1, 0x06, 0x8A, 0x03, 0x1C, 0x12, 0x70, 0x52, 0xD0, 0x7D, 0x39, 0x16, 0x92, 0x00, 0x1B,
    0x64, 0x6E, 0xCC, 0x53, 0x48, 0xD6, 0xBF, 0x92, 0x4C, 0x0D, 0x8D, 0x20, 0xF0, 0xC7, 0x7A, 0x48,
    0xF4, 0xDD, 0xCD, 0x5C, 0xE7, 0x80, 0x0C, 0xAB, 0xE7, 0x58, 0xF4, 0x83, 0xF9, 0x3B, 0x8D, 0xE4,
    0x49, 0xE9, 0xAE, 0x39, 0x6C, 0x16, 0x61, 0x53, 0xF9, 0x1D, 0x84, 0x38, 0x44, 0x3A, 0x46, 0x3A,
    0x95, 0x2F, 0x4B, 0x45, 0x78, 0x51, 0xF5, 0x6B, 0xDA, 0x2F, 0x4C, 0xBB, 0x63, 0x39, 0xA4, 0xA8,
    0xC9, 0xE4, 0x33, 0x9F, 0x6E, 0x4A, 0xF9, 0xB4, 0x87, 0x4B, 0x61, 0x27, 0xF0, 0xA0, 0x2A, 0x3E,
    0xBB, 0xE5, 0x47, 0xC0, 0x4A, 0x3B, 0xE4, 0xFB, 0x77, 0x36, 0x8F, 0xFD, 0xFD, 0x06, 0x6B, 0x14,
    0xCB, 0x34, 0x95, 0x77, 0x32, 0x37, 0x77, 0x59, 0x4F, 0x53, 0x1A, 0xF2, 0x48, 0x35, 0x6F, 0x57,
    0x49, 0x0C, 0xDE, 0x58, 0xE9, 0xF6, 0x6C, 0xDD, 0x5F, 0x18, 0x76, 0xD7, 0xBC, 0x09, 0xBE, 0xF0,
    0xFF, 0x03, 0xB5, 0x59, 0x3B, 0x93, 0x15, 0xC7, 0x15, 0x3E, 0x33, 0x6D, 0xE9, 0x4A, 0x8C, 0x96,
    0x56, 0xA0, 0x40, 0x65, 0x1E, 0xE3, 0x80, 0x40, 0x65, 0x2D, 0xDB, 0xC9, 0x06, 0x04, 0xB3, 0xB7,
    0xC7, 0x56, 0xE0, 0xC0, 0x81, 0xF8, 0x07, 0x38, 0x70, 0xE8, 0x2A, 0x08, 0x08, 0x08, 0x76, 0x99,
    0x01, 0x05, 0x04, 0xAE, 0x12, 0xFC, 0x01, 0x17, 0xB8, 0xCA, 0x91, 0x13, 0x11, 0x38, 0x70, 0x70,
    0x61, 0x7A, 0x21, 0x20, 0x70, 0xA0, 0x11, 0xFC, 0x00, 0x8F, 0x29, 0x05, 0xAE, 0xB2, 0x5D, 0x34,
    0x30, 0x2A, 0x8D, 0xE4, 0x99, 0x69, 0x7F, 0xA7, 0x67, 0x66, 0x1F, 0x08, 0x5C, 0x68, 0x97, 0x3B,
    0x77, 0xCE, 0xD9, 0x9E, 0x7E, 0x9C, 0xD3, 0x8F, 0xEF, 0x9C, 0x3E, 0xDD, 0x2B, 0x73, 0x5D, 0xF1,
    0x4F, 0xE6, 0x44, 0x11, 0xC9, 0x54, 0xE6, 0xB1, 0x51, 0x46, 0x97, 0xC8, 0xB3, 0xF8, 0x55, 0xB1,
    0x21, 0x81, 0x22, 0xA6, 0x8F, 0xBF, 0xA6, 0xD0, 0xF5, 0x14, 0x3D, 0xFF, 0x22, 0x8F, 0x1F, 0xDD,
    0x34, 0xFA, 0xFE, 0x75, 0xD0, 0x15, 0xD2, 0xF7, 0xF3, 0x5D, 0x7A, 0x94, 0x53, 0xFC, 0xFC, 0x5A,
    0x1E, 0x39, 0x47, 0x81, 0xEB, 0x88, 0x8E, 0x95, 0x34, 0xB5, 0x0F, 0x5C, 0x19, 0x3D, 0xAD, 0x63,
    0xD3, 0x6A, 0xD3, 0xE9, 0x7C, 0xA1, 0xF3, 0xF7, 0xB5, 0x21, 0x65, 0x48, 0x1A, 0x2A, 0x5C, 0x15,
    0x95, 0x14, 0x21, 0x9D, 0x93, 0x22, 0x7C, 0xF6, 0xCE, 0xBF, 0x67, 0x48, 0x98, 0x2D, 0x54, 0xD0,
    0xD9, 0xCD, 0x34, 0x72, 0x2D, 0x89, 0xAA, 0xA5, 0x28, 0x4F, 0xD0, 0xCD, 0xC4, 0xFF, 0xF5, 0xDF,
    0xC8, 0xE7, 0x72, 0xAE, 0xC7, 0xF5, 0x7F, 0xFE, 0xE7, 0x23, 0x7F, 0xD2, 0x2E, 0x6E, 0x65, 0x23,
    0xCA, 0x59, 0x2B, 0x8C, 0x68, 0xA3, 0x34, 0xE8, 0x25, 0x91, 0x3B, 0x41, 0x94, 0x2D, 0x88, 0x74,
    0x83, 0x36, 0x0E, 0xBA, 0x2C, 0x31, 0xED, 0x4D, 0x07, 0x45, 0x8F, 0x21, 0x3A, 0xDA, 0xDC, 0x7D,
    0x88, 0xF6, 0x7E, 0x6D, 0x86, 0x2E, 0x97, 0x9F, 0x59, 0x25, 0x6A, 0x95, 0x5A, 0x55, 0x91, 0xEC,
    0xD0, 0xDE, 0xCC, 0x5D, 0xBD, 0x88, 0xDB, 0x36, 0x68, 0x3B, 0x5A, 0x14, 0xE5, 0x42, 0xF7, 0xB5,
    0x74, 0x06, 0xC3, 0xA5, 0xD8, 0xCE, 0x85, 0xD5, 0xC2, 0xAA, 0x5F, 0x95, 0x91, 0x4B, 0xE7, 0x91,
    0x71, 0xD2, 0xE2, 0x45, 0x02, 0xCD, 0x52, 0xA2, 0x3B, 0x61, 0x4D, 0xA2, 0xA4, 0xD3, 0x98, 0x79,
    0x8A, 0xD2, 0xA3, 0xA1, 0xFB, 0xC4, 0xAC, 0xCA, 0x47, 0xDB, 0x65, 0xA2, 0x43, 0x53, 0x9D, 0xD1,
    0x44, 0xF6, 0xE2, 0xE5, 0x89, 0xF9, 0xCF, 0x44, 0x07, 0xA6, 0x5A, 0x95, 0xF7, 0xB7, 0x4B, 0x54,
    0xFE, 0xCC, 0xF8, 0x66, 0x5E, 0x80, 0x17, 0x05, 0xA1, 0x39, 0x45, 0x0D, 0x25, 0x5B, 0x94, 0xCC,
    0x29, 0xB8, 0x4B, 0x6A, 0x4E, 0x9B, 0x78, 0x2F, 0x93, 0xBE, 0x99, 0xD3, 0x7B, 0x61, 0x4A, 0x9B,
    0x32, 0x0F, 0xED, 0x9C, 0xA2, 0xAF, 0x30, 0x67, 0xBF, 0xB7, 0x94, 0xC9, 0x92, 0xB2, 0x4F, 0x2D,
    0xC5, 0xF7, 0x1B, 0x12, 0xF6, 0x0E, 0xD1, 0x22, 0x26, 0x5A, 0xE5, 0xF5, 0xC2, 0x54, 0x61, 0x5E,
    0x98, 0x88, 0xD7, 0x65, 0x1F, 0xBD, 0x9D, 0xBB, 0xC6, 0x35, 0xA1, 0x4B, 0xE5, 0x2F, 0xAA, 0xB5,
    0x7E, 0x7D, 0xFD, 0x5F, 0xAB, 0x17, 0xBA, 0xE3, 0x17, 0x9E, 0x1C, 0x47, 0xE2, 0xF4, 0x1F, 0x2F,
    0x22, 0x13, 0x45, 0x59, 0x97, 0x75, 0x91, 0x4D, 0x92, 0xF5, 0x95, 0x0B, 0x47, 0xD7, 0x57, 0x92,
    0x24, 0x82, 0x12, 0x08, 0x7D, 0x81, 0x76, 0x74, 0xBC, 0xA4, 0x6C, 0x6F, 0x1F, 0x94, 0xFD, 0xA6,
    0xB5, 0xED, 0xD9, 0x96, 0x1A, 0x01, 0xA0, 0x26, 0xE4, 0x3A, 0xD7, 0x45, 0x2D, 0xAD, 0x69, 0x5A,
    0x05, 0x5C, 0xE6, 0x24, 0x5A, 0x2C, 0x2B, 0x7D, 0xA0, 0xD2, 0x04, 0x6F, 0xC6, 0x53, 0x10, 0x56,
    0x33, 0x2B, 0x2B, 0x95, 0x6F, 0xD0, 0x29, 0x0A, 0xD2, 0xB7, 0x28, 0xCB, 0xDD, 0x3E, 0xD2, 0x69,
    0xFF, 0x43, 0xBA, 0x07, 0x72, 0xEE, 0x86, 0x76, 0x59, 0xA5, 0x17, 0x2A, 0xCF, 0xB8, 0x07, 0xA0,
    0x22, 0x1D, 0xE8, 0xB7, 0xDC, 0x25, 0xE5, 0x5A, 0xE1, 0xE2, 0x52, 0xBA, 0xD8, 0xE8, 0x91, 0x32,
    0x50, 0x31, 0x52, 0x36, 0xE6, 0x29, 0x50, 0x04, 0x0A, 0x40, 0xF4, 0x53, 0x10, 0xBD, 0x8C, 0x8E,
    0xE4, 0x8A, 0x32, 0x53, 0x98, 0xCC, 0x28, 0x3A, 0x4E, 0x6B, 0x98, 0x5D, 0x51, 0x02, 0x24, 0x29,
    0xDB, 0x8D, 0x2E, 0xA3, 0x7D, 0xBF, 0xAC, 0xC5, 0x88, 0x55, 0x4C, 0x5B, 0xD2, 0x2C, 0x22, 0x7E,
    0x91, 0xD0, 0x31, 0x21, 0x93, 0x9F, 0x64, 0x96, 0x52, 0x2C, 0x2A, 0x8A, 0x4A, 0x58, 0x49, 0x83,
    0x5E, 0xF7, 0xB0, 0xAC, 0x42, 0x9A, 0xA0, 0xD3, 0x46, 0xD8, 0xBB, 0x24, 0xB7, 0x6B, 0x9A, 0xCF,
    0x0C, 0x9D, 0x0A, 0x87, 0x99, 0x65, 0xC3, 0x0C, 0x48, 0xC3, 0xE8, 0xD0, 0x84, 0x4E, 0x32, 0x4B,
    0x98, 0xDD, 0x06, 0x0B, 0x58, 0x8C, 0x30, 0x75, 0x54, 0x4A, 0x01, 0x76, 0x32, 0xAA, 0xB3, 0x36,
    0x39, 0x01, 0x78, 0xD9, 0xF5, 0x9A, 0x82, 0xF2, 0x16, 0x30, 0xBB, 0x0D, 0x23, 0x91, 0x01, 0x18,
    0x90, 0x57, 0xA3, 0x25, 0x98, 0x65, 0xA9, 0x37, 0x88, 0xF6, 0xCA, 0x1F, 0x14, 0x0C, 0x1A, 0x06,
    0x15, 0x83, 0x8E, 0x41, 0x09, 0x6B, 0xF9, 0x1B, 0x8C, 0xB1, 0x94, 0x1B, 0x97, 0xC1, 0x4F, 0x26,
    0x9A, 0xA0, 0xE8, 0x03, 0xE0, 0x1C, 0xC2, 0xB6, 0x08, 0xAA, 0xA8, 0x81, 0xE7, 0xC0, 0x9C, 0xC0,
    0x38, 0xF1, 0x23, 0x68, 0xD3, 0x0E, 0x63, 0xF5, 0xDC, 0xEB, 0x1B, 0x14, 0xF2, 0x1C, 0xA4, 0x8C,
    0x86, 0xD0, 0x30, 0x20, 0x66, 0x39, 0x63, 0x02, 0xF5, 0x01, 0x8B, 0x55, 0x62, 0x64, 0x5C, 0x22,
    0x06, 0x87, 0xDD, 0xA0, 0x44, 0x7D, 0x62, 0x3A, 0x4A, 0xB2, 0xD9, 0x55, 0x18, 0x6E, 0x23, 0x67,
    0x5B, 0x3C, 0x75, 0x2B, 0x1B, 0xE0, 0x17, 0x3F, 0x62, 0x6E, 0x33, 0x80, 0x51, 0x18, 0xE6, 0x51,
    0x4A, 0x1B, 0xAC, 0x97, 0x79, 0xE2, 0x75, 0x9D, 0xF2, 0x1C, 0x56, 0xC2, 0xBE, 0x2D, 0x05, 0xE7,
    0x34, 0x9E, 0x0F, 0xB9, 0x42, 0xD8, 0x91, 0x02, 0x7C, 0x3A, 0x2A, 0x2A, 0xFA, 0x2B, 0xB1, 0x46,
    0xA4, 0xA5, 0x4B, 0x05, 0x4C, 0xB2, 0xF0, 0xD5, 0xE6, 0xCC, 0x34, 0xDB, 0x16, 0x1C, 0x07, 0x3A,
    0xD7, 0xEC, 0xCA, 0xE4, 0x4F, 0x3B, 0xE5, 0xF9, 0x15, 0x95, 0x9E, 0xF5, 0x3C, 0x66, 0xE8, 0xA1,
    0x33, 0xCC, 0xD6, 0x21, 0x8A, 0x6E, 0x17, 0xC0, 0x8D, 0x85, 0xE7, 0x24, 0xB8, 0x68, 0x76, 0x56,
    0x16, 0xBE, 0x15, 0xAE, 0x4B, 0xA4, 0xB2, 0xE1, 0xC5, 0x6C, 0xE9, 0xFC, 0x0D, 0xD5, 0xA7, 0xAE,
    0xD2, 0x5C, 0xDB, 0xDB, 0x11, 0x63, 0x37, 0x64, 0x51, 0x11, 0xD6, 0x90, 0xDE, 0xA6, 0xA5, 0xAA,
    0xF4, 0x42, 0xBD, 0x28, 0x5E, 0x24, 0xBA, 0xC3, 0x30, 0xBF, 0x15, 0xE6, 0x4B, 0x1D, 0xA5, 0xB7,
    0xCB, 0x87, 0x86, 0xFD, 0x05, 0x98, 0xE3, 0xAC, 0x7F, 0xDC, 0x5D, 0xEA, 0x28, 0x1B, 0xF8, 0xC1,
    0xA0, 0x95, 0xD5, 0xC0, 0xFC, 0xE7, 0x9E, 0x67, 0x39, 0x13, 0xCB, 0x8B, 0x27, 0x19, 0xCF, 0x2B,
    0xC7, 0xA7, 0x94, 0xCF, 0x5B, 0x9E, 0x4A, 0xE9, 0xBC, 0xFF, 0x77, 0x0D, 0x1C, 0x47, 0xF0, 0xA4,
    0x16, 0x30, 0x8D, 0x2F, 0x3D, 0xBF, 0xCE, 0x7A, 0x23, 0x59, 0xC3, 0x2E, 0xA4, 0xE7, 0xA7, 0x3D,
    0x4F, 0x24, 0xF6, 0x62, 0xBA, 0xE4, 0xD3, 0xCE, 0x81, 0x07, 0x95, 0xAC, 0xD9, 0x82, 0xC1, 0xCF,
    0x42, 0x4D, 0x1D, 0x5A, 0x84, 0x18, 0xB5, 0xB0, 0xB0, 0x66, 0x78, 0x72, 0x57, 0x41, 0x3E, 0x7C,
    0x0D, 0xA8, 0xB8, 0xD2, 0xC0, 0x58, 0x5B, 0xD4, 0x5B, 0xC4, 0x96, 0x2E, 0xA1, 0x6B, 0xE4, 0xA9,
    0xDC, 0x43, 0x63, 0x9E, 0xB2, 0xD0, 0x53, 0xD3, 0x26, 0xEA, 0x2F, 0xC8, 0x5D, 0x69, 0xE9, 0x98,
    0xFB, 0x1A, 0x83, 0x23, 0x6F, 0x73, 0x14, 0x03, 0xEB, 0x1C, 0xCA, 0x80, 0x18, 0xF2, 0x1B, 0x23,
    0xFC, 0x59, 0xC0, 0x8C, 0x3B, 0x7D, 0xC1, 0xCF, 0x16, 0xBC, 0x7C, 0x85, 0xD8, 0xC0, 0xCE, 0xDA,
    0x70, 0x24, 0x14, 0xB7, 0x47, 0x41, 0x27, 0x07, 0x42, 0x98, 0x33, 0xA4, 0x39, 0x8F, 0xCB, 0xE8,
    0x2C, 0xA8, 0x06, 0xA1, 0x6E, 0x60, 0x35, 0xCF, 0x1B, 0xFC, 0x35, 0xBB, 0x02, 0x12, 0x08, 0x73,
    0x18, 0x04, 0x47, 0xE8, 0xCD, 0xC9, 0x86, 0x27, 0xC7, 0x14, 0x41, 0x18, 0xC6, 0xD0, 0xAA, 0x9C,
    0xCA, 0xC1, 0x82, 0xDE, 0x88, 0xEC, 0x1A, 0x31, 0x40, 0xAB, 0x0C, 0x13, 0xA7, 0x27, 0x04, 0xBD,
    0x09, 0xD9, 0xD8, 0x8C, 0x01, 0x2D, 0xAC, 0x60, 0x88, 0x0A, 0x1F, 0x0D, 0x52, 0xB1, 0x15, 0xE6,
    0xA8, 0xF3, 0x3A, 0x2F, 0x80, 0xA7, 0x39, 0x18, 0x4B, 0xE1, 0x26, 0x03, 0xC7, 0xE8, 0x16, 0xE9,
    0x01, 0x85, 0x20, 0x1A, 0x02, 0x96, 0x63, 0x47, 0x97, 0xA5, 0xF9, 0x4D, 0x60, 0x0E, 0x26, 0x64,
    0x2E, 0xF3, 0x4C, 0x19, 0xBC, 0x73, 0x3F, 0x4D, 0x07, 0x90, 0xA0, 0x31, 0x69, 0xF8, 0x82, 0xC3,
    0xC7, 0xD4, 0x72, 0x7E, 0xC8, 0x93, 0x08, 0xD4, 0x30, 0x4B, 0x99, 0xB1, 0xBC, 0x02, 0xF5, 0x6C,
    0x61, 0x7C, 0x6A, 0xCA, 0x1B, 0x4A, 0xB9, 0x45, 0x07, 0x36, 0x6B, 0x58, 0x4A, 0x89, 0x2E, 0x74,
    0xD3, 0x7A, 0xC9, 0x8A, 0x0D, 0x02, 0x41, 0xE6, 0xE0, 0xF5, 0x2E, 0x14, 0xD3, 0x3A, 0x22, 0x3E,
    0xA9, 0x54, 0x1F, 0xBA, 0x52, 0xB8, 0xF4, 0x04, 0x09, 0x67, 0x98, 0x59, 0xB0, 0x2F, 0x6A, 0xB0,
    0xEB, 0x2D, 0xD8, 0x35, 0xC4, 0xC2, 0xE2, 0xAA, 0xFB, 0x03, 0x6C, 0xDF, 0xFD, 0x07, 0x2C, 0xEB,
    0xC0, 0x14, 0x33, 0xC9, 0x4C, 0x30, 0xE3, 0x0D, 0xED, 0x9F, 0xD4, 0x11, 0xCA, 0x36, 0x06, 0xAC,
    0xF3, 0xDA, 0x12, 0xAF, 0x2E, 0xF9, 0xF5, 0x1D, 0x57, 0x98, 0x9F, 0x98, 0x3D, 0x4D, 0x0F, 0x23,
    0x10, 0x0D, 0x7C, 0x90, 0xB4, 0x68, 0x8B, 0x6A, 0x8E, 0xED, 0xD5, 0xA5, 0xCC, 0x72, 0x18, 0xE0,
    0xC0, 0xCC, 0x90, 0xAA, 0x46, 0x96, 0xFA, 0x7A, 0xBE, 0x85, 0x6F, 0x4B, 0x1D, 0x9B, 0x92, 0x97,
    0xE7, 0x6D, 0x19, 0xC1, 0x1A, 0x02, 0x01, 0x76, 0x5F, 0xDE, 0x7C, 0x07, 0x3C, 0x2C, 0x4D, 0x65,
    0x68, 0x27, 0x07, 0xAA, 0x58, 0x25, 0xB0, 0x43, 0x34, 0xA0, 0x67, 0x79, 0xA3, 0xF4, 0x92, 0xBF,
    0x2A, 0x3D, 0xBC, 0xF8, 0xE8, 0x63, 0xD8, 0x49, 0x2F, 0x75, 0x94, 0x0B, 0xB8, 0x73, 0x08, 0xB5,
    0x23, 0xF3, 0x9F, 0xBB, 0xCF, 0x32, 0x54, 0xBE, 0x87, 0xA8, 0x43, 0x63, 0x3D, 0x11, 0x1F, 0xD3,
    0xEC, 0x69, 0x8B, 0x05, 0x85, 0xDE, 0xCC, 0x78, 0xE2, 0x34, 0xE7, 0x71, 0x19, 0xD7, 0x79, 0x87,
    0xDE, 0x9A, 0x7A, 0xE2, 0xCE, 0xB1, 0x8C, 0x1E, 0x8E, 0x00, 0xB6, 0x03, 0xB9, 0x3D, 0xC5, 0xD5,
    0x0C, 0x3D, 0x41, 0xF4, 0x9D, 0x6A, 0x33, 0x2F, 0x72, 0x6D, 0x16, 0xB0, 0x9D, 0x6D, 0xD8, 0x8E,
    0x7E, 0x50, 0xE2, 0xF3, 0xEF, 0x39, 0x58, 0x8F, 0x9E, 0xA8, 0xD6, 0xF7, 0x24, 0x40, 0x94, 0x57,
    0xF3, 0x28, 0xBA, 0xA8, 0xA2, 0x35, 0xC4, 0x67, 0xF4, 0x93, 0x61, 0xB7, 0x2C, 0xA7, 0x68, 0x48,
    0x78, 0x7B, 0xCA, 0x18, 0x56, 0x33, 0x9A, 0x0E, 0x1D, 0xDB, 0x0E, 0xDE, 0xEC, 0x0A, 0x8E, 0xAB,
    0x2D, 0x1D, 0xA5, 0xD7, 0x65, 0x30, 0x57, 0x76, 0x8E, 0x88, 0x38, 0x45, 0xCF, 0xF1, 0xA0, 0xBB,
    0x52, 0xF3, 0x72, 0x62, 0x06, 0x8E, 0xF5, 0x2C, 0x3E, 0xE4, 0xA0, 0x8F, 0xE7, 0xDB, 0xEF, 0x62,
    0xE4, 0xD7, 0xFE, 0xD6, 0x72, 0x55, 0xFA, 0x88, 0x93, 0x77, 0x7D, 0xC1, 0x79, 0xF2, 0x1E, 0x96,
    0x64, 0x65, 0x32, 0xDA, 0xE5, 0xA8, 0x94, 0x29, 0x74, 0xA8, 0xED, 0x76, 0x64, 0xFE, 0x73, 0xE7,
    0x59, 0xD2, 0x28, 0x39, 0xF6, 0x52, 0xC6, 0x0F, 0x34, 0x84, 0xBA, 0x31, 0xD6, 0x74, 0xEE, 0xD3,
    0xBE, 0xE8, 0x67, 0x9D, 0x6C, 0x83, 0x2A, 0xE2, 0x6B, 0x80, 0x1E, 0x2E, 0xCD, 0xE1, 0x30, 0xE2,
    0x3E, 0x47, 0xEB, 0x7F, 0xFB, 0x6B, 0x00, 0xD2, 0x76, 0xF0, 0x67, 0x2F, 0x52, 0xF1, 0xBD, 0xBF,
    0x06, 0x60, 0x8B, 0xFC, 0x18, 0x3A, 0xFC, 0x76, 0xE7, 0xB7, 0x3F, 0x85, 0x2D, 0x32, 0x6A, 0xD8,
    0x97, 0xEF, 0x27, 0xCE, 0x43, 0x99, 0xAF, 0xE3, 0xB7, 0x46, 0x38, 0x90, 0x7C, 0xB0, 0x68, 0x3E,
    0x93, 0xD3, 0xDD, 0x88, 0xF7, 0x44, 0x20, 0xD1, 0x43, 0x39, 0x1A, 0xF0, 0x8C, 0xFD, 0x4D, 0x5A,
    0x9C, 0xC0, 0x25, 0x4E, 0xE4, 0x60, 0x3C, 0x5F, 0x96, 0x63, 0x89, 0xA7, 0x8E, 0xF3, 0x1C, 0x1B,
    0x5F, 0xD1, 0x83, 0xC5, 0x1E, 0xCA, 0x60, 0xCF, 0xCA, 0x02, 0xAC, 0xCA, 0x28, 0x7E, 0x86, 0xDA,
    0xD9, 0x33, 0xCC, 0x01, 0x23, 0x99, 0x63, 0x3F, 0x3E, 0x01, 0x13, 0x63, 0x59, 0xED, 0x86, 0xF8,
    0x21, 0xCA, 0xE5, 0x83, 0x86, 0xD4, 0x55, 0x9C, 0xF6, 0x71, 0xE0, 0x39, 0x02, 0xC3, 0xA4, 0xF3,
    0xE8, 0xE2, 0xF7, 0x3D, 0x29, 0x3E, 0xEB, 0x5E, 0x1D, 0xE9, 0x3E, 0xA8, 0x77, 0x88, 0xD2, 0x10,
    0x2A, 0x31, 0x4C, 0x67, 0x76, 0x88, 0x68, 0x10, 0x78, 0xF8, 0x08, 0xEA, 0x67, 0x87, 0x90, 0xA7,
    0x47, 0xF3, 0xE2, 0x73, 0xD5, 0x73, 0x58, 0x7A, 0xFE, 0x17, 0x9C, 0x0B, 0xDF, 0x3F, 0xB8, 0x3C,
    0x6E, 0xF7, 0xDD, 0x19, 0x2C, 0x07, 0xDF, 0xE2, 0x58, 0x8A, 0x8E, 0x55, 0x3B, 0xF8, 0x3A, 0x88,
    0xBC, 0xC8, 0x60, 0x9A, 0x1F, 0xB7, 0x9E, 0x38, 0x7D, 0x18, 0x59, 0x7E, 0x9C, 0x8F, 0x0D, 0x4E,
    0xA1, 0x95, 0x27, 0x4E, 0x0F, 0xAE, 0xE5, 0xE0, 0x32, 0x43, 0xF7, 0xD8, 0xA5, 0xF2, 0x81, 0x7B,
    0x60, 0xF5, 0x3D, 0x27, 0x1A, 0xFD, 0x4B, 0x27, 0xDA, 0x77, 0x43, 0x30, 0xBE, 0x1B, 0x69, 0xA3,
    0x67, 0x8E, 0x2D, 0x0D, 0x4C, 0x5F, 0x61, 0x96, 0x3B, 0xF3, 0x0E, 0xEA, 0xD9, 0x4D, 0xED, 0x32,
    0x67, 0x01, 0x4A, 0x3E, 0x7C, 0x22, 0xF6, 0x68, 0x16, 0x8C, 0x25, 0x52, 0x25, 0x5C, 0xAC, 0x99,
    0xFB, 0x7D, 0x7C, 0xF4, 0xBE, 0x43, 0x68, 0x6D, 0x03, 0x8A, 0x5B, 0x89, 0x49, 0x45, 0x87, 0x0A,
    0x3E, 0x98, 0xB3, 0xAB, 0x4A, 0x07, 0x64, 0x05, 0x76, 0xD8, 0x17, 0xD1, 0x88, 0x93, 0xEC, 0xD7,
    0x83, 0x76, 0xBC, 0x19, 0xE1, 0x3A, 0xD3, 0x85, 0x02, 0xEB, 0x01, 0x2A, 0x25, 0x30, 0xAA, 0x8D,
    0x27, 0x04, 0x40, 0x2E, 0xDD, 0xD1, 0xC3, 0xD1, 0x8A, 0x0D, 0x29, 0xEE, 0xF6, 0xE8, 0xE1, 0x43,
    0x3C, 0x9F, 0x61, 0x22, 0x06, 0x9C, 0x19, 0xC0, 0xFB, 0xE1, 0x21, 0xE4, 0xC5, 0x63, 0x90, 0x82,
    0x74, 0xF0, 0x0D, 0xA2, 0x47, 0x93, 0xEC, 0x7A, 0x9F, 0x03, 0xC8, 0x13, 0x15, 0xCF, 0x5B, 0xEF,
    0x89, 0xD3, 0x87, 0x91, 0xB5, 0x49, 0x77, 0x81, 0x85, 0x98, 0x2F, 0x33, 0x38, 0xA2, 0xB9, 0xAD,
    0x6C, 0x61, 0xE5, 0x0B, 0x3F, 0xD5, 0x64, 0xEC, 0xE1, 0xFA, 0x00, 0x61, 0x78, 0x64, 0xD8, 0x8A,
    0xFF, 0x4F, 0xBD, 0x9A, 0x6D, 0x3E, 0xC2, 0x96, 0x78, 0x2E, 0x4D, 0xC4, 0xB4, 0x83, 0xFF, 0x8E,
    0x5D, 0x26, 0x36, 0x3F, 0xF1, 0x8A, 0x97, 0xEB, 0xBB, 0x5C, 0xC9, 0x5C, 0x9F, 0x33, 0x78, 0xD5,
    0x4E, 0xF8, 0xFF, 0x7A, 0x0D, 0x83, 0x34, 0xC0, 0x7A, 0x61, 0x95, 0x78, 0x50, 0xFE, 0xFC, 0x88,
    0xA3, 0xCA, 0xC3, 0x76, 0xD8, 0xCE, 0x0A, 0x44, 0xAB, 0xD6, 0xE5, 0xB2, 0xC2, 0x6E, 0x5C, 0x66,
    0x46, 0x8F, 0xBF, 0x6C, 0x24, 0xFC, 0x10, 0x34, 0x64, 0x29, 0xCA, 0xFD, 0x7E, 0x4F, 0x45, 0x39,
    0x06, 0xAC, 0xD7, 0x52, 0x78, 0x6B, 0xF2, 0xF4, 0xB0, 0xDD, 0x99, 0xE3, 0xE0, 0xA9, 0x23, 0xF5,
    0xAD, 0x33, 0x85, 0x2B, 0x4A, 0x59, 0xAB, 0x0A, 0xC3, 0x7E, 0x15, 0xF1, 0x84, 0xD4, 0x59, 0xE7,
    0x5A, 0x8F, 0xD5, 0xC9, 0x13, 0x7A, 0x80, 0x62, 0x7C, 0x61, 0xBA, 0x67, 0xD1, 0x3A, 0x38, 0xB6,
    0x0C, 0xDB, 0xC5, 0xD4, 0x3B, 0xDF, 0xD3, 0x8A, 0xFF, 0x4E, 0x39, 0x28, 0x4F, 0xB9, 0xDE, 0x00,
    0xD0, 0x7A, 0x40, 0xBC, 0xF7, 0x88, 0xE5, 0x4B, 0x00, 0xFA, 0x23, 0xE5, 0xB1, 0xC1, 0x78, 0x80,
    0xDA, 0x57, 0x00, 0xF4, 0xC7, 0xF6, 0x8F, 0xA7, 0x9E, 0xE3, 0xFB, 0x76, 0xA0, 0x5F, 0xDB, 0x43,
    0xC9, 0x13, 0xD5, 0x16, 0x6C, 0xD1, 0x79, 0xE2, 0xF4, 0xA1, 0xFA, 0x16, 0x8F, 0xD7, 0x5D, 0x3A,
    0xDF, 0xB9, 0xCF, 0xDD, 0x7F, 0xAF, 0x3C, 0x85, 0x79, 0x7B, 0xEA, 0x29, 0xBF, 0xF2, 0x68, 0xFF,
    0xDF, 0x5C, 0xA0, 0x0F, 0x12, 0x78, 0x51, 0x06, 0x71, 0xE6, 0x3D, 0xD0, 0x03, 0x57, 0x66, 0x5F,
    0xAA, 0x2A, 0xEB, 0xA0, 0xAF, 0x81, 0x36, 0xAB, 0x4D, 0x5C, 0xEA, 0x94, 0xF7, 0xCC, 0x35, 0xE8,
    0xF3, 0x91, 0x5D, 0x33, 0xAE, 0x3D, 0x47, 0xEF, 0x2A, 0x1D, 0x62, 0x83, 0x60, 0xC0, 0xF8, 0x79,
    0x5B, 0x54, 0x99, 0x75, 0xAF, 0xC0, 0x90, 0xDE, 0xA5, 0xDE, 0x55, 0x91, 0x7B, 0xD2, 0x84, 0x3D,
    0xCC, 0x81, 0x16, 0x83, 0xB7, 0xF3, 0x18, 0xA8, 0x06, 0x3C, 0xBD, 0x4B, 0x07, 0x97, 0xC7, 0xFD,
    0x89, 0xD9, 0x3B, 0x00, 0x57, 0xED, 0x82, 0x82, 0x6A, 0x8D, 0x6F, 0x2E, 0x0F, 0x2C, 0x8F, 0xEF,
    0xF2, 0x45, 0x53, 0xA4, 0x4C, 0x9C, 0x9E, 0x9E, 0x83, 0x8D, 0xD5, 0x2F, 0xC4, 0x30, 0x79, 0x7E,
    0xCC, 0xD5, 0x8E, 0xED, 0x68, 0xA7, 0xEA, 0x18, 0x31, 0x34, 0x02, 0xA9, 0x5C, 0xB4, 0x11, 0x02,
    0x31, 0x89, 0xB8, 0x7D, 0x05, 0x55, 0x57, 0xB1, 0x56, 0x8B, 0x61, 0x3C, 0x6A, 0x8C, 0x1A, 0xD8,
    0x91, 0xF3, 0x91, 0x82, 0xFF, 0x8D, 0x80, 0x98, 0x3A, 0xFE, 0x9C, 0xCF, 0xA4, 0x43, 0xBC, 0xC5,
    0xC5, 0x6F, 0x5B, 0x0F, 0x7F, 0xF4, 0x91, 0xA6, 0x7F, 0xBB, 0x0C, 0xF4, 0xAC, 0xE7, 0x0B, 0x27,
    0x23, 0x9B, 0x0C, 0x7D, 0x8B, 0x27, 0x67, 0x57, 0xEF, 0x21, 0x76, 0x7D, 0x48, 0x65, 0x88, 0xFF,
    0xE1, 0x67, 0xBE, 0xED, 0xF6, 0xB7, 0x07, 0xA9, 0xEF, 0x20, 0xDB, 0x1F, 0x71, 0xD0, 0x09, 0x17,
    0x97, 0x9E, 0x38, 0xBD, 0x73, 0xC7, 0xF1, 0xE6, 0xC6, 0xF1, 0x3F, 0xB5, 0x5A, 0xBF, 0x8F, 0xDD,
    0xC6, 0x11, 0x1E, 0x92, 0x8E, 0xE8, 0x88, 0xB1, 0x56, 0xA5, 0x03, 0x2B, 0xA6, 0x8B, 0x14, 0x46,
    0x20, 0x67, 0x5D, 0x08, 0x88, 0x8A, 0xBB, 0x5B, 0xC6, 0x01, 0xE2, 0x22, 0x45, 0xFC, 0x1F, 0xC4,
    0x45, 0xCA, 0x00, 0xA7, 0xC2, 0x85, 0x81, 0x9C, 0x4C, 0x9E, 0x54, 0xB8, 0x08, 0x60, 0xEB, 0x1F,
    0x08, 0xA0, 0x04, 0xA9, 0xD2, 0xF8, 0x80, 0xB8, 0x50, 0x71, 0x12, 0x69, 0xAB, 0x50, 0x91, 0x22,
    0x74, 0x14, 0xC0, 0x55, 0x00, 0xC6, 0x49, 0x61, 0x20, 0x09, 0xBC, 0x92, 0x99, 0x98, 0xB6, 0x49,
    0x6E, 0xBE, 0x99, 0x25, 0xDF, 0x9D, 0xA2, 0x93, 0x74, 0x3F, 0xDE, 0xBB, 0xE3, 0xCE, 0xF1, 0x1E,
    0xC9, 0xDD, 0x6F, 0x67, 0x67, 0x67, 0xBE, 0x19, 0x3E, 0x32, 0x2E, 0x23, 0x12, 0xB1, 0xF7, 0x13,
    0x59, 0x16, 0x1D, 0x44, 0xD2, 0x43, 0x28, 0x11, 0x23, 0xC4, 0x4B, 0x0E, 0xE2, 0x22, 0x8B, 0x0B,
    0xAE, 0x20, 0xDA, 0x29, 0x2B, 0x22, 0x6B, 0x20, 0x6A, 0xD3, 0x50, 0xE8, 0x9C, 0xA5, 0xA8, 0x50,
    0x10, 0x99, 0xEA, 0x28, 0xE1, 0x87, 0x37, 0xAF, 0xE9, 0x31, 0x73, 0x8D, 0x71, 0x45, 0xC4, 0x17,
    0x9D, 0x5D, 0x8C, 0x11, 0xBA, 0x86, 0xD4, 0x9D, 0x8E, 0xF4, 0x95, 0x9E, 0xCC, 0x95, 0x81, 0x4E,
    0x87, 0x03, 0xD1, 0xE6, 0x48, 0xF1, 0x57, 0x23, 0xE9, 0x0F, 0x47, 0x7C, 0x36, 0xB5, 0xDB, 0x68,
    0xA3, 0xAB, 0x54, 0x5B, 0x66, 0x74, 0x29, 0x04, 0xCE, 0x2D, 0x55, 0x30, 0x62, 0x46, 0xD7, 0xAD,
    0x12, 0x31, 0xF7, 0x9B, 0xD0, 0x45, 0x8A, 0x3E, 0x6A, 0x3D, 0xF2, 0xB2, 0x38, 0x19, 0xFA, 0x15,
    0x81, 0x6C, 0xD0, 0xE2, 0x8A, 0xFB, 0x12, 0xF1, 0x17, 0x16, 0x83, 0x1F, 0xE9, 0x58, 0x30, 0xE9,
    0x25, 0x3C, 0x7C, 0x03, 0x8D, 0x91, 0x8E, 0x18, 0xC1, 0xA1, 0xDF, 0x3C, 0xF3, 0x83, 0xA4, 0x18,
    0x2D, 0xAF, 0x28, 0xE0, 0x01, 0x6A, 0xAF, 0x8B, 0x04, 0x83, 0x94, 0xDB, 0x5D, 0xD4, 0x53, 0xAF,
    0x5A, 0xDA, 0x4D, 0x2D, 0xBD, 0x09, 0xD8, 0x24, 0xAD, 0xDE, 0xD7, 0xA6, 0xCF, 0xB4, 0xA5, 0x35,
    0xDC, 0xB7, 0x85, 0xFB, 0x77, 0xC9, 0x6D, 0xF7, 0xF4, 0x9C, 0xFB, 0x07, 0x51, 0x0B, 0x9D, 0x42,
    0x1F, 0x11, 0xFE, 0x2A, 0xDC, 0x9C, 0xA2, 0xDF, 0xA7, 0x27, 0x5D, 0x97, 0x0D, 0xC5, 0xDD, 0x2E,
    0x29, 0x5B, 0x92, 0xAE, 0x73, 0x32, 0xD5, 0x06, 0xB1, 0x6E, 0xF2, 0xA9, 0x49, 0xDF, 0x36, 0xA0,
    0xB4, 0x57, 0x14, 0xBB, 0x41, 0xEE, 0x27, 0x74, 0x8D, 0xC9, 0x33, 0xB6, 0x8A, 0xF4, 0x55, 0x4B,
    0x2F, 0xD2, 0xA5, 0xA5, 0x61, 0x65, 0xF3, 0xD3, 0x3C, 0x38, 0x96, 0xB3, 0x83, 0x8E, 0xEB, 0x35,
    0x74, 0xFC, 0xD4, 0xC9, 0xB0, 0x06, 0xCE, 0x37, 0x3E, 0x5F, 0x16, 0xCE, 0xB4, 0xD8, 0xBB, 0x31,
    0xDD, 0x33, 0xDD, 0x63, 0x61, 0x7C, 0x9A, 0x5E, 0xA3, 0xF4, 0x15, 0x4B, 0xC9, 0x67, 0x95, 0xE8,
    0x95, 0x86, 0x25, 0xAE, 0x3D, 0x96, 0xAA, 0x3E, 0x4F, 0x41, 0x8B, 0xF5, 0x2F, 0xAD, 0x7F, 0x40,
    0x4C, 0xF9, 0x04, 0x78, 0x8B, 0x90, 0xED, 0x97, 0xAD, 0xC8, 0x30, 0xD2, 0x54, 0x36, 0x5D, 0x33,
    0x75, 0x68, 0xDC, 0xC8, 0x5B, 0x50, 0xA3, 0xDF, 0x1E, 0x48, 0xE2, 0x3E, 0xC4, 0x8E, 0xE8, 0xC9,
    0x89, 0xC8, 0x58, 0x14, 0x10, 0x65, 0xF5, 0x80, 0x90, 0xCF, 0xFC, 0x55, 0x7E, 0x62, 0x80, 0x88,
    0x3B, 0x08, 0x5D, 0xA3, 0x3F, 0xAF, 0x8D, 0x08, 0x68, 0x36, 0xEF, 0xD4, 0x50, 0xD0, 0x1D, 0xC6,
    0xE5, 0x05, 0x2F, 0xC2, 0x1D, 0x1E, 0x14, 0xFF, 0x39, 0xE0, 0x8D, 0x1D, 0x4C, 0x52, 0x75, 0x38,
    0x33, 0x0D, 0x3E, 0x33, 0xD5, 0x2C, 0xF2, 0x85, 0x30, 0xB5, 0x99, 0xAE, 0xEA, 0x2F, 0xE1, 0x0A,
    0x14, 0x3B, 0x80, 0xD0, 0x99, 0xD6, 0x03, 0x8F, 0x9F, 0x0C, 0xDC, 0x38, 0x7B, 0x14, 0xE0, 0x41,
    0x41, 0x41, 0xC9, 0xEB, 0x5A, 0x09, 0x4C, 0xE3, 0x3A, 0xF9, 0x0B, 0xB4, 0x0C, 0x96, 0xB1, 0x32,
    0x98, 0xF9, 0x37, 0x9F, 0x9A, 0xFC, 0xE2, 0xF3, 0x14, 0xD7, 0x01, 0xB1, 0x09, 0x5D, 0xDE, 0x52,
    0x09, 0xDB, 0xE0, 0xB6, 0xD0, 0xB4, 0x6B, 0x00, 0xD5, 0x62, 0xDC, 0xA9, 0x31, 0xFE, 0x33, 0x68,
    0xCF, 0xFB, 0xE6, 0xC6, 0xE9, 0x9C, 0x3F, 0xE3, 0x6B, 0xF4, 0x1A, 0x5A, 0x8B, 0x86, 0x7B, 0x03,
    0x8B, 0xE7, 0x6D, 0xE8, 0x5A, 0xE2, 0xF6, 0x80, 0x3D, 0xD8, 0x1E, 0x6E, 0xA2, 0x04, 0x4A, 0x69,
    0x19, 0xEE, 0xCB, 0x16, 0xF6, 0xC0, 0xB6, 0x66, 0x43, 0x4A, 0x87, 0x7D, 0xF6, 0x70, 0x3D, 0x82,
    0x4B, 0x83, 0x39, 0x18, 0x28, 0x50, 0x75, 0x4B, 0xC3, 0x26, 0xAB, 0x5E, 0xAC, 0x51, 0xD4, 0xEC,
    0x62, 0xFB, 0xE2, 0xDF, 0xBC, 0x3E, 0x19, 0xCE, 0x18, 0x4D, 0xB5, 0xBE, 0xC5, 0xCD, 0xF2, 0x70,
    0xEA, 0xCC, 0x5B, 0x20, 0x37, 0x9D, 0x9D, 0x08, 0xE3, 0x72, 0xF4, 0x16, 0x63, 0xF0, 0xEF, 0xA3,
    0xAD, 0xA3, 0xE5, 0x67, 0x79, 0x14, 0xEC, 0xD2, 0x5A, 0xF0, 0xDC, 0x03, 0x9E, 0xE6, 0x16, 0x5C,
    0xEC, 0x84, 0xA7, 0x02, 0x9E, 0x09, 0x93, 0xDF, 0xEB, 0xB8, 0xB3, 0x4F, 0x64, 0x1C, 0x2A, 0xA1,
    0xA7, 0x08, 0x1F, 0x26, 0xD8, 0x66, 0xEC, 0x97, 0xD5, 0xA7, 0x3E, 0xF8, 0x71, 0x94, 0x7D, 0x2D,
    0x64, 0x17, 0x90, 0x91, 0xB9, 0xE5, 0xD7, 0x3C, 0xB6, 0xCB, 0x5D, 0xF7, 0x6A, 0x8D, 0x42, 0x8B,
    0x7E, 0xF9, 0x5F, 0xD1, 0x6B, 0x71, 0xB2, 0xB5, 0x17, 0xDF, 0x2F, 0xCE, 0x95, 0xA3, 0x96, 0x84,
    0xAD, 0x45, 0xDC, 0xF2, 0x9E, 0x16, 0x7B, 0xB9, 0x27, 0xF6, 0xB5, 0x3C, 0x9F, 0x5D, 0x62, 0x6F,
    0x2B, 0x5D, 0x4D, 0xA2, 0x16, 0xF1, 0xBD, 0xDF, 0x67, 0x70, 0x20, 0xAE, 0x30, 0x4D, 0x3C, 0x60,
    0x10, 0xDC, 0xAE, 0x59, 0xA8, 0x36, 0xE2, 0x67, 0x21, 0xC8, 0x5D, 0x85, 0x10, 0xCF, 0xAB, 0x59,
    0xFB, 0x1C, 0xE1, 0xE1, 0xB4, 0xEE, 0x83, 0x60, 0x54, 0x6F, 0x52, 0xB0, 0x60, 0x38, 0x7F, 0xAE,
    0xD5, 0x5D, 0x57, 0x9B, 0x0F, 0x40, 0x1D, 0x0A, 0xF4, 0xB4, 0x8D, 0x86, 0xF3, 0xF4, 0x2E, 0x9C,
    0x07, 0xEE, 0x57, 0xB8, 0x67, 0x83, 0x07, 0x14, 0x95, 0x0E, 0xA4, 0x9D, 0x2B, 0xE0, 0x06, 0xAA,
    0x75, 0x4C, 0x16, 0xCE, 0xBA, 0xBA, 0x49, 0x69, 0x96, 0x67, 0x37, 0xE1, 0xBD, 0xAE, 0x11, 0x7D,
    0x8B, 0xAE, 0x63, 0x0D, 0x5E, 0x69, 0xA6, 0xA9, 0x85, 0x0B, 0x0F, 0xB1, 0x92, 0x59, 0x31, 0x1F,
    0xCA, 0xB0, 0x29, 0x6B, 0x26, 0x40, 0xCC, 0xDB, 0xAA, 0x7D, 0xBC, 0x6D, 0x89, 0xB3, 0x92, 0x05,
    0x93, 0xA8, 0x2D, 0x62, 0x8E, 0xDD, 0xAB, 0x5C, 0xAB, 0xC9, 0x7E, 0x34, 0xAD, 0x66, 0x46, 0xAB,
    0x5A, 0x0E, 0xFC, 0x5C, 0x66, 0xC1, 0x64, 0x97, 0x6E, 0xD1, 0xB4, 0xEF, 0x85, 0x64, 0xD2, 0xEC,
    0x8D, 0x62, 0x9C, 0x3C, 0x3F, 0x03, 0xCD, 0xFC, 0xDF, 0x6F, 0xAE, 0x62, 0xD5, 0x98, 0x76, 0x47,
    0x7B, 0xDB, 0xEC, 0x55, 0xD9, 0x66, 0x3B, 0x73, 0xC0, 0xFA, 0xA3, 0x6B, 0xB5, 0x7B, 0xDB, 0xD9,
    0x45, 0xE4, 0x3C, 0x58, 0x38, 0xF7, 0xB8, 0xAB, 0x2C, 0xF4, 0xF8, 0x63, 0x66, 0xE8, 0xE8, 0x4F,
    0xD8, 0x0C, 0xBB, 0xAD, 0xB2, 0xA7, 0xB0, 0xCD, 0x29, 0x2C, 0x62, 0x3A, 0x65, 0x3D, 0xD9, 0x01,
    0x23, 0x02, 0xB3, 0xD9, 0xD7, 0xEE, 0x39, 0x52, 0x5F, 0x23, 0xEA, 0xBA, 0xB2, 0x56, 0x9D, 0x6E,
    0x94, 0x4D, 0xB9, 0xD9, 0x87, 0x9B, 0xB6, 0xBA, 0xCB, 0xDB, 0x7C, 0x70, 0xBD, 0x07, 0xCD, 0xC3,
    0xED, 0x8D, 0x5E, 0x02, 0x60, 0x77, 0x0C, 0xD0, 0x98, 0xBA, 0x07, 0x1D, 0xEC, 0x78, 0x86, 0x9B,
    0x4F, 0xC0, 0x4A, 0xEC, 0xA4, 0x05, 0xC0, 0x2F, 0x18, 0xA0, 0x9B, 0x00, 0xEA, 0x27, 0x02, 0x64,
    0x06, 0xF6, 0x11, 0xCC, 0xA5, 0x2A, 0x5D, 0xB5, 0x53, 0x7A, 0x3D, 0x57, 0x5A, 0x86, 0x3C, 0xCC,
    0x81, 0x5C, 0xC7, 0x38, 0xC9, 0x6D, 0xFE, 0xC6, 0x9D, 0xE0, 0xB8, 0x50, 0xCE, 0x66, 0xF5, 0x0B,
    0x4E, 0x87, 0xB4, 0x18, 0xEC, 0x81, 0x47, 0x32, 0x52, 0x0A, 0x33, 0x95, 0x63, 0x5E, 0xE2, 0x23,
    0x0F, 0x9D, 0x8F, 0xB9, 0x58, 0x6E, 0xB0, 0xA3, 0x6D, 0x89, 0x99, 0x3D, 0xF8, 0x8B, 0x59, 0x8E,
    0xC7, 0x99, 0xCF, 0x79, 0x24, 0x79, 0x88, 0x20, 0x14, 0x76, 0x42, 0xBD, 0xC0, 0xCE, 0x1A, 0xEE,
    0xCE, 0x87, 0xFD, 0x47, 0x0F, 0x45, 0x3B, 0x51, 0x95, 0x54, 0x49, 0x93, 0xB8, 0xB0, 0x0F, 0xDB,
    0x69, 0x9A, 0x61, 0x7B, 0xCC, 0xA9, 0x3D, 0x66, 0x1C, 0x84, 0xCE, 0xBC, 0x0E, 0x5C, 0x1B, 0x35,
    0x37, 0x23, 0x7A, 0x46, 0x36, 0xCD, 0x10, 0x82, 0x1B, 0xC2, 0x05, 0x3C, 0xF9, 0xA8, 0xE6, 0xA3,
    0x30, 0x86, 0x72, 0x6C, 0xC9, 0x46, 0x92, 0x3A, 0xA6, 0x95, 0x4D, 0xF8, 0x9F, 0x36, 0xAA, 0xB6,
    0xC8, 0x6F, 0x7E, 0x5D, 0x61, 0xF2, 0x4C, 0x3F, 0xCD, 0x93, 0x8F, 0x0D, 0x53, 0xE4, 0x39, 0xE5,
    0x3D, 0xF7, 0x66, 0xDC, 0x1D, 0x36, 0xD7, 0xAB, 0xCC, 0x6C, 0x03, 0x21, 0xC4, 0xE0, 0xD6, 0x48,
    0x01, 0x20, 0xCE, 0xB3, 0xD8, 0x62, 0xC1, 0x74, 0xD9, 0x39, 0xF2, 0xA4, 0x3B, 0xEE, 0x8D, 0x08,
    0x0B, 0x91, 0xB6, 0x7C, 0x33, 0xEB, 0x01, 0xFE, 0x4B, 0x8F, 0x09, 0xDB, 0xC7, 0xBB, 0x6E, 0x26,
    0x6F, 0x4C, 0x10, 0x83, 0x7E, 0x16, 0xF0, 0x7F, 0x38, 0xB3, 0xB3, 0xAF, 0x3A, 0xEB, 0x37, 0x6D,
    0xF9, 0xFF, 0x1B, 0x57, 0x9A, 0x6B, 0x95, 0xDD, 0xBC, 0xA6, 0xEC, 0x1A, 0xCE, 0xB1, 0x5F, 0x3E,
    0x47, 0x83, 0xC6, 0x14, 0xB6, 0x80, 0xFA, 0xEF, 0xC8, 0xD7, 0xB9, 0x21, 0x97, 0xCF, 0x2B, 0xDD,
    0x99, 0x36, 0x1F, 0x75, 0xEF, 0x7D, 0x1F, 0xA7, 0x3C, 0x8D, 0x4F, 0x51, 0xC2, 0x89, 0xCE, 0x3C,
    0xE5, 0xC7, 0x8A, 0x2D, 0xC8, 0xBC, 0xD5, 0xD7, 0xF2, 0x83, 0xFA, 0xFC, 0x7C, 0xF4, 0xFB, 0x71,
    0x5F, 0x9F, 0xE5, 0x80, 0x3E, 0xD5, 0x44, 0xF7, 0x9C, 0xCF, 0xA8, 0xC3, 0x6C, 0x61, 0xFA, 0xF0,
    0x8D, 0xC5, 0x4C, 0x6B, 0x0E, 0xD3, 0x84, 0xF2, 0xCC, 0x54, 0x49, 0xA8, 0x0F, 0xFA, 0xCE, 0x0B,
    0x04, 0x3C, 0x74, 0x1C, 0x65, 0xEC, 0xC7, 0xA0, 0x89, 0x4D, 0xF1, 0x0D, 0x87, 0x3C, 0x74, 0x47,
    0xB0, 0xAE, 0xA5, 0x60, 0x91, 0x60, 0x5B, 0xF9, 0x92, 0x01, 0x37, 0xCE, 0xC0, 0x78, 0xEE, 0xD0,
    0xDD, 0x29, 0x68, 0x6D, 0xF3, 0x21, 0xC3, 0x7E, 0xC8, 0xC8, 0xC1, 0x12, 0x12, 0x1B, 0xDB, 0xB0,
    0x89, 0xAB, 0x6F, 0x70, 0xA4, 0x69, 0xB8, 0x96, 0x64, 0xDC, 0x6D, 0xAB, 0xC7, 0xAB, 0x4C, 0x13,
    0xAB, 0xA9, 0x15, 0x47, 0xC7, 0xF6, 0x7A, 0xF0, 0x9B, 0x36, 0xBF, 0x87, 0xC3, 0xAA, 0x7B, 0x8D,
    0xBA, 0x57, 0x2B, 0x5B, 0x1C, 0x5B, 0x37, 0x31, 0xB0, 0xC0, 0x35, 0x20, 0xC9, 0xF6, 0x7F, 0xF9,
    0xFF, 0xC7, 0x8F, 0x7F, 0xC0, 0xC2, 0xDC, 0x6F, 0xD5, 0x17, 0xFD, 0x74, 0xE0, 0xFC, 0x48, 0x0B,
    0xF3, 0x02, 0xC5, 0x23, 0x36, 0x0E, 0xF8, 0x41, 0x3C, 0x32, 0xFF, 0x26, 0xDE, 0x86, 0xF4, 0xCB,
    0x47, 0x0E, 0xBE, 0x4F, 0xF9, 0xF7, 0x94, 0x53, 0x63, 0x8A, 0x4F, 0xCA, 0x87, 0x94, 0xCF, 0x94,
    0x5D, 0x0C, 0x95, 0xB8, 0x00, 0x29, 0xA5, 0xB1, 0xD9, 0x56, 0xC9, 0xF4, 0x91, 0x6B, 0xF4, 0x18,
    0xBA, 0x3A, 0x72, 0xD9, 0x77, 0xE0, 0x7C, 0x2A, 0x16, 0x16, 0xE2, 0xBD, 0x16, 0xE2, 0xDD, 0x1E,
    0xE2, 0x6D, 0x07, 0x71, 0xC5, 0xFD, 0x1A, 0x49, 0x98, 0xFB, 0x37, 0x04, 0x1C, 0x4D, 0x54, 0x68,
    0x16, 0x8A, 0x45, 0xC4, 0x02, 0x19, 0xAF, 0xFE, 0x94, 0x06, 0x76, 0x42, 0xEB, 0x13, 0xF1, 0x18,
    0xFD, 0xCE, 0xE6, 0xAD, 0xC1, 0xD6, 0x73, 0xCA, 0x0F, 0x18, 0x60, 0x27, 0xE9, 0x2F, 0x38, 0x48,
    0x21, 0xF4, 0xB6, 0x73, 0x64, 0x3B, 0xB0, 0xED, 0x85, 0xDE, 0xD5, 0x80, 0xA4, 0x05, 0x9D, 0xEC,
    0x17, 0x82, 0xAB, 0x4C, 0x34, 0x7B, 0xA1, 0xE3, 0x60, 0xF5, 0x9E, 0xA6, 0xDA, 0xF3, 0x34, 0xBC,
    0x5B, 0x66, 0x4F, 0xF3, 0x02, 0xE1, 0x64, 0x43, 0xAE, 0xF2, 0x52, 0xC4, 0x5C, 0x18, 0x08, 0xBB,
    0xD5, 0x2E, 0x05, 0xCF, 0x07, 0x0E, 0xFB, 0xF2, 0x06, 0x8F, 0xE0, 0x3D, 0x68, 0xDC, 0x2C, 0x88,
    0xED, 0x71, 0xA6, 0x28, 0xBC, 0x58, 0xEC, 0x49, 0x04, 0x57, 0xE9, 0x28, 0x66, 0x1B, 0x53, 0xC1,
    0x8E, 0xCB, 0xD6, 0xB9, 0xBB, 0x4B, 0xB9, 0x43, 0xB2, 0xA5, 0x3A, 0xF0, 0x5A, 0x25, 0x7B, 0xE0,
    0xB1, 0x22, 0xED, 0x74, 0x4B, 0x66, 0x2C, 0xA7, 0x85, 0x76, 0x07, 0xA8, 0xA0, 0x3C, 0x50, 0x05,
    0x7F, 0x7D, 0x58, 0x05, 0xF1, 0x9E, 0x0A, 0x7A, 0x56, 0x81, 0x2C, 0xE8, 0x45, 0xA8, 0xB9, 0xDD,
    0xE1, 0xD8, 0x5A, 0x4F, 0x55, 0xC0, 0x43, 0x4F, 0x3B, 0x6D, 0x74, 0x97, 0x36, 0xF9, 0xC0, 0x25,
    0x59, 0x69, 0x35, 0xA5, 0x3F, 0x43, 0x98, 0xFC, 0xAC, 0x90, 0xEA, 0x38, 0x97, 0x10, 0x84, 0xF4,
    0x2C, 0x98, 0x8F, 0xFF, 0x49, 0x99, 0xCA, 0x8C, 0xB0, 0x81, 0xA8, 0xC3, 0x86, 0x53, 0x16, 0x88,
    0xA0, 0x0B, 0xC7, 0xF4, 0xDE, 0x65, 0x2C, 0x0A, 0xC4, 0x6F, 0x2F, 0x2A, 0x7F, 0xD6, 0x4C, 0x22,
    0x93, 0xFB, 0xE4, 0x09, 0x79, 0x96, 0x06, 0xB6, 0x24, 0xEE, 0x2F, 0x40, 0x40, 0xE2, 0xF6, 0x60,
    0xFE, 0x3B, 0xC0, 0xD2, 0x72, 0x2C, 0xC2, 0xA2, 0x76, 0x54, 0x4F, 0x95, 0xA4, 0x7A, 0xFE, 0x04,
    0xD7, 0x33, 0xBE, 0x4F, 0xF2, 0xDF, 0x97, 0x43, 0xE0, 0x5C, 0x67, 0x83, 0xD4, 0x6E, 0xAE, 0x91,
    0xAF, 0x0C, 0xB1, 0xCF, 0xE0, 0xCF, 0xC3, 0xE1, 0x63, 0x9B, 0x71, 0x75, 0xE9, 0xA1, 0xCA, 0xCD,
    0x11, 0xD1, 0x47, 0x77, 0xD1, 0x41, 0xFC, 0x31, 0x07, 0xA2, 0x3F, 0xF1, 0x2E, 0xE2, 0x9C, 0xE4,
    0xDC, 0xB9, 0x95, 0x4E, 0x81, 0xC7, 0xD0, 0x39, 0x16, 0x18, 0x79, 0xCF, 0x3A, 0xA6, 0x71, 0x03,
    0xD3, 0xD8, 0x69, 0x8E, 0x3F, 0x85, 0xC4, 0x71, 0xDC, 0x72, 0x3F, 0x1A, 0x02, 0xE4, 0x72, 0xD8,
    0xB0, 0x16, 0xE9, 0x1C, 0x64, 0x6A, 0x21, 0x81, 0x34, 0x1A, 0xD4, 0x2C, 0xB1, 0x09, 0x1C, 0x4B,
    0x7F, 0xBE, 0xF7, 0x79, 0xC3, 0x77, 0xCA, 0xFD, 0x67, 0xE5, 0xD9, 0x1B, 0xD2, 0x4F, 0xC7, 0x7D,
    0x42, 0x72, 0xFF, 0x1D, 0x46, 0x32, 0x20, 0x5F, 0x76, 0xEC, 0x6E, 0x31, 0x3A, 0x6B, 0x32, 0xCD,
    0x98, 0x0A, 0x2E, 0x26, 0x4A, 0x59, 0x11, 0x54, 0x8D, 0x51, 0xF2, 0x16, 0x9E, 0xA4, 0xD4, 0x57,
    0x4C, 0x17, 0x64, 0xB8, 0x7F, 0x4C, 0x0A, 0x30, 0x22, 0xE6, 0x74, 0x65, 0x53, 0x76, 0x53, 0x11,
    0x89, 0x79, 0x0E, 0xF1, 0xD0, 0xE2, 0xDA, 0xE8, 0xF4, 0xBE, 0xF2, 0x63, 0xC6, 0x95, 0x4E, 0x3B,
    0xD7, 0x3C, 0xA5, 0x68, 0xBA, 0x27, 0x92, 0xD6, 0xD7, 0x41, 0x63, 0x5F, 0x57, 0x85, 0xE2, 0x39,
    0xBA, 0xB2, 0x10, 0x7A, 0xC8, 0x4F, 0x24, 0xC2, 0x11, 0x99, 0x2D, 0x5F, 0x1D, 0xC1, 0x11, 0x3F,
    0x40, 0x70, 0x04, 0x15, 0x44, 0xE4, 0x48, 0x2C, 0xA7, 0x75, 0x1B, 0x9C, 0x3B, 0x0A, 0x3D, 0xEC,
    0xF3, 0xCF, 0xC7, 0xF2, 0xEB, 0x51, 0xF5, 0xBB, 0xAA, 0x3B, 0x28, 0xB0, 0x7F, 0x49, 0xB9, 0x5B,
    0x11, 0x20, 0xFF, 0xC3, 0x19, 0x40, 0xB8, 0x47, 0x5A, 0x6F, 0xCC, 0xA4, 0x35, 0xC8, 0x0E, 0x0D,
    0x8F, 0xB5, 0xC8, 0x76, 0xC3, 0x07, 0x73, 0xEA, 0x4A, 0xAA, 0x41, 0x53, 0x2D, 0x3D, 0xDB, 0x5F,
    0x4B, 0x8F, 0xED, 0x4A, 0x55, 0x2C, 0xD5, 0xB5, 0xF0, 0x5E, 0x8B, 0x64, 0x81, 0xEB, 0x1D, 0x73,
    0xC5, 0xF2, 0xD0, 0xD3, 0xC0, 0xE4, 0xB9, 0x06, 0xC1, 0x55, 0x3F, 0x53, 0x4C, 0x4B, 0xC4, 0x9B,
    0x62, 0x00, 0x70, 0x43, 0x69, 0x65, 0x60, 0x50, 0x1A, 0xA6, 0xFB, 0x6D, 0x82, 0x2D, 0xC2, 0xDD,
    0x64, 0x88, 0x7A, 0xAD, 0x60, 0x0C, 0xD8, 0xB4, 0x90, 0x31, 0xE2, 0xA4, 0x5A, 0xC7, 0xD8, 0x1B,
    0x9C, 0xC1, 0x50, 0x4E, 0xE6, 0x87, 0x03, 0x3D, 0xE7, 0x7C, 0xD0, 0x84, 0x91, 0xA5, 0x15, 0x17,
    0x1B, 0xB0, 0xE7, 0x5E, 0x9F, 0xDE, 0x06, 0xAA, 0x2B, 0xD6, 0x04, 0xD6, 0x54, 0xD7, 0xA1, 0x23,
    0xE3, 0x6A, 0xED, 0x6C, 0x02, 0x5B, 0xCF, 0xFB, 0xAD, 0x08, 0x47, 0xFB, 0x56, 0xDC, 0xC8, 0x20,
    0x85, 0xAF, 0xA2, 0xE0, 0x4A, 0x64, 0x6F, 0x81, 0x3E, 0x9F, 0x5E, 0x1E, 0xAE, 0x75, 0xDE, 0x05,
    0x21, 0xB2, 0xBF, 0x8F, 0x6B, 0x45, 0x76, 0xF1, 0x96, 0xF2, 0x50, 0xB8, 0x96, 0x31, 0xFE, 0xB9,
    0x69, 0x2F, 0x32, 0xA1, 0x92, 0x8A, 0x6C, 0x25, 0xA4, 0xEE, 0xB0, 0x10, 0x2E, 0xC9, 0xA2, 0x69,
    0xA1, 0x84, 0x69, 0x06, 0x67, 0x17, 0x64, 0x4F, 0xC3, 0x18, 0x2F, 0xC3, 0x6B, 0x76, 0x5E, 0x69,
    0x69, 0xB5, 0x3C, 0x65, 0x61, 0x18, 0xB2, 0xC9, 0xED, 0x26, 0x92, 0xBC, 0x9B, 0xDE, 0xA2, 0x23,
    0xE9, 0xAB, 0x74, 0x6E, 0xD8, 0x4D, 0xED, 0xFA, 0xDC, 0x7E, 0xAE, 0xEC, 0xB3, 0x07, 0xE4, 0x82,
    0x0F, 0xB6, 0x74, 0x6A, 0xA5, 0xC0, 0xCB, 0x40, 0x05, 0xBC, 0x9E, 0x24, 0xD9, 0xDC, 0xF5, 0x24,
    0x0F, 0xF7, 0x05, 0xD7, 0xF9, 0x35, 0x71, 0x2C, 0xD6, 0x5C, 0xBA, 0x82, 0x0B, 0x59, 0x8F, 0xCA,
    0x16, 0xDA, 0x42, 0xB9, 0x2A, 0xC4, 0xB6, 0xF2, 0xBA, 0x4B, 0x67, 0xDD, 0x8D, 0x7E, 0xCB, 0xB6,
    0xDA, 0x73, 0x74, 0xDD, 0x2E, 0x5E, 0x7D, 0x2D, 0x05, 0x38, 0x5D, 0x93, 0xA2, 0x05, 0x1F, 0xC1,
    0x6F, 0x9B, 0xE8, 0x7E, 0x15, 0xDF, 0xAF, 0x8E, 0x00, 0xD6, 0x47, 0xDE, 0x6E, 0x8D, 0xC3, 0x4D,
    0xC7, 0x6C, 0x13, 0x5D, 0x3F, 0x93, 0x4E, 0xC1, 0x37, 0xC7, 0xEE, 0x47, 0x02, 0xB1, 0xED, 0x6A,
    0x38, 0x85, 0x33, 0x74, 0x58, 0x01, 0xE7, 0xC1, 0xF5, 0x7A, 0x3A, 0x4F, 0xD1, 0x08, 0x5A, 0x15,
    0xBA, 0xED, 0x96, 0x27, 0x8B, 0x49, 0x3F, 0x37, 0x4E, 0xAE, 0x23, 0xFF, 0x09, 0xCC, 0x71, 0xC4,
    0xA5, 0x81, 0xC2, 0x0F, 0xF7, 0x88, 0xCA, 0xA6, 0x2D, 0x11, 0x83, 0xDC, 0x23, 0x18, 0x96, 0xD9,
    0x6B, 0xA3, 0x6B, 0x12, 0xF7, 0x59, 0x17, 0x72, 0xC6, 0x9E, 0x30, 0xE6, 0x64, 0xDF, 0x77, 0x19,
    0x56, 0x05, 0x9C, 0x39, 0xBB, 0xEB, 0x4F, 0x06, 0xF6, 0x34, 0xBD, 0x0C, 0xB0, 0xDB, 0x96, 0x29,
    0x26, 0x5B, 0xC1, 0x4C, 0x06, 0x57, 0xA6, 0xEA, 0xA0, 0x3E, 0x03, 0xE3, 0xBB, 0x2C, 0xD5, 0x4E,
    0x29, 0xFB, 0x9C, 0x04, 0x3D, 0x36, 0x2D, 0x7E, 0xFE, 0x8E, 0xAD, 0x1F, 0x7C, 0x58, 0x4D, 0x67,
    0xFE, 0xB3, 0x95, 0x4D, 0x81, 0x6D, 0x71, 0xED, 0x7D, 0xA2, 0x37, 0x2E, 0xFA, 0xC6, 0xE7, 0x69,
    0x7D, 0xC2, 0x69, 0x6C, 0x71, 0xB9, 0xAB, 0xE7, 0xA5, 0x6C, 0xB9, 0x1E, 0xF3, 0x09, 0x07, 0x92,
    0xAB, 0x2B, 0x5D, 0x89, 0xF8, 0x57, 0x05, 0x98, 0x28, 0x1C, 0xC2, 0x7B, 0x58, 0x05, 0xD0, 0x94,
    0x35, 0x20, 0xB8, 0x70, 0xE9, 0xD8, 0x53, 0x38, 0x21, 0xC8, 0x97, 0x3C, 0xC8, 0xC0, 0x6D, 0x77,
    0xBE, 0x94, 0x0C, 0x3F, 0x5C, 0xCD, 0xEC, 0x6D, 0x6B, 0x91, 0xED, 0x96, 0x5C, 0x9F, 0xE7, 0x8A,
    0x33, 0xA7, 0x6E, 0xA7, 0xAE, 0x9F, 0xAA, 0x4B, 0xC0, 0xD4, 0x36, 0x7F, 0x3C, 0xCC, 0xB6, 0x04,
    0x4C, 0xD7, 0x78, 0x4D, 0x27, 0x99, 0xFF, 0xF6, 0x88, 0xBC, 0x0B, 0xF8, 0x1D, 0x71, 0x51, 0xC3,
    0xB3, 0x42, 0xBF, 0x8F, 0x22, 0xFF, 0xEA, 0x49, 0xF9, 0x6D, 0x60, 0x5E, 0x15, 0xFB, 0xBC, 0xC0,
    0xAF, 0xA7, 0xA6, 0x1F, 0xE7, 0x94, 0xBB, 0xEB, 0x8A, 0x72, 0x4C, 0xDC, 0x15, 0x97, 0xA9, 0x16,
    0xA1, 0xE8, 0x0D, 0x10, 0x09, 0x3C, 0xB7, 0x83, 0x29, 0xE1, 0x0F, 0xD8, 0x5F, 0x9F, 0xB8, 0x0C,
    0x54, 0x7E, 0x50, 0xE5, 0x76, 0x45, 0xE1, 0x78, 0x26, 0xBF, 0x0D, 0xA6, 0xE4, 0xCE, 0x99, 0xDB,
    0xFC, 0x2A, 0xED, 0xBC, 0xB9, 0xCB, 0x5B, 0xF7, 0xCD, 0xF4, 0x9F, 0x3C, 0xA1, 0x56, 0xF1, 0x80,
    0xC6, 0xCA, 0xF7, 0x7C, 0x8C, 0x95, 0xA4, 0x46, 0x37, 0x91, 0x94, 0xC4, 0x2B, 0x29, 0x78, 0xA8,
    0xCA, 0x17, 0x6F, 0xE5, 0x2B, 0x3C, 0xE2, 0x71, 0x49, 0x02, 0x1A, 0x54, 0x22, 0x3A, 0xB1, 0xE9,
    0xFE, 0xB7, 0x24, 0x24, 0xD9, 0xA8, 0x2B, 0x34, 0x12, 0xD3, 0x5B, 0x80, 0x97, 0xDA, 0x35, 0x4A,
    0x3A, 0x6D, 0x2F, 0x02, 0x95, 0x69, 0xDF, 0x87, 0xFC, 0x41, 0x87, 0x28, 0x32, 0xFC, 0xA1, 0x67,
    0x9E, 0xF1, 0xC9, 0x58, 0xF3, 0xCB, 0x3D, 0xF9, 0x02, 0x4F, 0x25, 0xB9, 0x60, 0x51, 0xCA, 0xEB,
    0x15, 0xD6, 0x4E, 0x2A, 0xEF, 0x4C, 0x58, 0x2F, 0xD1, 0xE8, 0x35, 0x62, 0x90, 0x7E, 0x4F, 0xBA,
    0x70, 0xEE, 0xA7, 0x63, 0x39, 0xC6, 0x83, 0xEA, 0x83, 0x06, 0xD3, 0xAE, 0xA2, 0x11, 0xB9, 0xAB,
    0x4B, 0x70, 0xE1, 0x1D, 0xCC, 0xEA, 0x5F, 0xE8, 0xA3, 0x9B, 0x5E, 0xC5, 0x1E, 0xD0, 0xCA, 0xAF,
    0xF8, 0x5B, 0x4B, 0xC4, 0x41, 0x82, 0xE2, 0xCE, 0xBF, 0x91, 0x35, 0x08, 0x47, 0x17, 0x91, 0x8B,
    0x9F, 0x9D, 0x79, 0xA3, 0x6E, 0xD3, 0x21, 0xE1, 0xBE, 0x0B, 0xE8, 0x13, 0x10, 0x14, 0x54, 0xF8,
    0x0C, 0xEB, 0x0F, 0xCF, 0xEF, 0x7A, 0x15, 0xC8, 0xCB, 0x91, 0xC6, 0x7F, 0x1B, 0x84, 0xD5, 0xC3,
    0x31, 0x33, 0xC6, 0x10, 0xEF, 0xF8, 0x82, 0x81, 0x99, 0x97, 0x76, 0x03, 0xAC, 0xB5, 0x8C, 0x5B,
    0x69, 0x7C, 0xBE, 0x58, 0xCA, 0x25, 0xCC, 0x81, 0xE3, 0xB3, 0x70, 0xC9, 0xD6, 0x73, 0xC9, 0xEF,
    0x2E, 0x78, 0x6F, 0xBD, 0x8E, 0x64, 0x6D, 0x2D, 0x70, 0xC5, 0x16, 0xAC, 0xE2, 0x45, 0xAE, 0x98,
    0xA8, 0x29, 0xDC, 0xCA, 0xBB, 0x9E, 0x5A, 0xBE, 0x38, 0x15, 0x72, 0xA8, 0xE7, 0x2F, 0x22, 0xF5,
    0xC1, 0x35, 0xD5, 0x85, 0x30, 0xE6, 0xA8, 0x41, 0x9A, 0xD4, 0x20, 0x14, 0x37, 0xC2, 0x25, 0x6B,
    0x36, 0xF5, 0x7D, 0x5C, 0x32, 0x77, 0xFD, 0x56, 0xD2, 0x6F, 0x29, 0xBB, 0x6B, 0x84, 0xFB, 0x3A,
    0x40, 0xE6, 0xDC, 0x26, 0xE9, 0x9F, 0x55, 0xED, 0xBA, 0xB6, 0x6B, 0xA6, 0xDE, 0x2D, 0x11, 0x14,
    0xE4, 0xDB, 0x3D, 0xD3, 0x1B, 0xFD, 0xE9, 0xDB, 0x3D, 0x4B, 0xC1, 0x74, 0x53, 0xB2, 0x29, 0x1C,
    0x37, 0x17, 0x5E, 0xF6, 0x50, 0x80, 0x42, 0x62, 0xBE, 0xB6, 0x35, 0x25, 0xD3, 0xCD, 0xE2, 0x75,
    0xF8, 0x52, 0x40, 0x79, 0xBE, 0x76, 0xA7, 0x9E, 0xF8, 0xDA, 0x11, 0xA1, 0x51, 0x0A, 0xD3, 0xE8,
    0xC3, 0x2F, 0x87, 0xA8, 0xDD, 0x4D, 0x0E, 0x57, 0xA3, 0x4E, 0x25, 0x91, 0xF8, 0x1F, 0xC5, 0x56,
    0x3D, 0x8F, 0xDD, 0x44, 0x14, 0xBD, 0xEF, 0x4D, 0x22, 0xA3, 0x58, 0x62, 0x52, 0x06, 0x45, 0xC4,
    0x5B, 0x50, 0x21, 0x60, 0x1A, 0x0A, 0x8A, 0x7D, 0x3B, 0x03, 0xBF, 0x80, 0x1F, 0x41, 0x89, 0xB4,
    0x4D, 0x8A, 0x14, 0x0B, 0xF6, 0x2E, 0x05, 0x25, 0xFB, 0x07, 0x90, 0x52, 0xD3, 0x40, 0x49, 0xF1,
    0x82, 0x27, 0x50, 0xD0, 0x5A, 0xE4, 0x0F, 0x58, 0x11, 0x05, 0x0D, 0xCA, 0x44, 0xB2, 0x14, 0x07,
    0x6C, 0x5F, 0xCE, 0x9D, 0x99, 0xB7, 0x88, 0x28, 0x41, 0x2B, 0xF4, 0xD0, 0xCE, 0xFA, 0x9E, 0xE7,
    0x1D, 0x7B, 0x3E, 0xEE, 0xB9, 0x67, 0xEE, 0x35, 0x11, 0x69, 0x42, 0xAB, 0x1A, 0x80, 0x8E, 0xE0,
    0xA8, 0x5A, 0xD0, 0xB7, 0xE8, 0x89, 0xD4, 0xA8, 0x46, 0xD2, 0x61, 0x3D, 0x53, 0x15, 0x88, 0xC9,
    0xF6, 0xC4, 0x4E, 0xA0, 0xB1, 0x5D, 0x06, 0x9F, 0xEE, 0xFA, 0x0C, 0x2E, 0xBE, 0x17, 0x47, 0xC4,
    0xB1, 0x34, 0xEB, 0x1E, 0x93, 0x2F, 0xB2, 0x84, 0xEA, 0x88, 0x8A, 0x80, 0xDF, 0x40, 0xED, 0xE3,
    0xBE, 0x08, 0xEC, 0x75, 0x5F, 0x37, 0xC6, 0xDB, 0xDD, 0x5F, 0x57, 0x7B, 0xDB, 0xCB, 0xEF, 0xAE,
    0x07, 0xCF, 0x5D, 0x11, 0x66, 0xA2, 0xB6, 0x97, 0x09, 0xE8, 0x7B, 0x81, 0xE9, 0x02, 0xB6, 0xB1,
    0xAF, 0xE6, 0x87, 0x1C, 0x2C, 0x9F, 0xB2, 0x2B, 0x27, 0x7A, 0x9D, 0x2E, 0x0B, 0xC5, 0x44, 0x77,
    0x04, 0xDE, 0x21, 0xB5, 0xD0, 0x21, 0xAD, 0xF9, 0x74, 0xC0, 0x3A, 0x8C, 0x85, 0x6E, 0x2F, 0x4E,
    0x26, 0xDE, 0xC0, 0x6C, 0xB6, 0xF7, 0x60, 0x87, 0xC7, 0xA1, 0xED, 0x6B, 0x98, 0x0E, 0xE6, 0x05,
    0xB3, 0x7F, 0xDB, 0x73, 0xEE, 0x4B, 0x7E, 0x32, 0xAC, 0x17, 0x33, 0xD1, 0xC1, 0x0A, 0x13, 0x6D,
    0x85, 0x54, 0xD3, 0x0A, 0xB1, 0xB2, 0x69, 0x38, 0x9F, 0x5B, 0xBC, 0x13, 0x8A, 0x64, 0x3F, 0xF9,
    0xA9, 0x16, 0xA2, 0xDE, 0x65, 0xC0, 0x07, 0x02, 0xEF, 0x33, 0xC6, 0x7E, 0xD7, 0x7A, 0xA2, 0x60,
    0x01, 0x1D, 0x18, 0x5E, 0x33, 0x07, 0x52, 0x8D, 0x06, 0x38, 0x3D, 0x52, 0x29, 0x83, 0x8F, 0xCF,
    0xCD, 0xE2, 0xB8, 0xB7, 0xF2, 0x36, 0x28, 0x76, 0x77, 0x49, 0x3D, 0x0E, 0xB4, 0x62, 0xF0, 0xDD,
    0x36, 0xC9, 0x81, 0xDC, 0xD6, 0xF0, 0x4F, 0xFF, 0x3C, 0x92, 0x39, 0x9B, 0xC8, 0x9E, 0xCD, 0x74,
    0x03, 0x71, 0xA2, 0xE3, 0x85, 0x8A, 0x3F, 0x16, 0x32, 0x3F, 0x2E, 0xE8, 0xCB, 0xF6, 0x13, 0x6C,
    0x41, 0x80, 0x86, 0xD6, 0x1D, 0x50, 0xB3, 0x29, 0x7D, 0xC5, 0x54, 0x22, 0xA6, 0x83, 0xCC, 0x62,
    0xD9, 0x1B, 0x6E, 0xC0, 0xDD, 0x65, 0x2E, 0x6C, 0x0D, 0xEF, 0x0B, 0x7F, 0xCA, 0x1B, 0xDD, 0x68,
    0x26, 0x35, 0xD1, 0x7A, 0xDC, 0xED, 0xE8, 0x53, 0x71, 0x00, 0x5C, 0xA9, 0x57, 0x5C, 0xE5, 0x42,
    0x15, 0xFC, 0x8A, 0x54, 0x7E, 0x56, 0xFA, 0x4C, 0x65, 0x64, 0x2C, 0x6D, 0x26, 0x8A, 0x57, 0x68,
    0x5B, 0xA0, 0xB4, 0xBD, 0xEA, 0x15, 0x2B, 0xF8, 0x43, 0x5A, 0x0D, 0xE8, 0x05, 0xE7, 0x24, 0x11,
    0x88, 0xA7, 0x24, 0x37, 0x68, 0x52, 0xB4, 0x09, 0x8D, 0xD2, 0xA5, 0x35, 0x7C, 0x9D, 0x0E, 0x10,
    0x64, 0x51, 0x9A, 0xFA, 0x53, 0x24, 0x1D, 0x23, 0x56, 0xE7, 0x09, 0x2F, 0x84, 0xDC, 0xED, 0x57,
    0xC8, 0xB4, 0xEA, 0xEF, 0x10, 0x8D, 0x38, 0x2D, 0x16, 0x4F, 0x0C, 0x5C, 0xD1, 0xFE, 0xC2, 0x8B,
    0x24, 0x6A, 0x7E, 0x89, 0xA8, 0x5F, 0x10, 0xF6, 0x12, 0x85, 0x3D, 0x46, 0x61, 0x97, 0xC2, 0x47,
    0x84, 0xD8, 0xB4, 0x03, 0x45, 0xE6, 0xE1, 0x94, 0x21, 0xFE, 0x7B, 0xD1, 0xFE, 0x1F, 0xAF, 0x78,
    0x4A, 0x26, 0x9A, 0x0E, 0x47, 0x88, 0x5D, 0xED, 0xC4, 0xE4, 0xFE, 0x3F, 0x79, 0x44, 0x24, 0x91,
    0x90, 0xEC, 0x44, 0xBA, 0xCB, 0x07, 0xFE, 0x0A, 0xDC, 0x12, 0x79, 0x48, 0x6E, 0x93, 0xF3, 0xA1,
    0xD0, 0xA9, 0x9A, 0xFD, 0xB8, 0x77, 0x8D, 0x6E, 0x4A, 0x76, 0xDF, 0xE9, 0x6E, 0x15, 0x0F, 0x64,
    0x7D, 0x35, 0x3E, 0x36, 0xD7, 0xA3, 0x4F, 0xF4, 0x03, 0xD6, 0xB3, 0x49, 0x8C, 0x7B, 0xF1, 0x51,
    0x32, 0x44, 0x8A, 0xA0, 0x8A, 0xC2, 0x38, 0xB9, 0x1A, 0xF7, 0xDE, 0xCA, 0x85, 0x49, 0xD8, 0xAD,
    0x62, 0x3A, 0xDE, 0x8F, 0x7B, 0xAF, 0xD1, 0xC7, 0x98, 0xF0, 0x23, 0x39, 0x78, 0x4F, 0x10, 0x3D,
    0x25, 0xF5, 0x81, 0xE6, 0x9D, 0x2F, 0xA5, 0xAC, 0xCF, 0x4D, 0x4C, 0x99, 0x13, 0xA1, 0x30, 0x6C,
    0x25, 0x03, 0xDE, 0x93, 0x0C, 0x48, 0x19, 0xBA, 0x08, 0x6F, 0x7F, 0xE3, 0x90, 0x9B, 0x24, 0xF9,
    0x15, 0x33, 0xE8, 0xC7, 0xEB, 0x46, 0x40, 0x0F, 0x31, 0xDD, 0x0A, 0x73, 0xFC, 0x05, 0xE0, 0x36,
    0xFF, 0x9A, 0x32, 0x60, 0x73, 0x8F, 0xD4, 0x53, 0x2C, 0x2A, 0xF3, 0x4B, 0x21, 0xFA, 0x47, 0x31,
    0xF9, 0xA5, 0xD3, 0x8F, 0xB8, 0xB3, 0xA0, 0xD6, 0x36, 0x98, 0xED, 0x14, 0x86, 0xFB, 0xEA, 0xD1,
    0x48, 0x05, 0x8A, 0x8F, 0x7C, 0x57, 0x1C, 0xED, 0x8A, 0x28, 0xCF, 0x64, 0x98, 0x91, 0xFE, 0xD9,
    0x6F, 0x90, 0x4A, 0xB7, 0x08, 0xFB, 0x03, 0xAA, 0x5C, 0xED, 0x1E, 0x90, 0xE6, 0xF3, 0x44, 0x55,
    0x4C, 0xB1, 0x48, 0xC6, 0x32, 0x77, 0x0C, 0xE1, 0xAD, 0xBC, 0x92, 0x9D, 0x14, 0xF7, 0x66, 0x59,
    0x73, 0xA7, 0xD8, 0xBD, 0x09, 0xDF, 0xBD, 0x40, 0x00, 0x7C, 0x3B, 0x00, 0xBE, 0x9A, 0x00, 0x5F,
    0x32, 0xE0, 0x8C, 0xBF, 0xC6, 0x96, 0xF9, 0x77, 0x40, 0x8D, 0x8C, 0xDE, 0x18, 0x01, 0x2D, 0xA0,
    0x04, 0x90, 0xE5, 0xCD, 0x6F, 0x20, 0x0D, 0xCF, 0x36, 0x49, 0x20, 0x52, 0x4C, 0x2C, 0xA2, 0x56,
    0xF9, 0x74, 0xE0, 0xE8, 0x3C, 0x65, 0xCC, 0xA7, 0x4C, 0xE6, 0x19, 0xFB, 0x96, 0xDB, 0x4E, 0x0F,
    0xE6, 0x15, 0x91, 0x8A, 0x16, 0xCC, 0x58, 0x0F, 0xF5, 0x8C, 0x64, 0xD4, 0xCE, 0x90, 0x9F, 0xC5,
    0x54, 0x16, 0x8E, 0x18, 0x70, 0xFD, 0x46, 0x4A, 0xB8, 0xEC, 0xE0, 0xE2, 0x00, 0x4A, 0x16, 0x1C,
    0x3C, 0x84, 0x4D, 0xEA, 0xD9, 0x4A, 0x68, 0xA8, 0xFD, 0x11, 0x88, 0xB3, 0x90, 0x8A, 0xFD, 0x70,
    0x06, 0xE5, 0xE9, 0x23, 0x27, 0x72, 0x56, 0x67, 0xDE, 0x84, 0x96, 0x43, 0xD8, 0xCD, 0x58, 0xBB,
    0xF5, 0x59, 0xB0, 0x2B, 0x7C, 0x0A, 0xDC, 0xB7, 0x60, 0x9A, 0x3B, 0xC3, 0xA1, 0xE4, 0x91, 0xEA,
    0xE9, 0x44, 0xE1, 0x1A, 0x3E, 0x2F, 0x7A, 0x59, 0x2B, 0xE9, 0x6F, 0x8A, 0x17, 0x86, 0x82, 0x4D,
    0x07, 0x79, 0xF2, 0xBC, 0xAD, 0xC2, 0x66, 0x67, 0x9F, 0xE8, 0x70, 0x2B, 0x12, 0xFD, 0x6F, 0x56,
    0x65, 0x6B, 0xE3, 0xBE, 0x53, 0x29, 0x29, 0xA0, 0x22, 0xA9, 0x90, 0x65, 0x9F, 0xBE, 0xE7, 0x4A,
    0xA4, 0xCD, 0x6B, 0xE0, 0xEB, 0xBE, 0x7C, 0xCE, 0xE0, 0xF0, 0x61, 0x5C, 0xCB, 0x8D, 0x04, 0x3A,
    0xDE, 0xBF, 0xE4, 0x1A, 0xA0, 0x01, 0xBF, 0x4E, 0x05, 0x76, 0xDA, 0x5D, 0x27, 0x79, 0x9F, 0x7F,
    0x01, 0x6D, 0x8E, 0x31, 0x12, 0x82, 0x30, 0x14, 0x44, 0x77, 0x48, 0x41, 0x91, 0xE2, 0x7B, 0x83,
    0x5C, 0x00, 0xA4, 0xB1, 0x48, 0x01, 0x24, 0x37, 0x91, 0x83, 0x88, 0x70, 0x24, 0x4A, 0x0A, 0x0C,
    0xFF, 0x08, 0x1C, 0x01, 0x6F, 0x90, 0xD2, 0x42, 0x8C, 0x41, 0x3B, 0xC7, 0x3F, 0x5B, 0xFC, 0xD9,
    0xD9, 0xD9, 0xB7, 0x17, 0x38, 0x74, 0x50, 0x2C, 0x16, 0xF4, 0x82, 0x69, 0x2D, 0xD8, 0x60, 0x42,
    0x03, 0x78, 0x88, 0x27, 0xE4, 0x0B, 0xEA, 0x6C, 0x4B, 0xC1, 0xF8, 0x1C, 0xDD, 0xD9, 0x84, 0x5D,
    0xA7, 0x19, 0xDD, 0xD6, 0x6D, 0xD1, 0xD2, 0x09, 0xD7, 0x92, 0x29, 0x20, 0xDD, 0xA0, 0xAC, 0x61,
    0xC3, 0xCA, 0x46, 0x23, 0x90, 0x8F, 0x8A, 0x4F, 0x83, 0x1B, 0x02, 0x08, 0x0A, 0x55, 0x4C, 0xCB,
    0x35, 0xD3, 0x3A, 0xD3, 0x59, 0xA6, 0xE5, 0x4A, 0x0A, 0x45, 0x07, 0x53, 0xA3, 0x9C, 0x30, 0x7A,
    0x0C, 0xCB, 0x97, 0x81, 0x48, 0x2B, 0xA8, 0x8F, 0x8D, 0x91, 0x9F, 0x3C, 0x50, 0x5D, 0xEB, 0xBC,
    0x1C, 0xEC, 0xBF, 0xEE, 0x6A, 0x76, 0xF9, 0x68, 0x09, 0x64, 0xC5, 0x9A, 0x78, 0xE1, 0x0D, 0xA7,
    0xF6, 0x88, 0x1A, 0xE6, 0x60, 0xBC, 0x5A, 0xDA, 0xD6, 0x39, 0xF7, 0xB3, 0x70, 0x1F, 0xFD, 0x06,
    0xCD, 0x5A, 0xCF, 0x8F, 0xDE, 0x46, 0x19, 0x7E, 0x6D, 0x97, 0xBA, 0x60, 0x91, 0xE9, 0x81, 0x43,
    0xAB, 0xD0, 0x7C, 0x1C, 0x11, 0x4A, 0x3B, 0x97, 0x1E, 0x7A, 0xD8, 0xAC, 0x4D, 0x22, 0x81, 0x44,
    0x25, 0xDA, 0xFF, 0xA0, 0x3D, 0x70, 0x03, 0x69, 0x7B, 0x40, 0x68, 0x0F, 0x4B, 0xED, 0xA4, 0x87,
    0x1E, 0x2A, 0x35, 0xFB, 0x1F, 0x90, 0x2B, 0x5C, 0xC8, 0x21, 0x42, 0x7B, 0x58, 0x6A, 0x27, 0x39,
    0xE4, 0x80, 0x44, 0xDC, 0x72, 0x45, 0xC8, 0x82, 0x1C, 0x2A, 0x51, 0x09, 0xA7, 0x35, 0xAA, 0x0B,
    0xB6, 0x87, 0xE7, 0x79, 0xC7, 0xDF, 0xB7, 0x3F, 0xB2, 0xD9, 0xB6, 0xDB, 0x5D, 0x60, 0xF7, 0x7B,
    0x1F, 0xFF, 0x1A, 0x8F, 0xC7, 0x33, 0xEF, 0x3C, 0xEF, 0x8F, 0xB1, 0x5C, 0x12, 0x91, 0x32, 0x13,
    0x49, 0x6B, 0x91, 0xB8, 0xC3, 0xC1, 0x1B, 0xC2, 0xBF, 0xD4, 0xB9, 0x26, 0x1E, 0xA2, 0x36, 0x1E,
    0xC2, 0x59, 0x70, 0x79, 0x38, 0x07, 0xB9, 0xE0, 0xC5, 0x4D, 0xF3, 0x3E, 0xCF, 0xF1, 0x9A, 0xBC,
    0x0A, 0xE9, 0x20, 0x28, 0x1B, 0xB4, 0xB8, 0xBF, 0x95, 0xCE, 0x14, 0xE1, 0x60, 0x2B, 0x0A, 0xF7,
    0x65, 0xFE, 0x3B, 0x8D, 0xBA, 0x73, 0xE7, 0x46, 0xD9, 0xB2, 0xED, 0x25, 0xD9, 0x5D, 0xC1, 0xA6,
    0x6D, 0x9F, 0x11, 0xB1, 0xAD, 0x2C, 0x01, 0xF5, 0x60, 0x2F, 0xAF, 0x00, 0xB6, 0x21, 0xB4, 0x80,
    0xC5, 0x0A, 0xF4, 0xD0, 0x36, 0x41, 0xD9, 0xA6, 0x55, 0xE4, 0x5A, 0x87, 0x5E, 0x88, 0x46, 0xDC,
    0x17, 0x62, 0x47, 0x16, 0xBE, 0x5F, 0x42, 0x54, 0x91, 0xA0, 0xB2, 0x27, 0xF7, 0x9A, 0xCE, 0xC7,
    0x1F, 0x6A, 0xFE, 0x8D, 0xB9, 0x99, 0xC7, 0x8A, 0x9D, 0x0A, 0xDC, 0x8F, 0x6E, 0x3E, 0xEF, 0xB6,
    0x65, 0x0A, 0xBB, 0xA8, 0x43, 0xA7, 0x34, 0xD2, 0xD9, 0x5A, 0x5E, 0x4D, 0xAB, 0x35, 0x51, 0x71,
    0x83, 0xE4, 0xCB, 0x7D, 0x0A, 0x8A, 0xA3, 0xE9, 0x3B, 0x06, 0x9D, 0x89, 0xD1, 0xE9, 0x82, 0x29,
    0xE8, 0x64, 0xE1, 0x1A, 0x29, 0x47, 0x89, 0xDB, 0x54, 0x16, 0x55, 0x8A, 0x72, 0x16, 0xE5, 0x9E,
    0x95, 0xB4, 0xE3, 0x2B, 0x67, 0x62, 0x5C, 0xA7, 0x5D, 0x18, 0x38, 0x87, 0xD7, 0x70, 0x05, 0x76,
    0xAA, 0x4B, 0xA8, 0x75, 0x5D, 0xD2, 0x22, 0x95, 0x5C, 0xD2, 0xEF, 0x8F, 0x68, 0x42, 0x83, 0x67,
    0x55, 0xD6, 0x15, 0x68, 0xD9, 0x17, 0xF9, 0xD9, 0x29, 0x43, 0xF9, 0x75, 0x53, 0xE4, 0xB6, 0xC2,
    0x6F, 0x5D, 0x47, 0xF3, 0x04, 0x35, 0x44, 0x6E, 0x0C, 0x5D, 0xCF, 0xF7, 0xFA, 0xFC, 0x5F, 0xB5,
    0xFC, 0x15, 0x29, 0xDA, 0x3D, 0xB2, 0x23, 0xC4, 0x39, 0x57, 0x89, 0x18, 0xF6, 0xE7, 0x01, 0x3C,
    0x77, 0x00, 0x39, 0xF0, 0xCF, 0xC5, 0x03, 0x2A, 0xB9, 0x18, 0x0F, 0xE8, 0xBB, 0xB5, 0x78, 0x48,
    0x7A, 0x22, 0xAE, 0xBF, 0xA4, 0x78, 0x8B, 0xB8, 0xDE, 0xF2, 0x3C, 0x95, 0xD1, 0xB4, 0xAE, 0x62,
    0x79, 0xF4, 0x0E, 0xEE, 0x4D, 0xDD, 0x75, 0x68, 0x2F, 0x5A, 0xFC, 0xB2, 0xBB, 0xA1, 0x63, 0x87,
    0x8E, 0x3C, 0x7E, 0x83, 0x66, 0xA1, 0x47, 0x79, 0x14, 0x8F, 0xFE, 0xA4, 0x9B, 0x37, 0x99, 0xDF,
    0x14, 0x07, 0x36, 0x7A, 0x2D, 0xE0, 0x26, 0x70, 0xD8, 0xE5, 0xF3, 0xA0, 0x13, 0x25, 0x75, 0x7A,
    0xF7, 0xA0, 0x4E, 0xEF, 0xD8, 0xF6, 0xBB, 0xC7, 0xEA, 0xF4, 0xA2, 0x39, 0xA0, 0xD3, 0x33, 0x04,
    0x65, 0x9F, 0xF7, 0xE8, 0x6B, 0xA8, 0x93, 0x24, 0x15, 0xEF, 0x23, 0x94, 0x18, 0xB4, 0xB0, 0xC7,
    0x4E, 0x50, 0xAC, 0xA6, 0x22, 0x15, 0xC8, 0x15, 0x6C, 0x66, 0x48, 0x88, 0x38, 0xF5, 0xE2, 0x02,
    0x60, 0xF8, 0x76, 0xCF, 0xF3, 0xDD, 0x7A, 0xEE, 0xA5, 0x7A, 0xAE, 0x25, 0x40, 0xBD, 0xD8, 0x9D,
    0xDA, 0x8F, 0xB8, 0x43, 0x61, 0x44, 0x2D, 0xD7, 0x5C, 0x81, 0xFA, 0xCA, 0x5A, 0x12, 0x56, 0x6F,
    0xD8, 0xDC, 0x84, 0xE3, 0x21, 0x25, 0xE1, 0x1B, 0xAB, 0x47, 0xDE, 0x73, 0x83, 0x45, 0x61, 0xCE,
    0xE7, 0x14, 0xBD, 0x2E, 0x65, 0xC5, 0x7E, 0x00, 0x44, 0x04, 0xC3, 0xC3, 0x17, 0x72, 0xC0, 0x1A,
    0x01, 0xAF, 0x1A, 0x4F, 0x35, 0xC0, 0x15, 0x04, 0xE8, 0x31, 0x7A, 0x98, 0x17, 0x00, 0x76, 0xBA,
    0xEC, 0x1E, 0x68, 0x7D, 0xF2, 0x8C, 0x60, 0xA4, 0x52, 0xBE, 0x9C, 0xC2, 0x7A, 0x80, 0xA7, 0x27,
    0x6E, 0x7E, 0x4D, 0xE7, 0x22, 0x57, 0x94, 0x53, 0xF0, 0x5E, 0x66, 0x7A, 0xD9, 0x64, 0xA3, 0x5A,
    0xCE, 0xF4, 0x46, 0x22, 0x17, 0x56, 0x98, 0x1E, 0x11, 0x3A, 0xC7, 0xBD, 0x8D, 0x59, 0x9F, 0xDF,
    0x67, 0x03, 0xFF, 0xC2, 0xFE, 0x52, 0xD5, 0x62, 0x5F, 0x71, 0xF6, 0x4B, 0xA4, 0x40, 0x8A, 0xFC,
    0x1B, 0xD5, 0x8F, 0x54, 0x61, 0x26, 0x0E, 0x7C, 0xAF, 0x6F, 0x04, 0x75, 0x49, 0xDD, 0xCB, 0x54,
    0xA4, 0xE5, 0xB8, 0x7F, 0x15, 0x00, 0xC1, 0x50, 0xFD, 0xB4, 0xEB, 0x14, 0xFA, 0x47, 0xC1, 0x37,
    0xA8, 0x5F, 0x76, 0xB1, 0x51, 0x60, 0x8B, 0x9E, 0xA7, 0x3E, 0xBE, 0x44, 0x78, 0x91, 0xAF, 0x7F,
    0xB3, 0x44, 0x7B, 0xC1, 0x6F, 0x22, 0x75, 0xDA, 0x48, 0xC8, 0x8A, 0xA3, 0x02, 0x43, 0x13, 0xB1,
    0x2B, 0x12, 0xDE, 0xBC, 0xB1, 0x8D, 0x99, 0x49, 0x56, 0x2B, 0xC0, 0xA9, 0x4D, 0x32, 0x44, 0xE4,
    0xE6, 0xC6, 0x13, 0x5B, 0xD0, 0xAC, 0x08, 0xCC, 0x4D, 0xD0, 0x0E, 0xDB, 0x70, 0xE4, 0x39, 0xF0,
    0x1C, 0x77, 0x2F, 0xFC, 0x37, 0x5D, 0x82, 0x6B, 0xB9, 0x4E, 0x1D, 0x6A, 0x91, 0x6D, 0x79, 0x0E,
    0x65, 0xE7, 0xEB, 0xBC, 0xC7, 0xE0, 0x9C, 0xAD, 0x7C, 0x3D, 0x8B, 0x6E, 0xBE, 0x7F, 0xE2, 0xA0,
    0xCF, 0xDB, 0x81, 0xE7, 0x79, 0xFF, 0xA9, 0x90, 0xAC, 0x12, 0x85, 0x72, 0xC3, 0xB9, 0x15, 0x5C,
    0x20, 0x3C, 0x47, 0xB8, 0x48, 0x58, 0x5B, 0xC1, 0x26, 0xE1, 0x26, 0x81, 0x0F, 0xD2, 0xB7, 0x8E,
    0xA8, 0x62, 0x31, 0xC1, 0xE8, 0xA8, 0x70, 0x82, 0xF3, 0x19, 0x4D, 0x4F, 0x45, 0x50, 0xE8, 0x08,
    0x2D, 0xE1, 0x34, 0x2C, 0xDA, 0x22, 0x03, 0x5F, 0x93, 0x19, 0x4B, 0xC7, 0xD9, 0xD4, 0x9A, 0x36,
    0x19, 0x65, 0xD1, 0x99, 0x96, 0x5A, 0xB8, 0x66, 0xDA, 0x0B, 0x18, 0xD2, 0x8B, 0xA6, 0x5D, 0xE3,
    0x40, 0xBF, 0xD2, 0xDE, 0xF2, 0xAC, 0x03, 0x46, 0x94, 0xFC, 0x95, 0x16, 0x03, 0x1F, 0x4C, 0x86,
    0xC3, 0x1C, 0xA1, 0x9F, 0x41, 0x7B, 0xDC, 0xD8, 0x46, 0x67, 0x2C, 0x18, 0x21, 0xE9, 0x51, 0x4B,
    0x2B, 0xA6, 0xD3, 0x4D, 0xD9, 0xE6, 0x53, 0x02, 0x12, 0xAA, 0x9D, 0xC3, 0x94, 0x3F, 0x0F, 0x6B,
    0x61, 0xAF, 0x39, 0xB1, 0x59, 0x59, 0x58, 0xB2, 0xAD, 0x0A, 0x2D, 0x1F, 0x4C, 0x61, 0x89, 0x57,
    0x0C, 0xA9, 0x4B, 0xD4, 0xA2, 0xB4, 0x7E, 0x46, 0xD2, 0xE6, 0x4D, 0x21, 0x4B, 0xE6, 0xA0, 0x0D,
    0x57, 0x2C, 0x2E, 0x4F, 0xB8, 0xDC, 0x9C, 0xD1, 0x94, 0x7E, 0xEA, 0xE0, 0x94, 0x7E, 0xE1, 0xC0,
    0x94, 0x3E, 0x93, 0x47, 0x9E, 0x0D, 0x1B, 0xEE, 0x69, 0xE2, 0x1E, 0x9C, 0x3B, 0x08, 0x47, 0xE9,
    0xE4, 0x4B, 0x04, 0x98, 0x29, 0xA1, 0x95, 0x12, 0xCF, 0x2D, 0x34, 0xB7, 0xA9, 0x92, 0xF6, 0x04,
    0xEE, 0x6A, 0x2C, 0x08, 0xC3, 0xD5, 0x91, 0x03, 0x21, 0xE1, 0xB0, 0x50, 0xAC, 0x16, 0xC0, 0xB2,
    0x5E, 0x27, 0x36, 0xC4, 0x5F, 0xB5, 0xBF, 0x00, 0x5E, 0xEF, 0x3E, 0x06, 0xBE, 0x33, 0x10, 0xDF,
    0x9E, 0x3E, 0x00, 0xBE, 0xE5, 0xEE, 0x00, 0xAF, 0xA1, 0x9D, 0x60, 0x04, 0x77, 0x59, 0x11, 0x63,
    0xBD, 0xF1, 0xE0, 0xBD, 0xC4, 0x6D, 0x97, 0xFD, 0x25, 0xCB, 0x49, 0xF8, 0x07, 0xD7, 0x59, 0xF7,
    0xB6, 0xD3, 0x16, 0x14, 0x8F, 0x07, 0xBC, 0x62, 0x71, 0x7C, 0x11, 0x3B, 0xFD, 0x60, 0xAE, 0x4F,
    0x16, 0xA4, 0xA9, 0x09, 0x9E, 0x4F, 0xD4, 0x83, 0xC0, 0x4C, 0x0B, 0x45, 0x83, 0x8E, 0x82, 0xF6,
    0x1A, 0x58, 0x4B, 0x42, 0x01, 0x05, 0xF6, 0x50, 0xF9, 0xBD, 0x66, 0x86, 0x4C, 0xCB, 0xE9, 0x1D,
    0x7A, 0xAF, 0x8C, 0xA8, 0x45, 0xEB, 0x53, 0xCA, 0x04, 0x99, 0xCD, 0xE6, 0xF6, 0xAB, 0x80, 0x9D,
    0x7E, 0xC4, 0x96, 0xDE, 0x27, 0xA5, 0x73, 0xF8, 0x6D, 0x8D, 0xF1, 0xED, 0x0E, 0x71, 0xDE, 0x92,
    0xCF, 0x6A, 0x3F, 0xB3, 0x8F, 0xE0, 0x21, 0x37, 0xF3, 0x50, 0x42, 0x67, 0xED, 0x6A, 0x0F, 0xBD,
    0xA0, 0xAA, 0xEC, 0xE2, 0x0D, 0x36, 0xF1, 0x2A, 0xA2, 0x52, 0xEF, 0x93, 0xF9, 0x1C, 0x8C, 0xFC,
    0x1A, 0xCA, 0x6D, 0xA1, 0xFC, 0xAE, 0xB8, 0xAB, 0x03, 0x3C, 0xB5, 0x07, 0xF4, 0x0B, 0x70, 0xE3,
    0xA5, 0xA5, 0xFC, 0xC4, 0xC0, 0xCF, 0xA5, 0x79, 0x3D, 0x4E, 0x16, 0xB3, 0x94, 0xEA, 0x08, 0x66,
    0x67, 0x6C, 0x02, 0xE1, 0x67, 0xD6, 0xE4, 0x20, 0x52, 0x05, 0x66, 0x48, 0xFC, 0xCF, 0x29, 0x2F,
    0x16, 0xEF, 0x4F, 0xA6, 0x4E, 0x6F, 0x93, 0x97, 0xAE, 0x4E, 0x49, 0x97, 0x5F, 0x9D, 0x62, 0x42,
    0xD2, 0xE1, 0x5C, 0xD2, 0xEA, 0x05, 0xF3, 0x70, 0x4A, 0x6B, 0x6A, 0x4F, 0x26, 0x1B, 0xEE, 0xC1,
    0x5C, 0x81, 0xCE, 0x71, 0xFA, 0xB8, 0xCE, 0x99, 0x11, 0xED, 0xC7, 0xE4, 0x82, 0x55, 0x02, 0xB5,
    0x4D, 0x09, 0x58, 0xC9, 0xBD, 0x42, 0x83, 0xFE, 0x11, 0x79, 0x4F, 0x6D, 0x6F, 0xBB, 0x6C, 0xA4,
    0x9A, 0xC0, 0x94, 0x15, 0xFC, 0x82, 0x8C, 0x05, 0x87, 0x4E, 0xC2, 0x2A, 0xAF, 0x25, 0x2E, 0x50,
    0x66, 0x63, 0x1B, 0xFD, 0xE0, 0x1A, 0xE7, 0xCE, 0xC4, 0x58, 0xF7, 0x8F, 0x31, 0xD2, 0xB2, 0xE3,
    0x1C, 0x26, 0x6B, 0x3E, 0x41, 0x1B, 0x4C, 0x8B, 0x21, 0x3D, 0x12, 0x3A, 0x40, 0x34, 0x02, 0xD0,
    0x75, 0x7C, 0x87, 0xE8, 0x71, 0x40, 0x9D, 0xE2, 0xE4, 0xCF, 0xDD, 0x6F, 0xBD, 0x7A, 0xBE, 0xE6,
    0xDE, 0x51, 0xBB, 0x33, 0xA9, 0x2B, 0x19, 0x8D, 0x67, 0xB0, 0x61, 0xD5, 0x7C, 0x45, 0x0D, 0xB9,
    0xFE, 0x17, 0x8F, 0xED, 0x94, 0xEE, 0x03, 0xBF, 0x91, 0xA3, 0x37, 0x25, 0x23, 0x9D, 0x5D, 0xFA,
    0xC7, 0x7B, 0xB0, 0xB3, 0xCF, 0x67, 0xF6, 0x8E, 0x33, 0x46, 0xC4, 0x3E, 0x84, 0xA6, 0x59, 0x1A,
    0xC8, 0x47, 0x83, 0x41, 0xFA, 0xD1, 0x30, 0x7D, 0x2C, 0x12, 0x70, 0x48, 0x7D, 0xB0, 0x02, 0x7F,
    0x22, 0x2C, 0x7B, 0xCE, 0x68, 0x28, 0xEA, 0xE3, 0x90, 0x7E, 0x0F, 0xF6, 0xD3, 0x86, 0x68, 0x3A,
    0x62, 0xD2, 0x13, 0x19, 0x52, 0x2C, 0xD1, 0x9F, 0xA1, 0x75, 0xE6, 0x31, 0xCA, 0xBA, 0x09, 0xF5,
    0xE3, 0x29, 0xEA, 0xB3, 0x1C, 0xE9, 0xCF, 0xAC, 0x7C, 0x29, 0xFA, 0x4F, 0xD1, 0x70, 0x50, 0x78,
    0xCE, 0xB2, 0x16, 0x50, 0x44, 0x2D, 0xEB, 0xE0, 0xC4, 0x2D, 0x49, 0xB3, 0x2D, 0x78, 0xFA, 0xDF,
    0x12, 0x04, 0x05, 0xB4, 0xF4, 0x14, 0xF6, 0x60, 0x6B, 0x96, 0xA2, 0xA4, 0x80, 0x32, 0x0D, 0xCA,
    0x56, 0x5B, 0x92, 0x67, 0xBC, 0x8F, 0xF7, 0xC3, 0xEA, 0x25, 0xEC, 0x9B, 0x29, 0x2B, 0x13, 0x9A,
    0xB5, 0xD0, 0x5B, 0xB2, 0xB8, 0x0F, 0x26, 0x6F, 0xE4, 0x9C, 0x37, 0x78, 0xDC, 0x90, 0x85, 0xC9,
    0xF9, 0xBA, 0x99, 0x8F, 0xF4, 0xDA, 0xC1, 0x0D, 0xDA, 0x1E, 0xFB, 0xFB, 0x22, 0x5F, 0x4B, 0xC0,
    0x3A, 0xF1, 0x84, 0x1C, 0x4F, 0x98, 0x9F, 0x27, 0xF0, 0x39, 0xB3, 0x68, 0xA2, 0x2F, 0xDA, 0xE3,
    0x21, 0xA6, 0x3D, 0x00, 0x7A, 0x2E, 0x9C, 0x00, 0x28, 0x0F, 0x70, 0x3C, 0x1C, 0x01, 0x91, 0x9A,
    0x5D, 0x5E, 0x4D, 0xBA, 0x65, 0xE1, 0xB2, 0xD9, 0xC0, 0x14, 0xAF, 0x50, 0x1F, 0x5D, 0x12, 0x73,
    0xAF, 0x87, 0x5B, 0x03, 0xD7, 0xE0, 0xDA, 0x28, 0xDF, 0xA0, 0x2B, 0x83, 0x8B, 0xF1, 0xBF, 0x26,
    0xB1, 0x77, 0x30, 0x56, 0xD7, 0x66, 0xB9, 0x0B, 0x99, 0x5C, 0x65, 0x3A, 0x26, 0x40, 0x04, 0x04,
    0xF6, 0x53, 0x28, 0x86, 0xAB, 0xE0, 0x25, 0x57, 0xEC, 0x7B, 0x33, 0x6D, 0x23, 0xC0, 0x86, 0xD6,
    0xE0, 0xE2, 0x9A, 0x45, 0xFC, 0xD8, 0x41, 0x29, 0xA1, 0x23, 0x18, 0xBB, 0x4A, 0x47, 0xB0, 0xD6,
    0x3D, 0xDD, 0xDA, 0x3A, 0xAD, 0x0D, 0x8E, 0x40, 0x6C, 0x59, 0xD4, 0x81, 0x85, 0xCA, 0x07, 0x78,
    0x37, 0x9A, 0x37, 0x1A, 0xAC, 0x1C, 0xD3, 0x3F, 0x85, 0xE4, 0x99, 0x81, 0xAF, 0x66, 0xF4, 0x7C,
    0x99, 0xD1, 0x61, 0xDB, 0x93, 0x12, 0xFE, 0x37, 0x7C, 0x12, 0x87, 0xBE, 0xDB, 0x82, 0x9B, 0xB7,
    0xFC, 0xC9, 0xA1, 0x9F, 0xFD, 0x0C, 0x65, 0xC0, 0x91, 0xAE, 0x7F, 0x72, 0x42, 0x9F, 0xDC, 0x44,
    0x24, 0x48, 0x69, 0x67, 0x69, 0xF2, 0x2A, 0x84, 0x9F, 0x13, 0x55, 0x5E, 0x12, 0xB8, 0x3B, 0x06,
    0x3E, 0x0E, 0x26, 0xD2, 0x00, 0x8D, 0xDA, 0xC5, 0x1C, 0xD8, 0x45, 0x47, 0x6E, 0x41, 0x0F, 0xD6,
    0xD0, 0x63, 0x12, 0xB7, 0x20, 0xA0, 0xBA, 0x84, 0x32, 0xA8, 0xD0, 0xF5, 0xCE, 0x50, 0x8B, 0x50,
    0xD4, 0x24, 0xB5, 0xA1, 0x2C, 0x46, 0x78, 0xC0, 0x8E, 0xDE, 0x60, 0x23, 0x4F, 0xA0, 0x2B, 0x9E,
    0x90, 0x34, 0x72, 0x2D, 0xFC, 0xC0, 0x3B, 0x70, 0x21, 0xE9, 0xAF, 0xC2, 0x77, 0xB8, 0xD0, 0x94,
    0x57, 0x3E, 0x64, 0xB4, 0xF1, 0x43, 0x46, 0x1F, 0xE5, 0x8F, 0x81, 0x1B, 0x8C, 0x54, 0xA3, 0xBE,
    0x7C, 0xB9, 0x81, 0xFD, 0x28, 0xAF, 0x60, 0x94, 0x50, 0x66, 0x80, 0x6A, 0x12, 0xF3, 0x3B, 0xEE,
    0x7D, 0x8C, 0xD6, 0x15, 0x87, 0xD7, 0x86, 0xE9, 0x48, 0xE3, 0xDE, 0x86, 0xC3, 0x85, 0x70, 0x60,
    0x0A, 0x0A, 0x33, 0x22, 0xE6, 0x10, 0x5F, 0x0C, 0xC7, 0x3C, 0x1C, 0xD2, 0x68, 0xB0, 0x49, 0x0B,
    0x9B, 0x90, 0x4F, 0xA9, 0xB3, 0x3D, 0x1A, 0xD3, 0x62, 0xCC, 0x5B, 0x3A, 0xC6, 0x29, 0xE4, 0xD3,
    0xCE, 0x7C, 0x72, 0xAF, 0x33, 0xFF, 0xFE, 0x61, 0x67, 0x60, 0x5E, 0x0C, 0x34, 0x0E, 0x76, 0xB9,
    0x63, 0x39, 0x96, 0x97, 0xDE, 0x14, 0xC1, 0xB0, 0xA8, 0x82, 0xC1, 0x54, 0xDC, 0x17, 0x3B, 0x2A,
    0x63, 0x9C, 0xA8, 0x2E, 0x91, 0x2C, 0x9F, 0xE2, 0xD6, 0xAA, 0x33, 0x6D, 0x21, 0xEB, 0x18, 0xB5,
    0x17, 0x31, 0x26, 0x18, 0x17, 0x6A, 0x1C, 0x47, 0x16, 0xA3, 0xEF, 0x47, 0x3A, 0xAD, 0x6C, 0x8F,
    0x88, 0x08, 0xC6, 0x2B, 0xE2, 0x0C, 0x7C, 0x09, 0xCC, 0xF2, 0xE2, 0x2C, 0x6F, 0xCC, 0x72, 0x13,
    0x42, 0xC6, 0xF1, 0xDA, 0x54, 0xC1, 0xD9, 0xA9, 0xDC, 0x55, 0xD7, 0xAC, 0x87, 0xAE, 0x4B, 0x61,
    0x59, 0x5A, 0x0B, 0x1F, 0xB4, 0x36, 0x20, 0x89, 0xE2, 0x9C, 0x8B, 0xCB, 0xE2, 0x5C, 0xF9, 0x72,
    0x5E, 0x9C, 0x4B, 0xFF, 0x08, 0x5D, 0x4A, 0x3F, 0x02, 0x2C, 0x86, 0xB2, 0x30, 0x50, 0xDD, 0xC2,
    0xA0, 0x7B, 0x0B, 0x13, 0x35, 0xF0, 0xDF, 0xDF, 0x7A, 0xDF, 0x71, 0xF0, 0xC1, 0xD5, 0x13, 0x9A,
    0x3C, 0xA6, 0x23, 0x9B, 0x7A, 0xE0, 0x1F, 0xB3, 0xF6, 0xF0, 0x39, 0x34, 0xB4, 0x67, 0x79, 0xAF,
    0x0F, 0x23, 0xC6, 0x29, 0x07, 0x89, 0xA4, 0xCB, 0x7F, 0x54, 0x38, 0x2B, 0xFC, 0x7C, 0x06, 0xD7,
    0x33, 0x96, 0x63, 0x79, 0x4C, 0x5F, 0x0D, 0x31, 0xBE, 0x88, 0xE0, 0x29, 0x78, 0x4E, 0x39, 0x84,
    0x1F, 0x4F, 0xBC, 0xAF, 0xCA, 0xFB, 0x74, 0xD9, 0x86, 0xFE, 0x90, 0x74, 0x7A, 0x4F, 0x9F, 0x36,
    0x68, 0x6F, 0x65, 0x3E, 0x1D, 0x1F, 0xF1, 0x6E, 0x38, 0x8E, 0xB9, 0x06, 0x26, 0x68, 0x73, 0xBF,
    0xCB, 0xE9, 0x24, 0x96, 0xD9, 0x1B, 0x66, 0xB9, 0x66, 0xFD, 0x55, 0x1D, 0xA6, 0x6B, 0xD5, 0x06,
    0xB2, 0x18, 0xF6, 0x74, 0x18, 0xCF, 0xAE, 0xB7, 0xD2, 0xBB, 0xF5, 0x4E, 0x7A, 0xA7, 0xBE, 0x95,
    0xDE, 0xAE, 0x5F, 0x4F, 0xAB, 0xED, 0x55, 0xE0, 0x73, 0x48, 0x82, 0x92, 0x41, 0x33, 0x8D, 0x81,
    0xED, 0x16, 0x63, 0xC2, 0xF0, 0xB8, 0x88, 0x86, 0x04, 0xBE, 0x88, 0x81, 0xD3, 0xF4, 0x4D, 0x50,
    0xD2, 0x45, 0xD4, 0xB9, 0x2B, 0x3E, 0xF9, 0xC6, 0xC6, 0x61, 0xD2, 0x40, 0xD7, 0x10, 0x39, 0x42,
    0xF9, 0x61, 0xAE, 0x63, 0x10, 0xEE, 0xBB, 0xB8, 0x4C, 0x43, 0xD1, 0xFB, 0xCB, 0x22, 0xE7, 0x35,
    0x78, 0x5B, 0x82, 0x4F, 0x8F, 0x2C, 0x21, 0xA0, 0x2F, 0x9D, 0x74, 0x0E, 0x3D, 0x50, 0xB9, 0xA8,
    0x87, 0x4E, 0x60, 0x0E, 0x14, 0x2E, 0x18, 0x73, 0xC0, 0xB4, 0x07, 0x38, 0x17, 0x8E, 0x7A, 0x55,
    0xCB, 0xE9, 0x1D, 0x7A, 0xAF, 0x68, 0x46, 0xEA, 0x10, 0x84, 0x6E, 0xDB, 0xBB, 0xA2, 0x6E, 0xCC,
    0xA9, 0x99, 0x99, 0x19, 0xD6, 0xF0, 0x12, 0x3F, 0xD7, 0xF0, 0x8D, 0x33, 0x4E, 0xE0, 0x29, 0x49,
    0x8E, 0x17, 0xC0, 0xCB, 0x46, 0xF7, 0x07, 0x49, 0xAE, 0x4C, 0xB2, 0x71, 0x05, 0xA1, 0xD0, 0x1F,
    0x5C, 0x93, 0x8F, 0x08, 0xB5, 0x30, 0x78, 0x5E, 0xEB, 0x8F, 0x1B, 0x64, 0xAB, 0x82, 0x0E, 0xE6,
    0x33, 0x53, 0xF1, 0xD4, 0xC9, 0x4C, 0xAA, 0x71, 0xFF, 0xC6, 0x54, 0x7F, 0x08, 0xC7, 0xBA, 0x2A,
    0x8B, 0xA5, 0xD8, 0x1A, 0x7A, 0x0B, 0xDD, 0x8D, 0xB5, 0xD5, 0xE5, 0x9E, 0x04, 0x30, 0x48, 0x54,
    0xE2, 0x01, 0x77, 0xA1, 0xB5, 0xE5, 0x9F, 0x1C, 0x67, 0xD5, 0x6D, 0x9D, 0x5F, 0x27, 0x40, 0xB6,
    0x07, 0xEA, 0x76, 0x9A, 0xB5, 0xD1, 0xA3, 0xF0, 0x1E, 0xB1, 0x84, 0x8A, 0x81, 0x22, 0x28, 0x18,
    0x2E, 0xDC, 0x9B, 0xE0, 0xFE, 0x4D, 0x28, 0xCF, 0x0E, 0xE4, 0x96, 0x2A, 0x12, 0x63, 0xE4, 0xBB,
    0x8C, 0x53, 0x61, 0x70, 0x2A, 0x37, 0x0B, 0xAA, 0xBA, 0x8B, 0x60, 0x15, 0xFD, 0x4B, 0x33, 0x04,
    0xFB, 0x62, 0xC7, 0x39, 0x48, 0x9F, 0x01, 0xB3, 0x55, 0xB9, 0xC6, 0x11, 0xD2, 0xEB, 0x84, 0xFB,
    0x2B, 0xB8, 0xDE, 0x99, 0x87, 0xB0, 0x87, 0x39, 0xC8, 0x82, 0x73, 0x57, 0x6C, 0x7F, 0x28, 0x06,
    0x58, 0x19, 0x1F, 0x4F, 0x47, 0xB3, 0x14, 0x3C, 0x47, 0xC3, 0x74, 0x1E, 0xB1, 0x16, 0x8E, 0xA3,
    0x7E, 0x1D, 0x46, 0x39, 0x44, 0x90, 0x00, 0xA2, 0x71, 0xC0, 0x27, 0xC2, 0x09, 0x67, 0x70, 0xDE,
    0x82, 0x1C, 0x61, 0x0C, 0xA6, 0x10, 0xC1, 0x5B, 0xBF, 0xB8, 0x87, 0x67, 0xE6, 0x97, 0x99, 0x27,
    0x0D, 0x46, 0x56, 0xE1, 0x30, 0x33, 0x01, 0x0F, 0x09, 0xED, 0x1E, 0x94, 0x9A, 0x86, 0xB8, 0x0C,
    0x75, 0x31, 0xF7, 0x5A, 0xBD, 0x17, 0xC6, 0xB4, 0xA1, 0x81, 0x05, 0xEF, 0x67, 0x8B, 0x1A, 0x46,
    0x0F, 0xDB, 0x98, 0x06, 0xB7, 0x84, 0xA1, 0x1E, 0xFC, 0xBE, 0x1A, 0x43, 0x9C, 0x2F, 0x69, 0x51,
    0xDE, 0x72, 0x0D, 0x3B, 0x93, 0xE1, 0x5D, 0x40, 0xAF, 0x37, 0xA7, 0xFA, 0xC0, 0x3E, 0x87, 0x73,
    0xFE, 0xF0, 0x04, 0x56, 0x2B, 0x6A, 0x76, 0x67, 0x7A, 0x9E, 0x74, 0x7F, 0xF5, 0x77, 0x82, 0xBA,
    0x82, 0x9B, 0x7E, 0x9E, 0xE4, 0x73, 0x3F, 0x97, 0xAE, 0xF5, 0xFD, 0x8D, 0xAE, 0x30, 0x50, 0x30,
    0xF4, 0x4B, 0x6D, 0x40, 0xFD, 0x7E, 0x42, 0xEC, 0xFF, 0x5F, 0x34, 0x5E, 0x2C, 0x27, 0x20, 0xD4,
    0x31, 0xA5, 0x37, 0x9F, 0xF9, 0x79, 0xF2, 0x7B, 0x9F, 0xEA, 0x0B, 0xD9, 0x1E, 0x92, 0x84, 0x2D,
    0xE4, 0x92, 0xC8, 0x77, 0xD4, 0x56, 0x7D, 0x31, 0x8F, 0x40, 0xCA, 0xCF, 0xC0, 0x84, 0xEB, 0xB0,
    0xAF, 0xEB, 0x2B, 0x16, 0x54, 0x26, 0x44, 0xFB, 0xF2, 0x25, 0xA1, 0x35, 0x60, 0xC2, 0x7E, 0x01,
    0x22, 0xF0, 0xEF, 0x82, 0xC9, 0x6F, 0xAE, 0xB5, 0x69, 0x00, 0xD5, 0xB8, 0x91, 0x32, 0x67, 0x51,
    0x5B, 0x44, 0xD1, 0x50, 0x8E, 0x7C, 0x40, 0x00, 0xBA, 0x15, 0x75, 0x6F, 0xC6, 0x8D, 0x85, 0x1F,
    0xD7, 0xB0, 0xF9, 0xB1, 0x52, 0x57, 0x70, 0xD3, 0xB6, 0xE5, 0x11, 0x26, 0x04, 0x31, 0x8E, 0x29,
    0xD2, 0xD7, 0x2A, 0xFC, 0xEC, 0x6A, 0xA5, 0xE7, 0x67, 0x8C, 0x33, 0x11, 0x46, 0x46, 0x8F, 0xF9,
    0x25, 0x93, 0xAE, 0x4F, 0xD8, 0x6C, 0x4E, 0xF4, 0xDB, 0x6C, 0xBE, 0xF1, 0xC9, 0x2A, 0x28, 0xE1,
    0x86, 0x55, 0xFB, 0xD6, 0x00, 0x1E, 0xFB, 0x5B, 0x4F, 0x8B, 0x3C, 0x47, 0x8B, 0xB9, 0x3C, 0xA0,
    0xB6, 0x56, 0x8D, 0xAD, 0x5A, 0x5A, 0x0F, 0x6F, 0x78, 0x00, 0xA7, 0xDC, 0x4C, 0xE1, 0x15, 0xB6,
    0xE9, 0x9D, 0x01, 0x36, 0xF7, 0xCE, 0xB8, 0x5E, 0x03, 0xCA, 0x0A, 0x87, 0x70, 0x2E, 0xEE, 0xF5,
    0x6F, 0x42, 0x53, 0x6B, 0xDA, 0x27, 0xF4, 0xD3, 0x98, 0x33, 0x51, 0xC3, 0xC0, 0xE0, 0x28, 0xD4,
    0x88, 0x8F, 0xFB, 0x4E, 0x91, 0x73, 0x6A, 0xA1, 0xB3, 0x4B, 0xF7, 0x3B, 0x9E, 0x47, 0x3D, 0x28,
    0x73, 0xAC, 0xAE, 0x7C, 0xBA, 0x5F, 0x57, 0x96, 0xFA, 0xF2, 0x28, 0xA1, 0xA2, 0x6B, 0xBB, 0x5C,
    0xF3, 0xF8, 0xCC, 0xFC, 0x61, 0xDC, 0xE0, 0x24, 0x29, 0xF3, 0x30, 0xAD, 0xEF, 0x57, 0xA5, 0x4E,
    0xE4, 0x96, 0x50, 0xBF, 0x74, 0x6E, 0x51, 0x0D, 0x69, 0xB1, 0x94, 0xC7, 0x6E, 0x9C, 0xDC, 0x3D,
    0xDA, 0x45, 0x83, 0x46, 0x53, 0xCB, 0x00, 0xE1, 0xBE, 0xA6, 0x79, 0xE4, 0x54, 0x2D, 0xE7, 0x09,
    0x0C, 0x11, 0x3C, 0xCA, 0x7A, 0xAE, 0x73, 0x96, 0x10, 0x75, 0xFF, 0xE6, 0x37, 0xBA, 0x2A, 0x20,
    0x3E, 0x45, 0xE2, 0xF3, 0x24, 0x34, 0x5A, 0xBB, 0xF0, 0x52, 0x08, 0x0B, 0x82, 0x91, 0x9D, 0x45,
    0xFB, 0xB5, 0x65, 0x11, 0x7A, 0xB3, 0x8B, 0x16, 0x56, 0x92, 0xD5, 0x13, 0xBA, 0x15, 0xF0, 0x10,
    0xCA, 0xB7, 0x68, 0xCB, 0x0A, 0x95, 0x7E, 0x86, 0x61, 0x29, 0x84, 0xCA, 0x4B, 0xA1, 0x8E, 0xA2,
    0xEA, 0x16, 0xB6, 0xA0, 0xBD, 0x35, 0xCB, 0xEB, 0x2B, 0x9B, 0x00, 0x75, 0xA4, 0x36, 0xA6, 0xB7,
    0x47, 0x2F, 0xD8, 0x87, 0x26, 0x42, 0x8B, 0x6B, 0xC6, 0x49, 0x12, 0x8C, 0x8C, 0xC5, 0x5A, 0x8C,
    0x38, 0xDE, 0x1E, 0xB1, 0x4B, 0xCD, 0x7C, 0x43, 0xC5, 0x2C, 0x19, 0x2A, 0x2D, 0x18, 0x1F, 0x57,
    0xDC, 0x9B, 0x61, 0x99, 0x34, 0xCB, 0xD0, 0x16, 0x6A, 0x26, 0x63, 0x2E, 0xE6, 0x16, 0xB4, 0x16,
    0xAD, 0x6F, 0xE5, 0xE1, 0xD5, 0x69, 0x96, 0xEE, 0xF7, 0xF0, 0x98, 0x70, 0xAF, 0xEC, 0x9E, 0x87,
    0x87, 0xEB, 0x31, 0x93, 0xCA, 0x25, 0x93, 0x30, 0x99, 0x2D, 0x4A, 0x27, 0x65, 0xCD, 0x20, 0xB0,
    0x32, 0x7D, 0x00, 0xF7, 0x64, 0x08, 0x2B, 0xA6, 0x2C, 0x98, 0x93, 0x89, 0x98, 0x93, 0x49, 0xD8,
    0x9D, 0x86, 0xF0, 0x2E, 0x59, 0xF5, 0xCF, 0x1C, 0x77, 0xA6, 0x68, 0x38, 0x70, 0x62, 0xBB, 0xE5,
    0x6A, 0x90, 0x5F, 0x12, 0x52, 0x1E, 0x91, 0xA7, 0x53, 0x17, 0x0C, 0x76, 0x8C, 0xC6, 0x44, 0xE3,
    0x59, 0xF3, 0x74, 0x34, 0x9E, 0x83, 0x62, 0x7C, 0x7B, 0x56, 0x8C, 0x4D, 0x3F, 0x6B, 0x98, 0xDE,
    0xB1, 0xB3, 0x62, 0x50, 0x54, 0x43, 0xA9, 0xA9, 0x94, 0x88, 0x79, 0xF3, 0x26, 0xF9, 0x02, 0xAB,
    0x02, 0xC7, 0xAE, 0x14, 0x70, 0x62, 0xE1, 0xB7, 0xA5, 0x44, 0x2B, 0xC7, 0xFC, 0x48, 0xB4, 0xBA,
    0xC2, 0x41, 0x65, 0x3E, 0xBC, 0x3A, 0xF1, 0xEA, 0xB2, 0xDE, 0xD4, 0xB5, 0x9F, 0xFB, 0xCC, 0x25,
    0xA7, 0xAF, 0x68, 0xFD, 0x62, 0x4E, 0xA7, 0xE4, 0x30, 0xA7, 0xFF, 0x97, 0x96, 0x04, 0xBA, 0x79,
    0x49, 0xA0, 0xF0, 0x4B, 0x02, 0xDA, 0xCD, 0x73, 0x6F, 0x2F, 0x37, 0xC9, 0x81, 0x4D, 0x98, 0x9D,
    0x6A, 0x1C, 0x98, 0x69, 0x1C, 0x58, 0xED, 0x3D, 0x20, 0x56, 0x8C, 0x66, 0x3C, 0xEF, 0x1E, 0x20,
    0x94, 0x87, 0xFA, 0x67, 0x50, 0x45, 0xD8, 0xB2, 0xC5, 0xCA, 0xC3, 0x2F, 0x3D, 0x1B, 0x1E, 0x5A,
    0xA5, 0xB8, 0x04, 0x3B, 0x87, 0x48, 0xA0, 0x4E, 0x71, 0xBC, 0x40, 0x9B, 0x42, 0x4D, 0xD9, 0xCF,
    0x15, 0x46, 0x8D, 0x67, 0x4F, 0x6E, 0xE1, 0x69, 0xC2, 0xFC, 0xA4, 0xE0, 0xB0, 0x70, 0xC0, 0xEF,
    0x59, 0x86, 0x9F, 0xAD, 0x86, 0x9F, 0x3D, 0xEA, 0x5D, 0xF7, 0xE1, 0x67, 0xD2, 0x31, 0x1F, 0x09,
    0xBE, 0x82, 0x7A, 0x27, 0x05, 0x1B, 0x88, 0x90, 0x72, 0x3A, 0xED, 0x85, 0xD3, 0x86, 0x4B, 0x05,
    0x7B, 0x59, 0xD6, 0x76, 0xE9, 0x57, 0x7A, 0xE7, 0x72, 0xFB, 0x04, 0x24, 0xFF, 0x00, 0x23, 0x4A,
    0xF7, 0x89, 0xDE, 0xCE, 0x96, 0x57, 0x72, 0x59, 0x2B, 0x31, 0x16, 0x3D, 0xF3, 0x63, 0x4C, 0x2F,
    0xA3, 0x1A, 0x8F, 0x3D, 0x93, 0x65, 0xCF, 0x6B, 0xA2, 0x6C, 0x4D, 0xD1, 0xE7, 0xCB, 0xA8, 0x48,
    0xF6, 0xE1, 0xA4, 0x67, 0xF2, 0x42, 0x7C, 0x7A, 0xCC, 0x67, 0xCF, 0x7C, 0xBE, 0xCC, 0xA7, 0xCE,
    0x84, 0xCD, 0xC1, 0xCC, 0x1D, 0x0D, 0x17, 0x83, 0xE0, 0x45, 0xAA, 0x9B, 0x40, 0x1F, 0xD3, 0x54,
    0x5B, 0x18, 0x85, 0x7A, 0x93, 0xA1, 0xE3, 0x4E, 0x5A, 0xFF, 0x0E, 0xCE, 0x70, 0x4D, 0x8F, 0xEA,
    0x03, 0xA5, 0x3F, 0x7A, 0x3F, 0x1F, 0x70, 0x71, 0xA7, 0x66, 0xFE, 0x1E, 0x1A, 0x44, 0x15, 0xE2,
    0x60, 0xE6, 0xDB, 0x02, 0x9A, 0x6F, 0x4F, 0x79, 0xF1, 0xE1, 0x43, 0xD6, 0xB7, 0xB7, 0xA4, 0xBA,
    0xBB, 0x02, 0x76, 0x8E, 0xAC, 0x69, 0x00, 0xCC, 0x88, 0x59, 0xFC, 0xBC, 0x38, 0x04, 0xCE, 0xB5,
    0x47, 0x5E, 0x40, 0x47, 0x93, 0x14, 0x72, 0xA7, 0x9F, 0x8C, 0x64, 0xB3, 0xAB, 0x4A, 0x5D, 0xF1,
    0x0A, 0xB3, 0x97, 0xFC, 0x4F, 0x3A, 0xD9, 0xC5, 0x0D, 0x9B, 0xF6, 0x98, 0xE4, 0x3F, 0xD8, 0x6E,
    0x6D, 0xD1, 0xC9, 0x16, 0xC7, 0x25, 0x62, 0xF2, 0xDF, 0x41, 0xF5, 0x95, 0x2F, 0xBB, 0x7D, 0x23,
    0x39, 0xCC, 0xCE, 0x04, 0x17, 0x50, 0x3E, 0x3F, 0xF2, 0xB5, 0xD0, 0x47, 0x03, 0x7F, 0x2F, 0xE2,
    0x78, 0x6E, 0x88, 0x2A, 0xB1, 0x9F, 0x09, 0xB3, 0x5D, 0x44, 0xD3, 0x9D, 0x7B, 0x65, 0x2A, 0xA7,
    0x78, 0x34, 0x43, 0x40, 0x6A, 0xAB, 0xC0, 0xEA, 0x85, 0x92, 0x3A, 0xE9, 0xBC, 0xFC, 0xC8, 0xF3,
    0x78, 0xBA, 0x6F, 0x51, 0x61, 0xBF, 0x94, 0xFF, 0xE2, 0xB2, 0x32, 0xED, 0x7C, 0x6B, 0x27, 0xF8,
    0xB7, 0x7D, 0x04, 0xFB, 0x90, 0x64, 0xA0, 0x1B, 0x21, 0xA5, 0x87, 0xD3, 0x73, 0x9E, 0xD2, 0x1D,
    0x74, 0xAB, 0xFC, 0xB9, 0xAF, 0x67, 0x49, 0xEB, 0x87, 0x25, 0x67, 0x92, 0x6F, 0xD8, 0xD7, 0x1E,
    0x69, 0x68, 0x6B, 0xD8, 0x9E, 0x08, 0xED, 0x09, 0x98, 0xFC, 0x77, 0xB0, 0x2E, 0x74, 0xCF, 0xE0,
    0x37, 0xD0, 0x7F, 0x3A, 0xB6, 0x3D, 0xE3, 0x79, 0xB4, 0x27, 0xDE, 0x6B, 0xCF, 0x70, 0xB8, 0x3D,
    0x7B, 0x66, 0xC6, 0x30, 0x08, 0x7D, 0x6C, 0x7B, 0x4E, 0x75, 0x21, 0x22, 0xE3, 0x42, 0x84, 0x7E,
    0x22, 0x71, 0x10, 0x12, 0x0F, 0x5F, 0x32, 0x44, 0xDF, 0x86, 0x5E, 0xCF, 0x06, 0x51, 0x83, 0x50,
    0x95, 0x53, 0x5E, 0x77, 0xD8, 0xF6, 0x66, 0x6D, 0x3F, 0x3D, 0x91, 0x40, 0x19, 0xAF, 0x10, 0xBE,
    0x64, 0x70, 0x4F, 0x3F, 0x7D, 0x98, 0x27, 0xE2, 0xEE, 0x2C, 0x9B, 0x4C, 0x84, 0x7B, 0x27, 0x45,
    0xBF, 0xE1, 0x39, 0x12, 0xFC, 0x37, 0x36, 0x89, 0xF2, 0xA6, 0x26, 0x94, 0xDD, 0x91, 0xC0, 0xEF,
    0x76, 0xB6, 0xB9, 0x82, 0xD7, 0x3C, 0x49, 0x7D, 0x68, 0x67, 0xFF, 0x72, 0xBF, 0xAC, 0x82, 0xB5,
    0x72, 0x19, 0xAC, 0x7D, 0xAE, 0x03, 0x7E, 0x82, 0x8F, 0x9D, 0xC0, 0xDC, 0xEA, 0xA1, 0x87, 0x9D,
    0x9A, 0xD1, 0xC8, 0x6F, 0x82, 0xF9, 0x53, 0xB8, 0x39, 0x17, 0xA9, 0x7F, 0xFF, 0xA3, 0xC5, 0x7F,
    0xE8, 0x1D, 0x35, 0x76, 0x71, 0x5B, 0x97, 0xFA, 0x2A, 0x45, 0x3D, 0x13, 0xD2, 0x31, 0x3A, 0x8B,
    0x64, 0xEF, 0xF7, 0x7E, 0x9D, 0x3F, 0x9A, 0x94, 0x3C, 0x18, 0x26, 0x23, 0x96, 0x94, 0xD7, 0x43,
    0x78, 0xBF, 0x43, 0x52, 0x13, 0xF0, 0x9A, 0x7D, 0xAC, 0xCA, 0xB1, 0xEC, 0xAD, 0xB3, 0xF8, 0xF8,
    0x25, 0x29, 0x76, 0xB4, 0x07, 0x28, 0xDC, 0x0F, 0xD4, 0x35, 0x14, 0x39, 0xD1, 0x62, 0x82, 0xF1,
    0x9F, 0xA9, 0x39, 0xB6, 0x3B, 0xF8, 0x47, 0x47, 0xCE, 0xB8, 0xAF, 0x78, 0x9D, 0x44, 0x9E, 0x98,
    0x0E, 0x03, 0x69, 0x14, 0x9F, 0x57, 0x5C, 0x33, 0x9C, 0x10, 0x9B, 0xBA, 0x8F, 0x10, 0x76, 0x4D,
    0x82, 0x86, 0x8B, 0x1E, 0x11, 0x6A, 0x93, 0x57, 0xD1, 0xE4, 0x2E, 0x6C, 0x13, 0x4E, 0x58, 0xC4,
    0x24, 0xE0, 0xD7, 0x86, 0xFC, 0xE1, 0x9A, 0xD0, 0xFD, 0x15, 0x4E, 0xE3, 0x3D, 0x77, 0x0F, 0x11,
    0x2D, 0x33, 0x85, 0x97, 0x5D, 0x34, 0x7C, 0x3D, 0x04, 0x68, 0x56, 0x36, 0xF9, 0x18, 0xDD, 0x60,
    0x6F, 0xD3, 0xAC, 0x5E, 0x25, 0x14, 0xAE, 0x7A, 0x0A, 0xE5, 0xDA, 0xAD, 0xD4, 0xE5, 0x08, 0xF2,
    0xFB, 0x18, 0x1D, 0x74, 0x23, 0x94, 0x10, 0x56, 0x9A, 0x22, 0x1D, 0xD8, 0xC7, 0x4E, 0xA7, 0xF6,
    0x7D, 0x66, 0x5C, 0x6D, 0x41, 0x07, 0xDE, 0x83, 0xF5, 0x7A, 0x0F, 0x96, 0x66, 0x4B, 0xCD, 0xD5,
    0x49, 0x53, 0x2E, 0x52, 0xF6, 0x54, 0xF7, 0xC2, 0x54, 0x79, 0x6B, 0x0A, 0xD3, 0x9B, 0x8C, 0xB4,
    0xC4, 0x4F, 0x35, 0xA3, 0x89, 0x41, 0x50, 0x5A, 0x47, 0x8E, 0x5F, 0x70, 0x42, 0x26, 0xC8, 0x88,
    0xE3, 0x61, 0xD1, 0xC4, 0xAA, 0xF7, 0xD1, 0x60, 0x0B, 0xD9, 0xF8, 0x4C, 0x87, 0x93, 0x29, 0xB1,
    0x17, 0xE2, 0x51, 0x9E, 0x08, 0xA8, 0x21, 0x34, 0xD9, 0xFC, 0x44, 0xC3, 0x79, 0xCA, 0x2A, 0xD0,
    0x8E, 0x02, 0xDC, 0x51, 0xC1, 0x93, 0x82, 0x5B, 0xA2, 0xC3, 0x4F, 0xD7, 0xCA, 0x83, 0xC8, 0x99,
    0x7E, 0xBD, 0xC6, 0xD5, 0x05, 0x5D, 0x61, 0x90, 0xAF, 0x10, 0x7F, 0x73, 0x8E, 0x4C, 0x64, 0x37,
    0x85, 0x5D, 0xEF, 0x44, 0xAF, 0x08, 0xE6, 0x0C, 0x3E, 0xBA, 0x88, 0x9A, 0x5F, 0x62, 0xB6, 0x3B,
    0x15, 0xEE, 0x1F, 0x4C, 0xAB, 0x7D, 0xB9, 0x85, 0x84, 0xFF, 0x9B, 0x78, 0xF7, 0xA8, 0x41, 0x3F,
    0xEB, 0x8F, 0x27, 0x0E, 0x0D, 0xFF, 0xE9, 0x2E, 0x36, 0x74, 0x28, 0x1C, 0xFC, 0x93, 0x6C, 0xF2,
    0x09, 0xE3, 0x9E, 0xBB, 0x28, 0x9B, 0x24, 0xFF, 0xA5, 0x17, 0x0B, 0x3E, 0x46, 0x55, 0x9F, 0x40,
    0xFE, 0x5E, 0x4B, 0x72, 0xBF, 0x00, 0xE7, 0x89, 0x7C, 0xF3, 0xDB, 0xA7, 0xFE, 0x92, 0xFF, 0x01,
    0xBD, 0x59, 0x3D, 0x73, 0xD4, 0x46, 0x18, 0x7E, 0x25, 0x4D, 0x50, 0x8C, 0x62, 0x94, 0x92, 0x0C,
    0x10, 0xA5, 0x48, 0x41, 0x41, 0xA2, 0x86, 0x82, 0xC2, 0x8E, 0x94, 0x8A, 0x82, 0x02, 0x7E, 0x42,
    0x8A, 0xF4, 0x40, 0x6F, 0x90, 0x80, 0x1E, 0x3C, 0xF9, 0x05, 0xFC, 0x04, 0x17, 0x29, 0x5C, 0x60,
    0xA4, 0x98, 0x22, 0x45, 0x0A, 0x64, 0x52, 0x64, 0x26, 0x99, 0x0C, 0x9A, 0xD4, 0x99, 0x89, 0x12,
    0x2E, 0x33, 0x07, 0xA3, 0xD3, 0xE6, 0x79, 0x76, 0x57, 0xB6, 0x63, 0xEC, 0x0C, 0xB9, 0x93, 0x4E,
    0xE7, 0x77, 0xAD, 0x3B, 0xAD, 0xB4, 0xCF, 0xB3, 0xEF, 0xE7, 0xAE, 0xC4, 0x6B, 0x44, 0xC4, 0x9B,
    0xA2, 0x09, 0x5A, 0x34, 0xA1, 0x6E, 0x3A, 0x34, 0x9F, 0x29, 0x34, 0x57, 0xD8, 0x5C, 0x56, 0xB9,
    0xC8, 0x56, 0x51, 0x8A, 0x34, 0x09, 0x9A, 0x2A, 0xA9, 0xC5, 0x55, 0xAA, 0x11, 0x2F, 0x0F, 0xD1,
    0xA4, 0xE1, 0x54, 0x02, 0xDE, 0x7C, 0x73, 0x33, 0xEE, 0x52, 0x55, 0x27, 0xEC, 0xCD, 0x23, 0x44,
    0x5F, 0x41, 0x5F, 0xDB, 0xF0, 0xAB, 0xAB, 0x6A, 0x09, 0xBF, 0x9F, 0x4A, 0x7C, 0xBF, 0x95, 0xE4,
    0xFE, 0x4C, 0x4E, 0xBB, 0x33, 0x91, 0x9B, 0x9D, 0xF8, 0x6F, 0x3A, 0x89, 0x77, 0x3B, 0xFC, 0x66,
    0xE5, 0x19, 0xA4, 0x53, 0x65, 0x38, 0x29, 0x52, 0xFD, 0xAC, 0x04, 0x52, 0xE4, 0x46, 0x78, 0xEE,
    0x72, 0x0C, 0x6F, 0xC2, 0x86, 0x80, 0x65, 0x03, 0xE2, 0x34, 0x62, 0x8F, 0x51, 0x38, 0x7D, 0x6A,
    0x61, 0x24, 0xB8, 0x31, 0xC0, 0x2D, 0x21, 0xFE, 0x7F, 0x6E, 0xC6, 0x9B, 0x93, 0xD6, 0xFB, 0x96,
    0x99, 0xD7, 0x74, 0x04, 0x09, 0xBC, 0x09, 0xA1, 0xED, 0x44, 0x78, 0xFA, 0x63, 0x37, 0x1F, 0x93,
    0x8C, 0x78, 0x64, 0x50, 0x49, 0x12, 0xE5, 0xA2, 0x7E, 0x15, 0x0F, 0x9D, 0xC3, 0xBD, 0x56, 0x56,
    0xE4, 0xE2, 0xDC, 0x84, 0x34, 0x9B, 0x58, 0x37, 0xCF, 0x00, 0x39, 0x78, 0x4E, 0xA0, 0xCB, 0x22,
    0xB4, 0x66, 0x95, 0x13, 0x5F, 0x2F, 0xC5, 0xCF, 0x30, 0x80, 0x6A, 0x61, 0x1E, 0x99, 0xB8, 0xE9,
    0x69, 0x33, 0x68, 0x31, 0x15, 0xEF, 0xCF, 0x4E, 0x82, 0xBA, 0x90, 0xB0, 0x2E, 0x52, 0x37, 0x87,
    0x06, 0xCE, 0xA9, 0xDC, 0xE9, 0x8A, 0x3C, 0x68, 0x8A, 0x1C, 0xBF, 0x19, 0x69, 0x54, 0x1E, 0xAA,
    0xA2, 0xF1, 0x66, 0x71, 0xD5, 0xC3, 0xAD, 0x7B, 0x2B, 0x73, 0x5B, 0x82, 0x5F, 0x23, 0xE4, 0xC9,
    0x32, 0x75, 0xB5, 0x82, 0xDB, 0xA0, 0x27, 0x21, 0x24, 0xA0, 0x49, 0xBC, 0x4A, 0xD4, 0xF3, 0x7C,
    0x08, 0x9D, 0x19, 0xD4, 0xF1, 0x37, 0x00, 0x52, 0x70, 0x24, 0xCC, 0x0E, 0xFC, 0x68, 0x93, 0xF8,
    0x49, 0x22, 0x26, 0xE0, 0x19, 0x29, 0xDE, 0x70, 0xC6, 0xA5, 0x08, 0xF8, 0xD3, 0x4B, 0x12, 0xA8,
    0xA9, 0x9C, 0x09, 0x30, 0xDF, 0x1F, 0x19, 0x77, 0x27, 0xA5, 0xE0, 0xC5, 0x74, 0x31, 0x8A, 0x1A,
    0x70, 0xB8, 0x4C, 0x63, 0x3C, 0x31, 0xFC, 0x69, 0x13, 0xCD, 0x30, 0xEB, 0xAA, 0x14, 0xEF, 0x55,
    0x23, 0x7E, 0xFE, 0xAD, 0x38, 0xF2, 0xE1, 0x62, 0xEA, 0x3B, 0x1A, 0x1A, 0x4D, 0x50, 0xD2, 0x67,
    0x33, 0x6A, 0x93, 0x41, 0xF2, 0xF6, 0x2E, 0xFA, 0x6E, 0x30, 0x62, 0xE9, 0x39, 0xD0, 0xCA, 0x1D,
    0x91, 0x7E, 0x6E, 0xBC, 0x86, 0x9A, 0x24, 0x6D, 0x04, 0x05, 0xFF, 0xFC, 0x65, 0xF1, 0xCB, 0x89,
    0x0E, 0x34, 0x1A, 0xA9, 0x2C, 0x10, 0x39, 0x0D, 0x41, 0xB2, 0xA7, 0x2E, 0x8D, 0x83, 0xDE, 0xFA,
    0x66, 0x99, 0x0C, 0xD1, 0xDF, 0x6D, 0x68, 0xB3, 0xB8, 0x9B, 0x0F, 0xFC, 0x02, 0x0C, 0x57, 0x07,
    0x64, 0x78, 0x5C, 0x7A, 0xBB, 0xFD, 0x17, 0x18, 0xDE, 0x59, 0x16, 0xC3, 0x8B, 0x87, 0xB3, 0x1D,
    0x24, 0x02, 0x43, 0x79, 0x9B, 0xE1, 0xFC, 0x41, 0x27, 0x81, 0x0F, 0x88, 0x52, 0x3D, 0x89, 0x5B,
    0x5E, 0x4E, 0x76, 0xE9, 0x92, 0x2C, 0xF4, 0x70, 0xBC, 0x31, 0x65, 0x43, 0x20, 0x57, 0xC4, 0xAF,
    0x06, 0xD2, 0xDF, 0x2D, 0x77, 0xA9, 0xFE, 0x76, 0x52, 0xB8, 0xB1, 0xB4, 0xBC, 0xBD, 0x81, 0x68,
    0x1D, 0x13, 0x6E, 0x12, 0xA5, 0x6A, 0xBF, 0xF5, 0x1A, 0xBF, 0x75, 0xAD, 0xC0, 0x50, 0xDA, 0x33,
    0x90, 0x8F, 0x8D, 0xA8, 0xCE, 0x9E, 0xF3, 0x37, 0x5E, 0x93, 0x1B, 0x90, 0x09, 0x04, 0x7D, 0x9D,
    0x26, 0x21, 0x35, 0x1E, 0x3E, 0x83, 0x05, 0x2C, 0x1E, 0x24, 0xF5, 0x79, 0x51, 0x8B, 0xDF, 0xB4,
    0xA8, 0x51, 0x0A, 0x49, 0x4A, 0x2D, 0x29, 0xFA, 0xA6, 0x19, 0x78, 0x51, 0x48, 0x32, 0x69, 0x5C,
    0x89, 0x66, 0x21, 0xC6, 0x98, 0xE9, 0xFE, 0xFA, 0x60, 0xA2, 0xE4, 0xBC, 0x51, 0x78, 0x7E, 0x0A,
    0xB0, 0xA9, 0xE2, 0x80, 0xDE, 0x04, 0x71, 0x6B, 0x6B, 0x7E, 0x03, 0xE0, 0x3E, 0x6B, 0xE3, 0x10,
    0xC7, 0x62, 0x41, 0xE5, 0xB3, 0xA8, 0xB2, 0x13, 0x3C, 0x2F, 0xFE, 0xE4, 0x01, 0x2A, 0x32, 0x95,
    0x6B, 0xD7, 0xD8, 0x9B, 0x0D, 0x87, 0x95, 0x47, 0x77, 0x1E, 0x76, 0x80, 0xC2, 0x08, 0x66, 0xEF,
    0x5F, 0xDB, 0xAF, 0x96, 0xE7, 0xC5, 0x4A, 0xF6, 0x77, 0x10, 0x7D, 0x71, 0xE3, 0xEB, 0x09, 0x8C,
    0x04, 0xA1, 0x30, 0xCE, 0xA5, 0x32, 0xA9, 0x75, 0x18, 0xCC, 0x54, 0x96, 0xDF, 0x48, 0x84, 0xAA,
    0x2E, 0xFB, 0x59, 0x1C, 0x35, 0x81, 0x69, 0x3C, 0x91, 0x53, 0xF2, 0xC1, 0xDC, 0xB8, 0xCF, 0xF6,
    0x71, 0xED, 0x01, 0x4A, 0x8B, 0x47, 0x2C, 0xB9, 0x81, 0x7B, 0x36, 0x2C, 0xEE, 0x6D, 0x9B, 0x7A,
    0x93, 0x28, 0x95, 0x20, 0xAB, 0x06, 0xC1, 0x7D, 0x50, 0x8B, 0x32, 0x7A, 0xA0, 0x12, 0xF5, 0xEA,
    0x0D, 0xCC, 0x7B, 0x33, 0xCE, 0xBC, 0xBF, 0x67, 0x23, 0x08, 0x9D, 0x11, 0xCB, 0xAA, 0xE8, 0xCB,
    0x46, 0xB2, 0x9F, 0xCA, 0xC1, 0x78, 0x18, 0x1B, 0x4F, 0x65, 0x0F, 0xD8, 0xDD, 0x4D, 0xE3, 0xF7,
    0xBD, 0x1E, 0x72, 0x27, 0x1D, 0xD2, 0xE6, 0x9D, 0xD9, 0x05, 0x6D, 0xF3, 0xBE, 0x8F, 0x31, 0xB8,
    0x16, 0xA0, 0xAF, 0xE2, 0x92, 0x0F, 0xB3, 0x75, 0x17, 0xE1, 0x41, 0x55, 0x84, 0xD6, 0x7E, 0x06,
    0x9F, 0xFF, 0x63, 0xE2, 0x61, 0x64, 0xB1, 0x63, 0x6C, 0xE7, 0x6F, 0xC4, 0xF3, 0x72, 0x6D, 0x51,
    0xFF, 0x7D, 0x2B, 0x56, 0x82, 0x01, 0x8C, 0x8B, 0x15, 0xC7, 0x9A, 0x0E, 0x95, 0x29, 0x93, 0x74,
    0xAC, 0x72, 0x60, 0x7B, 0x97, 0x3F, 0xE4, 0x23, 0xF4, 0x3F, 0x85, 0xB2, 0x0F, 0x98, 0x27, 0x4E,
    0x83, 0x65, 0x8A, 0x38, 0x5B, 0x71, 0x53, 0x34, 0xE1, 0x91, 0x4F, 0x3C, 0xCD, 0xBA, 0x39, 0x1E,
    0xCD, 0xB4, 0x35, 0x21, 0x3E, 0xFC, 0xB9, 0x34, 0x45, 0x3E, 0xCB, 0xD7, 0x5C, 0x4E, 0x1E, 0x47,
    0x0E, 0xFA, 0x45, 0x4C, 0xB4, 0x5D, 0x58, 0x83, 0x25, 0x78, 0x86, 0x0D, 0x52, 0x5E, 0xD4, 0x88,
    0xE2, 0xFC, 0xA8, 0x94, 0x4D, 0x9E, 0x54, 0xB6, 0x29, 0xCD, 0x59, 0x6D, 0x9B, 0x54, 0xF7, 0xD3,
    0x77, 0xE8, 0x7B, 0x65, 0x16, 0x52, 0x25, 0xDD, 0x7E, 0x36, 0x65, 0x72, 0xA1, 0x3A, 0x4D, 0xA3,
    0xBF, 0x6A, 0xA5, 0xCC, 0xB0, 0xDA, 0xCC, 0x24, 0x2E, 0x93, 0xFE, 0x53, 0x65, 0x65, 0x52, 0xF3,
    0x7F, 0xFF, 0x0B, 0xAE, 0xA7, 0xEC, 0x77, 0x62, 0x02, 0x3B, 0x5A, 0x0B, 0x6A, 0xBD, 0x4F, 0xFA,
    0x91, 0x47, 0xE1, 0xC4, 0x20, 0x19, 0x73, 0xC1, 0xC9, 0xBC, 0x56, 0xD9, 0xBC, 0x96, 0x1E, 0xB2,
    0xB5, 0xFF, 0x4D, 0x6B, 0xC5, 0x96, 0x0E, 0x6E, 0x53, 0xB0, 0xF4, 0x99, 0xDA, 0xB5, 0xE5, 0x5D,
    0x06, 0x99, 0xAF, 0x9C, 0x72, 0x4C, 0x32, 0x3A, 0x89, 0xA0, 0xEE, 0x8A, 0x1E, 0x55, 0x92, 0xFD,
    0xA2, 0x83, 0xB1, 0x57, 0xEF, 0x88, 0x27, 0xAB, 0x73, 0x13, 0xD2, 0x6C, 0x62, 0xBD, 0x00, 0xD9,
    0xA5, 0x7B, 0xFE, 0xD0, 0xF6, 0x8B, 0xE5, 0xBB, 0xD1, 0xE8, 0x84, 0xB8, 0x16, 0xD8, 0xD1, 0xD9,
    0x25, 0xDF, 0xCF, 0x2E, 0x8B, 0x12, 0xEA, 0xCD, 0xB8, 0xB1, 0xBB, 0x1C, 0x08, 0x9B, 0xFC, 0xB6,
    0xB6, 0xAF, 0xAB, 0x74, 0x49, 0xBA, 0xD2, 0x89, 0xA7, 0x3A, 0x48, 0x3C, 0xF7, 0x90, 0x78, 0x7E,
    0x2C, 0x87, 0xA3, 0x18, 0xEF, 0x31, 0x26, 0x32, 0x94, 0x6C, 0x71, 0xAB, 0x43, 0x1E, 0xF7, 0x2E,
    0xAB, 0xB5, 0xF7, 0x54, 0x6F, 0x75, 0x48, 0x3E, 0x2A, 0x45, 0x10, 0xEB, 0x56, 0x4D, 0x4E, 0xBA,
    0x7A, 0x38, 0x27, 0x81, 0x62, 0xB3, 0x83, 0x9C, 0xB4, 0x32, 0x3F, 0x45, 0xAD, 0xBF, 0xE0, 0xC0,
    0x18, 0x97, 0xA1, 0xB1, 0x93, 0xC2, 0x5F, 0x68, 0xEB, 0xE2, 0xA2, 0x39, 0x21, 0x5F, 0x0D, 0x10,
    0x1A, 0x25, 0xA2, 0x0F, 0x66, 0x38, 0x73, 0x14, 0xEA, 0x6E, 0x7F, 0x82, 0x1F, 0xB1, 0x42, 0xCA,
    0xCD, 0xF0, 0x51, 0x17, 0x92, 0x6F, 0x3B, 0x2C, 0xDF, 0x89, 0xA9, 0xC0, 0x50, 0x95, 0x6A, 0x43,
    0x8D, 0x11, 0x1F, 0xCF, 0xF2, 0x0B, 0x22, 0x4C, 0xF1, 0x5B, 0xED, 0x37, 0x8A, 0xB0, 0xF3, 0x77,
    0xA6, 0x65, 0xF6, 0x32, 0xA8, 0xA2, 0xA8, 0x09, 0xE9, 0x7C, 0xE4, 0x75, 0x71, 0x4C, 0x0A, 0xDC,
    0x26, 0xD7, 0x3E, 0xCE, 0x12, 0x35, 0xE3, 0x38, 0x0F, 0x2A, 0x71, 0xAF, 0xCE, 0x4F, 0xE1, 0x70,
    0x82, 0xE2, 0xEA, 0x67, 0x8D, 0x14, 0x26, 0xA3, 0x6A, 0xE1, 0xAD, 0x04, 0xF5, 0xAC, 0x92, 0x70,
    0x01, 0x0A, 0xC6, 0xBA, 0xF6, 0x2A, 0xD6, 0x6F, 0x2F, 0xB9, 0x17, 0xFA, 0x32, 0x47, 0x80, 0x18,
    0xD7, 0x90, 0xE8, 0x8C, 0x17, 0xEC, 0x7A, 0x0C, 0x72, 0xED, 0x55, 0x65, 0xAC, 0x6A, 0x6E, 0x0A,
    0x61, 0xEF, 0x22, 0x32, 0x3A, 0xF0, 0x63, 0x3D, 0xDE, 0x68, 0x62, 0x31, 0x25, 0x1C, 0xF1, 0xF0,
    0x4C, 0x7D, 0xA7, 0x50, 0x12, 0xDF, 0x53, 0x15, 0xA2, 0xDA, 0x19, 0x79, 0xD7, 0x06, 0x98, 0x58,
    0x61, 0xCB, 0x25, 0xF1, 0x3A, 0xD4, 0x4B, 0xAE, 0xBA, 0x37, 0xA1, 0x52, 0x31, 0xC6, 0xB9, 0x2E,
    0xED, 0x29, 0x68, 0xDC, 0x5D, 0xDF, 0xE8, 0xAF, 0x38, 0x6E, 0x36, 0x45, 0x9D, 0x35, 0x0A, 0x25,
    0x63, 0x7C, 0x8C, 0x24, 0x07, 0xD2, 0xA9, 0x3A, 0x50, 0x7F, 0x4C, 0xDD, 0x2E, 0x36, 0x77, 0x06,
    0x15, 0x5D, 0xD8, 0x08, 0xCF, 0xE5, 0x6B, 0xB1, 0xFE, 0xA5, 0x03, 0x94, 0xDE, 0x44, 0xEB, 0xDF,
    0x17, 0x8D, 0xC4, 0x6B, 0xA5, 0x5F, 0xB5, 0xD5, 0xD6, 0xCB, 0x6B, 0x3B, 0xEC, 0xBC, 0xB4, 0xF4,
    0x5E, 0x49, 0xC8, 0xF5, 0x6C, 0x82, 0xE5, 0x92, 0x74, 0x9C, 0xA4, 0xC7, 0xF2, 0x84, 0x0F, 0xDC,
    0xDE, 0xA7, 0x90, 0x0E, 0xAA, 0x1A, 0x3C, 0xDC, 0x69, 0x6D, 0x88, 0xAD, 0xD7, 0x61, 0xC9, 0x09,
    0x68, 0x25, 0x76, 0xEA, 0xD6, 0x0C, 0x8D, 0xE2, 0xBF, 0x29, 0xBC, 0xD6, 0x14, 0x26, 0x9A, 0x02,
    0x4D, 0x92, 0x5B, 0x3F, 0xDB, 0xE2, 0xCD, 0x88, 0x3E, 0x4B, 0xB9, 0xE6, 0x1A, 0x95, 0xC2, 0xD4,
    0x86, 0x56, 0xA5, 0x6B, 0xC4, 0x75, 0x09, 0xCA, 0x44, 0x9C, 0x7C, 0x7E, 0x0A, 0xBD, 0x21, 0x6D,
    0xD3, 0x90, 0x5A, 0x6A, 0xB4, 0xE5, 0xA3, 0xC6, 0xA4, 0xF0, 0x6F, 0x43, 0x5A, 0x87, 0x1D, 0x24,
    0x18, 0x76, 0x01, 0x0A, 0x3A, 0x3A, 0x4C, 0xD7, 0xB6, 0xB9, 0xE3, 0x8A, 0x75, 0xAA, 0xC2, 0x62,
    0x75, 0x35, 0xAA, 0x46, 0x35, 0x24, 0xCE, 0xD9, 0x35, 0x68, 0xA1, 0xC3, 0xA5, 0xD9, 0xBA, 0xBB,
    0x3B, 0x4D, 0xEC, 0xCE, 0xCF, 0xDC, 0x14, 0xB6, 0xF7, 0xC3, 0x84, 0x6E, 0xC6, 0x46, 0x7F, 0x42,
    0x84, 0x5A, 0xEF, 0x37, 0xB0, 0x16, 0xD2, 0xC6, 0xD1, 0x68, 0xC5, 0x6A, 0x2D, 0xAA, 0xCC, 0x8E,
    0x03, 0x6B, 0x7F, 0x39, 0xAF, 0xBB, 0x29, 0x75, 0xBD, 0x2B, 0x3A, 0x7F, 0x16, 0xB6, 0x4E, 0x1D,
    0xB4, 0x5E, 0xE9, 0x75, 0x5E, 0xEE, 0xAA, 0x00, 0x17, 0x1E, 0x02, 0xEE, 0xEF, 0x40, 0xC1, 0x1D,
    0x90, 0xE6, 0xE0, 0x59, 0x87, 0xA5, 0x78, 0xC3, 0x8D, 0x6B, 0x83, 0x92, 0xBB, 0xA4, 0x4C, 0xD6,
    0x81, 0x0D, 0x4D, 0xF2, 0x89, 0xDD, 0xD9, 0x8C, 0x27, 0xD1, 0x2C, 0xE0, 0xB3, 0x73, 0xAF, 0x0D,
    0x30, 0x19, 0x21, 0x4A, 0x39, 0x14, 0xF9, 0xEA, 0x12, 0xEE, 0xC7, 0x0C, 0x27, 0xC0, 0x13, 0x37,
    0xC6, 0x12, 0x43, 0xBB, 0xC3, 0xCA, 0x37, 0x05, 0x3E, 0x86, 0x00, 0x84, 0xA4, 0x35, 0x10, 0x78,
    0x79, 0x10, 0xAC, 0xC7, 0xCC, 0xCD, 0xFC, 0x18, 0xE3, 0x34, 0x7A, 0x88, 0x2C, 0xD7, 0x42, 0xA6,
    0x71, 0x1A, 0xEA, 0x14, 0xB7, 0x69, 0xE2, 0x9B, 0xD3, 0x59, 0xF5, 0x3D, 0x19, 0x6E, 0x9E, 0xF9,
    0xCE, 0x81, 0xEF, 0x17, 0xF4, 0x36, 0xC1, 0x86, 0x31, 0x58, 0xA7, 0x1E, 0x7C, 0x9E, 0xCD, 0xDB,
    0x86, 0x7A, 0x0B, 0x6B, 0x8C, 0x5A, 0xBF, 0xC5, 0xB9, 0xAC, 0xF3, 0xDB, 0x70, 0xF3, 0x1F, 0xBD,
    0x28, 0xF5, 0x73, 0x0B, 0xAC, 0x3A, 0xB7, 0x9E, 0xEE, 0x2F, 0x1A, 0x86, 0xE4, 0xF0, 0x0F, 0x85,
    0x52, 0xB1, 0x6E, 0xD4, 0x40, 0x10, 0x7D, 0xB6, 0x25, 0x1C, 0xC9, 0xC0, 0x7C, 0x40, 0x24, 0x4C,
    0x41, 0x49, 0xB2, 0x0D, 0x05, 0x45, 0x92, 0xD9, 0x8E, 0x82, 0x82, 0x5F, 0x49, 0x41, 0x41, 0x71,
    0x92, 0x17, 0xF1, 0x01, 0xF0, 0x05, 0x7C, 0xC3, 0x15, 0x14, 0x29, 0x4E, 0xF1, 0x72, 0x14, 0x29,
    0x63, 0x89, 0x1F, 0xD8, 0x4F, 0x58, 0xD0, 0x15, 0x2E, 0x7C, 0xDE, 0xCC, 0xD8, 0x8E, 0x12, 0x11,
    0xA1, 0xD8, 0x37, 0xFB, 0x66, 0xDF, 0xCC, 0xBE, 0x9B, 0x99, 0x75, 0xEA, 0x53, 0x9F, 0xD2, 0x78,
    0xEF, 0x97, 0xD2, 0xF0, 0xCF, 0x92, 0x7B, 0x72, 0x47, 0x38, 0x41, 0x63, 0x1B, 0xCF, 0xDE, 0xC0,
    0x80, 0x15, 0x7D, 0xE9, 0x08, 0xA7, 0x38, 0x7F, 0xB0, 0xCF, 0xFD, 0x1B, 0xFA, 0x1C, 0x8F, 0x0A,
    0x7F, 0x52, 0xD9, 0xE6, 0x43, 0x68, 0xAE, 0x23, 0x5F, 0x47, 0x53, 0x04, 0x53, 0x06, 0x56, 0x7F,
    0x67, 0xAE, 0x62, 0xE9, 0x22, 0xE5, 0xE1, 0xB4, 0x72, 0xE7, 0xCF, 0xF0, 0x3F, 0x5E, 0x84, 0x01,
    0x76, 0x62, 0x56, 0x4C, 0xB6, 0xDF, 0x1B, 0x70, 0x4A, 0x56, 0x4D, 0xFD, 0x39, 0x8E, 0x25, 0x7E,
    0x9B, 0x67, 0x17, 0x0E, 0x73, 0xBC, 0x16, 0x7B, 0x2E, 0x26, 0x72, 0x38, 0xC0, 0xE3, 0x9A, 0x0F,
    0xF4, 0x1E, 0xC9, 0x11, 0xBD, 0x2A, 0x9A, 0x81, 0xF7, 0x3C, 0xF2, 0xDE, 0x0C, 0xE2, 0xE3, 0x0C,
    0x8D, 0x4F, 0xB6, 0xF5, 0xC9, 0x29, 0xEA, 0xDE, 0x60, 0x28, 0x62, 0xB3, 0x1D, 0xAB, 0xBE, 0xDD,
    0x26, 0x1A, 0x26, 0x6F, 0xE2, 0xCA, 0x1E, 0xB0, 0x5A, 0xE5, 0xB1, 0x4C, 0x4D, 0xF0, 0xAC, 0x46,
    0xE9, 0x14, 0xC9, 0x92, 0x00, 0x4E, 0xC9, 0xBD, 0x5E, 0xF0, 0x13, 0x66, 0xFE, 0xCF, 0x5E, 0xFE,
    0xF7, 0xAC, 0x2E, 0xAE, 0xAE, 0xED, 0xDF, 0x58, 0x1F, 0x97, 0x5F, 0xDF, 0x6F, 0xA3, 0xE8, 0x10,
    0xBD, 0xFB, 0x15, 0x44, 0xED, 0xA4, 0x2E, 0x7F, 0x2B, 0x7E, 0x5C, 0x30, 0xCE, 0x7C, 0xE1, 0x49,
    0xF2, 0x76, 0xA8, 0x6C, 0xA9, 0xE7, 0x40, 0xC8, 0x54, 0x47, 0x6E, 0x75, 0x7E, 0x5E, 0xCD, 0xC0,
    0x7A, 0xC9, 0x68, 0x71, 0x89, 0x8D, 0xBC, 0x3D, 0xD6, 0xE0, 0xAA, 0xD3, 0x3B, 0xA4, 0xD0, 0x52,
    0x77, 0x49, 0x7E, 0x43, 0x6E, 0x43, 0xB6, 0xAF, 0xB1, 0x96, 0xA1, 0x3E, 0xC5, 0x2A, 0x8F, 0x55,
    0xC7, 0xAE, 0x91, 0x63, 0xB5, 0x2F, 0xA2, 0x9C, 0x99, 0xCA, 0x8D, 0x58, 0xC1, 0x58, 0x0A, 0x45,
    0x9F, 0x0F, 0xE5, 0x8E, 0x3C, 0xE3, 0x02, 0xDF, 0x50, 0x7B, 0xE3, 0x38, 0x70, 0xC7, 0xB1, 0x09,
    0x1C, 0xC5, 0x53, 0xBF, 0xD3, 0x2F, 0x87, 0xBD, 0xC4, 0xE4, 0x2B, 0x93, 0x57, 0xFA, 0xAE, 0x30,
    0xF5, 0x0E, 0x72, 0xF5, 0x9C, 0x1F, 0xE6, 0x5C, 0xDD, 0xCF, 0x65, 0x16, 0x32, 0xAB, 0x4A, 0xF0,
    0x85, 0x98, 0x76, 0xB0, 0x06, 0xB2, 0x30, 0xD3, 0x74, 0x8F, 0x8E, 0x42, 0x77, 0x77, 0xF4, 0xD1,
    0x42, 0xBF, 0x5C, 0x7A, 0x86, 0x71, 0x45, 0x0F, 0xDE, 0x95, 0x09, 0xBC, 0x2F, 0x93, 0x3F, 0x4C,
    0x59, 0x1B, 0x51, 0x39, 0xFC, 0x40, 0xE5, 0x71, 0x91, 0xB5, 0xFE, 0xB0, 0xA7, 0xE4, 0xD2, 0xAE,
    0x1E, 0xF3, 0x14, 0x28, 0x64, 0xA3, 0xCA, 0x44, 0x3C, 0x81, 0x34, 0xB3, 0x54, 0x98, 0x89, 0x40,
    0x28, 0xF6, 0xBA, 0x8C, 0xB3, 0x37, 0x71, 0x8B, 0xBC, 0x4E, 0x74, 0x07, 0x89, 0xEE, 0xF3, 0x84,
    0xC3, 0x54, 0x24, 0x29, 0xFB, 0x8B, 0x2E, 0xDB, 0x84, 0xAC, 0xFD, 0x99, 0x20, 0xF2, 0x23, 0xEA,
    0x11, 0x03, 0x28, 0xC8, 0xF0, 0x44, 0x7E, 0xA5, 0xF2, 0x6F, 0x6F, 0xE5, 0x85, 0xE3, 0x20, 0x67,
    0xEF, 0x96, 0x89, 0x5B, 0x9E, 0xC6, 0xCA, 0x4C, 0x53, 0x90, 0x40, 0x3B, 0x80, 0xA3, 0x91, 0x0A,
    0xF4, 0x66, 0x39, 0xE8, 0xD2, 0x49, 0xB2, 0xF1, 0x26, 0x49, 0x0A, 0x8B, 0xBC, 0xE3, 0x0E, 0x64,
    0x8F, 0x75, 0x6E, 0x07, 0xB8, 0x95, 0x37, 0x56, 0x92, 0x1B, 0xAF, 0x02, 0x7E, 0xF6, 0x26, 0xEE,
    0x06, 0xDD, 0x50, 0x31, 0x4E, 0xC4, 0x30, 0x10, 0x1C, 0x25, 0x12, 0x29, 0x0C, 0xDA, 0x86, 0x8E,
    0x22, 0x2D, 0x05, 0x8A, 0x5B, 0x8A, 0x24, 0xF6, 0x13, 0xF8, 0x01, 0x4F, 0xA0, 0x4D, 0x61, 0x88,
    0x7F, 0x70, 0xDF, 0xB9, 0xE2, 0x50, 0xFC, 0x84, 0xFB, 0x01, 0x79, 0x82, 0x8B, 0x43, 0x4A, 0xE1,
    0x9C, 0x99, 0x50, 0x9C, 0x74, 0x0D, 0x0F, 0xC0, 0x3B, 0x2B, 0xD9, 0x3B, 0xD2, 0xCC, 0x7A, 0xAA,
    0x05, 0x75, 0x83, 0xBE, 0x46, 0x2F, 0xB6, 0x13, 0x4F, 0xF0, 0xC2, 0x27, 0x87, 0x15, 0x29, 0x18,
    0x36, 0x70, 0x83, 0x09, 0xFA, 0x52, 0x53, 0x40, 0x0B, 0x24, 0x14, 0x09, 0x95, 0xC3, 0x9D, 0xC3,
    0xB3, 0xC3, 0x98, 0x3D, 0x01, 0x07, 0x42, 0xF2, 0x86, 0x5B, 0x40, 0x16, 0x50, 0x00, 0xDA, 0x3E,
    0xD6, 0xBE, 0xD5, 0xB6, 0x1D, 0xA1, 0x38, 0xE1, 0x79, 0x43, 0x79, 0x82, 0x04, 0x6A, 0xC1, 0x9C,
    0x61, 0xB4, 0xED, 0x25, 0x18, 0xF1, 0xFA, 0x15, 0xD5, 0x8A, 0x7C, 0xCE, 0x2B, 0x0D, 0x06, 0xC4,
    0x62, 0x2E, 0x83, 0x0A, 0x62, 0xB9, 0x44, 0x3C, 0xB8, 0xA5, 0x5D, 0x07, 0x33, 0xEB, 0xB4, 0xFF,
    0x3C, 0x75, 0xC9, 0x99, 0x48, 0x2D, 0x63, 0xB8, 0xBA, 0xFD, 0x10, 0x6F, 0x6A, 0x2F, 0xD9, 0x6E,
    0x66, 0xEF, 0x28, 0x28, 0xED, 0x7F, 0x6D, 0x6C, 0x19, 0x04, 0x0D, 0xB5, 0x1C, 0x0E, 0xD8, 0xB3,
    0x1D, 0x3A, 0xFE, 0x47, 0xD9, 0x22, 0x90, 0x44, 0x24, 0xD3, 0x40, 0x20, 0x56, 0xBC, 0xF2, 0xE2,
    0xC5, 0xD6, 0xE4, 0x07, 0xCC, 0xDB, 0x86, 0x93, 0x35, 0xBB, 0xA0, 0xD5, 0x15, 0xA6, 0xAF, 0x58,
    0xFD, 0x99, 0x17, 0xF0, 0x70, 0x34, 0x47, 0x75, 0x55, 0x63, 0xD2, 0xF1, 0x3B, 0xC5, 0xF4, 0x92,
    0xB0, 0x94, 0xB3, 0xF8, 0x16, 0x79, 0xCD, 0xAB, 0x4A, 0x68, 0x0C, 0x9E, 0x18, 0x40, 0x8F, 0x32,
    0x6D, 0x31, 0xDD, 0x33, 0xA0, 0x4B, 0x46, 0xFF, 0x3E, 0xDF, 0x1F, 0x75, 0x93, 0x31, 0x6F, 0xD5,
    0x30, 0x10, 0xC7, 0xFF, 0x4D, 0x80, 0x08, 0x2C, 0x3D, 0x77, 0x46, 0x45, 0x59, 0x11, 0xAA, 0xC8,
    0x02, 0x12, 0x03, 0xE0, 0x30, 0x75, 0x2C, 0x1F, 0x81, 0x99, 0xA5, 0x1B, 0x0B, 0xA8, 0x8E, 0x60,
    0x45, 0xA2, 0x12, 0x5F, 0xA0, 0x12, 0x9D, 0x58, 0x18, 0x61, 0x28, 0xCF, 0x96, 0x18, 0x40, 0x08,
    0xD1, 0xD0, 0x15, 0x09, 0x22, 0xBD, 0x4A, 0x2C, 0x0C, 0x79, 0xEF, 0x05, 0x14, 0xA8, 0x93, 0xE3,
    0xEC, 0xF4, 0xB5, 0x30, 0x10, 0xF9, 0xA7, 0xDC, 0xD9, 0xE7, 0xB3, 0xFD, 0x3F, 0x1B, 0xC9, 0x15,
    0x40, 0x30, 0x69, 0x07, 0xF4, 0xBA, 0x48, 0xBA, 0xFB, 0x56, 0x7E, 0x78, 0x69, 0xB3, 0xC7, 0xDB,
    0x50, 0x2B, 0x15, 0xF4, 0x4A, 0x09, 0xB3, 0xCA, 0x5C, 0xB4, 0x30, 0xD7, 0x98, 0xAB, 0x16, 0xFA,
    0x9E, 0x85, 0x9A, 0xBD, 0x47, 0x36, 0x7F, 0x51, 0xC8, 0xB9, 0xC9, 0x63, 0x1A, 0x03, 0x74, 0x00,
    0x3C, 0x03, 0xF0, 0x8D, 0x79, 0x08, 0x2C, 0x51, 0x29, 0xA6, 0x4D, 0x6A, 0x9D, 0xB2, 0x9D, 0x2A,
    0x76, 0x55, 0xB1, 0xAC, 0x2C, 0x88, 0x2A, 0x69, 0x21, 0x4A, 0x6F, 0x08, 0x0B, 0x59, 0x20, 0x03,
    0x0C, 0xF5, 0x14, 0xDA, 0xDD, 0xED, 0xE7, 0x5B, 0xD4, 0x72, 0x88, 0xBB, 0x9C, 0x4B, 0x37, 0x82,
    0xEC, 0x46, 0x18, 0xD1, 0x00, 0x11, 0x95, 0x23, 0xF5, 0x11, 0x1E, 0x6F, 0x4B, 0xF9, 0x05, 0x52,
    0xF6, 0x90, 0x82, 0x89, 0x7B, 0x6C, 0x3C, 0xED, 0x41, 0xB3, 0xDE, 0x27, 0x86, 0x9C, 0x76, 0x90,
    0xB5, 0x61, 0x74, 0x4E, 0x7E, 0x49, 0xFE, 0x33, 0xEC, 0x73, 0xEC, 0xCC, 0x41, 0x52, 0xC9, 0x36,
    0xFE, 0x61, 0xE3, 0x37, 0x9F, 0x80, 0x72, 0x5C, 0xDA, 0x89, 0x76, 0x54, 0x1B, 0xB7, 0xF2, 0xD3,
    0x56, 0x29, 0xF7, 0xEB, 0x52, 0x4E, 0x6A, 0x2B, 0x26, 0x53, 0x66, 0x66, 0x93, 0xF9, 0x4F, 0xAB,
    0x88, 0xEA, 0xF8, 0xF0, 0x30, 0x8F, 0x7B, 0x42, 0xEC, 0x08, 0x51, 0x60, 0x8C, 0xA5, 0x76, 0x13,
    0x68, 0x6E, 0x00, 0xF5, 0x75, 0xE0, 0x7C, 0x03, 0xD5, 0x20, 0x6E, 0x24, 0x71, 0x50, 0x93, 0x1C,
    0x36, 0x19, 0x35, 0xFA, 0x6D, 0x63, 0xE2, 0x86, 0x16, 0x8D, 0x6D, 0xFD, 0x99, 0xFB, 0x3B, 0x31,
    0x61, 0xDD, 0x79, 0xE9, 0x3E, 0x14, 0x60, 0x9C, 0x15, 0x51, 0x9B, 0xDA, 0xA4, 0x96, 0x56, 0xD6,
    0x49, 0x21, 0x2B, 0x3F, 0xD4, 0x20, 0x2D, 0x71, 0x8C, 0xF7, 0x7D, 0xBF, 0xAC, 0xA3, 0xDC, 0xC7,
    0xC5, 0x8E, 0x25, 0xA5, 0xB4, 0xF0, 0xF3, 0x0D, 0x91, 0x7D, 0xA5, 0xDF, 0x94, 0x2D, 0xD3, 0x30,
    0xCB, 0xDA, 0xE6, 0xD0, 0xDF, 0x01, 0xDD, 0x72, 0x41, 0x58, 0x79, 0x7A, 0x87, 0xD3, 0xDA, 0xB1,
    0x5F, 0x21, 0xF1, 0xBE, 0xB1, 0x6C, 0x5B, 0x44, 0x5C, 0xBC, 0x84, 0xDC, 0xA0, 0xDE, 0x0F, 0x17,
    0xD4, 0x1B, 0x94, 0x53, 0x85, 0x67, 0xB0, 0xCD, 0x30, 0xE6, 0x63, 0xFE, 0xA3, 0x1E, 0xE2, 0x62,
    0x20, 0xEB, 0x11, 0x75, 0x19, 0x44, 0x2D, 0x21, 0x4B, 0x89, 0xCC, 0x9E, 0x83, 0xE2, 0x6E, 0x8F,
    0xF6, 0xAC, 0x51, 0xA5, 0x1F, 0x51, 0xA9, 0x0A, 0x9D, 0x07, 0xAC, 0xCE, 0x53, 0xCB, 0x15, 0xAA,
    0x34, 0xE2, 0x56, 0xF3, 0x9D, 0xF8, 0x75, 0x92, 0xCB, 0x63, 0x78, 0xBF, 0xFB, 0x5C, 0xD5, 0x92,
    0x20, 0xAD, 0xC1, 0x99, 0xDC, 0x78, 0xD1, 0xA0, 0xF9, 0xBC, 0x48, 0xEB, 0x70, 0x06, 0x76, 0x83,
    0xEF, 0xF7, 0x93, 0x56, 0x17, 0x18, 0x15, 0xF2, 0x89, 0xE6, 0x35, 0x9F, 0xDD, 0x0B, 0x16, 0x9A,
    0xA9, 0x62, 0x72, 0xF2, 0xEB, 0x38, 0xDB, 0xDB, 0x54, 0xEB, 0xAB, 0x5A, 0xC2, 0x84, 0x46, 0x0B,
    0x83, 0x7B, 0xD4, 0xFA, 0x29, 0xF5, 0xE4, 0xA6, 0xDC, 0xDB, 0x4C, 0x68, 0x17, 0xA6, 0x3E, 0x9A,
    0x78, 0x36, 0xA8, 0x8B, 0xBF, 0x3E, 0xEF, 0xEF, 0x1E, 0xA9, 0xED, 0x09, 0xBB, 0xF8, 0x0F, 0x91,
    0x19, 0x14, 0x36, 0xD4, 0x72, 0xE3, 0xBD, 0x1A, 0x76, 0xF8, 0x45, 0xB0, 0x22, 0x26, 0x8F, 0x7A,
    0x18, 0xBE, 0x2F, 0x5D, 0x38, 0x03, 0xCB, 0x68, 0x0A, 0x3F, 0x45, 0x1D, 0x20, 0x73, 0x58, 0xBA,
    0x6D, 0x78, 0xD5, 0xAC, 0xCF, 0x91, 0x70, 0xDD, 0x12, 0x77, 0x87, 0xD3, 0xD4, 0x4C, 0x01, 0xC1,
    0x7E, 0xE6, 0xB6, 0x39, 0x53, 0x85, 0x35, 0xBA, 0x95, 0x0B, 0x27, 0xCA, 0x8C, 0x31, 0x4E, 0xD8,
    0x35, 0x97, 0x14, 0xC2, 0x49, 0x8E, 0x79, 0xC0, 0xB1, 0xFC, 0x8A, 0x79, 0x4D, 0xD1, 0x9A, 0x5C,
    0xB4, 0x99, 0x15, 0x6D, 0x5A, 0x8A, 0x56, 0x96, 0xC3, 0xDF, 0xFB, 0xBE, 0xD8, 0x7E, 0x1C, 0x01,
    0xE2, 0x9D, 0x2D, 0x6C, 0xCD, 0xEB, 0x68, 0x7F, 0xEA, 0xF9, 0x09, 0xC6, 0x5F, 0xC0, 0x69, 0xBF,
    0x78, 0x62, 0x7C, 0x41, 0x4C, 0x1E, 0xEC, 0xE9, 0xD1, 0xE5, 0x08, 0x63, 0xBE, 0x5F, 0xD9, 0x13,
    0xD8, 0x9F, 0x52, 0x98, 0x7B, 0x9C, 0x6B, 0x62, 0xF1, 0x07, 0x7D, 0x50, 0x31, 0x4E, 0xC3, 0x40,
    0x10, 0x1C, 0xDF, 0x09, 0x8C, 0xE4, 0xC2, 0x0D, 0x35, 0xE6, 0x05, 0xF8, 0x03, 0x48, 0xB6, 0xC4,
    0x1F, 0xA8, 0xA9, 0xA9, 0xFC, 0x00, 0x4B, 0xF6, 0x67, 0x68, 0xA8, 0x5C, 0xA4, 0x0C, 0xC9, 0x8A,
    0x94, 0x14, 0x9C, 0x94, 0x0F, 0xF8, 0x07, 0x58, 0x60, 0x22, 0x4B, 0x24, 0x39, 0x66, 0x4D, 0xA2,
    0x84, 0x26, 0x2B, 0xED, 0xE8, 0x6E, 0x6F, 0x77, 0x76, 0xE6, 0x00, 0x8D, 0x40, 0x08, 0x91, 0x42,
    0xAA, 0xD7, 0x35, 0xD3, 0x76, 0x84, 0x58, 0x4B, 0x19, 0xEE, 0x9F, 0xE1, 0x19, 0x98, 0x2B, 0x64,
    0xD8, 0xF7, 0x1A, 0x6D, 0x41, 0xA9, 0x90, 0x28, 0x58, 0x2D, 0xA2, 0xD6, 0x53, 0xAB, 0xC3, 0xBD,
    0x0E, 0x6F, 0x08, 0x73, 0xCF, 0xE6, 0xD5, 0xBB, 0x20, 0x5C, 0xBE, 0x76, 0x48, 0xAC, 0x9B, 0xE2,
    0xD6, 0xBA, 0x1B, 0x14, 0xD6, 0x45, 0xBB, 0xE6, 0xD3, 0x70, 0x10, 0x19, 0x1C, 0xED, 0xCC, 0x09,
    0xA1, 0x53, 0x21, 0x03, 0x1E, 0x9F, 0xF2, 0xD9, 0x9F, 0xC8, 0x11, 0x18, 0x2F, 0x7B, 0x85, 0x07,
    0x5F, 0x53, 0x25, 0x68, 0xFF, 0x89, 0x3C, 0x09, 0x0F, 0xD6, 0x9D, 0xA3, 0xB4, 0x2E, 0x51, 0xCD,
    0x25, 0xA2, 0x05, 0xD5, 0x9B, 0xCF, 0x37, 0xF2, 0xF9, 0x8F, 0x7C, 0xE7, 0x6D, 0x74, 0xA9, 0xCD,
    0x97, 0xA3, 0xD1, 0x2D, 0x46, 0x0D, 0x3C, 0xFF, 0x50, 0xD9, 0x37, 0x1F, 0xFB, 0x19, 0x30, 0x49,
    0x6B, 0x34, 0x71, 0x87, 0xC6, 0xAE, 0xD1, 0xF0, 0xB5, 0x40, 0x56, 0x5F, 0x23, 0xDE, 0x19, 0x3B,
    0x43, 0xE2, 0xBD, 0xA4, 0xDE, 0x93, 0x25, 0xE5, 0xD4, 0xDC, 0xC1, 0x7E, 0x39, 0xC4, 0x0B, 0x41,
    0x65, 0x25, 0xD8, 0x58, 0x09, 0x7B, 0x23, 0x49, 0x6B, 0x24, 0xAB, 0x8D, 0x5C, 0x21, 0x50, 0xE3,
    0xB8, 0x18, 0x5D, 0xB1, 0x26, 0x46, 0xE2, 0xCE, 0x88, 0x1D, 0xF8, 0xFF, 0x5B, 0x66, 0x76, 0x27,
    0x88, 0x96, 0x02, 0x43, 0x0E, 0x54, 0x4E, 0x39, 0xC9, 0xDF, 0x92, 0x5F, 0x74, 0x57, 0xC1, 0x8F,
    0x2B, 0x50, 0xD5, 0x4D, 0xB0, 0xA5, 0x9E, 0x81, 0xBA, 0x5A, 0x4C, 0xB2, 0x1C, 0x3D, 0xDD, 0xAC,
    0xF8, 0x5F, 0xDA, 0xE5, 0xB9, 0x41, 0x7D, 0x54, 0xCC, 0x5F, 0xAD, 0x53, 0xB1, 0x72, 0xD4, 0x30,
    0x10, 0x7D, 0xB6, 0x0A, 0x17, 0x1E, 0xE2, 0x8A, 0x92, 0x98, 0xFA, 0x26, 0xC4, 0x6D, 0x8A, 0x3B,
    0xA4, 0x0A, 0x0A, 0xEA, 0xFC, 0x09, 0x25, 0x60, 0x7F, 0x0C, 0xD5, 0xD1, 0xA4, 0xA4, 0x48, 0xB0,
    0x7A, 0x8A, 0x68, 0x86, 0x0F, 0xC0, 0xB4, 0x50, 0xA0, 0xC2, 0x85, 0x67, 0xF0, 0xDD, 0xE6, 0xED,
    0xE9, 0xEE, 0x72, 0xCC, 0x50, 0x22, 0xCF, 0x5B, 0x69, 0x76, 0x56, 0xAB, 0xDD, 0xB7, 0xCF, 0x00,
    0x57, 0x3F, 0xC2, 0xFC, 0xDA, 0xEA, 0xC1, 0x01, 0xD6, 0x27, 0x34, 0x01, 0xBD, 0x84, 0x62, 0x6E,
    0x42, 0x1D, 0x1B, 0x6F, 0x83, 0xF5, 0xFB, 0xAF, 0xB3, 0xBE, 0x67, 0xC4, 0x06, 0xF5, 0xB7, 0x11,
    0x85, 0x74, 0x0C, 0xED, 0xD2, 0x95, 0x96, 0xE8, 0x07, 0x40, 0x22, 0xB2, 0x7B, 0xE6, 0xFC, 0x3A,
    0xC1, 0xBC, 0x9E, 0x51, 0x9A, 0x0D, 0xCE, 0x72, 0xC1, 0x93, 0x4C, 0x70, 0x01, 0xE9, 0xAE, 0x20,
    0xFE, 0x2D, 0x83, 0x6F, 0x60, 0x07, 0x11, 0x89, 0x8A, 0x56, 0x8D, 0x55, 0x53, 0xCE, 0x0C, 0x29,
    0x68, 0xDC, 0xFF, 0x31, 0xCD, 0xF6, 0x95, 0x0C, 0xAD, 0xDC, 0x4B, 0x5C, 0xAC, 0xD7, 0x8E, 0xEF,
    0xB0, 0x87, 0xD2, 0xD7, 0x43, 0xE1, 0xAB, 0x68, 0xBC, 0x99, 0xF3, 0x2E, 0xDF, 0xB0, 0x75, 0x21,
    0x5A, 0xED, 0x43, 0xFB, 0xE1, 0xF9, 0x3D, 0x31, 0x01, 0x79, 0x84, 0x33, 0x21, 0x1F, 0xAA, 0xCE,
    0x0C, 0x35, 0xCC, 0xC0, 0x12, 0x99, 0x6C, 0x87, 0xA0, 0xD4, 0x69, 0x3E, 0x05, 0x8E, 0xCB, 0xF0,
    0x5C, 0x72, 0x3F, 0x27, 0x96, 0xC4, 0x0D, 0x90, 0x0D, 0xC9, 0x5D, 0x9D, 0xB8, 0x23, 0xDD, 0xE1,
    0xD1, 0xFD, 0x62, 0xEF, 0x7E, 0x0E, 0x7D, 0xBE, 0xF5, 0xBD, 0x6F, 0xBD, 0x96, 0x81, 0x8F, 0x8C,
    0x4B, 0x75, 0xEC, 0x60, 0x14, 0x4C, 0x57, 0xF0, 0x6E, 0xE9, 0x13, 0x2A, 0x96, 0x5C, 0x39, 0x1B,
    0x6B, 0xD8, 0xB1, 0x41, 0x36, 0x5F, 0x02, 0xF3, 0x0A, 0xB8, 0x63, 0xBE, 0x97, 0xEF, 0xD8, 0xD1,
    0x67, 0xA6, 0x1C, 0x19, 0x12, 0x13, 0x4A, 0xAD, 0x26, 0x20, 0xDF, 0x72, 0x66, 0x95, 0xFC, 0x90,
    0xD8, 0xC8, 0x9F, 0x9F, 0xD3, 0xAA, 0x16, 0x2C, 0xAF, 0x8C, 0x1A, 0x8E, 0x67, 0xB9, 0xCC, 0x65,
    0xBC, 0xB5, 0xF2, 0x5B, 0xC6, 0x5A, 0x4A, 0x19, 0x8A, 0x29, 0xD3, 0x41, 0x53, 0x1F, 0x05, 0x7B,
    0xAD, 0xBE, 0x07, 0x34, 0x6F, 0x3C, 0xAC, 0x12, 0xB0, 0x47, 0x7F, 0x72, 0x6E, 0x55, 0x46, 0x2E,
    0x71, 0x79, 0xC4, 0x41, 0x56, 0x07, 0x28, 0xCF, 0x0E, 0xB7, 0xCC, 0xB1, 0xFD, 0x40, 0xFA, 0xD9,
    0xA3, 0x0D, 0xAA, 0xBA, 0xF3, 0x76, 0xBC, 0x9C, 0xEE, 0x56, 0xD1, 0xCE, 0xB1, 0x8C, 0xF8, 0x97,
    0x87, 0xEB, 0xE2, 0x48, 0xEE, 0x61, 0x00, 0x8B, 0x4F, 0x6B, 0xB7, 0x63, 0xF2, 0x19, 0xB0, 0xF8,
    0xB2, 0xEE, 0x0E, 0xFE, 0x5C, 0x49, 0xEE, 0xD2, 0x48, 0x1E, 0x17, 0xA9, 0xA5, 0x20, 0xD1, 0x4C,
    0xDC, 0x3A, 0xD2, 0xB6, 0xAF, 0x4D, 0x89, 0xD6, 0x59, 0xD6, 0x54, 0x44, 0xA6, 0x8A, 0xA8, 0xF1,
    0xF4, 0xFA, 0xFA, 0xAF, 0x21, 0x57, 0x2E, 0xB1, 0x99, 0x84, 0xBF, 0xBB, 0xE0, 0x76, 0xCA, 0x29,
    0xB8, 0xB7, 0x23, 0x4A, 0xFE, 0x47, 0x0D, 0x19, 0x3E, 0x63, 0xEC, 0xE9, 0xDD, 0x07, 0x95, 0x90,
    0xB1, 0x0D, 0x03, 0x21, 0x0C, 0x45, 0x9D, 0xA3, 0x48, 0x41, 0xC1, 0x00, 0x29, 0x18, 0x81, 0x15,
    0x32, 0x42, 0x46, 0xC8, 0x26, 0xAC, 0x94, 0x09, 0x62, 0x36, 0xB8, 0x8C, 0xE2, 0x82, 0xC2, 0x27,
    0xC1, 0x39, 0x36, 0xA7, 0xA4, 0x8A, 0x74, 0x17, 0x21, 0x2C, 0x21, 0xE0, 0xFF, 0xF7, 0x3F, 0x44,
    0x8E, 0x0C, 0xD8, 0xA5, 0x4F, 0x2C, 0xB5, 0xB9, 0x7A, 0x26, 0xF0, 0xE4, 0x09, 0x02, 0x05, 0x82,
    0x2C, 0x22, 0x05, 0x6D, 0x8C, 0xE3, 0xD1, 0x91, 0x96, 0xB4, 0xE8, 0x5F, 0x14, 0x00, 0xAF, 0x3B,
    0xE7, 0x72, 0xEA, 0xE1, 0xE5, 0xDA, 0x74, 0xF5, 0x15, 0x20, 0x54, 0xB8, 0xA9, 0x30, 0xA9, 0xAE,
    0x3E, 0x8E, 0x14, 0x76, 0x56, 0xE2, 0xC4, 0x79, 0xC5, 0x06, 0x17, 0xBE, 0x03, 0x0A, 0x4D, 0x0D,
    0xC9, 0xD5, 0xA0, 0x90, 0xDB, 0x7D, 0x96, 0x59, 0xB5, 0xE6, 0x5D, 0x9D, 0xA1, 0xD5, 0x55, 0x4B,
    0xF2, 0x0A, 0x91, 0x8D, 0x0C, 0x1B, 0xE6, 0x32, 0xF1, 0xDA, 0x62, 0x71, 0xD5, 0xB1, 0xF2, 0xD1,
    0x20, 0xB4, 0x10, 0xC6, 0xB8, 0x51, 0x0E, 0xCE, 0x0F, 0xE9, 0x3F, 0x53, 0x7B, 0xE0, 0x54, 0xB5,
    0x08, 0xA3, 0xD7, 0xA2, 0x97, 0x87, 0x36, 0xFD, 0xD4, 0x04, 0x2C, 0x6C, 0x19, 0x1C, 0x59, 0x0A,
    0xFF, 0xA5, 0x33, 0xC7, 0x79, 0x38, 0x1E, 0x4B, 0xF3, 0x23, 0xDF, 0x62, 0x9E, 0x56, 0x3D, 0xF6,
    0x37,
};

static const EpdGlyph sourceserif4_12_boldGlyphs[] = {
    { 0, 0, 86, 0, 0, 0, 0 }, // U+0020
    { 6, 17, 138, 1, 17, 26, 0 }, // !
    { 10, 9, 179, 1, 19, 23, 26 }, // "
    { 14, 17, 226, 0, 17, 60, 49 }, // #
    { 12, 22, 217, 1, 19, 66, 109 }, // $
    { 22, 18, 354, 0, 17, 99, 175 }, // %
    { 18, 17, 288, 0, 17, 77, 274 }, // &
    { 4, 9, 94, 1, 19, 9, 351 }, // '
    { 8, 24, 151, 1, 19, 48, 360 }, // (
    { 8, 24, 151, 0, 19, 48, 408 }, // )
    { 11, 10, 172, 0, 19, 28, 456 }, // *
    { 13, 13, 218, 0, 15, 43, 484 }, // +
    { 5, 9, 120, 1, 4, 12, 527 }, // ,
    { 7, 2, 136, 1, 8, 4, 539 }, // -
    { 5, 5, 120, 1, 5, 7, 543 }, // .
    { 10, 23, 155, 0, 19, 58, 550 }, // /
    { 13, 17, 217, 0, 17, 56, 608 }, // 0
    { 10, 17, 161, 0, 17, 43, 664 }, // 1
    { 12, 17, 218, 1, 17, 51, 707 }, // 2
    { 13, 17, 217, 0, 17, 56, 758 }, // 3
    { 14, 17, 217, 0, 17, 60, 814 }, // 4
    { 13, 17, 218, 0, 17, 56, 874 }, // 5
    { 13, 18, 218, 0, 18, 59, 930 }, // 6
    { 12, 16, 214, 1, 16, 48, 989 }, // 7
    { 12, 17, 218, 1, 17, 51, 1037 }, // 8
    { 13, 17, 219, 0, 17, 56, 1088 }, // 9
    { 5, 13, 120, 1, 13, 17, 1144 }, // :
    { 5, 18, 120, 1, 13, 23, 1161 }, // ;
    { 13, 14, 218, 0, 15, 46, 1184 }, // <
    { 13, 10, 218, 0, 13, 33, 1230 }, // =
    { 12, 14, 218, 1, 15, 42, 1263 }, // >
    { 9, 19, 180, 1, 19, 43, 1305 }, // ?
    { 21, 20, 356, 1, 17, 105, 1348 }, // @
    { 17, 17, 270, 0, 17, 73, 1453 }, // A
    { 16, 17, 260, 0, 17, 68, 1526 }, // B
    { 15, 17, 249, 0, 17, 64, 1594 }, // C
    { 17, 17, 282, 0, 17, 73, 1658 }, // D
    { 15, 17, 238, 0, 17, 64, 1731 }, // E
    { 14, 17, 232, 0, 17, 60, 1795 }, // F
    { 17, 17, 270, 0, 17, 73, 1855 }, // G
    { 19, 17, 306, 0, 17, 81, 1928 }, // H
    { 9, 17, 155, 0, 17, 39, 2009 }, // I
    { 12, 21, 158, -2, 17, 63, 2048 }, // J
    { 18, 17, 278, 0, 17, 77, 2111 }, // K
    { 14, 17, 232, 0, 17, 60, 2188 }, // L
    { 22, 17, 358, 0, 17, 94, 2248 }, // M
    { 18, 17, 291, 0, 17, 77, 2342 }, // N
    { 17, 17, 281, 0, 17, 73, 2419 }, // O
    { 15, 17, 245, 0, 17, 64, 2492 }, // P
    { 17, 22, 281, 0, 17, 94, 2556 }, // Q
    { 17, 17, 273, 0, 17, 73, 2650 }, // R
    { 13, 17, 216, 0, 17, 56, 2723 }, // S
    { 16, 17, 254, 0, 17, 68, 2779 }, // T
    { 18, 17, 292, 0, 17, 77, 2847 }, // U
    { 17, 17, 264, 0, 17, 73, 2924 }, // V
    { 25, 17, 392, 0, 17, 107, 2997 }, // W
    { 17, 17, 262, 0, 17, 73, 3104 }, // X
    { 16, 17, 250, 0, 17, 68, 3177 }, // Y
    { 14, 17, 225, 0, 17, 60, 3245 }, // Z
    { 7, 23, 139, 2, 19, 41, 3305 }, // [
    { 10, 23, 155, 0, 19, 58, 3346 }, // <backslash>
    { 7, 23, 139, 0, 18, 41, 3404 }, // ]
    { 12, 9, 218, 1, 13, 27, 3445 }, // ^
    { 15, 2, 216, -1, 0, 8, 3472 }, // _
    { 7, 6, 160, 1, 20, 11, 3480 }, // `
    { 14, 13, 212, 0, 13, 46, 3491 }, // a
    { 15, 19, 244, 0, 19, 72, 3537 }, // b
    { 13, 13, 205, 0, 13, 43, 3609 }, // c
    { 15, 19, 238, 0, 19, 72, 3652 }, // d
    { 13, 13, 208, 0, 13, 43, 3724 }, // e
    { 12, 19, 145, 0, 19, 57, 3767 }, // f
    { 14, 20, 217, 0, 14, 70, 3824 }, // g
    { 15, 19, 247, 0, 19, 72, 3894 }, // h
    { 8, 19, 126, 0, 19, 38, 3966 }, // i
    { 10, 25, 123, -3, 19, 63, 4004 }, // j
    { 15, 20, 239, 0, 20, 75, 4067 }, // k
    { 8, 19, 129, 0, 19, 38, 4142 }, // l
    { 23, 13, 363, 0, 13, 75, 4180 }, // m
    { 15, 13, 246, 0, 13, 49, 4255 }, // n
    { 14, 13, 226, 0, 13, 46, 4304 }, // o
    { 15, 19, 244, 0, 13, 72, 4350 }, // p
    { 15, 19, 233, 0, 13, 72, 4422 }, // q
    { 12, 13, 186, 0, 13, 39, 4494 }, // r
    { 11, 13, 182, 0, 13, 36, 4533 }, // s
    { 10, 17, 143, 0, 17, 43, 4569 }, // t
    { 15, 14, 243, 0, 14, 53, 4612 }, // u
    { 15, 13, 211, -1, 13, 49, 4665 }, // v
    { 21, 13, 316, -1, 13, 69, 4714 }, // w
    { 14, 13, 221, 0, 13, 46, 4783 }, // x
    { 15, 19, 214, -1, 13, 72, 4829 }, // y
    { 12, 13, 186, 0, 13, 39, 4901 }, // z
    { 7, 23, 135, 1, 19, 41, 4940 }, // {
    { 4, 26, 125, 2, 20, 26, 4981 }, // |
    { 8, 23, 135, 0, 18, 46, 5007 }, // }
    { 12, 5, 218, 1, 11, 15, 5053 }, // ~
    { 0, 0, 86, 0, 0, 0, 0 }, // U+00A0
    { 6, 17, 138, 1, 12, 26, 0 }, // U+00A1
    { 13, 18, 217, 0, 17, 59, 26 }, // U+00A2
    { 12, 17, 217, 1, 17, 51, 85 }, // U+00A3
    { 13, 13, 217, 0, 15, 43, 136 }, // U+00A4
    { 15, 17, 217, -1, 17, 64, 179 }, // U+00A5
    { 4, 26, 125, 2, 20, 26, 243 }, // U+00A6
    { 12, 20, 213, 1, 17, 60, 269 }, // U+00A7
    { 10, 4, 160, 0, 19, 10, 329 }, // U+00A8
    { 18, 18, 298, 0, 18, 81, 339 }, // U+00A9
    { 9, 8, 142, 0, 19, 18, 420 }, // U+00AA
    { 13, 12, 220, 0, 12, 39, 438 }, // U+00AB
    { 13, 7, 218, 0, 10, 23, 477 }, // U+00AC
    { 7, 2, 136, 1, 8, 4, 500 }, // U+00AD
    { 11, 10, 188, 0, 18, 28, 504 }, // U+00AE
    { 8, 2, 160, 1, 17, 4, 532 }, // U+00AF
    { 8, 7, 131, 0, 18, 14, 536 }, // U+00B0
    { 13, 15, 218, 0, 15, 49, 550 }, // U+00B1
    { 8, 10, 149, 1, 21, 20, 599 }, // U+00B2
    { 9, 10, 149, 0, 21, 23, 619 }, // U+00B3
    { 7, 6, 160, 2, 20, 11, 642 }, // U+00B4
    { 14, 19, 235, 1, 14, 67, 653 }, // U+00B5
    { 16, 20, 254, 0, 17, 80, 720 }, // U+00B6
    { 5, 5, 120, 1, 12, 7, 800 }, // U+00B7
    { 6, 6, 160, 2, 0, 9, 807 }, // U+00B8
    { 8, 11, 149, 1, 22, 22, 816 }, // U+00B9
    { 9, 8, 152, 0, 19, 18, 838 }, // U+00BA
    { 14, 12, 220, 0, 13, 42, 856 }, // U+00BB
    { 20, 19, 342, 1, 18, 95, 898 }, // U+00BC
    { 21, 19, 354, 1, 18, 100, 993 }, // U+00BD
    { 21, 18, 342, 0, 17, 95, 1093 }, // U+00BE
    { 9, 19, 180, 1, 13, 43, 1188 }, // U+00BF
    { 17, 23, 270, 0, 23, 98, 1231 }, // U+00C0
    { 17, 23, 270, 0, 23, 98, 1329 }, // U+00C1
    { 17, 23, 270, 0, 23, 98, 1427 }, // U+00C2
    { 17, 23, 270, 0, 23, 98, 1525 }, // U+00C3
    { 17, 23, 270, 0, 23, 98, 1623 }, // U+00C4
    { 17, 23, 270, 0, 23, 98, 1721 }, // U+00C5
    { 22, 17, 357, 0, 17, 94, 1819 }, // U+00C6
    { 15, 23, 249, 0, 17, 87, 1913 }, // U+00C7
    { 15, 23, 238, 0, 23, 87, 2000 }, // U+00C8
    { 15, 23, 238, 0, 23, 87, 2087 }, // U+00C9
    { 15, 23, 238, 0, 23, 87, 2174 }, // U+00CA
    { 15, 23, 238, 0, 23, 87, 2261 }, // U+00CB
    { 9, 23, 155, 0, 23, 52, 2348 }, // U+00CC
    { 9, 23, 155, 0, 23, 52, 2400 }, // U+00CD
    { 10, 23, 155, 0, 23, 58, 2452 }, // U+00CE
    { 10, 22, 155, 0, 22, 55, 2510 }, // U+00CF
    { 17, 17, 282, 0, 17, 73, 2565 }, // U+00D0
    { 18, 23, 291, 0, 23, 104, 2638 }, // U+00D1
    { 17, 23, 281, 0, 23, 98, 2742 }, // U+00D2
    { 17, 23, 281, 0, 23, 98, 2840 }, // U+00D3
    { 17, 23, 281, 0, 23, 98, 2938 }, // U+00D4
    { 17, 23, 281, 0, 23, 98, 3036 }, // U+00D5
    { 17, 23, 281, 0, 23, 98, 3134 }, // U+00D6
    { 13, 12, 218, 0, 14, 39, 3232 }, // U+00D7
    { 17, 19, 281, 0, 18, 81, 3271 }, // U+00D8
    { 18, 23, 292, 0, 23, 104, 3352 }, // U+00D9
    { 18, 23, 292, 0, 23, 104, 3456 }, // U+00DA
    { 18, 23, 292, 0, 23, 104, 3560 }, // U+00DB
    { 18, 23, 292, 0, 23, 104, 3664 }, // U+00DC
    { 16, 23, 250, 0, 23, 92, 3768 }, // U+00DD
    { 16, 17, 249, 0, 17, 68, 3860 }, // U+00DE
    { 17, 19, 264, 0, 19, 81, 3928 }, // U+00DF
    { 14, 20, 212, 0, 20, 70, 4009 }, // U+00E0
    { 14, 20, 212, 0, 20, 70, 4079 }, // U+00E1
    { 14, 20, 212, 0, 20, 70, 4149 }, // U+00E2
    { 14, 20, 212, 0, 20, 70, 4219 }, // U+00E3
    { 14, 19, 212, 0, 19, 67, 4289 }, // U+00E4
    { 14, 21, 212, 0, 21, 74, 4356 }, // U+00E5
    { 20, 13, 316, 0, 13, 65, 4430 }, // U+00E6
    { 13, 19, 205, 0, 13, 62, 4495 }, // U+00E7
    { 13, 20, 208, 0, 20, 65, 4557 }, // U+00E8
    { 13, 20, 208, 0, 20, 65, 4622 }, // U+00E9
    { 13, 20, 208, 0, 20, 65, 4687 }, // U+00EA
    { 13, 19, 208, 0, 19, 62, 4752 }, // U+00EB
    { 8, 20, 126, 0, 20, 40, 4814 }, // U+00EC
    { 8, 20, 126, 0, 20, 40, 4854 }, // U+00ED
    { 10, 20, 126, -1, 20, 50, 4894 }, // U+00EE
    { 10, 19, 126, -1, 19, 48, 4944 }, // U+00EF
    { 14, 20, 222, 0, 20, 70, 4992 }, // U+00F0
    { 15, 20, 246, 0, 20, 75, 5062 }, // U+00F1
    { 14, 20, 226, 0, 20, 70, 5137 }, // U+00F2
    { 14, 20, 226, 0, 20, 70, 5207 }, // U+00F3
    { 14, 20, 226, 0, 20, 70, 5277 }, // U+00F4
    { 14, 20, 226, 0, 20, 70, 5347 }, // U+00F5
    { 14, 19, 226, 0, 19, 67, 5417 }, // U+00F6
    { 13, 14, 218, 0, 16, 46, 5484 }, // U+00F7
    { 14, 15, 226, 0, 14, 53, 5530 }, // U+00F8
    { 15, 20, 243, 0, 20, 75, 5583 }, // U+00F9
    { 15, 20, 243, 0, 20, 75, 5658 }, // U+00FA
    { 15, 20, 243, 0, 20, 75, 5733 }, // U+00FB
    { 15, 19, 243, 0, 19, 72, 5808 }, // U+00FC
    { 15, 26, 214, -1, 20, 98, 5880 }, // U+00FD
    { 15, 25, 241, 0, 19, 94, 5978 }, // U+00FE
    { 15, 25, 214, -1, 19, 94, 6072 }, // U+00FF
    { 17, 21, 270, 0, 21, 90, 0 }, // U+0100
    { 14, 17, 212, 0, 17, 60, 90 }, // U+0101
    { 17, 22, 270, 0, 22, 94, 150 }, // U+0102
    { 14, 20, 212, 0, 20, 70, 244 }, // U+0103
    { 17, 23, 270, 0, 17, 98, 314 }, // U+0104
    { 14, 19, 212, 0, 13, 67, 412 }, // U+0105
    { 15, 23, 249, 0, 23, 87, 479 }, // U+0106
    { 13, 20, 205, 0, 20, 65, 566 }, // U+0107
    { 15, 23, 249, 0, 23, 87, 631 }, // U+0108
    { 13, 20, 205, 0, 20, 65, 718 }, // U+0109
    { 15, 22, 249, 0, 22, 83, 783 }, // U+010A
    { 13, 19, 205, 0, 19, 62, 866 }, // U+010B
    { 15, 23, 249, 0, 23, 87, 928 }, // U+010C
    { 13, 21, 205, 0, 21, 69, 1015 }, // U+010D
    { 17, 23, 282, 0, 23, 98, 1084 }, // U+010E
    { 18, 20, 244, 0, 20, 90, 1182 }, // U+010F
    { 17, 17, 282, 0, 17, 73, 1272 }, // U+0110
    { 15, 19, 238, 0, 19, 72, 1345 }, // U+0111
    { 15, 21, 238, 0, 21, 79, 1417 }, // U+0112
    { 13, 17, 208, 0, 17, 56, 1496 }, // U+0113
    { 15, 22, 238, 0, 22, 83, 1552 }, // U+0114
    { 13, 20, 208, 0, 20, 65, 1635 }, // U+0115
    { 15, 22, 238, 0, 22, 83, 1700 }, // U+0116
    { 13, 19, 208, 0, 19, 62, 1783 }, // U+0117
    { 15, 23, 238, 0, 17, 87, 1845 }, // U+0118
    { 13, 19, 208, 0, 13, 62, 1932 }, // U+0119
    { 15, 23, 238, 0, 23, 87, 1994 }, // U+011A
    { 13, 21, 208, 0, 21, 69, 2081 }, // U+011B
    { 17, 23, 270, 0, 23, 98, 2150 }, // U+011C
    { 14, 26, 217, 0, 20, 91, 2248 }, // U+011D
    { 17, 22, 270, 0, 22, 94, 2339 }, // U+011E
    { 14, 26, 217, 0, 20, 91, 2433 }, // U+011F
    { 17, 22, 270, 0, 22, 94, 2524 }, // U+0120
    { 14, 25, 217, 0, 19, 88, 2618 }, // U+0121
    { 17, 24, 270, 0, 17, 102, 2706 }, // U+0122
    { 14, 27, 217, 0, 21, 95, 2808 }, // U+0123
    { 19, 23, 306, 0, 23, 110, 2903 }, // U+0124
    { 15, 24, 247, 0, 24, 90, 3013 }, // U+0125
    { 19, 17, 306, 0, 17, 81, 3103 }, // U+0126
    { 15, 19, 247, 0, 19, 72, 3184 }, // U+0127
    { 10, 23, 155, 0, 23, 58, 3256 }, // U+0128
    { 10, 20, 126, -1, 20, 50, 3314 }, // U+0129
    { 9, 21, 155, 0, 21, 48, 3364 }, // U+012A
    { 8, 17, 126, 0, 17, 34, 3412 }, // U+012B
    { 9, 23, 155, 0, 17, 52, 3446 }, // U+012E
    { 8, 25, 126, 0, 19, 50, 3498 }, // U+012F
    { 9, 22, 155, 0, 22, 50, 3548 }, // U+0130
    { 8, 13, 126, 0, 13, 26, 3598 }, // U+0131
    { 12, 27, 158, -2, 23, 81, 3624 }, // U+0134
    { 11, 26, 123, -3, 20, 72, 3705 }, // U+0135
    { 18, 24, 278, 0, 17, 108, 3777 }, // U+0136
    { 15, 27, 239, 0, 20, 102, 3885 }, // U+0137
    { 15, 14, 238, 0, 14, 53, 3987 }, // U+0138
    { 14, 23, 232, 0, 23, 81, 4040 }, // U+0139
    { 9, 24, 129, 0, 24, 54, 4121 }, // U+013A
    { 14, 24, 232, 0, 17, 84, 4175 }, // U+013B
    { 8, 26, 129, 0, 19, 52, 4259 }, // U+013C
    { 14, 19, 232, 0, 19, 67, 4311 }, // U+013D
    { 11, 20, 131, 0, 20, 55, 4378 }, // U+013E
    { 15, 17, 232, 0, 17, 64, 4433 }, // U+013F
    { 12, 19, 129, 0, 19, 57, 4497 }, // U+0140
    { 14, 17, 232, 0, 17, 60, 4554 }, // U+0141
    { 8, 19, 129, 0, 19, 38, 4614 }, // U+0142
    { 18, 23, 291, 0, 23, 104, 4652 }, // U+0143
    { 15, 20, 246, 0, 20, 75, 4756 }, // U+0144
    { 18, 24, 291, 0, 17, 108, 4831 }, // U+0145
    { 15, 20, 246, 0, 13, 75, 4939 }, // U+0146
    { 18, 23, 291, 0, 23, 104, 5014 }, // U+0147
    { 15, 21, 246, 0, 21, 79, 5118 }, // U+0148
    { 20, 18, 314, 0, 18, 90, 5197 }, // U+0149
    { 18, 21, 291, 0, 17, 95, 5287 }, // U+014A
    { 14, 19, 246, 0, 13, 67, 5382 }, // U+014B
    { 17, 21, 281, 0, 21, 90, 5449 }, // U+014C
    { 14, 17, 226, 0, 17, 60, 5539 }, // U+014D
    { 17, 22, 281, 0, 22, 94, 5599 }, // U+014E
    { 14, 20, 226, 0, 20, 70, 5693 }, // U+014F
    { 17, 23, 281, 0, 23, 98, 5763 }, // U+0150
    { 14, 20, 226, 0, 20, 70, 5861 }, // U+0151
    { 23, 17, 372, 0, 17, 98, 5931 }, // U+0152
    { 21, 13, 344, 0, 13, 69, 6029 }, // U+0153
    { 17, 23, 273, 0, 23, 98, 6098 }, // U+0154
    { 12, 20, 186, 0, 20, 60, 6196 }, // U+0155
    { 17, 24, 273, 0, 17, 102, 6256 }, // U+0156
    { 12, 20, 186, 0, 13, 60, 6358 }, // U+0157
    { 17, 23, 273, 0, 23, 98, 6418 }, // U+0158
    { 12, 21, 186, 0, 21, 63, 6516 }, // U+0159
    { 13, 23, 216, 0, 23, 75, 6579 }, // U+015A
    { 11, 20, 182, 0, 20, 55, 6654 }, // U+015B
    { 13, 23, 216, 0, 23, 75, 6709 }, // U+015C
    { 11, 20, 182, 0, 20, 55, 6784 }, // U+015D
    { 13, 23, 216, 0, 17, 75, 6839 }, // U+015E
    { 11, 19, 182, 0, 13, 53, 6914 }, // U+015F
    { 13, 23, 216, 0, 23, 75, 6967 }, // U+0160
    { 11, 21, 182, 0, 21, 58, 7042 }, // U+0161
    { 16, 23, 254, 0, 17, 92, 7100 }, // U+0162
    { 10, 23, 143, 0, 17, 58, 7192 }, // U+0163
    { 16, 23, 254, 0, 23, 92, 7250 }, // U+0164
    { 11, 21, 143, 0, 21, 58, 7342 }, // U+0165
    { 18, 23, 292, 0, 23, 104, 7400 }, // U+0168
    { 15, 20, 243, 0, 20, 75, 7504 }, // U+0169
    { 18, 21, 292, 0, 21, 95, 7579 }, // U+016A
    { 15, 17, 243, 0, 17, 64, 7674 }, // U+016B
    { 18, 22, 292, 0, 22, 99, 7738 }, // U+016C
    { 15, 20, 243, 0, 20, 75, 7837 }, // U+016D
    { 18, 23, 292, 0, 23, 104, 7912 }, // U+016E
    { 15, 21, 243, 0, 21, 79, 8016 }, // U+016F
    { 18, 23, 292, 0, 23, 104, 8095 }, // U+0170
    { 15, 20, 243, 0, 20, 75, 8199 }, // U+0171
    { 18, 23, 292, 0, 17, 104, 8274 }, // U+0172
    { 15, 19, 243, 0, 13, 72, 8378 }, // U+0173
    { 25, 23, 392, 0, 23, 144, 8450 }, // U+0174
    { 21, 20, 316, -1, 20, 105, 8594 }, // U+0175
    { 16, 23, 250, 0, 23, 92, 8699 }, // U+0176
    { 15, 26, 214, -1, 20, 98, 8791 }, // U+0177
    { 16, 23, 250, 0, 23, 92, 8889 }, // U+0178
    { 14, 23, 225, 0, 23, 81, 8981 }, // U+0179
    { 12, 20, 186, 0, 20, 60, 9062 }, // U+017A
    { 14, 22, 225, 0, 22, 77, 9122 }, // U+017B
    { 12, 19, 186, 0, 19, 57, 9199 }, // U+017C
    { 14, 23, 225, 0, 23, 81, 9256 }, // U+017D
    { 12, 21, 186, 0, 21, 63, 9337 }, // U+017E
    { 12, 19, 144, 0, 19, 57, 9400 }, // U+017F
    { 17, 21, 281, 0, 21, 90, 0 }, // U+01A0
    { 14, 16, 226, 0, 16, 56, 90 }, // U+01A1
    { 19, 22, 292, 0, 22, 105, 146 }, // U+01AF
    { 16, 17, 243, 0, 17, 68, 251 }, // U+01B0
    { 17, 23, 270, 0, 23, 98, 319 }, // U+01CD
    { 14, 21, 212, 0, 21, 74, 417 }, // U+01CE
    { 10, 23, 155, 0, 23, 58, 491 }, // U+01CF
    { 10, 21, 126, -1, 21, 53, 549 }, // U+01D0
    { 17, 23, 281, 0, 23, 98, 602 }, // U+01D1
    { 14, 21, 226, 0, 21, 74, 700 }, // U+01D2
    { 18, 23, 292, 0, 23, 104, 774 }, // U+01D3
    { 15, 21, 243, 0, 21, 79, 878 }, // U+01D4
    { 18, 26, 292, 0, 26, 117, 957 }, // U+01D5
    { 15, 20, 243, 0, 20, 75, 1074 }, // U+01D6
    { 18, 27, 292, 0, 27, 122, 1149 }, // U+01D7
    { 15, 22, 243, 0, 22, 83, 1271 }, // U+01D8
    { 18, 28, 292, 0, 28, 126, 1354 }, // U+01D9
    { 15, 22, 243, 0, 22, 83, 1480 }, // U+01DA
    { 18, 27, 292, 0, 27, 122, 1563 }, // U+01DB
    { 15, 22, 243, 0, 22, 83, 1685 }, // U+01DC
    { 17, 23, 270, 0, 23, 98, 1768 }, // U+01E6
    { 14, 27, 217, 0, 21, 95, 1866 }, // U+01E7
    { 18, 23, 291, 0, 23, 104, 1961 }, // U+01F8
    { 15, 20, 246, 0, 20, 75, 2065 }, // U+01F9
    { 13, 24, 216, 0, 17, 78, 2140 }, // U+0218
    { 11, 20, 182, 0, 13, 55, 2218 }, // U+0219
    { 16, 24, 254, 0, 17, 96, 2273 }, // U+021A
    { 10, 24, 143, 0, 17, 60, 2369 }, // U+021B
    { 6, 6, 0, -4, 20, 9, 0 }, // U+0300
    { 6, 6, 0, -2, 20, 9, 9 }, // U+0301
    { 10, 6, 0, -5, 20, 15, 18 }, // U+0302
    { 10, 5, 0, -5, 20, 13, 33 }, // U+0303
    { 8, 2, 0, -4, 17, 4, 46 }, // U+0304
    { 10, 5, 0, -5, 20, 13, 50 }, // U+0306
    { 6, 4, 0, -3, 19, 6, 63 }, // U+0307
    { 10, 4, 0, -5, 19, 10, 69 }, // U+0308
    { 5, 7, 0, -2, 20, 9, 79 }, // U+0309
    { 8, 6, 0, -4, 21, 12, 88 }, // U+030A
    { 9, 7, 0, -3, 20, 16, 100 }, // U+030B
    { 10, 6, 0, -5, 21, 15, 116 }, // U+030C
    { 4, 7, 0, 0, 19, 7, 131 }, // U+031B
    { 6, 4, 0, -3, -1, 6, 138 }, // U+0323
    { 10, 4, 0, -5, -1, 10, 144 }, // U+0324
    { 4, 6, 0, -2, -1, 6, 154 }, // U+0326
    { 7, 6, 0, -3, 0, 11, 160 }, // U+0327
    { 7, 6, 0, -4, 0, 11, 171 }, // U+0328
    { 4, 5, 0, -2, -2, 5, 182 }, // U+0329
    { 10, 5, 0, -5, 0, 13, 187 }, // U+032E
    { 8, 2, 0, -4, -2, 4, 200 }, // U+0331
    { 15, 23, 238, 0, 23, 87, 0 }, // U+0400
    { 15, 23, 238, 0, 23, 87, 87 }, // U+0401
    { 18, 19, 292, 0, 17, 86, 174 }, // U+0402
    { 14, 23, 230, 0, 23, 81, 260 }, // U+0403
    { 15, 17, 243, 0, 17, 64, 341 }, // U+0404
    { 13, 17, 216, 0, 17, 56, 405 }, // U+0405
    { 9, 17, 155, 0, 17, 39, 461 }, // U+0406
    { 10, 22, 155, 0, 22, 55, 500 }, // U+0407
    { 12, 21, 158, -2, 17, 63, 555 }, // U+0408
    { 23, 17, 372, 0, 17, 98, 618 }, // U+0409
    { 25, 17, 398, 0, 17, 107, 716 }, // U+040A
    { 20, 17, 312, 0, 17, 85, 823 }, // U+040B
    { 18, 23, 279, 0, 23, 104, 908 }, // U+040C
    { 19, 23, 312, 0, 23, 110, 1012 }, // U+040D
    { 17, 25, 266, 0, 23, 107, 1122 }, // U+040E
    { 18, 23, 300, 0, 17, 104, 1229 }, // U+040F
    { 17, 17, 270, 0, 17, 73, 1333 }, // U+0410
    { 16, 17, 250, 0, 17, 68, 1406 }, // U+0411
    { 16, 17, 260, 0, 17, 68, 1474 }, // U+0412
    { 14, 17, 230, 0, 17, 60, 1542 }, // U+0413
    { 18, 22, 286, 0, 17, 99, 1602 }, // U+0414
    { 15, 17, 238, 0, 17, 64, 1701 }, // U+0415
    { 25, 17, 390, 0, 17, 107, 1765 }, // U+0416
    { 14, 17, 224, 0, 17, 60, 1872 }, // U+0417
    { 19, 17, 312, 0, 17, 81, 1932 }, // U+0418
    { 19, 23, 312, 0, 23, 110, 2013 }, // U+0419
    { 18, 17, 279, 0, 17, 77, 2123 }, // U+041A
    { 17, 17, 284, 0, 17, 73, 2200 }, // U+041B
    { 22, 17, 358, 0, 17, 94, 2273 }, // U+041C
    { 19, 17, 306, 0, 17, 81, 2367 }, // U+041D
    { 17, 17, 281, 0, 17, 73, 2448 }, // U+041E
    { 19, 17, 302, 0, 17, 81, 2521 }, // U+041F
    { 15, 17, 245, 0, 17, 64, 2602 }, // U+0420
    { 15, 17, 249, 0, 17, 64, 2666 }, // U+0421
    { 16, 17, 254, 0, 17, 68, 2730 }, // U+0422
    { 17, 19, 266, 0, 17, 81, 2798 }, // U+0423
    { 19, 17, 306, 0, 17, 81, 2879 }, // U+0424
    { 17, 17, 262, 0, 17, 73, 2960 }, // U+0425
    { 19, 22, 304, 0, 17, 105, 3033 }, // U+0426
    { 18, 17, 287, 0, 17, 77, 3138 }, // U+0427
    { 26, 17, 425, 0, 17, 111, 3215 }, // U+0428
    { 27, 22, 429, 0, 17, 149, 3326 }, // U+0429
    { 18, 17, 292, 0, 17, 77, 3475 }, // U+042A
    { 24, 17, 386, 0, 17, 102, 3552 }, // U+042B
    { 16, 17, 250, 0, 17, 68, 3654 }, // U+042C
    { 15, 17, 242, 0, 17, 64, 3722 }, // U+042D
    { 25, 17, 406, 0, 17, 107, 3786 }, // U+042E
    { 17, 17, 268, 0, 17, 73, 3893 }, // U+042F
    { 14, 13, 212, 0, 13, 46, 3966 }, // U+0430
    { 14, 21, 229, 0, 21, 74, 4012 }, // U+0431
    { 14, 13, 219, 0, 13, 46, 4086 }, // U+0432
    { 11, 13, 184, 0, 13, 36, 4132 }, // U+0433
    { 15, 17, 249, 0, 13, 64, 4168 }, // U+0434
    { 13, 13, 208, 0, 13, 43, 4232 }, // U+0435
    { 21, 14, 332, 0, 14, 74, 4275 }, // U+0436
    { 12, 13, 188, 0, 13, 39, 4349 }, // U+0437
    { 16, 13, 262, 0, 13, 52, 4388 }, // U+0438
    { 16, 19, 262, 0, 19, 76, 4440 }, // U+0439
    { 15, 14, 234, 0, 14, 53, 4516 }, // U+043A
    { 15, 13, 241, 0, 13, 49, 4569 }, // U+043B
    { 18, 13, 296, 0, 13, 59, 4618 }, // U+043C
    { 16, 13, 258, 0, 13, 52, 4677 }, // U+043D
    { 14, 13, 226, 0, 13, 46, 4729 }, // U+043E
    { 16, 13, 254, 0, 13, 52, 4775 }, // U+043F
    { 15, 19, 244, 0, 13, 72, 4827 }, // U+0440
    { 13, 13, 205, 0, 13, 43, 4899 }, // U+0441
    { 14, 13, 223, 0, 13, 46, 4942 }, // U+0442
    { 15, 19, 214, -1, 13, 72, 4988 }, // U+0443
    { 20, 25, 324, 0, 19, 125, 5060 }, // U+0444
    { 14, 13, 221, 0, 13, 46, 5185 }, // U+0445
    { 16, 17, 264, 0, 13, 68, 5231 }, // U+0446
    { 14, 13, 234, 0, 13, 46, 5299 }, // U+0447
    { 21, 13, 346, 0, 13, 69, 5345 }, // U+0448
    { 22, 17, 358, 0, 13, 94, 5414 }, // U+0449
    { 16, 13, 259, 0, 13, 52, 5508 }, // U+044A
    { 20, 13, 324, 0, 13, 65, 5560 }, // U+044B
    { 13, 13, 212, 0, 13, 43, 5625 }, // U+044C
    { 12, 13, 199, 0, 13, 39, 5668 }, // U+044D
    { 20, 13, 332, 0, 13, 65, 5707 }, // U+044E
    { 14, 13, 229, 0, 13, 46, 5772 }, // U+044F
    { 13, 20, 208, 0, 20, 65, 5818 }, // U+0450
    { 13, 19, 208, 0, 19, 62, 5883 }, // U+0451
    { 14, 23, 234, 0, 19, 81, 5945 }, // U+0452
    { 11, 20, 184, 0, 20, 55, 6026 }, // U+0453
    { 13, 13, 205, 0, 13, 43, 6081 }, // U+0454
    { 11, 13, 182, 0, 13, 36, 6124 }, // U+0455
    { 8, 19, 126, 0, 19, 38, 6160 }, // U+0456
    { 10, 19, 126, -1, 19, 48, 6198 }, // U+0457
    { 10, 25, 123, -3, 19, 63, 6246 }, // U+0458
    { 20, 13, 316, 0, 13, 65, 6309 }, // U+0459
    { 21, 13, 337, 0, 13, 69, 6374 }, // U+045A
    { 15, 19, 247, 0, 19, 72, 6443 }, // U+045B
    { 15, 20, 234, 0, 20, 75, 6515 }, // U+045C
    { 16, 20, 262, 0, 20, 80, 6590 }, // U+045D
    { 15, 25, 214, -1, 19, 94, 6670 }, // U+045E
    { 16, 18, 253, 0, 13, 72, 6764 }, // U+045F
    { 19, 19, 300, 0, 19, 91, 6836 }, // U+0462
    { 16, 17, 253, 0, 17, 68, 6927 }, // U+0463
    { 17, 17, 281, 0, 17, 73, 6995 }, // U+0472
    { 14, 13, 226, 0, 13, 46, 7068 }, // U+0473
    { 18, 17, 276, 0, 17, 77, 7114 }, // U+0474
    { 16, 14, 227, -1, 14, 56, 7191 }, // U+0475
    { 14, 21, 230, 0, 21, 74, 7247 }, // U+0490
    { 11, 16, 184, 0, 16, 44, 7321 }, // U+0491
    { 14, 17, 230, 0, 17, 60, 7365 }, // U+0492
    { 11, 13, 184, 0, 13, 36, 7425 }, // U+0493
    { 25, 22, 390, 0, 17, 138, 7461 }, // U+0496
    { 22, 18, 332, 0, 14, 99, 7599 }, // U+0497
    { 14, 23, 224, 0, 17, 81, 7698 }, // U+0498
    { 12, 19, 188, 0, 13, 57, 7779 }, // U+0499
    { 18, 22, 279, 0, 17, 99, 7836 }, // U+049A
    { 15, 18, 234, 0, 14, 68, 7935 }, // U+049B
    { 21, 17, 323, 0, 17, 90, 8003 }, // U+04A0
    { 18, 14, 284, 0, 14, 63, 8093 }, // U+04A1
    { 19, 22, 310, 0, 17, 105, 8156 }, // U+04A2
    { 17, 17, 270, 0, 13, 73, 8261 }, // U+04A3
    { 15, 23, 249, 0, 17, 87, 8334 }, // U+04AA
    { 13, 19, 205, 0, 13, 62, 8421 }, // U+04AB
    { 16, 17, 250, 0, 17, 68, 8483 }, // U+04AE
    { 15, 19, 212, -1, 13, 72, 8551 }, // U+04AF
    { 16, 17, 250, 0, 17, 68, 8623 }, // U+04B0
    { 15, 19, 212, -1, 13, 72, 8691 }, // U+04B1
    { 17, 22, 262, 0, 17, 94, 8763 }, // U+04B2
    { 14, 17, 221, 0, 13, 60, 8857 }, // U+04B3
    { 18, 22, 290, 0, 17, 99, 8917 }, // U+04B6
    { 15, 17, 246, 0, 13, 64, 9016 }, // U+04B7
    { 18, 17, 287, 0, 17, 77, 9080 }, // U+04BA
    { 15, 19, 247, 0, 19, 72, 9157 }, // U+04BB
    { 9, 17, 155, 0, 17, 39, 9229 }, // U+04C0
    { 25, 23, 390, 0, 23, 144, 9268 }, // U+04C1
    { 21, 19, 332, 0, 19, 100, 9412 }, // U+04C2
    { 8, 19, 129, 0, 19, 38, 9512 }, // U+04CF
    { 17, 23, 270, 0, 23, 98, 9550 }, // U+04D0
    { 14, 19, 212, 0, 19, 67, 9648 }, // U+04D1
    { 22, 17, 357, 0, 17, 94, 9715 }, // U+04D4
    { 20, 13, 316, 0, 13, 65, 9809 }, // U+04D5
    { 15, 23, 238, 0, 23, 87, 9874 }, // U+04D6
    { 13, 19, 208, 0, 19, 62, 9961 }, // U+04D7
    { 16, 17, 264, 0, 17, 68, 10023 }, // U+04D8
    { 13, 13, 211, 0, 13, 43, 10091 }, // U+04D9
    { 19, 21, 312, 0, 21, 100, 10134 }, // U+04E2
    { 16, 17, 262, 0, 17, 68, 10234 }, // U+04E3
    { 17, 23, 281, 0, 23, 98, 10302 }, // U+04E6
    { 14, 19, 226, 0, 19, 67, 10400 }, // U+04E7
    { 17, 17, 281, 0, 17, 73, 10467 }, // U+04E8
    { 14, 13, 226, 0, 13, 46, 10540 }, // U+04E9
    { 17, 23, 266, 0, 21, 98, 10586 }, // U+04EE
    { 15, 23, 214, -1, 17, 87, 10684 }, // U+04EF
    { 17, 25, 266, 0, 23, 107, 10771 }, // U+04F2
    { 15, 26, 214, -1, 20, 98, 10878 }, // U+04F3
    { 17, 22, 270, 0, 17, 94, 0 }, // U+1EA0
    { 14, 18, 212, 0, 13, 63, 94 }, // U+1EA1
    { 17, 23, 270, 0, 23, 98, 157 }, // U+1EA2
    { 14, 20, 212, 0, 20, 70, 255 }, // U+1EA3
    { 17, 25, 270, 0, 25, 107, 325 }, // U+1EA4
    { 14, 21, 212, 0, 21, 74, 432 }, // U+1EA5
    { 17, 25, 270, 0, 25, 107, 506 }, // U+1EA6
    { 15, 21, 212, -1, 21, 79, 613 }, // U+1EA7
    { 17, 27, 270, 0, 27, 115, 692 }, // U+1EA8
    { 14, 23, 212, 0, 23, 81, 807 }, // U+1EA9
    { 17, 27, 270, 0, 27, 115, 888 }, // U+1EAA
    { 14, 23, 212, 0, 23, 81, 1003 }, // U+1EAB
    { 17, 28, 270, 0, 23, 119, 1084 }, // U+1EAC
    { 14, 25, 212, 0, 20, 88, 1203 }, // U+1EAD
    { 17, 26, 270, 0, 26, 111, 1291 }, // U+1EAE
    { 14, 24, 212, 0, 24, 84, 1402 }, // U+1EAF
    { 17, 26, 270, 0, 26, 111, 1486 }, // U+1EB0
    { 14, 24, 212, 0, 24, 84, 1597 }, // U+1EB1
    { 17, 26, 270, 0, 26, 111, 1681 }, // U+1EB2
    { 14, 23, 212, 0, 23, 81, 1792 }, // U+1EB3
    { 17, 26, 270, 0, 26, 111, 1873 }, // U+1EB4
    { 14, 24, 212, 0, 24, 84, 1984 }, // U+1EB5
    { 17, 27, 270, 0, 22, 115, 2068 }, // U+1EB6
    { 14, 25, 212, 0, 20, 88, 2183 }, // U+1EB7
    { 15, 22, 238, 0, 17, 83, 2271 }, // U+1EB8
    { 13, 18, 208, 0, 13, 59, 2354 }, // U+1EB9
    { 15, 23, 238, 0, 23, 87, 2413 }, // U+1EBA
    { 13, 20, 208, 0, 20, 65, 2500 }, // U+1EBB
    { 15, 23, 238, 0, 23, 87, 2565 }, // U+1EBC
    { 13, 20, 208, 0, 20, 65, 2652 }, // U+1EBD
    { 16, 25, 238, 0, 25, 100, 2717 }, // U+1EBE
    { 14, 21, 208, 0, 21, 74, 2817 }, // U+1EBF
    { 15, 25, 238, 0, 25, 94, 2891 }, // U+1EC0
    { 13, 21, 208, 0, 21, 69, 2985 }, // U+1EC1
    { 15, 27, 238, 0, 27, 102, 3054 }, // U+1EC2
    { 14, 23, 208, 0, 23, 81, 3156 }, // U+1EC3
    { 15, 27, 238, 0, 27, 102, 3237 }, // U+1EC4
    { 13, 23, 208, 0, 23, 75, 3339 }, // U+1EC5
    { 15, 28, 238, 0, 23, 105, 3414 }, // U+1EC6
    { 13, 25, 208, 0, 20, 82, 3519 }, // U+1EC7
    { 9, 23, 155, 0, 23, 52, 3601 }, // U+1EC8
    { 8, 20, 126, 0, 20, 40, 3653 }, // U+1EC9
    { 9, 22, 155, 0, 17, 50, 3693 }, // U+1ECA
    { 8, 24, 126, 0, 19, 48, 3743 }, // U+1ECB
    { 17, 22, 281, 0, 17, 94, 3791 }, // U+1ECC
    { 14, 18, 226, 0, 13, 63, 3885 }, // U+1ECD
    { 17, 23, 281, 0, 23, 98, 3948 }, // U+1ECE
    { 14, 20, 226, 0, 20, 70, 4046 }, // U+1ECF
    { 17, 25, 281, 0, 25, 107, 4116 }, // U+1ED0
    { 14, 21, 226, 0, 21, 74, 4223 }, // U+1ED1
    { 17, 25, 281, 0, 25, 107, 4297 }, // U+1ED2
    { 14, 21, 226, 0, 21, 74, 4404 }, // U+1ED3
    { 17, 27, 281, 0, 27, 115, 4478 }, // U+1ED4
    { 15, 23, 226, 0, 23, 87, 4593 }, // U+1ED5
    { 17, 27, 281, 0, 27, 115, 4680 }, // U+1ED6
    { 14, 23, 226, 0, 23, 81, 4795 }, // U+1ED7
    { 17, 28, 281, 0, 23, 119, 4876 }, // U+1ED8
    { 14, 25, 226, 0, 20, 88, 4995 }, // U+1ED9
    { 17, 23, 281, 0, 23, 98, 5083 }, // U+1EDA
    { 14, 20, 226, 0, 20, 70, 5181 }, // U+1EDB
    { 17, 23, 281, 0, 23, 98, 5251 }, // U+1EDC
    { 14, 20, 226, 0, 20, 70, 5349 }, // U+1EDD
    { 17, 23, 281, 0, 23, 98, 5419 }, // U+1EDE
    { 14, 20, 226, 0, 20, 70, 5517 }, // U+1EDF
    { 17, 23, 281, 0, 23, 98, 5587 }, // U+1EE0
    { 14, 20, 226, 0, 20, 70, 5685 }, // U+1EE1
    { 17, 26, 281, 0, 21, 111, 5755 }, // U+1EE2
    { 14, 21, 226, 0, 16, 74, 5866 }, // U+1EE3
    { 18, 22, 292, 0, 17, 99, 5940 }, // U+1EE4
    { 15, 19, 243, 0, 14, 72, 6039 }, // U+1EE5
    { 18, 23, 292, 0, 23, 104, 6111 }, // U+1EE6
    { 15, 20, 243, 0, 20, 75, 6215 }, // U+1EE7
    { 19, 23, 292, 0, 23, 110, 6290 }, // U+1EE8
    { 16, 20, 243, 0, 20, 80, 6400 }, // U+1EE9
    { 19, 23, 292, 0, 23, 110, 6480 }, // U+1EEA
    { 16, 20, 243, 0, 20, 80, 6590 }, // U+1EEB
    { 19, 23, 292, 0, 23, 110, 6670 }, // U+1EEC
    { 16, 20, 243, 0, 20, 80, 6780 }, // U+1EED
    { 19, 23, 292, 0, 23, 110, 6860 }, // U+1EEE
    { 16, 20, 243, 0, 20, 80, 6970 }, // U+1EEF
    { 19, 27, 292, 0, 22, 129, 7050 }, // U+1EF0
    { 16, 22, 243, 0, 17, 88, 7179 }, // U+1EF1
    { 16, 23, 250, 0, 23, 92, 7267 }, // U+1EF2
    { 15, 26, 214, -1, 20, 98, 7359 }, // U+1EF3
    { 16, 22, 250, 0, 17, 88, 7457 }, // U+1EF4
    { 15, 19, 214, -1, 13, 72, 7545 }, // U+1EF5
    { 16, 23, 250, 0, 23, 92, 7617 }, // U+1EF6
    { 15, 26, 214, -1, 20, 98, 7709 }, // U+1EF7
    { 16, 23, 250, 0, 23, 92, 7807 }, // U+1EF8
    { 15, 26, 214, -1, 20, 98, 7899 }, // U+1EF9
    { 0, 0, 200, 0, 0, 0, 0 }, // U+2002
    { 0, 0, 400, 0, 0, 0, 0 }, // U+2003
    { 0, 0, 133, 0, 0, 0, 0 }, // U+2004
    { 0, 0, 100, 0, 0, 0, 0 }, // U+2005
    { 0, 0, 67, 0, 0, 0, 0 }, // U+2006
    { 0, 0, 217, 0, 0, 0, 0 }, // U+2007
    { 0, 0, 50, 0, 0, 0, 0 }, // U+2009
    { 0, 0, 17, 0, 0, 0, 0 }, // U+200A
    { 0, 0, 0, 0, 0, 0, 0 }, // U+200B
    { 7, 2, 136, 1, 8, 4, 0 }, // U+2010
    { 12, 2, 217, 1, 9, 6, 4 }, // U+2012
    { 12, 2, 216, 1, 8, 6, 10 }, // U+2013
    { 19, 2, 336, 1, 8, 10, 16 }, // U+2014
    { 19, 2, 336, 1, 8, 10, 26 }, // U+2015
    { 6, 8, 89, 0, 19, 12, 36 }, // U+2018
    { 5, 8, 89, 0, 18, 10, 48 }, // U+2019
    { 5, 8, 89, 0, 4, 10, 58 }, // U+201A
    { 11, 8, 176, 0, 19, 22, 68 }, // U+201C
    { 11, 8, 175, 0, 18, 22, 90 }, // U+201D
    { 11, 8, 175, 0, 4, 22, 112 }, // U+201E
    { 13, 21, 213, 0, 19, 69, 134 }, // U+2020
    { 13, 21, 213, 0, 19, 69, 203 }, // U+2021
    { 8, 7, 132, 0, 12, 14, 272 }, // U+2022
    { 13, 5, 240, 1, 5, 17, 286 }, // U+2025
    { 19, 5, 339, 1, 5, 24, 303 }, // U+2026
    { 0, 0, 50, 0, 0, 0, 327 }, // U+202F
    { 31, 18, 503, 0, 17, 140, 327 }, // U+2030
    { 5, 9, 102, 1, 19, 12, 467 }, // U+2032
    { 10, 9, 190, 1, 19, 23, 479 }, // U+2033
    { 8, 12, 134, 0, 12, 24, 502 }, // U+2039
    { 7, 12, 134, 1, 13, 21, 526 }, // U+203A
    { 14, 17, 264, 1, 17, 60, 547 }, // U+203C
    { 13, 18, 56, -5, 17, 59, 607 }, // U+2044
    { 19, 19, 337, 1, 19, 91, 666 }, // U+2047
    { 17, 19, 304, 1, 19, 81, 757 }, // U+2048
    { 17, 19, 298, 1, 19, 81, 838 }, // U+2049
    { 9, 10, 149, 0, 21, 23, 0 }, // U+2070
    { 5, 12, 83, 0, 23, 15, 23 }, // U+2071
    { 9, 10, 149, 0, 21, 23, 38 }, // U+2074
    { 9, 10, 149, 0, 21, 23, 61 }, // U+2075
    { 9, 11, 149, 0, 22, 25, 84 }, // U+2076
    { 8, 10, 149, 1, 21, 20, 109 }, // U+2077
    { 8, 10, 149, 1, 21, 20, 129 }, // U+2078
    { 9, 11, 149, 0, 21, 25, 149 }, // U+2079
    { 5, 15, 112, 1, 22, 19, 174 }, // U+207D
    { 5, 15, 112, 1, 22, 19, 193 }, // U+207E
    { 10, 8, 166, 0, 19, 20, 212 }, // U+207F
    { 9, 10, 149, 0, 6, 23, 232 }, // U+2080
    { 8, 11, 149, 1, 7, 22, 255 }, // U+2081
    { 8, 10, 149, 1, 6, 20, 277 }, // U+2082
    { 9, 10, 149, 0, 6, 23, 297 }, // U+2083
    { 9, 10, 149, 0, 6, 23, 320 }, // U+2084
    { 9, 10, 149, 0, 6, 23, 343 }, // U+2085
    { 9, 11, 149, 0, 7, 25, 366 }, // U+2086
    { 8, 10, 149, 1, 6, 20, 391 }, // U+2087
    { 8, 10, 149, 1, 6, 20, 411 }, // U+2088
    { 9, 11, 149, 0, 6, 25, 431 }, // U+2089
    { 5, 15, 112, 1, 7, 19, 456 }, // U+208D
    { 5, 15, 112, 1, 7, 19, 475 }, // U+208E
    { 14, 22, 217, 0, 19, 77, 0 }, // U+20A1
    { 12, 17, 217, 1, 17, 51, 77 }, // U+20A4
    { 14, 17, 217, 0, 17, 60, 128 }, // U+20A6
    { 14, 16, 217, 0, 16, 56, 188 }, // U+20A7
    { 15, 17, 217, -1, 17, 64, 244 }, // U+20A9
    { 12, 18, 217, 1, 18, 54, 308 }, // U+20AB
    { 14, 17, 217, 0, 17, 60, 362 }, // U+20AC
    { 14, 16, 217, 0, 16, 56, 422 }, // U+20AE
    { 14, 16, 217, 0, 16, 56, 478 }, // U+20B1
    { 14, 22, 217, 0, 19, 77, 534 }, // U+20B2
    { 13, 17, 217, 0, 17, 56, 611 }, // U+20B4
    { 12, 22, 217, 1, 19, 66, 667 }, // U+20B5
    { 14, 17, 217, 0, 17, 60, 733 }, // U+20B8
    { 11, 17, 217, 1, 16, 47, 793 }, // U+20B9
    { 14, 17, 217, 0, 17, 60, 840 }, // U+20BA
    { 14, 16, 217, 0, 16, 56, 900 }, // U+20BD
    { 14, 22, 217, 0, 19, 77, 956 }, // U+20BF
    { 17, 17, 264, 0, 16, 73, 0 }, // U+2190
    { 17, 16, 264, 0, 15, 68, 73 }, // U+2191
    { 17, 17, 264, 0, 16, 73, 141 }, // U+2192
    { 17, 16, 264, 0, 15, 68, 214 }, // U+2193
    { 13, 14, 264, 2, 14, 46, 282 }, // U+2196
    { 14, 14, 264, 1, 14, 49, 328 }, // U+2197
    { 14, 13, 264, 1, 14, 46, 377 }, // U+2198
    { 13, 13, 264, 2, 14, 43, 423 }, // U+2199
    { 14, 17, 225, 0, 17, 60, 0 }, // U+2202
    { 14, 17, 246, 1, 17, 60, 60 }, // U+2206
    { 19, 20, 303, 0, 17, 95, 120 }, // U+220F
    { 14, 20, 230, 0, 17, 70, 215 }, // U+2211
    { 13, 4, 218, 0, 10, 13, 285 }, // U+2212
    { 13, 18, 56, -5, 17, 59, 298 }, // U+2215
    { 5, 5, 120, 1, 11, 7, 357 }, // U+2219
    { 15, 23, 230, 0, 20, 87, 364 }, // U+221A
    { 19, 10, 316, 0, 13, 48, 451 }, // U+221E
    { 14, 25, 150, -2, 19, 88, 499 }, // U+222B
    { 12, 11, 218, 1, 14, 33, 587 }, // U+2248
    { 13, 16, 218, 0, 16, 52, 620 }, // U+2260
    { 13, 15, 218, 0, 15, 49, 672 }, // U+2264
    { 13, 15, 218, 0, 15, 49, 721 }, // U+2265
    { 20, 19, 271, 0, 19, 95, 0 }, // U+FB00
    { 16, 19, 250, 0, 19, 76, 95 }, // U+FB01
    { 16, 19, 257, 0, 19, 76, 171 }, // U+FB02
    { 23, 19, 376, 0, 19, 110, 247 }, // U+FB03
    { 24, 19, 383, 0, 19, 114, 357 }, // U+FB04
};

static const EpdUnicodeInterval sourceserif4_12_boldIntervals[] = {
    { 0x20, 0x7E, 0x0 },
    { 0xA0, 0x12B, 0x5F },
    { 0x12E, 0x131, 0xEB },
    { 0x134, 0x165, 0xEF },
    { 0x168, 0x17F, 0x121 },
    { 0x1A0, 0x1A1, 0x139 },
    { 0x1AF, 0x1B0, 0x13B },
    { 0x1CD, 0x1DC, 0x13D },
    { 0x1E6, 0x1E7, 0x14D },
    { 0x1F8, 0x1F9, 0x14F },
    { 0x218, 0x21B, 0x151 },
    { 0x300, 0x304, 0x155 },
    { 0x306, 0x30C, 0x15A },
    { 0x31B, 0x31B, 0x161 },
    { 0x323, 0x324, 0x162 },
    { 0x326, 0x329, 0x164 },
    { 0x32E, 0x32E, 0x168 },
    { 0x331, 0x331, 0x169 },
    { 0x400, 0x45F, 0x16A },
    { 0x462, 0x463, 0x1CA },
    { 0x472, 0x475, 0x1CC },
    { 0x490, 0x493, 0x1D0 },
    { 0x496, 0x49B, 0x1D4 },
    { 0x4A0, 0x4A3, 0x1DA },
    { 0x4AA, 0x4AB, 0x1DE },
    { 0x4AE, 0x4B3, 0x1E0 },
    { 0x4B6, 0x4B7, 0x1E6 },
    { 0x4BA, 0x4BB, 0x1E8 },
    { 0x4C0, 0x4C2, 0x1EA },
    { 0x4CF, 0x4D1, 0x1ED },
    { 0x4D4, 0x4D9, 0x1F0 },
    { 0x4E2, 0x4E3, 0x1F6 },
    { 0x4E6, 0x4E9, 0x1F8 },
    { 0x4EE, 0x4EF, 0x1FC },
    { 0x4F2, 0x4F3, 0x1FE },
    { 0x1EA0, 0x1EF9, 0x200 },
    { 0x2002, 0x2007, 0x25A },
    { 0x2009, 0x200B, 0x260 },
    { 0x2010, 0x2010, 0x263 },
    { 0x2012, 0x2015, 0x264 },
    { 0x2018, 0x201A, 0x268 },
    { 0x201C, 0x201E, 0x26B },
    { 0x2020, 0x2022, 0x26E },
    { 0x2025, 0x2026, 0x271 },
    { 0x202F, 0x2030, 0x273 },
    { 0x2032, 0x2033, 0x275 },
    { 0x2039, 0x203A, 0x277 },
    { 0x203C, 0x203C, 0x279 },
    { 0x2044, 0x2044, 0x27A },
    { 0x2047, 0x2049, 0x27B },
    { 0x2070, 0x2071, 0x27E },
    { 0x2074, 0x2079, 0x280 },
    { 0x207D, 0x2089, 0x286 },
    { 0x208D, 0x208E, 0x293 },
    { 0x20A1, 0x20A1, 0x295 },
    { 0x20A4, 0x20A4, 0x296 },
    { 0x20A6, 0x20A7, 0x297 },
    { 0x20A9, 0x20A9, 0x299 },
    { 0x20AB, 0x20AC, 0x29A },
    { 0x20AE, 0x20AE, 0x29C },
    { 0x20B1, 0x20B2, 0x29D },
    { 0x20B4, 0x20B5, 0x29F },
    { 0x20B8, 0x20BA, 0x2A1 },
    { 0x20BD, 0x20BD, 0x2A4 },
    { 0x20BF, 0x20BF, 0x2A5 },
    { 0x2190, 0x2193, 0x2A6 },
    { 0x2196, 0x2199, 0x2AA },
    { 0x2202, 0x2202, 0x2AE },
    { 0x2206, 0x2206, 0x2AF },
    { 0x220F, 0x220F, 0x2B0 },
    { 0x2211, 0x2212, 0x2B1 },
    { 0x2215, 0x2215, 0x2B3 },
    { 0x2219, 0x221A, 0x2B4 },
    { 0x221E, 0x221E, 0x2B6 },
    { 0x222B, 0x222B, 0x2B7 },
    { 0x2248, 0x2248, 0x2B8 },
    { 0x2260, 0x2260, 0x2B9 },
    { 0x2264, 0x2265, 0x2BA },
    { 0xFB00, 0xFB04, 0x2BC },
};

static const EpdFontGroup sourceserif4_12_boldGroups[] = {
    { 0, 2738, 5635, 95, 0 },
    { 2738, 2457, 6969, 96, 95 },
    { 5195, 3059, 10525, 122, 191 },
    { 8254, 947, 2702, 28, 313 },
    { 9201, 175, 242, 21, 341 },
    { 9376, 4048, 11973, 150, 362 },
    { 13424, 1743, 8950, 90, 512 },
    { 15167, 546, 1045, 36, 602 },
    { 15713, 266, 632, 23, 638 },
    { 15979, 671, 1150, 17, 661 },
    { 16650, 304, 546, 8, 678 },
    { 16954, 452, 873, 14, 686 },
    { 17406, 195, 475, 5, 700 },
};

static const EpdKernClassEntry sourceserif4_12_boldKernLeftClasses[] = {
    { 0x0022, 1 }, // "
    { 0x0023, 2 }, // #
    { 0x0024, 3 }, // $
    { 0x0026, 4 }, // &
    { 0x0027, 1 }, // '
    { 0x0028, 5 }, // (
    { 0x0029, 6 }, // )
    { 0x002A, 7 }, // *
    { 0x002B, 8 }, // +
    { 0x002C, 9 }, // ,
    { 0x002E, 9 }, // .
    { 0x002F, 10 }, // /
    { 0x0030, 11 }, // 0
    { 0x0031, 12 }, // 1
    { 0x0032, 13 }, // 2
    { 0x0033, 14 }, // 3
    { 0x0034, 15 }, // 4
    { 0x0035, 16 }, // 5
    { 0x0036, 17 }, // 6
    { 0x0037, 18 }, // 7
    { 0x0038, 14 }, // 8
    { 0x0039, 19 }, // 9
    { 0x003A, 20 }, // :
    { 0x003B, 20 }, // ;
    { 0x003C, 21 }, // <
    { 0x003D, 22 }, // =
    { 0x003E, 8 }, // >
    { 0x003F, 23 }, // ?
    { 0x0040, 24 }, // @
    { 0x0041, 25 }, // A
    { 0x0042, 26 }, // B
    { 0x0043, 27 }, // C
    { 0x0044, 28 }, // D
    { 0x0045, 29 }, // E
    { 0x0046, 30 }, // F
    { 0x0047, 31 }, // G
    { 0x0048, 32 }, // H
    { 0x0049, 32 }, // I
    { 0x004A, 33 }, // J
    { 0x004B, 34 }, // K
    { 0x004C, 35 }, // L
    { 0x004D, 32 }, // M
    { 0x004E, 36 }, // N
    { 0x004F, 37 }, // O
    { 0x0050, 38 }, // P
    { 0x0051, 37 }, // Q
    { 0x0052, 39 }, // R
    { 0x0053, 40 }, // S
    { 0x0054, 41 }, // T
    { 0x0055, 42 }, // U
    { 0x0056, 43 }, // V
    { 0x0057, 44 }, // W
    { 0x0058, 45 }, // X
    { 0x0059, 46 }, // Y
    { 0x005A, 47 }, // Z
    { 0x005B, 5 }, // [
    { 0x005C, 48 }, // <backslash>
    { 0x005D, 6 }, // ]
    { 0x005F, 49 }, // _
    { 0x0061, 50 }, // a
    { 0x0062, 51 }, // b
    { 0x0063, 52 }, // c
    { 0x0064, 53 }, // d
    { 0x0065, 54 }, // e
    { 0x0066, 55 }, // f
    { 0x0067, 56 }, // g
    { 0x0068, 57 }, // h
    { 0x0069, 58 }, // i
    { 0x006A, 59 }, // j
    { 0x006B, 60 }, // k
    { 0x006C, 53 }, // l
    { 0x006D, 57 }, // m
    { 0x006E, 57 }, // n
    { 0x006F, 51 }, // o
    { 0x0070, 51 }, // p
    { 0x0071, 61 }, // q
    { 0x0072, 62 }, // r
    { 0x0073, 63 }, // s
    { 0x0074, 64 }, // t
    { 0x0075, 65 }, // u
    { 0x0076, 66 }, // v
    { 0x0077, 66 }, // w
    { 0x0078, 67 }, // x
    { 0x0079, 66 }, // y
    { 0x007A, 68 }, // z
    { 0x007B, 5 }, // {
    { 0x007C, 69 }, // |
    { 0x007D, 6 }, // }
    { 0x007E, 8 }, // ~
    { 0x00A0, 70 }, // U+00A0
    { 0x00A1, 71 }, // U+00A1
    { 0x00A2, 72 }, // U+00A2
    { 0x00A3, 73 }, // U+00A3
    { 0x00A5, 74 }, // U+00A5
    { 0x00A6, 69 }, // U+00A6
    { 0x00A9, 75 }, // U+00A9
    { 0x00AA, 76 }, // U+00AA
    { 0x00AB, 77 }, // U+00AB
    { 0x00AC, 22 }, // U+00AC
    { 0x00AD, 78 }, // U+00AD
    { 0x00AE, 7 }, // U+00AE
    { 0x00B1, 79 }, // U+00B1
    { 0x00B5, 80 }, // U+00B5
    { 0x00B7, 81 }, // U+00B7
    { 0x00BB, 82 }, // U+00BB
    { 0x00BF, 83 }, // U+00BF
    { 0x00C0, 25 }, // U+00C0
    { 0x00C1, 25 }, // U+00C1
    { 0x00C2, 25 }, // U+00C2
    { 0x00C3, 25 }, // U+00C3
    { 0x00C4, 25 }, // U+00C4
    { 0x00C5, 25 }, // U+00C5
    { 0x00C6, 29 }, // U+00C6
    { 0x00C7, 27 }, // U+00C7
    { 0x00C8, 29 }, // U+00C8
    { 0x00C9, 29 }, // U+00C9
    { 0x00CA, 29 }, // U+00CA
    { 0x00CB, 29 }, // U+00CB
    { 0x00CC, 32 }, // U+00CC
    { 0x00CD, 32 }, // U+00CD
    { 0x00CE, 32 }, // U+00CE
    { 0x00CF, 32 }, // U+00CF
    { 0x00D0, 28 }, // U+00D0
    { 0x00D1, 36 }, // U+00D1
    { 0x00D2, 37 }, // U+00D2
    { 0x00D3, 37 }, // U+00D3
    { 0x00D4, 37 }, // U+00D4
    { 0x00D5, 37 }, // U+00D5
    { 0x00D6, 37 }, // U+00D6
    { 0x00D7, 21 }, // U+00D7
    { 0x00D8, 37 }, // U+00D8
    { 0x00D9, 42 }, // U+00D9
    { 0x00DA, 42 }, // U+00DA
    { 0x00DB, 42 }, // U+00DB
    { 0x00DC, 42 }, // U+00DC
    { 0x00DD, 46 }, // U+00DD
    { 0x00DE, 84 }, // U+00DE
    { 0x00DF, 85 }, // U+00DF
    { 0x00E0, 50 }, // U+00E0
    { 0x00E1, 50 }, // U+00E1
    { 0x00E2, 50 }, // U+00E2
    { 0x00E3, 50 }, // U+00E3
    { 0x00E4, 50 }, // U+00E4
    { 0x00E5, 50 }, // U+00E5
    { 0x00E6, 54 }, // U+00E6
    { 0x00E7, 52 }, // U+00E7
    { 0x00E8, 54 }, // U+00E8
    { 0x00E9, 54 }, // U+00E9
    { 0x00EA, 54 }, // U+00EA
    { 0x00EB, 54 }, // U+00EB
    { 0x00EC, 58 }, // U+00EC
    { 0x00ED, 58 }, // U+00ED
    { 0x00EE, 86 }, // U+00EE
    { 0x00EF, 86 }, // U+00EF
    { 0x00F0, 87 }, // U+00F0
    { 0x00F1, 57 }, // U+00F1
    { 0x00F2, 51 }, // U+00F2
    { 0x00F3, 51 }, // U+00F3
    { 0x00F4, 51 }, // U+00F4
    { 0x00F5, 51 }, // U+00F5
    { 0x00F6, 51 }, // U+00F6
    { 0x00F7, 8 }, // U+00F7
    { 0x00F8, 51 }, // U+00F8
    { 0x00F9, 65 }, // U+00F9
    { 0x00FA, 65 }, // U+00FA
    { 0x00FB, 65 }, // U+00FB
    { 0x00FC, 65 }, // U+00FC
    { 0x00FD, 66 }, // U+00FD
    { 0x00FE, 51 }, // U+00FE
    { 0x00FF, 66 }, // U+00FF
    { 0x0100, 25 }, // U+0100
    { 0x0101, 50 }, // U+0101
    { 0x0102, 25 }, // U+0102
    { 0x0103, 50 }, // U+0103
    { 0x0104, 88 }, // U+0104
    { 0x0105, 89 }, // U+0105
    { 0x0106, 27 }, // U+0106
    { 0x0107, 52 }, // U+0107
    { 0x0108, 27 }, // U+0108
    { 0x0109, 52 }, // U+0109
    { 0x010A, 27 }, // U+010A
    { 0x010B, 52 }, // U+010B
    { 0x010C, 27 }, // U+010C
    { 0x010D, 52 }, // U+010D
    { 0x010E, 28 }, // U+010E
    { 0x010F, 90 }, // U+010F
    { 0x0110, 28 }, // U+0110
    { 0x0111, 53 }, // U+0111
    { 0x0112, 29 }, // U+0112
    { 0x0113, 54 }, // U+0113
    { 0x0114, 29 }, // U+0114
    { 0x0115, 54 }, // U+0115
    { 0x0116, 29 }, // U+0116
    { 0x0117, 54 }, // U+0117
    { 0x0118, 91 }, // U+0118
    { 0x0119, 54 }, // U+0119
    { 0x011A, 29 }, // U+011A
    { 0x011B, 54 }, // U+011B
    { 0x011C, 31 }, // U+011C
    { 0x011D, 56 }, // U+011D
    { 0x011E, 31 }, // U+011E
    { 0x011F, 56 }, // U+011F
    { 0x0120, 31 }, // U+0120
    { 0x0121, 56 }, // U+0121
    { 0x0122, 31 }, // U+0122
    { 0x0123, 56 }, // U+0123
    { 0x0124, 32 }, // U+0124
    { 0x0125, 57 }, // U+0125
    { 0x0126, 32 }, // U+0126
    { 0x0127, 57 }, // U+0127
    { 0x0128, 32 }, // U+0128
    { 0x0129, 86 }, // U+0129
    { 0x012A, 32 }, // U+012A
    { 0x012B, 86 }, // U+012B
    { 0x012E, 92 }, // U+012E
    { 0x012F, 93 }, // U+012F
    { 0x0130, 32 }, // U+0130
    { 0x0131, 58 }, // U+0131
    { 0x0134, 33 }, // U+0134
    { 0x0135, 59 }, // U+0135
    { 0x0136, 34 }, // U+0136
    { 0x0137, 60 }, // U+0137
    { 0x0138, 60 }, // U+0138
    { 0x0139, 35 }, // U+0139
    { 0x013A, 53 }, // U+013A
    { 0x013B, 35 }, // U+013B
    { 0x013C, 53 }, // U+013C
    { 0x013D, 94 }, // U+013D
    { 0x013E, 90 }, // U+013E
    { 0x0141, 35 }, // U+0141
    { 0x0142, 95 }, // U+0142
    { 0x0143, 36 }, // U+0143
    { 0x0144, 57 }, // U+0144
    { 0x0145, 36 }, // U+0145
    { 0x0146, 57 }, // U+0146
    { 0x0147, 36 }, // U+0147
    { 0x0148, 57 }, // U+0148
    { 0x014A, 33 }, // U+014A
    { 0x014B, 59 }, // U+014B
    { 0x014C, 37 }, // U+014C
    { 0x014D, 51 }, // U+014D
    { 0x014E, 37 }, // U+014E
    { 0x014F, 51 }, // U+014F
    { 0x0150, 37 }, // U+0150
    { 0x0151, 51 }, // U+0151
    { 0x0152, 29 }, // U+0152
    { 0x0153, 54 }, // U+0153
    { 0x0154, 39 }, // U+0154
    { 0x0155, 62 }, // U+0155
    { 0x0156, 39 }, // U+0156
    { 0x0157, 62 }, // U+0157
    { 0x0158, 39 }, // U+0158
    { 0x0159, 62 }, // U+0159
    { 0x015A, 40 }, // U+015A
    { 0x015B, 63 }, // U+015B
    { 0x015C, 40 }, // U+015C
    { 0x015D, 63 }, // U+015D
    { 0x015E, 40 }, // U+015E
    { 0x015F, 63 }, // U+015F
    { 0x0160, 40 }, // U+0160
    { 0x0161, 63 }, // U+0161
    { 0x0162, 41 }, // U+0162
    { 0x0163, 64 }, // U+0163
    { 0x0164, 41 }, // U+0164
    { 0x0165, 96 }, // U+0165
    { 0x0168, 42 }, // U+0168
    { 0x0169, 65 }, // U+0169
    { 0x016A, 42 }, // U+016A
    { 0x016B, 65 }, // U+016B
    { 0x016C, 42 }, // U+016C
    { 0x016D, 65 }, // U+016D
    { 0x016E, 42 }, // U+016E
    { 0x016F, 65 }, // U+016F
    { 0x0170, 42 }, // U+0170
    { 0x0171, 65 }, // U+0171
    { 0x0172, 42 }, // U+0172
    { 0x0173, 97 }, // U+0173
    { 0x0174, 44 }, // U+0174
    { 0x0175, 66 }, // U+0175
    { 0x0176, 46 }, // U+0176
    { 0x0177, 66 }, // U+0177
    { 0x0178, 46 }, // U+0178
    { 0x0179, 47 }, // U+0179
    { 0x017A, 68 }, // U+017A
    { 0x017B, 47 }, // U+017B
    { 0x017C, 68 }, // U+017C
    { 0x017D, 47 }, // U+017D
    { 0x017E, 68 }, // U+017E
    { 0x017F, 55 }, // U+017F
    { 0x01A0, 37 }, // U+01A0
    { 0x01AF, 98 }, // U+01AF
    { 0x01B0, 99 }, // U+01B0
    { 0x01CD, 25 }, // U+01CD
    { 0x01CE, 50 }, // U+01CE
    { 0x01CF, 32 }, // U+01CF
    { 0x01D0, 86 }, // U+01D0
    { 0x01D1, 37 }, // U+01D1
    { 0x01D2, 51 }, // U+01D2
    { 0x01D3, 42 }, // U+01D3
    { 0x01D4, 65 }, // U+01D4
    { 0x01D5, 42 }, // U+01D5
    { 0x01D6, 65 }, // U+01D6
    { 0x01D7, 42 }, // U+01D7
    { 0x01D8, 65 }, // U+01D8
    { 0x01D9, 42 }, // U+01D9
    { 0x01DA, 65 }, // U+01DA
    { 0x01DB, 42 }, // U+01DB
    { 0x01DC, 65 }, // U+01DC
    { 0x01E6, 31 }, // U+01E6
    { 0x01E7, 56 }, // U+01E7
    { 0x01F8, 36 }, // U+01F8
    { 0x01F9, 57 }, // U+01F9
    { 0x0218, 40 }, // U+0218
    { 0x0219, 63 }, // U+0219
    { 0x021A, 41 }, // U+021A
    { 0x021B, 64 }, // U+021B
    { 0x0400, 100 }, // U+0400
    { 0x0401, 100 }, // U+0401
    { 0x0402, 101 }, // U+0402
    { 0x0403, 102 }, // U+0403
    { 0x0404, 103 }, // U+0404
    { 0x0405, 104 }, // U+0405
    { 0x0406, 105 }, // U+0406
    { 0x0407, 105 }, // U+0407
    { 0x0408, 106 }, // U+0408
    { 0x0409, 107 }, // U+0409
    { 0x040A, 107 }, // U+040A
    { 0x040B, 108 }, // U+040B
    { 0x040C, 109 }, // U+040C
    { 0x040D, 105 }, // U+040D
    { 0x040E, 110 }, // U+040E
    { 0x040F, 105 }, // U+040F
    { 0x0410, 111 }, // U+0410
    { 0x0411, 112 }, // U+0411
    { 0x0412, 112 }, // U+0412
    { 0x0413, 102 }, // U+0413
    { 0x0414, 113 }, // U+0414
    { 0x0415, 100 }, // U+0415
    { 0x0416, 109 }, // U+0416
    { 0x0417, 112 }, // U+0417
    { 0x0418, 105 }, // U+0418
    { 0x0419, 105 }, // U+0419
    { 0x041A, 109 }, // U+041A
    { 0x041B, 105 }, // U+041B
    { 0x041C, 105 }, // U+041C
    { 0x041D, 105 }, // U+041D
    { 0x041E, 114 }, // U+041E
    { 0x041F, 105 }, // U+041F
    { 0x0420, 115 }, // U+0420
    { 0x0421, 103 }, // U+0421
    { 0x0422, 116 }, // U+0422
    { 0x0423, 110 }, // U+0423
    { 0x0424, 117 }, // U+0424
    { 0x0425, 109 }, // U+0425
    { 0x0426, 113 }, // U+0426
    { 0x0427, 105 }, // U+0427
    { 0x0428, 105 }, // U+0428
    { 0x0429, 113 }, // U+0429
    { 0x042A, 107 }, // U+042A
    { 0x042B, 105 }, // U+042B
    { 0x042C, 107 }, // U+042C
    { 0x042D, 114 }, // U+042D
    { 0x042E, 114 }, // U+042E
    { 0x042F, 105 }, // U+042F
    { 0x0430, 118 }, // U+0430
    { 0x0431, 119 }, // U+0431
    { 0x0432, 120 }, // U+0432
    { 0x0433, 121 }, // U+0433
    { 0x0434, 122 }, // U+0434
    { 0x0435, 123 }, // U+0435
    { 0x0436, 124 }, // U+0436
    { 0x0437, 120 }, // U+0437
    { 0x0438, 125 }, // U+0438
    { 0x0439, 125 }, // U+0439
    { 0x043A, 124 }, // U+043A
    { 0x043B, 125 }, // U+043B
    { 0x043C, 125 }, // U+043C
    { 0x043D, 125 }, // U+043D
    { 0x043E, 126 }, // U+043E
    { 0x043F, 125 }, // U+043F
    { 0x0440, 126 }, // U+0440
    { 0x0441, 127 }, // U+0441
    { 0x0442, 121 }, // U+0442
    { 0x0443, 128 }, // U+0443
    { 0x0444, 126 }, // U+0444
    { 0x0445, 124 }, // U+0445
    { 0x0446, 122 }, // U+0446
    { 0x0447, 125 }, // U+0447
    { 0x0448, 125 }, // U+0448
    { 0x0449, 122 }, // U+0449
    { 0x044A, 129 }, // U+044A
    { 0x044B, 125 }, // U+044B
    { 0x044C, 129 }, // U+044C
    { 0x044D, 126 }, // U+044D
    { 0x044E, 126 }, // U+044E
    { 0x044F, 125 }, // U+044F
    { 0x0450, 123 }, // U+0450
    { 0x0451, 123 }, // U+0451
    { 0x0452, 130 }, // U+0452
    { 0x0453, 121 }, // U+0453
    { 0x0454, 127 }, // U+0454
    { 0x0455, 131 }, // U+0455
    { 0x0456, 132 }, // U+0456
    { 0x0457, 133 }, // U+0457
    { 0x0458, 134 }, // U+0458
    { 0x0459, 129 }, // U+0459
    { 0x045A, 129 }, // U+045A
    { 0x045B, 135 }, // U+045B
    { 0x045C, 124 }, // U+045C
    { 0x045D, 125 }, // U+045D
    { 0x045E, 128 }, // U+045E
    { 0x045F, 125 }, // U+045F
    { 0x0462, 136 }, // U+0462
    { 0x0463, 137 }, // U+0463
    { 0x0472, 114 }, // U+0472
    { 0x0473, 126 }, // U+0473
    { 0x0474, 110 }, // U+0474
    { 0x0475, 138 }, // U+0475
    { 0x0490, 139 }, // U+0490
    { 0x0491, 140 }, // U+0491
    { 0x0492, 102 }, // U+0492
    { 0x0493, 121 }, // U+0493
    { 0x0496, 141 }, // U+0496
    { 0x0497, 142 }, // U+0497
    { 0x0498, 112 }, // U+0498
    { 0x0499, 120 }, // U+0499
    { 0x049A, 141 }, // U+049A
    { 0x049B, 142 }, // U+049B
    { 0x04A0, 109 }, // U+04A0
    { 0x04A1, 124 }, // U+04A1
    { 0x04A2, 113 }, // U+04A2
    { 0x04A3, 122 }, // U+04A3
    { 0x04AA, 103 }, // U+04AA
    { 0x04AB, 127 }, // U+04AB
    { 0x04AE, 143 }, // U+04AE
    { 0x04AF, 144 }, // U+04AF
    { 0x04B0, 143 }, // U+04B0
    { 0x04B1, 144 }, // U+04B1
    { 0x04B2, 141 }, // U+04B2
    { 0x04B3, 142 }, // U+04B3
    { 0x04B6, 113 }, // U+04B6
    { 0x04B7, 122 }, // U+04B7
    { 0x04BA, 145 }, // U+04BA
    { 0x04BB, 135 }, // U+04BB
    { 0x04C0, 105 }, // U+04C0
    { 0x04C1, 109 }, // U+04C1
    { 0x04C2, 124 }, // U+04C2
    { 0x04CF, 146 }, // U+04CF
    { 0x04D0, 111 }, // U+04D0
    { 0x04D1, 118 }, // U+04D1
    { 0x04D4, 100 }, // U+04D4
    { 0x04D5, 123 }, // U+04D5
    { 0x04D6, 100 }, // U+04D6
    { 0x04D7, 123 }, // U+04D7
    { 0x04D8, 114 }, // U+04D8
    { 0x04D9, 126 }, // U+04D9
    { 0x04E2, 105 }, // U+04E2
    { 0x04E3, 125 }, // U+04E3
    { 0x04E6, 114 }, // U+04E6
    { 0x04E7, 126 }, // U+04E7
    { 0x04E8, 114 }, // U+04E8
    { 0x04E9, 126 }, // U+04E9
    { 0x04EE, 110 }, // U+04EE
    { 0x04EF, 128 }, // U+04EF
    { 0x04F2, 110 }, // U+04F2
    { 0x04F3, 128 }, // U+04F3
    { 0x1EA0, 25 }, // U+1EA0
    { 0x1EA1, 50 }, // U+1EA1
    { 0x1EA2, 25 }, // U+1EA2
    { 0x1EA3, 50 }, // U+1EA3
    { 0x1EA4, 25 }, // U+1EA4
    { 0x1EA5, 50 }, // U+1EA5
    { 0x1EA6, 25 }, // U+1EA6
    { 0x1EA7, 50 }, // U+1EA7
    { 0x1EA8, 25 }, // U+1EA8
    { 0x1EA9, 50 }, // U+1EA9
    { 0x1EAA, 25 }, // U+1EAA
    { 0x1EAB, 50 }, // U+1EAB
    { 0x1EAC, 25 }, // U+1EAC
    { 0x1EAD, 50 }, // U+1EAD
    { 0x1EAE, 25 }, // U+1EAE
    { 0x1EAF, 50 }, // U+1EAF
    { 0x1EB0, 25 }, // U+1EB0
    { 0x1EB1, 50 }, // U+1EB1
    { 0x1EB2, 25 }, // U+1EB2
    { 0x1EB3, 50 }, // U+1EB3
    { 0x1EB4, 25 }, // U+1EB4
    { 0x1EB5, 50 }, // U+1EB5
    { 0x1EB6, 25 }, // U+1EB6
    { 0x1EB7, 50 }, // U+1EB7
    { 0x1EB8, 29 }, // U+1EB8
    { 0x1EB9, 54 }, // U+1EB9
    { 0x1EBA, 29 }, // U+1EBA
    { 0x1EBB, 54 }, // U+1EBB
    { 0x1EBC, 29 }, // U+1EBC
    { 0x1EBD, 54 }, // U+1EBD
    { 0x1EBE, 29 }, // U+1EBE
    { 0x1EBF, 54 }, // U+1EBF
    { 0x1EC0, 29 }, // U+1EC0
    { 0x1EC1, 54 }, // U+1EC1
    { 0x1EC2, 29 }, // U+1EC2
    { 0x1EC3, 54 }, // U+1EC3
    { 0x1EC4, 29 }, // U+1EC4
    { 0x1EC5, 54 }, // U+1EC5
    { 0x1EC6, 29 }, // U+1EC6
    { 0x1EC7, 54 }, // U+1EC7
    { 0x1EC8, 32 }, // U+1EC8
    { 0x1EC9, 58 }, // U+1EC9
    { 0x1ECA, 32 }, // U+1ECA
    { 0x1ECB, 58 }, // U+1ECB
    { 0x1ECC, 37 }, // U+1ECC
    { 0x1ECD, 51 }, // U+1ECD
    { 0x1ECE, 37 }, // U+1ECE
    { 0x1ECF, 51 }, // U+1ECF
    { 0x1ED0, 37 }, // U+1ED0
    { 0x1ED1, 51 }, // U+1ED1
    { 0x1ED2, 37 }, // U+1ED2
    { 0x1ED3, 51 }, // U+1ED3
    { 0x1ED4, 37 }, // U+1ED4
    { 0x1ED5, 51 }, // U+1ED5
    { 0x1ED6, 37 }, // U+1ED6
    { 0x1ED7, 51 }, // U+1ED7
    { 0x1ED8, 37 }, // U+1ED8
    { 0x1ED9, 51 }, // U+1ED9
    { 0x1EDA, 37 }, // U+1EDA
    { 0x1EDC, 37 }, // U+1EDC
    { 0x1EDE, 37 }, // U+1EDE
    { 0x1EE0, 37 }, // U+1EE0
    { 0x1EE2, 37 }, // U+1EE2
    { 0x1EE4, 42 }, // U+1EE4
    { 0x1EE5, 65 }, // U+1EE5
    { 0x1EE6, 42 }, // U+1EE6
    { 0x1EE7, 65 }, // U+1EE7
    { 0x1EE8, 98 }, // U+1EE8
    { 0x1EE9, 99 }, // U+1EE9
    { 0x1EEA, 98 }, // U+1EEA
    { 0x1EEB, 99 }, // U+1EEB
    { 0x1EEC, 98 }, // U+1EEC
    { 0x1EED, 99 }, // U+1EED
    { 0x1EEE, 98 }, // U+1EEE
    { 0x1EEF, 99 }, // U+1EEF
    { 0x1EF0, 98 }, // U+1EF0
    { 0x1EF1, 99 }, // U+1EF1
    { 0x1EF2, 46 }, // U+1EF2
    { 0x1EF3, 66 }, // U+1EF3
    { 0x1EF4, 46 }, // U+1EF4
    { 0x1EF5, 66 }, // U+1EF5
    { 0x1EF6, 46 }, // U+1EF6
    { 0x1EF7, 66 }, // U+1EF7
    { 0x1EF8, 46 }, // U+1EF8
    { 0x1EF9, 66 }, // U+1EF9
    { 0x2012, 78 }, // U+2012
    { 0x2013, 78 }, // U+2013
    { 0x2014, 78 }, // U+2014
    { 0x2015, 78 }, // U+2015
    { 0x2018, 147 }, // U+2018
    { 0x2019, 148 }, // U+2019
    { 0x201A, 149 }, // U+201A
    { 0x201C, 147 }, // U+201C
    { 0x201D, 148 }, // U+201D
    { 0x201E, 149 }, // U+201E
    { 0x2022, 150 }, // U+2022
    { 0x2026, 9 }, // U+2026
    { 0x2039, 77 }, // U+2039
    { 0x203A, 82 }, // U+203A
    { 0x2071, 76 }, // U+2071
    { 0x207F, 76 }, // U+207F
    { 0x20B9, 151 }, // U+20B9
    { 0x20BA, 152 }, // U+20BA
    { 0x2206, 153 }, // U+2206
    { 0x2212, 8 }, // U+2212
    { 0x2219, 81 }, // U+2219
    { 0x221A, 154 }, // U+221A
    { 0x2248, 22 }, // U+2248
    { 0x2260, 22 }, // U+2260
    { 0x2264, 155 }, // U+2264
    { 0x2265, 156 }, // U+2265
    { 0xFB00, 55 }, // U+FB00
    { 0xFB01, 58 }, // U+FB01
    { 0xFB02, 53 }, // U+FB02
    { 0xFB03, 58 }, // U+FB03
    { 0xFB04, 53 }, // U+FB04
};

static const EpdKernClassEntry sourceserif4_12_boldKernRightClasses[] = {
    { 0x0021, 1 }, // !
    { 0x0022, 2 }, // "
    { 0x0023, 3 }, // #
    { 0x0024, 4 }, // $
    { 0x0025, 5 }, // %
    { 0x0026, 6 }, // &
    { 0x0027, 2 }, // '
    { 0x0028, 7 }, // (
    { 0x0029, 8 }, // )
    { 0x002A, 9 }, // *
    { 0x002B, 10 }, // +
    { 0x002C, 11 }, // ,
    { 0x002E, 11 }, // .
    { 0x002F, 12 }, // /
    { 0x0030, 13 }, // 0
    { 0x0031, 14 }, // 1
    { 0x0032, 15 }, // 2
    { 0x0033, 16 }, // 3
    { 0x0034, 17 }, // 4
    { 0x0035, 18 }, // 5
    { 0x0036, 19 }, // 6
    { 0x0037, 20 }, // 7
    { 0x0038, 21 }, // 8
    { 0x0039, 22 }, // 9
    { 0x003A, 23 }, // :
    { 0x003B, 23 }, // ;
    { 0x003C, 10 }, // <
    { 0x003D, 24 }, // =
    { 0x003E, 25 }, // >
    { 0x003F, 26 }, // ?
    { 0x0040, 27 }, // @
    { 0x0041, 28 }, // A
    { 0x0042, 29 }, // B
    { 0x0043, 30 }, // C
    { 0x0044, 29 }, // D
    { 0x0045, 29 }, // E
    { 0x0046, 29 }, // F
    { 0x0047, 30 }, // G
    { 0x0048, 29 }, // H
    { 0x0049, 29 }, // I
    { 0x004A, 31 }, // J
    { 0x004B, 29 }, // K
    { 0x004C, 29 }, // L
    { 0x004D, 32 }, // M
    { 0x004E, 32 }, // N
    { 0x004F, 30 }, // O
    { 0x0050, 29 }, // P
    { 0x0051, 30 }, // Q
    { 0x0052, 29 }, // R
    { 0x0053, 33 }, // S
    { 0x0054, 34 }, // T
    { 0x0055, 35 }, // U
    { 0x0056, 36 }, // V
    { 0x0057, 37 }, // W
    { 0x0058, 38 }, // X
    { 0x0059, 39 }, // Y
    { 0x005A, 40 }, // Z
    { 0x005B, 7 }, // [
    { 0x005C, 41 }, // <backslash>
    { 0x005D, 8 }, // ]
    { 0x005F, 42 }, // _
    { 0x0061, 43 }, // a
    { 0x0062, 44 }, // b
    { 0x0063, 45 }, // c
    { 0x0064, 45 }, // d
    { 0x0065, 45 }, // e
    { 0x0066, 46 }, // f
    { 0x0067, 47 }, // g
    { 0x0068, 44 }, // h
    { 0x0069, 48 }, // i
    { 0x006A, 49 }, // j
    { 0x006B, 44 }, // k
    { 0x006C, 44 }, // l
    { 0x006D, 50 }, // m
    { 0x006E, 50 }, // n
    { 0x006F, 45 }, // o
    { 0x0070, 51 }, // p
    { 0x0071, 45 }, // q
    { 0x0072, 50 }, // r
    { 0x0073, 52 }, // s
    { 0x0074, 53 }, // t
    { 0x0075, 54 }, // u
    { 0x0076, 55 }, // v
    { 0x0077, 55 }, // w
    { 0x0078, 56 }, // x
    { 0x0079, 57 }, // y
    { 0x007A, 58 }, // z
    { 0x007B, 7 }, // {
    { 0x007C, 59 }, // |
    { 0x007D, 8 }, // }
    { 0x007E, 10 }, // ~
    { 0x00A0, 60 }, // U+00A0
    { 0x00A1, 61 }, // U+00A1
    { 0x00A2, 62 }, // U+00A2
    { 0x00A3, 63 }, // U+00A3
    { 0x00A5, 64 }, // U+00A5
    { 0x00A6, 59 }, // U+00A6
    { 0x00A9, 65 }, // U+00A9
    { 0x00AA, 66 }, // U+00AA
    { 0x00AB, 67 }, // U+00AB
    { 0x00AC, 10 }, // U+00AC
    { 0x00AD, 68 }, // U+00AD
    { 0x00AE, 9 }, // U+00AE
    { 0x00B0, 69 }, // U+00B0
    { 0x00B1, 70 }, // U+00B1
    { 0x00B2, 71 }, // U+00B2
    { 0x00B3, 71 }, // U+00B3
    { 0x00B5, 72 }, // U+00B5
    { 0x00B7, 73 }, // U+00B7
    { 0x00B9, 71 }, // U+00B9
    { 0x00BA, 66 }, // U+00BA
    { 0x00BB, 74 }, // U+00BB
    { 0x00BC, 5 }, // U+00BC
    { 0x00BD, 5 }, // U+00BD
    { 0x00BE, 5 }, // U+00BE
    { 0x00BF, 75 }, // U+00BF
    { 0x00C0, 28 }, // U+00C0
    { 0x00C1, 28 }, // U+00C1
    { 0x00C2, 28 }, // U+00C2
    { 0x00C3, 28 }, // U+00C3
    { 0x00C4, 28 }, // U+00C4
    { 0x00C5, 28 }, // U+00C5
    { 0x00C6, 76 }, // U+00C6
    { 0x00C7, 30 }, // U+00C7
    { 0x00C8, 29 }, // U+00C8
    { 0x00C9, 29 }, // U+00C9
    { 0x00CA, 29 }, // U+00CA
    { 0x00CB, 29 }, // U+00CB
    { 0x00CC, 29 }, // U+00CC
    { 0x00CD, 29 }, // U+00CD
    { 0x00CE, 29 }, // U+00CE
    { 0x00CF, 29 }, // U+00CF
    { 0x00D0, 29 }, // U+00D0
    { 0x00D1, 32 }, // U+00D1
    { 0x00D2, 30 }, // U+00D2
    { 0x00D3, 30 }, // U+00D3
    { 0x00D4, 30 }, // U+00D4
    { 0x00D5, 30 }, // U+00D5
    { 0x00D6, 30 }, // U+00D6
    { 0x00D7, 25 }, // U+00D7
    { 0x00D8, 30 }, // U+00D8
    { 0x00D9, 35 }, // U+00D9
    { 0x00DA, 35 }, // U+00DA
    { 0x00DB, 35 }, // U+00DB
    { 0x00DC, 35 }, // U+00DC
    { 0x00DD, 39 }, // U+00DD
    { 0x00DE, 29 }, // U+00DE
    { 0x00DF, 46 }, // U+00DF
    { 0x00E0, 43 }, // U+00E0
    { 0x00E1, 43 }, // U+00E1
    { 0x00E2, 43 }, // U+00E2
    { 0x00E3, 77 }, // U+00E3
    { 0x00E4, 78 }, // U+00E4
    { 0x00E5, 43 }, // U+00E5
    { 0x00E6, 43 }, // U+00E6
    { 0x00E7, 45 }, // U+00E7
    { 0x00E8, 79 }, // U+00E8
    { 0x00E9, 45 }, // U+00E9
    { 0x00EA, 45 }, // U+00EA
    { 0x00EB, 80 }, // U+00EB
    { 0x00EC, 81 }, // U+00EC
    { 0x00ED, 48 }, // U+00ED
    { 0x00EE, 82 }, // U+00EE
    { 0x00EF, 83 }, // U+00EF
    { 0x00F0, 84 }, // U+00F0
    { 0x00F1, 50 }, // U+00F1
    { 0x00F2, 45 }, // U+00F2
    { 0x00F3, 45 }, // U+00F3
    { 0x00F4, 45 }, // U+00F4
    { 0x00F5, 45 }, // U+00F5
    { 0x00F6, 85 }, // U+00F6
    { 0x00F7, 10 }, // U+00F7
    { 0x00F8, 45 }, // U+00F8
    { 0x00F9, 54 }, // U+00F9
    { 0x00FA, 54 }, // U+00FA
    { 0x00FB, 54 }, // U+00FB
    { 0x00FC, 54 }, // U+00FC
    { 0x00FD, 57 }, // U+00FD
    { 0x00FE, 86 }, // U+00FE
    { 0x00FF, 57 }, // U+00FF
    { 0x0100, 28 }, // U+0100
    { 0x0101, 43 }, // U+0101
    { 0x0102, 28 }, // U+0102
    { 0x0103, 87 }, // U+0103
    { 0x0104, 28 }, // U+0104
    { 0x0105, 43 }, // U+0105
    { 0x0106, 30 }, // U+0106
    { 0x0107, 45 }, // U+0107
    { 0x0108, 30 }, // U+0108
    { 0x0109, 45 }, // U+0109
    { 0x010A, 30 }, // U+010A
    { 0x010B, 45 }, // U+010B
    { 0x010C, 30 }, // U+010C
    { 0x010D, 45 }, // U+010D
    { 0x010E, 29 }, // U+010E
    { 0x010F, 45 }, // U+010F
    { 0x0110, 29 }, // U+0110
    { 0x0111, 45 }, // U+0111
    { 0x0112, 29 }, // U+0112
    { 0x0113, 45 }, // U+0113
    { 0x0114, 29 }, // U+0114
    { 0x0115, 45 }, // U+0115
    { 0x0116, 29 }, // U+0116
    { 0x0117, 45 }, // U+0117
    { 0x0118, 29 }, // U+0118
    { 0x0119, 45 }, // U+0119
    { 0x011A, 29 }, // U+011A
    { 0x011B, 45 }, // U+011B
    { 0x011C, 30 }, // U+011C
    { 0x011D, 47 }, // U+011D
    { 0x011E, 30 }, // U+011E
    { 0x011F, 47 }, // U+011F
    { 0x0120, 30 }, // U+0120
    { 0x0121, 47 }, // U+0121
    { 0x0122, 30 }, // U+0122
    { 0x0123, 47 }, // U+0123
    { 0x0124, 29 }, // U+0124
    { 0x0125, 44 }, // U+0125
    { 0x0126, 29 }, // U+0126
    { 0x0127, 88 }, // U+0127
    { 0x0128, 29 }, // U+0128
    { 0x0129, 89 }, // U+0129
    { 0x012A, 29 }, // U+012A
    { 0x012B, 90 }, // U+012B
    { 0x012E, 29 }, // U+012E
    { 0x012F, 48 }, // U+012F
    { 0x0130, 29 }, // U+0130
    { 0x0131, 50 }, // U+0131
    { 0x0134, 31 }, // U+0134
    { 0x0135, 49 }, // U+0135
    { 0x0136, 29 }, // U+0136
    { 0x0137, 44 }, // U+0137
    { 0x0138, 50 }, // U+0138
    { 0x0139, 29 }, // U+0139
    { 0x013A, 44 }, // U+013A
    { 0x013B, 29 }, // U+013B
    { 0x013C, 44 }, // U+013C
    { 0x013D, 29 }, // U+013D
    { 0x013E, 44 }, // U+013E
    { 0x013F, 29 }, // U+013F
    { 0x0140, 44 }, // U+0140
    { 0x0141, 29 }, // U+0141
    { 0x0142, 44 }, // U+0142
    { 0x0143, 32 }, // U+0143
    { 0x0144, 50 }, // U+0144
    { 0x0145, 32 }, // U+0145
    { 0x0146, 50 }, // U+0146
    { 0x0147, 32 }, // U+0147
    { 0x0148, 50 }, // U+0148
    { 0x014A, 32 }, // U+014A
    { 0x014B, 50 }, // U+014B
    { 0x014C, 30 }, // U+014C
    { 0x014D, 45 }, // U+014D
    { 0x014E, 30 }, // U+014E
    { 0x014F, 45 }, // U+014F
    { 0x0150, 30 }, // U+0150
    { 0x0151, 45 }, // U+0151
    { 0x0152, 30 }, // U+0152
    { 0x0153, 45 }, // U+0153
    { 0x0154, 29 }, // U+0154
    { 0x0155, 50 }, // U+0155
    { 0x0156, 29 }, // U+0156
    { 0x0157, 50 }, // U+0157
    { 0x0158, 29 }, // U+0158
    { 0x0159, 50 }, // U+0159
    { 0x015A, 33 }, // U+015A
    { 0x015B, 52 }, // U+015B
    { 0x015C, 33 }, // U+015C
    { 0x015D, 52 }, // U+015D
    { 0x015E, 33 }, // U+015E
    { 0x015F, 52 }, // U+015F
    { 0x0160, 33 }, // U+0160
    { 0x0161, 91 }, // U+0161
    { 0x0162, 34 }, // U+0162
    { 0x0163, 53 }, // U+0163
    { 0x0164, 34 }, // U+0164
    { 0x0165, 53 }, // U+0165
    { 0x0168, 35 }, // U+0168
    { 0x0169, 54 }, // U+0169
    { 0x016A, 35 }, // U+016A
    { 0x016B, 54 }, // U+016B
    { 0x016C, 35 }, // U+016C
    { 0x016D, 54 }, // U+016D
    { 0x016E, 35 }, // U+016E
    { 0x016F, 54 }, // U+016F
    { 0x0170, 35 }, // U+0170
    { 0x0171, 54 }, // U+0171
    { 0x0172, 35 }, // U+0172
    { 0x0173, 54 }, // U+0173
    { 0x0174, 37 }, // U+0174
    { 0x0175, 55 }, // U+0175
    { 0x0176, 39 }, // U+0176
    { 0x0177, 57 }, // U+0177
    { 0x0178, 39 }, // U+0178
    { 0x0179, 40 }, // U+0179
    { 0x017A, 58 }, // U+017A
    { 0x017B, 40 }, // U+017B
    { 0x017C, 58 }, // U+017C
    { 0x017D, 40 }, // U+017D
    { 0x017E, 58 }, // U+017E
    { 0x017F, 46 }, // U+017F
    { 0x01A0, 30 }, // U+01A0
    { 0x01A1, 45 }, // U+01A1
    { 0x01AF, 35 }, // U+01AF
    { 0x01B0, 54 }, // U+01B0
    { 0x01CD, 28 }, // U+01CD
    { 0x01CE, 43 }, // U+01CE
    { 0x01CF, 29 }, // U+01CF
    { 0x01D0, 90 }, // U+01D0
    { 0x01D1, 30 }, // U+01D1
    { 0x01D2, 45 }, // U+01D2
    { 0x01D3, 35 }, // U+01D3
    { 0x01D4, 54 }, // U+01D4
    { 0x01D5, 35 }, // U+01D5
    { 0x01D6, 54 }, // U+01D6
    { 0x01D7, 35 }, // U+01D7
    { 0x01D8, 54 }, // U+01D8
    { 0x01D9, 35 }, // U+01D9
    { 0x01DA, 54 }, // U+01DA
    { 0x01DB, 35 }, // U+01DB
    { 0x01DC, 54 }, // U+01DC
    { 0x01E6, 30 }, // U+01E6
    { 0x01E7, 47 }, // U+01E7
    { 0x01F8, 32 }, // U+01F8
    { 0x01F9, 50 }, // U+01F9
    { 0x0218, 33 }, // U+0218
    { 0x0219, 52 }, // U+0219
    { 0x021A, 34 }, // U+021A
    { 0x021B, 53 }, // U+021B
    { 0x0400, 92 }, // U+0400
    { 0x0401, 92 }, // U+0401
    { 0x0402, 93 }, // U+0402
    { 0x0403, 92 }, // U+0403
    { 0x0404, 94 }, // U+0404
    { 0x0405, 95 }, // U+0405
    { 0x0406, 92 }, // U+0406
    { 0x0407, 92 }, // U+0407
    { 0x0408, 96 }, // U+0408
    { 0x0409, 97 }, // U+0409
    { 0x040A, 92 }, // U+040A
    { 0x040B, 93 }, // U+040B
    { 0x040C, 92 }, // U+040C
    { 0x040D, 92 }, // U+040D
    { 0x040E, 98 }, // U+040E
    { 0x040F, 92 }, // U+040F
    { 0x0410, 99 }, // U+0410
    { 0x0411, 92 }, // U+0411
    { 0x0412, 92 }, // U+0412
    { 0x0413, 92 }, // U+0413
    { 0x0414, 100 }, // U+0414
    { 0x0415, 92 }, // U+0415
    { 0x0416, 101 }, // U+0416
    { 0x0417, 102 }, // U+0417
    { 0x0418, 92 }, // U+0418
    { 0x0419, 92 }, // U+0419
    { 0x041A, 92 }, // U+041A
    { 0x041B, 97 }, // U+041B
    { 0x041C, 103 }, // U+041C
    { 0x041D, 92 }, // U+041D
    { 0x041E, 94 }, // U+041E
    { 0x041F, 92 }, // U+041F
    { 0x0420, 92 }, // U+0420
    { 0x0421, 94 }, // U+0421
    { 0x0422, 93 }, // U+0422
    { 0x0423, 98 }, // U+0423
    { 0x0424, 104 }, // U+0424
    { 0x0425, 101 }, // U+0425
    { 0x0426, 92 }, // U+0426
    { 0x0427, 105 }, // U+0427
    { 0x0428, 92 }, // U+0428
    { 0x0429, 92 }, // U+0429
    { 0x042A, 93 }, // U+042A
    { 0x042B, 92 }, // U+042B
    { 0x042C, 92 }, // U+042C
    { 0x042D, 102 }, // U+042D
    { 0x042E, 92 }, // U+042E
    { 0x042F, 106 }, // U+042F
    { 0x0430, 107 }, // U+0430
    { 0x0431, 108 }, // U+0431
    { 0x0432, 109 }, // U+0432
    { 0x0433, 109 }, // U+0433
    { 0x0434, 110 }, // U+0434
    { 0x0435, 111 }, // U+0435
    { 0x0436, 112 }, // U+0436
    { 0x0437, 113 }, // U+0437
    { 0x0438, 109 }, // U+0438
    { 0x0439, 109 }, // U+0439
    { 0x043A, 109 }, // U+043A
    { 0x043B, 114 }, // U+043B
    { 0x043C, 109 }, // U+043C
    { 0x043D, 109 }, // U+043D
    { 0x043E, 111 }, // U+043E
    { 0x043F, 109 }, // U+043F
    { 0x0440, 115 }, // U+0440
    { 0x0441, 111 }, // U+0441
    { 0x0442, 116 }, // U+0442
    { 0x0443, 117 }, // U+0443
    { 0x0444, 111 }, // U+0444
    { 0x0445, 112 }, // U+0445
    { 0x0446, 109 }, // U+0446
    { 0x0447, 118 }, // U+0447
    { 0x0448, 109 }, // U+0448
    { 0x0449, 109 }, // U+0449
    { 0x044A, 116 }, // U+044A
    { 0x044B, 109 }, // U+044B
    { 0x044C, 109 }, // U+044C
    { 0x044D, 113 }, // U+044D
    { 0x044E, 109 }, // U+044E
    { 0x044F, 119 }, // U+044F
    { 0x0450, 120 }, // U+0450
    { 0x0451, 120 }, // U+0451
    { 0x0452, 121 }, // U+0452
    { 0x0453, 109 }, // U+0453
    { 0x0454, 111 }, // U+0454
    { 0x0455, 122 }, // U+0455
    { 0x0456, 123 }, // U+0456
    { 0x0457, 124 }, // U+0457
    { 0x0458, 125 }, // U+0458
    { 0x0459, 114 }, // U+0459
    { 0x045A, 109 }, // U+045A
    { 0x045B, 121 }, // U+045B
    { 0x045C, 109 }, // U+045C
    { 0x045D, 109 }, // U+045D
    { 0x045E, 117 }, // U+045E
    { 0x045F, 109 }, // U+045F
    { 0x0462, 126 }, // U+0462
    { 0x0463, 127 }, // U+0463
    { 0x0472, 94 }, // U+0472
    { 0x0473, 111 }, // U+0473
    { 0x0474, 128 }, // U+0474
    { 0x0475, 129 }, // U+0475
    { 0x0490, 92 }, // U+0490
    { 0x0491, 109 }, // U+0491
    { 0x0492, 92 }, // U+0492
    { 0x0493, 109 }, // U+0493
    { 0x0496, 101 }, // U+0496
    { 0x0497, 112 }, // U+0497
    { 0x0498, 102 }, // U+0498
    { 0x0499, 113 }, // U+0499
    { 0x049A, 92 }, // U+049A
    { 0x049B, 109 }, // U+049B
    { 0x04A0, 93 }, // U+04A0
    { 0x04A1, 116 }, // U+04A1
    { 0x04A2, 92 }, // U+04A2
    { 0x04A3, 109 }, // U+04A3
    { 0x04AA, 94 }, // U+04AA
    { 0x04AB, 111 }, // U+04AB
    { 0x04AE, 130 }, // U+04AE
    { 0x04AF, 129 }, // U+04AF
    { 0x04B0, 130 }, // U+04B0
    { 0x04B1, 129 }, // U+04B1
    { 0x04B2, 101 }, // U+04B2
    { 0x04B3, 112 }, // U+04B3
    { 0x04B6, 105 }, // U+04B6
    { 0x04B7, 118 }, // U+04B7
    { 0x04BA, 92 }, // U+04BA
    { 0x04BB, 121 }, // U+04BB
    { 0x04C0, 92 }, // U+04C0
    { 0x04C1, 101 }, // U+04C1
    { 0x04C2, 112 }, // U+04C2
    { 0x04CF, 121 }, // U+04CF
    { 0x04D0, 99 }, // U+04D0
    { 0x04D1, 131 }, // U+04D1
    { 0x04D4, 132 }, // U+04D4
    { 0x04D5, 107 }, // U+04D5
    { 0x04D6, 92 }, // U+04D6
    { 0x04D7, 111 }, // U+04D7
    { 0x04D8, 94 }, // U+04D8
    { 0x04D9, 111 }, // U+04D9
    { 0x04E2, 92 }, // U+04E2
    { 0x04E3, 109 }, // U+04E3
    { 0x04E6, 94 }, // U+04E6
    { 0x04E7, 120 }, // U+04E7
    { 0x04E8, 94 }, // U+04E8
    { 0x04E9, 111 }, // U+04E9
    { 0x04EE, 98 }, // U+04EE
    { 0x04EF, 117 }, // U+04EF
    { 0x04F2, 98 }, // U+04F2
    { 0x04F3, 117 }, // U+04F3
    { 0x1EA0, 28 }, // U+1EA0
    { 0x1EA1, 43 }, // U+1EA1
    { 0x1EA2, 28 }, // U+1EA2
    { 0x1EA3, 43 }, // U+1EA3
    { 0x1EA4, 28 }, // U+1EA4
    { 0x1EA5, 43 }, // U+1EA5
    { 0x1EA6, 28 }, // U+1EA6
    { 0x1EA7, 43 }, // U+1EA7
    { 0x1EA8, 28 }, // U+1EA8
    { 0x1EA9, 43 }, // U+1EA9
    { 0x1EAA, 28 }, // U+1EAA
    { 0x1EAB, 43 }, // U+1EAB
    { 0x1EAC, 28 }, // U+1EAC
    { 0x1EAD, 43 }, // U+1EAD
    { 0x1EAE, 28 }, // U+1EAE
    { 0x1EAF, 43 }, // U+1EAF
    { 0x1EB0, 28 }, // U+1EB0
    { 0x1EB1, 43 }, // U+1EB1
    { 0x1EB2, 28 }, // U+1EB2
    { 0x1EB3, 43 }, // U+1EB3
    { 0x1EB4, 28 }, // U+1EB4
    { 0x1EB5, 43 }, // U+1EB5
    { 0x1EB6, 28 }, // U+1EB6
    { 0x1EB7, 43 }, // U+1EB7
    { 0x1EB8, 29 }, // U+1EB8
    { 0x1EB9, 45 }, // U+1EB9
    { 0x1EBA, 29 }, // U+1EBA
    { 0x1EBB, 45 }, // U+1EBB
    { 0x1EBC, 29 }, // U+1EBC
    { 0x1EBD, 45 }, // U+1EBD
    { 0x1EBE, 29 }, // U+1EBE
    { 0x1EBF, 45 }, // U+1EBF
    { 0x1EC0, 29 }, // U+1EC0
    { 0x1EC1, 45 }, // U+1EC1
    { 0x1EC2, 29 }, // U+1EC2
    { 0x1EC3, 45 }, // U+1EC3
    { 0x1EC4, 29 }, // U+1EC4
    { 0x1EC5, 45 }, // U+1EC5
    { 0x1EC6, 29 }, // U+1EC6
    { 0x1EC7, 45 }, // U+1EC7
    { 0x1EC8, 29 }, // U+1EC8
    { 0x1EC9, 48 }, // U+1EC9
    { 0x1ECA, 29 }, // U+1ECA
    { 0x1ECB, 48 }, // U+1ECB
    { 0x1ECC, 30 }, // U+1ECC
    { 0x1ECD, 45 }, // U+1ECD
    { 0x1ECE, 30 }, // U+1ECE
    { 0x1ECF, 45 }, // U+1ECF
    { 0x1ED0, 30 }, // U+1ED0
    { 0x1ED1, 45 }, // U+1ED1
    { 0x1ED2, 30 }, // U+1ED2
    { 0x1ED3, 45 }, // U+1ED3
    { 0x1ED4, 30 }, // U+1ED4
    { 0x1ED5, 45 }, // U+1ED5
    { 0x1ED6, 30 }, // U+1ED6
    { 0x1ED7, 45 }, // U+1ED7
    { 0x1ED8, 30 }, // U+1ED8
    { 0x1ED9, 45 }, // U+1ED9
    { 0x1EDA, 30 }, // U+1EDA
    { 0x1EDB, 45 }, // U+1EDB
    { 0x1EDC, 30 }, // U+1EDC
    { 0x1EDD, 45 }, // U+1EDD
    { 0x1EDE, 30 }, // U+1EDE
    { 0x1EDF, 45 }, // U+1EDF
    { 0x1EE0, 30 }, // U+1EE0
    { 0x1EE1, 45 }, // U+1EE1
    { 0x1EE2, 30 }, // U+1EE2
    { 0x1EE3, 45 }, // U+1EE3
    { 0x1EE4, 35 }, // U+1EE4
    { 0x1EE5, 54 }, // U+1EE5
    { 0x1EE6, 35 }, // U+1EE6
    { 0x1EE7, 54 }, // U+1EE7
    { 0x1EE8, 35 }, // U+1EE8
    { 0x1EE9, 54 }, // U+1EE9
    { 0x1EEA, 35 }, // U+1EEA
    { 0x1EEB, 54 }, // U+1EEB
    { 0x1EEC, 35 }, // U+1EEC
    { 0x1EED, 54 }, // U+1EED
    { 0x1EEE, 35 }, // U+1EEE
    { 0x1EEF, 54 }, // U+1EEF
    { 0x1EF0, 35 }, // U+1EF0
    { 0x1EF1, 54 }, // U+1EF1
    { 0x1EF2, 39 }, // U+1EF2
    { 0x1EF3, 57 }, // U+1EF3
    { 0x1EF4, 39 }, // U+1EF4
    { 0x1EF5, 57 }, // U+1EF5
    { 0x1EF6, 39 }, // U+1EF6
    { 0x1EF7, 57 }, // U+1EF7
    { 0x1EF8, 39 }, // U+1EF8
    { 0x1EF9, 57 }, // U+1EF9
    { 0x2012, 68 }, // U+2012
    { 0x2013, 68 }, // U+2013
    { 0x2014, 68 }, // U+2014
    { 0x2015, 68 }, // U+2015
    { 0x2018, 133 }, // U+2018
    { 0x2019, 134 }, // U+2019
    { 0x201A, 135 }, // U+201A
    { 0x201C, 133 }, // U+201C
    { 0x201D, 134 }, // U+201D
    { 0x201E, 135 }, // U+201E
    { 0x2022, 136 }, // U+2022
    { 0x2026, 11 }, // U+2026
    { 0x2030, 5 }, // U+2030
    { 0x2032, 2 }, // U+2032
    { 0x2033, 137 }, // U+2033
    { 0x2039, 67 }, // U+2039
    { 0x203A, 74 }, // U+203A
    { 0x2070, 71 }, // U+2070
    { 0x2071, 138 }, // U+2071
    { 0x2074, 71 }, // U+2074
    { 0x2075, 71 }, // U+2075
    { 0x2076, 71 }, // U+2076
    { 0x2077, 71 }, // U+2077
    { 0x2078, 71 }, // U+2078
    { 0x2079, 71 }, // U+2079
    { 0x207D, 139 }, // U+207D
    { 0x207E, 139 }, // U+207E
    { 0x207F, 138 }, // U+207F
    { 0x2080, 140 }, // U+2080
    { 0x2081, 140 }, // U+2081
    { 0x2082, 140 }, // U+2082
    { 0x2083, 140 }, // U+2083
    { 0x2084, 140 }, // U+2084
    { 0x2085, 140 }, // U+2085
    { 0x2086, 140 }, // U+2086
    { 0x2087, 140 }, // U+2087
    { 0x2088, 140 }, // U+2088
    { 0x2089, 140 }, // U+2089
    { 0x20AC, 141 }, // U+20AC
    { 0x20B9, 142 }, // U+20B9
    { 0x20BA, 143 }, // U+20BA
    { 0x2206, 144 }, // U+2206
    { 0x2212, 10 }, // U+2212
    { 0x2219, 73 }, // U+2219
    { 0x2248, 24 }, // U+2248
    { 0x2260, 24 }, // U+2260
    { 0x2264, 145 }, // U+2264
    { 0x2265, 146 }, // U+2265
    { 0xFB00, 46 }, // U+FB00
    { 0xFB01, 46 }, // U+FB01
    { 0xFB02, 46 }, // U+FB02
    { 0xFB03, 46 }, // U+FB03
    { 0xFB04, 46 }, // U+FB04
};

static const int8_t sourceserif4_12_boldKernMatrix[] = {
       0,    0,    0,    0,    0,    0,   -8,    0,    0,    0,  -52,  -32,    0,    0,    0,    0,  -24,   -8,   -3,    0,    0,    0,    0,    0,    0,    0,    0,  -44,    0,   -6,   -4,    0,   -7,    6,   -5,    0,    0,   -3,    0,    0,    0,    0,  -18,    0,  -19,  -11,  -17,   -2,    0,   -7,  -11,  -18,   -6,   -6,    0,   -6,    0,   -7,    0,    0,    0,    0,    0,    0,    0,    0,  -14,    0,    0,    0,    0,    0,    0,    0,  -48,  -47,  -18,  -18,  -19,  -19,   -2,    9,    9,  -19,  -19,    2,  -18,    0,    9,    9,  -18,    0,    6,   -6,   -7,   -4,  -41,    0,  -44,  -41,   -3,    0,    0,   -6,    0,  -21,  -18,   -6,   -7,  -34,  -19,   -6,   -6,  -40,  -11,    0,    0,    0,  -20,  -19,    0,  -18,   -2,    9,    0,    0,   -3,    0,    0,    0,  -18,  -47,    0,    0,    0,    0,    0,    0,    0,    0,    0,    0,    0,  -44,    0,    0,
       0,    0,    0,    0,    0,    0,    0,    0,    0,    0,    0,   -4,    0,   -2,    0,    0,   -2,    0,    0,    0,    0,    3,    0,    0,    0,    0,    0,  -16,    0,    7,    0,    0,    6,    0,    0,   -2,   -2,   -6,   -6,    0,    0,    0,    0,    0,    0,    0,   -1,    0,    0,    0,    0,    0,    1,    0,    8,    0,    8,    0,    0,    0,    0,    0,    0,    0,    0,    0,    0,    0,    0,    0,    0,    0,    0,    0,    0,  -22,    0,    0,    0,    0,    0,    0,    0,    0,    0,    0,    0,    0,    0,    0,    0,    0,    0,    7,    6,    0,    0,    0,  -16,    0,   -6,    0,    0,    0,    0,    0,    0,    0,    0,    0,    0,    0,    0,    0,    0,    0,    8,    0,    0,    0,    0,    0,    0,    0,    0,    0,    0,   -2,    8,   -6,    0,  -22,    0,    0,    0,    0,    0,    0,    0,    0,    0,    0,    0,  -16,    0,    0,
       0,    0,    0,    0,    0,    0,    0,    0,    0,    0,    0,    0,    0,   -1,   -6,    0,    0,    0,    0,  -10,    0,   -4,    0,    0,    0,    0,    0,    0,    0,    0,    0,    0,    0,    0,    0,    0,    0,    0,    0,    0,    0,    0,    0,    0,    0,    0,    0,    0,    0,    0,    0,    0,    0,    0,    0,    0,    0,    0,    0,    0,    0,    0,    0,    0,    0,    0,    0,    0,    0,    0,    0,    0,    0,    0,    0,    0,    0,    0,    0,    0,    0,    0,    0,    0,    0,    0,    0,    0,    0,    0,    0,    0,    0,    0,    0,    0,    0,    0,    0,    0,    0,    0,    0,    0,    0,    0,    0,    0,    0,    0,    0,    0,    0,    0,    0,    0,    0,    0,    0,    0,    0,    0,    0,    0,    0,    0,    0,    0,    0,    0,    0,    0,    0,    0,    0,    0,    0,    0,    0,    0,    0,    0,    0,    0,    0,    0,
       0,    0,    0,    0,    0,    0,    0,  -17,    0,    0,   -1,    0,    0,    0,    0,    0,   -3,   -1,   -2,  -11,    0,    0,    0,    0,    0,    0,    0,    0,    0,    0,   -7,    0,    0,  -24,  -15,  -30,  -28,    0,  -29,    0,    0,    0,    0,    0,   -4,    0,    0,    0,    0,    0,    0,    0,    0,    0,    0,    0,    0,    0,    0,    0,    0,    0,    0,    0,    0,    0,  -14,   -9,    0,    0,    0,    0,    0,    0,    0,    0,    0,    0,   -4,   -4,    0,    0,    0,   -4,   -4,    0,    0,    0,    0,    0,    0,    0,  -24,    0,    0,   -7,    0,    0,    0,    0,    0,    0,    0,    0,    0,    0,    0,    0,    0,    0,   -4,    0,    0,    0,    0,    0,    0,    0,    0,   -4,    0,    0,    0,    0,    0,    0,    0,  -30,    0,  -29,    0,    0,    0,    0,    0,    0,    0,    0,    0,    0,    0,    0,    0,    0,    0,    0,
       0,    0,   -2,    0,    0,  -14,  -29,    0,    0,    0,    0,    0,   -8,    0,  -11,  -11,  -18,  -11,   -8,    0,   -8,   -4,  -10,    0,    0,    0,    0,   -9,    0,   -8,   14,    0,   -7,    0,   -1,    0,    0,    0,   -3,    0,    0,    0,   -8,    0,  -12,   -6,    0,    0,   52,   -5,    0,   -8,   -4,   -8,   -8,   -7,    1,   -7,    0,    0,    0,    0,    0,    0,    0,    0,  -28,  -16,    0,    0,    0,    0,  -24,  -22,  -20,  -16,   -8,   -8,  -12,  -12,    0,    3,    3,  -12,  -12,    2,   -8,    0,    3,    3,   -8,    0,    0,   -8,   -7,   14,    0,    0,   -9,    0,    0,    0,    0,    0,    0,    0,   -8,    0,   -5,    0,  -12,   -7,    0,    0,    0,    0,    1,    0,    0,  -12,    0,   -8,    0,    3,   52,    0,    0,    0,   -8,   -3,   -8,  -16,   -2,    0,    0,  -22,    0,    0,    0,    0,    0,    0,    0,   -9,    0,    0,
       0,    0,    0,    0,    0,    0,    0,  -29,    0,    0,  -16,  -11,    0,    0,    0,    0,    0,    0,    0,    0,    0,    0,    0,    0,    0,    0,    0,    0,    0,    0,    0,    0,    0,    0,    0,    0,    0,    0,    0,    0,    0,    0,    0,    0,    0,    0,    0,    0,    0,    0,    0,    0,    0,    0,    0,    0,    0,    0,    0,    0,    0,    0,    0,    0,    0,    0,    0,    0,    0,    0,    0,    0,    0,    0,    0,    0,    0,    0,    0,    0,    0,    0,    0,    0,    0,    0,    0,    0,    0,    0,    0,    0,    0,    0,    0,    0,    0,    0,    0,    0,    0,    0,    0,    0,    0,    0,    0,    0,    0,    0,    0,    0,    0,    0,    0,    0,    0,    0,    0,    0,    0,    0,    0,    0,    0,    0,    0,    0,    0,    0,    0,    0,    0,    0,    0,    0,    0,    0,    0,    0,    0,    0,    0,    0,    0,    0,
       0,    0,    0,    0,    0,    0,    0,    0,    0,    0,  -40,    0,    0,    0,    0,    0,    0,    0,    0,    0,    0,    0,    0,    0,    0,    0,    0,  -54,    0,   -7,   -5,    0,    0,    5,    0,    0,    0,   -1,    0,    0,    0,    0,  -16,    0,  -17,   -8,  -19,    0,    0,   -1,   -1,  -11,    0,   -6,    0,   -7,    0,   -7,    0,    0,    0,    0,    0,    0,    0,    0,    0,    0,    0,    0,    0,    0,    0,    0,    0,  -68,  -16,  -16,  -17,  -17,    0,    2,    2,  -17,  -17,    0,  -16,    0,    2,    2,  -11,    0,    5,   -7,    0,   -5,    0,    0,  -54,    0,   -1,    0,    0,    0,    0,    0,  -16,    0,   -1,    0,  -17,   -7,    0,    0,   -1,    0,    0,    0,    0,  -17,    0,  -11,    0,    2,    0,    0,    0,    0,    0,    0,  -16,  -68,    0,    0,    0,    0,    0,    0,    0,    0,    0,    0,    0,  -54,    0,    0,
       0,    0,    0,    0,    0,    0,    0,    0,    0,    0,    0,    0,    0,  -10,  -10,  -21,    0,   -8,    0,  -24,   -3,   -1,    0,    0,    0,    0,    0,    0,    0,    0,    0,    0,    0,    0,    0,    0,    0,    0,    0,    0,    0,    0,    0,    0,    0,    0,    0,    0,    0,    0,    0,    0,    0,    0,    0,    0,    0,    0,    0,    0,    0,    0,    0,    0,    0,    0,    0,    0,    0,    0,    0,    0,    0,    0,    0,    0,    0,    0,    0,    0,    0,    0,    0,    0,    0,    0,    0,    0,    0,    0,    0,    0,    0,    0,    0,    0,    0,    0,    0,    0,    0,    0,    0,    0,    0,    0,    0,    0,    0,    0,    0,    0,    0,    0,    0,    0,    0,    0,    0,    0,    0,    0,    0,    0,    0,    0,    0,    0,    0,    0,    0,    0,    0,    0,    0,    0,    0,    0,    0,    0,    0,    0,    0,    0,    0,    0,
       0,  -32,    0,    0,    0,    0,    0,  -14,  -46,    0,  -10,    0,   -4,   -3,   -3,   -3,  -15,   -3,  -10,  -16,   -3,  -20,    0,    0,    0,    0,    0,    0,    0,  -15,    6,    0,    0,  -38,  -27,  -49,  -51,    0,  -37,    0,  -46,    0,   -6,   -3,   -9,   -6,   -2,    0,   16,    0,  -12,   -2,  -13,  -16,  -33,    0,  -16,   -2,    0,    0,    0,    0,    0,    0,    0,  -50,  -12,  -10,    0,    0,    0,    0,    0,    0,    0,    0,   -6,   -6,   -9,   -9,    0,    0,    0,   -9,   -9,  -11,   -6,   -3,    0,    0,   -2,    0,  -38,  -15,    0,    6,    0,    0,    0,    0,    0,    0,    0,    0,    0,    0,   -6,    0,    0,    0,   -9,    0,    0,    0,  -12,   -6,  -16,  -20,    0,   -9,   -3,   -2,    0,    0,   16,    0,    0,  -53,  -33,  -37,   -6,    0,  -37,  -40,    0,    0,  -32,  -50,    0,    0,    0,    0,    0,    0,    0,    0,
       0,    0,   -8,    0,    0,  -21,  -21,    0,    0,    0,  -50,  -49,    0,    0,   -6,   -6,  -20,   -8,  -12,    2,   -1,   -1,  -14,    0,    0,    0,  -20,  -34,    0,    0,    0,    0,    0,    0,    0,    1,    1,    0,    0,    0,    0,    0,  -21,    0,  -15,   -3,  -18,    0,    0,  -11,   -8,  -14,    0,  -10,    0,  -10,    0,  -14,    0,    0,  -16,    0,    0,    0,    0,    0,  -28,  -24,    0,    0,    0,    0,  -18,  -20,  -48,  -34,  -21,  -21,  -15,  -15,    0,    9,    9,  -15,  -15,    1,  -21,    0,    9,    9,  -14,    0,    0,    0,    0,    0,    0,    0,  -34,    0,    0,    0,    0,    0,    0,    0,  -21,    0,  -11,    0,  -15,  -10,    0,    0,   -8,    0,    0,    0,    0,  -15,    0,  -14,    0,    9,    0,    0,    0,    1,    0,    0,  -21,  -34,    0,    0,  -32,    0,    0,    0,    0,    0,    0,    0,    0,  -34,    0,    0,
       0,    0,    0,    0,    0,    0,    0,   -8,    0,    0,   -6,   -6,    0,    0,   -6,   -3,    0,   -4,    0,   -8,    0,    0,    0,    0,    0,    0,    0,  -11,   -4,    3,   -3,   -3,    0,   -3,   -6,  -11,  -11,  -10,  -15,    0,    0,  -16,    0,   -3,    4,    0,    0,    2,    5,    2,    0,    0,    1,    0,    1,    0,    1,    0,    0,    0,    0,    0,    0,    0,    0,    0,    0,    0,    0,    0,    0,    0,    3,    0,    0,  -14,    0,    0,    4,    4,    2,    5,    5,    4,    4,   -3,    0,   -3,    5,    5,    0,   -4,   -3,    3,    0,   -3,    0,    0,  -11,    0,  -10,    0,   -3,    0,    0,    0,    0,    0,    2,    0,    4,    0,    0,    0,    0,    0,    1,    0,    0,    4,   -3,    0,    2,    5,    5,    0,    0,  -11,    4,  -15,    0,  -14,    0,    2,   -6,    6,    0,    0,    0,   -8,    0,    0,    0,  -11,    0,    0,
       0,  -10,    0,   -2,   -4,    0,    0,    0,   -6,   -6,    3,    0,    0,    3,   -2,   -3,   -8,   -4,   -4,   -8,   -4,   -5,   -2,   -6,  -10,    0,    0,    3,    0,   -4,   -3,    3,    0,   -8,  -12,  -16,  -16,    6,  -13,    6,    0,    0,   -1,    0,   -5,    0,    3,    0,    0,    0,   -8,    0,   -4,   -5,   -9,    3,   -9,    3,    0,    0,    0,   -8,    0,   -1,    0,   -4,   -9,   -7,   -7,    0,  -12,    0,  -16,    0,    0,    6,   -1,   -1,   -5,   -5,    0,    0,    0,   -5,   -5,   -3,   -1,    0,    0,    0,    0,    0,   -8,   -4,    0,   -3,    6,    0,    3,    6,    6,    0,    3,    0,    0,    6,   -1,    0,    0,    0,   -5,    3,    0,    0,   -8,    0,   -9,    0,    6,   -5,    0,    0,    0,    0,    0,    0,    0,  -16,   -9,  -13,   -1,    6,  -12,   -4,    0,   -6,  -21,   -7,    0,    6,   -1,   -8,    0,    3,    0,    0,
       0,    0,    0,    0,   -1,    0,    0,   -6,    0,   -6,   -1,    0,   -4,    0,   -8,   -7,   -8,   -6,   -8,  -11,   -6,   -3,    0,    0,   -6,    0,   -3,    0,   -3,   -3,   -6,    0,   -3,   -6,  -14,  -14,  -14,    0,  -12,    0,   -3,    0,   -3,    0,   -7,    0,   -3,    0,    0,    0,  -11,    0,   -3,   -6,    0,    0,    0,    0,    0,    0,    0,    0,    0,    0,    0,    0,   -5,  -10,    0,    0,    0,    0,  -10,    0,    0,    0,   -3,   -3,   -7,   -7,    0,    0,    0,   -7,   -7,   -6,   -3,    0,    0,    0,    0,   -3,   -6,   -3,   -3,   -6,    0,    0,    0,    0,    0,    0,    0,    0,    0,    0,   -3,    0,    0,    0,   -7,    0,    0,    0,  -11,    0,    0,    0,    0,   -7,    0,    0,    0,    0,    0,    0,    0,  -14,    0,  -12,   -3,    0,    0,    0,    0,   -2,    0,    0,    0,    0,    0,    0,    0,    0,    0,    0,
       0,    0,    0,   -2,   -3,    0,    0,   -8,   -1,   -3,   -3,   -9,   -2,   -3,   -8,   -8,    0,   -5,   -3,  -15,   -7,   -6,    0,    0,   -2,    0,    0,   -8,   -4,   -3,   -8,   -6,   -3,   -8,  -13,  -17,  -17,  -10,  -16,   -3,   -2,   -9,    0,   -3,    0,   -1,   -1,    0,    0,    0,   -8,    0,   -3,   -4,   -1,   -6,   -1,    0,    0,    0,    0,   -1,   -3,    0,    0,   -1,    0,    0,   -3,    0,   -2,    0,   -3,    0,    0,  -12,    0,    0,    0,    0,    0,    0,    0,    0,    0,   -6,    0,   -3,    0,    0,    0,   -4,   -8,   -3,   -3,   -8,    0,    0,   -8,    0,  -10,    0,   -6,    0,    0,    0,    0,    0,    0,    0,    0,   -6,    0,    0,   -8,    0,   -1,    0,   -3,    0,   -3,    0,    0,    0,    0,    0,    0,  -17,   -4,  -16,    0,  -12,   -1,   -4,    0,   -1,    0,   -1,    0,   -6,    0,   -4,    0,   -8,    0,    0,
       0,   -5,   11,    0,    0,    8,   -4,   -4,   -6,    0,   -2,    0,   -2,    0,   -6,   -3,    1,    0,    0,  -17,   -3,   -8,    0,    2,   -6,    0,    2,   -6,   -3,    0,   -6,   -3,    0,  -11,   -8,  -18,  -18,   -6,  -18,    1,   -3,   -6,    0,    0,    4,    0,    0,    0,    0,    0,   -4,    3,    1,    0,   -7,   -3,   -6,    0,    0,    0,    0,    0,    0,    0,    0,   -6,    2,    2,   -8,    0,  -12,    0,    0,    0,    0,  -10,    0,    0,    4,    4,    0,    0,    0,    4,    4,   -3,    0,    0,    0,    0,    3,   -3,  -11,    0,    0,   -6,    0,    0,   -6,    0,   -6,    0,   -3,    0,    0,    0,    0,    0,    0,    0,    4,   -3,    0,    0,   -4,    0,   -6,    0,    0,    4,    0,    3,    0,    0,    0,    0,    0,  -18,   -7,  -18,    0,  -10,  -14,   -3,    0,    0,  -10,   -6,    0,    0,    3,   -6,    3,   -6,    0,    0,
       0,    0,    0,   -1,    0,    1,    0,    0,    0,    0,   -4,   -5,    0,    0,   -8,   -6,    0,   -4,   -1,  -13,   -4,   -8,    0,    0,   -4,    0,    0,   -8,    0,    0,   -6,    0,    0,    0,   -6,   -7,   -7,   -7,   -7,   -3,    0,  -15,    0,   -3,    0,   -1,    0,   -3,   -3,   -3,   -7,    0,   -3,   -3,   -7,   -6,   -7,    0,    0,    0,    0,    0,    0,    0,    0,    0,    0,    0,    0,    0,   -1,    0,   -1,    0,    0,  -10,    0,    0,    0,    0,   -3,   -3,   -3,    0,    0,   -3,    0,   -3,   -3,   -3,    0,    0,    0,    0,    0,   -6,    0,    0,   -8,    0,   -7,    0,    0,    0,    0,    0,    0,    0,   -3,    0,    0,   -6,    0,    0,   -7,    0,   -7,    0,    0,    0,   -3,    0,   -3,   -3,   -3,    0,    0,   -7,   -7,   -7,    0,  -10,    0,    0,    0,    0,    0,    0,    0,   -7,    0,   -6,    0,   -8,    0,    0,
       0,    0,    0,   -1,    0,    0,    0,    0,    0,    0,   -2,   -2,    0,   -1,   -7,   -3,    0,   -1,    0,  -17,    0,   -8,    0,    0,   -2,    0,    0,   -7,   -6,    0,  -10,    0,    0,  -11,  -10,  -13,  -13,   -8,  -10,    0,    0,   -6,    0,   -3,    3,    0,    0,    0,    0,    0,   -4,    0,   -3,   -3,  -10,   -6,  -10,    0,    0,    0,    0,    0,    0,    0,    0,   -1,    3,    0,   -2,    0,  -13,    0,   -2,    0,    0,  -11,    0,    0,    3,    3,    0,    0,    0,    3,    3,   -6,    0,   -3,    0,    0,    0,   -6,  -11,    0,    0,  -10,    0,    0,   -7,    0,   -8,    0,    0,    0,    0,    0,    0,    0,    0,    0,    3,   -6,    0,    0,   -4,    0,  -10,    0,    0,    3,   -3,    0,    0,    0,    0,    0,    0,  -13,  -10,  -10,    0,  -11,   -2,    0,    0,    0,    0,   -4,    0,   -1,    0,   -4,    0,   -7,    0,    0,
       0,    0,   -8,  -11,   -1,  -24,    0,   -6,    0,  -14,  -50,  -28,   -8,    0,  -14,  -17,  -32,  -25,  -19,   -8,  -12,   -8,  -11,   -6,  -11,    0,  -22,  -45,   -3,   -7,   -6,   -3,   -6,    0,   -1,    0,    0,   -3,    0,   -6,    2,  -52,  -18,    0,  -19,   -7,  -19,   -6,   -6,   -9,  -15,  -18,   -3,  -14,   -1,   -8,   -1,  -11,    0,    0,    0,  -12,  -11,   10,    0,    3,  -20,  -21,   11,  -11,    0,    0,  -14,   -8,    0,  -41,  -18,  -18,  -19,  -19,   -6,    2,    2,  -19,  -19,   -6,  -18,    0,    2,    2,  -18,   -3,    0,   -7,   -6,   -6,  -30,    0,  -45,  -30,   -3,    0,   -3,   -3,    0,  -14,  -18,    0,   -9,  -26,  -19,   -8,    0,  -26,  -15,    0,   -1,    0,  -25,  -19,    0,  -18,   -6,    2,   -6,    0,    0,    0,   -4,    0,  -18,  -41,    0,    5,    0,  -12,    0,    0,    0,  -46,   -9,   -6,    0,  -45,  -19,  -14,
       0,    0,    0,   -1,    0,    0,    0,   -8,    0,    0,  -24,  -19,    0,    0,   -6,   -7,   -6,  -12,   -2,  -11,   -5,    0,    0,    0,   -5,    0,    0,  -30,   -9,    3,  -14,   -7,    0,    0,   -9,  -13,  -13,  -15,  -14,    0,    0,  -31,   -4,   -4,    0,    0,   -1,    0,    0,    2,   -1,    0,    4,    0,    7,    0,    7,    0,    0,    0,    0,    0,    0,    0,    0,    3,    0,    0,    0,    0,    4,    0,   -1,    0,    0,  -30,   -4,   -4,    0,    0,    0,    0,    0,    0,    0,   -3,   -4,   -4,    0,    0,    0,   -9,    0,    3,    0,  -14,  -14,    0,  -30,  -14,  -15,    0,   -7,    3,    0,    0,   -4,    0,    2,   -8,    0,    0,    0,   -8,   -1,    0,    7,    0,    0,    0,   -4,    0,    0,    0,    0,    0,    0,  -13,    7,  -14,   -4,  -30,    0,    0,    0,    3,    0,    0,    0,  -24,    0,    0,    0,  -30,    0,    0,
       0,    0,    0,    0,    0,    0,    0,    0,    0,    0,    0,    0,    0,   -3,    0,    0,    0,    0,    0,   -8,    0,    0,    0,    0,    0,    0,    0,    0,    0,    0,    8,    0,    0,    0,   -7,  -12,  -12,   -1,  -14,    0,    0,    0,    0,    0,   -3,    0,    0,    0,    0,    0,   -3,    0,    0,    0,    0,    0,    0,    0,    0,    0,    0,    0,    0,    0,    0,    0,    0,    0,    0,    0,    0,    0,    0,    0,    0,    0,    0,    0,   -3,   -3,    0,    0,    0,   -3,   -3,   -6,    0,    0,    0,    0,    0,    0,    0,    0,    0,    8,    0,    0,    0,    0,   -1,    0,    0,    0,    0,    0,    0,    0,    0,    0,   -3,    0,    0,    0,   -3,    0,    0,    0,    0,   -3,    0,    0,    0,    0,    0,    0,    0,  -12,    0,  -14,    0,    0,    0,    0,    0,    0,    0,    0,    0,    0,    0,    0,    0,    0,    0,    0,
       0,    0,    0,    0,    0,    0,    0,    0,    0,    0,    0,    0,    0,   -2,   -5,   -4,    0,   -7,   -2,   -8,   -2,   -2,    0,    0,    0,    0,    0,    0,    0,    0,    0,    0,    0,    0,    0,    0,    0,    0,    0,    0,    0,    0,    0,    0,    0,    0,    0,    0,    0,    0,    0,    0,    0,    0,    0,    0,    0,    0,    0,    0,    0,    0,    0,    0,    0,    0,    0,    0,    0,    0,    0,    0,    0,    0,    0,    0,    0,    0,    0,    0,    0,    0,    0,    0,    0,    0,    0,    0,    0,    0,    0,    0,    0,    0,    0,    0,    0,    0,    0,    0,    0,    0,    0,    0,    0,    0,    0,    0,    0,    0,    0,    0,    0,    0,    0,    0,    0,    0,    0,    0,    0,    0,    0,    0,    0,    0,    0,    0,    0,    0,    0,    0,    0,    0,    0,    0,    0,    0,    0,    0,    0,    0,    0,    0,    0,    0,
       0,    0,    0,    0,    0,    0,    0,    0,    0,    0,    0,    0,    0,   -6,   -1,   -5,    1,    0,    0,  -12,    0,    0,    0,    0,    0,    0,    0,    0,    0,    0,    0,    0,    0,    0,    0,    0,    0,    0,    0,    0,    0,    0,    0,    0,    0,    0,    0,    0,    0,    0,    0,    0,    0,    0,    0,    0,    0,    0,    0,    0,    0,    0,    0,    0,    0,    0,    0,    0,    0,    0,    0,    0,    0,    0,    0,    0,    0,    0,    0,    0,    0,    0,    0,    0,    0,    0,    0,    0,    0,    0,    0,    0,    0,    0,    0,    0,    0,    0,    0,    0,    0,    0,    0,    0,    0,    0,    0,    0,    0,    0,    0,    0,    0,    0,    0,    0,    0,    0,    0,    0,    0,    0,    0,    0,    0,    0,    0,    0,    0,    0,    0,    0,    0,    0,    0,    0,    0,    0,    0,    0,    0,    0,    0,    0,    0,    0,
       0,    0,    0,    0,    0,    0,    0,  -25,    0,    0,  -39,  -29,    0,    0,    0,    0,    0,    0,    0,    0,    0,    0,    0,    0,    0,    0,    0,    0,    0,    0,    0,    0,    0,    0,    0,    0,    0,    0,    0,    0,    0,    0,    0,    0,    0,    0,    0,    0,    0,    0,    0,    0,    0,    0,    0,    0,    0,    0,    0,    0,    0,    0,    0,    0,    0,    0,  -18,    0,    0,    0,    0,    0,    0,   -8,    0,    0,    0,    0,    0,    0,    0,    0,    0,    0,    0,    0,    0,    0,    0,    0,    0,    0,    0,    0,    0,    0,    0,    0,    0,    0,    0,    0,    0,    0,    0,    0,    0,    0,    0,    0,    0,    0,    0,    0,    0,    0,    0,    0,    0,    0,    0,    0,    0,    0,    0,    0,    0,    0,    0,    0,    0,    0,    0,    0,    0,    0,    0,    0,    0,    0,    0,    0,    0,    0,    0,    0,
       0,    0,    0,    0,    0,    0,    0,    0,    0,    0,  -11,    0,    0,    0,    0,    0,    0,   -1,    0,   -6,    0,    0,    0,    0,    0,    0,    0,  -20,   -6,    6,  -10,   -8,    0,   -6,   -6,  -14,  -14,  -14,  -11,    0,    0,  -32,    0,   -4,    0,   -3,   -1,    0,    0,    0,   -4,    0,    0,    0,    0,   -3,    0,    0,    0,    0,    0,    0,    0,    0,    0,    0,    0,    0,    0,    0,    0,    0,    0,    0,    0,  -32,    0,    0,    0,    0,    0,    0,    0,    0,    0,   -6,    0,   -4,    0,    0,    0,   -6,   -6,    6,    0,  -10,    0,    0,  -20,    0,  -14,    0,   -8,    0,    0,    0,    0,    0,    0,    0,    0,   -3,    0,    0,   -4,    0,    0,    0,    0,    0,   -4,    0,    0,    0,    0,    0,    0,  -14,    0,  -11,    0,  -32,    0,    0,    0,    0,    0,    0,    0,    0,    0,    0,    0,  -20,    0,    0,
       0,  -35,    0,    0,    0,    0,    0,   -9,  -47,    0,    0,    0,  -10,    0,   -3,   -7,  -10,   -3,  -11,  -18,   -3,  -14,    0,    0,    0,   -3,    0,    1,   -1,  -10,   -8,   -1,    0,  -30,  -22,  -42,  -34,    0,  -36,    0,  -24,    0,   -4,    0,   -8,    0,   -3,   -3,   -7,    0,  -12,    0,  -11,  -14,  -24,    0,  -23,    0,    0,    0,    0,    0,    0,    0,  -10,  -44,  -15,   -9,    0,    0,  -56,    0,  -21,    0,    0,    0,   -4,   -4,   -8,   -8,   -3,   -3,   -3,   -8,   -8,  -11,   -4,    0,   -3,   -3,    0,    0,    0,    0,    0,    0,    0,    0,    0,    0,    0,    0,    0,    0,    0,    0,    0,    0,    0,    0,    0,    0,    0,    0,    0,    0,    0,    0,    0,    0,    0,    0,    0,    0,    0,    0,    0,    0,    0,    0,    0,    0,  -36,  -32,    0,  -21,  -35,  -40,    0,    0,    0,    0,    0,    0,    0,    0,
       0,  -10,    0,    0,    0,    0,    0,   -8,   -7,    0,   -6,  -14,    0,   -1,   -8,   -1,    0,    0,    0,   -7,    0,   -4,    0,    0,    0,    0,    6,  -15,   -6,   -1,   -4,   -5,    0,   -8,   -9,  -17,  -13,  -12,  -17,   -1,   -8,  -20,    0,   -4,    3,   -5,   -3,    0,    0,    0,   -4,    0,   -2,   -5,   -2,   -7,   -4,    0,    0,    0,    0,    0,    0,    0,    6,    0,    3,    6,    0,    0,   -3,    0,   -1,    0,    0,  -17,    0,    0,    3,    3,    0,    0,    0,    3,    3,   -4,    0,   -4,    0,    0,    0,    0,    0,    0,    0,    0,    0,    0,    0,    0,    0,    0,    0,    0,    0,    0,    0,    0,    0,    0,    0,    0,    0,    0,    0,    0,    0,    0,    0,    0,    0,    0,    0,    0,    0,    0,    0,    0,    0,    0,    0,    0,   -7,   -6,    0,    0,  -10,    0,    0,   -8,    0,    0,    0,    0,    0,    0,
       0,    8,    0,    0,    0,    0,    0,    3,    3,    0,    0,    0,    0,    3,    0,    0,    0,    0,    0,    0,    0,    0,    3,    0,    0,    0,    0,   -3,    0,   -3,    0,    0,    0,    0,   -7,   -1,   -1,    0,   -2,    0,    0,   -1,    0,    0,    0,    0,    0,    0,    0,    0,   -4,    0,    0,   -7,   -8,   -3,   -8,    0,    0,    0,    0,    0,    0,    0,    0,    7,    0,    0,    0,    0,    0,    0,   -8,    0,    0,   -2,    0,    0,    0,    0,    0,    0,    0,    0,    0,    0,    0,    0,    0,    0,    0,    0,    0,    0,    0,    0,    0,    0,    0,    0,    0,    0,    0,    0,    0,    0,    0,    0,    0,    0,    0,    0,    0,    0,    0,    0,    0,    0,    0,    0,    0,    0,    0,    0,    0,    0,    0,    0,    0,    0,    0,    0,   10,   11,    0,    0,    8,    0,    0,    0,    0,    0,    0,    0,    0,    0,
       0,   -6,    0,    0,    0,   -6,    0,   -8,   -3,    0,  -16,  -15,    0,   -1,  -11,   -7,   -4,   -6,    0,  -10,    0,    3,    0,    0,    0,    0,    2,  -27,   -9,    7,   -7,   -6,    0,   -8,  -10,  -16,  -16,  -18,  -17,   -4,   -8,  -37,   -6,   -4,    0,    0,   -4,    0,    0,    0,   -4,   -4,    0,    0,    0,   -4,    0,   -3,    0,    0,    0,    0,    0,    0,    4,    0,    0,    3,    0,    0,   -5,    0,    0,   -3,    0,  -29,   -6,   -6,    0,    0,    0,    0,    0,    0,    0,   -6,   -6,   -4,    0,    0,   -4,    0,    0,    0,    0,    0,    0,    0,    0,    0,    0,    0,    0,    0,    0,    0,    0,    0,    0,    0,    0,    0,    0,    0,    0,    0,    0,    0,    0,    0,    0,    0,    0,    0,    0,    0,    0,    0,    0,    0,    0,    0,   -2,   -3,    0,    6,   -6,    0,    0,  -23,    0,    0,    0,    0,    0,    0,
       0,    0,    0,    0,    0,    0,    0,    0,    0,    0,    0,    0,   -3,    0,    0,   -1,    0,    0,   -3,   -3,    0,   -3,    0,    0,    0,    0,    0,    0,    0,   -6,   -3,    0,    0,    0,   -9,   -3,   -3,   -3,   -4,    0,    0,    0,    0,    0,   -3,    0,   -1,    0,    0,    0,   -8,    0,   -6,   -7,  -14,    0,  -11,    0,    0,    0,    0,    0,    0,    0,    0,    3,    0,    0,    0,    0,    0,    0,  -14,    0,    0,    0,    0,    0,   -3,   -3,    0,    0,    0,   -3,   -3,    0,    0,    0,    0,    0,    0,    0,    0,    0,    0,    0,    0,    0,    0,    0,    0,    0,    0,    0,    0,    0,    0,    0,    0,    0,    0,    0,    0,    0,    0,    0,    0,    0,    0,    0,    0,    0,    0,    0,    0,    0,    0,    0,    0,    0,    0,    0,    0,    0,    0,  -10,    0,    0,    0,    0,    0,    0,    0,    0,    0,    0,
       0,    4,    0,    0,    0,  -18,    0,   -3,    2,    0,  -39,  -33,   -6,    0,   -7,  -10,  -24,  -15,  -17,    1,   -6,    0,   -6,    0,    0,    0,  -20,  -40,   -2,   -4,   -3,   -3,    0,    4,   -3,    0,    0,   -3,    0,   -3,    7,  -54,  -22,   -3,  -22,  -15,  -21,  -10,   -8,  -14,  -19,  -21,   -6,  -14,  -14,  -18,  -14,  -15,    0,    0,    0,    0,    0,    0,   -6,    3,  -18,  -11,    0,    0,    0,    0,  -15,  -10,    0,  -49,  -22,  -22,  -22,  -22,  -10,   -1,    2,  -22,  -22,   -2,  -22,   -3,    2,    2,  -21,    0,    0,    0,    0,    0,    0,    0,    0,    0,    0,    0,    0,    0,    0,    0,    0,    0,    0,    0,    0,    0,    0,    0,    0,    0,    0,    0,    0,    0,    0,    0,    0,    0,    0,    0,    0,    0,    0,    0,    0,    0,    8,    7,    0,  -11,    4,    0,    0,  -48,    0,    0,    0,    0,    0,    0,
       0,   -6,    0,    0,    0,    0,    0,   -1,   -6,    0,   -7,  -11,    0,   -4,   -8,   -6,    0,   -3,    0,  -11,    0,    0,    0,    0,    0,    0,    1,  -13,   -4,    4,   -6,   -6,    0,  -13,  -10,  -16,  -16,   -8,  -14,  -10,   -6,  -16,   -3,   -3,    0,    0,    0,    0,    0,    0,   -4,    0,    0,   -3,   -8,  -11,   -8,    0,    0,    0,    0,    0,    0,    0,    0,   -8,    5,    2,    0,    0,  -12,    0,    0,    0,    0,  -13,   -3,   -3,    0,    0,    0,    0,    0,    0,    0,   -3,   -3,   -3,    0,    0,    0,    0,    0,    0,    0,    0,    0,    0,    0,    0,    0,    0,    0,    0,    0,    0,    0,    0,    0,    0,    0,    0,    0,    0,    0,    0,    0,    0,    0,    0,    0,    0,    0,    0,    0,    0,    0,    0,    0,    0,    0,    0,   -6,   -6,    0,    0,   -6,   -3,    0,   -8,    0,    0,    0,    0,    0,    0,
       0,    0,    0,    0,    0,    0,    0,    0,    0,    0,    0,    0,   -4,   -2,   -4,   -7,  -13,  -10,   -8,    0,   -4,   -5,    0,    0,    0,    0,    0,    0,    0,   -6,    0,    0,    0,    0,    0,    0,    0,    0,    0,    0,    0,    0,   -8,    0,  -11,   -2,   -5,    0,   -3,    0,  -12,   -5,   -7,  -14,  -13,    0,  -12,    0,    0,    0,    0,    0,    0,    0,    0,    3,   -8,    0,    0,    0,    0,    0,    0,    0,    0,    0,   -8,   -8,  -11,  -11,    0,    1,    1,  -11,  -11,    0,   -8,    0,    1,    1,   -5,    0,    0,    0,    0,    0,    0,    0,    0,    0,    0,    0,    0,    0,    0,    0,    0,    0,    0,    0,    0,    0,    0,    0,    0,    0,    0,    0,    0,    0,    0,    0,    0,    0,    0,    0,    0,    0,    0,    0,    0,    0,    0,    0,    0,    0,    0,    0,    0,    0,    0,    0,    0,    0,    0,    0,
       0,    0,    0,    0,    0,  -14,    0,    0,    0,    0,  -26,  -24,   -6,   -5,  -10,  -11,  -16,  -13,  -11,    0,   -6,   -8,   -8,    0,    0,    0,  -13,  -22,   -3,   -7,   -4,   -3,   -7,    0,   -6,    0,    0,   -6,    0,   -6,    0,  -34,  -17,    0,  -11,  -13,  -15,   -7,   -7,   -9,  -16,  -12,  -11,  -15,  -15,  -14,  -12,  -14,    0,    0,    0,    0,    0,    0,   -6,    0,  -14,   -4,    0,    0,    0,    0,   -8,   -8,    0,  -26,  -17,  -17,  -11,  -11,   -7,   -1,   -1,  -11,  -11,    0,  -17,    0,   -1,   -1,  -12,    0,    0,    0,    0,    0,    0,    0,    0,    0,    0,    0,    0,    0,    0,    0,    0,    0,    0,    0,    0,    0,    0,    0,    0,    0,    0,    0,    0,    0,    0,    0,    0,    0,    0,    0,    0,    0,    0,    0,    0,    0,    0,    0,    0,   -3,    0,    0,    0,  -23,    0,    0,    0,    0,    0,    0,
       0,   -6,    0,    0,    0,    0,    0,   -3,   -8,    0,    0,    0,  -10,    0,   -3,   -6,  -11,   -6,  -11,   -8,   -7,  -12,    0,    0,    0,   -3,    0,    4,    0,  -12,   -5,    3,    0,   -6,  -10,   -4,   -4,    0,   -4,    4,    0,    0,   -4,    0,  -11,    0,   -1,    0,   -6,    0,  -12,    0,  -14,  -14,  -21,    0,  -20,    0,    0,    0,    0,    0,    0,    0,  -20,   -8,  -15,  -12,    0,    0,  -11,    0,  -29,    0,    0,    6,   -4,   -4,  -11,  -11,    0,    2,    2,  -11,  -11,   -6,   -4,    0,    2,    2,    0,    0,    0,    0,    0,    0,    0,    0,    0,    0,    0,    0,    0,    0,    0,    0,    0,    0,    0,    0,    0,    0,    0,    0,    0,    0,    0,    0,    0,    0,    0,    0,    0,    0,    0,    0,    0,    0,    0,    0,    0,    0,   -6,   -6,    0,  -20,   -6,  -11,    0,    0,    0,    0,    0,    0,    0,    0,
       0,  -50,    0,    0,    0,    0,    0,   -6,  -40,    0,    0,    0,    0,   -2,   -5,    0,    1,    0,    0,  -18,    0,  -18,    0,    0,    0,    0,    0,    0,   -2,   -5,   -5,   -1,   -2,  -32,  -20,  -42,  -37,   -2,  -32,    1,  -18,    0,    0,    0,    0,   -1,    0,    0,    0,    0,   -5,    0,   -4,   -6,  -22,    0,  -18,    0,    0,    0,    0,    0,    0,    0,    0,  -34,    0,    0,    0,    0,  -54,    0,  -10,    0,    0,   -1,    0,    0,    0,    0,    0,    0,    0,    0,    0,   -9,    0,    0,    0,    0,    0,    0,    0,    0,    0,    0,    0,    0,    0,    0,    0,    0,    0,    0,    0,    0,    0,    0,    0,    0,    0,    0,    0,    0,    0,    0,    0,    0,    0,    0,    0,    0,    0,    0,    0,    0,    0,    0,    0,    0,    0,    0,  -44,  -37,    0,   -6,  -50,  -40,    0,    0,    0,    0,    0,    0,    0,    0,
       0,    0,    0,    0,    0,  -11,    0,    0,    0,    0,  -21,  -24,   -7,   -9,  -14,  -14,  -18,  -17,  -14,    0,  -13,  -11,   -7,    0,    0,    0,   -8,  -22,   -4,   -8,   -3,    0,   -4,    0,   -4,    0,    0,   -7,    0,   -6,    0,  -27,  -16,    0,  -16,  -11,  -14,  -11,  -11,  -13,  -20,  -16,  -13,  -14,  -14,  -17,  -14,  -14,    0,    0,    0,    0,    0,    0,    0,    0,  -11,   -6,    0,    0,    0,    0,   -7,  -10,    0,  -25,  -16,  -16,  -16,  -16,  -11,    2,    7,  -16,  -16,    0,  -16,    0,    7,    7,  -16,    0,    0,    0,    0,    0,    0,    0,    0,    0,    0,    0,    0,    0,    0,    0,    0,    0,    0,    0,    0,    0,    0,    0,    0,    0,    0,    0,    0,    0,    0,    0,    0,    0,    0,    0,    0,    0,    0,    0,    0,    0,    0,    0,    0,   -3,    0,    0,    0,  -28,    0,    0,    0,    0,    0,    0,
       0,   -6,    0,    0,    0,    0,    0,   -8,   -7,    0,  -13,   -2,    3,   -4,   -3,   -4,    0,   -3,    0,   -6,    0,    0,    0,    0,    0,    0,    8,  -16,   -6,    7,   -7,   -8,    0,   -7,   -8,  -13,   -9,  -12,  -10,    0,   -1,  -23,    0,   -3,    0,   -3,    0,    0,    0,    0,    0,    0,    0,    0,    0,    0,    0,    0,    0,    0,    0,    0,    0,    0,    4,    1,    2,    4,    0,    0,  -10,    0,    0,   -3,    0,  -21,    0,    0,    0,    0,    0,    0,    0,    0,    0,   -4,    0,   -3,    0,    0,    0,    0,    0,    0,    0,    0,    0,    0,    0,    0,    0,    0,    0,    0,    0,    0,    0,    0,    0,    0,    0,    0,    0,    0,    0,    0,    0,    0,    0,    0,    0,    0,    0,    0,    0,    0,    0,    0,    0,    0,    0,    0,   -3,    0,    0,    6,   -6,    0,    0,  -19,    0,    0,    0,    0,    0,    0,
       0,    4,    0,    0,    0,  -11,    0,   -7,    6,    0,  -49,  -29,    0,    0,   -3,   -3,  -14,   -8,   -6,    0,    0,    3,    4,    0,    0,   -3,   -6,  -36,   -4,    3,   -4,   -3,    1,    1,   -5,   -4,   -4,  -11,   -5,   -2,    1,  -68,   -6,   -6,   -8,    0,   -5,    1,    0,   -1,    0,   -6,    2,    0,    6,    0,    6,    0,    0,    0,    0,    0,    0,    0,    4,    5,   -3,    0,    0,    0,    0,    0,    0,    0,    0,  -41,   -6,   -6,   -8,   -8,    1,    1,    1,   -8,   -8,   -6,   -6,   -6,    1,    1,   -6,    0,    0,    0,    0,    0,    0,    0,    0,    0,    0,    0,    0,    0,    0,    0,    0,    0,    0,    0,    0,    0,    0,    0,    0,    0,    0,    0,    0,    0,    0,    0,    0,    0,    0,    0,    0,    0,    0,    0,    0,    0,    9,    8,    0,    3,    4,    0,    0,  -51,    0,    0,    0,    0,    0,    0,
       0,  -19,    0,    0,    0,    0,    0,   -6,  -13,    0,    0,    0,   -7,    2,    0,   -3,   -9,   -6,  -10,  -14,   -3,   -8,    0,    0,    0,   -3,    0,    4,    0,   -8,   -7,    3,   -2,  -18,  -21,  -24,  -20,    1,  -20,    1,  -14,    5,   -3,    0,   -7,    0,   -3,    0,    0,    0,   -7,    0,   -7,  -10,  -11,    0,  -11,    0,    0,    0,    0,    0,    0,    0,   -4,  -14,  -11,   -7,    0,    0,  -22,    0,  -14,   -1,    0,    4,   -3,   -3,   -7,   -7,    0,    0,    0,   -7,   -7,   -7,   -3,    0,    0,    0,    0,    0,    0,    0,    0,    0,    0,    0,    0,    0,    0,    0,    0,    0,    0,    0,    0,    0,    0,    0,    0,    0,    0,    0,    0,    0,    0,    0,    0,    0,    0,    0,    0,    0,    0,    0,    0,    0,    0,    0,    0,    0,  -15,  -16,    0,   -9,  -19,  -18,    0,    0,    0,    0,    0,    0,    0,    0,
       0,   -6,    0,    0,    0,    0,    0,   -7,    0,    0,   -5,   -5,    0,   -5,   -8,    0,    0,    0,    0,  -10,    0,   -1,    0,    0,    0,    0,    0,  -11,   -1,    0,   -4,   -1,   -2,   -7,   -9,   -9,   -9,   -7,   -9,   -6,    0,  -22,    0,   -1,    0,   -2,   -1,    0,    0,    0,   -4,    0,   -4,   -4,   -8,   -7,   -8,    0,    0,    0,    0,    0,    0,    0,    0,   -3,    0,    0,    0,    0,   -8,    0,    0,   -3,    0,  -13,    0,    0,    0,    0,    0,    0,    0,    0,    0,   -4,    0,   -1,    0,    0,    0,    0,    0,    0,    0,    0,    0,    0,    0,    0,    0,    0,    0,    0,    0,    0,    0,    0,    0,    0,    0,    0,    0,    0,    0,    0,    0,    0,    0,    0,    0,    0,    0,    0,    0,    0,    0,    0,    0,    0,    0,    0,   -4,    0,    0,    0,   -6,   -6,    0,   -7,    0,    0,    0,    0,    0,    0,
       0,    6,    0,    0,    0,  -17,    0,    0,    5,    0,  -38,  -30,   -3,    0,    0,   -6,  -26,   -8,  -20,    1,   -6,    0,    0,    0,    0,    0,  -16,  -31,    0,   -7,   -3,   -3,   -3,    1,   -4,    0,    0,   -3,    0,   -2,    8,  -44,  -25,    0,  -31,  -10,  -23,   -6,   -6,  -15,  -22,  -20,   -6,  -20,  -19,  -24,  -19,  -24,    0,   -2,    0,    0,    0,    0,   -6,    5,  -20,  -30,    0,    0,    2,    0,  -16,   -6,    0,  -35,  -25,  -25,  -31,  -31,  -11,    4,    4,  -31,  -31,    0,  -25,    0,    4,    4,  -20,    0,    0,    0,    0,    0,    0,    0,    0,    0,    0,    0,    0,    0,    0,    0,    0,    0,    0,    0,    0,    0,    0,    0,    0,    0,    0,    0,    0,    0,    0,    0,    0,    0,    0,    0,    0,    0,    0,    0,    0,    0,   11,   12,    0,   -8,    6,    1,    0,  -38,    0,    0,    0,    0,    0,    0,
       0,   -3,    0,    0,    0,  -21,    0,   -4,    0,    0,  -35,  -36,  -10,  -11,  -15,  -15,  -22,  -15,  -19,   -3,  -12,   -8,  -10,    0,    0,   -3,  -11,  -35,   -6,  -12,   -6,   -6,   -8,   -4,   -5,   -2,   -1,   -4,    0,   -4,    0,  -40,  -22,    0,  -21,  -14,  -22,  -14,  -11,  -12,  -19,  -16,  -14,  -21,  -14,  -21,  -18,  -18,    0,    0,    0,    0,    0,    0,   -6,    0,  -16,   -7,    0,    0,   -1,    0,   -8,  -14,    0,  -38,  -22,  -22,  -21,  -21,  -14,    0,    1,  -21,  -21,    0,  -22,    0,    1,    1,  -16,    0,    0,    0,    0,    0,    0,    0,    0,    0,    0,    0,    0,    0,    0,    0,    0,    0,    0,    0,    0,    0,    0,    0,    0,    0,    0,    0,    0,    0,    0,    0,    0,    0,    0,    0,    0,    0,    0,    0,    0,    0,    0,    0,    0,   -4,   -3,    0,    0,  -42,    0,    0,    0,    0,    0,    0,
       0,    0,    0,    0,    0,  -32,    0,    0,    0,    0,  -53,  -39,  -16,   -5,  -12,  -14,  -41,  -18,  -28,    1,  -13,   -8,  -16,    0,    0,    0,  -32,  -48,    0,  -17,    0,    0,   -8,    0,   -1,    3,    3,    0,    3,   -4,    4,  -70,  -32,    0,  -34,  -14,  -35,  -15,  -14,  -27,  -25,  -33,  -18,  -27,  -22,  -28,  -21,  -27,    0,  -10,    0,    0,    0,    0,  -12,    3,  -26,  -22,    0,    0,    0,    0,  -22,  -20,    0,  -50,  -60,  -53,  -34,  -67,  -30,    2,   10,  -34,  -34,    0,  -64,    0,    4,    4,  -33,    0,    0,    0,    0,    0,    0,    0,    0,    0,    0,    0,    0,    0,    0,    0,    0,    0,    0,    0,    0,    0,    0,    0,    0,    0,    0,    0,    0,    0,    0,    0,    0,    0,    0,    0,    0,    0,    0,    0,    0,    0,    8,    6,    0,  -22,    0,    0,    0,  -60,    0,    0,    0,    0,    0,    0,
       0,    0,    0,    0,    0,  -31,    0,    0,    0,    0,  -54,  -33,  -16,   -8,  -13,  -14,  -37,  -18,  -29,    0,  -12,   -9,  -16,    0,    0,    0,  -34,  -44,    0,  -14,    0,   -1,   -8,    0,   -1,    3,    3,    0,    3,   -4,    4,  -64,  -34,    0,  -34,  -16,  -38,  -14,  -11,  -20,  -22,  -28,  -13,  -23,  -19,  -26,  -19,  -27,    0,  -10,    0,    0,    0,    0,  -12,    0,  -28,  -21,    0,    0,    0,    0,  -21,  -20,    0,  -52,  -65,  -59,  -34,  -34,  -27,    6,   13,  -34,  -34,    0,  -34,    0,    8,    3,  -28,    0,    0,    0,    0,    0,    0,    0,    0,    0,    0,    0,    0,    0,    0,    0,    0,    0,    0,    0,    0,    0,    0,    0,    0,    0,    0,    0,    0,    0,    0,    0,    0,    0,    0,    0,    0,    0,    0,    0,    0,    0,    6,    8,    0,  -22,    0,    0,    0,  -59,    0,    0,    0,    0,    0,    0,
       0,   -3,    0,    0,    0,   -3,    0,    0,    0,    0,    0,    0,   -8,    0,    0,   -8,  -16,   -6,  -11,   -6,   -7,  -11,   -1,    0,    0,    0,    0,    0,    0,  -12,   -3,    0,   -4,   -4,   -4,    0,    0,    0,    0,    1,    0,    0,   -6,    0,  -12,    0,    0,   -3,   -2,    0,  -12,   -1,  -12,  -16,  -28,    0,  -23,    0,    0,    0,    0,    0,    0,    0,  -14,    0,  -13,  -19,    0,    0,    0,    0,  -22,   -6,    0,    0,   -6,   -6,  -12,  -12,   -3,   -3,   -3,  -12,  -12,    0,   -6,    0,   -3,   -3,   -1,    0,    0,    0,    0,    0,    0,    0,    0,    0,    0,    0,    0,    0,    0,    0,    0,    0,    0,    0,    0,    0,    0,    0,    0,    0,    0,    0,    0,    0,    0,    0,    0,    0,    0,    0,    0,    0,    0,    0,    0,    0,    0,    0,    0,  -16,   -3,   -6,    0,    0,    0,    0,    0,    0,    0,    0,
       0,    0,    0,    0,    0,  -24,    0,   -3,    0,    0,  -37,  -33,  -18,   -6,  -12,  -15,  -38,  -19,  -28,    0,  -13,  -10,  -18,    0,    0,    0,  -29,  -39,    0,  -17,    0,    0,  -10,    3,    0,    3,    3,    0,    3,    0,   10,  -41,  -32,    0,  -33,  -18,  -31,  -13,  -11,  -22,  -27,  -32,  -21,  -26,  -22,  -30,  -22,  -32,    0,   -6,    0,    0,    0,    0,  -10,    6,  -26,  -26,    0,    0,    0,    0,  -24,  -18,    0,  -39,  -62,  -56,  -66,  -66,  -24,   12,    9,  -33,  -66,    0,  -32,    0,    9,    9,  -32,    0,    0,    0,    0,    0,    0,    0,    0,    0,    0,    0,    0,    0,    0,    0,    0,    0,    0,    0,    0,    0,    0,    0,    0,    0,    0,    0,    0,    0,    0,    0,    0,    0,    0,    0,    0,    0,    0,    0,    0,    0,    6,    6,    0,  -23,    0,    0,    0,  -43,    0,    0,    0,    0,    0,    0,
       0,    0,    0,    0,    0,    0,    0,    0,    0,    0,    0,    0,    0,    0,   -3,    0,    0,    0,    0,   -3,    0,   -4,    0,    0,    0,    0,    0,   -2,    0,   -1,    0,    0,   -3,   -4,   -5,   -1,   -1,    0,   -1,    0,    0,    0,    0,    0,   -3,    0,    0,    0,    0,    0,   -4,    0,   -3,   -7,   -9,    0,   -9,    0,    0,    0,    0,    0,    0,    0,    0,    0,    0,    0,    0,    0,    0,    0,  -14,    0,    0,    0,    0,    0,   -3,   -3,    0,    2,    2,   -3,   -3,    0,    0,    0,    2,    2,    0,    0,    0,    0,    0,    0,    0,    0,    0,    0,    0,    0,    0,    0,    0,    0,    0,    0,    0,    0,    0,    0,    0,    0,    0,    0,    0,    0,    0,    0,    0,    0,    0,    0,    0,    0,    0,    0,    0,    0,    0,    0,   -1,    0,    0,   -5,    0,    0,    0,    0,    0,    0,    0,    0,    0,    0,
       0,  -32,    0,    0,    0,    0,    0,    0,    0,    0,    2,    0,   -8,    0,    0,    0,   -9,   -8,   -2,  -16,    0,   -8,    0,    0,    0,    0,    0,    0,    0,   -9,   37,   -6,   -6,  -30,  -29,  -37,  -33,   -6,  -26,   -6,  -49,    0,   -6,    0,   -6,   -6,    6,    0,   50,    0,    0,   -6,  -10,   -8,  -17,    0,    6,    0,    0,    0,    0,    0,    0,    0,    0,    0,  -18,  -14,    0,    0,    0,    0,  -16,    0,    0,  -11,   -6,   -6,   -6,   -6,    0,    0,    0,   -6,   -6,    0,   -6,    0,    0,    0,   -6,    0,  -30,   -9,   -6,   37,    0,    0,    0,    0,   -6,    0,   -6,    0,    0,    0,   -6,    0,    0,    0,   -6,    0,    0,    0,    0,    0,    6,    0,    0,   -6,    0,   -6,    0,    0,   50,    0,    0,  -37,  -17,  -26,   -6,  -11,  -32,  -32,    2,    0,  -32,    0,    0,    0,    0,    0,    0,    0,    0,    0,
       0,    0,    0,    0,    0,    0,    0,    0,    0,    0,    0,    0,  -16,    0,    0,  -14,  -25,   -8,  -15,   -8,   -9,  -14,    0,    0,    0,    0,   -6,    0,    0,  -26,   32,    0,   -8,  -44,  -40,  -66,  -62,    0,  -44,    0,    0,    0,  -13,    0,  -23,    0,    0,    0,   28,    0,   -8,  -11,  -26,  -19,  -37,    0,  -12,    0,    0,    0,    0,    0,    0,    0,    0,    0,    0,    0,    0,    0,    0,    0,    0,    0,    0,    0,  -13,  -13,  -23,  -23,    0,    0,    0,  -23,  -23,   -8,  -13,    0,    0,    0,  -11,    0,  -44,  -26,   -8,   32,    0,    0,    0,    0,    0,    0,    0,    0,    0,    0,  -13,    0,    0,    0,  -23,    0,    0,    0,   -8,    0,  -12,    0,    0,  -23,    0,  -11,    0,    0,   28,    0,    0,  -66,  -37,  -44,  -13,    0,    0,    0,    0,    0,    0,    0,    0,    0,    0,    0,    0,    0,    0,    0,
      -3,  -24,    0,    0,    0,    0,    0,   -8,  -16,    0,    0,    0,    0,    1,    0,    0,   -1,   -3,   -1,  -14,    0,   -9,    0,    0,    0,   -3,    0,    1,    0,   -7,   -8,    0,    0,  -23,  -14,  -31,  -30,    0,  -29,    0,  -19,    0,    0,    0,    0,    0,   -2,    0,    0,    0,   -8,    0,    0,   -4,   -8,    0,   -7,    0,    0,    0,    0,    0,    0,    0,    0,  -16,   -6,   -1,    0,    0,  -24,    0,   -6,    0,    0,    0,    0,    0,    0,    0,    0,    0,    0,    0,    0,   -8,    0,    0,    0,    0,    0,    0,    0,    0,    0,    0,    0,    0,    0,    0,    0,    0,    0,    0,    0,    0,    0,    0,    0,    0,    0,    0,    0,    0,    0,    0,    0,    0,    0,    0,    0,    0,    0,    0,    0,    0,    0,    0,    0,    0,    0,    0,  -23,  -15,    0,   -7,  -24,  -13,    0,    0,    0,    0,    0,    0,    0,    0,
      -3,  -22,    0,    0,    0,    0,    0,  -10,  -17,    0,   -8,   -8,    0,   -6,  -10,   -4,    0,   -4,    3,  -22,    0,    0,   -3,    0,    0,   -6,    2,  -19,   -8,    0,   -7,  -10,   -1,  -24,  -16,  -32,  -31,  -14,  -32,   -3,  -14,  -23,   -3,   -1,    3,    0,    0,    0,    0,    0,   -4,    0,   -1,   -1,   -3,   -8,   -4,    0,    0,    0,    0,    0,    0,    0,    0,   -6,    3,    4,    0,    0,  -23,    0,    0,   -3,    0,  -14,   -3,   -3,    3,    3,    0,    0,    0,    3,    3,   -6,   -3,   -1,    0,    0,    0,    0,    0,    0,    0,    0,    0,    0,    0,    0,    0,    0,    0,    0,    0,    0,    0,    0,    0,    0,    0,    0,    0,    0,    0,    0,    0,    0,    0,    0,    0,    0,    0,    0,    0,    0,    0,    0,    0,    0,    0,    0,  -20,  -11,    0,    0,  -22,   -2,    0,  -12,    0,    0,    0,    0,    0,    0,
       0,   -3,    0,    0,    0,    0,    0,  -11,   -3,    0,   -6,   -6,    0,   -5,   -6,   -3,   -5,   -6,    0,  -16,   -3,    0,    0,    0,    0,   -3,   -3,  -10,  -10,    0,  -14,   -6,   -3,  -19,  -15,  -28,  -27,  -11,  -27,   -3,  -11,  -14,   -3,  -10,   -3,    0,   -2,    0,    0,    0,   -4,    0,   -3,   -3,   -6,   -8,   -3,    0,    0,    0,    0,    0,    0,    0,    0,    0,   -3,    0,    0,    0,  -14,    0,   -3,    0,    0,   -6,   -3,   -3,   -3,   -3,    0,    0,    0,   -3,   -3,  -11,   -3,  -10,    0,    0,    0,    0,    0,    0,    0,    0,    0,    0,    0,    0,    0,    0,    0,    0,    0,    0,    0,    0,    0,    0,    0,    0,    0,    0,    0,    0,    0,    0,    0,    0,    0,    0,    0,    0,    0,    0,    0,    0,    0,    0,    0,    0,   -7,   -3,    0,    0,   -3,    0,    0,   -6,    0,    0,    0,    0,    0,    0,
       0,   -8,    0,    0,    0,   -4,    0,   -3,   -8,    0,   -3,    0,   -3,    0,   -3,   -6,   -4,   -4,   -3,  -10,   -3,   -4,    0,    0,    0,   -8,   -3,    0,    0,   -3,   -3,    0,    0,   -8,   -8,  -10,  -12,    0,  -16,    0,    0,    0,   -4,    0,    0,    0,   -4,    0,    0,    0,   -5,    0,    0,   -1,   -4,    0,   -4,    0,    0,    0,    0,    0,    0,    0,    0,    0,   -8,   -3,    0,    0,   -8,    0,   -6,    0,    0,    0,   -4,   -4,    0,    0,    0,    0,    0,    0,    0,   -3,   -4,    0,    0,    0,    0,    0,    0,    0,    0,    0,    0,    0,    0,    0,    0,    0,    0,    0,    0,    0,    0,    0,    0,    0,    0,    0,    0,    0,    0,    0,    0,    0,    0,    0,    0,    0,    0,    0,    0,    0,    0,    0,    0,    0,    0,    0,   -9,   -8,    0,   -8,   -8,    0,    0,    0,    0,    0,    0,    0,    0,    0,
       0,  -11,    0,    0,    0,    0,    0,  -10,   -8,    0,   -2,   -4,    3,   -5,   -7,   -3,    3,   -3,    6,  -15,    0,    0,    0,    0,    0,   -3,    0,   -8,   -4,    0,   -8,   -6,    0,  -23,  -12,  -28,  -24,   -8,  -26,   -3,  -14,  -16,   -1,   -7,    0,   -1,    0,    0,    0,    0,   -4,    0,    0,    0,   -1,   -3,   -2,    0,    0,    0,    0,    0,    0,    0,    0,   -2,    4,    4,    0,    0,  -20,    0,    0,    0,    0,   -8,   -1,   -1,    0,    0,    0,    0,    0,    0,    0,   -4,   -1,   -7,    0,    0,    0,    0,    0,    0,    0,    0,    0,    0,    0,    0,    0,    0,    0,    0,    0,    0,    0,    0,    0,    0,    0,    0,    0,    0,    0,    0,    0,    0,    0,    0,    0,    0,    0,    0,    0,    0,    0,    0,    0,    0,    0,    0,  -12,   -7,    0,    0,  -11,   -2,    0,    0,    0,    0,    0,    0,    0,    0,
      22,   34,    0,    0,    0,    0,    0,   39,   32,    0,   -9,   -2,   12,   20,   14,   12,   -6,   11,    0,   34,   14,   18,    3,    0,    0,   22,   -3,   -3,   31,    3,   32,   32,   12,   36,   34,   42,   42,   36,   42,   32,   46,   -2,    0,   -4,   -4,    0,    0,   16,   18,    0,    0,    0,    0,   -2,    6,    0,    6,    3,    6,    0,    0,    0,    0,    0,    0,   41,   -9,   -8,   23,    0,   42,    0,   -3,    0,    0,    0,    0,   14,   -9,    5,   43,   37,   39,   -3,    2,   -4,    0,   -8,   18,   18,    0,    0,    0,    0,    0,    0,    0,    0,    0,    0,    0,    0,    0,    0,    0,    0,    0,    0,    0,    0,    0,    0,    0,    0,    0,    0,    0,    0,    0,    0,    0,    0,    0,    0,    0,    0,    0,    0,    0,    0,    0,    0,   40,   35,    0,   -3,   34,   45,   27,   -8,    0,    0,    0,    0,    0,    0,
      -3,    0,    0,    0,    0,  -11,    0,   -3,   -3,    0,    0,   10,    1,    1,    0,   -7,  -14,  -10,   -3,  -10,    0,    6,    0,    0,    0,    0,   -3,    0,   -4,    0,   34,    0,    0,   -5,  -12,  -16,  -19,    0,  -19,    0,  -10,    0,   -6,   -1,   -7,    0,   -4,    0,   31,    0,   -3,    0,    0,    0,    5,    0,    6,    0,    0,    0,    0,    0,    0,    0,    0,    0,  -11,   -8,    0,    0,    0,    0,   -6,    0,    0,    0,   -6,   -6,   -7,   -7,    0,    0,    0,   -7,   -7,   -6,   -6,   -1,    0,    0,    0,    0,    0,    0,    0,    0,    0,    0,    0,    0,    0,    0,    0,    0,    0,    0,    0,    0,    0,    0,    0,    0,    0,    0,    0,    0,    0,    0,    0,    0,    0,    0,    0,    0,    0,    0,    0,    0,    0,    0,    0,    0,    3,    4,    0,   -3,    0,    0,    0,    0,    0,    0,    0,    0,    0,    0,
      -3,  -23,    0,    0,    0,   -3,    0,  -10,  -19,    0,    0,    0,   -4,    0,   -4,   -6,   -6,   -6,   -3,  -19,   -3,   -9,    0,    0,    0,   -3,    0,    0,    0,   -3,   -8,    0,    0,  -27,  -15,  -36,  -32,    0,  -31,    0,  -20,    0,   -3,    0,    0,    0,    0,    0,    0,    0,   -6,    0,   -2,   -2,  -12,    0,  -12,    0,    0,    0,    0,    0,    0,    0,    0,  -15,   -1,    0,    0,    0,  -28,    0,   -6,    0,    0,    0,   -3,   -3,    0,    0,    0,    0,    0,    0,    0,   -8,   -3,    0,    0,    0,    0,    0,    0,    0,    0,    0,    0,    0,    0,    0,    0,    0,    0,    0,    0,    0,    0,    0,    0,    0,    0,    0,    0,    0,    0,    0,    0,    0,    0,    0,    0,    0,    0,    0,    0,    0,    0,    0,    0,    0,    0,    0,  -25,  -19,    0,   -4,  -23,  -14,    0,    0,    0,    0,    0,    0,    0,    0,
       0,    0,    0,    0,    0,   -3,    0,    0,    0,    0,    0,    0,    0,    3,    0,   -3,    0,   -3,    0,   -6,    0,   -3,    0,    0,    0,    0,    0,    0,    0,    0,    0,    0,    0,   -5,  -11,  -12,  -11,    0,   -8,    0,    0,    0,    0,    0,    0,    0,    0,    0,    0,    0,   -1,    0,    0,    0,   -3,    0,   -3,    0,    0,    0,    0,    0,    0,    0,    0,    0,   -1,    0,    0,    0,   -2,    0,   -6,    0,    0,    0,    0,    0,    0,    0,    0,    0,    0,    0,    0,    0,    0,    0,    0,    0,    0,    0,    0,    0,    0,    0,    0,    0,    0,    0,    0,    0,    0,    0,    0,    0,    0,    0,    0,    0,    0,    0,    0,    0,    0,    0,    0,    0,    0,    0,    0,    0,    0,    0,    0,    0,    0,    0,    0,    0,    0,    0,    0,    0,    0,   -3,    0,   -1,    0,    0,    0,    0,    0,    0,    0,    0,
       0,   -3,    0,    0,    0,   -6,    0,    6,   -3,    0,  -10,   -1,    0,    0,   -6,   -6,   -7,   -6,    0,   -8,   -2,   -3,   -7,    0,    0,   -3,    0,   -7,   -3,   -3,   14,   -6,    0,   -6,   -8,  -10,   -8,   -4,   -7,    0,    0,  -18,   -3,   -3,    0,    0,   -2,    0,   11,    0,   -3,    0,    0,    0,    0,   -3,    0,   -3,    0,    0,    0,    0,    0,    0,    0,    0,   -5,   -3,    0,    0,    0,    0,   -6,    0,    0,   -1,   -3,   -3,    0,    0,    0,    0,    0,    0,    0,   -6,   -3,   -3,    0,    0,    0,    0,    0,    0,    0,    0,    0,    0,    0,    0,    0,    0,    0,    0,    0,    0,    0,    0,    0,    0,    0,    0,    0,    0,    0,    0,    0,    0,    0,    0,    0,    0,    0,    0,    0,    0,    0,    0,    0,    0,    0,    0,   -6,    0,    0,   -4,   -3,    0,    0,   -4,    0,    0,    0,    0,    0,    0,
      -6,  -11,    0,    0,    0,   -6,    0,  -13,   -8,    0,   -3,    0,   -3,    3,    0,   -3,  -12,   -3,   -6,  -11,    0,   -3,   -6,    0,    0,   -6,    0,    5,    0,   -3,  -14,    3,    0,  -25,  -16,  -25,  -20,    1,  -25,    4,  -11,    0,   -2,    0,   -8,    0,    0,    0,    0,    0,   -7,   -1,   -3,   -6,    0,    2,    0,    3,    0,    0,    0,    0,    0,    0,    0,    0,  -15,  -17,    0,    0,    0,    0,  -11,    0,    0,    4,   -2,   -2,   -8,   -8,    0,    0,    0,   -8,   -8,  -10,   -2,    0,    0,    0,   -1,    0,    0,    0,    0,    0,    0,    0,    0,    0,    0,    0,    0,    0,    0,    0,    0,    0,    0,    0,    0,    0,    0,    0,    0,    0,    0,    0,    0,    0,    0,    0,    0,    0,    0,    0,    0,    0,    0,    0,    0,    0,   -3,   -6,    0,   -8,  -11,    0,    0,    0,    0,    0,    0,    0,    0,    0,
       0,  -11,    0,    0,    0,   -6,    0,    1,   -5,    0,   -3,    6,    0,   -1,   -7,  -10,   -6,   -6,    0,  -14,   -3,   -3,   -3,    0,    0,   -3,    0,   -7,   -8,   -3,    0,   -8,    0,  -20,  -16,  -26,  -22,   -6,  -26,   -3,  -10,   -6,   -6,   -1,   -3,   -2,    0,    0,   32,   -3,    0,   -2,    0,   -2,    0,   -3,    2,   -3,    0,    0,    0,    0,    0,    0,    0,    0,   -4,   -3,    0,    0,  -12,    0,   -6,    0,    0,   -6,   -6,   -6,   -3,   -3,    0,    0,    0,   -3,   -3,    0,   -6,   -1,    0,    0,   -2,    0,    0,    0,    0,    0,    0,    0,    0,    0,    0,    0,    0,    0,    0,    0,    0,    0,    0,    0,    0,    0,    0,    0,    0,    0,    0,    0,    0,    0,    0,    0,    0,    0,    0,    0,    0,    0,    0,    0,    0,    0,   -8,   -6,    0,   -4,  -11,   -3,    0,    0,    0,    0,    0,    0,    0,    0,
      -3,    0,    0,    0,    0,  -21,    0,  -14,   -2,    0,  -42,  -23,    0,   -7,   -3,  -11,  -20,  -10,    0,  -12,   -1,    7,   -4,    0,    0,   -6,   -8,  -30,  -11,    0,  -12,  -11,    0,   -3,  -12,  -17,  -16,  -24,  -23,   -6,   -7,  -41,  -10,  -10,   -7,    0,   -7,    0,    0,    0,    0,   -4,    2,    0,    7,    0,    7,    0,    0,    0,    0,    0,    0,    0,    0,    3,   -8,   -9,    0,    0,    0,    0,   -3,   -3,    0,  -38,  -10,  -10,   -7,   -7,    0,    0,    0,   -7,   -7,  -13,  -10,  -10,    0,    0,   -4,    0,    0,    0,    0,    0,    0,    0,    0,    0,    0,    0,    0,    0,    0,    0,    0,    0,    0,    0,    0,    0,    0,    0,    0,    0,    0,    0,    0,    0,    0,    0,    0,    0,    0,    0,    0,    0,    0,    0,    0,    0,    1,    5,    0,    0,    0,    8,    0,  -40,    0,    0,    0,    0,    0,    0,
      -3,  -17,    0,    0,    0,    0,    0,  -13,   -7,    0,   -5,   -6,    0,   -1,   -4,   -4,    0,    0,    3,  -15,    0,   -1,    0,    0,    0,   -6,    0,   -7,   -5,    0,  -12,   -7,    0,  -15,  -11,  -25,  -21,   -3,  -30,   -3,  -17,  -19,   -3,   -7,    0,    0,   -3,   -2,    0,    0,   -4,    0,    0,   -3,   -3,   -3,   -3,    0,    0,    0,    0,    0,    0,    0,    0,   -8,    0,    0,    0,    0,  -12,    0,   -6,   -2,    0,   -6,   -3,   -3,    0,    0,   -2,   -2,   -2,    0,    0,  -10,   -3,   -7,   -2,   -2,    0,    0,    0,    0,    0,    0,    0,    0,    0,    0,    0,    0,    0,    0,    0,    0,    0,    0,    0,    0,    0,    0,    0,    0,    0,    0,    0,    0,    0,    0,    0,    0,    0,    0,    0,    0,    0,    0,    0,    0,    0,    0,  -10,   -6,    0,   -3,  -17,    0,    0,   -3,    0,    0,    0,    0,    0,    0,
       0,   -5,    0,    0,    0,    0,    0,    0,    0,    0,    0,    0,    1,    6,    3,    0,   -1,    0,    1,   -8,    5,    1,    0,    0,    0,   -6,    0,    2,   -3,    0,   -7,    0,    0,   -8,  -10,  -13,  -12,    0,  -13,    1,   -6,   -2,    0,    0,   -2,    0,    0,    0,    0,    0,   -3,    3,   -2,   -3,    2,    0,    2,    3,    0,    0,    0,    0,    0,    0,    0,    3,  -11,   -8,    0,    0,    0,    0,   -6,    0,    0,    0,    0,    0,   -2,   -2,    0,    0,    0,   -2,   -2,   -4,    0,    0,    0,    0,    3,    0,    0,    0,    0,    0,    0,    0,    0,    0,    0,    0,    0,    0,    0,    0,    0,    0,    0,    0,    0,    0,    0,    0,    0,    0,    0,    0,    0,    0,    0,    0,    0,    0,    0,    0,    0,    0,    0,    0,    0,    0,    1,    4,    0,   -6,   -5,    2,    0,    0,    0,    0,    0,    0,    0,    0,
       0,  -12,    0,    0,    0,   -3,    0,    1,   -9,    0,    0,    0,    0,    6,    0,   -4,   -1,   -3,    0,  -11,    0,   -4,   -1,    0,    0,   -6,    0,    0,    0,    0,   -6,    0,    0,  -12,  -10,  -23,  -19,    0,  -21,    0,  -11,    0,    0,    0,   -1,    0,    2,    0,    1,    0,   -2,    2,    0,    0,   -5,    0,   -2,    0,    0,    0,    0,    0,    0,    0,    0,   -5,   -2,    0,    0,    0,  -16,    0,   -3,    0,    0,    0,    0,    0,   -1,   -1,    0,    0,    0,   -1,   -1,   -4,    0,    0,    0,    0,    2,    0,    0,    0,    0,    0,    0,    0,    0,    0,    0,    0,    0,    0,    0,    0,    0,    0,    0,    0,    0,    0,    0,    0,    0,    0,    0,    0,    0,    0,    0,    0,    0,    0,    0,    0,    0,    0,    0,    0,    0,    0,   -9,   -7,    0,   -3,  -12,   -8,    0,    0,    0,    0,    0,    0,    0,    0,
      -3,   -3,    0,    0,    0,  -21,    0,  -18,   -3,    0,  -42,  -25,    1,   -2,   -3,  -10,  -18,  -13,   -8,  -12,   -3,    4,   -6,    0,    0,  -11,  -13,  -37,  -14,    0,  -19,  -14,   -3,  -20,  -15,  -20,  -16,  -23,  -23,  -14,    0,  -45,  -10,  -10,  -11,    0,  -11,    0,    0,    0,    0,   -7,    1,    0,    1,    0,   -2,    0,    0,    0,    0,    0,    0,    0,    0,    2,  -14,  -13,    0,    0,    0,    0,   -6,   -3,    0,  -36,  -10,  -10,  -11,  -11,    0,    0,    0,  -11,  -11,  -11,  -10,  -10,    0,    0,   -7,    0,    0,    0,    0,    0,    0,    0,    0,    0,    0,    0,    0,    0,    0,    0,    0,    0,    0,    0,    0,    0,    0,    0,    0,    0,    0,    0,    0,    0,    0,    0,    0,    0,    0,    0,    0,    0,    0,    0,    0,    0,   11,    5,    0,   -8,   -3,    4,    0,  -46,    0,    0,    0,    0,    0,    0,
      -3,   -6,    0,    0,    0,   -6,    0,   -7,  -11,    0,    0,    0,   -3,    3,   -3,   -6,  -10,   -6,   -6,  -17,   -3,   -3,    0,    0,    0,   -6,   -3,    1,    0,   -4,  -11,    0,    0,  -11,  -18,  -25,  -26,    0,  -24,    0,   -6,    0,   -2,    0,   -8,    0,   -4,    0,   -4,    0,   -8,    0,   -3,   -6,    0,    0,    0,    0,    0,    0,    0,    0,    0,    0,    0,   -1,  -15,  -17,    0,    0,   -6,    0,  -17,    0,    0,    0,   -2,   -2,   -8,   -8,    0,    0,    0,   -8,   -8,  -10,   -2,    0,    0,    0,    0,    0,    0,    0,    0,    0,    0,    0,    0,    0,    0,    0,    0,    0,    0,    0,    0,    0,    0,    0,    0,    0,    0,    0,    0,    0,    0,    0,    0,    0,    0,    0,    0,    0,    0,    0,    0,    0,    0,    0,    0,    0,   -3,   -2,    0,   -8,   -6,   -6,    0,    0,    0,    0,    0,    0,    0,    0,
       0,   -3,    0,    0,    0,    0,    0,   -7,   -3,    0,    0,    0,    0,    6,    0,    0,    0,    0,    0,   -8,    0,    3,    0,    0,    0,    0,    0,    0,    0,    0,   -6,    0,    0,  -17,  -11,  -24,  -20,    0,  -26,    0,   -6,    0,    0,    0,    0,    0,    0,    0,    0,    0,   -4,    0,    0,    0,    3,    0,    3,    0,    0,    0,    0,    0,    0,    0,    0,    0,    0,    0,    0,    0,    0,    0,   -3,    0,    0,    0,    0,    0,    0,    0,    0,    0,    0,    0,    0,   -4,    0,    0,    0,    0,    0,    0,    0,    0,    0,    0,    0,    0,    0,    0,    0,    0,    0,    0,    0,    0,    0,    0,    0,    0,    0,    0,    0,    0,    0,    0,    0,    0,    0,    0,    0,    0,    0,    0,    0,    0,    0,    0,    0,    0,    0,    0,    0,    1,    0,   -3,   -3,    0,    0,    0,    0,    0,    0,    0,    0,    0,
       0,    0,    0,    0,    0,    0,    0,    0,    0,    0,    0,    0,    0,    0,    0,    0,    0,    0,    0,    0,    0,    0,    0,    0,    0,    0,    0,    0,    0,    0,    0,    0,    0,    0,    0,    0,    0,    0,    0,    0,    0,    0,    0,    0,    0,    0,    0,    0,    6,    0,    0,    0,    0,    0,    0,    0,    0,    0,    0,    0,    0,    0,    0,    0,    0,    0,    0,    0,    0,    0,    0,    0,    0,    0,    0,    0,    0,    0,    0,    0,    0,    0,    0,    0,    0,    0,    0,    0,    0,    0,    0,    0,    0,    0,    0,    0,    0,    0,    0,    0,    0,    0,    0,    0,    0,    0,    0,    0,    0,    0,    0,    0,    0,    0,    0,    0,    0,    0,    0,    0,    0,    0,    0,    0,    6,    0,    0,    0,    0,    0,    0,    0,    0,    0,    0,    0,    0,    0,    0,    0,    0,    0,    0,    0,    0,    0,
       0,    0,    0,    0,    0,    0,    0,    0,    0,    0,    0,    0,    0,    0,    0,    0,    0,    0,    0,    0,    0,    0,    0,    0,    0,    0,    0,    0,    0,    0,    0,    0,    0,   -2,    0,   -9,   -9,    0,   -9,    0,    0,    0,    0,    0,    0,    0,    0,    0,    0,    0,    0,    0,    0,    0,    0,    0,    0,    0,    0,    0,    0,    0,    0,    0,    0,    0,    0,    0,    0,    0,    0,    0,    0,    0,    0,    0,    0,    0,    0,    0,    0,    0,    0,    0,    0,    0,    0,    0,    0,    0,    0,    0,   -2,    0,    0,    0,    0,    0,    0,    0,    0,    0,    0,    0,    0,    0,    0,    0,    0,    0,    0,    0,    0,    0,    0,    0,    0,    0,    0,    0,    0,    0,    0,    0,    0,    0,    0,   -9,    0,   -9,    0,    0,    0,    0,    0,    0,    0,    0,    0,    0,    0,    0,    0,    0,    0,    0,
       0,    0,    0,    0,    0,    0,    0,    0,    0,    0,    0,    0,    0,    0,    0,    0,    0,    0,    0,    0,    0,    0,    0,    0,    0,    0,    0,    0,    0,    0,   22,    0,    0,  -10,  -11,  -26,  -25,   -6,  -27,    0,    0,    0,   -4,   -1,   -4,   -1,    0,    0,   24,    0,    0,    0,    0,  -10,   -4,    0,    0,    0,    0,    0,    0,    0,    0,    0,    0,    0,    0,    0,    0,    0,    0,    0,    0,    0,    0,  -11,   -4,   -4,   -4,   -4,    0,    0,    0,   -4,   -4,    0,   -4,   -1,    0,    0,    0,    0,    0,    0,    0,    0,    0,    0,    0,    0,    0,    0,    0,    0,    0,    0,    0,    0,    0,    0,    0,    0,    0,    0,    0,    0,    0,    0,    0,    0,    0,    0,    0,    0,    0,    0,    0,    0,    0,    0,    0,    0,    0,    0,    0,    0,    0,    0,    0,    0,    0,    0,    0,    0,    0,    0,
       0,    0,    0,    0,    0,    0,    0,    0,    0,    0,    0,    0,    0,   -3,    0,   -1,    0,    0,    0,   -2,   -1,    1,    0,    0,    0,    0,    0,    0,    0,    0,    0,    0,    0,    0,    0,    0,    0,    0,    0,    0,    0,    0,    0,    0,    0,    0,    0,    0,    0,    0,    0,    0,    0,    0,    0,    0,    0,    0,    0,    0,    0,    0,    0,    0,    0,    0,    0,    0,    0,    0,    0,    0,    0,    0,    0,    0,    0,    0,    0,    0,    0,    0,    0,    0,    0,    0,    0,    0,    0,    0,    0,    0,    0,    0,    0,    0,    0,    0,    0,    0,    0,    0,    0,    0,    0,    0,    0,    0,    0,    0,    0,    0,    0,    0,    0,    0,    0,    0,    0,    0,    0,    0,    0,    0,    0,    0,    0,    0,    0,    0,    0,    0,    0,    0,    0,    0,    0,    0,    0,    0,    0,    0,    0,    0,    0,    0,
       0,    0,    0,    0,    0,    0,    0,    0,    0,    0,    0,    0,   -3,    0,    0,   -1,   -3,    0,   -4,   -1,   -1,   -7,    0,    0,    0,    0,    0,    0,    0,    0,    0,    0,    0,    0,    0,    0,    0,    0,    0,    0,    0,    0,    0,    0,    0,    0,    0,    0,    0,    0,    0,    0,    0,    0,    0,    0,    0,    0,    0,    0,    0,    0,    0,    0,    0,    0,    0,    0,    0,    0,    0,    0,    0,    0,    0,    0,    0,    0,    0,    0,    0,    0,    0,    0,    0,    0,    0,    0,    0,    0,    0,    0,    0,    0,    0,    0,    0,    0,    0,    0,    0,    0,    0,    0,    0,    0,    0,    0,    0,    0,    0,    0,    0,    0,    0,    0,    0,    0,    0,    0,    0,    0,    0,    0,    0,    0,    0,    0,    0,    0,    0,    0,    0,    0,    0,    0,    0,    0,    0,    0,    0,    0,    0,    0,    0,    0,
       0,    0,    0,    0,    0,    0,    0,    0,    0,    0,    0,    0,    0,    3,    0,    0,    0,    0,    0,    2,    0,    6,    0,    0,    0,    0,    0,    0,    0,    0,    0,    0,    0,    0,    0,    0,    0,    0,    0,    0,    0,    0,    0,    0,    0,    0,    0,    0,    0,    0,    0,    0,    0,    0,    0,    0,    0,    0,    0,    0,    0,    0,    0,    0,    0,    0,    0,    0,    0,    0,    0,    0,    0,    0,    0,    0,    0,    0,    0,    0,    0,    0,    0,    0,    0,    0,    0,    0,    0,    0,    0,    0,    0,    0,    0,    0,    0,    0,    0,    0,    0,    0,    0,    0,    0,    0,    0,    0,    0,    0,    0,    0,    0,    0,    0,    0,    0,    0,    0,    0,    0,    0,    0,    0,    0,    0,    0,    0,    0,    0,    0,    0,    0,    0,    0,    0,    0,    0,    0,    0,    0,    0,    0,    0,    0,    0,
       0,    0,    0,    0,    0,    0,    0,    0,    0,    0,    0,    0,    0,    0,    0,    0,    0,    0,    0,   -6,    0,    0,    0,    0,    0,    0,    0,  -14,    0,    7,    0,    0,    0,   -6,   -6,   -8,   -8,  -11,  -10,    0,    0,    0,    0,    0,    0,    0,    0,    0,    0,    0,    0,    0,    0,    0,    0,    0,    0,    0,    0,    0,    0,    0,    0,    0,    0,    0,    0,    0,    0,    0,    0,    0,    0,    0,    0,  -27,    0,    0,    0,    0,    0,    0,    0,    0,    0,    0,    0,    0,    0,    0,    0,    0,   -6,    7,    0,    0,    0,    0,  -14,    0,  -11,    0,    0,    0,    0,    0,    0,    0,    0,    0,    0,    0,    0,    0,    0,    0,    0,    0,    0,    0,    0,    0,    0,    0,    0,    0,    0,   -8,    0,  -10,    0,  -27,    0,    0,    0,    0,    0,    0,    0,    0,    0,    0,    0,  -14,    0,    0,
       0,    0,    0,    0,    0,    0,    0,    0,    0,    0,    0,    0,    0,    0,    0,    0,    0,    0,    0,    0,    0,    0,    0,    0,    0,    0,    0,    0,    0,    0,    0,    0,    0,    0,    0,    0,    0,    0,    0,    0,    0,    0,    0,    0,    0,    0,    0,    0,    0,    0,    0,    0,    0,    0,    0,    0,    0,    0,    0,    0,    0,    0,    0,    0,    0,    0,    0,    0,    0,    0,    0,    0,    0,    0,    0,    0,    0,    0,    0,    0,    0,    0,    0,    0,    0,    0,    0,    0,    0,    0,    0,    0,    0,    0,    0,    0,    0,    0,    0,    0,    0,    0,    0,    0,    0,    0,    0,    0,    0,    0,    0,    0,    0,    0,    0,    0,    0,    0,    0,    0,    0,    0,    0,    0,    0,    0,    0,    0,    0,    0,    0,    0,    0,    0,    0,    0,    0,    0,    5,    0,    0,    0,    0,    0,    0,    0,
       0,    0,    0,    0,    0,    0,    0,  -16,    0,    0,   -2,    0,    0,    0,    0,   -3,    0,    0,    0,   -3,    0,    0,    0,    0,    0,   -8,    0,    0,    0,   -3,   -2,    0,    0,   -6,  -11,  -19,  -17,   -6,  -16,    0,    0,    0,    0,    0,   -3,    0,   -4,    1,    1,    0,    0,    0,    0,   -3,   -2,    0,    0,    1,    0,    0,    0,    0,    0,    0,    0,    0,  -28,  -28,    0,    0,    0,    0,    0,    0,    0,    0,    0,    0,   -3,   -3,    1,    0,    0,   -3,   -3,   -7,    0,    0,    0,    0,    0,    0,   -6,   -3,    0,   -2,    0,  -18,    0,    0,   -6,    0,    0,    0,   -8,    0,    0,    0,    0,   -4,   -3,    0,   -3,    0,    0,    0,    0,    0,    0,   -3,    0,    0,    1,    0,    1,    0,    0,  -19,   -2,  -16,    0,    0,    0,    0,    0,    0,    0,    0,    0,    0,    0,    0,    0,    0,    0,    0,
       0,    0,    0,    0,    0,    0,    0,  -16,    0,    0,   -8,  -12,    0,  -11,   -8,   -6,   -2,   -6,    0,  -23,    0,   -8,    0,    0,    0,    0,    0,   -9,    0,    4,   -8,   -6,   -3,  -30,   -4,  -18,  -16,  -19,  -22,   -1,  -10,    0,    0,   -3,    4,   -1,    0,    0,    0,    0,    0,    0,    0,    0,   -1,   -8,   -4,    0,    0,    0,    0,    0,    0,    0,    0,    0,    0,    0,    0,    0,    0,    0,    0,  -28,   -7,  -18,    0,    0,    4,    4,    0,    0,    0,    4,    4,   -7,    0,   -3,    0,    0,    0,    0,  -30,    4,   -3,   -8,    0,    0,   -9,    0,  -19,    0,   -6,    0,    0,    0,    0,    0,    0,    0,    4,   -8,    0,    0,    0,    0,   -4,    0,    0,    4,   -3,    0,    0,    0,    0,    0,    0,  -18,   -1,  -22,    0,  -18,    4,    4,    0,    0,    0,    0,    0,    0,    0,    0,    0,   -9,    0,    0,
       0,    0,    0,    0,    0,    0,    0,    0,    0,    0,    0,    0,    0,    0,    0,    0,    0,    0,    0,   -9,    0,   -1,    0,    0,    0,    0,    0,    0,    0,    0,    0,    0,    0,    0,    0,    0,    0,    0,    0,    0,    0,    0,    0,    0,    0,    0,    0,    0,    0,    0,    0,    0,    0,    0,    0,    0,    0,    0,    0,    0,    0,    0,    0,    0,    0,    0,    0,    0,    0,    0,    0,    0,    0,    0,    0,    0,    0,    0,    0,    0,    0,    0,    0,    0,    0,    0,    0,    0,    0,    0,    0,    0,    0,    0,    0,    0,    0,    0,    0,    0,    0,    0,    0,    0,    0,    0,    0,    0,    0,    0,    0,    0,    0,    0,    0,    0,    0,    0,    0,    0,    0,    0,    0,    0,    0,    0,    0,    0,    0,    0,    0,    0,    0,    0,    0,    0,    0,    0,    0,    0,    0,    0,    0,    0,    0,    0,
       0,    0,    0,    0,    0,    0,    0,    8,   14,    0,    0,    0,    0,    6,    0,    0,   -4,    0,    0,    8,    0,    0,    0,    0,    0,    0,    0,    0,    0,    0,    0,    0,    0,    0,    0,    0,    0,    0,    0,    0,   17,    0,    0,    0,    0,    0,    0,    0,    0,    0,    0,    0,    0,    0,    0,    0,    0,    0,    0,    0,    0,    0,    0,    0,    0,   14,    0,    0,    0,    0,   14,    0,   -6,    0,    0,    0,    0,    0,    0,    0,    0,    0,    0,    0,    0,    0,    0,    0,    0,    0,    0,    0,    0,    0,    0,    0,    0,    0,    0,    0,    0,    0,    0,    0,    0,    0,    0,    0,    0,    0,    0,    0,    0,    0,    0,    0,    0,    0,    0,    0,    0,    0,    0,    0,    0,    0,    0,    0,    0,    0,    0,    0,    1,    4,    0,   -3,    0,   14,    0,    0,    0,    0,    0,    0,    0,    0,
       0,    0,    0,    0,    0,    0,    0,  -24,    0,    0,    0,  -18,    3,  -12,  -16,  -12,   -2,   -7,   -2,  -23,   -3,   -2,    0,    0,    0,    0,    0,  -26,    0,    0,    0,   -6,    0,  -16,   -4,  -18,  -17,  -22,  -20,  -11,   -4,    0,    0,   -4,    0,    0,   -4,    0,    0,    0,   -4,    0,    0,    0,    0,  -10,    0,    0,    0,    0,    0,    0,    0,    0,    0,    0,    0,    0,    0,    0,    0,    0,    0,    0,  -40,    0,    0,    0,    0,    0,    0,    0,    0,    0,    0,   -8,    0,   -4,    0,    0,    0,    0,  -16,    0,    0,    0,    0,    0,  -26,    0,  -22,    0,   -6,    0,    0,    0,    0,    0,    0,    0,    0,  -10,    0,    0,   -4,    0,    0,    0,    0,    0,   -4,    0,    0,    0,    0,    0,    0,  -18,    0,  -20,    0,    0,    0,    0,    0,    0,    0,    0,    0,    0,    0,    0,    0,  -26,    0,    0,
     -14,  -14,    0,    0,    0,    0,    0,  -28,    0,    0,  -11,   -3,    0,  -10,  -11,   -6,    0,    0,    0,  -20,    0,   -2,    0,    0,    0,    0,    0,  -14,   -8,    2,  -12,   -8,   -4,  -20,  -12,  -24,  -22,  -13,  -24,   -6,  -18,    0,    0,   -8,    3,   -7,    0,    0,    2,    0,   -5,   -1,   -4,   -4,   -5,  -11,  -10,    0,    0,    0,    0,    0,    0,    0,    0,    0,    0,    0,    0,    0,    0,    0,    0,  -28,  -21,  -22,    0,    0,    3,    3,    0,    0,    0,    3,    3,  -11,    0,   -8,    0,    0,   -1,   -8,  -20,    2,   -4,  -12,    0,    0,  -14,    0,  -13,    0,   -8,    0,    0,    0,    0,    0,    0,    0,    3,  -11,    0,    0,   -5,    0,  -10,    0,    0,    3,   -8,   -1,    0,    0,    2,    0,    0,  -24,   -5,  -24,    0,  -22,  -16,    0,    0,    0,  -14,    0,    0,    0,    0,    0,    0,  -14,    0,    0,
       0,    0,    0,    0,    0,    0,    0,    0,    0,    0,    0,    0,    0,    0,    0,    0,    0,    0,   -3,   -8,    0,    0,    0,    0,    0,    0,    0,  -11,   -3,   -3,   20,   -8,    0,  -12,  -16,  -27,  -25,  -11,  -18,    0,    0,    0,   -8,   -7,   -8,  -10,   -1,    0,   25,    0,   -4,   -4,   -4,   -8,   -4,   -4,    0,   -4,    0,    0,    0,    0,    0,    0,    0,    0,    0,    0,    0,    0,    0,    0,    0,    0,    0,  -29,   -8,   -8,   -8,   -8,    0,    0,    0,   -8,   -8,    0,   -8,   -7,    0,    0,   -4,    0,    0,    0,    0,    0,    0,    0,    0,    0,    0,    0,    0,    0,    0,    0,    0,    0,    0,    0,    0,    0,    0,    0,    0,    0,    0,    0,    0,    0,    0,    0,    0,    0,    0,    0,    0,    0,    0,    0,    0,    0,    0,    0,    0,    0,    0,    0,    0,    0,    0,    0,    0,    0,    0,    0,
      -3,  -11,    0,    0,    0,    0,    0,  -12,   -6,    0,  -32,  -18,    0,   -2,  -10,  -11,    0,   -8,    0,  -18,    0,    0,    0,    0,    0,    0,    0,  -32,   -9,    4,  -10,  -11,    0,  -13,  -11,  -21,  -21,  -24,  -24,   -3,  -14,  -62,   -3,   -7,    3,   -3,    0,    0,    0,    0,    0,    0,    0,    0,    0,    0,    0,    0,    0,    0,    0,    0,    0,    0,    4,    0,    6,    4,    0,    0,  -11,    0,    3,   -3,    0,  -35,   -3,   -3,    3,    3,    0,    0,    0,    3,    3,  -11,   -3,   -7,    0,    0,    0,    0,    0,    0,    0,    0,    0,    0,    0,    0,    0,    0,    0,    0,    0,    0,    0,    0,    0,    0,    0,    0,    0,    0,    0,    0,    0,    0,    0,    0,    0,    0,    0,    0,    0,    0,    0,    0,    0,    0,    0,    0,   -6,    0,    0,    6,  -11,    0,    0,  -34,    0,    0,    0,    0,    0,    0,
      -6,  -14,    0,    0,    0,    0,    0,  -10,  -12,    0,    0,   -6,    0,   -1,   -6,    0,    0,    0,    0,  -14,    0,  -11,   -3,    0,    0,   -6,    0,   -6,   -6,    0,  -11,   -6,    0,  -14,  -15,  -13,  -13,   -6,  -16,   -3,   -6,  -11,    0,   -7,    0,   -5,    0,   -4,   -3,    0,   -6,    0,    4,    4,    1,    0,    0,    0,    0,    0,    0,    0,    0,    0,    0,   -8,    0,    0,    0,    0,  -15,    0,   -8,   -3,    0,    0,    0,    0,    0,    0,   -4,   -4,   -4,    0,    0,    0,    0,   -7,   -4,   -4,    0,    0,    0,    0,    0,    0,    0,    0,    0,    0,    0,    0,    0,    0,    0,    0,    0,    0,    0,    0,    0,    0,    0,    0,    0,    0,    0,    0,    0,    0,    0,    0,    0,    0,    0,    0,    0,    0,    0,    0,    0,    0,  -11,  -10,    0,   -6,  -14,  -10,    0,    0,    0,    0,    0,    0,    0,    0,
       0,   13,    0,    0,    0,   -3,    0,    8,   14,    0,    0,    0,    0,    8,    0,    0,    0,    0,    0,   11,    0,    0,    0,    0,    0,    0,    0,    0,    6,    0,    6,    3,    0,   11,    3,   11,   11,    7,   11,    9,   17,    0,    0,    3,    0,    0,    0,    0,    0,    0,   -1,    0,    0,    0,   -2,    0,   -2,    0,    0,    0,    0,    0,    0,    0,    0,   14,    0,    0,    0,    0,   15,    0,   -6,    0,    0,    0,    0,    0,    0,    0,    0,   20,   20,    0,    0,    3,    0,    3,   20,   20,    0,    0,    0,    0,    0,    0,    0,    0,    0,    0,    0,    0,    0,    0,    0,    0,    0,    0,    0,    0,    0,    0,    0,    0,    0,    0,    0,    0,    0,    0,    0,    0,    0,    0,    0,    0,    0,    0,    0,    0,    0,    0,   15,   16,    0,   -3,   13,   14,    0,    0,    0,    0,    0,    0,    0,    0,
       0,   -6,    0,    0,    0,   -3,    0,   -4,   -6,    0,  -15,  -18,    0,   -1,   -8,   -7,    0,   -6,    0,  -11,    0,    0,   -6,    0,    0,   -3,    0,  -18,   -8,    3,  -10,   -6,    0,  -15,  -12,  -19,  -18,  -18,  -21,   -3,   -6,  -28,    0,    0,    0,    0,    2,   -2,   -2,    0,    2,    0,    0,    0,   -1,    0,   -1,    0,    0,    0,    0,    0,    0,    0,    0,    0,    0,    1,    0,    0,   -8,    0,    0,   -3,    0,  -16,    0,    0,    0,    0,   -2,    0,    0,    0,    0,   -2,    0,    0,    0,    0,    0,    0,    0,    0,    0,    0,    0,    0,    0,    0,    0,    0,    0,    0,    0,    0,    0,    0,    0,    0,    0,    0,    0,    0,    0,    0,    0,    0,    0,    0,    0,    0,    0,    0,    0,    0,    0,    0,    0,    0,    0,    0,   -3,   -3,    0,    0,   -6,    0,    0,  -11,    0,    0,    0,    0,    0,    0,
       0,  -35,    0,    0,    0,    0,    0,   -9,  -47,    0,    0,    0,  -10,    0,   -3,   -7,  -10,   -3,  -11,  -18,   -3,  -14,    0,    0,    0,   -3,    0,    1,   -1,  -10,   -8,   -1,    0,  -30,  -22,  -42,  -34,    0,  -36,    0,  -24,    0,   -4,    0,   -8,    0,   -3,   -3,   -8,    0,  -12,    0,  -11,  -14,  -24,    0,  -46,    0,    0,    0,    0,    0,    0,    0,  -10,  -44,  -15,   -9,    0,    0,  -56,    0,  -21,    0,    0,    0,   -4,   -4,   -8,   -8,   -3,   -3,   -3,   -8,   -8,  -11,   -4,    0,   -3,   -3,    0,    0,    0,    0,    0,    0,    0,    0,    0,    0,    0,    0,    0,    0,    0,    0,    0,    0,    0,    0,    0,    0,    0,    0,    0,    0,    0,    0,    0,    0,    0,    0,    0,    0,    0,    0,    0,    0,    0,    0,    0,    0,  -36,  -32,    0,  -21,  -35,  -40,    0,    0,    0,    0,    0,    0,    0,    0,
      -3,  -24,    0,    0,    0,    0,    0,   -8,  -16,    0,    0,    0,    0,    1,    0,    0,   -1,   -3,   -1,  -14,    0,   -9,    0,    0,    0,   -3,    0,    1,    0,   -7,   -8,    0,    0,  -23,  -14,  -31,  -30,    0,  -29,    0,  -19,    0,    0,    0,    0,    0,   -2,    0,   11,    0,   -8,    0,    0,   -4,   -8,    0,  -14,    0,    0,    0,    0,    0,    0,    0,    0,  -16,   -6,   -1,    0,    0,  -24,    0,   -6,    0,    0,    0,    0,    0,    0,    0,    0,    0,    0,    0,    0,   -8,    0,    0,    0,    0,    0,    0,    0,    0,    0,    0,    0,    0,    0,    0,    0,    0,    0,    0,    0,    0,    0,    0,    0,    0,    0,    0,    0,    0,    0,    0,    0,    0,    0,    0,    0,    0,    0,    0,    0,    0,    0,    0,    0,    0,    0,    0,  -23,  -15,    0,   -7,  -24,  -13,    0,    0,    0,    0,    0,    0,    0,    0,
      16,   32,    0,    0,    0,   -3,    0,   35,   35,    0,   -3,    0,   -3,    0,   -3,   -6,   -4,   -4,   -3,  -10,   -3,   -4,    0,    0,    0,   13,   -3,    0,    0,    0,    0,    0,    0,    0,    0,    0,    0,    0,    0,    0,    0,    0,   -4,   38,    0,    8,   -4,   18,   16,    0,   -5,    0,   10,   -1,   -1,    0,   -1,    0,    0,    0,    0,    0,    0,    0,    0,    0,   -8,   -3,    0,    0,   -8,    0,   -6,    0,    0,    0,   -4,   -4,    0,    0,   18,   11,   11,    0,    0,    0,   -4,   38,   11,   11,   10,    0,    0,    0,    0,    0,    0,    0,    0,    0,    0,    0,    0,    0,    0,    0,    0,    0,    0,    0,    0,    0,    0,    0,    0,    0,    0,    0,    0,    0,    0,    0,    0,    0,    0,    0,    0,    0,    0,    0,    0,    0,   30,   38,    0,   -8,   32,    0,    0,    0,    0,    0,    0,    0,    0,    0,
       0,    0,    0,    0,    0,    0,    0,    0,    0,    0,    0,    0,   -3,    0,    0,   -1,    0,    0,   -3,   -3,    0,   -3,    0,    0,    0,    0,    0,    0,    0,   -6,    0,    0,    0,    0,   -9,   -3,   -3,   -3,   -4,    0,    0,    0,    0,    0,   -3,    0,   -1,    0,    6,    0,   -8,    0,   -6,   -7,  -14,    0,  -17,    0,    0,    0,    0,    0,    0,    0,    0,    3,    0,    0,    0,    0,    0,    0,  -14,    0,    0,    0,    0,    0,   -3,   -3,    0,    0,    0,   -3,   -3,    0,    0,    0,    0,    0,    0,    0,    0,    0,    0,    0,    0,    0,    0,    0,    0,    0,    0,    0,    0,    0,    0,    0,    0,    0,    0,    0,    0,    0,    0,    0,    0,    0,    0,    0,    0,    0,    0,    0,    0,    0,    0,    0,    0,    0,    0,    0,    0,    0,    0,  -10,    0,    0,    0,    0,    0,    0,    0,    0,    0,    0,
       0,    0,    0,    0,    0,    0,    0,    0,    0,    0,    0,    0,   -4,   -2,   -4,   -7,  -13,  -10,   -8,    0,   -4,   -5,    0,    0,    0,    0,    0,    0,    0,   -6,    6,    0,    0,    0,    0,    0,    0,    0,    0,    0,    0,    0,   -8,    0,  -11,   -2,   -5,    0,    0,    0,  -12,   -5,   -7,  -14,  -13,    0,  -22,    0,    0,    0,    0,    0,    0,    0,    0,    3,   -8,    0,    0,    0,    0,    0,    0,    0,    0,    0,   -8,   -8,  -11,  -11,    0,    1,    1,  -11,  -11,    0,   -8,    0,    1,    1,   -5,    0,    0,    0,    0,    0,    0,    0,    0,    0,    0,    0,    0,    0,    0,    0,    0,    0,    0,    0,    0,    0,    0,    0,    0,    0,    0,    0,    0,    0,    0,    0,    0,    0,    0,    0,    0,    0,    0,    0,    0,    0,    0,    0,    0,    0,    0,    0,    0,    0,    0,    0,    0,    0,    0,    0,
       0,    0,    0,    0,    0,   -3,    0,    0,    0,    0,    0,    0,    0,    3,    0,   -3,    0,   -3,    0,   -6,    0,   -3,    0,    0,    0,    0,    0,    0,    0,    0,    0,    0,    0,   -5,  -11,  -12,  -11,    0,   -8,    0,    0,    0,    0,    0,    0,    0,    0,    0,    8,    0,   -1,    0,    0,    0,   -3,    0,   -4,    0,    0,    0,    0,    0,    0,    0,    0,    0,   -1,    0,    0,    0,   -2,    0,   -6,    0,    0,    0,    0,    0,    0,    0,    0,    0,    0,    0,    0,    0,    0,    0,    0,    0,    0,    0,    0,    0,    0,    0,    0,    0,    0,    0,    0,    0,    0,    0,    0,    0,    0,    0,    0,    0,    0,    0,    0,    0,    0,    0,    0,    0,    0,    0,    0,    0,    0,    0,    0,    0,    0,    0,    0,    0,    0,    0,    0,    0,    0,   -3,    0,   -1,    0,    0,    0,    0,    0,    0,    0,    0,
       0,  -60,    0,    0,    0,    0,    0,   -6,  -47,    0,    0,    0,    0,   -2,   -5,    0,    1,    0,    0,  -18,    0,  -18,    0,    0,    0,    0,    0,    0,   -2,   -5,   -5,   -1,   -2,  -36,  -26,  -43,  -38,   -2,  -33,    1,  -37,    0,    0,    0,    0,   -1,    0,    0,    0,    0,   -5,    0,   -4,   -6,  -22,    0,  -18,    0,    0,    0,    0,    0,    0,    0,    0,  -36,    0,    0,    0,    0,  -62,    0,  -10,    0,    0,   -1,    0,    0,    0,    0,    0,    0,    0,    0,    0,   -9,    0,    0,    0,    0,    0,    0,    0,    0,    0,    0,    0,    0,    0,    0,    0,    0,    0,    0,    0,    0,    0,    0,    0,    0,    0,    0,    0,    0,    0,    0,    0,    0,    0,    0,    0,    0,    0,    0,    0,    0,    0,    0,    0,    0,    0,    0,  -50,  -40,    0,   -6,  -60,  -47,    0,    0,    0,    0,    0,    0,    0,    0,
       0,   -8,    0,    0,    0,   -4,    0,   -3,   -8,    0,   -3,    0,   -3,    0,   -3,   -6,   -4,   -4,   -3,  -10,   -3,   -4,    0,    0,    0,   -8,   -3,    0,    0,   -3,   -3,    0,    0,   -8,   -8,  -10,  -12,    0,  -16,    0,    0,    0,   -4,    0,    0,    0,   -4,    0,    0,    0,   -5,    0,    0,   -1,    0,    0,   -2,    0,    0,    0,    0,    0,    0,    0,    0,    0,   -8,   -3,    0,    0,   -8,    0,   -6,    0,    0,    0,   -4,   -4,    0,    0,    0,    0,    0,    0,    0,   -3,   -4,    0,    0,    0,    0,    0,    0,    0,    0,    0,    0,    0,    0,    0,    0,    0,    0,    0,    0,    0,    0,    0,    0,    0,    0,    0,    0,    0,    0,    0,    0,    0,    0,    0,    0,    0,    0,    0,    0,    0,    0,    0,    0,    0,    0,    0,   -9,   -8,    0,   -8,   -8,    0,    0,    0,    0,    0,    0,    0,    0,    0,
       0,   14,    0,    0,    0,    0,    0,   19,   18,    0,    0,    0,    1,    6,    3,    0,   -1,    0,    1,   -8,    5,    1,    0,    0,    0,  -11,    0,    2,    8,    0,    2,   11,    0,    6,    3,    2,    4,   17,    2,   14,   16,   -2,    0,   18,   -2,    0,    0,    0,    0,    0,   -3,    3,   -2,   -3,    2,    0,    2,    3,    0,    0,    0,    0,    0,    0,    0,    3,  -11,   -8,    0,    0,    0,    0,   -6,    0,    0,    0,    0,    0,   -2,   -2,    0,    0,    0,   -2,   -2,   -4,    0,   18,    0,    0,    3,    0,    0,    0,    0,    0,    0,    0,    0,    0,    0,    0,    0,    0,    0,    0,    0,    0,    0,    0,    0,    0,    0,    0,    0,    0,    0,    0,    0,    0,    0,    0,    0,    0,    0,    0,    0,    0,    0,    0,    0,    0,   19,   27,    0,   -6,   14,    2,    0,    0,    0,    0,    0,    0,    0,    0,
       0,  -12,    0,    0,    0,   -3,    0,    1,   -9,    0,    0,    0,    0,    6,    0,   -4,   -1,   -3,    0,  -11,    0,   -4,   -1,    0,    0,   -6,    0,    0,    0,    0,   -6,    0,    0,  -12,  -10,  -23,  -19,    0,  -21,    0,  -11,    0,    0,    0,   -1,    0,    2,    0,    4,    0,   -2,    2,    0,    0,   -5,    0,   -5,    0,    0,    0,    0,    0,    0,    0,    0,   -5,   -2,    0,    0,    0,  -16,    0,   -3,    0,    0,    0,    0,    0,   -1,   -1,    0,    0,    0,   -1,   -1,   -4,    0,    0,    0,    0,    2,    0,    0,    0,    0,    0,    0,    0,    0,    0,    0,    0,    0,    0,    0,    0,    0,    0,    0,    0,    0,    0,    0,    0,    0,    0,    0,    0,    0,    0,    0,    0,    0,    0,    0,    0,    0,    0,    0,    0,    0,    0,   -9,   -7,    0,   -3,  -12,   -8,    0,    0,    0,    0,    0,    0,    0,    0,
       0,    6,    0,    0,    0,  -21,    0,   11,    0,    0,  -35,  -36,  -10,   -8,  -15,  -15,  -22,  -15,  -19,    0,  -12,   -8,  -10,    0,    0,    0,  -11,  -35,   -1,  -12,   -2,    0,   -8,    0,   -1,    0,    0,    0,    0,    0,    0,  -40,  -22,    3,  -21,  -14,  -22,   -8,  -10,  -12,  -19,  -16,  -14,  -21,  -14,  -21,  -18,  -18,    0,    0,    0,    0,    0,    0,   -6,   14,  -16,   -7,    0,    0,    6,    0,   -8,  -14,    0,  -38,  -22,  -22,  -21,  -21,   -8,    2,    2,  -21,  -21,    0,  -22,    3,    2,    2,  -16,    0,    0,    0,    0,    0,    0,    0,    0,    0,    0,    0,    0,    0,    0,    0,    0,    0,    0,    0,    0,    0,    0,    0,    0,    0,    0,    0,    0,    0,    0,    0,    0,    0,    0,    0,    0,    0,    0,    0,    0,    0,    6,    6,    0,   -4,    6,   11,    0,  -42,    0,    0,    0,    0,    0,    0,
       0,   11,    0,    0,    0,    0,    0,    0,   14,    0,    0,    0,    0,    0,    0,    0,    0,    0,    0,    0,    0,    0,    0,    0,    0,    0,    0,    0,   11,    0,   11,   11,    0,   11,   11,    0,    0,    0,    0,   11,    0,    0,    0,   11,    0,    0,    0,    0,    0,    0,    0,    0,    0,    0,    0,    0,    0,    0,    0,    0,    0,    0,    0,    0,    0,   11,    0,    0,    0,    0,   11,    0,    0,    0,    0,    0,    0,    0,    0,    0,    0,    0,    0,    0,    0,    0,    0,   11,    0,    0,    0,    0,    0,    0,    0,    0,    0,    0,    0,    0,    0,    0,    0,    0,    0,    0,    0,    0,    0,    0,    0,    0,    0,    0,    0,    0,    0,    0,    0,    0,    0,    0,    0,    0,    0,    0,    0,    0,    0,    0,    0,    0,   11,   14,    0,    0,   11,   11,    0,    0,    0,    0,    0,    0,    0,    0,
       0,    0,    0,    0,    0,    0,    0,    0,    0,    0,    0,    0,   -3,    0,    0,   -1,    0,    0,   -3,   -3,    0,   -3,    0,    0,    0,    0,    0,    0,    0,    0,    0,    0,    0,    0,    0,    0,    0,    0,    0,    0,    0,    0,    0,    0,    0,    0,    0,    0,    0,    0,    0,    0,    0,    0,    0,    0,    0,    0,    0,    0,    0,    0,    0,    0,    0,    3,    0,    0,    0,    0,    0,    0,  -14,    0,    0,    0,    0,    0,    0,    0,    0,    0,    0,    0,    0,    0,    0,    0,    0,    0,    0,    0,    0,   -6,    0,   -3,    0,    0,    0,    0,   -3,    0,    0,   -6,   -3,    0,    0,   -6,    0,    0,   -3,    0,   -3,    0,   -8,  -11,  -11,  -11,    0,   -3,    0,    0,    0,    0,    0,   -3,   -8,   -3,  -14,   -4,    0,    0,    0,    0,    0,  -10,    0,    0,    0,    0,    0,    0,    0,    0,    0,    0,
       0,  -13,    0,    0,    0,    0,    0,    0,    0,    0,    0,    0,    0,    0,    0,    0,    0,    0,    0,  -11,    0,    0,    0,    0,    0,    0,    0,    0,    0,    0,    0,    0,    0,    0,    0,    0,    0,    0,    0,    0,    0,    0,    0,    0,    0,    0,    0,    0,    0,    0,    0,    0,    0,    0,    0,    0,    0,    0,    0,    0,    0,    0,    0,    0,    0,    0,    0,    0,    0,    0,    0,    0,    0,    0,    0,    0,    0,    0,    0,    0,    0,    0,    0,    0,    0,    0,    0,    0,    0,    0,    0,    0,   -8,    0,    0,    0,    0,  -13,    0,    0,    0,    0,    0,    0,  -17,    0,    0,    0,    0,    0,    0,   -3,   -3,    0,    0,   -6,  -13,   -7,    0,    0,    0,    0,    0,    0,    0,  -17,   -8,  -30,  -11,  -16,    0,    0,  -11,    0,    0,    0,  -13,    0,    0,    0,    0,    0,    0,    0,    0,    0,
       0,    6,    0,    0,    0,  -17,    0,    0,    5,    0,  -38,  -30,   -3,    0,    0,   -6,  -26,   -8,  -20,    1,   -6,    0,    0,    0,    0,    0,  -16,    0,    0,    0,    0,    0,    0,    0,    0,    0,    0,    0,    0,    0,    8,  -44,    0,    0,    0,    0,    0,    0,    0,    0,    0,    0,    0,    0,    0,    0,    0,    0,    0,   -2,    0,    0,    0,    0,   -6,    5,  -20,  -30,    0,    0,    2,    0,  -16,   -6,    0,    0,    0,    0,    0,    0,    0,    0,    0,    0,    0,    0,    0,    0,    0,    0,    0,    0,    1,   -7,   -3,   -3,  -34,    0,  -35,  -34,   -3,    0,    0,   -4,    0,  -17,  -25,   -6,  -24,  -35,  -31,  -29,  -26,  -45,  -19,  -27,  -22,  -24,  -32,  -31,    0,  -24,    0,    0,   -8,    0,  -21,    0,  -19,    0,  -25,  -49,   11,   12,    0,   -8,    6,    1,    0,  -38,    0,    0,    0,    0,    0,    0,
       0,    8,    0,    0,    0,    0,    0,    3,    3,    0,    0,    0,    0,    3,    0,    0,    0,    0,    0,    0,    0,    0,    3,    0,    0,    0,    0,    0,    0,    0,    0,    0,    0,    0,    0,    0,    0,    0,    0,    0,    0,   -1,    0,    0,    0,    0,    0,    0,    0,    0,    0,    0,    0,    0,    0,    0,    0,    0,    0,    0,    0,    0,    0,    0,    0,    7,    0,    0,    0,    0,    0,    0,   -8,    0,    0,    0,    0,    0,    0,    0,    0,    0,    0,    0,    0,    0,    0,    0,    0,    0,    0,    0,    0,   -3,    0,    0,    0,    0,   -3,    0,    0,    0,    0,   -4,   -4,    0,    0,    0,    0,    0,    0,   -3,   -3,    0,   -4,  -22,   -8,  -22,   -3,    0,    0,    0,    0,    0,    0,    0,   -6,   -1,  -11,   -2,    0,   -2,   10,   11,    0,    0,    8,    0,    0,    0,    0,    0,    0,    0,    0,    0,
       0,   -6,    0,    0,    0,    0,    0,   -7,    0,    0,   -5,   -5,    0,   -5,   -8,    0,    0,    0,    0,  -10,    0,   -1,    0,    0,    0,    0,    0,    0,    0,    0,    0,    0,    0,    0,    0,    0,    0,    0,    0,    0,    0,  -22,    0,    0,    0,    0,    0,    0,    0,    0,    0,    0,    0,    0,    0,    0,    0,    0,    0,    0,    0,    0,    0,    0,    0,   -3,    0,    0,    0,    0,   -8,    0,    0,   -3,    0,    0,    0,    0,    0,    0,    0,    0,    0,    0,    0,    0,    0,    0,    0,    0,    0,   -1,   -7,    0,   -2,   -4,   -4,   -8,  -11,   -4,   -7,    0,   -1,    0,   -3,   -3,    0,   -3,    0,   -3,    0,   -7,   -6,    0,   -4,   -7,   -8,  -15,   -7,    0,   -1,    0,    0,    0,    0,   -8,   -8,   -9,   -8,   -9,    0,  -13,   -4,    0,    0,    0,   -6,   -6,    0,   -7,    0,    0,    0,    0,    0,    0,
       0,    0,    0,    0,    0,    0,    0,    0,    0,    0,    0,    0,   -4,   -2,   -4,   -7,  -13,  -10,   -8,    0,   -4,   -5,    0,    0,    0,    0,    0,    0,    0,    0,    0,    0,    0,    0,    0,    0,    0,    0,    0,    0,    0,    0,    0,    0,    0,    0,    0,    0,    0,    0,    0,    0,    0,    0,    0,    0,    0,    0,    0,    0,    0,    0,    0,    0,    0,    3,   -8,    0,    0,    0,    0,    0,    0,    0,    0,    0,    0,    0,    0,    0,    0,    0,    0,    0,    0,    0,    0,    0,    0,    0,    0,    0,    0,   -6,    0,    0,    0,    0,    0,    0,    0,    0,    0,  -11,   -1,    0,   -8,   -4,    0,    0,  -11,    0,  -10,   -3,  -12,  -15,  -12,  -16,    0,  -11,    0,   -5,    0,    1,   -3,   -6,  -16,   -1,  -13,    0,   -8,    0,    0,    0,    0,    0,    0,    0,    0,    0,    0,    0,    0,    0,    0,    0,
       0,    0,    0,    0,    0,  -14,    0,    0,    0,    0,  -26,  -24,   -6,   -5,  -10,  -11,  -16,  -13,  -11,    0,   -6,   -8,   -8,    0,    0,    0,  -13,    0,    0,    0,    0,    0,    0,    0,    0,    0,    0,    0,    0,    0,    0,  -34,    0,    0,    0,    0,    0,    0,    0,    0,    0,    0,    0,    0,    0,    0,    0,    0,    0,    0,    0,    0,    0,    0,   -6,    0,  -14,   -4,    0,    0,    0,    0,   -8,   -8,    0,    0,    0,    0,    0,    0,    0,    0,    0,    0,    0,    0,    0,    0,    0,    0,    0,   -3,    0,   -7,   -7,   -4,  -10,    0,  -22,  -10,   -6,    0,   -3,   -7,    0,  -11,  -17,  -10,   -9,  -15,  -11,  -14,  -14,  -19,  -16,  -19,  -12,  -18,  -21,  -11,    0,  -12,   -7,   -1,   -7,    0,  -14,    0,  -15,    0,  -17,  -26,    0,    0,    0,   -3,    0,    0,    0,  -23,    0,    0,    0,    0,    0,    0,
       0,  -20,    0,    0,    0,    0,    0,    0,    0,    0,   -4,    0,    0,    0,    0,    0,    0,    0,    0,  -11,    0,    0,    0,    0,    0,    0,    0,    0,    0,    0,    0,    0,    0,    0,    0,    0,    0,    0,    0,    0,    0,    0,    0,    0,    0,    0,    0,    0,    0,    0,    0,    0,    0,    0,    0,    0,    0,    0,    0,    0,    0,    0,    0,    0,    0,    0,    0,    0,    0,    0,    0,    0,    0,    0,    0,    0,    0,    0,    0,    0,    0,    0,    0,    0,    0,    0,    0,    0,    0,    0,    0,    0,  -24,    0,    0,   -3,   -6,  -21,   -8,   -6,   -8,    0,    0,    3,  -26,    0,    0,    0,    0,   -6,    0,   -8,   -3,   -6,   -3,   -6,  -13,   -6,    0,    0,   -3,    0,    0,    0,    0,  -17,    0,  -34,  -12,  -33,    0,    0,  -26,    0,    0,    0,  -20,    0,    0,    0,    0,    0,    0,    0,    0,    0,
       0,  -32,    0,    0,    0,    0,    0,    0,    0,    0,    0,    0,    0,    0,    0,    0,    0,    0,    0,  -11,    0,    0,    0,    0,    0,    0,    0,    0,    0,    0,    0,    0,    0,    0,    0,    0,    0,    0,    0,    0,    0,    0,    0,    0,    0,    0,    0,    0,    0,    0,    0,    0,    0,    0,    0,    0,    0,    0,    0,    0,    0,    0,    0,    0,    0,    0,    0,    0,    0,    0,    0,    0,    0,    0,    0,    0,    0,    0,    0,    0,    0,    0,    0,    0,    0,    0,    0,    0,    0,    0,    0,    0,  -18,   -7,    0,    0,    0,  -16,    0,    0,    0,    0,    0,   -6,  -34,    0,    0,   -6,    0,    0,    0,    0,   -3,    0,  -11,  -13,  -21,  -18,    0,    0,   -3,    0,    0,    0,   -3,  -24,  -17,  -38,  -24,  -24,    0,    0,  -15,    0,    0,    0,  -32,    0,    0,    0,    0,    0,    0,    0,    0,    0,
       0,   -3,    0,    0,    0,   -3,    0,    0,    0,    0,    0,    0,   -8,    0,    0,   -8,  -16,   -6,  -11,   -6,   -7,  -11,   -1,    0,    0,    0,    0,    0,    0,    0,    0,    0,    0,    0,    0,    0,    0,    0,    0,    0,    0,    0,    0,    0,    0,    0,    0,    0,    0,    0,    0,    0,    0,    0,    0,    0,    0,    0,    0,    0,    0,    0,    0,    0,  -14,    0,  -13,  -19,    0,    0,    0,    0,  -22,   -6,    0,    0,    0,    0,    0,    0,    0,    0,    0,    0,    0,    0,    0,    0,    0,    0,    0,    0,   -4,  -12,   -4,   -3,    6,   -3,    0,    6,    0,    0,    0,  -19,   -6,    3,   -6,  -15,    0,    3,  -12,    0,    0,    2,  -12,  -24,  -23,  -34,    0,  -12,    0,   -1,   -3,   -3,   -2,  -12,  -24,   -7,  -30,    0,   -6,    0,    0,    0,    0,  -16,   -3,   -6,    0,    0,    0,    0,    0,    0,    0,    0,
       0,   12,    0,    0,    0,  -32,    0,    0,    0,    0,  -55,  -39,  -16,    4,   -9,  -11,  -41,  -18,  -28,    4,  -13,   -8,  -16,    0,    0,    0,  -32,    0,    0,    0,    0,    0,    0,    0,    0,    0,    0,    0,    0,    0,    4,  -70,    0,    0,    0,    0,    0,    0,    0,    0,    0,    0,    0,    0,    0,    0,    0,    0,    0,  -10,    0,    0,    0,    0,  -12,    3,  -26,  -28,    0,    0,    0,    0,  -22,  -24,    0,    0,    0,    0,    0,    0,    0,    0,    0,    0,    0,    0,    0,    0,    0,    0,    0,    0,    8,  -16,   -8,    0,  -44,    8,  -54,  -44,    8,    7,    0,  -15,    7,  -12,  -32,   -6,  -27,  -43,  -34,  -28,  -31,  -46,  -28,  -20,  -21,  -27,  -48,  -34,    0,  -36,   -4,    1,  -14,    3,  -16,    5,  -22,    9,  -32,  -54,   15,    6,    0,  -22,   12,    0,    0,  -60,    0,    0,    0,    0,    0,    0,
       0,  -35,    0,    0,    0,    0,    0,   -9,  -47,    0,    0,    0,  -10,    0,   -3,   -7,  -10,   -3,  -11,  -18,   -3,  -14,    0,    0,    0,   -3,    0,    0,    0,    0,    0,    0,    0,    0,    0,    0,    0,    0,    0,    0,  -24,    0,    0,    0,    0,    0,    0,    0,    0,    0,    0,    0,    0,    0,    0,    0,    0,    0,    0,    0,    0,    0,    0,    0,  -10,  -44,  -15,   -9,    0,    0,  -56,    0,  -21,    0,    0,    0,    0,    0,    0,    0,    0,    0,    0,    0,    0,    0,    0,    0,    0,    0,    0,   -1,  -30,  -10,    0,   -8,    0,  -20,    1,    0,    0,    0,   -1,  -20,  -45,    0,   -4,  -20,    0,    0,   -8,    0,   -6,    0,  -12,  -22,  -23,  -30,    0,   -8,    0,    0,   -3,   -3,   -7,  -32,  -28,  -40,  -24,  -36,   -4,    0,  -36,  -32,    0,  -21,  -35,  -40,    0,    0,    0,    0,    0,    0,    0,    0,
       0,  -10,    0,    0,    0,    0,    0,   -8,   -7,    0,   -6,  -14,    0,   -1,   -8,   -1,    0,    0,    0,   -7,    0,   -4,    0,    0,    0,    0,    6,    0,    0,    0,    0,    0,    0,    0,    0,    0,    0,    0,    0,    0,   -8,  -20,    0,    0,    0,    0,    0,    0,    0,    0,    0,    0,    0,    0,    0,    0,    0,    0,    0,    0,    0,    0,    0,    0,    6,    0,    3,    6,    0,    0,   -3,    0,   -1,    0,    0,    0,    0,    0,    0,    0,    0,    0,    0,    0,    0,    0,    0,    0,    0,    0,    0,   -6,   -8,   -1,    0,   -4,    0,  -13,  -15,    0,  -12,    0,   -5,    0,  -11,   -3,    0,    0,    0,   -8,    3,   -7,   -3,   -4,   -4,   -3,   -4,   -4,   -6,    3,   -4,    0,    0,    0,    0,   -6,   -7,  -15,  -14,  -17,    0,  -17,   -7,   -6,    0,    0,  -10,    0,    0,   -8,    0,    0,    0,    0,    0,    0,
       0,    0,    0,    0,    0,    0,    0,    0,    0,    0,    3,    0,    0,    3,    0,    0,    0,    0,    0,    0,    0,    0,    0,    0,    0,    0,    0,    0,    0,    0,    0,    0,    0,    0,    0,    0,    0,    0,    0,    0,    0,    0,    0,    0,    0,    0,    0,    0,    0,    0,    0,    0,    0,    0,    0,    0,    0,    0,    0,    0,    0,    0,    0,    0,    0,    0,    0,    0,    0,    0,    0,    0,    0,    0,    0,    0,    0,    0,    0,    0,    0,    0,    0,    0,    0,    0,    0,    0,    0,    0,    0,    0,   -7,   -8,    0,   21,   -1,   -3,    0,    6,    0,    0,    0,  -11,   -5,    3,   -5,   -7,    0,    6,   -7,    0,   -7,   -1,   -1,  -18,    0,  -19,    3,   -7,    0,   -5,    0,    0,   38,  -12,  -19,   -5,  -15,   -4,   -5,    0,    0,    0,    0,    0,    0,    0,    0,    0,    0,    0,    0,    0,    0,    0,
       0,   -6,    0,    0,    0,    0,    0,   -8,   -7,    0,  -13,   -2,    3,   -4,   -3,   -4,    0,   -3,    0,   -6,    0,    0,    0,    0,    0,    0,    8,    0,    0,    0,    0,    0,    0,    0,    0,    0,    0,    0,    0,    0,   -1,  -23,    0,    0,    0,    0,    0,    0,    0,    0,    0,    0,    0,    0,    0,    0,    0,    0,    0,    0,    0,    0,    0,    0,    4,    1,    2,    4,    0,    0,  -10,    0,    0,   -3,    0,    0,    0,    0,    0,    0,    0,    0,    0,    0,    0,    0,    0,    0,    0,    0,    0,   -6,   -7,    7,    0,   -7,  -14,  -18,  -16,  -14,  -12,    0,   -8,    0,   -6,   -7,    0,    0,    0,  -12,    0,    0,   -2,  -15,    0,    0,    0,    1,  -10,    0,   -3,    0,    0,    0,    0,    0,    0,  -13,    0,  -10,    0,  -21,   -3,    0,    0,    6,   -6,    0,    0,  -19,    0,    0,    0,    0,    0,    0,
       0,    4,    0,    0,    0,  -11,    0,   -7,    6,    0,  -49,  -29,    0,    0,   -3,   -3,  -14,   -8,   -6,    0,    0,    3,    4,    0,    0,   -3,   -6,    0,    0,    0,    0,    0,    0,    0,    0,    0,    0,    0,    0,    0,    1,  -68,    0,    0,    0,    0,    0,    0,    0,    0,    0,    0,    0,    0,    0,    0,    0,    0,    0,    0,    0,    0,    0,    0,    4,    5,   -3,    0,    0,    0,    0,    0,    0,    0,    0,    0,    0,    0,    0,    0,    0,    0,    0,    0,    0,    0,    0,    0,    0,    0,    0,   -4,    1,    3,    1,   -4,  -35,   -6,  -36,  -35,  -11,    0,   -3,    0,    0,   -8,   -6,    0,   -1,  -27,   -8,    0,   -3,  -30,    0,    0,    6,    1,  -13,   -8,   -6,   -6,    1,    1,    0,    0,    0,   -4,    6,   -5,   -6,  -41,    9,    8,    0,    3,    4,    0,    0,  -51,    0,    0,    0,    0,    0,    0,
       0,    6,    0,    0,    0,  -17,    0,    0,    5,    0,  -38,  -30,   -3,    0,    0,   -6,  -26,   -8,  -20,    1,   -6,    0,    0,    0,    0,    0,  -16,    0,    0,    0,    0,    0,    0,    0,    0,    0,    0,    0,    0,    0,    8,  -44,    0,    0,    0,    0,    0,    0,    0,    0,    0,    0,    0,    0,    0,    0,    0,    0,    0,   -2,    0,    0,    0,    0,   -6,    5,  -20,  -30,    0,    0,    2,    0,  -16,   -6,    0,    0,    0,    0,    0,    0,    0,    0,    0,    0,    0,    0,    0,    0,    0,    0,    0,    0,    1,   -7,   -3,   -3,  -25,    0,  -31,  -25,   -3,    0,   -3,   -4,    0,  -14,  -25,    0,  -15,  -33,  -31,  -24,  -20,  -41,  -22,  -27,  -19,  -17,  -30,  -31,    0,  -20,   -6,    4,   -6,    0,  -17,    0,  -19,    0,  -25,  -35,   11,   12,    0,   -8,    6,    1,    0,  -38,    0,    0,    0,    0,    0,    0,
      -3,  -11,    0,    0,    0,    0,    0,  -12,   -6,    0,  -31,  -18,    0,   -8,  -10,  -11,    0,   -8,    3,  -18,    0,    0,    0,    0,    0,    0,    0,    0,    0,    0,    0,    0,    0,    0,    0,    0,    0,    0,    0,    0,  -14,  -62,    0,    0,    0,    0,    0,    0,    0,    0,    0,    0,    0,    0,    0,    0,    0,    0,    0,    0,    0,    0,    0,    0,    4,    0,    6,    4,    0,    0,  -11,    0,    3,   -3,    0,    0,    0,    0,    0,    0,    0,    0,    0,    0,    0,    0,    0,    0,    0,    0,    0,   -8,  -13,    4,    0,  -10,  -19,  -22,  -32,  -19,  -20,    0,   -8,    3,   -4,  -10,   -3,    0,    0,  -18,    3,    0,   -3,  -21,    0,    0,    0,    0,   -6,    3,   -7,    0,    0,    0,    0,    0,    0,  -22,    0,  -23,   -3,  -22,   -6,    0,    0,    6,  -11,    0,    0,  -34,    0,    0,    0,    0,    0,    0,
      -3,  -24,    0,    0,    0,    0,    0,   -8,  -16,    0,    0,    0,    0,    1,    0,    0,   -1,   -3,   -1,  -14,    0,   -9,    0,    0,    0,   -3,    0,    0,    0,    0,    0,    0,    0,    0,    0,    0,    0,    0,    0,    0,  -19,    0,    0,    0,    0,    0,    0,    0,    0,    0,    0,    0,    0,    0,    0,    0,    0,    0,    0,    0,    0,    0,    0,    0,    0,  -16,   -6,   -1,    0,    0,  -24,    0,   -6,    0,    0,    0,    0,    0,    0,    0,    0,    0,    0,    0,    0,    0,    0,    0,    0,    0,    0,    0,  -23,   -7,    0,   -8,    0,    0,    1,    0,    0,    0,    0,    0,    0,    0,    0,   -3,    0,    3,    0,    0,    0,    3,   -8,  -11,   -7,  -12,    0,    0,    0,    0,    0,    0,    0,    0,   -8,  -31,   -8,  -29,    0,    0,  -23,  -15,    0,   -7,  -24,  -13,    0,    0,    0,    0,    0,    0,    0,    0,
       0,    0,    0,    0,    0,    0,    0,    0,    0,    0,   -8,    0,    0,    0,    0,    0,    0,    0,    0,   -8,    0,    0,    0,    0,    0,    0,    0,    0,    0,    0,    0,    0,    0,    0,    0,    0,    0,    0,    0,    0,    0,    0,    0,    0,    0,    0,    0,    0,    0,    0,    0,    0,    0,    0,    0,    0,    0,    0,    0,    0,    0,    0,    0,    0,    0,    0,    0,    0,    0,    0,    0,    0,    0,    0,    0,    0,    0,    0,    0,    0,    0,    0,    0,    0,    0,    0,    0,    0,    0,    0,    0,    0,    0,    0,    0,    0,    0,    0,   -2,    0,    0,    0,    0,    0,    0,    0,   -3,    0,    0,   -8,    0,   -6,   -3,   -8,    0,    0,   -6,   -4,   -3,    0,    0,    0,    0,    0,    0,    0,    0,    0,   -6,    0,   -3,    0,   -3,    0,    0,    0,    0,    0,    0,    0,    0,    0,    0,    0,    0,    0,
       0,  -11,    0,    0,    0,    0,    0,    0,    0,    0,    0,    0,    0,    0,    0,    0,    0,    0,    0,   -8,    0,    0,    0,    0,    0,    0,    0,    0,    0,    0,    0,    0,    0,    0,    0,    0,    0,    0,    0,    0,    0,    0,    0,    0,    0,    0,    0,    0,    0,    0,    0,    0,    0,    0,    0,    0,    0,    0,    0,    0,    0,    0,    0,    0,    0,    0,    0,    0,    0,    0,    0,    0,    0,    0,    0,    0,    0,    0,    0,    0,    0,    0,    0,    0,    0,    0,    0,    0,    0,    0,    0,   -1,    0,    0,    0,    0,    0,    0,    0,    0,    0,    0,   -1,    0,    0,    0,    0,    0,    0,    0,    0,   -2,    0,    0,    0,    0,    0,    0,    0,    0,    0,    0,    0,    0,    0,    0,    0,    0,    0,    0,    0,    0,    0,    0,    0,    0,  -11,    0,    0,    0,    0,    0,    0,    0,    0,    0,
       0,    0,    0,    0,    0,    0,    0,    0,    0,    0,  -20,    0,    0,    0,    0,    0,    0,    0,    0,   -6,    0,    0,    0,    0,    0,    0,    0,    0,    0,    0,    0,    0,    0,    0,    0,    0,    0,    0,    0,    0,    0,    0,    0,    0,    0,    0,    0,    0,    0,    0,    0,    0,    0,    0,    0,    0,    0,    0,    0,    0,    0,    0,    0,    0,    0,    0,    0,    0,    0,    0,    0,    0,    0,    0,    0,    0,    0,    0,    0,    0,    0,    0,    0,    0,    0,    0,    0,    0,    0,    0,    0,    0,    0,    0,    0,    0,    0,    0,   -3,    0,    0,    0,    0,    2,    0,    0,   -6,    0,    0,  -12,    0,    0,    0,  -21,    0,    0,    4,    0,  -11,    0,   -4,    0,    0,    0,    0,    0,    0,    0,    0,    0,   -6,    0,    0,    0,    0,    0,    0,    0,    0,    0,    0,    0,    0,    0,    0,    0,
       0,    0,    0,    0,    0,    0,    0,    0,    0,    0,    0,    0,    0,    0,    0,    0,    0,    0,    0,    0,    0,    0,    0,    0,    0,    0,    0,    0,    0,    0,    0,    0,    0,    0,    0,    0,    0,    0,    0,    0,    0,    0,    0,    0,    0,    0,    0,    0,    0,    0,    0,    0,    0,    0,    0,    0,    0,    0,    0,    0,    0,    0,    0,    0,    0,    0,    0,    0,    0,    0,    0,    0,    0,    0,    0,    0,    0,    0,    0,    0,    0,    0,    0,    0,    0,    0,    0,    0,    0,    0,    0,    0,  -24,    0,    0,   20,    0,  -16,    0,    0,    0,    0,    0,    0,   -6,    0,   -3,   -1,    0,    3,   -3,    0,    0,   -4,   -1,   -4,    0,    0,    0,   -3,    0,    2,    0,    0,   31,   -6,   -4,  -26,   -1,  -24,   -3,    0,    0,    0,    0,    0,    0,    0,    0,    0,    0,    0,    0,    0,    0,    0,
       0,  -11,    0,    0,    0,    0,    0,  -10,   -8,    0,   -2,   -4,    3,   -5,   -7,   -3,    3,   -3,    6,  -15,    0,    0,    0,    0,    0,   -3,    0,    0,    0,    0,    0,    0,    0,    0,    0,    0,    0,    0,    0,    0,  -14,  -16,    0,    0,    0,    0,    0,    0,    0,    0,    0,    0,    0,    0,    0,    0,    0,    0,    0,    0,    0,    0,    0,    0,    0,   -2,    4,    4,    0,    0,  -20,    0,    0,    0,    0,    0,    0,    0,    0,    0,    0,    0,    0,    0,    0,    0,    0,    0,    0,    0,    0,   -4,  -23,    0,    0,   -8,    0,   -4,   -8,    0,   -8,    0,   -6,    0,   -3,    0,   -1,    0,    0,   -8,    0,   -3,   -3,   -8,   -4,    0,   -2,   -4,   -3,    0,   -7,    0,    0,    0,    0,    0,    0,  -22,   -3,  -26,   -1,   -8,  -12,   -7,    0,    0,  -11,   -2,    0,    0,    0,    0,    0,    0,    0,    0,
      -3,   -6,    0,    0,    0,   -6,    0,   -7,  -11,    0,    0,    0,   -3,    3,   -3,   -6,  -10,   -6,   -6,  -17,   -3,   -3,    0,    0,    0,   -6,   -3,    0,    0,    0,    0,    0,    0,    0,    0,    0,    0,    0,    0,    0,   -6,    0,    0,    0,    0,    0,    0,    0,    0,    0,    0,    0,    0,    0,    0,    0,    0,    0,    0,    0,    0,    0,    0,    0,    0,   -1,  -15,  -17,    0,    0,   -6,    0,  -17,    0,    0,    0,    0,    0,    0,    0,    0,    0,    0,    0,    0,    0,    0,    0,    0,    0,    0,    0,  -11,   -4,    0,  -11,    0,   -3,    1,    0,    0,    0,    0,    0,   -9,    0,   -2,   -3,    0,    0,   -8,    0,   -6,    0,   -8,   -7,    0,   -3,    0,   -8,    0,    0,    0,    0,   -4,    0,    0,  -22,    0,  -24,   -2,    0,   -3,   -2,    0,   -8,   -6,   -6,    0,    0,    0,    0,    0,    0,    0,    0,
       0,  -12,    0,    0,    0,   -3,    0,    1,   -9,    0,    0,    0,    0,    6,    0,   -4,   -1,   -3,    0,  -11,    0,   -4,   -1,    0,    0,   -6,    0,    0,    0,    0,    0,    0,    0,    0,    0,    0,    0,    0,    0,    0,  -11,    0,    0,    0,    0,    0,    0,    0,    0,    0,    0,    0,    0,    0,    0,    0,    0,    0,    0,    0,    0,    0,    0,    0,    0,   -5,   -2,    0,    0,    0,  -16,    0,   -3,    0,    0,    0,    0,    0,    0,    0,    0,    0,    0,    0,    0,    0,    0,    0,    0,    0,    0,    0,  -12,    0,    0,   -6,    0,  -17,    0,    0,    0,    0,    0,    0,   -6,    0,    0,   -1,    0,    2,   -1,    0,    0,   -4,   -2,   -4,   -2,    0,    0,   -1,    0,    2,    0,    0,    1,    0,   -1,  -24,   -1,  -21,    0,    0,   -9,   -7,    0,   -3,  -12,   -8,    0,    0,    0,    0,    0,    0,    0,    0,
      -3,  -22,    0,    0,    0,    0,    0,  -10,  -17,    0,   -8,   -8,    0,   -6,  -10,   -4,    0,   -4,    3,  -22,    0,    0,   -3,    0,    0,   -6,    2,    0,    0,    0,    0,    0,    0,    0,    0,    0,    0,    0,    0,    0,  -14,  -23,    0,    0,    0,    0,    0,    0,    0,    0,    0,    0,    0,    0,    0,    0,    0,    0,    0,    0,    0,    0,    0,    0,    0,   -6,    3,    4,    0,    0,  -23,    0,    0,   -3,    0,    0,    0,    0,    0,    0,    0,    0,    0,    0,    0,    0,    0,    0,    0,    0,    0,   -8,  -24,    0,   -1,   -7,    0,   -4,  -19,    0,  -14,    0,  -10,    0,   -3,    0,   -3,    0,    0,   -8,    3,   -8,   -3,   -8,   -4,    0,   -4,   -4,   -3,    3,   -1,    0,    0,    0,    0,    0,    0,  -22,   -3,  -32,   -3,  -14,  -20,  -11,    0,    0,  -22,   -2,    0,  -12,    0,    0,    0,    0,    0,    0,
       0,   -3,    0,    0,    0,    0,    0,  -11,   -3,    0,   -6,   -6,    0,   -5,   -6,   -3,   -5,   -6,    0,  -16,   -3,    0,    0,    0,    0,   -3,   -3,    0,    0,    0,    0,    0,    0,    0,    0,    0,    0,    0,    0,    0,  -11,  -14,    0,    0,    0,    0,    0,    0,    0,    0,    0,    0,    0,    0,    0,    0,    0,    0,    0,    0,    0,    0,    0,    0,    0,    0,   -3,    0,    0,    0,  -14,    0,   -3,    0,    0,    0,    0,    0,    0,    0,    0,    0,    0,    0,    0,    0,    0,    0,    0,    0,    0,  -10,  -19,    0,   -3,  -14,    0,    0,  -10,    0,  -11,    0,   -6,    0,    0,    0,   -3,   -2,    0,   -7,   -3,   -8,    0,   -6,   -4,   -6,   -3,   -3,   -6,   -3,  -10,    0,    0,    0,    0,    0,    0,  -28,   -6,  -27,   -3,   -6,   -7,   -3,    0,    0,   -3,    0,    0,   -6,    0,    0,    0,    0,    0,    0,
      -3,   -3,    0,    0,    0,  -21,    0,  -18,   -3,    0,  -42,  -25,    1,   -2,   -3,  -10,  -18,  -13,   -8,  -12,   -3,    4,   -6,    0,    0,  -11,  -13,    0,    0,    0,    0,    0,    0,    0,    0,    0,    0,    0,    0,    0,    0,  -45,    0,    0,    0,    0,    0,    0,    0,    0,    0,    0,    0,    0,    0,    0,    0,    0,    0,    0,    0,    0,    0,    0,    0,    2,  -14,  -13,    0,    0,    0,    0,   -6,   -3,    0,    0,    0,    0,    0,    0,    0,    0,    0,    0,    0,    0,    0,    0,    0,    0,    0,  -14,  -20,    0,   -3,  -19,    0,    0,  -37,    0,  -23,    0,  -14,    0,    0,    0,  -10,    0,    0,  -24,  -11,    0,   -4,  -29,    0,    0,   -2,    4,  -17,  -11,  -10,   -7,    0,    0,    0,    0,    0,  -20,    4,  -23,  -10,  -36,   11,    5,    0,   -8,   -3,    4,    0,  -46,    0,    0,    0,    0,    0,    0,
       0,  -27,    0,    0,    0,    0,    0,    0,    0,    0,    0,    0,    0,    0,    0,    0,    0,    0,    0,  -16,    0,    0,    0,    0,    0,    0,    0,    0,    0,    0,    0,    0,    0,    0,    0,    0,    0,    0,    0,    0,    0,    0,    0,    0,    0,    0,    0,    0,    0,    0,    0,    0,    0,    0,    0,    0,    0,    0,    0,    0,    0,    0,    0,    0,    0,    0,    0,    0,    0,    0,    0,    0,    0,    0,    0,    0,    0,    0,    0,    0,    0,    0,    0,    0,    0,    0,    0,    0,    0,    0,    0,    0,   -4,    0,    0,    0,    0,   -6,    0,    0,    0,    0,    0,    0,   -8,    0,    0,   -6,    0,    0,    0,   -3,    0,    3,   -8,  -16,  -19,  -16,   -2,    0,   -8,    0,    0,    0,    0,   -7,  -21,   -9,  -22,   -7,    0,    0,  -22,  -15,    0,    0,  -27,    0,    0,    0,    0,    0,    0,    0,    0,    0,
       0,  -17,    0,    0,    0,    0,    0,    0,    0,    0,    0,    0,    0,    0,    0,    0,    0,    0,    0,   -8,    0,    0,    0,    0,    0,    0,    0,    0,    0,    0,    0,    0,    0,    0,    0,    0,    0,    0,    0,    0,    0,    0,    0,    0,    0,    0,    0,    0,    0,    0,    0,    0,    0,    0,    0,    0,    0,    0,    0,    0,    0,    0,    0,    0,    0,    0,    0,    0,    0,    0,    0,    0,    0,    0,    0,    0,    0,    0,    0,    0,    0,    0,    0,    0,    0,    0,    0,    0,    0,    0,    0,    0,    0,    0,    0,    0,    0,    0,    0,    0,    0,    0,    0,    0,    0,    0,   -3,   -3,    0,    0,    0,    0,    0,    0,    0,   -6,   -6,   -6,   -3,    0,   -3,    0,    0,    0,    1,    0,    0,    0,   -4,    0,   -3,    0,   -8,    0,    0,    0,  -17,    0,    0,    0,    0,    0,    0,    0,    0,    0,
      -3,  -17,    0,    0,    0,    0,    0,  -13,   -7,    0,   -5,   -6,    0,   -1,   -4,   -4,    0,    0,    3,  -15,    0,   -1,    0,    0,    0,   -6,    0,    0,    0,    0,    0,    0,    0,    0,    0,    0,    0,    0,    0,    0,  -17,  -19,    0,    0,    0,    0,    0,    0,    0,    0,    0,    0,    0,    0,    0,    0,    0,    0,    0,    0,    0,    0,    0,    0,    0,   -8,    0,    0,    0,    0,  -12,    0,   -6,   -2,    0,    0,    0,    0,    0,    0,    0,    0,    0,    0,    0,    0,    0,    0,    0,    0,    0,   -5,  -15,    0,    0,  -12,    0,    0,   -7,    0,   -3,    0,   -7,    0,    0,    0,   -3,    0,    0,   -4,    0,   -3,    0,   -4,   -4,    0,   -3,   -3,   -6,    0,   -7,    0,   -2,   -2,    0,    0,   -6,  -25,   -3,  -30,   -3,   -6,  -10,   -6,    0,   -3,  -17,    0,    0,   -3,    0,    0,    0,    0,    0,    0,
       0,    0,    0,    0,    0,   -3,    0,    0,    0,    0,    0,    0,    0,    3,    0,   -3,    0,   -3,    0,   -6,    0,   -3,    0,    0,    0,    0,    0,    0,    0,    0,    0,    0,    0,    0,    0,    0,    0,    0,    0,    0,    0,    0,    0,    0,    0,    0,    0,    0,    0,    0,    0,    0,    0,    0,    0,    0,    0,    0,    0,    0,    0,    0,    0,    0,    0,    0,   -1,    0,    0,    0,   -2,    0,   -6,    0,    0,    0,    0,    0,    0,    0,    0,    0,    0,    0,    0,    0,    0,    0,    0,    0,    0,    0,   -5,    0,    0,    0,    0,    0,    0,    0,    0,    0,    0,    0,    0,    0,    0,    0,    0,    0,    0,    0,    0,    0,   -1,   -7,   -3,   -8,    0,    0,    0,    0,    0,    0,    0,    0,  -11,    9,   -3,   -8,    0,    0,    0,    0,    0,   -3,    0,   -1,    0,    0,    0,    0,    0,    0,    0,    0,
       0,   13,    0,    0,    0,   -3,    0,    8,   14,    0,    0,    0,    0,    8,    0,    0,    0,    0,    0,   11,    0,    0,    0,    0,    0,    0,    0,    0,    0,    0,    0,    0,    0,    0,    0,    0,    0,    0,    0,    0,   17,    0,    0,    0,    0,    0,    0,    0,    0,    0,    0,    0,    0,    0,    0,    0,    0,    0,    0,    0,    0,    0,    0,    0,    0,   14,    0,    0,    0,    0,   15,    0,   -6,    0,    0,    0,    0,    0,    0,    0,    0,    0,    0,    0,    0,    0,    0,    0,    0,    0,    0,    6,   11,    0,    0,    6,    0,    0,    0,    0,    7,    0,    3,    0,    0,    0,    0,    0,    0,    0,    0,    0,    0,    0,   -1,   -7,   -2,   -8,    0,    0,    3,    0,    0,   20,    0,    0,  -11,    9,   -3,   11,    0,    0,   15,   16,    0,   -3,   13,   14,    0,    0,    0,    0,    0,    0,    0,    0,
       0,   -3,    0,    0,    0,   -6,    0,    6,   -3,    0,  -10,   -1,    0,    0,   -6,   -6,   -7,   -6,    0,   -8,   -2,   -3,   -7,    0,    0,   -3,    0,    0,    0,    0,    0,    0,    0,    0,    0,    0,    0,    0,    0,    0,    0,  -18,    0,    0,    0,    0,    0,    0,    0,    0,    0,    0,    0,    0,    0,    0,    0,    0,    0,    0,    0,    0,    0,    0,    0,    0,   -5,   -3,    0,    0,    0,    0,   -6,    0,    0,    0,    0,    0,    0,    0,    0,    0,    0,    0,    0,    0,    0,    0,    0,    0,    0,   -3,   -6,   -3,    0,   14,    0,   -9,   -7,    0,   -4,    0,   -6,    0,   -4,    0,   -3,    0,    0,   -1,    0,   -3,   -3,   -4,   -3,   -2,    0,    0,   -4,    0,   -3,    0,    0,    0,   11,   -2,   -5,  -18,    0,   -7,   -3,   -1,   -6,    0,    0,   -4,   -3,    0,    0,   -4,    0,    0,    0,    0,    0,    0,
      -3,  -23,    0,    0,    0,   -3,    0,  -10,  -19,    0,    0,    0,   -4,    0,   -4,   -6,   -6,   -6,   -3,  -19,   -3,   -9,    0,    0,    0,   -3,    0,    0,    0,    0,    0,    0,    0,    0,    0,    0,    0,    0,    0,    0,  -20,    0,    0,    0,    0,    0,    0,    0,    0,    0,    0,    0,    0,    0,    0,    0,    0,    0,    0,    0,    0,    0,    0,    0,    0,  -15,   -1,    0,    0,    0,  -28,    0,   -6,    0,    0,    0,    0,    0,    0,    0,    0,    0,    0,    0,    0,    0,    0,    0,    0,    0,    0,    0,  -27,   -3,    0,   -8,    0,   -4,    0,    0,    0,    0,    0,    0,   -6,    0,   -3,   -4,    0,    0,    0,    0,   -6,    0,   -6,  -11,  -12,  -11,    0,    0,    0,    0,    0,    0,    0,   -2,   -8,  -36,  -12,  -31,   -3,    0,  -25,  -19,    0,   -4,  -23,  -14,    0,    0,    0,    0,    0,    0,    0,    0,
       0,  -14,    0,    0,    0,    0,    0,    0,    0,    0,    0,    0,    0,    0,    0,    0,    0,    0,    0,   -6,    0,    0,    0,    0,    0,    0,    0,    0,    0,    0,    0,    0,    0,    0,    0,    0,    0,    0,    0,    0,    0,    0,    0,    0,    0,    0,    0,    0,    0,    0,    0,    0,    0,    0,    0,    0,    0,    0,    0,    0,    0,    0,    0,    0,    0,    0,    0,    0,    0,    0,    0,    0,    0,    0,    0,    0,    0,    0,    0,    0,    0,    0,    0,    0,    0,    0,    0,    0,    0,    0,    0,   -4,  -21,    4,    0,   -6,    0,   -8,   -6,    0,   -6,    0,   -4,    0,  -20,   -3,    0,    0,    0,   -3,    0,   -6,    0,    0,    0,   -6,   -8,   -8,   -6,    0,    0,    0,    0,    0,    0,  -16,   -6,  -25,   -6,  -18,    0,   -6,   -6,    0,    0,    0,  -14,    0,    0,    0,    0,    0,    0,    0,    0,    0,
       0,  -22,    0,    0,    0,    0,    0,    0,    0,    0,   -4,    0,    0,    0,    0,    0,    0,    0,    0,    0,    0,    0,    0,    0,    0,    0,    0,    0,    0,    0,    0,    0,    0,    0,    0,    0,    0,    0,    0,    0,    0,    0,    0,    0,    0,    0,    0,    0,    0,    0,    0,    0,    0,    0,    0,    0,    0,    0,    0,    0,    0,    0,    0,    0,    0,    0,    0,    0,    0,    0,    0,    0,    0,    0,    0,    0,    0,    0,    0,    0,    0,    0,    0,    0,    0,    0,    0,    0,    0,    0,    0,    0,    0,    0,    0,    0,    0,    0,    0,    0,    0,    0,    0,    0,    0,    0,    0,    0,    0,    0,    0,    0,    0,    0,   -7,   -8,  -10,   -7,   -3,    0,   -4,    0,    0,    0,    0,    0,  -14,    0,  -11,    0,    0,    0,  -11,    0,    0,    0,  -22,    0,    0,    0,    0,    0,    0,    0,    0,    0,
      -3,    0,    0,    0,    0,  -21,    0,  -14,   -2,    0,  -42,  -23,    0,   -7,   -3,  -11,  -20,  -10,    0,  -12,   -4,    7,   -4,    0,    0,   -6,   -8,    0,    0,    0,    0,    0,    0,    0,    0,    0,    0,    0,    0,    0,   -7,  -41,    0,    0,    0,    0,    0,    0,    0,    0,    0,    0,    0,    0,    0,    0,    0,    0,    0,    0,    0,    0,    0,    0,    0,    3,   -8,  -10,    0,    0,    0,    0,   -3,   -3,    0,    0,    0,    0,    0,    0,    0,    0,    0,    0,    0,    0,    0,    0,    0,    0,    0,  -11,   -3,    0,    0,   -1,    0,    0,  -30,    0,  -24,    0,  -11,    0,    0,    0,  -10,    0,    0,  -25,   -7,    4,   -3,  -28,    0,    0,    8,    8,  -14,   -7,  -10,   -4,    8,    8,    8,    0,    0,    0,    9,  -23,  -10,    0,    7,    5,    0,    0,    0,    8,    0,  -40,    0,    0,    0,    0,    0,    0,
       0,    0,    0,    0,    0,    0,    0,    0,    0,    0,    0,    0,    0,    0,    0,    0,    0,    0,    0,    0,    0,    0,    0,    0,    0,    0,    0,    0,    0,    0,    0,    0,    0,    0,    0,    0,    0,    0,    0,    0,    0,    0,    0,    0,    0,    0,    0,    0,    0,    0,    0,    0,    0,    0,    0,    0,    0,    0,    0,    0,    0,    0,    0,    0,    0,    0,    0,    0,    0,    0,    0,    0,    0,    0,    0,    0,    0,    0,    0,    0,    0,    0,    0,    0,    0,    0,    0,    0,    0,    0,    0,    0,    0,  -18,  -14,   -2,  -41,    0,  -49,  -41,   -3,    0,    0,  -26,    0,  -30,  -41,  -22,  -39,  -44,  -46,  -43,  -49,  -58,  -41,  -44,  -41,  -46,  -47,  -46,    0,  -46,   -6,   -6,  -14,    0,  -33,    0,  -39,    0,  -67,  -57,    0,    0,    0,    0,    0,    0,    0,    0,    0,    0,    0,    0,    0,    0,
       0,    0,    0,    0,    0,    0,    0,    0,    0,    0,  -20,    0,    0,    0,    0,    0,    0,    0,    0,   -6,    0,    0,    0,    0,    0,    0,    0,    0,    0,    0,    0,    0,    0,    0,    0,    0,    0,    0,    0,    0,    0,    0,    0,    0,    0,    0,    0,    0,    0,    0,    0,    0,    0,    0,    0,    0,    0,    0,    0,    0,    0,    0,    0,    0,    0,    0,    0,    0,    0,    0,    0,    0,    0,    0,    0,    0,    0,    0,    0,    0,    0,    0,    0,    0,    0,    0,    0,    0,    0,    0,    0,    0,    0,    0,    0,    0,    0,    0,   -3,    0,    0,    0,    0,    2,    0,    0,   -6,    0,    0,  -25,  -15,    0,   -2,  -31,    0,    0,    4,    0,  -20,  -15,   -4,  -12,    0,    0,    0,    0,    0,    0,    0,    0,   -6,    0,    0,    0,    0,    0,    0,    0,    0,    0,    0,    0,    0,    0,    0,    0,
       0,   -3,    0,    0,    0,    0,    0,    6,   -6,    0,    0,    0,   -7,    6,    0,   -6,  -11,   -6,  -11,   -6,   -4,  -10,    0,    0,    0,   -3,    0,    0,    0,    0,    0,    0,    0,    0,    0,    0,    0,    0,    0,    0,    0,    0,    0,    0,    0,    0,    0,    0,    0,    0,    0,    0,    0,    0,    0,    0,    0,    0,    0,    0,    0,    0,    0,    0,    0,    0,  -21,  -12,    0,    0,    0,    0,  -29,    0,    0,    0,    0,    0,    0,    0,    0,    0,    0,    0,    0,    0,    0,    0,    0,    0,    0,    0,   -6,  -12,    0,   30,    6,   -3,   11,   24,    0,    0,    0,  -19,   -6,    8,   -1,  -15,    0,   14,  -11,    0,    0,    6,    3,  -24,   10,  -34,    0,  -11,    0,    0,    0,    0,   47,  -12,  -24,   -7,  -30,   -4,   -1,    6,   -3,   -6,    0,  -20,   -3,   -6,    0,    0,    0,    0,    0,    0,    0,    0,
      -6,   -8,    0,    0,    0,   -6,    0,  -13,  -11,    0,   -3,    0,   -3,    3,   -3,   -3,  -10,   -6,   -6,  -17,   -3,   -3,   -6,    0,    0,   -6,   -3,    0,    0,    0,    0,    0,    0,    0,    0,    0,    0,    0,    0,    0,  -11,    0,    0,    0,    0,    0,    0,    0,    0,    0,    0,    0,    0,    0,    0,    0,    0,    0,    0,    0,    0,    0,    0,    0,    0,   -1,  -15,  -17,    0,    0,   -6,    0,  -17,    0,    0,    0,    0,    0,    0,    0,    0,    0,    0,    0,    0,    0,    0,    0,    0,    0,    0,    0,  -18,   -1,    0,    4,    0,   -3,    1,    0,    1,    0,    0,    0,   -9,    0,   -2,   -3,    0,   12,   -5,    2,   -6,    3,   -5,   -7,    0,   -3,    0,   -5,   -1,   -4,    0,    0,   -3,    0,    0,  -22,    0,  -25,   -2,    0,   -3,   -2,    0,   -8,   -8,   -6,    0,    0,    0,    0,    0,    0,    0,    0,
       0,    0,    0,    0,    0,  -24,    0,   -3,    0,    0,  -37,  -33,  -18,   -6,  -12,  -15,  -38,  -19,  -28,    0,  -13,  -10,  -18,    0,    0,    0,  -29,    0,    0,    0,    0,    0,    0,    0,    0,    0,    0,    0,    0,    0,   10,  -41,    0,    0,    0,    0,    0,    0,    0,    0,    0,    0,    0,    0,    0,    0,    0,    0,    0,   -6,    0,    0,    0,    0,  -10,    6,  -26,  -26,    0,    0,    0,    0,  -24,  -18,    0,    0,    0,    0,    0,    0,    0,    0,    0,    0,    0,    0,    0,    0,    0,    0,    0,    0,    3,  -17,  -10,    0,  -24,    6,  -39,  -24,    0,    0,    0,  -23,    0,  -19,  -32,  -20,  -22,  -39,  -33,  -30,  -38,  -42,  -27,  -36,  -22,  -35,  -40,  -66,    0,  -32,  -13,    9,  -11,    0,  -26,    3,  -22,    3,  -32,  -39,    6,    6,    0,  -23,    0,    0,    0,  -43,    0,    0,    0,    0,    0,    0,
       0,    0,    0,    0,    0,    0,    0,    0,    0,    0,  -24,    0,    0,    0,    0,    0,    0,    0,    0,    0,    0,    0,    0,    0,    0,    0,    0,    0,    0,    0,    0,    0,    0,    0,    0,    0,    0,    0,    0,    0,    0,    0,    0,    0,    0,    0,    0,    0,    0,    0,    0,    0,    0,    0,    0,    0,    0,    0,    0,    0,    0,    0,    0,    0,    0,    0,    0,   -4,    0,    0,    0,    0,    0,    0,    0,    0,    0,    0,    0,    0,    0,    0,    0,    0,    0,    0,    0,    0,    0,    0,    0,    0,    0,    0,    0,    0,    0,    0,   -6,    0,    0,    0,    0,    0,    0,    0,  -10,   -3,    0,  -19,   -8,    0,   -6,  -25,    0,    0,    4,    0,  -16,   -8,   -5,   -6,    0,    0,    3,    0,    0,    0,    4,    0,  -10,    0,    0,    0,    0,    0,    0,    0,    0,    0,    0,    0,    0,    0,    0,    0,
       0,  -49,    0,    0,    0,    0,    0,    0,    0,    0,    0,    0,    0,    3,    0,    0,    0,    0,    0,  -16,    0,    0,    0,    0,    0,    0,    0,    0,    0,    0,    0,    0,    0,    0,    0,    0,    0,    0,    0,    0,    0,    0,    0,    0,    0,    0,    0,    0,    0,    0,    0,    0,    0,    0,    0,    0,    0,    0,    0,    0,    0,    0,    0,    0,    0,    0,    0,    0,    0,    0,    0,    0,    0,    0,    0,    0,    0,    0,    0,    0,    0,    0,    0,    0,    0,    0,    0,    0,    0,    0,    0,    0,  -35,  -12,   -3,   -2,    0,  -28,    0,    0,    0,    0,    0,  -12,  -49,    3,    0,  -14,    0,    0,   -3,    0,   -3,    0,  -11,  -22,  -30,  -26,    0,   -3,    0,    0,    0,    0,   -3,  -34,  -24,  -54,  -25,  -42,    0,    0,  -34,    0,    0,    0,  -49,    0,    0,    0,    0,    0,    0,    0,    0,    0,
       0,    0,    0,    0,    0,    0,    0,    0,    0,    0,    0,    0,    0,    0,    0,    0,    0,    0,    0,    0,    0,    0,    0,    0,    0,    0,    0,    0,    0,    0,    0,    0,    0,    0,    0,    0,    0,    0,    0,    0,    0,    0,    0,    0,    0,    0,    0,    0,    0,    0,    0,    0,    0,    0,    0,    0,    0,    0,    0,    0,    0,    0,    0,    0,    0,    0,    0,    0,    0,    0,    0,    0,    0,    0,    0,    0,    0,    0,    0,    0,    0,    0,    0,    0,    0,    0,    0,    0,    0,    0,    0,    0,    0,    0,    0,    0,    0,    0,    0,    0,    0,    0,    0,    0,    0,    0,    0,   -6,    0,    0,    0,    0,   -3,    0,   -6,  -10,   -4,   -8,    0,    0,    0,    0,    0,    0,    0,    0,   -6,    0,   -8,    0,    0,    0,    0,    0,    0,    0,    0,    0,    0,    0,    0,    0,    0,    0,    0,    0,
      -8,    0,   -3,    0,    0,  -12,   -4,    0,    0,    0,  -20,  -32,   -3,    3,    0,   -1,  -26,   -9,   -6,    5,   -1,    6,    0,    0,    0,   -8,  -15,  -40,   -1,   -5,   -3,    0,   -3,   12,   -3,    0,    3,    0,    0,    5,    0,  -24,  -16,    0,  -18,   -6,  -24,    3,    0,   -6,   -8,  -16,    4,   -3,   14,    4,   11,   -3,    0,    0,  -12,    0,    0,    0,    0,    0,  -22,  -16,    0,    0,    0,    0,    0,   -2,  -49,  -47,  -16,  -16,  -18,  -18,    3,    8,    8,  -18,  -18,    5,  -16,    0,    8,    8,  -16,   -1,   12,   -5,   -3,   -3,    0,    0,  -40,    0,    0,    0,    0,    0,    0,    0,  -16,    0,   -6,    0,  -18,    4,    0,    0,   -8,    0,   11,    0,    0,  -18,    0,  -16,    3,    8,    0,    0,    0,    0,   14,    0,  -16,  -47,   -1,    0,  -14,   -8,    0,    0,    0,    0,    0,    0,    0,  -40,    0,    0,
       0,    0,    0,    0,    0,  -16,  -14,    0,    0,    0,  -28,  -40,   -8,   -1,   -6,  -11,  -46,  -18,  -23,    2,   -6,   -5,   -6,    0,    0,   -8,  -40,  -44,    0,  -16,    0,    0,   -8,    5,    0,    3,    4,    0,    3,    0,    0,  -22,  -31,    0,  -27,  -13,  -25,   -3,   -7,  -19,  -22,  -29,   -9,  -13,    0,  -11,   -2,  -13,    0,    0,  -11,    0,    0,    0,    0,    0,  -23,  -24,    0,    0,    0,    0,  -15,  -16,  -48,  -52,  -31,  -31,  -27,  -27,   -3,   11,   11,  -27,  -27,    2,  -31,    0,   11,   11,  -29,    0,    5,  -16,   -8,    0,    0,    0,  -44,    0,    0,    0,    0,    0,    0,    0,  -31,    0,  -19,    0,  -27,  -11,    0,    0,  -22,    0,   -2,    0,    0,  -27,    0,  -29,   -3,   11,   -7,    0,    0,    3,    0,    3,  -31,  -52,    0,    0,  -21,  -16,    0,    0,    0,    0,    0,    0,    0,  -44,    0,    0,
       0,    0,    0,    0,    0,    0,    0,    0,    0,    0,    0,    0,   -6,    6,    0,    1,   -8,    0,    0,  -11,    0,  -15,    0,    0,    0,    0,    0,    8,    0,  -14,   29,    0,    0,  -30,  -22,  -47,  -47,    8,  -33,    8,    0,    0,    3,    0,   -4,    0,    3,    0,   25,    0,   -8,    0,  -11,  -14,  -37,    3,  -12,    3,    0,    0,    0,    0,    0,    0,    0,    0,    0,    0,    0,    0,    0,    0,    0,    0,    0,    8,    3,    3,   -4,   -4,    0,    0,    0,   -4,   -4,   -5,    3,    0,    0,    0,    0,    0,  -30,  -14,    0,   29,    8,  -20,    8,    8,    8,    0,    0,  -12,  -56,    4,    3,  -11,    0,    0,   -4,    3,    0,    0,   -8,  -20,  -12,  -32,    3,   -4,    0,    0,    0,    0,   25,  -36,  -31,  -47,  -37,  -33,    3,    8,  -20,   -8,    0,    0,    0,    0,    0,    0,    0,    0,    0,    8,    0,    0,
       0,    0,    0,    0,    0,    0,    0,  -22,    0,    0,    0,    0,    6,  -10,   -7,  -14,   -1,   -6,    3,  -22,   -1,   -2,    0,    0,    0,    0,    0,  -26,    0,    6,   -2,   -4,    0,   -8,    0,  -18,  -18,  -16,  -16,    0,    0,    0,    0,   -6,    0,    0,    0,    0,    0,    0,    0,    0,    0,    0,    0,    0,    0,    0,    0,    0,    0,    0,    0,    0,    0,    0,    0,    0,    0,    0,    0,    0,    0,    0,  -26,    0,    0,    0,    0,    0,    0,    0,    0,    0,    0,   -8,    0,   -6,    0,    0,    0,    0,   -8,    6,    0,   -2,    0,    0,  -26,    0,  -16,    0,   -4,    0,    0,    0,    0,    0,    0,    0,    0,    0,    0,    0,    0,    0,    0,    0,    0,    0,   -6,    0,    0,    0,    0,    0,    0,  -18,    0,  -16,    0,    0,    0,    0,    0,    0,    0,    0,    0,    0,    0,    0,    0,  -26,    0,    0,
       0,    0,    0,    0,    0,    0,    0,    0,    0,    0,    0,    0,   -6,   -3,   -7,  -11,  -20,  -14,  -14,    0,   -7,   -8,    0,    0,    0,    0,    0,    0,    0,    0,    0,    0,    0,    0,    0,    0,    0,    0,    0,    0,    0,    0,    0,    0,    0,    0,    0,    0,    0,    0,    0,    0,    0,    0,    0,    0,    0,    0,    0,    0,    0,    0,    0,    0,    0,    0,    0,    0,    0,    0,    0,    0,    0,    0,    0,    0,    0,    0,    0,    0,    0,    0,    0,    0,    0,    0,    0,    0,    0,    0,    0,    0,    0,    0,    0,    0,    0,    0,    0,    0,    0,    0,    0,    0,    0,    0,    0,    0,    0,    0,    0,    0,    0,    0,    0,    0,    0,    0,    0,    0,    0,    0,    0,    0,    0,    0,    0,    0,    0,    0,    0,    0,    0,    0,    0,    0,    0,    0,    0,    0,    0,    0,    0,    0,    0,    0,
       0,    0,    0,    0,    0,    0,    0,    0,    0,    0,    0,    0,    0,   -5,   -2,    0,    3,    0,    0,  -18,    0,   -8,    0,    0,    0,    0,    0,    0,    0,    0,    0,    0,    0,    0,    0,    0,    0,    0,    0,    0,    0,    0,    0,    0,    0,    0,    0,    0,    0,    0,    0,    0,    0,    0,    0,    0,    0,    0,    0,    0,    0,    0,    0,    0,    0,    0,    0,    0,    0,    0,    0,    0,    0,    0,    0,    0,    0,    0,    0,    0,    0,    0,    0,    0,    0,    0,    0,    0,    0,    0,    0,    0,    0,    0,    0,    0,    0,    0,    0,    0,    0,    0,    0,    0,    0,    0,    0,    0,    0,    0,    0,    0,    0,    0,    0,    0,    0,    0,    0,    0,    0,    0,    0,    0,    0,    0,    0,    0,    0,    0,    0,    0,    0,    0,    0,    0,    0,    0,    0,    0,    0,    0,    0,    0,    0,    0,
       0,  -35,    0,    0,    0,    0,    0,   -9,  -47,    0,    0,    0,  -10,    0,   -3,   -7,  -10,   -3,  -11,  -18,   -3,  -14,    0,    0,    0,   -3,    0,    0,    0,    0,    0,    0,    0,    0,    0,    0,    0,    0,    0,    0,  -24,    0,    0,    0,    0,    0,    0,    0,    0,    0,    0,    0,    0,    0,    0,    0,    0,    0,    0,    0,    0,    0,    0,    0,  -10,  -44,  -15,   -9,    0,    0,  -56,  -11,  -21,    0,    0,    0,    0,    0,    0,    0,    0,    0,    0,    0,    0,    0,    0,    0,    0,    0,    0,    0,    0,    0,    0,    0,    0,    0,    0,    0,    0,    0,    0,    0,    0,    0,    0,    0,    0,    0,    0,    0,    0,    0,    0,    0,    0,    0,    0,    0,    0,    0,    0,    0,    0,    0,    0,    0,    0,    0,    0,    0,  -36,  -32,    0,  -21,  -35,  -40,    0,    0,    0,    0,    0,    1,    0,    0,
       0,    0,    0,    0,    0,    0,    0,    0,    0,    0,    0,    0,    0,    0,    0,    0,  -16,    0,    0,    0,    0,    0,    0,    0,    0,    0,    0,    0,    0,    0,    0,    0,    0,    0,    0,    0,    0,    0,    0,    0,    0,    0,    0,    0,    0,    0,    0,    0,    0,    0,    0,    0,    0,    0,    0,    0,    0,    0,    0,    0,    0,    0,    0,    0,    0,    0,    0,    0,    0,    0,    0,    0,    0,    0,    0,    0,    0,    0,    0,    0,    0,    0,    0,    0,    0,    0,    0,    0,    0,    0,    0,    0,    0,    0,    0,    0,    0,    0,    0,    0,    0,    0,    0,    0,    0,    0,    0,    0,    0,    0,    0,    0,    0,    0,    0,    0,    0,    0,    0,    0,    0,    0,    0,    0,    0,    0,    0,    0,    0,    0,    0,    0,    0,    0,    0,    0,    0,    0,    0,    0,    0,    0,    0,    0,    0,    0,
       0,    0,    0,    0,    0,    0,    0,    0,    0,    0,    0,    0,    0,    0,    0,    0,   -2,    0,    0,    0,    0,    0,    0,    0,    0,    0,    0,    0,    0,    0,    0,    0,    0,    0,    0,    0,    0,    0,    0,    0,    0,    0,    0,    0,    0,    0,    0,    0,    0,    0,    0,    0,    0,    0,    0,    0,    0,    0,    0,    0,    0,    0,    0,    0,    0,    0,    0,    0,    0,    0,    0,    0,    0,    0,    0,    0,    0,    0,    0,    0,    0,    0,    0,    0,    0,    0,    0,    0,    0,    0,    0,    0,    0,    0,    0,    0,    0,    0,    0,    0,    0,    0,    0,    0,    0,    0,    0,    0,    0,    0,    0,    0,    0,    0,    0,    0,    0,    0,    0,    0,    0,    0,    0,    0,    0,    0,    0,    0,    0,    0,    0,    0,    0,    0,    0,    0,    0,    0,    0,    0,    0,    0,    0,    0,    0,    0,
       0,    0,    0,    0,    0,    0,    0,    0,    0,    0,    0,    0,    0,    0,    0,    0,    0,    0,    0,  -15,    0,    0,    0,    0,    0,    0,    0,    0,    0,    0,    0,    0,    0,    0,    0,    0,    0,    0,    0,    0,    0,    0,    0,    0,    0,    0,    0,    0,    0,    0,    0,    0,    0,    0,    0,    0,    0,    0,    0,    0,    0,    0,    0,    0,    0,    0,    0,    0,    0,    0,    0,    0,    0,    0,    0,    0,    0,    0,    0,    0,    0,    0,    0,    0,    0,    0,    0,    0,    0,    0,    0,    0,    0,    0,    0,    0,    0,    0,    0,    0,    0,    0,    0,    0,    0,    0,    0,    0,    0,    0,    0,    0,    0,    0,    0,    0,    0,    0,    0,    0,    0,    0,    0,    0,    0,    0,    0,    0,    0,    0,    0,    0,    0,    0,    0,    0,    0,    0,    0,    0,    0,    0,    0,    0,    0,    0,
};

static const EpdLigaturePair sourceserif4_12_boldLigaturePairs[] = {
    { 0x00660066, 0xFB00 }, // f f -> U+FB00
    { 0x00660069, 0xFB01 }, // f i -> U+FB01
    { 0x0066006C, 0xFB02 }, // f l -> U+FB02
    { 0xFB000069, 0xFB03 }, // U+FB00 i -> U+FB03
    { 0xFB00006C, 0xFB04 }, // U+FB00 l -> U+FB04
};

static const EpdFontData sourceserif4_12_bold = {
    sourceserif4_12_boldBitmaps,
    sourceserif4_12_boldGlyphs,
    sourceserif4_12_boldIntervals,
    79,
    25,
    20,
    -5,
    true,
    sourceserif4_12_boldGroups,
    13,
    nullptr,
    sourceserif4_12_boldKernLeftClasses,
    sourceserif4_12_boldKernRightClasses,
    sourceserif4_12_boldKernMatrix,
    582,
    622,
    156,
    146,
    sourceserif4_12_boldLigaturePairs,
    5,
};
