/**
 * generated by fontconvert.py
 * name: sourceserif4_12_bolditalic
 * size: 12
 * mode: 2-bit  compressed: true
 * Command used: C:\Users\m\Documents\Casper\lib\EpdFont\scripts\fontconvert.py sourceserif4_12_bolditalic 12 C:\Users\m\Documents\Casper\lib\EpdFont\builtinFonts\source\Sourcerer\Sourcerer-BoldItalic.ttf --2bit --compress --pnum --darken-aa
 */
#pragma once
#include "EpdFontData.h"

static const uint8_t sourceserif4_12_bolditalicBitmaps[20899] = {
    0x8D, 0x58, 0x31, 0x8F, 0xDC, 0xC6, 0x15, 0x7E, 0x24, 0x01, 0xD1, 0x31, 0x01, 0x8F, 0x0B, 0x17,
    0x46, 0x04, 0x99, 0x2A, 0x5C, 0x08, 0xB1, 0x24, 0x36, 0x29, 0x04, 0x64, 0xF7, 0x86, 0x27, 0x17,
    0x2E, 0xED, 0x22, 0xEE, 0x5D, 0xB8, 0x48, 0xD2, 0x9C, 0x81, 0xA4, 0x10, 0xE0, 0x93, 0x48, 0xD9,
    0x85, 0x0B, 0x15, 0xD6, 0x4F, 0x50, 0xE1, 0xCA, 0x8D, 0x0F, 0xC8, 0x01, 0x71, 0x71, 0x77, 0x1C,
    0x47, 0x40, 0x54, 0x18, 0xC1, 0x11, 0x70, 0x1F, 0xD1, 0x86, 0x80, 0x18, 0x48, 0x00, 0x8D, 0x75,
    0xB4, 0x4D, 0x59, 0x43, 0x4E, 0xBE, 0x6F, 0xB8, 0x7B, 0x3A, 0x59, 0x76, 0x92, 0xDD, 0x9D, 0x91,
    0x6E, 0x77, 0xE6, 0xCD, 0xBC, 0xF7, 0xBE, 0xF7, 0xBD, 0xF7, 0x28, 0xFB, 0xB1, 0x4F, 0x7C, 0x32,
    0x25, 0x2E, 0x19, 0x12, 0x8B, 0x77, 0x9B, 0x98, 0xA4, 0x8C, 0x44, 0xA4, 0x28, 0xB5, 0xA9, 0x4C,
    0x21, 0x4B, 0x55, 0x36, 0x85, 0x99, 0x74, 0x3D, 0xEA, 0xD2, 0x69, 0x71, 0x1B, 0xD2, 0x2F, 0xC5,
    0x2E, 0xE4, 0x8D, 0x17, 0x44, 0x54, 0xDC, 0x49, 0x9E, 0xB4, 0x72, 0x31, 0x31, 0xB2, 0x48, 0x8D,
    0xF2, 0xDE, 0x61, 0x0C, 0x1C, 0x62, 0x73, 0x11, 0x7B, 0x51, 0x22, 0xBB, 0x14, 0xED, 0x7D, 0x5B,
    0x79, 0x6F, 0x1A, 0x8C, 0xD4, 0xF4, 0x92, 0xD5, 0x56, 0xD4, 0xA6, 0x0D, 0xDB, 0xB1, 0x08, 0x03,
    0xFF, 0x16, 0xA3, 0x44, 0xFE, 0x7E, 0x99, 0x3C, 0x38, 0x34, 0xE9, 0xD1, 0xA1, 0xC9, 0x8E, 0x3E,
    0xA8, 0xB3, 0xEF, 0x6B, 0xC9, 0x7C, 0x29, 0x89, 0x6F, 0x45, 0x20, 0x52, 0xF4, 0x88, 0x33, 0xBD,
    0xC8, 0x19, 0x2F, 0xCB, 0xF3, 0x8D, 0xE8, 0xC5, 0x81, 0xE8, 0x4B, 0x4E, 0x8A, 0x0A, 0x32, 0x7D,
    0x2D, 0xB2, 0xB3, 0x12, 0x77, 0x53, 0x24, 0xC6, 0x52, 0x2C, 0xFE, 0x90, 0x73, 0xA1, 0xCA, 0xD8,
    0xC8, 0x86, 0xAA, 0xB3, 0x5A, 0xAE, 0xAA, 0x5A, 0x89, 0xEC, 0xE5, 0xE5, 0x42, 0xC4, 0x15, 0xF2,
    0xED, 0x28, 0x4E, 0xC7, 0xFF, 0x3A, 0x94, 0xBD, 0x65, 0x7A, 0x57, 0xD5, 0xDB, 0x83, 0xD2, 0xAA,
    0xCE, 0xBB, 0xC5, 0x52, 0x41, 0xDC, 0xEE, 0x1E, 0xE6, 0xA8, 0xC3, 0x62, 0x49, 0xCC, 0x5E, 0x01,
    0x71, 0xB2, 0xB7, 0x21, 0x72, 0x41, 0x16, 0x7B, 0x22, 0x57, 0x44, 0x75, 0xF3, 0x69, 0x22, 0x65,
    0x98, 0xF3, 0x09, 0xD3, 0x41, 0x6E, 0x24, 0x1A, 0x32, 0x23, 0xB1, 0x95, 0xB8, 0xC6, 0x94, 0x58,
    0xF1, 0x46, 0xB5, 0xA9, 0xB7, 0x45, 0x9D, 0xDF, 0xF8, 0x72, 0x12, 0xCD, 0x8D, 0x8D, 0x60, 0x89,
    0x87, 0x70, 0x4C, 0xC2, 0x15, 0x91, 0x95, 0xAA, 0xCF, 0x3A, 0xDA, 0xCA, 0x40, 0x47, 0x68, 0x1D,
    0x35, 0xD0, 0x78, 0xD9, 0x4C, 0xA3, 0x73, 0xBD, 0x7D, 0x43, 0xA4, 0x96, 0xB4, 0x85, 0x57, 0x64,
    0x1F, 0xF2, 0x29, 0x35, 0x6B, 0x45, 0x19, 0x29, 0x6A, 0x08, 0xE4, 0xA7, 0x12, 0xB9, 0x76, 0xE2,
    0x33, 0x7F, 0x89, 0x9B, 0x43, 0x85, 0x14, 0xB7, 0xE9, 0x28, 0x40, 0xCE, 0x8A, 0x6C, 0x8B, 0x40,
    0x07, 0x38, 0x07, 0x3F, 0x60, 0x3F, 0xA4, 0xA4, 0x5D, 0xF8, 0xD8, 0xD5, 0x7F, 0x66, 0xB9, 0x14,
    0x5D, 0x52, 0xC4, 0xFA, 0x38, 0x7C, 0xB1, 0x11, 0x04, 0xE0, 0xCE, 0xD4, 0x0D, 0x9A, 0x7F, 0x63,
    0xCF, 0x7E, 0x6F, 0x7D, 0xD3, 0x79, 0xD8, 0x7A, 0x92, 0xE4, 0xAE, 0xC9, 0xEE, 0x74, 0xD9, 0x65,
    0xC3, 0x23, 0x4E, 0x7C, 0xBC, 0x9F, 0xF0, 0xF9, 0xD1, 0x97, 0x69, 0xA7, 0x2C, 0xDF, 0x49, 0x97,
    0x18, 0x55, 0x2E, 0xE5, 0x79, 0xF8, 0x56, 0x8F, 0x79, 0x1D, 0x30, 0x07, 0x73, 0xE2, 0xC0, 0x30,
    0x60, 0x25, 0x9E, 0x2C, 0x30, 0x3E, 0x2F, 0x23, 0x30, 0xBC, 0x38, 0x09, 0xA7, 0x3F, 0xF1, 0x73,
    0x39, 0xFF, 0xBC, 0xBF, 0xFA, 0xB9, 0x5F, 0xFD, 0xDC, 0x3E, 0xF9, 0xF3, 0xEF, 0xE8, 0xA6, 0x0C,
    0x66, 0xBD, 0xAA, 0xA1, 0x55, 0x61, 0x12, 0x9B, 0x9B, 0xAC, 0x53, 0x70, 0x4F, 0xDE, 0x16, 0x26,
    0x37, 0xDA, 0x14, 0x46, 0xD7, 0x1C, 0xDA, 0xE8, 0x12, 0x73, 0x59, 0x89, 0x2E, 0x01, 0xB4, 0x12,
    0x20, 0x7B, 0xAF, 0x17, 0x75, 0xA7, 0x95, 0x78, 0x0A, 0xCE, 0x96, 0xD3, 0x26, 0xF1, 0x26, 0x6E,
    0x8C, 0xE8, 0x5A, 0xAA, 0x12, 0x0E, 0xA5, 0x27, 0x3D, 0x0D, 0x11, 0x8D, 0x12, 0x3B, 0x49, 0xE6,
    0xCF, 0x20, 0x69, 0x2F, 0xC5, 0x43, 0xA1, 0x47, 0x0B, 0x9C, 0x6C, 0x1B, 0x49, 0x3A, 0x5D, 0xA7,
    0x9D, 0x36, 0x59, 0xAB, 0x4D, 0x52, 0x63, 0x3B, 0xB7, 0x61, 0x13, 0x17, 0x8B, 0xC2, 0x95, 0x75,
    0x19, 0xB4, 0x48, 0xBA, 0xE0, 0x24, 0x40, 0x62, 0x92, 0x0A, 0x36, 0x6E, 0x3C, 0xBE, 0x04, 0xD4,
    0x63, 0x3B, 0x51, 0x06, 0xB4, 0xD3, 0x65, 0x62, 0xB8, 0x18, 0xBE, 0x17, 0xEE, 0x87, 0xDA, 0x15,
    0xD4, 0x4D, 0x87, 0x15, 0xFE, 0x69, 0xF5, 0x49, 0xF6, 0x21, 0xFB, 0x1A, 0xEE, 0xB2, 0xA1, 0xEC,
    0x1C, 0x26, 0xF2, 0x4B, 0x99, 0x0F, 0xC1, 0xB9, 0x09, 0x86, 0xC2, 0xE5, 0x97, 0x50, 0x6B, 0x17,
    0x17, 0x6F, 0x9D, 0x64, 0xD7, 0x9D, 0xBC, 0x04, 0x0D, 0xB6, 0x71, 0x1F, 0x86, 0xAC, 0xF7, 0xD8,
    0x94, 0xD2, 0x9C, 0x18, 0x04, 0x3D, 0xEF, 0xD8, 0x00, 0xA6, 0x3E, 0x8C, 0x3A, 0xC2, 0x91, 0x88,
    0x2F, 0xC4, 0x08, 0x06, 0xC4, 0xA7, 0x1E, 0x08, 0x79, 0xCD, 0xCD, 0x3A, 0x09, 0xCD, 0x85, 0x70,
    0xC5, 0xBF, 0xD7, 0xF0, 0xF7, 0x06, 0xEE, 0x51, 0xF0, 0x1E, 0x13, 0x63, 0x66, 0x0B, 0xF1, 0x8D,
    0xDF, 0x61, 0x02, 0x2E, 0xE5, 0x11, 0x41, 0x7D, 0x43, 0x9D, 0x11, 0x23, 0xAF, 0x3A, 0xEC, 0x1C,
    0xB1, 0xF3, 0xF1, 0xBB, 0x81, 0x61, 0xAA, 0x78, 0x90, 0xE2, 0x03, 0x60, 0x15, 0x26, 0xCD, 0x40,
    0x2D, 0x18, 0xA4, 0x9E, 0x9A, 0xF1, 0x19, 0xC0, 0x4D, 0x94, 0x44, 0xFD, 0xCA, 0x80, 0x74, 0x7F,
    0xFD, 0xD8, 0x44, 0xC3, 0xAC, 0x46, 0xBE, 0x3A, 0x27, 0xF8, 0x64, 0xD0, 0x40, 0x8B, 0x2A, 0x53,
    0x0B, 0x86, 0xB0, 0x79, 0x99, 0x81, 0xE6, 0x12, 0xD8, 0x3A, 0x26, 0xED, 0x34, 0x16, 0xB4, 0x04,
    0x9B, 0xDC, 0x9D, 0xA4, 0xB8, 0xCC, 0xE0, 0x9D, 0x70, 0x02, 0xFF, 0x85, 0x1E, 0x97, 0x11, 0x32,
    0x3C, 0xB6, 0xE9, 0x52, 0xEB, 0x72, 0xB3, 0x0F, 0xA8, 0x54, 0x52, 0x55, 0x82, 0xB9, 0xD1, 0xD2,
    0x14, 0x9F, 0x4D, 0x99, 0x9F, 0x21, 0x60, 0x05, 0xB4, 0xD0, 0xD0, 0x31, 0x4D, 0x2D, 0x1F, 0x11,
    0x9C, 0x6A, 0x50, 0x43, 0xDA, 0xC9, 0xEA, 0x75, 0x0C, 0x7C, 0x07, 0x2A, 0x9E, 0x10, 0x70, 0xAB,
    0xD7, 0xD3, 0x61, 0x12, 0x5E, 0x7F, 0x92, 0xD4, 0x89, 0xEE, 0x13, 0x5F, 0x16, 0x7D, 0x80, 0x5D,
    0xC0, 0x56, 0x8C, 0xBB, 0xF0, 0x1F, 0x58, 0xFE, 0xE5, 0x37, 0xDF, 0xFC, 0xED, 0x2A, 0xEE, 0xD6,
    0xAF, 0xE3, 0x6F, 0xCE, 0x05, 0x83, 0xAF, 0xD7, 0xF7, 0x04, 0x74, 0x34, 0x49, 0x3E, 0x44, 0xBE,
    0xCE, 0x07, 0x1A, 0xE5, 0xFC, 0xBC, 0xA1, 0xE9, 0x92, 0x61, 0x2F, 0xB5, 0x1B, 0x49, 0x5B, 0x71,
    0x4D, 0x0E, 0x67, 0xE0, 0x44, 0x93, 0x8E, 0x0C, 0xAB, 0x4C, 0xE4, 0xD4, 0x7C, 0xF3, 0x92, 0x5B,
    0xF0, 0x29, 0x02, 0xD3, 0xD2, 0x1C, 0x49, 0xCF, 0xF0, 0xC4, 0xDF, 0xA0, 0xD8, 0x4F, 0xE9, 0x94,
    0xB8, 0x4B, 0xFD, 0x0D, 0xC0, 0x63, 0x51, 0xBD, 0x56, 0xAB, 0xD2, 0x56, 0x49, 0x8D, 0xA4, 0xD1,
    0x24, 0xE6, 0x62, 0x66, 0xA6, 0xA4, 0x5E, 0x28, 0x33, 0xA6, 0xF5, 0xA2, 0xA8, 0x5D, 0x26, 0x0B,
    0x7D, 0xDD, 0x29, 0xCC, 0xB7, 0xDD, 0x02, 0xB3, 0x9F, 0x7A, 0x59, 0xE4, 0xDF, 0xC2, 0x0D, 0x17,
    0x4F, 0xD5, 0xBF, 0x9F, 0xDD, 0x2B, 0x64, 0x41, 0x09, 0xD8, 0x7A, 0x2B, 0x1C, 0xD8, 0xCD, 0x76,
    0x22, 0xD9, 0x93, 0x8C, 0x73, 0x4E, 0x9A, 0xD3, 0xBB, 0x9C, 0xFE, 0x09, 0x18, 0x44, 0xB7, 0x61,
    0xCF, 0x84, 0x53, 0x0A, 0x44, 0x89, 0x02, 0x04, 0xE5, 0x0C, 0xAD, 0xA4, 0x49, 0x5C, 0x3B, 0x50,
    0x1E, 0xF9, 0x67, 0x22, 0x84, 0xBD, 0xBC, 0x72, 0xEF, 0x59, 0x7F, 0x53, 0x23, 0x83, 0xD9, 0xC4,
    0x43, 0x34, 0x2E, 0x02, 0xDD, 0x10, 0x7E, 0xB5, 0x87, 0xE7, 0x30, 0xCA, 0x49, 0x3C, 0xB6, 0x7A,
    0x60, 0x88, 0xC8, 0x9F, 0x32, 0x1B, 0x4F, 0xB1, 0x8B, 0xC7, 0x08, 0x19, 0x94, 0x23, 0x66, 0x26,
    0x75, 0xC5, 0x90, 0xDB, 0x86, 0x11, 0x7F, 0xCA, 0xF7, 0xA2, 0x6F, 0x32, 0x00, 0x19, 0x4C, 0xDB,
    0xB8, 0xE1, 0xA5, 0xBC, 0x5B, 0x21, 0xDC, 0xCC, 0xC1, 0x5A, 0xD5, 0xF3, 0x58, 0x7D, 0xD7, 0x15,
    0x6D, 0xDC, 0x05, 0x87, 0x8F, 0x50, 0x74, 0x0B, 0x91, 0xEE, 0x09, 0xC3, 0xEA, 0x6F, 0x23, 0x7F,
    0x6E, 0xB8, 0x16, 0xAB, 0x9A, 0xB2, 0x68, 0x31, 0xE5, 0x4C, 0x1F, 0xD0, 0xF8, 0x78, 0x82, 0x2E,
    0x45, 0x87, 0xD0, 0xD7, 0x2D, 0x27, 0x03, 0x4D, 0x9B, 0x12, 0x13, 0xA4, 0x20, 0xBF, 0xC3, 0xE7,
    0xDC, 0xE5, 0x1F, 0x32, 0xEA, 0x81, 0x0C, 0x6D, 0x36, 0x30, 0x96, 0x90, 0xB8, 0x80, 0x72, 0xE7,
    0xA4, 0xD9, 0x2C, 0xC5, 0x23, 0x80, 0xC3, 0xF0, 0x25, 0x94, 0x03, 0x8B, 0x28, 0xB2, 0x18, 0xC7,
    0xF3, 0x18, 0x3D, 0x86, 0x2D, 0x86, 0x98, 0xCA, 0x75, 0x90, 0xE1, 0xB1, 0x5F, 0x07, 0x39, 0x55,
    0xBD, 0x84, 0x8C, 0x17, 0xFF, 0x87, 0x8C, 0xE3, 0x51, 0x20, 0xFC, 0x1B, 0x62, 0x25, 0x86, 0x81,
    0x70, 0xDB, 0x7D, 0xF2, 0xC4, 0x92, 0xA1, 0xB2, 0xA0, 0x1B, 0x17, 0x42, 0x2B, 0xCD, 0x01, 0x1A,
    0xA6, 0xCA, 0xFC, 0xE1, 0x63, 0x9C, 0xD1, 0x78, 0xFC, 0x2F, 0xEB, 0x39, 0x59, 0xFC, 0x80, 0x95,
    0x45, 0x8B, 0x09, 0x11, 0xD2, 0x49, 0x32, 0x32, 0xA6, 0xB7, 0x20, 0x38, 0xF6, 0xAE, 0xF2, 0x75,
    0xEC, 0x87, 0x8A, 0xDC, 0xC2, 0xF5, 0xF3, 0x5A, 0x08, 0xE0, 0xDC, 0x94, 0x9C, 0x7D, 0x38, 0xC2,
    0x07, 0x22, 0xF0, 0x24, 0xB2, 0x88, 0x06, 0x91, 0x60, 0x36, 0x86, 0x10, 0x42, 0x04, 0x17, 0xAD,
    0xC2, 0xDC, 0x94, 0x9C, 0x3D, 0xAF, 0x0D, 0x74, 0xE0, 0xE2, 0xAF, 0x7B, 0xCB, 0x53, 0x62, 0xFF,
    0x75, 0x00, 0x7F, 0xCD, 0x75, 0x58, 0xE4, 0x57, 0x39, 0x00, 0xA2, 0xE2, 0x93, 0x39, 0x00, 0x54,
    0x01, 0xE6, 0x02, 0x1C, 0x94, 0x67, 0xA1, 0x12, 0xCE, 0x3D, 0x1E, 0x84, 0x1F, 0xC9, 0xFA, 0x09,
    0x13, 0x11, 0xAB, 0xFD, 0xCC, 0x54, 0x81, 0x74, 0x57, 0xCC, 0x48, 0x32, 0xCB, 0x11, 0xB4, 0x5B,
    0xD0, 0x88, 0x56, 0xEC, 0xE8, 0x49, 0xA7, 0x71, 0x91, 0x7B, 0xC5, 0x3D, 0x5C, 0xE5, 0x25, 0xEA,
    0x78, 0x05, 0x2A, 0x6E, 0xF2, 0x8C, 0x94, 0x99, 0xE5, 0x25, 0x9E, 0x42, 0xF2, 0x0B, 0x25, 0x85,
    0x6F, 0xA8, 0xA2, 0x6E, 0x71, 0x0A, 0x10, 0x93, 0x38, 0xD5, 0x63, 0xCA, 0x1C, 0x88, 0x29, 0x19,
    0x71, 0x49, 0xB0, 0x59, 0xE3, 0x15, 0xD2, 0x1A, 0x02, 0x23, 0x0E, 0x05, 0xD7, 0x1A, 0xA8, 0x64,
    0xB9, 0xF2, 0xE9, 0x7B, 0x3F, 0xBE, 0xFB, 0x0E, 0xA1, 0x01, 0xFC, 0x03, 0x1E, 0x49, 0xD7, 0x10,
    0xB3, 0xB0, 0x11, 0x6A, 0x35, 0xF0, 0x27, 0xB2, 0x1F, 0x0E, 0xD3, 0x1D, 0xC9, 0xA6, 0x41, 0x4C,
    0x0D, 0x82, 0x5F, 0x7F, 0xE3, 0x92, 0xFB, 0x46, 0xFE, 0xE8, 0x52, 0xDC, 0xE8, 0xCF, 0x4E, 0xE1,
    0x90, 0x07, 0xE3, 0x19, 0xCC, 0x5F, 0x4E, 0x0B, 0xD8, 0xB3, 0xF5, 0x3B, 0x15, 0xF2, 0x8A, 0xEF,
    0x1A, 0x54, 0x6E, 0x28, 0x1C, 0x91, 0x57, 0x18, 0x7E, 0x09, 0xF2, 0xB1, 0x97, 0xAD, 0x6E, 0x09,
    0x37, 0xF8, 0x7E, 0xA1, 0x08, 0xC2, 0x5A, 0x4F, 0xB1, 0x37, 0xA0, 0x33, 0xDD, 0x45, 0xAD, 0x54,
    0x16, 0x61, 0xDC, 0x0C, 0x48, 0x45, 0x7F, 0x71, 0x98, 0x8E, 0xC0, 0x2F, 0xF2, 0xA5, 0x4F, 0x4B,
    0xE9, 0xC0, 0x40, 0x51, 0x5B, 0x7D, 0x8E, 0x30, 0xD7, 0xF7, 0xC1, 0x45, 0x28, 0xD6, 0x40, 0xA9,
    0x23, 0x04, 0x83, 0x4A, 0x53, 0x06, 0xC9, 0xD6, 0xD7, 0x11, 0x9C, 0xEC, 0x98, 0x79, 0x03, 0xAB,
    0xEB, 0x57, 0x7B, 0x89, 0xF8, 0x67, 0x42, 0x8E, 0x85, 0x0B, 0x1A, 0x42, 0xA6, 0x29, 0x43, 0xF8,
    0x85, 0x09, 0xE1, 0xEB, 0x4B, 0x98, 0xC6, 0xCB, 0x6A, 0x22, 0x7A, 0xEA, 0xC4, 0xCD, 0xA0, 0xCB,
    0x51, 0x56, 0x80, 0xF9, 0x51, 0x1B, 0x48, 0xD3, 0xCB, 0x2A, 0x8E, 0x49, 0x28, 0x81, 0x51, 0x02,
    0xA5, 0x40, 0x06, 0xA7, 0x19, 0x35, 0xF8, 0xCE, 0xD3, 0xF9, 0x3E, 0x67, 0xCA, 0x21, 0x8E, 0x99,
    0x3E, 0xF9, 0xCD, 0xC9, 0x69, 0x58, 0xB3, 0x6C, 0x08, 0x1F, 0x10, 0xCC, 0xFF, 0x75, 0x53, 0xFD,
    0xD4, 0x4D, 0xA7, 0xE3, 0x9B, 0x82, 0x17, 0x4C, 0x08, 0x22, 0xA8, 0x43, 0xC7, 0x9F, 0x8C, 0xBB,
    0x82, 0x93, 0xEA, 0x9F, 0x01, 0x0C, 0x59, 0x7C, 0x44, 0x70, 0x1F, 0xF4, 0x60, 0x40, 0xFD, 0x35,
    0xC4, 0x96, 0xA7, 0x1E, 0x00, 0x46, 0x13, 0x26, 0x2A, 0xE3, 0x99, 0xC9, 0x3D, 0xC1, 0x1B, 0x00,
    0x37, 0x15, 0x04, 0x1C, 0xC3, 0xD3, 0x29, 0x02, 0x2E, 0x23, 0xE0, 0x90, 0x06, 0xC9, 0x92, 0x00,
    0x5C, 0x32, 0x01, 0x70, 0x25, 0xF3, 0x10, 0x42, 0x66, 0xC8, 0x51, 0x16, 0xA1, 0x3C, 0xEF, 0x14,
    0x22, 0xF4, 0x59, 0x51, 0xC3, 0x5C, 0xEC, 0x67, 0x08, 0xCE, 0xC4, 0x33, 0x64, 0x09, 0x79, 0x7A,
    0x67, 0x94, 0x2B, 0xB0, 0x8D, 0x43, 0x80, 0x39, 0x94, 0x02, 0x0E, 0x55, 0x73, 0xC1, 0xDB, 0x78,
    0x3F, 0x2E, 0x94, 0xDD, 0x06, 0xCB, 0xEE, 0x7D, 0x9A, 0x77, 0x7B, 0x6F, 0x15, 0xED, 0xDB, 0xC7,
    0x00, 0x0E, 0xA3, 0xFE, 0x59, 0x20, 0x9F, 0x46, 0x58, 0xB3, 0xE4, 0xD0, 0xFE, 0x33, 0xDF, 0x15,
    0xD3, 0x66, 0x53, 0xC3, 0x2C, 0xE7, 0xA1, 0xF9, 0x9A, 0x8F, 0xC8, 0xDC, 0x44, 0xF1, 0x15, 0x06,
    0xDD, 0x2E, 0x68, 0x07, 0xBD, 0x06, 0x64, 0xDA, 0x40, 0xD9, 0x98, 0x00, 0x3D, 0x6D, 0x00, 0x3D,
    0xDD, 0xA6, 0x4C, 0xAA, 0x2C, 0xAF, 0x83, 0xC1, 0x42, 0xB0, 0xFB, 0x14, 0x71, 0xF0, 0x30, 0xFE,
    0x41, 0x0A, 0x8B, 0xC5, 0x39, 0x21, 0x0A, 0x86, 0x47, 0xF9, 0x6D, 0x33, 0x5A, 0xF7, 0x39, 0xE8,
    0xD8, 0x9F, 0x67, 0x61, 0x7A, 0x09, 0xCA, 0xB9, 0x1D, 0xBA, 0x9A, 0x91, 0x3D, 0xB1, 0x9E, 0x9A,
    0x49, 0x52, 0xE6, 0x58, 0xA3, 0x97, 0xF1, 0x22, 0x06, 0xFC, 0xA4, 0xFD, 0xEB, 0x63, 0xF3, 0xB0,
    0x98, 0xB2, 0xA1, 0xE8, 0x32, 0x0B, 0x44, 0x33, 0x6D, 0x20, 0x25, 0x14, 0x7D, 0x06, 0xC9, 0x1A,
    0x62, 0x95, 0x7D, 0x77, 0x80, 0x12, 0xF6, 0x08, 0x82, 0xD5, 0x37, 0x5F, 0xB8, 0x77, 0x44, 0x1D,
    0xDD, 0x76, 0x70, 0xF5, 0xD1, 0xAB, 0x0E, 0x29, 0xFC, 0x11, 0x4F, 0xC8, 0x10, 0x3D, 0x28, 0xA3,
    0x1C, 0xCF, 0x48, 0x07, 0xDA, 0x02, 0xC5, 0xCA, 0x5C, 0x7C, 0x0E, 0x81, 0x5D, 0x10, 0x51, 0xBE,
    0xAF, 0xA8, 0xE3, 0x19, 0x98, 0xB0, 0xBB, 0xC4, 0x14, 0x4B, 0x3A, 0x3A, 0x32, 0x74, 0x0D, 0x21,
    0x39, 0x1E, 0x4F, 0xFC, 0x33, 0x7C, 0x77, 0x06, 0x65, 0x8E, 0x5C, 0x61, 0x7A, 0xB3, 0x24, 0x1B,
    0x03, 0xC5, 0xB7, 0xDA, 0x4F, 0x7E, 0x00, 0x27, 0x20, 0x67, 0x78, 0xAF, 0xC6, 0x06, 0xD7, 0xC6,
    0x75, 0x8D, 0xEA, 0xD3, 0x32, 0x1B, 0x9E, 0x83, 0xC6, 0xE7, 0x31, 0x7E, 0x0D, 0x2D, 0xE9, 0x68,
    0xEC, 0xF3, 0xF5, 0x4F, 0xB2, 0xE4, 0x69, 0x7C, 0xAF, 0x11, 0x48, 0x40, 0xE1, 0x98, 0xB4, 0x99,
    0x4B, 0x4D, 0xDE, 0x67, 0xB5, 0xB6, 0xA7, 0xB8, 0x29, 0x62, 0xAF, 0x88, 0x85, 0x8A, 0x40, 0x21,
    0x48, 0xBB, 0x20, 0x8B, 0xAA, 0xE1, 0xEB, 0x5B, 0xCA, 0xC5, 0x5D, 0x81, 0x0E, 0xB7, 0x6A, 0xD3,
    0xD0, 0x8A, 0x92, 0xA1, 0xE0, 0x77, 0xC7, 0x62, 0x1B, 0x25, 0x17, 0x9A, 0x86, 0xC4, 0xAE, 0x3E,
    0x27, 0xDB, 0x20, 0x7C, 0xC8, 0xB9, 0xEB, 0x3E, 0x4B, 0x87, 0xF6, 0xEA, 0x40, 0xB8, 0xFB, 0xE3,
    0x9B, 0x28, 0x35, 0xF7, 0xE4, 0x2A, 0x4A, 0x42, 0xBE, 0x75, 0x78, 0x17, 0xE1, 0x9D, 0x97, 0x79,
    0x09, 0x2C, 0xD7, 0x68, 0x2E, 0xF0, 0xCE, 0xC2, 0x3B, 0xAE, 0xE5, 0x57, 0xB7, 0x40, 0x51, 0xFF,
    0xF5, 0x90, 0xF2, 0x89, 0x43, 0x46, 0x59, 0xDD, 0x0F, 0xE5, 0xE8, 0x20, 0xAF, 0xF4, 0xE4, 0x53,
    0xFC, 0x19, 0xB3, 0x2E, 0x28, 0xD5, 0xA1, 0xC9, 0x3F, 0xE8, 0x74, 0x6C, 0xF7, 0xC4, 0x7D, 0x0A,
    0x68, 0x86, 0x4C, 0x66, 0x39, 0xB6, 0x43, 0xA9, 0x8C, 0x4E, 0xB3, 0x66, 0x51, 0x3E, 0x97, 0x4D,
    0x0F, 0x01, 0x51, 0x28, 0xED, 0x50, 0x16, 0x58, 0x8D, 0x7B, 0xE9, 0x3A, 0x37, 0x68, 0x6F, 0x6A,
    0xB6, 0x37, 0xA0, 0x04, 0x54, 0x36, 0xD5, 0x7B, 0xE3, 0xD9, 0xCA, 0x4F, 0x9D, 0x1E, 0xBC, 0xC9,
    0xDB, 0x83, 0xD0, 0x2F, 0xB1, 0x3E, 0xD6, 0xFD, 0x89, 0x34, 0xC4, 0xF1, 0x95, 0x93, 0xFC, 0xAE,
    0x47, 0xD4, 0xA1, 0x00, 0x68, 0x9B, 0x50, 0x97, 0x50, 0x0E, 0x65, 0xB0, 0x40, 0x6F, 0x60, 0x4D,
    0xCF, 0xBE, 0x17, 0x5A, 0x35, 0xD3, 0x9C, 0xA7, 0xE0, 0x90, 0xC8, 0x8F, 0xA9, 0x9D, 0x54, 0xBB,
    0x28, 0x42, 0xCE, 0x9C, 0xD3, 0x66, 0x55, 0x3F, 0xA3, 0xBB, 0x5D, 0xED, 0x6D, 0x1E, 0x4A, 0x4B,
    0xBC, 0xDE, 0x9E, 0x9D, 0x57, 0x9D, 0x6C, 0x38, 0x58, 0xEC, 0xCF, 0xD7, 0x1F, 0x8E, 0xAF, 0x5F,
    0xFE, 0xCC, 0xF5, 0xAD, 0x7E, 0xB8, 0xBA, 0x3E, 0x8E, 0x74, 0xFB, 0xA9, 0xBD, 0xA6, 0xCC, 0x41,
    0xF1, 0x99, 0xD3, 0x37, 0x3A, 0x0D, 0x12, 0x44, 0x8E, 0xA8, 0x5F, 0xD4, 0xED, 0xC9, 0x23, 0xA3,
    0x19, 0xB7, 0x4C, 0xAE, 0x1F, 0x92, 0xA3, 0xD3, 0x55, 0xBF, 0x10, 0xC0, 0x77, 0x8A, 0x71, 0xC7,
    0xC4, 0x3D, 0xB7, 0x33, 0x21, 0x02, 0xE3, 0xE3, 0xE9, 0x31, 0x29, 0xCF, 0x53, 0x2F, 0x73, 0x1F,
    0x33, 0x4F, 0xBC, 0x7F, 0x50, 0x20, 0x64, 0xEF, 0x90, 0xBE, 0x9F, 0xC9, 0x49, 0xD8, 0x6C, 0x46,
    0xF9, 0x30, 0x63, 0xAE, 0x73, 0xF0, 0x7A, 0x16, 0x8B, 0x1D, 0x7C, 0xBF, 0xA1, 0x71, 0xB0, 0x43,
    0x1D, 0x2E, 0x4E, 0xB1, 0x0E, 0x99, 0x27, 0xF4, 0x47, 0x2E, 0x67, 0x2F, 0xB5, 0x94, 0x39, 0x99,
    0xC4, 0x14, 0x97, 0x7E, 0x1B, 0xAE, 0x0D, 0xD0, 0xA7, 0x7E, 0x0E, 0x89, 0x0E, 0x25, 0xF2, 0x56,
    0x47, 0xBF, 0xB7, 0xC1, 0xF9, 0x30, 0xCF, 0x45, 0x2E, 0x69, 0xE7, 0x9E, 0x2F, 0x65, 0x6C, 0x8C,
    0xF3, 0xCD, 0x1F, 0x97, 0x1A, 0x68, 0x46, 0xBF, 0xF3, 0x26, 0x7B, 0x84, 0x26, 0xCA, 0xB1, 0x4E,
    0xC2, 0x40, 0x83, 0x9A, 0xB7, 0x55, 0x59, 0xD0, 0xAF, 0x86, 0x45, 0xDE, 0x74, 0x56, 0x5F, 0x9F,
    0x76, 0xAA, 0x4D, 0xA6, 0x62, 0xB4, 0x0B, 0x3D, 0xE9, 0x3B, 0x9E, 0x9F, 0x7D, 0x3C, 0x7F, 0xDA,
    0x82, 0x32, 0xBB, 0x82, 0xAD, 0x33, 0x30, 0x55, 0xA1, 0x5D, 0x6E, 0x5E, 0xF4, 0xBB, 0x1E, 0xFB,
    0xD9, 0x84, 0xCD, 0xF5, 0xCF, 0x6A, 0x2D, 0x97, 0xCB, 0x69, 0x00, 0xA3, 0x23, 0x83, 0x02, 0x06,
    0x85, 0x59, 0x15, 0x50, 0xC7, 0x4D, 0x74, 0xB3, 0x6E, 0xA2, 0x5D, 0x28, 0xA0, 0xFA, 0x55, 0xEF,
    0xB4, 0x31, 0x6B, 0x90, 0xFD, 0xA4, 0x06, 0xC8, 0xE1, 0x3D, 0x1A, 0x79, 0x24, 0x30, 0xF5, 0x00,
    0x51, 0xF1, 0xE8, 0x5E, 0x58, 0x93, 0xB3, 0x2B, 0x3A, 0x84, 0x21, 0x0E, 0xC1, 0xD2, 0x77, 0x50,
    0x1F, 0xBC, 0x8F, 0x7A, 0xEE, 0xB2, 0xE7, 0xFD, 0x98, 0x39, 0x1B, 0x35, 0xA5, 0x63, 0xEC, 0xA8,
    0x49, 0x32, 0xA4, 0x7D, 0x16, 0xFA, 0x2C, 0xD5, 0xF1, 0x41, 0x00, 0xF4, 0xF8, 0xBB, 0x76, 0xDA,
    0x16, 0xAB, 0xD8, 0x89, 0xF6, 0x8A, 0xFA, 0x00, 0x65, 0x8C, 0xBF, 0x03, 0xCC, 0x7B, 0x96, 0xBD,
    0xA9, 0x2B, 0xAC, 0x87, 0x7B, 0x0B, 0xC3, 0x7C, 0xCB, 0x7C, 0x0E, 0x9B, 0x5D, 0x1F, 0x31, 0x57,
    0x97, 0x11, 0x1B, 0x68, 0x6E, 0x90, 0xDD, 0x4C, 0x93, 0x0C, 0xC8, 0xBC, 0x3E, 0xF9, 0x01, 0x12,
    0x51, 0x5B, 0x41, 0xC9, 0x29, 0x19, 0xD6, 0x12, 0x0D, 0xE4, 0xB5, 0x90, 0xD6, 0x42, 0x56, 0x4B,
    0x49, 0x6B, 0xCB, 0x43, 0x46, 0x09, 0x09, 0xD8, 0xEF, 0x5F, 0xC0, 0xEE, 0x77, 0x30, 0x5A, 0xC2,
    0x9C, 0xA1, 0x18, 0x0D, 0x68, 0x22, 0xAD, 0x2E, 0x55, 0xAB, 0x67, 0x7B, 0x07, 0x9B, 0xC3, 0xEA,
    0xB0, 0x7B, 0x15, 0x1E, 0x54, 0x20, 0xAF, 0xA3, 0x7D, 0xCF, 0xEF, 0x30, 0x51, 0x97, 0xAB, 0x27,
    0x15, 0x77, 0xFA, 0xD8, 0x7F, 0xE2, 0x22, 0xFF, 0x68, 0x94, 0xEA, 0x3A, 0x43, 0x74, 0x44, 0x9A,
    0x46, 0x57, 0x80, 0x31, 0x26, 0x43, 0xE4, 0x12, 0x1B, 0xBB, 0xAC, 0x45, 0xDB, 0x52, 0x26, 0xC8,
    0xFF, 0x89, 0xEF, 0x1E, 0x77, 0xFB, 0xAB, 0x00, 0xCC, 0xFB, 0x39, 0xFD, 0xCE, 0x4C, 0x32, 0x9D,
    0x64, 0x12, 0x54, 0x39, 0x64, 0x12, 0x3E, 0x2E, 0xA9, 0x56, 0x2C, 0xB0, 0x0A, 0xC7, 0x3B, 0xA8,
    0x86, 0xB0, 0x29, 0xFF, 0xEA, 0x44, 0x55, 0x7B, 0x5C, 0xD9, 0x62, 0x34, 0xA1, 0x39, 0x8D, 0x86,
    0x03, 0xFD, 0x9D, 0xCF, 0x1E, 0x5D, 0xCB, 0xD0, 0x58, 0x3A, 0x09, 0x95, 0x08, 0xC3, 0x62, 0x06,
    0x88, 0x5E, 0x03, 0x44, 0x1A, 0x93, 0x7E, 0x6F, 0xD5, 0x17, 0x56, 0xB5, 0x1D, 0xD7, 0x38, 0xB6,
    0xFF, 0x91, 0xE7, 0xCF, 0xDB, 0x08, 0x76, 0x65, 0x2A, 0x10, 0x02, 0x84, 0x7F, 0x14, 0x40, 0x67,
    0x03, 0xCA, 0x80, 0x85, 0x96, 0xE0, 0x79, 0x1A, 0x65, 0xFE, 0x9C, 0xF8, 0x1D, 0x96, 0xA1, 0xD5,
    0x6C, 0xA3, 0xCC, 0x9E, 0x36, 0x1E, 0xB4, 0xB2, 0xF5, 0xD8, 0xF6, 0x33, 0xF2, 0x6B, 0xE8, 0xB1,
    0x09, 0x46, 0x63, 0xCF, 0x97, 0xB8, 0x37, 0xD8, 0x29, 0xF8, 0x23, 0x0F, 0x5D, 0x47, 0xF6, 0xE6,
    0xC8, 0x6B, 0x85, 0xA9, 0xFA, 0xC2, 0x24, 0xA8, 0x5D, 0x92, 0x81, 0x7D, 0x0E, 0x53, 0xD9, 0x02,
    0x63, 0x07, 0x18, 0xED, 0x42, 0x8B, 0x1D, 0xD8, 0x85, 0xB6, 0xBB, 0xC5, 0x3E, 0x35, 0xAE, 0x37,
    0x0A, 0x9B, 0xB5, 0x4D, 0xD5, 0xAB, 0xD6, 0x27, 0x48, 0xDD, 0x07, 0x88, 0xC0, 0x6E, 0x91, 0xB8,
    0xC6, 0x5E, 0x49, 0xDC, 0x7D, 0x6B, 0x93, 0xE9, 0xF0, 0x41, 0x1B, 0xFB, 0x1B, 0x47, 0xE8, 0x60,
    0x90, 0x4B, 0xA3, 0x31, 0x65, 0x02, 0xA0, 0x43, 0x6E, 0x25, 0x2D, 0xD3, 0xC2, 0x3E, 0x24, 0x6E,
    0xA2, 0x16, 0xF6, 0xB7, 0x81, 0xC3, 0xEA, 0x10, 0x94, 0xA0, 0xFE, 0xBD, 0xEE, 0x7E, 0x03, 0xE1,
    0xF0, 0xF1, 0x4F, 0xC8, 0x81, 0x17, 0x97, 0xE3, 0x39, 0xF4, 0xC2, 0x48, 0x54, 0x60, 0xE9, 0x96,
    0x0F, 0x19, 0x4A, 0x0A, 0xD8, 0xC6, 0x8D, 0x26, 0xA0, 0x63, 0x8C, 0x08, 0x56, 0xFD, 0x3E, 0x5A,
    0xD4, 0xF7, 0x19, 0x22, 0x30, 0xF8, 0xE7, 0x30, 0xD6, 0x21, 0xDC, 0xFD, 0x8F, 0x59, 0x00, 0xEA,
    0x9F, 0xE0, 0xFE, 0xF0, 0x98, 0x4D, 0x64, 0xFB, 0x02, 0x2C, 0xB7, 0x2B, 0x0C, 0xDF, 0xD9, 0x70,
    0xBD, 0xA0, 0x00, 0x7F, 0x6F, 0xFD, 0x00, 0x46, 0xD4, 0x29, 0x27, 0xCF, 0xA1, 0xC2, 0xF9, 0x45,
    0xBA, 0x89, 0x12, 0x00, 0xF4, 0xB3, 0xA3, 0x4C, 0xCC, 0x87, 0x2A, 0xFE, 0x13, 0xB9, 0x88, 0x86,
    0x73, 0x51, 0x39, 0x79, 0x39, 0xC0, 0xA9, 0x43, 0x6E, 0x9B, 0x23, 0x7C, 0xFE, 0x90, 0x55, 0x87,
    0xE0, 0xB9, 0x2E, 0x64, 0xC0, 0x9A, 0x47, 0xA2, 0xFF, 0xCD, 0xD6, 0x99, 0x71, 0x4E, 0x8B, 0x55,
    0xC8, 0xE9, 0x50, 0x72, 0xEF, 0x67, 0x5F, 0xAC, 0xEE, 0xB6, 0xDA, 0x00, 0xA3, 0x2E, 0xEC, 0x5D,
    0x3F, 0xC7, 0xDC, 0x98, 0x1F, 0x88, 0x76, 0xE4, 0xC6, 0xAB, 0xC1, 0x21, 0x0C, 0x27, 0x9E, 0x1C,
    0xAD, 0xD3, 0x2B, 0x8C, 0x8C, 0x8C, 0xA4, 0xDA, 0x0B, 0xBA, 0xBF, 0xB0, 0x7D, 0xB0, 0xD8, 0x2D,
    0xDC, 0x6E, 0x6A, 0xFF, 0x03, 0xB5, 0x59, 0xBF, 0x8F, 0x14, 0xC9, 0x15, 0x7E, 0xDD, 0x7D, 0xD0,
    0x9C, 0x5B, 0x47, 0x6D, 0x40, 0x80, 0xCD, 0x8F, 0x22, 0xC4, 0xF2, 0x42, 0x11, 0x5C, 0x40, 0xB0,
    0x3B, 0xD5, 0x80, 0x64, 0x32, 0xFB, 0xFE, 0x03, 0x13, 0x5A, 0x4E, 0x40, 0x32, 0xB2, 0x56, 0xF2,
    0xEC, 0x76, 0x03, 0xE1, 0x05, 0xF0, 0x1F, 0xF8, 0xC2, 0x73, 0xB6, 0xC1, 0x4A, 0x26, 0x98, 0xDD,
    0x2E, 0x38, 0xC9, 0x1B, 0x20, 0xF9, 0xFA, 0x4C, 0xE0, 0xC8, 0xA6, 0xE1, 0x90, 0x4C, 0x60, 0x89,
    0xF2, 0xD1, 0xB6, 0x1A, 0xD3, 0xDD, 0xE5, 0xEF, 0x55, 0xF7, 0x2C, 0xCB, 0x45, 0x77, 0x73, 0xEC,
    0xEC, 0x54, 0xCD, 0xCE, 0x4C, 0xF7, 0x7B, 0xAF, 0xDE, 0x8F, 0xEF, 0x7D, 0x55, 0x43, 0x4D, 0xD4,
    0x46, 0x6D, 0x50, 0x13, 0x51, 0x1A, 0x9A, 0xC8, 0x24, 0x46, 0x18, 0x69, 0xB4, 0xC9, 0x4C, 0x61,
    0x9C, 0x71, 0xE9, 0x0E, 0x51, 0x64, 0x28, 0xCA, 0xE9, 0x44, 0x49, 0xAE, 0x89, 0xDF, 0xAC, 0x8B,
    0x47, 0x13, 0xFD, 0x8B, 0x89, 0x3E, 0x7A, 0xA4, 0x38, 0x45, 0xC5, 0x32, 0xB9, 0x15, 0x72, 0x17,
    0x2F, 0x14, 0xAF, 0xAD, 0x76, 0x46, 0x3A, 0x0A, 0x21, 0xA8, 0xF2, 0x4F, 0xD5, 0x10, 0x39, 0x49,
    0x51, 0x2B, 0xF3, 0xB8, 0x91, 0x26, 0x69, 0x04, 0x5E, 0x0F, 0xE1, 0x3D, 0x51, 0x88, 0x41, 0x18,
    0xD2, 0x59, 0x22, 0x5C, 0x16, 0xE2, 0x25, 0x2E, 0x71, 0x4B, 0x4A, 0x54, 0xB8, 0x8E, 0x9C, 0x6B,
    0xFD, 0x58, 0x81, 0xEA, 0x09, 0x25, 0xA5, 0xBA, 0xFE, 0xC4, 0xC4, 0xAE, 0xA7, 0xC8, 0xCE, 0xFC,
    0x27, 0xB1, 0x39, 0xEF, 0x5F, 0xF9, 0x7D, 0x8C, 0xEB, 0x55, 0xF6, 0x24, 0xE7, 0xEB, 0xF8, 0xFA,
    0xDF, 0x7C, 0xFE, 0x93, 0xCF, 0x8A, 0x56, 0x5B, 0x59, 0x89, 0x54, 0x54, 0x47, 0x49, 0xD8, 0x15,
    0x8A, 0xED, 0x4D, 0x8A, 0x6A, 0x4B, 0xD1, 0xFF, 0x0C, 0x85, 0x2E, 0x27, 0x0D, 0xD9, 0x41, 0x37,
    0xD8, 0xE1, 0x60, 0x03, 0xDB, 0x14, 0xC1, 0x8E, 0xEB, 0x3D, 0xEB, 0x4F, 0x69, 0xF6, 0xF6, 0x01,
    0x43, 0x67, 0xFB, 0xDF, 0x4A, 0x5C, 0xB6, 0x03, 0x9F, 0xB4, 0x9A, 0x82, 0xF6, 0x34, 0x05, 0xB8,
    0x83, 0x20, 0x91, 0x0A, 0x0B, 0xC9, 0x2D, 0x89, 0xDD, 0x9E, 0xD4, 0x25, 0x47, 0x3A, 0x2D, 0x48,
    0x9B, 0x1D, 0x52, 0xFF, 0xC1, 0x67, 0xAE, 0x82, 0x95, 0x29, 0x05, 0xCE, 0x10, 0xE9, 0x92, 0xA6,
    0xB2, 0xA4, 0x1D, 0x61, 0x28, 0xD3, 0x39, 0x49, 0x58, 0xB1, 0x9A, 0x98, 0x42, 0x94, 0x4E, 0x94,
    0xD3, 0x24, 0xA7, 0x84, 0x85, 0x6D, 0x23, 0x1C, 0x61, 0x49, 0xE7, 0x29, 0x21, 0x3C, 0x4F, 0x85,
    0xEE, 0x8E, 0x59, 0x11, 0x77, 0x1E, 0x9A, 0x9B, 0x3A, 0xBA, 0x55, 0x6E, 0x6E, 0xC3, 0xBD, 0xB6,
    0x1D, 0xA6, 0xA0, 0xC4, 0x14, 0x1A, 0x3B, 0x8B, 0x23, 0xB3, 0xA9, 0x45, 0x94, 0x5F, 0x4C, 0x3A,
    0x41, 0xE7, 0x08, 0x4F, 0x91, 0xD2, 0x16, 0x85, 0xCF, 0x13, 0x28, 0x55, 0xAF, 0x89, 0x1F, 0x81,
    0x4B, 0x13, 0x49, 0xCB, 0x8A, 0xA6, 0x9A, 0x9A, 0x09, 0x35, 0xD3, 0xD4, 0xF5, 0xF9, 0xC6, 0x84,
    0xE8, 0x43, 0x32, 0xB4, 0x1A, 0x9B, 0xA0, 0x56, 0x70, 0x62, 0x4B, 0xFA, 0xAA, 0xA5, 0x6D, 0x18,
    0xD8, 0x8B, 0x92, 0xF4, 0x15, 0x4B, 0x89, 0x81, 0x0E, 0x8B, 0xEB, 0x36, 0x85, 0x97, 0xE3, 0x5C,
    0x8F, 0x27, 0xD1, 0x64, 0xDF, 0xF3, 0xC7, 0xBA, 0xD3, 0x5D, 0xD8, 0x93, 0xB8, 0x62, 0x2E, 0x92,
    0xFD, 0x6D, 0x77, 0xE3, 0xE9, 0x5F, 0x2E, 0x3C, 0x6B, 0x2E, 0x3C, 0xFE, 0xD7, 0x8D, 0xAF, 0xFF,
    0xBE, 0xF9, 0xBB, 0x9F, 0x9B, 0x73, 0x49, 0x9A, 0x40, 0x72, 0x97, 0xB5, 0xB2, 0x5C, 0xBB, 0x69,
    0x57, 0xAA, 0x65, 0xBB, 0xB2, 0x76, 0x53, 0xF2, 0x22, 0x69, 0xFF, 0xC8, 0x9C, 0xF3, 0xE3, 0xDB,
    0x9F, 0xFB, 0x41, 0x6F, 0xBF, 0x0F, 0x1C, 0xC5, 0x77, 0x8D, 0xC0, 0x13, 0x86, 0x2A, 0x04, 0x89,
    0xC2, 0x8A, 0x97, 0xAC, 0x5D, 0xAA, 0x1D, 0x25, 0x1D, 0x49, 0x4D, 0x27, 0xF1, 0xF9, 0x3A, 0x02,
    0x0F, 0x87, 0xD2, 0x99, 0x09, 0xD5, 0x1B, 0x74, 0xBF, 0x25, 0x85, 0x60, 0x18, 0x51, 0x4A, 0xA3,
    0xD2, 0x55, 0xBA, 0xC9, 0x22, 0x8F, 0xD1, 0xB1, 0xB0, 0x8B, 0x51, 0x06, 0x49, 0x1D, 0xB5, 0xC2,
    0xFA, 0xD1, 0x88, 0x2A, 0xAE, 0x65, 0x19, 0x5B, 0x65, 0x12, 0x0C, 0x61, 0x35, 0x86, 0xCB, 0x05,
    0xB2, 0x52, 0xBA, 0xC2, 0xAA, 0x1D, 0x94, 0x08, 0x6E, 0xE5, 0x51, 0xB0, 0x47, 0x30, 0xFE, 0xC8,
    0xB2, 0x12, 0x87, 0xF8, 0xB9, 0xC7, 0x3D, 0x02, 0xBE, 0x6B, 0x11, 0xF9, 0x47, 0x96, 0x14, 0x4F,
    0xDA, 0xDD, 0xAD, 0x60, 0xF7, 0x2F, 0x79, 0x62, 0xAF, 0x3A, 0x69, 0x30, 0x29, 0x98, 0xDE, 0x6B,
    0x43, 0xA2, 0x47, 0x2A, 0x04, 0x9D, 0x46, 0xFA, 0x1F, 0xCF, 0x68, 0x94, 0x39, 0x4C, 0x2C, 0x99,
    0x38, 0xC9, 0xA8, 0xE3, 0xE9, 0x73, 0xD6, 0xE9, 0x72, 0x97, 0x6F, 0x50, 0x4C, 0x48, 0x6E, 0x13,
    0x56, 0x51, 0x99, 0xE5, 0x9C, 0xCA, 0x87, 0xDB, 0xA0, 0x09, 0xEB, 0xC8, 0xF2, 0x5F, 0x5C, 0x25,
    0x55, 0xD6, 0xC6, 0x58, 0x2D, 0x82, 0x2D, 0xA9, 0x95, 0xD4, 0x28, 0x0E, 0x39, 0x12, 0x18, 0xEB,
    0xE7, 0xC7, 0x51, 0xE4, 0x97, 0xC8, 0x6B, 0x8A, 0xAA, 0x75, 0x24, 0xB2, 0xCA, 0x91, 0x91, 0x25,
    0x6D, 0x24, 0x25, 0xFE, 0x37, 0x71, 0xB5, 0x43, 0xF2, 0xB2, 0x25, 0xCE, 0xC7, 0x6B, 0x1F, 0x0E,
    0x7E, 0xA7, 0x90, 0xF5, 0x1F, 0xE6, 0x64, 0x43, 0xE5, 0x26, 0x79, 0xD0, 0x90, 0xE0, 0x62, 0x47,
    0xC9, 0x59, 0xAA, 0x7F, 0x1A, 0xD9, 0xB0, 0xDA, 0x86, 0xDE, 0x87, 0x6D, 0x5C, 0x89, 0x64, 0xA6,
    0xDB, 0x95, 0x73, 0xC8, 0xD0, 0xAD, 0xAD, 0x86, 0x82, 0xAA, 0x6C, 0x28, 0x7A, 0x88, 0x90, 0x09,
    0xAE, 0xF3, 0x73, 0x7C, 0xFD, 0x1A, 0x4F, 0x96, 0xA5, 0xA6, 0x44, 0xFB, 0xE5, 0x8F, 0x0A, 0xBC,
    0x06, 0xF2, 0x2A, 0x06, 0x1D, 0x5E, 0x09, 0xCF, 0xE1, 0xB3, 0x0E, 0x73, 0xFC, 0xA5, 0x22, 0xE8,
    0x91, 0x32, 0x85, 0xA2, 0xD3, 0x88, 0x32, 0x32, 0x7D, 0x1D, 0xF9, 0x5D, 0xF9, 0x8B, 0x4C, 0x0C,
    0x09, 0x82, 0x4E, 0x13, 0x57, 0x41, 0x06, 0xDF, 0xAD, 0x51, 0x81, 0xD9, 0xEB, 0x1B, 0x14, 0xC6,
    0xEC, 0x50, 0xA1, 0xA0, 0xEA, 0x23, 0xC9, 0x9A, 0x36, 0x70, 0x79, 0xE4, 0xF5, 0x6C, 0x63, 0x2D,
    0x67, 0x34, 0xD6, 0x72, 0x5F, 0x63, 0x2D, 0x6B, 0xDB, 0x58, 0x8B, 0xAA, 0xBF, 0xCF, 0x5A, 0x50,
    0xB9, 0x40, 0x93, 0xA8, 0xF5, 0x98, 0x86, 0x87, 0xE1, 0xF5, 0xA0, 0x06, 0x33, 0x00, 0x58, 0xAE,
    0x7A, 0xCA, 0x2C, 0x01, 0x0A, 0xDA, 0x24, 0x6F, 0xA5, 0x59, 0xD7, 0x39, 0xD7, 0x3F, 0x1B, 0xED,
    0xE1, 0x88, 0xF8, 0x2B, 0xA0, 0x62, 0xC9, 0xFF, 0xE6, 0x73, 0xC7, 0xC4, 0x1C, 0x30, 0xC1, 0xD2,
    0x24, 0x4F, 0x9A, 0xA7, 0xDF, 0xF3, 0xF4, 0x4F, 0xDC, 0x17, 0x7C, 0x01, 0x3C, 0x8A, 0x78, 0x8A,
    0xAF, 0xC0, 0x48, 0xC1, 0x48, 0x76, 0x8A, 0x61, 0x4D, 0x03, 0x16, 0x69, 0x93, 0xE1, 0xA9, 0x42,
    0xFA, 0xC0, 0x06, 0x47, 0x3F, 0x7B, 0xFE, 0x23, 0x77, 0x4F, 0x37, 0xC2, 0x79, 0x59, 0x3E, 0xC3,
    0xA0, 0x2E, 0xE4, 0x0C, 0x4B, 0x9E, 0x63, 0x3A, 0x44, 0x07, 0xAA, 0x32, 0x60, 0x01, 0x31, 0x23,
    0xBF, 0x04, 0x7E, 0xD2, 0x7D, 0x14, 0x2B, 0xE5, 0x41, 0x7A, 0xA0, 0xAB, 0xE4, 0x87, 0xF8, 0x8A,
    0x61, 0x97, 0xB1, 0x97, 0xA1, 0x9D, 0x9E, 0x76, 0x07, 0xBA, 0xCA, 0x19, 0xE3, 0x6D, 0x07, 0x4C,
    0xA2, 0x99, 0xD8, 0x0B, 0xE1, 0x81, 0x69, 0x0B, 0x1B, 0x0E, 0xDE, 0x49, 0xAE, 0xE7, 0x8F, 0x58,
    0xFC, 0x32, 0x26, 0xC6, 0xBB, 0x03, 0x54, 0x29, 0x9D, 0x63, 0x37, 0x06, 0xCE, 0x72, 0x33, 0x88,
    0x9E, 0x54, 0xFC, 0x12, 0x5F, 0x2F, 0x39, 0xA1, 0x84, 0x2E, 0x19, 0x2E, 0x96, 0xB5, 0xB9, 0x87,
    0x97, 0x35, 0x6D, 0x38, 0x93, 0xAD, 0x7E, 0x08, 0x6F, 0x84, 0x65, 0xC6, 0x21, 0x88, 0xF3, 0xE2,
    0x0A, 0x57, 0xA7, 0x73, 0x21, 0x84, 0x2C, 0x0F, 0xF0, 0x76, 0x11, 0x2F, 0xB0, 0xDC, 0x02, 0xD3,
    0x57, 0x00, 0xE3, 0xE8, 0x22, 0x53, 0x52, 0x25, 0x4A, 0xA3, 0xA1, 0xAC, 0xD1, 0xCE, 0xC1, 0xDA,
    0xC3, 0x98, 0xF4, 0xBD, 0x6D, 0x54, 0xC9, 0x14, 0x8D, 0x7A, 0x8A, 0x45, 0x5D, 0x94, 0x58, 0x9D,
    0x36, 0xC3, 0xC8, 0x78, 0xE4, 0xC3, 0x18, 0x3F, 0xAB, 0x54, 0x19, 0x56, 0x40, 0xF2, 0x2A, 0xEA,
    0x40, 0x2D, 0xB8, 0xB3, 0x07, 0xF8, 0x22, 0xCA, 0x07, 0xB6, 0x41, 0xF7, 0xC9, 0x33, 0x0F, 0x16,
    0xC2, 0x89, 0xA8, 0x60, 0xA9, 0xA8, 0xC7, 0x32, 0x3C, 0xE2, 0xBD, 0x17, 0x71, 0x8F, 0xD3, 0x60,
    0x19, 0xDA, 0xAC, 0x42, 0xF0, 0x0A, 0x15, 0xF9, 0x59, 0x2A, 0x2E, 0xA5, 0xE4, 0x20, 0xC4, 0x0F,
    0x97, 0x06, 0x7D, 0x02, 0xE0, 0x12, 0x03, 0x81, 0x68, 0x69, 0x09, 0x03, 0x3D, 0x84, 0xAC, 0x6A,
    0x42, 0x5B, 0x38, 0xF4, 0x7D, 0xAF, 0x2C, 0x81, 0x60, 0x85, 0xD7, 0x1D, 0x28, 0xFA, 0xE4, 0x3D,
    0xCA, 0x66, 0x97, 0x17, 0x00, 0x98, 0x37, 0x15, 0x40, 0xAC, 0x86, 0xD9, 0x67, 0xDE, 0x9B, 0x6C,
    0x6E, 0xF9, 0xE2, 0x2B, 0x0C, 0xD3, 0xCC, 0xB3, 0xE9, 0x7D, 0xC8, 0x8D, 0x4A, 0xE6, 0x59, 0x08,
    0x30, 0x5D, 0xCF, 0x89, 0x33, 0x80, 0x49, 0x53, 0xE8, 0x5E, 0x70, 0xC0, 0xD0, 0x02, 0x11, 0x3E,
    0x40, 0x92, 0xA3, 0xE1, 0x89, 0x14, 0x44, 0x53, 0x08, 0xDB, 0x11, 0x50, 0xF1, 0x04, 0x7E, 0xFA,
    0x1A, 0x5E, 0xE7, 0xEF, 0x00, 0x25, 0x40, 0xCA, 0xE3, 0xB4, 0xA0, 0x10, 0x24, 0x05, 0xAA, 0x62,
    0xA3, 0x0D, 0xEC, 0xF9, 0x20, 0x3D, 0xB4, 0xA0, 0x90, 0xD9, 0x84, 0xBA, 0x8C, 0xDA, 0xC9, 0xD8,
    0xC2, 0xBE, 0xBF, 0x04, 0x38, 0x15, 0x99, 0xA7, 0xFF, 0xDC, 0x71, 0xCE, 0x16, 0x9C, 0xC0, 0xB8,
    0x3B, 0xCB, 0x91, 0x8E, 0x45, 0x8A, 0xDC, 0x74, 0x6C, 0x23, 0x4F, 0x12, 0xBC, 0xC3, 0x42, 0x88,
    0xAA, 0x20, 0x46, 0x97, 0x10, 0xA4, 0x0D, 0x84, 0x14, 0x29, 0x26, 0xF0, 0xE2, 0x16, 0x5E, 0x55,
    0x0D, 0xDF, 0xE5, 0x5E, 0xEF, 0x21, 0x8E, 0xBE, 0xEA, 0xB9, 0x1A, 0xDB, 0xC5, 0x5C, 0xF7, 0x76,
    0x33, 0x8F, 0x63, 0xAE, 0xFB, 0xD0, 0x19, 0xF0, 0x73, 0x5D, 0x05, 0x25, 0x3A, 0x12, 0x6A, 0xBC,
    0x68, 0x40, 0xF2, 0xFF, 0xD4, 0x62, 0x7A, 0xD5, 0x23, 0x94, 0x4F, 0x5D, 0x9C, 0x52, 0xE5, 0x3E,
    0x05, 0xBF, 0xCC, 0x1E, 0x01, 0x03, 0xF4, 0x4B, 0xB4, 0x55, 0x09, 0x45, 0x46, 0xA0, 0xFF, 0xE6,
    0x70, 0x7D, 0xCC, 0x9A, 0xAF, 0xBF, 0x08, 0x40, 0xD4, 0x5B, 0x4F, 0xE5, 0x59, 0x34, 0xF8, 0xCC,
    0x08, 0x38, 0x01, 0xE3, 0xFC, 0x58, 0x48, 0x8C, 0x0F, 0xCC, 0x6A, 0xF5, 0x95, 0x9A, 0x3F, 0x6F,
    0x19, 0xA1, 0x1C, 0x5F, 0x56, 0x70, 0xF9, 0x15, 0x29, 0x56, 0x3C, 0x4E, 0x28, 0x63, 0x97, 0xC2,
    0x71, 0x8E, 0xC6, 0x89, 0x17, 0x9B, 0x47, 0xBC, 0x58, 0xD4, 0x90, 0x04, 0x6D, 0x03, 0x95, 0xCF,
    0x78, 0x93, 0xE0, 0x31, 0xCE, 0x17, 0xB2, 0x57, 0xA7, 0xAB, 0x39, 0x4B, 0xBA, 0x77, 0xB0, 0x2A,
    0x15, 0x0D, 0x35, 0x87, 0xA2, 0x43, 0xDC, 0x92, 0xDC, 0xD2, 0xBC, 0xEC, 0x0E, 0x4C, 0xA5, 0x67,
    0x15, 0xDD, 0x32, 0x07, 0xAE, 0x61, 0xE4, 0x84, 0xCA, 0xA3, 0x03, 0x45, 0x38, 0x28, 0x95, 0x09,
    0x17, 0xBD, 0x78, 0xC0, 0x5D, 0x21, 0xAF, 0xDF, 0xE9, 0x61, 0x07, 0xA0, 0x6D, 0x89, 0x96, 0xA6,
    0x34, 0xCD, 0x82, 0x56, 0xEE, 0xDA, 0xD8, 0x99, 0x60, 0xA0, 0xF6, 0xD8, 0x4B, 0xEE, 0x5A, 0x7C,
    0x88, 0xAF, 0xF6, 0xB4, 0x07, 0xC5, 0x7F, 0x41, 0xF1, 0x4B, 0x78, 0x3F, 0xE3, 0x02, 0xEB, 0x80,
    0xFA, 0xD8, 0xB8, 0x3A, 0x13, 0xD7, 0xB1, 0x2B, 0x85, 0x15, 0x7F, 0xC0, 0x34, 0x51, 0xA5, 0xA8,
    0x50, 0x08, 0xF2, 0xEB, 0x4A, 0x1B, 0xF9, 0x04, 0xFB, 0x58, 0xEC, 0x49, 0xB3, 0x54, 0xB4, 0xDE,
    0x54, 0x98, 0x9D, 0x58, 0x98, 0xAD, 0x40, 0xBE, 0x68, 0x25, 0xDB, 0x63, 0x02, 0xC2, 0xD3, 0x2E,
    0xDF, 0x2D, 0x9B, 0x3D, 0x2E, 0x36, 0x27, 0xBE, 0xDA, 0x3D, 0x70, 0x95, 0xEA, 0x2F, 0x15, 0x79,
    0xD2, 0xA0, 0x4D, 0x09, 0xE6, 0x89, 0x58, 0xB5, 0x9F, 0x2E, 0x72, 0x7D, 0xAE, 0x31, 0xA7, 0xDE,
    0xE2, 0x16, 0xB2, 0xC9, 0xB5, 0x6F, 0x7D, 0xF7, 0xC1, 0x84, 0xDA, 0xD2, 0x06, 0xB5, 0xA5, 0xCB,
    0x38, 0x27, 0x55, 0x4B, 0x0E, 0x5E, 0xCB, 0x9D, 0xB3, 0x1A, 0x89, 0x22, 0x1C, 0xCA, 0xEA, 0xB8,
    0x35, 0x10, 0xBB, 0x83, 0xAE, 0x1D, 0xAC, 0x4A, 0xC9, 0x3A, 0xB8, 0x55, 0x06, 0x6F, 0x78, 0xC3,
    0x6D, 0xEE, 0x33, 0xE7, 0x3B, 0x76, 0x90, 0x2A, 0x63, 0x83, 0x0D, 0xB4, 0xA8, 0xBA, 0x31, 0xA7,
    0xDE, 0x42, 0xD3, 0xC1, 0x2C, 0xD0, 0xEF, 0x75, 0xCB, 0xA1, 0x29, 0x42, 0xDD, 0x48, 0x2E, 0x9D,
    0x13, 0x5D, 0xD1, 0x27, 0x0D, 0xC8, 0x80, 0x11, 0x75, 0x9C, 0x26, 0xCD, 0x51, 0x20, 0xE6, 0x32,
    0xC6, 0xC7, 0x68, 0x45, 0xF0, 0x04, 0x13, 0x13, 0xCE, 0x6C, 0x47, 0x7B, 0x83, 0xE9, 0x0F, 0xEF,
    0x48, 0x4E, 0xF8, 0xD3, 0x02, 0x74, 0x2D, 0x3E, 0x31, 0x28, 0x5E, 0x8C, 0xEC, 0x02, 0x1F, 0x66,
    0x57, 0x1B, 0x2A, 0x42, 0x4E, 0xAB, 0x7E, 0x18, 0x41, 0x1F, 0xF4, 0x61, 0x17, 0x76, 0x51, 0x13,
    0xB6, 0xB2, 0x8A, 0xF8, 0xB4, 0x62, 0x3C, 0x55, 0x50, 0x68, 0x14, 0xBE, 0x6D, 0x0D, 0x09, 0x1F,
    0xB3, 0x3B, 0xA4, 0xD9, 0xE1, 0x9D, 0x1C, 0xA6, 0x8C, 0xD1, 0xD3, 0x31, 0x94, 0xF5, 0x58, 0x12,
    0x75, 0xA7, 0x39, 0xFF, 0x56, 0x78, 0x43, 0xB7, 0xCD, 0x53, 0xC1, 0x8D, 0xB4, 0xC8, 0x31, 0x65,
    0x15, 0xA4, 0x29, 0x6C, 0x2F, 0x1A, 0xC1, 0xB5, 0x07, 0xE9, 0xF1, 0x37, 0xD8, 0xAC, 0x27, 0xAF,
    0x2C, 0x4F, 0xDF, 0xD4, 0xF0, 0x33, 0xD6, 0x2D, 0x18, 0x19, 0x98, 0x7E, 0x7E, 0xA0, 0xB8, 0x56,
    0xFD, 0x26, 0xB5, 0x9D, 0x67, 0xB7, 0x87, 0x2F, 0xDE, 0x65, 0x32, 0x50, 0xF3, 0x45, 0x11, 0x5F,
    0x5D, 0x8D, 0xC5, 0xFD, 0xBA, 0xF4, 0x34, 0xB9, 0x45, 0x67, 0xB1, 0x3A, 0x17, 0x06, 0xBB, 0x13,
    0xC3, 0x95, 0x56, 0xE0, 0x16, 0x2E, 0x22, 0x6C, 0x5E, 0x6E, 0x77, 0x67, 0x32, 0xD7, 0x57, 0xBA,
    0x41, 0x7D, 0x96, 0xCC, 0xE2, 0x59, 0x80, 0x60, 0x0E, 0x85, 0x57, 0x99, 0xFB, 0x93, 0x00, 0x04,
    0x90, 0xAB, 0x7A, 0x31, 0x79, 0xAB, 0x83, 0xFB, 0xD1, 0xA3, 0x48, 0xEC, 0x1A, 0x3A, 0x1F, 0x54,
    0x6F, 0xC1, 0x67, 0x11, 0x79, 0xDC, 0x25, 0x9A, 0x1B, 0x1E, 0x35, 0x05, 0xC2, 0x78, 0x52, 0xA5,
    0x3F, 0x48, 0x9E, 0xB8, 0x85, 0xFD, 0x3C, 0x38, 0xB3, 0xFA, 0xA2, 0xF6, 0x3B, 0xE4, 0x77, 0xC0,
    0x71, 0x11, 0xFB, 0x10, 0xDE, 0xF0, 0xB1, 0xA1, 0xE8, 0x36, 0xC6, 0x1D, 0x8C, 0xDD, 0x7C, 0xEC,
    0x63, 0x8B, 0xCB, 0x8C, 0xBB, 0x02, 0x95, 0xE2, 0xFE, 0xDD, 0x10, 0xB6, 0xF2, 0x2D, 0x6E, 0xBB,
    0xDC, 0x08, 0x93, 0x45, 0x56, 0x9A, 0x5E, 0xE2, 0x7E, 0x26, 0x71, 0xA9, 0xBB, 0x87, 0x7B, 0x1D,
    0x9D, 0xC9, 0x76, 0xDD, 0xAD, 0x2A, 0xEB, 0x0B, 0x67, 0x34, 0x88, 0x36, 0xF8, 0x54, 0xC2, 0xF9,
    0x5A, 0x07, 0xAE, 0x8B, 0x6D, 0x2F, 0xCA, 0x15, 0xE5, 0xA9, 0xCC, 0xC0, 0x66, 0xB2, 0xFC, 0x88,
    0xAE, 0xB6, 0xB4, 0x03, 0x17, 0x31, 0x31, 0x52, 0xF8, 0x06, 0x51, 0xE9, 0x4F, 0xF1, 0x56, 0xF9,
    0xC9, 0x37, 0x4E, 0xBD, 0xED, 0x85, 0x3F, 0x16, 0xC1, 0xE6, 0x27, 0x32, 0x3E, 0xE5, 0xEA, 0xA0,
    0xDD, 0x8E, 0xED, 0x86, 0x30, 0x3B, 0xEA, 0x41, 0xAB, 0x3F, 0xAD, 0x34, 0x7A, 0x03, 0x58, 0x47,
    0x7E, 0x5C, 0x97, 0xFB, 0xA4, 0x0D, 0x2C, 0x9C, 0x8B, 0x2B, 0x1F, 0x8E, 0x55, 0xF8, 0xE4, 0x6D,
    0x74, 0xB0, 0xE2, 0x86, 0xB3, 0x8D, 0x9E, 0x81, 0x7D, 0x3A, 0x9F, 0xA9, 0xA1, 0x33, 0x41, 0x0E,
    0x1F, 0xF5, 0x10, 0x24, 0xB1, 0x28, 0xE0, 0xC1, 0x16, 0xDE, 0x5B, 0xEC, 0x4E, 0x0C, 0x79, 0x71,
    0x4C, 0xEE, 0xB9, 0x00, 0x05, 0x2C, 0x52, 0x80, 0x89, 0x35, 0xB0, 0x9A, 0x25, 0x5A, 0x5C, 0xDE,
    0x24, 0x46, 0xDB, 0x41, 0xA6, 0x17, 0x18, 0xAB, 0x89, 0x79, 0x27, 0xF2, 0x0B, 0xC8, 0x9B, 0xC2,
    0x53, 0x88, 0x21, 0x56, 0x0D, 0xBB, 0xAE, 0x29, 0x0B, 0x34, 0x2C, 0x15, 0xBA, 0x15, 0xFE, 0xF2,
    0x2C, 0x2D, 0xA8, 0x38, 0xEB, 0x36, 0x5D, 0x89, 0xA6, 0x00, 0xB7, 0xA0, 0x90, 0x51, 0xB3, 0x1B,
    0x7E, 0xCF, 0x02, 0x8F, 0x7C, 0xC6, 0x0D, 0x03, 0x78, 0x07, 0xA0, 0xE3, 0xF0, 0x98, 0x39, 0xDF,
    0x4C, 0xD9, 0xF3, 0xC5, 0x59, 0x72, 0x9B, 0x84, 0x4C, 0xE7, 0x7E, 0xE2, 0x8F, 0x22, 0xE0, 0x00,
    0x2D, 0xE9, 0x7E, 0xEC, 0x37, 0xA3, 0xD7, 0xBE, 0xEB, 0xBD, 0x2A, 0xC9, 0xF5, 0xAF, 0x4C, 0x26,
    0xCD, 0x64, 0x6F, 0x17, 0xBB, 0x44, 0x27, 0x86, 0x7B, 0x2B, 0xBE, 0x57, 0x7D, 0xEB, 0xDE, 0xE3,
    0xE4, 0xB6, 0xE6, 0x7A, 0x97, 0xBC, 0xBF, 0x60, 0x3B, 0xD3, 0xEC, 0x7A, 0x00, 0xA0, 0x9B, 0xDB,
    0xC3, 0x71, 0x59, 0xE6, 0x50, 0x90, 0x45, 0x9A, 0x70, 0x36, 0x97, 0x3A, 0xE7, 0xF5, 0xF2, 0x1F,
    0x78, 0x2F, 0x18, 0x43, 0x46, 0xBC, 0x76, 0x9D, 0x82, 0x2E, 0xDC, 0x6A, 0x48, 0xEE, 0x02, 0xF1,
    0x5C, 0x3A, 0xDF, 0xCB, 0x96, 0xDE, 0x79, 0x8C, 0xBD, 0x1F, 0xEF, 0xBC, 0xE5, 0x04, 0x33, 0x65,
    0xD4, 0x6B, 0x57, 0x2A, 0xF0, 0xE8, 0xB8, 0x55, 0xE5, 0xDE, 0x61, 0x5D, 0x05, 0xF9, 0x55, 0x96,
    0xCA, 0xB2, 0x80, 0xA9, 0xEE, 0x98, 0x36, 0xEE, 0x06, 0x46, 0xC9, 0x95, 0xE3, 0x53, 0xAB, 0x1B,
    0x09, 0x23, 0xA7, 0x9A, 0xDF, 0xC8, 0x8E, 0xCB, 0x04, 0x2B, 0x0E, 0x9A, 0x02, 0xB1, 0xD4, 0x29,
    0xEC, 0x33, 0x63, 0x4C, 0xCC, 0x60, 0x63, 0x96, 0x0E, 0xF6, 0xC1, 0xA5, 0xB7, 0xDA, 0x7D, 0xF6,
    0x31, 0xF9, 0xF5, 0x79, 0x8B, 0x37, 0x3B, 0x43, 0xEE, 0x79, 0x54, 0x4D, 0x17, 0x94, 0x57, 0x8F,
    0xB9, 0x0B, 0x23, 0x27, 0x80, 0xEC, 0xAD, 0x98, 0x37, 0xDC, 0x3F, 0xC0, 0x3E, 0x5E, 0xE3, 0x5F,
    0x07, 0xDF, 0xC1, 0xFF, 0xB4, 0xD9, 0xED, 0xCB, 0xDD, 0x05, 0xE4, 0x71, 0xFE, 0x17, 0x40, 0x7C,
    0x3E, 0xC9, 0xE4, 0x33, 0xC2, 0x77, 0x6A, 0x61, 0x01, 0x79, 0x33, 0x1F, 0x8A, 0xD9, 0x28, 0x61,
    0x7E, 0xBA, 0x3C, 0x7F, 0xEC, 0xFB, 0x76, 0x89, 0x92, 0xBE, 0xA6, 0x0D, 0x59, 0x06, 0xAD, 0xA8,
    0x22, 0xAB, 0x6C, 0x62, 0x0B, 0x2B, 0x9E, 0xBD, 0xB4, 0xE2, 0x6F, 0x77, 0x2B, 0xF9, 0x52, 0x94,
    0x12, 0x90, 0x27, 0xBD, 0x6A, 0x94, 0x22, 0x10, 0x70, 0x15, 0x19, 0xE9, 0xAB, 0xBE, 0x1E, 0xB7,
    0x24, 0xBC, 0xF2, 0x8D, 0x31, 0x62, 0x09, 0x79, 0xAF, 0x26, 0xF6, 0x84, 0x71, 0x48, 0xC7, 0xEB,
    0x6F, 0xD3, 0x05, 0xA9, 0x8D, 0x91, 0x03, 0x5C, 0x2F, 0xB5, 0x43, 0x97, 0x8F, 0xDA, 0x4F, 0x9C,
    0x73, 0xC6, 0xBD, 0x72, 0xA9, 0xCE, 0xBB, 0x79, 0x27, 0x1D, 0x0F, 0x69, 0xDB, 0x41, 0x41, 0x38,
    0x90, 0xF2, 0x85, 0xE4, 0xF9, 0x5F, 0x40, 0xF8, 0x3C, 0x02, 0xB2, 0xD6, 0xD1, 0x44, 0xF9, 0x70,
    0x25, 0x0D, 0x16, 0x97, 0x37, 0x45, 0xD9, 0xF6, 0xA8, 0xD1, 0x0E, 0x63, 0x26, 0xD2, 0xFD, 0x11,
    0x5A, 0x6C, 0xBD, 0x7E, 0x81, 0xCD, 0x70, 0xBA, 0xC4, 0xE7, 0x4A, 0x1C, 0x76, 0xAE, 0x9B, 0x0F,
    0xD8, 0x9F, 0x53, 0x50, 0xF6, 0x1E, 0xA1, 0xEC, 0x82, 0xEC, 0x32, 0xB0, 0xEF, 0x4E, 0x8D, 0x01,
    0xCA, 0xB6, 0x0B, 0x94, 0x79, 0x04, 0xA8, 0xF8, 0x12, 0xEB, 0xFA, 0x07, 0x2E, 0x6F, 0x87, 0x33,
    0x16, 0xE6, 0x0B, 0x89, 0x3F, 0xA2, 0xA5, 0xE9, 0x39, 0x62, 0xDC, 0x60, 0x58, 0x19, 0x18, 0x30,
    0xFD, 0x9A, 0x83, 0xC3, 0xF5, 0xA3, 0x79, 0x8A, 0xAD, 0x37, 0x78, 0xBE, 0xCD, 0x13, 0x7C, 0x78,
    0x27, 0x5E, 0x22, 0x85, 0x65, 0xEF, 0x98, 0xEA, 0x61, 0x87, 0xAD, 0xD1, 0x0F, 0x7D, 0x43, 0xF4,
    0xBF, 0xB9, 0x80, 0x4E, 0xE1, 0x92, 0x82, 0x63, 0xED, 0x22, 0xA6, 0x76, 0x4C, 0x4C, 0x9C, 0xFF,
    0xF1, 0xA5, 0x19, 0x7F, 0x77, 0x62, 0x4A, 0x36, 0x4E, 0x7E, 0xB3, 0xE3, 0x95, 0xF9, 0x73, 0xA8,
    0xA8, 0x9A, 0x42, 0x59, 0xEF, 0x47, 0x54, 0xCE, 0xDE, 0xC9, 0xEB, 0xF7, 0xB8, 0xC8, 0xFF, 0x03,
    0xBD, 0x5A, 0xBF, 0x8F, 0xDC, 0xC6, 0x15, 0x7E, 0x24, 0x25, 0x51, 0x36, 0x13, 0x8D, 0x0A, 0x17,
    0x46, 0x64, 0x8B, 0x57, 0xA4, 0x70, 0xE0, 0xCB, 0xD1, 0x85, 0x0B, 0x21, 0x58, 0x89, 0x94, 0x0C,
    0xA4, 0x49, 0x21, 0xFF, 0x07, 0x51, 0xE1, 0x2A, 0x45, 0xE4, 0x22, 0x85, 0x00, 0x9F, 0x45, 0xCA,
    0x0E, 0xE0, 0x42, 0x85, 0xF5, 0x27, 0xA8, 0x0E, 0x02, 0xE4, 0x0C, 0x1C, 0x90, 0x2B, 0x4E, 0x47,
    0xDA, 0x02, 0x22, 0x24, 0x86, 0x21, 0x26, 0x2E, 0x52, 0x04, 0x08, 0xA8, 0x58, 0x40, 0x5C, 0x04,
    0x10, 0xA5, 0xA3, 0x6D, 0x2A, 0xC7, 0xE5, 0xE4, 0xFB, 0x66, 0xB8, 0x3F, 0xEE, 0x2C, 0xC9, 0xCA,
    0xE9, 0xD6, 0xEB, 0x9D, 0x81, 0x6F, 0xC5, 0x9D, 0xF9, 0xDE, 0x9B, 0xF7, 0xE3, 0x7B, 0x6F, 0x56,
    0x24, 0xD6, 0x99, 0x60, 0x92, 0xF9, 0x97, 0x5F, 0x61, 0x52, 0x35, 0xA6, 0x90, 0x53, 0xCC, 0xE9,
    0x1D, 0x4E, 0xFF, 0x6E, 0x44, 0x9C, 0x9B, 0xAD, 0x88, 0xC7, 0xC9, 0x7F, 0xA3, 0xC3, 0x63, 0x1E,
    0xA6, 0x97, 0xDD, 0x8E, 0x8B, 0x8C, 0x45, 0xD6, 0x9C, 0x5E, 0xA4, 0x92, 0x5E, 0xDC, 0x42, 0xB4,
    0xBC, 0x7A, 0xF7, 0x79, 0x7D, 0x2D, 0x6E, 0x95, 0xAE, 0xC5, 0xD7, 0x85, 0x04, 0x18, 0xBB, 0xF6,
    0x79, 0x58, 0xE2, 0x5B, 0x85, 0x74, 0x71, 0xE1, 0xD5, 0x71, 0xA6, 0x8A, 0x38, 0x0B, 0x8B, 0x54,
    0xE2, 0x2C, 0x97, 0x38, 0xD1, 0x92, 0x26, 0xBD, 0xA4, 0xEF, 0x8D, 0x97, 0x52, 0xDD, 0x57, 0x71,
    0xAB, 0x8B, 0xB0, 0xDC, 0xC2, 0x97, 0x8E, 0x3B, 0x89, 0xC8, 0xA5, 0x20, 0x19, 0x50, 0x07, 0xED,
    0x22, 0x51, 0xF3, 0xF5, 0x03, 0xB9, 0x2E, 0xEA, 0x5C, 0x29, 0x0A, 0x48, 0xDD, 0xFE, 0x19, 0xD1,
    0x2F, 0x06, 0xE4, 0x32, 0xF1, 0xBC, 0xCD, 0x89, 0x7F, 0xB9, 0x66, 0x32, 0x47, 0x3A, 0x7E, 0x02,
    0xD4, 0xFC, 0x51, 0x50, 0xEB, 0xF8, 0x21, 0xA1, 0xE6, 0x50, 0xEF, 0x49, 0x7C, 0x71, 0x15, 0xA3,
    0x19, 0x96, 0xA5, 0xA2, 0xF9, 0x39, 0x3F, 0xF0, 0x3B, 0x2B, 0x40, 0x8A, 0xBF, 0x97, 0xEC, 0x1E,
    0x47, 0x74, 0x23, 0xF1, 0xB5, 0x1B, 0xCE, 0x58, 0x56, 0xBD, 0x56, 0x56, 0x21, 0xE3, 0xA9, 0x10,
    0xC2, 0xC6, 0x85, 0x1D, 0x29, 0x47, 0x66, 0xC7, 0xF0, 0x59, 0x15, 0x95, 0x6E, 0xA5, 0x6A, 0xAF,
    0xF2, 0xC6, 0x7E, 0x29, 0x17, 0xA9, 0x5A, 0x45, 0x9D, 0xF0, 0x09, 0xAC, 0x7B, 0x79, 0xD8, 0x93,
    0x1A, 0xC3, 0x9F, 0x51, 0x23, 0x0E, 0xD4, 0xE0, 0xD7, 0xBD, 0xA8, 0x72, 0x24, 0x51, 0x31, 0x3C,
    0x99, 0x4D, 0xD6, 0x3D, 0x2A, 0x71, 0xB5, 0x0E, 0x31, 0x6B, 0x09, 0x21, 0xAA, 0x6F, 0x44, 0x57,
    0x7C, 0xA2, 0x14, 0xD9, 0xA9, 0xC5, 0x2B, 0x36, 0xE4, 0xB0, 0x1C, 0x3D, 0x38, 0xAC, 0x50, 0x03,
    0x0F, 0x48, 0xE1, 0xFF, 0xE3, 0x50, 0x64, 0xC3, 0xCF, 0xA6, 0xA6, 0xB1, 0x3F, 0xAC, 0x14, 0x72,
    0x40, 0x10, 0xCE, 0xCC, 0xEC, 0x80, 0xB0, 0x02, 0x2A, 0xBE, 0xEE, 0xD6, 0x53, 0x84, 0x00, 0x08,
    0x7C, 0x80, 0x87, 0x3D, 0x01, 0x0C, 0xEF, 0x94, 0xEF, 0xA3, 0x00, 0x06, 0x5C, 0x80, 0x45, 0x54,
    0x2E, 0x14, 0xE6, 0x95, 0xB0, 0x82, 0xFF, 0xD6, 0x76, 0x2B, 0x1E, 0xCC, 0x41, 0x81, 0xC2, 0xA9,
    0x2E, 0x7B, 0x85, 0xA8, 0x30, 0x11, 0x85, 0xBD, 0x7C, 0x1A, 0x7F, 0x2D, 0xCF, 0xA4, 0x44, 0xE2,
    0xB5, 0x80, 0x0D, 0x62, 0x03, 0x64, 0x82, 0x59, 0x3C, 0xAD, 0x61, 0x0A, 0xE9, 0x9F, 0xC6, 0x04,
    0x94, 0x73, 0x05, 0xE0, 0xCA, 0x93, 0xA8, 0xC4, 0x04, 0xF4, 0x9A, 0x16, 0x3D, 0x9D, 0xE0, 0x6C,
    0x51, 0xE5, 0x8E, 0x61, 0x3D, 0x9C, 0x0A, 0xA8, 0x2F, 0x4F, 0x30, 0xF5, 0x50, 0x24, 0x24, 0x8E,
    0x5A, 0x7E, 0x4B, 0x3F, 0x34, 0xEB, 0xBE, 0xD5, 0x10, 0x2C, 0xD0, 0xA7, 0xF7, 0xB1, 0x67, 0xF0,
    0x00, 0x8A, 0x50, 0x5F, 0x14, 0x9C, 0x32, 0x84, 0xBD, 0xBF, 0x8A, 0x71, 0x3D, 0x69, 0xB1, 0x19,
    0x9D, 0x4F, 0xE0, 0x7D, 0x89, 0x30, 0x52, 0x18, 0xFF, 0x33, 0x0E, 0x68, 0x3C, 0xD0, 0xB8, 0xA0,
    0xD0, 0x07, 0x85, 0x4E, 0x28, 0x26, 0x60, 0x58, 0xCC, 0xF1, 0x6E, 0xCC, 0x69, 0xF6, 0x2D, 0xCC,
    0xA1, 0xEE, 0x76, 0x61, 0xEE, 0x9E, 0x8C, 0xD9, 0x59, 0xB7, 0xB1, 0x27, 0xAA, 0x4D, 0x34, 0xF2,
    0x35, 0x30, 0xA8, 0xD2, 0x04, 0x69, 0x82, 0x6D, 0x27, 0x71, 0x22, 0x4D, 0x1E, 0x11, 0x27, 0x5E,
    0xDB, 0x15, 0xD2, 0x3C, 0x98, 0x82, 0xAF, 0xA7, 0xE7, 0x06, 0xC0, 0x3D, 0xF6, 0x3E, 0x83, 0x71,
    0x1A, 0x40, 0x47, 0x92, 0x67, 0xAF, 0x48, 0x7E, 0x36, 0x11, 0xED, 0x65, 0x76, 0xE8, 0xC4, 0xE9,
    0x03, 0x71, 0xC7, 0xCA, 0xB8, 0x0F, 0xC6, 0x71, 0x8C, 0x06, 0xA3, 0x8E, 0x5A, 0xB7, 0xCE, 0xB5,
    0xAE, 0x10, 0x6A, 0xA1, 0xA1, 0xDD, 0x39, 0xC9, 0x98, 0x43, 0x77, 0x03, 0xE6, 0x70, 0x19, 0x1A,
    0xDC, 0x92, 0xE8, 0x63, 0x88, 0x78, 0xB5, 0x02, 0xDC, 0x44, 0x52, 0x1E, 0x6B, 0xF6, 0x22, 0xE4,
    0xDE, 0x63, 0x0E, 0x87, 0xE5, 0x05, 0xF1, 0xB3, 0x75, 0x80, 0x02, 0xBE, 0x3C, 0x3B, 0x30, 0x7C,
    0x7C, 0xBD, 0x8E, 0x30, 0x7C, 0x3A, 0xC8, 0x24, 0xD2, 0xF3, 0x49, 0x68, 0x7F, 0x38, 0x8D, 0xBF,
    0xD3, 0x4C, 0x39, 0x56, 0xE4, 0x40, 0x75, 0x89, 0x18, 0x0A, 0x6B, 0xC0, 0x47, 0x4E, 0x33, 0xF3,
    0xFD, 0xEE, 0x06, 0xF0, 0x01, 0x1E, 0xD0, 0x01, 0x1C, 0xB0, 0x01, 0x1A, 0x90, 0x01, 0xD8, 0xD4,
    0xF7, 0x0F, 0x66, 0xF3, 0xE5, 0x21, 0x31, 0xD5, 0x36, 0x2D, 0xB9, 0xD0, 0x02, 0x93, 0xD2, 0x14,
    0x42, 0x69, 0x20, 0x7C, 0x50, 0xC7, 0x79, 0x96, 0xDE, 0xC5, 0x36, 0x87, 0xE2, 0xE2, 0xD4, 0x00,
    0x01, 0x8F, 0x22, 0x05, 0x8D, 0x4C, 0x12, 0x68, 0xCC, 0x8C, 0x6C, 0x63, 0x02, 0x12, 0x22, 0xB9,
    0xBB, 0x83, 0xC5, 0xE9, 0x56, 0xF1, 0xC1, 0x69, 0xEA, 0x10, 0x02, 0xD2, 0xCB, 0x0C, 0x48, 0xBF,
    0x4C, 0x24, 0xE8, 0x6D, 0x74, 0x77, 0xEB, 0x67, 0x3C, 0x59, 0x66, 0x20, 0x13, 0x03, 0x99, 0x83,
    0x0C, 0xF4, 0x69, 0x16, 0xA2, 0x3A, 0x1A, 0xE6, 0xA7, 0x1B, 0x02, 0x1F, 0x3D, 0xCD, 0xF8, 0x3C,
    0xA2, 0x37, 0x8E, 0x84, 0xB1, 0xD4, 0x7E, 0xC9, 0x4C, 0x69, 0xF1, 0xAB, 0xDF, 0x61, 0xF9, 0x1C,
    0x1E, 0x58, 0x04, 0x0D, 0x27, 0x84, 0x88, 0x02, 0x4F, 0x46, 0x25, 0x26, 0x55, 0xAB, 0x4A, 0xBC,
    0x71, 0x08, 0x08, 0x17, 0x7B, 0x86, 0xBA, 0x33, 0x5C, 0x5A, 0x1B, 0xAD, 0x60, 0xF3, 0xE0, 0x16,
    0x96, 0x38, 0xE9, 0x60, 0xC5, 0x43, 0x76, 0xD3, 0xE7, 0xF1, 0x59, 0x07, 0x43, 0x3B, 0x13, 0x23,
    0x04, 0x75, 0x21, 0xF4, 0xDA, 0x29, 0x30, 0x9B, 0x61, 0xCA, 0x20, 0x23, 0xAD, 0xB1, 0x3F, 0xCD,
    0x74, 0x0F, 0x78, 0x6E, 0x49, 0x02, 0xF1, 0x15, 0xA9, 0x16, 0x94, 0xC8, 0x50, 0x51, 0x52, 0xDD,
    0x70, 0x52, 0xB9, 0x08, 0xE1, 0x19, 0x36, 0x62, 0x4A, 0x19, 0x67, 0x2B, 0x7C, 0xA4, 0x9C, 0x45,
    0xE1, 0x0D, 0x0A, 0x48, 0xFD, 0xE5, 0xD9, 0x42, 0xE5, 0xE5, 0xEB, 0x87, 0xB2, 0x06, 0x5D, 0x9F,
    0xAB, 0xC4, 0x92, 0xCC, 0x79, 0x9E, 0xB6, 0x78, 0x79, 0x4D, 0xEA, 0x1E, 0xF0, 0x67, 0xB2, 0x2B,
    0x7B, 0x2F, 0x4C, 0x68, 0xC2, 0x95, 0x7C, 0x72, 0xD2, 0x86, 0xA8, 0x7D, 0x6F, 0xF2, 0x2E, 0xEE,
    0x18, 0x7D, 0x7E, 0x4F, 0x19, 0x8E, 0xCC, 0x8D, 0xBC, 0x62, 0xA2, 0x5C, 0xEB, 0x31, 0x0E, 0xA7,
    0x95, 0xA9, 0xBC, 0x24, 0xD4, 0xD2, 0x7F, 0xEF, 0xE2, 0x0F, 0x41, 0x21, 0xE8, 0x4C, 0x50, 0xB8,
    0xC1, 0x79, 0x83, 0xC4, 0x55, 0x32, 0x77, 0x76, 0xE6, 0x5D, 0xAA, 0x33, 0x57, 0xB7, 0x29, 0xD9,
    0x21, 0xA5, 0xB7, 0x92, 0x43, 0x1D, 0x9C, 0xF3, 0x84, 0xB3, 0x36, 0x0A, 0xC3, 0x8C, 0x45, 0xB5,
    0x86, 0xD9, 0x3A, 0x8C, 0x61, 0x62, 0xF8, 0x06, 0x63, 0x36, 0x6C, 0x09, 0x21, 0x28, 0x35, 0x33,
    0x88, 0x37, 0x66, 0x1C, 0x75, 0xD4, 0x83, 0xF7, 0x23, 0x8D, 0x9F, 0x37, 0x9E, 0x15, 0x59, 0xEF,
    0xF2, 0x76, 0x50, 0x9E, 0x64, 0x35, 0xB4, 0xB4, 0x24, 0x3F, 0x82, 0x38, 0xD8, 0x94, 0x8C, 0xCA,
    0xB5, 0x91, 0xCE, 0x8E, 0x36, 0xCE, 0xFC, 0xAF, 0x75, 0x11, 0xEC, 0xE8, 0x42, 0x75, 0x04, 0x83,
    0x51, 0xA1, 0x0E, 0x28, 0xD3, 0x24, 0x62, 0x8E, 0x2F, 0x34, 0x46, 0xBF, 0x14, 0x5F, 0xE9, 0xD7,
    0xD2, 0xB3, 0x1A, 0x9F, 0x80, 0x36, 0x18, 0x29, 0x9C, 0xFC, 0xCB, 0x68, 0x26, 0x05, 0xF1, 0x2B,
    0xA0, 0x85, 0xAE, 0xF2, 0x09, 0x7E, 0x33, 0x47, 0x8F, 0x92, 0x62, 0x0F, 0xFE, 0x9C, 0x38, 0xAC,
    0x14, 0xBF, 0x80, 0x8A, 0x07, 0x29, 0x80, 0x38, 0x98, 0x43, 0x1C, 0x69, 0x43, 0x55, 0xC5, 0x6B,
    0xE2, 0xC4, 0x7F, 0xB0, 0x0B, 0x71, 0x66, 0x11, 0xE7, 0xF2, 0x38, 0xC4, 0xE6, 0x15, 0x7F, 0x80,
    0xB8, 0xAF, 0x41, 0x1E, 0x51, 0x2A, 0x7D, 0xD2, 0x4E, 0xCE, 0x03, 0xE3, 0xCB, 0x81, 0x8D, 0x0E,
    0x0C, 0x92, 0xC5, 0x8C, 0x96, 0xE9, 0x60, 0x79, 0xE5, 0xEE, 0xD5, 0x1A, 0xF1, 0xE0, 0xF3, 0x5C,
    0x1B, 0x0B, 0x0D, 0xEE, 0x14, 0x91, 0x2E, 0x10, 0xF0, 0xDF, 0x36, 0xA6, 0x27, 0x17, 0x48, 0xA0,
    0x20, 0x08, 0x64, 0x27, 0x8B, 0xB6, 0xEF, 0x8C, 0x79, 0x0A, 0x92, 0xE6, 0xAF, 0x88, 0x5E, 0x13,
    0x58, 0x0C, 0x8B, 0x24, 0x60, 0xD1, 0xE3, 0xA9, 0x6D, 0x10, 0xCA, 0xF0, 0x68, 0x46, 0x18, 0x5A,
    0xEC, 0x1B, 0x10, 0x80, 0xC0, 0xA6, 0x6B, 0xFB, 0xC6, 0xE6, 0xD8, 0x1B, 0x5C, 0x28, 0x9A, 0xD2,
    0xA1, 0xA7, 0xDE, 0x74, 0x1F, 0x1B, 0x81, 0xD3, 0x04, 0xA6, 0x0A, 0x8B, 0x0C, 0x37, 0x84, 0xF1,
    0x3B, 0xC8, 0x91, 0x5E, 0x37, 0xA4, 0xC1, 0xE3, 0x27, 0x6A, 0x5D, 0x45, 0x55, 0x54, 0x44, 0x45,
    0x8C, 0x1A, 0x32, 0x4D, 0x72, 0xC9, 0x5F, 0xD4, 0xEB, 0xBA, 0x82, 0x6F, 0xC3, 0x2F, 0x47, 0xB2,
    0x09, 0x4F, 0xC4, 0x7E, 0x70, 0x63, 0x38, 0x31, 0xDE, 0x41, 0xB1, 0x6F, 0x99, 0xE5, 0x42, 0xC4,
    0xCD, 0x4A, 0xB3, 0xD5, 0x64, 0xB3, 0x57, 0xF4, 0x9A, 0x2E, 0xA9, 0x4F, 0x35, 0x54, 0x16, 0x7B,
    0x0A, 0x3B, 0x85, 0xC8, 0x14, 0xE8, 0xEA, 0x91, 0xE7, 0xEA, 0xED, 0xF2, 0x06, 0x78, 0x09, 0xCC,
    0x39, 0xA8, 0xED, 0xA0, 0x3B, 0x32, 0xE2, 0x28, 0xD6, 0x5E, 0xE0, 0x74, 0x17, 0xB1, 0x3A, 0x8F,
    0xDE, 0x50, 0xBD, 0x27, 0x14, 0x7A, 0x47, 0xE8, 0xCC, 0x78, 0x28, 0xC5, 0xA0, 0x1B, 0x4F, 0xEA,
    0xB7, 0xA9, 0x99, 0x25, 0x36, 0x48, 0xE7, 0x03, 0x1C, 0x5A, 0x68, 0x37, 0x98, 0x18, 0xCB, 0x68,
    0x7C, 0x3D, 0x2C, 0x6C, 0xC6, 0x86, 0xB3, 0xC5, 0x50, 0xD2, 0xDD, 0xE8, 0x2E, 0xBE, 0x7D, 0x92,
    0x16, 0x7A, 0x09, 0xDF, 0x3B, 0x4B, 0x59, 0xB8, 0xA1, 0x66, 0x39, 0xAE, 0x53, 0x4E, 0xD0, 0x8D,
    0xA3, 0x73, 0xBA, 0x18, 0x4A, 0x5B, 0x0F, 0xBC, 0x1F, 0x93, 0x62, 0x85, 0x87, 0x88, 0xE4, 0xB7,
    0xDE, 0x18, 0x0A, 0xF4, 0x35, 0xC2, 0xAE, 0x9A, 0xB4, 0x5B, 0x3C, 0x8A, 0xC1, 0xBD, 0xEC, 0xE4,
    0xF2, 0x4F, 0x73, 0x32, 0x87, 0xF9, 0xAF, 0x7B, 0xDC, 0x6F, 0xA6, 0x22, 0x2F, 0xF3, 0x9B, 0x10,
    0x41, 0x3B, 0x2D, 0xD4, 0x03, 0x9D, 0xA8, 0x9D, 0xBB, 0xE6, 0x99, 0x10, 0xDB, 0x47, 0xB7, 0x11,
    0x15, 0x6F, 0x23, 0x9A, 0xDF, 0x6A, 0x25, 0x7E, 0x1F, 0x3E, 0x7E, 0x4E, 0xF3, 0x74, 0xAC, 0x5E,
    0x36, 0xAD, 0x8C, 0x66, 0x40, 0x04, 0x07, 0x5B, 0x3A, 0x43, 0x7C, 0x77, 0x36, 0xDD, 0x22, 0x6A,
    0x83, 0x2A, 0x6C, 0xE3, 0xD2, 0x6F, 0x74, 0x16, 0x6C, 0xB7, 0x86, 0xEB, 0x73, 0x5D, 0x75, 0xAF,
    0x94, 0xF0, 0xEF, 0x48, 0x0E, 0x37, 0x11, 0xF9, 0x6E, 0x32, 0x7A, 0xE8, 0x04, 0xA7, 0x0E, 0x98,
    0xEF, 0xDA, 0x33, 0x34, 0x3D, 0x87, 0x72, 0x92, 0x0A, 0x60, 0x52, 0xB0, 0x1A, 0xDD, 0xCE, 0x15,
    0x9D, 0x8F, 0x71, 0xE9, 0xD9, 0xF1, 0xAF, 0x91, 0xEE, 0xD1, 0x98, 0xA3, 0xD6, 0xAB, 0x72, 0x53,
    0x59, 0x6D, 0xF2, 0xDF, 0xA0, 0xB7, 0xE8, 0x1A, 0x4A, 0x05, 0x1C, 0x13, 0x0E, 0xD9, 0x9F, 0xB7,
    0xC6, 0x96, 0x66, 0x12, 0x30, 0x5B, 0x99, 0x77, 0x45, 0x04, 0x83, 0xD7, 0x7D, 0x46, 0x13, 0x41,
    0x11, 0x85, 0x3F, 0x0F, 0x06, 0xCB, 0x7C, 0x1D, 0x30, 0xF4, 0x42, 0xC0, 0x7E, 0x87, 0xFE, 0x4A,
    0xAE, 0x7A, 0x7F, 0xEC, 0x76, 0x74, 0x46, 0xAF, 0xF5, 0x9B, 0xA0, 0x56, 0xFC, 0xAF, 0x0A, 0xAD,
    0x7F, 0x7C, 0x16, 0x77, 0x71, 0x4D, 0xE3, 0x53, 0x49, 0x94, 0x45, 0x99, 0x4A, 0x56, 0xE4, 0xB8,
    0xF1, 0x07, 0x42, 0x8B, 0x88, 0x2D, 0x12, 0xC3, 0x8F, 0x31, 0x8D, 0x08, 0xEF, 0x75, 0xE2, 0x3B,
    0x3E, 0x90, 0x87, 0xE9, 0x44, 0x8C, 0x96, 0x3B, 0x11, 0xA5, 0x81, 0xC9, 0x89, 0x06, 0x86, 0x08,
    0x40, 0xA4, 0x62, 0xA1, 0x1E, 0x5E, 0x39, 0xA2, 0x63, 0xD5, 0x9F, 0x76, 0xC7, 0xAB, 0x6E, 0xB7,
    0xEE, 0x75, 0x35, 0x14, 0x85, 0x37, 0x14, 0x15, 0xEC, 0x56, 0x14, 0x75, 0xF5, 0x67, 0x89, 0xFF,
    0x23, 0x71, 0xF3, 0x64, 0x45, 0x39, 0xC8, 0x0B, 0x30, 0x5D, 0xED, 0x75, 0x4E, 0xEF, 0xB6, 0xDF,
    0xA5, 0xA8, 0xC7, 0x1D, 0xD4, 0xFD, 0x56, 0x7D, 0xD3, 0xF1, 0xFD, 0xAF, 0xE6, 0xFF, 0x38, 0xA8,
    0x9F, 0x63, 0x7F, 0x04, 0x74, 0x7E, 0xCE, 0x2E, 0x65, 0x6F, 0x63, 0xFE, 0xCF, 0xF6, 0xEC, 0xFF,
    0xEA, 0x13, 0xF7, 0xFF, 0x6F, 0x86, 0x82, 0x05, 0x86, 0x94, 0x22, 0x36, 0xD7, 0x72, 0xFE, 0x31,
    0x86, 0x32, 0x50, 0x15, 0xA3, 0x62, 0xC3, 0x1F, 0x60, 0x77, 0x42, 0xCB, 0x1B, 0xAA, 0x98, 0x2C,
    0xEE, 0x5D, 0x0D, 0x17, 0x91, 0xB8, 0x72, 0x10, 0xC3, 0x6B, 0xC4, 0xE3, 0xBC, 0x05, 0x0B, 0xFA,
    0x63, 0x87, 0x69, 0xBB, 0x47, 0x21, 0x73, 0x47, 0xFB, 0x89, 0x54, 0xFA, 0xAA, 0x38, 0x65, 0xFA,
    0xA9, 0xB8, 0x45, 0x7C, 0x0F, 0x01, 0x30, 0x44, 0xAE, 0x2E, 0xE0, 0x44, 0xF0, 0x58, 0x84, 0x00,
    0xD6, 0xFC, 0x17, 0xBF, 0x74, 0x40, 0x17, 0x3A, 0xE3, 0x84, 0x28, 0x52, 0x4D, 0x94, 0x89, 0x87,
    0x72, 0x89, 0x08, 0xD6, 0x06, 0x7F, 0x44, 0x28, 0x7F, 0xA8, 0xCB, 0x08, 0x62, 0xF9, 0x5D, 0x54,
    0x06, 0xB0, 0xA1, 0x09, 0x31, 0x50, 0x15, 0x8A, 0x7F, 0x93, 0x6A, 0xF5, 0x0B, 0xF0, 0xC5, 0xB7,
    0x31, 0x4A, 0x36, 0x02, 0x16, 0x04, 0x72, 0x1A, 0xA7, 0x82, 0x7A, 0xD2, 0x26, 0xF5, 0xCA, 0x01,
    0xFC, 0xA4, 0x72, 0xD9, 0x17, 0x5E, 0x99, 0x28, 0xBD, 0x1F, 0xFA, 0xA1, 0xA3, 0xA1, 0xA7, 0x99,
    0x4D, 0x29, 0x5B, 0x43, 0x1A, 0x75, 0xD9, 0x1C, 0x07, 0x37, 0x57, 0xC5, 0x22, 0x8F, 0x83, 0x55,
    0xE6, 0x31, 0xB0, 0x4E, 0xF5, 0x21, 0xBB, 0x43, 0xDF, 0xAA, 0x32, 0xF7, 0x23, 0xA2, 0x01, 0x1C,
    0x4D, 0x79, 0x37, 0xCF, 0x7A, 0xA0, 0xCE, 0xF2, 0xEB, 0xA0, 0x7A, 0x57, 0x8D, 0xF3, 0x7A, 0x09,
    0xEC, 0xB6, 0x86, 0xE9, 0x2B, 0x93, 0x2C, 0x30, 0xB5, 0x70, 0x51, 0x9F, 0x4E, 0xC2, 0x0D, 0x30,
    0xE1, 0x9B, 0xD8, 0xE6, 0xB7, 0xF0, 0xDC, 0xF4, 0xF7, 0x60, 0x74, 0x30, 0xE3, 0x10, 0x6B, 0xEF,
    0x52, 0x01, 0xA4, 0xDF, 0xA5, 0x82, 0xEC, 0x3B, 0x55, 0xD0, 0x53, 0x05, 0xE3, 0x41, 0x05, 0x77,
    0xAD, 0x0A, 0x9A, 0xA1, 0x4D, 0xED, 0xDD, 0x2F, 0x48, 0xA8, 0x13, 0xAB, 0x81, 0xEF, 0x10, 0xFD,
    0x51, 0x54, 0x15, 0x09, 0x16, 0xC7, 0xE9, 0x50, 0x7D, 0x43, 0xE7, 0x30, 0x28, 0x6D, 0xF4, 0x3C,
    0x6E, 0x0E, 0x0F, 0x1F, 0xCC, 0xF5, 0xA5, 0x4C, 0x75, 0x61, 0xEE, 0x3A, 0xDE, 0x60, 0x19, 0x8F,
    0x93, 0x40, 0x02, 0xD6, 0x8C, 0x55, 0x86, 0xC6, 0xE6, 0x89, 0xE9, 0x05, 0x9A, 0x09, 0x39, 0x47,
    0x27, 0x08, 0x0C, 0x5A, 0x86, 0x89, 0x5C, 0x36, 0xF3, 0x3A, 0x4B, 0x81, 0xC3, 0x82, 0x8D, 0xB2,
    0xDA, 0x64, 0x76, 0xCA, 0xC2, 0x3E, 0x55, 0xB4, 0xB7, 0x57, 0xD5, 0x8A, 0xD3, 0xE6, 0x78, 0x2A,
    0x4E, 0x54, 0x19, 0x17, 0x03, 0x85, 0x01, 0x89, 0x41, 0x42, 0x03, 0x91, 0x21, 0x95, 0x89, 0x13,
    0x08, 0x70, 0xA5, 0x93, 0xF0, 0x16, 0xAA, 0x20, 0x6A, 0xE1, 0x30, 0x03, 0x7D, 0x70, 0x85, 0x9A,
    0x31, 0x1D, 0x26, 0x9D, 0x2C, 0x12, 0xB5, 0xB9, 0x30, 0xC0, 0xE1, 0x8D, 0x50, 0x5D, 0xC5, 0xFD,
    0x9E, 0x0E, 0xD6, 0x3E, 0xD0, 0xCB, 0x88, 0xA9, 0x6B, 0x13, 0xE1, 0xC5, 0x69, 0x36, 0xE9, 0xBA,
    0x94, 0xE3, 0x5C, 0xB1, 0x50, 0x11, 0x6A, 0x98, 0xF1, 0x83, 0x46, 0xFC, 0x2F, 0x90, 0x6F, 0x3E,
    0x2D, 0x24, 0x44, 0xC2, 0x5C, 0x7E, 0x69, 0xFF, 0x22, 0xB8, 0x9A, 0x2E, 0x12, 0xFD, 0x6D, 0x0C,
    0x6F, 0xEC, 0x5D, 0x04, 0x7C, 0x30, 0xA0, 0xCE, 0xAD, 0x82, 0xDA, 0x90, 0xBF, 0xCA, 0x6B, 0x5F,
    0x82, 0x8F, 0xF9, 0xED, 0x88, 0x68, 0xB4, 0xC1, 0x54, 0x9F, 0x32, 0xF5, 0x9C, 0x9D, 0x5F, 0xE3,
    0x6C, 0x7A, 0xE0, 0x61, 0xE5, 0x65, 0xD8, 0xB3, 0x0C, 0xAC, 0xE5, 0x66, 0x7E, 0x8B, 0x39, 0x61,
    0xE6, 0xA4, 0xA9, 0xB4, 0x61, 0x0B, 0x68, 0xDD, 0x16, 0xB0, 0xD5, 0x29, 0xC0, 0x95, 0x5B, 0x40,
    0xF7, 0x31, 0xEA, 0x9B, 0xF8, 0x2A, 0x0A, 0x1C, 0xB6, 0xE2, 0x32, 0x36, 0xE3, 0x92, 0xBC, 0x38,
    0x1A, 0x27, 0xBA, 0xDA, 0x88, 0xAF, 0x00, 0x56, 0x78, 0xEB, 0xB6, 0x2E, 0xFC, 0xDE, 0xA6, 0xE6,
    0x7A, 0x72, 0x85, 0x14, 0x57, 0x93, 0xFA, 0xF7, 0xDA, 0xAC, 0x63, 0xC8, 0x22, 0xED, 0x13, 0x53,
    0xAF, 0xB1, 0xAF, 0x9C, 0x21, 0xB9, 0xE6, 0x66, 0x62, 0x9B, 0x59, 0x3B, 0x63, 0xD2, 0xC9, 0x66,
    0x20, 0x91, 0x3D, 0x33, 0xE2, 0x98, 0x65, 0xB8, 0x09, 0x09, 0x5D, 0x40, 0x12, 0xE9, 0xB7, 0x6C,
    0x17, 0x93, 0x85, 0x7B, 0x3D, 0x48, 0x64, 0xC2, 0xA3, 0x03, 0x6F, 0x48, 0xCD, 0x4E, 0x1D, 0xE9,
    0x9C, 0x09, 0x2D, 0x4E, 0xBB, 0x15, 0x7F, 0xAD, 0x83, 0x9D, 0xCB, 0x81, 0xE1, 0x4F, 0x96, 0x1F,
    0x85, 0xDF, 0xAA, 0x4A, 0x16, 0x04, 0xC8, 0x84, 0x0B, 0xAA, 0x80, 0x2C, 0x7A, 0xB8, 0x35, 0xA8,
    0x27, 0x51, 0x6F, 0xA8, 0xC2, 0x9F, 0x12, 0xA1, 0x6D, 0x98, 0xE5, 0x46, 0xC2, 0x9F, 0x82, 0xDD,
    0x9B, 0xCB, 0x26, 0xAC, 0xF1, 0x22, 0xBB, 0x11, 0x6C, 0x61, 0xED, 0x18, 0x6F, 0xE4, 0x83, 0xE9,
    0x42, 0xB5, 0x7C, 0xDC, 0xB1, 0xF7, 0x9A, 0xA7, 0x01, 0x27, 0xEC, 0xEC, 0x11, 0x07, 0xB3, 0x0B,
    0x53, 0x88, 0x23, 0x90, 0x47, 0x20, 0x90, 0x40, 0x22, 0x43, 0x1F, 0xD4, 0x50, 0xBA, 0xB0, 0x02,
    0x8F, 0x1E, 0x51, 0x7E, 0x0C, 0x0D, 0x82, 0xC4, 0xDC, 0x06, 0x06, 0xD5, 0x40, 0xF8, 0xC5, 0xF0,
    0x1B, 0xB7, 0x0D, 0x33, 0xBF, 0x52, 0xB0, 0x59, 0x95, 0xA8, 0xFA, 0x79, 0x51, 0x2D, 0xCB, 0x27,
    0xDB, 0x3F, 0x33, 0xC1, 0x53, 0xB3, 0x00, 0xC2, 0x40, 0x00, 0xBF, 0x04, 0x47, 0xEC, 0xC0, 0x75,
    0x3A, 0x44, 0xDA, 0x0E, 0xEB, 0x44, 0x93, 0xA6, 0xCB, 0x98, 0x1E, 0x8D, 0x33, 0x40, 0xAA, 0xF6,
    0x4D, 0xBC, 0xCA, 0x0B, 0xFF, 0x9B, 0x5A, 0x7D, 0x5E, 0xAB, 0xB2, 0xA2, 0xC2, 0x91, 0xFE, 0x74,
    0xE2, 0xF0, 0x56, 0xA1, 0x58, 0x0D, 0xCB, 0x2D, 0x55, 0xA4, 0x71, 0xC2, 0x96, 0x0C, 0x6D, 0x98,
    0x02, 0x44, 0x5B, 0xEC, 0x9D, 0x24, 0xD3, 0xCE, 0xC9, 0x41, 0xE0, 0x42, 0xF1, 0x09, 0x7D, 0x80,
    0x6F, 0xB5, 0x1B, 0x5E, 0xB9, 0xEC, 0x58, 0xF2, 0xF0, 0x94, 0xB8, 0x0E, 0x62, 0xFF, 0xEB, 0x18,
    0xE5, 0x70, 0x77, 0x39, 0xB2, 0x83, 0x9D, 0x93, 0xA7, 0x84, 0x80, 0xFC, 0xEA, 0x25, 0x86, 0x09,
    0x35, 0x7C, 0xB3, 0x02, 0x5D, 0x72, 0x10, 0xA7, 0x79, 0xD3, 0x00, 0x65, 0xA9, 0x6E, 0x76, 0x49,
    0x76, 0x10, 0x60, 0x71, 0x68, 0xF5, 0x49, 0xD9, 0xDC, 0x34, 0xFC, 0xB4, 0xB4, 0xBD, 0xB6, 0xA7,
    0xD7, 0x57, 0xAC, 0xF5, 0x78, 0xA4, 0xEA, 0xD5, 0x55, 0x55, 0x6F, 0x6E, 0x84, 0xD5, 0xE6, 0x85,
    0xA8, 0x7C, 0x6B, 0x66, 0x80, 0x4F, 0x6E, 0xB5, 0x9C, 0xD0, 0xD7, 0xF0, 0xFD, 0xCA, 0x5E, 0x0F,
    0x54, 0x43, 0xBD, 0xB8, 0x62, 0x3B, 0x9B, 0x26, 0x1B, 0xFD, 0xC4, 0x54, 0x7E, 0x9D, 0x1C, 0x41,
    0xAC, 0xD5, 0x25, 0x8C, 0xCC, 0x9F, 0xAB, 0x2E, 0x66, 0x95, 0xD8, 0x5F, 0x86, 0xEA, 0x02, 0x7F,
    0xFA, 0x22, 0xC7, 0x0C, 0x7D, 0x03, 0xBD, 0x82, 0x45, 0xB2, 0x1E, 0x5D, 0x12, 0xEA, 0x0E, 0x16,
    0x91, 0xEF, 0xD2, 0xDD, 0x81, 0x00, 0x67, 0xA5, 0xDB, 0xF1, 0x9C, 0x2F, 0xD4, 0xCE, 0x57, 0x95,
    0xF7, 0xA0, 0x38, 0x51, 0xD3, 0xE3, 0x91, 0xA5, 0xC2, 0x62, 0x12, 0x62, 0xB2, 0x59, 0x6B, 0x46,
    0xCF, 0xF7, 0x83, 0xEC, 0x6B, 0xFC, 0x92, 0xA9, 0xFB, 0x79, 0x5E, 0x6C, 0x46, 0x04, 0xD5, 0xD0,
    0xC0, 0xD2, 0x1F, 0xEB, 0x2A, 0xEA, 0xCF, 0xE6, 0x19, 0x14, 0xB1, 0x2C, 0xA8, 0xED, 0x87, 0x06,
    0x2B, 0xEF, 0x59, 0x79, 0xE3, 0x77, 0x89, 0x76, 0xB1, 0xCE, 0x03, 0x5B, 0xE3, 0x2E, 0xB5, 0xB9,
    0x60, 0xC5, 0x04, 0x92, 0x1A, 0x17, 0xB0, 0x20, 0x54, 0xD7, 0x30, 0x97, 0x26, 0xA4, 0x31, 0x60,
    0x75, 0x67, 0xB8, 0xB2, 0x42, 0xA0, 0xB8, 0x99, 0x99, 0xFB, 0x8A, 0x1C, 0xB2, 0xDC, 0xE9, 0xA6,
    0xB1, 0x25, 0xA8, 0x4F, 0x14, 0x1A, 0xD9, 0xE7, 0xE2, 0x8C, 0x60, 0x5A, 0x96, 0x95, 0xF5, 0x92,
    0x9E, 0xED, 0x24, 0x87, 0xD9, 0xA0, 0x32, 0x7B, 0x93, 0xFD, 0x3D, 0xBD, 0xCD, 0xBA, 0x9C, 0xB5,
    0x11, 0xEB, 0x25, 0xDE, 0xFE, 0xCD, 0x5E, 0x8B, 0x01, 0x4E, 0x7E, 0x12, 0x8F, 0x77, 0x11, 0xAC,
    0x7D, 0x01, 0x76, 0x59, 0x68, 0x99, 0x6B, 0x09, 0x6F, 0xD7, 0xB5, 0xC4, 0xE2, 0xD4, 0x7D, 0x1D,
    0xAE, 0xBC, 0x11, 0x5A, 0xF4, 0x61, 0xFD, 0x6C, 0xE8, 0x25, 0x22, 0xDC, 0x8F, 0x18, 0x59, 0x2A,
    0xAE, 0xFF, 0xD1, 0xFC, 0xD5, 0xF6, 0x62, 0x44, 0x60, 0x0A, 0x3B, 0x86, 0x9C, 0xB8, 0x7C, 0xCC,
    0x8E, 0x93, 0xA3, 0xA1, 0x3C, 0x7B, 0x16, 0x31, 0x56, 0xD8, 0xD7, 0xB8, 0xCC, 0xBC, 0xD4, 0xBD,
    0xCB, 0x5E, 0x14, 0xBB, 0x6B, 0x59, 0xB9, 0x48, 0x31, 0x9C, 0x3B, 0x48, 0xBB, 0xDB, 0x08, 0x1E,
    0xFF, 0x40, 0xDC, 0x38, 0x9F, 0xC9, 0x0A, 0xA2, 0xCC, 0xA9, 0xE5, 0x7D, 0x8B, 0xF0, 0x24, 0x90,
    0xA3, 0xC7, 0x81, 0xE4, 0xE4, 0x10, 0x29, 0x42, 0x13, 0x40, 0x16, 0x04, 0x99, 0xB1, 0x91, 0x4E,
    0x90, 0xDD, 0x94, 0xBE, 0x94, 0x93, 0xCE, 0x9C, 0xB9, 0x36, 0x34, 0x75, 0x9D, 0xD7, 0x3E, 0x8D,
    0xB6, 0xC7, 0x73, 0x50, 0xBB, 0x52, 0x7F, 0x83, 0xBA, 0xED, 0x8A, 0x1E, 0x12, 0xD0, 0xBA, 0xE5,
    0x4A, 0xEE, 0x30, 0x6C, 0xBB, 0xC7, 0xAC, 0x6A, 0x2B, 0x2F, 0x65, 0x8A, 0xE4, 0x91, 0xA9, 0xB4,
    0xDF, 0x94, 0x49, 0x73, 0x53, 0xF7, 0xB1, 0x3E, 0x3F, 0xCE, 0x1F, 0x46, 0x7D, 0xD0, 0x46, 0x64,
    0xC1, 0xE0, 0xB5, 0xAA, 0xF6, 0x92, 0xB0, 0x8A, 0x9A, 0x80, 0xB5, 0x62, 0x73, 0x0C, 0xF3, 0x3B,
    0x2D, 0x34, 0x50, 0x6F, 0xB7, 0xA7, 0x44, 0xDD, 0xFF, 0xBC, 0x7B, 0x5B, 0xD4, 0xF6, 0xCD, 0x0E,
    0x01, 0x7A, 0xFB, 0x8D, 0x0E, 0x95, 0xE5, 0x8E, 0xD7, 0xB3, 0x9D, 0xC2, 0x4B, 0xDF, 0xA0, 0x23,
    0x05, 0xF1, 0x5B, 0xD3, 0xC8, 0xAB, 0x19, 0x36, 0x91, 0xE2, 0xDA, 0x19, 0x8D, 0x23, 0x10, 0x76,
    0x01, 0xE5, 0x0C, 0x2D, 0x63, 0x9D, 0x3F, 0xEF, 0xB2, 0xB7, 0x3D, 0xEC, 0x05, 0xB8, 0xD9, 0x99,
    0xA8, 0x0E, 0xCA, 0x3C, 0x6D, 0x54, 0xA9, 0x3D, 0xA0, 0xD9, 0xF2, 0xDA, 0xB8, 0x1A, 0x79, 0x5D,
    0x5E, 0x5F, 0xF2, 0xBA, 0x7B, 0x75, 0xED, 0xF5, 0xB7, 0x1F, 0x94, 0xAE, 0xBE, 0xBA, 0x9D, 0xB9,
    0x3A, 0xD0, 0xE2, 0x8C, 0xD9, 0x2B, 0xEC, 0xD8, 0xEC, 0xBC, 0x6E, 0x54, 0xBA, 0x69, 0x7F, 0x0F,
    0x15, 0xDC, 0xC3, 0xE1, 0xE3, 0x83, 0x25, 0x2B, 0xA4, 0xD6, 0xA8, 0x8C, 0x21, 0x1D, 0xA4, 0x2A,
    0x54, 0xE3, 0x27, 0x41, 0x7B, 0x0C, 0x40, 0x96, 0x31, 0x5E, 0x17, 0xB7, 0xAF, 0xED, 0xFD, 0x32,
    0x89, 0xDF, 0x23, 0x9A, 0xC9, 0x27, 0x34, 0x03, 0x69, 0x39, 0x5C, 0x4F, 0x31, 0x63, 0xC0, 0xD4,
    0xBC, 0xFB, 0x30, 0x32, 0xB6, 0x6D, 0x87, 0xD7, 0x65, 0x59, 0x75, 0xB4, 0xF4, 0xA8, 0x2E, 0xC6,
    0x4E, 0x7A, 0x0E, 0x69, 0xEC, 0xFD, 0x06, 0x83, 0x6D, 0x53, 0xA4, 0x2E, 0x54, 0x2C, 0xD1, 0x6D,
    0x84, 0x85, 0x7F, 0xDA, 0xC4, 0x04, 0x33, 0x32, 0x17, 0x5F, 0x3C, 0x7D, 0x78, 0xC8, 0x2A, 0xDC,
    0x4E, 0xAF, 0x9B, 0x55, 0x6D, 0xBE, 0x88, 0x90, 0xB9, 0x62, 0x48, 0x74, 0xC6, 0x9B, 0x04, 0x97,
    0x03, 0xC2, 0xCF, 0xF5, 0xCC, 0xCD, 0x54, 0x69, 0xDB, 0x23, 0xD9, 0x84, 0xE2, 0x8E, 0xBD, 0x32,
    0xE8, 0xFC, 0x22, 0x6C, 0x82, 0x2C, 0xAE, 0x8F, 0x70, 0x31, 0x07, 0x07, 0xE9, 0xF5, 0x16, 0x6F,
    0xD4, 0xD8, 0xFA, 0x83, 0x3F, 0x8A, 0x63, 0x17, 0xA3, 0x97, 0xEB, 0x0A, 0xD5, 0x52, 0x54, 0x7B,
    0x65, 0x0A, 0xFB, 0xCE, 0x79, 0x13, 0x64, 0xAE, 0xF3, 0xD8, 0x56, 0x0F, 0x87, 0x5F, 0x0E, 0xF1,
    0xD2, 0xED, 0x37, 0xA4, 0x35, 0x95, 0xA7, 0xDF, 0x2B, 0x03, 0x3C, 0x43, 0x0F, 0x50, 0xC8, 0xF0,
    0xC7, 0xE0, 0xC6, 0xCF, 0xF9, 0x67, 0x45, 0x5E, 0x86, 0xE5, 0xAF, 0xA9, 0xC2, 0xAD, 0x55, 0x16,
    0xE8, 0x3F, 0xC8, 0x8A, 0xEE, 0x65, 0x94, 0x76, 0xF2, 0x63, 0x73, 0x29, 0x78, 0x7A, 0xAE, 0x95,
    0xBE, 0x3A, 0xFF, 0x33, 0x89, 0x03, 0xC0, 0xBA, 0x39, 0xD7, 0x22, 0x1A, 0x5C, 0x6E, 0xBF, 0x38,
    0x9F, 0x83, 0x85, 0x29, 0x54, 0xF2, 0xDE, 0x0E, 0x71, 0x60, 0xA1, 0x1B, 0x07, 0x87, 0x93, 0x6C,
    0x56, 0xC1, 0x67, 0x82, 0x4F, 0xC9, 0xF0, 0x86, 0x46, 0xED, 0x33, 0xE2, 0xB5, 0x20, 0xCD, 0xC5,
    0x79, 0xF4, 0x21, 0x7B, 0x28, 0x6E, 0x32, 0x7F, 0xB7, 0xDC, 0x4F, 0x7E, 0x49, 0xE8, 0x98, 0x9F,
    0x58, 0x75, 0x93, 0xC9, 0x9B, 0x4D, 0xED, 0xB4, 0x14, 0x6B, 0x26, 0xB7, 0x0C, 0xC1, 0x74, 0x9A,
    0xDD, 0xE7, 0x32, 0xA0, 0x1D, 0x62, 0x1E, 0x8B, 0xD9, 0x87, 0xE4, 0x0D, 0x8B, 0xBD, 0x33, 0xFE,
    0x1F, 0xC5, 0x56, 0x31, 0x8F, 0xDC, 0x44, 0x14, 0xFE, 0x6C, 0x23, 0x1C, 0xDD, 0x4A, 0x4C, 0x0A,
    0x0A, 0xA4, 0x13, 0x72, 0x0A, 0x0A, 0x24, 0x92, 0x73, 0x4B, 0x71, 0xC9, 0xCC, 0xE9, 0xFE, 0x00,
    0x3F, 0x21, 0x05, 0x15, 0xCD, 0x51, 0x50, 0x9C, 0xC4, 0x11, 0x4F, 0x68, 0xD3, 0xE4, 0x27, 0x50,
    0x50, 0x51, 0x5D, 0x81, 0xC4, 0x15, 0x97, 0x78, 0x10, 0x45, 0x0A, 0x1A, 0x4B, 0x14, 0xB4, 0x46,
    0x42, 0x22, 0x1D, 0x96, 0xB2, 0x28, 0x3E, 0x32, 0xEB, 0xC7, 0xF7, 0xC6, 0xBB, 0x77, 0x27, 0x21,
    0x84, 0xA2, 0x1C, 0x61, 0x76, 0xDF, 0xD3, 0xDA, 0x6B, 0xCF, 0xBC, 0xF7, 0xBD, 0x6F, 0xDE, 0x37,
    0x00, 0xE0, 0x69, 0xC5, 0xB0, 0x71, 0x79, 0xAF, 0x2E, 0xA0, 0x94, 0x07, 0x1E, 0x76, 0x7F, 0x85,
    0x2C, 0x22, 0xA2, 0x58, 0x42, 0x60, 0x06, 0xB4, 0xA8, 0x7A, 0xB4, 0xCE, 0x86, 0x8D, 0x6B, 0x02,
    0xC4, 0x35, 0x9E, 0xFF, 0xAE, 0x5D, 0xBE, 0x82, 0xF5, 0x45, 0x84, 0x0D, 0x8B, 0x25, 0xAA, 0x60,
    0x3A, 0x94, 0x43, 0xE3, 0x80, 0x76, 0x09, 0x1D, 0xEF, 0xD1, 0xE2, 0xDA, 0x4E, 0x69, 0x9F, 0xA1,
    0x3E, 0xEB, 0xB3, 0xB1, 0x75, 0xE5, 0x60, 0x9D, 0xE9, 0x6C, 0xA8, 0x83, 0x9D, 0x3F, 0xDE, 0xFA,
    0xC6, 0x37, 0xAE, 0x71, 0x2D, 0xAC, 0x9B, 0x60, 0xEF, 0x47, 0x54, 0x4F, 0x7A, 0x14, 0xE2, 0xD2,
    0x44, 0x47, 0x58, 0xCF, 0x30, 0xBB, 0x43, 0x75, 0x5F, 0x59, 0xF9, 0x7E, 0x42, 0x3D, 0xED, 0x3D,
    0xC2, 0x62, 0xC4, 0x4D, 0x98, 0x25, 0x76, 0x35, 0xEA, 0xE4, 0x3E, 0x44, 0x35, 0xE8, 0x72, 0x3D,
    0x8E, 0x51, 0x77, 0x74, 0x8C, 0x7F, 0x50, 0xD7, 0xD3, 0x65, 0x1D, 0x1D, 0xB3, 0xB6, 0x5D, 0xE9,
    0x51, 0x2F, 0x2B, 0xC0, 0x08, 0x43, 0xCC, 0xA4, 0x4F, 0x8B, 0xED, 0xD0, 0x2C, 0xAD, 0xA6, 0xDD,
    0xC2, 0x75, 0x9C, 0x6C, 0x0F, 0x75, 0x90, 0xBE, 0xF1, 0x55, 0xD7, 0xBA, 0x3A, 0x30, 0xC2, 0x20,
    0x4C, 0x9B, 0x51, 0xEE, 0xAD, 0xD0, 0xE6, 0x11, 0x6D, 0x11, 0x3F, 0x12, 0x59, 0x75, 0xF2, 0x5C,
    0x9C, 0xBD, 0xBF, 0xE2, 0x6B, 0x37, 0x14, 0xE7, 0xDD, 0x05, 0x5D, 0xD5, 0xF2, 0xD2, 0xC4, 0x0D,
    0xE0, 0x69, 0x94, 0xBA, 0x8E, 0xD1, 0xCB, 0x4A, 0x9D, 0x55, 0xF7, 0xB9, 0xBA, 0xDF, 0x08, 0x5B,
    0xF6, 0xC3, 0xC8, 0x67, 0xD5, 0x95, 0xFB, 0x7C, 0xCD, 0x10, 0x5D, 0xBC, 0xCB, 0x45, 0x60, 0x85,
    0x33, 0x1F, 0x67, 0x13, 0x98, 0xC3, 0xA4, 0x45, 0x13, 0x7C, 0xF0, 0xEB, 0x96, 0x3C, 0xB4, 0xA3,
    0x91, 0x01, 0x19, 0x03, 0x5D, 0xB8, 0x01, 0xC5, 0x93, 0x8E, 0xA8, 0x79, 0xE8, 0x73, 0x09, 0xF7,
    0xCD, 0x9A, 0x67, 0x4C, 0x5A, 0x02, 0xA2, 0x0D, 0xC5, 0x60, 0xBD, 0x21, 0xE4, 0x55, 0x68, 0x98,
    0x86, 0x02, 0xCE, 0x52, 0x12, 0xF4, 0xE6, 0xCB, 0xD5, 0x8D, 0x46, 0xA6, 0xDE, 0x8E, 0x12, 0xAA,
    0xEE, 0x31, 0xB9, 0x92, 0x03, 0x8A, 0xCE, 0x3D, 0xCE, 0x53, 0x33, 0x3E, 0x13, 0xD2, 0x54, 0x39,
    0xC1, 0xCA, 0xE5, 0x29, 0x14, 0x4E, 0x4E, 0x00, 0x25, 0x03, 0xC9, 0x01, 0x06, 0x74, 0x6E, 0xBA,
    0x3C, 0xC9, 0x01, 0x0D, 0xBC, 0xB8, 0x64, 0x35, 0xEF, 0xB7, 0x2C, 0xEA, 0x1B, 0x70, 0xB7, 0x8A,
    0x60, 0x2A, 0xB7, 0x98, 0x50, 0x8C, 0x1B, 0x6C, 0xEE, 0xEA, 0x32, 0xAC, 0x02, 0x2B, 0x56, 0x07,
    0x9D, 0x5E, 0xBF, 0x9E, 0xC1, 0x91, 0x8A, 0x68, 0xDF, 0x87, 0x1C, 0x43, 0x3A, 0xBD, 0xC4, 0x9B,
    0x78, 0x87, 0x39, 0x85, 0x13, 0xAE, 0xF0, 0x42, 0xD1, 0x14, 0xE5, 0xF5, 0xBD, 0xF3, 0x64, 0xF5,
    0xD2, 0xEE, 0x2F, 0xAF, 0x98, 0xCE, 0x0E, 0x37, 0x8B, 0x80, 0x4A, 0xF9, 0xC2, 0xD4, 0x4A, 0xAD,
    0x53, 0x7F, 0x81, 0x70, 0x3D, 0x82, 0xD4, 0xC6, 0x4B, 0x51, 0x3B, 0xC7, 0x35, 0x4E, 0xD2, 0x91,
    0xDE, 0xD9, 0x0B, 0x85, 0xA0, 0x0D, 0x6B, 0xEE, 0xE9, 0x20, 0xBF, 0xA5, 0x27, 0xBF, 0x5B, 0xFF,
    0x0F, 0xFC, 0x3E, 0x54, 0x7E, 0x7F, 0xFB, 0x92, 0xFC, 0xBE, 0x9E, 0xCD, 0xCC, 0xDC, 0xB1, 0x33,
    0x2F, 0x95, 0x87, 0x65, 0x77, 0x9E, 0xC5, 0x62, 0xD8, 0x0E, 0x42, 0x82, 0x1C, 0xF4, 0x8D, 0x23,
    0xDF, 0x59, 0x07, 0x39, 0xE7, 0x7B, 0xB3, 0x17, 0x13, 0xDF, 0x25, 0xF1, 0x5D, 0x82, 0x3C, 0x23,
    0xDF, 0xFD, 0x4A, 0x67, 0x8E, 0x33, 0x2D, 0x2E, 0x8D, 0x45, 0xF8, 0x82, 0x93, 0x2B, 0x8D, 0x4C,
    0x38, 0xBA, 0x74, 0xFF, 0xBF, 0xC9, 0xCA, 0x10, 0xCD, 0x4A, 0xE6, 0x15, 0xC6, 0x85, 0xCF, 0x63,
    0x15, 0xD4, 0xB0, 0x34, 0xFE, 0x95, 0x32, 0x03, 0x48, 0x31, 0xA5, 0x11, 0x94, 0xA6, 0x9C, 0x24,
    0x2D, 0xF6, 0xDA, 0xD3, 0x53, 0x9A, 0xE0, 0x0E, 0xED, 0x91, 0xE6, 0xC7, 0xBB, 0x2C, 0xD8, 0x68,
    0x7C, 0x16, 0x6B, 0xA6, 0x59, 0x6B, 0x9A, 0xEE, 0x15, 0xD3, 0xD4, 0x7D, 0xED, 0xDF, 0xE2, 0xCC,
    0x83, 0x76, 0xD8, 0x36, 0xF5, 0x25, 0x25, 0xE3, 0xD6, 0x6B, 0xCF, 0x55, 0x7B, 0xE7, 0x6E, 0xC9,
    0x7D, 0x76, 0x30, 0x13, 0x54, 0x7B, 0xC3, 0x55, 0x96, 0x34, 0x4B, 0xC2, 0x37, 0x6E, 0xCA, 0x8A,
    0x06, 0xFF, 0x4B, 0x49, 0xAF, 0x6D, 0x54, 0xC6, 0xEB, 0xCA, 0x49, 0x85, 0xAF, 0xB4, 0xA4, 0x17,
    0xAD, 0x05, 0x7F, 0xFE, 0xAD, 0xB5, 0x70, 0xB3, 0xB2, 0xA5, 0xD9, 0x8E, 0x74, 0x9A, 0x70, 0x5B,
    0xA9, 0xBD, 0x4E, 0xA9, 0xEA, 0x37, 0x85, 0x4F, 0xAE, 0x09, 0x9F, 0x7C, 0xC3, 0xBE, 0xD8, 0xB2,
    0x39, 0x6A, 0x4B, 0xA4, 0xD3, 0xE4, 0xF8, 0x64, 0xDD, 0xD1, 0x99, 0xC1, 0xB0, 0x8F, 0xAD, 0x2A,
    0x92, 0xF1, 0x60, 0x62, 0xB4, 0xAA, 0x41, 0x49, 0x84, 0x50, 0xFC, 0xDC, 0xE9, 0x1A, 0x7E, 0x2D,
    0x08, 0x97, 0x85, 0x88, 0x84, 0x5A, 0x44, 0xEB, 0x70, 0xC7, 0x12, 0xF8, 0x58, 0xB1, 0x0E, 0x91,
    0xBA, 0x92, 0xAF, 0x1D, 0x85, 0x2B, 0x12, 0x27, 0x4C, 0xB7, 0x31, 0xB7, 0xDD, 0x5C, 0x5B, 0x53,
    0xF9, 0x87, 0xA2, 0x20, 0xDC, 0xE3, 0xA5, 0x88, 0xEA, 0x1B, 0x11, 0x34, 0x38, 0x20, 0xC6, 0xAC,
    0x97, 0x3A, 0x1E, 0x5E, 0xFC, 0x8E, 0x3E, 0xA2, 0x4F, 0x17, 0xE9, 0x15, 0x6D, 0xD9, 0x45, 0xA2,
    0xB6, 0x76, 0x70, 0xC2, 0x31, 0x0F, 0x6A, 0xA3, 0x9D, 0x72, 0x09, 0xEC, 0xD6, 0xB6, 0x67, 0x81,
    0x9A, 0x81, 0xC0, 0xB7, 0x23, 0xFB, 0xFA, 0x77, 0x91, 0xEE, 0xD9, 0x54, 0x78, 0xFC, 0x22, 0xA5,
    0x43, 0x2F, 0x0F, 0xB8, 0xCD, 0x9A, 0x1F, 0x59, 0x18, 0xFB, 0x3B, 0x8A, 0x50, 0x51, 0xA8, 0x02,
    0xFB, 0x7E, 0xE1, 0xCB, 0x88, 0xD2, 0x51, 0x25, 0x0E, 0x9E, 0x92, 0x40, 0xA2, 0x0A, 0x83, 0x14,
    0xED, 0x9A, 0x4B, 0xB5, 0xBB, 0x28, 0x28, 0x25, 0x23, 0x3B, 0xAD, 0x43, 0x7D, 0x26, 0x5D, 0xCD,
    0xC8, 0xCB, 0x58, 0x77, 0x0B, 0x1E, 0x26, 0xCC, 0x40, 0x10, 0x7B, 0xAA, 0xF0, 0x45, 0x41, 0xDF,
    0x66, 0x41, 0x3F, 0xA5, 0x75, 0xAA, 0xC8, 0x2A, 0x93, 0xF9, 0x58, 0xF9, 0xB2, 0x37, 0x7C, 0xC6,
    0x38, 0x33, 0x6C, 0xC1, 0x8C, 0x4A, 0x1F, 0xCD, 0x31, 0x30, 0x09, 0x62, 0xAC, 0x54, 0xAA, 0x69,
    0xE5, 0x0A, 0x87, 0x14, 0xAE, 0x48, 0x12, 0x44, 0xD2, 0x3A, 0xB2, 0x45, 0xA9, 0xCA, 0xEA, 0x50,
    0xAA, 0x53, 0xFD, 0x66, 0x79, 0xD5, 0xDF, 0x61, 0x0D, 0x44, 0x1B, 0xCA, 0xE7, 0x83, 0xF9, 0x69,
    0x30, 0x5D, 0xAF, 0x75, 0x64, 0x42, 0xE2, 0x32, 0x51, 0xBD, 0x3D, 0xA2, 0xF2, 0x9B, 0xD0, 0x58,
    0xA7, 0x95, 0x49, 0x89, 0x98, 0xF4, 0xD5, 0x0D, 0x09, 0xCA, 0x36, 0x77, 0x83, 0xAC, 0x76, 0xCD,
    0x70, 0x74, 0x64, 0x86, 0xD3, 0x93, 0xAA, 0x3F, 0xBD, 0x5B, 0x77, 0x1F, 0xCF, 0x27, 0x81, 0xF0,
    0xAF, 0x27, 0x82, 0x6D, 0x79, 0xC8, 0xF7, 0xFB, 0x8B, 0xD8, 0xC6, 0x39, 0xBE, 0x14, 0x5B, 0xB7,
    0x8E, 0xED, 0x6B, 0x64, 0x4B, 0x8D, 0x78, 0x9B, 0x47, 0x01, 0xA1, 0x94, 0x52, 0x88, 0x37, 0xA7,
    0x01, 0x7F, 0x71, 0x1A, 0x90, 0xCB, 0xA7, 0x81, 0x54, 0x00, 0xDE, 0x7C, 0x9C, 0x7E, 0x9C, 0x28,
    0xEC, 0xF8, 0x0B, 0x15, 0x4F, 0x3B, 0x6E, 0xC3, 0x30, 0x0C, 0x7D, 0x31, 0x07, 0x03, 0xD5, 0xC0,
    0xDC, 0x40, 0x5D, 0x0B, 0xA4, 0x70, 0x46, 0x0F, 0xB2, 0xA9, 0x23, 0x79, 0xEC, 0xE0, 0x20, 0x3A,
    0x54, 0x87, 0x0E, 0x29, 0x44, 0xF4, 0x02, 0xD5, 0xDE, 0x45, 0xBD, 0x41, 0x87, 0x0E, 0x19, 0x5C,
    0xAB, 0x12, 0xC1, 0x81, 0x78, 0x0F, 0x7C, 0x9F, 0x1B, 0xFE, 0x10, 0x21, 0x60, 0x4F, 0x01, 0xA0,
    0xC4, 0x99, 0x93, 0x0D, 0x33, 0x46, 0x1C, 0x81, 0x5F, 0xD0, 0x06, 0xDE, 0x21, 0x16, 0x6F, 0x7D,
    0xA5, 0xDB, 0x98, 0x6F, 0x95, 0x52, 0xD7, 0x2F, 0xEF, 0xB8, 0x6E, 0x71, 0xAB, 0xD0, 0xB9, 0x0B,
    0x93, 0xF1, 0x52, 0x60, 0xEE, 0x98, 0x4A, 0x59, 0xE7, 0x5E, 0x23, 0xE7, 0xC8, 0xE9, 0x62, 0xF4,
    0x09, 0x12, 0x44, 0x49, 0x8D, 0xDA, 0xF6, 0xFC, 0xF3, 0xEC, 0xC6, 0xD3, 0xE8, 0xDC, 0x0B, 0x67,
    0xFA, 0x48, 0xE6, 0x2B, 0xF3, 0xA7, 0xCA, 0x00, 0xE7, 0xB0, 0x9C, 0x9B, 0xFA, 0xF1, 0x80, 0x57,
    0x86, 0xBB, 0x40, 0xEE, 0xB0, 0x19, 0xAC, 0x38, 0x84, 0x3E, 0xF5, 0x89, 0x94, 0x82, 0xAD, 0xA1,
    0x6C, 0x93, 0xF3, 0x03, 0x26, 0xA3, 0x85, 0xD3, 0x6E, 0x75, 0xE5, 0x8A, 0x8B, 0x17, 0xCF, 0x98,
    0xF0, 0x08, 0xC2, 0x03, 0x8C, 0x76, 0xB9, 0xCB, 0xD7, 0xD0, 0xD5, 0xFB, 0x84, 0x15, 0x37, 0x44,
    0x15, 0x6F, 0x31, 0xD4, 0x9A, 0x82, 0xB9, 0xD9, 0x2C, 0x14, 0x1C, 0x7B, 0xD9, 0x5B, 0xE2, 0x56,
    0xE2, 0x1F, 0xCD, 0x5A, 0xBF, 0x8F, 0xDF, 0x46, 0x76, 0x1F, 0x92, 0x8E, 0xE8, 0x3B, 0xDA, 0x1A,
    0x15, 0x06, 0x62, 0xDC, 0xCA, 0xA2, 0x0A, 0x15, 0x06, 0x6E, 0x6D, 0xA6, 0x30, 0x70, 0x42, 0xB2,
    0xBB, 0x43, 0x49, 0x85, 0x0B, 0x23, 0xB0, 0xBB, 0x6B, 0x02, 0x28, 0x45, 0x8A, 0x20, 0xCD, 0x0A,
    0x88, 0x0A, 0x01, 0x59, 0x8B, 0x94, 0x5D, 0x18, 0x07, 0x15, 0x56, 0xFE, 0x82, 0x53, 0x91, 0x22,
    0x38, 0x04, 0x90, 0x90, 0xA8, 0x70, 0xB1, 0x12, 0xC7, 0x52, 0xA1, 0xE2, 0x80, 0x98, 0x17, 0x15,
    0x29, 0x02, 0xC4, 0xB4, 0x63, 0xC0, 0x2E, 0x12, 0x88, 0xB6, 0x78, 0x31, 0x65, 0x93, 0x9C, 0x7C,
    0x3E, 0x6F, 0xF8, 0xFD, 0xEE, 0xAE, 0x25, 0xD9, 0x3A, 0x59, 0xB2, 0xB3, 0x2B, 0x0E, 0xB5, 0xBB,
    0x5F, 0xCE, 0xBC, 0x79, 0x3F, 0x3E, 0xEF, 0xF3, 0xDE, 0x50, 0xE9, 0x5C, 0xA9, 0xAC, 0x56, 0x4A,
    0x77, 0x4A, 0x05, 0xA3, 0x52, 0xEA, 0x69, 0xC5, 0xAF, 0xC8, 0xB9, 0x49, 0x19, 0xBB, 0x81, 0x6B,
    0x5D, 0x15, 0xE5, 0x9A, 0xAA, 0xCA, 0x17, 0x55, 0x75, 0x2C, 0x57, 0x2E, 0x2A, 0xFD, 0xE5, 0xF2,
    0x60, 0x4A, 0x54, 0x38, 0x6A, 0x15, 0x0D, 0x8A, 0xD7, 0x01, 0x5C, 0x1D, 0xAE, 0x36, 0xEB, 0xC3,
    0xB6, 0x72, 0xAE, 0x51, 0x89, 0x1D, 0x94, 0xFE, 0x1D, 0x2E, 0xDB, 0xAB, 0xF9, 0xEB, 0x71, 0xCC,
    0x6B, 0x9C, 0x1B, 0xD5, 0xBA, 0x6E, 0xB7, 0xD4, 0x1A, 0x87, 0xAD, 0xB4, 0xD9, 0x52, 0x67, 0xB2,
    0xE6, 0x8C, 0xDF, 0x08, 0x66, 0xE6, 0x80, 0xE5, 0x95, 0xB9, 0x8E, 0x0D, 0x15, 0xA5, 0x53, 0xAA,
    0xCA, 0x2B, 0x0C, 0xF8, 0x56, 0xCE, 0x0F, 0xCE, 0x0F, 0x2B, 0x53, 0x38, 0x2A, 0x33, 0xC6, 0x94,
    0x2F, 0xC3, 0x13, 0xEA, 0x9A, 0x48, 0xD9, 0xCB, 0xC2, 0xA2, 0x13, 0x53, 0x2A, 0x75, 0x78, 0xB7,
    0xE8, 0xEB, 0xB8, 0xD6, 0xBC, 0xE8, 0xF9, 0x11, 0x4E, 0xC6, 0xB9, 0x16, 0x57, 0x30, 0x29, 0x88,
    0xAE, 0x16, 0xA2, 0x2F, 0xAF, 0x6C, 0xCA, 0x55, 0xE5, 0x30, 0xD5, 0x3E, 0xD7, 0x61, 0xCA, 0xAB,
    0xD0, 0xF4, 0x56, 0xD4, 0xA9, 0x2D, 0xDD, 0xAA, 0x23, 0x69, 0xBD, 0x1F, 0x53, 0xBE, 0x00, 0x91,
    0x07, 0x99, 0x56, 0x2E, 0xFB, 0x1C, 0xF7, 0xF1, 0x86, 0xB1, 0x41, 0x9B, 0x35, 0x51, 0xA3, 0xDB,
    0xA8, 0x89, 0xC6, 0xA4, 0x56, 0x9B, 0x13, 0x27, 0x53, 0x61, 0x9F, 0x96, 0x71, 0xA3, 0x4B, 0xDD,
    0xE8, 0x5C, 0xB7, 0x3F, 0x55, 0x1A, 0x12, 0x6B, 0xAC, 0x9F, 0x38, 0x0B, 0x39, 0x5B, 0xC8, 0xC2,
    0x45, 0x71, 0xC5, 0xA3, 0x3A, 0x03, 0x81, 0x86, 0x70, 0xC0, 0xD5, 0xAB, 0x21, 0x69, 0xF8, 0xB8,
    0x0A, 0xDD, 0x10, 0xBA, 0xCF, 0xB8, 0x04, 0xF6, 0x57, 0x94, 0xD8, 0x8A, 0xD7, 0x08, 0xFE, 0x61,
    0x0B, 0x78, 0x00, 0x9F, 0x8F, 0x16, 0xFF, 0xF0, 0x40, 0xE5, 0x72, 0xB5, 0xBD, 0xA1, 0xC6, 0x42,
    0x0D, 0x1B, 0xDE, 0x90, 0x8F, 0x32, 0x83, 0xC6, 0xE6, 0x13, 0x1A, 0xE6, 0xBB, 0x34, 0x86, 0xDD,
    0xC4, 0xD0, 0x7D, 0xD2, 0xFA, 0x4B, 0xF3, 0xA2, 0x8F, 0xC2, 0xB2, 0x69, 0xA9, 0xB2, 0x4D, 0x98,
    0x65, 0x98, 0x0D, 0xA6, 0xE9, 0x0C, 0x4A, 0x5D, 0x36, 0x9F, 0xC9, 0x48, 0xDB, 0xB7, 0x05, 0xC7,
    0x06, 0x42, 0xA9, 0xC0, 0x42, 0x2E, 0x15, 0x5A, 0x2E, 0x16, 0x95, 0x0E, 0x16, 0x88, 0x72, 0x97,
    0x40, 0x8A, 0x60, 0xC2, 0x42, 0xFB, 0x43, 0x9A, 0xFF, 0x60, 0x38, 0x42, 0x88, 0xB5, 0x68, 0x08,
    0xC7, 0xF5, 0xD3, 0xD1, 0x10, 0x0D, 0xAE, 0x89, 0x86, 0xB8, 0x73, 0x36, 0xEB, 0xB3, 0xE6, 0x1A,
    0x04, 0x9F, 0xA0, 0xD2, 0xA1, 0x80, 0xFC, 0x41, 0xF5, 0x19, 0xF5, 0x8F, 0x4D, 0x53, 0x22, 0x6C,
    0x5C, 0x6E, 0x85, 0xBF, 0x55, 0x79, 0xDA, 0xC8, 0x96, 0xC4, 0x09, 0x1D, 0xBE, 0xB0, 0x03, 0x38,
    0xCC, 0xFB, 0xA2, 0x10, 0x63, 0x8B, 0x12, 0x6B, 0x15, 0xA5, 0xB1, 0x50, 0x4C, 0x85, 0x1B, 0xD6,
    0xAF, 0x72, 0x53, 0xE2, 0x06, 0x97, 0xCC, 0xE5, 0x86, 0x67, 0x87, 0xC4, 0xC5, 0xF8, 0x83, 0x3B,
    0xE9, 0xDC, 0x05, 0xF5, 0x70, 0x8E, 0x0E, 0x65, 0x71, 0x11, 0xCC, 0x5D, 0x2D, 0x1D, 0xDD, 0xED,
    0xF2, 0x71, 0xE5, 0xB0, 0xFE, 0x8A, 0x3B, 0xEF, 0x4A, 0xE3, 0x3E, 0x70, 0x7C, 0x26, 0x53, 0xB3,
    0xFE, 0x23, 0xEE, 0x46, 0x53, 0xEC, 0x9F, 0x78, 0xAB, 0x5E, 0xC0, 0x4E, 0xE3, 0x3E, 0xA8, 0x3E,
    0x81, 0x43, 0x41, 0xD6, 0x16, 0xC3, 0x19, 0x4E, 0x4A, 0x8F, 0x0A, 0xF1, 0xA8, 0x4B, 0xA0, 0x4E,
    0x28, 0x04, 0x5B, 0xCA, 0x2C, 0x83, 0xB4, 0x81, 0x9D, 0x61, 0x22, 0x2A, 0x0C, 0x03, 0x0C, 0x17,
    0xF5, 0xD8, 0x4A, 0xDC, 0x87, 0x34, 0x7A, 0xE0, 0x6C, 0x85, 0xCD, 0xE1, 0xB9, 0x8E, 0x93, 0x0B,
    0xBC, 0xE0, 0xF1, 0x9C, 0x63, 0x5A, 0xCB, 0x0F, 0xE5, 0x02, 0x18, 0xE0, 0x4F, 0xC6, 0x59, 0xB8,
    0x14, 0x43, 0x45, 0xB4, 0x43, 0xFD, 0x62, 0x6F, 0x45, 0x6E, 0x3A, 0x89, 0x5D, 0xCA, 0x10, 0x88,
    0x6F, 0xC7, 0x1F, 0x60, 0x9C, 0x34, 0x16, 0x0F, 0xA6, 0x75, 0x4C, 0x14, 0x8E, 0x1D, 0xA5, 0x01,
    0x32, 0xD0, 0xFB, 0x4B, 0x19, 0xA9, 0x9D, 0x88, 0x01, 0x05, 0x39, 0xF6, 0xC1, 0xE7, 0x2A, 0xF7,
    0x1A, 0x9F, 0x95, 0x05, 0xA3, 0x76, 0x15, 0x0E, 0xD6, 0xBE, 0x82, 0xFF, 0x7D, 0x2E, 0x36, 0x5B,
    0x4A, 0x21, 0x0A, 0xB5, 0xCE, 0xA6, 0xAE, 0x74, 0x25, 0x0C, 0xB1, 0xC6, 0x39, 0x4E, 0xAB, 0x70,
    0x52, 0xAD, 0x0A, 0xBC, 0x06, 0x80, 0x51, 0x50, 0x03, 0x0D, 0xFE, 0xE7, 0xFC, 0xF4, 0x3F, 0x71,
    0xE0, 0xF6, 0x32, 0xCE, 0x9E, 0x52, 0xBD, 0x9A, 0xD3, 0x69, 0xFE, 0xFE, 0x2F, 0x96, 0x7F, 0xAC,
    0xFD, 0x16, 0xA1, 0x0E, 0x6C, 0xB1, 0x98, 0x16, 0x3E, 0xE4, 0x5D, 0xA8, 0x28, 0xE9, 0x3A, 0x55,
    0xCE, 0x4F, 0xC1, 0x07, 0xB8, 0x8A, 0x18, 0x57, 0x46, 0x3A, 0x4F, 0x49, 0x09, 0xB0, 0x15, 0x78,
    0x10, 0xFC, 0x59, 0x7C, 0x65, 0xCF, 0x98, 0xF5, 0x01, 0x41, 0x0E, 0x3E, 0x87, 0x19, 0xC2, 0x56,
    0xF4, 0xB9, 0x6B, 0x8C, 0x1A, 0x19, 0x45, 0xE3, 0xA1, 0xDF, 0x6B, 0x2C, 0xB1, 0x23, 0x22, 0x8B,
    0x2B, 0x73, 0xF8, 0x3B, 0x0E, 0x9F, 0x32, 0x0F, 0xDC, 0x20, 0x00, 0x72, 0x88, 0x4F, 0x10, 0x06,
    0x69, 0x8C, 0x17, 0x42, 0x5A, 0x84, 0xB1, 0x76, 0x99, 0x21, 0xDB, 0xC0, 0xB5, 0xA1, 0x0E, 0xA7,
    0x7E, 0xFE, 0xC9, 0x4F, 0xDD, 0x05, 0xD3, 0x6B, 0xD7, 0x02, 0x1F, 0xDD, 0x2E, 0x68, 0x5F, 0x87,
    0x97, 0x13, 0x23, 0xE7, 0x48, 0x87, 0x8E, 0x9D, 0xEE, 0x18, 0x76, 0xE1, 0x18, 0x0E, 0x1C, 0x71,
    0x0D, 0x91, 0x7C, 0x27, 0x1D, 0x42, 0xAD, 0xF6, 0x81, 0x06, 0x53, 0x99, 0x1B, 0x03, 0xE6, 0x98,
    0x04, 0xB9, 0x2B, 0x5E, 0xF9, 0x04, 0xEF, 0xC3, 0x46, 0xE1, 0x68, 0x98, 0x07, 0xE9, 0xA1, 0x45,
    0xE0, 0x0E, 0x0C, 0xDB, 0x68, 0x90, 0x19, 0x27, 0xCE, 0x92, 0xF5, 0x29, 0xD3, 0x43, 0xFE, 0x58,
    0x70, 0x9A, 0x9B, 0x81, 0xE8, 0xAB, 0x9A, 0x11, 0xB2, 0x26, 0x8A, 0xF2, 0xE3, 0x51, 0x89, 0xF2,
    0xD3, 0x62, 0xD0, 0xCB, 0x86, 0x63, 0x2B, 0x71, 0x48, 0xDF, 0x53, 0x41, 0xCD, 0x31, 0xB2, 0x84,
    0x9E, 0xA8, 0xE4, 0xDE, 0xB5, 0xAC, 0x78, 0x48, 0xC6, 0x2D, 0x59, 0xB9, 0xE5, 0x98, 0x62, 0xFA,
    0x96, 0x71, 0x18, 0xB5, 0xCA, 0xC8, 0xB8, 0x2E, 0x66, 0x5A, 0x13, 0x33, 0xF9, 0xF1, 0xB1, 0xA4,
    0xE0, 0x23, 0x12, 0xD5, 0xC1, 0xC8, 0xB8, 0xEE, 0x42, 0xC7, 0xC8, 0xEE, 0x10, 0x81, 0xC6, 0x9A,
    0x06, 0x12, 0x16, 0xE5, 0x29, 0x8A, 0x5B, 0xE5, 0x8D, 0x80, 0x64, 0x28, 0xE8, 0x29, 0x31, 0x1E,
    0x70, 0x71, 0x88, 0xFF, 0x3B, 0xC6, 0xB9, 0x32, 0x6F, 0x31, 0xD2, 0xB1, 0xE8, 0x40, 0x1D, 0x38,
    0x5A, 0x4C, 0xD1, 0x80, 0x49, 0xCF, 0xA0, 0x07, 0x62, 0x00, 0xAE, 0x63, 0x06, 0xFE, 0x66, 0x5B,
    0xB8, 0xC8, 0xE5, 0x8C, 0xFB, 0x00, 0xD2, 0x55, 0xF8, 0x7B, 0x5D, 0xA9, 0xD8, 0x1A, 0x9B, 0x94,
    0x32, 0x11, 0x2F, 0xC5, 0xDC, 0xA0, 0x2A, 0x4C, 0x88, 0x08, 0x5B, 0x98, 0xE4, 0x00, 0x4C, 0xB4,
    0x8D, 0x6B, 0xC4, 0xFF, 0xAF, 0xE2, 0xEF, 0x1B, 0x44, 0x69, 0x98, 0xE0, 0x87, 0xC2, 0x05, 0x4F,
    0x7B, 0x8C, 0xA8, 0xA0, 0x88, 0x08, 0x51, 0xE6, 0x10, 0x7F, 0xA3, 0x7B, 0xB5, 0xE7, 0xEB, 0x87,
    0x92, 0xE7, 0x89, 0x61, 0x31, 0x12, 0xE6, 0x30, 0xE7, 0x4B, 0xF1, 0x5C, 0xC9, 0x96, 0x4C, 0x96,
    0x92, 0x2B, 0x25, 0x55, 0x46, 0xA4, 0x4C, 0x71, 0x4E, 0x3E, 0xC1, 0x40, 0xD9, 0xCF, 0x48, 0x59,
    0xA5, 0xCD, 0x90, 0x24, 0xD5, 0xC6, 0x15, 0x62, 0x4E, 0xC3, 0xC1, 0x66, 0x2E, 0x3F, 0x2B, 0x99,
    0x1D, 0x22, 0x83, 0x7E, 0x60, 0xEB, 0xD9, 0x5D, 0x02, 0x0A, 0x9C, 0x2B, 0xEB, 0x68, 0x61, 0xD3,
    0x2B, 0x40, 0xD2, 0x9F, 0x0D, 0xD1, 0x6D, 0xAB, 0xFE, 0x76, 0x88, 0xB1, 0xFC, 0xBF, 0x0C, 0x1A,
    0xAB, 0x7E, 0x31, 0xBE, 0x80, 0xF1, 0xA3, 0x69, 0x0D, 0xD0, 0x56, 0xBB, 0xCB, 0x45, 0x19, 0x58,
    0xD7, 0x54, 0x39, 0x56, 0xB7, 0x15, 0x23, 0x07, 0x02, 0x44, 0x79, 0x01, 0x57, 0xD8, 0x6C, 0xD6,
    0x81, 0x2F, 0xAE, 0x5B, 0xD3, 0xAE, 0x09, 0x99, 0x85, 0xCB, 0xD0, 0xF5, 0x1E, 0x3F, 0x93, 0x6E,
    0x81, 0xA2, 0x3E, 0x03, 0x57, 0xB9, 0x38, 0xA7, 0x4A, 0x85, 0x60, 0x30, 0xBF, 0x20, 0xC8, 0x3C,
    0x7E, 0x52, 0x3D, 0x32, 0x0E, 0xC4, 0x52, 0xAF, 0x6E, 0xC9, 0xBF, 0x0B, 0xFC, 0x9C, 0xB0, 0x08,
    0x36, 0xF2, 0x3A, 0x55, 0x1F, 0x33, 0xFE, 0xCD, 0x89, 0x4E, 0x05, 0xE0, 0x4C, 0x0A, 0x2C, 0xCD,
    0x11, 0x28, 0x2B, 0xCE, 0x8B, 0x84, 0x6D, 0x17, 0x03, 0xD4, 0xE6, 0x72, 0xCC, 0xE3, 0xD4, 0x3C,
    0x70, 0x09, 0xA6, 0x73, 0x91, 0x2C, 0xB5, 0x20, 0x2C, 0x71, 0x5B, 0xC0, 0x44, 0x55, 0xE7, 0xE1,
    0xC4, 0x89, 0xB8, 0x5F, 0xED, 0x08, 0x9D, 0xB6, 0x0B, 0xD6, 0x50, 0x29, 0x0F, 0xFD, 0xE6, 0x1E,
    0xE8, 0x9F, 0x41, 0xBF, 0xA4, 0xE8, 0xF7, 0x87, 0xFE, 0x29, 0x11, 0xD1, 0x4F, 0x3A, 0x41, 0x0C,
    0x4C, 0x43, 0xF8, 0x14, 0xFC, 0x5C, 0x50, 0x5F, 0xB7, 0x64, 0x04, 0x93, 0x04, 0x2F, 0x86, 0x94,
    0xE9, 0x0C, 0x0E, 0x4C, 0xCB, 0x0A, 0x78, 0xEC, 0x1E, 0x84, 0x0C, 0x53, 0x09, 0x82, 0x84, 0x9E,
    0xB2, 0x5E, 0xF0, 0x94, 0xB5, 0x17, 0xCA, 0x2A, 0x18, 0x68, 0xE6, 0x70, 0xA6, 0xFB, 0x10, 0xEF,
    0x78, 0xCD, 0xBF, 0x6B, 0xB2, 0x3A, 0x9C, 0x29, 0x6B, 0x2C, 0x94, 0x95, 0x44, 0x86, 0x14, 0x06,
    0x0F, 0x6F, 0xBF, 0x97, 0x36, 0xDB, 0x7F, 0x99, 0xD5, 0x7F, 0xB5, 0x9C, 0x40, 0xAE, 0x79, 0x82,
    0x65, 0xBA, 0xD8, 0x81, 0xE9, 0x15, 0x21, 0x42, 0xCD, 0x13, 0xCC, 0xCB, 0x88, 0x48, 0xA8, 0x01,
    0xE4, 0x6E, 0xE6, 0x54, 0x9B, 0xD0, 0x4C, 0x34, 0x16, 0xBF, 0xC6, 0x16, 0xAA, 0x57, 0x11, 0xB1,
    0x50, 0x99, 0x91, 0xA1, 0xC4, 0x50, 0x9C, 0x43, 0xB2, 0x01, 0x1E, 0x22, 0x67, 0x5D, 0x1F, 0x40,
    0xBF, 0xEF, 0x0C, 0xB0, 0xBC, 0x23, 0x09, 0xF3, 0x45, 0x04, 0x51, 0x93, 0x11, 0x41, 0xCA, 0xD8,
    0x86, 0xAE, 0x2B, 0x1A, 0x21, 0xF7, 0x08, 0x89, 0xA3, 0xCC, 0xB5, 0x64, 0xB2, 0x77, 0x2C, 0x89,
    0x3A, 0x35, 0x3D, 0x2E, 0x07, 0xFE, 0x28, 0xBF, 0x7B, 0x01, 0xB6, 0x56, 0x67, 0xA8, 0xD4, 0x16,
    0xD9, 0x25, 0xB2, 0x10, 0x7F, 0xB3, 0xBE, 0xF4, 0x15, 0x22, 0x0C, 0x0E, 0x14, 0xB8, 0xD1, 0x20,
    0x01, 0xBA, 0xDE, 0xB0, 0x0C, 0xD8, 0x15, 0x01, 0xBB, 0xC7, 0xEF, 0x64, 0x13, 0xF6, 0x3E, 0x6C,
    0xE2, 0xE7, 0x32, 0x1A, 0xCF, 0x5A, 0xEF, 0xC7, 0x21, 0x02, 0x3F, 0x36, 0x8A, 0x24, 0xA6, 0xEA,
    0x8B, 0xBB, 0x99, 0x4D, 0x81, 0x63, 0x19, 0x32, 0x5E, 0x66, 0x4D, 0x49, 0x7E, 0x6B, 0x78, 0x2F,
    0x4D, 0x5D, 0x95, 0x89, 0x24, 0xCF, 0xFB, 0xE4, 0xDB, 0x15, 0x78, 0x94, 0xC0, 0xE7, 0xE0, 0x46,
    0xE7, 0x80, 0xA2, 0xAE, 0xAF, 0xEE, 0x42, 0x22, 0x83, 0xC9, 0xE4, 0x06, 0xA1, 0x65, 0x22, 0x09,
    0x33, 0x22, 0xA4, 0x93, 0x9F, 0x85, 0x23, 0x4B, 0x9C, 0xF1, 0x3F, 0x98, 0x8D, 0x65, 0x5C, 0x38,
    0xC9, 0xCF, 0x42, 0xDF, 0x81, 0x17, 0x20, 0x04, 0xF3, 0x0D, 0x3F, 0x47, 0x42, 0x31, 0x40, 0x8C,
    0xF0, 0x9F, 0x51, 0x98, 0x91, 0xDB, 0xBB, 0xAC, 0x7B, 0xE2, 0xCB, 0x0E, 0xF3, 0xB2, 0x8D, 0x27,
    0x5C, 0x9E, 0xEF, 0xC6, 0xF6, 0x3E, 0xB7, 0xC8, 0x1A, 0xF2, 0xA3, 0x75, 0x82, 0x83, 0xB0, 0x8C,
    0x2D, 0x5A, 0xF0, 0xB4, 0xD4, 0x37, 0xDF, 0x56, 0xD2, 0xE6, 0x4C, 0x37, 0xB9, 0xC8, 0xB6, 0x60,
    0xFA, 0xA3, 0x4A, 0x26, 0xB8, 0x45, 0x26, 0xA5, 0x0E, 0x92, 0x43, 0xE6, 0x2C, 0x1D, 0x3B, 0x9B,
    0xCA, 0x39, 0xD1, 0xCC, 0x00, 0x48, 0xFB, 0xD3, 0x61, 0xF1, 0x24, 0xBD, 0xC8, 0x79, 0x32, 0x88,
    0xA7, 0xE4, 0x96, 0x74, 0xB8, 0x91, 0x59, 0x31, 0xA7, 0x8C, 0xE1, 0x98, 0x32, 0xB5, 0x84, 0x23,
    0x64, 0xE1, 0xF6, 0x64, 0x22, 0xC6, 0x84, 0xA4, 0x1A, 0xDC, 0xC0, 0xDE, 0xFE, 0xCD, 0x7D, 0xC2,
    0x4A, 0x29, 0x81, 0xFB, 0x70, 0x59, 0x09, 0xA6, 0xFB, 0x06, 0x36, 0x79, 0x60, 0xB2, 0xE0, 0x81,
    0x63, 0xE8, 0x79, 0xE0, 0xE8, 0x79, 0x60, 0xBC, 0xE4, 0x81, 0x0A, 0x5E, 0x11, 0x21, 0x29, 0xC5,
    0xF0, 0xE8, 0xC4, 0xC6, 0xDD, 0x3E, 0xCA, 0xFC, 0x27, 0xB8, 0x2E, 0x8B, 0x5A, 0xC1, 0x70, 0x70,
    0x6F, 0x00, 0x04, 0x65, 0xD2, 0x1F, 0x41, 0x9D, 0xBE, 0x85, 0xD0, 0xDA, 0xC2, 0x82, 0xDB, 0x64,
    0x0F, 0xD8, 0x17, 0xE1, 0x0B, 0xD6, 0x26, 0xF6, 0x22, 0x81, 0x26, 0xED, 0x35, 0x25, 0x66, 0x36,
    0x48, 0xD9, 0xA8, 0x92, 0x80, 0x06, 0x08, 0x63, 0xA6, 0x88, 0x0A, 0xFC, 0x16, 0x9B, 0x23, 0x28,
    0xF2, 0x86, 0x30, 0xC6, 0x6D, 0x02, 0xAD, 0xC9, 0xEA, 0x80, 0x7A, 0x44, 0xB5, 0x36, 0xFA, 0x1B,
    0x33, 0x6B, 0x01, 0x78, 0x8F, 0x5A, 0xB1, 0x36, 0xD2, 0xC2, 0x08, 0xA4, 0x0C, 0x7A, 0x40, 0x22,
    0x98, 0xC0, 0x55, 0xA0, 0x3D, 0xA2, 0x3E, 0x65, 0xF4, 0x4B, 0xC5, 0x98, 0xF4, 0x19, 0xE6, 0x22,
    0x1D, 0x14, 0xAF, 0x9A, 0x07, 0x66, 0x79, 0x0E, 0x49, 0x2B, 0xFA, 0x60, 0x82, 0xED, 0x88, 0xE1,
    0x4C, 0xBA, 0x94, 0x08, 0x89, 0x7D, 0x14, 0xBD, 0x8B, 0x82, 0xD5, 0x4A, 0x0F, 0xBB, 0x99, 0xC6,
    0xB8, 0xD9, 0x5B, 0xEE, 0xD6, 0x0C, 0x1E, 0x05, 0xCD, 0x47, 0x2D, 0x48, 0x07, 0xC2, 0x2D, 0xB5,
    0x85, 0xEC, 0xC8, 0x00, 0xE4, 0x0B, 0xD0, 0xE4, 0xE2, 0xAD, 0xF1, 0x70, 0xE1, 0xA6, 0xC6, 0xF4,
    0xC0, 0xCA, 0x5A, 0x9A, 0x19, 0xCF, 0x02, 0xD0, 0x06, 0x64, 0x67, 0x24, 0x26, 0x18, 0x07, 0x19,
    0x22, 0x04, 0xEE, 0x47, 0x84, 0x20, 0xD2, 0xD3, 0xB4, 0x57, 0x87, 0xFA, 0x02, 0xA5, 0xB4, 0xA8,
    0x67, 0xE7, 0x9B, 0x81, 0x5C, 0x82, 0xD2, 0x94, 0xC0, 0x8B, 0x73, 0x78, 0xFC, 0x26, 0x78, 0x05,
    0x63, 0x7A, 0x05, 0xEE, 0x77, 0xD5, 0xE4, 0x51, 0x97, 0x95, 0x09, 0x65, 0xA8, 0xF1, 0xEC, 0x75,
    0x4E, 0xDD, 0xCA, 0xE7, 0xE4, 0xF3, 0xF9, 0x35, 0xDC, 0x11, 0x04, 0x28, 0x20, 0x24, 0x97, 0x56,
    0x75, 0xE4, 0x5A, 0xFD, 0x6A, 0xF7, 0x0C, 0x94, 0x16, 0x83, 0x22, 0x40, 0xA7, 0xD4, 0xBD, 0x61,
    0x5A, 0xBA, 0xE0, 0x5E, 0xB5, 0x05, 0xB2, 0x35, 0x5C, 0x91, 0x17, 0x28, 0x8A, 0xBA, 0x48, 0x7F,
    0x21, 0x60, 0x4B, 0xC9, 0x5F, 0x83, 0x2B, 0x37, 0x6A, 0x4C, 0xEB, 0xA8, 0xD3, 0xB5, 0x6E, 0xD2,
    0x3A, 0x25, 0xDE, 0x78, 0xCC, 0x01, 0x7F, 0x35, 0xD8, 0x36, 0x96, 0xCB, 0xB1, 0xF4, 0x71, 0x64,
    0xDD, 0xDF, 0x22, 0xE9, 0xD2, 0x06, 0x59, 0x17, 0x0C, 0x57, 0xE3, 0xF6, 0xAC, 0xB6, 0xD7, 0xB2,
    0xF7, 0x07, 0x73, 0x1E, 0x3A, 0xCC, 0x0B, 0xC6, 0xF8, 0xF3, 0xA6, 0xBE, 0x02, 0x61, 0x53, 0x67,
    0x63, 0xEC, 0x64, 0x0A, 0xDB, 0xA4, 0x89, 0xDC, 0x89, 0xD6, 0x74, 0xBA, 0x78, 0xA7, 0x1D, 0xFA,
    0x83, 0xE9, 0xF9, 0x8F, 0x3A, 0xCC, 0xF3, 0xEE, 0xAD, 0x56, 0x48, 0x3A, 0x22, 0x2E, 0xD3, 0x98,
    0x54, 0x65, 0xE9, 0x79, 0x8C, 0xEB, 0xD9, 0xBB, 0x56, 0x9D, 0xD9, 0x32, 0xAF, 0xD7, 0xF5, 0x76,
    0x67, 0x92, 0x2F, 0xED, 0xB5, 0xC6, 0xC4, 0xC0, 0xD5, 0x7C, 0x83, 0xEC, 0xA8, 0xC0, 0x54, 0x9D,
    0x3E, 0x31, 0x3C, 0x8D, 0x1F, 0x42, 0xB0, 0xD7, 0x86, 0xA8, 0x8E, 0x8D, 0x26, 0x2D, 0x9C, 0x07,
    0xA1, 0xB4, 0x9D, 0xD9, 0xCC, 0x97, 0xC0, 0x49, 0xBB, 0x62, 0x1D, 0xD4, 0xB7, 0xD9, 0x14, 0x79,
    0x0A, 0x82, 0x4C, 0x07, 0x30, 0xBC, 0xA0, 0xBE, 0xE2, 0x18, 0xDC, 0x96, 0xD5, 0x4E, 0x34, 0xBC,
    0x41, 0xD0, 0x72, 0x77, 0x40, 0xD7, 0xA1, 0x4E, 0xF5, 0x3C, 0xDB, 0x53, 0x60, 0xA6, 0xD7, 0x32,
    0xDF, 0xFE, 0x48, 0xDB, 0x25, 0x29, 0x7D, 0xA4, 0xF9, 0x08, 0xE7, 0xDB, 0xA1, 0xCD, 0xFA, 0xA4,
    0x49, 0x7B, 0x53, 0xC7, 0x9D, 0x2B, 0x93, 0x3B, 0x3D, 0x3C, 0x25, 0x57, 0x1A, 0x7F, 0xD6, 0xB7,
    0xA1, 0xFA, 0x7F, 0x87, 0xB9, 0x58, 0x8D, 0xDD, 0x20, 0x7D, 0xE2, 0x73, 0x92, 0xED, 0x11, 0x54,
    0x8C, 0xF3, 0xFF, 0x68, 0x55, 0x02, 0x9C, 0xD8, 0x8F, 0xEB, 0x20, 0x80, 0x62, 0x15, 0x5B, 0x3D,
    0x8A, 0x74, 0x73, 0x0A, 0xD6, 0x69, 0xCD, 0xAF, 0x4C, 0x6D, 0xE0, 0xA8, 0xA6, 0xCD, 0xF2, 0x0C,
    0xF6, 0x7C, 0x4E, 0xFD, 0xD1, 0x0E, 0x6F, 0x09, 0x49, 0x2F, 0x07, 0x36, 0x1F, 0x92, 0x91, 0x4B,
    0xED, 0x1F, 0x0F, 0x61, 0x3C, 0x38, 0xFD, 0x29, 0x76, 0xB5, 0x3A, 0xFD, 0x33, 0xC6, 0xA3, 0xEE,
    0x16, 0xC6, 0x53, 0x15, 0x5C, 0x08, 0x45, 0xDD, 0x89, 0x1E, 0xE5, 0x4A, 0x11, 0x39, 0xD8, 0x7D,
    0x0B, 0x3A, 0xCD, 0xF2, 0x23, 0x21, 0x7C, 0xE5, 0xAF, 0xD5, 0xC5, 0x14, 0xF5, 0x08, 0x6A, 0xCF,
    0x26, 0xEE, 0xD2, 0x3A, 0x69, 0x33, 0x80, 0x05, 0x52, 0x20, 0xF6, 0xA8, 0x1B, 0x84, 0x46, 0x8D,
    0x14, 0x68, 0x45, 0x17, 0x2F, 0x42, 0xF6, 0xCB, 0xC8, 0xDE, 0x35, 0xE4, 0x67, 0xB1, 0xAC, 0x82,
    0x1E, 0x45, 0x49, 0x6B, 0x72, 0xED, 0xB3, 0xD7, 0xD2, 0xE5, 0x0B, 0xB8, 0x7C, 0x91, 0x33, 0x9C,
    0xBC, 0xDB, 0xA7, 0x37, 0x1B, 0xEF, 0xF6, 0xA2, 0x2B, 0x98, 0xEF, 0xAE, 0xAB, 0x01, 0xAD, 0x75,
    0x3C, 0x64, 0x3B, 0xEB, 0x61, 0x2D, 0xBD, 0xA3, 0xF7, 0xE7, 0xB0, 0x16, 0x34, 0xC0, 0xB5, 0x2A,
    0x6F, 0x9C, 0x95, 0x9B, 0x28, 0xBC, 0x2E, 0x0D, 0x81, 0xFB, 0x7A, 0x94, 0x20, 0x97, 0x1A, 0x07,
    0xDC, 0x72, 0xC2, 0x35, 0x02, 0x42, 0x00, 0x29, 0x40, 0x97, 0x1A, 0x05, 0x2C, 0x4A, 0x57, 0x80,
    0x0A, 0x9C, 0x2E, 0xDE, 0xDD, 0xF8, 0x82, 0x0F, 0xA6, 0x9D, 0xEF, 0xE8, 0xD1, 0xAF, 0xDD, 0x18,
    0xB7, 0x93, 0xAE, 0xD7, 0x32, 0xE9, 0xBC, 0xF9, 0xE6, 0x5B, 0x51, 0x3E, 0x6D, 0x9A, 0x5D, 0x7E,
    0xBD, 0x10, 0xB8, 0xBC, 0x06, 0x42, 0xEE, 0x6E, 0x3A, 0xE6, 0x03, 0xA0, 0x0D, 0xC4, 0x6E, 0x9D,
    0xA2, 0xE0, 0xA4, 0xB4, 0xA4, 0x88, 0x10, 0xFE, 0xDC, 0x88, 0xB1, 0x38, 0x8E, 0xCD, 0xD6, 0x15,
    0x5B, 0x75, 0xB6, 0x8A, 0xFA, 0x9C, 0x7C, 0xE7, 0x2B, 0x28, 0x65, 0x8A, 0xC5, 0x89, 0x48, 0x09,
    0xCF, 0xAA, 0xAD, 0x00, 0x0C, 0x12, 0xEA, 0x18, 0x03, 0x7E, 0xDC, 0xBC, 0x0D, 0x5C, 0x7C, 0x1B,
    0x61, 0x7F, 0xB3, 0x56, 0xD9, 0x6F, 0x91, 0x04, 0x3E, 0x80, 0x9C, 0xFF, 0x09, 0x79, 0xE7, 0xC6,
    0x29, 0xE5, 0x4E, 0xAC, 0x10, 0xAE, 0xAD, 0x97, 0x20, 0xFE, 0x15, 0x5C, 0x0D, 0xCB, 0x24, 0x11,
    0xEE, 0xE2, 0xA2, 0xE1, 0x4A, 0xC6, 0x2A, 0x8D, 0x3D, 0xCF, 0xD1, 0x48, 0x57, 0x52, 0x77, 0x89,
    0x58, 0xEC, 0xDA, 0xA8, 0x37, 0x1A, 0xDE, 0x59, 0x44, 0x3D, 0xE2, 0x38, 0xEA, 0x33, 0x3B, 0x45,
    0x1D, 0x42, 0x9D, 0xB4, 0x1A, 0x11, 0x55, 0x04, 0x83, 0xAE, 0xAB, 0xE3, 0x3D, 0x30, 0xF0, 0x06,
    0x20, 0xCC, 0xB0, 0xAE, 0x49, 0x3F, 0xE5, 0x1A, 0x54, 0x1F, 0xC2, 0x6F, 0xD1, 0xDB, 0x22, 0x8E,
    0xCC, 0x8B, 0x51, 0x87, 0x67, 0xD5, 0x55, 0xF8, 0xEF, 0x31, 0xA0, 0xB8, 0xBB, 0x01, 0x9D, 0x14,
    0x1F, 0xA0, 0xF4, 0xD6, 0xFF, 0xBD, 0x68, 0x87, 0x50, 0xED, 0x9E, 0xCA, 0x71, 0x23, 0x2F, 0xAF,
    0x8F, 0x2F, 0x2A, 0xD3, 0x12, 0xDD, 0xEA, 0x0A, 0xF1, 0x50, 0x9A, 0xFC, 0x21, 0x02, 0x6E, 0xDC,
    0x15, 0x70, 0x43, 0x8D, 0x80, 0xB3, 0xE6, 0x1C, 0xBD, 0x28, 0x99, 0x7B, 0x6F, 0x1B, 0xF3, 0xB5,
    0x0D, 0x23, 0x41, 0x53, 0x07, 0x54, 0x0E, 0x36, 0x89, 0x50, 0x21, 0x7F, 0x63, 0x47, 0xA8, 0xC8,
    0x75, 0x53, 0x29, 0xFD, 0xB9, 0x63, 0xB1, 0x86, 0x60, 0x9C, 0x54, 0x08, 0x2B, 0x21, 0x05, 0x9F,
    0x52, 0xD1, 0x44, 0x9A, 0x5F, 0x2E, 0x7A, 0x69, 0x34, 0x66, 0xBE, 0x8D, 0xD2, 0x29, 0x1A, 0x36,
    0x61, 0x3E, 0xE8, 0xC2, 0x01, 0x9A, 0x61, 0x36, 0xCC, 0x35, 0x02, 0xA0, 0xDF, 0x42, 0x80, 0xC0,
    0x58, 0x98, 0x0E, 0x3A, 0xAC, 0x5D, 0xDC, 0x67, 0xD7, 0x5D, 0x35, 0xB9, 0xFF, 0x81, 0x4C, 0x27,
    0x7B, 0x78, 0xB8, 0xAE, 0x1F, 0x34, 0x4B, 0xFF, 0xDD, 0xB3, 0xFC, 0xAB, 0xFB, 0xD2, 0xDD, 0x26,
    0x17, 0xF6, 0x35, 0xF2, 0xA9, 0x05, 0x4B, 0x14, 0xC2, 0x18, 0xB5, 0x0B, 0xD2, 0xA3, 0xCB, 0xE8,
    0x1F, 0x9E, 0x81, 0x51, 0x27, 0xE9, 0x55, 0x6E, 0x5C, 0xAA, 0xD5, 0xE9, 0x34, 0x07, 0x4A, 0x54,
    0xE5, 0x01, 0x77, 0xBB, 0x61, 0xDD, 0x4A, 0x9E, 0xC1, 0x99, 0xB9, 0x32, 0x16, 0xCE, 0x83, 0xE1,
    0x4D, 0xA2, 0xA9, 0x52, 0x6F, 0x28, 0x95, 0xC3, 0x70, 0xBA, 0x81, 0x97, 0x64, 0x35, 0x7C, 0x23,
    0x9B, 0x93, 0xE9, 0xAF, 0xA1, 0x27, 0xF3, 0x35, 0x18, 0x79, 0xF1, 0xD6, 0x50, 0x50, 0xDB, 0x20,
    0x42, 0xD1, 0x00, 0x0E, 0x14, 0x75, 0xD3, 0x2B, 0x55, 0xDC, 0xC0, 0x36, 0xBA, 0x04, 0x0E, 0x8C,
    0xB0, 0x36, 0x66, 0xC1, 0x1C, 0x9C, 0xC1, 0x4A, 0xBB, 0x1A, 0xCF, 0x7E, 0x3D, 0xE0, 0x39, 0x3E,
    0x85, 0x67, 0xA2, 0x0E, 0x9F, 0xC7, 0xA7, 0x09, 0x44, 0x95, 0x65, 0xA6, 0x4A, 0xFA, 0xA7, 0x10,
    0x08, 0x04, 0xF1, 0x81, 0x1C, 0x02, 0x58, 0x13, 0xB5, 0xDB, 0x51, 0x3B, 0x6A, 0x7B, 0x36, 0x93,
    0x50, 0xF4, 0xD1, 0x15, 0xA0, 0x82, 0xEF, 0x93, 0x5B, 0x2D, 0xB2, 0xF4, 0xF1, 0x21, 0xE9, 0x0A,
    0x52, 0x84, 0x29, 0x1C, 0xF4, 0xE7, 0x03, 0x06, 0x87, 0xFC, 0xAD, 0xFF, 0x8B, 0x5D, 0xA9, 0x5B,
    0xA8, 0xC4, 0x81, 0xA1, 0x50, 0x23, 0xEA, 0x05, 0x86, 0x94, 0x01, 0x8C, 0x66, 0x73, 0x57, 0x21,
    0x41, 0x58, 0x54, 0xAF, 0xB5, 0xF0, 0x64, 0x60, 0x80, 0x6E, 0xC2, 0x01, 0x18, 0xCA, 0x6A, 0x1E,
    0xB4, 0x4D, 0x9D, 0x35, 0x65, 0x30, 0x14, 0x79, 0xDC, 0x57, 0xCF, 0xA0, 0x10, 0xB9, 0xB2, 0xD9,
    0x54, 0x4D, 0x45, 0xFF, 0xDB, 0x62, 0x5B, 0x99, 0x0D, 0x2D, 0x23, 0x25, 0x4D, 0x24, 0xE4, 0xE0,
    0x21, 0x13, 0xDE, 0x06, 0x18, 0x67, 0x81, 0xA0, 0xA8, 0x70, 0xAD, 0x27, 0x76, 0x4F, 0x67, 0x23,
    0x63, 0xC5, 0x7B, 0x15, 0xC1, 0x73, 0x16, 0xF1, 0x08, 0xE0, 0x78, 0x1F, 0x31, 0x7E, 0x9E, 0x75,
    0x57, 0xAE, 0x30, 0x13, 0xA7, 0x42, 0x10, 0x5C, 0x91, 0x54, 0x8F, 0xD9, 0x94, 0xE0, 0xCC, 0xCF,
    0xB0, 0x05, 0x08, 0xA3, 0x47, 0xDF, 0xD3, 0xC9, 0xA0, 0x2E, 0x62, 0x45, 0xD4, 0xBD, 0xA9, 0xE2,
    0x3B, 0x80, 0x1A, 0x12, 0xCA, 0xBE, 0x2A, 0xC5, 0xAD, 0x1B, 0x83, 0x50, 0x29, 0x80, 0xC9, 0x88,
    0x55, 0xE0, 0x32, 0xE1, 0x87, 0x79, 0xC8, 0xE7, 0x27, 0x79, 0x68, 0x06, 0x3D, 0x88, 0x95, 0xE5,
    0x8C, 0x53, 0xD4, 0x40, 0x14, 0x6C, 0x4D, 0x36, 0x3C, 0x8A, 0x21, 0xD8, 0xB5, 0x52, 0xC1, 0x43,
    0x73, 0x8A, 0xAC, 0x0D, 0xD8, 0xF8, 0x9A, 0x74, 0x73, 0x75, 0xB6, 0xBE, 0xB3, 0x40, 0xA0, 0xA2,
    0x7C, 0xCA, 0xD4, 0xEF, 0xED, 0xA8, 0xA5, 0xB2, 0xF1, 0x97, 0xAD, 0xBE, 0xD5, 0xEA, 0x1A, 0x35,
    0x1F, 0x03, 0x3F, 0x76, 0x79, 0xE0, 0xF8, 0xC0, 0x16, 0x58, 0x94, 0xB6, 0x05, 0x44, 0x47, 0xD6,
    0xE8, 0x84, 0xDE, 0xFB, 0xB4, 0x7B, 0x60, 0xA5, 0x75, 0x4D, 0xD6, 0x64, 0x3E, 0x7F, 0x94, 0xCC,
    0x1A, 0xD5, 0xF3, 0xEE, 0x8A, 0xE3, 0x0E, 0x93, 0xD2, 0x9C, 0xB4, 0x45, 0x6A, 0x37, 0xF4, 0xA2,
    0xB1, 0x7C, 0x40, 0xAD, 0xB4, 0x84, 0x3F, 0x38, 0xA2, 0x78, 0xF1, 0xE2, 0xDC, 0x84, 0x0C, 0x1E,
    0xCF, 0x11, 0x1D, 0xE1, 0xA0, 0xC4, 0xC6, 0xA0, 0x9B, 0xCF, 0x4C, 0xC2, 0x65, 0x7A, 0x5F, 0x3E,
    0x5C, 0xEF, 0x79, 0x78, 0xE7, 0x79, 0xA1, 0xD6, 0x13, 0xFB, 0x15, 0xA1, 0x34, 0x2C, 0xA0, 0x10,
    0x80, 0xA9, 0x1C, 0xD4, 0x14, 0x6C, 0xE7, 0xB2, 0xA6, 0x8B, 0x3E, 0x64, 0x4E, 0x21, 0xC4, 0xED,
    0xD7, 0x1F, 0xF7, 0xEA, 0x20, 0xE3, 0x71, 0x35, 0x6B, 0x9C, 0x3A, 0x4A, 0xDC, 0x42, 0xC6, 0x9A,
    0x52, 0x18, 0x69, 0x40, 0xD6, 0x7E, 0xAB, 0x47, 0x59, 0x74, 0xB3, 0xC9, 0x72, 0x32, 0xA9, 0xE7,
    0x10, 0x3D, 0x31, 0xBB, 0x7E, 0xA6, 0x07, 0x33, 0x26, 0x4C, 0x49, 0xFE, 0xC0, 0x60, 0x3E, 0xEC,
    0x80, 0x4E, 0x9F, 0xC2, 0x6B, 0x11, 0x4B, 0xC0, 0xC0, 0x70, 0x40, 0xEA, 0x90, 0x01, 0xB0, 0x6D,
    0x8B, 0x98, 0x11, 0xFA, 0x3A, 0x34, 0x93, 0x8C, 0xDF, 0xE2, 0x26, 0x26, 0x8F, 0xBF, 0x70, 0x36,
    0xF9, 0x1A, 0xA1, 0x3A, 0xCC, 0xE8, 0xE7, 0x53, 0x37, 0xF3, 0x90, 0x47, 0x54, 0x3B, 0x1D, 0x36,
    0xE7, 0xA6, 0xCB, 0xC5, 0x31, 0xB6, 0x86, 0xA6, 0xB9, 0x68, 0x22, 0x6E, 0xA5, 0xB3, 0x9F, 0x70,
    0x9F, 0x47, 0x45, 0x4D, 0x8F, 0x44, 0x67, 0xA8, 0x20, 0xA6, 0x85, 0x51, 0x79, 0x97, 0x4B, 0x95,
    0x07, 0xEA, 0xE0, 0x51, 0x69, 0xD5, 0x05, 0x82, 0xDF, 0x9A, 0x8A, 0x3E, 0xEF, 0xD8, 0xEA, 0x53,
    0x6C, 0xDE, 0x2C, 0xBE, 0x1E, 0x6F, 0x0E, 0xFD, 0x43, 0xB2, 0x90, 0x97, 0xEF, 0xEF, 0x47, 0x0F,
    0xD3, 0xAD, 0x07, 0x69, 0x62, 0x34, 0x21, 0x9A, 0x67, 0xC0, 0xEA, 0x6F, 0x7E, 0x23, 0x25, 0x49,
    0x3E, 0xE7, 0x41, 0xE9, 0x24, 0xB0, 0x09, 0x0C, 0xDA, 0xB3, 0xAE, 0x3A, 0xF6, 0xD2, 0x5B, 0x0E,
    0xBE, 0x16, 0x2D, 0xE8, 0x52, 0xD5, 0xF1, 0x69, 0x79, 0x9E, 0x2A, 0x45, 0xB2, 0xF1, 0x8D, 0x30,
    0xD4, 0xC1, 0x55, 0x2E, 0x55, 0xF1, 0xCA, 0x18, 0xB3, 0x36, 0x70, 0x17, 0x96, 0x8C, 0xC4, 0x92,
    0x90, 0xD4, 0xE4, 0x23, 0x60, 0xEA, 0xA3, 0xF7, 0xA6, 0xEB, 0x17, 0x61, 0x78, 0x07, 0x47, 0x32,
    0x1F, 0x73, 0x38, 0x06, 0xB2, 0x8F, 0xDC, 0x4E, 0x6F, 0xA2, 0x23, 0xA1, 0xD4, 0xB1, 0xDE, 0x91,
    0xA6, 0x45, 0x6F, 0xEE, 0xF8, 0xA2, 0x37, 0x87, 0x92, 0x8C, 0x3A, 0x2A, 0xA4, 0xA2, 0x63, 0x5B,
    0x0E, 0x03, 0x1B, 0xF7, 0x8C, 0x0B, 0x0E, 0x90, 0x46, 0x84, 0xA3, 0x34, 0x86, 0x67, 0x6C, 0x98,
    0xE5, 0x9E, 0xDE, 0x9C, 0x27, 0x84, 0x85, 0x42, 0x16, 0xC8, 0xB5, 0x9D, 0x09, 0x21, 0x2C, 0x4A,
    0x9C, 0x2E, 0xF0, 0x2C, 0xF2, 0x0B, 0x70, 0x05, 0x60, 0x75, 0x7C, 0x87, 0x10, 0x3A, 0xB2, 0xD0,
    0x0A, 0xFB, 0xB4, 0x44, 0x18, 0x9B, 0xB6, 0xD1, 0x87, 0xB9, 0x6E, 0xE3, 0x12, 0x6A, 0xD3, 0x34,
    0xDD, 0x7E, 0x56, 0x76, 0xAB, 0x18, 0xFA, 0xA3, 0xA4, 0xBA, 0x97, 0xC9, 0x7A, 0x1B, 0x9E, 0xB7,
    0xF1, 0x78, 0x80, 0x7B, 0x20, 0x05, 0x66, 0x27, 0x61, 0x76, 0x3E, 0x9E, 0x38, 0x43, 0x80, 0xB0,
    0xCB, 0xDA, 0x64, 0x28, 0x3A, 0x3D, 0xFC, 0xB2, 0x7F, 0xA9, 0x8B, 0xF0, 0x70, 0x84, 0x67, 0xA3,
    0xA1, 0x96, 0x27, 0x43, 0x69, 0x87, 0xCF, 0xE7, 0x68, 0x7C, 0xCA, 0xA7, 0xA2, 0x7D, 0x6A, 0x6E,
    0x6B, 0x89, 0xEB, 0xAA, 0x97, 0xD9, 0x06, 0x1C, 0x7D, 0x5F, 0x6E, 0x36, 0x56, 0xA9, 0x7C, 0x01,
    0x2E, 0xA7, 0x20, 0x52, 0x86, 0xEF, 0x0C, 0xEC, 0xCC, 0xF8, 0x36, 0x60, 0x38, 0xDC, 0xDB, 0x0B,
    0x64, 0x93, 0x7B, 0x6E, 0x03, 0xCA, 0x3A, 0x7A, 0xBE, 0xB0, 0x12, 0xD1, 0x81, 0xCD, 0x09, 0x32,
    0xA2, 0xDD, 0xA7, 0x2B, 0x93, 0x8F, 0xA5, 0x60, 0x8E, 0xF5, 0x5F, 0xB0, 0xE5, 0xD0, 0x7B, 0x57,
    0xBE, 0xE7, 0x64, 0xA6, 0xD8, 0x7D, 0x42, 0xC4, 0xB3, 0xDC, 0x7E, 0xD9, 0x29, 0x0A, 0x1F, 0x74,
    0x32, 0xE3, 0x73, 0xF4, 0x02, 0xF9, 0x5F, 0xBE, 0x64, 0x57, 0x1C, 0xD8, 0xFF, 0x81, 0x6F, 0x22,
    0xFF, 0x8F, 0x72, 0xF0, 0x51, 0xFA, 0x83, 0x0F, 0x9F, 0x57, 0x93, 0xFB, 0xDE, 0xCA, 0x85, 0xCD,
    0xE6, 0xDA, 0x33, 0x6A, 0x33, 0xD4, 0x9E, 0x6F, 0xB7, 0xDB, 0xA8, 0x3D, 0xDF, 0x69, 0x59, 0x7B,
    0x9E, 0xFF, 0x98, 0xB5, 0xE7, 0xBB, 0xB7, 0x58, 0x7B, 0x4A, 0x43, 0x37, 0x63, 0x59, 0xAB, 0x36,
    0xB2, 0xF3, 0xAC, 0x3D, 0x33, 0xD6, 0x9E, 0xFD, 0xB2, 0xF6, 0x44, 0xD1, 0xB2, 0x21, 0xBE, 0x34,
    0xBB, 0x80, 0x3F, 0xDB, 0xF5, 0xD8, 0xCF, 0x33, 0xA5, 0xD9, 0x53, 0x18, 0xEE, 0xBB, 0x4E, 0x63,
    0xCA, 0x04, 0x5E, 0x1E, 0xE7, 0xD9, 0xA2, 0x41, 0xA3, 0x98, 0x5B, 0xBF, 0x79, 0x22, 0xB3, 0xB5,
    0x38, 0x8D, 0x81, 0x29, 0x37, 0xB0, 0xE1, 0x84, 0xDA, 0x07, 0x00, 0xA8, 0xD5, 0x79, 0xEA, 0x75,
    0x4F, 0x61, 0x85, 0x63, 0x3F, 0x64, 0xED, 0x5B, 0x0B, 0xF6, 0xC8, 0x3F, 0xA4, 0xF2, 0xA2, 0x7C,
    0x22, 0x07, 0x1D, 0x4D, 0x25, 0x47, 0x11, 0xF3, 0xB9, 0xA7, 0x1F, 0x6A, 0x69, 0xB3, 0x2D, 0xCF,
    0x3F, 0xC3, 0x21, 0xB2, 0x28, 0x1C, 0xEB, 0x15, 0x20, 0x4C, 0xC2, 0x9A, 0xE8, 0x0E, 0x58, 0x26,
    0x33, 0x14, 0xAF, 0xDB, 0x48, 0xB5, 0x37, 0x99, 0x29, 0xFA, 0xC3, 0xE0, 0x6C, 0x0D, 0x10, 0x95,
    0x09, 0x9E, 0x47, 0x7A, 0xB9, 0xD7, 0x32, 0x75, 0x6C, 0x66, 0x2D, 0x7B, 0x22, 0x77, 0x04, 0x80,
    0x11, 0x4C, 0x6B, 0xFA, 0x6E, 0x34, 0x6D, 0xA5, 0x4D, 0x32, 0xBC, 0x97, 0x35, 0xCF, 0xAA, 0x37,
    0xB2, 0x5A, 0xF0, 0xF2, 0x32, 0xDB, 0x76, 0x8C, 0x14, 0x2A, 0xB0, 0x78, 0x8D, 0x5D, 0xFF, 0x13,
    0x54, 0x37, 0x5D, 0x9C, 0x1D, 0x3B, 0xDF, 0x98, 0x9F, 0xFC, 0x9B, 0x13, 0x15, 0xF5, 0x5C, 0xB4,
    0x20, 0x80, 0x6C, 0x5C, 0x1F, 0x60, 0x50, 0x74, 0xE0, 0x13, 0x1A, 0x49, 0x77, 0x03, 0x34, 0xB0,
    0x5C, 0xD3, 0x5F, 0x8C, 0x6A, 0x8D, 0xD9, 0xEC, 0x48, 0xBA, 0x6C, 0x38, 0x9B, 0x0F, 0x69, 0x49,
    0x9E, 0x36, 0x99, 0xF3, 0xC4, 0x6D, 0x3F, 0xFD, 0x28, 0xC7, 0x51, 0xF9, 0x93, 0x3D, 0x36, 0xB9,
    0x28, 0xC7, 0x26, 0x0F, 0x68, 0x1A, 0x87, 0x8B, 0xA6, 0xF1, 0xB7, 0x14, 0xEB, 0xBB, 0x8B, 0xE7,
    0xA7, 0xA0, 0x6B, 0xF2, 0x11, 0xE4, 0x34, 0x54, 0x5B, 0x2A, 0xB0, 0x73, 0xB6, 0xB7, 0xBE, 0x79,
    0x8F, 0xB2, 0x81, 0x4E, 0xF7, 0x07, 0x1C, 0x48, 0x14, 0xF7, 0x3B, 0x90, 0x28, 0x08, 0x6A, 0xCD,
    0xCC, 0x2E, 0xE7, 0x8B, 0x5E, 0xC2, 0x07, 0x96, 0x05, 0x76, 0xB3, 0x95, 0xED, 0x62, 0x59, 0x05,
    0xDB, 0xA7, 0x47, 0x67, 0xC2, 0x38, 0x09, 0xDF, 0x58, 0x15, 0x59, 0xD6, 0x19, 0x02, 0x9A, 0xE5,
    0xAA, 0x1E, 0xAB, 0x29, 0xE9, 0xB1, 0x88, 0xD5, 0x5D, 0x9C, 0x27, 0xFD, 0x7E, 0x28, 0x69, 0x15,
    0xD7, 0x2B, 0x80, 0x79, 0x2A, 0xD8, 0xFA, 0xF7, 0x0C, 0x1E, 0xD8, 0x14, 0x47, 0x4A, 0x6A, 0x34,
    0x32, 0x09, 0xD2, 0x0F, 0x58, 0xD6, 0x1F, 0x4B, 0x29, 0xA4, 0x91, 0xB3, 0x78, 0xB8, 0xFB, 0x12,
    0xAE, 0xA3, 0x30, 0x43, 0x8B, 0xB9, 0x60, 0x1A, 0xBE, 0x8A, 0x32, 0xF9, 0xCC, 0x11, 0xEE, 0x7A,
    0x65, 0x46, 0x08, 0x34, 0xAD, 0xCB, 0x4E, 0xF0, 0x52, 0x9E, 0x70, 0x96, 0x47, 0x23, 0xB6, 0x57,
    0x65, 0x9E, 0x68, 0xBC, 0x8C, 0x39, 0x6A, 0x91, 0xC9, 0xB8, 0x69, 0xAF, 0x3C, 0xD3, 0xFD, 0xE5,
    0xF9, 0xE5, 0x3D, 0xF2, 0xAC, 0x79, 0x79, 0xC6, 0x1A, 0x73, 0x81, 0x92, 0xB3, 0x83, 0x09, 0xF8,
    0x7E, 0x90, 0x3C, 0x4F, 0xE2, 0x38, 0x24, 0x5F, 0xA4, 0xBC, 0x6F, 0x0C, 0x87, 0xBE, 0x47, 0x8D,
    0xDF, 0xB2, 0xC6, 0x97, 0x97, 0x35, 0xEC, 0xA2, 0x3F, 0xAF, 0x97, 0x67, 0x47, 0x64, 0x9B, 0xB4,
    0xF8, 0xF7, 0x3C, 0x02, 0xF1, 0xE7, 0x59, 0xE2, 0x72, 0xC4, 0xA5, 0xC8, 0x2E, 0xAE, 0xE0, 0x4A,
    0x6C, 0xB3, 0x4E, 0xDA, 0x67, 0x33, 0x17, 0xAE, 0x7C, 0x27, 0xE0, 0x6B, 0x07, 0x64, 0x9A, 0x54,
    0xF2, 0x7B, 0x49, 0x8C, 0x07, 0xA0, 0x61, 0xB6, 0x63, 0xAD, 0x68, 0x5E, 0xC5, 0x6A, 0x2F, 0x2A,
    0xBD, 0x29, 0xCC, 0x80, 0x95, 0x2B, 0xDF, 0x35, 0x59, 0x9E, 0x1E, 0xEC, 0x65, 0x02, 0x3E, 0xFF,
    0x33, 0x6E, 0x5D, 0xC4, 0x96, 0xB3, 0x92, 0x77, 0xB6, 0x1C, 0x66, 0x97, 0x53, 0x8C, 0x70, 0xF2,
    0x07, 0x1B, 0xD2, 0x86, 0xCE, 0xA6, 0x95, 0x29, 0xAF, 0x1C, 0xE1, 0xEB, 0x67, 0x3E, 0xEF, 0xEB,
    0x6F, 0x26, 0xE8, 0xDE, 0x94, 0xF1, 0xFF, 0xEE, 0x21, 0xF2, 0x73, 0x0F, 0xAE, 0xC8, 0x1F, 0x44,
    0xE4, 0x1F, 0xE5, 0x05, 0xB2, 0xC5, 0xAB, 0x78, 0xAA, 0x4F, 0x04, 0x58, 0x86, 0x67, 0x7D, 0x86,
    0x3B, 0x23, 0xB7, 0xA2, 0xD9, 0x29, 0x66, 0x7F, 0xD4, 0xF7, 0x1E, 0x66, 0x4E, 0x06, 0x57, 0xA2,
    0x44, 0xE9, 0x3B, 0xE2, 0x40, 0x22, 0x7E, 0x34, 0xEE, 0x7D, 0x9B, 0xE0, 0x31, 0x77, 0xA0, 0x7F,
    0xF3, 0x8F, 0x01, 0x62, 0xD0, 0xEC, 0x2D, 0x2F, 0xDD, 0xA2, 0x3C, 0xDC, 0xAD, 0x52, 0x4A, 0xCE,
    0x38, 0x40, 0x0E, 0xA9, 0xB8, 0xE1, 0xE7, 0x85, 0x35, 0x50, 0x11, 0xF2, 0xF2, 0xC3, 0x06, 0xDF,
    0x7D, 0x58, 0xB4, 0x3A, 0xE6, 0xAF, 0x27, 0xF0, 0xCA, 0x90, 0x0A, 0x99, 0x51, 0x2D, 0x4A, 0x6E,
    0x14, 0x40, 0xDA, 0x95, 0x9E, 0x88, 0x2E, 0xD6, 0x7B, 0x94, 0xE3, 0x8E, 0xD4, 0xBF, 0xB7, 0x13,
    0x38, 0xF2, 0x70, 0x14, 0xBD, 0x0D, 0x6F, 0xF1, 0x66, 0x4D, 0x60, 0xD0, 0xA6, 0xE6, 0x6B, 0x6E,
    0xAB, 0xC6, 0xB2, 0x1E, 0x39, 0x63, 0xAC, 0x7F, 0x7B, 0xE7, 0x3A, 0x36, 0x1D, 0xD6, 0x05, 0x01,
    0x3A, 0x2E, 0xAB, 0x13, 0x56, 0xDE, 0x29, 0xA4, 0x60, 0xAB, 0x3E, 0x4A, 0x8E, 0xE2, 0x06, 0xB0,
    0x07, 0xCF, 0x07, 0xFB, 0x09, 0x1B, 0x84, 0xC6, 0x16, 0x88, 0x6F, 0x3A, 0x22, 0xF5, 0x17, 0xBD,
    0x91, 0x18, 0x8A, 0x47, 0xBE, 0xEB, 0xE0, 0x3E, 0xEF, 0x15, 0xCA, 0x96, 0x01, 0xD2, 0x1E, 0xEF,
    0x35, 0x2B, 0x97, 0x14, 0x55, 0x35, 0xC4, 0x26, 0xEB, 0xCD, 0x11, 0xF6, 0x05, 0xC4, 0x3E, 0x5C,
    0xDC, 0x74, 0xE7, 0x9A, 0x62, 0xAA, 0x40, 0x2A, 0xF0, 0x34, 0x12, 0x2E, 0x9C, 0x49, 0x05, 0x64,
    0x17, 0xCD, 0x8B, 0x20, 0xB4, 0xA7, 0x54, 0xF4, 0x51, 0x23, 0x10, 0xFF, 0x18, 0xDF, 0x98, 0x55,
    0x3F, 0x51, 0xB9, 0xBC, 0xDB, 0x62, 0xC0, 0x3F, 0x33, 0x1E, 0x3B, 0xF5, 0xDF, 0xAF, 0xEF, 0xB3,
    0x09, 0x7C, 0x40, 0x1A, 0x8F, 0x6C, 0xD4, 0xC5, 0x36, 0x1A, 0xF6, 0xE5, 0x34, 0xB5, 0xD0, 0xF6,
    0x91, 0x67, 0xFD, 0x7C, 0x2F, 0xA6, 0xE0, 0x55, 0xC6, 0xB8, 0x92, 0x8E, 0x4D, 0x4D, 0x63, 0x53,
    0x7C, 0x9B, 0x3C, 0x69, 0x80, 0x37, 0x52, 0xC5, 0xD6, 0x91, 0xEB, 0x41, 0x19, 0x0F, 0x2A, 0x01,
    0xA0, 0x62, 0x8A, 0xFA, 0x31, 0xB5, 0x83, 0x09, 0xFB, 0x6B, 0x51, 0x7B, 0x2D, 0xA9, 0x4D, 0x96,
    0x0B, 0xC3, 0x11, 0xDA, 0x24, 0xE2, 0xFC, 0x08, 0xEF, 0xE1, 0xF0, 0xA0, 0xDD, 0xEC, 0x0D, 0xDA,
    0x47, 0xEA, 0x0A, 0x24, 0x7C, 0x05, 0x5A, 0xBF, 0xCF, 0xD0, 0x28, 0xF7, 0x84, 0xD5, 0x93, 0x78,
    0xDB, 0x44, 0x5A, 0x7B, 0x15, 0x7E, 0xE5, 0x70, 0x6D, 0x25, 0xE5, 0xDE, 0x36, 0xDF, 0x23, 0x1C,
    0x7F, 0xFC, 0x7F, 0x29, 0xBB, 0x31, 0x10, 0x66, 0x5C, 0xF7, 0x83, 0xBC, 0xAF, 0x49, 0x14, 0x81,
    0x97, 0xB4, 0x7B, 0xD4, 0xF7, 0x58, 0x5B, 0x38, 0x2F, 0x73, 0xD5, 0xB3, 0x4C, 0xDA, 0xEC, 0x78,
    0x87, 0x0D, 0xFB, 0x74, 0x65, 0xFD, 0xC4, 0xF7, 0xA5, 0x34, 0x53, 0x5D, 0x76, 0x92, 0x46, 0xE5,
    0xE2, 0xDB, 0xDB, 0x04, 0xC2, 0x96, 0x84, 0xBB, 0xDE, 0xD9, 0x26, 0x39, 0x1D, 0xDF, 0xC8, 0xCC,
    0x11, 0x9E, 0xDC, 0xA9, 0x6C, 0x55, 0xF6, 0x2A, 0x9B, 0x95, 0xDD, 0xCA, 0x76, 0x65, 0xBF, 0xB2,
    0x61, 0xD9, 0xB1, 0x2F, 0x08, 0xA5, 0xDE, 0xE5, 0xE2, 0xDC, 0xB5, 0x6C, 0x5B, 0xF6, 0xED, 0x37,
    0xFE, 0x7F, 0xBD, 0x59, 0xB1, 0x8E, 0xDC, 0x46, 0x12, 0x2D, 0x92, 0x07, 0x50, 0x16, 0x65, 0x71,
    0x03, 0x07, 0x36, 0x56, 0x06, 0x17, 0x07, 0x05, 0x32, 0x4E, 0x5E, 0x26, 0x0A, 0x36, 0xD0, 0xAA,
    0xB9, 0xD2, 0x0F, 0xF8, 0x13, 0x36, 0x70, 0x7E, 0x17, 0x08, 0xB8, 0x05, 0x3C, 0x16, 0x69, 0x5F,
    0xE8, 0x64, 0xBE, 0xE0, 0xA0, 0xE0, 0x3E, 0x60, 0x83, 0x05, 0x4E, 0x80, 0x67, 0x45, 0x1A, 0x0A,
    0x14, 0x38, 0x30, 0xED, 0x0F, 0x30, 0x68, 0xD8, 0xC0, 0x5D, 0x66, 0x9E, 0x4C, 0xDC, 0xD1, 0x30,
    0x67, 0xDA, 0xEF, 0x35, 0x9B, 0xB3, 0xB6, 0x60, 0x01, 0xE7, 0x59, 0x72, 0x66, 0xA6, 0x0B, 0x33,
    0x3D, 0x64, 0xF7, 0x7B, 0x55, 0xD5, 0x55, 0xD5, 0x4D, 0x11, 0xBF, 0x12, 0x91, 0xB0, 0x86, 0x88,
    0x28, 0x14, 0xC5, 0x07, 0x14, 0xFF, 0x6A, 0x44, 0x9C, 0x67, 0xAD, 0x88, 0x47, 0xE1, 0x3F, 0xE8,
    0x70, 0x99, 0x07, 0xF1, 0xB6, 0x0B, 0xA1, 0xF4, 0x52, 0xE4, 0xD4, 0x59, 0x89, 0x54, 0xB2, 0x12,
    0xB7, 0x10, 0x2D, 0x7F, 0xFA, 0xEE, 0xAA, 0x9E, 0xAB, 0x36, 0xD4, 0xBC, 0x19, 0xAF, 0xA0, 0xE0,
    0xC0, 0x25, 0x07, 0xA6, 0x08, 0xB3, 0xBE, 0x5B, 0xFC, 0x1F, 0x4B, 0xDC, 0x5E, 0x48, 0xA7, 0x0A,
    0xAF, 0x56, 0x59, 0x58, 0xA8, 0x2C, 0x2A, 0x52, 0x51, 0x59, 0x2E, 0x2A, 0xD1, 0x92, 0x26, 0x2B,
    0x49, 0x3F, 0x5E, 0xEE, 0xA5, 0x7A, 0x55, 0xA9, 0x56, 0x17, 0x51, 0xF9, 0xB4, 0xBF, 0xEF, 0x10,
    0x4D, 0xDB, 0x36, 0x33, 0x3D, 0x44, 0xEE, 0x00, 0x8C, 0xB8, 0xCB, 0xE1, 0x02, 0x69, 0x65, 0x98,
    0x66, 0x0A, 0x5E, 0xFF, 0xC0, 0xFD, 0x2B, 0x8B, 0x21, 0x44, 0x8B, 0xD7, 0x58, 0x36, 0xA5, 0x75,
    0x97, 0x02, 0x73, 0x3A, 0x2F, 0x30, 0xBB, 0xBF, 0x82, 0xA6, 0x22, 0xFE, 0x71, 0x12, 0x26, 0x22,
    0x73, 0x37, 0x99, 0x92, 0x8C, 0x61, 0x00, 0x70, 0xA0, 0x90, 0x62, 0x14, 0x7D, 0x86, 0x51, 0x34,
    0xAC, 0x14, 0x3E, 0x80, 0xE5, 0x6E, 0x18, 0xED, 0x0E, 0xC4, 0x0C, 0x33, 0x52, 0x13, 0x72, 0x13,
    0x92, 0x13, 0xB2, 0x33, 0xF4, 0x0C, 0x3F, 0x43, 0xD0, 0x30, 0x14, 0x52, 0x14, 0x72, 0x94, 0x9E,
    0xA4, 0x93, 0x0C, 0x0C, 0xBC, 0xFF, 0x70, 0xDA, 0x4F, 0x69, 0xB2, 0x6D, 0xB1, 0xC4, 0xED, 0x2E,
    0x7D, 0xA2, 0x83, 0x99, 0xDE, 0xD6, 0x3D, 0x43, 0x12, 0x1C, 0xF8, 0x6D, 0xEA, 0x8D, 0xE4, 0x45,
    0x68, 0x44, 0x60, 0x9C, 0xD0, 0xA9, 0x4F, 0x30, 0x5A, 0x57, 0x6D, 0xD3, 0x80, 0x7B, 0x68, 0x1F,
    0xA2, 0xE5, 0x1C, 0x17, 0x66, 0x8C, 0x60, 0xC5, 0x19, 0x28, 0xCE, 0x47, 0xA2, 0x18, 0x7D, 0x59,
    0x58, 0xD3, 0xFF, 0x25, 0x05, 0x13, 0x97, 0x73, 0x06, 0x24, 0x1C, 0xF3, 0x92, 0x27, 0x01, 0xFA,
    0x12, 0x67, 0xD2, 0x05, 0x47, 0xA7, 0x69, 0x0F, 0x24, 0xD0, 0x8D, 0x5C, 0xDF, 0xAD, 0x0C, 0x5B,
    0x07, 0x56, 0xF4, 0xBF, 0x87, 0xFF, 0x3D, 0x28, 0xE5, 0x8A, 0xCC, 0x37, 0xA7, 0x68, 0xEC, 0xE7,
    0xAF, 0x9D, 0xF1, 0x09, 0x2D, 0x96, 0x39, 0xC9, 0xC4, 0x74, 0x7E, 0x3B, 0x2E, 0xDA, 0xE0, 0x66,
    0xBC, 0xF3, 0x79, 0x21, 0xFB, 0x4E, 0xB5, 0x76, 0xB3, 0xF1, 0xE2, 0x65, 0x34, 0xAC, 0x77, 0xE3,
    0x30, 0x0E, 0x97, 0xC5, 0xF1, 0xC7, 0x98, 0xFE, 0x90, 0x86, 0x8C, 0x79, 0x5D, 0x30, 0x6D, 0xF8,
    0x74, 0x39, 0x26, 0xE8, 0x47, 0x98, 0x54, 0xF5, 0xC1, 0xEF, 0xDA, 0x5E, 0x25, 0xE1, 0xFD, 0x52,
    0x42, 0x30, 0x77, 0x57, 0x72, 0x39, 0xD6, 0x26, 0xA0, 0x45, 0x46, 0xBF, 0x84, 0x6F, 0xFC, 0xF5,
    0xF8, 0x8F, 0x5B, 0x64, 0xE8, 0x60, 0x2E, 0x0F, 0xE3, 0x7A, 0xB5, 0xD5, 0x2F, 0x14, 0x7F, 0xED,
    0x8D, 0x11, 0x19, 0x5E, 0xC4, 0x9C, 0x3E, 0xE7, 0x31, 0x7D, 0x1C, 0xFF, 0x77, 0x9B, 0x36, 0xBC,
    0x89, 0xFB, 0x9F, 0x5E, 0xC4, 0x1C, 0xD9, 0x07, 0xC3, 0x9B, 0x8F, 0x25, 0x74, 0x47, 0x62, 0x68,
    0x5E, 0x61, 0xC6, 0xC0, 0xF3, 0x02, 0xE2, 0x21, 0xA3, 0xCF, 0x31, 0xF3, 0xEC, 0x0E, 0x97, 0xE6,
    0x2C, 0xA0, 0xEB, 0x6C, 0x81, 0xA6, 0x09, 0x3C, 0x77, 0x84, 0xDF, 0x5F, 0x37, 0xEB, 0x14, 0x34,
    0x71, 0x25, 0xE3, 0x6A, 0x30, 0x06, 0x4D, 0xC3, 0xE6, 0x84, 0x46, 0xDB, 0x12, 0x9B, 0x57, 0xD6,
    0x63, 0xD7, 0xE4, 0xB1, 0xF5, 0xCF, 0x62, 0x14, 0xEB, 0xBD, 0x14, 0x77, 0x3C, 0xAD, 0x57, 0xA2,
    0x8A, 0x7B, 0x68, 0x87, 0x92, 0x66, 0x77, 0x25, 0xCF, 0x6E, 0x49, 0x7E, 0x94, 0x88, 0xF6, 0xB2,
    0xBE, 0xE9, 0xC4, 0x59, 0x05, 0xF0, 0xE7, 0x50, 0x48, 0x07, 0x6D, 0x07, 0xAD, 0x41, 0xAB, 0xE3,
    0xD6, 0xAD, 0x73, 0xAD, 0xAB, 0x75, 0xF4, 0x52, 0x59, 0xDF, 0xE8, 0x0F, 0x71, 0xE3, 0x74, 0xE7,
    0x7E, 0xFD, 0x28, 0x2C, 0x9E, 0xC6, 0x9F, 0x75, 0xEA, 0x93, 0x4A, 0xE9, 0x24, 0x2D, 0x31, 0xC5,
    0x9B, 0xAA, 0x3C, 0x53, 0xBA, 0x8E, 0x74, 0xE1, 0x2F, 0x6D, 0x9E, 0xF6, 0x5A, 0x7E, 0x4C, 0x3C,
    0xB8, 0x6A, 0x43, 0x44, 0x0C, 0x25, 0x78, 0x45, 0xAF, 0x87, 0x3F, 0x8C, 0x83, 0xD2, 0x99, 0xB3,
    0xDF, 0x5B, 0x1A, 0x1D, 0x80, 0xBA, 0x51, 0xFC, 0xFF, 0x0D, 0x93, 0x75, 0xE0, 0x0D, 0x00, 0xE9,
    0xFA, 0x6C, 0xD7, 0x3B, 0xDD, 0x68, 0xDA, 0x0B, 0xBE, 0x29, 0x10, 0x1E, 0x0A, 0x58, 0x34, 0x91,
    0x87, 0x17, 0x35, 0x0C, 0xE0, 0xA1, 0x7A, 0x39, 0x17, 0x00, 0x44, 0x64, 0x7E, 0x2A, 0x80, 0x28,
    0xC0, 0x68, 0x2E, 0x03, 0x4A, 0xC2, 0x14, 0xE0, 0xC4, 0xEF, 0x5A, 0x80, 0x54, 0x2C, 0x54, 0xAF,
    0xB0, 0x91, 0x3C, 0x8E, 0x21, 0x72, 0x74, 0xBA, 0x3F, 0x61, 0x9E, 0x20, 0x03, 0xE5, 0xD7, 0x4C,
    0x59, 0x32, 0x60, 0x37, 0xE0, 0x0D, 0x7A, 0x03, 0xDF, 0xE0, 0x37, 0x04, 0x0C, 0x7A, 0x2B, 0x30,
    0x19, 0x49, 0x18, 0x16, 0x86, 0x86, 0xE1, 0x41, 0xD1, 0x50, 0xD4, 0x42, 0x2A, 0x32, 0x70, 0x39,
    0xEC, 0x23, 0x50, 0x43, 0x55, 0xD3, 0x6D, 0x45, 0xEE, 0x21, 0x75, 0xDF, 0x71, 0xB3, 0x8D, 0x09,
    0x31, 0xA6, 0x3D, 0xA2, 0x7B, 0xC1, 0xAF, 0x82, 0xBC, 0x30, 0x64, 0xC8, 0xC5, 0x52, 0x19, 0xC3,
    0x08, 0xD4, 0x98, 0x0F, 0xED, 0x78, 0x0D, 0x96, 0xF1, 0x5F, 0xB9, 0x76, 0x47, 0xC0, 0x3D, 0xD8,
    0xD0, 0x88, 0x6C, 0x70, 0x6C, 0x1F, 0xDF, 0xF2, 0xAF, 0xB7, 0x6A, 0x92, 0x79, 0xBF, 0xF3, 0x32,
    0x9B, 0x31, 0x38, 0x7E, 0x73, 0x17, 0xD7, 0xD4, 0xA0, 0x98, 0x8C, 0x42, 0xD1, 0xB1, 0xEB, 0xC2,
    0xF7, 0x9B, 0x9E, 0xEC, 0xDA, 0x44, 0x67, 0x58, 0xBA, 0x3B, 0xE3, 0xAE, 0x93, 0xAA, 0xC2, 0x3A,
    0x29, 0xE5, 0x80, 0xFA, 0x6C, 0x7A, 0xEA, 0x34, 0xD5, 0x21, 0x12, 0xCF, 0x9E, 0x2D, 0xE7, 0x37,
    0xE2, 0x11, 0xFD, 0x12, 0x77, 0x83, 0xCA, 0x75, 0x6F, 0x54, 0xDC, 0x2F, 0x47, 0x47, 0x9A, 0xC3,
    0x60, 0x87, 0xBD, 0x63, 0xFC, 0x79, 0x82, 0xB1, 0x76, 0x2E, 0xB5, 0xE6, 0x4D, 0xED, 0xE1, 0xB5,
    0x7D, 0x33, 0xA1, 0x14, 0x43, 0xA2, 0xD0, 0xF1, 0xF1, 0xF3, 0xCC, 0x54, 0x3D, 0xE2, 0xEA, 0xCE,
    0xD5, 0xFF, 0x06, 0x17, 0xC2, 0x48, 0x33, 0xC9, 0x13, 0x66, 0x01, 0xF3, 0x41, 0x6A, 0x42, 0xC5,
    0x82, 0x54, 0xE5, 0x0D, 0x9F, 0x78, 0x05, 0xF7, 0x49, 0xDC, 0xB9, 0xD7, 0xE2, 0xC7, 0xA1, 0x2C,
    0x30, 0xFC, 0x71, 0x5C, 0xEB, 0x2A, 0x2E, 0xE3, 0x42, 0xF1, 0x9D, 0xA5, 0x49, 0x2E, 0xF9, 0x2D,
    0x7D, 0xAA, 0xCB, 0x34, 0xD9, 0x60, 0x68, 0xE6, 0xB0, 0x82, 0x95, 0x20, 0x3E, 0x48, 0x7E, 0x0E,
    0x94, 0xE6, 0x75, 0x6E, 0x9F, 0x0D, 0x77, 0x76, 0x39, 0x53, 0x15, 0x17, 0xF1, 0xC5, 0x4C, 0x6F,
    0xEA, 0x33, 0xCE, 0xC4, 0x00, 0xA3, 0xF1, 0x86, 0x1F, 0xFB, 0xDC, 0x0E, 0xAB, 0x07, 0x54, 0x97,
    0x60, 0xE0, 0x06, 0xBD, 0xC8, 0xCC, 0xB9, 0x44, 0x15, 0xE6, 0x07, 0x14, 0x2B, 0x52, 0xA4, 0xDB,
    0x04, 0x98, 0xB4, 0x58, 0x01, 0x38, 0x2A, 0x03, 0x0E, 0x55, 0x04, 0x0D, 0xD6, 0x24, 0x92, 0xAE,
    0x5F, 0x73, 0xE0, 0xBC, 0xF9, 0xD5, 0x92, 0x35, 0xA5, 0x38, 0xFB, 0xE5, 0x9E, 0xE9, 0x6B, 0x51,
    0x33, 0xE6, 0xB8, 0x54, 0x25, 0x61, 0xA9, 0x0A, 0xAB, 0x05, 0xA0, 0x03, 0x3E, 0x20, 0x24, 0x46,
    0x85, 0xA4, 0xAB, 0x3E, 0xEA, 0x24, 0x7A, 0x5E, 0xC1, 0x75, 0xEC, 0x56, 0xC5, 0x7A, 0xE9, 0xDA,
    0x2C, 0xF2, 0x96, 0x19, 0xAD, 0x18, 0x44, 0x1F, 0xAC, 0xD7, 0xFB, 0x9A, 0x29, 0x38, 0xB9, 0x73,
    0xEB, 0x1A, 0x9D, 0xAD, 0x49, 0x17, 0x70, 0x17, 0xBB, 0x85, 0xD9, 0x8C, 0x96, 0xBF, 0xCE, 0x30,
    0xF4, 0xE8, 0xFC, 0x9C, 0xE1, 0xAC, 0xB4, 0xE1, 0xEC, 0xCA, 0x10, 0xCE, 0xA6, 0x32, 0x10, 0x19,
    0x74, 0xE2, 0xBC, 0x68, 0xCD, 0x89, 0x4C, 0x84, 0x25, 0x74, 0x88, 0x28, 0x78, 0xEA, 0x25, 0x1B,
    0x13, 0x62, 0x86, 0x91, 0x73, 0xB1, 0x39, 0x46, 0xAE, 0xE6, 0xD9, 0xF6, 0x08, 0x51, 0x95, 0x41,
    0x65, 0x4F, 0x5F, 0xFE, 0x09, 0x0B, 0x8D, 0x41, 0xC8, 0xBE, 0xF6, 0xC5, 0xC6, 0x1D, 0x93, 0x7F,
    0x62, 0xD6, 0xB3, 0xF9, 0xDF, 0xB7, 0x6A, 0x2B, 0x2A, 0xB2, 0xB1, 0x7B, 0xA2, 0x99, 0x39, 0x85,
    0xF1, 0x97, 0xF5, 0x78, 0x14, 0x99, 0x7B, 0x00, 0x1D, 0xA3, 0x07, 0x41, 0x3D, 0x2C, 0x5C, 0xEE,
    0x49, 0x3C, 0x66, 0xD7, 0x30, 0xA9, 0x65, 0x48, 0x41, 0x32, 0x61, 0xBC, 0x08, 0xAB, 0xBE, 0x16,
    0xBF, 0x83, 0x5E, 0x86, 0x61, 0x9E, 0x5A, 0xF0, 0xD0, 0x62, 0x86, 0x65, 0x7D, 0xEC, 0x5E, 0x62,
    0x9D, 0x19, 0x3A, 0x48, 0x4B, 0xDB, 0xB4, 0xD8, 0x2B, 0xC2, 0xDF, 0x3A, 0xDB, 0x22, 0xDD, 0xDC,
    0xC3, 0x05, 0x67, 0x3E, 0xFE, 0x72, 0x44, 0x46, 0x0D, 0x8D, 0x46, 0x86, 0x35, 0x79, 0x7D, 0x8B,
    0xAF, 0x2B, 0x6E, 0xD4, 0xE7, 0xAE, 0xC9, 0x5D, 0x48, 0x74, 0xFA, 0x93, 0x0C, 0x7C, 0x97, 0xE3,
    0xF2, 0x5D, 0x67, 0xE6, 0xF7, 0x51, 0xB6, 0x02, 0x4C, 0x8B, 0x56, 0x21, 0x3E, 0x26, 0x0F, 0x25,
    0xFE, 0xB1, 0x02, 0xAD, 0xE4, 0x77, 0xD1, 0x8A, 0x6C, 0x70, 0xCF, 0x80, 0x0D, 0xE8, 0x9D, 0x8E,
    0x14, 0xAE, 0x4C, 0x4A, 0x61, 0xD1, 0x1F, 0x51, 0x63, 0x63, 0x79, 0x53, 0x14, 0x86, 0x0D, 0x39,
    0x74, 0xC6, 0xDE, 0xCD, 0x28, 0x0C, 0x09, 0x8A, 0x11, 0xE3, 0x19, 0x8B, 0x0A, 0x8A, 0xF0, 0xFE,
    0x94, 0x14, 0x2E, 0x12, 0x14, 0x22, 0xF1, 0x5D, 0x58, 0x60, 0x81, 0xF8, 0x5E, 0x5D, 0x82, 0x42,
    0x1F, 0x1B, 0x6E, 0xA3, 0x02, 0xD2, 0x3F, 0xB1, 0xD2, 0xFD, 0xA1, 0xC6, 0x96, 0xED, 0xAB, 0x49,
    0x1D, 0x89, 0x9E, 0xFB, 0x15, 0x77, 0x70, 0xDF, 0x49, 0x8A, 0x80, 0x74, 0xBA, 0xEC, 0xAC, 0x6D,
    0x36, 0xA6, 0xC0, 0xB8, 0xED, 0xD5, 0x83, 0x70, 0xA7, 0x46, 0xFF, 0xDB, 0xCB, 0xDE, 0xE4, 0xC6,
    0xCE, 0xB6, 0xCB, 0x59, 0xE4, 0xA5, 0xE5, 0xAE, 0xF4, 0x67, 0x28, 0xF2, 0x56, 0x47, 0x79, 0x16,
    0xB4, 0x72, 0x5B, 0xC2, 0x06, 0x89, 0x1D, 0x4C, 0x8C, 0x38, 0xE0, 0xF1, 0xCA, 0x89, 0xC4, 0x15,
    0x6A, 0xD7, 0xB8, 0x94, 0x53, 0x56, 0x96, 0x35, 0x05, 0xEA, 0xE0, 0xC2, 0x41, 0xB4, 0x2D, 0xA0,
    0x09, 0x55, 0x62, 0x2F, 0x15, 0x37, 0x11, 0xB7, 0x00, 0x3C, 0xE2, 0xD7, 0xEB, 0x53, 0x59, 0xF3,
    0xAC, 0x49, 0xAF, 0x85, 0x7D, 0x06, 0x24, 0x41, 0xBD, 0x5B, 0xE8, 0x5A, 0x65, 0x7F, 0xAE, 0xD2,
    0x24, 0x2A, 0x73, 0xF8, 0xB8, 0xC6, 0x48, 0x68, 0xD9, 0x4A, 0xD2, 0xA3, 0x4E, 0x72, 0xA4, 0x29,
    0xED, 0x75, 0xEF, 0x69, 0xAD, 0x0B, 0xFD, 0x83, 0x4E, 0x54, 0x66, 0x6B, 0xEB, 0x45, 0xBF, 0x79,
    0x32, 0x59, 0xCC, 0xA8, 0xEB, 0xFA, 0xFA, 0x28, 0x33, 0x32, 0x4F, 0x4E, 0x7E, 0x79, 0x64, 0x33,
    0x0D, 0x2F, 0x6E, 0xD2, 0xB8, 0x43, 0x35, 0x47, 0x51, 0x0B, 0xAB, 0xCD, 0xEA, 0x12, 0xB4, 0x1C,
    0x12, 0xF1, 0x5B, 0xE8, 0x26, 0xAE, 0x17, 0x34, 0x39, 0xC4, 0x31, 0xB0, 0xE1, 0xF5, 0x18, 0x14,
    0x56, 0x28, 0xD3, 0x8F, 0xCE, 0xE5, 0x15, 0x14, 0x1E, 0x92, 0xC2, 0xE9, 0xEF, 0x35, 0x0D, 0x1D,
    0x4C, 0xD9, 0xC3, 0xC9, 0x0E, 0xB5, 0x49, 0xA3, 0xC4, 0x2D, 0xD9, 0xF9, 0x2E, 0x72, 0xF4, 0x93,
    0xDD, 0x1A, 0xC0, 0xAB, 0x34, 0x03, 0x85, 0x24, 0x2E, 0xF2, 0x35, 0x05, 0x75, 0xB4, 0x34, 0x14,
    0x72, 0x43, 0x61, 0x59, 0xEA, 0xFF, 0x81, 0xC2, 0x47, 0x4B, 0x5B, 0x34, 0x43, 0xFF, 0x33, 0x09,
    0x5B, 0xA8, 0xC4, 0x59, 0x52, 0x2F, 0xAF, 0x4D, 0x4A, 0xA1, 0xB1, 0xBB, 0xE8, 0xA5, 0x39, 0x92,
    0xD8, 0x47, 0xB8, 0x57, 0x12, 0x80, 0x97, 0xB3, 0x21, 0x85, 0xC1, 0x91, 0x66, 0x24, 0xB2, 0xA0,
    0x23, 0x2D, 0xE8, 0x48, 0x53, 0x52, 0xF8, 0xB5, 0x23, 0xF5, 0x56, 0xF0, 0xAA, 0xCD, 0xAD, 0x30,
    0x9C, 0x8D, 0xF1, 0xC9, 0x56, 0xB7, 0xE0, 0xE9, 0x18, 0x44, 0x50, 0x4D, 0xEA, 0x48, 0xD4, 0xD9,
    0xB3, 0xCC, 0x6C, 0x89, 0x73, 0xBD, 0x2F, 0xDF, 0x74, 0xCA, 0x7A, 0xD7, 0xC6, 0x14, 0x66, 0x76,
    0x99, 0x5B, 0x31, 0x35, 0xFA, 0x57, 0x44, 0xA8, 0x7D, 0xBB, 0x40, 0x2E, 0x67, 0x8D, 0x97, 0xA3,
    0x95, 0x79, 0x06, 0xC9, 0xA3, 0xEC, 0xB2, 0xB7, 0xBC, 0xAD, 0x20, 0xB5, 0x0E, 0x97, 0xF9, 0x2A,
    0x68, 0x51, 0xA8, 0x14, 0x61, 0xE3, 0x27, 0x41, 0x7B, 0x1D, 0xF1, 0xF9, 0x36, 0xDA, 0x1D, 0x71,
    0x57, 0x75, 0x5F, 0x47, 0xB3, 0xC6, 0xD4, 0x17, 0x47, 0xC6, 0x3C, 0xC2, 0xE6, 0xA3, 0x8D, 0x5D,
    0x4D, 0xED, 0x97, 0xFD, 0xEE, 0x85, 0x4F, 0x73, 0x58, 0x7D, 0x9B, 0x34, 0xC5, 0x09, 0x0F, 0x7A,
    0x1C, 0x8F, 0x64, 0xE6, 0x68, 0x14, 0x71, 0x3A, 0x59, 0x3A, 0xE9, 0x7D, 0x64, 0x9E, 0xBF, 0x35,
    0x68, 0x50, 0xD2, 0xF3, 0x52, 0xE2, 0xCF, 0x0B, 0x89, 0xBF, 0x80, 0x19, 0xBF, 0xC6, 0xFD, 0x2C,
    0x2B, 0x1B, 0x3B, 0x4E, 0x61, 0x9E, 0x13, 0xCD, 0xDE, 0xC5, 0x74, 0x67, 0x68, 0x55, 0x9F, 0x8C,
    0x46, 0xC1, 0x6A, 0x0B, 0x4C, 0xE3, 0xFC, 0xB5, 0x8D, 0x9E, 0x1B, 0x63, 0xFC, 0x10, 0x18, 0x35,
    0x30, 0xA2, 0x55, 0xB3, 0x3E, 0x61, 0xCA, 0x2D, 0x1B, 0xDB, 0xA8, 0xEC, 0xD0, 0x1A, 0x79, 0x67,
    0x24, 0xEC, 0xEF, 0x0C, 0x75, 0x6A, 0xD1, 0xA7, 0x1B, 0x82, 0x88, 0x46, 0xD7, 0x73, 0xBF, 0xB1,
    0x68, 0x4E, 0xCD, 0x93, 0x15, 0x1E, 0x48, 0x1F, 0xF4, 0xBD, 0x63, 0xE9, 0x1F, 0x35, 0xF6, 0x0D,
    0x9E, 0x43, 0x21, 0x56, 0x34, 0xE2, 0x07, 0x17, 0x8F, 0x51, 0x47, 0xE4, 0xF0, 0x33, 0x55, 0x53,
    0xB1, 0x6E, 0x14, 0x31, 0x10, 0x7D, 0xBB, 0x96, 0x62, 0xA2, 0x15, 0x0C, 0x25, 0x55, 0x36, 0x3F,
    0x10, 0xB9, 0xA5, 0xB8, 0xC4, 0x96, 0x28, 0x28, 0x68, 0xF2, 0x07, 0xF0, 0x19, 0x08, 0xDD, 0xE5,
    0x2C, 0xA5, 0xA0, 0xA0, 0xC8, 0x1F, 0xC0, 0x17, 0x20, 0x28, 0x52, 0x50, 0x6C, 0x72, 0x26, 0x57,
    0x50, 0xC6, 0xE2, 0x07, 0xD8, 0x8E, 0x22, 0x8D, 0x11, 0x87, 0xE4, 0x62, 0xF7, 0xCC, 0xD8, 0x77,
    0x49, 0xC0, 0xBB, 0x33, 0x23, 0xCF, 0x4A, 0x33, 0x6F, 0xDE, 0x9B, 0xD5, 0xA3, 0x1E, 0x53, 0x39,
    0x3A, 0x25, 0xB3, 0xB5, 0x72, 0xF9, 0xD7, 0xC1, 0x4A, 0x4F, 0x98, 0x40, 0x1B, 0xED, 0xB4, 0xD5,
    0x20, 0xA7, 0x9C, 0x76, 0xAD, 0x13, 0x8E, 0x30, 0xC3, 0xFE, 0xDD, 0x5D, 0x5A, 0xC2, 0x94, 0xEF,
    0xB0, 0x4F, 0xA4, 0xFF, 0x42, 0xB5, 0x9F, 0x48, 0xAB, 0x5F, 0x04, 0x7D, 0x1D, 0xF4, 0x59, 0xD0,
    0x5C, 0xE3, 0x6A, 0xA5, 0x96, 0x83, 0xFE, 0x16, 0xDB, 0x65, 0x14, 0x2E, 0x50, 0xD5, 0xCF, 0xC8,
    0xEE, 0xEF, 0xA2, 0xE4, 0xE3, 0x26, 0x2F, 0x6D, 0xA0, 0xBA, 0x9F, 0x96, 0x3C, 0xC8, 0xA2, 0x75,
    0x50, 0xEC, 0xA1, 0xDE, 0x5F, 0x32, 0x16, 0xFD, 0x71, 0x64, 0x1C, 0xDC, 0x04, 0xC3, 0xFD, 0x5B,
    0x45, 0x54, 0xA1, 0xBC, 0x3D, 0x6A, 0x8F, 0xDA, 0xA1, 0xB6, 0xA8, 0x00, 0x88, 0x1E, 0x90, 0x01,
    0x68, 0x72, 0x74, 0x68, 0x7E, 0x7E, 0xB2, 0x94, 0x92, 0xA3, 0x9B, 0xB9, 0x01, 0xF1, 0x77, 0x65,
    0xC0, 0x33, 0x6D, 0x8D, 0xEF, 0x47, 0x1C, 0xB8, 0xC1, 0x82, 0x27, 0x9E, 0xBF, 0xE1, 0xD2, 0xAF,
    0x51, 0x3A, 0x64, 0xAB, 0x72, 0xE4, 0x52, 0xE4, 0xF5, 0x6A, 0x11, 0x13, 0x3F, 0xF3, 0xA0, 0x5C,
    0x6B, 0x95, 0x99, 0xBB, 0x85, 0xCB, 0xA6, 0x8C, 0x46, 0x6B, 0x4F, 0xAA, 0x41, 0xBB, 0x24, 0xC6,
    0x79, 0x76, 0xCA, 0x5C, 0xD4, 0xB1, 0x1E, 0x51, 0x0E, 0x9D, 0x6D, 0xA2, 0x22, 0xC3, 0x08, 0xB9,
    0x19, 0xD9, 0xC6, 0x72, 0x64, 0x0A, 0x32, 0x16, 0x74, 0xAD, 0x99, 0xE4, 0x38, 0x28, 0xFC, 0x19,
    0x31, 0xB7, 0x83, 0xAE, 0x6F, 0xAE, 0xAB, 0xDF, 0xBE, 0x3B, 0x94, 0x3F, 0xE8, 0xF4, 0x7B, 0x98,
    0x46, 0xD2, 0xF4, 0xEE, 0x2A, 0xB4, 0xFD, 0xE4, 0x90, 0xCE, 0x4E, 0x19, 0xCB, 0x79, 0x57, 0x62,
    0xD5, 0x77, 0xED, 0xCB, 0x67, 0x3D, 0x84, 0xEB, 0x54, 0xFB, 0xDC, 0xF3, 0x64, 0xDD, 0x11, 0x91,
    0xC3, 0x01, 0x26, 0x1D, 0x7D, 0xC8, 0x53, 0x50, 0x2F, 0x86, 0x82, 0xBE, 0x1C, 0xB3, 0xC5, 0xE3,
    0x8A, 0x6C, 0x2C, 0xE7, 0x0C, 0x1D, 0x7F, 0x3C, 0x06, 0x7D, 0x8D, 0xB4, 0x8C, 0x6A, 0xB9, 0xD2,
    0x6F, 0x83, 0x6E, 0xFC, 0x8C, 0x5C, 0x47, 0x26, 0xEC, 0xE1, 0xF8, 0x01, 0xB0, 0x8B, 0xC3, 0x6A,
    0xD5, 0x78, 0x6D, 0x2E, 0xB0, 0x66, 0xBE, 0x1A, 0x57, 0x07, 0x7C, 0xCE, 0x65, 0xF6, 0x58, 0x24,
    0xD1, 0x33, 0x3D, 0x97, 0xE0, 0xD9, 0x65, 0xDF, 0x9A, 0x29, 0x5E, 0x01, 0x17, 0xD5, 0x50, 0x33,
    0x03, 0x22, 0xC9, 0x51, 0xAC, 0x9B, 0x41, 0x0C, 0x4D, 0x14, 0xB1, 0x09, 0x22, 0x14, 0xF3, 0xC2,
    0x37, 0xBC, 0x3D, 0x8D, 0x11, 0xA6, 0x29, 0x4A, 0x15, 0x62, 0x98, 0x40, 0xED, 0x16, 0x4C, 0x68,
    0x32, 0x0A, 0x27, 0xDB, 0x2C, 0x58, 0x3B, 0xE1, 0x59, 0x43, 0xE6, 0x2A, 0xF3, 0x34, 0xD9, 0xE8,
    0x50, 0x6F, 0x24, 0xBD, 0x4B, 0x9D, 0x23, 0xAB, 0xCF, 0x1C, 0x6C, 0x52, 0x07, 0x6C, 0x4F, 0xD9,
    0x1E, 0xE7, 0x0A, 0x8B, 0xBE, 0x4A, 0x5E, 0xC4, 0x4E, 0xFE, 0x8A, 0x32, 0x1C, 0x51, 0xDF, 0x09,
    0x3F, 0x97, 0x76, 0x40, 0xBD, 0x06, 0xF3, 0xD2, 0x0E, 0x50, 0x11, 0x69, 0x55, 0xA5, 0x20, 0x92,
    0x93, 0xC9, 0xC8, 0x11, 0x14, 0xD1, 0xF8, 0xBC, 0x7D, 0x0D, 0xF0, 0x08, 0xD8, 0x01, 0x1E, 0xDE,
    0xC2, 0x69, 0x4D, 0x59, 0x13, 0x87, 0xC5, 0xAD, 0x57, 0x65, 0x71, 0x72, 0x97, 0x81, 0x9B, 0x88,
    0x91, 0x7B, 0xF0, 0xC0, 0x7E, 0xDE, 0xE4, 0x0E, 0x4D, 0xE4, 0x06, 0x14, 0xB8, 0x3E, 0x8B, 0xC0,
    0xAB, 0xE7, 0x72, 0x75, 0x97, 0x8B, 0xF3, 0xE4, 0x0C, 0x75, 0x07, 0xFF, 0x15, 0xE6, 0x8A, 0xFC,
    0x0B, 0xB2, 0xCB, 0x55, 0x4F, 0x32, 0x8D, 0xC9, 0xD7, 0x49, 0x86, 0x28, 0x12, 0xF5, 0x53, 0xB1,
    0x96, 0x6E, 0x64, 0xC8, 0x82, 0x1B, 0x41, 0x0D, 0x22, 0x64, 0xCC, 0x41, 0x26, 0x2B, 0x3C, 0x23,
    0xE6, 0xBF, 0xD1, 0x42, 0x18, 0x1E, 0xBF, 0x62, 0xB9, 0xEE, 0x39, 0x2D, 0xA4, 0x82, 0x57, 0x34,
    0x43, 0x65, 0xA4, 0x7F, 0x01, 0x55, 0x92, 0x3D, 0x76, 0xD4, 0x30, 0x14, 0x85, 0xBF, 0xB1, 0x73,
    0xE2, 0x73, 0x22, 0x4E, 0x94, 0x82, 0x96, 0xA3, 0x15, 0x80, 0x5A, 0x0A, 0x8F, 0xA4, 0x1D, 0x84,
    0x1D, 0xD0, 0xD0, 0xD3, 0x52, 0x78, 0x62, 0xF5, 0x14, 0xEC, 0x00, 0x1A, 0x16, 0xE1, 0x62, 0x92,
    0x51, 0x4F, 0xC1, 0x2C, 0xC1, 0x3B, 0x88, 0x8B, 0x29, 0x5C, 0x68, 0xC6, 0x3C, 0x39, 0x69, 0xF0,
    0xBB, 0xD5, 0xD3, 0xFB, 0xB9, 0xF7, 0x3E, 0x57, 0x19, 0xFD, 0x19, 0xAF, 0xD9, 0xE9, 0xB0, 0x37,
    0x21, 0x5B, 0xB2, 0x67, 0x76, 0xCC, 0x1D, 0xFB, 0x19, 0x7B, 0xA4, 0x89, 0x2A, 0x35, 0x11, 0x2A,
    0x0E, 0x58, 0x1C, 0x5B, 0x3A, 0x9E, 0xE2, 0x03, 0x5C, 0x47, 0x4C, 0xA2, 0x8F, 0x3C, 0x87, 0xFA,
    0x17, 0xB7, 0x96, 0xD6, 0xE3, 0x97, 0x24, 0x05, 0x52, 0xC1, 0x1E, 0xB5, 0x04, 0xBD, 0xF0, 0x86,
    0x02, 0x3B, 0x73, 0xF5, 0xC8, 0x9D, 0xE3, 0xF4, 0xC0, 0x90, 0xB1, 0xA3, 0xB4, 0x07, 0x0E, 0xA1,
    0x99, 0xD0, 0x09, 0x0F, 0xFD, 0x99, 0xBD, 0x47, 0xB6, 0xEF, 0x2D, 0x5B, 0x87, 0x39, 0x61, 0x97,
    0xE4, 0x97, 0x88, 0x86, 0xF7, 0x30, 0xB0, 0x99, 0xA8, 0x8F, 0xAF, 0xC5, 0x8F, 0xC2, 0xE6, 0x8C,
    0xBE, 0xC7, 0xA8, 0x60, 0xFE, 0xA2, 0x33, 0x4D, 0xC6, 0x5C, 0x68, 0x7B, 0x06, 0x4F, 0xB7, 0x2D,
    0xED, 0x25, 0x23, 0x74, 0x4D, 0xE8, 0x56, 0x38, 0x8B, 0x59, 0x0A, 0xAB, 0x6A, 0xC2, 0x46, 0xBE,
    0x00, 0x77, 0x9B, 0x49, 0x25, 0xB3, 0xEA, 0x19, 0x98, 0x39, 0x49, 0x0C, 0xB4, 0x12, 0xB7, 0x94,
    0xAF, 0x09, 0x75, 0xAA, 0x46, 0x59, 0xBB, 0xC6, 0x66, 0xAA, 0xC7, 0x3A, 0xE9, 0x68, 0xA5, 0xE6,
    0x53, 0x79, 0xB6, 0x36, 0xF4, 0x4B, 0xF4, 0x3A, 0x38, 0x19, 0x61, 0xE9, 0x9C, 0xF0, 0x4F, 0x62,
    0x1D, 0x17, 0x9A, 0x3F, 0x51, 0x7F, 0x4F, 0x56, 0x25, 0xAF, 0x92, 0xD3, 0x05, 0x5B, 0x13, 0xA4,
    0xC6, 0xED, 0x50, 0x93, 0xB4, 0x5E, 0x67, 0x35, 0x57, 0xA7, 0x7A, 0x2A, 0xD1, 0x8C, 0xEA, 0xA8,
    0xD3, 0x21, 0x57, 0x17, 0xD4, 0x7D, 0xD4, 0xBA, 0xA0, 0x48, 0x9C, 0x57, 0xB5, 0x88, 0xA1, 0xF4,
    0x0B, 0xD5, 0x82, 0xFA, 0x91, 0x6E, 0x44, 0xBD, 0xA5, 0xCA, 0x92, 0xE5, 0xAD, 0x0D, 0xAD, 0xA0,
    0x47, 0xCF, 0xAB, 0x95, 0xA2, 0xE9, 0x10, 0x36, 0xCF, 0x34, 0x5F, 0x79, 0xE7, 0xF9, 0xE8, 0xA4,
    0x2B, 0x89, 0xDA, 0x82, 0x4C, 0xBD, 0xA4, 0x02, 0xB8, 0x01, 0x7D, 0xE6, 0x4A, 0xE6, 0xFF, 0xD7,
    0x5E, 0x48, 0xAB, 0x11, 0xB3, 0x6E, 0x3E, 0x64, 0x72, 0x5F, 0x7E, 0x02, 0x41, 0xB7, 0xC3, 0x4E,
    0xC2, 0x21, 0xFA, 0x25, 0x14, 0x36, 0x2D, 0x62, 0x92, 0x38, 0xD8, 0x24, 0x5E, 0x68, 0x0A, 0x17,
    0x31, 0x5A, 0x6B, 0xAC, 0xE0, 0x27, 0x66, 0x46, 0xCD, 0x98, 0x33, 0xDF, 0x9E, 0x38, 0x39, 0x86,
    0xAE, 0xB4, 0x4B, 0xC6, 0x3A, 0xBA, 0xF5, 0xB4, 0x82, 0x9D, 0xC7, 0x5E, 0x56, 0x56, 0x72, 0x89,
    0xC0, 0xEF, 0x72, 0x09, 0x86, 0x7A, 0x54, 0x51, 0x46, 0xC8, 0x35, 0xDA, 0x35, 0xB6, 0x7C, 0x90,
    0x85, 0x4D, 0x28, 0x56, 0x2B, 0xEA, 0xF4, 0x72, 0x8B, 0xCD, 0x54, 0x4D, 0xD5, 0x58, 0x1F, 0x9B,
    0x24, 0xBE, 0x0B, 0x95, 0xC0, 0x3F, 0x4D, 0x54, 0x41, 0x8B, 0x14, 0x47, 0x18, 0x7D, 0xDD, 0x05,
    0x36, 0x58, 0x98, 0xF2, 0xE0, 0x29, 0x68, 0xDA, 0x7B, 0x36, 0xD4, 0x25, 0x82, 0xE0, 0x26, 0xD5,
    0x28, 0x24, 0x10, 0x0F, 0xFE, 0x0D, 0x2F, 0x21, 0x87, 0x5C, 0x82, 0x07, 0xBB, 0xD0, 0x63, 0x04,
    0xFD, 0x01, 0x09, 0xC9, 0x31, 0xC9, 0x69, 0x21, 0x17, 0x2F, 0xDA, 0x05, 0x0B, 0xC9, 0x61, 0x62,
    0xB6, 0x75, 0x7F, 0xC0, 0x76, 0xD6, 0x80, 0x87, 0x40, 0x2C, 0x33, 0x03, 0xE9, 0x68, 0x4D, 0x97,
    0xEF, 0xEB, 0x99, 0xA0, 0x0D, 0x6F, 0x86, 0xA9, 0xFE, 0xEA, 0xD5, 0xFB, 0x5E, 0xBD, 0x6F, 0x80,
    0x05, 0x50, 0x3C, 0x02, 0xAA, 0x04, 0x74, 0x16, 0x65, 0x76, 0x5E, 0xFF, 0xED, 0xBC, 0xF9, 0xAD,
    0x0B, 0xEE, 0x9B, 0xBF, 0x1A, 0x77, 0xBD, 0x47, 0x7B, 0x21, 0xA0, 0xFB, 0x92, 0xF8, 0xB9, 0x41,
    0x7E, 0x06, 0x64, 0x6E, 0xE9, 0x1E, 0x9D, 0x46, 0x7B, 0x27, 0xC1, 0x7D, 0x3E, 0xA2, 0x7E, 0x19,
    0xA1, 0xB3, 0xC7, 0xA9, 0x3D, 0xE0, 0xEC, 0x00, 0x9C, 0xF1, 0x00, 0xEC, 0xC8, 0xC2, 0x1A, 0x2A,
    0xD5, 0xBE, 0x1A, 0xEB, 0xA0, 0x47, 0x13, 0xAA, 0xF1, 0x24, 0x14, 0x97, 0xEB, 0xCC, 0x0F, 0x1E,
    0x27, 0x70, 0x39, 0x42, 0x45, 0x40, 0x07, 0x6E, 0xE1, 0x52, 0x97, 0xD7, 0xC8, 0x39, 0xCD, 0x50,
    0x79, 0x91, 0xCB, 0xFC, 0xCB, 0x7F, 0xE8, 0xC2, 0x80, 0xE7, 0xC4, 0x51, 0xDF, 0xE3, 0xE0, 0x71,
    0x30, 0x39, 0x8F, 0xE5, 0xE2, 0xA9, 0x2F, 0x17, 0x4B, 0xEF, 0x72, 0x8E, 0xEA, 0xD3, 0x25, 0x2A,
    0xF5, 0x2F, 0xB4, 0x7A, 0x49, 0x4C, 0xF8, 0xE2, 0x0A, 0x39, 0x8E, 0x13, 0x7B, 0xA1, 0x28, 0xB7,
    0x88, 0x70, 0xFB, 0x2B, 0xB4, 0xB7, 0x47, 0xEE, 0xCB, 0xC8, 0x6A, 0x85, 0x5C, 0x45, 0x64, 0xD3,
    0x17, 0x93, 0x6B, 0x4A, 0x6A, 0x51, 0xD4, 0xF1, 0x3F, 0x2A, 0x4A, 0xB3, 0x93, 0xE8, 0x00, 0xDE,
    0xFD, 0x01, 0x3F, 0xDA, 0xB1, 0x58, 0xEB, 0xE1, 0xFB, 0x3D, 0xFD, 0x38, 0x0E, 0xFA, 0x49, 0xEC,
    0xF5, 0xE1, 0x8B, 0x60, 0x0E, 0xFF, 0xF1, 0x66, 0xB1, 0x6C, 0xDA, 0x9C, 0x7B, 0x73, 0x34, 0xC1,
    0xBC, 0x4A, 0x30, 0x4B, 0xC1, 0x0A, 0xE6, 0x30, 0xC2, 0xEC, 0x0F, 0x30, 0xB7, 0x7B, 0x18, 0xC5,
    0xA6, 0x70, 0x82, 0x8E, 0xB4, 0x3D, 0x60, 0x02, 0x2C, 0x9B, 0x82, 0xF1, 0x33, 0xAA, 0xDC, 0x60,
    0xC7, 0x01, 0x7B, 0x0E, 0x45, 0x74, 0x50, 0xC3, 0x4D, 0x54, 0xC3, 0x03, 0xE8, 0x21, 0x41, 0xBF,
    0x48, 0xA1, 0x9A, 0xB2, 0x57, 0xE3, 0x03, 0xC8, 0xE3, 0xA4, 0x0F, 0x9A, 0xC0, 0x97, 0x11, 0xD6,
    0x8F, 0x68, 0xE9, 0xDC, 0x1A, 0xA9, 0x48, 0x38, 0x5D, 0xE7, 0x09, 0xEC, 0x08, 0xEC, 0x88, 0x75,
    0x69, 0xFE, 0x16, 0xA8, 0xA8, 0x83, 0x5A, 0x99, 0x50, 0xD0, 0x7F, 0x3C, 0xA4, 0xB3, 0xF5, 0x28,
    0x3C, 0xC3, 0x47, 0x76, 0x7F, 0xD8, 0x75, 0xFB, 0xE1, 0x2B, 0x02, 0x8E, 0xB4, 0xED, 0x7D, 0x52,
    0x47, 0x9C, 0xC8, 0x72, 0x2F, 0xE7, 0x71, 0x86, 0xF7, 0x51, 0x52, 0x9A, 0xA5, 0xD2, 0x4B, 0x5B,
    0x4F, 0xDE, 0x9F, 0x1A, 0xFA, 0xE1, 0xC5, 0xCF, 0x86, 0xA7, 0x1C, 0xB0, 0x21, 0x71, 0x54, 0x8B,
    0x9D, 0xE8, 0xAE, 0xD0, 0xB1, 0x8E, 0xD7, 0x4A, 0x77, 0xE9, 0x5B, 0x36, 0x03, 0xE8, 0xAB, 0x14,
    0x8F, 0x9B, 0xDD, 0x6F, 0x7D, 0x88, 0xB9, 0xB3, 0xBB, 0xB3, 0xBD, 0x7C, 0x76, 0x89, 0x8B, 0x98,
    0xC3, 0x73, 0x53, 0x87, 0x72, 0xD4, 0xA1, 0x8A, 0x55, 0x30, 0x7D, 0xE5, 0x6B, 0x5A, 0xE7, 0x04,
    0x94, 0xE8, 0x3E, 0xF9, 0xC9, 0xBB, 0xAB, 0x39, 0xB4, 0x6C, 0xDC, 0xE1, 0x21, 0x31, 0xC1, 0x35,
    0x09, 0x75, 0xA0, 0xE7, 0x7F, 0xC8, 0x3D, 0x53, 0xD1, 0x7B, 0xA4, 0xDA, 0xD9, 0x52, 0x4A, 0xF6,
    0xC6, 0x8E, 0xBE, 0xB8, 0x46, 0x45, 0xE7, 0x4B, 0x2F, 0x2C, 0xB9, 0xB1, 0xA2, 0xD7, 0x66, 0x06,
    0x79, 0x40, 0xCB, 0x56, 0xA8, 0xB8, 0xB1, 0xE2, 0x5B, 0xB8, 0x48, 0xA4, 0x19, 0xE6, 0x98, 0x79,
    0x14, 0xBB, 0xC1, 0x17, 0x20, 0x6F, 0x45, 0x74, 0x6B, 0xAE, 0x1D, 0x41, 0x2F, 0x0F, 0x7C, 0x7D,
    0x78, 0xD7, 0xBB, 0x5F, 0x3F, 0x83, 0xFB, 0x9A, 0xCB, 0x9A, 0x30, 0x64, 0x7E, 0x67, 0x83, 0xE9,
    0x1C, 0x7F, 0xEF, 0x70, 0x2E, 0x76, 0xC9, 0x75, 0x83, 0x8E, 0xBC, 0x12, 0x2F, 0xC9, 0xB5, 0xB7,
    0xA5, 0xBB, 0x27, 0xAD, 0x8A, 0x2F, 0x6F, 0x9E, 0x9A, 0xF9, 0xB5, 0x3C, 0xF4, 0xE3, 0xFA, 0x38,
    0xEE, 0xDA, 0x27, 0x03, 0xEC, 0xDB, 0x8D, 0xCB, 0xB5, 0x63, 0x03, 0x4A, 0x3F, 0x99, 0xEF, 0xB1,
    0x7E, 0x10, 0x8E, 0x4D, 0x8D, 0x91, 0x58, 0x31, 0x6B, 0x9C, 0x19, 0x89, 0xD7, 0x5C, 0x4F, 0x77,
    0x1D, 0xCF, 0x2A, 0xB7, 0xF3, 0xC5, 0x9C, 0xCC, 0x7B, 0x67, 0x0E, 0x79, 0x61, 0x65, 0xFF, 0xC8,
    0xF8, 0xFD, 0xB9, 0xE5, 0x3D, 0x4B, 0xB0, 0x30, 0xF7, 0x28, 0x59, 0x6B, 0xD3, 0x87, 0xB8, 0x24,
    0x33, 0x99, 0x6F, 0xF1, 0xBA, 0x4C, 0x68, 0x99, 0xA1, 0x1C, 0x8D, 0xBF, 0x16, 0x0D, 0x4C, 0xFC,
    0x80, 0x7E, 0x33, 0xE3, 0xD2, 0xD3, 0x9B, 0xD9, 0x62, 0xB0, 0x6E, 0x25, 0xB4, 0x97, 0xD3, 0x1C,
    0x83, 0x79, 0xB6, 0x6C, 0x10, 0x4D, 0xC5, 0x7A, 0xA3, 0x43, 0x72, 0x39, 0xCF, 0x97, 0xCC, 0x16,
    0x7D, 0x77, 0x12, 0xA3, 0xF2, 0x77, 0x2E, 0x08, 0xBE, 0xDD, 0xE4, 0xAA, 0xFD, 0x8E, 0x97, 0x72,
    0x35, 0xA2, 0x93, 0xFD, 0xF3, 0x7C, 0x0E, 0x98, 0xAC, 0x2F, 0xC8, 0x53, 0x26, 0xE7, 0x55, 0x32,
    0xBD, 0x4A, 0x3A, 0xAA, 0x51, 0xC7, 0x6A, 0x65, 0xA2, 0x8E, 0x75, 0x6F, 0x63, 0xE7, 0x3B, 0xB1,
    0xF3, 0x29, 0xF5, 0x3C, 0x6B, 0x50, 0xF0, 0x7F, 0xE9, 0x35, 0x7D, 0x51, 0xB1, 0x4E, 0xC3, 0x30,
    0x14, 0xBC, 0xC4, 0xAA, 0x32, 0x64, 0xF0, 0xD2, 0x3D, 0x0B, 0x13, 0x03, 0x59, 0x33, 0xB8, 0xE4,
    0xF1, 0x13, 0x7C, 0x0D, 0x34, 0x66, 0xE2, 0x4B, 0x58, 0xF8, 0x82, 0x4E, 0xD4, 0x1B, 0x6B, 0x36,
    0xD6, 0x48, 0x0C, 0x5D, 0x8D, 0xD4, 0xA1, 0x12, 0x41, 0xE6, 0x9E, 0x0B, 0x54, 0x2C, 0x8D, 0xF4,
    0x4E, 0xD1, 0xF3, 0xBD, 0x7B, 0x77, 0x36, 0x90, 0xBF, 0x91, 0x65, 0x02, 0xC1, 0x0A, 0xE1, 0x9E,
    0x55, 0xEC, 0x09, 0xF5, 0x44, 0x68, 0xFD, 0xED, 0xB3, 0xF4, 0x29, 0xA5, 0x90, 0xA1, 0xF1, 0xCA,
    0xD5, 0x03, 0x1C, 0x14, 0xAE, 0x15, 0xAC, 0x36, 0x4B, 0x55, 0x41, 0xFE, 0x8B, 0x3A, 0x3C, 0x13,
    0x9A, 0x44, 0xE8, 0x13, 0x9B, 0xF3, 0x6E, 0xE2, 0xD8, 0xC7, 0x1E, 0xF6, 0x21, 0xAE, 0x70, 0x55,
    0x44, 0x8B, 0xAE, 0x88, 0x46, 0x8E, 0xE4, 0xF3, 0x70, 0x32, 0x89, 0xCD, 0x69, 0xA7, 0xFA, 0x35,
    0xF9, 0x78, 0xC6, 0xE5, 0x93, 0xF4, 0xF8, 0x33, 0xA9, 0x1E, 0xFA, 0x5F, 0x87, 0xD9, 0x6B, 0xCE,
    0xB5, 0xD2, 0x56, 0xFC, 0x67, 0xF2, 0x2C, 0x5C, 0x14, 0xB1, 0x94, 0x15, 0x9D, 0x8A, 0xBD, 0xA1,
    0x67, 0x33, 0x45, 0xEA, 0x1D, 0xDE, 0xA9, 0xB7, 0x4E, 0xE1, 0x27, 0x5B, 0x4E, 0xA9, 0xE4, 0x45,
    0x0E, 0x9A, 0x64, 0xCB, 0xF5, 0x03, 0xF5, 0x07, 0xD2, 0xEE, 0x78, 0xE8, 0x68, 0xC4, 0xD9, 0x11,
    0xAE, 0xDA, 0x33, 0xF0, 0x17, 0x3A, 0x6C, 0xA5, 0x43, 0x1B, 0x96, 0xA8, 0xE5, 0x98, 0x6B, 0x81,
    0x96, 0x33, 0x9C, 0xA5, 0x66, 0x1F, 0x50, 0x7C, 0x06, 0x54, 0x6F, 0x01, 0xED, 0x63, 0xC0, 0x4B,
    0xE5, 0xCD, 0x6C, 0xBC, 0x8D, 0xC6, 0xF7, 0xC1, 0xC8, 0x16, 0x46, 0x1C, 0xCA, 0x3C, 0xB5, 0xCC,
    0x0F, 0xC5, 0x9E, 0x18, 0x69, 0x47, 0xE3, 0x6B, 0x72, 0x4A, 0x72, 0x31, 0x54, 0x1E, 0xCD, 0x6B,
    0x80, 0xD9, 0x51, 0x4F, 0x35, 0x07, 0xBD, 0x13, 0x2D, 0xEE, 0x2B, 0xB9, 0xDF, 0xFA, 0x8E, 0x7B,
    0x3A, 0x24, 0xB8, 0x72, 0x86, 0xAB, 0x23, 0x5C, 0x13, 0xE0, 0xD6, 0xF4, 0xCB, 0x7C, 0x03, 0xAF,
    0x59, 0xFD, 0x33, 0x87, 0xBE, 0xBA, 0xFF, 0x06, 0xAD, 0x52, 0xB1, 0x6E, 0xD4, 0x40, 0x10, 0x7D,
    0xB6, 0x05, 0x56, 0x58, 0xC0, 0x94, 0x28, 0x8D, 0x9B, 0x94, 0x39, 0xB6, 0x4D, 0x71, 0xC1, 0x27,
    0xF1, 0x01, 0xA1, 0xC8, 0xFD, 0x01, 0x35, 0xA2, 0x48, 0x91, 0x22, 0xD1, 0x39, 0x7C, 0x41, 0xBE,
    0x23, 0x55, 0x8A, 0x2B, 0x51, 0x76, 0x25, 0x0A, 0xDA, 0x13, 0x5F, 0xE0, 0x4F, 0xD8, 0xC2, 0x85,
    0x41, 0x3E, 0x0F, 0x6F, 0x76, 0xEF, 0x02, 0x48, 0x94, 0xD8, 0x7E, 0xB3, 0xDE, 0xD9, 0x99, 0xF1,
    0xBC, 0x37, 0xCE, 0xA4, 0x43, 0xF1, 0x79, 0x0B, 0x40, 0x88, 0xA6, 0x25, 0xBC, 0x22, 0x73, 0xE2,
    0xCD, 0xD0, 0x78, 0xDB, 0x35, 0x3E, 0xDE, 0x6D, 0xD3, 0xAE, 0x5A, 0x87, 0xD5, 0x62, 0x42, 0x73,
    0x33, 0xC2, 0x7E, 0x0B, 0x28, 0x65, 0xC1, 0x9C, 0x87, 0x94, 0x9B, 0x13, 0x05, 0x61, 0x56, 0x0B,
    0x3C, 0x67, 0x9D, 0x13, 0xD6, 0xF9, 0x44, 0x74, 0xD6, 0x67, 0xBE, 0xDE, 0x14, 0x6D, 0xD5, 0x19,
    0x54, 0xE1, 0x05, 0x71, 0x0C, 0x13, 0x1A, 0x91, 0xDE, 0x25, 0x04, 0x42, 0x82, 0x19, 0x58, 0xE5,
    0x3F, 0x1A, 0x3B, 0x3D, 0x93, 0x5B, 0x27, 0x67, 0x12, 0x0E, 0xEF, 0xEE, 0x6E, 0xF9, 0xB9, 0x60,
    0x43, 0x1E, 0xAA, 0x21, 0x0B, 0xE5, 0x88, 0x50, 0x4C, 0x78, 0x1F, 0x19, 0xBB, 0x1D, 0x63, 0xDB,
    0x01, 0x15, 0xD7, 0x9A, 0xBE, 0x53, 0x62, 0x20, 0xA3, 0x80, 0xBE, 0xF4, 0xE8, 0xAB, 0x45, 0xD6,
    0x6B, 0xBB, 0x7B, 0x2C, 0x97, 0xE7, 0x22, 0x13, 0x1F, 0xA4, 0x8B, 0x99, 0xC5, 0x86, 0xC4, 0x59,
    0xA9, 0xE2, 0x76, 0x4E, 0x04, 0x66, 0xD3, 0xCD, 0xEC, 0x47, 0xD7, 0x1A, 0xC8, 0x34, 0x72, 0xE7,
    0x9A, 0x11, 0x27, 0xC4, 0x2B, 0xE2, 0x09, 0x75, 0x57, 0x8D, 0xAD, 0xCA, 0xF9, 0x81, 0x18, 0x19,
    0x9B, 0x1A, 0x40, 0xA1, 0xD8, 0x97, 0x52, 0xB4, 0xA9, 0x47, 0x0B, 0xB7, 0x79, 0x0B, 0xD7, 0xCD,
    0x19, 0x71, 0x45, 0x0C, 0x8C, 0x0E, 0xC8, 0x7E, 0x30, 0xFC, 0x27, 0xC3, 0x85, 0xA1, 0xCE, 0xEF,
    0x06, 0xCA, 0xF0, 0x37, 0xAC, 0xB0, 0x85, 0x43, 0x2D, 0x5F, 0xC5, 0x93, 0xC4, 0xBB, 0x6E, 0x6E,
    0x29, 0xC3, 0x85, 0xD9, 0x22, 0xDC, 0x73, 0x6C, 0xE1, 0x22, 0x97, 0xEF, 0xDD, 0x69, 0xC5, 0xA9,
    0xDB, 0xC9, 0x4A, 0x6B, 0xFA, 0x32, 0xD2, 0x53, 0x89, 0x4A, 0x2D, 0x56, 0x9F, 0x69, 0xA5, 0xA7,
    0xDC, 0x5E, 0x23, 0x75, 0xF8, 0x87, 0xC9, 0xD4, 0xE4, 0xD1, 0xB0, 0x6D, 0x14, 0xBF, 0x4D, 0xFF,
    0x68, 0xC2, 0x5F, 0xA6, 0x64, 0x8F, 0x30, 0x54, 0x2D, 0x92, 0x7A, 0xAD, 0xAC, 0x1A, 0xAB, 0x3F,
    0xE0, 0x17, 0x9A, 0x5A, 0x0F, 0xAB, 0xCD, 0xAC, 0xE9, 0x67, 0x57, 0x0F, 0xF3, 0xB5, 0x1D, 0xD7,
    0x65, 0xF8, 0xA7, 0x07, 0xB8, 0x57, 0xF9, 0x73, 0x9F, 0xE6, 0xB1, 0xFC, 0x78, 0xAE, 0x52, 0x5F,
    0xAA, 0xFE, 0xC9, 0x63, 0x80, 0x97, 0xC0, 0xF1, 0x6E, 0x50, 0x07, 0xEC, 0x94, 0x84, 0xEA, 0x2D,
    0x97, 0x16, 0xF5, 0x90, 0x26, 0xAF, 0xAB, 0xEE, 0xD5, 0x1F, 0xCF, 0x35, 0x4E, 0x5B, 0x11, 0x89,
    0x38, 0x8A, 0x2A, 0xDA, 0x61, 0x9F, 0x44, 0xB2, 0xF5, 0xC8, 0x77, 0x7A, 0x56, 0xAD, 0x9E, 0xAA,
    0x4C, 0xF1, 0x6B, 0xBF, 0x00, 0x8D, 0xD2, 0x4F, 0x4A, 0xC4, 0x30, 0x14, 0x06, 0xF0, 0x97, 0xB6,
    0x58, 0xA1, 0x8B, 0x7A, 0x83, 0x1C, 0x21, 0x47, 0x88, 0xCC, 0xBD, 0xC4, 0x82, 0x6B, 0x71, 0xE3,
    0x61, 0xDC, 0x48, 0xBB, 0x13, 0xDC, 0x4C, 0x07, 0x2F, 0xD0, 0xBD, 0x88, 0x01, 0x8B, 0x04, 0x4C,
    0x13, 0xDF, 0xF7, 0xD2, 0xF9, 0xE3, 0x46, 0x66, 0xF3, 0x3E, 0x9A, 0x0E, 0x9D, 0x1F, 0xEF, 0x0B,
    0x91, 0x4A, 0x45, 0x24, 0xA2, 0x26, 0x6D, 0x53, 0x47, 0xA4, 0x1F, 0x92, 0x1D, 0x88, 0xEC, 0x26,
    0x36, 0x7C, 0x78, 0x4B, 0x0B, 0x4F, 0xEA, 0x29, 0xF0, 0xBC, 0x88, 0x05, 0xA2, 0x4D, 0x29, 0x39,
    0x22, 0xB5, 0x94, 0x78, 0x52, 0xA1, 0xF4, 0x1C, 0xC5, 0x21, 0x66, 0x8E, 0x32, 0xD4, 0x0E, 0xE1,
    0x9B, 0xD3, 0x98, 0x5B, 0x44, 0xED, 0xDA, 0xE9, 0x18, 0x8D, 0x6B, 0x47, 0x7C, 0x73, 0xD2, 0x03,
    0x62, 0x34, 0x12, 0x83, 0x65, 0xC9, 0xA5, 0x7E, 0xB4, 0xFC, 0x60, 0xED, 0xF3, 0x0D, 0x62, 0xE9,
    0xF1, 0x07, 0x7A, 0x32, 0xF8, 0x3D, 0x4C, 0xF2, 0x95, 0x1F, 0x11, 0xED, 0x30, 0x6D, 0xF7, 0x24,
    0xE2, 0x0C, 0x16, 0x2F, 0x55, 0xC2, 0x0D, 0x7B, 0x6D, 0xC6, 0x16, 0xA1, 0x9E, 0x31, 0xA1, 0x2A,
    0x03, 0x50, 0xA5, 0x5F, 0xE7, 0x04, 0xA6, 0x1E, 0xC1, 0x33, 0x2F, 0x32, 0x3F, 0x60, 0x34, 0x1E,
    0x44, 0x48, 0x45, 0xCB, 0x40, 0x1E, 0x95, 0xEE, 0x84, 0x47, 0xA2, 0x23, 0xC1, 0x65, 0x9A, 0x4A,
    0x4A, 0x16, 0xFA, 0x79, 0xCD, 0x67, 0xDB, 0x84, 0xF7, 0x9B, 0x24, 0xB6, 0x24, 0xB6, 0x08, 0x9B,
    0x5A, 0x60, 0xFB, 0x16, 0x5B, 0x91, 0x6D, 0x61, 0xBF, 0xC7, 0x2C, 0x2C, 0xB3, 0xD0, 0x37, 0x47,
    0xE1, 0x0C, 0x21, 0xAF, 0xEE, 0x0D, 0x53, 0x47, 0xD8, 0x74, 0x10, 0xDB, 0x74, 0xBE, 0x2D, 0x0D,
    0xD2, 0xF6, 0xBB, 0x13, 0xDD, 0x9D, 0x07, 0xAF, 0x27, 0x07, 0x5F, 0xCC, 0xCB, 0x5B, 0xF6, 0x6D,
    0x5F, 0x49, 0xDB, 0x69, 0x96, 0xFD, 0xB1, 0x03, 0x0B, 0x64, 0x48, 0x71, 0x08, 0x80, 0xD0, 0x36,
    0xEF, 0x0C, 0x50, 0xAE, 0x0F, 0xC1, 0x37, 0x08, 0x6D, 0x73, 0xA0, 0x66, 0x7B, 0x8F, 0x18, 0x6D,
    0x90, 0xB6, 0xAD, 0x93, 0xB6, 0x4D, 0xF7, 0xB7, 0xED, 0xEA, 0xDF, 0xB6, 0x71, 0x47, 0x55, 0xBE,
    0xA3, 0xBD, 0xA8, 0x4D, 0x14, 0x75, 0xBD, 0xC8, 0x1D, 0xC5, 0xFE, 0xF8, 0x8E, 0xF2, 0x02, 0xA1,
    0xE6, 0x80, 0xFA, 0xCB, 0x8B, 0x9A, 0x37, 0x09, 0x75, 0x93, 0xD5, 0x12, 0x35, 0x6E, 0x22, 0xD4,
    0xC0, 0xF3, 0xD1, 0x09, 0x9E, 0xDF, 0x98, 0x55, 0xFD, 0x9A, 0x63, 0x55, 0xCF, 0x59, 0x3D, 0x9C,
    0xAF, 0xFE, 0x05,
};

static const EpdGlyph sourceserif4_12_bolditalicGlyphs[] = {
    { 0, 0, 87, 0, 0, 0, 0 }, // U+0020
    { 8, 17, 120, 0, 17, 34, 0 }, // !
    { 9, 9, 192, 3, 19, 21, 34 }, // "
    { 15, 17, 236, 0, 17, 64, 55 }, // #
    { 14, 22, 218, 0, 19, 77, 119 }, // $
    { 21, 19, 366, 1, 18, 100, 196 }, // %
    { 19, 17, 297, 1, 17, 81, 296 }, // &
    { 4, 9, 112, 3, 19, 9, 377 }, // '
    { 10, 23, 156, 1, 18, 58, 386 }, // (
    { 10, 23, 156, -2, 18, 58, 444 }, // )
    { 11, 11, 188, 2, 20, 31, 502 }, // *
    { 12, 12, 218, 1, 14, 36, 533 }, // +
    { 6, 9, 124, -1, 4, 14, 569 }, // ,
    { 8, 2, 138, 0, 8, 4, 583 }, // -
    { 6, 4, 124, 0, 4, 6, 587 }, // .
    { 15, 23, 155, -3, 19, 87, 593 }, // /
    { 14, 17, 218, 0, 17, 60, 680 }, // 0
    { 10, 18, 164, 0, 18, 45, 740 }, // 1
    { 13, 17, 214, 0, 17, 56, 785 }, // 2
    { 13, 17, 208, 0, 17, 56, 841 }, // 3
    { 13, 17, 213, 0, 17, 56, 897 }, // 4
    { 13, 17, 210, 0, 17, 56, 953 }, // 5
    { 13, 17, 216, 1, 17, 56, 1009 }, // 6
    { 14, 16, 200, 0, 16, 56, 1065 }, // 7
    { 13, 17, 210, 0, 17, 56, 1121 }, // 8
    { 12, 17, 212, 1, 17, 51, 1177 }, // 9
    { 7, 12, 124, 0, 12, 21, 1228 }, // :
    { 8, 17, 124, -1, 12, 34, 1249 }, // ;
    { 12, 13, 218, 1, 15, 39, 1283 }, // <
    { 12, 9, 218, 1, 13, 27, 1322 }, // =
    { 12, 13, 218, 1, 14, 39, 1349 }, // >
    { 12, 17, 183, 0, 17, 51, 1388 }, // ?
    { 21, 20, 344, 0, 17, 105, 1439 }, // @
    { 18, 17, 275, -2, 17, 77, 1544 }, // A
    { 16, 17, 254, -1, 17, 68, 1621 }, // B
    { 16, 17, 241, 0, 17, 68, 1689 }, // C
    { 18, 17, 276, -1, 17, 77, 1757 }, // D
    { 16, 17, 235, -1, 17, 68, 1834 }, // E
    { 16, 17, 223, -1, 17, 68, 1902 }, // F
    { 17, 17, 264, 0, 17, 73, 1970 }, // G
    { 21, 17, 301, -1, 17, 90, 2043 }, // H
    { 12, 17, 151, -1, 17, 51, 2133 }, // I
    { 15, 21, 147, -4, 17, 79, 2184 }, // J
    { 19, 17, 272, -1, 17, 81, 2263 }, // K
    { 15, 17, 226, -1, 17, 64, 2344 }, // L
    { 24, 17, 363, -1, 17, 102, 2408 }, // M
    { 20, 17, 280, -1, 17, 85, 2510 }, // N
    { 17, 17, 268, 0, 17, 73, 2595 }, // O
    { 17, 17, 238, -1, 17, 73, 2668 }, // P
    { 17, 23, 268, 0, 17, 98, 2741 }, // Q
    { 17, 17, 267, -1, 17, 73, 2839 }, // R
    { 13, 17, 200, 0, 17, 56, 2912 }, // S
    { 16, 17, 243, 1, 17, 68, 2968 }, // T
    { 18, 17, 275, 1, 17, 77, 3036 }, // U
    { 17, 17, 241, 1, 17, 73, 3113 }, // V
    { 24, 17, 355, 1, 17, 102, 3186 }, // W
    { 19, 17, 260, -1, 17, 81, 3288 }, // X
    { 16, 17, 230, 1, 17, 68, 3369 }, // Y
    { 16, 17, 218, -1, 17, 68, 3437 }, // Z
    { 11, 23, 140, 0, 19, 64, 3505 }, // [
    { 6, 23, 152, 2, 19, 35, 3569 }, // <backslash>
    { 11, 23, 140, -2, 18, 64, 3604 }, // ]
    { 12, 9, 218, 1, 13, 27, 3668 }, // ^
    { 15, 2, 218, -2, 0, 8, 3695 }, // _
    { 5, 7, 160, 4, 20, 9, 3703 }, // `
    { 15, 14, 228, 0, 14, 53, 3712 }, // a
    { 13, 19, 216, 1, 19, 62, 3765 }, // b
    { 12, 13, 188, 0, 13, 39, 3827 }, // c
    { 15, 19, 229, 0, 19, 72, 3866 }, // d
    { 12, 13, 188, 0, 13, 39, 3938 }, // e
    { 18, 26, 137, -5, 20, 117, 3977 }, // f
    { 17, 20, 213, -2, 14, 85, 4094 }, // g
    { 15, 19, 232, 0, 19, 72, 4179 }, // h
    { 7, 20, 128, 1, 20, 35, 4251 }, // i
    { 11, 26, 116, -3, 20, 72, 4286 }, // j
    { 14, 19, 211, 0, 19, 67, 4358 }, // k
    { 8, 20, 123, 0, 20, 40, 4425 }, // l
    { 22, 14, 345, 0, 14, 77, 4465 }, // m
    { 15, 14, 237, 0, 14, 53, 4542 }, // n
    { 13, 13, 213, 0, 13, 43, 4595 }, // o
    { 16, 20, 221, -2, 14, 80, 4638 }, // p
    { 14, 20, 222, 0, 14, 70, 4718 }, // q
    { 12, 14, 183, 0, 14, 42, 4788 }, // r
    { 11, 13, 168, 0, 13, 36, 4830 }, // s
    { 9, 17, 138, 1, 17, 39, 4866 }, // t
    { 14, 14, 236, 1, 14, 49, 4905 }, // u
    { 14, 13, 209, 0, 13, 46, 4954 }, // v
    { 20, 13, 318, 0, 13, 65, 5000 }, // w
    { 17, 13, 231, -1, 13, 56, 5065 }, // x
    { 16, 19, 214, -2, 13, 76, 5121 }, // y
    { 14, 14, 199, -1, 14, 49, 5197 }, // z
    { 10, 22, 139, 0, 19, 55, 5246 }, // {
    { 4, 26, 125, 2, 20, 26, 5301 }, // |
    { 10, 22, 139, -2, 17, 55, 5327 }, // }
    { 12, 5, 218, 1, 12, 15, 5382 }, // ~
    { 0, 0, 87, 0, 0, 0, 0 }, // U+00A0
    { 8, 17, 120, -1, 12, 34, 0 }, // U+00A1
    { 12, 18, 218, 1, 17, 54, 34 }, // U+00A2
    { 13, 17, 218, 0, 17, 56, 88 }, // U+00A3
    { 14, 13, 218, 0, 15, 46, 144 }, // U+00A4
    { 14, 17, 218, 1, 17, 60, 190 }, // U+00A5
    { 4, 26, 125, 2, 20, 26, 250 }, // U+00A6
    { 13, 21, 202, 0, 17, 69, 276 }, // U+00A7
    { 10, 4, 160, 2, 20, 10, 345 }, // U+00A8
    { 18, 18, 306, 1, 18, 81, 355 }, // U+00A9
    { 10, 9, 154, 2, 20, 23, 436 }, // U+00AA
    { 14, 12, 244, 1, 12, 42, 459 }, // U+00AB
    { 12, 7, 218, 1, 10, 21, 501 }, // U+00AC
    { 8, 2, 138, 0, 8, 4, 522 }, // U+00AD
    { 11, 11, 188, 2, 19, 31, 526 }, // U+00AE
    { 8, 2, 160, 3, 18, 4, 557 }, // U+00AF
    { 7, 7, 131, 2, 18, 13, 561 }, // U+00B0
    { 13, 14, 218, 0, 14, 46, 574 }, // U+00B1
    { 9, 10, 148, 1, 21, 23, 620 }, // U+00B2
    { 9, 10, 148, 2, 21, 23, 643 }, // U+00B3
    { 6, 7, 160, 4, 20, 11, 666 }, // U+00B4
    { 15, 19, 227, -1, 14, 72, 677 }, // U+00B5
    { 17, 20, 261, 1, 17, 85, 749 }, // U+00B6
    { 5, 4, 124, 2, 10, 5, 834 }, // U+00B7
    { 6, 6, 160, 0, 0, 9, 839 }, // U+00B8
    { 8, 11, 148, 2, 22, 22, 848 }, // U+00B9
    { 9, 8, 144, 2, 19, 18, 870 }, // U+00BA
    { 14, 12, 244, 0, 13, 42, 888 }, // U+00BB
    { 20, 19, 354, 1, 18, 95, 930 }, // U+00BC
    { 21, 19, 366, 1, 18, 100, 1025 }, // U+00BD
    { 20, 18, 354, 1, 17, 90, 1125 }, // U+00BE
    { 11, 17, 183, -1, 12, 47, 1215 }, // U+00BF
    { 18, 23, 275, -2, 23, 104, 1262 }, // U+00C0
    { 18, 23, 275, -2, 23, 104, 1366 }, // U+00C1
    { 18, 23, 275, -2, 23, 104, 1470 }, // U+00C2
    { 18, 23, 275, -2, 23, 104, 1574 }, // U+00C3
    { 18, 22, 275, -2, 22, 99, 1678 }, // U+00C4
    { 18, 23, 275, -2, 23, 104, 1777 }, // U+00C5
    { 25, 17, 359, -2, 17, 107, 1881 }, // U+00C6
    { 16, 23, 241, 0, 17, 92, 1988 }, // U+00C7
    { 16, 23, 235, -1, 23, 92, 2080 }, // U+00C8
    { 16, 23, 235, -1, 23, 92, 2172 }, // U+00C9
    { 16, 23, 235, -1, 23, 92, 2264 }, // U+00CA
    { 16, 22, 235, -1, 22, 88, 2356 }, // U+00CB
    { 12, 23, 151, -1, 23, 69, 2444 }, // U+00CC
    { 12, 23, 151, -1, 23, 69, 2513 }, // U+00CD
    { 12, 23, 151, -1, 23, 69, 2582 }, // U+00CE
    { 12, 22, 151, -1, 22, 66, 2651 }, // U+00CF
    { 18, 17, 276, -1, 17, 77, 2717 }, // U+00D0
    { 20, 23, 280, -1, 23, 115, 2794 }, // U+00D1
    { 17, 23, 268, 0, 23, 98, 2909 }, // U+00D2
    { 17, 23, 268, 0, 23, 98, 3007 }, // U+00D3
    { 17, 23, 268, 0, 23, 98, 3105 }, // U+00D4
    { 17, 23, 268, 0, 23, 98, 3203 }, // U+00D5
    { 17, 22, 268, 0, 22, 94, 3301 }, // U+00D6
    { 12, 12, 218, 1, 14, 36, 3395 }, // U+00D7
    { 18, 19, 268, -1, 18, 86, 3431 }, // U+00D8
    { 18, 23, 275, 1, 23, 104, 3517 }, // U+00D9
    { 18, 23, 275, 1, 23, 104, 3621 }, // U+00DA
    { 18, 23, 275, 1, 23, 104, 3725 }, // U+00DB
    { 18, 22, 275, 1, 22, 99, 3829 }, // U+00DC
    { 16, 23, 230, 1, 23, 92, 3928 }, // U+00DD
    { 16, 17, 238, -1, 17, 68, 4020 }, // U+00DE
    { 20, 26, 234, -5, 20, 130, 4088 }, // U+00DF
    { 15, 20, 228, 0, 20, 75, 4218 }, // U+00E0
    { 15, 20, 228, 0, 20, 75, 4293 }, // U+00E1
    { 15, 20, 228, 0, 20, 75, 4368 }, // U+00E2
    { 15, 20, 228, 0, 20, 75, 4443 }, // U+00E3
    { 15, 20, 228, 0, 20, 75, 4518 }, // U+00E4
    { 15, 21, 228, 0, 21, 79, 4593 }, // U+00E5
    { 19, 13, 303, 0, 13, 62, 4672 }, // U+00E6
    { 12, 19, 188, 0, 13, 57, 4734 }, // U+00E7
    { 12, 20, 188, 0, 20, 60, 4791 }, // U+00E8
    { 13, 20, 188, 0, 20, 65, 4851 }, // U+00E9
    { 13, 20, 188, 0, 20, 65, 4916 }, // U+00EA
    { 14, 20, 188, 0, 20, 70, 4981 }, // U+00EB
    { 7, 20, 128, 1, 20, 35, 5051 }, // U+00EC
    { 9, 20, 128, 1, 20, 45, 5086 }, // U+00ED
    { 9, 20, 128, 1, 20, 45, 5131 }, // U+00EE
    { 10, 20, 128, 1, 20, 50, 5176 }, // U+00EF
    { 13, 20, 210, 0, 20, 65, 5226 }, // U+00F0
    { 15, 20, 237, 0, 20, 75, 5291 }, // U+00F1
    { 13, 20, 213, 0, 20, 65, 5366 }, // U+00F2
    { 13, 20, 213, 0, 20, 65, 5431 }, // U+00F3
    { 13, 20, 213, 0, 20, 65, 5496 }, // U+00F4
    { 14, 20, 213, 0, 20, 70, 5561 }, // U+00F5
    { 14, 20, 213, 0, 20, 70, 5631 }, // U+00F6
    { 12, 13, 218, 1, 15, 39, 5701 }, // U+00F7
    { 15, 15, 213, -1, 14, 57, 5740 }, // U+00F8
    { 14, 20, 236, 1, 20, 70, 5797 }, // U+00F9
    { 14, 20, 236, 1, 20, 70, 5867 }, // U+00FA
    { 14, 20, 236, 1, 20, 70, 5937 }, // U+00FB
    { 14, 20, 236, 1, 20, 70, 6007 }, // U+00FC
    { 16, 26, 214, -2, 20, 104, 6077 }, // U+00FD
    { 17, 25, 218, -3, 19, 107, 6181 }, // U+00FE
    { 16, 26, 214, -2, 20, 104, 6288 }, // U+00FF
    { 18, 21, 275, -2, 21, 95, 0 }, // U+0100
    { 15, 18, 228, 0, 18, 68, 95 }, // U+0101
    { 18, 22, 275, -2, 22, 99, 163 }, // U+0102
    { 15, 20, 228, 0, 20, 75, 262 }, // U+0103
    { 18, 23, 275, -2, 17, 104, 337 }, // U+0104
    { 15, 20, 228, 0, 14, 75, 441 }, // U+0105
    { 16, 23, 241, 0, 23, 92, 516 }, // U+0106
    { 13, 20, 188, 0, 20, 65, 608 }, // U+0107
    { 16, 23, 241, 0, 23, 92, 673 }, // U+0108
    { 13, 20, 188, 0, 20, 65, 765 }, // U+0109
    { 16, 23, 241, 0, 23, 92, 830 }, // U+010A
    { 12, 19, 188, 0, 19, 57, 922 }, // U+010B
    { 16, 23, 241, 0, 23, 92, 979 }, // U+010C
    { 14, 21, 188, 0, 21, 74, 1071 }, // U+010D
    { 18, 23, 276, -1, 23, 104, 1145 }, // U+010E
    { 19, 19, 236, 0, 19, 91, 1249 }, // U+010F
    { 18, 17, 276, -1, 17, 77, 1340 }, // U+0110
    { 16, 19, 229, 0, 19, 76, 1417 }, // U+0111
    { 16, 21, 235, -1, 21, 84, 1493 }, // U+0112
    { 13, 18, 188, 0, 18, 59, 1577 }, // U+0113
    { 16, 22, 235, -1, 22, 88, 1636 }, // U+0114
    { 13, 20, 188, 0, 20, 65, 1724 }, // U+0115
    { 16, 23, 235, -1, 23, 92, 1789 }, // U+0116
    { 12, 19, 188, 0, 19, 57, 1881 }, // U+0117
    { 16, 23, 235, -1, 17, 92, 1938 }, // U+0118
    { 12, 19, 188, 0, 13, 57, 2030 }, // U+0119
    { 16, 23, 235, -1, 23, 92, 2087 }, // U+011A
    { 14, 21, 188, 0, 21, 74, 2179 }, // U+011B
    { 17, 23, 264, 0, 23, 98, 2253 }, // U+011C
    { 17, 26, 213, -2, 20, 111, 2351 }, // U+011D
    { 17, 22, 264, 0, 22, 94, 2462 }, // U+011E
    { 17, 26, 213, -2, 20, 111, 2556 }, // U+011F
    { 17, 23, 264, 0, 23, 98, 2667 }, // U+0120
    { 17, 25, 213, -2, 19, 107, 2765 }, // U+0121
    { 17, 24, 264, 0, 17, 102, 2872 }, // U+0122
    { 17, 27, 213, -2, 21, 115, 2974 }, // U+0123
    { 21, 23, 301, -1, 23, 121, 3089 }, // U+0124
    { 15, 24, 232, 0, 24, 90, 3210 }, // U+0125
    { 21, 17, 301, -1, 17, 90, 3300 }, // U+0126
    { 15, 19, 232, 0, 19, 72, 3390 }, // U+0127
    { 13, 23, 151, -1, 23, 75, 3462 }, // U+0128
    { 10, 20, 128, 1, 20, 50, 3537 }, // U+0129
    { 12, 21, 151, -1, 21, 63, 3587 }, // U+012A
    { 9, 18, 128, 1, 18, 41, 3650 }, // U+012B
    { 12, 23, 151, -1, 17, 69, 3691 }, // U+012E
    { 7, 26, 128, 1, 20, 46, 3760 }, // U+012F
    { 12, 23, 151, -1, 23, 69, 3806 }, // U+0130
    { 7, 14, 128, 1, 14, 25, 3875 }, // U+0131
    { 15, 27, 147, -4, 23, 102, 3900 }, // U+0134
    { 13, 26, 116, -3, 20, 85, 4002 }, // U+0135
    { 19, 24, 272, -1, 17, 114, 4087 }, // U+0136
    { 14, 26, 211, 0, 19, 91, 4201 }, // U+0137
    { 14, 14, 214, 0, 14, 49, 4292 }, // U+0138
    { 15, 23, 226, -1, 23, 87, 4341 }, // U+0139
    { 12, 24, 123, 0, 24, 72, 4428 }, // U+013A
    { 15, 24, 226, -1, 17, 90, 4500 }, // U+013B
    { 8, 27, 123, 0, 20, 54, 4590 }, // U+013C
    { 17, 18, 226, -1, 18, 77, 4644 }, // U+013D
    { 12, 19, 128, 0, 19, 57, 4721 }, // U+013E
    { 16, 17, 226, -1, 17, 68, 4778 }, // U+013F
    { 12, 20, 150, 0, 20, 60, 4846 }, // U+0140
    { 15, 17, 226, -1, 17, 64, 4906 }, // U+0141
    { 9, 20, 123, 0, 20, 45, 4970 }, // U+0142
    { 20, 23, 280, -1, 23, 115, 5015 }, // U+0143
    { 15, 20, 237, 0, 20, 75, 5130 }, // U+0144
    { 20, 24, 280, -1, 17, 120, 5205 }, // U+0145
    { 15, 21, 237, 0, 14, 79, 5325 }, // U+0146
    { 20, 23, 280, -1, 23, 115, 5404 }, // U+0147
    { 15, 21, 237, 0, 21, 79, 5519 }, // U+0148
    { 20, 18, 345, 2, 18, 90, 5598 }, // U+0149
    { 20, 21, 281, -1, 17, 105, 5688 }, // U+014A
    { 14, 20, 241, 0, 14, 70, 5793 }, // U+014B
    { 17, 21, 268, 0, 21, 90, 5863 }, // U+014C
    { 13, 18, 213, 0, 18, 59, 5953 }, // U+014D
    { 17, 22, 268, 0, 22, 94, 6012 }, // U+014E
    { 13, 20, 213, 0, 20, 65, 6106 }, // U+014F
    { 17, 23, 268, 0, 23, 98, 6171 }, // U+0150
    { 15, 20, 213, 0, 20, 75, 6269 }, // U+0151
    { 23, 17, 354, 0, 17, 98, 6344 }, // U+0152
    { 20, 13, 318, 0, 13, 65, 6442 }, // U+0153
    { 17, 23, 267, -1, 23, 98, 6507 }, // U+0154
    { 12, 20, 183, 0, 20, 60, 6605 }, // U+0155
    { 17, 24, 267, -1, 17, 102, 6665 }, // U+0156
    { 12, 21, 183, 0, 14, 63, 6767 }, // U+0157
    { 17, 23, 267, -1, 23, 98, 6830 }, // U+0158
    { 13, 21, 183, 0, 21, 69, 6928 }, // U+0159
    { 13, 23, 200, 0, 23, 75, 6997 }, // U+015A
    { 12, 20, 168, 0, 20, 60, 7072 }, // U+015B
    { 13, 23, 200, 0, 23, 75, 7132 }, // U+015C
    { 12, 20, 168, 0, 20, 60, 7207 }, // U+015D
    { 13, 23, 200, 0, 17, 75, 7267 }, // U+015E
    { 11, 19, 168, 0, 13, 53, 7342 }, // U+015F
    { 13, 23, 200, 0, 23, 75, 7395 }, // U+0160
    { 12, 21, 168, 0, 21, 63, 7470 }, // U+0161
    { 16, 23, 243, 1, 17, 92, 7533 }, // U+0162
    { 10, 23, 138, 0, 17, 58, 7625 }, // U+0163
    { 16, 23, 243, 1, 23, 92, 7683 }, // U+0164
    { 11, 20, 138, 1, 20, 55, 7775 }, // U+0165
    { 18, 23, 275, 1, 23, 104, 7830 }, // U+0168
    { 14, 20, 236, 1, 20, 70, 7934 }, // U+0169
    { 18, 21, 275, 1, 21, 95, 8004 }, // U+016A
    { 14, 18, 236, 1, 18, 63, 8099 }, // U+016B
    { 18, 22, 275, 1, 22, 99, 8162 }, // U+016C
    { 14, 20, 236, 1, 20, 70, 8261 }, // U+016D
    { 18, 23, 275, 1, 23, 104, 8331 }, // U+016E
    { 14, 21, 236, 1, 21, 74, 8435 }, // U+016F
    { 18, 23, 275, 1, 23, 104, 8509 }, // U+0170
    { 14, 20, 236, 1, 20, 70, 8613 }, // U+0171
    { 18, 23, 275, 1, 17, 104, 8683 }, // U+0172
    { 14, 20, 236, 1, 14, 70, 8787 }, // U+0173
    { 24, 23, 355, 1, 23, 138, 8857 }, // U+0174
    { 20, 20, 318, 0, 20, 100, 8995 }, // U+0175
    { 16, 23, 230, 1, 23, 92, 9095 }, // U+0176
    { 16, 26, 214, -2, 20, 104, 9187 }, // U+0177
    { 16, 22, 230, 1, 22, 88, 9291 }, // U+0178
    { 16, 23, 218, -1, 23, 92, 9379 }, // U+0179
    { 14, 20, 199, -1, 20, 70, 9471 }, // U+017A
    { 16, 23, 218, -1, 23, 92, 9541 }, // U+017B
    { 14, 19, 199, -1, 19, 67, 9633 }, // U+017C
    { 16, 23, 218, -1, 23, 92, 9700 }, // U+017D
    { 14, 21, 199, -1, 21, 74, 9792 }, // U+017E
    { 18, 26, 134, -5, 20, 117, 9866 }, // U+017F
    { 18, 22, 268, 0, 22, 99, 0 }, // U+01A0
    { 15, 18, 213, 0, 18, 68, 99 }, // U+01A1
    { 20, 22, 275, 1, 22, 110, 167 }, // U+01AF
    { 16, 17, 236, 1, 17, 68, 277 }, // U+01B0
    { 18, 23, 275, -2, 23, 104, 345 }, // U+01CD
    { 15, 21, 228, 0, 21, 79, 449 }, // U+01CE
    { 13, 23, 151, -1, 23, 75, 528 }, // U+01CF
    { 10, 21, 128, 1, 21, 53, 603 }, // U+01D0
    { 17, 23, 268, 0, 23, 98, 656 }, // U+01D1
    { 14, 21, 213, 0, 21, 74, 754 }, // U+01D2
    { 18, 23, 275, 1, 23, 104, 828 }, // U+01D3
    { 14, 21, 236, 1, 21, 74, 932 }, // U+01D4
    { 18, 26, 275, 1, 26, 117, 1006 }, // U+01D5
    { 14, 22, 236, 1, 22, 77, 1123 }, // U+01D6
    { 18, 27, 275, 1, 27, 122, 1200 }, // U+01D7
    { 14, 24, 236, 1, 24, 84, 1322 }, // U+01D8
    { 18, 28, 275, 1, 28, 126, 1406 }, // U+01D9
    { 14, 24, 236, 1, 24, 84, 1532 }, // U+01DA
    { 18, 27, 275, 1, 27, 122, 1616 }, // U+01DB
    { 14, 24, 236, 1, 24, 84, 1738 }, // U+01DC
    { 17, 23, 264, 0, 23, 98, 1822 }, // U+01E6
    { 17, 27, 213, -2, 21, 115, 1920 }, // U+01E7
    { 20, 23, 280, -1, 23, 115, 2035 }, // U+01F8
    { 15, 20, 237, 0, 20, 75, 2150 }, // U+01F9
    { 13, 24, 200, 0, 17, 78, 2225 }, // U+0218
    { 11, 20, 168, 0, 13, 55, 2303 }, // U+0219
    { 16, 24, 243, 1, 17, 96, 2358 }, // U+021A
    { 9, 24, 138, 1, 17, 54, 2454 }, // U+021B
    { 5, 7, 0, -3, 20, 9, 0 }, // U+0300
    { 6, 7, 0, 0, 20, 11, 9 }, // U+0301
    { 9, 6, 0, -3, 20, 14, 20 }, // U+0302
    { 10, 5, 0, -3, 20, 13, 34 }, // U+0303
    { 8, 2, 0, -2, 18, 4, 47 }, // U+0304
    { 9, 5, 0, -3, 20, 12, 51 }, // U+0306
    { 4, 4, 0, 0, 19, 4, 63 }, // U+0307
    { 10, 4, 0, -3, 20, 10, 67 }, // U+0308
    { 6, 7, 0, -1, 20, 11, 77 }, // U+0309
    { 7, 6, 0, -2, 21, 11, 88 }, // U+030A
    { 10, 7, 0, -2, 20, 18, 99 }, // U+030B
    { 9, 6, 0, -2, 21, 14, 117 }, // U+030C
    { 6, 7, 0, 0, 20, 11, 131 }, // U+031B
    { 5, 4, 0, -5, -1, 5, 142 }, // U+0323
    { 10, 4, 0, -7, 0, 10, 147 }, // U+0324
    { 5, 6, 0, -5, -1, 8, 157 }, // U+0326
    { 6, 6, 0, -5, 0, 9, 165 }, // U+0327
    { 6, 7, 0, -5, 1, 11, 174 }, // U+0328
    { 5, 5, 0, -5, -2, 7, 185 }, // U+0329
    { 9, 5, 0, -7, 0, 12, 192 }, // U+032E
    { 8, 2, 0, -6, -2, 4, 204 }, // U+0331
    { 16, 23, 235, -1, 23, 92, 0 }, // U+0400
    { 16, 22, 235, -1, 22, 88, 92 }, // U+0401
    { 17, 19, 288, 1, 17, 81, 180 }, // U+0402
    { 16, 23, 218, -1, 23, 92, 261 }, // U+0403
    { 16, 17, 241, 0, 17, 68, 353 }, // U+0404
    { 13, 17, 200, 0, 17, 56, 421 }, // U+0405
    { 12, 17, 151, -1, 17, 51, 477 }, // U+0406
    { 12, 22, 151, -1, 22, 66, 528 }, // U+0407
    { 15, 21, 147, -4, 17, 79, 594 }, // U+0408
    { 24, 17, 372, -1, 17, 102, 673 }, // U+0409
    { 25, 17, 394, -1, 17, 107, 775 }, // U+040A
    { 17, 17, 306, 1, 17, 73, 882 }, // U+040B
    { 19, 23, 277, -1, 23, 110, 955 }, // U+040C
    { 22, 23, 308, -1, 23, 127, 1065 }, // U+040D
    { 18, 25, 242, 0, 24, 113, 1192 }, // U+040E
    { 21, 23, 297, -1, 17, 121, 1305 }, // U+040F
    { 18, 17, 275, -2, 17, 77, 1426 }, // U+0410
    { 16, 17, 254, -1, 17, 68, 1503 }, // U+0411
    { 16, 17, 254, -1, 17, 68, 1571 }, // U+0412
    { 16, 17, 218, -1, 17, 68, 1639 }, // U+0413
    { 21, 22, 280, -2, 17, 116, 1707 }, // U+0414
    { 16, 17, 235, -1, 17, 68, 1823 }, // U+0415
    { 27, 18, 400, -1, 18, 122, 1891 }, // U+0416
    { 13, 17, 214, 0, 17, 56, 2013 }, // U+0417
    { 22, 17, 308, -1, 17, 94, 2069 }, // U+0418
    { 22, 24, 308, -1, 24, 132, 2163 }, // U+0419
    { 19, 18, 277, -1, 18, 86, 2295 }, // U+041A
    { 20, 17, 280, -1, 17, 85, 2381 }, // U+041B
    { 24, 17, 363, -1, 17, 102, 2466 }, // U+041C
    { 21, 17, 301, -1, 17, 90, 2568 }, // U+041D
    { 17, 17, 268, 0, 17, 73, 2658 }, // U+041E
    { 21, 17, 296, -1, 17, 90, 2731 }, // U+041F
    { 17, 17, 238, -1, 17, 73, 2821 }, // U+0420
    { 16, 17, 241, 0, 17, 68, 2894 }, // U+0421
    { 16, 17, 243, 1, 17, 68, 2962 }, // U+0422
    { 18, 18, 242, 0, 17, 81, 3030 }, // U+0423
    { 19, 17, 310, 0, 17, 81, 3111 }, // U+0424
    { 19, 17, 260, -1, 17, 81, 3192 }, // U+0425
    { 21, 22, 286, -2, 17, 116, 3273 }, // U+0426
    { 16, 17, 274, 2, 17, 68, 3389 }, // U+0427
    { 28, 17, 416, -1, 17, 119, 3457 }, // U+0428
    { 28, 22, 416, -1, 17, 154, 3576 }, // U+0429
    { 17, 17, 291, 1, 17, 73, 3730 }, // U+042A
    { 26, 17, 375, -1, 17, 111, 3803 }, // U+042B
    { 16, 17, 243, -1, 17, 68, 3914 }, // U+042C
    { 16, 17, 248, 0, 17, 68, 3982 }, // U+042D
    { 26, 17, 398, -1, 17, 111, 4050 }, // U+042E
    { 20, 17, 268, -2, 17, 85, 4161 }, // U+042F
    { 15, 14, 228, 0, 14, 53, 4246 }, // U+0430
    { 16, 20, 216, 0, 20, 80, 4299 }, // U+0431
    { 13, 13, 206, 0, 13, 43, 4379 }, // U+0432
    { 11, 13, 168, 0, 13, 36, 4422 }, // U+0433
    { 14, 19, 214, 0, 19, 67, 4458 }, // U+0434
    { 12, 13, 188, 0, 13, 39, 4525 }, // U+0435
    { 23, 13, 359, 0, 13, 75, 4564 }, // U+0436
    { 11, 13, 178, 0, 13, 36, 4639 }, // U+0437
    { 14, 14, 236, 1, 14, 49, 4675 }, // U+0438
    { 14, 20, 236, 1, 20, 70, 4724 }, // U+0439
    { 14, 14, 214, 0, 14, 49, 4794 }, // U+043A
    { 16, 13, 232, -1, 13, 52, 4843 }, // U+043B
    { 22, 14, 326, -1, 14, 77, 4895 }, // U+043C
    { 15, 14, 238, 0, 14, 53, 4972 }, // U+043D
    { 13, 13, 213, 0, 13, 43, 5025 }, // U+043E
    { 15, 14, 237, 0, 14, 53, 5068 }, // U+043F
    { 16, 20, 221, -2, 14, 80, 5121 }, // U+0440
    { 12, 13, 188, 0, 13, 39, 5201 }, // U+0441
    { 22, 14, 345, 0, 14, 77, 5240 }, // U+0442
    { 16, 19, 214, -2, 13, 76, 5317 }, // U+0443
    { 19, 25, 302, 0, 19, 119, 5393 }, // U+0444
    { 17, 13, 231, -1, 13, 56, 5512 }, // U+0445
    { 14, 20, 236, 1, 14, 70, 5568 }, // U+0446
    { 14, 14, 224, 0, 14, 49, 5638 }, // U+0447
    { 20, 14, 336, 1, 14, 70, 5687 }, // U+0448
    { 20, 20, 336, 1, 14, 100, 5757 }, // U+0449
    { 14, 14, 226, 0, 14, 49, 5857 }, // U+044A
    { 19, 14, 313, 1, 14, 67, 5906 }, // U+044B
    { 11, 14, 199, 1, 14, 39, 5973 }, // U+044C
    { 11, 13, 184, 0, 13, 36, 6012 }, // U+044D
    { 20, 14, 316, 0, 14, 70, 6048 }, // U+044E
    { 15, 14, 225, -1, 14, 53, 6118 }, // U+044F
    { 12, 20, 188, 0, 20, 60, 6171 }, // U+0450
    { 14, 20, 188, 0, 20, 70, 6231 }, // U+0451
    { 13, 25, 208, 0, 19, 82, 6301 }, // U+0452
    { 12, 20, 168, 0, 20, 60, 6383 }, // U+0453
    { 12, 13, 188, 0, 13, 39, 6443 }, // U+0454
    { 11, 13, 168, 0, 13, 36, 6482 }, // U+0455
    { 7, 20, 128, 1, 20, 35, 6518 }, // U+0456
    { 10, 20, 128, 1, 20, 50, 6553 }, // U+0457
    { 11, 26, 116, -3, 20, 72, 6603 }, // U+0458
    { 20, 13, 308, -1, 13, 65, 6675 }, // U+0459
    { 20, 14, 314, 0, 14, 70, 6740 }, // U+045A
    { 15, 19, 232, 0, 19, 72, 6810 }, // U+045B
    { 14, 20, 214, 0, 20, 70, 6882 }, // U+045C
    { 14, 20, 236, 1, 20, 70, 6952 }, // U+045D
    { 16, 26, 214, -2, 20, 104, 7022 }, // U+045E
    { 14, 20, 236, 1, 14, 70, 7126 }, // U+045F
    { 17, 19, 296, 1, 19, 81, 7196 }, // U+0462
    { 20, 14, 316, 0, 14, 70, 7277 }, // U+0463
    { 17, 17, 268, 0, 17, 73, 7347 }, // U+0472
    { 13, 13, 213, 0, 13, 43, 7420 }, // U+0473
    { 17, 17, 248, 1, 17, 73, 7463 }, // U+0474
    { 16, 13, 229, 0, 13, 52, 7536 }, // U+0475
    { 17, 21, 218, -1, 21, 90, 7588 }, // U+0490
    { 13, 17, 154, -1, 17, 56, 7678 }, // U+0491
    { 16, 17, 218, -1, 17, 68, 7734 }, // U+0492
    { 11, 13, 168, 0, 13, 36, 7802 }, // U+0493
    { 27, 23, 400, -1, 18, 156, 7838 }, // U+0496
    { 23, 19, 359, 0, 13, 110, 7994 }, // U+0497
    { 13, 23, 214, 0, 17, 75, 8104 }, // U+0498
    { 11, 19, 178, 0, 13, 53, 8179 }, // U+0499
    { 19, 23, 277, -1, 18, 110, 8232 }, // U+049A
    { 15, 20, 215, 0, 14, 75, 8342 }, // U+049B
    { 20, 18, 325, 1, 18, 90, 8417 }, // U+04A0
    { 17, 14, 270, 0, 14, 60, 8507 }, // U+04A1
    { 21, 22, 302, -1, 17, 116, 8567 }, // U+04A2
    { 15, 19, 238, 0, 13, 72, 8683 }, // U+04A3
    { 16, 23, 241, 0, 17, 92, 8755 }, // U+04AA
    { 12, 19, 188, 0, 13, 57, 8847 }, // U+04AB
    { 16, 17, 230, 1, 17, 68, 8904 }, // U+04AE
    { 14, 19, 209, 0, 13, 67, 8972 }, // U+04AF
    { 16, 17, 230, 1, 17, 68, 9039 }, // U+04B0
    { 14, 19, 209, 0, 13, 67, 9107 }, // U+04B1
    { 19, 22, 260, -1, 17, 105, 9174 }, // U+04B2
    { 17, 19, 231, -1, 13, 81, 9279 }, // U+04B3
    { 16, 22, 274, 2, 17, 88, 9360 }, // U+04B6
    { 14, 19, 224, 0, 13, 67, 9448 }, // U+04B7
    { 17, 17, 271, -1, 17, 73, 9515 }, // U+04BA
    { 15, 19, 232, 0, 19, 72, 9588 }, // U+04BB
    { 12, 17, 151, -1, 17, 51, 9660 }, // U+04C0
    { 27, 24, 400, -1, 24, 162, 9711 }, // U+04C1
    { 23, 20, 359, 0, 20, 115, 9873 }, // U+04C2
    { 11, 19, 123, -1, 19, 53, 9988 }, // U+04CF
    { 18, 24, 275, -2, 24, 108, 10041 }, // U+04D0
    { 15, 20, 228, 0, 20, 75, 10149 }, // U+04D1
    { 25, 17, 359, -2, 17, 107, 10224 }, // U+04D4
    { 19, 13, 303, 0, 13, 62, 10331 }, // U+04D5
    { 16, 24, 235, -1, 24, 96, 10393 }, // U+04D6
    { 14, 20, 188, 0, 20, 70, 10489 }, // U+04D7
    { 16, 17, 251, 0, 17, 68, 10559 }, // U+04D8
    { 12, 13, 193, 0, 13, 39, 10627 }, // U+04D9
    { 22, 21, 308, -1, 21, 116, 10666 }, // U+04E2
    { 14, 18, 236, 1, 18, 63, 10782 }, // U+04E3
    { 17, 22, 268, 0, 22, 94, 10845 }, // U+04E6
    { 14, 20, 213, 0, 20, 70, 10939 }, // U+04E7
    { 17, 17, 268, 0, 17, 73, 11009 }, // U+04E8
    { 13, 13, 213, 0, 13, 43, 11082 }, // U+04E9
    { 18, 22, 242, 0, 21, 99, 11125 }, // U+04EE
    { 16, 24, 214, -2, 18, 96, 11224 }, // U+04EF
    { 18, 24, 242, 0, 23, 108, 11320 }, // U+04F2
    { 17, 26, 214, -2, 20, 111, 11428 }, // U+04F3
    { 18, 22, 275, -2, 17, 99, 0 }, // U+1EA0
    { 15, 19, 228, 0, 14, 72, 99 }, // U+1EA1
    { 18, 23, 275, -2, 23, 104, 171 }, // U+1EA2
    { 15, 20, 228, 0, 20, 75, 275 }, // U+1EA3
    { 20, 25, 275, -2, 25, 125, 350 }, // U+1EA4
    { 17, 21, 228, 0, 21, 90, 475 }, // U+1EA5
    { 18, 25, 275, -2, 25, 113, 565 }, // U+1EA6
    { 15, 21, 228, 0, 21, 79, 678 }, // U+1EA7
    { 19, 27, 275, -2, 27, 129, 757 }, // U+1EA8
    { 16, 23, 228, 0, 23, 92, 886 }, // U+1EA9
    { 18, 27, 275, -2, 27, 122, 978 }, // U+1EAA
    { 15, 23, 228, 0, 23, 87, 1100 }, // U+1EAB
    { 18, 28, 275, -2, 23, 126, 1187 }, // U+1EAC
    { 15, 25, 228, 0, 20, 94, 1313 }, // U+1EAD
    { 18, 26, 275, -2, 26, 117, 1407 }, // U+1EAE
    { 15, 24, 228, 0, 24, 90, 1524 }, // U+1EAF
    { 18, 26, 275, -2, 26, 117, 1614 }, // U+1EB0
    { 15, 24, 228, 0, 24, 90, 1731 }, // U+1EB1
    { 18, 26, 275, -2, 26, 117, 1821 }, // U+1EB2
    { 15, 24, 228, 0, 24, 90, 1938 }, // U+1EB3
    { 18, 27, 275, -2, 27, 122, 2028 }, // U+1EB4
    { 15, 24, 228, 0, 24, 90, 2150 }, // U+1EB5
    { 18, 27, 275, -2, 22, 122, 2240 }, // U+1EB6
    { 15, 25, 228, 0, 20, 94, 2362 }, // U+1EB7
    { 16, 22, 235, -1, 17, 88, 2456 }, // U+1EB8
    { 12, 18, 188, 0, 13, 54, 2544 }, // U+1EB9
    { 16, 23, 235, -1, 23, 92, 2598 }, // U+1EBA
    { 12, 20, 188, 0, 20, 60, 2690 }, // U+1EBB
    { 16, 23, 235, -1, 23, 92, 2750 }, // U+1EBC
    { 14, 20, 188, 0, 20, 70, 2842 }, // U+1EBD
    { 18, 25, 235, -1, 25, 113, 2912 }, // U+1EBE
    { 16, 21, 188, 0, 21, 84, 3025 }, // U+1EBF
    { 16, 25, 235, -1, 25, 100, 3109 }, // U+1EC0
    { 13, 21, 188, 0, 21, 69, 3209 }, // U+1EC1
    { 17, 27, 235, -1, 27, 115, 3278 }, // U+1EC2
    { 16, 23, 188, 0, 23, 92, 3393 }, // U+1EC3
    { 16, 27, 235, -1, 27, 108, 3485 }, // U+1EC4
    { 14, 23, 188, 0, 23, 81, 3593 }, // U+1EC5
    { 16, 28, 235, -1, 23, 112, 3674 }, // U+1EC6
    { 13, 25, 188, 0, 20, 82, 3786 }, // U+1EC7
    { 12, 23, 151, -1, 23, 69, 3868 }, // U+1EC8
    { 8, 20, 128, 1, 20, 40, 3937 }, // U+1EC9
    { 12, 22, 151, -1, 17, 66, 3977 }, // U+1ECA
    { 7, 25, 128, 1, 20, 44, 4043 }, // U+1ECB
    { 17, 22, 268, 0, 17, 94, 4087 }, // U+1ECC
    { 13, 18, 213, 0, 13, 59, 4181 }, // U+1ECD
    { 17, 23, 268, 0, 23, 98, 4240 }, // U+1ECE
    { 13, 20, 213, 0, 20, 65, 4338 }, // U+1ECF
    { 18, 25, 268, 0, 25, 113, 4403 }, // U+1ED0
    { 16, 21, 213, 0, 21, 84, 4516 }, // U+1ED1
    { 17, 25, 268, 0, 25, 107, 4600 }, // U+1ED2
    { 13, 21, 213, 0, 21, 69, 4707 }, // U+1ED3
    { 17, 27, 268, 0, 27, 115, 4776 }, // U+1ED4
    { 15, 23, 213, 0, 23, 87, 4891 }, // U+1ED5
    { 17, 27, 268, 0, 27, 115, 4978 }, // U+1ED6
    { 14, 23, 213, 0, 23, 81, 5093 }, // U+1ED7
    { 17, 28, 268, 0, 23, 119, 5174 }, // U+1ED8
    { 13, 25, 213, 0, 20, 82, 5293 }, // U+1ED9
    { 18, 23, 268, 0, 23, 104, 5375 }, // U+1EDA
    { 15, 20, 213, 0, 20, 75, 5479 }, // U+1EDB
    { 18, 23, 268, 0, 23, 104, 5554 }, // U+1EDC
    { 15, 20, 213, 0, 20, 75, 5658 }, // U+1EDD
    { 18, 23, 268, 0, 23, 104, 5733 }, // U+1EDE
    { 15, 20, 213, 0, 20, 75, 5837 }, // U+1EDF
    { 18, 23, 268, 0, 23, 104, 5912 }, // U+1EE0
    { 15, 20, 213, 0, 20, 75, 6016 }, // U+1EE1
    { 18, 27, 268, 0, 22, 122, 6091 }, // U+1EE2
    { 15, 23, 213, 0, 18, 87, 6213 }, // U+1EE3
    { 18, 22, 275, 1, 17, 99, 6300 }, // U+1EE4
    { 14, 19, 236, 1, 14, 67, 6399 }, // U+1EE5
    { 18, 23, 275, 1, 23, 104, 6466 }, // U+1EE6
    { 14, 20, 236, 1, 20, 70, 6570 }, // U+1EE7
    { 20, 23, 275, 1, 23, 115, 6640 }, // U+1EE8
    { 16, 20, 236, 1, 20, 80, 6755 }, // U+1EE9
    { 20, 23, 275, 1, 23, 115, 6835 }, // U+1EEA
    { 16, 20, 236, 1, 20, 80, 6950 }, // U+1EEB
    { 20, 23, 275, 1, 23, 115, 7030 }, // U+1EEC
    { 16, 20, 236, 1, 20, 80, 7145 }, // U+1EED
    { 20, 23, 275, 1, 23, 115, 7225 }, // U+1EEE
    { 16, 20, 236, 1, 20, 80, 7340 }, // U+1EEF
    { 20, 27, 275, 1, 22, 135, 7420 }, // U+1EF0
    { 16, 22, 236, 1, 17, 88, 7555 }, // U+1EF1
    { 16, 23, 230, 1, 23, 92, 7643 }, // U+1EF2
    { 16, 26, 214, -2, 20, 104, 7735 }, // U+1EF3
    { 16, 22, 230, 1, 17, 88, 7839 }, // U+1EF4
    { 16, 19, 214, -2, 13, 76, 7927 }, // U+1EF5
    { 16, 23, 230, 1, 23, 92, 8003 }, // U+1EF6
    { 16, 26, 214, -2, 20, 104, 8095 }, // U+1EF7
    { 16, 23, 230, 1, 23, 92, 8199 }, // U+1EF8
    { 16, 26, 214, -2, 20, 104, 8291 }, // U+1EF9
    { 0, 0, 200, 0, 0, 0, 0 }, // U+2002
    { 0, 0, 400, 0, 0, 0, 0 }, // U+2003
    { 0, 0, 133, 0, 0, 0, 0 }, // U+2004
    { 0, 0, 100, 0, 0, 0, 0 }, // U+2005
    { 0, 0, 67, 0, 0, 0, 0 }, // U+2006
    { 0, 0, 218, 0, 0, 0, 0 }, // U+2007
    { 0, 0, 50, 0, 0, 0, 0 }, // U+2009
    { 0, 0, 17, 0, 0, 0, 0 }, // U+200A
    { 0, 0, 0, 0, 0, 0, 0 }, // U+200B
    { 8, 2, 138, 0, 8, 4, 0 }, // U+2010
    { 12, 2, 218, 1, 9, 6, 4 }, // U+2012
    { 13, 2, 218, 0, 8, 7, 10 }, // U+2013
    { 20, 2, 338, 0, 8, 10, 17 }, // U+2014
    { 20, 2, 338, 0, 8, 10, 27 }, // U+2015
    { 6, 8, 112, 2, 19, 12, 37 }, // U+2018
    { 6, 8, 112, 2, 18, 12, 49 }, // U+2019
    { 6, 8, 112, -1, 4, 12, 61 }, // U+201A
    { 11, 8, 199, 2, 19, 22, 73 }, // U+201C
    { 11, 8, 199, 2, 18, 22, 95 }, // U+201D
    { 11, 8, 199, -1, 4, 22, 117 }, // U+201E
    { 12, 21, 202, 1, 19, 63, 139 }, // U+2020
    { 13, 21, 202, 0, 19, 69, 202 }, // U+2021
    { 7, 7, 131, 1, 12, 13, 271 }, // U+2022
    { 13, 4, 248, 1, 4, 13, 284 }, // U+2025
    { 20, 4, 352, 0, 4, 20, 297 }, // U+2026
    { 0, 0, 50, 0, 0, 0, 317 }, // U+202F
    { 30, 19, 514, 1, 18, 143, 317 }, // U+2030
    { 6, 9, 102, 2, 19, 14, 460 }, // U+2032
    { 11, 9, 190, 2, 19, 25, 474 }, // U+2033
    { 8, 12, 152, 1, 12, 24, 499 }, // U+2039
    { 8, 12, 152, 0, 13, 24, 523 }, // U+203A
    { 16, 17, 241, 0, 17, 68, 547 }, // U+203C
    { 14, 18, 70, -5, 17, 63, 615 }, // U+2044
    { 24, 17, 366, 0, 17, 102, 678 }, // U+2047
    { 20, 17, 304, 0, 17, 85, 780 }, // U+2048
    { 20, 17, 304, 0, 17, 85, 865 }, // U+2049
    { 9, 11, 148, 2, 22, 25, 0 }, // U+2070
    { 5, 12, 87, 2, 23, 15, 25 }, // U+2071
    { 10, 11, 148, 1, 22, 28, 40 }, // U+2074
    { 9, 10, 148, 2, 21, 23, 68 }, // U+2075
    { 9, 11, 148, 2, 22, 25, 91 }, // U+2076
    { 9, 10, 148, 2, 21, 23, 116 }, // U+2077
    { 9, 11, 148, 2, 22, 25, 139 }, // U+2078
    { 9, 11, 148, 2, 21, 25, 164 }, // U+2079
    { 6, 15, 116, 3, 22, 23, 189 }, // U+207D
    { 7, 15, 116, 1, 22, 27, 212 }, // U+207E
    { 10, 9, 160, 2, 20, 23, 239 }, // U+207F
    { 10, 11, 148, -2, 7, 28, 262 }, // U+2080
    { 7, 11, 148, -1, 7, 20, 290 }, // U+2081
    { 9, 10, 148, -2, 6, 23, 310 }, // U+2082
    { 9, 10, 148, -2, 6, 23, 333 }, // U+2083
    { 9, 11, 148, -2, 7, 25, 356 }, // U+2084
    { 10, 10, 148, -2, 6, 25, 381 }, // U+2085
    { 9, 11, 148, -1, 7, 25, 406 }, // U+2086
    { 9, 10, 148, -1, 6, 23, 431 }, // U+2087
    { 9, 11, 148, -1, 7, 25, 454 }, // U+2088
    { 9, 11, 148, -1, 6, 25, 479 }, // U+2089
    { 7, 15, 116, -1, 7, 27, 504 }, // U+208D
    { 6, 15, 116, -2, 7, 23, 531 }, // U+208E
    { 13, 22, 218, 1, 19, 72, 0 }, // U+20A1
    { 13, 17, 218, 0, 17, 56, 72 }, // U+20A4
    { 16, 16, 218, -1, 16, 64, 128 }, // U+20A6
    { 16, 16, 218, -1, 16, 64, 192 }, // U+20A7
    { 16, 17, 218, 0, 17, 68, 256 }, // U+20A9
    { 16, 18, 218, -1, 18, 72, 324 }, // U+20AB
    { 15, 17, 218, -1, 17, 64, 396 }, // U+20AC
    { 14, 16, 218, 1, 16, 56, 460 }, // U+20AE
    { 17, 16, 218, -1, 16, 68, 516 }, // U+20B1
    { 14, 22, 218, 0, 19, 77, 584 }, // U+20B2
    { 14, 17, 218, 0, 17, 60, 661 }, // U+20B4
    { 13, 22, 218, 1, 19, 72, 721 }, // U+20B5
    { 15, 17, 218, 0, 17, 64, 793 }, // U+20B8
    { 13, 16, 218, 1, 16, 52, 857 }, // U+20B9
    { 13, 17, 218, 0, 17, 56, 909 }, // U+20BA
    { 15, 16, 218, -1, 16, 60, 965 }, // U+20BD
    { 15, 22, 218, -1, 19, 83, 1025 }, // U+20BF
    { 17, 17, 264, -1, 16, 73, 0 }, // U+2190
    { 17, 16, 264, -1, 15, 68, 73 }, // U+2191
    { 17, 17, 264, -1, 16, 73, 141 }, // U+2192
    { 17, 16, 264, -1, 15, 68, 214 }, // U+2193
    { 14, 14, 264, 1, 14, 49, 282 }, // U+2196
    { 13, 14, 264, 1, 14, 46, 331 }, // U+2197
    { 13, 13, 264, 1, 14, 43, 377 }, // U+2198
    { 14, 13, 264, 1, 14, 46, 420 }, // U+2199
    { 13, 16, 225, 0, 16, 52, 0 }, // U+2202
    { 15, 17, 241, -1, 17, 64, 52 }, // U+2206
    { 18, 19, 310, 1, 16, 86, 116 }, // U+220F
    { 15, 20, 245, 0, 17, 75, 202 }, // U+2211
    { 12, 3, 218, 1, 10, 9, 277 }, // U+2212
    { 14, 18, 70, -5, 17, 63, 286 }, // U+2215
    { 6, 5, 124, 1, 11, 8, 349 }, // U+2219
    { 16, 23, 229, 1, 20, 92, 357 }, // U+221A
    { 18, 10, 323, 1, 13, 45, 449 }, // U+221E
    { 17, 25, 162, -4, 19, 107, 494 }, // U+222B
    { 12, 11, 218, 1, 15, 33, 601 }, // U+2248
    { 12, 16, 218, 1, 16, 48, 634 }, // U+2260
    { 13, 14, 218, 0, 14, 46, 682 }, // U+2264
    { 12, 14, 218, 1, 14, 42, 728 }, // U+2265
    { 25, 26, 255, -5, 20, 163, 0 }, // U+FB00
    { 21, 26, 243, -5, 20, 137, 163 }, // U+FB01
    { 21, 26, 246, -5, 20, 137, 300 }, // U+FB02
    { 28, 26, 361, -5, 20, 182, 437 }, // U+FB03
    { 28, 26, 364, -5, 20, 182, 619 }, // U+FB04
};

static const EpdUnicodeInterval sourceserif4_12_bolditalicIntervals[] = {
    { 0x20, 0x7E, 0x0 },
    { 0xA0, 0x12B, 0x5F },
    { 0x12E, 0x131, 0xEB },
    { 0x134, 0x165, 0xEF },
    { 0x168, 0x17F, 0x121 },
    { 0x1A0, 0x1A1, 0x139 },
    { 0x1AF, 0x1B0, 0x13B },
    { 0x1CD, 0x1DC, 0x13D },
    { 0x1E6, 0x1E7, 0x14D },
    { 0x1F8, 0x1F9, 0x14F },
    { 0x218, 0x21B, 0x151 },
    { 0x300, 0x304, 0x155 },
    { 0x306, 0x30C, 0x15A },
    { 0x31B, 0x31B, 0x161 },
    { 0x323, 0x324, 0x162 },
    { 0x326, 0x329, 0x164 },
    { 0x32E, 0x32E, 0x168 },
    { 0x331, 0x331, 0x169 },
    { 0x400, 0x45F, 0x16A },
    { 0x462, 0x463, 0x1CA },
    { 0x472, 0x475, 0x1CC },
    { 0x490, 0x493, 0x1D0 },
    { 0x496, 0x49B, 0x1D4 },
    { 0x4A0, 0x4A3, 0x1DA },
    { 0x4AA, 0x4AB, 0x1DE },
    { 0x4AE, 0x4B3, 0x1E0 },
    { 0x4B6, 0x4B7, 0x1E6 },
    { 0x4BA, 0x4BB, 0x1E8 },
    { 0x4C0, 0x4C2, 0x1EA },
    { 0x4CF, 0x4D1, 0x1ED },
    { 0x4D4, 0x4D9, 0x1F0 },
    { 0x4E2, 0x4E3, 0x1F6 },
    { 0x4E6, 0x4E9, 0x1F8 },
    { 0x4EE, 0x4EF, 0x1FC },
    { 0x4F2, 0x4F3, 0x1FE },
    { 0x1EA0, 0x1EF9, 0x200 },
    { 0x2002, 0x2007, 0x25A },
    { 0x2009, 0x200B, 0x260 },
    { 0x2010, 0x2010, 0x263 },
    { 0x2012, 0x2015, 0x264 },
    { 0x2018, 0x201A, 0x268 },
    { 0x201C, 0x201E, 0x26B },
    { 0x2020, 0x2022, 0x26E },
    { 0x2025, 0x2026, 0x271 },
    { 0x202F, 0x2030, 0x273 },
    { 0x2032, 0x2033, 0x275 },
    { 0x2039, 0x203A, 0x277 },
    { 0x203C, 0x203C, 0x279 },
    { 0x2044, 0x2044, 0x27A },
    { 0x2047, 0x2049, 0x27B },
    { 0x2070, 0x2071, 0x27E },
    { 0x2074, 0x2079, 0x280 },
    { 0x207D, 0x2089, 0x286 },
    { 0x208D, 0x208E, 0x293 },
    { 0x20A1, 0x20A1, 0x295 },
    { 0x20A4, 0x20A4, 0x296 },
    { 0x20A6, 0x20A7, 0x297 },
    { 0x20A9, 0x20A9, 0x299 },
    { 0x20AB, 0x20AC, 0x29A },
    { 0x20AE, 0x20AE, 0x29C },
    { 0x20B1, 0x20B2, 0x29D },
    { 0x20B4, 0x20B5, 0x29F },
    { 0x20B8, 0x20BA, 0x2A1 },
    { 0x20BD, 0x20BD, 0x2A4 },
    { 0x20BF, 0x20BF, 0x2A5 },
    { 0x2190, 0x2193, 0x2A6 },
    { 0x2196, 0x2199, 0x2AA },
    { 0x2202, 0x2202, 0x2AE },
    { 0x2206, 0x2206, 0x2AF },
    { 0x220F, 0x220F, 0x2B0 },
    { 0x2211, 0x2212, 0x2B1 },
    { 0x2215, 0x2215, 0x2B3 },
    { 0x2219, 0x221A, 0x2B4 },
    { 0x221E, 0x221E, 0x2B6 },
    { 0x222B, 0x222B, 0x2B7 },
    { 0x2248, 0x2248, 0x2B8 },
    { 0x2260, 0x2260, 0x2B9 },
    { 0x2264, 0x2265, 0x2BA },
    { 0xFB00, 0xFB04, 0x2BC },
};

static const EpdFontGroup sourceserif4_12_bolditalicGroups[] = {
    { 0, 3221, 5922, 95, 0 },
    { 3221, 2795, 7026, 96, 95 },
    { 6016, 3585, 10887, 122, 191 },
    { 9601, 1106, 2797, 28, 313 },
    { 10707, 207, 262, 21, 341 },
    { 10914, 5008, 12406, 150, 362 },
    { 15922, 1996, 9013, 90, 512 },
    { 17918, 631, 1012, 36, 602 },
    { 18549, 449, 703, 23, 638 },
    { 18998, 788, 1232, 17, 661 },
    { 19786, 302, 546, 8, 678 },
    { 20088, 445, 844, 14, 686 },
    { 20533, 366, 858, 5, 700 },
};

static const EpdKernClassEntry sourceserif4_12_bolditalicKernLeftClasses[] = {
    { 0x0022, 1 }, // "
    { 0x0023, 2 }, // #
    { 0x0026, 3 }, // &
    { 0x0027, 1 }, // '
    { 0x0028, 4 }, // (
    { 0x0029, 5 }, // )
    { 0x002A, 6 }, // *
    { 0x002B, 7 }, // +
    { 0x002C, 8 }, // ,
    { 0x002E, 8 }, // .
    { 0x002F, 9 }, // /
    { 0x0030, 10 }, // 0
    { 0x0031, 11 }, // 1
    { 0x0032, 12 }, // 2
    { 0x0033, 13 }, // 3
    { 0x0034, 14 }, // 4
    { 0x0035, 15 }, // 5
    { 0x0036, 16 }, // 6
    { 0x0037, 17 }, // 7
    { 0x0038, 13 }, // 8
    { 0x0039, 18 }, // 9
    { 0x003A, 19 }, // :
    { 0x003B, 19 }, // ;
    { 0x003D, 20 }, // =
    { 0x003E, 7 }, // >
    { 0x003F, 21 }, // ?
    { 0x0040, 22 }, // @
    { 0x0041, 23 }, // A
    { 0x0042, 24 }, // B
    { 0x0043, 25 }, // C
    { 0x0044, 26 }, // D
    { 0x0045, 27 }, // E
    { 0x0046, 28 }, // F
    { 0x0047, 29 }, // G
    { 0x0048, 30 }, // H
    { 0x0049, 30 }, // I
    { 0x004A, 31 }, // J
    { 0x004B, 32 }, // K
    { 0x004C, 33 }, // L
    { 0x004D, 30 }, // M
    { 0x004E, 34 }, // N
    { 0x004F, 35 }, // O
    { 0x0050, 36 }, // P
    { 0x0051, 35 }, // Q
    { 0x0052, 37 }, // R
    { 0x0053, 38 }, // S
    { 0x0054, 39 }, // T
    { 0x0055, 40 }, // U
    { 0x0056, 41 }, // V
    { 0x0057, 42 }, // W
    { 0x0058, 43 }, // X
    { 0x0059, 44 }, // Y
    { 0x005A, 45 }, // Z
    { 0x005B, 4 }, // [
    { 0x005C, 46 }, // <backslash>
    { 0x005D, 5 }, // ]
    { 0x005F, 47 }, // _
    { 0x0061, 48 }, // a
    { 0x0062, 49 }, // b
    { 0x0063, 50 }, // c
    { 0x0064, 51 }, // d
    { 0x0065, 52 }, // e
    { 0x0066, 53 }, // f
    { 0x0067, 54 }, // g
    { 0x0068, 55 }, // h
    { 0x0069, 56 }, // i
    { 0x006A, 57 }, // j
    { 0x006B, 58 }, // k
    { 0x006C, 51 }, // l
    { 0x006D, 55 }, // m
    { 0x006E, 55 }, // n
    { 0x006F, 59 }, // o
    { 0x0070, 49 }, // p
    { 0x0071, 60 }, // q
    { 0x0072, 61 }, // r
    { 0x0073, 62 }, // s
    { 0x0074, 63 }, // t
    { 0x0075, 64 }, // u
    { 0x0076, 65 }, // v
    { 0x0077, 65 }, // w
    { 0x0078, 66 }, // x
    { 0x0079, 65 }, // y
    { 0x007A, 67 }, // z
    { 0x007B, 4 }, // {
    { 0x007C, 68 }, // |
    { 0x007D, 5 }, // }
    { 0x007E, 7 }, // ~
    { 0x00A1, 69 }, // U+00A1
    { 0x00A2, 70 }, // U+00A2
    { 0x00A6, 68 }, // U+00A6
    { 0x00A9, 71 }, // U+00A9
    { 0x00AB, 72 }, // U+00AB
    { 0x00AC, 20 }, // U+00AC
    { 0x00AD, 73 }, // U+00AD
    { 0x00AE, 6 }, // U+00AE
    { 0x00B1, 74 }, // U+00B1
    { 0x00B5, 75 }, // U+00B5
    { 0x00B7, 76 }, // U+00B7
    { 0x00BB, 77 }, // U+00BB
    { 0x00BF, 78 }, // U+00BF
    { 0x00C0, 23 }, // U+00C0
    { 0x00C1, 23 }, // U+00C1
    { 0x00C2, 23 }, // U+00C2
    { 0x00C3, 23 }, // U+00C3
    { 0x00C4, 23 }, // U+00C4
    { 0x00C5, 23 }, // U+00C5
    { 0x00C6, 27 }, // U+00C6
    { 0x00C7, 25 }, // U+00C7
    { 0x00C8, 27 }, // U+00C8
    { 0x00C9, 27 }, // U+00C9
    { 0x00CA, 27 }, // U+00CA
    { 0x00CB, 27 }, // U+00CB
    { 0x00CC, 30 }, // U+00CC
    { 0x00CD, 30 }, // U+00CD
    { 0x00CE, 30 }, // U+00CE
    { 0x00CF, 30 }, // U+00CF
    { 0x00D0, 26 }, // U+00D0
    { 0x00D1, 34 }, // U+00D1
    { 0x00D2, 35 }, // U+00D2
    { 0x00D3, 35 }, // U+00D3
    { 0x00D4, 35 }, // U+00D4
    { 0x00D5, 35 }, // U+00D5
    { 0x00D6, 35 }, // U+00D6
    { 0x00D8, 35 }, // U+00D8
    { 0x00D9, 40 }, // U+00D9
    { 0x00DA, 40 }, // U+00DA
    { 0x00DB, 40 }, // U+00DB
    { 0x00DC, 40 }, // U+00DC
    { 0x00DD, 44 }, // U+00DD
    { 0x00DE, 79 }, // U+00DE
    { 0x00DF, 80 }, // U+00DF
    { 0x00E0, 48 }, // U+00E0
    { 0x00E1, 48 }, // U+00E1
    { 0x00E2, 48 }, // U+00E2
    { 0x00E3, 48 }, // U+00E3
    { 0x00E4, 48 }, // U+00E4
    { 0x00E5, 48 }, // U+00E5
    { 0x00E6, 52 }, // U+00E6
    { 0x00E7, 50 }, // U+00E7
    { 0x00E8, 52 }, // U+00E8
    { 0x00E9, 52 }, // U+00E9
    { 0x00EA, 52 }, // U+00EA
    { 0x00EB, 52 }, // U+00EB
    { 0x00EC, 56 }, // U+00EC
    { 0x00ED, 56 }, // U+00ED
    { 0x00EE, 81 }, // U+00EE
    { 0x00EF, 81 }, // U+00EF
    { 0x00F0, 82 }, // U+00F0
    { 0x00F1, 55 }, // U+00F1
    { 0x00F2, 59 }, // U+00F2
    { 0x00F3, 59 }, // U+00F3
    { 0x00F4, 59 }, // U+00F4
    { 0x00F5, 59 }, // U+00F5
    { 0x00F6, 59 }, // U+00F6
    { 0x00F7, 7 }, // U+00F7
    { 0x00F8, 59 }, // U+00F8
    { 0x00F9, 64 }, // U+00F9
    { 0x00FA, 64 }, // U+00FA
    { 0x00FB, 64 }, // U+00FB
    { 0x00FC, 64 }, // U+00FC
    { 0x00FD, 65 }, // U+00FD
    { 0x00FE, 49 }, // U+00FE
    { 0x00FF, 65 }, // U+00FF
    { 0x0100, 23 }, // U+0100
    { 0x0101, 48 }, // U+0101
    { 0x0102, 23 }, // U+0102
    { 0x0103, 48 }, // U+0103
    { 0x0104, 83 }, // U+0104
    { 0x0105, 84 }, // U+0105
    { 0x0106, 25 }, // U+0106
    { 0x0107, 50 }, // U+0107
    { 0x0108, 25 }, // U+0108
    { 0x0109, 50 }, // U+0109
    { 0x010A, 25 }, // U+010A
    { 0x010B, 50 }, // U+010B
    { 0x010C, 25 }, // U+010C
    { 0x010D, 50 }, // U+010D
    { 0x010E, 26 }, // U+010E
    { 0x010F, 85 }, // U+010F
    { 0x0110, 26 }, // U+0110
    { 0x0111, 51 }, // U+0111
    { 0x0112, 27 }, // U+0112
    { 0x0113, 52 }, // U+0113
    { 0x0114, 27 }, // U+0114
    { 0x0115, 52 }, // U+0115
    { 0x0116, 27 }, // U+0116
    { 0x0117, 52 }, // U+0117
    { 0x0118, 27 }, // U+0118
    { 0x0119, 52 }, // U+0119
    { 0x011A, 27 }, // U+011A
    { 0x011B, 52 }, // U+011B
    { 0x011C, 29 }, // U+011C
    { 0x011D, 54 }, // U+011D
    { 0x011E, 29 }, // U+011E
    { 0x011F, 54 }, // U+011F
    { 0x0120, 29 }, // U+0120
    { 0x0121, 54 }, // U+0121
    { 0x0122, 29 }, // U+0122
    { 0x0123, 54 }, // U+0123
    { 0x0124, 30 }, // U+0124
    { 0x0125, 55 }, // U+0125
    { 0x0126, 30 }, // U+0126
    { 0x0127, 55 }, // U+0127
    { 0x0128, 30 }, // U+0128
    { 0x0129, 81 }, // U+0129
    { 0x012A, 30 }, // U+012A
    { 0x012B, 81 }, // U+012B
    { 0x012E, 30 }, // U+012E
    { 0x012F, 86 }, // U+012F
    { 0x0130, 30 }, // U+0130
    { 0x0131, 56 }, // U+0131
    { 0x0134, 31 }, // U+0134
    { 0x0135, 57 }, // U+0135
    { 0x0136, 32 }, // U+0136
    { 0x0137, 58 }, // U+0137
    { 0x0138, 58 }, // U+0138
    { 0x0139, 33 }, // U+0139
    { 0x013A, 51 }, // U+013A
    { 0x013B, 33 }, // U+013B
    { 0x013C, 51 }, // U+013C
    { 0x013D, 87 }, // U+013D
    { 0x013E, 85 }, // U+013E
    { 0x0141, 33 }, // U+0141
    { 0x0142, 88 }, // U+0142
    { 0x0143, 34 }, // U+0143
    { 0x0144, 55 }, // U+0144
    { 0x0145, 34 }, // U+0145
    { 0x0146, 55 }, // U+0146
    { 0x0147, 34 }, // U+0147
    { 0x0148, 55 }, // U+0148
    { 0x014A, 31 }, // U+014A
    { 0x014B, 57 }, // U+014B
    { 0x014C, 35 }, // U+014C
    { 0x014D, 59 }, // U+014D
    { 0x014E, 35 }, // U+014E
    { 0x014F, 59 }, // U+014F
    { 0x0150, 35 }, // U+0150
    { 0x0151, 59 }, // U+0151
    { 0x0152, 27 }, // U+0152
    { 0x0153, 52 }, // U+0153
    { 0x0154, 37 }, // U+0154
    { 0x0155, 61 }, // U+0155
    { 0x0156, 37 }, // U+0156
    { 0x0157, 61 }, // U+0157
    { 0x0158, 37 }, // U+0158
    { 0x0159, 61 }, // U+0159
    { 0x015A, 38 }, // U+015A
    { 0x015B, 62 }, // U+015B
    { 0x015C, 38 }, // U+015C
    { 0x015D, 62 }, // U+015D
    { 0x015E, 38 }, // U+015E
    { 0x015F, 62 }, // U+015F
    { 0x0160, 38 }, // U+0160
    { 0x0161, 62 }, // U+0161
    { 0x0162, 39 }, // U+0162
    { 0x0163, 63 }, // U+0163
    { 0x0164, 39 }, // U+0164
    { 0x0165, 89 }, // U+0165
    { 0x0168, 40 }, // U+0168
    { 0x0169, 64 }, // U+0169
    { 0x016A, 40 }, // U+016A
    { 0x016B, 64 }, // U+016B
    { 0x016C, 40 }, // U+016C
    { 0x016D, 64 }, // U+016D
    { 0x016E, 40 }, // U+016E
    { 0x016F, 64 }, // U+016F
    { 0x0170, 40 }, // U+0170
    { 0x0171, 64 }, // U+0171
    { 0x0172, 40 }, // U+0172
    { 0x0173, 90 }, // U+0173
    { 0x0174, 42 }, // U+0174
    { 0x0175, 65 }, // U+0175
    { 0x0176, 44 }, // U+0176
    { 0x0177, 65 }, // U+0177
    { 0x0178, 44 }, // U+0178
    { 0x0179, 45 }, // U+0179
    { 0x017A, 67 }, // U+017A
    { 0x017B, 45 }, // U+017B
    { 0x017C, 67 }, // U+017C
    { 0x017D, 45 }, // U+017D
    { 0x017E, 67 }, // U+017E
    { 0x017F, 53 }, // U+017F
    { 0x01A0, 91 }, // U+01A0
    { 0x01A1, 92 }, // U+01A1
    { 0x01AF, 93 }, // U+01AF
    { 0x01B0, 94 }, // U+01B0
    { 0x01CD, 23 }, // U+01CD
    { 0x01CE, 48 }, // U+01CE
    { 0x01CF, 30 }, // U+01CF
    { 0x01D0, 81 }, // U+01D0
    { 0x01D1, 35 }, // U+01D1
    { 0x01D2, 59 }, // U+01D2
    { 0x01D3, 40 }, // U+01D3
    { 0x01D4, 64 }, // U+01D4
    { 0x01D5, 40 }, // U+01D5
    { 0x01D6, 64 }, // U+01D6
    { 0x01D7, 40 }, // U+01D7
    { 0x01D8, 64 }, // U+01D8
    { 0x01D9, 40 }, // U+01D9
    { 0x01DA, 64 }, // U+01DA
    { 0x01DB, 40 }, // U+01DB
    { 0x01DC, 64 }, // U+01DC
    { 0x01E6, 29 }, // U+01E6
    { 0x01E7, 54 }, // U+01E7
    { 0x01F8, 34 }, // U+01F8
    { 0x01F9, 55 }, // U+01F9
    { 0x0218, 38 }, // U+0218
    { 0x0219, 62 }, // U+0219
    { 0x021A, 39 }, // U+021A
    { 0x021B, 63 }, // U+021B
    { 0x0400, 95 }, // U+0400
    { 0x0401, 95 }, // U+0401
    { 0x0402, 96 }, // U+0402
    { 0x0403, 97 }, // U+0403
    { 0x0404, 98 }, // U+0404
    { 0x0405, 99 }, // U+0405
    { 0x0406, 100 }, // U+0406
    { 0x0407, 100 }, // U+0407
    { 0x0408, 101 }, // U+0408
    { 0x0409, 102 }, // U+0409
    { 0x040A, 102 }, // U+040A
    { 0x040B, 103 }, // U+040B
    { 0x040C, 104 }, // U+040C
    { 0x040D, 100 }, // U+040D
    { 0x040E, 105 }, // U+040E
    { 0x040F, 100 }, // U+040F
    { 0x0410, 106 }, // U+0410
    { 0x0411, 107 }, // U+0411
    { 0x0412, 107 }, // U+0412
    { 0x0413, 97 }, // U+0413
    { 0x0414, 108 }, // U+0414
    { 0x0415, 95 }, // U+0415
    { 0x0416, 104 }, // U+0416
    { 0x0417, 107 }, // U+0417
    { 0x0418, 100 }, // U+0418
    { 0x0419, 100 }, // U+0419
    { 0x041A, 104 }, // U+041A
    { 0x041B, 100 }, // U+041B
    { 0x041C, 100 }, // U+041C
    { 0x041D, 100 }, // U+041D
    { 0x041E, 109 }, // U+041E
    { 0x041F, 100 }, // U+041F
    { 0x0420, 110 }, // U+0420
    { 0x0421, 98 }, // U+0421
    { 0x0422, 111 }, // U+0422
    { 0x0423, 105 }, // U+0423
    { 0x0424, 112 }, // U+0424
    { 0x0425, 104 }, // U+0425
    { 0x0426, 108 }, // U+0426
    { 0x0427, 100 }, // U+0427
    { 0x0428, 100 }, // U+0428
    { 0x0429, 108 }, // U+0429
    { 0x042A, 102 }, // U+042A
    { 0x042B, 100 }, // U+042B
    { 0x042C, 102 }, // U+042C
    { 0x042D, 109 }, // U+042D
    { 0x042E, 109 }, // U+042E
    { 0x042F, 100 }, // U+042F
    { 0x0430, 113 }, // U+0430
    { 0x0431, 114 }, // U+0431
    { 0x0432, 115 }, // U+0432
    { 0x0433, 116 }, // U+0433
    { 0x0434, 117 }, // U+0434
    { 0x0435, 118 }, // U+0435
    { 0x0436, 119 }, // U+0436
    { 0x0437, 115 }, // U+0437
    { 0x0438, 120 }, // U+0438
    { 0x0439, 120 }, // U+0439
    { 0x043A, 121 }, // U+043A
    { 0x043B, 120 }, // U+043B
    { 0x043C, 120 }, // U+043C
    { 0x043D, 120 }, // U+043D
    { 0x043E, 122 }, // U+043E
    { 0x043F, 123 }, // U+043F
    { 0x0440, 124 }, // U+0440
    { 0x0441, 125 }, // U+0441
    { 0x0442, 123 }, // U+0442
    { 0x0443, 126 }, // U+0443
    { 0x0444, 124 }, // U+0444
    { 0x0445, 127 }, // U+0445
    { 0x0446, 128 }, // U+0446
    { 0x0447, 120 }, // U+0447
    { 0x0448, 120 }, // U+0448
    { 0x0449, 128 }, // U+0449
    { 0x044A, 129 }, // U+044A
    { 0x044B, 120 }, // U+044B
    { 0x044C, 129 }, // U+044C
    { 0x044D, 122 }, // U+044D
    { 0x044E, 122 }, // U+044E
    { 0x044F, 120 }, // U+044F
    { 0x0450, 118 }, // U+0450
    { 0x0451, 118 }, // U+0451
    { 0x0452, 130 }, // U+0452
    { 0x0453, 116 }, // U+0453
    { 0x0454, 125 }, // U+0454
    { 0x0455, 131 }, // U+0455
    { 0x0456, 132 }, // U+0456
    { 0x0457, 133 }, // U+0457
    { 0x0458, 134 }, // U+0458
    { 0x0459, 129 }, // U+0459
    { 0x045A, 129 }, // U+045A
    { 0x045B, 123 }, // U+045B
    { 0x045C, 121 }, // U+045C
    { 0x045D, 120 }, // U+045D
    { 0x045E, 126 }, // U+045E
    { 0x045F, 120 }, // U+045F
    { 0x0462, 135 }, // U+0462
    { 0x0463, 129 }, // U+0463
    { 0x0472, 109 }, // U+0472
    { 0x0473, 122 }, // U+0473
    { 0x0474, 105 }, // U+0474
    { 0x0475, 136 }, // U+0475
    { 0x0490, 137 }, // U+0490
    { 0x0491, 138 }, // U+0491
    { 0x0492, 97 }, // U+0492
    { 0x0493, 116 }, // U+0493
    { 0x0496, 139 }, // U+0496
    { 0x0497, 119 }, // U+0497
    { 0x0498, 107 }, // U+0498
    { 0x0499, 115 }, // U+0499
    { 0x049A, 139 }, // U+049A
    { 0x049B, 121 }, // U+049B
    { 0x04A0, 104 }, // U+04A0
    { 0x04A1, 121 }, // U+04A1
    { 0x04A2, 108 }, // U+04A2
    { 0x04A3, 128 }, // U+04A3
    { 0x04AA, 98 }, // U+04AA
    { 0x04AB, 125 }, // U+04AB
    { 0x04AE, 140 }, // U+04AE
    { 0x04AF, 126 }, // U+04AF
    { 0x04B0, 140 }, // U+04B0
    { 0x04B1, 126 }, // U+04B1
    { 0x04B2, 139 }, // U+04B2
    { 0x04B3, 127 }, // U+04B3
    { 0x04B6, 108 }, // U+04B6
    { 0x04B7, 128 }, // U+04B7
    { 0x04BA, 141 }, // U+04BA
    { 0x04BB, 123 }, // U+04BB
    { 0x04C0, 100 }, // U+04C0
    { 0x04C1, 104 }, // U+04C1
    { 0x04C2, 119 }, // U+04C2
    { 0x04CF, 142 }, // U+04CF
    { 0x04D0, 106 }, // U+04D0
    { 0x04D1, 113 }, // U+04D1
    { 0x04D4, 95 }, // U+04D4
    { 0x04D5, 118 }, // U+04D5
    { 0x04D6, 95 }, // U+04D6
    { 0x04D7, 118 }, // U+04D7
    { 0x04D8, 109 }, // U+04D8
    { 0x04D9, 122 }, // U+04D9
    { 0x04E2, 100 }, // U+04E2
    { 0x04E3, 120 }, // U+04E3
    { 0x04E6, 109 }, // U+04E6
    { 0x04E7, 122 }, // U+04E7
    { 0x04E8, 109 }, // U+04E8
    { 0x04E9, 122 }, // U+04E9
    { 0x04EE, 105 }, // U+04EE
    { 0x04EF, 126 }, // U+04EF
    { 0x04F2, 105 }, // U+04F2
    { 0x04F3, 126 }, // U+04F3
    { 0x1EA0, 23 }, // U+1EA0
    { 0x1EA1, 48 }, // U+1EA1
    { 0x1EA2, 23 }, // U+1EA2
    { 0x1EA3, 48 }, // U+1EA3
    { 0x1EA4, 23 }, // U+1EA4
    { 0x1EA5, 48 }, // U+1EA5
    { 0x1EA6, 23 }, // U+1EA6
    { 0x1EA7, 48 }, // U+1EA7
    { 0x1EA8, 23 }, // U+1EA8
    { 0x1EA9, 48 }, // U+1EA9
    { 0x1EAA, 23 }, // U+1EAA
    { 0x1EAB, 48 }, // U+1EAB
    { 0x1EAC, 23 }, // U+1EAC
    { 0x1EAD, 48 }, // U+1EAD
    { 0x1EAE, 23 }, // U+1EAE
    { 0x1EAF, 48 }, // U+1EAF
    { 0x1EB0, 23 }, // U+1EB0
    { 0x1EB1, 48 }, // U+1EB1
    { 0x1EB2, 23 }, // U+1EB2
    { 0x1EB3, 48 }, // U+1EB3
    { 0x1EB4, 23 }, // U+1EB4
    { 0x1EB5, 48 }, // U+1EB5
    { 0x1EB6, 23 }, // U+1EB6
    { 0x1EB7, 48 }, // U+1EB7
    { 0x1EB8, 27 }, // U+1EB8
    { 0x1EB9, 52 }, // U+1EB9
    { 0x1EBA, 27 }, // U+1EBA
    { 0x1EBB, 52 }, // U+1EBB
    { 0x1EBC, 27 }, // U+1EBC
    { 0x1EBD, 52 }, // U+1EBD
    { 0x1EBE, 27 }, // U+1EBE
    { 0x1EBF, 52 }, // U+1EBF
    { 0x1EC0, 27 }, // U+1EC0
    { 0x1EC1, 52 }, // U+1EC1
    { 0x1EC2, 27 }, // U+1EC2
    { 0x1EC3, 52 }, // U+1EC3
    { 0x1EC4, 27 }, // U+1EC4
    { 0x1EC5, 52 }, // U+1EC5
    { 0x1EC6, 27 }, // U+1EC6
    { 0x1EC7, 52 }, // U+1EC7
    { 0x1EC8, 30 }, // U+1EC8
    { 0x1EC9, 56 }, // U+1EC9
    { 0x1ECA, 30 }, // U+1ECA
    { 0x1ECB, 56 }, // U+1ECB
    { 0x1ECC, 35 }, // U+1ECC
    { 0x1ECD, 59 }, // U+1ECD
    { 0x1ECE, 35 }, // U+1ECE
    { 0x1ECF, 59 }, // U+1ECF
    { 0x1ED0, 35 }, // U+1ED0
    { 0x1ED1, 59 }, // U+1ED1
    { 0x1ED2, 35 }, // U+1ED2
    { 0x1ED3, 59 }, // U+1ED3
    { 0x1ED4, 35 }, // U+1ED4
    { 0x1ED5, 59 }, // U+1ED5
    { 0x1ED6, 35 }, // U+1ED6
    { 0x1ED7, 59 }, // U+1ED7
    { 0x1ED8, 35 }, // U+1ED8
    { 0x1ED9, 59 }, // U+1ED9
    { 0x1EDA, 35 }, // U+1EDA
    { 0x1EDB, 92 }, // U+1EDB
    { 0x1EDC, 35 }, // U+1EDC
    { 0x1EDD, 92 }, // U+1EDD
    { 0x1EDE, 35 }, // U+1EDE
    { 0x1EDF, 92 }, // U+1EDF
    { 0x1EE0, 35 }, // U+1EE0
    { 0x1EE1, 92 }, // U+1EE1
    { 0x1EE2, 35 }, // U+1EE2
    { 0x1EE3, 92 }, // U+1EE3
    { 0x1EE4, 40 }, // U+1EE4
    { 0x1EE5, 64 }, // U+1EE5
    { 0x1EE6, 40 }, // U+1EE6
    { 0x1EE7, 64 }, // U+1EE7
    { 0x1EE8, 93 }, // U+1EE8
    { 0x1EE9, 94 }, // U+1EE9
    { 0x1EEA, 93 }, // U+1EEA
    { 0x1EEB, 94 }, // U+1EEB
    { 0x1EEC, 93 }, // U+1EEC
    { 0x1EED, 94 }, // U+1EED
    { 0x1EEE, 93 }, // U+1EEE
    { 0x1EEF, 94 }, // U+1EEF
    { 0x1EF0, 93 }, // U+1EF0
    { 0x1EF1, 94 }, // U+1EF1
    { 0x1EF2, 44 }, // U+1EF2
    { 0x1EF3, 65 }, // U+1EF3
    { 0x1EF4, 44 }, // U+1EF4
    { 0x1EF5, 65 }, // U+1EF5
    { 0x1EF6, 44 }, // U+1EF6
    { 0x1EF7, 65 }, // U+1EF7
    { 0x1EF8, 44 }, // U+1EF8
    { 0x1EF9, 65 }, // U+1EF9
    { 0x2012, 73 }, // U+2012
    { 0x2013, 73 }, // U+2013
    { 0x2014, 73 }, // U+2014
    { 0x2015, 73 }, // U+2015
    { 0x2018, 143 }, // U+2018
    { 0x2019, 144 }, // U+2019
    { 0x201A, 8 }, // U+201A
    { 0x201C, 143 }, // U+201C
    { 0x201D, 144 }, // U+201D
    { 0x201E, 8 }, // U+201E
    { 0x2020, 145 }, // U+2020
    { 0x2022, 76 }, // U+2022
    { 0x2026, 8 }, // U+2026
    { 0x2039, 72 }, // U+2039
    { 0x203A, 77 }, // U+203A
    { 0x2206, 146 }, // U+2206
    { 0x2212, 7 }, // U+2212
    { 0x2219, 76 }, // U+2219
    { 0x2248, 20 }, // U+2248
    { 0x2260, 20 }, // U+2260
    { 0xFB00, 53 }, // U+FB00
    { 0xFB01, 56 }, // U+FB01
    { 0xFB02, 51 }, // U+FB02
    { 0xFB03, 56 }, // U+FB03
    { 0xFB04, 51 }, // U+FB04
};

static const EpdKernClassEntry sourceserif4_12_bolditalicKernRightClasses[] = {
    { 0x0021, 1 }, // !
    { 0x0022, 2 }, // "
    { 0x0023, 3 }, // #
    { 0x0025, 4 }, // %
    { 0x0027, 2 }, // '
    { 0x0028, 5 }, // (
    { 0x0029, 6 }, // )
    { 0x002A, 7 }, // *
    { 0x002B, 8 }, // +
    { 0x002C, 9 }, // ,
    { 0x002E, 9 }, // .
    { 0x002F, 10 }, // /
    { 0x0030, 11 }, // 0
    { 0x0031, 12 }, // 1
    { 0x0032, 13 }, // 2
    { 0x0033, 14 }, // 3
    { 0x0034, 15 }, // 4
    { 0x0035, 16 }, // 5
    { 0x0036, 17 }, // 6
    { 0x0037, 18 }, // 7
    { 0x0038, 19 }, // 8
    { 0x0039, 20 }, // 9
    { 0x003A, 21 }, // :
    { 0x003B, 21 }, // ;
    { 0x003C, 8 }, // <
    { 0x003D, 22 }, // =
    { 0x003F, 23 }, // ?
    { 0x0040, 24 }, // @
    { 0x0041, 25 }, // A
    { 0x0042, 26 }, // B
    { 0x0043, 27 }, // C
    { 0x0044, 26 }, // D
    { 0x0045, 26 }, // E
    { 0x0046, 26 }, // F
    { 0x0047, 27 }, // G
    { 0x0048, 26 }, // H
    { 0x0049, 26 }, // I
    { 0x004A, 28 }, // J
    { 0x004B, 26 }, // K
    { 0x004C, 26 }, // L
    { 0x004D, 29 }, // M
    { 0x004E, 29 }, // N
    { 0x004F, 27 }, // O
    { 0x0050, 26 }, // P
    { 0x0051, 27 }, // Q
    { 0x0052, 26 }, // R
    { 0x0053, 30 }, // S
    { 0x0054, 31 }, // T
    { 0x0055, 32 }, // U
    { 0x0056, 33 }, // V
    { 0x0057, 34 }, // W
    { 0x0058, 35 }, // X
    { 0x0059, 36 }, // Y
    { 0x005A, 37 }, // Z
    { 0x005B, 5 }, // [
    { 0x005C, 38 }, // <backslash>
    { 0x005D, 6 }, // ]
    { 0x005F, 39 }, // _
    { 0x0061, 40 }, // a
    { 0x0062, 41 }, // b
    { 0x0063, 42 }, // c
    { 0x0064, 40 }, // d
    { 0x0065, 42 }, // e
    { 0x0066, 43 }, // f
    { 0x0067, 44 }, // g
    { 0x0068, 41 }, // h
    { 0x0069, 45 }, // i
    { 0x006A, 46 }, // j
    { 0x006B, 41 }, // k
    { 0x006C, 41 }, // l
    { 0x006D, 47 }, // m
    { 0x006E, 47 }, // n
    { 0x006F, 42 }, // o
    { 0x0070, 48 }, // p
    { 0x0071, 40 }, // q
    { 0x0072, 47 }, // r
    { 0x0073, 49 }, // s
    { 0x0074, 50 }, // t
    { 0x0075, 51 }, // u
    { 0x0076, 52 }, // v
    { 0x0077, 52 }, // w
    { 0x0078, 53 }, // x
    { 0x0079, 54 }, // y
    { 0x007A, 55 }, // z
    { 0x007B, 5 }, // {
    { 0x007C, 56 }, // |
    { 0x007D, 6 }, // }
    { 0x007E, 8 }, // ~
    { 0x00A1, 57 }, // U+00A1
    { 0x00A2, 58 }, // U+00A2
    { 0x00A6, 56 }, // U+00A6
    { 0x00A9, 59 }, // U+00A9
    { 0x00AA, 60 }, // U+00AA
    { 0x00AB, 61 }, // U+00AB
    { 0x00AC, 8 }, // U+00AC
    { 0x00AD, 62 }, // U+00AD
    { 0x00AE, 7 }, // U+00AE
    { 0x00B0, 63 }, // U+00B0
    { 0x00B2, 64 }, // U+00B2
    { 0x00B3, 64 }, // U+00B3
    { 0x00B5, 65 }, // U+00B5
    { 0x00B7, 66 }, // U+00B7
    { 0x00B9, 64 }, // U+00B9
    { 0x00BA, 60 }, // U+00BA
    { 0x00BB, 67 }, // U+00BB
    { 0x00BC, 4 }, // U+00BC
    { 0x00BD, 4 }, // U+00BD
    { 0x00BE, 4 }, // U+00BE
    { 0x00BF, 68 }, // U+00BF
    { 0x00C0, 25 }, // U+00C0
    { 0x00C1, 25 }, // U+00C1
    { 0x00C2, 25 }, // U+00C2
    { 0x00C3, 25 }, // U+00C3
    { 0x00C4, 25 }, // U+00C4
    { 0x00C5, 25 }, // U+00C5
    { 0x00C6, 69 }, // U+00C6
    { 0x00C7, 27 }, // U+00C7
    { 0x00C8, 26 }, // U+00C8
    { 0x00C9, 26 }, // U+00C9
    { 0x00CA, 26 }, // U+00CA
    { 0x00CB, 26 }, // U+00CB
    { 0x00CC, 26 }, // U+00CC
    { 0x00CD, 26 }, // U+00CD
    { 0x00CE, 26 }, // U+00CE
    { 0x00CF, 26 }, // U+00CF
    { 0x00D0, 26 }, // U+00D0
    { 0x00D1, 29 }, // U+00D1
    { 0x00D2, 27 }, // U+00D2
    { 0x00D3, 27 }, // U+00D3
    { 0x00D4, 27 }, // U+00D4
    { 0x00D5, 27 }, // U+00D5
    { 0x00D6, 27 }, // U+00D6
    { 0x00D8, 27 }, // U+00D8
    { 0x00D9, 32 }, // U+00D9
    { 0x00DA, 32 }, // U+00DA
    { 0x00DB, 32 }, // U+00DB
    { 0x00DC, 32 }, // U+00DC
    { 0x00DD, 36 }, // U+00DD
    { 0x00DE, 26 }, // U+00DE
    { 0x00DF, 70 }, // U+00DF
    { 0x00E0, 40 }, // U+00E0
    { 0x00E1, 40 }, // U+00E1
    { 0x00E2, 40 }, // U+00E2
    { 0x00E3, 71 }, // U+00E3
    { 0x00E4, 72 }, // U+00E4
    { 0x00E5, 40 }, // U+00E5
    { 0x00E6, 40 }, // U+00E6
    { 0x00E7, 42 }, // U+00E7
    { 0x00E8, 42 }, // U+00E8
    { 0x00E9, 42 }, // U+00E9
    { 0x00EA, 42 }, // U+00EA
    { 0x00EB, 42 }, // U+00EB
    { 0x00EC, 73 }, // U+00EC
    { 0x00ED, 45 }, // U+00ED
    { 0x00EE, 74 }, // U+00EE
    { 0x00EF, 74 }, // U+00EF
    { 0x00F0, 42 }, // U+00F0
    { 0x00F1, 47 }, // U+00F1
    { 0x00F2, 42 }, // U+00F2
    { 0x00F3, 42 }, // U+00F3
    { 0x00F4, 42 }, // U+00F4
    { 0x00F5, 42 }, // U+00F5
    { 0x00F6, 75 }, // U+00F6
    { 0x00F7, 8 }, // U+00F7
    { 0x00F8, 42 }, // U+00F8
    { 0x00F9, 51 }, // U+00F9
    { 0x00FA, 51 }, // U+00FA
    { 0x00FB, 51 }, // U+00FB
    { 0x00FC, 51 }, // U+00FC
    { 0x00FD, 54 }, // U+00FD
    { 0x00FE, 76 }, // U+00FE
    { 0x00FF, 54 }, // U+00FF
    { 0x0100, 25 }, // U+0100
    { 0x0101, 40 }, // U+0101
    { 0x0102, 25 }, // U+0102
    { 0x0103, 40 }, // U+0103
    { 0x0104, 25 }, // U+0104
    { 0x0105, 40 }, // U+0105
    { 0x0106, 27 }, // U+0106
    { 0x0107, 42 }, // U+0107
    { 0x0108, 27 }, // U+0108
    { 0x0109, 42 }, // U+0109
    { 0x010A, 27 }, // U+010A
    { 0x010B, 42 }, // U+010B
    { 0x010C, 27 }, // U+010C
    { 0x010D, 42 }, // U+010D
    { 0x010E, 26 }, // U+010E
    { 0x010F, 40 }, // U+010F
    { 0x0110, 26 }, // U+0110
    { 0x0111, 40 }, // U+0111
    { 0x0112, 26 }, // U+0112
    { 0x0113, 42 }, // U+0113
    { 0x0114, 26 }, // U+0114
    { 0x0115, 42 }, // U+0115
    { 0x0116, 26 }, // U+0116
    { 0x0117, 42 }, // U+0117
    { 0x0118, 26 }, // U+0118
    { 0x0119, 42 }, // U+0119
    { 0x011A, 26 }, // U+011A
    { 0x011B, 42 }, // U+011B
    { 0x011C, 27 }, // U+011C
    { 0x011D, 44 }, // U+011D
    { 0x011E, 27 }, // U+011E
    { 0x011F, 44 }, // U+011F
    { 0x0120, 27 }, // U+0120
    { 0x0121, 44 }, // U+0121
    { 0x0122, 27 }, // U+0122
    { 0x0123, 44 }, // U+0123
    { 0x0124, 26 }, // U+0124
    { 0x0125, 41 }, // U+0125
    { 0x0126, 26 }, // U+0126
    { 0x0127, 41 }, // U+0127
    { 0x0128, 26 }, // U+0128
    { 0x0129, 74 }, // U+0129
    { 0x012A, 26 }, // U+012A
    { 0x012B, 74 }, // U+012B
    { 0x012E, 26 }, // U+012E
    { 0x012F, 45 }, // U+012F
    { 0x0130, 26 }, // U+0130
    { 0x0131, 47 }, // U+0131
    { 0x0134, 28 }, // U+0134
    { 0x0135, 46 }, // U+0135
    { 0x0136, 26 }, // U+0136
    { 0x0137, 41 }, // U+0137
    { 0x0138, 47 }, // U+0138
    { 0x0139, 26 }, // U+0139
    { 0x013A, 41 }, // U+013A
    { 0x013B, 26 }, // U+013B
    { 0x013C, 41 }, // U+013C
    { 0x013D, 26 }, // U+013D
    { 0x013E, 41 }, // U+013E
    { 0x013F, 26 }, // U+013F
    { 0x0140, 41 }, // U+0140
    { 0x0141, 26 }, // U+0141
    { 0x0142, 41 }, // U+0142
    { 0x0143, 29 }, // U+0143
    { 0x0144, 47 }, // U+0144
    { 0x0145, 29 }, // U+0145
    { 0x0146, 47 }, // U+0146
    { 0x0147, 29 }, // U+0147
    { 0x0148, 47 }, // U+0148
    { 0x014A, 29 }, // U+014A
    { 0x014B, 47 }, // U+014B
    { 0x014C, 27 }, // U+014C
    { 0x014D, 42 }, // U+014D
    { 0x014E, 27 }, // U+014E
    { 0x014F, 42 }, // U+014F
    { 0x0150, 27 }, // U+0150
    { 0x0151, 42 }, // U+0151
    { 0x0152, 27 }, // U+0152
    { 0x0153, 42 }, // U+0153
    { 0x0154, 26 }, // U+0154
    { 0x0155, 47 }, // U+0155
    { 0x0156, 26 }, // U+0156
    { 0x0157, 47 }, // U+0157
    { 0x0158, 26 }, // U+0158
    { 0x0159, 47 }, // U+0159
    { 0x015A, 30 }, // U+015A
    { 0x015B, 49 }, // U+015B
    { 0x015C, 30 }, // U+015C
    { 0x015D, 49 }, // U+015D
    { 0x015E, 30 }, // U+015E
    { 0x015F, 49 }, // U+015F
    { 0x0160, 30 }, // U+0160
    { 0x0161, 77 }, // U+0161
    { 0x0162, 31 }, // U+0162
    { 0x0163, 50 }, // U+0163
    { 0x0164, 31 }, // U+0164
    { 0x0165, 50 }, // U+0165
    { 0x0168, 32 }, // U+0168
    { 0x0169, 51 }, // U+0169
    { 0x016A, 32 }, // U+016A
    { 0x016B, 51 }, // U+016B
    { 0x016C, 32 }, // U+016C
    { 0x016D, 51 }, // U+016D
    { 0x016E, 32 }, // U+016E
    { 0x016F, 51 }, // U+016F
    { 0x0170, 32 }, // U+0170
    { 0x0171, 51 }, // U+0171
    { 0x0172, 32 }, // U+0172
    { 0x0173, 51 }, // U+0173
    { 0x0174, 34 }, // U+0174
    { 0x0175, 52 }, // U+0175
    { 0x0176, 36 }, // U+0176
    { 0x0177, 54 }, // U+0177
    { 0x0178, 36 }, // U+0178
    { 0x0179, 37 }, // U+0179
    { 0x017A, 55 }, // U+017A
    { 0x017B, 37 }, // U+017B
    { 0x017C, 55 }, // U+017C
    { 0x017D, 37 }, // U+017D
    { 0x017E, 55 }, // U+017E
    { 0x017F, 70 }, // U+017F
    { 0x01A0, 27 }, // U+01A0
    { 0x01A1, 42 }, // U+01A1
    { 0x01AF, 32 }, // U+01AF
    { 0x01B0, 51 }, // U+01B0
    { 0x01CD, 25 }, // U+01CD
    { 0x01CE, 40 }, // U+01CE
    { 0x01CF, 26 }, // U+01CF
    { 0x01D0, 74 }, // U+01D0
    { 0x01D1, 27 }, // U+01D1
    { 0x01D2, 42 }, // U+01D2
    { 0x01D3, 32 }, // U+01D3
    { 0x01D4, 51 }, // U+01D4
    { 0x01D5, 32 }, // U+01D5
    { 0x01D6, 51 }, // U+01D6
    { 0x01D7, 32 }, // U+01D7
    { 0x01D8, 51 }, // U+01D8
    { 0x01D9, 32 }, // U+01D9
    { 0x01DA, 51 }, // U+01DA
    { 0x01DB, 32 }, // U+01DB
    { 0x01DC, 51 }, // U+01DC
    { 0x01E6, 27 }, // U+01E6
    { 0x01E7, 44 }, // U+01E7
    { 0x01F8, 29 }, // U+01F8
    { 0x01F9, 47 }, // U+01F9
    { 0x0218, 30 }, // U+0218
    { 0x0219, 49 }, // U+0219
    { 0x021A, 31 }, // U+021A
    { 0x021B, 50 }, // U+021B
    { 0x0400, 78 }, // U+0400
    { 0x0401, 78 }, // U+0401
    { 0x0402, 79 }, // U+0402
    { 0x0403, 78 }, // U+0403
    { 0x0404, 80 }, // U+0404
    { 0x0405, 81 }, // U+0405
    { 0x0406, 78 }, // U+0406
    { 0x0407, 78 }, // U+0407
    { 0x0408, 82 }, // U+0408
    { 0x0409, 83 }, // U+0409
    { 0x040A, 78 }, // U+040A
    { 0x040B, 79 }, // U+040B
    { 0x040C, 78 }, // U+040C
    { 0x040D, 78 }, // U+040D
    { 0x040E, 84 }, // U+040E
    { 0x040F, 78 }, // U+040F
    { 0x0410, 85 }, // U+0410
    { 0x0411, 78 }, // U+0411
    { 0x0412, 78 }, // U+0412
    { 0x0413, 78 }, // U+0413
    { 0x0414, 86 }, // U+0414
    { 0x0415, 78 }, // U+0415
    { 0x0416, 87 }, // U+0416
    { 0x0417, 88 }, // U+0417
    { 0x0418, 78 }, // U+0418
    { 0x0419, 78 }, // U+0419
    { 0x041A, 78 }, // U+041A
    { 0x041B, 83 }, // U+041B
    { 0x041C, 89 }, // U+041C
    { 0x041D, 78 }, // U+041D
    { 0x041E, 80 }, // U+041E
    { 0x041F, 78 }, // U+041F
    { 0x0420, 78 }, // U+0420
    { 0x0421, 80 }, // U+0421
    { 0x0422, 79 }, // U+0422
    { 0x0423, 84 }, // U+0423
    { 0x0424, 90 }, // U+0424
    { 0x0425, 87 }, // U+0425
    { 0x0426, 78 }, // U+0426
    { 0x0427, 91 }, // U+0427
    { 0x0428, 78 }, // U+0428
    { 0x0429, 78 }, // U+0429
    { 0x042A, 79 }, // U+042A
    { 0x042B, 78 }, // U+042B
    { 0x042C, 78 }, // U+042C
    { 0x042D, 88 }, // U+042D
    { 0x042E, 78 }, // U+042E
    { 0x042F, 92 }, // U+042F
    { 0x0430, 93 }, // U+0430
    { 0x0431, 94 }, // U+0431
    { 0x0432, 93 }, // U+0432
    { 0x0433, 95 }, // U+0433
    { 0x0434, 96 }, // U+0434
    { 0x0435, 97 }, // U+0435
    { 0x0436, 98 }, // U+0436
    { 0x0437, 99 }, // U+0437
    { 0x0438, 100 }, // U+0438
    { 0x0439, 100 }, // U+0439
    { 0x043A, 101 }, // U+043A
    { 0x043B, 102 }, // U+043B
    { 0x043C, 102 }, // U+043C
    { 0x043D, 101 }, // U+043D
    { 0x043E, 97 }, // U+043E
    { 0x043F, 101 }, // U+043F
    { 0x0440, 103 }, // U+0440
    { 0x0441, 97 }, // U+0441
    { 0x0442, 101 }, // U+0442
    { 0x0443, 104 }, // U+0443
    { 0x0444, 97 }, // U+0444
    { 0x0445, 105 }, // U+0445
    { 0x0446, 100 }, // U+0446
    { 0x0447, 106 }, // U+0447
    { 0x0448, 100 }, // U+0448
    { 0x0449, 100 }, // U+0449
    { 0x044A, 107 }, // U+044A
    { 0x044B, 100 }, // U+044B
    { 0x044C, 100 }, // U+044C
    { 0x044D, 99 }, // U+044D
    { 0x044E, 101 }, // U+044E
    { 0x044F, 108 }, // U+044F
    { 0x0450, 97 }, // U+0450
    { 0x0451, 97 }, // U+0451
    { 0x0452, 109 }, // U+0452
    { 0x0453, 95 }, // U+0453
    { 0x0454, 97 }, // U+0454
    { 0x0455, 110 }, // U+0455
    { 0x0456, 111 }, // U+0456
    { 0x0457, 112 }, // U+0457
    { 0x0458, 113 }, // U+0458
    { 0x0459, 102 }, // U+0459
    { 0x045A, 101 }, // U+045A
    { 0x045B, 109 }, // U+045B
    { 0x045C, 101 }, // U+045C
    { 0x045D, 100 }, // U+045D
    { 0x045E, 104 }, // U+045E
    { 0x045F, 100 }, // U+045F
    { 0x0462, 114 }, // U+0462
    { 0x0463, 101 }, // U+0463
    { 0x0472, 80 }, // U+0472
    { 0x0473, 97 }, // U+0473
    { 0x0474, 115 }, // U+0474
    { 0x0475, 116 }, // U+0475
    { 0x0490, 78 }, // U+0490
    { 0x0491, 117 }, // U+0491
    { 0x0492, 78 }, // U+0492
    { 0x0493, 95 }, // U+0493
    { 0x0496, 87 }, // U+0496
    { 0x0497, 98 }, // U+0497
    { 0x0498, 88 }, // U+0498
    { 0x0499, 99 }, // U+0499
    { 0x049A, 78 }, // U+049A
    { 0x049B, 101 }, // U+049B
    { 0x04A0, 79 }, // U+04A0
    { 0x04A1, 118 }, // U+04A1
    { 0x04A2, 78 }, // U+04A2
    { 0x04A3, 101 }, // U+04A3
    { 0x04AA, 80 }, // U+04AA
    { 0x04AB, 97 }, // U+04AB
    { 0x04AE, 119 }, // U+04AE
    { 0x04AF, 116 }, // U+04AF
    { 0x04B0, 119 }, // U+04B0
    { 0x04B1, 116 }, // U+04B1
    { 0x04B2, 87 }, // U+04B2
    { 0x04B3, 105 }, // U+04B3
    { 0x04B6, 91 }, // U+04B6
    { 0x04B7, 106 }, // U+04B7
    { 0x04BA, 78 }, // U+04BA
    { 0x04BB, 109 }, // U+04BB
    { 0x04C0, 78 }, // U+04C0
    { 0x04C1, 87 }, // U+04C1
    { 0x04C2, 98 }, // U+04C2
    { 0x04CF, 109 }, // U+04CF
    { 0x04D0, 85 }, // U+04D0
    { 0x04D1, 93 }, // U+04D1
    { 0x04D4, 120 }, // U+04D4
    { 0x04D5, 93 }, // U+04D5
    { 0x04D6, 78 }, // U+04D6
    { 0x04D7, 97 }, // U+04D7
    { 0x04D8, 80 }, // U+04D8
    { 0x04D9, 97 }, // U+04D9
    { 0x04E2, 78 }, // U+04E2
    { 0x04E3, 100 }, // U+04E3
    { 0x04E6, 80 }, // U+04E6
    { 0x04E7, 97 }, // U+04E7
    { 0x04E8, 80 }, // U+04E8
    { 0x04E9, 97 }, // U+04E9
    { 0x04EE, 84 }, // U+04EE
    { 0x04EF, 104 }, // U+04EF
    { 0x04F2, 84 }, // U+04F2
    { 0x04F3, 104 }, // U+04F3
    { 0x1EA0, 25 }, // U+1EA0
    { 0x1EA1, 40 }, // U+1EA1
    { 0x1EA2, 25 }, // U+1EA2
    { 0x1EA3, 40 }, // U+1EA3
    { 0x1EA4, 25 }, // U+1EA4
    { 0x1EA5, 40 }, // U+1EA5
    { 0x1EA6, 25 }, // U+1EA6
    { 0x1EA7, 40 }, // U+1EA7
    { 0x1EA8, 25 }, // U+1EA8
    { 0x1EA9, 40 }, // U+1EA9
    { 0x1EAA, 25 }, // U+1EAA
    { 0x1EAB, 40 }, // U+1EAB
    { 0x1EAC, 25 }, // U+1EAC
    { 0x1EAD, 40 }, // U+1EAD
    { 0x1EAE, 25 }, // U+1EAE
    { 0x1EAF, 40 }, // U+1EAF
    { 0x1EB0, 25 }, // U+1EB0
    { 0x1EB1, 40 }, // U+1EB1
    { 0x1EB2, 25 }, // U+1EB2
    { 0x1EB3, 40 }, // U+1EB3
    { 0x1EB4, 25 }, // U+1EB4
    { 0x1EB5, 40 }, // U+1EB5
    { 0x1EB6, 25 }, // U+1EB6
    { 0x1EB7, 40 }, // U+1EB7
    { 0x1EB8, 26 }, // U+1EB8
    { 0x1EB9, 42 }, // U+1EB9
    { 0x1EBA, 26 }, // U+1EBA
    { 0x1EBB, 42 }, // U+1EBB
    { 0x1EBC, 26 }, // U+1EBC
    { 0x1EBD, 42 }, // U+1EBD
    { 0x1EBE, 26 }, // U+1EBE
    { 0x1EBF, 42 }, // U+1EBF
    { 0x1EC0, 26 }, // U+1EC0
    { 0x1EC1, 42 }, // U+1EC1
    { 0x1EC2, 26 }, // U+1EC2
    { 0x1EC3, 42 }, // U+1EC3
    { 0x1EC4, 26 }, // U+1EC4
    { 0x1EC5, 42 }, // U+1EC5
    { 0x1EC6, 26 }, // U+1EC6
    { 0x1EC7, 42 }, // U+1EC7
    { 0x1EC8, 26 }, // U+1EC8
    { 0x1EC9, 45 }, // U+1EC9
    { 0x1ECA, 26 }, // U+1ECA
    { 0x1ECB, 45 }, // U+1ECB
    { 0x1ECC, 27 }, // U+1ECC
    { 0x1ECD, 42 }, // U+1ECD
    { 0x1ECE, 27 }, // U+1ECE
    { 0x1ECF, 42 }, // U+1ECF
    { 0x1ED0, 27 }, // U+1ED0
    { 0x1ED1, 42 }, // U+1ED1
    { 0x1ED2, 27 }, // U+1ED2
    { 0x1ED3, 42 }, // U+1ED3
    { 0x1ED4, 27 }, // U+1ED4
    { 0x1ED5, 42 }, // U+1ED5
    { 0x1ED6, 27 }, // U+1ED6
    { 0x1ED7, 42 }, // U+1ED7
    { 0x1ED8, 27 }, // U+1ED8
    { 0x1ED9, 42 }, // U+1ED9
    { 0x1EDA, 27 }, // U+1EDA
    { 0x1EDB, 42 }, // U+1EDB
    { 0x1EDC, 27 }, // U+1EDC
    { 0x1EDD, 42 }, // U+1EDD
    { 0x1EDE, 27 }, // U+1EDE
    { 0x1EDF, 42 }, // U+1EDF
    { 0x1EE0, 27 }, // U+1EE0
    { 0x1EE1, 42 }, // U+1EE1
    { 0x1EE2, 27 }, // U+1EE2
    { 0x1EE3, 42 }, // U+1EE3
    { 0x1EE4, 32 }, // U+1EE4
    { 0x1EE5, 51 }, // U+1EE5
    { 0x1EE6, 32 }, // U+1EE6
    { 0x1EE7, 51 }, // U+1EE7
    { 0x1EE8, 32 }, // U+1EE8
    { 0x1EE9, 51 }, // U+1EE9
    { 0x1EEA, 32 }, // U+1EEA
    { 0x1EEB, 51 }, // U+1EEB
    { 0x1EEC, 32 }, // U+1EEC
    { 0x1EED, 51 }, // U+1EED
    { 0x1EEE, 32 }, // U+1EEE
    { 0x1EEF, 51 }, // U+1EEF
    { 0x1EF0, 32 }, // U+1EF0
    { 0x1EF1, 51 }, // U+1EF1
    { 0x1EF2, 36 }, // U+1EF2
    { 0x1EF3, 54 }, // U+1EF3
    { 0x1EF4, 36 }, // U+1EF4
    { 0x1EF5, 54 }, // U+1EF5
    { 0x1EF6, 36 }, // U+1EF6
    { 0x1EF7, 54 }, // U+1EF7
    { 0x1EF8, 36 }, // U+1EF8
    { 0x1EF9, 54 }, // U+1EF9
    { 0x2012, 62 }, // U+2012
    { 0x2013, 62 }, // U+2013
    { 0x2014, 62 }, // U+2014
    { 0x2015, 62 }, // U+2015
    { 0x2018, 121 }, // U+2018
    { 0x2019, 122 }, // U+2019
    { 0x201A, 9 }, // U+201A
    { 0x201C, 121 }, // U+201C
    { 0x201D, 122 }, // U+201D
    { 0x201E, 9 }, // U+201E
    { 0x2020, 123 }, // U+2020
    { 0x2022, 66 }, // U+2022
    { 0x2026, 9 }, // U+2026
    { 0x2030, 4 }, // U+2030
    { 0x2032, 2 }, // U+2032
    { 0x2033, 2 }, // U+2033
    { 0x2039, 61 }, // U+2039
    { 0x203A, 67 }, // U+203A
    { 0x2070, 64 }, // U+2070
    { 0x2071, 124 }, // U+2071
    { 0x2074, 64 }, // U+2074
    { 0x2075, 64 }, // U+2075
    { 0x2076, 64 }, // U+2076
    { 0x2077, 64 }, // U+2077
    { 0x2078, 64 }, // U+2078
    { 0x2079, 64 }, // U+2079
    { 0x207D, 125 }, // U+207D
    { 0x207E, 125 }, // U+207E
    { 0x207F, 124 }, // U+207F
    { 0x2080, 126 }, // U+2080
    { 0x2081, 126 }, // U+2081
    { 0x2082, 126 }, // U+2082
    { 0x2083, 126 }, // U+2083
    { 0x2084, 126 }, // U+2084
    { 0x2085, 126 }, // U+2085
    { 0x2086, 126 }, // U+2086
    { 0x2087, 126 }, // U+2087
    { 0x2088, 126 }, // U+2088
    { 0x2089, 126 }, // U+2089
    { 0x2206, 127 }, // U+2206
    { 0x2212, 8 }, // U+2212
    { 0x2219, 66 }, // U+2219
    { 0x2248, 22 }, // U+2248
    { 0x2260, 22 }, // U+2260
    { 0xFB00, 43 }, // U+FB00
    { 0xFB01, 43 }, // U+FB01
    { 0xFB02, 43 }, // U+FB02
    { 0xFB03, 43 }, // U+FB03
    { 0xFB04, 43 }, // U+FB04
};

static const int8_t sourceserif4_12_bolditalicKernMatrix[] = {
       0,    0,    0,    0,   -8,    0,    0,    0,  -32,  -24,    0,    0,    0,    0,  -24,   -8,    0,    0,    0,    0,    0,    0,    0,    0,  -34,    0,    0,  -11,   -3,    0,    2,    0,    1,    1,    0,    0,    0,    0,    0,  -21,    0,  -11,   -6,  -18,    0,   -6,    0,    0,  -11,    0,    0,    0,   -8,   -6,   -3,    0,    0,    0,    0,    0,  -14,    0,    0,    0,    0,    0,    0,  -48,  -43,    0,  -21,  -21,    0,    3,  -11,    0,  -11,    0,    2,    0,    0,  -11,  -23,    7,  -34,  -23,    0,    0,   -3,    0,    0,   -9,  -21,    0,   -3,   -8,  -11,   -8,   -3,    0,    0,  -30,    0,   -6,   -8,    0,    0,  -15,    0,  -11,    0,    6,   -6,    0,    1,    0,  -25,    0,    0,  -43,    0,    0,    0,    0,    0,    0,  -34,
       0,    0,    0,    0,    0,    0,    0,    0,    0,    0,    0,    0,    0,    0,    0,    0,    0,    0,    0,    3,    0,    0,    0,    0,    0,    0,    9,    0,    0,    6,    0,    0,    0,    0,    0,    0,    0,    0,    0,    0,    0,    0,    0,    0,    0,    0,    0,    0,    0,    0,    0,    0,    0,    0,    0,    0,    0,    0,    0,    0,    0,    0,    0,    0,    0,    0,    0,    0,    0,    0,    0,    0,    0,    0,    0,    0,    0,    0,    0,    9,    6,    0,    0,    0,    0,    0,    0,    0,    0,    0,    0,    0,    0,    0,    0,    0,    0,    0,    0,    0,    0,    0,    0,    0,    0,    0,    0,    0,    0,    0,    0,    0,    0,    0,    0,    0,    0,    0,    0,    0,    0,    0,    0,    0,    0,    0,    0,
       0,    0,    0,    0,    0,    0,    0,    0,    0,    0,    0,    0,    0,    0,    0,    0,    0,    0,    0,    0,    0,    0,    0,    0,   -2,    0,    0,    0,    0,    0,    0,   -2,   -2,    0,   -4,   -1,    0,    0,    0,  -24,   -7,  -14,    2,   -8,    0,    0,    0,    0,   -6,    0,    0,    0,   -6,    0,    0,    0,    0,    0,    0,    0,    0,    0,    0,    0,    0,    0,    0,    0,   -2,    0,  -24,  -24,    0,    0,  -14,    0,   -6,    0,    0,    0,    0,    0,    0,    0,   -2,    0,   -4,    0,    0,    0,    0,    0,  -24,    0,    0,    0,  -14,   -6,    0,    0,    0,    0,    0,    0,   -6,    0,    0,    0,   -7,   -6,    0,    0,    0,    0,   -2,    0,    0,    0,   -1,   -2,    0,    0,    0,    0,    0,    0,   -2,
       0,    0,   -2,    0,  -30,    0,    0,    0,    0,    0,   -8,    0,  -11,  -11,  -18,  -11,    0,    0,    0,   -4,  -10,    0,    0,    0,   -5,    0,   -5,   14,    0,   -4,    0,    0,    0,    0,    0,    1,    0,    0,    0,   -6,    0,   -5,   31,    0,   -3,    0,    0,    1,   -6,    0,   -4,   -4,   -4,    0,   -2,    0,    0,    0,    0,    0,  -28,  -16,    0,    0,    0,  -24,  -22,  -20,  -13,   30,   -6,   -6,   -3,    3,   -5,    3,   -6,    0,    0,   -5,   -4,   14,    0,    0,   -5,    0,    0,    0,    0,    0,    0,    0,   -6,    0,    0,    0,   -5,   -4,    0,   -4,    0,    0,    1,    0,   -4,    0,    0,    0,    0,   -6,   -3,    3,    0,    0,    0,   -4,    0,    0,    1,  -13,   -2,    0,    0,    0,    0,    0,   -5,
       0,    0,    0,    0,    0,  -30,    0,    0,  -16,    0,    0,    0,    0,    0,    0,    0,    0,    0,    0,    0,    0,    0,    0,    0,    0,    0,    0,    0,    0,    0,    0,    0,    0,    0,    0,    0,    0,    0,    0,    0,    0,    0,    0,    0,    0,    0,    0,    0,    0,    0,    0,    0,    0,    0,    0,    0,    0,    0,    0,    0,    0,    0,    0,    0,    0,    0,    0,    0,    0,    0,    0,    0,    0,    0,    0,    0,    0,    0,    0,    0,    0,    0,    0,    0,    0,    0,    0,    0,    0,    0,    0,    0,    0,    0,    0,    0,    0,    0,    0,    0,    0,    0,    0,    0,    0,    0,    0,    0,    0,    0,    0,    0,    0,    0,    0,    0,    0,    0,    0,    0,  -17,   -6,    0,    0,    0,    0,    0,
       0,    0,    0,    0,    0,    0,    0,    0,   -8,    0,    0,    0,    0,    0,    0,    0,    0,    0,    0,    0,    0,    0,    0,    0,  -20,    0,    2,   -4,    0,    0,    0,    0,    2,    2,    0,    2,    8,    0,    0,   -6,    0,    0,    0,    0,    0,    0,    0,    0,    0,    0,    0,    0,    0,    0,    0,    0,    0,    0,    0,    0,    0,    0,    0,    0,    0,    0,    0,    0,  -41,    0,   -6,   -6,    0,    3,    0,    0,    0,    0,    0,    2,    0,   -4,    0,    0,  -20,    0,    0,    0,    0,    0,    0,    0,   -6,    0,    0,    0,    0,    0,    0,    0,    0,    0,    0,    0,    0,    0,    0,    0,    0,    0,    0,    3,    0,    0,    2,    0,    0,    0,    2,  -41,    0,    0,    0,    0,    0,    0,  -20,
       0,    0,    0,    0,    0,    0,    0,    0,    0,    0,    0,  -10,  -10,  -21,    0,   -8,    0,  -24,    0,   -1,    0,    0,    0,    0,    0,    0,    0,    0,    0,    0,    0,    0,    0,    0,    0,    0,    0,    0,    0,    0,    0,    0,    0,    0,    0,    0,    0,    0,    0,    0,    0,    0,    0,    0,    0,    0,    0,    0,    0,    0,    0,    0,    0,    0,    0,    0,    0,    0,    0,    0,    0,    0,    0,    0,    0,    0,    0,    0,    0,    0,    0,    0,    0,    0,    0,    0,    0,    0,    0,    0,    0,    0,    0,    0,    0,    0,    0,    0,    0,    0,    0,    0,    0,    0,    0,    0,    0,    0,    0,    0,    0,    0,    0,    0,    0,    0,    0,    0,    0,    0,    0,    0,    0,    0,    0,    0,    0,
       0,  -32,    0,    0,  -14,  -14,  -49,    0,  -10,   11,   -4,   -3,   -3,   -3,  -15,   -3,    0,  -12,    0,  -20,    0,    0,    0,    0,    0,    0,  -11,    6,    0,    0,  -27,  -25,  -32,  -32,    0,  -31,    0,  -46,    0,  -18,  -13,  -16,   11,    0,  -18,   -6,  -10,   -3,  -15,  -10,  -18,  -37,  -14,  -20,   -8,    0,    0,    0,    0,  -50,  -12,  -11,    0,  -40,    0,    0,    0,    0,    0,   -6,  -18,  -18,  -18,  -18,  -16,   -6,  -15,    0,  -27,  -11,    0,    6,    0,   -9,    0,    0,    0,    0,    0,   -6,  -39,    0,  -18,  -10,   -2,   -3,  -16,  -14,   -2,  -18,  -10,    0,   -3,  -20,  -14,  -29,  -19,    0,  -13,  -15,  -18,  -18,   -6,  -30,  -32,  -37,   -3,  -31,  -31,    0,  -37,  -40,    0,  -54,    0,    0,    0,
       0,    0,    0,    0,  -22,    0,    0,    0,  -45,  -38,    0,    0,   -6,   -6,  -20,   -8,    0,    2,    0,   -1,  -14,    0,    0,    0,  -33,    0,    0,    0,    0,    0,    1,    0,    6,    8,    0,    4,    0,  -10,    0,  -23,    2,  -19,    0,  -16,    0,    0,  -12,   -8,  -22,   -3,   -8,  -12,  -20,   -6,  -14,    0,    0,    0,    0,    0,  -28,  -24,    0,    0,    0,  -18,  -20,  -48,  -29,    0,  -23,  -23,    0,    0,  -19,    0,  -22,    0,    1,    0,    0,    0,    0,    0,  -33,    0,    0,    0,    0,    0,    0,    0,  -23,    0,    0,    0,  -19,  -20,    0,   -8,  -12,    0,   -8,   -6,  -20,    0,    0,    0,    2,  -22,    0,    0,    0,    0,    6,  -12,    0,    0,    4,  -29,    0,    0,    0,    0,    0,    0,  -33,
       0,    0,    0,    0,    0,   -8,    0,    0,   -3,   -6,    0,    0,   -6,   -2,    0,   -4,    0,  -10,   -3,   -1,    0,    0,    0,    0,   -5,    0,    7,    0,    0,    3,    0,   -2,   -4,   -3,   -4,   -3,    0,    0,  -16,    0,    0,    0,    0,    0,    0,    0,    0,    0,    0,    0,    0,    0,    0,    0,    0,    0,    0,    0,    0,    0,    0,    0,    0,    0,    0,    3,    0,    0,  -12,    0,    0,    0,    0,    0,    0,    0,    0,    0,    0,    7,    3,    0,    0,    0,   -5,    0,   -4,    0,    0,    0,    0,    0,    0,    0,    0,    0,    0,    0,    0,    0,    0,    0,    0,    0,    0,    0,    0,    0,    0,    0,    0,    0,    0,    0,   -4,    0,    0,    0,   -3,  -12,    0,    2,    0,    0,    0,   -8,   -5,
       0,  -10,    0,   -4,    0,    0,   -6,   -6,    3,    0,    0,   -3,   -4,   -6,  -10,   -8,  -10,   -7,  -10,   -8,   -2,   -6,    0,    0,    2,    0,    0,    0,    0,    0,   -3,   -7,   -7,   -8,    0,   -4,    0,    0,    0,    0,    0,    0,    0,    0,    0,    0,    0,    0,    0,    0,    0,    0,    0,    0,    0,    0,    0,   -8,    0,   -4,   -9,   -7,   -7,  -12,    0,  -16,    0,    0,    0,    0,    0,    0,    0,    0,    0,    0,    0,    0,   -3,    0,    0,    0,    0,    0,    2,    0,    0,    0,    0,    0,    0,    0,    0,    0,    0,    0,    0,    0,    0,    0,    0,    0,    0,    0,    0,    0,    0,    0,    0,    0,    0,    0,    0,    0,   -7,    0,    0,    0,   -4,    0,  -12,   -4,    0,   -7,    0,    6,    2,
       0,    0,    0,    0,    0,   -6,    0,    0,   -1,    0,    0,   -3,   -8,   -9,  -10,  -12,   -6,   -5,   -5,   -5,    0,    0,    0,   -3,    0,    0,    4,    3,    0,    0,    0,   -4,   -3,   -7,    0,   -7,    0,   -3,    0,    0,    0,    0,    0,    0,    0,    0,    0,    0,    0,    0,    0,    0,    0,    0,    0,    0,    0,    0,    0,    0,   -5,  -10,    0,    0,    0,  -10,    0,    0,    0,    0,    0,    0,    0,    0,    0,    0,    0,    0,    0,    4,    0,    3,    0,    0,    0,    0,    0,    0,    0,    0,    0,    0,    0,    0,    0,    0,    0,    0,    0,    0,    0,    0,    0,    0,    0,    0,    0,    0,    0,    0,    0,    0,    0,    0,   -3,    0,    0,    0,   -7,    0,    0,    0,    0,    0,    0,    0,    0,
       0,    0,    0,    0,    0,   -8,   -1,    0,   -3,   -9,    0,   -8,  -11,  -12,    0,   -9,   -5,  -12,   -8,  -10,    0,    0,    0,    0,    0,   -2,    0,    0,    0,    0,    0,   -1,   -4,   -4,   -2,   -4,    0,   -2,   -9,    0,    0,    0,    0,    0,    0,    0,    0,    0,    0,    0,    0,    0,    0,    0,    0,    0,    0,    0,    0,   -1,    0,    0,   -3,    0,    0,   -3,    0,    0,   -8,    0,    0,    0,    0,    0,    0,    0,    0,   -2,    0,    0,    0,    0,    0,    0,    0,    0,   -2,    0,    0,    0,    0,    0,    0,    0,    0,    0,    0,    0,    0,    0,    0,    0,    0,    0,    0,    0,    0,    0,    0,    0,    0,    0,    0,    0,   -4,    0,    0,    0,   -4,   -8,   -1,   -4,    0,   -1,    0,   -6,    0,
       0,    0,    0,    0,    0,    0,    0,    0,    0,    0,    0,    0,   -4,   -3,    0,   -2,    0,   -3,    0,   -7,    0,    0,    0,    0,    0,    0,    3,    0,    0,    0,    0,   -3,   -6,    0,    0,   -1,    0,    0,   -6,    0,    0,    0,    0,    0,    0,    0,    0,    0,    0,    0,    0,    0,    0,    0,    0,    0,    0,    0,    0,   -6,    0,    0,    0,  -12,    0,    0,    0,    0,   -8,    0,    0,    0,    0,    0,    0,    0,    0,    0,    0,    3,    0,    0,    0,    0,    0,    0,    0,    0,    0,    0,    0,    0,    0,    0,    0,    0,    0,    0,    0,    0,    0,    0,    0,    0,    0,    0,    0,    0,    0,    0,    0,    0,    0,    0,   -6,    0,    0,    0,   -1,   -8,  -14,    0,    0,    0,    0,    0,    0,
       0,    0,    0,    0,    0,    0,    0,    0,   -4,   -5,   -3,   -4,  -11,   -6,    0,  -11,   -6,  -14,   -2,  -12,    0,    0,    0,    0,    0,    0,    0,    0,    0,    0,    0,    0,    0,    0,    0,   -3,    0,    0,  -15,    0,    0,    0,    0,    0,    0,    0,    0,    0,    0,    0,    0,    0,    0,    0,    0,    0,    0,    0,    0,    0,    0,    0,    0,    0,    0,   -1,    0,    0,  -10,    0,    0,    0,    0,    0,    0,    0,    0,    0,    0,    0,    0,    0,    0,    0,    0,    0,    0,    0,    0,    0,    0,    0,    0,    0,    0,    0,    0,    0,    0,    0,    0,    0,    0,    0,    0,    0,    0,    0,    0,    0,    0,    0,    0,    0,    0,    0,    0,    0,   -3,  -10,    0,    0,    0,    0,    0,    0,    0,
       0,    0,    0,    0,    0,    0,    0,    0,    0,    0,    0,    0,   -2,   -2,    0,   -1,   -2,   -6,    0,   -6,    0,    0,    0,    0,    0,    3,    6,    0,    6,    0,    0,    0,    0,    0,   -1,    0,    0,    0,    0,    0,    0,    0,    0,    0,    0,    0,    0,    0,    0,    0,    0,    0,    0,    0,    0,    0,    0,    0,    0,    0,    0,    0,    0,    0,    0,    0,    0,    0,    0,    0,    0,    0,    0,    0,    0,    0,    0,    3,    0,    6,    0,    0,    0,    0,    0,    0,   -1,    0,    6,    0,    0,    0,    0,    0,    0,    0,    0,    0,    0,    0,    0,    0,    0,    0,    0,    0,    0,    0,    0,    0,    0,    0,    0,    0,    0,    0,    0,    0,    0,    0,    0,    0,    0,    0,    0,    0,    0,
       0,    0,   -8,    0,    0,    0,    0,  -14,  -52,  -28,    0,    0,  -11,  -11,  -22,  -19,  -12,   -6,   -4,   -5,  -11,    0,    0,  -22,  -26,    0,    0,   -3,    0,    0,    0,    0,    5,    5,   -1,    5,    0,    2,  -52,    0,    0,    0,    0,    0,    0,    0,    0,    0,    0,    0,    0,    0,    0,    0,    0,    0,    0,  -12,    0,    0,  -20,  -21,    0,    0,    0,  -14,   -8,    0,  -37,    0,    0,    0,    0,    0,    0,    0,    0,    0,    0,    0,    0,   -3,    0,    0,  -26,    0,   -1,    0,    0,    0,    0,    0,    0,    0,    0,    0,    0,    0,    0,    0,    0,    0,    0,    0,    0,    0,    0,    0,    0,    0,    0,    0,    0,    0,    5,    0,    0,    0,    5,  -37,    0,    5,    0,    0,    0,  -46,  -26,
       0,    0,    0,    0,    0,   -8,    0,    0,  -24,  -19,    0,   -4,   -8,   -8,   -3,  -10,    0,   -7,    0,    0,    0,    0,    0,    0,  -11,   -2,    7,    0,    0,    0,    0,    0,   -1,    0,   -9,   -7,    0,    0,  -31,    0,    0,    0,    0,    0,    0,    0,    0,    0,    0,    0,    0,    0,    0,    0,    0,    0,    0,    0,    0,    3,    0,    0,    0,    4,    0,   -1,    0,    0,  -26,    0,    0,    0,    0,    0,    0,    0,    0,   -2,    0,    7,    0,    0,    0,    0,  -11,    0,   -9,    0,    0,    0,    0,    0,    0,    0,    0,    0,    0,    0,    0,    0,    0,    0,    0,    0,    0,    0,    0,    0,    0,    0,    0,    0,    0,    0,   -1,    0,    0,    0,   -7,  -26,    0,    0,    0,    0,    0,  -24,  -11,
       0,    0,    0,    0,    0,    0,    0,    0,    0,    0,    0,   -3,    0,    0,    0,    0,    0,   -8,    0,    0,    0,    0,    0,    0,    0,    0,    0,    3,    0,    0,    0,   -6,   -7,   -1,    0,  -14,    0,   -6,    0,   -8,   -6,   -6,    0,   -6,   -3,   -6,    0,    0,   -6,   -6,    0,   -6,  -12,   -8,   -6,    0,    0,    0,    0,    0,    0,    0,    0,    0,    0,    0,    0,    0,    0,   -6,   -8,   -8,   -3,    0,   -6,   -6,   -6,    0,    0,    0,    0,    3,    0,    0,    0,    0,    0,    0,    0,    0,    0,    0,   -8,    0,    0,    0,   -6,  -12,    0,    0,    0,    0,    0,   -8,  -12,    0,    0,    0,   -6,   -6,   -3,    0,   -6,    0,   -7,   -6,    0,    0,  -14,    0,    0,    0,    0,    0,    0,    0,    0,
       0,    0,    0,    0,    0,    0,    0,    0,    0,    0,    0,   -6,   -1,   -5,    1,    0,    0,  -12,    0,    0,    0,    0,    0,    0,    0,    0,    0,    0,    0,    0,    0,    0,    0,    0,    0,    0,    0,    0,    0,    0,    0,    0,    0,    0,    0,    0,    0,    0,    0,    0,    0,    0,    0,    0,    0,    0,    0,    0,    0,    0,    0,    0,    0,    0,    0,    0,    0,    0,    0,    0,    0,    0,    0,    0,    0,    0,    0,    0,    0,    0,    0,    0,    0,    0,    0,    0,    0,    0,    0,    0,    0,    0,    0,    0,    0,    0,    0,    0,    0,    0,    0,    0,    0,    0,    0,    0,    0,    0,    0,    0,    0,    0,    0,    0,    0,    0,    0,    0,    0,    0,    0,    0,    0,    0,    0,    0,    0,
       0,    0,    0,    0,    0,  -25,    0,    0,  -39,  -29,    0,    0,    0,    0,    0,    0,    0,    0,    0,    0,    0,    0,    0,    0,    0,    0,    0,    0,    0,    0,    0,    0,    0,    0,    0,    0,    0,    0,    0,    0,    0,    0,    0,    0,    0,    0,    0,    0,    0,    0,    0,    0,    0,    0,    0,    0,    0,    0,    0,    0,  -18,    0,    0,    0,    0,    0,   -8,    0,    0,    0,    0,    0,    0,    0,    0,    0,    0,    0,    0,    0,    0,    0,    0,    0,    0,    0,    0,    0,    0,    0,    0,    0,    0,    0,    0,    0,    0,    0,    0,    0,    0,    0,    0,    0,    0,    0,    0,    0,    0,    0,    0,    0,    0,    0,    0,    0,    0,    0,    0,    0,    0,    0,    0,    0,    0,    0,    0,
       0,    0,    0,    0,    0,    0,    0,    0,    0,    0,    0,    0,    0,    0,    0,    0,    0,    0,    0,    0,    0,    0,    0,    0,    0,    0,    7,    0,    0,    6,    0,    0,    0,    0,   -2,   -1,    0,    0,    0,    0,    0,    0,    0,    0,    0,    0,    0,    0,    0,    0,    0,    0,    0,    0,    0,    0,    0,    0,    0,    0,    0,    0,    0,    0,    0,    0,    0,    0,    0,    0,    0,    0,    0,    0,    0,    0,    0,    0,    0,    7,    6,    0,    0,    0,    0,    0,   -2,    0,    0,    0,    0,    0,    0,    0,    0,    0,    0,    0,    0,    0,    0,    0,    0,    0,    0,    0,    0,    0,    0,    0,    0,    0,    0,    0,    0,    0,    0,    0,   -1,    0,    0,    0,    0,    0,    0,    0,    0,
       0,  -48,    0,    0,    0,   -6,  -58,    0,    0,    0,  -11,    0,   -6,  -12,  -10,   -8,  -12,   -9,   -9,  -14,    0,    0,   -3,    0,    1,   -1,   -9,   -6,    0,   -1,  -30,  -27,  -36,  -28,   -3,  -28,   -1,  -25,   -1,  -12,  -15,  -17,  -13,   -3,  -16,  -12,  -12,  -12,  -11,  -13,  -13,  -34,   -6,  -29,   -3,    0,    0,    0,  -19,  -44,  -19,   -8,    0,  -54,    0,  -21,   -1,    0,    0,  -14,  -12,  -12,  -16,  -16,  -17,   -5,  -11,    0,    0,    0,    0,    0,    0,    0,    0,    0,    0,    0,    0,    0,    0,    0,    0,    0,    0,    0,    0,    0,    0,    0,    0,    0,    0,    0,    0,    0,    0,    0,    0,    0,    0,    0,    0,    0,    0,    0,    0,    0,    0,    0,  -56,  -47,    0,  -44,    0,    0,    0,
       0,  -15,    0,    0,    0,   -8,  -10,    0,   -3,   -2,    0,   -2,   -8,   -1,    0,   -3,   -2,   -8,   -1,   -3,    0,    0,    0,    0,   -9,   -6,   -1,   -4,   -6,   -2,  -14,  -14,  -20,  -16,  -12,  -20,   -1,   -8,  -12,   -3,   -6,   -2,   -5,    0,   -2,   -3,   -3,   -2,   -6,   -3,   -3,  -13,   -7,   -9,   -6,    0,    0,    0,    0,   -6,    0,    6,    0,   -2,    0,    0,    0,    0,  -10,   -3,   -3,   -3,   -2,   -2,   -2,    0,   -6,    0,    0,    0,    0,    0,    0,    0,    0,    0,    0,    0,    0,    0,    0,    0,    0,    0,    0,    0,    0,    0,    0,    0,    0,    0,    0,    0,    0,    0,    0,    0,    0,    0,    0,    0,    0,    0,    0,    0,    0,    0,    0,    0,  -10,  -16,    0,   -9,    0,    0,    0,
       0,    0,    0,    0,    0,    3,    0,    0,    0,    0,    0,    0,    0,    0,    0,    0,    0,    0,    3,    0,    6,    0,    0,    0,   -3,    0,   -3,    1,    0,    0,    0,   -8,   -2,   -1,   -3,   -2,    0,    0,   -2,    0,    0,    0,    0,    0,    0,   -2,    0,   -1,   -3,    0,   -1,  -11,   -3,  -11,    0,    0,    0,    0,    0,    0,    0,    0,    0,    0,    0,    0,    0,    0,   -1,    0,    0,    0,    0,    3,    0,    0,   -3,    0,    0,    0,    0,    0,    0,    0,    0,    0,    0,    0,    0,    0,    0,    0,    0,    0,    0,    0,    0,    0,    0,    0,    0,    0,    0,    0,    0,    0,    0,    0,    0,    0,    0,    0,    0,    0,    0,    0,    0,    0,    0,    0,    1,    2,    0,    4,    0,    0,    0,
       0,  -12,    0,    0,    0,   -8,  -11,    0,  -10,   -3,    4,   -1,  -11,   -7,   -1,   -6,    0,  -10,   -3,    0,    0,    0,    0,    2,  -24,   -8,    6,   -8,  -10,    0,   -8,  -10,  -14,  -14,  -19,  -18,   -4,   -8,  -39,    0,   -1,    0,    0,    0,    0,    0,    0,    0,   -4,    0,    0,    0,   -6,    0,    0,    0,    0,    0,    6,    0,    0,    3,    0,    0,    0,    0,   -3,    0,  -28,    0,    0,    0,    0,    0,    0,   -1,   -4,    0,    0,    0,    0,    0,    0,    0,    0,    0,    0,    0,    0,    0,    0,    0,    0,    0,    0,    0,    0,    0,    0,    0,    0,    0,    0,    0,    0,    0,    0,    0,    0,    0,    0,    0,    0,    0,    0,    0,    0,    0,    0,    0,   -8,   -8,    0,    0,    0,   -2,    0,
       0,   -6,    0,    0,    0,    0,    0,    0,    0,    0,    0,    0,    0,   -3,    0,    0,    0,   -3,    0,    0,    0,    0,    0,    0,    0,   -1,   -6,   -3,    0,    0,   -6,  -13,   -3,   -3,   -4,   -4,   -1,    0,    0,   -3,   -2,   -6,   -6,   -1,    0,    0,   -2,   -1,   -4,    0,   -1,  -11,   -6,   -8,    0,    0,    0,    0,    0,    0,    0,    0,    0,    0,    0,  -14,    0,    0,    0,   -8,   -3,   -3,    0,    0,   -6,    0,   -4,    0,    0,    0,    0,    0,    0,    0,    0,    0,    0,    0,    0,    0,    0,    0,    0,    0,    0,    0,    0,    0,    0,    0,    0,    0,    0,    0,    0,    0,    0,    0,    0,    0,    0,    0,    0,    0,    0,    0,    0,    0,    0,    0,    0,    0,    0,    0,    0,    0,    0,
       0,    0,    0,    0,    0,   -3,    3,    0,  -27,  -14,    1,   -3,   -7,   -4,  -17,   -8,   -7,    1,   -2,    0,   -3,    0,    0,    0,  -33,   -1,   -4,   -6,  -10,    0,    4,   -4,    1,    1,   -7,    1,    0,    7,  -23,  -21,    0,  -21,   -7,  -16,   -3,   -6,   -8,   -9,  -17,   -4,   -8,  -14,  -25,  -11,   -9,    0,    0,    0,    0,    6,  -18,   -6,    0,    0,    0,  -12,   -4,    0,  -44,    0,  -21,  -21,   -3,    8,  -21,    0,  -17,    0,    0,    0,    0,    0,    0,    0,    0,    0,    0,    0,    0,    0,    0,    0,    0,    0,    0,    0,    0,    0,    0,    0,    0,    0,    0,    0,    0,    0,    0,    0,    0,    0,    0,    0,    0,    0,    0,    0,    0,    0,    0,    0,    2,    1,    0,    2,    0,  -25,    0,
       0,   -8,    0,    0,    1,   -1,  -13,    0,   -1,    0,    0,   -4,   -8,   -4,    0,    0,    0,  -12,   -3,    0,    0,    0,    0,    1,  -10,   -4,    4,   -4,   -7,    0,  -17,  -13,  -19,  -16,  -15,  -15,   -7,   -6,   -8,   -3,    0,    0,    0,    0,    0,    0,    0,    0,   -3,    0,    0,   -7,   -8,   -8,    0,    0,    0,    0,    0,    0,    2,   12,    0,    0,    0,    0,    0,    0,  -11,    0,   -3,   -3,    0,    0,    0,    0,   -3,    0,    0,    0,    0,    0,    0,    0,    0,    0,    0,    0,    0,    0,    0,    0,    0,    0,    0,    0,    0,    0,    0,    0,    0,    0,    0,    0,    0,    0,    0,    0,    0,    0,    0,    0,    0,    0,    0,    0,    0,    0,    0,    0,   -3,   -6,    0,    0,    0,    0,    0,
       0,    0,    0,    0,    0,    0,    0,    0,    0,    0,    0,   -2,   -7,   -4,  -13,   -7,   -8,    0,   -6,   -5,    0,    0,    0,    0,    0,    0,   -3,    0,    0,    0,    0,    0,    0,    0,    0,    0,    0,    0,    0,  -11,    0,  -12,   -5,   -8,   -1,   -4,   -5,   -9,  -12,   -6,   -9,  -12,  -10,  -10,   -7,    0,    0,    0,    0,    0,  -14,    0,    0,    0,    0,    0,    0,    0,    0,   -6,  -11,  -11,   -1,    3,  -12,    0,  -12,    0,    0,    0,    0,    0,    0,    0,    0,    0,    0,    0,    0,    0,    0,    0,    0,    0,    0,    0,    0,    0,    0,    0,    0,    0,    0,    0,    0,    0,    0,    0,    0,    0,    0,    0,    0,    0,    0,    0,    0,    0,    0,    0,   -1,   -2,    0,    0,    0,    0,    0,
       0,    0,    0,    0,    0,    0,    0,    0,  -20,   -9,   -6,   -3,  -12,  -10,  -14,  -12,   -6,    0,   -6,   -6,   -3,    0,    0,    0,  -23,    0,    0,   -5,   -6,    0,    0,   -4,    1,    1,   -4,    0,    0,    0,  -27,  -12,    0,  -12,    0,  -12,   -4,   -4,   -6,   -8,  -14,   -2,  -10,   -9,  -20,   -8,   -9,    0,    0,    0,    0,    0,  -14,    0,    0,    0,    0,   -3,   -8,    0,  -28,    0,  -12,  -12,   -4,    6,  -12,    0,  -14,    0,    0,    0,    0,    0,    0,    0,    0,    0,    0,    0,    0,    0,    0,    0,    0,    0,    0,    0,    0,    0,    0,    0,    0,    0,    0,    0,    0,    0,    0,    0,    0,    0,    0,    0,    0,    0,    0,    0,    0,    0,    0,    0,    0,    0,    0,    0,    0,   -9,    0,
       0,   -4,    0,    0,    0,   -3,  -11,    0,    0,    0,   -8,    0,   -3,   -3,  -15,   -6,  -11,   -6,   -3,   -7,    0,    0,    0,    0,  -17,   -4,  -14,   -6,   -5,    0,   -7,  -12,  -23,  -19,   -9,  -18,    5,    0,    2,   -2,    0,   -7,   -4,    0,   -4,   -4,   -2,   -4,   -4,   -8,   -5,  -26,    0,  -18,    0,    0,    0,    0,    0,    0,  -21,   -8,    0,    0,    0,  -29,   -1,    0,  -21,    0,   -2,   -2,   -4,    6,   -7,    0,   -4,    0,    0,    0,    0,    0,    0,    0,    0,    0,    0,    0,    0,    0,    0,    0,    0,    0,    0,    0,    0,    0,    0,    0,    0,    0,    0,    0,    0,    0,    0,    0,    0,    0,    0,    0,    0,    0,    0,    0,    0,    0,    0,    0,    0,   -6,    0,    0,    0,    0,    0,
       0,  -44,    0,    0,    0,   -9,  -40,    0,    0,    0,    0,   -3,   -6,   -3,   -2,   -3,    0,   -8,    0,  -13,    0,    0,    0,    0,    1,   -2,   -5,   -8,   -1,   -2,  -32,  -20,  -33,  -34,   -6,  -28,    1,  -18,    0,    0,    0,   -2,   -3,    0,    0,    0,    0,    0,   -3,   -3,   -1,  -24,   -6,  -18,    0,    0,    0,    0,    0,  -30,    0,    0,    0,  -32,    0,   -8,    0,    0,    1,    0,    0,    0,    0,    0,   -2,    0,   -3,    0,    0,    0,    0,    0,    0,    0,    0,    0,    0,    0,    0,    0,    0,    0,    0,    0,    0,    0,    0,    0,    0,    0,    0,    0,    0,    0,    0,    0,    0,    0,    0,    0,    0,    0,    0,    0,    0,    0,    0,    0,    0,    0,  -38,  -39,    0,  -31,    0,    5,    0,
       0,    0,    0,    0,    0,    0,    0,    0,  -16,   -9,   -3,  -10,  -13,   -7,  -14,  -10,  -11,    0,    0,   -3,    0,    0,    0,   -1,   -4,   -3,   -2,   -3,    0,    0,    0,   -3,    0,    0,   -9,    0,   -6,    0,  -22,  -10,    0,   -8,   -2,   -8,   -6,   -7,   -8,   -5,  -15,   -4,   -8,  -13,  -20,   -8,  -10,    0,    0,    0,    0,    0,  -14,    0,    0,    0,    0,   -3,  -11,    0,  -26,    0,  -10,  -10,   -6,    3,   -8,    0,  -15,    0,    0,    0,    0,    0,    0,    0,    0,    0,    0,    0,    0,    0,    0,    0,    0,    0,    0,    0,    0,    0,    0,    0,    0,    0,    0,    0,    0,    0,    0,    0,    0,    0,    0,    0,    0,    0,    0,    0,    0,    0,    0,    0,    0,    0,    0,    0,    0,  -12,    0,
       1,   -9,    0,    0,    0,   -5,   -9,    0,   -2,    0,    7,    0,   -4,   -1,    3,    0,    3,    0,    0,   -1,    0,    0,    0,    8,   -4,   -3,    8,   -6,   -2,    0,   -8,   -1,   -6,   -4,  -13,  -10,    0,    0,  -13,    1,    0,    0,    0,    0,    3,    3,    3,    3,    0,    3,    3,    0,   -6,    0,    0,    0,    0,    0,    6,    0,    1,   11,    0,    0,    0,    8,    0,    0,  -18,   -2,    1,    1,    3,    3,    0,    0,    0,    0,    0,    0,    0,    0,    0,    0,    0,    0,    0,    0,    0,    0,    0,    0,    0,    0,    0,    0,    0,    0,    0,    0,    0,    0,    0,    0,    0,    0,    0,    0,    0,    0,    0,    0,    0,    0,    0,    0,    0,    0,    0,    0,   -1,   -8,    0,    0,    0,    0,    0,
       0,    0,    0,    0,    0,   -7,    6,    0,  -34,  -14,    0,   -6,   -7,   -3,  -14,   -6,   -3,    0,    0,    0,    4,    0,   -3,    0,  -32,   -4,    4,  -10,  -10,    1,    1,   -6,   -4,   -4,  -16,   -7,   -2,    0,   -7,  -14,    0,   -6,    1,   -4,    0,    0,    0,    0,   -4,    0,    0,    1,  -10,    1,   -1,    0,    0,    0,    0,    5,   -3,    0,    0,    0,    0,    2,    0,    0,  -41,    0,  -14,  -14,    0,    0,   -6,   -3,   -4,    0,    0,    0,    0,    0,    0,    0,    0,    0,    0,    0,    0,    0,    0,    0,    0,    0,    0,    0,    0,    0,    0,    0,    0,    0,    0,    0,    0,    0,    0,    0,    0,    0,    0,    0,    0,    0,    0,    0,    0,    0,    0,    0,    6,    0,    0,    4,    0,  -26,    0,
       0,  -30,    0,    0,    0,   -6,  -17,    0,    0,    0,   -3,    0,    0,   -3,   -9,   -6,   -7,   -7,    0,   -7,    0,    0,   -3,    0,  -10,   -8,   -7,   -9,   -6,   -3,  -17,  -23,  -24,  -19,  -17,  -20,    0,  -15,    5,   -4,   -5,   -7,   -3,    0,   -2,   -4,   -1,   -1,   -7,   -5,   -4,  -18,    0,  -12,    0,    0,    0,    0,    0,  -12,  -14,   -4,    0,  -22,    0,  -14,   -1,    0,  -18,    0,   -4,   -4,   -2,   -2,   -7,    0,   -7,    0,    0,    0,    0,    0,    0,    0,    0,    0,    0,    0,    0,    0,    0,    0,    0,    0,    0,    0,    0,    0,    0,    0,    0,    0,    0,    0,    0,    0,    0,    0,    0,    0,    0,    0,    0,    0,    0,    0,    0,    0,    0,    0,  -15,  -21,    0,  -17,    0,    0,    0,
       0,   -6,    0,    0,    0,   -4,    0,    0,    0,    0,    3,   -1,   -5,   -1,    3,    0,   -2,   -1,   -1,   -1,    0,    0,    0,    0,   -2,   -2,    3,    0,    0,    0,   -4,   -1,   -1,    0,   -6,   -2,   -1,    0,   -1,    0,   -1,   -2,   -1,    0,   -1,   -1,   -2,   -2,   -2,   -3,   -2,  -10,   -4,   -9,   -2,    0,    0,    0,    0,    0,   -1,    6,    0,   -1,    0,    0,    0,    0,  -11,    0,    0,    0,   -1,   -1,   -2,    0,   -2,    0,    0,    0,    0,    0,    0,    0,    0,    0,    0,    0,    0,    0,    0,    0,    0,    0,    0,    0,    0,    0,    0,    0,    0,    0,    0,    0,    0,    0,    0,    0,    0,    0,    0,    0,    0,    0,    0,    0,    0,    0,    0,    0,    0,   -7,    0,    0,    0,    0,    0,
       0,    2,    0,    0,    0,   -1,    0,    0,  -34,  -18,    0,    0,   -3,   -3,  -22,   -6,   -6,    2,    0,    0,    0,    0,    0,  -16,  -24,    0,    0,   -3,   -3,    0,    1,    0,    2,    2,   -4,    3,   -3,    0,  -26,  -26,    0,  -22,    0,  -20,   -6,   -8,  -12,  -15,  -19,    0,  -12,  -12,  -22,  -12,   -9,    0,    0,    0,    0,    8,  -26,  -20,    0,    2,    0,  -11,   -8,    0,  -32,    0,  -26,  -26,   -6,    5,  -22,    0,  -19,    0,    0,    0,    0,    0,    0,    0,    0,    0,    0,    0,    0,    0,    0,    0,    0,    0,    0,    0,    0,    0,    0,    0,    0,    0,    0,    0,    0,    0,    0,    0,    0,    0,    0,    0,    0,    0,    0,    0,    0,    0,    0,    0,    8,    0,    0,    3,    0,  -26,    0,
       0,    0,    0,    0,    0,    0,    0,    0,  -18,  -15,    0,   -4,   -7,   -5,   -9,   -5,   -5,    0,    0,   -3,   -6,    0,   -3,    0,  -18,    0,    0,    0,   -1,    0,    0,    0,   -1,   -1,   -4,    0,    0,    0,  -26,  -13,    0,  -12,   -1,   -9,   -4,   -4,   -6,   -6,  -16,   -8,  -12,  -13,  -21,  -15,  -11,    0,    0,    0,    0,    0,  -14,    0,    0,    0,    0,   -3,  -10,    0,  -38,   -8,  -13,  -13,   -4,    3,  -12,    0,  -16,    0,    0,    0,    0,    0,    0,    0,    0,    0,    0,    0,    0,    0,    0,    0,    0,    0,    0,    0,    0,    0,    0,    0,    0,    0,    0,    0,    0,    0,    0,    0,    0,    0,    0,    0,    0,    0,    0,    0,    0,    0,    0,    0,    0,    0,    0,    0,    0,  -11,    0,
       0,    1,    0,    0,    0,    0,    0,    0,  -36,  -19,   -3,   -6,   -3,    0,  -22,   -8,  -11,    3,    0,   -3,   -1,    0,    0,   -1,  -32,    0,   -1,    0,   -2,    0,    2,   -1,    0,    0,   -7,   -4,    3,    5,  -44,  -27,    2,  -23,    0,  -20,   -6,   -6,   -9,   -9,  -16,   -3,   -9,   -9,  -23,  -10,  -14,    3,    0,    0,    0,    7,  -20,   -3,    0,    1,    0,   -1,  -20,    0,  -43,   -3,  -27,  -27,  -11,   18,  -23,    0,  -16,    0,    0,    0,    0,    0,    0,    0,    0,    0,    0,    0,    0,    0,    0,    0,    0,    0,    0,    0,    0,    0,    0,    0,    0,    0,    0,    0,    0,    0,    0,    0,    0,    0,    0,    0,    0,    0,    0,    0,    0,    0,    0,    0,    8,    0,    0,    3,    0,  -34,    0,
       0,    1,    0,    0,    0,    0,    0,    0,  -26,  -19,   -3,   -6,   -3,   -3,  -21,   -6,  -11,    0,   -3,   -3,    2,    0,    0,  -10,  -28,    0,    0,    0,   -3,    0,    2,   -1,    0,    0,   -4,    0,    0,    5,  -44,  -23,    0,  -18,    0,  -18,   -3,   -3,   -8,   -9,  -23,   -5,   -9,   -8,  -18,  -11,  -11,    0,    0,    0,    0,    0,  -20,   -4,    0,    0,    0,  -10,  -19,    0,  -42,    0,  -23,  -23,   -6,   15,  -18,    0,  -23,    0,    0,    0,    0,    0,    0,    0,    0,    0,    0,    0,    0,    0,    0,    0,    0,    0,    0,    0,    0,    0,    0,    0,    0,    0,    0,    0,    0,    0,    0,    0,    0,    0,    0,    0,    0,    0,    0,    0,    0,    0,    0,    0,    6,    2,    0,    0,    0,  -33,    0,
       0,   -3,    0,    0,    0,    0,   -1,    0,    0,    0,   -3,    0,    0,   -6,  -15,   -6,  -11,    0,   -1,   -7,    0,    0,    0,    0,    0,    0,   -9,   -6,    0,   -4,   -4,   -8,   -7,   -3,    0,   -6,    0,    0,    0,  -11,    0,  -15,   -6,    0,   -5,   -5,   -2,   -2,  -11,   -9,   -6,  -20,   -8,  -25,    0,    0,    0,    0,    0,    0,  -19,  -10,    0,    0,    0,  -20,   -7,    0,    0,    0,  -11,  -11,   -5,    2,  -15,    0,  -11,    0,    0,    0,    0,    0,    0,    0,    0,    0,    0,    0,    0,    0,    0,    0,    0,    0,    0,    0,    0,    0,    0,    0,    0,    0,    0,    0,    0,    0,    0,    0,    0,    0,    0,    0,    0,    0,    0,    0,    0,    0,    0,    0,   -1,   -7,    0,    0,    0,    2,    0,
       0,    2,    0,    0,    0,    0,    0,    0,  -27,  -19,   -6,    0,   -3,   -4,  -26,   -7,  -11,    2,    0,    0,   -6,    0,    0,  -10,  -16,    0,   -1,    0,    0,    1,    6,    0,    0,    0,    0,    0,    0,   13,  -13,  -23,    0,  -22,    0,  -20,   -3,   -4,  -15,  -14,  -23,   -2,  -14,  -18,  -21,  -13,  -19,    0,    0,    0,    0,    6,  -25,  -12,    0,    0,    0,   -9,  -15,    0,  -29,    0,  -23,  -23,   -3,   14,  -22,    0,  -23,    0,    0,    0,    0,    0,    0,    0,    0,    0,    0,    0,    0,    0,    0,    0,    0,    0,    0,    0,    0,    0,    0,    0,    0,    0,    0,    0,    0,    0,    0,    0,    0,    0,    0,    0,    0,    0,    0,    0,    0,    0,    0,    0,    6,    0,    0,    3,    0,  -15,    0,
       0,   -3,    0,    0,    0,    0,    0,    0,    0,    0,    0,    0,    0,    0,    0,    0,    0,   -3,    0,    0,    3,    0,    0,    0,    0,    0,    0,    0,    0,    0,   -4,    0,    0,    0,    0,    0,    0,    0,    0,    0,    0,    0,    0,    0,    0,    0,    0,    0,    0,    0,    0,   -8,    0,   -8,    0,    0,    0,    0,    0,   -1,    0,    0,    0,    0,    0,   -8,    0,    0,    0,    0,    0,    0,    0,    1,    0,    0,    0,    0,    0,    0,    0,    0,    0,    0,    0,    0,    0,    0,    0,    0,    0,    0,    0,    0,    0,    0,    0,    0,    0,    0,    0,    0,    0,    0,    0,    0,    0,    0,    0,    0,    0,    0,    0,    0,    0,    0,    0,    0,    0,    0,   -1,   -1,    0,    0,    0,    0,    0,
       0,  -31,    0,    0,    0,    0,    0,    0,    0,    0,   -8,    0,    0,    0,   -9,   -8,    0,  -16,    0,   -8,    0,    0,    0,    0,    0,    0,   -8,    6,    0,    0,  -32,  -30,  -33,  -29,    0,  -25,    0,  -36,    0,    0,   -3,    0,   41,    3,    0,    7,    0,    5,    0,    0,    0,  -16,   -6,   15,    0,    0,    0,    0,    0,    0,    0,  -14,    0,    0,    0,  -16,    0,    0,    0,   43,    0,    0,    0,    0,    0,    2,    0,    0,  -32,   -8,    0,    6,    0,    0,    0,    0,    0,    0,    0,    0,    0,    0,    0,    0,    0,    0,    0,   -6,    0,    0,    0,    0,    5,   15,   -6,    0,    0,    0,   -3,    0,    0,    0,    7,    0,  -33,  -16,    0,    0,  -25,    0,  -32,  -32,    0,    0,    0,    0,    0,
       0,    0,    0,    0,    0,    0,    0,    0,    0,    0,  -16,    0,    0,  -14,  -25,   -8,    0,   -8,    0,  -14,    0,    0,    0,    0,    0,    0,  -26,   12,    0,   -6,  -32,  -38,  -46,  -45,    0,  -32,    0,    0,    0,   -8,  -13,   -8,   14,    0,  -13,    0,  -10,    0,  -10,  -12,  -13,  -27,   -6,    1,    0,    0,    0,    0,    0,    0,    0,    0,    0,    0,    0,    0,    0,    0,    0,   12,   -8,   -8,  -13,  -13,   -8,    0,  -10,    0,  -32,  -26,   -6,   12,    0,    0,    0,    0,    0,    0,    0,    0,    0,    0,   -8,    0,    0,    0,   -8,   -6,    0,  -13,  -10,    0,    0,    1,   -6,    0,    0,    0,  -13,  -10,  -13,  -13,    0,    0,  -46,  -27,    0,    0,  -32,    0,    0,    0,    0,    0,    0,    0,    0,
       0,  -12,    0,    0,    0,    0,    0,    0,   12,    2,    0,    0,    0,    0,    0,    0,    0,    0,    0,    0,    6,    0,    0,    0,    6,    0,    6,    6,    2,    3,   -3,   -2,   -6,   -6,    3,   -9,    6,    0,    2,    0,   -2,   -2,    0,    0,    0,    0,    0,    0,    0,    0,    0,   -8,    0,   -8,    0,    0,    0,    0,    0,    0,    0,    0,    0,   -2,    0,    0,    0,    0,    3,   -1,    0,    0,    0,    0,   -2,   -1,    0,    0,    0,    0,    0,    0,    0,    0,    0,    0,    0,    0,    0,    0,    0,    0,    0,    0,    0,    0,    0,    0,    0,    0,    0,    0,    0,    0,    0,    0,    0,    0,    0,    0,    0,    0,    0,    0,    0,    0,    0,    0,    0,    0,   -7,   -8,    0,    0,    0,   15,    0,
       0,   -7,    0,    0,    0,    0,  -11,    0,   -3,    0,    0,    0,    0,    0,    0,    0,    0,    0,    0,    0,    0,    0,    0,    0,   -8,    0,    8,    0,    0,    0,   -2,    0,   -5,   -4,  -10,  -15,    0,    0,   -2,   -6,   -3,    1,    0,   -4,    0,    0,    0,    0,   -4,    0,    0,   -3,  -12,   -3,   -1,    0,    0,    0,    0,    0,    2,   12,    0,    0,    0,    0,    0,    0,  -12,  -10,   -6,   -6,    0,    0,    1,   -6,   -4,    0,    0,    0,    0,    0,    0,    0,    0,    0,    0,    0,    0,    0,    0,    0,    0,    0,    0,    0,    0,    0,    0,    0,    0,    0,    0,    0,    0,    0,    0,    0,    0,    0,    0,    0,    0,    0,    0,    0,    0,    0,    0,    0,  -12,  -11,    0,    0,    0,    0,    0,
       0,   -3,    0,    0,    0,    0,    0,    0,    0,    0,    0,    0,    0,    0,    0,    0,    0,    0,    0,    0,    0,    0,    0,    0,   -3,   -1,    4,    0,   -4,    3,  -12,   -1,  -11,   -8,    0,  -16,    0,    0,    0,   -8,   -8,   -8,   -3,   -3,    0,    0,    0,   -3,   -7,    0,    0,   -3,  -10,   -3,   -7,    0,    0,    0,    0,    0,    0,    0,    0,    0,    0,    0,    0,    0,    0,   -8,   -8,   -8,    0,    0,   -8,   -9,   -7,    0,    0,    0,    0,    0,    0,    0,    0,    0,    0,    0,    0,    0,    0,    0,    0,    0,    0,    0,    0,    0,    0,    0,    0,    0,    0,    0,    0,    0,    0,    0,    0,    0,    0,    0,    0,    0,    0,    0,    0,    0,    0,    0,   -6,   -3,    0,   -1,    0,    1,    0,
       0,   -2,    0,    0,    0,    0,    0,    0,    3,    0,    0,    0,    0,    0,    0,    0,    0,    0,    0,    0,    0,    0,    0,    0,    3,    3,    6,    0,    0,    7,   -2,    2,    3,    3,    3,   -1,    6,    3,    0,   -2,   -2,   -3,   -2,    0,    0,    0,    0,    0,    0,   -1,    0,   -8,    0,   -7,    0,    0,    0,    0,    0,   -2,    0,    0,    0,    0,    0,    0,    0,    0,    0,   -3,   -2,   -2,    0,    0,   -3,   -1,    0,    0,    0,    0,    0,    0,    0,    0,    0,    0,    0,    0,    0,    0,    0,    0,    0,    0,    0,    0,    0,    0,    0,    0,    0,    0,    0,    0,    0,    0,    0,    0,    0,    0,    0,    0,    0,    0,    0,    0,    0,    0,    0,    0,    0,   -3,    0,   -2,    0,   16,    0,
       0,   -6,    0,    0,    0,    0,  -15,    0,    0,    0,    0,    0,    0,    0,    0,    0,    0,    0,    0,    0,    0,    0,    0,    0,   -6,    0,    4,    0,    0,    0,  -12,   -3,   -8,   -5,   -9,   -9,    0,    0,    0,   -4,   -4,   -3,    0,   -3,    0,    0,    0,    0,   -6,    0,    0,    0,   -7,    0,    0,    0,    0,    0,    0,    0,    0,    8,    0,    0,    0,    0,    0,    0,   -8,  -10,   -4,   -4,    0,    0,   -3,   -8,   -6,    0,    0,    0,    0,    0,    0,    0,    0,    0,    0,    0,    0,    0,    0,    0,    0,    0,    0,    0,    0,    0,    0,    0,    0,    0,    0,    0,    0,    0,    0,    0,    0,    0,    0,    0,    0,    0,    0,    0,    0,    0,    0,    0,  -12,   -6,    0,    0,    0,    0,    0,
      23,   25,    0,    0,    0,   23,   22,    0,  -17,    0,    4,   10,    3,    6,   -6,    3,    0,   21,    5,    9,    3,    0,   16,    0,   -7,    8,   15,    8,    8,   17,   26,    8,   10,   10,    8,   12,    9,   31,   -4,  -16,    0,   -7,    1,   -7,    9,    7,    1,    0,   -6,    0,    0,   -3,  -12,    1,    0,   35,    0,    0,    0,   23,    0,    2,   24,   32,    0,    0,    0,    0,    0,    0,  -32,  -28,   33,   16,   -4,   -3,   -6,    0,    0,    0,    0,    0,    0,    0,    0,    0,    0,    0,    0,    0,    0,    0,    0,    0,    0,    0,    0,    0,    0,    0,    0,    0,    0,    0,    0,    0,    0,    0,    0,    0,    0,    0,    0,    0,    0,    0,    0,    0,    0,    0,   29,   27,   10,   26,   22,    0,    0,
       3,    0,    0,    0,    0,    0,    3,    0,    6,   14,    0,    0,    0,    0,    0,    0,    0,    0,    0,    0,    0,    0,    0,    0,    0,    0,   10,   28,    0,    5,    2,   -2,   -2,   -1,    0,   -2,    8,    0,    3,  -15,   -1,   -9,   11,    0,    0,    0,    0,    0,  -10,    0,    0,    0,  -10,    0,   -4,    0,    0,    0,    0,    0,    0,    0,    0,    0,    0,    0,    0,    0,    0,    0,  -15,  -15,    0,    0,   -9,   -4,  -10,    0,    0,    0,    0,    0,    0,    0,    0,    0,    0,    0,    0,    0,    0,    0,    0,    0,    0,    0,    0,    0,    0,    0,    0,    0,    0,    0,    0,    0,    0,    0,    0,    0,    0,    0,    0,    0,    0,    0,    0,    0,    0,    0,    1,    0,    0,    0,    0,   11,    0,
       3,  -18,    0,    0,    0,    0,  -18,    0,    3,    0,    0,    0,    0,    0,    0,    0,    0,    0,    0,    0,    0,    0,    3,    0,    4,    0,    0,    0,    0,    3,  -11,   -4,  -14,  -11,    0,  -10,    8,   -6,    0,    0,   -2,    0,   -4,    0,    0,    0,    0,    0,   -1,    0,    0,   -9,    0,   -6,    0,    0,    0,    0,    0,  -15,    0,    8,    0,  -14,    0,    0,    0,    0,    0,   -6,    0,    0,    0,    0,    0,   -4,   -1,    0,    0,    0,    0,    0,    0,    0,    0,    0,    0,    0,    0,    0,    0,    0,    0,    0,    0,    0,    0,    0,    0,    0,    0,    0,    0,    0,    0,    0,    0,    0,    0,    0,    0,    0,    0,    0,    0,    0,    0,    0,    0,    0,  -26,  -18,   -3,  -14,    0,   15,    0,
       0,   -5,    0,    0,    0,    0,  -10,    0,    6,    5,    0,    0,    0,    0,    0,    0,    0,    0,    0,    0,    3,    0,    0,    0,    8,    3,    7,    8,    6,    6,    0,   -1,   -1,   -1,    6,    0,    7,    0,    6,    0,    0,    0,    0,    0,    0,   -1,    0,    0,    0,    0,    0,   -4,    0,   -3,    0,   11,    0,    0,    0,    0,    0,    8,    0,    0,    0,    0,    0,    0,    0,   -8,    0,    0,    0,    0,    0,   -1,    0,    0,    0,    0,    0,    0,    0,    0,    0,    0,    0,    0,    0,    0,    0,    0,    0,    0,    0,    0,    0,    0,    0,    0,    0,    0,    0,    0,    0,    0,    0,    0,    0,    0,    0,    0,    0,    0,    0,    0,    0,    0,    0,    0,   -3,   -6,    0,    0,    0,   17,    0,
       0,    0,    0,    0,    0,    0,    0,    0,    0,    0,    0,    0,    0,    0,    0,    0,    0,    0,    0,    0,    0,    0,    0,    0,    0,    3,    6,   11,    3,    1,    0,    0,    4,    4,    0,    1,    0,    0,    0,   -8,   -4,   -6,    4,   -4,    0,   -2,    0,    0,   -5,   -2,   -2,   -3,   -8,    0,    0,    0,    0,    0,    0,    0,    0,    8,    0,    0,    0,    0,    0,    0,    0,    0,   -8,   -8,    0,    0,   -6,    0,   -5,    0,    0,    0,    0,    0,    0,    0,    0,    0,    0,    0,    0,    0,    0,    0,    0,    0,    0,    0,    0,    0,    0,    0,    0,    0,    0,    0,    0,    0,    0,    0,    0,    0,    0,    0,    0,    0,    0,    0,    0,    0,    0,    0,   -1,    0,    0,    0,    0,    0,    0,
       0,  -10,    0,    0,    0,    0,    0,    0,    3,    4,    0,    0,    0,    0,    0,    0,    0,    0,    0,    0,    0,    0,    0,    0,    0,    6,    0,    6,    0,    0,   -7,   -4,   -8,   -6,    0,  -11,    6,    0,    2,   -3,   -6,   -4,   -3,    0,    0,    0,    0,    0,   -4,    0,    0,   -3,    2,   -3,    0,    0,    0,    0,    0,   -6,   -3,    0,    0,    0,    0,    0,    0,    0,    0,   -4,   -3,   -3,    0,    0,   -4,   -1,   -4,    0,    0,    0,    0,    0,    0,    0,    0,    0,    0,    0,    0,    0,    0,    0,    0,    0,    0,    0,    0,    0,    0,    0,    0,    0,    0,    0,    0,    0,    0,    0,    0,    0,    0,    0,    0,    0,    0,    0,    0,    0,    0,    0,   -6,  -11,    0,   -8,    0,   14,    0,
       0,  -15,    0,    0,    0,    0,    0,    0,    0,    1,    0,    0,    0,    0,    0,    0,    0,    0,    0,    0,    0,    0,    0,    0,   -3,    0,    3,    0,    0,    0,  -15,   -2,  -12,   -6,   -8,  -23,    0,    0,    0,    0,   -4,    0,   -6,   -3,    0,    0,    0,    0,   -3,    0,    0,   -3,   -6,   -4,    0,    0,    0,    0,    0,    0,    0,   11,    0,   -6,    0,    0,    0,    0,    0,   -8,    0,    0,    0,    0,    0,   -4,   -3,    0,    0,    0,    0,    0,    0,    0,    0,    0,    0,    0,    0,    0,    0,    0,    0,    0,    0,    0,    0,    0,    0,    0,    0,    0,    0,    0,    0,    0,    0,    0,    0,    0,    0,    0,    0,    0,    0,    0,    0,    0,    0,    0,  -22,  -24,    0,   -6,    0,    0,    0,
       0,    0,    0,    0,    0,    0,    0,    0,    0,    0,    0,    0,    0,    0,    0,    0,    0,    0,    0,    0,    0,    0,    0,    0,    0,    1,    6,    6,    0,    3,   -4,   -3,   -3,   -3,    0,  -10,    0,    0,    0,   -8,   -4,   -4,    0,    0,   -3,    4,   -3,    0,   -8,    0,   -2,   -6,  -12,    1,   -3,    0,    0,    0,    0,    0,    0,    6,    0,    0,    0,    0,    0,    0,    0,    0,   -8,   -8,   -3,   -3,   -4,    0,   -8,    0,    0,    0,    0,    0,    0,    0,    0,    0,    0,    0,    0,    0,    0,    0,    0,    0,    0,    0,    0,    0,    0,    0,    0,    0,    0,    0,    0,    0,    0,    0,    0,    0,    0,    0,    0,    0,    0,    0,    0,    0,    0,    0,    0,   -3,    0,   -1,    0,    0,    0,
       0,    0,    0,    0,    0,    0,    0,    0,  -28,   -1,    0,    0,    0,    0,    0,    0,    0,    0,    0,    0,    0,    0,   -3,    0,  -19,   -8,    5,  -15,  -10,    0,   -2,   -5,   -8,   -8,  -17,  -14,    0,   -2,  -19,  -22,   -6,  -12,    0,  -10,    0,    0,    0,    0,  -12,    0,    0,    0,  -16,    4,   -6,    0,    0,    0,    0,    0,   -6,    0,    0,    0,    0,    0,    0,    0,    0,  -12,  -22,  -22,    0,    0,  -12,  -12,  -12,    0,    0,    0,    0,    0,    0,    0,    0,    0,    0,    0,    0,    0,    0,    0,    0,    0,    0,    0,    0,    0,    0,    0,    0,    0,    0,    0,    0,    0,    0,    0,    0,    0,    0,    0,    0,    0,    0,    0,    0,    0,    0,    0,   -3,    0,    0,    0,    0,  -21,    0,
       0,  -10,    0,    0,    0,    0,   -6,    0,    6,    2,    0,    0,    0,    0,    0,    0,    0,    0,    0,    0,    0,    0,    1,    0,    5,    0,    8,    0,    1,    4,  -14,   -3,  -12,  -10,    0,  -12,    3,    0,    1,   -2,   -7,   -3,    0,    1,    0,    0,    0,    0,   -4,    0,    0,   -5,   -4,   -3,    0,    0,    0,    0,    0,    0,    0,    6,    0,   -6,    0,    0,    0,    0,    0,   -8,   -2,   -2,    0,    0,   -3,   -4,   -4,    0,    0,    0,    0,    0,    0,    0,    0,    0,    0,    0,    0,    0,    0,    0,    0,    0,    0,    0,    0,    0,    0,    0,    0,    0,    0,    0,    0,    0,    0,    0,    0,    0,    0,    0,    0,    0,    0,    0,    0,    0,    0,    0,   -7,   -5,    0,   -6,    0,    0,    0,
       1,   -2,    0,    0,    0,    0,    0,    0,    0,    2,    0,    0,    0,    0,    0,    0,    0,    0,    0,    0,    0,    0,    1,    0,    0,    0,    5,   -3,    0,    4,    0,    0,    0,    0,    0,    0,    3,    0,    0,   -6,   -3,   -3,    1,   -2,    0,    0,    0,    0,   -3,    0,    0,    0,   -8,    0,    0,    6,    0,    0,    0,    0,    0,    0,    0,    0,    0,    0,    0,    0,    0,   -3,   -6,   -6,    0,    0,   -3,   -4,   -3,    0,    0,    0,    0,    0,    0,    0,    0,    0,    0,    0,    0,    0,    0,    0,    0,    0,    0,    0,    0,    0,    0,    0,    0,    0,    0,    0,    0,    0,    0,    0,    0,    0,    0,    0,    0,    0,    0,    0,    0,    0,    0,    0,    3,    0,    0,    0,    0,   12,    0,
       3,  -10,    0,    0,    0,    0,   -8,    0,    6,    2,    0,    0,    0,    0,    0,    0,    0,    0,    0,    0,    3,    0,    0,    0,    2,    0,    3,    0,    3,    4,   -9,   -2,  -12,  -12,    0,  -13,    3,    0,    2,    0,   -4,   -3,    0,    0,    0,    0,    0,    0,   -2,    0,    0,   -8,    0,   -7,    0,    0,    0,    0,    0,   -4,    0,    6,    0,   -6,    0,    0,    0,    0,    0,   -4,    0,    0,    0,    0,   -3,    0,   -2,    0,    0,    0,    0,    0,    0,    0,    0,    0,    0,    0,    0,    0,    0,    0,    0,    0,    0,    0,    0,    0,    0,    0,    0,    0,    0,    0,    0,    0,    0,    0,    0,    0,    0,    0,    0,    0,    0,    0,    0,    0,    0,    0,  -11,  -10,    0,   -8,    0,   12,    0,
       0,   -3,    0,    0,    0,    0,    0,    0,  -11,    0,    0,    0,    0,    0,    0,    0,    0,    0,    0,    0,    0,    0,    0,    0,  -18,    0,    5,   -6,  -12,    3,   -7,   -3,   -8,   -6,  -19,  -15,   -3,   -6,  -15,  -12,   -6,   -4,    0,   -6,    0,    0,    0,    0,   -7,    0,    0,   -2,   -8,   -3,   -2,    0,    0,    0,    0,    0,    0,    8,    0,    0,    0,    0,    0,    0,    0,   -7,  -12,  -12,    0,    0,   -4,   -8,   -7,    0,    0,    0,    0,    0,    0,    0,    0,    0,    0,    0,    0,    0,    0,    0,    0,    0,    0,    0,    0,    0,    0,    0,    0,    0,    0,    0,    0,    0,    0,    0,    0,    0,    0,    0,    0,    0,    0,    0,    0,    0,    0,    0,   -8,   -8,    0,    0,    0,  -12,    0,
       0,    0,    0,    0,    0,    0,    0,    0,    0,    2,    0,    0,    0,    0,    0,    0,    0,    0,    0,    0,    0,    0,    0,    0,    2,    0,    5,    0,    0,    0,   -1,    3,   -7,   -4,   -3,  -14,    6,    0,    0,   -4,   -4,   -3,    1,   -3,    0,    0,    0,    0,   -3,    0,    0,    1,   -4,    4,    0,    0,    0,    0,    0,    0,    0,    0,    0,    0,    0,    0,    0,    0,    0,    0,   -4,   -4,    0,    0,   -3,   -7,   -3,    0,    0,    0,    0,    0,    0,    0,    0,    0,    0,    0,    0,    0,    0,    0,    0,    0,    0,    0,    0,    0,    0,    0,    0,    0,    0,    0,    0,    0,    0,    0,    0,    0,    0,    0,    0,    0,    0,    0,    0,    0,    0,    0,    0,    0,    0,    0,    0,    0,    0,
       0,   -3,    0,    0,    0,    0,   -6,    0,    1,    0,    0,    0,    0,    0,    0,    0,    0,    0,    0,    0,    0,    0,    0,    0,    0,   -2,    3,    0,   -3,    1,   -2,    0,  -11,   -7,   -3,  -17,    0,    0,    0,   -3,   -4,    0,    0,   -6,   -3,    0,    0,    0,   -6,    0,   -3,   -3,   -6,   -3,   -3,    0,    0,    0,    0,    0,    0,    0,    0,    0,    0,    0,    0,    0,    0,   -2,   -3,   -3,   -3,   -3,    0,   -4,   -6,    0,    0,    0,    0,    0,    0,    0,    0,    0,    0,    0,    0,    0,    0,    0,    0,    0,    0,    0,    0,    0,    0,    0,    0,    0,    0,    0,    0,    0,    0,    0,    0,    0,    0,    0,    0,    0,    0,    0,    0,    0,    0,    0,    0,   -2,    0,   -1,    0,    0,    0,
       0,    0,    0,    0,    0,    0,    0,    0,    0,    0,    0,    0,    0,    0,    0,    0,    0,    0,    0,    0,    0,    0,    0,    0,    0,    0,    0,   16,    0,    0,    0,    0,    0,    0,    0,    0,    0,    0,    0,    0,    0,    0,   28,    0,    0,    8,    0,   11,    0,    0,    0,    0,    0,    6,    0,    0,    0,    0,    0,    0,    0,    0,    0,    0,    0,    0,    0,    0,    0,   28,    0,    0,    0,    0,    0,    8,    0,    0,    0,    0,    0,   16,    0,    0,    0,    0,    0,    0,    0,    0,    0,    0,    0,    0,    0,    0,    0,    0,    0,    0,    0,    0,   11,    6,    0,    0,    0,    0,    0,    0,    0,    0,    8,    0,    0,    0,    0,    0,    0,    0,    0,    0,    0,    0,    0,    0,    0,
       0,    0,    0,    0,    0,    0,    0,    0,    0,    0,    0,    0,    0,    0,    0,    0,    0,    0,    0,    0,    0,    0,    0,    0,    0,    0,    0,    7,    0,    0,  -11,  -12,  -24,  -24,   -7,  -25,    0,    0,    0,   -8,   -6,   -6,   22,    0,   -3,    0,    0,    0,    0,    0,   -3,    0,   -6,    0,    0,    0,    0,    0,    0,    0,    0,    0,    0,    0,    0,    0,    0,    0,    0,    0,   -8,   -8,   -3,    0,   -6,    0,    0,    0,    0,    0,    0,    0,    0,    0,    0,    0,    0,    0,    0,    0,    0,    0,    0,    0,    0,    0,    0,    0,    0,    0,    0,    0,    0,    0,    0,    0,    0,    0,    0,    0,    0,    0,    0,    0,    0,    0,    0,    0,    0,    0,    0,    0,    0,    0,    0,    0,    0,
       0,    0,    0,    0,    0,    0,    0,    0,    0,    0,    0,   -3,    0,   -1,    0,    0,    0,   -2,    0,    0,    0,    0,    0,    0,    0,    0,    0,    0,    0,    0,    0,    0,    0,    0,    0,    0,    0,    0,    0,    0,    0,    0,    0,    0,    0,    0,    0,    0,    0,    0,    0,    0,    0,    0,    0,    0,    0,    0,    0,    0,    0,    0,    0,    0,    0,    0,    0,    0,    0,    0,    0,    0,    0,    0,    0,    0,    0,    0,    0,    0,    0,    0,    0,    0,    0,    0,    0,    0,    0,    0,    0,    0,    0,    0,    0,    0,    0,    0,    0,    0,    0,    0,    0,    0,    0,    0,    0,    0,    0,    0,    0,    0,    0,    0,    0,    0,    0,    0,    0,    0,    0,    0,    0,    0,    0,    0,    0,
       0,    0,    0,    0,    0,    0,    0,    0,    0,    0,    0,    0,    0,    0,    0,    0,    0,    0,    0,    0,    0,    0,    0,    0,    0,    0,   12,    0,    0,    0,    0,    0,    0,    0,    0,    0,    0,    0,    0,    0,    0,    0,    0,    0,    0,    0,    0,    0,    0,    0,    0,    0,    0,    0,    0,    0,    0,    0,    0,    0,    0,    0,    0,    0,    0,    0,    0,    0,    0,    0,    0,    0,    0,    0,    0,    0,    0,    0,    0,   12,    0,    0,    0,    0,    0,    0,    0,    0,    0,    0,    0,    0,    0,    0,    0,    0,    0,    0,    0,    0,    0,    0,    0,    0,    0,    0,    0,    0,    0,    0,    0,    0,    0,    0,    0,    0,    0,    0,    0,    0,    0,    0,    0,    0,    0,    0,    0,
       0,    0,    0,    0,    0,  -16,    0,    0,   -2,    0,    0,    0,    0,   -3,    0,    0,    0,   -3,    0,    0,    0,    0,   -8,    0,    0,    0,    0,    0,    0,    0,   -8,  -10,  -16,  -16,   -3,  -13,    0,    0,    0,   -6,   -6,   -6,    0,    0,    0,    0,    0,    0,   -3,    0,    0,    0,   -6,    0,   -3,    0,    0,    0,    0,    0,  -38,  -28,    0,    0,    0,    0,    0,    0,    0,    0,   -6,   -6,    0,    0,   -6,    0,   -3,    0,   -8,    0,    0,    0,    0,  -11,    0,    0,   -3,    0,    0,    0,  -12,    0,   -6,    0,    0,    0,   -6,   -6,    0,    0,    0,    0,    0,    0,   -6,   -3,    2,    0,   -6,   -3,    0,    0,    0,    0,  -16,    0,    0,    0,  -13,    0,   -4,    0,    0,    0,    0,    0,    0,
       0,    0,    0,    0,    0,  -16,    0,    0,   -3,  -12,    0,  -11,   -8,   -6,   -2,   -6,    0,  -23,    0,   -8,    0,    0,    0,    0,   -6,    0,    2,  -11,   -3,   -3,  -21,   -3,   -9,   -8,  -20,  -20,   -3,  -10,    0,    0,    0,    0,    0,    0,    0,    0,    0,    0,    0,    0,    0,   -6,  -14,    0,   -6,    0,    0,    0,    0,    0,    0,    0,    0,    0,    0,    0,  -28,   -7,  -16,    0,    0,    0,    0,    0,    0,    0,    0,    0,  -21,    2,   -3,  -11,  -17,  -18,   -6,  -17,  -20,    0,   -3,    0,  -20,    0,    0,    0,    0,    0,    0,  -14,    0,    0,    0,   -6,    0,    0,  -14,    0,    2,    0,    0,    0,    0,    0,    0,  -14,   -9,   -6,    0,    0,  -20,  -16,    0,   -2,    0,    0,    0,    0,   -6,
       0,    0,    0,    0,    0,    0,    0,    0,    0,    0,    0,    0,    0,    0,    0,    0,    0,   -9,    0,    0,    0,    0,    0,    0,    0,    0,    0,    0,    0,    0,    0,    0,    0,    0,    0,    0,    0,    0,    0,    0,    0,    0,    0,    0,    0,    0,    0,    0,    0,    0,    0,    0,    0,    0,    0,    0,    0,    0,    0,    0,    0,    0,    0,    0,    0,    0,    0,    0,    0,    0,    0,    0,    0,    0,    0,    0,    0,    0,    0,    0,    0,    0,    0,    0,    0,    0,    0,    0,    0,    0,    0,    0,    0,    0,    0,    0,    0,    0,    0,    0,    0,    0,    0,    0,    0,    0,    0,    0,    0,    0,    0,    0,    0,    0,    0,    0,    0,    0,    0,    0,    0,    0,    0,    0,    0,    0,    0,
       0,    0,    0,    0,    0,    0,   -6,    0,    6,    2,    0,    0,    0,    0,    0,    0,    0,    0,    0,    0,    3,    0,    0,    0,    0,    0,    0,    0,    0,    0,    0,    0,    0,    0,    0,    0,    0,    0,    0,    0,    0,    0,    0,    0,    0,    0,    0,    0,    0,    0,    0,    0,    0,    0,    0,   14,    0,    0,    0,    0,    0,    6,    0,    0,    0,    0,    0,    0,    0,    0,    0,    0,    0,    0,    0,    0,    0,    0,    0,    0,    0,    0,    0,    0,    0,    0,    0,    0,    0,    0,    0,    0,    0,    0,    0,    0,    0,    0,    0,    0,    0,    0,    0,    0,    0,    0,    0,    0,    0,    0,    0,    0,    0,    0,    0,    0,    0,    0,    0,    0,   -1,    0,    0,    0,    0,   23,    4,
       0,    0,    0,    0,    0,  -24,    0,    0,    0,  -18,    3,  -12,  -16,  -12,   -2,   -7,    0,  -23,    0,   -2,    0,    0,    0,    0,   -6,    0,    8,   -2,    0,    0,  -11,    0,   -7,   -7,  -16,  -13,   -3,   -4,    0,    0,    0,    0,    0,    0,    0,    0,    0,    0,    0,    0,    0,    0,    0,    0,    0,    0,    0,    0,    0,    0,    0,    0,    0,    0,    0,    0,    0,  -40,   -6,    0,    0,    0,    0,    0,    0,    0,    0,    0,  -11,    8,    0,   -2,    0,    0,   -6,    0,  -16,    0,    0,    0,    0,    0,    0,    0,    0,    0,    0,    0,    0,    0,    0,    0,    0,    0,    0,    0,    0,    0,    0,    0,    0,    0,    0,    0,   -7,    0,    0,    0,  -13,   -6,    0,    0,    0,    0,    0,    0,   -6,
     -14,  -14,    0,    0,    0,  -28,    0,    0,  -11,   -3,    0,  -10,  -11,   -6,    0,    0,    0,  -20,    0,   -2,    0,    0,    0,    0,   -8,   -5,    1,  -15,   -4,    0,  -23,  -11,  -16,  -20,  -13,  -21,   -8,  -18,    0,    0,  -10,    0,    0,   -3,    0,   -1,    0,    0,   -4,    0,    0,   -6,   -8,   -6,   -6,    0,    0,    0,    0,    0,    0,    0,    0,    0,    0,    0,  -38,  -21,  -14,    0,    0,    0,    0,    0,    0,    0,   -4,   -5,  -23,    1,    0,  -15,  -14,  -16,   -8,  -14,  -13,    0,   -4,    0,  -20,   -2,    0,    0,    0,    0,    0,   -8,    0,    0,    0,   -2,    0,   -6,   -8,    0,    2,    0,  -10,   -4,    0,    0,   -1,  -15,  -19,   -6,   -2,    0,  -21,  -14,  -19,  -21,    0,    0,    0,    0,   -8,
       0,    0,    0,    0,    0,    0,    0,    0,    0,    0,    0,    0,    0,    0,    0,    0,    0,   -8,    0,    0,    0,    0,    0,    0,   -8,    0,    3,    0,   -8,    3,  -12,  -14,  -16,  -11,   -6,  -16,    0,    0,    0,  -11,  -11,   -6,   24,    0,   -3,    0,   -5,    0,   -1,    0,   -5,   -6,   -6,    2,    0,    0,    0,    0,    0,    0,    0,    0,    0,    0,    0,    0,    0,    0,   -3,    0,  -11,  -11,   -3,    0,   -6,    0,   -1,    0,    0,    0,    0,    0,    0,    0,    0,    0,    0,    0,    0,    0,    0,    0,    0,    0,    0,    0,    0,    0,    0,    0,    0,    0,    0,    0,    0,    0,    0,    0,    0,    0,    0,    0,    0,    0,    0,    0,    0,    0,    0,    0,    0,    0,    0,    0,    0,    0,    0,
       0,  -15,    0,    0,    0,  -12,   -3,    0,  -22,  -18,    0,    0,   -8,   -8,    0,    0,    0,  -16,    0,    0,    0,    0,    0,    0,  -20,   -9,    7,  -12,  -14,    0,  -14,  -12,  -15,  -11,  -23,  -23,   -4,   -1,   -3,    0,   -1,    0,    0,    0,    0,    0,    0,    0,    0,    0,    0,    0,   -6,    0,    0,    0,    0,    0,    0,    0,    6,    8,    0,    0,    0,    3,    0,    0,  -31,    0,    0,    0,    0,    0,    0,    0,    0,    0,    0,    0,    0,    0,    0,    0,    0,    0,    0,    0,    0,    0,    0,    0,    0,    0,    0,    0,    0,    0,    0,    0,    0,    0,    0,    0,    0,    0,    0,    0,    0,    0,    0,    0,    0,    0,    0,    0,    0,    0,    0,    0,   -9,  -12,    0,    0,    0,   -8,    0,
       0,   -7,    0,    0,    0,    0,   -8,    0,    0,    0,    0,    0,    0,    0,    0,    0,    0,    0,    0,    0,    0,    0,    0,    0,    0,    3,    3,    0,    3,    3,   -8,   -3,    0,    0,    0,    0,    3,    0,    0,    1,   -3,    0,   -6,    0,    0,    0,    0,    0,    0,   -4,    0,  -14,    0,  -10,    0,    0,    0,    0,    0,   -6,    0,    0,    0,    0,    0,    0,    0,    0,    0,    0,    1,    1,    0,    0,    0,    0,    0,    0,    0,    0,    0,    0,    0,    0,    0,    0,    0,    0,    0,    0,    0,    0,    0,    0,    0,    0,    0,    0,    0,    0,    0,    0,    0,    0,    0,    0,    0,    0,    0,    0,    0,    0,    0,    0,    0,    0,    0,    0,    0,    0,  -12,   -8,    0,   -3,    0,    8,    0,
       6,    6,    0,    0,    0,    0,    6,    0,    6,    2,    0,    0,    0,    0,    0,    0,    0,    0,    0,    0,    3,    0,    8,    0,    0,    8,    5,    8,    6,   13,    6,    6,    8,    8,    6,    8,   10,    4,    0,    0,    7,    0,    0,    0,    0,    0,    0,    0,    0,    0,    0,   -6,    0,   -3,    0,   14,    0,    0,    0,    6,    0,    8,    0,    6,    0,    0,    0,    0,    0,    0,    0,    0,    0,   20,    0,    0,    0,    0,    0,    0,    0,    0,    0,    0,    0,    0,    0,    0,    0,    0,    0,    0,    0,    0,    0,    0,    0,    0,    0,    0,    0,    0,    0,    0,    0,    0,    0,    0,    0,    0,    0,    0,    0,    0,    0,    0,    0,    0,    0,    0,    3,    6,    6,    6,    0,   15,    0,
       0,   -8,    0,    0,    0,    0,    0,    0,    0,    0,    0,    0,    0,    0,    0,    0,    0,    0,    0,    0,    0,    0,    0,    0,    0,    0,    0,    0,    0,    0,    0,    0,    0,   -4,    0,   -5,    0,    0,    0,   -3,    0,    0,    0,    0,    0,    0,    0,    0,   -4,    0,    0,   -2,   -6,    0,    0,    0,    0,    0,    0,    0,    0,    6,    0,    0,    0,    0,    0,    0,    0,    0,   -3,   -3,    0,    0,    0,   -4,   -4,    0,    0,    0,    0,    0,    0,    0,    0,    0,    0,    0,    0,    0,    0,    0,    0,    0,    0,    0,    0,    0,    0,    0,    0,    0,    0,    0,    0,    0,    0,    0,    0,    0,    0,    0,    0,    0,    0,    0,    0,    0,    0,    0,  -11,   -8,    0,    0,    0,    0,    0,
       0,  -48,    0,    0,    0,   -6,  -58,    0,    0,    0,  -11,    0,   -6,  -12,  -10,   -8,  -12,   -9,   -9,  -14,    0,    0,   -3,    0,    1,   -1,   -9,   -6,    0,   -1,  -30,  -27,  -36,  -28,   -3,  -28,   -1,  -25,   -1,  -12,  -15,  -17,  -13,   -3,  -16,  -23,  -12,  -12,  -11,  -13,  -13,  -34,   -6,  -58,   -3,    0,    0,    0,  -19,  -44,  -19,   -8,    0,  -54,    0,  -21,   -1,    0,    0,  -14,  -12,  -12,  -16,  -16,  -17,   -5,  -11,    0,    0,    0,    0,    0,    0,    0,    0,    0,    0,    0,    0,    0,    0,    0,    0,    0,    0,    0,    0,    0,    0,    0,    0,    0,    0,    0,    0,    0,    0,    0,    0,    0,    0,    0,    0,    0,    0,    0,    0,    0,    0,    0,  -56,  -47,    0,  -44,    0,    0,    0,
       0,  -12,    0,    0,    0,    0,    0,    0,   12,    2,    0,    0,    0,    0,    0,    0,    0,    0,    0,    0,    6,    0,    0,    0,    6,    0,    6,    6,    2,    3,   -3,   -2,   -6,   -6,    3,   -9,    6,    0,    2,    0,   -2,   -2,    0,    8,    0,    4,    0,    0,    0,    0,    0,   -8,    0,   -8,    0,    0,    0,    0,    0,    0,    0,    0,    0,   -2,    0,    0,    0,    0,    3,   -1,    0,    0,    0,    0,   -2,   -1,    0,    0,    0,    0,    0,    0,    0,    0,    0,    0,    0,    0,    0,    0,    0,    0,    0,    0,    0,    0,    0,    0,    0,    0,    0,    0,    0,    0,    0,    0,    0,    0,    0,    0,    0,    0,    0,    0,    0,    0,    0,    0,    0,    0,   -7,   -8,    0,    0,    0,   15,    0,
      18,   24,    0,    0,    0,   32,   28,    0,    3,    0,    0,    0,    0,    0,    0,    0,    0,    0,    0,    0,    0,    0,   18,    0,    0,    0,    0,    0,    0,    0,    0,    0,    0,    0,    0,    0,    0,    3,    0,   -2,   36,   -3,   14,    0,   14,   14,    0,    0,    0,    4,    0,   -8,    0,   -7,    0,    0,    0,    0,    0,   -2,    0,    0,    0,    0,    0,    0,    0,    0,    0,   -3,   -2,   -2,   14,    0,   -3,    0,    1,    0,    0,    0,    0,    0,    0,    0,    0,    0,    0,    0,    0,    0,    0,    0,    0,    0,    0,    0,    0,    0,    0,    0,    0,    0,    0,    0,    0,    0,    0,    0,    0,    0,    0,    0,    0,    0,    0,    0,    0,    0,    0,    0,   20,   26,    0,   -2,    0,   16,    0,
       0,   -5,    0,    0,    0,    0,  -10,    0,    6,    5,    0,    0,    0,    0,    0,    0,    0,    0,    0,    0,    3,    0,    0,    0,    8,    3,    7,    8,    6,    6,    0,   -1,   -1,   -1,    6,    0,    7,    0,    6,    0,    0,    0,    0,    8,    0,    3,    0,   10,    0,    0,    0,   -4,    0,   -3,    0,   11,    0,    0,    0,    0,    0,    8,    0,    0,    0,    0,    0,    0,    0,   -8,    0,    0,    0,    0,    0,   -1,    0,    0,    0,    0,    0,    0,    0,    0,    0,    0,    0,    0,    0,    0,    0,    0,    0,    0,    0,    0,    0,    0,    0,    0,    0,    0,    0,    0,    0,    0,    0,    0,    0,    0,    0,    0,    0,    0,    0,    0,    0,    0,    0,    0,   -3,   -6,    0,    0,    0,   17,    0,
       0,  -54,    0,    0,    0,   -9,  -44,    0,    0,    0,    0,   -3,   -6,   -3,   -2,   -3,    0,   -8,    0,  -13,    0,    0,    0,    0,    1,   -2,   -5,  -13,   -1,   -2,  -30,  -26,  -25,  -25,   -6,  -19,    1,  -31,    0,    0,    0,   -2,   -3,    0,    0,    0,    0,    0,   -3,   -3,   -1,  -24,   -6,  -18,    0,    0,    0,    0,    0,  -38,    0,    0,    0,  -32,    0,   -8,    0,    0,    1,    0,    0,    0,    0,    0,   -2,    0,   -3,    0,    0,    0,    0,    0,    0,    0,    0,    0,    0,    0,    0,    0,    0,    0,    0,    0,    0,    0,    0,    0,    0,    0,    0,    0,    0,    0,    0,    0,    0,    0,    0,    0,    0,    0,    0,    0,    0,    0,    0,    0,    0,    0,  -44,  -44,    0,  -36,    0,    5,    0,
       0,   -2,    0,    0,    0,    0,    0,    0,    3,    0,    0,    0,    0,    0,    0,    0,    0,    0,    0,    0,    0,    0,    0,    0,    3,    3,    6,    0,    0,    7,   -2,    2,    3,    3,    3,   -1,    6,    3,    0,   -2,   -2,   -3,   -2,    0,    0,    0,    0,    0,    0,   -1,    0,   -6,    0,   -8,    0,    0,    0,    0,    0,   -2,    0,    0,    0,    0,    0,    0,    0,    0,    0,   -3,   -2,   -2,    0,    0,   -3,   -1,    0,    0,    0,    0,    0,    0,    0,    0,    0,    0,    0,    0,    0,    0,    0,    0,    0,    0,    0,    0,    0,    0,    0,    0,    0,    0,    0,    0,    0,    0,    0,    0,    0,    0,    0,    0,    0,    0,    0,    0,    0,    0,    0,    0,    0,   -3,    0,   -2,    0,   16,    0,
       8,    8,    0,    0,    0,   19,    9,    0,    0,    2,    0,    0,    0,    0,    0,    0,    0,    0,    0,    0,    0,    0,    8,    0,    0,    0,    5,   -3,    0,    4,    0,    0,    0,    0,    0,    0,    3,    0,    0,   -6,   18,   -3,    1,   -2,    3,    3,    0,    0,   -3,    0,    0,    0,   -8,    0,    0,    6,    0,    0,    0,    0,    0,    0,    0,    0,    0,    0,    0,    0,    0,   -3,   -6,   -6,    3,    0,   -3,   -4,   -3,    0,    0,    0,    0,    0,    0,    0,    0,    0,    0,    0,    0,    0,    0,    0,    0,    0,    0,    0,    0,    0,    0,    0,    0,    0,    0,    0,    0,    0,    0,    0,    0,    0,    0,    0,    0,    0,    0,    0,    0,    0,    0,    0,   14,   11,    0,    0,    0,   12,    0,
       3,  -10,    0,    0,    0,    0,   -8,    0,    6,    2,    0,    0,    0,    0,    0,    0,    0,    0,    0,    0,    3,    0,    0,    0,    2,    0,    3,    0,    3,    4,   -9,   -2,  -12,  -12,    0,  -13,    3,    0,    2,    0,   -4,   -3,    0,    0,    0,    6,    0,    0,   -2,    0,    0,   -8,    0,   -7,    0,    0,    0,    0,    0,   -4,    0,    6,    0,   -6,    0,    0,    0,    0,    0,   -4,    0,    0,    0,    0,   -3,    0,   -2,    0,    0,    0,    0,    0,    0,    0,    0,    0,    0,    0,    0,    0,    0,    0,    0,    0,    0,    0,    0,    0,    0,    0,    0,    0,    0,    0,    0,    0,    0,    0,    0,    0,    0,    0,    0,    0,    0,    0,    0,    0,    0,    0,  -11,  -10,    0,   -8,    0,   12,    0,
       1,   -9,    0,    0,    0,   -5,   -9,    0,   -2,    0,    7,    0,   -4,   -1,    3,    0,    3,    0,    0,   -1,    0,    0,    0,    8,   -4,   -3,    8,   -6,   -2,    0,   -8,   -1,  -13,   -8,  -13,  -19,    0,    0,  -13,    1,    0,    0,    0,    0,    3,    3,    3,    3,    0,    3,    3,    0,   -6,    0,    0,    0,    0,    0,    6,    0,    1,   11,    0,    0,    0,    8,    0,    0,  -18,   -2,    1,    1,    3,    3,    0,    0,    0,    0,    0,    0,    0,    0,    0,    0,    0,    0,    0,    0,    0,    0,    0,    0,    0,    0,    0,    0,    0,    0,    0,    0,    0,    0,    0,    0,    0,    0,    0,    0,    0,    0,    0,    0,    0,    0,    0,    0,    0,    0,    0,    0,   -1,   -8,    0,    0,    0,    0,    0,
       0,    0,    0,    0,    0,    0,    0,    0,    0,    0,    0,    0,    0,    0,    0,    0,    0,    0,    0,    0,    0,    0,    0,    0,    0,    0,    0,    0,    0,    0,    0,    0,    0,    0,    0,    0,    0,    0,    0,    0,    0,    0,   -3,   -3,    0,    0,    0,    0,   -3,    0,    0,   -3,   -6,   -3,    0,    0,    0,    0,    0,    0,    0,    6,    0,    0,    0,    0,    0,    0,    0,    0,    0,    0,    0,    0,    0,    0,   -3,    0,    0,    0,    0,    0,    0,    0,    0,    0,    0,    0,    0,    0,    0,    0,    0,    0,    0,    0,    0,    0,    0,    0,    0,    0,    0,    0,    0,    0,    0,    0,    0,    0,    0,    0,    0,    0,    0,    0,    0,    0,    0,    0,    0,    0,    0,    0,    0,    0,    0,
       0,    0,    0,    0,    0,    0,    0,    0,  -18,  -15,    0,   -4,   -7,   -5,   -9,   -5,   -5,    0,    0,   -3,   -6,    0,    0,    0,  -18,    0,    0,    0,    0,    0,    0,    0,    1,    1,   -2,    2,    0,    0,  -26,  -13,    4,  -12,   -1,   -9,   -1,   -4,   -6,   -6,  -16,   -8,  -12,  -13,  -21,  -15,  -11,   14,    0,    0,    0,   14,  -14,    0,    0,    8,    0,   -3,  -10,    0,  -38,   -8,  -13,  -13,   -1,    3,  -12,    0,  -16,    0,    0,    0,    0,    0,    0,    0,    0,    0,    0,    0,    0,    0,    0,    0,    0,    0,    0,    0,    0,    0,    0,    0,    0,    0,    0,    0,    0,    0,    0,    0,    0,    0,    0,    0,    0,    0,    0,    0,    0,    0,    0,    0,    0,    0,    0,   12,    0,  -11,    0,
       0,    0,    0,    0,    0,    0,    0,    0,    0,    0,    0,    0,    0,    0,    0,    0,    0,    0,    0,    0,    0,    0,    0,    0,    0,   12,    0,   12,    6,    0,   12,   12,    6,    6,    6,    6,   12,    0,    0,    0,    8,    0,    0,    0,    0,    0,    0,    0,    0,    0,    0,    0,    0,    0,    0,    8,    0,    0,    0,   12,    0,    0,    0,   12,    0,    0,    0,    0,    0,    0,    0,    0,    0,    0,    0,    0,    0,    0,    0,    0,    0,    0,    0,    0,    0,    0,    0,    0,    0,    0,    0,    0,    0,    0,    0,    0,    0,    0,    0,    0,    0,    0,    0,    0,    0,    0,    0,    0,    0,    0,    0,    0,    0,    0,    0,    0,    0,    0,    0,    0,    0,    0,    0,   12,    0,    0,    0,
       0,   -6,    0,    0,    0,    0,    0,    0,    0,    0,    0,    0,    0,   -3,    0,    0,    0,   -3,    0,    0,    0,    0,    0,    0,    0,    0,    0,    0,    0,    0,    0,    0,    0,    0,    0,    0,    0,    0,    0,    0,    0,    0,    0,    0,    0,    0,    0,    0,    0,    0,    0,    0,    0,    0,    0,    0,    0,    0,    0,    0,    0,    0,    0,    0,    0,  -14,    0,    0,    0,    0,    0,    0,    0,    0,    0,    0,    0,   -1,   -6,   -6,    0,   -3,   -6,   -3,    0,   -6,   -4,   -6,    0,   -8,   -8,    0,   -3,   -3,    0,   -4,   -6,   -6,   -5,   -1,   -2,    0,   -1,   -8,   -6,  -15,   -7,   -1,   -2,   -4,    0,    0,    0,   -6,   -6,  -14,    0,  -17,   -4,    0,    0,    0,    0,    0,    0,    0,    0,
       0,  -15,    0,    0,    0,    0,    0,    0,    3,    0,    0,    0,    0,    0,    0,    0,    0,    0,    0,    0,    0,    0,    0,    0,    0,    0,    0,    0,    0,    0,    0,    0,    0,    0,    0,    0,    0,    0,    0,    0,    0,    0,    0,    0,    0,    0,    0,    0,    0,    0,    0,    0,    0,    0,    0,    0,    0,    0,    0,    0,    0,    6,    0,    0,    0,    0,    0,    0,    0,    0,    0,    0,    0,    0,    0,    0,    0,    0,  -13,    2,    0,    0,    0,  -11,    4,    0,    0,    5,    0,    0,  -21,    5,    0,    0,    1,    0,    0,   -3,    0,    0,    0,    0,    0,    0,    1,   -7,    0,    0,    0,    0,    0,    0,    0,  -15,  -12,  -12,    0,    0,  -12,    1,  -18,  -17,    0,    0,    0,    0,    0,
       0,    2,    0,    0,    0,   -1,    0,    0,  -34,  -18,    0,    0,   -3,   -3,  -22,   -6,   -6,    2,    0,    0,    0,    0,    0,  -16,    0,    0,    0,    0,    0,    0,    0,    0,    0,    0,    0,    0,    0,    0,  -26,    0,    0,    0,    0,    0,    0,    0,    0,    0,    0,    0,    0,    0,    0,    0,    0,    0,    0,    0,    0,    8,  -26,  -20,    0,    2,    0,  -11,   -8,    0,    0,    0,    0,    0,    0,    0,    0,    0,    0,    0,    1,    0,    0,  -10,  -38,    3,  -25,  -38,   -4,   -6,    0,  -11,    0,  -18,  -32,   -3,  -15,  -17,  -33,  -24,  -23,  -12,  -12,  -50,  -18,  -18,  -24,  -14,    0,  -25,    0,  -19,    0,    0,   -8,    1,    8,  -12,  -28,  -12,   12,  -49,    8,    0,    0,    3,    0,  -26,    0,
       0,    0,    0,    0,    0,    3,    0,    0,    0,    0,    0,    0,    0,    0,    0,    0,    0,    0,    3,    0,    6,    0,    0,    0,    0,    0,    0,    0,    0,    0,    0,    0,    0,    0,    0,    0,    0,    0,   -2,    0,    0,    0,    0,    0,    0,    0,    0,    0,    0,    0,    0,    0,    0,    0,    0,    0,    0,    0,    0,    0,    0,    0,    0,    0,    0,    0,    0,    0,    0,    0,    0,    0,    0,    0,    0,    0,    0,    0,    0,   -3,    0,    1,    0,    0,   -3,    0,   -3,    0,    0,   -8,   -6,    0,    0,    0,   -1,    0,    0,   -3,   -3,   -1,    0,    0,   -1,  -11,   -3,  -15,   -7,    0,    0,   -3,    0,    3,   -2,    0,   -3,  -11,   -3,   -6,   -2,   -1,    1,    2,    0,    4,    0,    0,    0,
       0,   -6,    0,    0,    0,   -4,    0,    0,    0,    0,    3,   -1,   -5,   -1,    3,    0,   -2,   -1,   -1,   -1,    0,    0,    0,    0,    0,    0,    0,    0,    0,    0,    0,    0,    0,    0,    0,    0,    0,    0,   -1,    0,    0,    0,    0,    0,    0,    0,    0,    0,    0,    0,    0,    0,    0,    0,    0,    0,    0,    0,    0,    0,   -1,    6,    0,   -1,    0,    0,    0,    0,    0,    0,    0,    0,    0,    0,    0,    0,    0,   -2,   -4,    3,    0,    0,  -12,   -4,   -2,  -12,   -6,    0,    0,   -8,  -10,    0,    0,    0,   -2,   -2,   -2,   -6,   -3,   -2,   -2,   -3,   -2,   -9,   -4,   -9,   -4,   -1,   -1,   -2,   -1,   -1,   -1,    0,   -1,  -10,   -4,  -11,   -2,  -11,    0,   -7,    0,    0,    0,    0,    0,
       0,    0,    0,    0,    0,    0,    0,    0,    0,    0,    0,   -2,   -7,   -4,  -13,   -7,   -8,    0,   -6,   -5,    0,    0,    0,    0,    0,    0,    0,    0,    0,    0,    0,    0,    0,    0,    0,    0,    0,    0,    0,    0,    0,    0,    0,    0,    0,    0,    0,    0,    0,    0,    0,    0,    0,    0,    0,    0,    0,    0,    0,    0,  -14,    0,    0,    0,    0,    0,    0,    0,    0,    0,    0,    0,    0,    0,    0,    0,    0,    0,    0,   -3,    0,    0,  -10,    0,    0,  -10,    0,   -3,    0,  -14,   -6,   -3,  -11,   -2,  -11,  -12,  -12,  -18,   -8,   -9,   -5,   -8,   -9,  -10,  -10,  -14,   -6,   -1,    0,  -12,   -1,    3,   -4,   -6,    0,  -12,  -13,  -20,    0,    0,   -1,   -2,    0,    0,    0,    0,    0,
       0,    0,    0,    0,    0,    0,    0,    0,  -20,   -9,   -6,   -3,  -12,  -10,  -14,  -12,   -6,    0,   -6,   -6,   -3,    0,    0,    0,    0,    0,    0,    0,    0,    0,    0,    0,    0,    0,    0,    0,    0,    0,  -27,    0,    0,    0,    0,    0,    0,    0,    0,    0,    0,    0,    0,    0,    0,    0,    0,    0,    0,    0,    0,    0,  -14,    0,    0,    0,    0,   -3,   -8,    0,    0,    0,    0,    0,    0,    0,    0,    0,    0,    0,    0,    0,    0,   -5,  -28,    0,  -23,  -28,   -4,   -6,   -6,   -8,   -3,  -10,  -12,   -1,  -12,  -15,  -12,  -26,  -14,  -10,   -6,  -29,   -8,   -8,  -20,   -8,  -10,  -14,    0,  -14,   -4,    6,   -4,    0,    4,   -9,  -22,  -12,    0,  -28,    0,    0,    0,    0,    0,   -9,    0,
       0,  -25,    0,    0,    0,    0,    0,    0,    0,    0,    0,    0,    0,    0,    0,    0,    0,    0,    0,    0,    0,    0,    0,    0,    0,    0,    0,    0,    0,    0,    0,    0,    0,    0,    0,    0,    0,    0,    0,    0,    0,    0,    0,    0,    0,    0,    0,    0,    0,    0,    0,    0,    0,    0,    0,    0,    0,    0,    0,    0,    0,    2,    0,    0,    0,    0,    0,    0,    0,    0,    0,    0,    0,    0,    0,    0,    0,   -5,  -34,    1,    0,   -7,  -14,  -27,    0,  -14,   -7,   -3,   -5,    0,  -41,    0,    0,    0,    1,    0,    0,   -6,   -1,    0,    0,    0,    0,   -6,   -3,   -6,   -2,    0,    0,    0,    0,    0,    0,  -29,  -30,   -6,    0,   -6,  -30,    0,  -29,  -24,    0,    0,    0,    0,    0,
       0,  -29,    0,    0,    0,    0,    0,    0,    0,    0,    0,    0,    0,    0,    0,    0,    0,    0,    0,    0,    0,    0,    0,    0,    0,    0,    0,    0,    0,    0,    0,    0,    0,    0,    0,    0,    0,    0,    0,    0,    0,    0,    0,    0,    0,    0,    0,    0,    0,    0,    0,    0,    0,    0,    0,    0,    0,    0,    0,    0,    0,    0,    0,    0,    0,    0,    0,    0,    0,    0,    0,    0,    0,    0,    0,    0,    0,    0,  -38,  -10,   -6,   -3,   -6,  -22,    2,   -6,    0,   -8,    0,  -15,  -44,    3,    0,    0,    0,    0,    0,   -6,   -5,   -1,   -1,    0,   -4,   -8,    0,  -16,  -12,    0,   -4,    0,    0,    0,    0,  -33,  -38,  -18,    0,  -20,  -34,   -1,  -28,  -24,    0,    0,    0,    0,    0,
       0,   -3,    0,    0,    0,    0,   -1,    0,    0,    0,   -3,    0,    0,   -6,  -15,   -6,  -11,    0,   -1,   -7,    0,    0,    0,    0,    0,    0,    0,    0,    0,    0,    0,    0,    0,    0,    0,    0,    0,    0,    0,    0,    0,    0,    0,    0,    0,    0,    0,    0,    0,    0,    0,    0,    0,    0,    0,    0,    0,    0,    0,    0,  -19,  -10,    0,    0,    0,  -20,   -7,    0,    0,    0,    0,    0,    0,    0,    0,    0,    0,    0,   -4,   -9,   -4,   -6,   -6,    0,    0,   -6,    0,   -6,    0,  -23,   -6,    0,  -11,   -6,   -6,  -12,  -15,   -8,   -3,   -6,   -2,    0,   -2,  -25,   -8,  -24,  -20,    0,    0,  -11,   -5,    2,   -5,   -8,   -8,  -26,    0,  -32,   -6,    0,   -1,   -7,    0,    0,    0,    2,    0,
       0,   10,    0,    0,    0,    0,    0,    0,  -37,  -19,   -3,   -6,   -3,    0,  -22,   -8,  -11,    3,    0,   -3,   -1,    0,    0,   -1,    0,    0,    0,    0,    0,    0,    0,    0,    0,    0,    0,    0,    0,    5,  -44,    0,    0,    0,    0,    0,    0,    0,    0,    0,    0,    0,    0,    0,    0,    0,    0,    0,    0,    0,    0,    7,  -20,  -15,    0,    1,    0,   -1,  -11,    0,    0,    0,    0,    0,    0,    0,    0,    0,    0,    7,   14,    2,   10,    2,  -33,   23,  -37,  -33,   12,    3,    7,   -5,    9,   -3,  -27,    0,  -10,   -5,  -23,  -26,  -24,   -9,   -9,  -40,   -9,  -10,  -23,  -14,  -10,  -29,    2,  -16,   35,   35,   -6,   20,   25,   -9,  -35,    0,   17,  -43,   17,   12,    0,    3,    0,  -34,    0,
       0,  -48,    0,    0,    0,   -6,  -58,    0,    0,    0,  -11,    0,   -6,  -12,  -10,   -8,  -12,   -9,   -9,  -14,    0,    0,   -3,    0,    0,    0,    0,    0,    0,    0,    0,    0,    0,    0,    0,    0,    0,  -25,   -1,    0,    0,    0,    0,    0,    0,    0,    0,    0,    0,    0,    0,    0,    0,    0,    0,    0,    0,    0,  -19,  -44,  -19,   -8,    0,  -54,    0,  -21,   -1,    0,    0,    0,    0,    0,    0,    0,    0,    0,    0,   -1,  -30,   -9,   -1,   -6,   -3,  -24,    1,   -3,   -3,    0,    0,  -30,  -54,    0,  -12,  -12,   -2,  -10,  -17,  -12,   -6,  -13,  -12,    0,  -12,  -29,   -6,  -34,  -22,    0,  -15,  -11,  -16,  -16,  -12,  -36,  -43,  -34,   -6,  -36,  -28,    0,  -56,  -47,    0,  -44,    0,    0,    0,
       0,  -15,    0,    0,    0,   -8,  -10,    0,   -3,   -2,    0,   -2,   -8,   -1,    0,   -3,   -2,   -8,   -1,   -3,    0,    0,    0,    0,    0,    0,    0,    0,    0,    0,    0,    0,    0,    0,    0,    0,    0,   -8,  -12,    0,    0,    0,    0,    0,    0,    0,    0,    0,    0,    0,    0,    0,    0,    0,    0,    0,    0,    0,    0,   -6,    0,    6,    0,   -2,    0,    0,    0,    0,    0,    0,    0,    0,    0,    0,    0,    0,    0,   -6,  -14,   -1,   -2,   -4,  -20,  -16,   -9,  -20,  -12,  -11,   -6,  -12,  -26,   -4,   -3,   -5,   -6,  -12,   -2,  -15,  -10,   -3,   -3,   -9,   -2,   -9,   -7,  -17,  -11,   -2,   -6,   -6,   -2,   -2,   -3,  -18,  -22,  -19,  -10,  -12,  -20,  -10,  -10,  -16,    0,   -9,    0,    0,    0,
       0,    0,    0,    0,    0,    0,    0,    0,    0,    0,    0,    0,   -6,   -3,   -8,   -6,   -6,    0,   -4,   -3,    0,    0,    0,    0,    0,    0,    0,    0,    0,    0,    0,    0,    0,    0,    0,    0,    0,    0,    0,    0,    0,    0,    0,    0,    0,    0,    0,    0,    0,    0,    0,    0,    0,    0,    0,    0,    0,    0,    0,    0,   -8,    0,    0,    0,    0,    0,    0,    0,    0,    0,    0,    0,    0,    0,    0,    0,    0,    0,    0,   -4,    0,   26,   -3,    0,    0,    0,    0,   -7,    0,  -16,   -8,    0,  -11,   -8,   -5,  -10,  -12,  -13,  -10,   -9,   -9,   -9,    0,    3,   -8,  -16,  -11,    0,    0,  -12,    3,    3,    0,   -8,    0,  -12,  -10,  -12,    0,    0,   -1,   -2,    0,    0,    0,    0,    0,
       1,   -9,    0,    0,    0,   -5,   -9,    0,   -2,    0,    7,    0,   -4,   -1,    3,    0,    3,    0,    0,   -1,    0,    0,    0,    8,    0,    0,    0,    0,    0,    0,    0,    0,    0,    0,    0,    0,    0,    0,  -13,    0,    0,    0,    0,    0,    0,    0,    0,    0,    0,    0,    0,    0,    0,    0,    0,    0,    0,    0,    6,    0,    1,   11,    0,    0,    0,    8,    0,    0,    0,    0,    0,    0,    0,    0,    0,    0,    0,   -3,   -8,    8,    0,   -6,  -21,  -12,   -4,  -21,  -13,    0,   -2,    0,  -11,   -3,    1,    0,    0,    0,    0,   -7,   -1,    3,    3,   -9,    3,    0,   -6,    0,    3,   -3,    0,    0,    3,    3,    3,   -4,   -5,    0,   -5,    0,  -10,  -18,   -1,   -8,    0,    0,    0,    0,    0,
       0,    0,    0,    0,    0,   -7,    6,    0,  -34,  -14,    0,   -6,   -7,   -3,  -14,   -6,   -3,    0,    0,    0,    4,    0,   -3,    0,    0,    0,    0,    0,    0,    0,    0,    0,    0,    0,    0,    0,    0,    0,   -7,    0,    0,    0,    0,    0,    0,    0,    0,    0,    0,    0,    0,    0,    0,    0,    0,    0,    0,    0,    0,    5,   -3,    0,    0,    0,    0,    2,    0,    0,    0,    0,    0,    0,    0,    0,    0,    0,    0,   -4,    1,    4,    1,  -10,  -38,   -6,  -32,  -38,  -16,   -3,  -10,    0,   -6,  -10,  -14,    0,   -6,   -8,   -6,  -13,  -10,    0,    0,  -34,    0,    1,  -10,    0,    2,  -11,    0,   -4,    0,    0,    0,    0,   -4,    1,  -19,    0,   -7,  -41,    6,    0,    0,    4,    0,  -26,    0,
       0,    2,    0,    0,    0,   -1,    0,    0,  -34,  -18,    0,    0,   -3,   -3,  -22,   -6,   -6,    2,    0,    0,    0,    0,    0,  -16,    0,    0,    0,    0,    0,    0,    0,    0,    0,    0,    0,    0,    0,    0,  -26,    0,    0,    0,    0,    0,    0,    0,    0,    0,    0,    0,    0,    0,    0,    0,    0,    0,    0,    0,    0,    8,  -26,  -20,    0,    2,    0,  -11,   -8,    0,    0,    0,    0,    0,    0,    0,    0,    0,    0,    0,    1,    0,    0,   -3,  -33,    3,  -24,  -33,   -4,   -3,   -3,  -11,    0,  -11,  -26,   -3,  -15,  -17,  -22,  -24,  -23,  -12,  -12,  -42,  -15,  -12,  -22,  -14,    0,  -25,    0,  -19,   -6,    5,   -8,    1,    8,  -12,  -28,  -12,    3,  -32,    8,    0,    0,    3,    0,  -26,    0,
       0,  -15,    0,    0,    0,  -12,   -3,    0,  -20,  -18,    0,    0,   -8,   -8,    0,    0,    0,  -16,    0,    0,    0,    0,    0,    0,    0,    0,    0,    0,    0,    0,    0,    0,    0,    0,    0,    0,    0,   -1,   -3,    0,    0,    0,    0,    0,    0,    0,    0,    0,    0,    0,    0,    0,    0,    0,    0,    0,    0,    0,    0,    0,    6,    8,    0,    0,    0,    3,    0,    0,    0,    0,    0,    0,    0,    0,    0,    0,    0,  -14,  -14,    7,   -4,  -18,  -32,  -18,  -23,  -32,  -22,   -3,  -14,    0,  -15,    0,   -1,    0,   -6,    0,    0,   -7,   -8,    0,    0,  -14,    0,    0,   -6,    0,    1,  -13,   -1,    0,    0,    0,    0,    0,  -12,    0,  -15,    0,  -22,  -25,  -12,  -17,    0,    0,    0,   -8,    0,
       0,  -12,    0,    0,    0,    0,    0,    0,   12,    2,    0,    0,    0,    0,    0,    0,    0,    0,    0,    0,    6,    0,    0,    0,    0,    0,    0,    0,    0,    0,    0,    0,    0,    0,    0,    0,    0,    0,    2,    0,    0,    0,    0,    0,    0,    0,    0,    0,    0,    0,    0,    0,    0,    0,    0,    0,    0,    0,    0,    0,    0,    0,    0,   -2,    0,    0,    0,    0,    0,    0,    0,    0,    0,    0,    0,    0,    0,    0,   -3,    6,    3,    6,    0,    0,    6,    0,    3,    0,    2,    0,    0,    0,    0,    0,    0,    0,   -2,    0,    0,    0,    0,    0,    0,   -8,    0,   -4,    0,    0,   -2,    0,    0,    0,    0,    0,   -6,   -8,    0,   -4,   -9,    3,   -7,   -8,    0,    0,    0,   15,    0,
       0,    0,    0,    0,    0,    0,    0,    0,    0,    0,    0,    0,    0,    0,    0,    0,    0,    0,    0,    0,    0,    0,    0,    0,    0,    0,    0,    0,    0,    0,    0,    0,    0,    0,    0,    0,    0,    0,    0,    0,    0,    0,    0,    0,    0,    0,    0,    0,    0,    0,    0,    0,    0,    0,    0,    0,    0,    0,    0,    0,    0,    8,    0,    0,    0,    0,    0,    0,    0,    0,    0,    0,    0,    0,    0,    0,    0,    0,    0,    0,    0,    0,    0,    0,    0,    0,    0,    0,    0,    0,    0,    0,    0,    0,    0,    0,    0,    0,   -4,    0,    0,   -6,   -1,    0,    0,   -2,    0,    0,    4,    0,    0,    0,    0,    0,    0,    0,   -5,    0,    0,    0,    0,    0,    0,    0,    0,    0,    0,
       0,   -2,    0,    0,    0,    0,    0,    0,    0,    0,    0,    0,    0,    0,    0,    0,    0,    0,    0,    0,    0,    0,    0,    0,    0,    0,    0,    0,    0,    0,    0,    0,    0,    0,    0,    0,    0,    0,    0,    0,    0,    0,    0,    0,    0,    0,    0,    0,    0,    0,    0,    0,    0,    0,    0,    0,    0,    0,    0,    0,    0,   11,    0,    0,    0,    0,    0,    0,    0,    0,    0,    0,    0,    0,    0,    0,    0,    0,    0,    0,    0,    0,    0,    0,    0,    0,    0,    0,    0,    0,    0,    0,    0,    0,    0,    0,    0,   -2,   -4,    0,    0,   -2,    4,    4,    0,    0,    3,    0,    0,    0,    0,    0,    4,    0,    0,    0,   -4,    0,    0,    0,   -2,   -1,    0,    0,    0,    0,    0,
       0,   -2,    0,    0,    0,    0,    0,    0,    0,    0,    0,    0,    0,    0,    0,    0,    0,    0,    0,    0,    0,    0,    0,    0,    0,    0,    0,    0,    0,    0,    0,    0,    0,    0,    0,    0,    0,    0,    0,    0,    0,    0,    0,    0,    0,    0,    0,    0,    0,    0,    0,    0,    0,    0,    0,    0,    0,    0,    0,    0,    0,    7,    0,    0,    0,    0,    0,    0,    0,    0,    0,    0,    0,    0,    0,    0,    0,    0,    0,    0,    0,    0,    0,    0,    0,    0,    0,    0,    0,    0,    0,    0,   -3,    0,    0,   -4,    0,    0,    0,    0,    0,   -5,    0,    4,   -3,    0,    3,    0,    0,   -4,    0,    0,    0,    0,    0,    0,  -10,    0,    0,    0,   -2,    0,    0,    0,    0,    0,    0,
       0,    0,    0,    0,    0,    0,    0,    0,    0,    0,    0,    0,    0,    0,    0,    0,    0,    0,    0,    0,    0,    0,    0,    0,    0,    0,    0,    0,    0,    0,    0,    0,    0,    0,    0,    0,    0,    0,    0,    0,    0,    0,    0,    0,    0,    0,    0,    0,    0,    0,    0,    0,    0,    0,    0,    0,    0,    0,    0,    0,    0,    2,    0,    0,    0,    0,    0,    0,    0,    0,    0,    0,    0,    0,    0,    0,    0,    0,    0,    0,    0,    0,    0,    0,    0,    0,    0,    0,    0,    0,    0,    0,   -3,    0,    0,    0,    0,    0,   -3,    0,    0,   -8,    0,    0,   -3,    4,    9,    0,    0,    0,    4,    4,    0,    0,    0,    4,  -12,    0,    0,    0,    0,    0,    0,    0,    0,    0,    0,
       0,   -6,    0,    0,    0,    0,  -15,    0,    0,    0,    0,    0,    0,    0,    0,    0,    0,    0,    0,    0,    0,    0,    0,    0,    0,    0,    0,    0,    0,    0,    0,    0,    0,    0,    0,    0,    0,    0,    0,    0,    0,    0,    0,    0,    0,    0,    0,    0,    0,    0,    0,    0,    0,    0,    0,    0,    0,    0,    0,    0,    0,    8,    0,    0,    0,    0,    0,    0,    0,    0,    0,    0,    0,    0,    0,    0,    0,    0,  -12,    4,    0,    0,    0,    0,   -6,    0,   -9,    0,    0,    0,    0,    0,   -4,    0,    0,   -4,   -3,  -14,    0,    0,    0,   -8,    0,    0,   -7,   -3,    2,    0,   -4,   -6,    0,    0,    0,    0,   -5,   -3,   -8,    0,   -9,   -8,  -12,   -6,    0,    0,    0,    0,    0,
       0,  -10,    0,    0,    0,    0,    0,    0,    3,    2,    0,    0,    0,    0,    0,    0,    0,    0,    0,    0,    0,    0,    0,    1,    0,    0,    0,    0,    0,    0,    0,    0,    0,    0,    0,    0,    0,   -1,    2,    0,    0,    0,    0,    0,    0,    0,    0,    0,    0,    0,    0,    0,    0,    0,    0,    0,    0,    0,    0,   -3,    0,    0,    0,    0,    0,    0,    0,    0,    0,    0,    0,    0,    0,    0,    0,    0,    0,    3,   -7,    4,    4,   16,    0,    0,    5,    0,   -3,    0,    3,    0,    0,    0,   -7,    0,    0,    0,   -4,   -4,   -4,    0,    0,   -8,    0,   -3,   -4,    0,    2,   -4,   -4,   -4,    0,    0,    0,    0,   -8,   -2,  -16,    0,  -14,    0,   -5,  -11,    0,   -8,    0,    8,    0,
       3,  -10,    0,    0,    0,    0,   -8,    0,    6,    2,    0,    0,    0,    0,    0,    0,    0,    0,    0,    0,    3,    0,    0,    0,    0,    0,    0,    0,    0,    0,    0,    0,    0,    0,    0,    0,    0,    0,    2,    0,    0,    0,    0,    0,    0,    0,    0,    0,    0,    0,    0,    0,    0,    0,    0,    0,    0,    0,    0,   -4,    0,    6,    0,   -6,    0,    0,    0,    0,    0,    0,    0,    0,    0,    0,    0,    0,    0,    0,   -9,    3,    4,    0,    0,    0,    2,    0,    0,    0,    3,    0,    0,    0,    0,    3,    0,    0,   -3,    0,    0,    0,    0,    0,    0,   -7,    0,   -4,    0,    0,   -4,   -2,    0,    0,    0,    0,    0,   -4,   -8,   -8,  -13,    0,  -11,  -10,    0,   -8,    0,   12,    0,
       0,  -10,    0,    0,    0,    0,    0,    0,    3,    4,    0,    0,    0,    0,    0,    0,    0,    0,    0,    0,    0,    0,    0,    0,    0,    0,    0,    0,    0,    0,    0,    0,    0,    0,    0,    0,    0,    0,    2,    0,    0,    0,    0,    0,    0,    0,    0,    0,    0,    0,    0,    0,    0,    0,    0,    0,    0,    0,    0,   -6,   -3,    0,    0,    0,    0,    0,    0,    0,    0,    0,    0,    0,    0,    0,    0,    0,    0,    6,   -7,    0,    0,    6,    0,    0,    0,    0,    0,    0,    0,    0,    0,    0,   -3,    0,    1,   -4,   -4,    0,   -2,    0,    0,    0,    0,   -3,    2,   -3,    3,    0,   -6,   -4,    0,    0,    0,    0,    0,    0,   -8,   -6,  -11,    0,   -6,  -11,    0,   -8,    0,   14,    0,
       0,  -15,    0,    0,    0,    0,    0,    0,    0,    1,    0,    0,    0,    0,    0,    0,    0,    0,    0,    0,    0,    0,    0,    0,    0,    0,    0,    0,    0,    0,    0,    0,    0,    0,    0,    0,    0,    0,    0,    0,    0,    0,    0,    0,    0,    0,    0,    0,    0,    0,    0,    0,    0,    0,    0,    0,    0,    0,    0,    0,    0,   11,    0,   -6,    0,    0,    0,    0,    0,    0,    0,    0,    0,    0,    0,    0,    0,    0,  -15,    3,    0,    0,    0,    0,   -3,    0,   -8,    0,    0,    0,    0,    0,    0,    0,    0,    0,    0,    0,   -4,    0,    0,  -10,    0,   -4,   -6,    0,    4,   -4,   -4,   -3,    0,    0,    0,    0,    0,    0,   -8,   -4,  -23,    0,  -22,  -24,    0,   -6,    0,    0,    0,
       3,  -18,    0,    0,    0,    0,  -18,    0,    3,    0,    0,    0,    0,    0,    0,    0,    0,    0,    0,    0,    0,    0,    3,    0,    0,    0,    0,    0,    0,    0,    0,    0,    0,    0,    0,    0,    0,   -6,    0,    0,    0,    0,    0,    0,    0,    0,    0,    0,    0,    0,    0,    0,    0,    0,    0,    0,    0,    0,    0,  -15,    0,    8,    0,  -14,    0,    0,    0,    0,    0,    0,    0,    0,    0,    0,    0,    0,    0,    0,  -11,    0,    3,    0,    0,    0,    4,    0,    0,    0,    0,    0,    0,    0,    0,    0,    0,    0,    0,    0,    0,    0,    0,    0,    0,   -6,    0,    0,   -3,    0,   -2,   -1,    0,    0,    0,    0,  -14,   -4,    0,   -6,  -10,    0,  -26,  -18,   -3,  -14,    0,   15,    0,
       0,   -7,    0,    0,    0,    0,  -11,    0,   -3,    0,    0,    0,    0,    0,    0,    0,    0,    0,    0,    0,    0,    0,    0,    0,    0,    0,    0,    0,    0,    0,    0,    0,    0,    0,    0,    0,    0,    0,   -2,    0,    0,    0,    0,    0,    0,    0,    0,    0,    0,    0,    0,    0,    0,    0,    0,    0,    0,    0,    0,    0,    2,   12,    0,    0,    0,    0,    0,    0,    0,    0,    0,    0,    0,    0,    0,    0,    0,    0,   -2,    8,    0,    0,    0,    0,   -8,    0,  -10,    0,    0,    0,    0,    0,   -6,    0,    0,    0,    1,    0,   -4,    0,    0,  -10,    0,   -3,  -12,    0,    4,   -4,   -3,   -4,    0,    0,    0,    0,    0,    0,   -8,   -4,  -15,  -12,  -12,  -11,    0,    0,    0,    0,    0,
       0,   -3,    0,    0,    0,    0,    0,    0,    0,    0,    0,    0,    0,    0,    0,    0,    0,    0,    0,    0,    0,    0,    0,    0,    0,    0,    0,    0,    0,    0,    0,    0,    0,    0,    0,    0,    0,    0,    0,    0,    0,    0,    0,    0,    0,    0,    0,    0,    0,    0,    0,    0,    0,    0,    0,    0,    0,    0,    0,    0,    0,    0,    0,    0,    0,    0,    0,    0,    0,    0,    0,    0,    0,    0,    0,    0,    0,   -1,  -12,    4,    3,    0,    0,    0,   -3,    0,    0,    0,   -4,    0,    0,    0,   -8,    0,   -3,    0,   -8,  -10,   -4,    0,    0,   -7,   -3,   -3,  -10,   -3,   -2,   -3,   -8,   -7,    0,    0,    0,    0,  -11,   -3,  -12,   -3,  -16,    0,   -6,   -3,    0,   -1,    0,    1,    0,
       0,   -3,    0,    0,    0,    0,    0,    0,  -11,    0,    0,    0,    0,    0,    0,    0,    0,    0,    0,    0,    0,    0,    0,    0,    0,    0,    0,    0,    0,    0,    0,    0,    0,    0,    0,    0,    0,   -6,  -15,    0,    0,    0,    0,    0,    0,    0,    0,    0,    0,    0,    0,    0,    0,    0,    0,    0,    0,    0,    0,    0,    0,    8,    0,    0,    0,    0,    0,    0,    0,    0,    0,    0,    0,    0,    0,    0,    0,    0,   -7,    5,    3,   -6,    0,    0,  -18,    0,  -19,    0,  -12,    0,    0,    0,  -12,    0,   -3,   -7,   -4,  -10,   -7,    0,    0,  -26,    0,   -3,   -8,    0,    2,  -14,   -6,   -7,    0,    0,    0,    0,   -8,   -2,  -28,    0,  -15,    0,   -8,   -8,    0,    0,    0,  -12,    0,
       0,    0,    0,    0,    0,    0,    0,    0,    0,    2,    0,    0,    0,    0,    0,    0,    0,    0,    0,    0,    0,    0,    0,    0,    0,    0,    0,    0,    0,    0,    0,    0,    0,    0,    0,    0,    0,    0,    0,    0,    0,    0,    0,    0,    0,    0,    0,    0,    0,    0,    0,    0,    0,    0,    0,    0,    0,    0,    0,    0,    0,    0,    0,    0,    0,    0,    0,    0,    0,    0,    0,    0,    0,    0,    0,    0,    0,    0,   -1,    5,    0,    0,    0,    0,    2,    0,   -3,    0,    0,    0,    0,    0,   -4,    0,    0,    0,   -3,    0,    0,    0,    0,    0,    0,    4,   -4,    0,    8,    0,   -4,   -3,    0,    0,    0,    0,    0,    0,   -7,    0,  -14,    0,    0,    0,    0,    0,    0,    0,    0,
       0,    0,    0,    0,    0,    0,    0,    0,    0,    0,    0,    0,    0,    0,    0,    0,    0,    0,    0,    0,    0,    0,    0,    0,    0,    0,    0,    0,    0,    0,    0,    0,    0,    0,    0,    0,    0,    0,    0,    0,    0,    0,    0,    0,    0,    0,    0,    0,    0,    0,    0,    0,    0,    0,    0,    0,    0,    0,    0,    0,    0,    0,    0,    0,    0,    0,    0,    0,    0,    0,    0,    0,    0,    0,    0,    0,    0,    0,    0,    0,    0,   24,    0,    0,    0,    0,    0,    0,    0,    0,    0,    0,    0,    3,    0,    0,    0,    0,    0,    0,    0,    3,    3,    6,    0,   -4,    0,    0,   -1,    0,    0,    0,    3,    0,    0,   -4,    0,    0,    0,    0,    0,    0,    0,    0,    0,    0,    0,
       0,  -15,    0,    0,    0,    0,    0,    0,    0,    0,    0,    0,    0,    0,    0,    0,    0,    0,    0,    0,    0,    0,    0,    0,    0,    0,    0,    0,    0,    0,    0,    0,    0,    0,    0,    0,    0,    0,    0,    0,    0,    0,    0,    0,    0,    0,    0,    0,    0,    0,    0,    0,    0,    0,    0,    0,    0,    0,    0,    0,    0,   12,    0,    0,    0,    0,    0,    0,    0,    0,    0,    0,    0,    0,    0,    0,    0,    0,    0,    0,    0,    0,    0,    0,    0,    0,    0,    0,    0,    0,    0,    0,    5,    0,    0,    0,    0,    0,   -1,    0,    0,    0,   -1,   -6,    0,   -7,    0,    0,    0,    0,    0,    0,    0,    0,    0,   -7,   -4,   -8,    0,    0,  -15,  -19,    0,    0,    0,    0,    0,
       0,    0,    0,    0,    0,    0,    0,    0,    0,    0,    0,    0,    0,    0,    0,    0,    0,    0,    0,    0,    0,    0,    0,    0,    0,    0,    0,    0,    0,    0,    0,    0,    0,    0,    0,    0,    0,    0,    0,    0,    0,    0,    0,    0,    0,    0,    0,    0,    0,    0,    0,    0,    0,    0,    0,    0,    0,    0,    0,    0,    0,    7,    0,    0,    0,    0,    0,    0,    0,    0,    0,    0,    0,    0,    0,    0,    0,    0,    0,    0,    0,    3,    0,    0,    0,    0,    0,    0,    0,    0,    0,    0,    0,    0,    0,    0,    0,    0,    0,   -3,   -3,    0,    0,    0,    0,    0,    8,    0,    0,    0,    0,    0,    0,    0,    0,    0,   -3,    0,    0,    0,   -3,   -2,    0,    0,    0,    0,    0,
       0,  -10,    0,    0,    0,    0,   -6,    0,    6,    2,    0,    0,    0,    0,    0,    0,    0,    0,    0,    0,    0,    0,    1,    0,    0,    0,    0,    0,    0,    0,    0,    0,    0,    0,    0,    0,    0,    0,    1,    0,    0,    0,    0,    0,    0,    0,    0,    0,    0,    0,    0,    0,    0,    0,    0,    0,    0,    0,    0,    0,    0,    6,    0,   -6,    0,    0,    0,    0,    0,    0,    0,    0,    0,    0,    0,    0,    0,    0,  -14,    8,    4,    0,    0,    0,    5,    0,    0,    0,    1,    0,    0,    0,   -2,    0,    0,    0,   -3,   -4,   -4,    0,    0,    0,    0,   -3,   -4,   -4,    4,   -4,   -7,   -4,    0,    0,    0,    0,  -12,   -5,   -8,   -6,  -12,    0,   -7,   -5,    0,   -6,    0,    0,    0,
       0,   -5,    0,    0,    0,    0,  -10,    0,    6,    5,    0,    0,    0,    0,    0,    0,    0,    0,    0,    0,    3,    0,    0,    0,    0,    0,    0,    0,    0,    0,    0,    0,    0,    0,    0,    0,    0,    0,    6,    0,    0,    0,    0,    0,    0,    0,    0,    0,    0,    0,    0,    0,    0,    0,    0,   11,    0,    0,    0,    0,    0,    8,    0,    0,    0,    0,    0,    0,    0,    0,    0,    0,    0,    0,    0,    0,    0,    3,    0,    7,    6,    8,    0,    0,    8,    0,    6,    0,    6,    0,    0,    0,    0,    0,    0,    0,    0,    0,    0,    0,    0,    0,    0,   -3,    0,   -4,    0,    0,    0,    0,    0,    0,   -1,    0,    8,   -7,   -5,   -4,    0,    0,   -3,   -6,    0,    0,    0,   17,    0,
       6,    6,    0,    0,    0,    0,    6,    0,    6,    2,    0,    0,    0,    0,    0,    0,    0,    0,    0,    0,    3,    0,    8,    0,    0,    0,    0,    0,    0,    0,    0,    0,    0,    0,    0,    0,    0,    4,    0,    0,    0,    0,    0,    0,    0,    0,    0,    0,    0,    0,    0,    0,    0,    0,    0,   14,    0,    0,    0,    6,    0,    8,    0,    6,    0,    0,    0,    0,    0,    0,    0,    0,    0,    0,    0,    0,    0,    8,    6,    5,   13,    8,    0,    0,    0,    0,    6,    0,    6,    0,    0,    0,    0,    0,    0,    0,    0,    0,    0,    0,    0,    0,    0,   -3,    0,   -4,    0,    0,    7,    0,    0,   41,    0,    0,    8,   -7,   -5,   -4,    8,    0,    3,    6,    6,    6,    0,   15,    0,
       0,    0,    0,    0,    0,    0,    0,    0,    0,    0,    0,    0,    0,    0,    0,    0,    0,    0,    0,    0,    0,    0,    0,    0,    0,    0,    0,    0,    0,    0,    0,    0,    0,    0,    0,    0,    0,    0,    0,    0,    0,    0,    0,    0,    0,    0,    0,    0,    0,    0,    0,    0,    0,    0,    0,    0,    0,    0,    0,    0,    0,    8,    0,    0,    0,    0,    0,    0,    0,    0,    0,    0,    0,    0,    0,    0,    0,    3,    0,    6,    1,   11,    0,    0,    0,    0,    0,    0,    3,    0,    0,    0,   -8,    3,    0,    0,   -6,   -8,   -2,   -2,    0,  -10,    0,    0,   -8,    0,    1,    0,   -4,   -5,    0,    0,   -2,    0,    4,   -4,  -16,    0,    1,    0,   -1,    0,    0,    0,    0,    0,    0,
       0,  -15,    0,    0,    0,    0,    0,    0,    0,    0,    0,    0,    0,    0,    0,    0,    0,    0,    0,    0,    0,    0,    0,    0,    0,    0,    0,    0,    0,    0,    0,    0,    0,    0,    0,    0,    0,    0,    0,    0,    0,    0,    0,    0,    0,    0,    0,    0,    0,    0,    0,    0,    0,    0,    0,    0,    0,    0,    0,    0,    0,    2,    0,    0,    0,    0,    0,    0,    0,    0,    0,    0,    0,    0,    0,    0,    0,   -4,  -21,    1,    0,   -6,   -8,  -17,    0,   -8,   -3,   -3,   -4,    0,  -28,    0,    0,    0,    0,   -3,    0,   -3,    0,    0,    0,   -3,    0,   -7,   -3,   -6,   -6,    0,    0,    0,    0,    0,    0,  -20,  -24,  -11,   -3,   -6,  -24,   -3,  -16,  -14,    0,    0,    0,    0,    0,
       0,    0,    0,    0,    0,    0,    0,    0,  -42,   -1,    0,    0,    0,    0,    0,    0,    0,    0,    0,    0,    0,    0,   -3,    0,    0,    0,    0,    0,    0,    0,    0,    0,    0,    0,    0,    0,    0,   -2,  -19,    0,    0,    0,    0,    0,    0,    0,    0,    0,    0,    0,    0,    0,    0,    0,    0,    0,    0,    0,    0,    0,   -6,    0,    0,    0,    0,    0,    0,    0,    0,    0,    0,    0,    0,    0,    0,    0,    0,   -8,   -2,    5,    0,  -12,    0,    0,  -19,    0,  -17,    0,   -8,    0,    0,    0,  -20,    0,    0,    0,   -8,  -12,   -8,    0,    0,  -32,    0,    5,  -12,    0,    3,  -12,   -6,  -12,    0,    0,    0,    0,   -8,    4,  -24,    0,  -14,    0,   -3,    0,    0,    0,    0,  -21,    0,
       0,    2,    0,    0,    0,   -1,    0,    0,  -34,  -18,    0,    0,   -3,   -3,  -22,   -6,   -6,    2,    0,    0,    0,    0,    0,  -16,    0,    0,    0,    0,    0,    0,    0,    0,    0,    0,    0,    0,    0,    0,  -26,    0,    0,    0,    0,    0,    0,    0,    0,    0,    0,    0,    0,    0,    0,    0,    0,    0,    0,    0,    0,    8,  -26,  -22,    0,    2,    0,  -11,   -8,    0,    0,    0,    0,    0,    0,    0,    0,    0,    0,    0,    1,  -12,   -2,   -9,  -45,    3,  -52,  -45,   -4,  -13,    0,  -28,    0,  -25,  -54,  -18,  -15,  -22,  -33,  -24,  -50,  -47,  -47,  -65,  -38,  -38,  -48,  -46,  -38,  -52,    0,  -50,  -17,   -6,  -14,    1,    8,  -44,  -28,  -12,    9,  -54,    8,    0,    0,    3,    0,  -26,    0,
       0,    8,    0,    0,    0,    0,    0,    0,  -16,    0,    0,    0,    0,    0,    0,    0,    0,    0,    0,    0,    0,    0,    0,    0,    0,    0,    0,    0,    0,    0,    0,    0,    0,    0,    0,    0,    0,    0,    0,    0,    0,    0,    0,    0,    0,    0,    0,    0,    0,    0,    0,    0,    0,    0,    0,    0,    0,    0,    0,    0,   -8,    0,    0,    0,    0,    0,    0,    0,    0,    0,    0,    0,    0,    0,    0,    0,    0,    0,    0,    0,    0,    0,    0,    0,    0,    0,    0,    0,    0,    0,    0,    0,   -7,    0,    0,   -3,    0,   -6,   -7,    0,    0,  -21,    0,    0,   -6,    0,   12,   -7,    3,   -8,    0,    0,    0,    0,    0,    0,  -24,    0,    0,    0,    7,    7,    0,    0,    0,    0,    0,
       0,   -4,    0,    0,    0,    3,  -11,    0,    0,    0,   -8,    0,   -3,   -3,  -15,   -6,  -11,   -6,   -3,   -7,    0,    0,    0,    0,    0,    0,    0,    0,    0,    0,    0,    0,    0,    0,    0,    0,    0,    0,    4,    0,    0,    0,    0,    0,    0,    0,    0,    0,    0,    0,    0,    0,    0,    0,    0,    0,    0,    0,    0,    0,  -21,   -8,    0,    0,    0,  -29,   -1,    0,    0,    0,    0,    0,    0,    0,    0,    0,    0,    2,   -7,  -12,    0,   39,   11,    0,   12,   24,    4,   -6,    2,  -23,   -6,    0,   -8,   -6,   -6,  -12,  -11,   -8,   -3,   -2,   -2,    0,    8,   10,    0,  -24,  -20,    0,    0,   -7,    0,    0,   12,   -8,   -8,  -26,    0,  -32,   -8,    4,    0,   -6,    0,    0,    0,    0,    0,
       0,    2,    0,    0,    0,    0,    0,    0,  -27,  -19,   -6,    0,   -3,   -4,  -26,   -7,  -11,    2,    0,    0,   -6,    0,    0,  -10,    0,    0,    0,    0,    0,    0,    0,    0,    0,    0,    0,    0,    0,   13,  -13,    0,    0,    0,    0,    0,    0,    0,    0,    0,    0,    0,    0,    0,    0,    0,    0,    0,    0,    0,    0,    6,  -25,  -12,    0,    0,    0,   -9,  -15,    0,    0,    0,    0,    0,    0,    0,    0,    0,    0,    0,    6,   -1,    1,    0,  -21,    0,  -16,  -21,    0,    2,    0,  -11,   -8,  -10,  -23,   -6,  -24,  -15,  -22,  -35,  -26,  -14,  -15,  -35,  -14,  -13,  -21,  -19,  -16,  -21,    0,  -23,   -3,   14,   -4,    0,    0,  -18,  -36,  -22,    0,  -29,    6,    0,    0,    3,    0,  -15,    0,
       0,  -40,    0,    0,    0,    0,    0,    0,    0,    0,    0,    0,    0,    0,    0,    0,    0,    0,    0,    0,    0,    0,    0,    0,    0,    0,    0,    0,    0,    0,    0,    0,    0,    0,    0,    0,    0,    0,    0,    0,    0,    0,    0,    0,    0,    0,    0,    0,    0,    0,    0,    0,    0,    0,    0,    0,    0,    0,    0,    0,   -8,    0,    0,    0,    0,    0,    0,    0,    0,    0,    0,    0,    0,    0,    0,    0,    0,    0,  -40,   -8,   -6,   -6,   -5,  -23,    0,   -5,    0,   -3,    0,  -17,  -50,    0,   -6,   -6,   -6,   -8,   -8,   -6,   -6,   -3,   -3,   -3,   -6,  -18,   -6,  -17,  -14,    1,   -6,    0,   -6,   -6,   -3,  -34,  -40,  -24,  -12,  -23,  -36,    0,  -40,  -40,    0,    0,    0,    0,    0,
       0,    0,    0,    0,    0,    0,    0,    0,    0,    0,    0,    0,    0,    0,    0,    0,    0,    0,    0,    0,    0,    0,    0,    0,    0,    0,    0,    0,    0,    0,    0,    0,    0,    0,    0,    0,    0,    0,    0,    0,    0,    0,    0,    0,    0,    0,    0,    0,    0,    0,    0,    0,    0,    0,    0,    0,    0,    0,    0,    0,    0,    0,    0,    0,    0,    0,    0,    0,    0,    0,    0,    0,    0,    0,    0,    0,    0,    0,    0,    0,    0,    0,    0,    0,    0,    0,    0,    0,    0,    0,    0,    0,    0,    4,    0,    0,    0,    0,    0,    0,    0,    0,    0,    0,    0,    0,    4,    0,   12,    0,    6,    6,    0,    0,    0,    0,   -4,    0,    0,    0,    0,    0,    0,    0,    0,    0,    0,
      -8,    0,    0,    0,   -2,    0,    0,    0,  -20,  -32,   -3,    3,    0,   -1,  -26,   -9,    0,    5,    0,    6,    0,    0,   -8,    0,  -27,    0,    0,   -4,   -3,    3,   12,    0,    8,    8,   -3,    2,    4,    0,  -24,  -15,    2,  -13,    3,  -13,    0,    0,    0,    0,   -5,    4,    0,    0,   -8,    0,    0,    0,  -12,    0,    0,    0,  -22,  -16,    0,    0,    0,    0,    0,  -49,  -38,   -8,  -15,  -15,    0,    8,  -13,    0,   -5,    0,   12,    0,    3,   -4,  -30,   11,  -27,  -30,   -3,    0,   -3,   -1,    1,   -9,  -15,    0,   -3,   -2,  -13,   -8,   -4,    0,    0,  -24,    0,    0,   -8,    0,    0,  -11,    2,   -5,    0,    8,    0,    3,    8,    0,  -22,    0,    2,  -38,  -16,   -8,    0,    0,    0,    0,  -30,
       0,    0,    0,    0,  -14,    0,    0,    0,  -28,  -40,   -8,   -1,   -6,  -11,  -46,  -18,    0,    2,    0,   -5,   -6,    0,   -8,    0,  -38,    0,    0,   -1,    0,    0,   12,    0,   10,   10,    3,   10,    6,    0,  -22,  -23,    8,  -18,    3,  -15,   -3,    0,   -2,    0,   -6,    0,   -1,    0,  -13,    0,   -5,    0,  -12,    0,    0,    0,  -21,  -24,    0,    0,    0,  -15,  -16,  -48,  -48,    0,  -23,  -23,   -3,   13,  -18,    0,   -6,    0,   12,    0,    0,   -1,  -19,   11,  -38,  -19,    3,    0,    0,    0,    2,   -5,  -23,    0,   -8,   -8,  -18,  -13,   -3,   -1,   -2,  -29,    0,    0,  -13,    0,    0,  -13,    8,   -6,   -3,   13,    0,    3,   13,    0,  -19,    0,   10,  -48,    0,  -16,    0,    0,    0,    0,  -44,
       0,    0,    0,    0,    0,    0,    0,    0,    0,    0,    0,    0,    0,    0,    0,    0,    0,    0,    0,    0,    0,    0,    0,    0,    0,    0,    0,    0,    0,    0,    0,    0,    0,    0,    0,    0,    0,    0,    0,  -10,    0,    0,    0,    0,    0,    0,    0,    0,    0,    0,    0,    0,    0,    0,    0,    0,    0,    0,    0,    0,    0,    0,    0,    0,    0,    0,    0,    0,    0,    0,  -10,  -10,    0,    0,    0,    0,    0,    0,    0,    0,    0,    0,    0,    0,    0,    0,    0,    0,    0,    0,    0,    0,  -10,    0,    0,    0,    0,    0,    0,    0,    0,    0,    0,    0,    0,    0,    0,    0,    0,    0,    0,    0,    0,    0,    0,    0,    0,    0,    0,    0,    0,    0,    0,    0,    0,    0,    0,
       0,  -46,    0,    0,    0,   -6,  -58,    0,    0,    0,  -11,    0,   -6,  -12,  -10,   -8,  -12,   -9,   -9,  -14,    0,    0,   -3,    0,    0,    0,    0,    0,    0,    0,    0,    0,    0,    0,    0,    0,    0,  -25,   -1,    0,    0,    0,    0,    0,    0,    0,    0,    0,    0,    0,    0,    0,    0,    0,    0,    0,    0,    0,  -19,  -44,  -19,   -8,    0,  -54,   -3,  -21,   -1,    0,    0,    0,    0,    0,    0,    0,    0,    0,    0,    0,    0,    0,    0,    0,    0,    0,    0,    0,    0,    0,    0,    0,    0,    0,    0,    0,    0,    0,    0,    0,    0,    0,    0,    0,    0,    0,    0,    0,    0,    0,    0,    0,    0,    0,    0,    0,    0,    0,    0,    0,    0,    0,  -57,  -52,    0,  -44,    0,    0,    1,
};

static const EpdLigaturePair sourceserif4_12_bolditalicLigaturePairs[] = {
    { 0x00660066, 0xFB00 }, // f f -> U+FB00
    { 0x00660069, 0xFB01 }, // f i -> U+FB01
    { 0x0066006C, 0xFB02 }, // f l -> U+FB02
    { 0xFB000069, 0xFB03 }, // U+FB00 i -> U+FB03
    { 0xFB00006C, 0xFB04 }, // U+FB00 l -> U+FB04
};

static const EpdFontData sourceserif4_12_bolditalic = {
    sourceserif4_12_bolditalicBitmaps,
    sourceserif4_12_bolditalicGlyphs,
    sourceserif4_12_bolditalicIntervals,
    79,
    25,
    20,
    -5,
    true,
    sourceserif4_12_bolditalicGroups,
    13,
    nullptr,
    sourceserif4_12_bolditalicKernLeftClasses,
    sourceserif4_12_bolditalicKernRightClasses,
    sourceserif4_12_bolditalicKernMatrix,
    575,
    610,
    146,
    127,
    sourceserif4_12_bolditalicLigaturePairs,
    5,
};
