/**
 * generated by fontconvert.py
 * name: sourceserif4_12_regular
 * size: 12
 * mode: 2-bit  compressed: true
 * Command used: C:\Users\m\Documents\Casper\lib\EpdFont\scripts\fontconvert.py sourceserif4_12_regular 12 C:\Users\m\Documents\Casper\lib\EpdFont\builtinFonts\source\Sourcerer\Sourcerer-Regular.ttf --2bit --compress --pnum --darken-aa
 */
#pragma once
#include "EpdFontData.h"

static const uint8_t sourceserif4_12_regularBitmaps[15811] = {
    0x8D, 0x58, 0xBD, 0x8F, 0xDC, 0xC6, 0x15, 0x7F, 0x24, 0x15, 0xD1, 0xC1, 0xE8, 0x6E, 0x84, 0xC0,
    0x80, 0x0B, 0x9D, 0x8F, 0x2A, 0xD2, 0xC4, 0x39, 0x8B, 0x67, 0xE3, 0x00, 0x6F, 0xC1, 0xDD, 0x61,
    0xD4, 0xA8, 0x0A, 0xE2, 0xFF, 0x20, 0x29, 0x52, 0x04, 0x29, 0xE2, 0x2B, 0x04, 0x44, 0xC5, 0x9E,
    0x48, 0x5B, 0xA5, 0x91, 0xE8, 0xFE, 0x04, 0xD7, 0x6E, 0xBC, 0x08, 0xB6, 0x50, 0xC1, 0xBD, 0x9D,
    0x48, 0x45, 0x8A, 0x04, 0xD0, 0x20, 0x30, 0x90, 0xCA, 0x30, 0x93, 0x5C, 0xA9, 0x00, 0x83, 0x84,
    0x81, 0x79, 0x01, 0x77, 0x27, 0xBF, 0x37, 0xDC, 0x95, 0xEE, 0x4B, 0x67, 0x93, 0xF3, 0xDE, 0x2D,
    0xE7, 0xE3, 0xCD, 0x9B, 0xF7, 0x3D, 0x57, 0x2D, 0x16, 0x5D, 0x55, 0x8D, 0x1F, 0x0C, 0xF6, 0xF6,
    0x88, 0xAA, 0x45, 0x35, 0x1D, 0x77, 0x55, 0x57, 0xB5, 0x55, 0x3B, 0x9E, 0x66, 0x93, 0xC1, 0xFE,
    0x1E, 0x4D, 0xB6, 0x88, 0x26, 0x3B, 0x44, 0x35, 0xC3, 0x80, 0x52, 0xE7, 0x34, 0x43, 0xA0, 0xF7,
    0x29, 0xF4, 0x30, 0xA1, 0xA8, 0x9C, 0xD0, 0xDC, 0x39, 0x0F, 0x31, 0x19, 0x12, 0x81, 0x26, 0x11,
    0x6A, 0xDA, 0x04, 0xD0, 0x2E, 0xB7, 0xD8, 0xE5, 0xE9, 0x6F, 0xEB, 0xEC, 0x7D, 0x5B, 0xED, 0xA2,
    0xD1, 0x6C, 0x97, 0x94, 0xA5, 0x64, 0x49, 0xA1, 0x33, 0xFC, 0xEB, 0xBD, 0x96, 0x76, 0xAB, 0x27,
    0xBB, 0x4F, 0xAA, 0xDD, 0x66, 0xF8, 0x41, 0x2D, 0x5C, 0xDE, 0xAF, 0xA2, 0xDB, 0x24, 0x0D, 0x85,
    0x94, 0x4D, 0x49, 0xD0, 0x34, 0xA3, 0x1B, 0x64, 0x33, 0x1A, 0x30, 0x9A, 0x00, 0x61, 0x13, 0x9B,
    0x45, 0x39, 0x06, 0x44, 0x6C, 0xB3, 0xE9, 0xD6, 0x76, 0x26, 0xCD, 0x5E, 0xB6, 0x0D, 0x2E, 0x33,
    0x09, 0xB6, 0x80, 0xA2, 0x1C, 0x68, 0x93, 0x80, 0x76, 0x08, 0x03, 0xFB, 0xB4, 0x9D, 0x51, 0x4D,
    0xB1, 0xA5, 0x92, 0xF0, 0xCC, 0x0D, 0x51, 0x54, 0x37, 0x44, 0xB1, 0x7E, 0x00, 0x54, 0x0E, 0xF0,
    0x89, 0xC3, 0x50, 0x68, 0x7E, 0xE2, 0x34, 0x35, 0xF4, 0x9B, 0x3C, 0x76, 0x58, 0x98, 0x48, 0x3D,
    0xA0, 0x61, 0x6C, 0x77, 0x69, 0x1C, 0xB6, 0x9F, 0xD1, 0x98, 0x8E, 0x34, 0x1D, 0x90, 0xD2, 0xA4,
    0x98, 0x39, 0x69, 0x8A, 0x86, 0x4F, 0x31, 0xD7, 0xD3, 0xAE, 0x6B, 0xDB, 0xE9, 0x64, 0x9F, 0xAE,
    0x31, 0x8B, 0xA1, 0x89, 0xB4, 0xC8, 0x25, 0x25, 0x74, 0x87, 0x86, 0x94, 0xAD, 0xDE, 0x21, 0x8D,
    0x28, 0x25, 0x49, 0x32, 0x8F, 0x74, 0x68, 0xC8, 0x62, 0xE6, 0x1B, 0xB7, 0x81, 0xDE, 0x46, 0x5F,
    0xAC, 0x23, 0x13, 0xD4, 0xE8, 0x6B, 0xA8, 0xA5, 0x27, 0xAB, 0xB7, 0xC5, 0x97, 0x0D, 0xEB, 0x48,
    0xC7, 0x5A, 0xD2, 0xBB, 0x98, 0x79, 0x93, 0xE8, 0x3E, 0xD1, 0x94, 0xF1, 0xC1, 0x7B, 0x4D, 0xE1,
    0x1A, 0x4C, 0x0A, 0xBE, 0xA2, 0xF8, 0x71, 0x2E, 0x23, 0xFD, 0xBD, 0x20, 0xC7, 0x71, 0xE9, 0x32,
    0x28, 0x9C, 0x2B, 0x2F, 0x1D, 0xFB, 0x3E, 0x81, 0x23, 0x55, 0xAA, 0x52, 0xE4, 0x31, 0x6D, 0x83,
    0x5A, 0x4E, 0xCE, 0xF6, 0x3D, 0x29, 0x41, 0xEC, 0xE0, 0x8C, 0xE7, 0xBD, 0x4D, 0x60, 0x9F, 0x1B,
    0x76, 0x87, 0x8C, 0x2C, 0x81, 0x55, 0x68, 0x37, 0x42, 0x2B, 0x5F, 0xCD, 0x7A, 0xD7, 0x4F, 0x19,
    0xAC, 0x67, 0x1D, 0xB2, 0x94, 0xCB, 0xE8, 0xAF, 0x56, 0xE6, 0x6D, 0x42, 0x63, 0x45, 0x43, 0x45,
    0xA3, 0x11, 0x37, 0xE5, 0xDB, 0x48, 0x71, 0x1B, 0x62, 0x08, 0x13, 0x30, 0x0D, 0x93, 0xB1, 0xE2,
    0x3A, 0xFE, 0x5A, 0xFA, 0x81, 0xA5, 0xF0, 0xDB, 0x5A, 0xDC, 0xC0, 0xE4, 0x34, 0xB4, 0x34, 0x92,
    0x66, 0x1C, 0xD9, 0x2E, 0xB4, 0xB7, 0xFB, 0x81, 0xA8, 0x26, 0xA1, 0x99, 0xA7, 0x21, 0x41, 0x80,
    0x91, 0xE1, 0x9F, 0x60, 0x6C, 0xEE, 0x3A, 0xE7, 0xBA, 0xD0, 0x95, 0xF2, 0x13, 0x9B, 0x50, 0xB7,
    0x4D, 0x15, 0x71, 0x6B, 0x29, 0xAE, 0x09, 0x36, 0x87, 0x85, 0xFC, 0x39, 0xBC, 0x46, 0xA3, 0x21,
    0xB3, 0x5A, 0x25, 0xA1, 0xC5, 0x64, 0x0A, 0xD0, 0x1F, 0x01, 0x24, 0xE0, 0x0E, 0xE0, 0x7D, 0xC0,
    0x3F, 0xB0, 0xCF, 0x53, 0x70, 0x80, 0x35, 0x1B, 0x80, 0x01, 0x00, 0x22, 0xEE, 0x69, 0x9C, 0x03,
    0xE9, 0x6C, 0xE2, 0x2C, 0xBC, 0x08, 0x6D, 0xC7, 0xB7, 0x74, 0x49, 0xD7, 0x84, 0xF1, 0xE3, 0x2D,
    0xDA, 0x4D, 0x6A, 0x5B, 0x6A, 0xAB, 0xD0, 0x66, 0x42, 0x8B, 0x25, 0x24, 0x70, 0x93, 0x44, 0x4D,
    0x33, 0x3E, 0x85, 0x2C, 0xA1, 0x1D, 0x3E, 0xC5, 0x81, 0x2B, 0xE7, 0xB1, 0xED, 0xA8, 0xE9, 0xA8,
    0xEB, 0xA8, 0xAA, 0xA8, 0x1B, 0x53, 0x3B, 0x0A, 0xAC, 0xBC, 0x67, 0x42, 0x87, 0xAD, 0x3B, 0xB4,
    0xB5, 0x7E, 0xBC, 0x72, 0xA0, 0x99, 0x18, 0x22, 0xC8, 0x61, 0x81, 0x30, 0x3A, 0x98, 0x2D, 0x75,
    0x14, 0x34, 0x7C, 0x0E, 0x90, 0x8D, 0x1C, 0x25, 0xF7, 0x74, 0x16, 0xDA, 0x31, 0xD9, 0x71, 0x60,
    0x55, 0x68, 0xD2, 0x3F, 0x95, 0xD8, 0x3A, 0x72, 0x7A, 0x5B, 0xA0, 0xA7, 0x69, 0x7B, 0x96, 0xA8,
    0x51, 0x31, 0xBB, 0x63, 0xBC, 0xA4, 0xF4, 0x9E, 0x1E, 0x87, 0xCC, 0x80, 0x1F, 0x02, 0x0F, 0x60,
    0xA0, 0x53, 0x77, 0xBB, 0x78, 0xD9, 0xF2, 0x8E, 0x2C, 0x74, 0xCD, 0xEC, 0x1E, 0xB0, 0x7F, 0xDD,
    0x61, 0xFF, 0xA2, 0x97, 0x56, 0xB4, 0x7A, 0xD6, 0xDF, 0xE7, 0xFB, 0x2F, 0x5A, 0xA0, 0x7F, 0x2A,
    0xD6, 0x6F, 0x91, 0x47, 0x2D, 0xA5, 0x25, 0xEB, 0xE5, 0x21, 0x34, 0x50, 0x53, 0xB0, 0x20, 0x4A,
    0x20, 0x3B, 0xEC, 0x3A, 0x60, 0xA3, 0x7E, 0xE7, 0xF3, 0xCF, 0x73, 0x3A, 0xF7, 0xAC, 0xFB, 0x11,
    0xD1, 0x0A, 0x62, 0x59, 0xD2, 0xD2, 0x2F, 0x0A, 0x3A, 0x4F, 0xD5, 0xBE, 0xA4, 0x3A, 0x66, 0x59,
    0xE3, 0x51, 0x54, 0xD4, 0x69, 0xEB, 0xDD, 0x50, 0x52, 0x2A, 0x16, 0x49, 0xBD, 0x4D, 0x1B, 0xF4,
    0xC6, 0x4B, 0xDE, 0x98, 0xD7, 0x39, 0x36, 0x86, 0xBB, 0xDF, 0x32, 0x5E, 0x98, 0x53, 0x96, 0x31,
    0xE4, 0x1D, 0x95, 0xC9, 0x8B, 0x4D, 0x2C, 0x6A, 0x2A, 0x49, 0xDB, 0x08, 0x3A, 0x82, 0x76, 0xE2,
    0xF2, 0x81, 0xE0, 0x98, 0x33, 0x15, 0x34, 0x90, 0x64, 0x7B, 0xBC, 0xE9, 0x31, 0xC2, 0x90, 0xBC,
    0x67, 0xA7, 0xB4, 0x13, 0xB5, 0x45, 0x89, 0xB3, 0xF2, 0x23, 0x3D, 0xFB, 0x50, 0x0A, 0x3F, 0x47,
    0xF9, 0x2F, 0x81, 0x85, 0xAB, 0xD7, 0x5D, 0x6C, 0x77, 0xCC, 0x31, 0xDC, 0x0B, 0x27, 0xA6, 0x1B,
    0x38, 0x01, 0xED, 0xCC, 0x80, 0x06, 0x50, 0x2A, 0xED, 0x2A, 0xA0, 0x49, 0x0A, 0x0A, 0xB5, 0xD4,
    0x14, 0x20, 0x2C, 0x53, 0x58, 0xC6, 0x06, 0x81, 0x0F, 0xEB, 0x62, 0x6F, 0x7C, 0x2C, 0x29, 0x38,
    0xB4, 0xCB, 0x9D, 0x6B, 0x49, 0xEA, 0x02, 0x20, 0x4B, 0xC0, 0xFA, 0xCD, 0xA5, 0x7E, 0x08, 0x13,
    0x6D, 0x78, 0x0C, 0xBF, 0x05, 0xFA, 0x22, 0x10, 0x8B, 0x6C, 0xFF, 0x57, 0x18, 0xEE, 0xE7, 0xB5,
    0x88, 0xFC, 0x65, 0x78, 0x12, 0xD7, 0x12, 0x51, 0x2A, 0xCD, 0x83, 0x1A, 0x5B, 0x7F, 0x78, 0x84,
    0xED, 0x59, 0x2C, 0xDD, 0x29, 0x98, 0x79, 0x79, 0xD2, 0x87, 0xE0, 0x0A, 0x34, 0x10, 0xBD, 0x5A,
    0x38, 0x34, 0xD6, 0xF6, 0xFB, 0xA7, 0xD8, 0x3B, 0x46, 0x7F, 0xD0, 0x62, 0xAC, 0x03, 0xCC, 0x00,
    0x47, 0x80, 0x87, 0x2B, 0x38, 0x5A, 0xF5, 0x61, 0x2C, 0x6C, 0x30, 0x17, 0x3C, 0x7C, 0xE4, 0xF7,
    0x77, 0x50, 0x2A, 0xBE, 0x01, 0x11, 0x78, 0x0C, 0xC0, 0xEB, 0x3E, 0xF5, 0x30, 0x61, 0x17, 0xEB,
    0xFF, 0xFA, 0x6F, 0xC8, 0x54, 0x07, 0x98, 0x17, 0xEA, 0x1E, 0x22, 0x8D, 0xB5, 0xBA, 0x5F, 0x1F,
    0xE9, 0x57, 0xEB, 0xF7, 0xA8, 0x87, 0xFB, 0xAB, 0xF3, 0xDF, 0x5F, 0x7D, 0xD3, 0x19, 0xF8, 0xF9,
    0x31, 0x91, 0xE3, 0x43, 0xFA, 0xF3, 0x5F, 0xB7, 0x08, 0xFA, 0x96, 0xCF, 0xB6, 0x3E, 0xFF, 0xAB,
    0xB3, 0xAB, 0x65, 0x47, 0x3F, 0x3E, 0x99, 0x41, 0xEC, 0x0A, 0x90, 0xE6, 0x21, 0xCE, 0x89, 0x08,
    0x72, 0x12, 0xF2, 0xF9, 0x73, 0xB7, 0x80, 0x5A, 0xB1, 0xF8, 0x88, 0xA9, 0x1E, 0x5C, 0x8E, 0x1C,
    0x36, 0x7A, 0xFD, 0x28, 0xA3, 0x84, 0x09, 0x78, 0x52, 0x6E, 0x91, 0x98, 0x53, 0x7A, 0x3C, 0xF7,
    0xBA, 0x85, 0x74, 0x75, 0x00, 0xFE, 0x0E, 0x2E, 0xB4, 0xE1, 0x85, 0x96, 0x79, 0x93, 0x1E, 0xD3,
    0xE8, 0x09, 0x47, 0x5E, 0x55, 0x62, 0x83, 0x14, 0xD4, 0x63, 0xA6, 0x8F, 0x6D, 0x77, 0x7A, 0xD9,
    0xFE, 0x11, 0x61, 0xF4, 0x19, 0x7C, 0xFC, 0x39, 0xC2, 0xD2, 0xFF, 0x20, 0x6F, 0x04, 0x03, 0xA9,
    0x99, 0x2D, 0x24, 0x42, 0x9D, 0xF4, 0x36, 0x65, 0x62, 0xEB, 0x3A, 0xC5, 0xC7, 0x60, 0x4E, 0x2F,
    0xC8, 0xF2, 0x72, 0x60, 0x5D, 0xAC, 0xF5, 0x12, 0x7B, 0x3D, 0xA1, 0x24, 0x20, 0x57, 0xC7, 0x2D,
    0x05, 0xCB, 0x3C, 0xEA, 0x88, 0xDB, 0xC2, 0xE3, 0x39, 0x89, 0x8A, 0xA2, 0x2F, 0x68, 0x13, 0xF8,
    0x71, 0xB9, 0x05, 0xFC, 0xA9, 0xCE, 0x80, 0x1F, 0x99, 0x3D, 0xC6, 0x76, 0x02, 0xFC, 0x71, 0x53,
    0x03, 0x97, 0x0B, 0xCD, 0x78, 0xEE, 0xB1, 0xCA, 0xE1, 0xF6, 0xE0, 0x73, 0x46, 0xAA, 0xDD, 0x86,
    0xEC, 0x94, 0x8D, 0x5C, 0xFD, 0x56, 0x8B, 0x14, 0x0F, 0xBA, 0x1B, 0x4C, 0x16, 0xE8, 0x0B, 0x0D,
    0xF4, 0xB8, 0x06, 0x7A, 0xD4, 0x00, 0x7D, 0xDC, 0x6D, 0xF0, 0x7A, 0x46, 0xEA, 0x77, 0x40, 0xF2,
    0x2B, 0x20, 0x66, 0xA3, 0x0C, 0x19, 0xC1, 0xEE, 0xE1, 0x68, 0x43, 0x52, 0x1D, 0xD6, 0xD2, 0x47,
    0x2D, 0x85, 0x0D, 0xCB, 0x20, 0xAA, 0x53, 0x84, 0x59, 0xF8, 0x66, 0x07, 0x3F, 0x40, 0x94, 0xA4,
    0xA3, 0xD3, 0xC0, 0x7D, 0x08, 0x63, 0x9D, 0xC2, 0x1C, 0x9E, 0x1B, 0x61, 0x0D, 0x15, 0x6C, 0xDB,
    0xCD, 0xDA, 0x37, 0x75, 0xEF, 0x83, 0xEC, 0x77, 0x62, 0xA5, 0xCB, 0x62, 0x65, 0x9F, 0x17, 0x65,
    0x97, 0x7C, 0xB9, 0xB6, 0x4D, 0xDE, 0x3F, 0xCD, 0x05, 0x6A, 0x88, 0xD4, 0xDB, 0x5F, 0xBF, 0x0F,
    0x86, 0x66, 0xA7, 0xF7, 0x5F, 0xAC, 0x78, 0x28, 0x3C, 0x0F, 0xEC, 0x5F, 0x91, 0x8D, 0x6D, 0xA2,
    0xC9, 0x2D, 0x39, 0xB6, 0x71, 0x29, 0xD4, 0xC7, 0x9D, 0x80, 0x83, 0x8D, 0x6A, 0x56, 0x3E, 0x9B,
    0xAF, 0xF8, 0xBA, 0x84, 0x27, 0xB6, 0x81, 0x11, 0xCF, 0x61, 0x1B, 0xC8, 0xD7, 0xB1, 0x25, 0x31,
    0xC2, 0xB8, 0x05, 0x14, 0x36, 0x3F, 0x16, 0x66, 0x9C, 0x50, 0x96, 0x52, 0x06, 0x9E, 0x10, 0x71,
    0x25, 0x92, 0x2D, 0x6A, 0xBE, 0x79, 0x4B, 0x02, 0xCC, 0x14, 0x6F, 0x52, 0x9A, 0x71, 0x1B, 0x8D,
    0x82, 0x56, 0x38, 0x83, 0xC0, 0xDD, 0x3E, 0x90, 0xFA, 0xC1, 0x14, 0x35, 0xD7, 0x44, 0xEA, 0xEC,
    0x3B, 0x1A, 0x50, 0x1F, 0xDC, 0x71, 0x06, 0xE5, 0x22, 0x67, 0xDE, 0xFA, 0x2F, 0xEB, 0xD5, 0xB2,
    0x4A, 0xEB, 0x2B, 0x91, 0x45, 0x41, 0x09, 0xB4, 0xC5, 0x68, 0x87, 0xE3, 0x24, 0xFC, 0x60, 0x89,
    0x1C, 0x89, 0xFC, 0x01, 0x11, 0x88, 0x25, 0x2A, 0xA1, 0x45, 0xE4, 0xCA, 0xE4, 0x38, 0x98, 0xB1,
    0xAE, 0xF7, 0x79, 0x9E, 0xCF, 0x74, 0x10, 0x54, 0xCB, 0xA5, 0x6D, 0x87, 0x94, 0x47, 0x15, 0x4A,
    0x50, 0x1A, 0x09, 0x56, 0x02, 0xD7, 0x53, 0xC9, 0x4F, 0x39, 0xA6, 0xBF, 0xE0, 0x28, 0xDE, 0xAE,
    0xE3, 0xB7, 0x47, 0x9C, 0x2F, 0xDC, 0x42, 0xB9, 0x9F, 0xB9, 0xE4, 0xF8, 0xFA, 0x09, 0x22, 0xA9,
    0x01, 0xA5, 0x1A, 0x36, 0xD0, 0x92, 0x81, 0x16, 0xBA, 0x10, 0xB1, 0x62, 0xB3, 0x02, 0xC5, 0x76,
    0x63, 0x04, 0x92, 0xDD, 0x8E, 0x8A, 0x41, 0x7C, 0x90, 0x80, 0xF2, 0x70, 0x4F, 0xFE, 0x1E, 0x7B,
    0x4C, 0xC4, 0x5F, 0xB0, 0x49, 0x1D, 0xBF, 0xE0, 0xF3, 0x62, 0x19, 0x71, 0x88, 0xC4, 0x3E, 0x25,
    0x17, 0x28, 0x31, 0x42, 0x12, 0xCD, 0x97, 0xC9, 0xF2, 0x56, 0x73, 0xFD, 0xCB, 0xA8, 0x81, 0x81,
    0x76, 0x58, 0x79, 0x84, 0x9A, 0x43, 0x0D, 0xFA, 0xD2, 0x85, 0xF3, 0x20, 0x67, 0x12, 0xA8, 0x80,
    0x76, 0x20, 0xFC, 0x7D, 0x68, 0xA4, 0x4E, 0x4B, 0x8E, 0x90, 0xC8, 0xBC, 0xD6, 0xD9, 0xC2, 0xCD,
    0x97, 0x72, 0x89, 0xE3, 0x1E, 0x47, 0x16, 0xDC, 0x34, 0xCC, 0x05, 0x68, 0x54, 0xB0, 0x6F, 0xC5,
    0x55, 0xCB, 0xDE, 0x8A, 0x0E, 0xDB, 0xC9, 0x29, 0xE0, 0x6F, 0xA6, 0x8D, 0xE2, 0x1F, 0x9E, 0x0F,
    0xA5, 0xA5, 0x79, 0x86, 0xBC, 0xFB, 0x00, 0x11, 0xF1, 0x26, 0xF3, 0xE7, 0x4B, 0x27, 0xED, 0xB5,
    0xCF, 0x89, 0x81, 0x83, 0x25, 0x67, 0xEF, 0xBE, 0x3B, 0x34, 0x49, 0x19, 0x19, 0x85, 0xE2, 0x01,
    0x97, 0x07, 0x3D, 0xAF, 0x67, 0x2F, 0x4B, 0xDF, 0xAB, 0xDE, 0xB9, 0xF9, 0xF5, 0xA1, 0xF5, 0x25,
    0xE6, 0xC0, 0x47, 0x2F, 0x70, 0xB7, 0xED, 0x6B, 0x50, 0xE1, 0x05, 0x81, 0xC3, 0x43, 0x8E, 0x01,
    0xF8, 0xAA, 0xB9, 0x36, 0x39, 0x33, 0x6F, 0x73, 0x3D, 0x2F, 0xA4, 0x77, 0x0E, 0x55, 0x1D, 0x7E,
    0x87, 0x37, 0xAE, 0x8B, 0x9A, 0xEB, 0x1B, 0xF8, 0x42, 0x46, 0xDB, 0x92, 0x32, 0x91, 0x4F, 0x22,
    0xFD, 0x0B, 0x2A, 0x71, 0x5C, 0xCB, 0x00, 0xFB, 0xF5, 0x25, 0x3D, 0x19, 0x14, 0x4A, 0x23, 0xA9,
    0xC7, 0x91, 0xAE, 0x50, 0x74, 0xA2, 0x9E, 0x9F, 0x9B, 0xE4, 0x9F, 0x66, 0x16, 0x99, 0xD6, 0xB7,
    0x59, 0x52, 0xA7, 0x7F, 0x67, 0x77, 0xA5, 0x5B, 0x90, 0x47, 0x01, 0x10, 0xE7, 0xE1, 0xCF, 0x70,
    0x8C, 0x56, 0x91, 0x0F, 0x01, 0xFE, 0x8D, 0x0C, 0xA0, 0x5E, 0x81, 0xE9, 0xFB, 0x64, 0x29, 0x1A,
    0x94, 0x2C, 0x5F, 0xC3, 0xE9, 0x5D, 0x2E, 0x3F, 0xA9, 0x51, 0x07, 0x56, 0x5C, 0x19, 0xFA, 0x6A,
    0xD2, 0x0B, 0xB8, 0xE2, 0xA2, 0xEF, 0xCD, 0xA4, 0x9C, 0x70, 0xFD, 0xCA, 0x4F, 0x80, 0x9E, 0xB8,
    0xF3, 0x55, 0x95, 0x0F, 0xF6, 0x2B, 0x08, 0x97, 0x15, 0x25, 0x9F, 0x74, 0x98, 0x5C, 0xF9, 0x17,
    0xA5, 0x25, 0x28, 0xF4, 0xD0, 0xAD, 0xFA, 0x86, 0x80, 0x14, 0x73, 0xE2, 0x65, 0xA1, 0xFB, 0xFD,
    0x86, 0x84, 0xFD, 0xB8, 0x40, 0x84, 0xBB, 0x9E, 0xDA, 0xEF, 0xDA, 0x6A, 0xBF, 0x04, 0x86, 0xD8,
    0x05, 0xB6, 0xC1, 0x0D, 0x27, 0xF2, 0x57, 0x04, 0xE5, 0xCA, 0xFE, 0xC7, 0xB9, 0x06, 0xEB, 0x41,
    0x83, 0xED, 0x28, 0xBE, 0x09, 0x7E, 0x5A, 0xCA, 0xA7, 0x2E, 0x4F, 0x50, 0xB0, 0xA7, 0xD8, 0x9F,
    0x81, 0x7F, 0xCB, 0x47, 0x90, 0x3C, 0x88, 0x4A, 0xF6, 0x2D, 0x06, 0x84, 0x24, 0x01, 0x53, 0xDB,
    0xF4, 0x66, 0x26, 0x19, 0x88, 0x21, 0xE5, 0x10, 0xEF, 0x0E, 0xE9, 0x4A, 0xE9, 0x3E, 0x5D, 0x90,
    0xF8, 0xDA, 0x41, 0xC2, 0x69, 0x89, 0x60, 0x56, 0x7A, 0x49, 0x5E, 0x04, 0x1F, 0xE4, 0x8A, 0x76,
    0xDE, 0xE0, 0x6F, 0xCD, 0xEB, 0xF0, 0x20, 0xB4, 0x16, 0xE8, 0x8F, 0xCF, 0xBC, 0xC2, 0x20, 0xFA,
    0xA3, 0x36, 0x54, 0xBE, 0x4A, 0xEF, 0x9F, 0x90, 0x6B, 0xCE, 0xC0, 0x71, 0xDD, 0xC8, 0xFC, 0x5E,
    0xD1, 0x30, 0xE1, 0x0E, 0x8D, 0x32, 0xA4, 0x24, 0x4A, 0x61, 0xAA, 0x88, 0x22, 0xE9, 0xEB, 0xF8,
    0x7E, 0xE6, 0xB0, 0xF7, 0x11, 0x78, 0xB0, 0xF8, 0x8D, 0xBB, 0xF5, 0xF3, 0x1C, 0x32, 0xC0, 0xDF,
    0x6F, 0x70, 0xCF, 0xC1, 0x2D, 0x44, 0x20, 0x0C, 0x0B, 0x94, 0x71, 0x42, 0xAB, 0xBC, 0xE8, 0xD8,
    0x47, 0x6F, 0x79, 0x6E, 0xAF, 0x7A, 0x8B, 0x2E, 0x7C, 0xBA, 0x40, 0x86, 0x55, 0xCF, 0x1D, 0xA4,
    0xAF, 0xDA, 0x14, 0x16, 0xC5, 0x09, 0x3F, 0x41, 0x0E, 0x90, 0xA5, 0xC7, 0xFA, 0x0A, 0xCC, 0x33,
    0x73, 0xD5, 0xCD, 0x1B, 0x67, 0x41, 0x87, 0xA9, 0x80, 0x46, 0x52, 0x72, 0x7F, 0xEC, 0xE5, 0x74,
    0x1E, 0xD0, 0x8F, 0x31, 0xAC, 0x68, 0xD9, 0x86, 0xEE, 0xDA, 0x11, 0x75, 0x15, 0x8D, 0x61, 0x79,
    0x1D, 0xA7, 0x50, 0xB4, 0x51, 0x45, 0x07, 0x43, 0x94, 0x7D, 0x77, 0xF9, 0xCE, 0xC5, 0x7E, 0x00,
    0x9E, 0xA8, 0xA7, 0x87, 0xAB, 0x31, 0x27, 0xCB, 0x33, 0xC0, 0xD7, 0x65, 0xA4, 0xAF, 0x26, 0xA5,
    0x08, 0x7E, 0xC0, 0x81, 0x98, 0x21, 0x5E, 0x01, 0xC7, 0x23, 0x05, 0x4F, 0x0B, 0x97, 0x5B, 0xA7,
    0xEC, 0x1B, 0x37, 0x16, 0x40, 0xBB, 0x02, 0xFE, 0xCD, 0x7D, 0xAF, 0xEC, 0x7B, 0x7C, 0xC6, 0x37,
    0x7A, 0x98, 0x71, 0x39, 0xAE, 0xC3, 0x67, 0x56, 0x3D, 0x6F, 0xD3, 0x7F, 0x21, 0x5B, 0xF2, 0x65,
    0x31, 0xD6, 0x67, 0x9B, 0xE1, 0xCD, 0x70, 0x7F, 0x1A, 0xCA, 0xFC, 0x89, 0xC8, 0xBB, 0x80, 0x2F,
    0xB2, 0x38, 0x52, 0x8C, 0x0B, 0x61, 0xAA, 0x0F, 0xA1, 0xB6, 0x58, 0x37, 0x49, 0xCE, 0x45, 0x42,
    0xBE, 0xBA, 0x98, 0x41, 0xAD, 0x30, 0x62, 0xDC, 0x97, 0x2E, 0x6F, 0x98, 0xF0, 0x14, 0xCC, 0x53,
    0x90, 0x83, 0x96, 0x86, 0xC0, 0x38, 0xB9, 0x96, 0x28, 0xC6, 0x2E, 0x03, 0xE8, 0x43, 0x98, 0x39,
    0xBC, 0xE4, 0xB9, 0x09, 0x96, 0xD2, 0xAA, 0xAE, 0xA8, 0x93, 0xE3, 0x24, 0x47, 0xE9, 0x8C, 0x20,
    0xBB, 0x81, 0x52, 0x03, 0x49, 0xA0, 0x45, 0x00, 0xAC, 0x76, 0x91, 0x4A, 0x10, 0x0B, 0x15, 0x84,
    0x93, 0x70, 0xE2, 0x2C, 0x7D, 0xB4, 0x54, 0x9D, 0xFB, 0x8F, 0x4B, 0x4C, 0x72, 0x78, 0x10, 0x23,
    0x18, 0xEF, 0x45, 0xB5, 0xD2, 0x93, 0xD0, 0x7E, 0x60, 0x6A, 0x6A, 0xFE, 0x50, 0xA3, 0x10, 0xAF,
    0xFF, 0xAD, 0x69, 0xAC, 0xBF, 0xC1, 0x89, 0xF4, 0x1C, 0x36, 0x9A, 0x2B, 0xB6, 0xDE, 0x11, 0x47,
    0xD2, 0x2D, 0x94, 0x8B, 0x0E, 0xC9, 0xFE, 0x00, 0x09, 0xF5, 0x3E, 0x12, 0x23, 0x27, 0x01, 0xDD,
    0x07, 0x79, 0x05, 0x73, 0x9E, 0x23, 0x06, 0x3F, 0xC3, 0x65, 0xF3, 0x2E, 0xBC, 0x18, 0xE5, 0x92,
    0xFB, 0x1B, 0x8A, 0xF0, 0xC6, 0xA1, 0x9C, 0xD8, 0xC6, 0xD6, 0x5B, 0x10, 0xC1, 0x00, 0x92, 0xDB,
    0x03, 0x8F, 0x93, 0x7E, 0xED, 0x09, 0xD6, 0x1E, 0xE9, 0x7E, 0x2D, 0xD3, 0xE0, 0xFB, 0xD1, 0x0D,
    0xF2, 0x51, 0x9B, 0xF8, 0x9F, 0x53, 0xB6, 0x27, 0x5F, 0x30, 0x79, 0xD7, 0xE2, 0xF6, 0x3A, 0xC0,
    0x72, 0xC9, 0xFF, 0x88, 0x61, 0x2D, 0xB5, 0x9C, 0x51, 0x84, 0xC9, 0x64, 0x89, 0x52, 0x23, 0x2B,
    0x5C, 0x1B, 0x76, 0xD2, 0x48, 0xEA, 0x5F, 0x91, 0xE3, 0x4A, 0x94, 0x4B, 0xE8, 0x1C, 0x5E, 0x82,
    0xEB, 0x51, 0x9C, 0x0B, 0x5A, 0x8F, 0xC1, 0x09, 0x7E, 0xF5, 0xC3, 0xC1, 0x6B, 0x9E, 0x1F, 0x41,
    0x81, 0x61, 0x1D, 0xD8, 0x80, 0x33, 0x01, 0x9B, 0x21, 0x6E, 0x14, 0x74, 0x42, 0x0F, 0x03, 0x36,
    0x43, 0xFE, 0xC2, 0x6D, 0x08, 0xA3, 0x36, 0x36, 0x45, 0x9E, 0xEA, 0xAD, 0xFB, 0x93, 0x9D, 0xC9,
    0x70, 0xF0, 0x99, 0xA8, 0xFF, 0x0F, 0xB5, 0x58, 0x4F, 0x6F, 0xDC, 0xC6, 0x15, 0xFF, 0x91, 0xE3,
    0x84, 0x6E, 0x68, 0x79, 0x7C, 0x08, 0x10, 0x17, 0x10, 0x4C, 0x1F, 0x7A, 0x70, 0x11, 0x49, 0xD4,
    0x41, 0x40, 0xB7, 0x05, 0x77, 0xC9, 0xCA, 0xC7, 0x1E, 0x9A, 0x6F, 0x50, 0x7F, 0x82, 0x5A, 0x07,
    0x1F, 0x74, 0x58, 0x49, 0xAC, 0x7D, 0x28, 0x50, 0xA0, 0x48, 0xBE, 0x41, 0xF3, 0x01, 0x0A, 0x64,
    0x0F, 0x46, 0xA1, 0x02, 0x94, 0x76, 0xEC, 0x00, 0xF5, 0x21, 0x07, 0x13, 0x70, 0x6F, 0x45, 0x9B,
    0x09, 0x12, 0xA0, 0x87, 0x1E, 0x32, 0x40, 0x59, 0x80, 0x06, 0xB8, 0xCB, 0xFE, 0x1E, 0xB9, 0xB6,
    0xD7, 0x89, 0x9C, 0x48, 0x81, 0xC4, 0x9D, 0xF7, 0xF8, 0x67, 0xE6, 0xBD, 0x79, 0xF3, 0xE6, 0xCD,
    0xFB, 0xB3, 0xC5, 0xAC, 0x00, 0xB6, 0xB6, 0x06, 0xBB, 0xE3, 0xA2, 0x68, 0x66, 0x7C, 0x19, 0x40,
    0xDA, 0x31, 0xC2, 0xB6, 0x8C, 0x7F, 0xEE, 0xC6, 0x83, 0xBA, 0x18, 0xDC, 0xA9, 0x07, 0xE8, 0x5B,
    0x33, 0xC0, 0xD1, 0xE0, 0xDD, 0x74, 0x77, 0xA2, 0x5B, 0xEB, 0xCF, 0xB3, 0xC5, 0xE0, 0x6B, 0xC0,
    0x41, 0xE9, 0x57, 0x87, 0x81, 0x19, 0x6B, 0x33, 0xD4, 0xE6, 0x92, 0x36, 0x08, 0x0D, 0x94, 0x41,
    0xDA, 0x3A, 0xAF, 0x84, 0x6F, 0xA4, 0xA9, 0x1C, 0x1A, 0xFC, 0xD2, 0xB2, 0x0D, 0xA0, 0x13, 0xC4,
    0xBA, 0x3D, 0x54, 0x8F, 0x5C, 0x88, 0x7B, 0x1A, 0x03, 0xB6, 0x10, 0x0F, 0xF9, 0x1A, 0xB7, 0x47,
    0xEC, 0x3D, 0x68, 0x52, 0x17, 0x96, 0x61, 0xA6, 0xEC, 0x55, 0xF8, 0xEE, 0x0A, 0x50, 0xAF, 0x01,
    0xC5, 0x16, 0x30, 0x9C, 0x00, 0x71, 0x09, 0xDD, 0xB6, 0x64, 0x97, 0x43, 0x60, 0xF9, 0x19, 0xBF,
    0xE1, 0x74, 0x6D, 0x83, 0xC1, 0xAB, 0x0B, 0x58, 0x7E, 0x0B, 0x5A, 0x44, 0xBF, 0x2A, 0xD7, 0x95,
    0x1D, 0x79, 0x79, 0x9C, 0x41, 0x57, 0x88, 0xDA, 0xEC, 0x5E, 0x6A, 0x9D, 0x72, 0x15, 0xAA, 0x63,
    0xB8, 0xF4, 0x0B, 0x1B, 0xB6, 0x19, 0xA6, 0x19, 0x97, 0x70, 0x4B, 0x99, 0x3D, 0x65, 0xD2, 0x30,
    0x0F, 0xE7, 0x18, 0x85, 0x26, 0xD5, 0x86, 0x98, 0x9A, 0xE1, 0x3C, 0xCF, 0xBD, 0x43, 0x59, 0xA0,
    0x86, 0xF6, 0xDB, 0xDB, 0xF9, 0xAA, 0x7E, 0xF0, 0xA8, 0x1C, 0x6C, 0xF8, 0xC6, 0x6E, 0x25, 0xC0,
    0x64, 0x93, 0x68, 0x67, 0x47, 0x50, 0xF7, 0xB4, 0xB5, 0xE1, 0x99, 0xC9, 0x40, 0xDF, 0x37, 0x76,
    0xD5, 0x6F, 0x7F, 0x69, 0xA8, 0x05, 0x95, 0x77, 0xB4, 0xF8, 0x2B, 0xB9, 0x74, 0xFC, 0xC2, 0x0A,
    0x49, 0x82, 0x41, 0x02, 0xAF, 0xC0, 0x46, 0xF7, 0x30, 0xDE, 0x43, 0xFC, 0x61, 0x46, 0xE1, 0x71,
    0xEF, 0xAA, 0x67, 0xC7, 0xE1, 0x63, 0x97, 0x86, 0xD4, 0x2F, 0x46, 0x3A, 0xD7, 0xB7, 0xAD, 0x2A,
    0x2B, 0x4C, 0xD6, 0xF1, 0x93, 0xB7, 0x0E, 0x64, 0xF1, 0xA2, 0xDB, 0xD7, 0xC0, 0xCF, 0x5A, 0xE7,
    0xB7, 0x99, 0xDE, 0xB6, 0xBF, 0x98, 0x6D, 0x6E, 0x7E, 0x7E, 0x6B, 0xE7, 0x5F, 0xAB, 0x3B, 0xCD,
    0xEA, 0xE6, 0x3F, 0x6E, 0xFD, 0xF4, 0xCB, 0x1D, 0xBD, 0x5D, 0xB2, 0x2B, 0x6D, 0xD2, 0x26, 0x74,
    0xC9, 0xDA, 0xE6, 0xCA, 0xE6, 0x4A, 0xB2, 0x16, 0x3A, 0x5C, 0xE5, 0x4C, 0xDF, 0x80, 0x8E, 0xF7,
    0x09, 0xDF, 0x5F, 0x5C, 0xD2, 0x1F, 0xDB, 0x87, 0xB5, 0x1B, 0x63, 0x17, 0xCE, 0x37, 0x21, 0xD6,
    0x30, 0x6D, 0xDA, 0x26, 0xB2, 0xBB, 0x87, 0x77, 0xC6, 0x78, 0xA8, 0x2D, 0x0E, 0x91, 0xB8, 0x64,
    0x52, 0xC4, 0x56, 0x19, 0x6D, 0x22, 0x24, 0xD8, 0x21, 0xDD, 0x25, 0x8C, 0x30, 0x26, 0x14, 0x8B,
    0xFB, 0x18, 0xC3, 0x25, 0x58, 0x27, 0xB3, 0x0D, 0x34, 0x88, 0xEF, 0x37, 0xB4, 0x96, 0xD4, 0x24,
    0xB3, 0x38, 0xA3, 0x16, 0xD9, 0xD7, 0xC3, 0x08, 0x9D, 0xC5, 0x01, 0x77, 0x5B, 0xA7, 0xDA, 0x98,
    0xDB, 0x1F, 0x73, 0x5C, 0x0F, 0x07, 0x4B, 0x20, 0xEF, 0xF1, 0xA2, 0x5F, 0xC6, 0x21, 0x26, 0xE0,
    0x4D, 0xF0, 0x63, 0xE2, 0x34, 0x4F, 0xF3, 0x18, 0x97, 0xB1, 0x8A, 0x28, 0x53, 0x46, 0x99, 0x03,
    0xAA, 0x3F, 0x36, 0xEF, 0x1B, 0xB5, 0xF4, 0x0B, 0xCC, 0x41, 0x13, 0xD4, 0xD8, 0xD0, 0x48, 0x82,
    0x7C, 0x57, 0x19, 0x36, 0x3E, 0xF0, 0x95, 0x1F, 0x6F, 0x5E, 0x46, 0x42, 0x83, 0x50, 0x25, 0x77,
    0xC7, 0xAB, 0x46, 0xA8, 0x53, 0xDF, 0x15, 0xE1, 0x23, 0x77, 0x23, 0x30, 0x83, 0x57, 0x6A, 0x8B,
    0x79, 0x1A, 0xF0, 0x3E, 0xCD, 0x48, 0xEC, 0xE7, 0x8A, 0xA0, 0x81, 0xA0, 0x09, 0x91, 0x27, 0x87,
    0x46, 0x65, 0x44, 0x21, 0x5C, 0x60, 0x56, 0x95, 0x3B, 0x68, 0xB6, 0xDE, 0x71, 0x80, 0x5D, 0x75,
    0x3C, 0x42, 0x9B, 0x0E, 0x2A, 0xB3, 0xDC, 0x2A, 0xAF, 0x9D, 0x51, 0xD5, 0x70, 0xA2, 0x4D, 0x07,
    0x2B, 0x28, 0x3F, 0x1B, 0xFB, 0xB0, 0x26, 0xFB, 0x64, 0x48, 0xF6, 0xC9, 0x06, 0xD9, 0x53, 0xE9,
    0x3C, 0xA1, 0x09, 0xD9, 0x43, 0x2C, 0x81, 0xCF, 0x6B, 0xB2, 0xD1, 0x3B, 0x54, 0x22, 0x3B, 0x89,
    0x84, 0x7D, 0x64, 0xC9, 0x79, 0xF7, 0x90, 0x9C, 0xB9, 0xB9, 0x3C, 0x92, 0x0F, 0xC9, 0x99, 0x5B,
    0xCC, 0x03, 0x79, 0x48, 0xCE, 0x48, 0x84, 0x38, 0xA1, 0xE0, 0x93, 0x82, 0x82, 0xC7, 0xF6, 0x2C,
    0x82, 0x17, 0x98, 0x11, 0xE4, 0xBA, 0x49, 0xA6, 0x49, 0xD0, 0xC4, 0x6E, 0x0F, 0xF7, 0x38, 0x6A,
    0x88, 0xA8, 0xE1, 0x91, 0x3D, 0x5E, 0xEC, 0x3D, 0x52, 0x39, 0x11, 0x41, 0x29, 0x8F, 0x13, 0x2C,
    0x5F, 0xCA, 0x0A, 0x72, 0xD2, 0x2B, 0xE8, 0x6A, 0x4D, 0x74, 0xA5, 0x21, 0x5A, 0x3B, 0x12, 0x07,
    0x20, 0x46, 0xB3, 0x99, 0x0A, 0x15, 0x0F, 0x3D, 0x2C, 0x1D, 0x94, 0xD7, 0xB6, 0xD4, 0x54, 0x4E,
    0x5E, 0x2A, 0x23, 0x5D, 0x40, 0x37, 0xC3, 0x13, 0xE9, 0xD7, 0x68, 0xE9, 0x82, 0x38, 0x66, 0x5D,
    0xB8, 0xCE, 0x5E, 0x32, 0xC5, 0x85, 0xCE, 0xA6, 0x64, 0x45, 0x5A, 0xB8, 0xC8, 0x76, 0xE0, 0x9A,
    0x77, 0x51, 0x13, 0xA5, 0xA2, 0xEF, 0x67, 0xCF, 0x38, 0xD8, 0x1C, 0x5F, 0xE8, 0x8A, 0x0E, 0x35,
    0xC7, 0x35, 0x11, 0x67, 0xEB, 0x9E, 0x2E, 0x6E, 0xA2, 0x9E, 0x8B, 0x78, 0xF9, 0x2B, 0x6B, 0x2F,
    0x9E, 0xBA, 0x6F, 0x17, 0x37, 0x25, 0xBB, 0x5B, 0xB2, 0x8C, 0x9D, 0x47, 0xFC, 0xB3, 0xCE, 0x8E,
    0xFF, 0xEB, 0xF0, 0x01, 0xBC, 0x67, 0x6E, 0x95, 0x13, 0x7D, 0xEA, 0x28, 0x48, 0xA0, 0x04, 0x6B,
    0xC5, 0x58, 0x84, 0xD5, 0xEE, 0x99, 0xB1, 0x90, 0xBD, 0x93, 0x4E, 0x0E, 0x4B, 0x7C, 0xC7, 0x37,
    0xC4, 0x13, 0x86, 0x02, 0x07, 0x06, 0x41, 0xC1, 0xAD, 0x63, 0x6C, 0x74, 0xF4, 0x5A, 0xB9, 0xFF,
    0x3C, 0xB0, 0xBA, 0xF4, 0x6C, 0x9C, 0x79, 0x96, 0xA2, 0x7D, 0x70, 0xBC, 0x30, 0xC6, 0x66, 0x09,
    0x44, 0x78, 0xE9, 0xA3, 0xD4, 0x8E, 0x42, 0x3B, 0xBF, 0x7E, 0xBB, 0xA3, 0xE5, 0xDE, 0xB2, 0x47,
    0x16, 0xB9, 0xDE, 0x83, 0xE2, 0x73, 0xB5, 0x60, 0x10, 0x71, 0x89, 0xBE, 0x79, 0xA9, 0x1A, 0xAE,
    0x24, 0xD7, 0x26, 0x20, 0x88, 0x83, 0xF6, 0x32, 0x6D, 0x76, 0xD0, 0xC3, 0x84, 0x8E, 0xD3, 0xF5,
    0xF7, 0xEE, 0x9D, 0x8B, 0x31, 0x1E, 0xC7, 0xF9, 0xA6, 0x07, 0x65, 0x5A, 0xD1, 0x12, 0xBD, 0x00,
    0x54, 0x85, 0x6E, 0xC0, 0x2A, 0xCE, 0x8F, 0xAF, 0x18, 0x4D, 0x2A, 0x0E, 0x82, 0x01, 0x32, 0xBB,
    0x74, 0x2E, 0x3C, 0x7D, 0x3B, 0xA4, 0x96, 0xF7, 0x21, 0xF7, 0xF3, 0x92, 0xF3, 0x10, 0xFB, 0xF2,
    0xBD, 0x73, 0x48, 0xED, 0x2C, 0x2A, 0xB5, 0x79, 0xD3, 0x8F, 0x9E, 0x6F, 0xEC, 0xD5, 0x41, 0xB9,
    0x82, 0xD3, 0x8C, 0xA5, 0xC1, 0x85, 0x0D, 0x46, 0xD1, 0xC2, 0x15, 0xA4, 0x6D, 0x16, 0x54, 0x62,
    0x22, 0xA7, 0x69, 0x1C, 0x3C, 0xD4, 0x48, 0xE3, 0x9C, 0xB8, 0xBF, 0xCE, 0x4A, 0xDE, 0xB6, 0x35,
    0x57, 0x15, 0x8B, 0x66, 0x68, 0x59, 0x5E, 0xCD, 0xD5, 0x37, 0x84, 0x23, 0xC2, 0x31, 0x17, 0xBD,
    0xCF, 0xBB, 0xC0, 0xF1, 0xE2, 0x1B, 0xFB, 0xFC, 0x8A, 0x63, 0x79, 0x74, 0xEE, 0x76, 0xB4, 0x24,
    0xBE, 0xC3, 0xAC, 0xB2, 0xA2, 0x5A, 0x36, 0xE3, 0x7C, 0xE9, 0x24, 0xA6, 0x8C, 0xD8, 0xF6, 0xBD,
    0x1A, 0xBF, 0xCD, 0xD4, 0x0C, 0x2B, 0x50, 0x53, 0x41, 0x9F, 0x18, 0xA2, 0x0F, 0x2D, 0xD1, 0x83,
    0x8A, 0xE8, 0x77, 0x0D, 0x51, 0x3E, 0x15, 0x94, 0xFE, 0x91, 0x48, 0xFF, 0x53, 0xD2, 0xA5, 0x19,
    0x91, 0x2F, 0x88, 0x56, 0xCC, 0x73, 0x39, 0x44, 0xDA, 0x90, 0x96, 0xA9, 0x42, 0x77, 0x06, 0x24,
    0xDD, 0x04, 0x3E, 0x7A, 0x35, 0xD1, 0xDD, 0x1A, 0x7E, 0x15, 0xC9, 0xB6, 0xDA, 0x18, 0x12, 0x8B,
    0xD1, 0xF0, 0xB8, 0x34, 0x3C, 0x36, 0xC7, 0xCB, 0x20, 0xDF, 0xF6, 0x09, 0x29, 0xC7, 0xC8, 0x58,
    0x45, 0x1A, 0x1C, 0x74, 0x7E, 0x18, 0xF0, 0x38, 0x22, 0xA0, 0x09, 0xBE, 0x83, 0xF3, 0xE3, 0x1B,
    0x50, 0xCE, 0x88, 0x1E, 0xE0, 0x90, 0x26, 0x98, 0xBD, 0x75, 0x3E, 0x3C, 0x8F, 0xFD, 0xCC, 0x7B,
    0xF2, 0x84, 0x39, 0xDF, 0xEC, 0xFC, 0xE4, 0x74, 0x31, 0xDD, 0x5D, 0xDA, 0xDD, 0xCF, 0x8B, 0xE7,
    0x1D, 0x5C, 0xAF, 0x31, 0x1E, 0x79, 0x4E, 0xFF, 0xDE, 0xA8, 0xAF, 0xC5, 0x85, 0x79, 0x73, 0x04,
    0x4F, 0xF3, 0x48, 0xD9, 0x31, 0x6A, 0x27, 0x1A, 0x5F, 0x64, 0x30, 0xF5, 0x1A, 0xE7, 0xA9, 0x34,
    0x1D, 0x63, 0x8C, 0x80, 0xF3, 0xE8, 0xA6, 0x40, 0x72, 0xD4, 0xC0, 0xED, 0x37, 0xCA, 0xEC, 0x37,
    0x61, 0xB6, 0xDF, 0xAC, 0x63, 0xBF, 0xD8, 0x45, 0xB1, 0x6F, 0x39, 0x8F, 0x01, 0x67, 0x50, 0x36,
    0x25, 0x9E, 0x74, 0x7B, 0x27, 0x8E, 0x5E, 0xAC, 0x4E, 0x36, 0xAF, 0x77, 0x95, 0x58, 0x59, 0x8E,
    0x07, 0x69, 0xAB, 0xDA, 0xF2, 0xBD, 0xFF, 0x89, 0x15, 0x3A, 0x31, 0x40, 0xFB, 0x9D, 0xC8, 0x49,
    0x16, 0xE5, 0xE8, 0xDC, 0x88, 0xD6, 0x24, 0x08, 0x50, 0xD0, 0xB9, 0x57, 0x49, 0xFA, 0x4B, 0xFE,
    0xE1, 0xBC, 0xCB, 0x48, 0xC4, 0xFC, 0x22, 0x41, 0x7B, 0x32, 0x81, 0xBD, 0xD8, 0xD9, 0xC6, 0x04,
    0xBF, 0x15, 0xAB, 0x7F, 0x60, 0x24, 0x9B, 0xCE, 0x2E, 0x68, 0xA2, 0xC8, 0x97, 0x28, 0x77, 0xDB,
    0x2D, 0x9E, 0x2E, 0x70, 0x45, 0x91, 0x54, 0x13, 0x3C, 0x71, 0x55, 0x5F, 0xBE, 0x2C, 0xAE, 0xE9,
    0x5C, 0xCF, 0xA3, 0xAF, 0xBC, 0xAF, 0x14, 0x6B, 0x0B, 0xBF, 0x62, 0x7A, 0xD9, 0x84, 0x4C, 0x15,
    0xB9, 0x95, 0x29, 0xC3, 0x69, 0xCC, 0x62, 0x50, 0x53, 0xB4, 0xB0, 0xEC, 0x13, 0xC2, 0x17, 0x20,
    0xEF, 0xA1, 0x15, 0xCF, 0x4E, 0x27, 0x8B, 0x85, 0xE3, 0x26, 0xF4, 0x2E, 0x8D, 0x0E, 0x3E, 0x14,
    0xE7, 0x4D, 0x57, 0xA5, 0x5C, 0x7F, 0x97, 0xF7, 0xBB, 0x59, 0xDF, 0xDF, 0x8F, 0x8D, 0xFE, 0x4E,
    0xF2, 0xB9, 0x88, 0x45, 0x06, 0x87, 0x11, 0x43, 0x70, 0xD8, 0x65, 0xFE, 0xCC, 0x9B, 0x89, 0x99,
    0xEA, 0x9B, 0x84, 0x0E, 0x87, 0x1E, 0xFA, 0xB1, 0x25, 0xF0, 0xFE, 0x68, 0xC6, 0xF7, 0x69, 0x1E,
    0x9A, 0xC8, 0x85, 0x94, 0x34, 0xFC, 0x1B, 0xEA, 0xF0, 0x33, 0x5A, 0xE5, 0x67, 0xF7, 0xDD, 0xF4,
    0x09, 0x03, 0x4C, 0xC7, 0x56, 0x75, 0xE9, 0x2E, 0x6E, 0x2D, 0x16, 0x17, 0xB0, 0xA4, 0xD4, 0x66,
    0xAC, 0x4C, 0xC1, 0xE4, 0x4F, 0x95, 0xDE, 0xB4, 0x8C, 0xBE, 0x2C, 0x8F, 0x54, 0x59, 0x77, 0xED,
    0x28, 0xB2, 0xF1, 0x17, 0xE4, 0x9A, 0x49, 0xC0, 0x1E, 0x76, 0x51, 0xD6, 0x9C, 0x85, 0x70, 0x22,
    0xDE, 0x4B, 0x7D, 0x0E, 0x1D, 0xE4, 0xD7, 0x3B, 0xCA, 0xD3, 0x50, 0x85, 0xE6, 0xA3, 0xA8, 0x32,
    0x6B, 0x53, 0x73, 0x33, 0xCE, 0x4E, 0x3F, 0x57, 0x1C, 0xB0, 0x42, 0xB6, 0x71, 0xF0, 0x2A, 0xA9,
    0x38, 0x0D, 0x95, 0x88, 0xF7, 0x6B, 0x04, 0x81, 0x60, 0xAF, 0x39, 0x03, 0x61, 0x38, 0x0F, 0x67,
    0x1C, 0x35, 0xD3, 0xD9, 0x58, 0x55, 0x32, 0xD2, 0x71, 0x6C, 0x60, 0x95, 0xED, 0xB2, 0xB2, 0xE8,
    0x01, 0xB5, 0x5C, 0x88, 0xAA, 0x6B, 0x49, 0xB4, 0x6A, 0xA6, 0x3E, 0xD7, 0x8E, 0x6E, 0xCC, 0x7D,
    0x13, 0xBB, 0x68, 0x0E, 0x29, 0x89, 0xEF, 0xB3, 0xF2, 0x77, 0x05, 0xAA, 0xA6, 0x4B, 0x91, 0xEA,
    0xCE, 0x3F, 0x14, 0x52, 0x55, 0xBE, 0x4B, 0xF7, 0xE1, 0x33, 0x7B, 0xBA, 0xD5, 0x15, 0x84, 0x34,
    0x43, 0xFA, 0x90, 0xB9, 0xDC, 0xC9, 0xDF, 0x73, 0xDD, 0xA9, 0xBB, 0xB2, 0x90, 0xB3, 0xE7, 0x33,
    0x04, 0xF9, 0xD4, 0x35, 0x6A, 0x86, 0xBC, 0x25, 0x3E, 0x97, 0x16, 0x7C, 0xA4, 0xC2, 0x37, 0x62,
    0xD9, 0xB4, 0xF7, 0x8F, 0xCF, 0x42, 0x28, 0xE7, 0x03, 0xFE, 0xD7, 0x59, 0xB0, 0x6D, 0x7E, 0xD4,
    0xC5, 0xB4, 0xD3, 0x50, 0xB1, 0xD4, 0x8F, 0x3E, 0x75, 0xC4, 0x2F, 0x77, 0xE1, 0x34, 0x54, 0xBB,
    0xF4, 0x57, 0xF4, 0xB1, 0xB9, 0xD7, 0x6D, 0x9E, 0x6F, 0x52, 0x13, 0xD3, 0xC2, 0x97, 0x7F, 0x61,
    0xC9, 0x40, 0x3B, 0x40, 0xE3, 0x3B, 0x65, 0xFA, 0x40, 0xF8, 0xC6, 0x51, 0x56, 0x12, 0x41, 0xCD,
    0x02, 0x5E, 0xE3, 0xA6, 0x9F, 0xF5, 0x25, 0x1A, 0x4F, 0x68, 0xE8, 0x44, 0x7D, 0xDF, 0x6E, 0x3E,
    0x07, 0xB7, 0x2C, 0xA4, 0xB3, 0x34, 0x32, 0x1B, 0x4B, 0x35, 0x02, 0xBB, 0x18, 0x21, 0xDF, 0xFE,
    0x4E, 0x2A, 0x5F, 0x92, 0xFA, 0x04, 0x53, 0xD6, 0xA6, 0x99, 0xFA, 0xB7, 0x79, 0x5B, 0xDC, 0x53,
    0xE5, 0xB7, 0x8D, 0xDE, 0x6E, 0x46, 0x38, 0x2A, 0xB0, 0xC7, 0xDC, 0xA9, 0x6B, 0xC3, 0x06, 0x49,
    0xC1, 0xA8, 0xC3, 0xC3, 0xB8, 0x6D, 0xA9, 0x11, 0xEC, 0x93, 0xB4, 0xFD, 0x03, 0xF0, 0x64, 0x06,
    0x2F, 0xAF, 0x5F, 0x29, 0xEB, 0xF1, 0x0C, 0xE9, 0xD3, 0x16, 0x69, 0x1D, 0x31, 0xED, 0xD7, 0xB2,
    0xA4, 0x13, 0x80, 0xDF, 0xD9, 0x97, 0x36, 0xD3, 0x5A, 0xCC, 0xC2, 0x9E, 0x64, 0x16, 0xDB, 0x6E,
    0x04, 0x86, 0xAB, 0x71, 0x37, 0x7B, 0xDA, 0xB5, 0x11, 0xE5, 0x19, 0x32, 0x49, 0xDA, 0x76, 0xDF,
    0x34, 0x8B, 0x9D, 0xB3, 0x10, 0xF6, 0x66, 0xF1, 0x9F, 0xDE, 0x2C, 0x3E, 0x3E, 0x25, 0x95, 0xB2,
    0x9B, 0xBA, 0x99, 0xAC, 0xA4, 0xF6, 0xB2, 0x36, 0xA7, 0x9F, 0xEB, 0x64, 0x63, 0xFA, 0x5E, 0x09,
    0xE3, 0x45, 0x81, 0x1E, 0xBF, 0x5E, 0x2C, 0xF7, 0x7F, 0x51, 0x2D, 0x5D, 0xAF, 0x8F, 0xF3, 0xDB,
    0x3F, 0xEB, 0xED, 0x8A, 0x5C, 0x0A, 0xD5, 0x34, 0x7A, 0x54, 0xAF, 0xA5, 0xF5, 0x4E, 0x3A, 0x2B,
    0x47, 0xD3, 0x7C, 0x98, 0xA2, 0x48, 0xB7, 0xDD, 0x5F, 0x7A, 0x72, 0xB7, 0x28, 0x6A, 0x24, 0x79,
    0x97, 0xC4, 0x56, 0xF5, 0x26, 0xE3, 0x65, 0x1E, 0xA6, 0x86, 0xE2, 0x99, 0x28, 0xD3, 0x74, 0xB5,
    0x27, 0x82, 0x89, 0x18, 0x17, 0xA6, 0x50, 0xED, 0xD3, 0xD2, 0x9B, 0x4B, 0xD4, 0x60, 0x63, 0x8A,
    0xDD, 0xD5, 0xDD, 0xC2, 0x6B, 0xB1, 0x83, 0x3F, 0x88, 0x97, 0xEE, 0xFF, 0x74, 0x01, 0x73, 0x11,
    0xD8, 0x7B, 0xB4, 0xAA, 0xEB, 0x3F, 0x88, 0x8F, 0xCF, 0x2C, 0x48, 0xB9, 0x19, 0xE4, 0xFE, 0xF2,
    0x28, 0x9C, 0xE3, 0xDA, 0xBA, 0xAA, 0xA3, 0x6A, 0x19, 0x02, 0x6F, 0x90, 0x6E, 0x95, 0x01, 0x6B,
    0xC0, 0x78, 0xB9, 0xC5, 0x39, 0x27, 0x1C, 0x4E, 0xD9, 0x9F, 0x73, 0x0D, 0xC7, 0xA6, 0xDF, 0x19,
    0x49, 0xA9, 0x6F, 0x2C, 0x68, 0xA5, 0xAA, 0x66, 0xAC, 0x2D, 0xC8, 0x52, 0xEA, 0xBD, 0x83, 0x05,
    0x2F, 0x29, 0xED, 0xDB, 0xC5, 0x9F, 0xAE, 0xAF, 0xC1, 0x9F, 0x78, 0x42, 0x2B, 0x56, 0x45, 0x79,
    0x24, 0xF2, 0xC9, 0xCF, 0x68, 0x86, 0xC6, 0x1E, 0xE4, 0x59, 0x7E, 0xEC, 0xB3, 0x7B, 0xD0, 0x9F,
    0xB8, 0x6F, 0xD1, 0x47, 0x14, 0x5B, 0x8A, 0xE6, 0x93, 0xF4, 0x71, 0x9E, 0x6B, 0xF8, 0x3F, 0xB5,
    0x5A, 0x4D, 0x6F, 0xDB, 0xC8, 0x19, 0x7E, 0x49, 0x06, 0x61, 0x76, 0x99, 0x35, 0x7D, 0x58, 0x60,
    0x17, 0x88, 0x13, 0xE6, 0xD0, 0x43, 0x80, 0x3A, 0x61, 0x0A, 0x04, 0xA8, 0x0F, 0xB2, 0x48, 0xB8,
    0x87, 0x9E, 0x8A, 0xF6, 0xDE, 0xCB, 0xFE, 0x82, 0x66, 0x0F, 0x39, 0xF8, 0xE0, 0x44, 0xDC, 0xE4,
    0xB8, 0x68, 0xE3, 0x9F, 0x90, 0x7F, 0x50, 0xB5, 0xF0, 0x21, 0x40, 0x64, 0x6B, 0x12, 0x1F, 0x52,
    0x20, 0x2D, 0x3C, 0x40, 0x8F, 0x45, 0xB1, 0xDC, 0xDD, 0xDC, 0xFA, 0x01, 0x62, 0x57, 0xC5, 0xD2,
    0x2D, 0xAD, 0xE9, 0xF3, 0x0C, 0x29, 0x5B, 0xFE, 0x88, 0x2D, 0xD9, 0x8A, 0x35, 0xEF, 0x48, 0xA2,
    0x86, 0x33, 0xCF, 0xBC, 0xDF, 0xEF, 0xD0, 0xD2, 0x31, 0x72, 0xEC, 0xCF, 0xCB, 0xD9, 0x15, 0xE8,
    0x7C, 0x76, 0x73, 0x25, 0xBA, 0xAB, 0x15, 0xBA, 0xC5, 0x4D, 0x74, 0x4B, 0x6D, 0x74, 0x77, 0x13,
    0x74, 0xDD, 0x38, 0x15, 0xC9, 0x43, 0x25, 0x8E, 0x31, 0x4A, 0xDC, 0xCC, 0xD7, 0xE2, 0xA5, 0xB8,
    0xCF, 0x17, 0xB7, 0x90, 0x50, 0xDC, 0x52, 0x4C, 0x11, 0x9B, 0x34, 0xB4, 0x6D, 0x7F, 0x76, 0x7F,
    0x28, 0xED, 0x50, 0xAD, 0x79, 0xAA, 0xE7, 0x61, 0xBC, 0x76, 0xFA, 0x3A, 0xFA, 0x56, 0x6F, 0x7A,
    0xBA, 0xB4, 0x6D, 0x33, 0xCA, 0xE3, 0xAF, 0xF7, 0xE4, 0xA6, 0xC7, 0x95, 0x6E, 0xA0, 0x0B, 0xCB,
    0xF7, 0x89, 0x8D, 0x37, 0x8A, 0x9A, 0xF3, 0x55, 0x60, 0xC4, 0xDD, 0x9B, 0x06, 0xE1, 0xEC, 0x81,
    0x68, 0x4E, 0xA8, 0x0E, 0x75, 0xCE, 0x9E, 0x04, 0x67, 0x83, 0x19, 0x8A, 0xAC, 0x8A, 0x93, 0xF3,
    0x96, 0xBA, 0xE1, 0x36, 0x89, 0x70, 0xFB, 0x23, 0x11, 0x77, 0x80, 0xA9, 0x0E, 0x98, 0x2F, 0xB1,
    0xC9, 0xDC, 0x5D, 0x3F, 0x0F, 0xB5, 0x93, 0xC7, 0xA9, 0x93, 0x03, 0xE1, 0xAF, 0xB6, 0x70, 0x99,
    0x5B, 0xAF, 0xC6, 0x88, 0x7B, 0xE0, 0x6F, 0x00, 0x5F, 0x00, 0x7B, 0xE1, 0x96, 0x97, 0x0B, 0xDE,
    0xCB, 0xD9, 0xF1, 0x1D, 0x93, 0xB7, 0x44, 0x3E, 0x6F, 0xE6, 0x74, 0x21, 0xE0, 0xC7, 0x79, 0xDB,
    0x29, 0x7A, 0x32, 0xC0, 0xCD, 0xA5, 0x6D, 0xF8, 0xD0, 0x13, 0x69, 0xCB, 0xC7, 0x51, 0xD6, 0x75,
    0x71, 0x23, 0x76, 0x2B, 0x01, 0x2E, 0x2E, 0xE3, 0xDE, 0x79, 0x67, 0x36, 0x60, 0x80, 0x61, 0x28,
    0xEE, 0x3F, 0x52, 0xFF, 0xB1, 0xFA, 0x40, 0x3E, 0x9B, 0x06, 0x89, 0x07, 0xB6, 0xF0, 0x7D, 0x56,
    0x6C, 0x79, 0x28, 0x02, 0x43, 0x7A, 0x38, 0x0D, 0x43, 0xC8, 0x84, 0xDB, 0x21, 0x14, 0xBC, 0xD7,
    0xE8, 0xD1, 0x8C, 0xA0, 0x40, 0x21, 0x45, 0x7B, 0xDB, 0x6A, 0x6A, 0x40, 0xE9, 0x25, 0x91, 0x62,
    0x09, 0x57, 0x00, 0x26, 0x54, 0xFB, 0x78, 0x8C, 0x29, 0xF1, 0x35, 0xCE, 0x42, 0xE5, 0x63, 0x21,
    0xA7, 0xC4, 0x4F, 0x15, 0x68, 0x13, 0xB4, 0x05, 0x7A, 0xD4, 0xD0, 0x56, 0x73, 0x0D, 0xBF, 0xB9,
    0x03, 0x8C, 0x85, 0xCA, 0xDF, 0x4F, 0x79, 0xAF, 0xC8, 0xA7, 0x2D, 0xF1, 0xAB, 0x96, 0xB8, 0x20,
    0x59, 0xC3, 0x02, 0x6B, 0xF7, 0x40, 0x37, 0x41, 0xE2, 0x0E, 0x7B, 0x12, 0x3D, 0xAE, 0x00, 0xA2,
    0x67, 0x5F, 0x15, 0xA8, 0x6C, 0xA8, 0x6A, 0xAE, 0x2D, 0x83, 0x62, 0x8C, 0xF1, 0x87, 0x1D, 0x75,
    0x1A, 0x16, 0x98, 0xD7, 0x04, 0x58, 0x68, 0x54, 0xBD, 0x5A, 0x13, 0xB1, 0xBE, 0xD0, 0x26, 0xF9,
    0x7E, 0x0E, 0x2C, 0x8E, 0xA9, 0x0E, 0x79, 0x26, 0x63, 0x0C, 0x71, 0x81, 0x3C, 0x05, 0x6C, 0x69,
    0xA8, 0x3E, 0x97, 0x9A, 0xBA, 0x12, 0x9A, 0xA2, 0x7E, 0xB7, 0xDF, 0xC9, 0x5E, 0x07, 0xE3, 0x5C,
    0x55, 0x93, 0x87, 0x7D, 0x19, 0xE5, 0xD9, 0xB6, 0x3F, 0x5D, 0x2D, 0xB2, 0x65, 0x81, 0xC8, 0xCA,
    0x52, 0x4A, 0xA0, 0x1F, 0x13, 0xD9, 0xA5, 0x5A, 0x64, 0x4E, 0x76, 0x05, 0xBE, 0x65, 0x15, 0x8A,
    0x90, 0xCF, 0x0C, 0x06, 0xA6, 0xF8, 0x48, 0x9E, 0x05, 0x2B, 0x9A, 0x60, 0x86, 0x53, 0x80, 0x91,
    0x10, 0xBA, 0x17, 0x73, 0xD6, 0x6C, 0x76, 0x60, 0x1E, 0xD2, 0xC2, 0x8F, 0xA8, 0xF1, 0xE9, 0x30,
    0x2E, 0xBE, 0xFF, 0x5B, 0x52, 0xBB, 0x36, 0xDA, 0x24, 0x55, 0x26, 0xC9, 0xB8, 0xEE, 0x13, 0xDD,
    0x96, 0xDA, 0x7C, 0x0E, 0x96, 0xC6, 0xBA, 0xCB, 0xF0, 0xB4, 0xD9, 0x86, 0x6B, 0x72, 0x09, 0x32,
    0x99, 0x63, 0x34, 0xA1, 0x57, 0xBA, 0x83, 0xB9, 0xF3, 0xDA, 0xA0, 0x20, 0x9D, 0x76, 0x7E, 0xC4,
    0xA0, 0x2E, 0x2C, 0xA1, 0x00, 0x16, 0xFE, 0x3A, 0xA3, 0x85, 0x6F, 0x4E, 0x23, 0x21, 0xA7, 0xF1,
    0xC1, 0x77, 0xC2, 0x23, 0x3E, 0xF8, 0x72, 0x11, 0x6A, 0x29, 0xE8, 0x4A, 0x46, 0xEE, 0xE6, 0xC0,
    0xD5, 0x24, 0xC3, 0x4A, 0x7E, 0xBC, 0xBB, 0x09, 0x77, 0x99, 0x80, 0xE2, 0xD4, 0x85, 0xE5, 0xB9,
    0x85, 0xBB, 0xEB, 0xD2, 0xDD, 0xA4, 0xDC, 0xB3, 0x24, 0x08, 0x30, 0x3F, 0x20, 0xB8, 0xE9, 0x42,
    0x5C, 0xF9, 0x51, 0x83, 0xE7, 0xCB, 0x2C, 0x7C, 0x65, 0xD2, 0x48, 0x06, 0x12, 0x83, 0x8D, 0x24,
    0x7E, 0x0E, 0x9F, 0x14, 0xE2, 0x51, 0x59, 0xA4, 0x0E, 0x51, 0x11, 0xAC, 0x32, 0x30, 0x06, 0xD3,
    0xC4, 0x69, 0x4B, 0x42, 0x92, 0x90, 0xE2, 0xB4, 0x27, 0xBE, 0x59, 0x17, 0xB9, 0xE9, 0xA6, 0x72,
    0x3B, 0x68, 0x2C, 0x56, 0x66, 0x83, 0x99, 0xE1, 0x55, 0x96, 0x10, 0x4D, 0xBB, 0x90, 0x46, 0x4E,
    0x09, 0x8F, 0x99, 0xDD, 0x8C, 0x70, 0xDB, 0x28, 0x53, 0x9E, 0x10, 0x65, 0x2E, 0x80, 0x3B, 0x96,
    0x1A, 0x6B, 0x2C, 0xB3, 0xC7, 0x3B, 0x03, 0x9E, 0x5A, 0x93, 0x71, 0x10, 0x59, 0x65, 0x83, 0x89,
    0x0F, 0xC0, 0x65, 0x64, 0xB4, 0xC8, 0x75, 0xB1, 0x86, 0xC2, 0x78, 0x45, 0xD3, 0x98, 0x39, 0x76,
    0xC7, 0xA6, 0x61, 0x84, 0x79, 0x27, 0x4C, 0xA9, 0xDA, 0x0D, 0x1C, 0xB3, 0x17, 0x18, 0x04, 0x52,
    0xD9, 0xA2, 0x2D, 0x3D, 0x3C, 0xB9, 0x33, 0x66, 0xEF, 0x94, 0x5F, 0xD9, 0x45, 0x9C, 0xC0, 0x4E,
    0x25, 0x9C, 0x3D, 0xD1, 0x58, 0xEF, 0xB9, 0x38, 0xB0, 0xEE, 0x6B, 0xB0, 0xC5, 0x0E, 0x28, 0x38,
    0x4A, 0xAF, 0x90, 0xB7, 0x7D, 0x65, 0x24, 0x28, 0xE3, 0x2C, 0xD0, 0x61, 0x16, 0xA8, 0x13, 0x49,
    0x91, 0x3A, 0x65, 0x7F, 0x90, 0x98, 0x15, 0x53, 0xFA, 0x03, 0xB9, 0xBF, 0x8E, 0x44, 0x20, 0x4A,
    0x6D, 0xD7, 0x81, 0xA9, 0x57, 0x07, 0x5F, 0xEB, 0x0E, 0xD7, 0xD2, 0xA3, 0xD7, 0xC6, 0xBB, 0x38,
    0xB3, 0x53, 0x5D, 0x6E, 0x70, 0x45, 0x0D, 0x9E, 0xBE, 0xD1, 0x07, 0xB8, 0x76, 0x2C, 0xAE, 0x74,
    0x12, 0x5C, 0x71, 0xAA, 0xFE, 0xF0, 0x8D, 0x52, 0x49, 0x23, 0xAF, 0xC4, 0xA4, 0x00, 0x89, 0x65,
    0x26, 0x69, 0x18, 0x1C, 0x66, 0x59, 0xF2, 0x4D, 0xF6, 0x13, 0x93, 0x7E, 0xD6, 0x1E, 0x89, 0x1C,
    0x9E, 0xAD, 0x90, 0xA0, 0xA0, 0xC4, 0x8E, 0x37, 0xE4, 0xAA, 0xA1, 0x01, 0xA7, 0x47, 0xC2, 0x8B,
    0x74, 0xA8, 0xDE, 0xF5, 0x32, 0x7B, 0x9D, 0xAA, 0xD3, 0xB8, 0x04, 0x57, 0x25, 0x2A, 0x56, 0xFE,
    0xA1, 0x57, 0xA0, 0x93, 0xEA, 0xAC, 0x19, 0x90, 0x8C, 0x43, 0x8B, 0x42, 0x6C, 0x0A, 0x1B, 0xCE,
    0x83, 0xDA, 0x43, 0xA7, 0x81, 0xEA, 0x80, 0x01, 0xC7, 0x67, 0x73, 0x94, 0x97, 0x06, 0x69, 0x90,
    0x79, 0x25, 0x46, 0xEB, 0x7A, 0xF4, 0x59, 0x2B, 0xBC, 0x1B, 0x1B, 0x12, 0x0E, 0xC7, 0xA4, 0xC1,
    0x63, 0x7D, 0x49, 0xE6, 0x59, 0xE5, 0x98, 0xDC, 0xD9, 0xB2, 0x81, 0xEE, 0x48, 0x5B, 0x3E, 0xD6,
    0x5A, 0x36, 0x61, 0x59, 0x93, 0xF6, 0x73, 0xE9, 0x17, 0xD6, 0x1D, 0x84, 0xD6, 0x2B, 0xBC, 0xD0,
    0x8E, 0xEE, 0xD2, 0xFD, 0xBA, 0x10, 0x3E, 0x26, 0xB7, 0x6E, 0x22, 0x3A, 0xB5, 0xC5, 0x34, 0xC7,
    0x76, 0x4B, 0x12, 0xD8, 0x9E, 0xC6, 0x66, 0x62, 0x6C, 0xC7, 0xE7, 0x86, 0xA0, 0xF8, 0x8B, 0x75,
    0x1C, 0x7A, 0xA9, 0x25, 0x44, 0x2E, 0x19, 0xEE, 0x40, 0xF9, 0xFF, 0x8B, 0xD8, 0x54, 0x54, 0xB8,
    0x4E, 0xC3, 0x48, 0x40, 0x51, 0x66, 0x37, 0xAA, 0xFD, 0xC2, 0x54, 0x49, 0x5D, 0x48, 0xB2, 0x6C,
    0x61, 0x69, 0xE4, 0x6A, 0xEE, 0x5D, 0xE4, 0x43, 0xB2, 0xB4, 0xCE, 0x0B, 0x4E, 0xB4, 0x94, 0x6D,
    0x03, 0x66, 0x6F, 0x81, 0xE9, 0x50, 0x0B, 0xAC, 0x13, 0xEC, 0xA4, 0x30, 0x75, 0xBC, 0xFF, 0x80,
    0x80, 0xFA, 0x0A, 0xD7, 0x54, 0x05, 0x7A, 0x04, 0x4A, 0xD2, 0x4E, 0x15, 0xD6, 0xBE, 0x14, 0x91,
    0xD6, 0xDE, 0x6C, 0xD7, 0x4A, 0x99, 0xAF, 0xD8, 0x35, 0x38, 0x57, 0x47, 0x6D, 0xA6, 0xD1, 0xA4,
    0x73, 0x81, 0x93, 0x0E, 0x54, 0xC8, 0x07, 0xDC, 0xB9, 0xF1, 0x44, 0x8E, 0xD5, 0x93, 0x96, 0x26,
    0xFE, 0x9E, 0x45, 0x8C, 0xDF, 0x9E, 0xAA, 0xC9, 0x67, 0x7C, 0xCE, 0x20, 0xA4, 0xCA, 0xCB, 0xB9,
    0xF1, 0x6B, 0x56, 0x95, 0x4E, 0x7B, 0x75, 0xAA, 0x0B, 0xAF, 0xC6, 0x3F, 0x7A, 0x4A, 0xA6, 0x5D,
    0x01, 0xD9, 0x20, 0x75, 0x0A, 0x33, 0xD1, 0xEA, 0x64, 0xA2, 0xAF, 0x3D, 0x64, 0x17, 0x1F, 0x62,
    0xDF, 0x90, 0xBB, 0xA6, 0xEC, 0xE7, 0x40, 0x0B, 0xA0, 0x2B, 0xD3, 0x21, 0x71, 0xB2, 0x6B, 0xDB,
    0xBA, 0xB3, 0xAD, 0x02, 0xB6, 0x2C, 0xD8, 0xA6, 0x90, 0xCE, 0x6C, 0xC0, 0x70, 0x9C, 0x05, 0x21,
    0x26, 0x4F, 0x54, 0x4D, 0xFC, 0x7C, 0x26, 0x0B, 0xE0, 0x89, 0x3B, 0x47, 0xA6, 0x7E, 0xA3, 0x82,
    0x1D, 0xCD, 0x86, 0x0F, 0x13, 0x2F, 0x4C, 0x42, 0xE0, 0x79, 0x03, 0x02, 0x6F, 0x10, 0x3A, 0xA4,
    0x8F, 0x6B, 0x5F, 0xBD, 0x73, 0xE1, 0x43, 0x3C, 0xFE, 0x53, 0x50, 0x85, 0xBA, 0xA3, 0x7E, 0x7D,
    0x8C, 0xC7, 0x14, 0x8B, 0x4D, 0x92, 0x6C, 0x28, 0x75, 0xD4, 0x78, 0xD9, 0x90, 0x14, 0x9E, 0xC9,
    0x3F, 0x29, 0xE5, 0x37, 0xA9, 0xB7, 0x07, 0x4D, 0xF6, 0xFA, 0xEC, 0x7E, 0xAF, 0xD0, 0x3D, 0xCD,
    0xD1, 0x3D, 0x19, 0xA0, 0xFB, 0xA2, 0x42, 0x97, 0xF5, 0xD9, 0x25, 0xBF, 0x45, 0x17, 0xFE, 0x1D,
    0x1D, 0x86, 0x7B, 0x99, 0xCB, 0x0E, 0xB5, 0xA1, 0xAF, 0xA1, 0x75, 0xF0, 0x2A, 0x34, 0x85, 0xD5,
    0x3A, 0x6F, 0x65, 0xE2, 0xE1, 0x67, 0xB5, 0x05, 0x8E, 0x02, 0x2E, 0xFC, 0x7F, 0x02, 0xFF, 0x9F,
    0x94, 0x51, 0x46, 0x3B, 0xF7, 0xAD, 0xA3, 0x3B, 0x4A, 0xB8, 0x8E, 0xDF, 0x92, 0xAA, 0x5F, 0xCE,
    0x1E, 0x9B, 0xFD, 0x7B, 0x2E, 0x0D, 0x27, 0x2C, 0xD4, 0xFA, 0x18, 0x41, 0x4D, 0x8F, 0x6E, 0xDF,
    0xDF, 0x60, 0x81, 0xDA, 0x17, 0x34, 0xFE, 0xE6, 0x12, 0xBD, 0x41, 0xC8, 0xBD, 0x7B, 0xFF, 0x96,
    0xDA, 0xC6, 0xDF, 0x27, 0xBF, 0xF1, 0xF7, 0x6C, 0x01, 0x7E, 0x19, 0x9B, 0x89, 0x8A, 0xDA, 0x33,
    0x9D, 0x93, 0xDF, 0x36, 0xAF, 0xB3, 0x7A, 0x12, 0xDB, 0x3A, 0x3E, 0x6D, 0x4C, 0x9B, 0x9E, 0x0A,
    0x69, 0x8D, 0xFB, 0x12, 0xB5, 0x50, 0xFC, 0x37, 0xE8, 0x5D, 0xB2, 0x07, 0x55, 0xF5, 0x18, 0xB2,
    0xBC, 0xDC, 0x3F, 0xB5, 0xC3, 0x90, 0xA4, 0xC2, 0x8B, 0xBB, 0xF6, 0xDF, 0xBD, 0xEB, 0xE2, 0xC8,
    0xAE, 0x7F, 0xC1, 0x5D, 0xFF, 0x05, 0x9D, 0x7F, 0x68, 0xD7, 0xEB, 0x40, 0x82, 0x5D, 0x2F, 0x88,
    0x3D, 0x37, 0x43, 0x69, 0x81, 0x6A, 0x9E, 0x51, 0xC8, 0x06, 0xA0, 0xC9, 0x76, 0x0B, 0x42, 0xF0,
    0x4C, 0xAA, 0xA0, 0xA9, 0x14, 0x2D, 0xA5, 0x12, 0x3E, 0x05, 0xF7, 0x68, 0x72, 0x98, 0xCC, 0x0C,
    0x0F, 0x9F, 0x47, 0xDE, 0x2F, 0x91, 0x1A, 0x30, 0xD6, 0x78, 0x79, 0x8C, 0xFC, 0x12, 0xC9, 0x44,
    0x85, 0xB2, 0xA7, 0xC2, 0xE8, 0xAD, 0x71, 0xE2, 0xB5, 0x47, 0xA0, 0x04, 0x63, 0x38, 0xD6, 0xC3,
    0x3D, 0xD2, 0x29, 0xE5, 0x84, 0xC2, 0x7A, 0xA5, 0x68, 0x4B, 0xD5, 0x93, 0x35, 0x54, 0xFB, 0x15,
    0x37, 0x84, 0xD6, 0xEE, 0xC9, 0x43, 0x38, 0x6E, 0xFC, 0xC4, 0x4A, 0x69, 0xFD, 0x03, 0x91, 0x07,
    0x8B, 0xB5, 0x40, 0x67, 0x04, 0xE3, 0x9D, 0x85, 0xF5, 0x99, 0x60, 0xFC, 0x2F, 0xC9, 0x9F, 0x54,
    0x6E, 0xDC, 0x16, 0x59, 0x02, 0xC7, 0xE7, 0xE7, 0x67, 0x03, 0x68, 0xA9, 0x2B, 0x65, 0x21, 0xDF,
    0xE5, 0xEE, 0x5F, 0x95, 0xF7, 0xB3, 0x69, 0x00, 0xC5, 0x2C, 0x43, 0xDD, 0x92, 0x81, 0x83, 0xCA,
    0xEB, 0xAA, 0x98, 0x06, 0x91, 0x25, 0xE8, 0x97, 0x50, 0x91, 0xB2, 0xAF, 0x46, 0x3D, 0x72, 0xF7,
    0x6A, 0xEC, 0xCA, 0xA6, 0xB5, 0x56, 0x8E, 0x94, 0x75, 0x7B, 0x57, 0xCE, 0x19, 0x9C, 0x9C, 0xB3,
    0xB9, 0xB9, 0x9D, 0x39, 0x07, 0x86, 0xBE, 0x0E, 0x57, 0xBE, 0xCF, 0x9F, 0xB7, 0xC5, 0xA4, 0xAD,
    0x1E, 0xD2, 0x99, 0x36, 0xCF, 0x65, 0x88, 0xC6, 0x0C, 0xF9, 0x89, 0xE5, 0x08, 0x6B, 0xDB, 0x0E,
    0xAB, 0xDB, 0x7E, 0xE6, 0x84, 0x2B, 0xFF, 0xCB, 0x17, 0x5D, 0xF3, 0x05, 0x8B, 0xB9, 0xA2, 0x3E,
    0x4E, 0xA3, 0x5E, 0xDD, 0x92, 0xA3, 0xA7, 0x58, 0x69, 0x9D, 0x99, 0x21, 0xF9, 0xB5, 0x49, 0x2E,
    0x5F, 0x1D, 0x24, 0x5F, 0x48, 0x3C, 0x15, 0x13, 0x9B, 0x36, 0xC7, 0x30, 0xB1, 0xE1, 0x38, 0x9B,
    0xDC, 0x44, 0x3A, 0xD0, 0x66, 0xCF, 0xAB, 0x98, 0xCC, 0x40, 0x65, 0xA1, 0xA9, 0x48, 0xC1, 0xEE,
    0x8E, 0x98, 0xB5, 0x5D, 0x24, 0x3B, 0x65, 0xFC, 0xAF, 0xC2, 0x2F, 0x98, 0x45, 0xC0, 0xE0, 0x0E,
    0x35, 0x0D, 0x3B, 0xBD, 0xF8, 0xC2, 0xE3, 0x5E, 0x6E, 0x2C, 0xAB, 0x9A, 0x64, 0x6D, 0xDE, 0xA9,
    0x99, 0x8E, 0x39, 0x39, 0xA3, 0x8E, 0xCF, 0x3C, 0x09, 0xBA, 0x93, 0xA3, 0x3C, 0xEB, 0x68, 0x1E,
    0x5C, 0xCC, 0x8E, 0x3D, 0xCC, 0xC4, 0xA8, 0x48, 0x10, 0x98, 0xB4, 0xA7, 0x60, 0x0F, 0xE5, 0x05,
    0x71, 0x41, 0x5A, 0xFB, 0xC2, 0xEA, 0xBF, 0x0D, 0xF4, 0x5A, 0x24, 0xAD, 0x58, 0x5A, 0x89, 0xF5,
    0x84, 0x61, 0x09, 0x35, 0xD2, 0x02, 0x8F, 0x1F, 0xE0, 0x86, 0xCE, 0xC7, 0x12, 0xB7, 0xD8, 0xDA,
    0x6D, 0xA7, 0x0C, 0x70, 0xFD, 0x06, 0x95, 0x00, 0xCA, 0x80, 0x4D, 0xBA, 0xA3, 0x1D, 0x05, 0x43,
    0x59, 0x0E, 0xD3, 0xE7, 0x41, 0x5A, 0x39, 0xD0, 0x0F, 0x6A, 0xB0, 0xCF, 0xFA, 0x59, 0xAD, 0x23,
    0xD1, 0xF4, 0xD5, 0x20, 0x4A, 0x61, 0x3B, 0x74, 0xAD, 0x1D, 0xA8, 0xDE, 0x86, 0x83, 0x88, 0x71,
    0x8E, 0x75, 0x73, 0x9E, 0x22, 0x87, 0x6B, 0x3C, 0xC4, 0xBD, 0xEB, 0xA6, 0x93, 0x2E, 0x3A, 0xED,
    0x2A, 0xB7, 0x6C, 0x9A, 0x0E, 0xF7, 0x8B, 0x78, 0xD6, 0x9F, 0x68, 0x09, 0x48, 0x9A, 0x45, 0x78,
    0x8B, 0x0D, 0xF5, 0x1A, 0x44, 0x8E, 0x3D, 0x52, 0xE0, 0x71, 0x76, 0x4E, 0x0E, 0xC3, 0x92, 0x50,
    0x29, 0xDD, 0x60, 0x89, 0xBD, 0x7F, 0x9C, 0x31, 0x09, 0x12, 0xD4, 0xB0, 0xE5, 0x6A, 0xA8, 0x56,
    0x37, 0x42, 0xB5, 0xD4, 0x0D, 0x55, 0x6B, 0xC2, 0x24, 0xD7, 0x26, 0x65, 0x0E, 0xA3, 0x80, 0x37,
    0x7A, 0xE2, 0xB3, 0x51, 0x53, 0x08, 0x11, 0xA7, 0xB4, 0x06, 0xDF, 0x5A, 0xA3, 0x31, 0x54, 0x9C,
    0x93, 0x1B, 0x06, 0xBC, 0x12, 0x77, 0x68, 0xD3, 0x8B, 0x35, 0x2B, 0xEB, 0x50, 0x5C, 0xE8, 0x29,
    0x0F, 0xE5, 0x36, 0x5A, 0xC7, 0x4E, 0xB9, 0x2F, 0x0C, 0xB5, 0x51, 0xEA, 0xCC, 0xFD, 0x79, 0xEA,
    0xBD, 0x16, 0xFF, 0xE5, 0xC4, 0xF8, 0x82, 0x1C, 0xEE, 0x64, 0x71, 0x15, 0x30, 0x6F, 0x86, 0xE3,
    0x99, 0x61, 0x62, 0x3C, 0xA3, 0x3F, 0xF9, 0x0F, 0x43, 0x76, 0xC1, 0x68, 0x9D, 0x9F, 0xDA, 0x15,
    0x72, 0x95, 0xDD, 0x02, 0xBB, 0x45, 0x3E, 0x55, 0xE2, 0xB3, 0x11, 0xAA, 0x41, 0x87, 0x3E, 0x31,
    0x18, 0x42, 0x3F, 0xAB, 0x2B, 0xF0, 0xEE, 0x18, 0xF0, 0xB4, 0x12, 0xAF, 0x11, 0xA3, 0x93, 0x42,
    0x78, 0x0A, 0x2E, 0x9F, 0x26, 0x9D, 0x21, 0xF5, 0x3F, 0x89, 0x54, 0x24, 0x81, 0xEE, 0x23, 0x8C,
    0xEE, 0x68, 0x67, 0x88, 0xF8, 0x1C, 0x5A, 0x8D, 0x38, 0xF4, 0x37, 0x73, 0xAC, 0xA6, 0xA8, 0xA9,
    0xF9, 0x3B, 0x17, 0xCE, 0xAB, 0xC2, 0x8A, 0x68, 0x85, 0x99, 0xA5, 0x79, 0xAF, 0x60, 0xE9, 0xEA,
    0xB2, 0x05, 0xF8, 0x9F, 0xD5, 0x1A, 0x74, 0xAC, 0xCE, 0x0F, 0xDA, 0x3E, 0xE7, 0x71, 0xDF, 0x50,
    0xEF, 0x9F, 0x8C, 0x3E, 0xC9, 0xDE, 0x7B, 0x85, 0x4F, 0xB7, 0xF0, 0x00, 0x5F, 0xBA, 0xDD, 0xFA,
    0xBD, 0x71, 0x13, 0xE7, 0x83, 0xFF, 0x00, 0x93, 0xC8, 0x00, 0x1F, 0xDC, 0x6F, 0x99, 0x95, 0x3F,
    0xC1, 0xFC, 0x8E, 0xF3, 0xBE, 0x90, 0x87, 0xD7, 0x81, 0x96, 0xA7, 0x22, 0x30, 0xF0, 0x55, 0xAC,
    0xF9, 0xEC, 0xFC, 0x8C, 0x9F, 0x16, 0xDB, 0xF5, 0x13, 0xB0, 0x55, 0xC4, 0x06, 0x80, 0x3C, 0x29,
    0x6C, 0x1E, 0x83, 0xDC, 0xDE, 0xCF, 0xDE, 0x0F, 0xBA, 0x48, 0x4D, 0x8B, 0x70, 0xBD, 0xE6, 0x2D,
    0xBD, 0xE1, 0x5C, 0x73, 0x9C, 0xCA, 0x89, 0xA3, 0x79, 0x7A, 0x8F, 0xE6, 0xF8, 0xB3, 0x39, 0x20,
    0xBF, 0x63, 0xEB, 0x85, 0xD1, 0xE1, 0x3E, 0x0F, 0x33, 0x12, 0xF3, 0x4B, 0x13, 0xBD, 0xBD, 0xBC,
    0xEB, 0xEE, 0x22, 0xC3, 0x2A, 0x24, 0x47, 0x02, 0x58, 0x8A, 0xF6, 0x0A, 0xBF, 0x72, 0x95, 0x5B,
    0xCC, 0xF5, 0xE0, 0x4D, 0xCB, 0x8F, 0xDA, 0x5E, 0x2A, 0xD5, 0x62, 0x82, 0x0C, 0xA1, 0xB7, 0x14,
    0x05, 0xE0, 0xE8, 0xBD, 0xF0, 0x77, 0xF0, 0x91, 0xDD, 0xE0, 0xCF, 0xE0, 0x70, 0xEE, 0xFF, 0x93,
    0x7E, 0x8E, 0xA7, 0xD9, 0x7C, 0xA0, 0xC6, 0x03, 0x18, 0x2E, 0x89, 0xF2, 0xA4, 0x18, 0x15, 0x28,
    0x56, 0xE5, 0x1F, 0x71, 0xDB, 0xF9, 0x03, 0x00, 0xCA, 0x3E, 0x6D, 0x24, 0x5E, 0x99, 0xEF, 0x4D,
    0xA4, 0xA3, 0xF5, 0x87, 0xBE, 0x8E, 0xB2, 0x7B, 0x5E, 0x9E, 0xA8, 0xAE, 0x5B, 0xFC, 0x54, 0xE7,
    0x32, 0xF8, 0x63, 0xAE, 0xA4, 0xCA, 0xBF, 0x53, 0xB2, 0xA6, 0x7E, 0x40, 0xF8, 0x50, 0x7D, 0x4C,
    0x92, 0x26, 0x3C, 0x96, 0x6A, 0x73, 0x97, 0x0B, 0x72, 0xD2, 0xD3, 0x8A, 0xFE, 0x30, 0x1C, 0x46,
    0x6F, 0x9D, 0xB7, 0x5E, 0x01, 0xEC, 0x03, 0x62, 0x06, 0xD6, 0x1E, 0x8A, 0xB0, 0x04, 0xB9, 0x7A,
    0x7C, 0xAF, 0x2E, 0x1F, 0x02, 0x5D, 0x27, 0x4B, 0x23, 0xE2, 0x77, 0xB2, 0x09, 0xDE, 0xD8, 0x82,
    0x25, 0x56, 0x42, 0x05, 0xD2, 0x11, 0x50, 0x33, 0x30, 0x48, 0x7E, 0x6E, 0x80, 0xEF, 0x0B, 0xF0,
    0xDB, 0x4B, 0xB8, 0xED, 0x1E, 0x44, 0xDB, 0x45, 0xB4, 0xC3, 0xB8, 0x5D, 0x8C, 0xDF, 0x52, 0x75,
    0x61, 0xC6, 0xA3, 0x50, 0xFE, 0x57, 0xC2, 0xD5, 0xA6, 0x00, 0xC2, 0x92, 0x3D, 0xBA, 0x2A, 0x1E,
    0x6F, 0x71, 0xA2, 0xB5, 0x20, 0xB3, 0x4F, 0x1E, 0xF9, 0x3E, 0x0A, 0xB6, 0x17, 0xC5, 0x6C, 0x79,
    0x0D, 0x8A, 0xB0, 0xFE, 0xD2, 0xB8, 0x1F, 0x30, 0x08, 0x53, 0x3C, 0x11, 0xEF, 0xA0, 0x8E, 0xAE,
    0x50, 0x1E, 0x0E, 0x9A, 0xCC, 0x57, 0xD5, 0x36, 0x9C, 0xD4, 0x55, 0x36, 0xB4, 0xB3, 0xB9, 0xEC,
    0x42, 0x06, 0x9E, 0x4E, 0x10, 0x3F, 0xFB, 0x7C, 0x8C, 0xE4, 0xD9, 0x28, 0x14, 0x5B, 0xAD, 0x7C,
    0xB6, 0x3F, 0x69, 0xD9, 0x72, 0x8B, 0x25, 0xEC, 0x1F, 0x3F, 0x25, 0xF6, 0xF1, 0x52, 0xC9, 0xBB,
    0x03, 0xDD, 0x0A, 0x33, 0x24, 0x0B, 0xAD, 0x8E, 0x29, 0xEB, 0xC7, 0x10, 0xE9, 0xA1, 0xC7, 0x10,
    0x17, 0x06, 0xD3, 0xB3, 0x0F, 0xFA, 0x7A, 0x53, 0xC0, 0x70, 0x64, 0xDE, 0x3E, 0x71, 0x92, 0x17,
    0xAA, 0x9E, 0x7E, 0x56, 0x50, 0xC0, 0x79, 0x47, 0x79, 0xAF, 0x33, 0x1E, 0xA1, 0x4E, 0x03, 0x48,
    0xA2, 0x5C, 0x5E, 0x94, 0xCE, 0xD7, 0x05, 0x73, 0xEE, 0x51, 0x96, 0x7B, 0xE6, 0xE1, 0xD7, 0xFF,
    0x01, 0xBD, 0x56, 0x3D, 0x6F, 0xD4, 0x40, 0x10, 0x7D, 0xDE, 0x8D, 0xB0, 0xC0, 0x84, 0xA5, 0x40,
    0x4A, 0x13, 0xC5, 0x2D, 0x82, 0x80, 0x29, 0x53, 0xDC, 0x9D, 0xAD, 0xA4, 0xA4, 0x80, 0x9F, 0x90,
    0x1E, 0x89, 0xA4, 0xA0, 0x48, 0x11, 0x38, 0xA3, 0x94, 0x08, 0xC1, 0x3F, 0x21, 0x45, 0x90, 0x52,
    0xE4, 0x72, 0xAB, 0x34, 0x94, 0xF1, 0x1F, 0x40, 0x3A, 0x04, 0x3D, 0x8B, 0x74, 0x48, 0x8E, 0xE4,
    0xBB, 0xE5, 0x8D, 0x6D, 0x48, 0x22, 0x12, 0x84, 0x50, 0x88, 0x6F, 0x67, 0xCE, 0xB7, 0x1F, 0xB3,
    0xF3, 0x66, 0xDF, 0xCE, 0x1C, 0x80, 0x45, 0x00, 0x3D, 0xCA, 0x02, 0xD6, 0xCA, 0x79, 0x35, 0x8E,
    0x4B, 0x63, 0xB5, 0x4B, 0x10, 0x8C, 0xD9, 0x59, 0x0D, 0x28, 0x15, 0xB0, 0x7F, 0x52, 0xA4, 0xEF,
    0x05, 0x25, 0xE5, 0x1C, 0xCE, 0x1D, 0xE9, 0x71, 0x9C, 0xA3, 0x5F, 0xD2, 0x84, 0x69, 0x25, 0x82,
    0xF2, 0x0F, 0x61, 0x96, 0x2B, 0x1A, 0xAE, 0xB0, 0x87, 0x4D, 0x34, 0x6F, 0x69, 0x2B, 0x3D, 0xF6,
    0x3D, 0x47, 0x97, 0x6F, 0x66, 0xD9, 0x71, 0x6E, 0x0E, 0x79, 0x56, 0x45, 0x8D, 0x45, 0x89, 0x2D,
    0x3C, 0x13, 0xB5, 0x9D, 0x7A, 0xED, 0x8B, 0xB9, 0xEF, 0x78, 0x0A, 0xED, 0x30, 0x0B, 0x3D, 0xFA,
    0xA3, 0x72, 0xB8, 0x2E, 0x6A, 0x5E, 0xD4, 0x22, 0x54, 0x89, 0x0E, 0x30, 0x0D, 0x68, 0xB3, 0xEF,
    0x47, 0x74, 0x6B, 0x9A, 0x89, 0x4D, 0xD7, 0x6E, 0xB3, 0x23, 0xF6, 0xEF, 0xE4, 0x4F, 0x6C, 0xDF,
    0x0E, 0x33, 0x63, 0x4D, 0x66, 0x72, 0x83, 0xDF, 0xC4, 0xC6, 0x88, 0x8A, 0x21, 0x42, 0x7F, 0x58,
    0x04, 0x53, 0xE3, 0x70, 0x33, 0xE0, 0xB2, 0xCE, 0x82, 0x20, 0xDD, 0xA5, 0xD2, 0x0E, 0x27, 0x1F,
    0xBA, 0xD1, 0xF6, 0x85, 0xA2, 0x6E, 0x08, 0x92, 0xEB, 0x0C, 0x1A, 0x16, 0x19, 0x35, 0x2C, 0x49,
    0x9C, 0x1F, 0xA4, 0xB2, 0x6F, 0x42, 0x57, 0x46, 0xC6, 0x22, 0xF0, 0xDE, 0x42, 0xE5, 0x61, 0x01,
    0x9D, 0x71, 0x5D, 0x08, 0xE5, 0x18, 0x42, 0x7A, 0xEE, 0x5D, 0xE2, 0xC5, 0xDD, 0x59, 0x95, 0x47,
    0x8F, 0xA0, 0x27, 0x6D, 0x54, 0xC4, 0xF2, 0x14, 0x3D, 0x63, 0x37, 0xB5, 0xDD, 0xD3, 0x5C, 0x55,
    0x04, 0xC3, 0x22, 0xFE, 0x5C, 0x0C, 0x74, 0x51, 0xD6, 0x6D, 0x10, 0x8F, 0x92, 0x4F, 0x93, 0x6C,
    0x66, 0xA7, 0x73, 0xDF, 0xD1, 0x3E, 0x1F, 0x3F, 0x89, 0x0B, 0xC2, 0x3B, 0xE7, 0xE3, 0x69, 0x79,
    0x7B, 0xBE, 0xB3, 0x11, 0xBB, 0xA8, 0x9E, 0xAD, 0x6C, 0x6A, 0x13, 0x1B, 0x9E, 0xFA, 0x44, 0x45,
    0x5A, 0x21, 0x9B, 0xE1, 0x99, 0x90, 0x2C, 0x09, 0x81, 0x45, 0xC5, 0x31, 0xE4, 0xB5, 0x12, 0x64,
    0x4D, 0x2E, 0x4C, 0xF8, 0x37, 0xD6, 0x90, 0x2E, 0x85, 0xFE, 0x90, 0xC3, 0x03, 0x83, 0xD6, 0xA6,
    0xF2, 0x19, 0x99, 0x41, 0xCA, 0x90, 0x3B, 0xA4, 0x0B, 0x59, 0x53, 0xB7, 0x1E, 0x69, 0x43, 0xD6,
    0x70, 0x48, 0x38, 0x33, 0x03, 0xC6, 0x27, 0x5A, 0xA1, 0xD7, 0xEA, 0xAB, 0x2C, 0xAA, 0x4E, 0x1E,
    0xC4, 0x2F, 0xDE, 0x64, 0x17, 0xC6, 0x1B, 0x04, 0x76, 0x89, 0xAC, 0x21, 0xFC, 0x94, 0x7B, 0xC6,
    0x0D, 0x69, 0x83, 0x2C, 0xC0, 0xD0, 0xD2, 0x5D, 0x1B, 0x9F, 0xCD, 0x9F, 0x13, 0x1C, 0xD2, 0x3F,
    0x39, 0x64, 0xFC, 0xCF, 0xF8, 0xC5, 0x8A, 0xF6, 0x93, 0x15, 0xD7, 0xBE, 0xFD, 0x3F, 0xF7, 0x7D,
    0xC3, 0x53, 0x35, 0xDA, 0xE4, 0xA4, 0xAA, 0xFE, 0xFE, 0x27, 0xD7, 0xA1, 0x24, 0x16, 0x35, 0x55,
    0x84, 0xC2, 0x58, 0xBA, 0x4C, 0x10, 0x72, 0x75, 0x79, 0x3F, 0xA0, 0xB9, 0x7D, 0x78, 0x01, 0x60,
    0xCE, 0x62, 0xD0, 0xE5, 0x81, 0x11, 0x42, 0xDD, 0x06, 0xDE, 0xB7, 0x84, 0xBA, 0x76, 0x01, 0x80,
    0x54, 0x9D, 0x1F, 0xEC, 0xAF, 0xBC, 0xB4, 0x71, 0x99, 0x80, 0x24, 0x9F, 0xEE, 0x51, 0xBA, 0xB8,
    0x18, 0x30, 0x92, 0x69, 0xEF, 0xB1, 0x9C, 0x44, 0x34, 0xAA, 0xC7, 0xC7, 0x8E, 0x27, 0x3E, 0x57,
    0x47, 0x57, 0x9C, 0x29, 0xE0, 0x48, 0x41, 0xC7, 0x74, 0xFA, 0x78, 0xBF, 0x3D, 0xBC, 0x46, 0xD2,
    0x69, 0x85, 0xBB, 0x47, 0x03, 0x52, 0x25, 0xA5, 0x24, 0x99, 0x62, 0x22, 0x54, 0x4E, 0x1D, 0x91,
    0x3A, 0x4D, 0x4E, 0x65, 0x92, 0x5B, 0x07, 0xBE, 0xD1, 0xF1, 0x3E, 0x63, 0x95, 0x1C, 0x9B, 0x56,
    0xFE, 0x55, 0x6E, 0x0E, 0x7C, 0x16, 0xB3, 0x40, 0x24, 0x4C, 0xB8, 0x22, 0xF2, 0x6E, 0xB6, 0x1C,
    0xFD, 0xCA, 0xEB, 0xE2, 0x16, 0x8B, 0xF8, 0x12, 0x91, 0xF7, 0xB8, 0xC1, 0x4B, 0xD0, 0x81, 0x11,
    0x81, 0x48, 0x92, 0xED, 0xB1, 0x52, 0xBC, 0x65, 0x6D, 0x90, 0x6D, 0x8C, 0xDC, 0x72, 0x55, 0x7B,
    0xBE, 0x78, 0x2A, 0x37, 0x39, 0xED, 0x47, 0x73, 0xA5, 0x44, 0x7E, 0x22, 0xB1, 0x1D, 0x8A, 0x7A,
    0x67, 0xA9, 0xDE, 0x8C, 0xA8, 0xB6, 0xC6, 0x54, 0x2F, 0x2B, 0xAA, 0x7C, 0x28, 0x2A, 0x7D, 0x4D,
    0x65, 0x3E, 0x52, 0x71, 0xBA, 0xCE, 0x95, 0x28, 0x4C, 0xC0, 0x92, 0xD1, 0x95, 0xA4, 0x38, 0xDB,
    0x1C, 0xF3, 0x73, 0x34, 0x48, 0xC2, 0x5C, 0x78, 0x75, 0x8C, 0xE8, 0x60, 0x82, 0xF4, 0xD0, 0x23,
    0x2D, 0x63, 0x16, 0x19, 0x23, 0xC9, 0xFC, 0x0C, 0x61, 0x3F, 0xC7, 0xD2, 0x6A, 0x58, 0x62, 0xF8,
    0x25, 0x2A, 0x36, 0x63, 0x74, 0x12, 0x74, 0x18, 0xD9, 0x84, 0x98, 0x4B, 0x42, 0x2A, 0xC0, 0xA1,
    0x88, 0xA5, 0xA2, 0x7F, 0x0B, 0x49, 0x47, 0x5A, 0xAF, 0x17, 0x94, 0x51, 0x93, 0xC7, 0xBA, 0xF5,
    0x1F, 0x88, 0xFB, 0x35, 0xCA, 0x55, 0x72, 0x01, 0x5D, 0x93, 0xED, 0x46, 0x59, 0xC5, 0x33, 0xCF,
    0xC5, 0xC3, 0x90, 0x41, 0x4F, 0xEC, 0xDB, 0xC8, 0xBA, 0xD0, 0x8E, 0xE3, 0x6C, 0xAD, 0x6C, 0x32,
    0x91, 0x50, 0x29, 0x60, 0x93, 0xD2, 0x47, 0x1A, 0xF9, 0x72, 0xC3, 0xD8, 0x8D, 0x1D, 0x63, 0x97,
    0xB6, 0x8D, 0x65, 0x30, 0x89, 0xE1, 0x6F, 0x24, 0x2E, 0x58, 0x43, 0xA7, 0x6D, 0x65, 0xB4, 0x4D,
    0x6A, 0x92, 0xFC, 0xC0, 0x18, 0xE1, 0x6A, 0x9D, 0xAE, 0xF8, 0x8B, 0x03, 0xEC, 0xE7, 0x81, 0x99,
    0xFC, 0x9C, 0xC6, 0x09, 0x07, 0x50, 0x8D, 0x9D, 0x71, 0x5D, 0x6B, 0x19, 0xD4, 0x75, 0x89, 0xE4,
    0x0F, 0x4D, 0x8D, 0x21, 0x0E, 0xC2, 0x30, 0x18, 0x46, 0x3F, 0xB2, 0x84, 0x89, 0x86, 0xD4, 0x20,
    0x49, 0x6A, 0x11, 0xDD, 0x8A, 0x98, 0x40, 0x74, 0xEB, 0x55, 0x38, 0xC2, 0x44, 0x05, 0x66, 0xC9,
    0x7F, 0x04, 0x8E, 0xB0, 0x23, 0x4C, 0x4C, 0x4C, 0xC1, 0x7F, 0x04, 0x8E, 0xD0, 0x23, 0x14, 0xDF,
    0x64, 0x74, 0x0A, 0x9E, 0xF8, 0x92, 0x4F, 0xBC, 0x3C, 0x8B, 0x0E, 0x0A, 0x05, 0x83, 0x0B, 0x16,
    0xAC, 0x60, 0xD1, 0xE7, 0x27, 0x42, 0xBD, 0x5C, 0xF5, 0x63, 0x2F, 0x89, 0xCD, 0x87, 0x9B, 0x95,
    0x2E, 0x06, 0x2E, 0xB9, 0x04, 0x04, 0xB1, 0xD4, 0x2E, 0xC9, 0x38, 0xAC, 0x43, 0x27, 0xD8, 0x49,
    0xCE, 0xEB, 0x9F, 0x4A, 0x68, 0x18, 0x9A, 0xC2, 0x38, 0x4E, 0xC1, 0x90, 0xAC, 0x4C, 0x6B, 0xEF,
    0x3E, 0x8E, 0x8C, 0x4C, 0x7F, 0xB0, 0x56, 0xC6, 0xF2, 0x6D, 0xDB, 0x4A, 0x7B, 0xFA, 0xF7, 0xDA,
    0xAE, 0xD6, 0xB7, 0x23, 0xCE, 0x30, 0x39, 0x59, 0xD2, 0x0B, 0x3B, 0x9C, 0xD0, 0x60, 0xC6, 0x02,
    0x47, 0x71, 0xE3, 0xD7, 0xDB, 0xEA, 0x5F, 0xBD, 0x5A, 0x3D, 0x6F, 0xDC, 0x58, 0x96, 0xBD, 0xE4,
    0xEB, 0x15, 0xA7, 0x87, 0xB6, 0xD9, 0x41, 0x07, 0x83, 0x91, 0xDA, 0x9C, 0x60, 0x82, 0x09, 0xD4,
    0x66, 0x07, 0x06, 0x56, 0x81, 0xAA, 0xC8, 0xF6, 0x1F, 0x18, 0xFF, 0x83, 0xED, 0x60, 0x73, 0x29,
    0x50, 0xE0, 0x40, 0x52, 0x71, 0xEC, 0x70, 0x83, 0xED, 0x7F, 0x30, 0xF3, 0x0F, 0xB6, 0x16, 0x30,
    0xB0, 0x0E, 0x28, 0x15, 0x67, 0x1C, 0x2E, 0xB0, 0x4B, 0x60, 0x0D, 0x4C, 0xD8, 0x1C, 0x8C, 0x80,
    0xDD, 0xF0, 0x2D, 0x9A, 0x01, 0x0D, 0xB0, 0xEA, 0xED, 0x39, 0x97, 0xAC, 0x52, 0x95, 0x2C, 0xBB,
    0xE5, 0x95, 0x3C, 0x2A, 0xDE, 0xCB, 0x2A, 0xF2, 0xBD, 0xC7, 0xF7, 0x71, 0xEF, 0xB9, 0xE7, 0x5D,
    0x4A, 0x1A, 0x11, 0x99, 0x43, 0xE2, 0x4C, 0xC4, 0x2F, 0x65, 0xF9, 0xE7, 0x9C, 0xCB, 0xA3, 0x32,
    0x80, 0x98, 0x32, 0x2A, 0xBD, 0x2C, 0x2A, 0x0F, 0xA5, 0x97, 0xA9, 0x44, 0xCE, 0xF6, 0x67, 0xFD,
    0x2D, 0x10, 0x0F, 0xE5, 0xFC, 0xB2, 0x17, 0x53, 0xA2, 0x6E, 0xE9, 0xD7, 0x23, 0x31, 0xF6, 0x54,
    0x78, 0xBE, 0xAB, 0x36, 0x53, 0xE7, 0x1A, 0xD9, 0x8F, 0xF3, 0x97, 0xF2, 0x2C, 0xCE, 0x9F, 0xC9,
    0x51, 0x9C, 0x3F, 0x46, 0xC1, 0x5C, 0x96, 0xCA, 0xB5, 0xFC, 0x36, 0xA1, 0xC2, 0x05, 0xA8, 0x12,
    0x2A, 0x1C, 0x54, 0xCC, 0x9F, 0xAA, 0x0E, 0xF2, 0x38, 0x33, 0x8E, 0xE5, 0xC4, 0xA0, 0x86, 0xF8,
    0x18, 0xB9, 0x58, 0xFC, 0xB0, 0x7D, 0x43, 0xBF, 0x91, 0xF5, 0x1E, 0xA3, 0x27, 0x11, 0x24, 0xCC,
    0x7A, 0x31, 0x43, 0xEF, 0x7E, 0x42, 0x2A, 0xD4, 0xE5, 0xAC, 0x1E, 0x2C, 0x32, 0xD3, 0x04, 0x65,
    0x94, 0x99, 0x32, 0x11, 0x2F, 0x1F, 0x49, 0x2D, 0x05, 0xA4, 0x83, 0x38, 0xD7, 0x9F, 0x3B, 0xBD,
    0x26, 0x72, 0x22, 0x5E, 0x95, 0x8A, 0x5F, 0x45, 0xB9, 0x5F, 0x99, 0x26, 0xAC, 0xE4, 0xC0, 0x65,
    0x32, 0xBB, 0x08, 0xAB, 0xE3, 0x58, 0xF6, 0x13, 0xD9, 0x4F, 0x45, 0x12, 0x8C, 0xAA, 0x95, 0xC0,
    0x55, 0x32, 0x6B, 0x25, 0x44, 0xFB, 0x93, 0x2F, 0x25, 0xD9, 0xE7, 0x31, 0x1E, 0x7B, 0x6D, 0xE8,
    0x2A, 0x37, 0x8F, 0x2B, 0xF4, 0xF7, 0x3D, 0x1F, 0x37, 0x1F, 0x45, 0x92, 0x26, 0x39, 0x74, 0xFF,
    0x97, 0xBA, 0x2C, 0x68, 0x38, 0xEE, 0x9B, 0x1C, 0x28, 0x1C, 0xB9, 0xDA, 0x3B, 0x67, 0x4F, 0xAF,
    0x1E, 0xA3, 0x77, 0x8E, 0x7D, 0x91, 0x63, 0x1E, 0xE3, 0x57, 0x32, 0x43, 0xDD, 0x5C, 0xE7, 0x12,
    0x13, 0xFD, 0x80, 0xB3, 0x2C, 0xF7, 0xD7, 0xF4, 0x3D, 0xD5, 0x3B, 0x83, 0xE6, 0x1A, 0xEE, 0x1A,
    0x8B, 0x91, 0xEE, 0x1B, 0x1B, 0x54, 0xB2, 0x67, 0x2C, 0xEE, 0x3C, 0x56, 0x3D, 0x55, 0x6D, 0xA9,
    0x4F, 0x2B, 0x63, 0xC3, 0xCA, 0x95, 0xC6, 0x1E, 0x64, 0xA7, 0xE8, 0x5A, 0x8B, 0xE9, 0x8E, 0x30,
    0x2F, 0x71, 0xE5, 0xCD, 0x33, 0x2E, 0x41, 0x27, 0xEF, 0xD7, 0xAE, 0x37, 0x44, 0xE9, 0xB6, 0x1A,
    0xBD, 0xD2, 0xA9, 0x3E, 0x55, 0x3D, 0x56, 0x7D, 0x72, 0x79, 0x3D, 0xB0, 0xAE, 0x43, 0x8D, 0x7C,
    0x42, 0xE3, 0x7B, 0x45, 0xE3, 0x7B, 0x49, 0xE3, 0x9B, 0x7E, 0xC8, 0xF8, 0xB2, 0x0D, 0x0B, 0x8C,
    0x36, 0x8C, 0xAF, 0x8A, 0x2B, 0xE3, 0x3A, 0x96, 0xC6, 0x14, 0xB1, 0x3B, 0xA6, 0x16, 0xF9, 0xF9,
    0x9A, 0xC9, 0xCD, 0xBD, 0xE6, 0xE0, 0xC2, 0xE0, 0xD9, 0x11, 0x7A, 0xF7, 0x15, 0xFA, 0xBC, 0xDF,
    0x3B, 0xC5, 0x1F, 0x2B, 0x3C, 0x04, 0x8D, 0xFE, 0xB1, 0xC1, 0xEF, 0x63, 0xC8, 0x18, 0x92, 0x40,
    0x62, 0x98, 0x65, 0x94, 0x63, 0xE1, 0xB1, 0xFC, 0x66, 0x21, 0xBA, 0xB8, 0x34, 0x42, 0xF1, 0x39,
    0xA5, 0xEB, 0xE6, 0xCC, 0xD6, 0x03, 0x67, 0x31, 0x49, 0x13, 0xD4, 0x91, 0x53, 0x16, 0x43, 0x85,
    0x92, 0xB5, 0xCA, 0x88, 0xED, 0xED, 0x52, 0x1D, 0x8D, 0xF9, 0x34, 0xA8, 0xD7, 0x39, 0xD4, 0x7F,
    0x08, 0x54, 0x47, 0x65, 0xA9, 0xCA, 0x5E, 0x4D, 0xFA, 0xA6, 0x64, 0x64, 0xF0, 0xA4, 0x31, 0xC7,
    0xA0, 0xDF, 0xC2, 0xC5, 0xC6, 0xD3, 0x3A, 0xF8, 0x59, 0xFC, 0xC6, 0x3B, 0x13, 0x98, 0xF3, 0x94,
    0x46, 0x54, 0x43, 0x79, 0xA5, 0x78, 0x2D, 0x0B, 0x77, 0x06, 0x06, 0x71, 0x12, 0xD2, 0x10, 0xEF,
    0x43, 0x25, 0xBB, 0xEC, 0xF8, 0x4B, 0xA8, 0x90, 0x1D, 0x67, 0x9B, 0xC2, 0x62, 0x62, 0x30, 0xC1,
    0xE6, 0xBF, 0x79, 0x9D, 0x2E, 0x65, 0x1A, 0x1D, 0x47, 0xE4, 0x4A, 0xB4, 0x3C, 0xEF, 0xD7, 0xF4,
    0x36, 0x8A, 0xD6, 0x50, 0xF6, 0x73, 0xE5, 0xD7, 0x4B, 0xE5, 0x6D, 0xAA, 0xBE, 0x2F, 0x2C, 0x12,
    0x50, 0x3D, 0x20, 0x6C, 0xDC, 0xC3, 0xDA, 0xC9, 0xEE, 0x19, 0xD4, 0xDE, 0x18, 0xEA, 0x1B, 0xF8,
    0xA7, 0x4C, 0x13, 0x8C, 0xA8, 0x46, 0xB3, 0x9E, 0xB6, 0x99, 0xC3, 0x80, 0x4D, 0x86, 0x7A, 0x01,
    0xDB, 0x8F, 0xC4, 0x87, 0x99, 0xDA, 0xC4, 0x65, 0x74, 0x85, 0x4B, 0x48, 0x09, 0x20, 0xDE, 0x25,
    0x74, 0xC0, 0x34, 0xA2, 0xF2, 0x80, 0xF7, 0x08, 0x7C, 0x68, 0xCC, 0xD8, 0xFE, 0xCC, 0xDF, 0x13,
    0xD4, 0x45, 0x23, 0x5A, 0x66, 0xC2, 0x45, 0xCB, 0xD7, 0x1C, 0x1C, 0x75, 0xB0, 0xA4, 0x8E, 0xF6,
    0x31, 0xB9, 0xAE, 0x7E, 0x75, 0x59, 0xFF, 0x96, 0xB0, 0xC6, 0x06, 0x24, 0x52, 0xC0, 0x5C, 0x29,
    0xF5, 0xEC, 0xAF, 0xA8, 0x76, 0xA9, 0xF6, 0xA9, 0xF6, 0xA8, 0x8E, 0xA8, 0xE8, 0xB9, 0x52, 0x13,
    0x49, 0x4A, 0xCE, 0x47, 0x6E, 0x38, 0x1F, 0x50, 0xEA, 0x8B, 0x58, 0xD1, 0xB0, 0x57, 0x76, 0x50,
    0x01, 0x95, 0xC9, 0x6F, 0x1B, 0x31, 0xC6, 0x30, 0x41, 0xDF, 0xA6, 0xF9, 0xC1, 0x45, 0xD8, 0xA4,
    0x44, 0x46, 0xC0, 0x07, 0x1D, 0x4A, 0x8E, 0xA2, 0x72, 0x0F, 0x7D, 0x8C, 0x4A, 0xF6, 0x3E, 0x7A,
    0x8D, 0xEA, 0x81, 0xC2, 0x53, 0x1A, 0xFD, 0x09, 0x57, 0x8A, 0xA8, 0xC4, 0xE2, 0xB6, 0x74, 0x33,
    0xDF, 0xD2, 0xD1, 0x38, 0x85, 0xA9, 0x70, 0x12, 0x13, 0xD9, 0x86, 0x07, 0x47, 0xDF, 0xBB, 0xDC,
    0x75, 0x41, 0x17, 0x02, 0xC3, 0xE3, 0xEC, 0x4C, 0x62, 0x49, 0xE5, 0x81, 0x86, 0xD0, 0x98, 0xD6,
    0x0C, 0xAB, 0x81, 0x85, 0xA4, 0x34, 0x1A, 0xDA, 0x07, 0x8D, 0x22, 0xCA, 0x3F, 0x43, 0x0F, 0x47,
    0x38, 0x8F, 0x71, 0x3F, 0x86, 0xE1, 0xFA, 0xA8, 0x7B, 0xE7, 0xEE, 0xB8, 0x4F, 0x87, 0x39, 0x86,
    0xD9, 0xC9, 0x28, 0x78, 0xD7, 0x1D, 0xEF, 0xF8, 0x69, 0xB7, 0x86, 0x2A, 0x0D, 0x09, 0x6A, 0x37,
    0xF7, 0x57, 0x4A, 0xC3, 0xC1, 0xCE, 0x4A, 0x5D, 0xB1, 0xA5, 0xC7, 0x54, 0xD3, 0xA5, 0x41, 0x31,
    0x0A, 0x88, 0x2B, 0xB7, 0xDF, 0x0A, 0x63, 0x40, 0x96, 0xE2, 0xB2, 0xAB, 0x83, 0x56, 0x3C, 0x44,
    0xDD, 0x4E, 0x78, 0xCC, 0x55, 0xCF, 0x24, 0x2C, 0xC4, 0xFC, 0x8B, 0x3C, 0x80, 0xFE, 0xE7, 0x7C,
    0x07, 0xFA, 0x9F, 0xCA, 0x7D, 0xE8, 0x17, 0xD5, 0x63, 0x6A, 0x3B, 0x85, 0xFE, 0x5D, 0x53, 0x43,
    0xE7, 0xF3, 0x92, 0x7A, 0xA6, 0x3A, 0xCD, 0x0A, 0x09, 0xB0, 0xEE, 0x67, 0x92, 0xB6, 0x0F, 0xB1,
    0xD4, 0x6E, 0x0E, 0x05, 0x1F, 0x38, 0xE7, 0x1C, 0x9C, 0x5C, 0xAF, 0x9C, 0x9B, 0x7F, 0xE0, 0x2E,
    0x55, 0xCC, 0x06, 0xB4, 0x29, 0x39, 0x68, 0xC5, 0x6F, 0x18, 0x16, 0x4C, 0x0D, 0x76, 0xD0, 0x00,
    0x46, 0x3A, 0xD8, 0x4B, 0x07, 0xDB, 0x3B, 0x5F, 0x17, 0x5E, 0x3B, 0x85, 0xA4, 0x28, 0xC3, 0xB2,
    0x06, 0x75, 0x64, 0xA2, 0x6E, 0xEC, 0x60, 0xD4, 0x72, 0x17, 0x20, 0xC8, 0xE8, 0xE9, 0x7A, 0xE8,
    0x90, 0x1E, 0x4E, 0x08, 0x1F, 0x84, 0x8C, 0x70, 0x80, 0x97, 0xC9, 0x00, 0x2D, 0xEF, 0xC2, 0x42,
    0xFC, 0x66, 0x80, 0x85, 0xC4, 0xE5, 0xFE, 0xDB, 0x00, 0x53, 0xE4, 0xD5, 0x49, 0xE6, 0xD5, 0xF0,
    0x83, 0xA7, 0xE7, 0x03, 0xBD, 0xEC, 0xD6, 0xE4, 0xAC, 0xF7, 0x91, 0xA7, 0xF0, 0x0B, 0xF8, 0x95,
    0x58, 0xBF, 0xDD, 0xB2, 0xAC, 0x8B, 0x10, 0xDB, 0x3E, 0x8B, 0xCA, 0x67, 0x2F, 0xE1, 0x9C, 0xD3,
    0xDE, 0x98, 0xE4, 0x46, 0x82, 0x29, 0xF5, 0xDC, 0xE2, 0x13, 0x86, 0x1B, 0xF6, 0x0E, 0x9A, 0x5F,
    0x67, 0x58, 0xB7, 0xB0, 0x6E, 0xCE, 0xE1, 0xED, 0x4D, 0x94, 0xA7, 0xD2, 0x84, 0xB0, 0xEE, 0x26,
    0xA8, 0x4E, 0xA0, 0x6A, 0xFD, 0xA6, 0xD7, 0x70, 0x37, 0xCE, 0xC3, 0x0B, 0x94, 0xD3, 0x1A, 0x7D,
    0x5D, 0xA2, 0x02, 0x9A, 0x2A, 0x65, 0xB6, 0x88, 0x17, 0xDB, 0xCD, 0xD6, 0x1B, 0xD3, 0xE0, 0x61,
    0x1D, 0xBA, 0x74, 0xBE, 0x83, 0x5E, 0x01, 0x91, 0x22, 0x02, 0x60, 0xDD, 0x87, 0x99, 0x88, 0x54,
    0x08, 0x5D, 0x38, 0xC4, 0x5C, 0xD5, 0x49, 0x4E, 0x54, 0x0B, 0x33, 0xD0, 0x11, 0x8B, 0x79, 0xBA,
    0xDB, 0xF0, 0xA7, 0x43, 0xAF, 0x18, 0xFB, 0x56, 0xCA, 0xA3, 0x92, 0x7C, 0xB6, 0x48, 0x5D, 0x1E,
    0xD6, 0x5B, 0x60, 0x9D, 0x95, 0xDF, 0x5C, 0x55, 0xA6, 0x86, 0xF2, 0x5B, 0x28, 0x99, 0x38, 0x0E,
    0xD0, 0x7F, 0x9F, 0xDA, 0x7A, 0xAB, 0x74, 0x13, 0xA0, 0x39, 0x41, 0x8B, 0x58, 0xB0, 0xED, 0x8B,
    0x80, 0xC6, 0x14, 0x30, 0x24, 0xE0, 0x54, 0xDD, 0xE5, 0xA9, 0x1E, 0xE2, 0x0A, 0x82, 0xD4, 0xDF,
    0xF8, 0x79, 0x99, 0xE2, 0x6C, 0xB4, 0x71, 0x0A, 0x37, 0x4E, 0x3E, 0x66, 0x0A, 0x3E, 0x00, 0x22,
    0x29, 0x24, 0x92, 0x42, 0x22, 0x29, 0x9B, 0x44, 0xB2, 0xE6, 0xB7, 0x73, 0xAA, 0x38, 0x5B, 0xE3,
    0x90, 0xEB, 0x44, 0x12, 0x37, 0x62, 0x14, 0xF1, 0xB9, 0x74, 0x30, 0xFC, 0xD8, 0x95, 0x74, 0x03,
    0x5D, 0xD1, 0xEB, 0x35, 0x56, 0xA7, 0x53, 0xDF, 0xEE, 0x94, 0x34, 0xA8, 0x2E, 0xA9, 0xC3, 0x35,
    0xDD, 0x5F, 0xE9, 0xEF, 0xCE, 0xD4, 0x34, 0x1A, 0xB4, 0x8C, 0xF6, 0xAF, 0x77, 0x3C, 0x25, 0x21,
    0xC9, 0x55, 0xA2, 0xF1, 0x0E, 0x59, 0xA1, 0xEB, 0xD0, 0x44, 0xC0, 0x15, 0xE5, 0xA9, 0x24, 0x22,
    0xD8, 0xE1, 0x08, 0x61, 0xAB, 0xC6, 0xAE, 0x8C, 0x34, 0x89, 0xE7, 0xAA, 0x6F, 0xB5, 0xC6, 0x28,
    0x01, 0x05, 0x28, 0x7B, 0x22, 0x6F, 0x51, 0xE7, 0x00, 0x75, 0x31, 0x5D, 0xC0, 0xBA, 0x7F, 0x80,
    0xAF, 0x24, 0xB2, 0xC4, 0xA5, 0x64, 0x88, 0xC8, 0x7E, 0x43, 0xCA, 0xE3, 0x21, 0x52, 0x13, 0x23,
    0x23, 0x82, 0x50, 0x37, 0x7C, 0x1F, 0x74, 0x7F, 0xB7, 0x2F, 0xD9, 0xD7, 0x62, 0x0B, 0xDA, 0x5A,
    0xD6, 0xB7, 0x8C, 0x05, 0x99, 0x9B, 0x36, 0x04, 0xD6, 0x85, 0x4B, 0xD4, 0xD3, 0xEF, 0x3E, 0xAE,
    0xA9, 0xB3, 0x9E, 0xE0, 0x0C, 0x8F, 0xF6, 0x6D, 0x88, 0x91, 0x41, 0x78, 0x1F, 0x1F, 0xAC, 0xC2,
    0x1B, 0xC7, 0x40, 0xB8, 0xE0, 0xA6, 0xE1, 0xD8, 0x94, 0x05, 0x5C, 0xC8, 0x54, 0xDE, 0xAC, 0x8A,
    0xFF, 0x5A, 0x9D, 0x99, 0xAA, 0xD5, 0xE3, 0x2C, 0xAE, 0x93, 0xBF, 0xCC, 0x75, 0xE9, 0xEF, 0xCB,
    0x2F, 0x3B, 0x9F, 0x9B, 0x89, 0xEF, 0x01, 0x7C, 0xE0, 0x20, 0xDF, 0x88, 0xFC, 0xAB, 0xCB, 0xFF,
    0xED, 0xB9, 0x3D, 0x97, 0x02, 0x5B, 0x0E, 0x44, 0xD9, 0x42, 0x8F, 0x63, 0x19, 0xED, 0xCB, 0xF1,
    0x23, 0xF0, 0x8F, 0xE7, 0xD6, 0x27, 0x59, 0xAC, 0x62, 0xAF, 0x89, 0xA5, 0xE5, 0xE1, 0x5B, 0xAC,
    0x88, 0xFE, 0xC4, 0xAE, 0xF0, 0x84, 0xDA, 0x6B, 0x1D, 0x91, 0xBB, 0x8E, 0xB3, 0x3A, 0x16, 0xAB,
    0xC7, 0x17, 0xB1, 0xF2, 0x90, 0xD5, 0x81, 0xCD, 0x14, 0xA8, 0x81, 0x41, 0x39, 0x39, 0x44, 0x8C,
    0xA1, 0x4C, 0x21, 0x16, 0x02, 0xC4, 0xF2, 0x80, 0x5F, 0x3E, 0x39, 0x0E, 0xE2, 0x7D, 0x98, 0x21,
    0x52, 0x23, 0xC6, 0xCF, 0xD0, 0xE0, 0x4B, 0x50, 0xDF, 0x29, 0x4A, 0x2C, 0x05, 0x5D, 0x89, 0x9E,
    0x63, 0x37, 0x6F, 0x0B, 0x69, 0x5B, 0xC1, 0x53, 0xA1, 0x09, 0xE7, 0xD8, 0xBB, 0x8E, 0xE5, 0xB3,
    0x38, 0x9F, 0xFA, 0x2E, 0x1F, 0x07, 0xEE, 0xB9, 0x4D, 0x9F, 0x2F, 0x82, 0x26, 0x2D, 0x0B, 0x60,
    0x59, 0x5D, 0x00, 0xD7, 0x8E, 0x8A, 0x3D, 0xA2, 0x1E, 0x63, 0x76, 0x31, 0xC2, 0x0C, 0x15, 0x11,
    0xA2, 0x6A, 0xC1, 0x4D, 0x79, 0x81, 0x59, 0xFC, 0x76, 0x6E, 0xAA, 0x05, 0xAA, 0x81, 0x4B, 0x65,
    0x8F, 0x82, 0x6A, 0xD7, 0xB7, 0x3B, 0x1E, 0x08, 0x62, 0x25, 0x60, 0x98, 0xD0, 0xBE, 0xDD, 0xF3,
    0xEC, 0xC8, 0xB7, 0xB8, 0x05, 0x32, 0x03, 0xCE, 0x61, 0x93, 0x0C, 0x33, 0x4F, 0x1F, 0x90, 0x49,
    0x16, 0x7B, 0x3F, 0x64, 0xB1, 0xF9, 0x6D, 0x16, 0xDF, 0x8F, 0xB2, 0x78, 0x0F, 0x52, 0x43, 0xB0,
    0xF5, 0x82, 0x55, 0xE6, 0x2C, 0x2B, 0xF9, 0xAF, 0x01, 0x52, 0x88, 0xE5, 0x35, 0x98, 0x5C, 0x85,
    0x39, 0x9F, 0xD5, 0x97, 0x6C, 0xE8, 0x23, 0xDB, 0x42, 0x69, 0x99, 0x54, 0x28, 0x87, 0x9E, 0xC5,
    0x08, 0x2A, 0x71, 0x90, 0xC3, 0xF1, 0x30, 0xC1, 0x20, 0x5A, 0x31, 0xBA, 0x8C, 0xA9, 0x87, 0xC0,
    0xDE, 0xF3, 0x33, 0xB4, 0x9D, 0xE6, 0x3E, 0xE7, 0x7B, 0x0F, 0xD8, 0xBD, 0x94, 0xC7, 0x69, 0xBF,
    0x4B, 0x20, 0x9E, 0x4F, 0x89, 0xE9, 0xA9, 0x9C, 0xC2, 0x32, 0x67, 0xF9, 0x24, 0x3B, 0x05, 0x19,
    0x74, 0xA5, 0xE7, 0xF2, 0xA4, 0x02, 0x65, 0x89, 0xAD, 0x29, 0xE4, 0x2B, 0xFB, 0xF3, 0x42, 0x76,
    0xDA, 0x7B, 0x50, 0xC7, 0xBB, 0x50, 0x63, 0x50, 0x95, 0x9D, 0xE4, 0x10, 0x2A, 0xC2, 0x80, 0x76,
    0x30, 0x79, 0xF2, 0xB5, 0xC9, 0x0B, 0xD0, 0x9F, 0xC0, 0xE5, 0xFD, 0x58, 0x30, 0x1A, 0x59, 0xFB,
    0x00, 0xFE, 0xE2, 0x2B, 0x9F, 0x04, 0xA3, 0x61, 0x59, 0xAE, 0xE5, 0x13, 0xAC, 0x7F, 0x57, 0xC8,
    0x31, 0xEC, 0xAE, 0x93, 0x54, 0x0F, 0x58, 0xDF, 0xC9, 0x08, 0x5E, 0xF3, 0x04, 0x05, 0xC8, 0xBD,
    0x61, 0x54, 0x09, 0x6B, 0x7D, 0x50, 0xD0, 0xA6, 0xB8, 0xFF, 0x75, 0x75, 0xF8, 0xEF, 0x2D, 0x78,
    0x52, 0x82, 0x45, 0x03, 0x24, 0xE2, 0x63, 0xC8, 0x54, 0x36, 0x04, 0xD7, 0x70, 0x8F, 0x7E, 0x6C,
    0x7E, 0x68, 0x35, 0xD6, 0x52, 0x82, 0x41, 0x18, 0xF6, 0x52, 0x78, 0x4A, 0x6F, 0x67, 0x63, 0x0F,
    0x76, 0xD6, 0x90, 0x85, 0xEB, 0xB1, 0xB4, 0xB3, 0x2F, 0x7B, 0x3B, 0x43, 0x04, 0xCC, 0x9F, 0x25,
    0x26, 0x3F, 0xEC, 0xA5, 0x24, 0xAC, 0x5C, 0x2B, 0x29, 0xDB, 0x03, 0x3A, 0x37, 0x0E, 0x48, 0xF5,
    0x10, 0xE8, 0xB2, 0x23, 0x21, 0x98, 0x7F, 0x50, 0x3D, 0x06, 0x16, 0x4C, 0x61, 0x5D, 0x78, 0xE8,
    0x5B, 0x3C, 0xFC, 0x1C, 0x92, 0x66, 0x5A, 0x5E, 0x1E, 0x72, 0x73, 0xC7, 0xBD, 0x1D, 0x04, 0x7B,
    0xFC, 0x82, 0xAC, 0x12, 0xB7, 0x27, 0x6A, 0x35, 0xFF, 0x48, 0x28, 0x67, 0x18, 0xDF, 0x52, 0x5E,
    0xB0, 0xA1, 0x3C, 0xC2, 0x5D, 0x58, 0xB5, 0x9C, 0x97, 0x9E, 0x16, 0x98, 0x6A, 0x04, 0x55, 0x5F,
    0x51, 0x7A, 0x43, 0x8B, 0x68, 0x61, 0xAD, 0x76, 0xA5, 0xA9, 0x81, 0x2F, 0xBC, 0xD5, 0x80, 0x90,
    0xCB, 0xCC, 0xC2, 0xEB, 0x41, 0x31, 0x4C, 0x7D, 0xD4, 0xF7, 0x99, 0x1D, 0x62, 0x5F, 0xD9, 0xE7,
    0x19, 0x08, 0xCE, 0x6B, 0x30, 0x9D, 0x27, 0x08, 0x70, 0xE0, 0x5A, 0xEE, 0xCF, 0xC0, 0x6C, 0xAC,
    0x47, 0x02, 0xFE, 0xCA, 0x7D, 0xC9, 0xFB, 0xD7, 0x0E, 0xF7, 0xB2, 0x94, 0x91, 0xCB, 0xF6, 0x09,
    0xB0, 0x95, 0x3C, 0x75, 0x3F, 0x72, 0xBE, 0xC0, 0x71, 0xE4, 0x78, 0x25, 0x11, 0x8C, 0xCD, 0x30,
    0x76, 0x31, 0xB1, 0xB3, 0x12, 0xA0, 0xAC, 0xC1, 0xF3, 0x7E, 0x74, 0xBF, 0x5F, 0x24, 0xDF, 0x9E,
    0x05, 0x00, 0xA6, 0xC2, 0x00, 0x82, 0x0A, 0xFF, 0x83, 0xCA, 0xF4, 0x8A, 0x21, 0x73, 0x7E, 0x8B,
    0xBA, 0x4E, 0xC3, 0xEC, 0xA6, 0xFA, 0xBB, 0x14, 0x31, 0x71, 0x0F, 0x6B, 0x7F, 0x04, 0x39, 0x84,
    0xFC, 0x2A, 0x19, 0xF8, 0x5B, 0xE2, 0x33, 0xB4, 0xC0, 0x41, 0x61, 0x4A, 0x7A, 0xF6, 0x2D, 0xA6,
    0x1E, 0xBE, 0x83, 0x01, 0x00, 0x22, 0x39, 0x5A, 0x1D, 0xEA, 0x4A, 0xB9, 0x1C, 0xEA, 0x89, 0xE5,
    0xCF, 0x8E, 0xAA, 0x58, 0x7E, 0x7B, 0x62, 0x4F, 0x30, 0x6D, 0x2F, 0x30, 0x6E, 0x4B, 0x70, 0xBD,
    0xC4, 0x5A, 0x40, 0xF5, 0x13, 0x0E, 0x63, 0x38, 0x9E, 0x34, 0x68, 0x3F, 0x01, 0x58, 0xC6, 0x99,
    0x35, 0xE5, 0x1F, 0x40, 0x31, 0x7D, 0xCB, 0x5D, 0x9A, 0xCF, 0x63, 0x6A, 0xEA, 0x26, 0x28, 0x5F,
    0xC5, 0x59, 0xCC, 0xAC, 0x40, 0x4C, 0xE0, 0x40, 0x39, 0x20, 0x7C, 0x50, 0xC6, 0xA6, 0x32, 0x35,
    0x70, 0xC5, 0x10, 0xED, 0x31, 0x68, 0x06, 0x9F, 0xFE, 0xA7, 0xDE, 0x60, 0x91, 0x24, 0x47, 0x4D,
    0xAD, 0xE6, 0x6B, 0x32, 0x01, 0x31, 0x1B, 0x4E, 0x42, 0xFC, 0x89, 0x32, 0x35, 0x42, 0xF1, 0x66,
    0x10, 0x0B, 0x3F, 0xC3, 0x77, 0x8D, 0xEF, 0x59, 0x27, 0x0B, 0x80, 0x2C, 0x18, 0x27, 0x02, 0x15,
    0x00, 0x8B, 0xEB, 0x77, 0x6F, 0x00, 0xC3, 0x9B, 0x80, 0x7B, 0xF4, 0xA4, 0x8E, 0x5F, 0x5B, 0xE8,
    0x15, 0x84, 0xDE, 0xA4, 0x16, 0x73, 0xCA, 0x13, 0xC8, 0xF6, 0xE0, 0xE6, 0x5C, 0x1E, 0x75, 0xF9,
    0xD7, 0x73, 0x09, 0x7E, 0x70, 0x12, 0xB4, 0x49, 0x1E, 0x94, 0x84, 0x8C, 0x70, 0x4D, 0xA2, 0x7C,
    0x90, 0x0C, 0x5B, 0x10, 0x49, 0x1B, 0xFA, 0x24, 0x13, 0xC9, 0xCC, 0x99, 0x1D, 0x41, 0xBE, 0x53,
    0x42, 0x05, 0x1A, 0x84, 0x18, 0x06, 0x0A, 0x5F, 0xAD, 0xF2, 0xB5, 0x3F, 0x1D, 0x07, 0x7D, 0x2C,
    0x52, 0x66, 0xB5, 0xD3, 0x5F, 0xB4, 0xAC, 0x92, 0xAF, 0x75, 0xFA, 0xD7, 0xF1, 0xEF, 0xEC, 0x16,
    0x18, 0xEF, 0x42, 0x46, 0x51, 0xF6, 0x2A, 0xCC, 0x3A, 0x0F, 0xF8, 0x4C, 0x68, 0x0C, 0xC0, 0xED,
    0x92, 0xF2, 0xFB, 0xB0, 0xC4, 0xDC, 0x37, 0x71, 0x76, 0xC0, 0x39, 0x8D, 0xC8, 0x5C, 0xF8, 0x97,
    0x85, 0xE5, 0x44, 0xBB, 0xBD, 0xFE, 0x09, 0xAB, 0xB4, 0x7B, 0x14, 0x65, 0x69, 0x5C, 0x3E, 0x1A,
    0x98, 0x20, 0xFF, 0x18, 0x28, 0xAC, 0x60, 0xBF, 0xE3, 0x5D, 0x77, 0x80, 0xF2, 0x44, 0x4E, 0x91,
    0x2B, 0xCD, 0x15, 0xBF, 0x06, 0xCE, 0x08, 0xF0, 0xF1, 0xFA, 0xEB, 0xF1, 0x07, 0x0F, 0x14, 0x78,
    0x24, 0xE3, 0x7D, 0xE0, 0xB0, 0x24, 0x95, 0x68, 0x04, 0xD2, 0xD0, 0xB3, 0xA6, 0x18, 0x85, 0x10,
    0x86, 0x30, 0x9C, 0xC3, 0x34, 0xA8, 0x11, 0x88, 0x60, 0x8C, 0x75, 0xEA, 0xD9, 0x71, 0x89, 0x6F,
    0xB3, 0x1C, 0xD7, 0x4E, 0x69, 0x51, 0x44, 0x10, 0x4C, 0x58, 0x2A, 0x8A, 0x15, 0xEB, 0x8A, 0x39,
    0x99, 0x98, 0xCE, 0xC3, 0x9F, 0x1D, 0x55, 0x41, 0x05, 0xDB, 0xC5, 0x35, 0x54, 0x73, 0xF9, 0xD6,
    0xB0, 0xE4, 0x31, 0x51, 0xBD, 0xE4, 0x06, 0xA8, 0xD2, 0x73, 0xF8, 0xA7, 0xB9, 0x84, 0xFF, 0xE9,
    0x80, 0x9F, 0x09, 0x97, 0x15, 0x04, 0xE0, 0x5A, 0xE9, 0xB9, 0x63, 0x3B, 0x6B, 0x34, 0xF7, 0x66,
    0xEA, 0x9E, 0x18, 0x3F, 0xEA, 0xD1, 0xF8, 0x32, 0x7A, 0x7F, 0x5C, 0x34, 0x56, 0x5C, 0x6B, 0x07,
    0x2B, 0x22, 0x50, 0x98, 0xEC, 0xFF, 0xCD, 0x04, 0x94, 0x55, 0x00, 0x16, 0x4C, 0x7D, 0xF2, 0x2E,
    0xAB, 0xB8, 0xA3, 0x48, 0xF3, 0xD1, 0x08, 0x1E, 0x0D, 0xE3, 0xA2, 0x3C, 0x60, 0x2C, 0x22, 0x52,
    0x1F, 0x5C, 0xAC, 0xEF, 0x2D, 0x10, 0x35, 0x3B, 0x79, 0x15, 0xE5, 0xFB, 0xF2, 0x92, 0x6A, 0xCA,
    0x3E, 0x2E, 0x37, 0x1D, 0xCD, 0x65, 0xF6, 0x7A, 0xFD, 0xAD, 0xC9, 0x72, 0xE7, 0x91, 0xEB, 0x96,
    0x04, 0x70, 0x89, 0x06, 0x7F, 0x49, 0xC7, 0x97, 0xBE, 0x9B, 0xA9, 0xB6, 0x5A, 0x1E, 0xA5, 0xA6,
    0x3C, 0x4C, 0xFD, 0x12, 0xB4, 0x26, 0xEF, 0xE3, 0x12, 0xF0, 0x36, 0xC5, 0x26, 0x16, 0x7B, 0xE1,
    0x4B, 0x09, 0x40, 0x2B, 0x9C, 0x66, 0x2E, 0xCC, 0x05, 0xE7, 0xD3, 0x58, 0x14, 0x6D, 0x4F, 0x84,
    0x34, 0x44, 0xCE, 0xD0, 0xDF, 0x53, 0x8C, 0x64, 0xC1, 0xF3, 0x90, 0xF5, 0x38, 0xEB, 0xB3, 0x1E,
    0x60, 0xC2, 0x28, 0x6B, 0x1A, 0xD8, 0xD3, 0xE4, 0xAD, 0xF4, 0xDC, 0x65, 0x5F, 0x8A, 0x42, 0x46,
    0xAD, 0x8C, 0x1D, 0xA3, 0x27, 0xEC, 0x1D, 0xDC, 0x65, 0x34, 0x22, 0xE6, 0x2A, 0x77, 0x01, 0x89,
    0x2A, 0x0F, 0xFE, 0x47, 0x52, 0x78, 0xA1, 0xB8, 0x1C, 0x36, 0x44, 0xE8, 0x05, 0x14, 0x79, 0xDC,
    0x70, 0xF7, 0x99, 0x80, 0x22, 0x40, 0x3F, 0xC7, 0x0F, 0x96, 0xE9, 0x80, 0x78, 0x87, 0xF3, 0xF0,
    0x8A, 0xE1, 0xBD, 0x59, 0x26, 0x7B, 0x35, 0x27, 0xC0, 0x9D, 0x70, 0xDA, 0x79, 0x36, 0x69, 0x4D,
    0x0B, 0x12, 0x6A, 0x8D, 0x7D, 0x80, 0xB6, 0x50, 0xBA, 0x05, 0xAD, 0x2D, 0xB0, 0x6C, 0xA3, 0xC3,
    0x3E, 0xD7, 0x17, 0x0F, 0x1B, 0x23, 0xDD, 0xE9, 0x05, 0x59, 0xFF, 0x85, 0xAE, 0x1F, 0x0D, 0x09,
    0x57, 0xF9, 0x78, 0x59, 0x26, 0x5C, 0x69, 0xBE, 0x4C, 0xA0, 0x2A, 0xC0, 0xBD, 0xDF, 0xFD, 0x33,
    0x02, 0xDC, 0x66, 0x76, 0x97, 0xD9, 0x65, 0x7F, 0xD5, 0x20, 0xB7, 0xA8, 0x1F, 0xC8, 0xA2, 0xE8,
    0xC3, 0x36, 0x41, 0x94, 0xFB, 0xAF, 0x77, 0x41, 0xF4, 0x13, 0x27, 0x56, 0xFB, 0x0D, 0xD3, 0x68,
    0x4D, 0xEF, 0xAE, 0xE9, 0x5F, 0xDC, 0x66, 0x9B, 0x21, 0x43, 0x14, 0xE9, 0xDB, 0x52, 0xF5, 0x33,
    0x4D, 0xE3, 0x7E, 0xDB, 0xA9, 0x43, 0x45, 0x70, 0xAC, 0xCF, 0x35, 0x95, 0x4B, 0xFC, 0x1D, 0xAF,
    0xA5, 0x72, 0xCF, 0x87, 0xB7, 0xA4, 0x7D, 0x66, 0x6A, 0x8C, 0xD9, 0x4E, 0xBC, 0x73, 0xD9, 0xE2,
    0x7E, 0x3D, 0x18, 0x00, 0x65, 0x9D, 0xD3, 0xC2, 0x3D, 0x42, 0x27, 0xD8, 0xB7, 0x7C, 0xED, 0xDB,
    0x5D, 0xCF, 0xFE, 0x02, 0x38, 0x8B, 0xCB, 0x4E, 0xAD, 0xCA, 0xB3, 0xFB, 0x40, 0xDC, 0xA0, 0x46,
    0x38, 0xE6, 0xFB, 0x99, 0x7B, 0xEA, 0xB2, 0x11, 0x01, 0xC1, 0xEF, 0x6E, 0xF3, 0x06, 0xE8, 0x0D,
    0xB6, 0xB2, 0x6E, 0xA0, 0xBE, 0x71, 0x0F, 0x04, 0x2A, 0x9F, 0x7F, 0x24, 0x5C, 0x96, 0x97, 0x43,
    0xA1, 0x78, 0xD9, 0xC4, 0xB5, 0xBE, 0x7D, 0x05, 0xA7, 0xB5, 0x2F, 0x81, 0x91, 0x76, 0x1A, 0x03,
    0x3F, 0xBE, 0x8B, 0xF2, 0x43, 0x02, 0x06, 0x01, 0xFA, 0x85, 0x26, 0x04, 0x38, 0x39, 0x2F, 0xF4,
    0x2D, 0xAA, 0xBE, 0x0C, 0x2B, 0xA8, 0xB0, 0x7C, 0xB1, 0x86, 0x11, 0x6C, 0x13, 0xD0, 0x7C, 0x8C,
    0x7D, 0x51, 0x17, 0x76, 0x29, 0x3B, 0x04, 0x96, 0x36, 0x23, 0x4D, 0x73, 0xE0, 0x69, 0xA4, 0x09,
    0x09, 0x9D, 0x26, 0x61, 0xCA, 0x3A, 0xE1, 0x04, 0x26, 0x7C, 0x13, 0x93, 0x90, 0xA8, 0x24, 0x64,
    0xC3, 0x49, 0x56, 0x88, 0x42, 0xF9, 0xDD, 0xA5, 0x61, 0x33, 0x36, 0x65, 0xFB, 0xA8, 0x3C, 0x50,
    0xDF, 0x35, 0xF5, 0xFD, 0x47, 0xEE, 0xAA, 0x9A, 0xA1, 0x22, 0x36, 0xCB, 0x82, 0x89, 0x91, 0x5F,
    0x2D, 0xF3, 0xA1, 0x61, 0xE5, 0xC1, 0xA3, 0xFA, 0x7C, 0xE8, 0xE9, 0x35, 0xF9, 0x50, 0xFE, 0x9E,
    0xE1, 0x1E, 0xC2, 0x82, 0x4D, 0x4A, 0xB1, 0x61, 0xBB, 0xD5, 0x23, 0x65, 0x52, 0x0E, 0xEF, 0x9F,
    0x96, 0xCD, 0x5A, 0x45, 0x99, 0xD5, 0x0E, 0xE9, 0x78, 0x73, 0x87, 0x44, 0xE4, 0x94, 0x2F, 0xD3,
    0x7C, 0x0A, 0x2B, 0xF1, 0xA6, 0x6A, 0xE6, 0x5F, 0xE9, 0xFA, 0x7F, 0xCD, 0x17, 0xDD, 0xB3, 0x45,
    0xB4, 0x88, 0x2F, 0xBC, 0x0B, 0x03, 0x1C, 0xF4, 0x1B, 0x58, 0x2B, 0xF3, 0x8E, 0x05, 0xA0, 0x2F,
    0x85, 0x13, 0x24, 0x8F, 0x87, 0xDC, 0x63, 0xA5, 0xBB, 0xEE, 0x95, 0xF0, 0x37, 0x37, 0x66, 0x18,
    0x75, 0xDA, 0xA5, 0x36, 0xBE, 0xD8, 0xCE, 0x81, 0x81, 0xD2, 0x63, 0x20, 0xEA, 0x36, 0xA8, 0xDB,
    0x11, 0x07, 0xBF, 0x81, 0xA3, 0x4E, 0x37, 0x71, 0x90, 0x91, 0x65, 0x43, 0x4A, 0x05, 0x13, 0xF6,
    0x23, 0xAA, 0xAF, 0xF4, 0xE3, 0x6C, 0xD9, 0x8F, 0x23, 0xED, 0x47, 0x48, 0xE6, 0x72, 0xB5, 0x1F,
    0xDB, 0x17, 0xAB, 0x7E, 0x44, 0x55, 0x78, 0xA3, 0x7E, 0x44, 0x8A, 0x77, 0xEF, 0xEB, 0x47, 0xBC,
    0x10, 0x26, 0x61, 0xC5, 0xF4, 0x41, 0x81, 0x99, 0x61, 0xE6, 0x61, 0x35, 0x11, 0xAB, 0xB3, 0xA1,
    0x43, 0xEF, 0x5F, 0xF9, 0x31, 0x19, 0xAB, 0xD9, 0x58, 0xDD, 0xBE, 0x33, 0x1F, 0x2B, 0x4C, 0xC8,
    0x02, 0xE3, 0x83, 0x46, 0x98, 0x92, 0xCD, 0x96, 0x19, 0x3F, 0x55, 0x1A, 0x03, 0xC2, 0x9E, 0xBC,
    0x7D, 0xE4, 0xE6, 0xAD, 0xEA, 0x33, 0xB0, 0x14, 0xAF, 0xFC, 0x04, 0x39, 0x58, 0xB6, 0x19, 0xAC,
    0x94, 0x59, 0x29, 0x3F, 0xBB, 0xF9, 0xAE, 0xEF, 0x9C, 0xBB, 0xBE, 0x77, 0x3A, 0xCA, 0xE0, 0x71,
    0x7D, 0xA6, 0x70, 0x81, 0x48, 0x16, 0x5F, 0xCD, 0x12, 0xAE, 0x24, 0xAE, 0x82, 0xC6, 0xCD, 0x53,
    0xDD, 0xCD, 0x6D, 0x0F, 0xDC, 0x31, 0xBC, 0x2A, 0xE4, 0x8E, 0x3F, 0x28, 0x77, 0xCC, 0x6F, 0xC2,
    0x1D, 0x7F, 0xEA, 0x3F, 0x21, 0xE0, 0x57, 0x8F, 0x34, 0xCC, 0xA7, 0xFA, 0x8E, 0xF7, 0x6B, 0x3E,
    0x7B, 0xD2, 0xC8, 0xC6, 0xDF, 0xA7, 0x7E, 0x7B, 0x28, 0x9F, 0x7B, 0xB0, 0xBB, 0x84, 0x2C, 0x23,
    0xD1, 0x37, 0xA8, 0x9C, 0x4A, 0xE3, 0xB2, 0xF5, 0x2E, 0xDC, 0x22, 0xD2, 0xCD, 0xBA, 0xED, 0x2A,
    0x2C, 0x3F, 0xF4, 0x99, 0x74, 0x60, 0x82, 0x99, 0xF2, 0x2B, 0x6C, 0xA3, 0xC8, 0x1C, 0x93, 0x6E,
    0x63, 0x06, 0xEE, 0xF8, 0xBD, 0xF7, 0xCF, 0xBC, 0x2C, 0x0D, 0xAA, 0xD4, 0x54, 0x0F, 0x4D, 0x19,
    0x2C, 0x5F, 0x4D, 0xDE, 0x28, 0x7F, 0xEA, 0xF5, 0x6F, 0x29, 0x12, 0x4B, 0x38, 0xFC, 0x7B, 0xBE,
    0xD8, 0x91, 0x1F, 0xAD, 0x3C, 0x15, 0xEF, 0xBF, 0xC8, 0xC4, 0xCC, 0x6B, 0x0B, 0xFF, 0x0F, 0x0C,
    0x75, 0xA4, 0xD6, 0xBA, 0xA3, 0xDF, 0x11, 0x65, 0x76, 0x86, 0xD7, 0x85, 0xFA, 0xEE, 0xF9, 0x3B,
    0xBF, 0xD4, 0x7F, 0x23, 0xE1, 0xDB, 0x67, 0x4B, 0xF4, 0x10, 0x20, 0x7C, 0x0A, 0xF6, 0x1C, 0x2E,
    0xC2, 0x39, 0x7A, 0x31, 0x8F, 0xB2, 0x63, 0x80, 0x01, 0x7A, 0x62, 0xD1, 0x97, 0xA0, 0x36, 0xB5,
    0x3E, 0x37, 0x7E, 0x81, 0xC7, 0x15, 0x9C, 0x8B, 0x96, 0x4D, 0x81, 0x07, 0xCA, 0x17, 0x67, 0x0F,
    0x17, 0x7E, 0x99, 0x58, 0x40, 0x88, 0x5F, 0x61, 0x0D, 0xEA, 0xF1, 0xB0, 0x13, 0xB0, 0x77, 0xF6,
    0xDF, 0x4E, 0x5B, 0x92, 0x23, 0x98, 0x82, 0xEA, 0x46, 0x5E, 0xED, 0xEB, 0xEB, 0xA7, 0x1B, 0xEE,
    0xB8, 0xC9, 0x48, 0xC6, 0x70, 0xE3, 0x7D, 0x61, 0x94, 0x0E, 0xAB, 0xDF, 0xE8, 0x0A, 0x52, 0x7C,
    0x66, 0x4D, 0x10, 0x32, 0x7C, 0x8A, 0xED, 0x70, 0x0D, 0xCE, 0x6D, 0xC7, 0xB0, 0x9E, 0x84, 0x74,
    0xBF, 0x3E, 0x15, 0x0F, 0x5B, 0x19, 0x2C, 0xC8, 0x5E, 0x58, 0x3D, 0xE5, 0x7F, 0x44, 0xB0, 0x71,
    0x6C, 0x1A, 0x3A, 0x29, 0x5A, 0xE9, 0x5E, 0x49, 0x7B, 0xEC, 0x5B, 0x84, 0x66, 0x2E, 0x5D, 0xB2,
    0xEC, 0xD1, 0x27, 0xFC, 0xDF, 0x12, 0x5A, 0xB8, 0xB3, 0x9B, 0xCF, 0xF8, 0xD8, 0xAD, 0x1A, 0x68,
    0x86, 0xDF, 0xC2, 0x44, 0x6D, 0x72, 0xD9, 0xC8, 0x2D, 0x5F, 0xBB, 0x5E, 0x9F, 0x07, 0xF9, 0xA9,
    0x74, 0xEA, 0xDF, 0x62, 0xDB, 0xA3, 0xAF, 0x2B, 0xAE, 0xAE, 0xCA, 0xA7, 0x7B, 0x29, 0xCA, 0x70,
    0xE3, 0x36, 0x31, 0xF3, 0xEE, 0x12, 0xAD, 0xAC, 0xE0, 0xFF, 0xC8, 0x04, 0x00, 0xF1, 0x35, 0xD4,
    0xDC, 0xDE, 0x67, 0x9F, 0x7E, 0x4C, 0x11, 0x3A, 0x95, 0xC0, 0x22, 0x46, 0x08, 0x73, 0x7B, 0x20,
    0x12, 0x7F, 0xA8, 0xEE, 0x7C, 0x6C, 0xFF, 0x07, 0xBD, 0x99, 0xBD, 0x6E, 0xDB, 0x56, 0x18, 0x86,
    0x5F, 0xF2, 0x38, 0xA1, 0x1B, 0xDA, 0x3E, 0x1E, 0x0A, 0xB4, 0x40, 0x5D, 0x33, 0x73, 0x61, 0x54,
    0x1E, 0x3C, 0x78, 0xB0, 0x45, 0x22, 0x1D, 0x32, 0x14, 0x45, 0x72, 0x07, 0xF5, 0xD0, 0xAD, 0x40,
    0xE3, 0x02, 0x19, 0x32, 0xD8, 0x31, 0x11, 0x5F, 0x40, 0xD3, 0x3B, 0xE8, 0x25, 0xA8, 0x40, 0x87,
    0x0C, 0xFE, 0x39, 0x4D, 0x87, 0x8C, 0x61, 0xD1, 0x0B, 0x28, 0x83, 0x66, 0x6A, 0x87, 0x72, 0x50,
    0x50, 0xA6, 0xA0, 0xC5, 0xBE, 0xDF, 0x21, 0x25, 0xDB, 0x55, 0xEC, 0x48, 0x16, 0x15, 0xCA, 0xE7,
    0x48, 0x94, 0xCE, 0xCF, 0xC3, 0xEF, 0x7C, 0xDF, 0x7B, 0x7E, 0x0C, 0x95, 0x02, 0x50, 0x19, 0x33,
    0x4F, 0xB2, 0x85, 0x9C, 0xD9, 0x5C, 0xC1, 0x6C, 0xE5, 0x90, 0xD9, 0x7A, 0x9B, 0xD9, 0x6A, 0xC8,
    0xAC, 0xD3, 0x8A, 0x80, 0x54, 0x1B, 0x38, 0x65, 0x69, 0xE0, 0xC6, 0x5E, 0x02, 0x15, 0xB1, 0x9E,
    0x07, 0x37, 0x83, 0x86, 0x9B, 0xA3, 0xCC, 0x5A, 0x25, 0xCB, 0x9C, 0xBF, 0x7C, 0xC3, 0x4C, 0xA7,
    0xF5, 0x27, 0xAF, 0x87, 0xB6, 0x36, 0x3B, 0xCA, 0x1C, 0x28, 0x56, 0x4F, 0x9C, 0xE3, 0x24, 0xF8,
    0x23, 0x39, 0x54, 0x49, 0x6E, 0xFF, 0x0E, 0x83, 0xB4, 0xF5, 0xE2, 0xE4, 0xB4, 0x6E, 0x0E, 0xB7,
    0x90, 0xBC, 0xBA, 0x58, 0xA3, 0x06, 0xC5, 0x36, 0x93, 0x93, 0x9E, 0xEB, 0xA7, 0xE9, 0xC7, 0x60,
    0x73, 0xAC, 0xBD, 0x02, 0x2C, 0x01, 0x0F, 0xEA, 0x3E, 0x46, 0xA4, 0xBF, 0x29, 0x65, 0x09, 0xA1,
    0x7E, 0x23, 0xB1, 0x7E, 0xCD, 0x9B, 0x8D, 0x4F, 0x99, 0x2D, 0x3A, 0xD3, 0x62, 0xC5, 0x0C, 0xBB,
    0x00, 0x9E, 0xA0, 0x9B, 0xA8, 0x1E, 0xB4, 0x1F, 0xCF, 0x20, 0x1A, 0x85, 0xF5, 0x9A, 0xC0, 0xE8,
    0x18, 0x35, 0x2A, 0xEE, 0x08, 0xC8, 0xC6, 0xF2, 0x34, 0x59, 0xC5, 0x36, 0x3B, 0x4C, 0x62, 0x10,
    0x7F, 0x93, 0x59, 0x19, 0x43, 0x3D, 0x4D, 0xE1, 0x60, 0x91, 0x35, 0x63, 0xE8, 0xFD, 0x0C, 0x01,
    0x8D, 0xD7, 0x42, 0x97, 0x3F, 0x32, 0xDD, 0xEB, 0xC2, 0xCB, 0xBB, 0x68, 0x45, 0x5D, 0xB4, 0x51,
    0xA5, 0xD6, 0xED, 0x1C, 0x7E, 0xBE, 0xC7, 0xFE, 0x2C, 0xA5, 0x2F, 0xE8, 0xD7, 0xC5, 0xDE, 0x09,
    0x59, 0xF5, 0xBF, 0xF1, 0xF4, 0xED, 0x1D, 0xC1, 0x21, 0xDA, 0x81, 0xF8, 0x47, 0xF7, 0xBE, 0xEA,
    0x45, 0xA3, 0x9B, 0xBC, 0x02, 0x0A, 0xF7, 0xD9, 0xC8, 0xF7, 0x3D, 0xF1, 0x62, 0xB1, 0xBE, 0x2F,
    0xCF, 0xDA, 0xB6, 0xCC, 0xEE, 0xD4, 0x98, 0x19, 0x84, 0xC9, 0xDA, 0x9E, 0x74, 0x47, 0x13, 0x8A,
    0x9B, 0x78, 0x66, 0x54, 0x66, 0x1B, 0x79, 0x3A, 0x7F, 0x07, 0x8E, 0x7C, 0x99, 0x76, 0xA0, 0x03,
    0xA7, 0x80, 0xFA, 0x9D, 0xE4, 0xF1, 0x87, 0x30, 0xB8, 0xBA, 0x9A, 0xBC, 0x2F, 0xB7, 0x1B, 0x92,
    0x3D, 0x91, 0x4C, 0x3A, 0xF8, 0x76, 0x5F, 0x80, 0xC5, 0xF5, 0xFD, 0x7C, 0xAA, 0xBA, 0xC2, 0x98,
    0xD3, 0xD6, 0xFD, 0xD7, 0xB1, 0xB4, 0x6D, 0xF8, 0x28, 0x6E, 0x6F, 0x1C, 0x75, 0x99, 0x95, 0x92,
    0x81, 0x8D, 0x5B, 0x4B, 0x27, 0x66, 0xD8, 0xFE, 0xE5, 0xDD, 0xB0, 0xD3, 0x37, 0x3D, 0x63, 0xBB,
    0x4C, 0xB1, 0xB4, 0x3A, 0x3E, 0xFB, 0x85, 0x2A, 0x7E, 0x53, 0xF5, 0x1F, 0x40, 0x4F, 0xD7, 0xF8,
    0x95, 0xA4, 0x14, 0xB5, 0xA8, 0xCF, 0xC2, 0x2C, 0x78, 0xB1, 0x1A, 0xFF, 0x19, 0x6C, 0xF8, 0xFE,
    0xDA, 0xAF, 0x87, 0x55, 0x4F, 0xDC, 0xE9, 0xE3, 0x7E, 0x20, 0x4F, 0x13, 0xBF, 0x8A, 0x61, 0xC6,
    0xED, 0x9C, 0x43, 0xFB, 0x47, 0xEE, 0xC9, 0x38, 0xEC, 0xEF, 0xD2, 0xCC, 0x97, 0x84, 0xB1, 0xA8,
    0x26, 0x0D, 0x6F, 0xFC, 0x12, 0xE3, 0xF1, 0x0F, 0x45, 0x72, 0x59, 0x96, 0xB1, 0x36, 0x1E, 0x93,
    0x32, 0xDA, 0x38, 0x91, 0x36, 0xDB, 0xA8, 0x52, 0x07, 0xBA, 0xCC, 0xAA, 0x77, 0x7B, 0xCF, 0xFE,
    0x8D, 0xC3, 0x72, 0xAE, 0xA9, 0x92, 0x32, 0xA5, 0x3C, 0xC2, 0xD9, 0x4B, 0xE6, 0xC1, 0xC0, 0xD8,
    0x77, 0xB7, 0x8C, 0xF4, 0xA3, 0x74, 0x13, 0xD9, 0x01, 0xF2, 0x1C, 0x79, 0x59, 0x32, 0x17, 0xAF,
    0xA1, 0xE0, 0xB7, 0x31, 0x13, 0xC4, 0x1D, 0xB7, 0x8C, 0x4F, 0x2B, 0xF2, 0xDB, 0x9E, 0xCD, 0x6D,
    0x2B, 0x11, 0x6C, 0x77, 0x8E, 0x2C, 0x76, 0x4E, 0x2D, 0x31, 0x31, 0xE9, 0x57, 0xC0, 0xA1, 0x0D,
    0xFC, 0x85, 0x5A, 0xB9, 0x78, 0x8D, 0x84, 0x59, 0xB8, 0x50, 0x77, 0xBE, 0x80, 0x72, 0xF3, 0xC6,
    0x60, 0x54, 0xBA, 0xAA, 0x8B, 0xCE, 0x7C, 0x98, 0xCE, 0x6A, 0x33, 0x06, 0x09, 0x10, 0x5B, 0xC1,
    0xD2, 0x77, 0x22, 0x84, 0x2F, 0xB9, 0x42, 0xA2, 0xF8, 0x46, 0x33, 0xCD, 0x98, 0x47, 0x56, 0x40,
    0x2D, 0xB1, 0xCC, 0x4E, 0xC7, 0x29, 0xE1, 0xEF, 0x27, 0x33, 0xB8, 0x3B, 0x0A, 0x94, 0xCC, 0x04,
    0xE2, 0xDE, 0xC2, 0xE4, 0x84, 0x69, 0xA3, 0x50, 0x77, 0xED, 0x64, 0xC3, 0xC1, 0x5A, 0xD8, 0xC1,
    0x58, 0x50, 0xF6, 0x69, 0x20, 0xB1, 0xF6, 0x11, 0xAD, 0xF5, 0x59, 0x8C, 0xF0, 0xCF, 0x86, 0xAD,
    0x75, 0xD7, 0xF6, 0xB9, 0x2B, 0xDE, 0xB4, 0xB3, 0xE1, 0x94, 0x8B, 0xE3, 0xB0, 0xF1, 0xEA, 0xCD,
    0x43, 0x71, 0x0D, 0x86, 0xEB, 0x82, 0x49, 0x3D, 0xCF, 0x85, 0x6D, 0xB6, 0x21, 0x36, 0x8A, 0xE8,
    0xF6, 0x9C, 0xB4, 0x2A, 0x0B, 0x45, 0xA7, 0x8C, 0xFC, 0x47, 0x64, 0x1B, 0xCD, 0xC3, 0x24, 0xF8,
    0x1A, 0x1E, 0xC4, 0x8B, 0x24, 0x42, 0xC6, 0xB5, 0x07, 0xF7, 0xEF, 0xC8, 0xBB, 0x65, 0xDE, 0xC3,
    0xE3, 0xD1, 0x63, 0x60, 0x48, 0x34, 0x74, 0xEC, 0xA7, 0x48, 0xED, 0x44, 0x8E, 0xF2, 0x24, 0x48,
    0xB4, 0xB9, 0xE8, 0x55, 0x9E, 0xDC, 0x88, 0x74, 0xE2, 0x0C, 0x4A, 0xBB, 0x26, 0x34, 0x2D, 0xE3,
    0x9D, 0x7B, 0xF9, 0x49, 0x58, 0xBC, 0xAD, 0x95, 0xBE, 0x2A, 0xEB, 0xC4, 0x37, 0xCC, 0xD3, 0x5A,
    0x95, 0x23, 0xDF, 0xEC, 0xF1, 0x7E, 0xB8, 0xBD, 0x41, 0x79, 0x29, 0x79, 0x8F, 0xE2, 0xDB, 0x0D,
    0xC4, 0x9E, 0x69, 0x8B, 0xAB, 0x60, 0x06, 0x4F, 0x41, 0x61, 0x2A, 0x58, 0xE8, 0xE8, 0x6C, 0x92,
    0xEF, 0x1E, 0x32, 0x85, 0x2C, 0x23, 0x65, 0x15, 0xEB, 0x60, 0x2F, 0x1F, 0x9E, 0x18, 0x64, 0x5E,
    0xE0, 0xBB, 0x58, 0xEF, 0x56, 0xD6, 0x46, 0x71, 0x80, 0x9D, 0x02, 0xED, 0x02, 0xA1, 0xFD, 0x6B,
    0x1F, 0x60, 0x77, 0x13, 0x05, 0x7F, 0x3A, 0x67, 0xBD, 0x5D, 0x6B, 0xBD, 0xDD, 0xD3, 0x56, 0xFC,
    0xB4, 0xDE, 0x72, 0x9D, 0x19, 0xB0, 0x49, 0x49, 0xEF, 0xF3, 0x47, 0x2B, 0xB9, 0xDA, 0xEE, 0x03,
    0x07, 0x42, 0x37, 0x02, 0x26, 0xE3, 0x8B, 0x33, 0xA2, 0xF7, 0xCC, 0x20, 0x78, 0xC5, 0x45, 0x26,
    0xF7, 0x39, 0xD1, 0xB5, 0x66, 0xA0, 0x64, 0xFD, 0x38, 0x10, 0xBA, 0x2A, 0x36, 0x16, 0x47, 0x81,
    0x9A, 0xAD, 0x97, 0x8D, 0x3E, 0x99, 0xF0, 0x65, 0xD6, 0x28, 0xD4, 0xE2, 0xFF, 0x84, 0x6E, 0x64,
    0xA8, 0x4A, 0xE8, 0x24, 0xF4, 0xB8, 0x87, 0xF3, 0x7E, 0xA6, 0xB5, 0xFE, 0x89, 0x9A, 0xB5, 0x56,
    0x25, 0x74, 0x0F, 0x4F, 0x85, 0x6E, 0x0C, 0x36, 0x5E, 0xC7, 0xB7, 0x81, 0xA7, 0x8C, 0x17, 0x57,
    0x66, 0x75, 0x1A, 0xED, 0x70, 0xB7, 0x41, 0x36, 0x0A, 0xDD, 0xEA, 0x9B, 0x85, 0xEE, 0xAD, 0x6C,
    0x5C, 0x86, 0x23, 0xC8, 0x1A, 0xF6, 0xAC, 0x37, 0x07, 0x66, 0x2D, 0x74, 0x7F, 0x55, 0x42, 0xF7,
    0xC3, 0xE8, 0x31, 0x30, 0x14, 0xAA, 0x6C, 0x88, 0xFB, 0x37, 0x78, 0x6C, 0xF7, 0x86, 0x0D, 0x28,
    0x99, 0x78, 0x97, 0xC9, 0xBD, 0x44, 0xEE, 0x9C, 0x2C, 0xD9, 0x95, 0xB8, 0x95, 0xA9, 0x5C, 0x28,
    0xA8, 0xF7, 0x74, 0xDB, 0xBA, 0xDE, 0x1C, 0xF9, 0x24, 0xFD, 0x1C, 0xFA, 0x16, 0xD1, 0xE8, 0x04,
    0x84, 0x45, 0xF5, 0x29, 0xAC, 0x53, 0x9B, 0xDF, 0xED, 0x82, 0xC8, 0x2C, 0x93, 0xC1, 0x42, 0xCB,
    0x41, 0x4F, 0xD8, 0x5F, 0xA7, 0x3E, 0x6E, 0x8C, 0x51, 0xC5, 0xD5, 0x1A, 0xDB, 0xC9, 0xEA, 0xD3,
    0x8F, 0xB9, 0x09, 0x18, 0x87, 0x25, 0xAF, 0x39, 0x5B, 0x52, 0xF2, 0x44, 0xF3, 0xAC, 0x2D, 0x05,
    0x6F, 0x65, 0x02, 0xCE, 0x23, 0x37, 0x72, 0x9E, 0x3D, 0x63, 0xE8, 0x9C, 0x34, 0x67, 0xC7, 0x74,
    0x15, 0x5C, 0x79, 0x82, 0x4B, 0x4F, 0xCC, 0xEA, 0xE7, 0x93, 0xD8, 0xB0, 0x39, 0x9B, 0x5D, 0x14,
    0x37, 0x98, 0x70, 0x8C, 0xCF, 0x04, 0x90, 0x44, 0x90, 0xBC, 0x87, 0xA5, 0x2A, 0x93, 0x0F, 0x5E,
    0xE1, 0x1B, 0xD9, 0x74, 0xCD, 0x8B, 0x4B, 0x5D, 0x96, 0x65, 0x98, 0x93, 0x6C, 0x49, 0xB2, 0x15,
    0xD9, 0x9C, 0x49, 0x24, 0xCB, 0xB9, 0xD5, 0x5E, 0x29, 0x88, 0xBD, 0xA1, 0x7D, 0x5A, 0x75, 0x38,
    0xE2, 0x16, 0xF5, 0x27, 0x27, 0x72, 0x70, 0x6C, 0x18, 0xEC, 0x26, 0x88, 0x74, 0xAC, 0xF1, 0xC6,
    0x64, 0x02, 0x6A, 0xF7, 0x31, 0x54, 0xF9, 0x3C, 0x71, 0x7A, 0x3A, 0x1B, 0xB6, 0x46, 0x32, 0xD8,
    0xF5, 0xF5, 0x8F, 0x5B, 0xC4, 0xC1, 0x64, 0x1B, 0x73, 0xBA, 0x91, 0xA9, 0x36, 0xD5, 0x4D, 0x3F,
    0x9C, 0x74, 0x11, 0x54, 0x5B, 0x0E, 0x2E, 0x95, 0xF8, 0x65, 0xF5, 0xC0, 0x57, 0x7B, 0x2C, 0x51,
    0x5C, 0xAE, 0xFD, 0xB6, 0x64, 0x1C, 0xBA, 0x72, 0x00, 0x62, 0x47, 0x5E, 0xE2, 0x05, 0x9D, 0x01,
    0x39, 0x9A, 0x1A, 0x96, 0xCC, 0xAE, 0x1F, 0xEC, 0x59, 0x89, 0x86, 0x54, 0x90, 0x73, 0x85, 0x9F,
    0xA4, 0xAF, 0x4F, 0xE2, 0xAF, 0xB9, 0x4A, 0x3B, 0x26, 0xBD, 0x8E, 0x2E, 0x23, 0xF7, 0xFA, 0xE4,
    0x9E, 0xB8, 0x13, 0x35, 0x77, 0x4B, 0x66, 0x42, 0x36, 0x33, 0x3F, 0x55, 0xF2, 0xAC, 0x76, 0xA2,
    0x4D, 0x54, 0xE4, 0x2A, 0xBA, 0x3A, 0xF9, 0x39, 0x97, 0xD9, 0x92, 0xF1, 0xEC, 0x8A, 0xCB, 0x4C,
    0x13, 0xFF, 0xBC, 0xCB, 0x64, 0x74, 0x99, 0xAB, 0xE3, 0xFB, 0xE9, 0xEA, 0x16, 0x56, 0x1E, 0x6C,
    0x77, 0x71, 0x53, 0x9B, 0x69, 0x42, 0x17, 0xB3, 0x14, 0x0D, 0x16, 0xF8, 0xAE, 0xC8, 0x94, 0x9B,
    0x4D, 0x64, 0xEF, 0xAD, 0xFA, 0x84, 0x0C, 0xD3, 0x75, 0xEF, 0xCB, 0x54, 0xA7, 0xF2, 0x7E, 0x4C,
    0xEA, 0x36, 0xC3, 0x0A, 0xB4, 0xDC, 0x1F, 0x5B, 0x29, 0xB2, 0x36, 0x28, 0x72, 0xDC, 0xD3, 0xBD,
    0xE0, 0xA5, 0xF3, 0x52, 0x65, 0xAE, 0x71, 0xBB, 0x2A, 0x42, 0xE1, 0x73, 0x5F, 0x36, 0x4F, 0x3D,
    0xE2, 0x14, 0xD1, 0x5A, 0xAB, 0xD6, 0x7D, 0xF2, 0x2F, 0x06, 0xEF, 0x4C, 0x92, 0x7B, 0x99, 0x7F,
    0xCB, 0xB2, 0xA2, 0x2D, 0x06, 0x2E, 0xCF, 0xF6, 0xCF, 0x9C, 0xFA, 0x74, 0x4B, 0xD3, 0x8A, 0x96,
    0xC9, 0xB9, 0x44, 0x84, 0x75, 0x56, 0x5D, 0x63, 0xF7, 0x1D, 0xC6, 0x36, 0xEB, 0xBE, 0x26, 0xD3,
    0x11, 0x53, 0x18, 0x55, 0x6B, 0x0E, 0xE1, 0x9B, 0xAB, 0x67, 0x26, 0x76, 0x7B, 0xC0, 0x76, 0x65,
    0xFB, 0xB9, 0xD7, 0x04, 0xE3, 0xD9, 0x4B, 0x7E, 0x93, 0x39, 0x8A, 0xEF, 0x93, 0xF3, 0xE5, 0xD8,
    0xB3, 0x23, 0x57, 0xCF, 0x83, 0x2E, 0xEB, 0xD9, 0x83, 0xA6, 0xF5, 0x7A, 0x18, 0x1B, 0xB2, 0xB1,
    0x8D, 0x4B, 0x33, 0x24, 0xE5, 0x4D, 0xDA, 0x18, 0xAD, 0xD8, 0xE0, 0xC7, 0x17, 0x06, 0x71, 0xD8,
    0x1C, 0xF7, 0x69, 0x68, 0x42, 0xB9, 0x59, 0xE3, 0xCC, 0xFF, 0x01, 0x75, 0x52, 0xB1, 0x6E, 0xDB,
    0x30, 0x10, 0x7D, 0x24, 0x0B, 0x28, 0x00, 0x9B, 0xD0, 0x1F, 0x90, 0xC8, 0x1D, 0x32, 0xDA, 0xE6,
    0xA2, 0xC1, 0x03, 0x6D, 0xA9, 0xC8, 0x07, 0xF4, 0x17, 0xF2, 0x09, 0x1E, 0x3A, 0x78, 0x10, 0x50,
    0x21, 0x6B, 0x7F, 0xA6, 0x43, 0x46, 0x03, 0xE6, 0xDE, 0x85, 0x9F, 0xC0, 0x2F, 0x28, 0x38, 0x78,
    0xD0, 0x20, 0x95, 0x3D, 0x52, 0x0A, 0x5C, 0x14, 0x29, 0x79, 0xC7, 0x47, 0x9E, 0xEE, 0x4E, 0xC7,
    0x77, 0x8C, 0x21, 0xC6, 0x21, 0x4B, 0x8C, 0x7D, 0x5E, 0x58, 0x23, 0xBB, 0x15, 0x0C, 0x6A, 0x9A,
    0x9A, 0x66, 0xDD, 0xE8, 0xAE, 0x68, 0x14, 0x59, 0x16, 0xFF, 0x9C, 0x58, 0xB3, 0x90, 0x2F, 0x7E,
    0x55, 0x34, 0x46, 0xA1, 0x56, 0xB6, 0x56, 0x4E, 0x4B, 0xAB, 0x0B, 0x5B, 0x7F, 0xF1, 0xFA, 0xBB,
    0x2F, 0x3E, 0x3B, 0xC5, 0x2D, 0x7D, 0x5A, 0xDC, 0xE0, 0x5D, 0x23, 0xD6, 0xC0, 0x3E, 0x0B, 0x6D,
    0xEE, 0x51, 0xFF, 0x8A, 0x24, 0xB4, 0xB9, 0xDA, 0x37, 0x59, 0xD6, 0xB3, 0x43, 0x92, 0x8F, 0x59,
    0x3E, 0xFC, 0x3F, 0x76, 0xF3, 0x57, 0xEC, 0xBB, 0x39, 0xD7, 0xD0, 0xDD, 0xD9, 0x45, 0x1F, 0xFD,
    0xD9, 0xE9, 0x4E, 0x93, 0xA9, 0xEE, 0xCE, 0x59, 0xD3, 0x5E, 0xA3, 0xA7, 0x52, 0x5F, 0x06, 0xE5,
    0xF3, 0x92, 0x8F, 0xCA, 0x81, 0x83, 0x86, 0x79, 0x85, 0x4C, 0xF8, 0x6A, 0x52, 0x0D, 0x40, 0x30,
    0xD8, 0xCE, 0xF8, 0x63, 0x42, 0x66, 0x27, 0x14, 0xCD, 0xE4, 0x27, 0x8B, 0x80, 0x91, 0xE2, 0xEE,
    0x4B, 0x23, 0x7E, 0x36, 0xCA, 0x55, 0xA6, 0x94, 0x4F, 0xE4, 0xE3, 0x8D, 0x52, 0xC2, 0x22, 0x11,
    0x91, 0x50, 0x34, 0x13, 0xDE, 0x61, 0x42, 0x62, 0x3F, 0xFB, 0x1D, 0x90, 0xE3, 0xE0, 0x91, 0xF3,
    0xA0, 0x43, 0x1E, 0xBB, 0xFD, 0xCE, 0xB4, 0xC7, 0xC3, 0xF3, 0x6E, 0x89, 0xBD, 0xC6, 0x4E, 0xC3,
    0x68, 0xB4, 0x1B, 0x1C, 0x0D, 0x0E, 0x06, 0xCF, 0x8F, 0xC9, 0xE5, 0x2B, 0xF3, 0xD2, 0xD6, 0x68,
    0xE9, 0x46, 0xAA, 0x11, 0x8E, 0xEA, 0x7B, 0xFC, 0x44, 0x2D, 0x53, 0x10, 0x8E, 0x5D, 0xD0, 0xF3,
    0x20, 0x6D, 0x99, 0x8B, 0x3F, 0xF1, 0x30, 0x8A, 0x24, 0x83, 0x08, 0xA7, 0x2C, 0x2D, 0xF7, 0x47,
    0xE6, 0xB7, 0xCC, 0x55, 0x20, 0xB1, 0xD3, 0x2F, 0xB3, 0xDB, 0x85, 0x56, 0xE4, 0x2A, 0x04, 0x69,
    0xA2, 0xE2, 0x96, 0x34, 0x65, 0xA1, 0xEB, 0xA7, 0xAB, 0xBF, 0x99, 0x89, 0x6E, 0x54, 0x89, 0x88,
    0xD9, 0x4C, 0x6C, 0xDC, 0xD1, 0x71, 0x35, 0x9B, 0x17, 0x98, 0x47, 0x0D, 0xE9, 0xF1, 0xCD, 0xAB,
    0x01, 0xBA, 0x2F, 0x22, 0xF0, 0x80, 0xC2, 0x52, 0x8D, 0x2C, 0x2F, 0x8E, 0x7A, 0x51, 0x58, 0x39,
    0xB2, 0xD8, 0x2D, 0xBD, 0x18, 0x51, 0x82, 0x98, 0xB9, 0x25, 0xCE, 0x70, 0x43, 0x0F, 0x0F, 0xD7,
    0xA1, 0x21, 0x3C, 0xF5, 0x4F, 0x86, 0x69, 0x37, 0x25, 0x06, 0xE5, 0xE5, 0x41, 0xF7, 0x22, 0xE0,
    0x81, 0x54, 0xCD, 0xAA, 0xE9, 0xE6, 0x23, 0x0F, 0x4B, 0xCF, 0x7C, 0x49, 0x6D, 0xA0, 0xFA, 0x1D,
    0xBD, 0x43, 0x7B, 0x4D, 0xC5, 0x43, 0xDD, 0x89, 0x4B, 0xC2, 0x6C, 0x28, 0x3C, 0x4E, 0x72, 0xC4,
    0xC8, 0x63, 0x37, 0xD2, 0xAF, 0x07, 0x8A, 0x39, 0x65, 0x2D, 0x7C, 0x8B, 0xB3, 0x3D, 0xF2, 0xDF,
    0xD8, 0x72, 0x87, 0x8A, 0x4A, 0xAE, 0xDE, 0xDA, 0x33, 0xD1, 0x05, 0xE2, 0x2B, 0xE3, 0x1F, 0xD5,
    0x90, 0x31, 0x4E, 0xC4, 0x40, 0x0C, 0x45, 0x7F, 0x32, 0xC5, 0x14, 0x41, 0x9A, 0x1E, 0x01, 0x69,
    0x91, 0xD8, 0xDD, 0x49, 0x41, 0x91, 0xC2, 0x90, 0x1C, 0x81, 0x23, 0x70, 0x02, 0x2A, 0x8A, 0x14,
    0x11, 0x49, 0x47, 0xB9, 0x57, 0x49, 0x31, 0xC5, 0x14, 0x2B, 0x65, 0x8E, 0x90, 0x23, 0xCC, 0x11,
    0xA6, 0xD8, 0x22, 0xC5, 0x48, 0xC1, 0x89, 0x00, 0x6D, 0xC1, 0x05, 0xD0, 0x73, 0x63, 0x5B, 0xFE,
    0xFE, 0xB6, 0x9A, 0xC8, 0x18, 0x0A, 0xDF, 0x18, 0x22, 0xA3, 0xA6, 0x1C, 0x39, 0x80, 0x04, 0x1F,
    0x78, 0xC3, 0xDD, 0x2F, 0x5D, 0x0F, 0x02, 0x22, 0xD2, 0x13, 0x24, 0xE1, 0x8A, 0x50, 0x12, 0xBA,
    0xA5, 0x5E, 0x8B, 0x5B, 0x54, 0xB1, 0x8A, 0x05, 0x2A, 0x0F, 0x0B, 0x7A, 0x59, 0xB5, 0xAC, 0xF6,
    0xC9, 0xAC, 0xFA, 0x27, 0x34, 0x18, 0xCF, 0x33, 0x85, 0xBD, 0xD9, 0x13, 0xA9, 0xB0, 0xC4, 0x25,
    0xE2, 0x1E, 0x05, 0x42, 0x32, 0x09, 0x27, 0x7B, 0xC5, 0xDA, 0xB9, 0x2F, 0x1B, 0x53, 0xB6, 0x8F,
    0x7A, 0xBA, 0x3E, 0x0F, 0x3C, 0x6B, 0x5B, 0xED, 0xB5, 0xB7, 0x76, 0xF5, 0x34, 0x93, 0x8E, 0x2C,
    0x11, 0xA4, 0x7B, 0x66, 0x57, 0x69, 0x9D, 0xE1, 0x96, 0xB7, 0x35, 0x30, 0x18, 0x36, 0xDE, 0x39,
    0xBB, 0x41, 0x06, 0x51, 0x83, 0x45, 0x77, 0x50, 0x90, 0xB5, 0xE8, 0x85, 0xFB, 0x41, 0xD6, 0x8A,
    0xFB, 0x05, 0xCF, 0x1E, 0x46, 0x74, 0x9F, 0xBD, 0x12, 0xEE, 0x32, 0xBA, 0x63, 0x50, 0x7F, 0xFC,
    0x00, 0xD0, 0xEE, 0xC1, 0x89, 0x0B, 0xA4, 0xEB, 0xA2, 0xF6, 0x66, 0x0E, 0xED, 0xEA, 0x26, 0x75,
    0x19, 0xEF, 0x1A, 0xF9, 0x96, 0xDC, 0x37, 0xF6, 0xB5, 0x85, 0x51, 0xDB, 0xE5, 0x81, 0x86, 0x93,
    0xF6, 0xFF, 0xFD, 0x53, 0x5F, 0x7D, 0x53, 0xBB, 0x8E, 0xD4, 0x30, 0x14, 0x3D, 0x89, 0x01, 0x23,
    0xBC, 0x83, 0x1B, 0x5A, 0x48, 0xB3, 0x05, 0xC5, 0xA0, 0xF0, 0x94, 0xA6, 0xD8, 0x24, 0x96, 0x68,
    0xF8, 0x0F, 0x7E, 0x80, 0x02, 0x89, 0x95, 0x98, 0xD5, 0x44, 0x6C, 0xB1, 0x1F, 0xC0, 0x0F, 0x20,
    0xF1, 0x03, 0x94, 0x53, 0x44, 0x8C, 0x67, 0xB7, 0xA0, 0x00, 0xB4, 0x59, 0x0A, 0x28, 0x40, 0x62,
    0xCA, 0x6D, 0x56, 0xB8, 0x98, 0x22, 0x42, 0xD9, 0x31, 0xC7, 0xC9, 0x2C, 0x0F, 0x09, 0x88, 0xEE,
    0x49, 0x4E, 0xAE, 0xAF, 0xAF, 0xAF, 0x8F, 0xAF, 0xB1, 0xF1, 0x08, 0xD8, 0x78, 0x01, 0xA4, 0x4B,
    0x44, 0xED, 0x0A, 0xEA, 0xF8, 0x2B, 0xF4, 0xF5, 0x43, 0x14, 0x9B, 0x16, 0xD9, 0x3D, 0x8B, 0xF1,
    0xAD, 0x12, 0xD5, 0xED, 0x00, 0x83, 0xEA, 0x8E, 0xC1, 0xF8, 0x21, 0x90, 0xBD, 0x04, 0xF2, 0xE7,
    0x37, 0xA0, 0x3F, 0xE5, 0x90, 0xDF, 0x2B, 0xC0, 0x2F, 0x80, 0xF7, 0x40, 0xF4, 0x0E, 0xC0, 0x03,
    0x62, 0x52, 0x8B, 0xE5, 0x54, 0xDA, 0x1D, 0x6D, 0x33, 0x6D, 0xA1, 0x2C, 0x0A, 0xEF, 0x84, 0x45,
    0x5C, 0x07, 0x12, 0x5B, 0x90, 0x8B, 0x12, 0x1A, 0xFC, 0xF5, 0x34, 0xBF, 0xE7, 0xCB, 0x64, 0xBE,
    0x03, 0xBD, 0x18, 0x41, 0xBB, 0x11, 0x2E, 0x2F, 0x47, 0x18, 0xB4, 0x23, 0x70, 0xA4, 0x1C, 0xE4,
    0xE4, 0xE9, 0x9A, 0xEB, 0x29, 0x06, 0xB2, 0xC1, 0x40, 0x10, 0x51, 0x83, 0x6B, 0xA6, 0x81, 0x77,
    0x53, 0xCC, 0x7C, 0x09, 0xB5, 0xEF, 0x20, 0x6D, 0x45, 0x6C, 0x75, 0xB1, 0xE1, 0x2B, 0xED, 0x98,
    0x68, 0x20, 0xF7, 0x17, 0x90, 0xDE, 0x90, 0xE3, 0x0F, 0xA8, 0x1A, 0x98, 0x9D, 0xB2, 0xDC, 0x85,
    0x76, 0xDA, 0xC4, 0xA5, 0xBE, 0xFF, 0xAC, 0xD4, 0xBB, 0xBB, 0x46, 0xED, 0x1D, 0x40, 0xBD, 0x3D,
    0x80, 0x0C, 0x38, 0xFC, 0x18, 0xAA, 0xB4, 0xE2, 0xCB, 0x09, 0xC4, 0x71, 0x8B, 0x78, 0xD9, 0x22,
    0x72, 0x15, 0xB1, 0x0D, 0xB8, 0xBB, 0xC0, 0xE2, 0x26, 0x70, 0xE1, 0x15, 0x12, 0xC7, 0x5F, 0xE5,
    0x57, 0x7C, 0xC7, 0x2B, 0xA7, 0x77, 0x5D, 0x1A, 0xB9, 0x3C, 0x72, 0x59, 0xF7, 0x2E, 0xA2, 0xE0,
    0x91, 0x2B, 0x8E, 0x86, 0x87, 0xF9, 0x90, 0x36, 0x40, 0x9B, 0x43, 0x2C, 0x52, 0x96, 0xA2, 0xA1,
    0x4B, 0x40, 0x1B, 0x2A, 0xE9, 0x1D, 0x52, 0x86, 0x04, 0x04, 0x1E, 0x7C, 0x61, 0x4C, 0x31, 0x26,
    0xC4, 0x86, 0x39, 0xE1, 0xA8, 0xB8, 0x45, 0xE3, 0x72, 0x45, 0x48, 0x82, 0x62, 0xD2, 0x8D, 0x7C,
    0x93, 0xB9, 0x79, 0x8C, 0x9E, 0x73, 0x5E, 0x03, 0xE7, 0xC8, 0x31, 0xA1, 0x34, 0x5C, 0xF6, 0x52,
    0x37, 0x1E, 0x8E, 0x86, 0xB9, 0x98, 0xF7, 0x77, 0xC9, 0x7A, 0xB9, 0x32, 0x04, 0xF4, 0x7C, 0x4A,
    0xC9, 0xDC, 0x7F, 0x25, 0x83, 0x58, 0x63, 0xD2, 0x50, 0x92, 0x8C, 0xF5, 0xB1, 0x1D, 0xCC, 0x55,
    0xD6, 0x7D, 0x11, 0x67, 0x4B, 0x65, 0x01, 0xD2, 0x97, 0x79, 0x3C, 0x33, 0x39, 0x3D, 0x05, 0x3D,
    0x09, 0xC1, 0xAE, 0x80, 0x70, 0x1C, 0x9D, 0x2D, 0x7F, 0xE5, 0x89, 0x89, 0x59, 0x0D, 0x39, 0x6F,
    0xB8, 0xDF, 0x31, 0x73, 0x6D, 0xD1, 0x11, 0xD0, 0xB0, 0x56, 0x6E, 0x28, 0xA1, 0x10, 0xEC, 0xB4,
    0xC0, 0x83, 0x26, 0x49, 0xA7, 0xD1, 0x16, 0xBF, 0x15, 0x74, 0xBD, 0x44, 0xEC, 0x59, 0xD8, 0xB0,
    0x33, 0x6F, 0xE5, 0xA9, 0x4B, 0x86, 0x4D, 0x3E, 0xDC, 0x1E, 0x0F, 0x51, 0x75, 0xD6, 0x9E, 0x19,
    0x39, 0x9D, 0xF9, 0xF0, 0x31, 0x03, 0xD4, 0x89, 0x8B, 0x28, 0x43, 0x3F, 0xEB, 0x4A, 0x27, 0x29,
    0xD6, 0xCF, 0xDF, 0xE5, 0xFD, 0x07, 0xD6, 0x92, 0xF6, 0x27, 0x16, 0x51, 0x9C, 0x22, 0xD4, 0x16,
    0x4E, 0x8F, 0x64, 0x07, 0x6C, 0x54, 0x16, 0x17, 0xBB, 0xB0, 0x95, 0xB0, 0x85, 0xAC, 0x0F, 0x30,
    0x6C, 0x75, 0xC0, 0x4C, 0x78, 0x38, 0x92, 0xD7, 0x47, 0xB0, 0x7E, 0xF1, 0xA1, 0x84, 0xF8, 0x66,
    0xC0, 0xF6, 0x46, 0x52, 0x1B, 0x3C, 0xFD, 0xCC, 0x7B, 0xC2, 0x71, 0xB5, 0x38, 0x8F, 0xA2, 0x4E,
    0xF0, 0x84, 0x10, 0x1D, 0x86, 0x10, 0x47, 0x4B, 0x08, 0x56, 0x3F, 0xE1, 0xDD, 0x93, 0x75, 0x45,
    0x5F, 0x4A, 0x68, 0xD3, 0x23, 0xE9, 0xFF, 0x8F, 0x5A, 0x0A, 0x56, 0xF7, 0xB9, 0xD7, 0x98, 0xF9,
    0xE6, 0x27, 0x0F, 0x6B, 0xE3, 0x4D, 0xB0, 0x89, 0xAF, 0xD5, 0xBC, 0x51, 0x76, 0xAC, 0x6C, 0xD6,
    0xD9, 0x58, 0xCD, 0xD9, 0xCD, 0xB6, 0x73, 0xE6, 0xCA, 0xA6, 0x9D, 0x15, 0x81, 0xCF, 0x5B, 0x06,
    0xF7, 0xB3, 0x68, 0x3F, 0x00, 0x65, 0x90, 0x31, 0x4B, 0xC3, 0x50, 0x14, 0x85, 0xBF, 0xBC, 0x80,
    0xC5, 0x3C, 0x30, 0x93, 0x6B, 0xEB, 0x2C, 0xD5, 0xBE, 0xC1, 0xB1, 0x26, 0xC1, 0xFF, 0xE0, 0xFF,
    0x88, 0x74, 0x50, 0xA1, 0x60, 0x71, 0xF5, 0xCF, 0x38, 0x38, 0xB8, 0xD4, 0x3E, 0xE8, 0xE8, 0xD0,
    0xE0, 0xEA, 0x52, 0xDC, 0xDC, 0x32, 0x44, 0x28, 0x18, 0x8D, 0xF7, 0x26, 0x74, 0x28, 0x3E, 0x38,
    0x87, 0xC7, 0x7D, 0xE7, 0x9E, 0x7B, 0xEE, 0x83, 0x0C, 0x08, 0x67, 0x42, 0x7D, 0x01, 0x37, 0x82,
    0x60, 0x2D, 0x64, 0xB5, 0x74, 0x0A, 0x97, 0x2C, 0x9A, 0xA6, 0xE1, 0x5C, 0x1F, 0xE3, 0x56, 0x5B,
    0xE8, 0xB5, 0x54, 0x1A, 0xB7, 0x45, 0x25, 0xA3, 0xEA, 0xEE, 0xC8, 0x2D, 0x14, 0x83, 0x78, 0x03,
    0xC9, 0x0F, 0x7C, 0xAD, 0x32, 0xF3, 0xB6, 0xF4, 0xF6, 0xC2, 0x3F, 0x0E, 0x8D, 0x1F, 0x3A, 0xE3,
    0xF7, 0x31, 0x5E, 0x34, 0x5B, 0x14, 0xBB, 0x68, 0xF3, 0xB0, 0xDE, 0xB5, 0x57, 0xA1, 0xCE, 0x3C,
    0xCC, 0x98, 0x76, 0x79, 0xE4, 0x24, 0x4A, 0x1B, 0xBA, 0x71, 0x58, 0xED, 0x3B, 0xD1, 0xD2, 0x93,
    0x92, 0xDF, 0xC6, 0x09, 0x66, 0xFF, 0x67, 0xA8, 0x9D, 0xE9, 0x70, 0x66, 0xFC, 0x41, 0xDF, 0xF8,
    0x71, 0xEF, 0xDE, 0x97, 0xC1, 0xC7, 0xD2, 0x73, 0xBB, 0x82, 0x51, 0x2D, 0x7E, 0x65, 0xFB, 0x7E,
    0xD7, 0x7C, 0x32, 0x17, 0x9B, 0x85, 0xD8, 0x4F, 0xA4, 0x35, 0xAF, 0x04, 0xF2, 0x19, 0xF9, 0x20,
    0xC3, 0xF5, 0x0A, 0x5C, 0x50, 0xE1, 0x44, 0xE1, 0x18, 0x88, 0x6A, 0x8F, 0x63, 0xCD, 0x96, 0x42,
    0x43, 0xF8, 0x4E, 0xFC, 0x40, 0x62, 0xA9, 0x6D, 0x58, 0xDA, 0xD8, 0xDB, 0x94, 0xA8, 0x26, 0x72,
    0x74, 0x19, 0x83, 0x39, 0xD1, 0x28, 0x8B, 0x6C, 0x61, 0x83, 0xCA, 0x32, 0xB5, 0x0C, 0x2C, 0xE1,
    0x2B, 0x7C, 0x4B, 0x7B, 0xDA, 0x2D, 0x28, 0xE7, 0x48, 0xF6, 0x77, 0xE2, 0xE7, 0xA8, 0x71, 0x61,
    0x49, 0x1E, 0x7B, 0xF2, 0x91, 0x8C, 0x7F, 0x86, 0x2B, 0x59, 0xFB, 0x5A, 0xB6, 0x7B, 0xD1, 0x78,
    0xCD, 0x6F, 0xAB, 0xFF, 0x03, 0xAD, 0x92, 0xB1, 0x6E, 0xDB, 0x30, 0x14, 0x45, 0xAF, 0xC4, 0x16,
    0x42, 0x21, 0xA4, 0xEA, 0xD0, 0xD1, 0x88, 0xD6, 0xC2, 0x48, 0xC2, 0xC5, 0x83, 0x80, 0xCA, 0xA6,
    0xFE, 0x29, 0x19, 0x32, 0xB8, 0x30, 0x33, 0x67, 0xEA, 0x1F, 0x64, 0xD6, 0x52, 0x05, 0xC8, 0xA8,
    0xC6, 0xFC, 0x04, 0x7E, 0x82, 0x80, 0x76, 0xEA, 0x52, 0xA1, 0x30, 0x8A, 0x0E, 0xB6, 0x99, 0x2B,
    0x91, 0x6E, 0x82, 0x64, 0x0D, 0xA1, 0xA3, 0x27, 0x3D, 0xF1, 0xBD, 0xFB, 0x74, 0x25, 0x7C, 0x44,
    0xE2, 0xCC, 0xDB, 0xA4, 0x07, 0xB6, 0xC0, 0x12, 0x58, 0xF0, 0x88, 0xDC, 0x3E, 0xB3, 0xF7, 0x12,
    0x8B, 0x05, 0xBE, 0xB4, 0x68, 0x5B, 0x6C, 0x5B, 0x6C, 0x96, 0xA2, 0x53, 0xA9, 0xC9, 0x76, 0x40,
    0xAA, 0x81, 0xCC, 0x00, 0xD2, 0x02, 0x9F, 0x59, 0x78, 0x4E, 0x6E, 0xFF, 0x01, 0x76, 0x8B, 0xD8,
    0x7C, 0x87, 0xD0, 0x0A, 0x02, 0x0A, 0x29, 0x72, 0x7D, 0xC4, 0x8D, 0x13, 0xA4, 0xB6, 0x00, 0xAB,
    0x9D, 0xEB, 0x57, 0x84, 0xD1, 0x6D, 0x44, 0x0F, 0x89, 0xD7, 0x3E, 0xC9, 0x7D, 0xEC, 0x7E, 0x4E,
    0xEB, 0xB8, 0xBE, 0xA1, 0x8E, 0x56, 0xF5, 0x37, 0x2D, 0x91, 0x98, 0xCC, 0x08, 0x93, 0x58, 0xA1,
    0xB9, 0x05, 0xE0, 0x98, 0x68, 0x89, 0x22, 0x79, 0xC5, 0xF7, 0x60, 0x3C, 0x25, 0x25, 0xE1, 0xF3,
    0xD8, 0xA2, 0x4A, 0x4C, 0xD4, 0x65, 0x88, 0xBB, 0x53, 0x08, 0xCB, 0x59, 0xED, 0xCA, 0xA3, 0xA7,
    0x75, 0xCD, 0x02, 0xF0, 0xE5, 0x05, 0x49, 0x79, 0x79, 0x44, 0x0A, 0xD2, 0x00, 0x91, 0x79, 0x4C,
    0x4F, 0xC8, 0xCC, 0xF7, 0x1B, 0xD3, 0xAC, 0x7A, 0xCF, 0xDB, 0x93, 0x90, 0xFE, 0x40, 0x24, 0x94,
    0x56, 0x9C, 0x8E, 0x8A, 0xDA, 0x1B, 0x9A, 0x86, 0x61, 0x06, 0x72, 0x72, 0x16, 0x2A, 0xCA, 0xC0,
    0x25, 0x5C, 0xD5, 0x70, 0x67, 0x03, 0x61, 0x7A, 0x4E, 0xD6, 0x21, 0xEE, 0xE9, 0xFF, 0x1F, 0x0A,
    0xFC, 0x25, 0x2B, 0xB6, 0x50, 0xD5, 0xD0, 0xD8, 0x97, 0xBF, 0x63, 0xE7, 0x1D, 0x45, 0x32, 0x77,
    0xE5, 0xBA, 0xB3, 0xFC, 0xC7, 0xD7, 0xBE, 0x14, 0x7B, 0x14, 0x33, 0xEC, 0x50, 0xCE, 0xB0, 0x46,
    0x51, 0x46, 0xBF, 0xED, 0x5D, 0xEE, 0xAE, 0x5D, 0x9F, 0xEC, 0x22, 0xC7, 0xEA, 0x35, 0xF8, 0x27,
    0x68, 0x64, 0x59, 0x35, 0x6A, 0xCF, 0x03, 0x07, 0xFD, 0xF9, 0x13, 0x16, 0x01, 0x05, 0x2F, 0x78,
    0x10, 0x7D, 0x4E, 0xE8, 0xB3, 0x64, 0xFD, 0x9A, 0x66, 0x28, 0xAA, 0x48, 0x33, 0xB9, 0x68, 0x4E,
    0x9A, 0x79, 0x71, 0x93, 0x76, 0x18, 0xD7, 0xCB, 0xCC, 0xA7, 0x60, 0x54, 0x83, 0x69, 0xFD, 0xAB,
    0x1A, 0xAC, 0x47, 0x12, 0xDC, 0xA6, 0xB5, 0xD3, 0xFB, 0xDA, 0xE7, 0x8C, 0x37, 0x4F, 0x30, 0x1D,
    0xE1, 0xB0, 0x8E, 0x79, 0xB3, 0xA7, 0x8B, 0x6C, 0x15, 0xC2, 0x30, 0xA8, 0xE4, 0xBE, 0x78, 0x3B,
    0x8A, 0x8D, 0xBE, 0xF8, 0xD1, 0xD8, 0xAB, 0x0E, 0xBD, 0xE0, 0x3F, 0x51, 0x6E, 0xC3, 0x63, 0xF9,
    0xFF, 0xA2, 0x1A, 0x9D, 0x49, 0x37, 0x0C, 0xD5, 0x18, 0x86, 0xBF, 0xE6, 0xCD, 0x93, 0xDA, 0x07,
    0xA5, 0x8F, 0xB1, 0x0D, 0xC2, 0x30, 0x10, 0x45, 0x3F, 0x49, 0x11, 0x09, 0x17, 0x1E, 0xC1, 0x23,
    0x64, 0x04, 0x33, 0x18, 0x28, 0xEE, 0x99, 0x09, 0xF9, 0x46, 0xF0, 0x08, 0x11, 0x13, 0xB8, 0x40,
    0xC8, 0x42, 0x21, 0x97, 0xBB, 0x58, 0x69, 0x10, 0x20, 0x24, 0x8A, 0xFB, 0x72, 0xE1, 0x7B, 0xEF,
    0x3E, 0x5C, 0xEE, 0x47, 0xC4, 0xC2, 0xB7, 0x5D, 0xBE, 0x5F, 0x73, 0x93, 0x5A, 0x42, 0x9B, 0x3A,
    0x09, 0x32, 0x04, 0xCF, 0xCC, 0xF5, 0xF5, 0x3D, 0xBA, 0xB4, 0x85, 0x19, 0x6D, 0x82, 0x7F, 0xC6,
    0x09, 0x30, 0x33, 0x70, 0xEA, 0x09, 0xD9, 0x50, 0x33, 0x42, 0xA8, 0x32, 0x04, 0x65, 0x52, 0x4B,
    0x96, 0x74, 0xF1, 0xDD, 0x28, 0x46, 0x47, 0x48, 0xE4, 0xA7, 0x58, 0x84, 0x13, 0x70, 0x8C, 0xC2,
    0xB1, 0xC2, 0x91, 0x3F, 0xA9, 0xFE, 0xF3, 0x7C, 0xFE, 0xC8, 0x78, 0xE1, 0xA4, 0xF5, 0x20, 0x97,
    0x9D, 0x5C, 0x15, 0xCB, 0x65, 0x80, 0x74, 0xCD, 0x7D, 0xD0, 0xB2, 0xFB, 0xDA, 0xB6, 0xD6, 0x58,
    0xFB, 0x72, 0xD0, 0xB7, 0xFD, 0x29, 0x95, 0xBF, 0xA5, 0x7A, 0x5C, 0x50, 0x13, 0x67, 0x75, 0x3D,
    0x0E, 0xE2, 0x9A, 0x39, 0xA8, 0x6B, 0x58, 0x5D, 0xB2, 0x25, 0xAE, 0x6D, 0x57, 0x5D, 0xF6, 0x7F,
    0x57, 0x59, 0x00,
};

static const EpdGlyph sourceserif4_12_regularGlyphs[] = {
    { 0, 0, 92, 0, 0, 0, 0 }, // U+0020
    { 4, 16, 118, 2, 16, 16, 0 }, // !
    { 8, 8, 147, 1, 18, 16, 16 }, // "
    { 13, 16, 212, 0, 16, 52, 32 }, // #
    { 11, 21, 202, 1, 18, 58, 84 }, // $
    { 20, 18, 352, 1, 17, 90, 142 }, // %
    { 17, 16, 288, 0, 16, 68, 232 }, // &
    { 3, 8, 76, 1, 18, 6, 300 }, // '
    { 7, 24, 137, 1, 19, 42, 306 }, // (
    { 7, 24, 137, 0, 19, 42, 348 }, // )
    { 11, 10, 175, 0, 18, 28, 390 }, // *
    { 13, 13, 213, 0, 15, 43, 418 }, // +
    { 5, 8, 120, 1, 3, 10, 461 }, // ,
    { 6, 1, 126, 1, 7, 2, 471 }, // -
    { 5, 4, 120, 1, 4, 5, 473 }, // .
    { 9, 22, 135, 0, 18, 50, 478 }, // /
    { 12, 16, 203, 0, 16, 48, 528 }, // 0
    { 9, 17, 169, 1, 17, 39, 576 }, // 1
    { 11, 16, 205, 1, 16, 44, 615 }, // 2
    { 12, 16, 203, 0, 16, 48, 659 }, // 3
    { 13, 16, 201, 0, 16, 52, 707 }, // 4
    { 11, 16, 204, 1, 16, 44, 759 }, // 5
    { 11, 17, 205, 1, 17, 47, 803 }, // 6
    { 12, 16, 194, 0, 16, 48, 850 }, // 7
    { 11, 16, 205, 1, 16, 44, 898 }, // 8
    { 11, 18, 209, 1, 16, 50, 942 }, // 9
    { 5, 12, 120, 1, 12, 15, 992 }, // :
    { 5, 17, 120, 1, 12, 22, 1007 }, // ;
    { 11, 13, 213, 1, 15, 36, 1029 }, // <
    { 13, 8, 213, 0, 12, 26, 1065 }, // =
    { 11, 13, 213, 1, 14, 36, 1091 }, // >
    { 8, 18, 168, 1, 18, 36, 1127 }, // ?
    { 21, 19, 336, 0, 16, 100, 1163 }, // @
    { 17, 16, 266, 0, 16, 68, 1263 }, // A
    { 14, 16, 253, 1, 16, 56, 1331 }, // B
    { 14, 16, 252, 1, 16, 56, 1387 }, // C
    { 16, 16, 284, 1, 16, 64, 1443 }, // D
    { 14, 16, 241, 1, 16, 56, 1507 }, // E
    { 13, 16, 232, 1, 16, 52, 1563 }, // F
    { 16, 16, 272, 1, 16, 64, 1615 }, // G
    { 18, 16, 314, 1, 16, 72, 1679 }, // H
    { 8, 16, 149, 1, 16, 32, 1751 }, // I
    { 10, 20, 150, -1, 16, 50, 1783 }, // J
    { 16, 16, 268, 1, 16, 64, 1833 }, // K
    { 13, 16, 238, 1, 16, 52, 1897 }, // L
    { 22, 16, 360, 0, 16, 88, 1949 }, // M
    { 18, 16, 294, 0, 16, 72, 2037 }, // N
    { 16, 16, 282, 1, 16, 64, 2109 }, // O
    { 14, 16, 237, 1, 16, 56, 2173 }, // P
    { 16, 22, 282, 1, 16, 88, 2229 }, // Q
    { 16, 16, 262, 1, 16, 64, 2317 }, // R
    { 12, 16, 206, 0, 16, 48, 2381 }, // S
    { 15, 16, 243, 0, 16, 60, 2429 }, // T
    { 18, 16, 291, 0, 16, 72, 2489 }, // U
    { 17, 16, 269, 0, 16, 68, 2561 }, // V
    { 24, 16, 386, 0, 16, 96, 2629 }, // W
    { 16, 16, 260, 0, 16, 64, 2725 }, // X
    { 16, 16, 253, 0, 16, 64, 2789 }, // Y
    { 14, 16, 221, 0, 16, 56, 2853 }, // Z
    { 6, 22, 129, 2, 18, 33, 2909 }, // [
    { 9, 22, 135, 0, 18, 50, 2942 }, // <backslash>
    { 6, 22, 129, 0, 18, 33, 2992 }, // ]
    { 10, 7, 213, 2, 12, 18, 3025 }, // ^
    { 14, 2, 206, -1, 0, 7, 3043 }, // _
    { 6, 5, 160, 1, 19, 8, 3050 }, // `
    { 12, 12, 205, 1, 12, 36, 3058 }, // a
    { 14, 19, 232, 0, 19, 67, 3094 }, // b
    { 11, 12, 196, 1, 12, 33, 3161 }, // c
    { 13, 19, 228, 1, 19, 62, 3194 }, // d
    { 11, 12, 204, 1, 12, 33, 3256 }, // e
    { 11, 18, 142, 0, 18, 50, 3289 }, // f
    { 13, 18, 208, 0, 12, 59, 3339 }, // g
    { 15, 19, 241, 0, 19, 72, 3398 }, // h
    { 7, 18, 120, 0, 18, 32, 3470 }, // i
    { 9, 24, 112, -3, 18, 54, 3502 }, // j
    { 14, 19, 221, 0, 19, 67, 3556 }, // k
    { 7, 19, 120, 0, 19, 34, 3623 }, // l
    { 22, 12, 361, 0, 12, 66, 3657 }, // m
    { 15, 12, 243, 0, 12, 45, 3723 }, // n
    { 12, 12, 220, 1, 12, 36, 3768 }, // o
    { 14, 18, 234, 0, 12, 63, 3804 }, // p
    { 13, 18, 224, 1, 12, 59, 3867 }, // q
    { 11, 12, 171, 0, 12, 33, 3926 }, // r
    { 9, 12, 174, 1, 12, 27, 3959 }, // s
    { 9, 16, 132, 0, 16, 36, 3986 }, // t
    { 14, 13, 234, 0, 13, 46, 4022 }, // u
    { 14, 12, 203, -1, 12, 42, 4068 }, // v
    { 20, 12, 307, -1, 12, 60, 4110 }, // w
    { 13, 12, 212, 0, 12, 39, 4170 }, // x
    { 13, 18, 206, 0, 12, 59, 4209 }, // y
    { 11, 12, 183, 0, 12, 33, 4268 }, // z
    { 7, 22, 137, 1, 18, 39, 4301 }, // {
    { 3, 25, 117, 2, 19, 19, 4340 }, // |
    { 8, 22, 137, 0, 18, 44, 4359 }, // }
    { 12, 4, 213, 1, 11, 12, 4403 }, // ~
    { 0, 0, 92, 0, 0, 0, 0 }, // U+00A0
    { 4, 16, 118, 2, 12, 16, 0 }, // U+00A1
    { 11, 18, 202, 1, 16, 50, 16 }, // U+00A2
    { 12, 16, 202, 0, 16, 48, 66 }, // U+00A3
    { 12, 11, 203, 0, 14, 33, 114 }, // U+00A4
    { 14, 16, 202, -1, 16, 56, 147 }, // U+00A5
    { 3, 25, 117, 2, 19, 19, 203 }, // U+00A6
    { 11, 19, 198, 1, 16, 53, 222 }, // U+00A7
    { 10, 3, 160, 0, 18, 8, 275 }, // U+00A8
    { 19, 17, 302, 0, 17, 81, 283 }, // U+00A9
    { 9, 8, 140, 0, 19, 18, 364 }, // U+00AA
    { 12, 11, 198, 0, 12, 33, 382 }, // U+00AB
    { 13, 6, 213, 0, 10, 20, 415 }, // U+00AC
    { 6, 1, 126, 1, 7, 2, 435 }, // U+00AD
    { 11, 10, 184, 0, 18, 28, 437 }, // U+00AE
    { 8, 2, 160, 1, 17, 4, 465 }, // U+00AF
    { 8, 6, 131, 0, 16, 12, 469 }, // U+00B0
    { 13, 14, 213, 0, 14, 46, 481 }, // U+00B1
    { 8, 10, 148, 1, 21, 20, 527 }, // U+00B2
    { 8, 10, 148, 1, 21, 20, 547 }, // U+00B3
    { 6, 5, 160, 3, 19, 8, 567 }, // U+00B4
    { 13, 18, 228, 1, 13, 59, 575 }, // U+00B5
    { 14, 20, 241, 0, 16, 70, 634 }, // U+00B6
    { 5, 4, 120, 1, 11, 5, 704 }, // U+00B7
    { 6, 6, 160, 2, 1, 9, 709 }, // U+00B8
    { 7, 11, 148, 1, 22, 20, 718 }, // U+00B9
    { 9, 8, 151, 0, 19, 18, 738 }, // U+00BA
    { 12, 11, 198, 0, 12, 33, 756 }, // U+00BB
    { 20, 19, 340, 1, 18, 95, 789 }, // U+00BC
    { 20, 19, 352, 1, 18, 95, 884 }, // U+00BD
    { 20, 18, 340, 1, 17, 90, 979 }, // U+00BE
    { 8, 18, 168, 1, 12, 36, 1069 }, // U+00BF
    { 17, 22, 266, 0, 22, 94, 1105 }, // U+00C0
    { 17, 22, 266, 0, 22, 94, 1199 }, // U+00C1
    { 17, 21, 266, 0, 21, 90, 1293 }, // U+00C2
    { 17, 21, 266, 0, 21, 90, 1383 }, // U+00C3
    { 17, 21, 266, 0, 21, 90, 1473 }, // U+00C4
    { 17, 23, 266, 0, 23, 98, 1563 }, // U+00C5
    { 23, 16, 367, 0, 16, 92, 1661 }, // U+00C6
    { 14, 21, 252, 1, 16, 74, 1753 }, // U+00C7
    { 14, 22, 241, 1, 22, 77, 1827 }, // U+00C8
    { 14, 22, 241, 1, 22, 77, 1904 }, // U+00C9
    { 14, 21, 241, 1, 21, 74, 1981 }, // U+00CA
    { 14, 21, 241, 1, 21, 74, 2055 }, // U+00CB
    { 8, 22, 149, 1, 22, 44, 2129 }, // U+00CC
    { 8, 22, 149, 1, 22, 44, 2173 }, // U+00CD
    { 9, 21, 149, 0, 21, 48, 2217 }, // U+00CE
    { 9, 21, 149, 0, 21, 48, 2265 }, // U+00CF
    { 16, 16, 284, 1, 16, 64, 2313 }, // U+00D0
    { 18, 21, 294, 0, 21, 95, 2377 }, // U+00D1
    { 16, 22, 282, 1, 22, 88, 2472 }, // U+00D2
    { 16, 22, 282, 1, 22, 88, 2560 }, // U+00D3
    { 16, 21, 282, 1, 21, 84, 2648 }, // U+00D4
    { 16, 21, 282, 1, 21, 84, 2732 }, // U+00D5
    { 16, 21, 282, 1, 21, 84, 2816 }, // U+00D6
    { 12, 12, 213, 1, 14, 36, 2900 }, // U+00D7
    { 16, 18, 282, 1, 17, 72, 2936 }, // U+00D8
    { 18, 22, 291, 0, 22, 99, 3008 }, // U+00D9
    { 18, 22, 291, 0, 22, 99, 3107 }, // U+00DA
    { 18, 21, 291, 0, 21, 95, 3206 }, // U+00DB
    { 18, 21, 291, 0, 21, 95, 3301 }, // U+00DC
    { 16, 22, 253, 0, 22, 88, 3396 }, // U+00DD
    { 14, 16, 245, 1, 16, 56, 3484 }, // U+00DE
    { 15, 18, 240, 0, 18, 68, 3540 }, // U+00DF
    { 12, 19, 205, 1, 19, 57, 3608 }, // U+00E0
    { 12, 19, 205, 1, 19, 57, 3665 }, // U+00E1
    { 12, 18, 205, 1, 18, 54, 3722 }, // U+00E2
    { 12, 18, 205, 1, 18, 54, 3776 }, // U+00E3
    { 12, 18, 205, 1, 18, 54, 3830 }, // U+00E4
    { 12, 19, 205, 1, 19, 57, 3884 }, // U+00E5
    { 18, 12, 314, 1, 12, 54, 3941 }, // U+00E6
    { 11, 17, 196, 1, 12, 47, 3995 }, // U+00E7
    { 11, 19, 204, 1, 19, 53, 4042 }, // U+00E8
    { 11, 19, 204, 1, 19, 53, 4095 }, // U+00E9
    { 11, 18, 204, 1, 18, 50, 4148 }, // U+00EA
    { 11, 18, 204, 1, 18, 50, 4198 }, // U+00EB
    { 7, 19, 120, 0, 19, 34, 4248 }, // U+00EC
    { 7, 19, 120, 0, 19, 34, 4282 }, // U+00ED
    { 9, 18, 120, -1, 18, 41, 4316 }, // U+00EE
    { 9, 18, 120, -1, 18, 41, 4357 }, // U+00EF
    { 12, 19, 219, 1, 19, 57, 4398 }, // U+00F0
    { 15, 18, 243, 0, 18, 68, 4455 }, // U+00F1
    { 12, 19, 220, 1, 19, 57, 4523 }, // U+00F2
    { 12, 19, 220, 1, 19, 57, 4580 }, // U+00F3
    { 12, 18, 220, 1, 18, 54, 4637 }, // U+00F4
    { 12, 18, 220, 1, 18, 54, 4691 }, // U+00F5
    { 12, 18, 220, 1, 18, 54, 4745 }, // U+00F6
    { 13, 13, 213, 0, 15, 43, 4799 }, // U+00F7
    { 12, 14, 220, 1, 13, 42, 4842 }, // U+00F8
    { 14, 19, 234, 0, 19, 67, 4884 }, // U+00F9
    { 14, 19, 234, 0, 19, 67, 4951 }, // U+00FA
    { 14, 18, 234, 0, 18, 63, 5018 }, // U+00FB
    { 14, 18, 234, 0, 18, 63, 5081 }, // U+00FC
    { 13, 25, 206, 0, 19, 82, 5144 }, // U+00FD
    { 13, 25, 224, 0, 19, 82, 5226 }, // U+00FE
    { 13, 24, 206, 0, 18, 78, 5308 }, // U+00FF
    { 17, 20, 266, 0, 20, 85, 0 }, // U+0100
    { 12, 17, 205, 1, 17, 51, 85 }, // U+0101
    { 17, 21, 266, 0, 21, 90, 136 }, // U+0102
    { 12, 19, 205, 1, 19, 57, 226 }, // U+0103
    { 17, 21, 266, 0, 16, 90, 283 }, // U+0104
    { 12, 18, 205, 1, 12, 54, 373 }, // U+0105
    { 14, 22, 252, 1, 22, 77, 427 }, // U+0106
    { 11, 19, 196, 1, 19, 53, 504 }, // U+0107
    { 14, 21, 252, 1, 21, 74, 557 }, // U+0108
    { 11, 18, 196, 1, 18, 50, 631 }, // U+0109
    { 14, 21, 252, 1, 21, 74, 681 }, // U+010A
    { 11, 17, 196, 1, 17, 47, 755 }, // U+010B
    { 14, 22, 252, 1, 22, 77, 802 }, // U+010C
    { 11, 19, 196, 1, 19, 53, 879 }, // U+010D
    { 16, 22, 284, 1, 22, 88, 932 }, // U+010E
    { 16, 19, 233, 1, 19, 76, 1020 }, // U+010F
    { 16, 16, 284, 1, 16, 64, 1096 }, // U+0110
    { 13, 19, 228, 1, 19, 62, 1160 }, // U+0111
    { 14, 20, 241, 1, 20, 70, 1222 }, // U+0112
    { 11, 17, 204, 1, 17, 47, 1292 }, // U+0113
    { 14, 21, 241, 1, 21, 74, 1339 }, // U+0114
    { 11, 19, 204, 1, 19, 53, 1413 }, // U+0115
    { 14, 21, 241, 1, 21, 74, 1466 }, // U+0116
    { 11, 17, 204, 1, 17, 47, 1540 }, // U+0117
    { 14, 21, 241, 1, 16, 74, 1587 }, // U+0118
    { 11, 18, 204, 1, 12, 50, 1661 }, // U+0119
    { 14, 22, 241, 1, 22, 77, 1711 }, // U+011A
    { 11, 19, 204, 1, 19, 53, 1788 }, // U+011B
    { 16, 21, 272, 1, 21, 84, 1841 }, // U+011C
    { 13, 24, 208, 0, 18, 78, 1925 }, // U+011D
    { 16, 21, 272, 1, 21, 84, 2003 }, // U+011E
    { 13, 25, 208, 0, 19, 82, 2087 }, // U+011F
    { 16, 21, 272, 1, 21, 84, 2169 }, // U+0120
    { 13, 23, 208, 0, 17, 75, 2253 }, // U+0121
    { 16, 22, 272, 1, 16, 88, 2328 }, // U+0122
    { 13, 25, 208, 0, 19, 82, 2416 }, // U+0123
    { 18, 21, 314, 1, 21, 95, 2498 }, // U+0124
    { 15, 22, 241, 0, 22, 83, 2593 }, // U+0125
    { 19, 16, 314, 0, 16, 76, 2676 }, // U+0126
    { 15, 18, 241, 0, 18, 68, 2752 }, // U+0127
    { 10, 21, 149, 0, 21, 53, 2820 }, // U+0128
    { 9, 18, 120, -1, 18, 41, 2873 }, // U+0129
    { 8, 20, 149, 1, 20, 40, 2914 }, // U+012A
    { 7, 17, 120, 0, 17, 30, 2954 }, // U+012B
    { 8, 21, 149, 1, 16, 42, 2984 }, // U+012E
    { 8, 23, 120, 0, 18, 46, 3026 }, // U+012F
    { 8, 21, 149, 1, 21, 42, 3072 }, // U+0130
    { 7, 13, 120, 0, 13, 23, 3114 }, // U+0131
    { 10, 25, 150, -1, 21, 63, 3137 }, // U+0134
    { 11, 24, 112, -3, 18, 66, 3200 }, // U+0135
    { 16, 22, 268, 1, 16, 88, 3266 }, // U+0136
    { 14, 25, 221, 0, 19, 88, 3354 }, // U+0137
    { 14, 13, 221, 0, 13, 46, 3442 }, // U+0138
    { 13, 22, 238, 1, 22, 72, 3488 }, // U+0139
    { 8, 23, 120, 0, 23, 46, 3560 }, // U+013A
    { 13, 22, 238, 1, 16, 72, 3606 }, // U+013B
    { 7, 25, 120, 0, 19, 44, 3678 }, // U+013C
    { 13, 16, 238, 1, 16, 52, 3722 }, // U+013D
    { 10, 19, 121, 0, 19, 48, 3774 }, // U+013E
    { 13, 16, 238, 1, 16, 52, 3822 }, // U+013F
    { 10, 19, 120, 0, 19, 48, 3874 }, // U+0140
    { 13, 16, 238, 1, 16, 52, 3922 }, // U+0141
    { 7, 19, 120, 0, 19, 34, 3974 }, // U+0142
    { 18, 22, 294, 0, 22, 99, 4008 }, // U+0143
    { 15, 19, 243, 0, 19, 72, 4107 }, // U+0144
    { 18, 22, 294, 0, 16, 99, 4179 }, // U+0145
    { 15, 18, 243, 0, 12, 68, 4278 }, // U+0146
    { 18, 22, 294, 0, 22, 99, 4346 }, // U+0147
    { 15, 19, 243, 0, 19, 72, 4445 }, // U+0148
    { 19, 18, 312, 0, 18, 86, 4517 }, // U+0149
    { 18, 20, 294, 0, 16, 90, 4603 }, // U+014A
    { 13, 18, 243, 0, 12, 59, 4693 }, // U+014B
    { 16, 20, 282, 1, 20, 80, 4752 }, // U+014C
    { 12, 17, 220, 1, 17, 51, 4832 }, // U+014D
    { 16, 21, 282, 1, 21, 84, 4883 }, // U+014E
    { 12, 19, 220, 1, 19, 57, 4967 }, // U+014F
    { 16, 22, 282, 1, 22, 88, 5024 }, // U+0150
    { 12, 19, 220, 1, 19, 57, 5112 }, // U+0151
    { 22, 16, 375, 1, 16, 88, 5169 }, // U+0152
    { 20, 12, 348, 1, 12, 60, 5257 }, // U+0153
    { 16, 22, 262, 1, 22, 88, 5317 }, // U+0154
    { 11, 19, 171, 0, 19, 53, 5405 }, // U+0155
    { 16, 22, 262, 1, 16, 88, 5458 }, // U+0156
    { 11, 18, 171, 0, 12, 50, 5546 }, // U+0157
    { 16, 22, 262, 1, 22, 88, 5596 }, // U+0158
    { 11, 19, 171, 0, 19, 53, 5684 }, // U+0159
    { 12, 22, 206, 0, 22, 66, 5737 }, // U+015A
    { 9, 19, 174, 1, 19, 43, 5803 }, // U+015B
    { 12, 21, 206, 0, 21, 63, 5846 }, // U+015C
    { 9, 18, 174, 1, 18, 41, 5909 }, // U+015D
    { 12, 21, 206, 0, 16, 63, 5950 }, // U+015E
    { 9, 17, 174, 1, 12, 39, 6013 }, // U+015F
    { 12, 22, 206, 0, 22, 66, 6052 }, // U+0160
    { 9, 19, 174, 1, 19, 43, 6118 }, // U+0161
    { 15, 21, 243, 0, 16, 79, 6161 }, // U+0162
    { 9, 21, 132, 0, 16, 48, 6240 }, // U+0163
    { 15, 22, 243, 0, 22, 83, 6288 }, // U+0164
    { 9, 19, 132, 0, 19, 43, 6371 }, // U+0165
    { 18, 21, 291, 0, 21, 95, 6414 }, // U+0168
    { 14, 18, 234, 0, 18, 63, 6509 }, // U+0169
    { 18, 20, 291, 0, 20, 90, 6572 }, // U+016A
    { 14, 17, 234, 0, 17, 60, 6662 }, // U+016B
    { 18, 21, 291, 0, 21, 95, 6722 }, // U+016C
    { 14, 19, 234, 0, 19, 67, 6817 }, // U+016D
    { 18, 23, 291, 0, 23, 104, 6884 }, // U+016E
    { 14, 19, 234, 0, 19, 67, 6988 }, // U+016F
    { 18, 22, 291, 0, 22, 99, 7055 }, // U+0170
    { 14, 19, 234, 0, 19, 67, 7154 }, // U+0171
    { 18, 22, 291, 0, 16, 99, 7221 }, // U+0172
    { 15, 19, 234, 0, 13, 72, 7320 }, // U+0173
    { 24, 21, 386, 0, 21, 126, 7392 }, // U+0174
    { 20, 18, 307, -1, 18, 90, 7518 }, // U+0175
    { 16, 21, 253, 0, 21, 84, 7608 }, // U+0176
    { 13, 24, 206, 0, 18, 78, 7692 }, // U+0177
    { 16, 21, 253, 0, 21, 84, 7770 }, // U+0178
    { 14, 22, 221, 0, 22, 77, 7854 }, // U+0179
    { 11, 19, 183, 0, 19, 53, 7931 }, // U+017A
    { 14, 21, 221, 0, 21, 74, 7984 }, // U+017B
    { 11, 17, 183, 0, 17, 47, 8058 }, // U+017C
    { 14, 22, 221, 0, 22, 77, 8105 }, // U+017D
    { 11, 19, 183, 0, 19, 53, 8182 }, // U+017E
    { 11, 18, 138, 0, 18, 50, 8235 }, // U+017F
    { 16, 19, 282, 1, 19, 76, 0 }, // U+01A0
    { 13, 15, 220, 1, 15, 49, 76 }, // U+01A1
    { 19, 21, 291, 0, 21, 100, 125 }, // U+01AF
    { 15, 16, 234, 0, 16, 60, 225 }, // U+01B0
    { 17, 22, 266, 0, 22, 94, 285 }, // U+01CD
    { 12, 19, 205, 1, 19, 57, 379 }, // U+01CE
    { 8, 22, 149, 1, 22, 44, 436 }, // U+01CF
    { 8, 19, 120, 0, 19, 38, 480 }, // U+01D0
    { 16, 22, 282, 1, 22, 88, 518 }, // U+01D1
    { 12, 19, 220, 1, 19, 57, 606 }, // U+01D2
    { 18, 22, 291, 0, 22, 99, 663 }, // U+01D3
    { 14, 19, 234, 0, 19, 67, 762 }, // U+01D4
    { 18, 23, 291, 0, 23, 104, 829 }, // U+01D5
    { 14, 18, 234, 0, 18, 63, 933 }, // U+01D6
    { 18, 25, 291, 0, 25, 113, 996 }, // U+01D7
    { 14, 20, 234, 0, 20, 70, 1109 }, // U+01D8
    { 18, 25, 291, 0, 25, 113, 1179 }, // U+01D9
    { 14, 21, 234, 0, 21, 74, 1292 }, // U+01DA
    { 18, 25, 291, 0, 25, 113, 1366 }, // U+01DB
    { 14, 20, 234, 0, 20, 70, 1479 }, // U+01DC
    { 16, 22, 272, 1, 22, 88, 1549 }, // U+01E6
    { 13, 25, 208, 0, 19, 82, 1637 }, // U+01E7
    { 18, 22, 294, 0, 22, 99, 1719 }, // U+01F8
    { 15, 19, 243, 0, 19, 72, 1818 }, // U+01F9
    { 12, 22, 206, 0, 16, 66, 1890 }, // U+0218
    { 9, 18, 174, 1, 12, 41, 1956 }, // U+0219
    { 15, 22, 243, 0, 16, 83, 1997 }, // U+021A
    { 9, 22, 132, 0, 16, 50, 2080 }, // U+021B
    { 6, 5, 0, -4, 19, 8, 0 }, // U+0300
    { 6, 5, 0, -2, 19, 8, 8 }, // U+0301
    { 8, 5, 0, -4, 18, 10, 16 }, // U+0302
    { 10, 4, 0, -5, 18, 10, 26 }, // U+0303
    { 8, 2, 0, -4, 17, 4, 36 }, // U+0304
    { 8, 5, 0, -4, 19, 10, 40 }, // U+0306
    { 4, 3, 0, -2, 17, 3, 50 }, // U+0307
    { 10, 3, 0, -5, 18, 8, 53 }, // U+0308
    { 4, 6, 0, -2, 19, 6, 61 }, // U+0309
    { 6, 5, 0, -3, 19, 8, 67 }, // U+030A
    { 8, 6, 0, -3, 19, 12, 75 }, // U+030B
    { 8, 5, 0, -4, 19, 10, 87 }, // U+030C
    { 4, 6, 0, 0, 17, 6, 97 }, // U+031B
    { 4, 3, 0, -2, -3, 3, 103 }, // U+0323
    { 10, 3, 0, -5, -2, 8, 106 }, // U+0324
    { 4, 5, 0, -2, -1, 5, 114 }, // U+0326
    { 5, 6, 0, -2, 1, 8, 119 }, // U+0327
    { 6, 6, 0, -3, 1, 9, 127 }, // U+0328
    { 2, 5, 0, -1, -2, 3, 136 }, // U+0329
    { 8, 5, 0, -4, -1, 10, 139 }, // U+032E
    { 8, 2, 0, -4, -2, 4, 149 }, // U+0331
    { 14, 22, 241, 1, 22, 77, 0 }, // U+0400
    { 14, 21, 241, 1, 21, 74, 77 }, // U+0401
    { 18, 18, 282, 0, 16, 81, 151 }, // U+0402
    { 13, 22, 225, 1, 22, 72, 232 }, // U+0403
    { 14, 16, 246, 1, 16, 56, 304 }, // U+0404
    { 12, 16, 206, 0, 16, 48, 360 }, // U+0405
    { 8, 16, 149, 1, 16, 32, 408 }, // U+0406
    { 9, 21, 149, 0, 21, 48, 440 }, // U+0407
    { 10, 20, 150, -1, 16, 50, 488 }, // U+0408
    { 22, 16, 359, 0, 16, 88, 538 }, // U+0409
    { 24, 16, 400, 1, 16, 96, 626 }, // U+040A
    { 19, 16, 303, 0, 16, 76, 722 }, // U+040B
    { 16, 22, 263, 1, 22, 88, 798 }, // U+040C
    { 18, 22, 318, 1, 22, 99, 886 }, // U+040D
    { 17, 24, 268, 0, 22, 102, 985 }, // U+040E
    { 18, 22, 307, 1, 16, 99, 1087 }, // U+040F
    { 17, 16, 266, 0, 16, 68, 1186 }, // U+0410
    { 14, 16, 248, 1, 16, 56, 1254 }, // U+0411
    { 14, 16, 253, 1, 16, 56, 1310 }, // U+0412
    { 13, 16, 225, 1, 16, 52, 1366 }, // U+0413
    { 17, 21, 278, 0, 16, 90, 1418 }, // U+0414
    { 14, 16, 241, 1, 16, 56, 1508 }, // U+0415
    { 24, 16, 370, 0, 16, 96, 1564 }, // U+0416
    { 13, 16, 220, 0, 16, 52, 1660 }, // U+0417
    { 18, 16, 318, 1, 16, 72, 1712 }, // U+0418
    { 18, 22, 318, 1, 22, 99, 1784 }, // U+0419
    { 16, 16, 263, 1, 16, 64, 1883 }, // U+041A
    { 17, 16, 278, 0, 16, 68, 1947 }, // U+041B
    { 22, 16, 360, 0, 16, 88, 2015 }, // U+041C
    { 18, 16, 314, 1, 16, 72, 2103 }, // U+041D
    { 16, 16, 282, 1, 16, 64, 2175 }, // U+041E
    { 18, 16, 309, 1, 16, 72, 2239 }, // U+041F
    { 14, 16, 237, 1, 16, 56, 2311 }, // U+0420
    { 14, 16, 252, 1, 16, 56, 2367 }, // U+0421
    { 15, 16, 243, 0, 16, 60, 2423 }, // U+0422
    { 17, 18, 268, 0, 16, 77, 2483 }, // U+0423
    { 18, 16, 290, 0, 16, 72, 2560 }, // U+0424
    { 16, 16, 260, 0, 16, 64, 2632 }, // U+0425
    { 18, 21, 307, 1, 16, 95, 2696 }, // U+0426
    { 17, 16, 281, 0, 16, 68, 2791 }, // U+0427
    { 25, 16, 418, 1, 16, 100, 2859 }, // U+0428
    { 25, 21, 419, 1, 16, 132, 2959 }, // U+0429
    { 18, 16, 280, 0, 16, 72, 3091 }, // U+042A
    { 21, 16, 368, 1, 16, 84, 3163 }, // U+042B
    { 14, 16, 244, 1, 16, 56, 3247 }, // U+042C
    { 14, 16, 244, 1, 16, 56, 3303 }, // U+042D
    { 23, 16, 399, 1, 16, 92, 3359 }, // U+042E
    { 16, 16, 258, 0, 16, 64, 3451 }, // U+042F
    { 12, 12, 205, 1, 12, 36, 3515 }, // U+0430
    { 12, 20, 218, 1, 20, 60, 3551 }, // U+0431
    { 12, 12, 208, 1, 12, 36, 3611 }, // U+0432
    { 10, 12, 179, 1, 12, 30, 3647 }, // U+0433
    { 14, 16, 229, 0, 12, 56, 3677 }, // U+0434
    { 11, 12, 204, 1, 12, 33, 3733 }, // U+0435
    { 19, 12, 306, 0, 12, 57, 3766 }, // U+0436
    { 11, 12, 174, 0, 12, 33, 3823 }, // U+0437
    { 15, 12, 258, 1, 12, 45, 3856 }, // U+0438
    { 15, 19, 258, 1, 19, 72, 3901 }, // U+0439
    { 13, 12, 223, 1, 12, 39, 3973 }, // U+043A
    { 14, 12, 232, 0, 12, 42, 4012 }, // U+043B
    { 17, 12, 297, 1, 12, 51, 4054 }, // U+043C
    { 14, 12, 254, 1, 12, 42, 4105 }, // U+043D
    { 12, 12, 220, 1, 12, 36, 4147 }, // U+043E
    { 14, 12, 251, 1, 12, 42, 4183 }, // U+043F
    { 14, 18, 234, 0, 12, 63, 4225 }, // U+0440
    { 11, 12, 196, 1, 12, 33, 4288 }, // U+0441
    { 13, 12, 212, 0, 12, 39, 4321 }, // U+0442
    { 13, 18, 206, 0, 12, 59, 4360 }, // U+0443
    { 18, 24, 298, 0, 18, 108, 4419 }, // U+0444
    { 13, 12, 212, 0, 12, 39, 4527 }, // U+0445
    { 14, 16, 250, 1, 12, 56, 4566 }, // U+0446
    { 13, 12, 223, 0, 12, 39, 4622 }, // U+0447
    { 20, 12, 343, 1, 12, 60, 4661 }, // U+0448
    { 20, 16, 345, 1, 12, 80, 4721 }, // U+0449
    { 15, 12, 248, 0, 12, 45, 4801 }, // U+044A
    { 17, 12, 303, 1, 12, 51, 4846 }, // U+044B
    { 11, 12, 203, 1, 12, 33, 4897 }, // U+044C
    { 10, 12, 193, 1, 12, 30, 4930 }, // U+044D
    { 18, 12, 321, 1, 12, 54, 4960 }, // U+044E
    { 13, 12, 215, 0, 12, 39, 5014 }, // U+044F
    { 11, 19, 204, 1, 19, 53, 5053 }, // U+0450
    { 11, 18, 204, 1, 18, 50, 5106 }, // U+0451
    { 13, 22, 216, 0, 18, 72, 5156 }, // U+0452
    { 10, 19, 179, 1, 19, 48, 5228 }, // U+0453
    { 11, 12, 196, 1, 12, 33, 5276 }, // U+0454
    { 9, 12, 174, 1, 12, 27, 5309 }, // U+0455
    { 7, 18, 120, 0, 18, 32, 5336 }, // U+0456
    { 9, 18, 120, -1, 18, 41, 5368 }, // U+0457
    { 9, 24, 112, -3, 18, 54, 5409 }, // U+0458
    { 19, 12, 303, 0, 12, 57, 5463 }, // U+0459
    { 19, 12, 328, 1, 12, 57, 5520 }, // U+045A
    { 15, 18, 241, 0, 18, 68, 5577 }, // U+045B
    { 13, 19, 223, 1, 19, 62, 5645 }, // U+045C
    { 15, 19, 258, 1, 19, 72, 5707 }, // U+045D
    { 13, 25, 206, 0, 19, 82, 5779 }, // U+045E
    { 14, 16, 254, 1, 12, 56, 5861 }, // U+045F
    { 18, 18, 283, 0, 18, 81, 5917 }, // U+0462
    { 15, 16, 243, 0, 16, 60, 5998 }, // U+0463
    { 16, 16, 282, 1, 16, 64, 6058 }, // U+0472
    { 12, 12, 220, 1, 12, 36, 6122 }, // U+0473
    { 18, 16, 273, 0, 16, 72, 6158 }, // U+0474
    { 15, 12, 214, -1, 12, 45, 6230 }, // U+0475
    { 13, 20, 225, 1, 20, 65, 6275 }, // U+0490
    { 10, 15, 181, 1, 15, 38, 6340 }, // U+0491
    { 13, 16, 225, 1, 16, 52, 6378 }, // U+0492
    { 10, 12, 179, 1, 12, 30, 6430 }, // U+0493
    { 24, 21, 370, 0, 16, 126, 6460 }, // U+0496
    { 20, 16, 306, 0, 12, 80, 6586 }, // U+0497
    { 13, 22, 220, 0, 16, 72, 6666 }, // U+0498
    { 11, 18, 174, 0, 12, 50, 6738 }, // U+0499
    { 16, 21, 263, 1, 16, 84, 6788 }, // U+049A
    { 13, 16, 223, 1, 12, 52, 6872 }, // U+049B
    { 19, 16, 302, 0, 16, 76, 6924 }, // U+04A0
    { 17, 12, 262, 0, 12, 51, 7000 }, // U+04A1
    { 18, 21, 315, 1, 16, 95, 7051 }, // U+04A2
    { 15, 16, 256, 1, 12, 60, 7146 }, // U+04A3
    { 14, 22, 252, 1, 16, 77, 7206 }, // U+04AA
    { 11, 18, 196, 1, 12, 50, 7283 }, // U+04AB
    { 16, 16, 253, 0, 16, 64, 7333 }, // U+04AE
    { 14, 18, 207, -1, 12, 63, 7397 }, // U+04AF
    { 16, 16, 253, 0, 16, 64, 7460 }, // U+04B0
    { 14, 18, 207, -1, 12, 63, 7524 }, // U+04B1
    { 17, 21, 260, 0, 16, 90, 7587 }, // U+04B2
    { 14, 16, 212, 0, 12, 56, 7677 }, // U+04B3
    { 17, 21, 282, 0, 16, 90, 7733 }, // U+04B6
    { 14, 16, 225, 0, 12, 56, 7823 }, // U+04B7
    { 16, 16, 283, 1, 16, 64, 7879 }, // U+04BA
    { 15, 19, 241, 0, 19, 72, 7943 }, // U+04BB
    { 8, 16, 149, 1, 16, 32, 8015 }, // U+04C0
    { 24, 22, 370, 0, 22, 132, 8047 }, // U+04C1
    { 19, 19, 306, 0, 19, 91, 8179 }, // U+04C2
    { 7, 18, 120, 0, 18, 32, 8270 }, // U+04CF
    { 17, 22, 266, 0, 22, 94, 8302 }, // U+04D0
    { 12, 19, 205, 1, 19, 57, 8396 }, // U+04D1
    { 23, 16, 367, 0, 16, 92, 8453 }, // U+04D4
    { 18, 12, 314, 1, 12, 54, 8545 }, // U+04D5
    { 14, 22, 241, 1, 22, 77, 8599 }, // U+04D6
    { 11, 19, 204, 1, 19, 53, 8676 }, // U+04D7
    { 15, 16, 263, 1, 16, 60, 8729 }, // U+04D8
    { 11, 12, 208, 1, 12, 33, 8789 }, // U+04D9
    { 18, 20, 318, 1, 20, 90, 8822 }, // U+04E2
    { 15, 17, 258, 1, 17, 64, 8912 }, // U+04E3
    { 16, 21, 282, 1, 21, 84, 8976 }, // U+04E6
    { 12, 18, 220, 1, 18, 54, 9060 }, // U+04E7
    { 16, 16, 282, 1, 16, 64, 9114 }, // U+04E8
    { 12, 12, 220, 1, 12, 36, 9178 }, // U+04E9
    { 17, 22, 268, 0, 20, 94, 9214 }, // U+04EE
    { 13, 23, 206, 0, 17, 75, 9308 }, // U+04EF
    { 17, 24, 268, 0, 22, 102, 9383 }, // U+04F2
    { 13, 25, 206, 0, 19, 82, 9485 }, // U+04F3
    { 17, 22, 266, 0, 16, 94, 0 }, // U+1EA0
    { 12, 18, 205, 1, 12, 54, 94 }, // U+1EA1
    { 17, 23, 266, 0, 23, 98, 148 }, // U+1EA2
    { 12, 19, 205, 1, 19, 57, 246 }, // U+1EA3
    { 17, 23, 266, 0, 23, 98, 303 }, // U+1EA4
    { 12, 19, 205, 1, 19, 57, 401 }, // U+1EA5
    { 17, 23, 266, 0, 23, 98, 458 }, // U+1EA6
    { 13, 19, 205, 0, 19, 62, 556 }, // U+1EA7
    { 17, 24, 266, 0, 24, 102, 618 }, // U+1EA8
    { 12, 20, 205, 1, 20, 60, 720 }, // U+1EA9
    { 17, 24, 266, 0, 24, 102, 780 }, // U+1EAA
    { 12, 20, 205, 1, 20, 60, 882 }, // U+1EAB
    { 17, 27, 266, 0, 21, 115, 942 }, // U+1EAC
    { 12, 24, 205, 1, 18, 72, 1057 }, // U+1EAD
    { 17, 25, 266, 0, 25, 107, 1129 }, // U+1EAE
    { 12, 21, 205, 1, 21, 63, 1236 }, // U+1EAF
    { 17, 25, 266, 0, 25, 107, 1299 }, // U+1EB0
    { 12, 21, 205, 1, 21, 63, 1406 }, // U+1EB1
    { 17, 26, 266, 0, 26, 111, 1469 }, // U+1EB2
    { 12, 22, 205, 1, 22, 66, 1580 }, // U+1EB3
    { 17, 25, 266, 0, 25, 107, 1646 }, // U+1EB4
    { 12, 21, 205, 1, 21, 63, 1753 }, // U+1EB5
    { 17, 27, 266, 0, 21, 115, 1816 }, // U+1EB6
    { 12, 25, 205, 1, 19, 75, 1931 }, // U+1EB7
    { 14, 22, 241, 1, 16, 77, 2006 }, // U+1EB8
    { 11, 18, 204, 1, 12, 50, 2083 }, // U+1EB9
    { 14, 23, 241, 1, 23, 81, 2133 }, // U+1EBA
    { 11, 19, 204, 1, 19, 53, 2214 }, // U+1EBB
    { 14, 21, 241, 1, 21, 74, 2267 }, // U+1EBC
    { 11, 18, 204, 1, 18, 50, 2341 }, // U+1EBD
    { 14, 23, 241, 1, 23, 81, 2391 }, // U+1EBE
    { 12, 19, 204, 1, 19, 57, 2472 }, // U+1EBF
    { 14, 23, 241, 1, 23, 81, 2529 }, // U+1EC0
    { 11, 19, 204, 1, 19, 53, 2610 }, // U+1EC1
    { 14, 24, 241, 1, 24, 84, 2663 }, // U+1EC2
    { 12, 20, 204, 1, 20, 60, 2747 }, // U+1EC3
    { 14, 24, 241, 1, 24, 84, 2807 }, // U+1EC4
    { 11, 20, 204, 1, 20, 55, 2891 }, // U+1EC5
    { 14, 27, 241, 1, 21, 95, 2946 }, // U+1EC6
    { 11, 24, 204, 1, 18, 66, 3041 }, // U+1EC7
    { 8, 23, 149, 1, 23, 46, 3107 }, // U+1EC8
    { 7, 19, 120, 0, 19, 34, 3153 }, // U+1EC9
    { 8, 22, 149, 1, 16, 44, 3187 }, // U+1ECA
    { 7, 24, 120, 0, 18, 42, 3231 }, // U+1ECB
    { 16, 22, 282, 1, 16, 88, 3273 }, // U+1ECC
    { 12, 18, 220, 1, 12, 54, 3361 }, // U+1ECD
    { 16, 23, 282, 1, 23, 92, 3415 }, // U+1ECE
    { 12, 19, 220, 1, 19, 57, 3507 }, // U+1ECF
    { 16, 23, 282, 1, 23, 92, 3564 }, // U+1ED0
    { 12, 19, 220, 1, 19, 57, 3656 }, // U+1ED1
    { 16, 23, 282, 1, 23, 92, 3713 }, // U+1ED2
    { 12, 19, 220, 1, 19, 57, 3805 }, // U+1ED3
    { 16, 24, 282, 1, 24, 96, 3862 }, // U+1ED4
    { 12, 20, 220, 1, 20, 60, 3958 }, // U+1ED5
    { 16, 24, 282, 1, 24, 96, 4018 }, // U+1ED6
    { 12, 20, 220, 1, 20, 60, 4114 }, // U+1ED7
    { 16, 27, 282, 1, 21, 108, 4174 }, // U+1ED8
    { 12, 24, 220, 1, 18, 72, 4282 }, // U+1ED9
    { 16, 22, 282, 1, 22, 88, 4354 }, // U+1EDA
    { 13, 19, 220, 1, 19, 62, 4442 }, // U+1EDB
    { 16, 22, 282, 1, 22, 88, 4504 }, // U+1EDC
    { 13, 19, 220, 1, 19, 62, 4592 }, // U+1EDD
    { 16, 23, 282, 1, 23, 92, 4654 }, // U+1EDE
    { 13, 19, 220, 1, 19, 62, 4746 }, // U+1EDF
    { 16, 21, 282, 1, 21, 84, 4808 }, // U+1EE0
    { 13, 18, 220, 1, 18, 59, 4892 }, // U+1EE1
    { 16, 25, 282, 1, 19, 100, 4951 }, // U+1EE2
    { 13, 21, 220, 1, 15, 69, 5051 }, // U+1EE3
    { 18, 22, 291, 0, 16, 99, 5120 }, // U+1EE4
    { 14, 19, 234, 0, 13, 67, 5219 }, // U+1EE5
    { 18, 23, 291, 0, 23, 104, 5286 }, // U+1EE6
    { 14, 19, 234, 0, 19, 67, 5390 }, // U+1EE7
    { 19, 22, 291, 0, 22, 105, 5457 }, // U+1EE8
    { 15, 19, 234, 0, 19, 72, 5562 }, // U+1EE9
    { 19, 22, 291, 0, 22, 105, 5634 }, // U+1EEA
    { 15, 19, 234, 0, 19, 72, 5739 }, // U+1EEB
    { 19, 23, 291, 0, 23, 110, 5811 }, // U+1EEC
    { 15, 19, 234, 0, 19, 72, 5921 }, // U+1EED
    { 19, 21, 291, 0, 21, 100, 5993 }, // U+1EEE
    { 15, 18, 234, 0, 18, 68, 6093 }, // U+1EEF
    { 19, 27, 291, 0, 21, 129, 6161 }, // U+1EF0
    { 15, 22, 234, 0, 16, 83, 6290 }, // U+1EF1
    { 16, 22, 253, 0, 22, 88, 6373 }, // U+1EF2
    { 13, 25, 206, 0, 19, 82, 6461 }, // U+1EF3
    { 16, 22, 253, 0, 16, 88, 6543 }, // U+1EF4
    { 13, 19, 206, 0, 12, 62, 6631 }, // U+1EF5
    { 16, 23, 253, 0, 23, 92, 6693 }, // U+1EF6
    { 13, 25, 206, 0, 19, 82, 6785 }, // U+1EF7
    { 16, 21, 253, 0, 21, 84, 6867 }, // U+1EF8
    { 13, 24, 206, 0, 18, 78, 6951 }, // U+1EF9
    { 0, 0, 200, 0, 0, 0, 0 }, // U+2002
    { 0, 0, 400, 0, 0, 0, 0 }, // U+2003
    { 0, 0, 133, 0, 0, 0, 0 }, // U+2004
    { 0, 0, 100, 0, 0, 0, 0 }, // U+2005
    { 0, 0, 67, 0, 0, 0, 0 }, // U+2006
    { 0, 0, 202, 0, 0, 0, 0 }, // U+2007
    { 0, 0, 50, 0, 0, 0, 0 }, // U+2009
    { 0, 0, 17, 0, 0, 0, 0 }, // U+200A
    { 0, 0, 0, 0, 0, 0, 0 }, // U+200B
    { 6, 1, 126, 1, 7, 2, 0 }, // U+2010
    { 11, 1, 202, 1, 8, 3, 2 }, // U+2012
    { 11, 1, 206, 1, 7, 3, 5 }, // U+2013
    { 19, 1, 326, 1, 7, 5, 8 }, // U+2014
    { 19, 1, 326, 1, 7, 5, 13 }, // U+2015
    { 5, 7, 85, 0, 19, 9, 18 }, // U+2018
    { 5, 7, 85, 0, 18, 9, 27 }, // U+2019
    { 5, 7, 85, 0, 3, 9, 36 }, // U+201A
    { 10, 7, 167, 0, 19, 18, 45 }, // U+201C
    { 10, 7, 167, 0, 18, 18, 63 }, // U+201D
    { 10, 7, 167, 0, 3, 18, 81 }, // U+201E
    { 12, 20, 205, 0, 18, 60, 99 }, // U+2020
    { 12, 20, 205, 0, 18, 60, 159 }, // U+2021
    { 6, 6, 123, 1, 11, 9, 219 }, // U+2022
    { 13, 4, 240, 1, 4, 13, 228 }, // U+2025
    { 18, 4, 329, 1, 4, 18, 241 }, // U+2026
    { 0, 0, 50, 0, 0, 0, 259 }, // U+202F
    { 30, 18, 500, 1, 17, 135, 259 }, // U+2030
    { 4, 8, 100, 1, 18, 8, 394 }, // U+2032
    { 9, 8, 175, 1, 18, 18, 402 }, // U+2033
    { 7, 11, 116, 0, 12, 20, 420 }, // U+2039
    { 7, 11, 116, 0, 12, 20, 440 }, // U+203A
    { 11, 16, 228, 2, 16, 44, 460 }, // U+203C
    { 13, 18, 56, -5, 17, 59, 504 }, // U+2044
    { 18, 18, 319, 1, 18, 81, 563 }, // U+2047
    { 15, 18, 277, 1, 18, 68, 644 }, // U+2048
    { 14, 18, 276, 2, 18, 63, 712 }, // U+2049
    { 8, 10, 148, 1, 21, 20, 0 }, // U+2070
    { 5, 12, 82, 0, 23, 15, 20 }, // U+2071
    { 9, 10, 148, 0, 21, 23, 35 }, // U+2074
    { 8, 10, 148, 1, 21, 20, 58 }, // U+2075
    { 8, 10, 148, 1, 21, 20, 78 }, // U+2076
    { 8, 10, 148, 1, 21, 20, 98 }, // U+2077
    { 8, 10, 148, 1, 21, 20, 118 }, // U+2078
    { 8, 11, 148, 1, 21, 22, 138 }, // U+2079
    { 5, 15, 102, 1, 22, 19, 160 }, // U+207D
    { 6, 15, 102, 0, 22, 23, 179 }, // U+207E
    { 10, 8, 166, 0, 19, 20, 202 }, // U+207F
    { 8, 10, 148, 1, 5, 20, 222 }, // U+2080
    { 7, 11, 148, 1, 6, 20, 242 }, // U+2081
    { 8, 10, 148, 1, 5, 20, 262 }, // U+2082
    { 8, 10, 148, 1, 5, 20, 282 }, // U+2083
    { 9, 10, 148, 0, 5, 23, 302 }, // U+2084
    { 8, 10, 148, 1, 5, 20, 325 }, // U+2085
    { 8, 10, 148, 1, 5, 20, 345 }, // U+2086
    { 8, 10, 148, 1, 5, 20, 365 }, // U+2087
    { 8, 10, 148, 1, 5, 20, 385 }, // U+2088
    { 8, 11, 148, 1, 5, 22, 405 }, // U+2089
    { 5, 15, 102, 1, 6, 19, 427 }, // U+208D
    { 6, 15, 102, 0, 6, 23, 446 }, // U+208E
    { 13, 21, 202, 0, 18, 69, 0 }, // U+20A1
    { 12, 16, 202, 0, 16, 48, 69 }, // U+20A4
    { 13, 16, 202, 0, 16, 52, 117 }, // U+20A6
    { 13, 16, 202, 0, 16, 52, 169 }, // U+20A7
    { 14, 16, 202, -1, 16, 56, 221 }, // U+20A9
    { 12, 17, 202, 0, 17, 51, 277 }, // U+20AB
    { 13, 16, 202, 0, 16, 52, 328 }, // U+20AC
    { 13, 16, 202, 0, 16, 52, 380 }, // U+20AE
    { 13, 16, 202, 0, 16, 52, 432 }, // U+20B1
    { 13, 21, 202, 0, 18, 69, 484 }, // U+20B2
    { 13, 16, 202, 0, 16, 52, 553 }, // U+20B4
    { 11, 21, 202, 1, 18, 58, 605 }, // U+20B5
    { 13, 16, 202, 0, 16, 52, 663 }, // U+20B8
    { 11, 18, 202, 1, 17, 50, 715 }, // U+20B9
    { 13, 16, 202, 0, 16, 52, 765 }, // U+20BA
    { 13, 16, 202, 0, 16, 52, 817 }, // U+20BD
    { 12, 21, 202, 0, 18, 63, 869 }, // U+20BF
    { 17, 16, 264, 0, 15, 68, 0 }, // U+2190
    { 16, 16, 264, 0, 15, 64, 68 }, // U+2191
    { 17, 16, 264, 0, 15, 68, 132 }, // U+2192
    { 16, 16, 264, 0, 15, 64, 200 }, // U+2193
    { 13, 12, 264, 2, 13, 39, 264 }, // U+2196
    { 12, 12, 264, 2, 13, 36, 303 }, // U+2197
    { 12, 13, 264, 2, 14, 39, 339 }, // U+2198
    { 13, 13, 264, 2, 14, 43, 378 }, // U+2199
    { 12, 17, 214, 1, 17, 51, 0 }, // U+2202
    { 15, 16, 238, 0, 16, 60, 51 }, // U+2206
    { 19, 20, 309, 0, 17, 95, 111 }, // U+220F
    { 14, 20, 225, 0, 17, 70, 206 }, // U+2211
    { 13, 2, 213, 0, 9, 7, 276 }, // U+2212
    { 13, 18, 56, -5, 17, 59, 283 }, // U+2215
    { 5, 4, 120, 1, 11, 5, 342 }, // U+2219
    { 13, 23, 224, 1, 20, 75, 347 }, // U+221A
    { 19, 9, 314, 0, 13, 43, 422 }, // U+221E
    { 13, 26, 144, -2, 20, 85, 465 }, // U+222B
    { 12, 10, 213, 1, 14, 30, 550 }, // U+2248
    { 13, 15, 213, 0, 16, 49, 580 }, // U+2260
    { 13, 15, 213, 0, 15, 49, 629 }, // U+2264
    { 13, 15, 213, 0, 15, 49, 678 }, // U+2265
    { 19, 18, 264, 0, 18, 86, 0 }, // U+FB00
    { 15, 18, 244, 0, 18, 68, 86 }, // U+FB01
    { 15, 18, 246, 0, 18, 68, 154 }, // U+FB02
    { 23, 18, 366, 0, 18, 104, 222 }, // U+FB03
    { 23, 18, 368, 0, 18, 104, 326 }, // U+FB04
};

static const EpdUnicodeInterval sourceserif4_12_regularIntervals[] = {
    { 0x20, 0x7E, 0x0 },
    { 0xA0, 0x12B, 0x5F },
    { 0x12E, 0x131, 0xEB },
    { 0x134, 0x165, 0xEF },
    { 0x168, 0x17F, 0x121 },
    { 0x1A0, 0x1A1, 0x139 },
    { 0x1AF, 0x1B0, 0x13B },
    { 0x1CD, 0x1DC, 0x13D },
    { 0x1E6, 0x1E7, 0x14D },
    { 0x1F8, 0x1F9, 0x14F },
    { 0x218, 0x21B, 0x151 },
    { 0x300, 0x304, 0x155 },
    { 0x306, 0x30C, 0x15A },
    { 0x31B, 0x31B, 0x161 },
    { 0x323, 0x324, 0x162 },
    { 0x326, 0x329, 0x164 },
    { 0x32E, 0x32E, 0x168 },
    { 0x331, 0x331, 0x169 },
    { 0x400, 0x45F, 0x16A },
    { 0x462, 0x463, 0x1CA },
    { 0x472, 0x475, 0x1CC },
    { 0x490, 0x493, 0x1D0 },
    { 0x496, 0x49B, 0x1D4 },
    { 0x4A0, 0x4A3, 0x1DA },
    { 0x4AA, 0x4AB, 0x1DE },
    { 0x4AE, 0x4B3, 0x1E0 },
    { 0x4B6, 0x4B7, 0x1E6 },
    { 0x4BA, 0x4BB, 0x1E8 },
    { 0x4C0, 0x4C2, 0x1EA },
    { 0x4CF, 0x4D1, 0x1ED },
    { 0x4D4, 0x4D9, 0x1F0 },
    { 0x4E2, 0x4E3, 0x1F6 },
    { 0x4E6, 0x4E9, 0x1F8 },
    { 0x4EE, 0x4EF, 0x1FC },
    { 0x4F2, 0x4F3, 0x1FE },
    { 0x1EA0, 0x1EF9, 0x200 },
    { 0x2002, 0x2007, 0x25A },
    { 0x2009, 0x200B, 0x260 },
    { 0x2010, 0x2010, 0x263 },
    { 0x2012, 0x2015, 0x264 },
    { 0x2018, 0x201A, 0x268 },
    { 0x201C, 0x201E, 0x26B },
    { 0x2020, 0x2022, 0x26E },
    { 0x2025, 0x2026, 0x271 },
    { 0x202F, 0x2030, 0x273 },
    { 0x2032, 0x2033, 0x275 },
    { 0x2039, 0x203A, 0x277 },
    { 0x203C, 0x203C, 0x279 },
    { 0x2044, 0x2044, 0x27A },
    { 0x2047, 0x2049, 0x27B },
    { 0x2070, 0x2071, 0x27E },
    { 0x2074, 0x2079, 0x280 },
    { 0x207D, 0x2089, 0x286 },
    { 0x208D, 0x208E, 0x293 },
    { 0x20A1, 0x20A1, 0x295 },
    { 0x20A4, 0x20A4, 0x296 },
    { 0x20A6, 0x20A7, 0x297 },
    { 0x20A9, 0x20A9, 0x299 },
    { 0x20AB, 0x20AC, 0x29A },
    { 0x20AE, 0x20AE, 0x29C },
    { 0x20B1, 0x20B2, 0x29D },
    { 0x20B4, 0x20B5, 0x29F },
    { 0x20B8, 0x20BA, 0x2A1 },
    { 0x20BD, 0x20BD, 0x2A4 },
    { 0x20BF, 0x20BF, 0x2A5 },
    { 0x2190, 0x2193, 0x2A6 },
    { 0x2196, 0x2199, 0x2AA },
    { 0x2202, 0x2202, 0x2AE },
    { 0x2206, 0x2206, 0x2AF },
    { 0x220F, 0x220F, 0x2B0 },
    { 0x2211, 0x2212, 0x2B1 },
    { 0x2215, 0x2215, 0x2B3 },
    { 0x2219, 0x221A, 0x2B4 },
    { 0x221E, 0x221E, 0x2B6 },
    { 0x222B, 0x222B, 0x2B7 },
    { 0x2248, 0x2248, 0x2B8 },
    { 0x2260, 0x2260, 0x2B9 },
    { 0x2264, 0x2265, 0x2BA },
    { 0xFB00, 0xFB04, 0x2BC },
};

static const EpdFontGroup sourceserif4_12_regularGroups[] = {
    { 0, 2534, 4951, 95, 0 },
    { 2534, 2137, 5881, 96, 95 },
    { 4671, 2658, 9090, 122, 191 },
    { 7329, 848, 2339, 28, 313 },
    { 8177, 150, 172, 21, 341 },
    { 8327, 3713, 10611, 150, 362 },
    { 12040, 1539, 7612, 90, 512 },
    { 13579, 468, 865, 36, 602 },
    { 14047, 246, 534, 23, 638 },
    { 14293, 624, 1087, 17, 661 },
    { 14917, 288, 463, 8, 678 },
    { 15205, 427, 834, 14, 686 },
    { 15632, 179, 450, 5, 700 },
};

static const EpdKernClassEntry sourceserif4_12_regularKernLeftClasses[] = {
    { 0x0022, 1 }, // "
    { 0x0023, 2 }, // #
    { 0x0024, 3 }, // $
    { 0x0026, 4 }, // &
    { 0x0027, 1 }, // '
    { 0x0028, 5 }, // (
    { 0x0029, 6 }, // )
    { 0x002A, 7 }, // *
    { 0x002B, 8 }, // +
    { 0x002C, 9 }, // ,
    { 0x002E, 9 }, // .
    { 0x002F, 10 }, // /
    { 0x0030, 11 }, // 0
    { 0x0031, 12 }, // 1
    { 0x0032, 13 }, // 2
    { 0x0033, 14 }, // 3
    { 0x0034, 15 }, // 4
    { 0x0035, 16 }, // 5
    { 0x0036, 17 }, // 6
    { 0x0037, 18 }, // 7
    { 0x0038, 14 }, // 8
    { 0x0039, 19 }, // 9
    { 0x003A, 20 }, // :
    { 0x003B, 20 }, // ;
    { 0x003C, 21 }, // <
    { 0x003D, 22 }, // =
    { 0x003E, 8 }, // >
    { 0x003F, 23 }, // ?
    { 0x0040, 24 }, // @
    { 0x0041, 25 }, // A
    { 0x0042, 26 }, // B
    { 0x0043, 27 }, // C
    { 0x0044, 28 }, // D
    { 0x0045, 29 }, // E
    { 0x0046, 30 }, // F
    { 0x0047, 31 }, // G
    { 0x0048, 32 }, // H
    { 0x0049, 32 }, // I
    { 0x004A, 33 }, // J
    { 0x004B, 34 }, // K
    { 0x004C, 35 }, // L
    { 0x004D, 32 }, // M
    { 0x004E, 36 }, // N
    { 0x004F, 37 }, // O
    { 0x0050, 38 }, // P
    { 0x0051, 37 }, // Q
    { 0x0052, 39 }, // R
    { 0x0053, 40 }, // S
    { 0x0054, 41 }, // T
    { 0x0055, 42 }, // U
    { 0x0056, 43 }, // V
    { 0x0057, 44 }, // W
    { 0x0058, 45 }, // X
    { 0x0059, 46 }, // Y
    { 0x005A, 47 }, // Z
    { 0x005B, 5 }, // [
    { 0x005C, 48 }, // <backslash>
    { 0x005D, 6 }, // ]
    { 0x005F, 49 }, // _
    { 0x0061, 50 }, // a
    { 0x0062, 51 }, // b
    { 0x0063, 52 }, // c
    { 0x0064, 53 }, // d
    { 0x0065, 54 }, // e
    { 0x0066, 55 }, // f
    { 0x0067, 56 }, // g
    { 0x0068, 57 }, // h
    { 0x0069, 58 }, // i
    { 0x006A, 59 }, // j
    { 0x006B, 60 }, // k
    { 0x006C, 53 }, // l
    { 0x006D, 57 }, // m
    { 0x006E, 57 }, // n
    { 0x006F, 51 }, // o
    { 0x0070, 51 }, // p
    { 0x0071, 61 }, // q
    { 0x0072, 62 }, // r
    { 0x0073, 63 }, // s
    { 0x0074, 64 }, // t
    { 0x0075, 65 }, // u
    { 0x0076, 66 }, // v
    { 0x0077, 66 }, // w
    { 0x0078, 67 }, // x
    { 0x0079, 66 }, // y
    { 0x007A, 68 }, // z
    { 0x007B, 5 }, // {
    { 0x007C, 69 }, // |
    { 0x007D, 6 }, // }
    { 0x007E, 8 }, // ~
    { 0x00A0, 70 }, // U+00A0
    { 0x00A1, 71 }, // U+00A1
    { 0x00A2, 72 }, // U+00A2
    { 0x00A3, 73 }, // U+00A3
    { 0x00A5, 74 }, // U+00A5
    { 0x00A6, 69 }, // U+00A6
    { 0x00A9, 75 }, // U+00A9
    { 0x00AA, 76 }, // U+00AA
    { 0x00AB, 77 }, // U+00AB
    { 0x00AC, 22 }, // U+00AC
    { 0x00AD, 78 }, // U+00AD
    { 0x00AE, 7 }, // U+00AE
    { 0x00B1, 79 }, // U+00B1
    { 0x00B5, 80 }, // U+00B5
    { 0x00B7, 81 }, // U+00B7
    { 0x00BB, 82 }, // U+00BB
    { 0x00BF, 83 }, // U+00BF
    { 0x00C0, 25 }, // U+00C0
    { 0x00C1, 25 }, // U+00C1
    { 0x00C2, 25 }, // U+00C2
    { 0x00C3, 25 }, // U+00C3
    { 0x00C4, 25 }, // U+00C4
    { 0x00C5, 25 }, // U+00C5
    { 0x00C6, 29 }, // U+00C6
    { 0x00C7, 27 }, // U+00C7
    { 0x00C8, 29 }, // U+00C8
    { 0x00C9, 29 }, // U+00C9
    { 0x00CA, 29 }, // U+00CA
    { 0x00CB, 29 }, // U+00CB
    { 0x00CC, 32 }, // U+00CC
    { 0x00CD, 32 }, // U+00CD
    { 0x00CE, 32 }, // U+00CE
    { 0x00CF, 32 }, // U+00CF
    { 0x00D0, 28 }, // U+00D0
    { 0x00D1, 36 }, // U+00D1
    { 0x00D2, 37 }, // U+00D2
    { 0x00D3, 37 }, // U+00D3
    { 0x00D4, 37 }, // U+00D4
    { 0x00D5, 37 }, // U+00D5
    { 0x00D6, 37 }, // U+00D6
    { 0x00D7, 21 }, // U+00D7
    { 0x00D8, 37 }, // U+00D8
    { 0x00D9, 42 }, // U+00D9
    { 0x00DA, 42 }, // U+00DA
    { 0x00DB, 42 }, // U+00DB
    { 0x00DC, 42 }, // U+00DC
    { 0x00DD, 46 }, // U+00DD
    { 0x00DE, 84 }, // U+00DE
    { 0x00DF, 85 }, // U+00DF
    { 0x00E0, 50 }, // U+00E0
    { 0x00E1, 50 }, // U+00E1
    { 0x00E2, 50 }, // U+00E2
    { 0x00E3, 50 }, // U+00E3
    { 0x00E4, 50 }, // U+00E4
    { 0x00E5, 50 }, // U+00E5
    { 0x00E6, 54 }, // U+00E6
    { 0x00E7, 52 }, // U+00E7
    { 0x00E8, 54 }, // U+00E8
    { 0x00E9, 54 }, // U+00E9
    { 0x00EA, 54 }, // U+00EA
    { 0x00EB, 54 }, // U+00EB
    { 0x00EC, 58 }, // U+00EC
    { 0x00ED, 58 }, // U+00ED
    { 0x00EE, 86 }, // U+00EE
    { 0x00EF, 86 }, // U+00EF
    { 0x00F0, 87 }, // U+00F0
    { 0x00F1, 57 }, // U+00F1
    { 0x00F2, 51 }, // U+00F2
    { 0x00F3, 51 }, // U+00F3
    { 0x00F4, 51 }, // U+00F4
    { 0x00F5, 51 }, // U+00F5
    { 0x00F6, 51 }, // U+00F6
    { 0x00F7, 8 }, // U+00F7
    { 0x00F8, 51 }, // U+00F8
    { 0x00F9, 65 }, // U+00F9
    { 0x00FA, 65 }, // U+00FA
    { 0x00FB, 65 }, // U+00FB
    { 0x00FC, 65 }, // U+00FC
    { 0x00FD, 66 }, // U+00FD
    { 0x00FE, 51 }, // U+00FE
    { 0x00FF, 66 }, // U+00FF
    { 0x0100, 25 }, // U+0100
    { 0x0101, 50 }, // U+0101
    { 0x0102, 25 }, // U+0102
    { 0x0103, 50 }, // U+0103
    { 0x0104, 88 }, // U+0104
    { 0x0105, 89 }, // U+0105
    { 0x0106, 27 }, // U+0106
    { 0x0107, 52 }, // U+0107
    { 0x0108, 27 }, // U+0108
    { 0x0109, 52 }, // U+0109
    { 0x010A, 27 }, // U+010A
    { 0x010B, 52 }, // U+010B
    { 0x010C, 27 }, // U+010C
    { 0x010D, 52 }, // U+010D
    { 0x010E, 28 }, // U+010E
    { 0x010F, 90 }, // U+010F
    { 0x0110, 28 }, // U+0110
    { 0x0111, 53 }, // U+0111
    { 0x0112, 29 }, // U+0112
    { 0x0113, 54 }, // U+0113
    { 0x0114, 29 }, // U+0114
    { 0x0115, 54 }, // U+0115
    { 0x0116, 29 }, // U+0116
    { 0x0117, 54 }, // U+0117
    { 0x0118, 91 }, // U+0118
    { 0x0119, 54 }, // U+0119
    { 0x011A, 29 }, // U+011A
    { 0x011B, 54 }, // U+011B
    { 0x011C, 31 }, // U+011C
    { 0x011D, 56 }, // U+011D
    { 0x011E, 31 }, // U+011E
    { 0x011F, 56 }, // U+011F
    { 0x0120, 31 }, // U+0120
    { 0x0121, 56 }, // U+0121
    { 0x0122, 31 }, // U+0122
    { 0x0123, 56 }, // U+0123
    { 0x0124, 32 }, // U+0124
    { 0x0125, 57 }, // U+0125
    { 0x0126, 32 }, // U+0126
    { 0x0127, 57 }, // U+0127
    { 0x0128, 32 }, // U+0128
    { 0x0129, 86 }, // U+0129
    { 0x012A, 32 }, // U+012A
    { 0x012B, 86 }, // U+012B
    { 0x012E, 92 }, // U+012E
    { 0x012F, 93 }, // U+012F
    { 0x0130, 32 }, // U+0130
    { 0x0131, 58 }, // U+0131
    { 0x0134, 33 }, // U+0134
    { 0x0135, 59 }, // U+0135
    { 0x0136, 34 }, // U+0136
    { 0x0137, 60 }, // U+0137
    { 0x0138, 60 }, // U+0138
    { 0x0139, 35 }, // U+0139
    { 0x013A, 53 }, // U+013A
    { 0x013B, 35 }, // U+013B
    { 0x013C, 53 }, // U+013C
    { 0x013D, 94 }, // U+013D
    { 0x013E, 90 }, // U+013E
    { 0x0141, 35 }, // U+0141
    { 0x0142, 95 }, // U+0142
    { 0x0143, 36 }, // U+0143
    { 0x0144, 57 }, // U+0144
    { 0x0145, 36 }, // U+0145
    { 0x0146, 57 }, // U+0146
    { 0x0147, 36 }, // U+0147
    { 0x0148, 57 }, // U+0148
    { 0x014A, 33 }, // U+014A
    { 0x014B, 59 }, // U+014B
    { 0x014C, 37 }, // U+014C
    { 0x014D, 51 }, // U+014D
    { 0x014E, 37 }, // U+014E
    { 0x014F, 51 }, // U+014F
    { 0x0150, 37 }, // U+0150
    { 0x0151, 51 }, // U+0151
    { 0x0152, 29 }, // U+0152
    { 0x0153, 54 }, // U+0153
    { 0x0154, 39 }, // U+0154
    { 0x0155, 62 }, // U+0155
    { 0x0156, 39 }, // U+0156
    { 0x0157, 62 }, // U+0157
    { 0x0158, 39 }, // U+0158
    { 0x0159, 62 }, // U+0159
    { 0x015A, 40 }, // U+015A
    { 0x015B, 63 }, // U+015B
    { 0x015C, 40 }, // U+015C
    { 0x015D, 63 }, // U+015D
    { 0x015E, 40 }, // U+015E
    { 0x015F, 63 }, // U+015F
    { 0x0160, 40 }, // U+0160
    { 0x0161, 63 }, // U+0161
    { 0x0162, 41 }, // U+0162
    { 0x0163, 64 }, // U+0163
    { 0x0164, 41 }, // U+0164
    { 0x0165, 96 }, // U+0165
    { 0x0168, 42 }, // U+0168
    { 0x0169, 65 }, // U+0169
    { 0x016A, 42 }, // U+016A
    { 0x016B, 65 }, // U+016B
    { 0x016C, 42 }, // U+016C
    { 0x016D, 65 }, // U+016D
    { 0x016E, 42 }, // U+016E
    { 0x016F, 65 }, // U+016F
    { 0x0170, 42 }, // U+0170
    { 0x0171, 65 }, // U+0171
    { 0x0172, 42 }, // U+0172
    { 0x0173, 97 }, // U+0173
    { 0x0174, 44 }, // U+0174
    { 0x0175, 66 }, // U+0175
    { 0x0176, 46 }, // U+0176
    { 0x0177, 66 }, // U+0177
    { 0x0178, 46 }, // U+0178
    { 0x0179, 47 }, // U+0179
    { 0x017A, 68 }, // U+017A
    { 0x017B, 47 }, // U+017B
    { 0x017C, 68 }, // U+017C
    { 0x017D, 47 }, // U+017D
    { 0x017E, 68 }, // U+017E
    { 0x017F, 55 }, // U+017F
    { 0x01A0, 37 }, // U+01A0
    { 0x01AF, 98 }, // U+01AF
    { 0x01B0, 99 }, // U+01B0
    { 0x01CD, 25 }, // U+01CD
    { 0x01CE, 50 }, // U+01CE
    { 0x01CF, 32 }, // U+01CF
    { 0x01D0, 86 }, // U+01D0
    { 0x01D1, 37 }, // U+01D1
    { 0x01D2, 51 }, // U+01D2
    { 0x01D3, 42 }, // U+01D3
    { 0x01D4, 65 }, // U+01D4
    { 0x01D5, 42 }, // U+01D5
    { 0x01D6, 65 }, // U+01D6
    { 0x01D7, 42 }, // U+01D7
    { 0x01D8, 65 }, // U+01D8
    { 0x01D9, 42 }, // U+01D9
    { 0x01DA, 65 }, // U+01DA
    { 0x01DB, 42 }, // U+01DB
    { 0x01DC, 65 }, // U+01DC
    { 0x01E6, 31 }, // U+01E6
    { 0x01E7, 56 }, // U+01E7
    { 0x01F8, 36 }, // U+01F8
    { 0x01F9, 57 }, // U+01F9
    { 0x0218, 40 }, // U+0218
    { 0x0219, 63 }, // U+0219
    { 0x021A, 41 }, // U+021A
    { 0x021B, 64 }, // U+021B
    { 0x0400, 100 }, // U+0400
    { 0x0401, 100 }, // U+0401
    { 0x0402, 101 }, // U+0402
    { 0x0403, 102 }, // U+0403
    { 0x0404, 103 }, // U+0404
    { 0x0405, 104 }, // U+0405
    { 0x0406, 105 }, // U+0406
    { 0x0407, 105 }, // U+0407
    { 0x0408, 106 }, // U+0408
    { 0x0409, 107 }, // U+0409
    { 0x040A, 107 }, // U+040A
    { 0x040B, 108 }, // U+040B
    { 0x040C, 109 }, // U+040C
    { 0x040D, 105 }, // U+040D
    { 0x040E, 110 }, // U+040E
    { 0x040F, 105 }, // U+040F
    { 0x0410, 111 }, // U+0410
    { 0x0411, 112 }, // U+0411
    { 0x0412, 112 }, // U+0412
    { 0x0413, 102 }, // U+0413
    { 0x0414, 113 }, // U+0414
    { 0x0415, 100 }, // U+0415
    { 0x0416, 109 }, // U+0416
    { 0x0417, 112 }, // U+0417
    { 0x0418, 105 }, // U+0418
    { 0x0419, 105 }, // U+0419
    { 0x041A, 109 }, // U+041A
    { 0x041B, 105 }, // U+041B
    { 0x041C, 105 }, // U+041C
    { 0x041D, 105 }, // U+041D
    { 0x041E, 114 }, // U+041E
    { 0x041F, 105 }, // U+041F
    { 0x0420, 115 }, // U+0420
    { 0x0421, 103 }, // U+0421
    { 0x0422, 116 }, // U+0422
    { 0x0423, 110 }, // U+0423
    { 0x0424, 117 }, // U+0424
    { 0x0425, 109 }, // U+0425
    { 0x0426, 113 }, // U+0426
    { 0x0427, 105 }, // U+0427
    { 0x0428, 105 }, // U+0428
    { 0x0429, 113 }, // U+0429
    { 0x042A, 107 }, // U+042A
    { 0x042B, 105 }, // U+042B
    { 0x042C, 107 }, // U+042C
    { 0x042D, 114 }, // U+042D
    { 0x042E, 114 }, // U+042E
    { 0x042F, 105 }, // U+042F
    { 0x0430, 118 }, // U+0430
    { 0x0431, 119 }, // U+0431
    { 0x0432, 120 }, // U+0432
    { 0x0433, 121 }, // U+0433
    { 0x0434, 122 }, // U+0434
    { 0x0435, 123 }, // U+0435
    { 0x0436, 124 }, // U+0436
    { 0x0437, 120 }, // U+0437
    { 0x0438, 125 }, // U+0438
    { 0x0439, 125 }, // U+0439
    { 0x043A, 124 }, // U+043A
    { 0x043B, 125 }, // U+043B
    { 0x043C, 125 }, // U+043C
    { 0x043D, 125 }, // U+043D
    { 0x043E, 126 }, // U+043E
    { 0x043F, 125 }, // U+043F
    { 0x0440, 126 }, // U+0440
    { 0x0441, 127 }, // U+0441
    { 0x0442, 121 }, // U+0442
    { 0x0443, 128 }, // U+0443
    { 0x0444, 126 }, // U+0444
    { 0x0445, 124 }, // U+0445
    { 0x0446, 122 }, // U+0446
    { 0x0447, 125 }, // U+0447
    { 0x0448, 125 }, // U+0448
    { 0x0449, 122 }, // U+0449
    { 0x044A, 129 }, // U+044A
    { 0x044B, 125 }, // U+044B
    { 0x044C, 129 }, // U+044C
    { 0x044D, 126 }, // U+044D
    { 0x044E, 126 }, // U+044E
    { 0x044F, 125 }, // U+044F
    { 0x0450, 123 }, // U+0450
    { 0x0451, 123 }, // U+0451
    { 0x0452, 130 }, // U+0452
    { 0x0453, 121 }, // U+0453
    { 0x0454, 127 }, // U+0454
    { 0x0455, 131 }, // U+0455
    { 0x0456, 132 }, // U+0456
    { 0x0457, 133 }, // U+0457
    { 0x0458, 134 }, // U+0458
    { 0x0459, 129 }, // U+0459
    { 0x045A, 129 }, // U+045A
    { 0x045B, 135 }, // U+045B
    { 0x045C, 124 }, // U+045C
    { 0x045D, 125 }, // U+045D
    { 0x045E, 128 }, // U+045E
    { 0x045F, 125 }, // U+045F
    { 0x0462, 136 }, // U+0462
    { 0x0463, 137 }, // U+0463
    { 0x0472, 114 }, // U+0472
    { 0x0473, 126 }, // U+0473
    { 0x0474, 110 }, // U+0474
    { 0x0475, 138 }, // U+0475
    { 0x0490, 139 }, // U+0490
    { 0x0491, 140 }, // U+0491
    { 0x0492, 102 }, // U+0492
    { 0x0493, 121 }, // U+0493
    { 0x0496, 141 }, // U+0496
    { 0x0497, 142 }, // U+0497
    { 0x0498, 112 }, // U+0498
    { 0x0499, 120 }, // U+0499
    { 0x049A, 141 }, // U+049A
    { 0x049B, 142 }, // U+049B
    { 0x04A0, 109 }, // U+04A0
    { 0x04A1, 124 }, // U+04A1
    { 0x04A2, 113 }, // U+04A2
    { 0x04A3, 122 }, // U+04A3
    { 0x04AA, 103 }, // U+04AA
    { 0x04AB, 127 }, // U+04AB
    { 0x04AE, 143 }, // U+04AE
    { 0x04AF, 144 }, // U+04AF
    { 0x04B0, 143 }, // U+04B0
    { 0x04B1, 144 }, // U+04B1
    { 0x04B2, 141 }, // U+04B2
    { 0x04B3, 142 }, // U+04B3
    { 0x04B6, 113 }, // U+04B6
    { 0x04B7, 122 }, // U+04B7
    { 0x04BA, 145 }, // U+04BA
    { 0x04BB, 135 }, // U+04BB
    { 0x04C0, 105 }, // U+04C0
    { 0x04C1, 109 }, // U+04C1
    { 0x04C2, 124 }, // U+04C2
    { 0x04CF, 146 }, // U+04CF
    { 0x04D0, 111 }, // U+04D0
    { 0x04D1, 118 }, // U+04D1
    { 0x04D4, 100 }, // U+04D4
    { 0x04D5, 123 }, // U+04D5
    { 0x04D6, 100 }, // U+04D6
    { 0x04D7, 123 }, // U+04D7
    { 0x04D8, 114 }, // U+04D8
    { 0x04D9, 126 }, // U+04D9
    { 0x04E2, 105 }, // U+04E2
    { 0x04E3, 125 }, // U+04E3
    { 0x04E6, 114 }, // U+04E6
    { 0x04E7, 126 }, // U+04E7
    { 0x04E8, 114 }, // U+04E8
    { 0x04E9, 126 }, // U+04E9
    { 0x04EE, 110 }, // U+04EE
    { 0x04EF, 128 }, // U+04EF
    { 0x04F2, 110 }, // U+04F2
    { 0x04F3, 128 }, // U+04F3
    { 0x1EA0, 25 }, // U+1EA0
    { 0x1EA1, 50 }, // U+1EA1
    { 0x1EA2, 25 }, // U+1EA2
    { 0x1EA3, 50 }, // U+1EA3
    { 0x1EA4, 25 }, // U+1EA4
    { 0x1EA5, 50 }, // U+1EA5
    { 0x1EA6, 25 }, // U+1EA6
    { 0x1EA7, 50 }, // U+1EA7
    { 0x1EA8, 25 }, // U+1EA8
    { 0x1EA9, 50 }, // U+1EA9
    { 0x1EAA, 25 }, // U+1EAA
    { 0x1EAB, 50 }, // U+1EAB
    { 0x1EAC, 25 }, // U+1EAC
    { 0x1EAD, 50 }, // U+1EAD
    { 0x1EAE, 25 }, // U+1EAE
    { 0x1EAF, 50 }, // U+1EAF
    { 0x1EB0, 25 }, // U+1EB0
    { 0x1EB1, 50 }, // U+1EB1
    { 0x1EB2, 25 }, // U+1EB2
    { 0x1EB3, 50 }, // U+1EB3
    { 0x1EB4, 25 }, // U+1EB4
    { 0x1EB5, 50 }, // U+1EB5
    { 0x1EB6, 25 }, // U+1EB6
    { 0x1EB7, 50 }, // U+1EB7
    { 0x1EB8, 29 }, // U+1EB8
    { 0x1EB9, 54 }, // U+1EB9
    { 0x1EBA, 29 }, // U+1EBA
    { 0x1EBB, 54 }, // U+1EBB
    { 0x1EBC, 29 }, // U+1EBC
    { 0x1EBD, 54 }, // U+1EBD
    { 0x1EBE, 29 }, // U+1EBE
    { 0x1EBF, 54 }, // U+1EBF
    { 0x1EC0, 29 }, // U+1EC0
    { 0x1EC1, 54 }, // U+1EC1
    { 0x1EC2, 29 }, // U+1EC2
    { 0x1EC3, 54 }, // U+1EC3
    { 0x1EC4, 29 }, // U+1EC4
    { 0x1EC5, 54 }, // U+1EC5
    { 0x1EC6, 29 }, // U+1EC6
    { 0x1EC7, 54 }, // U+1EC7
    { 0x1EC8, 32 }, // U+1EC8
    { 0x1EC9, 58 }, // U+1EC9
    { 0x1ECA, 32 }, // U+1ECA
    { 0x1ECB, 58 }, // U+1ECB
    { 0x1ECC, 37 }, // U+1ECC
    { 0x1ECD, 51 }, // U+1ECD
    { 0x1ECE, 37 }, // U+1ECE
    { 0x1ECF, 51 }, // U+1ECF
    { 0x1ED0, 37 }, // U+1ED0
    { 0x1ED1, 51 }, // U+1ED1
    { 0x1ED2, 37 }, // U+1ED2
    { 0x1ED3, 51 }, // U+1ED3
    { 0x1ED4, 37 }, // U+1ED4
    { 0x1ED5, 51 }, // U+1ED5
    { 0x1ED6, 37 }, // U+1ED6
    { 0x1ED7, 51 }, // U+1ED7
    { 0x1ED8, 37 }, // U+1ED8
    { 0x1ED9, 51 }, // U+1ED9
    { 0x1EDA, 37 }, // U+1EDA
    { 0x1EDC, 37 }, // U+1EDC
    { 0x1EDE, 37 }, // U+1EDE
    { 0x1EE0, 37 }, // U+1EE0
    { 0x1EE2, 37 }, // U+1EE2
    { 0x1EE4, 42 }, // U+1EE4
    { 0x1EE5, 65 }, // U+1EE5
    { 0x1EE6, 42 }, // U+1EE6
    { 0x1EE7, 65 }, // U+1EE7
    { 0x1EE8, 98 }, // U+1EE8
    { 0x1EE9, 99 }, // U+1EE9
    { 0x1EEA, 98 }, // U+1EEA
    { 0x1EEB, 99 }, // U+1EEB
    { 0x1EEC, 98 }, // U+1EEC
    { 0x1EED, 99 }, // U+1EED
    { 0x1EEE, 98 }, // U+1EEE
    { 0x1EEF, 99 }, // U+1EEF
    { 0x1EF0, 98 }, // U+1EF0
    { 0x1EF1, 99 }, // U+1EF1
    { 0x1EF2, 46 }, // U+1EF2
    { 0x1EF3, 66 }, // U+1EF3
    { 0x1EF4, 46 }, // U+1EF4
    { 0x1EF5, 66 }, // U+1EF5
    { 0x1EF6, 46 }, // U+1EF6
    { 0x1EF7, 66 }, // U+1EF7
    { 0x1EF8, 46 }, // U+1EF8
    { 0x1EF9, 66 }, // U+1EF9
    { 0x2012, 78 }, // U+2012
    { 0x2013, 78 }, // U+2013
    { 0x2014, 78 }, // U+2014
    { 0x2015, 78 }, // U+2015
    { 0x2018, 147 }, // U+2018
    { 0x2019, 148 }, // U+2019
    { 0x201A, 149 }, // U+201A
    { 0x201C, 147 }, // U+201C
    { 0x201D, 148 }, // U+201D
    { 0x201E, 149 }, // U+201E
    { 0x2022, 150 }, // U+2022
    { 0x2026, 9 }, // U+2026
    { 0x2039, 77 }, // U+2039
    { 0x203A, 82 }, // U+203A
    { 0x2071, 76 }, // U+2071
    { 0x207F, 76 }, // U+207F
    { 0x20B9, 151 }, // U+20B9
    { 0x20BA, 152 }, // U+20BA
    { 0x2206, 153 }, // U+2206
    { 0x2212, 8 }, // U+2212
    { 0x2219, 81 }, // U+2219
    { 0x221A, 154 }, // U+221A
    { 0x2248, 22 }, // U+2248
    { 0x2260, 22 }, // U+2260
    { 0x2264, 155 }, // U+2264
    { 0x2265, 156 }, // U+2265
    { 0xFB00, 55 }, // U+FB00
    { 0xFB01, 58 }, // U+FB01
    { 0xFB02, 53 }, // U+FB02
    { 0xFB03, 58 }, // U+FB03
    { 0xFB04, 53 }, // U+FB04
};

static const EpdKernClassEntry sourceserif4_12_regularKernRightClasses[] = {
    { 0x0021, 1 }, // !
    { 0x0022, 2 }, // "
    { 0x0023, 3 }, // #
    { 0x0024, 4 }, // $
    { 0x0025, 5 }, // %
    { 0x0026, 6 }, // &
    { 0x0027, 2 }, // '
    { 0x0028, 7 }, // (
    { 0x0029, 8 }, // )
    { 0x002A, 9 }, // *
    { 0x002B, 10 }, // +
    { 0x002C, 11 }, // ,
    { 0x002E, 11 }, // .
    { 0x002F, 12 }, // /
    { 0x0030, 13 }, // 0
    { 0x0031, 14 }, // 1
    { 0x0032, 15 }, // 2
    { 0x0033, 16 }, // 3
    { 0x0034, 17 }, // 4
    { 0x0035, 18 }, // 5
    { 0x0036, 19 }, // 6
    { 0x0037, 20 }, // 7
    { 0x0038, 21 }, // 8
    { 0x0039, 22 }, // 9
    { 0x003A, 23 }, // :
    { 0x003B, 23 }, // ;
    { 0x003C, 10 }, // <
    { 0x003D, 24 }, // =
    { 0x003E, 25 }, // >
    { 0x003F, 26 }, // ?
    { 0x0040, 27 }, // @
    { 0x0041, 28 }, // A
    { 0x0042, 29 }, // B
    { 0x0043, 30 }, // C
    { 0x0044, 29 }, // D
    { 0x0045, 29 }, // E
    { 0x0046, 29 }, // F
    { 0x0047, 30 }, // G
    { 0x0048, 29 }, // H
    { 0x0049, 29 }, // I
    { 0x004A, 31 }, // J
    { 0x004B, 29 }, // K
    { 0x004C, 29 }, // L
    { 0x004D, 32 }, // M
    { 0x004E, 32 }, // N
    { 0x004F, 30 }, // O
    { 0x0050, 29 }, // P
    { 0x0051, 30 }, // Q
    { 0x0052, 29 }, // R
    { 0x0053, 33 }, // S
    { 0x0054, 34 }, // T
    { 0x0055, 35 }, // U
    { 0x0056, 36 }, // V
    { 0x0057, 37 }, // W
    { 0x0058, 38 }, // X
    { 0x0059, 39 }, // Y
    { 0x005A, 40 }, // Z
    { 0x005B, 7 }, // [
    { 0x005C, 41 }, // <backslash>
    { 0x005D, 8 }, // ]
    { 0x005F, 42 }, // _
    { 0x0061, 43 }, // a
    { 0x0062, 44 }, // b
    { 0x0063, 45 }, // c
    { 0x0064, 45 }, // d
    { 0x0065, 45 }, // e
    { 0x0066, 46 }, // f
    { 0x0067, 47 }, // g
    { 0x0068, 44 }, // h
    { 0x0069, 48 }, // i
    { 0x006A, 49 }, // j
    { 0x006B, 44 }, // k
    { 0x006C, 44 }, // l
    { 0x006D, 50 }, // m
    { 0x006E, 50 }, // n
    { 0x006F, 45 }, // o
    { 0x0070, 51 }, // p
    { 0x0071, 45 }, // q
    { 0x0072, 50 }, // r
    { 0x0073, 52 }, // s
    { 0x0074, 53 }, // t
    { 0x0075, 54 }, // u
    { 0x0076, 55 }, // v
    { 0x0077, 55 }, // w
    { 0x0078, 56 }, // x
    { 0x0079, 57 }, // y
    { 0x007A, 58 }, // z
    { 0x007B, 7 }, // {
    { 0x007C, 59 }, // |
    { 0x007D, 8 }, // }
    { 0x007E, 10 }, // ~
    { 0x00A0, 60 }, // U+00A0
    { 0x00A1, 61 }, // U+00A1
    { 0x00A2, 62 }, // U+00A2
    { 0x00A3, 63 }, // U+00A3
    { 0x00A5, 64 }, // U+00A5
    { 0x00A6, 59 }, // U+00A6
    { 0x00A9, 65 }, // U+00A9
    { 0x00AA, 66 }, // U+00AA
    { 0x00AB, 67 }, // U+00AB
    { 0x00AC, 10 }, // U+00AC
    { 0x00AD, 68 }, // U+00AD
    { 0x00AE, 9 }, // U+00AE
    { 0x00B0, 69 }, // U+00B0
    { 0x00B1, 63 }, // U+00B1
    { 0x00B2, 70 }, // U+00B2
    { 0x00B3, 70 }, // U+00B3
    { 0x00B5, 71 }, // U+00B5
    { 0x00B7, 72 }, // U+00B7
    { 0x00B9, 70 }, // U+00B9
    { 0x00BA, 66 }, // U+00BA
    { 0x00BB, 73 }, // U+00BB
    { 0x00BC, 5 }, // U+00BC
    { 0x00BD, 5 }, // U+00BD
    { 0x00BE, 5 }, // U+00BE
    { 0x00BF, 74 }, // U+00BF
    { 0x00C0, 28 }, // U+00C0
    { 0x00C1, 28 }, // U+00C1
    { 0x00C2, 28 }, // U+00C2
    { 0x00C3, 28 }, // U+00C3
    { 0x00C4, 28 }, // U+00C4
    { 0x00C5, 28 }, // U+00C5
    { 0x00C6, 75 }, // U+00C6
    { 0x00C7, 30 }, // U+00C7
    { 0x00C8, 29 }, // U+00C8
    { 0x00C9, 29 }, // U+00C9
    { 0x00CA, 29 }, // U+00CA
    { 0x00CB, 29 }, // U+00CB
    { 0x00CC, 29 }, // U+00CC
    { 0x00CD, 29 }, // U+00CD
    { 0x00CE, 29 }, // U+00CE
    { 0x00CF, 29 }, // U+00CF
    { 0x00D0, 29 }, // U+00D0
    { 0x00D1, 32 }, // U+00D1
    { 0x00D2, 30 }, // U+00D2
    { 0x00D3, 30 }, // U+00D3
    { 0x00D4, 30 }, // U+00D4
    { 0x00D5, 30 }, // U+00D5
    { 0x00D6, 30 }, // U+00D6
    { 0x00D7, 25 }, // U+00D7
    { 0x00D8, 30 }, // U+00D8
    { 0x00D9, 35 }, // U+00D9
    { 0x00DA, 35 }, // U+00DA
    { 0x00DB, 35 }, // U+00DB
    { 0x00DC, 35 }, // U+00DC
    { 0x00DD, 39 }, // U+00DD
    { 0x00DE, 29 }, // U+00DE
    { 0x00DF, 46 }, // U+00DF
    { 0x00E0, 43 }, // U+00E0
    { 0x00E1, 43 }, // U+00E1
    { 0x00E2, 43 }, // U+00E2
    { 0x00E3, 76 }, // U+00E3
    { 0x00E4, 77 }, // U+00E4
    { 0x00E5, 43 }, // U+00E5
    { 0x00E6, 43 }, // U+00E6
    { 0x00E7, 45 }, // U+00E7
    { 0x00E8, 78 }, // U+00E8
    { 0x00E9, 45 }, // U+00E9
    { 0x00EA, 45 }, // U+00EA
    { 0x00EB, 79 }, // U+00EB
    { 0x00EC, 80 }, // U+00EC
    { 0x00ED, 48 }, // U+00ED
    { 0x00EE, 81 }, // U+00EE
    { 0x00EF, 82 }, // U+00EF
    { 0x00F0, 83 }, // U+00F0
    { 0x00F1, 50 }, // U+00F1
    { 0x00F2, 45 }, // U+00F2
    { 0x00F3, 45 }, // U+00F3
    { 0x00F4, 45 }, // U+00F4
    { 0x00F5, 45 }, // U+00F5
    { 0x00F6, 84 }, // U+00F6
    { 0x00F7, 10 }, // U+00F7
    { 0x00F8, 45 }, // U+00F8
    { 0x00F9, 54 }, // U+00F9
    { 0x00FA, 54 }, // U+00FA
    { 0x00FB, 54 }, // U+00FB
    { 0x00FC, 54 }, // U+00FC
    { 0x00FD, 57 }, // U+00FD
    { 0x00FE, 85 }, // U+00FE
    { 0x00FF, 57 }, // U+00FF
    { 0x0100, 28 }, // U+0100
    { 0x0101, 43 }, // U+0101
    { 0x0102, 28 }, // U+0102
    { 0x0103, 86 }, // U+0103
    { 0x0104, 28 }, // U+0104
    { 0x0105, 43 }, // U+0105
    { 0x0106, 30 }, // U+0106
    { 0x0107, 45 }, // U+0107
    { 0x0108, 30 }, // U+0108
    { 0x0109, 45 }, // U+0109
    { 0x010A, 30 }, // U+010A
    { 0x010B, 45 }, // U+010B
    { 0x010C, 30 }, // U+010C
    { 0x010D, 45 }, // U+010D
    { 0x010E, 29 }, // U+010E
    { 0x010F, 45 }, // U+010F
    { 0x0110, 29 }, // U+0110
    { 0x0111, 45 }, // U+0111
    { 0x0112, 29 }, // U+0112
    { 0x0113, 45 }, // U+0113
    { 0x0114, 29 }, // U+0114
    { 0x0115, 45 }, // U+0115
    { 0x0116, 29 }, // U+0116
    { 0x0117, 45 }, // U+0117
    { 0x0118, 29 }, // U+0118
    { 0x0119, 45 }, // U+0119
    { 0x011A, 29 }, // U+011A
    { 0x011B, 45 }, // U+011B
    { 0x011C, 30 }, // U+011C
    { 0x011D, 47 }, // U+011D
    { 0x011E, 30 }, // U+011E
    { 0x011F, 47 }, // U+011F
    { 0x0120, 30 }, // U+0120
    { 0x0121, 47 }, // U+0121
    { 0x0122, 30 }, // U+0122
    { 0x0123, 47 }, // U+0123
    { 0x0124, 29 }, // U+0124
    { 0x0125, 44 }, // U+0125
    { 0x0126, 29 }, // U+0126
    { 0x0127, 87 }, // U+0127
    { 0x0128, 29 }, // U+0128
    { 0x0129, 88 }, // U+0129
    { 0x012A, 29 }, // U+012A
    { 0x012B, 89 }, // U+012B
    { 0x012E, 29 }, // U+012E
    { 0x012F, 48 }, // U+012F
    { 0x0130, 29 }, // U+0130
    { 0x0131, 50 }, // U+0131
    { 0x0134, 31 }, // U+0134
    { 0x0135, 49 }, // U+0135
    { 0x0136, 29 }, // U+0136
    { 0x0137, 44 }, // U+0137
    { 0x0138, 50 }, // U+0138
    { 0x0139, 29 }, // U+0139
    { 0x013A, 44 }, // U+013A
    { 0x013B, 29 }, // U+013B
    { 0x013C, 44 }, // U+013C
    { 0x013D, 29 }, // U+013D
    { 0x013E, 44 }, // U+013E
    { 0x013F, 29 }, // U+013F
    { 0x0140, 44 }, // U+0140
    { 0x0141, 29 }, // U+0141
    { 0x0142, 44 }, // U+0142
    { 0x0143, 32 }, // U+0143
    { 0x0144, 50 }, // U+0144
    { 0x0145, 32 }, // U+0145
    { 0x0146, 50 }, // U+0146
    { 0x0147, 32 }, // U+0147
    { 0x0148, 50 }, // U+0148
    { 0x014A, 32 }, // U+014A
    { 0x014B, 50 }, // U+014B
    { 0x014C, 30 }, // U+014C
    { 0x014D, 45 }, // U+014D
    { 0x014E, 30 }, // U+014E
    { 0x014F, 45 }, // U+014F
    { 0x0150, 30 }, // U+0150
    { 0x0151, 45 }, // U+0151
    { 0x0152, 30 }, // U+0152
    { 0x0153, 45 }, // U+0153
    { 0x0154, 29 }, // U+0154
    { 0x0155, 50 }, // U+0155
    { 0x0156, 29 }, // U+0156
    { 0x0157, 50 }, // U+0157
    { 0x0158, 29 }, // U+0158
    { 0x0159, 50 }, // U+0159
    { 0x015A, 33 }, // U+015A
    { 0x015B, 52 }, // U+015B
    { 0x015C, 33 }, // U+015C
    { 0x015D, 52 }, // U+015D
    { 0x015E, 33 }, // U+015E
    { 0x015F, 52 }, // U+015F
    { 0x0160, 33 }, // U+0160
    { 0x0161, 90 }, // U+0161
    { 0x0162, 34 }, // U+0162
    { 0x0163, 53 }, // U+0163
    { 0x0164, 34 }, // U+0164
    { 0x0165, 53 }, // U+0165
    { 0x0168, 35 }, // U+0168
    { 0x0169, 54 }, // U+0169
    { 0x016A, 35 }, // U+016A
    { 0x016B, 54 }, // U+016B
    { 0x016C, 35 }, // U+016C
    { 0x016D, 54 }, // U+016D
    { 0x016E, 35 }, // U+016E
    { 0x016F, 54 }, // U+016F
    { 0x0170, 35 }, // U+0170
    { 0x0171, 54 }, // U+0171
    { 0x0172, 35 }, // U+0172
    { 0x0173, 54 }, // U+0173
    { 0x0174, 37 }, // U+0174
    { 0x0175, 55 }, // U+0175
    { 0x0176, 39 }, // U+0176
    { 0x0177, 57 }, // U+0177
    { 0x0178, 39 }, // U+0178
    { 0x0179, 40 }, // U+0179
    { 0x017A, 58 }, // U+017A
    { 0x017B, 40 }, // U+017B
    { 0x017C, 58 }, // U+017C
    { 0x017D, 40 }, // U+017D
    { 0x017E, 58 }, // U+017E
    { 0x017F, 46 }, // U+017F
    { 0x01A0, 30 }, // U+01A0
    { 0x01A1, 45 }, // U+01A1
    { 0x01AF, 35 }, // U+01AF
    { 0x01B0, 54 }, // U+01B0
    { 0x01CD, 28 }, // U+01CD
    { 0x01CE, 43 }, // U+01CE
    { 0x01CF, 29 }, // U+01CF
    { 0x01D0, 89 }, // U+01D0
    { 0x01D1, 30 }, // U+01D1
    { 0x01D2, 45 }, // U+01D2
    { 0x01D3, 35 }, // U+01D3
    { 0x01D4, 54 }, // U+01D4
    { 0x01D5, 35 }, // U+01D5
    { 0x01D6, 54 }, // U+01D6
    { 0x01D7, 35 }, // U+01D7
    { 0x01D8, 54 }, // U+01D8
    { 0x01D9, 35 }, // U+01D9
    { 0x01DA, 54 }, // U+01DA
    { 0x01DB, 35 }, // U+01DB
    { 0x01DC, 54 }, // U+01DC
    { 0x01E6, 30 }, // U+01E6
    { 0x01E7, 47 }, // U+01E7
    { 0x01F8, 32 }, // U+01F8
    { 0x01F9, 50 }, // U+01F9
    { 0x0218, 33 }, // U+0218
    { 0x0219, 52 }, // U+0219
    { 0x021A, 34 }, // U+021A
    { 0x021B, 53 }, // U+021B
    { 0x0400, 91 }, // U+0400
    { 0x0401, 91 }, // U+0401
    { 0x0402, 92 }, // U+0402
    { 0x0403, 91 }, // U+0403
    { 0x0404, 93 }, // U+0404
    { 0x0405, 94 }, // U+0405
    { 0x0406, 91 }, // U+0406
    { 0x0407, 91 }, // U+0407
    { 0x0408, 95 }, // U+0408
    { 0x0409, 96 }, // U+0409
    { 0x040A, 91 }, // U+040A
    { 0x040B, 92 }, // U+040B
    { 0x040C, 91 }, // U+040C
    { 0x040D, 91 }, // U+040D
    { 0x040E, 97 }, // U+040E
    { 0x040F, 91 }, // U+040F
    { 0x0410, 98 }, // U+0410
    { 0x0411, 91 }, // U+0411
    { 0x0412, 91 }, // U+0412
    { 0x0413, 91 }, // U+0413
    { 0x0414, 99 }, // U+0414
    { 0x0415, 91 }, // U+0415
    { 0x0416, 100 }, // U+0416
    { 0x0417, 101 }, // U+0417
    { 0x0418, 91 }, // U+0418
    { 0x0419, 91 }, // U+0419
    { 0x041A, 91 }, // U+041A
    { 0x041B, 96 }, // U+041B
    { 0x041C, 102 }, // U+041C
    { 0x041D, 91 }, // U+041D
    { 0x041E, 93 }, // U+041E
    { 0x041F, 91 }, // U+041F
    { 0x0420, 91 }, // U+0420
    { 0x0421, 93 }, // U+0421
    { 0x0422, 92 }, // U+0422
    { 0x0423, 97 }, // U+0423
    { 0x0424, 103 }, // U+0424
    { 0x0425, 100 }, // U+0425
    { 0x0426, 91 }, // U+0426
    { 0x0427, 104 }, // U+0427
    { 0x0428, 91 }, // U+0428
    { 0x0429, 91 }, // U+0429
    { 0x042A, 92 }, // U+042A
    { 0x042B, 91 }, // U+042B
    { 0x042C, 91 }, // U+042C
    { 0x042D, 101 }, // U+042D
    { 0x042E, 91 }, // U+042E
    { 0x042F, 105 }, // U+042F
    { 0x0430, 106 }, // U+0430
    { 0x0431, 107 }, // U+0431
    { 0x0432, 108 }, // U+0432
    { 0x0433, 108 }, // U+0433
    { 0x0434, 109 }, // U+0434
    { 0x0435, 110 }, // U+0435
    { 0x0436, 111 }, // U+0436
    { 0x0437, 112 }, // U+0437
    { 0x0438, 108 }, // U+0438
    { 0x0439, 108 }, // U+0439
    { 0x043A, 108 }, // U+043A
    { 0x043B, 113 }, // U+043B
    { 0x043C, 108 }, // U+043C
    { 0x043D, 108 }, // U+043D
    { 0x043E, 110 }, // U+043E
    { 0x043F, 108 }, // U+043F
    { 0x0440, 114 }, // U+0440
    { 0x0441, 110 }, // U+0441
    { 0x0442, 115 }, // U+0442
    { 0x0443, 116 }, // U+0443
    { 0x0444, 110 }, // U+0444
    { 0x0445, 111 }, // U+0445
    { 0x0446, 108 }, // U+0446
    { 0x0447, 117 }, // U+0447
    { 0x0448, 108 }, // U+0448
    { 0x0449, 108 }, // U+0449
    { 0x044A, 115 }, // U+044A
    { 0x044B, 108 }, // U+044B
    { 0x044C, 108 }, // U+044C
    { 0x044D, 112 }, // U+044D
    { 0x044E, 108 }, // U+044E
    { 0x044F, 118 }, // U+044F
    { 0x0450, 119 }, // U+0450
    { 0x0451, 119 }, // U+0451
    { 0x0452, 120 }, // U+0452
    { 0x0453, 108 }, // U+0453
    { 0x0454, 110 }, // U+0454
    { 0x0455, 121 }, // U+0455
    { 0x0456, 122 }, // U+0456
    { 0x0457, 123 }, // U+0457
    { 0x0458, 124 }, // U+0458
    { 0x0459, 113 }, // U+0459
    { 0x045A, 108 }, // U+045A
    { 0x045B, 120 }, // U+045B
    { 0x045C, 108 }, // U+045C
    { 0x045D, 108 }, // U+045D
    { 0x045E, 116 }, // U+045E
    { 0x045F, 108 }, // U+045F
    { 0x0462, 125 }, // U+0462
    { 0x0463, 126 }, // U+0463
    { 0x0472, 93 }, // U+0472
    { 0x0473, 110 }, // U+0473
    { 0x0474, 127 }, // U+0474
    { 0x0475, 128 }, // U+0475
    { 0x0490, 91 }, // U+0490
    { 0x0491, 108 }, // U+0491
    { 0x0492, 91 }, // U+0492
    { 0x0493, 108 }, // U+0493
    { 0x0496, 100 }, // U+0496
    { 0x0497, 111 }, // U+0497
    { 0x0498, 101 }, // U+0498
    { 0x0499, 112 }, // U+0499
    { 0x049A, 91 }, // U+049A
    { 0x049B, 108 }, // U+049B
    { 0x04A0, 92 }, // U+04A0
    { 0x04A1, 115 }, // U+04A1
    { 0x04A2, 91 }, // U+04A2
    { 0x04A3, 108 }, // U+04A3
    { 0x04AA, 93 }, // U+04AA
    { 0x04AB, 110 }, // U+04AB
    { 0x04AE, 129 }, // U+04AE
    { 0x04AF, 128 }, // U+04AF
    { 0x04B0, 129 }, // U+04B0
    { 0x04B1, 128 }, // U+04B1
    { 0x04B2, 100 }, // U+04B2
    { 0x04B3, 111 }, // U+04B3
    { 0x04B6, 104 }, // U+04B6
    { 0x04B7, 117 }, // U+04B7
    { 0x04BA, 91 }, // U+04BA
    { 0x04BB, 120 }, // U+04BB
    { 0x04C0, 91 }, // U+04C0
    { 0x04C1, 100 }, // U+04C1
    { 0x04C2, 111 }, // U+04C2
    { 0x04CF, 120 }, // U+04CF
    { 0x04D0, 98 }, // U+04D0
    { 0x04D1, 130 }, // U+04D1
    { 0x04D4, 131 }, // U+04D4
    { 0x04D5, 106 }, // U+04D5
    { 0x04D6, 91 }, // U+04D6
    { 0x04D7, 110 }, // U+04D7
    { 0x04D8, 93 }, // U+04D8
    { 0x04D9, 110 }, // U+04D9
    { 0x04E2, 91 }, // U+04E2
    { 0x04E3, 108 }, // U+04E3
    { 0x04E6, 93 }, // U+04E6
    { 0x04E7, 119 }, // U+04E7
    { 0x04E8, 93 }, // U+04E8
    { 0x04E9, 110 }, // U+04E9
    { 0x04EE, 97 }, // U+04EE
    { 0x04EF, 116 }, // U+04EF
    { 0x04F2, 97 }, // U+04F2
    { 0x04F3, 116 }, // U+04F3
    { 0x1EA0, 28 }, // U+1EA0
    { 0x1EA1, 43 }, // U+1EA1
    { 0x1EA2, 28 }, // U+1EA2
    { 0x1EA3, 43 }, // U+1EA3
    { 0x1EA4, 28 }, // U+1EA4
    { 0x1EA5, 43 }, // U+1EA5
    { 0x1EA6, 28 }, // U+1EA6
    { 0x1EA7, 43 }, // U+1EA7
    { 0x1EA8, 28 }, // U+1EA8
    { 0x1EA9, 43 }, // U+1EA9
    { 0x1EAA, 28 }, // U+1EAA
    { 0x1EAB, 43 }, // U+1EAB
    { 0x1EAC, 28 }, // U+1EAC
    { 0x1EAD, 43 }, // U+1EAD
    { 0x1EAE, 28 }, // U+1EAE
    { 0x1EAF, 43 }, // U+1EAF
    { 0x1EB0, 28 }, // U+1EB0
    { 0x1EB1, 43 }, // U+1EB1
    { 0x1EB2, 28 }, // U+1EB2
    { 0x1EB3, 43 }, // U+1EB3
    { 0x1EB4, 28 }, // U+1EB4
    { 0x1EB5, 43 }, // U+1EB5
    { 0x1EB6, 28 }, // U+1EB6
    { 0x1EB7, 43 }, // U+1EB7
    { 0x1EB8, 29 }, // U+1EB8
    { 0x1EB9, 45 }, // U+1EB9
    { 0x1EBA, 29 }, // U+1EBA
    { 0x1EBB, 45 }, // U+1EBB
    { 0x1EBC, 29 }, // U+1EBC
    { 0x1EBD, 45 }, // U+1EBD
    { 0x1EBE, 29 }, // U+1EBE
    { 0x1EBF, 45 }, // U+1EBF
    { 0x1EC0, 29 }, // U+1EC0
    { 0x1EC1, 45 }, // U+1EC1
    { 0x1EC2, 29 }, // U+1EC2
    { 0x1EC3, 45 }, // U+1EC3
    { 0x1EC4, 29 }, // U+1EC4
    { 0x1EC5, 45 }, // U+1EC5
    { 0x1EC6, 29 }, // U+1EC6
    { 0x1EC7, 45 }, // U+1EC7
    { 0x1EC8, 29 }, // U+1EC8
    { 0x1EC9, 48 }, // U+1EC9
    { 0x1ECA, 29 }, // U+1ECA
    { 0x1ECB, 48 }, // U+1ECB
    { 0x1ECC, 30 }, // U+1ECC
    { 0x1ECD, 45 }, // U+1ECD
    { 0x1ECE, 30 }, // U+1ECE
    { 0x1ECF, 45 }, // U+1ECF
    { 0x1ED0, 30 }, // U+1ED0
    { 0x1ED1, 45 }, // U+1ED1
    { 0x1ED2, 30 }, // U+1ED2
    { 0x1ED3, 45 }, // U+1ED3
    { 0x1ED4, 30 }, // U+1ED4
    { 0x1ED5, 45 }, // U+1ED5
    { 0x1ED6, 30 }, // U+1ED6
    { 0x1ED7, 45 }, // U+1ED7
    { 0x1ED8, 30 }, // U+1ED8
    { 0x1ED9, 45 }, // U+1ED9
    { 0x1EDA, 30 }, // U+1EDA
    { 0x1EDB, 45 }, // U+1EDB
    { 0x1EDC, 30 }, // U+1EDC
    { 0x1EDD, 45 }, // U+1EDD
    { 0x1EDE, 30 }, // U+1EDE
    { 0x1EDF, 45 }, // U+1EDF
    { 0x1EE0, 30 }, // U+1EE0
    { 0x1EE1, 45 }, // U+1EE1
    { 0x1EE2, 30 }, // U+1EE2
    { 0x1EE3, 45 }, // U+1EE3
    { 0x1EE4, 35 }, // U+1EE4
    { 0x1EE5, 54 }, // U+1EE5
    { 0x1EE6, 35 }, // U+1EE6
    { 0x1EE7, 54 }, // U+1EE7
    { 0x1EE8, 35 }, // U+1EE8
    { 0x1EE9, 54 }, // U+1EE9
    { 0x1EEA, 35 }, // U+1EEA
    { 0x1EEB, 54 }, // U+1EEB
    { 0x1EEC, 35 }, // U+1EEC
    { 0x1EED, 54 }, // U+1EED
    { 0x1EEE, 35 }, // U+1EEE
    { 0x1EEF, 54 }, // U+1EEF
    { 0x1EF0, 35 }, // U+1EF0
    { 0x1EF1, 54 }, // U+1EF1
    { 0x1EF2, 39 }, // U+1EF2
    { 0x1EF3, 57 }, // U+1EF3
    { 0x1EF4, 39 }, // U+1EF4
    { 0x1EF5, 57 }, // U+1EF5
    { 0x1EF6, 39 }, // U+1EF6
    { 0x1EF7, 57 }, // U+1EF7
    { 0x1EF8, 39 }, // U+1EF8
    { 0x1EF9, 57 }, // U+1EF9
    { 0x2012, 68 }, // U+2012
    { 0x2013, 68 }, // U+2013
    { 0x2014, 68 }, // U+2014
    { 0x2015, 68 }, // U+2015
    { 0x2018, 132 }, // U+2018
    { 0x2019, 133 }, // U+2019
    { 0x201A, 134 }, // U+201A
    { 0x201C, 132 }, // U+201C
    { 0x201D, 133 }, // U+201D
    { 0x201E, 134 }, // U+201E
    { 0x2022, 135 }, // U+2022
    { 0x2026, 11 }, // U+2026
    { 0x2030, 5 }, // U+2030
    { 0x2032, 2 }, // U+2032
    { 0x2033, 136 }, // U+2033
    { 0x2039, 67 }, // U+2039
    { 0x203A, 73 }, // U+203A
    { 0x2070, 70 }, // U+2070
    { 0x2071, 137 }, // U+2071
    { 0x2074, 70 }, // U+2074
    { 0x2075, 70 }, // U+2075
    { 0x2076, 70 }, // U+2076
    { 0x2077, 70 }, // U+2077
    { 0x2078, 70 }, // U+2078
    { 0x2079, 70 }, // U+2079
    { 0x207D, 138 }, // U+207D
    { 0x207E, 138 }, // U+207E
    { 0x207F, 137 }, // U+207F
    { 0x2080, 139 }, // U+2080
    { 0x2081, 139 }, // U+2081
    { 0x2082, 139 }, // U+2082
    { 0x2083, 139 }, // U+2083
    { 0x2084, 139 }, // U+2084
    { 0x2085, 139 }, // U+2085
    { 0x2086, 139 }, // U+2086
    { 0x2087, 139 }, // U+2087
    { 0x2088, 139 }, // U+2088
    { 0x2089, 139 }, // U+2089
    { 0x20AC, 140 }, // U+20AC
    { 0x20B9, 141 }, // U+20B9
    { 0x2206, 142 }, // U+2206
    { 0x2212, 10 }, // U+2212
    { 0x2219, 72 }, // U+2219
    { 0x2248, 24 }, // U+2248
    { 0x2260, 24 }, // U+2260
    { 0x2264, 143 }, // U+2264
    { 0x2265, 144 }, // U+2265
    { 0xFB00, 46 }, // U+FB00
    { 0xFB01, 46 }, // U+FB01
    { 0xFB02, 46 }, // U+FB02
    { 0xFB03, 46 }, // U+FB03
    { 0xFB04, 46 }, // U+FB04
};

static const int8_t sourceserif4_12_regularKernMatrix[] = {
       0,    0,    0,    0,    0,    0,   -1,    0,    0,    0,  -42,  -32,    0,    0,    0,    0,  -24,   -8,  -11,    0,    0,    0,    0,    0,    0,    0,    0,  -35,    0,  -11,   -4,    0,   -4,   11,   -2,    0,    0,    0,    0,    0,    0,    0,  -13,    0,  -16,   -1,  -20,    3,    0,   -4,   -8,  -13,   -1,   -1,    0,   -1,    0,   -4,    0,    0,    0,    0,    0,    0,    0,    0,  -19,    0,    0,    0,    0,    0,    0,  -48,  -44,  -13,  -13,  -16,  -16,    3,   19,   19,  -16,  -16,    7,  -13,    0,   19,   19,  -13,    0,   11,  -11,   -4,   -4,  -33,    0,  -35,  -33,    0,    0,    0,   -1,    0,  -13,  -13,   -1,   -4,  -29,  -16,   -1,   -1,  -30,   -8,    0,    0,    0,  -20,  -16,    0,  -13,    3,   19,    0,    0,    0,    0,    0,    0,  -13,  -44,    0,    0,    0,    0,    0,    0,    0,    0,    0,    0,  -35,    0,    0,
       0,    0,    0,    0,    0,    0,    0,    0,    0,    0,    0,  -14,    0,   -7,    0,    0,   -7,    0,    0,    0,    0,    0,    0,    0,    0,    0,    0,  -16,    0,    4,    0,    0,    1,    0,    0,   -7,   -7,   -1,   -1,    0,    0,    0,    0,    0,    0,    0,   -4,    0,    0,    0,    0,    0,    4,    0,    1,    0,    1,    0,    0,    0,    0,    0,    0,    0,    0,    0,    0,    0,    0,    0,    0,    0,    0,    0,  -17,    0,    0,    0,    0,    0,    0,    0,    0,    0,    0,    0,    0,    0,    0,    0,    0,    0,    4,    1,    0,    0,    0,  -16,    0,   -1,    0,    0,    0,    0,    0,    0,    0,    0,    0,    0,    0,    0,    0,    0,    0,    1,    0,    0,    0,    0,    0,    0,    0,    0,    0,    0,   -7,    1,   -1,    0,  -17,    0,    0,    0,    0,    0,    0,    0,    0,    0,    0,  -16,    0,    0,
       0,    0,    0,    0,    0,    0,    0,    0,    0,    0,    0,    0,    0,   -4,   -1,    0,    0,    0,    0,   -5,    0,   -4,    0,    0,    0,    0,    0,    0,    0,    0,    0,    0,    0,    0,    0,    0,    0,    0,    0,    0,    0,    0,    0,    0,    0,    0,    0,    0,    0,    0,    0,    0,    0,    0,    0,    0,    0,    0,    0,    0,    0,    0,    0,    0,    0,    0,    0,    0,    0,    0,    0,    0,    0,    0,    0,    0,    0,    0,    0,    0,    0,    0,    0,    0,    0,    0,    0,    0,    0,    0,    0,    0,    0,    0,    0,    0,    0,    0,    0,    0,    0,    0,    0,    0,    0,    0,    0,    0,    0,    0,    0,    0,    0,    0,    0,    0,    0,    0,    0,    0,    0,    0,    0,    0,    0,    0,    0,    0,    0,    0,    0,    0,    0,    0,    0,    0,    0,    0,    0,    0,    0,    0,    0,    0,
       0,    0,    0,    0,    0,    0,    0,   -9,    0,    0,   -4,    0,    0,    0,    0,    0,  -11,   -4,   -7,   -8,    0,    0,    0,    0,    0,    0,    0,    0,    0,    0,   -4,    0,    0,  -24,  -12,  -28,  -25,    0,  -32,    0,    0,    0,    0,    0,   -4,    0,    0,    0,    0,    0,    0,    0,    0,    0,    0,    0,    0,    0,    0,    0,    0,    0,    0,    0,    0,    0,   -9,  -12,    0,    0,    0,    0,    0,    0,    0,    0,    0,   -4,   -4,    0,    0,    0,   -4,   -4,    0,    0,    0,    0,    0,    0,    0,  -24,    0,    0,   -4,    0,    0,    0,    0,    0,    0,    0,    0,    0,    0,    0,    0,    0,    0,   -4,    0,    0,    0,    0,    0,    0,    0,    0,   -4,    0,    0,    0,    0,    0,    0,    0,  -28,    0,  -32,    0,    0,    0,    0,    0,    0,    0,    0,    0,    0,    0,    0,    0,    0,    0,
       0,    0,   -7,    0,    0,   -9,  -21,    0,    0,    0,    0,    0,   -8,    0,   -8,   -8,  -13,   -8,   -8,    0,   -8,   -4,  -15,    0,    0,    0,    0,  -12,    0,   -8,    2,    0,   -4,    0,   -4,    0,    0,    0,    0,    0,    0,    0,   -1,    0,  -12,   -1,    0,    0,   42,   -8,    0,   -8,   -4,   -8,   -8,   -4,    4,   -4,    0,    0,    0,    0,    0,    0,    0,    0,  -18,  -16,    0,    0,    0,  -24,  -17,  -10,  -16,   -1,   -1,  -12,  -12,    0,   11,   11,  -12,  -12,    7,   -1,    0,   11,   11,   -8,    0,    0,   -8,   -4,    2,    0,    0,  -12,    0,    0,    0,    0,    0,    0,    0,   -1,    0,   -8,    0,  -12,   -4,    0,    0,    0,    0,    4,    0,    0,  -12,    0,   -8,    0,   11,   42,    0,    0,    0,   -8,    0,   -1,  -16,   -7,    0,    0,  -17,    0,    0,    0,    0,    0,    0,  -12,    0,    0,
       0,    0,    0,    0,    0,    0,    0,  -21,    0,    0,  -16,   -1,    0,    0,    0,    0,    0,    0,    0,    0,    0,    0,    0,    0,    0,    0,    0,    0,    0,    0,    0,    0,    0,    0,    0,    0,    0,    0,    0,    0,    0,    0,    0,    0,    0,    0,    0,    0,    0,    0,    0,    0,    0,    0,    0,    0,    0,    0,    0,    0,    0,    0,    0,    0,    0,    0,    0,    0,    0,    0,    0,    0,    0,    0,    0,    0,    0,    0,    0,    0,    0,    0,    0,    0,    0,    0,    0,    0,    0,    0,    0,    0,    0,    0,    0,    0,    0,    0,    0,    0,    0,    0,    0,    0,    0,    0,    0,    0,    0,    0,    0,    0,    0,    0,    0,    0,    0,    0,    0,    0,    0,    0,    0,    0,    0,    0,    0,    0,    0,    0,    0,    0,    0,    0,    0,    0,    0,    0,    0,    0,    0,    0,    0,    0,
       0,    0,    0,    0,    0,    0,    0,    0,    0,    0,  -40,    0,    0,    0,    0,    0,    0,    0,    0,    0,    0,    0,    0,    0,    0,    0,    0,  -49,    0,   -4,   -8,    0,    0,    8,    0,    0,    0,   -4,    0,    0,    0,    0,  -16,    0,   -9,   -1,  -16,    0,    0,   -4,   -4,   -8,    0,   -1,    0,   -1,    0,   -4,    0,    0,    0,    0,    0,    0,    0,    0,    0,    0,    0,    0,    0,    0,    0,    0,  -68,  -16,  -16,   -9,   -9,    0,    7,    7,   -9,   -9,    0,  -16,    0,    7,    7,   -8,    0,    8,   -4,    0,   -8,    0,    0,  -49,    0,   -4,    0,    0,    0,    0,    0,  -16,    0,   -4,    0,   -9,   -1,    0,    0,   -4,    0,    0,    0,    0,   -9,    0,   -8,    0,    7,    0,    0,    0,    0,    0,    0,  -16,  -68,    0,    0,    0,    0,    0,    0,    0,    0,    0,    0,  -49,    0,    0,
       0,    0,    0,    0,    0,    0,    0,    0,    0,    0,    0,    0,    0,  -15,  -15,  -13,    0,   -8,    0,  -24,  -11,   -4,    0,    0,    0,    0,    0,    0,    0,    0,    0,    0,    0,    0,    0,    0,    0,    0,    0,    0,    0,    0,    0,    0,    0,    0,    0,    0,    0,    0,    0,    0,    0,    0,    0,    0,    0,    0,    0,    0,    0,    0,    0,    0,    0,    0,    0,    0,    0,    0,    0,    0,    0,    0,    0,    0,    0,    0,    0,    0,    0,    0,    0,    0,    0,    0,    0,    0,    0,    0,    0,    0,    0,    0,    0,    0,    0,    0,    0,    0,    0,    0,    0,    0,    0,    0,    0,    0,    0,    0,    0,    0,    0,    0,    0,    0,    0,    0,    0,    0,    0,    0,    0,    0,    0,    0,    0,    0,    0,    0,    0,    0,    0,    0,    0,    0,    0,    0,    0,    0,    0,    0,    0,    0,
       0,  -32,    0,    0,    0,    0,    0,  -19,  -51,    0,  -15,    0,  -14,  -17,  -11,  -11,  -29,  -11,  -22,  -16,  -11,  -30,    0,    0,    0,    0,    0,    0,    0,  -23,    1,    0,    0,  -33,  -24,  -52,  -48,    0,  -40,    0,  -51,    0,   -8,    0,  -12,   -1,   -7,    0,    6,    0,  -12,   -7,  -16,  -16,  -36,    0,  -16,   -7,    0,    0,    0,    0,    0,    0,    0,  -55,  -22,  -15,    0,    0,    0,    0,    0,    0,    0,   -8,   -8,  -12,  -12,    0,    0,    0,  -12,  -12,   -8,   -8,    0,    0,    0,   -7,    0,  -33,  -23,    0,    1,    0,    0,    0,    0,    0,    0,    0,    0,    0,    0,   -8,    0,    0,    0,  -12,    0,    0,    0,  -12,  -18,  -16,  -20,    0,  -12,    0,   -7,    0,    0,    6,    0,    0,  -56,  -36,  -40,   -8,    0,  -40,  -40,    0,    0,  -32,  -55,    0,    0,    0,    0,    0,    0,    0,
       0,    0,   -8,    0,    0,   -2,   -2,    0,    0,    0,  -55,  -35,    0,    0,   -1,   -1,  -20,   -1,  -12,    7,   -4,   -4,   -2,    0,    0,    0,   -2,  -29,    0,    0,    0,    0,    0,    0,    0,    4,    4,    0,    0,    0,    0,    0,  -13,    0,  -12,    0,  -13,    0,    0,   -8,   -8,   -9,    0,   -5,    0,   -5,    0,   -9,    0,    0,  -16,    0,    0,    0,    0,    0,  -18,  -24,    0,    0,    0,  -13,   -2,  -48,  -29,  -13,  -13,  -12,  -12,    0,   12,   12,  -12,  -12,    4,  -13,    0,   12,   12,   -9,    0,    0,    0,    0,    0,    0,    0,  -29,    0,    0,    0,    0,    0,    0,    0,  -13,    0,   -8,    0,  -12,   -5,    0,    0,   -8,    0,    0,    0,    0,  -12,    0,   -9,    0,   12,    0,    0,    0,    4,    0,    0,  -13,  -29,    0,    0,  -32,    0,    0,    0,    0,    0,    0,    0,  -29,    0,    0,
       0,    0,    0,    0,    0,    0,    0,   -8,    0,    0,  -18,   -1,    0,    0,   -1,    0,    0,    0,    0,   -1,    0,    0,    0,    0,    0,    0,    0,   -8,   -4,    0,    0,    0,    0,    0,   -8,   -8,   -8,   -5,  -12,    0,    0,  -16,    0,    0,    4,    0,    0,    7,    8,    7,    0,    0,    4,    0,    4,    0,    4,    0,    0,    0,    0,    0,    0,    0,    0,    0,    0,    0,    0,    0,    0,    0,    0,    0,   -9,    0,    0,    4,    4,    7,    8,    8,    4,    4,    0,    0,    0,    8,    8,    0,   -4,    0,    0,    0,    0,    0,    0,   -8,    0,   -5,    0,    0,    0,    0,    0,    0,    0,    7,    0,    4,    0,    0,    0,    0,    0,    4,    0,    0,    4,    0,    0,    7,    8,    8,    0,    0,   -8,    4,  -12,    0,   -9,    0,    7,   -1,    1,    0,    0,    0,   -1,    0,    0,   -8,    0,    0,
       0,  -15,    0,   -7,  -14,    0,    0,    0,  -18,  -11,    0,    0,    0,    0,    0,    0,   -8,   -4,   -4,   -8,   -4,   -8,   -7,  -11,  -15,    0,    0,    0,    0,   -4,    0,    0,    0,   -8,  -12,  -16,  -16,    1,  -16,    1,    0,    0,   -4,    0,   -8,    0,    0,    0,    0,    0,   -8,    0,   -4,   -8,  -12,    0,  -12,    0,    0,    0,    0,   -8,    0,   -4,    0,  -14,  -12,  -15,  -21,  -22,    0,  -26,    0,    0,    1,   -4,   -4,   -8,   -8,    0,    0,    0,   -8,   -8,    0,   -4,    0,    0,    0,    0,    0,   -8,   -4,    0,    0,    1,    0,    0,    1,    1,    0,    0,    0,    0,    1,   -4,    0,    0,    0,   -8,    0,    0,    0,   -8,    0,  -12,    0,    1,   -8,    0,    0,    0,    0,    0,    0,    0,  -16,  -12,  -16,   -4,    1,  -22,  -14,    0,  -11,  -30,  -15,    0,    1,   -4,  -18,    0,    0,    0,
       0,    0,    0,    0,   -4,    0,    0,   -1,    0,   -1,   -4,    0,    0,    0,   -1,   -1,   -8,   -1,   -1,   -1,   -1,    0,    0,    0,   -1,    0,    0,    0,    0,    0,   -1,    0,    0,   -1,   -9,   -9,   -9,    0,  -12,    0,    0,    0,    0,    0,   -4,    0,    0,    0,    0,    0,   -8,    0,    0,   -1,    0,    0,    0,    0,    0,    0,    0,    0,    0,    0,    0,    0,   -8,  -15,    0,    0,    0,  -15,    0,    0,    0,    0,    0,   -4,   -4,    0,    0,    0,   -4,   -4,   -1,    0,    0,    0,    0,    0,    0,   -1,    0,    0,   -1,    0,    0,    0,    0,    0,    0,    0,    0,    0,    0,    0,    0,    0,    0,   -4,    0,    0,    0,   -8,    0,    0,    0,    0,   -4,    0,    0,    0,    0,    0,    0,    0,   -9,    0,  -12,    0,    0,    0,    0,    0,   -7,    0,    0,    0,    0,    0,    0,    0,    0,    0,
       0,    0,    0,   -7,  -11,    0,    0,   -8,   -4,  -11,  -11,  -12,    0,    0,   -1,   -1,    0,   -8,    0,  -12,   -4,   -1,    0,    0,   -7,    0,    0,   -1,   -4,    0,   -8,   -4,    0,   -8,  -16,  -20,  -20,   -8,  -16,    0,   -7,  -12,    0,    0,    0,   -4,   -4,    0,    0,    0,   -8,    0,    0,    0,   -4,   -1,   -4,    0,    0,    0,    0,   -4,    0,    0,    0,   -4,    0,    0,  -11,   -7,    0,  -11,    0,    0,  -12,    0,    0,    0,    0,    0,    0,    0,    0,    0,   -1,    0,    0,    0,    0,    0,   -4,   -8,    0,    0,   -8,    0,    0,   -1,    0,   -8,    0,   -4,    0,    0,    0,    0,    0,    0,    0,    0,   -1,    0,    0,   -8,    0,   -4,    0,    0,    0,    0,    0,    0,    0,    0,    0,    0,  -20,   -4,  -16,    0,  -12,   -4,   -4,    0,   -4,    0,   -4,    0,   -1,    0,   -4,   -1,    0,    0,
       0,   -8,    1,    0,    0,    8,    6,    6,   -1,    0,   -7,    0,    3,    0,   -1,    0,    4,    0,    0,   -2,    0,   -1,    0,    7,   -1,    0,    7,   -1,    0,    0,   -1,    0,    0,   -1,   -1,  -13,  -13,   -1,  -13,    4,    0,  -11,    0,    0,    4,    0,    0,    0,    0,    0,   -4,    0,    4,    0,   -4,    0,   -1,    0,    0,    0,    0,    0,    0,    0,    0,   -1,    7,    7,   -8,  -12,    0,    0,    0,    0,   -5,    0,    0,    4,    4,    0,    0,    0,    4,    4,    0,    0,    0,    0,    0,    0,    0,   -1,    0,    0,   -1,    0,    0,   -1,    0,   -1,    0,    0,    0,    0,    0,    0,    0,    0,    0,    4,    0,    0,    0,   -4,    0,   -1,    0,    0,    4,    0,    0,    0,    0,    0,    0,    0,  -13,   -4,  -13,    0,   -5,   -9,    0,    0,    0,  -15,   -1,    0,    0,    0,   -1,   -1,    0,    0,
       0,    0,    0,   -4,    0,    4,    0,    0,    0,    0,  -14,   -8,    0,    0,   -1,   -1,    0,   -4,   -4,   -5,    0,   -8,    0,    0,   -4,    0,    0,   -8,    0,    0,   -1,    0,    0,    0,   -4,   -4,   -4,   -1,   -4,    0,    0,  -12,    0,    0,    0,   -4,    0,    0,    0,    0,   -4,    0,    0,    0,   -4,   -1,   -4,    0,    0,    0,    0,    0,    0,    0,    0,    0,    0,    0,    0,   -4,    0,   -4,    0,    0,   -5,    0,    0,    0,    0,    0,    0,    0,    0,    0,    0,    0,    0,    0,    0,    0,    0,    0,    0,    0,   -1,    0,    0,   -8,    0,   -1,    0,    0,    0,    0,    0,    0,    0,    0,    0,    0,   -1,    0,    0,   -4,    0,   -4,    0,    0,    0,    0,    0,    0,    0,    0,    0,    0,   -4,   -4,   -4,    0,   -5,    0,    0,    0,    0,    0,    0,    0,   -4,    0,   -1,   -8,    0,    0,
       0,    0,    0,   -4,    0,    0,    0,    0,    0,    0,   -7,   -7,    0,   -4,   -4,    0,    0,   -4,    0,   -9,    0,   -8,    0,    0,   -7,    0,    0,   -4,   -1,    0,   -5,    0,    0,   -1,   -5,   -5,   -5,   -1,   -5,    0,    0,  -11,    0,    0,    0,    0,    0,    0,    0,    0,   -4,    0,    0,    0,   -5,   -1,   -5,    0,    0,    0,    0,    0,    0,    0,    0,   -4,    0,    0,   -7,  -16,    0,   -7,    0,    0,   -1,    0,    0,    0,    0,    0,    0,    0,    0,    0,   -4,    0,    0,    0,    0,    0,   -1,   -1,    0,    0,   -5,    0,    0,   -4,    0,   -1,    0,    0,    0,    0,    0,    0,    0,    0,    0,    0,   -1,    0,    0,   -4,    0,   -5,    0,    0,    0,    0,    0,    0,    0,    0,    0,    0,   -5,   -5,   -5,    0,   -1,   -7,    0,    0,    0,    0,   -4,    0,   -4,    0,   -4,   -4,    0,    0,
       0,    0,   -8,   -8,   -4,  -14,    0,   -1,    0,   -9,  -45,  -28,   -1,    0,   -9,   -9,  -22,  -17,  -16,   -1,  -10,   -8,   -8,   -1,   -1,    0,  -17,  -31,    0,   -4,   -1,    0,   -1,    0,   -4,    0,    0,    0,    0,   -1,    7,  -52,  -13,    0,  -16,   -4,  -16,   -1,   -1,  -12,  -12,  -13,    0,   -9,   -4,   -8,   -4,   -8,    0,    0,    0,  -12,   -8,    5,    0,    0,  -20,  -24,    1,    0,    0,  -19,   -8,    0,  -33,  -13,  -13,  -16,  -16,   -1,    7,    7,  -16,  -16,   -1,  -13,    0,    7,    7,  -13,    0,    0,   -4,   -1,   -1,  -18,    0,  -31,  -18,    0,    0,    0,    0,    0,   -9,  -13,    0,  -12,  -21,  -16,   -8,    0,  -21,  -12,    0,   -4,    0,  -17,  -16,    0,  -13,   -1,    7,   -1,    0,    0,    0,   -4,    0,  -13,  -33,    0,    8,    0,  -12,    0,    0,    0,  -41,  -12,   -1,  -31,  -16,   -9,
       0,    0,    0,   -4,    0,    0,    0,   -8,    0,    0,  -40,  -27,    0,    0,   -1,   -1,   -1,  -12,   -7,   -8,   -8,    0,    0,    0,   -8,    0,    0,  -25,  -12,    0,   -9,   -4,    0,    0,  -12,  -16,  -16,  -12,  -19,    0,    0,  -39,   -4,   -4,    0,    0,   -4,    0,    0,   -3,   -4,    0,    4,    0,    4,    0,    4,    0,    0,    0,    0,    0,    0,    0,    0,    0,    0,    0,    0,   -6,    0,   -4,    0,    0,  -25,   -4,   -4,    0,    0,    0,    0,    0,    0,    0,    0,   -4,   -4,    0,    0,    0,  -12,    0,    0,    0,   -9,   -2,    0,  -25,   -2,  -12,    0,   -4,    0,    0,    0,   -4,    0,   -3,   -8,    0,    0,    0,   -8,   -4,    0,    4,    0,    0,    0,   -4,    0,    0,    0,    0,    0,    0,  -16,    4,  -19,   -4,  -25,    0,    0,    0,    0,    0,    0,    0,  -24,    0,    0,  -25,    0,    0,
       0,    0,    0,    0,    0,    0,    0,    0,    0,    0,    0,    0,    0,  -11,    0,    0,    0,    0,    0,   -8,    0,    0,    0,    0,    0,    0,    0,    0,    0,    0,    1,    0,    0,    0,   -4,  -12,  -12,   -4,  -19,    0,    0,    0,    0,    0,    0,    0,    0,    0,    0,    0,    0,    0,    0,    0,    0,    0,    0,    0,    0,    0,    0,    0,    0,    0,    0,    0,    0,    0,    0,    0,    0,    0,    0,    0,    0,    0,    0,    0,    0,    0,    0,    0,    0,    0,   -1,    0,    0,    0,    0,    0,    0,    0,    0,    0,    1,    0,    0,    0,    0,   -4,    0,    0,    0,    0,    0,    0,    0,    0,    0,    0,    0,    0,    0,    0,    0,    0,    0,    0,    0,    0,    0,    0,    0,    0,    0,    0,  -12,    0,  -19,    0,    0,    0,    0,    0,    0,    0,    0,    0,    0,    0,    0,    0,    0,    0,
       0,    0,    0,    0,    0,    0,    0,    0,    0,    0,    0,    0,    0,   -7,   -8,   -4,    0,   -4,   -7,   -1,   -7,   -7,    0,    0,    0,    0,    0,    0,    0,    0,    0,    0,    0,    0,    0,    0,    0,    0,    0,    0,    0,    0,    0,    0,    0,    0,    0,    0,    0,    0,    0,    0,    0,    0,    0,    0,    0,    0,    0,    0,    0,    0,    0,    0,    0,    0,    0,    0,    0,    0,    0,    0,    0,    0,    0,    0,    0,    0,    0,    0,    0,    0,    0,    0,    0,    0,    0,    0,    0,    0,    0,    0,    0,    0,    0,    0,    0,    0,    0,    0,    0,    0,    0,    0,    0,    0,    0,    0,    0,    0,    0,    0,    0,    0,    0,    0,    0,    0,    0,    0,    0,    0,    0,    0,    0,    0,    0,    0,    0,    0,    0,    0,    0,    0,    0,    0,    0,    0,    0,    0,    0,    0,    0,    0,
       0,    0,    0,    0,    0,    0,    0,    0,    0,    0,    0,    0,    0,  -11,   -4,   -8,    4,    0,    0,  -12,    0,    0,    0,    0,    0,    0,    0,    0,    0,    0,    0,    0,    0,    0,    0,    0,    0,    0,    0,    0,    0,    0,    0,    0,    0,    0,    0,    0,    0,    0,    0,    0,    0,    0,    0,    0,    0,    0,    0,    0,    0,    0,    0,    0,    0,    0,    0,    0,    0,    0,    0,    0,    0,    0,    0,    0,    0,    0,    0,    0,    0,    0,    0,    0,    0,    0,    0,    0,    0,    0,    0,    0,    0,    0,    0,    0,    0,    0,    0,    0,    0,    0,    0,    0,    0,    0,    0,    0,    0,    0,    0,    0,    0,    0,    0,    0,    0,    0,    0,    0,    0,    0,    0,    0,    0,    0,    0,    0,    0,    0,    0,    0,    0,    0,    0,    0,    0,    0,    0,    0,    0,    0,    0,    0,
       0,    0,    0,    0,    0,    0,    0,  -17,    0,    0,  -47,  -32,    0,    0,    0,    0,    0,    0,    0,    0,    0,    0,    0,    0,    0,    0,    0,    0,    0,    0,    0,    0,    0,    0,    0,    0,    0,    0,    0,    0,    0,    0,    0,    0,    0,    0,    0,    0,    0,    0,    0,    0,    0,    0,    0,    0,    0,    0,    0,    0,    0,    0,    0,    0,    0,    0,  -23,    0,    0,    0,    0,    0,   -8,    0,    0,    0,    0,    0,    0,    0,    0,    0,    0,    0,    0,    0,    0,    0,    0,    0,    0,    0,    0,    0,    0,    0,    0,    0,    0,    0,    0,    0,    0,    0,    0,    0,    0,    0,    0,    0,    0,    0,    0,    0,    0,    0,    0,    0,    0,    0,    0,    0,    0,    0,    0,    0,    0,    0,    0,    0,    0,    0,    0,    0,    0,    0,    0,    0,    0,    0,    0,    0,    0,    0,
       0,    0,    0,    0,    0,    0,    0,    0,    0,    0,   -1,    0,    0,    0,    0,    0,    0,   -4,    0,   -1,    0,    0,    0,    0,    0,    0,    0,   -2,   -1,    1,   -1,   -1,    0,   -1,   -1,   -2,   -2,   -2,   -1,    0,    0,  -32,    0,   -4,    0,    0,   -4,    0,    0,    0,   -4,    0,    0,    0,    0,    0,    0,    0,    0,    0,    0,    0,    0,    0,    0,    0,    0,    0,    0,    0,    0,    0,    0,    0,   -4,    0,    0,    0,    0,    0,    0,    0,    0,    0,   -1,    0,   -4,    0,    0,    0,   -1,   -1,    1,    0,   -1,    0,    0,   -2,    0,   -2,    0,   -1,    0,    0,    0,    0,    0,    0,    0,    0,    0,    0,    0,   -4,    0,    0,    0,    0,    0,   -4,    0,    0,    0,    0,    0,    0,   -2,    0,   -1,    0,   -4,    0,    0,    0,    0,    0,    0,    0,    0,    0,    0,   -2,    0,    0,
       0,  -25,    0,    0,    0,    0,    0,  -12,  -44,    0,    0,    0,   -5,    0,    0,   -4,  -15,    0,   -8,  -13,    0,   -9,    0,    0,    0,    0,    0,    4,   -4,  -15,   -6,   -4,    0,  -25,  -27,  -47,  -39,    0,  -36,    0,  -24,    0,   -2,    0,   -8,    0,    0,    0,   -4,    0,  -12,    0,   -8,   -9,  -24,    0,  -20,    0,    0,    0,    0,    0,    0,    0,   -5,  -44,  -12,  -12,    0,  -56,    0,  -24,    0,    0,    0,   -2,   -2,   -8,   -8,    0,    0,    0,   -8,   -8,   -8,   -2,    0,    0,    0,    0,    0,    0,    0,    0,    0,    0,    0,    0,    0,    0,    0,    0,    0,    0,    0,    0,    0,    0,    0,    0,    0,    0,    0,    0,    0,    0,    0,    0,    0,    0,    0,    0,    0,    0,    0,    0,    0,    0,    0,    0,    0,  -36,  -32,    0,  -13,  -25,  -40,    0,    0,    0,    0,    0,    0,    0,
       0,   -5,    0,    0,    0,    0,    0,   -8,   -4,    0,  -11,   -9,    0,   -4,   -8,   -4,    0,    0,    0,   -5,    0,   -4,    0,    0,    0,    0,    1,  -12,   -9,   -4,   -6,   -8,    0,   -8,  -12,  -20,  -16,  -12,  -20,   -4,   -8,  -10,    0,   -4,    0,   -8,    0,    0,    0,    0,   -4,    0,    0,   -8,   -7,   -4,   -4,    0,    0,    0,    0,    0,    0,    0,    1,    0,    0,    1,    0,  -11,    0,   -4,    0,    0,  -20,    0,    0,    0,    0,    0,    0,    0,    0,    0,   -4,    0,   -4,    0,    0,    0,    0,    0,    0,    0,    0,    0,    0,    0,    0,    0,    0,    0,    0,    0,    0,    0,    0,    0,    0,    0,    0,    0,    0,    0,    0,    0,    0,    0,    0,    0,    0,    0,    0,    0,    0,    0,    0,    0,    0,    0,    0,   -4,   -1,    0,    0,   -5,    0,    0,   -8,    0,    0,    0,    0,    0,
       0,    8,    0,    0,    0,    0,    0,    0,    0,    0,    0,    0,    0,    0,    0,    0,    0,    0,    0,    0,    0,    0,    0,    0,    0,    0,    0,    0,    0,    0,    0,    0,    0,    0,   -4,   -4,   -4,    0,   -7,    0,    0,   -4,    0,    0,    0,    0,    0,    0,    0,    0,   -4,    0,    0,   -4,   -1,    0,   -1,    0,    0,    0,    0,    0,    0,    0,    0,    4,    0,    0,    0,    0,    0,   -8,    0,    0,   -7,    0,    0,    0,    0,    0,    0,    0,    0,    0,    0,    0,    0,    0,    0,    0,    0,    0,    0,    0,    0,    0,    0,    0,    0,    0,    0,    0,    0,    0,    0,    0,    0,    0,    0,    0,    0,    0,    0,    0,    0,    0,    0,    0,    0,    0,    0,    0,    0,    0,    0,    0,    0,    0,    0,    0,    0,    5,    8,    0,    0,    8,    0,    0,    0,    0,    0,    0,    0,    0,
       0,   -1,    0,    0,    0,   -1,    0,   -8,    0,    0,  -16,  -12,    0,   -4,   -8,   -4,   -4,   -1,    0,   -5,    0,    0,    0,    0,    0,    0,    7,  -24,  -12,    4,   -4,   -8,    0,   -8,   -8,  -19,  -19,  -16,  -23,   -4,   -8,  -29,   -1,   -4,    0,    0,   -4,    0,    0,    0,   -4,   -4,    0,    0,    0,   -4,    0,    0,    0,    0,    0,    0,    0,    0,    4,    0,    0,    0,    0,   -8,    0,    0,    0,    0,  -32,   -1,   -1,    0,    0,    0,    0,    0,    0,    0,   -1,   -1,   -4,    0,    0,   -4,    0,    0,    0,    0,    0,    0,    0,    0,    0,    0,    0,    0,    0,    0,    0,    0,    0,    0,    0,    0,    0,    0,    0,    0,    0,    0,    0,    0,    0,    0,    0,    0,    0,    0,    0,    0,    0,    0,    0,    0,    0,   -7,    0,    0,    1,   -1,    0,    0,  -20,    0,    0,    0,    0,    0,
       0,    0,    0,    0,    0,    0,    0,    0,    0,    0,    0,    0,    0,    0,    0,   -4,    0,    0,    0,    0,    0,    0,    0,    0,    0,    0,    0,    0,    0,   -1,    0,    0,    0,    0,   -6,   -6,   -6,    0,   -6,    0,    0,    0,    0,    0,    0,    0,   -4,    0,    0,    0,   -8,    0,   -1,   -4,   -9,    0,   -8,    0,    0,    0,    0,    0,    0,    0,    0,    0,    0,    0,    0,    0,    0,   -9,    0,    0,    0,    0,    0,    0,    0,    0,    0,    0,    0,    0,    0,    0,    0,    0,    0,    0,    0,    0,    0,    0,    0,    0,    0,    0,    0,    0,    0,    0,    0,    0,    0,    0,    0,    0,    0,    0,    0,    0,    0,    0,    0,    0,    0,    0,    0,    0,    0,    0,    0,    0,    0,    0,    0,    0,    0,    0,    0,    0,    0,    0,   -5,    0,    0,    0,    0,    0,    0,    0,    0,    0,
       0,    4,    0,    0,    0,   -6,    0,    0,    4,    0,  -36,  -25,   -1,    0,   -4,   -5,  -14,   -9,   -9,    4,   -1,    0,   -1,    0,    0,    0,  -10,  -30,   -4,   -4,    0,    0,    0,    4,    0,    0,    0,    0,    0,    0,    4,  -49,  -17,    0,  -17,  -12,  -24,   -5,   -1,   -9,  -16,  -18,   -1,   -9,   -9,  -13,   -9,  -12,    0,    0,    0,    0,    0,    0,   -1,    0,  -13,   -8,    0,    0,    0,  -12,   -5,    0,  -52,  -17,  -17,  -17,  -17,   -5,   14,    7,  -17,  -17,    3,  -17,    0,    7,    7,  -18,    0,    0,    0,    0,    0,    0,    0,    0,    0,    0,    0,    0,    0,    0,    0,    0,    0,    0,    0,    0,    0,    0,    0,    0,    0,    0,    0,    0,    0,    0,    0,    0,    0,    0,    0,    0,    0,    0,    0,    0,    0,    8,    4,    0,   -8,    4,    0,    0,  -48,    0,    0,    0,    0,    0,
       0,   -1,    0,    0,    0,    0,    0,   -4,   -1,    0,   -4,   -8,    0,   -4,   -8,   -4,    0,    0,    0,   -1,    0,    0,    0,    0,    0,    0,    4,   -5,   -4,    4,   -1,   -1,    0,   -5,   -7,  -16,  -16,   -8,  -19,   -5,   -1,  -16,    0,    0,    0,    0,    0,    0,    0,    0,   -4,    0,    0,    0,   -1,   -1,   -1,    0,    0,    0,    0,    0,    0,    0,    0,   -1,    8,    7,    0,  -12,    0,    0,    0,    0,  -16,    0,    0,    0,    0,    0,    0,    0,    0,    0,    0,    0,    0,    0,    0,    0,    0,    0,    0,    0,    0,    0,    0,    0,    0,    0,    0,    0,    0,    0,    0,    0,    0,    0,    0,    0,    0,    0,    0,    0,    0,    0,    0,    0,    0,    0,    0,    0,    0,    0,    0,    0,    0,    0,    0,    0,    0,   -1,   -1,    0,    0,   -1,    0,    0,   -8,    0,    0,    0,    0,    0,
       0,    0,    0,    0,    0,    0,    0,    0,    0,    0,    0,    0,   -4,   -7,   -4,   -4,  -16,   -5,   -8,    0,   -4,   -8,    0,    0,    0,    0,    0,    0,    0,   -9,    0,    0,    0,    0,    0,    0,    0,    0,    0,    0,    0,    0,   -8,    0,   -8,   -7,   -8,    0,    0,    0,  -12,   -8,   -4,   -9,  -16,    0,  -12,    0,    0,    0,    0,    0,    0,    0,    0,    0,   -8,    0,    0,    0,    0,    0,    0,    0,    0,   -8,   -8,   -8,   -8,    0,    4,    4,   -8,   -8,    0,   -8,    0,    4,    4,   -8,    0,    0,    0,    0,    0,    0,    0,    0,    0,    0,    0,    0,    0,    0,    0,    0,    0,    0,    0,    0,    0,    0,    0,    0,    0,    0,    0,    0,    0,    0,    0,    0,    0,    0,    0,    0,    0,    0,    0,    0,    0,    0,    0,    0,    0,    0,    0,    0,    0,    0,    0,    0,    0,    0,
       0,    0,    0,    0,    0,   -2,    0,    0,    0,    0,  -21,  -14,   -1,   -8,   -5,   -8,  -16,   -5,   -8,    0,   -1,   -8,   -8,    0,    0,    0,   -5,  -17,    0,   -4,   -4,    0,   -4,    0,   -1,    0,    0,   -1,    0,   -1,    0,  -29,  -11,    0,   -8,  -16,  -12,   -4,   -4,  -12,  -16,  -12,   -8,  -12,  -12,   -9,  -12,   -9,    0,    0,    0,    0,    0,    0,   -1,    0,   -9,   -4,    0,    0,    0,   -8,   -8,    0,  -21,  -11,  -11,   -8,   -8,   -4,    5,    5,   -8,   -8,    0,  -11,    0,    5,    5,  -12,    0,    0,    0,    0,    0,    0,    0,    0,    0,    0,    0,    0,    0,    0,    0,    0,    0,    0,    0,    0,    0,    0,    0,    0,    0,    0,    0,    0,    0,    0,    0,    0,    0,    0,    0,    0,    0,    0,    0,    0,    0,    0,    0,    0,    0,    0,    0,    0,  -20,    0,    0,    0,    0,    0,
       0,   -1,    0,    0,    0,    0,    0,    0,   -1,    0,    0,    0,   -5,    0,    0,   -1,   -1,   -1,   -8,   -1,   -4,   -9,    0,    0,    0,    0,    0,    4,    0,  -12,   -8,    0,    0,   -1,   -5,   -4,   -4,    0,   -4,    4,    0,    0,   -4,    0,   -8,    0,   -4,    0,   -1,    0,  -12,    0,   -9,   -9,  -24,    0,  -20,    0,    0,    0,    0,    0,    0,    0,  -10,   -1,  -12,  -12,    0,   -1,    0,  -32,    0,    0,    1,   -4,   -4,   -8,   -8,    0,    7,    7,   -8,   -8,   -1,   -4,    0,    7,    7,    0,    0,    0,    0,    0,    0,    0,    0,    0,    0,    0,    0,    0,    0,    0,    0,    0,    0,    0,    0,    0,    0,    0,    0,    0,    0,    0,    0,    0,    0,    0,    0,    0,    0,    0,    0,    0,    0,    0,    0,    0,    0,   -1,   -1,    0,  -20,   -1,   -1,    0,    0,    0,    0,    0,    0,    0,
       0,  -45,    0,    0,    0,    0,    0,  -11,  -40,    0,    0,    0,    0,   -7,   -8,    0,   -7,    0,    0,  -13,    0,  -13,    0,    0,    0,    0,    0,    0,   -7,   -8,   -8,   -4,   -7,  -32,  -20,  -47,  -40,   -7,  -42,   -7,  -23,    0,    0,    0,    0,   -4,    0,    0,    0,    0,   -8,    0,   -4,   -9,  -17,    0,  -13,    0,    0,    0,    0,    0,    0,    0,    0,  -46,    0,    0,    0,  -59,    0,  -22,    0,    0,   -4,    0,    0,    0,    0,    0,    0,    0,    0,    0,  -12,    0,    0,    0,    0,    0,    0,    0,    0,    0,    0,    0,    0,    0,    0,    0,    0,    0,    0,    0,    0,    0,    0,    0,    0,    0,    0,    0,    0,    0,    0,    0,    0,    0,    0,    0,    0,    0,    0,    0,    0,    0,    0,    0,    0,    0,    0,  -34,  -29,    0,  -11,  -45,  -40,    0,    0,    0,    0,    0,    0,    0,
       0,    0,    0,    0,    0,   -1,    0,    0,    0,    0,  -13,  -14,   -1,  -12,   -9,   -9,  -13,   -9,   -9,    0,   -5,   -8,   -4,    0,    0,    0,   -1,  -17,   -4,   -8,    0,    0,   -4,    0,   -4,    0,    0,   -4,    0,   -1,    0,  -24,   -6,    0,   -6,   -8,   -9,   -1,   -1,   -5,  -10,   -6,   -5,   -9,   -9,   -9,   -9,   -9,    0,    0,    0,    0,    0,    0,    0,    0,   -8,   -1,    0,    0,    0,   -4,   -5,    0,  -28,   -6,   -6,   -6,   -6,   -1,    8,    4,   -6,   -6,    0,   -6,    0,    4,    4,   -6,    0,    0,    0,    0,    0,    0,    0,    0,    0,    0,    0,    0,    0,    0,    0,    0,    0,    0,    0,    0,    0,    0,    0,    0,    0,    0,    0,    0,    0,    0,    0,    0,    0,    0,    0,    0,    0,    0,    0,    0,    0,    0,    0,    0,    0,    0,    0,    0,  -18,    0,    0,    0,    0,    0,
       0,  -11,    0,    0,    0,    0,    0,   -8,   -4,    0,  -16,   -7,    0,   -4,    0,   -4,    0,    0,    0,   -1,    0,    0,    0,    0,    0,    0,    8,  -16,   -9,    4,   -4,   -8,    0,   -4,   -8,  -16,  -12,  -12,  -15,    0,   -4,  -20,    0,    0,    0,    0,    0,    0,    0,    0,    0,    0,    0,    0,    0,    0,    0,    0,    0,    0,    0,    0,    0,    0,    4,    4,    7,    4,    0,   -5,    0,    0,    0,    0,  -24,    0,    0,    0,    0,    0,    0,    0,    0,    0,   -4,    0,    0,    0,    0,    0,    0,    0,    0,    0,    0,    0,    0,    0,    0,    0,    0,    0,    0,    0,    0,    0,    0,    0,    0,    0,    0,    0,    0,    0,    0,    0,    0,    0,    0,    0,    0,    0,    0,    0,    0,    0,    0,    0,    0,    0,    0,    0,    0,    0,    1,  -11,    0,    0,  -16,    0,    0,    0,    0,    0,
       0,    4,    0,    0,    0,   -1,    0,   -4,    8,    0,  -41,  -21,    0,    0,    0,    0,   -9,   -1,   -1,    0,    0,    0,    4,    0,    0,    0,   -1,  -26,   -4,    0,   -4,    0,    4,    4,   -8,   -4,   -4,   -8,   -8,    3,    4,  -58,   -1,   -1,   -8,    0,   -8,    4,    0,   -4,    0,   -1,    7,    0,    4,    0,    8,    0,    0,    0,    0,    0,    0,    0,    4,    8,    0,    0,    0,    0,    0,    0,    0,    0,  -44,   -1,   -1,   -8,   -8,    4,    4,    4,   -8,   -8,   -1,   -1,   -1,    4,    4,   -1,    0,    0,    0,    0,    0,    0,    0,    0,    0,    0,    0,    0,    0,    0,    0,    0,    0,    0,    0,    0,    0,    0,    0,    0,    0,    0,    0,    0,    0,    0,    0,    0,    0,    0,    0,    0,    0,    0,    0,    0,    0,   12,    8,    0,    0,    4,    0,    0,  -48,    0,    0,    0,    0,    0,
       0,  -16,    0,    0,    0,    0,    0,   -1,   -5,    0,    0,    0,   -4,   -3,    0,    0,  -12,   -1,   -5,   -9,    0,   -8,    0,    0,    0,    0,    0,    4,    0,   -8,   -4,    0,    0,  -13,  -13,  -24,  -20,    4,  -20,    4,   -9,    8,    0,    0,   -4,    0,    0,    0,    0,    0,   -4,    0,   -4,   -5,   -8,    0,   -8,    0,    0,    0,    0,    0,    0,    0,   -4,   -9,   -8,   -4,    0,  -17,    0,  -16,   -4,    0,    4,    0,    0,   -4,   -4,    0,    0,    0,   -4,   -4,   -4,    0,    0,    0,    0,    0,    0,    0,    0,    0,    0,    0,    0,    0,    0,    0,    0,    0,    0,    0,    0,    0,    0,    0,    0,    0,    0,    0,    0,    0,    0,    0,    0,    0,    0,    0,    0,    0,    0,    0,    0,    0,    0,    0,    0,    0,    0,  -12,   -6,    0,  -12,  -16,  -13,    0,    0,    0,    0,    0,    0,    0,
       0,   -1,    0,    0,    0,    0,    0,   -4,    0,    0,   -8,   -8,    0,   -8,   -8,    0,    0,    0,    0,   -5,    0,   -4,    0,    0,    0,    0,    0,   -8,   -4,    0,   -4,   -4,   -4,   -4,  -12,  -12,  -12,   -4,  -12,   -1,    0,  -17,    0,   -4,    0,   -7,   -4,    0,    0,    0,   -4,    0,   -4,   -4,   -8,   -4,   -8,    0,    0,    0,    0,    0,    0,    0,    0,    0,    0,    0,    0,   -8,    0,    0,    0,    0,  -16,    0,    0,    0,    0,    0,    0,    0,    0,    0,   -4,    0,   -4,    0,    0,    0,    0,    0,    0,    0,    0,    0,    0,    0,    0,    0,    0,    0,    0,    0,    0,    0,    0,    0,    0,    0,    0,    0,    0,    0,    0,    0,    0,    0,    0,    0,    0,    0,    0,    0,    0,    0,    0,    0,    0,    0,    0,   -4,    0,    0,    0,   -1,   -1,    0,   -4,    0,    0,    0,    0,    0,
       0,   11,    0,    0,    0,   -2,    0,    0,    8,    0,  -33,  -18,    0,    0,    0,   -1,  -21,   -1,  -10,    4,   -1,    0,    0,    0,    0,    0,   -9,  -28,    0,   -4,    0,    0,    0,    4,   -4,    0,    0,    0,    0,    3,    8,  -34,  -17,    0,  -28,   -5,  -17,   -1,   -1,  -12,  -27,  -20,   -1,  -10,  -16,  -14,  -16,  -24,    0,   -7,    0,    0,    0,    0,   -1,    8,  -20,  -18,    0,    7,    0,  -16,   -1,    0,  -32,  -17,  -17,  -28,  -28,   -2,   22,   11,  -28,  -28,    0,  -17,    0,   11,   11,  -20,    0,    0,    0,    0,    0,    0,    0,    0,    0,    0,    0,    0,    0,    0,    0,    0,    0,    0,    0,    0,    0,    0,    0,    0,    0,    0,    0,    0,    0,    0,    0,    0,    0,    0,    0,    0,    0,    0,    0,    0,    0,    8,   12,    0,   -8,   11,    4,    0,  -33,    0,    0,    0,    0,    0,
       0,    0,    0,    0,    0,   -7,    0,   -4,    0,    0,  -32,  -26,   -5,   -8,  -12,  -12,  -17,  -12,  -16,    0,  -12,   -8,   -5,    0,    0,    0,   -1,  -32,   -8,  -12,   -6,   -4,   -8,   -4,   -8,   -7,   -4,   -4,    0,   -4,    0,  -33,  -17,    0,  -13,   -9,  -17,   -9,   -8,  -12,  -16,  -16,   -9,  -13,   -9,  -13,  -13,  -13,    0,    0,    0,    0,    0,    0,   -1,    0,  -16,   -4,    0,   -4,    0,   -8,   -9,    0,  -33,  -17,  -17,  -13,  -13,   -9,    7,    4,  -13,  -13,    0,  -17,    0,    4,    4,  -16,    0,    0,    0,    0,    0,    0,    0,    0,    0,    0,    0,    0,    0,    0,    0,    0,    0,    0,    0,    0,    0,    0,    0,    0,    0,    0,    0,    0,    0,    0,    0,    0,    0,    0,    0,    0,    0,    0,    0,    0,    0,    0,    0,    0,   -4,    0,    0,    0,  -37,    0,    0,    0,    0,    0,
       0,    0,    0,    0,    0,  -18,    0,    0,    0,    0,  -56,  -36,  -16,   -8,  -12,   -9,  -33,  -13,  -28,    4,  -16,   -8,  -16,    0,    0,    0,  -22,  -48,    0,  -20,    0,    0,   -8,    0,   -4,    0,    0,    0,    0,   -4,    4,  -65,  -32,    0,  -29,  -19,  -32,  -12,   -9,  -24,  -28,  -36,  -13,  -24,  -17,  -28,  -24,  -24,    0,  -15,    0,    0,    0,    0,  -12,    0,  -31,  -27,    0,    0,    0,  -27,  -20,    0,  -55,  -53,  -56,  -29,  -58,  -25,    7,   15,  -29,  -29,    0,  -64,    0,    4,    4,  -36,    0,    0,    0,    0,    0,    0,    0,    0,    0,    0,    0,    0,    0,    0,    0,    0,    0,    0,    0,    0,    0,    0,    0,    0,    0,    0,    0,    0,    0,    0,    0,    0,    0,    0,    0,    0,    0,    0,    0,    0,    0,    1,    1,    0,  -17,    0,    0,    0,  -60,    0,    0,    0,    0,    0,
       0,    0,    0,    0,    0,  -15,    0,    0,    0,    0,  -49,  -36,  -16,   -8,  -16,   -9,  -29,  -13,  -21,    0,  -12,  -12,  -16,    0,    0,    0,  -22,  -44,    0,  -16,    0,   -4,   -8,    0,   -4,    0,    0,    0,    0,   -4,    4,  -54,  -29,    0,  -29,  -16,  -33,   -9,   -8,  -20,  -27,  -28,  -10,  -20,  -16,  -21,  -16,  -24,    0,  -15,    0,    0,    0,    0,  -12,    0,  -28,  -24,    0,    0,    0,  -24,  -20,    0,  -52,  -50,  -56,  -29,  -29,  -18,    1,   16,  -29,  -29,    0,  -29,    0,    1,    0,  -28,    0,    0,    0,    0,    0,    0,    0,    0,    0,    0,    0,    0,    0,    0,    0,    0,    0,    0,    0,    0,    0,    0,    0,    0,    0,    0,    0,    0,    0,    0,    0,    0,    0,    0,    0,    0,    0,    0,    0,    0,    0,    1,    8,    0,  -17,    0,    0,    0,  -56,    0,    0,    0,    0,    0,
       0,    0,    0,    0,    0,    0,    0,    0,    0,    0,    0,    0,   -1,    0,    0,   -8,  -16,   -1,   -8,   -1,   -4,   -8,   -4,    0,    0,    0,    0,    0,    0,  -12,    0,    0,    0,   -4,   -4,    0,    0,    0,    0,    4,    0,    0,   -1,    0,  -12,    0,    0,    0,   -7,    0,  -12,   -4,  -12,  -16,  -28,    0,  -20,    0,    0,    0,    0,    0,    0,    0,   -9,    0,  -16,  -16,    0,    0,    0,  -27,   -1,    0,    0,   -1,   -1,  -12,  -12,    0,    0,    0,  -12,  -12,    0,   -1,    0,    0,    0,   -4,    0,    0,    0,    0,    0,    0,    0,    0,    0,    0,    0,    0,    0,    0,    0,    0,    0,    0,    0,    0,    0,    0,    0,    0,    0,    0,    0,    0,    0,    0,    0,    0,    0,    0,    0,    0,    0,    0,    0,    0,    0,    0,    0,    0,  -16,    0,   -1,    0,    0,    0,    0,    0,    0,    0,
       0,    0,    0,    0,    0,  -17,    0,    0,    0,    0,  -40,  -36,  -13,  -11,  -12,  -12,  -33,  -16,  -28,    0,  -16,  -15,  -23,    0,    0,    0,  -21,  -36,    0,  -20,    0,    0,  -15,    0,    0,    0,    0,    0,    0,    0,    5,  -44,  -32,    0,  -36,  -23,  -37,  -16,   -8,  -27,  -35,  -32,  -24,  -31,  -27,  -25,  -27,  -32,    0,  -11,    0,    0,    0,    0,  -15,    1,  -31,  -31,    0,    0,    0,  -34,  -23,    0,  -36,  -57,  -63,  -71,  -71,  -24,    5,   12,  -36,  -71,    0,  -32,    0,   12,   12,  -32,    0,    0,    0,    0,    0,    0,    0,    0,    0,    0,    0,    0,    0,    0,    0,    0,    0,    0,    0,    0,    0,    0,    0,    0,    0,    0,    0,    0,    0,    0,    0,    0,    0,    0,    0,    0,    0,    0,    0,    0,    0,    1,    1,    0,  -20,    0,    0,    0,  -40,    0,    0,    0,    0,    0,
       0,    0,    0,    0,    0,    0,    0,    0,    0,    0,    0,    0,    0,    0,    0,    0,    0,    0,    0,    0,    0,   -4,    0,    0,    0,    0,    0,    0,    0,   -4,    0,    0,    0,   -4,   -8,   -4,   -4,    0,   -4,    0,    0,    0,    0,    0,    0,    0,    0,    0,    0,    0,   -4,    0,    0,   -4,  -12,    0,  -12,    0,    0,    0,    0,    0,    0,    0,    0,    0,    0,    0,    0,    0,    0,   -9,    0,    0,    0,    0,    0,    0,    0,    0,    7,    7,    0,    0,    0,    0,    0,    7,    7,    0,    0,    0,    0,    0,    0,    0,    0,    0,    0,    0,    0,    0,    0,    0,    0,    0,    0,    0,    0,    0,    0,    0,    0,    0,    0,    0,    0,    0,    0,    0,    0,    0,    0,    0,    0,    0,    0,    0,    0,    0,    0,   -4,    0,    0,   -8,    0,    0,    0,    0,    0,    0,    0,    0,    0,
       0,  -32,    0,    0,    0,    0,    0,    0,    0,    0,    7,    0,   -8,    0,    0,    0,  -12,   -8,   -7,  -16,    0,   -8,    0,    0,    0,    0,    0,    0,    0,  -12,   29,   -1,   -1,  -25,  -21,  -40,  -36,   -1,  -31,   -1,  -35,    0,   -1,    0,   -1,   -1,    1,    0,   38,    0,    0,   -1,   -5,   -1,   -9,    0,   11,    0,    0,    0,    0,    0,    0,    0,    0,    0,  -13,   -9,    0,    0,    0,  -16,    0,    0,   -1,   -1,   -1,   -1,   -1,    0,    0,    0,   -1,   -1,    0,   -1,    0,    0,    0,   -1,    0,  -25,  -12,   -1,   29,    0,    0,    0,    0,   -1,    0,   -1,    0,    0,    0,   -1,    0,    0,    0,   -1,    0,    0,    0,    0,    0,   11,    0,    0,   -1,    0,   -1,    0,    0,   38,    0,    0,  -40,   -9,  -31,   -1,   -1,  -32,  -32,    7,    0,  -32,    0,    0,    0,    0,    0,    0,    0,    0,
       0,    0,    0,    0,    0,    0,    0,    0,    0,    0,    0,    0,  -16,    0,    0,   -9,  -28,   -8,  -12,   -8,  -12,   -9,    0,    0,    0,    0,   -1,    0,    0,  -21,   16,    0,   -8,  -34,  -40,  -61,  -57,    0,  -44,    0,    0,    0,   -5,    0,  -20,    0,    0,    0,    3,    0,   -8,   -8,  -21,  -16,  -29,    0,  -22,    0,    0,    0,    0,    0,    0,    0,    0,    0,    0,    0,    0,    0,    0,    0,    0,    0,    0,   -5,   -5,  -20,  -20,    0,    0,    0,  -20,  -20,   -8,   -5,    0,    0,    0,   -8,    0,  -34,  -21,   -8,   16,    0,    0,    0,    0,    0,    0,    0,    0,    0,    0,   -5,    0,    0,    0,  -20,    0,    0,    0,   -8,    0,  -22,    0,    0,  -20,    0,   -8,    0,    0,    3,    0,    0,  -61,  -29,  -44,   -5,    0,    0,    0,    0,    0,    0,    0,    0,    0,    0,    0,    0,    0,    0,
       0,  -24,    0,    0,    0,    0,    0,   -1,  -16,    0,    0,    0,    0,   -7,    0,    0,   -4,    0,   -4,   -9,    0,  -12,    0,    0,    0,    0,    0,    4,    0,   -4,   -8,    0,    0,  -20,  -19,  -39,  -35,    0,  -32,    0,  -16,    0,    0,    0,    0,    0,   -4,    0,    0,   -2,   -8,    0,    0,    0,   -8,    0,   -4,    0,    0,    0,    0,    0,    0,    0,    0,  -16,   -1,   -4,    0,  -24,    0,   -1,    0,    0,    0,    0,    0,    0,    0,    0,    0,    0,    0,    0,   -8,    0,    0,    0,    0,    0,    0,    0,    0,    0,    0,    0,    0,    0,    0,    0,    0,    0,    0,    0,    0,    0,    0,    0,    0,    0,    0,    0,    0,    0,    0,    0,    0,    0,    0,    0,    0,    0,    0,    0,    0,    0,    0,    0,    0,    0,    0,  -20,  -12,    0,   -4,  -24,  -16,    0,    0,    0,    0,    0,    0,    0,
       0,  -17,    0,    0,    0,    0,    0,   -5,   -9,    0,   -8,   -8,    0,  -11,   -5,   -4,    0,   -4,    0,  -17,    0,    0,    0,    0,    0,   -1,    0,  -16,   -8,    0,   -4,   -5,   -4,  -24,  -16,  -32,  -28,   -9,  -32,    0,   -9,  -20,    0,   -4,    0,    0,    0,    0,    0,    0,   -4,    0,   -4,   -4,    0,   -8,   -4,    0,    0,    0,    0,    0,    0,    0,    0,  -11,    0,    4,    0,  -20,    0,    0,    0,    0,   -9,    0,    0,    0,    0,    0,    0,    0,    0,    0,   -4,    0,   -4,    0,    0,    0,    0,    0,    0,    0,    0,    0,    0,    0,    0,    0,    0,    0,    0,    0,    0,    0,    0,    0,    0,    0,    0,    0,    0,    0,    0,    0,    0,    0,    0,    0,    0,    0,    0,    0,    0,    0,    0,    0,    0,    0,    0,  -20,   -8,    0,    0,  -17,   -7,    0,  -12,    0,    0,    0,    0,    0,
       0,    0,    0,    0,    0,    0,    0,   -1,    0,    0,   -1,   -1,    0,   -8,   -1,    0,   -8,   -1,    0,   -6,    0,    0,    0,    0,    0,    0,    0,   -5,   -5,    0,   -9,   -1,    0,  -16,  -12,  -28,  -24,   -8,  -24,    0,   -1,   -9,    0,   -5,    0,    0,    0,    0,    0,    0,   -4,    0,    0,    0,   -1,   -1,    0,    0,    0,    0,    0,    0,    0,    0,    0,    0,    0,    0,    0,   -9,    0,    0,    0,    0,   -1,    0,    0,    0,    0,    0,    0,    0,    0,    0,   -1,    0,   -5,    0,    0,    0,    0,    0,    0,    0,    0,    0,    0,    0,    0,    0,    0,    0,    0,    0,    0,    0,    0,    0,    0,    0,    0,    0,    0,    0,    0,    0,    0,    0,    0,    0,    0,    0,    0,    0,    0,    0,    0,    0,    0,    0,    0,   -4,    0,    0,    0,    0,    0,    0,   -1,    0,    0,    0,    0,    0,
       0,   -8,    0,    0,    0,   -4,    0,    0,   -8,    0,    0,    0,    0,    0,    0,   -1,   -4,    0,    0,   -5,    0,   -4,    0,    0,    0,   -1,    0,    0,    0,    0,    0,    0,    0,   -8,   -8,  -15,  -12,    0,  -16,    0,    0,    0,   -4,    0,    0,    0,   -4,    0,    0,    0,   -8,    0,    0,   -4,   -4,    0,   -4,    0,    0,    0,    0,    0,    0,    0,    0,    0,   -8,    0,    0,   -8,    0,   -1,    0,    0,    0,   -4,   -4,    0,    0,    0,    0,    0,    0,    0,    0,   -4,    0,    0,    0,    0,    0,    0,    0,    0,    0,    0,    0,    0,    0,    0,    0,    0,    0,    0,    0,    0,    0,    0,    0,    0,    0,    0,    0,    0,    0,    0,    0,    0,    0,    0,    0,    0,    0,    0,    0,    0,    0,    0,    0,    0,    0,  -12,   -8,    0,   -5,   -8,    0,    0,    0,    0,    0,    0,    0,    0,
       0,   -8,    0,    0,    0,    0,    0,   -5,   -8,    0,   -7,   -4,    0,   -8,   -4,    0,    0,    0,    1,  -12,    0,    0,    0,    0,    0,    0,    0,   -8,   -4,    0,   -8,   -1,    0,  -20,  -12,  -28,  -24,   -8,  -28,    0,   -9,  -16,   -4,   -4,    0,   -4,    0,    0,    0,    0,   -4,    0,    0,    0,   -4,    0,   -4,    0,    0,    0,    0,    0,    0,    0,    0,   -7,    4,    4,    0,  -13,    0,    0,    0,    0,   -8,   -4,   -4,    0,    0,    0,    0,    0,    0,    0,   -4,   -4,   -4,    0,    0,    0,    0,    0,    0,    0,    0,    0,    0,    0,    0,    0,    0,    0,    0,    0,    0,    0,    0,    0,    0,    0,    0,    0,    0,    0,    0,    0,    0,    0,    0,    0,    0,    0,    0,    0,    0,    0,    0,    0,    0,    0,    0,  -12,   -4,    0,    0,   -8,   -7,    0,    0,    0,    0,    0,    0,    0,
      17,   29,    0,    0,    0,    0,    0,   36,   22,    0,  -12,   -7,   12,   10,    9,   12,   -1,    8,    0,   29,    9,   13,    0,    0,    0,   17,    0,    0,   12,    0,   16,   22,   12,   26,   22,   30,   30,   26,   30,   22,   41,   -7,    0,   -4,   -6,    0,    0,   12,   13,    0,    0,    0,    0,   -4,    4,    0,    4,    0,    1,    0,    0,    0,    0,    0,    0,   33,  -12,   -1,    3,   30,    0,    0,    0,    0,    0,    0,    2,  -12,  -10,   37,   46,   54,  -11,  -10,   -4,    0,   -8,   23,   23,    0,    0,    0,    0,    0,    0,    0,    0,    0,    0,    0,    0,    0,    0,    0,    0,    0,    0,    0,    0,    0,    0,    0,    0,    0,    0,    0,    0,    0,    0,    0,    0,    0,    0,    0,    0,    0,    0,    0,    0,    0,    0,   30,   25,    0,    0,   29,   37,   17,   -8,    0,    0,    0,    0,    0,
       0,    0,    0,    0,    0,   -8,    0,    0,    0,    0,    0,    5,    4,   -7,    0,   -4,   -9,   -5,    0,  -15,    0,    1,    0,    0,    0,    0,    0,    0,    0,    0,   22,    0,    0,   -8,  -12,  -16,  -16,    0,  -27,    0,   -5,    0,   -8,   -4,   -4,    0,   -4,    0,   12,    0,    0,    0,    0,    0,    2,    0,    4,    0,    0,    0,    0,    0,    0,    0,    0,    0,   -5,   -1,    0,    0,    0,   -1,    0,    0,    0,   -8,   -8,   -4,   -4,    0,    0,    0,   -4,   -4,   -1,   -8,   -4,    0,    0,    0,    0,    0,    0,    0,    0,    0,    0,    0,    0,    0,    0,    0,    0,    0,    0,    0,    0,    0,    0,    0,    0,    0,    0,    0,    0,    0,    0,    0,    0,    0,    0,    0,    0,    0,    0,    0,    0,    0,    0,    0,    0,    0,    4,    0,    0,    0,    0,    0,    0,    0,    0,    0,    0,    0,
       0,  -20,    0,    0,    0,    0,    0,   -5,  -27,    0,    0,    0,   -4,    0,   -4,   -4,  -11,   -1,    0,  -16,    0,  -12,    0,    0,    0,    0,    0,    0,    0,    0,   -8,    0,    0,  -24,  -12,  -36,  -32,    0,  -28,    0,  -20,    0,    0,    0,    0,    0,    0,    0,    0,    0,   -6,    0,   -2,   -2,  -12,    0,  -12,    0,    0,    0,    0,    0,    0,    0,    0,  -23,   -4,    0,    0,  -28,    0,   -1,    0,    0,    0,    0,    0,    0,    0,    0,    0,    0,    0,    0,   -5,    0,    0,    0,    0,    0,    0,    0,    0,    0,    0,    0,    0,    0,    0,    0,    0,    0,    0,    0,    0,    0,    0,    0,    0,    0,    0,    0,    0,    0,    0,    0,    0,    0,    0,    0,    0,    0,    0,    0,    0,    0,    0,    0,    0,    0,    0,  -28,  -16,    0,   -4,  -20,  -19,    0,    0,    0,    0,    0,    0,    0,
       0,    0,    0,    0,    0,    0,    0,    0,    0,    0,    0,    0,    0,    0,    0,    0,    0,    0,    0,   -1,    0,    0,    0,    0,    0,    0,    0,    0,    0,    0,    0,    0,    0,   -8,   -8,   -9,   -8,    0,   -8,    0,    0,    0,    0,    0,    0,    0,    0,    0,    0,    0,   -4,    0,    0,    0,   -6,    0,   -6,    0,    0,    0,    0,    0,    0,    0,    0,    0,   -4,    0,    0,   -7,    0,   -1,    0,    0,    0,    0,    0,    0,    0,    0,    0,    0,    0,    0,    0,    0,    0,    0,    0,    0,    0,    0,    0,    0,    0,    0,    0,    0,    0,    0,    0,    0,    0,    0,    0,    0,    0,    0,    0,    0,    0,    0,    0,    0,    0,    0,    0,    0,    0,    0,    0,    0,    0,    0,    0,    0,    0,    0,    0,    0,    0,    0,    0,    0,    0,    0,   -4,    0,    0,    0,    0,    0,    0,    0,
       0,    0,    0,    0,    0,   -1,    0,    1,    0,    0,   -5,   -4,    0,    0,   -1,   -1,   -4,   -1,    0,   -1,    0,    0,   -4,    0,    0,    0,    0,   -4,    0,    0,    2,   -1,    0,   -1,   -8,   -5,   -5,   -4,   -4,    0,    0,  -13,    0,    0,    0,    0,   -4,    0,    1,    0,    0,    0,    0,    0,    0,    0,    0,    0,    0,    0,    0,    0,    0,    0,    0,    0,   -8,    0,    0,    0,    0,   -1,    0,    0,   -4,    0,    0,    0,    0,    0,    0,    0,    0,    0,   -1,    0,    0,    0,    0,    0,    0,    0,    0,    0,    0,    0,    0,    0,    0,    0,    0,    0,    0,    0,    0,    0,    0,    0,    0,    0,    0,    0,    0,    0,    0,    0,    0,    0,    0,    0,    0,    0,    0,    0,    0,    0,    0,    0,    0,    0,    0,   -1,    0,    0,    0,    0,    0,    0,   -4,    0,    0,    0,    0,    0,
      -1,   -1,    0,    0,    0,   -1,    0,   -5,   -1,    0,    0,    0,    0,    0,    0,    0,  -12,    0,   -1,   -8,    0,    0,   -1,    0,    0,   -1,    0,    8,    0,    0,   -9,    0,    0,  -17,  -16,  -28,  -20,    4,  -28,    4,   -1,    0,    0,    0,   -8,    0,    0,    0,    0,    0,   -4,   -4,    0,   -1,    0,    0,    0,    0,    0,    0,    0,    0,    0,    0,    0,    0,  -12,   -9,    0,    0,    0,   -1,    0,    0,    4,    0,    0,   -8,   -8,    0,    0,    0,   -8,   -8,   -5,    0,    0,    0,    0,   -4,    0,    0,    0,    0,    0,    0,    0,    0,    0,    0,    0,    0,    0,    0,    0,    0,    0,    0,    0,    0,    0,    0,    0,    0,    0,    0,    0,    0,    0,    0,    0,    0,    0,    0,    0,    0,    0,    0,    0,    0,    0,    0,   -1,    0,   -1,   -1,    0,    0,    0,    0,    0,    0,    0,    0,
       0,   -8,    0,    0,    0,   -1,    0,    4,   -8,    0,    0,    1,    0,   -4,   -4,   -5,   -1,   -1,    0,   -9,    0,    0,    0,    0,    0,    0,    0,   -4,   -8,    0,    0,   -8,    0,  -20,  -16,  -31,  -27,   -1,  -31,    0,   -5,   -1,   -4,   -4,    0,    0,    0,    0,   16,    0,    0,    0,    0,    0,    0,    0,    7,    0,    0,    0,    0,    0,    0,    0,    0,    0,   -4,    0,    0,  -12,    0,   -1,    0,    0,   -1,   -4,   -4,    0,    0,    0,    0,    0,    0,    0,    0,   -4,   -4,    0,    0,    0,    0,    0,    0,    0,    0,    0,    0,    0,    0,    0,    0,    0,    0,    0,    0,    0,    0,    0,    0,    0,    0,    0,    0,    0,    0,    0,    0,    0,    0,    0,    0,    0,    0,    0,    0,    0,    0,    0,    0,    0,    0,   -8,   -1,    0,    0,   -8,    0,    0,    0,    0,    0,    0,    0,    0,
       0,    0,    0,    0,    0,   -7,    0,   -9,    6,    0,  -37,  -20,    0,   -4,    0,   -8,  -10,   -5,    0,  -12,   -4,    4,   -4,    0,    0,   -1,   -6,  -25,   -8,    0,  -12,   -8,    0,    0,  -12,  -20,  -16,  -24,  -20,   -1,   -1,  -27,   -5,   -5,   -4,    0,   -4,    0,    0,    0,    0,   -4,    7,    0,    4,    0,    4,    0,    0,    0,    0,    0,    0,    0,    0,   11,   -8,  -12,    0,    0,    0,    0,    0,    0,  -33,   -5,   -5,   -4,   -4,    0,    0,    0,   -4,   -4,   -5,   -5,   -5,    0,    0,   -4,    0,    0,    0,    0,    0,    0,    0,    0,    0,    0,    0,    0,    0,    0,    0,    0,    0,    0,    0,    0,    0,    0,    0,    0,    0,    0,    0,    0,    0,    0,    0,    0,    0,    0,    0,    0,    0,    0,    0,    0,    0,    4,    8,    0,    0,    0,    8,    0,  -30,    0,    0,    0,    0,    0,
       0,   -9,    0,    0,    0,    0,    0,   -5,   -4,    0,   -8,   -1,    0,   -4,   -4,   -4,    0,    0,    0,  -12,    0,   -4,    0,    0,    0,   -1,    0,   -4,   -8,    0,  -12,   -4,    0,  -12,   -8,  -28,  -24,    0,  -35,    0,   -9,  -16,    0,   -4,    0,   -2,    0,    0,    0,    0,   -4,    0,    0,    0,    0,    0,    0,    0,    0,    0,    0,    0,    0,    0,    0,   -8,    0,    0,    0,  -12,    0,   -1,    0,    0,   -1,    0,    0,    0,    0,    0,    0,    0,    0,    0,   -5,    0,   -4,    0,    0,    0,    0,    0,    0,    0,    0,    0,    0,    0,    0,    0,    0,    0,    0,    0,    0,    0,    0,    0,    0,    0,    0,    0,    0,    0,    0,    0,    0,    0,    0,    0,    0,    0,    0,    0,    0,    0,    0,    0,    0,    0,    0,   -5,   -1,    0,    0,   -9,    0,    0,    0,    0,    0,    0,    0,    0,
       0,    3,    0,    0,    0,    0,    0,    0,    0,    0,    0,    0,    4,    1,    0,    0,   -4,    0,    4,   -1,    8,    4,    0,    0,    0,   -1,    0,    7,    0,    0,   -4,    0,    0,   -1,   -5,  -16,  -12,    0,  -16,    4,   -1,    3,    0,    0,    0,    0,    0,    0,    0,    0,    0,    0,    3,    0,    4,    0,    0,    0,    0,    0,    0,    0,    0,    0,    0,   11,   -8,   -1,    0,    0,    0,   -1,    0,    0,    0,    0,    0,    0,    0,    0,    0,    0,    0,    0,    0,    0,    0,    0,    0,    0,    0,    0,    0,    0,    0,    0,    0,    0,    0,    0,    0,    0,    0,    0,    0,    0,    0,    0,    0,    0,    0,    0,    0,    0,    0,    0,    0,    0,    0,    0,    0,    0,    0,    0,    0,    0,    0,    0,    0,    0,    0,    4,   11,    0,   -1,    3,    7,    0,    0,    0,    0,    0,    0,    0,
       0,  -12,    0,    0,    0,    0,    0,   -7,  -12,    0,    0,    0,    0,    1,    0,   -4,   -4,    0,    0,   -8,    0,   -4,   -4,    0,    0,   -1,    0,    0,    0,    0,  -11,    0,    0,  -12,  -15,  -31,  -27,    0,  -27,    0,   -8,    0,    0,    0,   -4,    0,   -3,    0,   -2,    0,   -4,    0,    0,    0,   -8,    0,   -7,    0,    0,    0,    0,    0,    0,    0,    0,   -8,   -7,    0,    0,  -16,    0,    0,    0,    0,    0,    0,    0,   -4,   -4,    0,    0,    0,   -4,   -4,   -4,    0,    0,    0,    0,    0,    0,    0,    0,    0,    0,    0,    0,    0,    0,    0,    0,    0,    0,    0,    0,    0,    0,    0,    0,    0,    0,    0,    0,    0,    0,    0,    0,    0,    0,    0,    0,    0,    0,    0,    0,    0,    0,    0,    0,    0,    0,  -12,   -4,    0,    0,  -12,   -8,    0,    0,    0,    0,    0,    0,    0,
       0,    0,    0,    0,    0,   -7,    0,  -15,    0,    0,  -37,  -17,    4,   -7,    0,   -5,   -6,   -5,    2,  -12,    0,    4,   -1,    0,    0,   -1,   -5,  -29,   -9,    0,  -16,   -9,    0,   -2,   -9,  -20,  -16,  -20,  -20,   -2,    0,  -31,   -7,   -8,   -8,    0,   -8,    0,    0,    0,    0,   -4,    4,    0,    4,    0,    3,    0,    0,    0,    0,    0,    0,    0,    0,    7,   -9,   -5,    0,    0,    0,   -1,    0,    0,  -36,   -7,   -7,   -8,   -8,    0,    0,    0,   -8,   -8,   -1,   -7,   -8,    0,    0,   -4,    0,    0,    0,    0,    0,    0,    0,    0,    0,    0,    0,    0,    0,    0,    0,    0,    0,    0,    0,    0,    0,    0,    0,    0,    0,    0,    0,    0,    0,    0,    0,    0,    0,    0,    0,    0,    0,    0,    0,    0,    0,    8,    8,    0,   -1,    0,    4,    0,  -34,    0,    0,    0,    0,    0,
       0,   -1,    0,    0,    0,   -1,    0,   -4,   -1,    0,    0,    0,    0,    0,    0,   -1,   -5,   -1,   -1,   -9,    0,    0,    0,    0,    0,   -1,    0,    4,    0,   -4,   -8,    0,    0,   -8,  -13,  -28,  -21,    0,  -24,    0,   -1,    0,   -5,    0,   -8,    0,   -4,    0,    0,    0,   -8,    0,    0,   -1,    0,    2,    0,    0,    0,    0,    0,    0,    0,    0,    0,    7,  -12,   -9,    0,   -1,    0,   -2,    0,    0,    0,   -5,   -5,   -8,   -8,    0,    0,    0,   -8,   -8,   -5,   -5,    0,    0,    0,    0,    0,    0,    0,    0,    0,    0,    0,    0,    0,    0,    0,    0,    0,    0,    0,    0,    0,    0,    0,    0,    0,    0,    0,    0,    0,    0,    0,    0,    0,    0,    0,    0,    0,    0,    0,    0,    0,    0,    0,    0,    0,    0,    3,    0,   -1,   -1,   -1,    0,    0,    0,    0,    0,    0,    0,
       0,    0,    0,    0,    0,    0,    0,   -4,    0,    0,    0,    0,    0,    1,    0,    0,    0,    0,    0,   -8,    0,    0,    0,    0,    0,    0,    0,    0,    0,    0,   -1,    0,    0,   -2,   -8,  -24,  -20,    0,  -21,    0,   -1,    0,    0,    0,    0,    0,    0,    0,    0,    0,   -4,    0,    0,    0,    0,    0,    0,    0,    0,    0,    0,    0,    0,    0,    0,    0,    0,    0,    0,    0,    0,    0,    0,    0,    0,    0,    0,    0,    0,    0,    0,    0,    0,    0,   -2,    0,    0,    0,    0,    0,    0,    0,    0,    0,    0,    0,    0,    0,    0,    0,    0,    0,    0,    0,    0,    0,    0,    0,    0,    0,    0,    0,    0,    0,    0,    0,    0,    0,    0,    0,    0,    0,    0,    0,    0,    0,    0,    0,    0,    0,    0,    0,    4,    0,    0,    0,    0,    0,    0,    0,    0,    0,    0,    0,
       0,    0,    0,    0,    0,    0,    0,    0,    0,    0,    0,    0,    0,    0,    0,    0,    0,    0,    0,    0,    0,    0,    0,    0,    0,    0,    0,    0,    0,    0,    0,    0,    0,    0,    0,    0,    0,    0,    0,    0,    0,    0,    0,    0,    0,    0,    0,    0,    1,    0,    0,    0,    0,    0,    0,    0,    0,    0,    0,    0,    0,    0,    0,    0,    0,    0,    0,    0,    0,    0,    0,    0,    0,    0,    0,    0,    0,    0,    0,    0,    0,    0,    0,    0,    0,    0,    0,    0,    0,    0,    0,    0,    0,    0,    0,    0,    0,    0,    0,    0,    0,    0,    0,    0,    0,    0,    0,    0,    0,    0,    0,    0,    0,    0,    0,    0,    0,    0,    0,    0,    0,    0,    0,    1,    0,    0,    0,    0,    0,    0,    0,    0,    0,    0,    0,    0,    0,    0,    0,    0,    0,    0,    0,    0,
       0,    0,    0,    0,    0,    0,    0,    0,    0,    0,    0,    0,    0,    0,    0,    0,    0,    0,    0,    0,    0,    0,    0,    0,    0,    0,    0,    0,    0,    0,    0,    0,    0,   -7,    0,  -12,  -12,    0,  -12,    0,    0,    0,    0,    0,    0,    0,    0,    0,    0,    0,    0,    0,    0,    0,    0,    0,    0,    0,    0,    0,    0,    0,    0,    0,    0,    0,    0,    0,    0,    0,    0,    0,    0,    0,    0,    0,    0,    0,    0,    0,    0,    0,    0,    0,    0,    0,    0,    0,    0,    0,    0,   -7,    0,    0,    0,    0,    0,    0,    0,    0,    0,    0,    0,    0,    0,    0,    0,    0,    0,    0,    0,    0,    0,    0,    0,    0,    0,    0,    0,    0,    0,    0,    0,    0,    0,    0,  -12,    0,  -12,    0,    0,    0,    0,    0,    0,    0,    0,    0,    0,    0,    0,    0,    0,    0,
       0,    0,    0,    0,    0,    0,    0,    0,    0,    0,    0,    0,    0,    0,    0,    0,    0,    0,    0,    0,    0,    0,    0,    0,    0,    0,    0,    0,    0,    0,   10,    0,    0,   -5,   -8,  -21,  -17,   -1,  -24,    0,    0,    0,   -4,   -4,   -4,   -4,    0,    0,   14,    0,    0,    0,    0,   -5,   -4,    0,    0,    0,    0,    0,    0,    0,    0,    0,    0,    0,    0,    0,    0,    0,    0,    0,    0,    0,   -1,   -4,   -4,   -4,   -4,    0,    0,    0,   -4,   -4,    0,   -4,   -4,    0,    0,    0,    0,    0,    0,    0,    0,    0,    0,    0,    0,    0,    0,    0,    0,    0,    0,    0,    0,    0,    0,    0,    0,    0,    0,    0,    0,    0,    0,    0,    0,    0,    0,    0,    0,    0,    0,    0,    0,    0,    0,    0,    0,    0,    0,    0,    0,    0,    0,    0,    0,    0,    0,    0,    0,    0,
       0,    0,    0,    0,    0,    0,    0,    0,    0,    0,    0,    0,    0,  -11,    0,   -4,    0,    0,    0,   -7,   -4,   -7,    0,    0,    0,    0,    0,    0,    0,    0,    0,    0,    0,    0,    0,    0,    0,    0,    0,    0,    0,    0,    0,    0,    0,    0,    0,    0,    0,    0,    0,    0,    0,    0,    0,    0,    0,    0,    0,    0,    0,    0,    0,    0,    0,    0,    0,    0,    0,    0,    0,    0,    0,    0,    0,    0,    0,    0,    0,    0,    0,    0,    0,    0,    0,    0,    0,    0,    0,    0,    0,    0,    0,    0,    0,    0,    0,    0,    0,    0,    0,    0,    0,    0,    0,    0,    0,    0,    0,    0,    0,    0,    0,    0,    0,    0,    0,    0,    0,    0,    0,    0,    0,    0,    0,    0,    0,    0,    0,    0,    0,    0,    0,    0,    0,    0,    0,    0,    0,    0,    0,    0,    0,    0,
       0,    0,    0,    0,    0,    0,    0,    0,    0,    0,    0,    0,    0,    0,    0,   -4,  -11,    0,   -4,   -4,   -4,   -4,    0,    0,    0,    0,    0,    0,    0,    0,    0,    0,    0,    0,    0,    0,    0,    0,    0,    0,    0,    0,    0,    0,    0,    0,    0,    0,    0,    0,    0,    0,    0,    0,    0,    0,    0,    0,    0,    0,    0,    0,    0,    0,    0,    0,    0,    0,    0,    0,    0,    0,    0,    0,    0,    0,    0,    0,    0,    0,    0,    0,    0,    0,    0,    0,    0,    0,    0,    0,    0,    0,    0,    0,    0,    0,    0,    0,    0,    0,    0,    0,    0,    0,    0,    0,    0,    0,    0,    0,    0,    0,    0,    0,    0,    0,    0,    0,    0,    0,    0,    0,    0,    0,    0,    0,    0,    0,    0,    0,    0,    0,    0,    0,    0,    0,    0,    0,    0,    0,    0,    0,    0,    0,
       0,    0,    0,    0,    0,    0,    0,    0,    0,    0,    0,    0,    0,    0,    0,    0,    0,    0,    0,    7,    0,    1,    0,    0,    0,    0,    0,    0,    0,    0,    0,    0,    0,    0,    0,    0,    0,    0,    0,    0,    0,    0,    0,    0,    0,    0,    0,    0,    0,    0,    0,    0,    0,    0,    0,    0,    0,    0,    0,    0,    0,    0,    0,    0,    0,    0,    0,    0,    0,    0,    0,    0,    0,    0,    0,    0,    0,    0,    0,    0,    0,    0,    0,    0,    0,    0,    0,    0,    0,    0,    0,    0,    0,    0,    0,    0,    0,    0,    0,    0,    0,    0,    0,    0,    0,    0,    0,    0,    0,    0,    0,    0,    0,    0,    0,    0,    0,    0,    0,    0,    0,    0,    0,    0,    0,    0,    0,    0,    0,    0,    0,    0,    0,    0,    0,    0,    0,    0,    0,    0,    0,    0,    0,    0,
       0,    0,    0,    0,    0,    0,    0,    0,    0,    0,    0,    0,    0,    0,    0,    0,    0,    0,    0,   -1,    0,    0,    0,    0,    0,    0,    0,   -9,    0,    4,    0,    0,    0,   -1,   -1,   -8,   -8,   -8,  -15,    0,    0,    0,    0,    0,    0,    0,    0,    0,    0,    0,    0,    0,    0,    0,    0,    0,    0,    0,    0,    0,    0,    0,    0,    0,    0,    0,    0,    0,    0,    0,    0,    0,    0,    0,   -3,    0,    0,    0,    0,    0,    0,    0,    0,    0,    0,    0,    0,    0,    0,    0,    0,   -1,    4,    0,    0,    0,    0,   -9,    0,   -8,    0,    0,    0,    0,    0,    0,    0,    0,    0,    0,    0,    0,    0,    0,    0,    0,    0,    0,    0,    0,    0,    0,    0,    0,    0,    0,   -8,    0,  -15,    0,   -3,    0,    0,    0,    0,    0,    0,    0,    0,    0,    0,   -9,    0,    0,
       0,    0,    0,    0,    0,    0,    0,    0,    0,    0,    0,    0,    0,    0,    0,    0,    0,    0,    0,    0,    0,    0,    0,    0,    0,    0,    0,    0,    0,    0,    0,    0,    0,    0,    0,    0,    0,    0,    0,    0,    0,    0,    0,    0,    0,    0,    0,    0,    0,    0,    0,    0,    0,    0,    0,    0,    0,    0,    0,    0,    0,    0,    0,    0,    0,    0,    0,    0,    0,    0,    0,    0,    0,    0,    0,    0,    0,    0,    0,    0,    0,    0,    0,    0,    0,    0,    0,    0,    0,    0,    0,    0,    0,    0,    0,    0,    0,    0,    0,    0,    0,    0,    0,    0,    0,    0,    0,    0,    0,    0,    0,    0,    0,    0,    0,    0,    0,    0,    0,    0,    0,    0,    0,    0,    0,    0,    0,    0,    0,    0,    0,    0,    0,    0,    0,    0,    0,   15,    0,    0,    0,    0,    0,    0,
       0,    0,    0,    0,    0,    0,    0,  -16,    0,    0,   -7,    0,    0,    0,    0,    0,    0,    0,    0,    0,    0,    0,    0,    0,    0,   -1,    0,    0,    0,    0,   -7,    0,    0,   -1,   -8,  -27,  -20,   -1,  -23,    0,    0,    0,    0,    0,    0,    0,   -4,    4,    4,    0,    0,    0,    0,    0,    3,    0,    0,    4,    0,    0,    0,    0,    0,    0,    0,    0,  -18,  -18,    0,    0,    0,    0,    0,    0,    0,    0,    0,    0,    0,    4,    0,    0,    0,    0,   -4,    0,    0,    0,    0,    0,    0,   -1,    0,    0,   -7,    0,  -13,    0,    0,   -1,    0,    0,    0,   -8,    0,    0,    0,    0,   -4,    0,    0,    0,    0,    0,    0,    0,    0,    0,    0,    0,    0,    4,    0,    4,    0,    0,  -27,    3,  -23,    0,    0,    0,    0,    0,    0,    0,    0,    0,    0,    0,    0,    0,    0,    0,
       0,    0,    0,    0,    0,    0,    0,  -16,    0,    0,  -18,  -12,    0,  -19,  -18,  -11,    3,  -11,    0,  -31,    0,   -8,    0,    0,    0,    0,    0,  -12,    0,    4,   -8,   -4,    0,  -18,   -4,  -30,  -26,  -16,  -27,   -4,  -15,    0,    0,    0,    4,   -4,    0,    0,    0,    0,    0,    0,    0,    0,   -4,   -8,   -4,    0,    0,    0,    0,    0,    0,    0,    0,    0,    0,    0,    0,    0,    0,    0,  -18,  -21,  -13,    0,    0,    4,    4,    0,    0,    0,    4,    4,   -4,    0,    0,    0,    0,    0,    0,  -18,    4,    0,   -8,    0,    0,  -12,    0,  -16,    0,   -4,    0,    0,    0,    0,    0,    0,    0,    4,   -8,    0,    0,    0,    0,   -4,    0,    0,    4,    0,    0,    0,    0,    0,    0,    0,  -30,   -4,  -27,    0,  -13,  -12,   -6,    0,    0,    0,    0,    0,    0,    0,    0,  -12,    0,    0,
       0,    0,    0,    0,    0,    0,    0,    0,    0,    0,    0,    0,    0,    0,    0,    0,    0,    0,    0,  -12,    0,   -4,    0,    0,    0,    0,    0,    0,    0,    0,    0,    0,    0,    0,    0,    0,    0,    0,    0,    0,    0,    0,    0,    0,    0,    0,    0,    0,    0,    0,    0,    0,    0,    0,    0,    0,    0,    0,    0,    0,    0,    0,    0,    0,    0,    0,    0,    0,    0,    0,    0,    0,    0,    0,    0,    0,    0,    0,    0,    0,    0,    0,    0,    0,    0,    0,    0,    0,    0,    0,    0,    0,    0,    0,    0,    0,    0,    0,    0,    0,    0,    0,    0,    0,    0,    0,    0,    0,    0,    0,    0,    0,    0,    0,    0,    0,    0,    0,    0,    0,    0,    0,    0,    0,    0,    0,    0,    0,    0,    0,    0,    0,    0,    0,    0,    0,    0,    0,    0,    0,    0,    0,    0,    0,
       0,    0,    0,    0,    0,    0,    0,    8,    9,    0,    0,    0,    0,    1,    0,    0,   -4,    0,    0,    1,    0,    0,    0,    0,    0,    0,    0,    0,    0,    0,    0,    0,    0,    0,    0,    0,    0,    0,    0,    0,    9,    0,    0,    0,    0,    0,    0,    0,    0,    0,    0,    0,    0,    0,    0,    0,    0,    0,    0,    0,    0,    0,    0,    0,    0,    9,    0,    0,    0,    9,    0,   -1,    0,    0,    0,    0,    0,    0,    0,    0,    0,    0,    0,    0,    0,    0,    0,    0,    0,    0,    0,    0,    0,    0,    0,    0,    0,    0,    0,    0,    0,    0,    0,    0,    0,    0,    0,    0,    0,    0,    0,    0,    0,    0,    0,    0,    0,    0,    0,    0,    0,    0,    0,    0,    0,    0,    0,    0,    0,    0,    0,    4,    4,    0,    0,    0,    9,    0,    0,    0,    0,    0,    0,    0,
       0,    0,    0,    0,    0,    0,    0,  -24,    0,    0,    0,  -13,    0,  -28,  -26,  -22,   -7,  -15,   -7,  -37,  -11,   -7,    0,    0,    0,    0,    0,  -21,    0,    0,    0,   -4,    0,  -16,   -4,  -23,  -20,  -27,  -30,   -8,  -14,    0,    0,   -4,    0,    0,   -4,    0,    0,    0,   -4,    0,    0,    0,    0,   -5,    0,    0,    0,    0,    0,    0,    0,    0,    0,    0,    0,    0,    0,    0,    0,    0,    0,  -40,    0,    0,    0,    0,    0,    0,    0,    0,    0,    0,   -1,    0,   -4,    0,    0,    0,    0,  -16,    0,    0,    0,    0,    0,  -21,    0,  -27,    0,   -4,    0,    0,    0,    0,    0,    0,    0,    0,   -5,    0,    0,   -4,    0,    0,    0,    0,    0,   -4,    0,    0,    0,    0,    0,    0,  -23,    0,  -30,    0,    0,    0,    0,    0,    0,    0,    0,    0,    0,    0,    0,  -21,    0,    0,
      -9,  -19,    0,    0,    0,    0,    0,  -18,    0,    0,  -19,  -11,    0,  -15,  -19,  -11,    0,    0,    0,  -20,    0,   -7,    0,    0,    0,    0,    0,   -9,   -8,    7,  -12,   -8,   -4,  -20,  -12,  -34,  -27,  -16,  -31,   -1,  -13,    0,    0,   -8,    0,   -4,    0,    0,   -3,    0,   -8,   -4,   -4,   -4,   -8,   -8,   -5,    0,    0,    0,    0,    0,    0,    0,    0,    0,    0,    0,    0,    0,    0,    0,  -18,  -24,  -17,    0,    0,    0,    0,    0,    0,    0,    0,    0,   -8,    0,   -8,    0,    0,   -4,   -8,  -20,    7,   -4,  -12,    0,    0,   -9,    0,  -16,    0,   -8,    0,    0,    0,    0,    0,    0,    0,    0,   -8,    0,    0,   -8,    0,   -5,    0,    0,    0,   -8,   -4,    0,    0,   -3,    0,    0,  -34,   -8,  -31,    0,  -17,  -16,    0,    0,    0,  -19,    0,    0,    0,    0,    0,   -9,    0,    0,
       0,    0,    0,    0,    0,    0,    0,    0,    0,    0,    0,    0,    0,    0,    0,    0,    0,    0,    0,   -1,    0,    0,    0,    0,    0,    0,    0,   -8,    0,    0,   10,   -1,    0,  -12,  -16,  -24,  -17,   -8,  -23,    0,    0,    0,   -8,   -4,   -8,   -5,   -4,    0,   17,    0,   -4,   -4,   -4,   -8,   -4,   -4,    0,   -4,    0,    0,    0,    0,    0,    0,    0,    0,    0,    0,    0,    0,    0,    0,    0,    0,  -15,   -8,   -8,   -8,   -8,    0,    0,    0,   -8,   -8,    0,   -8,   -4,    0,    0,   -4,    0,    0,    0,    0,    0,    0,    0,    0,    0,    0,    0,    0,    0,    0,    0,    0,    0,    0,    0,    0,    0,    0,    0,    0,    0,    0,    0,    0,    0,    0,    0,    0,    0,    0,    0,    0,    0,    0,    0,    0,    0,    0,    0,    0,    0,    0,    0,    0,    0,    0,    0,    0,    0,    0,
       0,   -1,    0,    0,    0,    0,    0,  -12,   -1,    0,  -32,  -13,    0,   -7,   -5,   -8,    0,   -1,    0,  -13,    0,    0,    0,    0,    0,    0,    0,  -22,  -12,    4,   -5,   -8,    0,   -5,   -8,  -24,  -24,  -24,  -24,    0,   -9,  -57,    0,   -4,    0,    0,    0,    0,    0,    0,    0,    0,    0,    0,    0,    0,    0,    0,    0,    0,    0,    0,    0,    0,    4,    0,    1,    4,    0,   -8,    0,    0,    0,    0,  -32,    0,    0,    0,    0,    0,    0,    0,    0,    0,   -8,    0,   -4,    0,    0,    0,    0,    0,    0,    0,    0,    0,    0,    0,    0,    0,    0,    0,    0,    0,    0,    0,    0,    0,    0,    0,    0,    0,    0,    0,    0,    0,    0,    0,    0,    0,    0,    0,    0,    0,    0,    0,    0,    0,    0,    0,    0,   -1,    0,    0,    1,   -1,    0,    0,  -22,    0,    0,    0,    0,    0,
      -1,   -9,    0,    0,    0,    0,    0,   -5,  -12,    0,    0,   -1,    0,   -4,   -1,    0,    0,    0,    0,   -2,    0,   -1,    0,    0,    0,   -1,    0,   -1,   -1,    0,   -8,   -1,    0,   -9,  -12,  -16,  -16,   -1,  -16,    0,   -1,   -8,    0,   -4,    0,   -8,    0,    0,    0,    0,  -11,    0,   -6,   -6,  -13,    0,  -10,    0,    0,    0,    0,    0,    0,    0,    0,   -8,    0,    0,    0,  -12,    0,   -1,    0,    0,    0,    0,    0,    0,    0,    0,    0,    0,    0,    0,    0,    0,   -4,    0,    0,    0,    0,    0,    0,    0,    0,    0,    0,    0,    0,    0,    0,    0,    0,    0,    0,    0,    0,    0,    0,    0,    0,    0,    0,    0,    0,    0,    0,    0,    0,    0,    0,    0,    0,    0,    0,    0,    0,    0,    0,    0,    0,   -8,   -5,    0,   -1,   -9,   -5,    0,    0,    0,    0,    0,    0,    0,
       0,   16,    0,    0,    0,    0,    0,    8,    9,    0,    0,    0,    0,    1,    0,    0,    0,    0,    0,    8,    0,    0,    0,    0,    0,    0,    0,    0,    1,    0,    1,    0,    0,    8,    0,    1,    1,    4,    1,   12,    9,    0,    0,    0,    0,    0,    0,    0,    0,    0,   -4,    0,    0,    0,    0,    0,    0,    0,    0,    0,    0,    0,    0,    0,    0,    9,    0,    0,    0,   12,    0,   -1,    0,    0,    0,    0,    0,    0,    0,    0,   16,   16,    0,    0,    0,    0,    0,   16,   16,    0,    0,    0,    0,    0,    0,    0,    0,    0,    0,    0,    0,    0,    0,    0,    0,    0,    0,    0,    0,    0,    0,    0,    0,    0,    0,    0,    0,    0,    0,    0,    0,    0,    0,    0,    0,    0,    0,    0,    0,    0,    0,   12,    6,    0,    0,   16,    9,    0,    0,    0,    0,    0,    0,    0,
       0,   -1,    0,    0,    0,    0,    0,   -4,   -1,    0,  -12,  -13,    0,   -4,   -8,   -4,    0,   -1,    0,   -1,    0,    0,   -1,    0,    0,    0,    0,  -13,   -8,    0,   -5,   -1,    0,  -12,  -12,  -16,  -13,  -13,  -13,    0,   -1,  -28,    0,    0,    0,    0,   -3,    3,    3,    0,   -3,    0,    0,    0,    2,    0,    2,    0,    0,    0,    0,    0,    0,    0,    0,    0,    0,    4,    0,   -8,    0,    0,    0,    0,  -16,    0,    0,    0,    0,    3,    0,    0,    0,    0,   -7,    0,    0,    0,    0,    0,    0,    0,    0,    0,    0,    0,    0,    0,    0,    0,    0,    0,    0,    0,    0,    0,    0,    0,    0,    0,    0,    0,    0,    0,    0,    0,    0,    0,    0,    0,    0,    0,    0,    0,    0,    0,    0,    0,    0,    0,    0,    0,    0,    0,    0,   -1,    0,    0,   -8,    0,    0,    0,    0,    0,
       0,  -25,    0,    0,    0,    0,    0,  -12,  -44,    0,    0,    0,   -5,    0,    0,   -4,  -15,    0,   -8,  -13,    0,   -9,    0,    0,    0,    0,    0,    4,   -4,  -15,   -6,   -4,    0,  -25,  -27,  -47,  -39,    0,  -36,    0,  -24,    0,   -2,    0,   -8,    0,    0,    0,   -8,    0,  -12,    0,   -8,   -9,  -24,    0,  -41,    0,    0,    0,    0,    0,    0,    0,   -5,  -44,  -12,  -12,    0,  -56,    0,  -24,    0,    0,    0,   -2,   -2,   -8,   -8,    0,    0,    0,   -8,   -8,   -8,   -2,    0,    0,    0,    0,    0,    0,    0,    0,    0,    0,    0,    0,    0,    0,    0,    0,    0,    0,    0,    0,    0,    0,    0,    0,    0,    0,    0,    0,    0,    0,    0,    0,    0,    0,    0,    0,    0,    0,    0,    0,    0,    0,    0,    0,    0,  -36,  -32,    0,  -13,  -25,  -40,    0,    0,    0,    0,    0,    0,    0,
       0,  -24,    0,    0,    0,    0,    0,   -1,  -16,    0,    0,    0,    0,   -7,    0,    0,   -4,    0,   -4,   -9,    0,  -12,    0,    0,    0,    0,    0,    4,    0,   -4,   -8,    0,    0,  -20,  -19,  -39,  -35,    0,  -32,    0,  -16,    0,    0,    0,    0,    0,   -4,    0,    1,   -2,   -8,    0,    0,    0,   -8,    0,   -9,    0,    0,    0,    0,    0,    0,    0,    0,  -16,   -1,   -4,    0,  -24,    0,   -1,    0,    0,    0,    0,    0,    0,    0,    0,    0,    0,    0,    0,   -8,    0,    0,    0,    0,    0,    0,    0,    0,    0,    0,    0,    0,    0,    0,    0,    0,    0,    0,    0,    0,    0,    0,    0,    0,    0,    0,    0,    0,    0,    0,    0,    0,    0,    0,    0,    0,    0,    0,    0,    0,    0,    0,    0,    0,    0,    0,  -20,  -12,    0,   -4,  -24,  -16,    0,    0,    0,    0,    0,    0,    0,
      16,   32,    0,    0,    0,    0,    0,   32,   32,    0,    0,    0,    0,    0,    0,   -1,   -4,    0,    0,   -5,    0,   -4,    0,    0,    0,   16,    0,    0,    0,    0,    0,    0,    0,    0,    0,    0,    0,    0,    0,    0,    0,    0,   -4,   33,    0,    8,   -4,   13,    9,    0,   -8,    0,    5,   -4,   -4,    0,   -4,    0,    0,    0,    0,    0,    0,    0,    0,    0,   -8,    0,    0,   -8,    0,   -1,    0,    0,    0,   -4,   -4,    0,    0,   13,    1,    1,    0,    0,    0,   -4,   33,    1,    1,    5,    0,    0,    0,    0,    0,    0,    0,    0,    0,    0,    0,    0,    0,    0,    0,    0,    0,    0,    0,    0,    0,    0,    0,    0,    0,    0,    0,    0,    0,    0,    0,    0,    0,    0,    0,    0,    0,    0,    0,    0,    0,   25,   33,    0,   -5,   32,    0,    0,    0,    0,    0,    0,    0,    0,
       0,    0,    0,    0,    0,    0,    0,    0,    0,    0,    0,    0,    0,    0,    0,   -4,    0,    0,    0,    0,    0,    0,    0,    0,    0,    0,    0,    0,    0,   -1,    0,    0,    0,    0,   -6,   -6,   -6,    0,   -6,    0,    0,    0,    0,    0,    0,    0,   -4,    0,    1,    0,   -8,    0,   -1,   -4,   -9,    0,  -16,    0,    0,    0,    0,    0,    0,    0,    0,    0,    0,    0,    0,    0,    0,   -9,    0,    0,    0,    0,    0,    0,    0,    0,    0,    0,    0,    0,    0,    0,    0,    0,    0,    0,    0,    0,    0,    0,    0,    0,    0,    0,    0,    0,    0,    0,    0,    0,    0,    0,    0,    0,    0,    0,    0,    0,    0,    0,    0,    0,    0,    0,    0,    0,    0,    0,    0,    0,    0,    0,    0,    0,    0,    0,    0,    0,    0,    0,   -5,    0,    0,    0,    0,    0,    0,    0,    0,    0,
       0,    0,    0,    0,    0,    0,    0,    0,    0,    0,    0,    0,   -4,   -7,   -4,   -4,  -16,   -5,   -8,    0,   -4,   -8,    0,    0,    0,    0,    0,    0,    0,   -9,    1,    0,    0,    0,    0,    0,    0,    0,    0,    0,    0,    0,   -8,    0,   -8,   -7,   -8,    0,    0,    0,  -12,   -8,   -4,   -9,  -16,    0,  -24,    0,    0,    0,    0,    0,    0,    0,    0,    0,   -8,    0,    0,    0,    0,    0,    0,    0,    0,   -8,   -8,   -8,   -8,    0,    4,    4,   -8,   -8,    0,   -8,    0,    4,    4,   -8,    0,    0,    0,    0,    0,    0,    0,    0,    0,    0,    0,    0,    0,    0,    0,    0,    0,    0,    0,    0,    0,    0,    0,    0,    0,    0,    0,    0,    0,    0,    0,    0,    0,    0,    0,    0,    0,    0,    0,    0,    0,    0,    0,    0,    0,    0,    0,    0,    0,    0,    0,    0,    0,    0,
       0,    0,    0,    0,    0,    0,    0,    0,    0,    0,    0,    0,    0,    0,    0,    0,    0,    0,    0,   -1,    0,    0,    0,    0,    0,    0,    0,    0,    0,    0,    0,    0,    0,   -8,   -8,   -9,   -8,    0,   -8,    0,    0,    0,    0,    0,    0,    0,    0,    0,    1,    0,   -4,    0,    0,    0,   -6,    0,  -11,    0,    0,    0,    0,    0,    0,    0,    0,    0,   -4,    0,    0,   -7,    0,   -1,    0,    0,    0,    0,    0,    0,    0,    0,    0,    0,    0,    0,    0,    0,    0,    0,    0,    0,    0,    0,    0,    0,    0,    0,    0,    0,    0,    0,    0,    0,    0,    0,    0,    0,    0,    0,    0,    0,    0,    0,    0,    0,    0,    0,    0,    0,    0,    0,    0,    0,    0,    0,    0,    0,    0,    0,    0,    0,    0,    0,    0,    0,    0,    0,   -4,    0,    0,    0,    0,    0,    0,    0,
       0,  -70,    0,    0,    0,    0,    0,  -11,  -61,    0,    0,    0,    0,   -7,   -8,    0,   -7,    0,    0,  -13,    0,  -13,    0,    0,    0,    0,    0,    0,   -7,   -8,   -8,   -4,   -7,  -50,  -38,  -67,  -60,   -7,  -62,   -7,  -46,    0,    0,    0,    0,   -4,    0,    0,    0,    0,   -8,    0,   -4,   -9,  -17,    0,  -13,    0,    0,    0,    0,    0,    0,    0,    0,  -66,    0,    0,    0,  -83,    0,  -22,    0,    0,   -4,    0,    0,    0,    0,    0,    0,    0,    0,    0,  -12,    0,    0,    0,    0,    0,    0,    0,    0,    0,    0,    0,    0,    0,    0,    0,    0,    0,    0,    0,    0,    0,    0,    0,    0,    0,    0,    0,    0,    0,    0,    0,    0,    0,    0,    0,    0,    0,    0,    0,    0,    0,    0,    0,    0,    0,    0,  -64,  -54,    0,  -11,  -70,  -61,    0,    0,    0,    0,    0,    0,    0,
       0,   -8,    0,    0,    0,   -4,    0,    0,   -8,    0,    0,    0,    0,    0,    0,   -1,   -4,    0,    0,   -5,    0,   -4,    0,    0,    0,   -1,    0,    0,    0,    0,    0,    0,    0,   -8,   -8,  -15,  -12,    0,  -16,    0,    0,    0,   -4,    0,    0,    0,   -4,    0,    0,    0,   -8,    0,    0,   -4,   -7,    0,   -7,    0,    0,    0,    0,    0,    0,    0,    0,    0,   -8,    0,    0,   -8,    0,   -1,    0,    0,    0,   -4,   -4,    0,    0,    0,    0,    0,    0,    0,    0,   -4,    0,    0,    0,    0,    0,    0,    0,    0,    0,    0,    0,    0,    0,    0,    0,    0,    0,    0,    0,    0,    0,    0,    0,    0,    0,    0,    0,    0,    0,    0,    0,    0,    0,    0,    0,    0,    0,    0,    0,    0,    0,    0,    0,    0,    0,  -12,   -8,    0,   -5,   -8,    0,    0,    0,    0,    0,    0,    0,    0,
       0,   19,    0,    0,    0,    0,    0,   16,   13,    0,    0,    0,    4,    1,    0,    0,   -4,    0,    4,   -1,    8,    4,    0,    0,    0,   -2,    0,    7,    1,    0,   -7,    1,    0,    1,   -8,  -28,  -21,    2,  -28,    8,   16,    3,    0,    9,    0,    0,    0,    0,    0,    0,    0,    0,    3,    0,    4,    0,    0,    0,    0,    0,    0,    0,    0,    0,    0,   11,   -8,   -1,    0,    0,    0,   -1,    0,    0,    0,    0,    0,    0,    0,    0,    0,    0,    0,    0,    0,    0,    9,    0,    0,    0,    0,    0,    0,    0,    0,    0,    0,    0,    0,    0,    0,    0,    0,    0,    0,    0,    0,    0,    0,    0,    0,    0,    0,    0,    0,    0,    0,    0,    0,    0,    0,    0,    0,    0,    0,    0,    0,    0,    0,    0,    0,   16,   24,    0,   -1,   19,    7,    0,    0,    0,    0,    0,    0,    0,
       0,  -12,    0,    0,    0,    0,    0,   -7,  -12,    0,    0,    0,    0,    1,    0,   -4,   -4,    0,    0,   -8,    0,   -4,   -4,    0,    0,   -1,    0,    0,    0,    0,  -11,    0,    0,  -12,  -15,  -31,  -27,    0,  -27,    0,   -8,    0,    0,    0,   -4,    0,   -3,    0,   -3,    0,   -4,    0,    0,    0,   -8,    0,  -14,    0,    0,    0,    0,    0,    0,    0,    0,   -8,   -7,    0,    0,  -16,    0,    0,    0,    0,    0,    0,    0,   -4,   -4,    0,    0,    0,   -4,   -4,   -4,    0,    0,    0,    0,    0,    0,    0,    0,    0,    0,    0,    0,    0,    0,    0,    0,    0,    0,    0,    0,    0,    0,    0,    0,    0,    0,    0,    0,    0,    0,    0,    0,    0,    0,    0,    0,    0,    0,    0,    0,    0,    0,    0,    0,    0,    0,  -12,   -4,    0,    0,  -12,   -8,    0,    0,    0,    0,    0,    0,    0,
       0,    1,    0,    0,    0,   -7,    0,    8,    0,    0,  -32,  -26,   -5,   -8,  -12,  -12,  -17,  -12,  -16,    0,  -12,   -8,   -5,    0,    0,    0,   -1,  -32,   -4,  -12,   -6,    0,   -8,    0,   -4,    0,    0,    0,    0,    0,    0,  -33,  -17,    0,  -13,   -9,  -17,   -8,   -5,  -12,  -16,  -16,   -9,  -13,   -9,  -13,  -13,  -13,    0,    0,    0,    0,    0,    0,   -1,    2,  -16,   -4,    0,    1,    0,   -8,   -9,    0,  -33,  -17,  -17,  -13,  -13,   -8,    7,    7,  -13,  -13,    0,  -17,    0,    7,    7,  -16,    0,    0,    0,    0,    0,    0,    0,    0,    0,    0,    0,    0,    0,    0,    0,    0,    0,    0,    0,    0,    0,    0,    0,    0,    0,    0,    0,    0,    0,    0,    0,    0,    0,    0,    0,    0,    0,    0,    0,    0,    0,    1,    1,    0,   -4,    1,    1,    0,  -37,    0,    0,    0,    0,    0,
       0,    1,    0,    0,    0,    0,    0,    0,    2,    0,    0,    0,    0,    0,    0,    0,    0,    0,    0,    0,    0,    0,    0,    0,    0,    0,    0,    0,    1,    0,    1,    1,    0,    1,    1,    0,    0,    0,    0,    1,    0,    0,    0,    1,    0,    0,    0,    0,    0,    0,    0,    0,    0,    0,    0,    0,    0,    0,    0,    0,    0,    0,    0,    0,    0,    1,    0,    0,    0,    1,    0,    0,    0,    0,    0,    0,    0,    0,    0,    0,    0,    0,    0,    0,    0,    0,    1,    0,    0,    0,    0,    0,    0,    0,    0,    0,    0,    0,    0,    0,    0,    0,    0,    0,    0,    0,    0,    0,    0,    0,    0,    0,    0,    0,    0,    0,    0,    0,    0,    0,    0,    0,    0,    0,    0,    0,    0,    0,    0,    0,    0,    1,    2,    0,    0,    1,    1,    0,    0,    0,    0,    0,    0,    0,
       0,    0,    0,    0,    0,    0,    0,    0,    0,    0,    0,    0,    0,    0,    0,   -4,    0,    0,    0,    0,    0,    0,    0,    0,    0,    0,    0,    0,    0,    0,    0,    0,    0,    0,    0,    0,    0,    0,    0,    0,    0,    0,    0,    0,    0,    0,    0,    0,    0,    0,    0,    0,    0,    0,    0,    0,    0,    0,    0,    0,    0,    0,    0,    0,    0,    0,    0,    0,    0,    0,    0,   -9,    0,    0,    0,    0,    0,    0,    0,    0,    0,    0,    0,    0,    0,    0,    0,    0,    0,    0,    0,    0,   -1,    0,    0,    0,    0,    0,    0,    0,    0,    0,   -1,    0,    0,    0,   -1,    0,    0,    0,    0,    0,    0,   -8,   -8,   -8,   -8,    0,    0,    0,    0,    0,    0,    0,    0,   -1,   -6,   -9,   -6,    0,    0,    0,    0,    0,   -5,    0,    0,    0,    0,    0,    0,    0,    0,    0,
       0,   -5,    0,    0,    0,    0,    0,    0,    0,    0,    0,    0,    0,    0,    0,    0,    0,    0,    0,   -1,    0,    0,    0,    0,    0,    0,    0,    0,    0,    0,    0,    0,    0,    0,    0,    0,    0,    0,    0,    0,    0,    0,    0,    0,    0,    0,    0,    0,    0,    0,    0,    0,    0,    0,    0,    0,    0,    0,    0,    0,    0,    0,    0,    0,    0,    0,    0,    0,    0,    0,    0,    0,    0,    0,    0,    0,    0,    0,    0,    0,    0,    0,    0,    0,    0,    0,    0,    0,    0,    0,    0,   -1,    0,    0,    0,    0,   -5,    0,    0,    0,    0,    0,    0,   -9,    0,    0,    0,    0,    0,    0,    0,    0,    0,    0,   -1,   -5,   -4,    0,    0,    0,    0,    0,    0,    0,   -9,   -1,  -25,   -1,  -16,    0,    0,   -1,    0,    0,    0,   -5,    0,    0,    0,    0,    0,    0,    0,    0,
       0,   11,    0,    0,    0,   -2,    0,    0,    8,    0,  -33,  -18,    0,    0,    0,   -1,  -21,   -1,  -10,    4,   -1,    0,    0,    0,    0,    0,   -9,    0,    0,    0,    0,    0,    0,    0,    0,    0,    0,    0,    0,    0,    8,  -34,    0,    0,    0,    0,    0,    0,    0,    0,    0,    0,    0,    0,    0,    0,    0,    0,    0,   -7,    0,    0,    0,    0,   -1,    8,  -20,  -18,    0,    7,    0,  -16,   -1,    0,    0,    0,    0,    0,    0,    0,    0,    0,    0,    0,    0,    0,    0,    0,    0,    0,    0,    4,   -4,    0,    0,  -29,    0,  -32,  -29,    0,    0,    0,   -4,    0,   -9,  -17,   -1,  -14,  -32,  -28,  -21,  -21,  -37,  -16,  -24,  -17,  -24,  -32,  -28,    0,  -24,    0,    0,   -1,    0,  -13,    0,  -16,    0,  -17,  -52,    8,   12,    0,   -8,   11,    4,    0,  -33,    0,    0,    0,    0,    0,
       0,    8,    0,    0,    0,    0,    0,    0,    0,    0,    0,    0,    0,    0,    0,    0,    0,    0,    0,    0,    0,    0,    0,    0,    0,    0,    0,    0,    0,    0,    0,    0,    0,    0,    0,    0,    0,    0,    0,    0,    0,   -4,    0,    0,    0,    0,    0,    0,    0,    0,    0,    0,    0,    0,    0,    0,    0,    0,    0,    0,    0,    0,    0,    0,    0,    4,    0,    0,    0,    0,    0,   -8,    0,    0,    0,    0,    0,    0,    0,    0,    0,    0,    0,    0,    0,    0,    0,    0,    0,    0,    0,    0,    0,    0,    0,    0,    0,    0,    0,    0,    0,    0,   -4,   -4,    0,    0,    0,    0,    0,    0,    0,    0,    0,   -4,  -17,   -1,  -17,    0,    0,    0,    0,    0,    0,    0,    0,   -1,   -4,   -8,   -7,    0,   -7,    5,    8,    0,    0,    8,    0,    0,    0,    0,    0,    0,    0,    0,
       0,   -1,    0,    0,    0,    0,    0,   -4,    0,    0,   -8,   -8,    0,   -8,   -8,    0,    0,    0,    0,   -5,    0,   -4,    0,    0,    0,    0,    0,    0,    0,    0,    0,    0,    0,    0,    0,    0,    0,    0,    0,    0,    0,  -17,    0,    0,    0,    0,    0,    0,    0,    0,    0,    0,    0,    0,    0,    0,    0,    0,    0,    0,    0,    0,    0,    0,    0,    0,    0,    0,    0,   -8,    0,    0,    0,    0,    0,    0,    0,    0,    0,    0,    0,    0,    0,    0,    0,    0,    0,    0,    0,    0,   -4,   -4,    0,   -4,   -4,   -4,   -8,   -8,   -4,   -4,    0,   -4,    0,    0,    0,    0,    0,    0,    0,    0,   -4,   -1,    0,   -4,   -4,   -8,  -12,   -4,    0,   -4,    0,    0,    0,    0,   -8,   -1,  -12,   -8,  -12,    0,  -16,   -4,    0,    0,    0,   -1,   -1,    0,   -4,    0,    0,    0,    0,    0,
       0,    0,    0,    0,    0,    0,    0,    0,    0,    0,    0,    0,   -4,   -7,   -4,   -4,  -16,   -5,   -8,    0,   -4,   -8,    0,    0,    0,    0,    0,    0,    0,    0,    0,    0,    0,    0,    0,    0,    0,    0,    0,    0,    0,    0,    0,    0,    0,    0,    0,    0,    0,    0,    0,    0,    0,    0,    0,    0,    0,    0,    0,    0,    0,    0,    0,    0,    0,    0,   -8,    0,    0,    0,    0,    0,    0,    0,    0,    0,    0,    0,    0,    0,    0,    0,    0,    0,    0,    0,    0,    0,    0,    0,    0,    0,   -9,    0,    0,    0,    0,    0,    0,    0,    0,    0,   -8,   -4,    0,   -8,   -4,    0,    0,   -8,    0,   -5,    0,  -12,  -12,  -12,  -16,    0,   -8,    0,   -8,    0,    4,    0,  -11,  -16,   -4,  -16,    0,   -8,    0,    0,    0,    0,    0,    0,    0,    0,    0,    0,    0,    0,    0,    0,
       0,    0,    0,    0,    0,   -2,    0,    0,    0,    0,  -21,  -14,   -1,   -8,   -5,   -8,  -16,   -5,   -8,    0,   -1,   -8,   -8,    0,    0,    0,   -5,    0,    0,    0,    0,    0,    0,    0,    0,    0,    0,    0,    0,    0,    0,  -29,    0,    0,    0,    0,    0,    0,    0,    0,    0,    0,    0,    0,    0,    0,    0,    0,    0,    0,    0,    0,    0,    0,   -1,    0,   -9,   -4,    0,    0,    0,   -8,   -8,    0,    0,    0,    0,    0,    0,    0,    0,    0,    0,    0,    0,    0,    0,    0,    0,    0,    0,    0,   -4,   -4,   -4,   -5,    0,  -17,   -5,   -1,    0,    0,   -4,    0,   -8,  -11,   -5,  -12,  -12,   -8,   -9,   -9,  -13,  -16,  -16,  -12,  -13,  -13,   -8,    0,  -12,   -4,    5,   -4,    0,   -9,    0,  -12,    0,  -11,  -21,    0,    0,    0,    0,    0,    0,    0,  -20,    0,    0,    0,    0,    0,
       0,  -20,    0,    0,    0,    0,    0,    0,    0,    0,   -4,    0,    0,    0,    0,    0,    0,    0,    0,   -8,    0,    0,    0,    0,    0,    0,    0,    0,    0,    0,    0,    0,    0,    0,    0,    0,    0,    0,    0,    0,    0,    0,    0,    0,    0,    0,    0,    0,    0,    0,    0,    0,    0,    0,    0,    0,    0,    0,    0,    0,    0,    0,    0,    0,    0,    0,    0,    0,    0,    0,    0,    0,    0,    0,    0,    0,    0,    0,    0,    0,    0,    0,    0,    0,    0,    0,    0,    0,    0,    0,    0,  -14,    0,    0,    0,   -1,  -13,   -1,   -1,   -1,    0,    0,    0,  -21,    0,    0,    0,    0,   -1,    0,   -1,    0,   -1,    0,   -1,   -5,   -1,    0,    0,    0,    0,    0,    0,    0,   -2,    0,  -29,   -7,  -25,    0,    0,  -21,    0,    0,    0,  -20,    0,    0,    0,    0,    0,    0,    0,    0,
       0,  -22,    0,    0,    0,    0,    0,    0,    0,    0,    0,    0,    0,    0,    0,    0,    0,    0,    0,   -1,    0,    0,    0,    0,    0,    0,    0,    0,    0,    0,    0,    0,    0,    0,    0,    0,    0,    0,    0,    0,    0,    0,    0,    0,    0,    0,    0,    0,    0,    0,    0,    0,    0,    0,    0,    0,    0,    0,    0,    0,    0,    0,    0,    0,    0,    0,    0,    0,    0,    0,    0,    0,    0,    0,    0,    0,    0,    0,    0,    0,    0,    0,    0,    0,    0,    0,    0,    0,    0,    0,    0,  -13,   -4,    0,    0,    0,  -16,    0,    0,    0,    0,    0,   -1,  -29,    0,    0,   -1,    0,    0,    0,    0,    0,    0,   -8,   -5,  -13,  -13,    0,    0,    0,    0,    0,    0,    0,  -24,   -9,  -33,  -14,  -24,    0,    0,  -12,    0,    0,    0,  -22,    0,    0,    0,    0,    0,    0,    0,    0,
       0,    0,    0,    0,    0,    0,    0,    0,    0,    0,    0,    0,   -1,    0,    0,   -8,  -16,   -1,   -8,   -1,   -4,   -8,   -4,    0,    0,    0,    0,    0,    0,    0,    0,    0,    0,    0,    0,    0,    0,    0,    0,    0,    0,    0,    0,    0,    0,    0,    0,    0,    0,    0,    0,    0,    0,    0,    0,    0,    0,    0,    0,    0,    0,    0,    0,    0,   -9,    0,  -16,  -16,    0,    0,    0,  -27,   -1,    0,    0,    0,    0,    0,    0,    0,    0,    0,    0,    0,    0,    0,    0,    0,    0,    0,    0,   -4,  -12,    0,    0,    1,    0,    0,    1,    0,    0,    0,  -16,   -1,    0,   -1,  -12,    0,    0,  -12,    0,    0,    0,  -12,  -24,  -20,  -29,    0,  -12,    0,   -4,    0,    0,   -7,  -12,  -17,   -4,  -25,    0,   -1,    0,    0,    0,    0,  -16,    0,   -1,    0,    0,    0,    0,    0,    0,    0,
       0,   12,    0,    0,    0,  -18,    0,    0,    0,    0,  -63,  -36,  -16,   -6,  -12,   -8,  -33,  -13,  -28,    4,  -16,   -8,  -16,    0,    0,    0,  -22,    0,    0,    0,    0,    0,    0,    0,    0,    0,    0,    0,    0,    0,    4,  -65,    0,    0,    0,    0,    0,    0,    0,    0,    0,    0,    0,    0,    0,    0,    0,    0,    0,  -15,    0,    0,    0,    0,  -12,    0,  -31,  -28,    0,    0,    0,  -27,  -24,    0,    0,    0,    0,    0,    0,    0,    0,    0,    0,    0,    0,    0,    0,    0,    0,    0,    0,    8,  -16,   -8,    0,  -34,    8,  -51,  -34,    8,    4,    0,  -12,    4,  -12,  -32,   -1,  -24,  -40,  -29,  -28,  -28,  -41,  -28,  -20,  -24,  -24,  -38,  -29,    0,  -36,    3,   11,   -9,    0,  -16,    8,  -17,   12,  -32,  -59,   12,    1,    0,  -17,   12,    0,    0,  -60,    0,    0,    0,    0,    0,
       0,  -25,    0,    0,    0,    0,    0,  -12,  -44,    0,    0,    0,   -5,    0,    0,   -4,  -15,    0,   -8,  -13,    0,   -9,    0,    0,    0,    0,    0,    0,    0,    0,    0,    0,    0,    0,    0,    0,    0,    0,    0,    0,  -24,    0,    0,    0,    0,    0,    0,    0,    0,    0,    0,    0,    0,    0,    0,    0,    0,    0,    0,    0,    0,    0,    0,    0,   -5,  -44,  -12,  -12,    0,  -56,    0,  -24,    0,    0,    0,    0,    0,    0,    0,    0,    0,    0,    0,    0,    0,    0,    0,    0,    0,    0,   -4,  -25,  -15,    0,   -6,    0,  -20,    4,    0,    0,    0,   -4,  -10,  -37,    0,   -2,  -10,    0,    0,   -8,    0,   -1,    0,  -12,  -10,  -20,  -18,    0,   -8,    0,    0,    0,    0,   -4,  -22,  -18,  -40,  -24,  -36,   -2,    0,  -36,  -32,    0,  -13,  -25,  -40,    0,    0,    0,    0,    0,    0,    0,
       0,   -5,    0,    0,    0,    0,    0,   -8,   -4,    0,  -11,   -9,    0,   -4,   -8,   -4,    0,    0,    0,   -5,    0,   -4,    0,    0,    0,    0,    1,    0,    0,    0,    0,    0,    0,    0,    0,    0,    0,    0,    0,    0,   -8,  -10,    0,    0,    0,    0,    0,    0,    0,    0,    0,    0,    0,    0,    0,    0,    0,    0,    0,    0,    0,    0,    0,    0,    1,    0,    0,    1,    0,  -11,    0,   -4,    0,    0,    0,    0,    0,    0,    0,    0,    0,    0,    0,    0,    0,    0,    0,    0,    0,    0,   -9,   -8,   -4,    0,   -6,    0,   -5,  -12,    0,  -12,    0,   -8,    0,   -8,    0,    0,    0,    0,   -8,    0,   -4,    0,   -4,   -4,    0,   -4,   -4,   -1,    0,   -4,    0,    0,    0,    0,   -1,   -4,  -12,   -9,  -20,    0,  -20,   -4,   -1,    0,    0,   -5,    0,    0,   -8,    0,    0,    0,    0,    0,
       0,    0,    0,    0,    0,    0,    0,    0,    0,    0,    0,    0,    0,    0,    0,    0,    0,    0,    0,    0,    0,    0,    0,    0,    0,    0,    0,    0,    0,    0,    0,    0,    0,    0,    0,    0,    0,    0,    0,    0,    0,    0,    0,    0,    0,    0,    0,    0,    0,    0,    0,    0,    0,    0,    0,    0,    0,    0,    0,    0,    0,    0,    0,    0,    0,    0,    0,    0,    0,    0,    0,    0,    0,    0,    0,    0,    0,    0,    0,    0,    0,    0,    0,    0,    0,    0,    0,    0,    0,    0,    0,   -4,  -10,    0,    6,   -4,    0,    0,    1,    0,    0,    0,   -8,   -8,    0,   -8,   -4,    0,    1,   -4,    0,   -4,   -4,   -4,  -13,    0,  -16,    0,   -4,    0,   -8,    0,    0,   26,  -12,  -16,   -8,  -12,   -4,   -8,    0,    0,    0,    0,    0,    0,    0,    0,    0,    0,    0,    0,    0,    0,
       0,  -11,    0,    0,    0,    0,    0,   -8,   -4,    0,  -16,   -7,    0,   -4,    0,   -4,    0,    0,    0,   -1,    0,    0,    0,    0,    0,    0,    8,    0,    0,    0,    0,    0,    0,    0,    0,    0,    0,    0,    0,    0,   -4,  -20,    0,    0,    0,    0,    0,    0,    0,    0,    0,    0,    0,    0,    0,    0,    0,    0,    0,    0,    0,    0,    0,    0,    4,    4,    7,    4,    0,   -5,    0,    0,    0,    0,    0,    0,    0,    0,    0,    0,    0,    0,    0,    0,    0,    0,    0,    0,    0,    0,   -9,   -4,    4,    0,   -4,   -9,  -13,  -16,   -9,  -12,    0,   -8,    0,   -1,   -4,    0,    0,    0,  -12,    0,    0,    3,  -12,    0,    0,    0,    4,   -5,    0,    0,    0,    0,    0,    0,    0,    0,  -16,    0,  -15,    0,  -24,    0,    0,    0,    1,  -11,    0,    0,  -16,    0,    0,    0,    0,    0,
       0,    4,    0,    0,    0,   -1,    0,   -4,    8,    0,  -41,  -21,    0,    0,    0,    0,   -9,   -1,   -1,    0,    0,    0,    4,    0,    0,    0,   -1,    0,    0,    0,    0,    0,    0,    0,    0,    0,    0,    0,    0,    0,    4,  -58,    0,    0,    0,    0,    0,    0,    0,    0,    0,    0,    0,    0,    0,    0,    0,    0,    0,    0,    0,    0,    0,    0,    4,    8,    0,    0,    0,    0,    0,    0,    0,    0,    0,    0,    0,    0,    0,    0,    0,    0,    0,    0,    0,    0,    0,    0,    0,    0,   -4,    4,    0,    4,   -4,  -32,   -1,  -26,  -32,   -8,    0,    0,    0,    0,   -8,   -1,    0,   -4,  -24,   -8,    0,    0,  -25,    0,    0,    8,    4,   -5,   -8,   -1,   -1,    4,    4,    0,    0,    0,   -4,    4,   -8,   -1,  -44,   12,    8,    0,    0,    4,    0,    0,  -48,    0,    0,    0,    0,    0,
       0,   11,    0,    0,    0,   -2,    0,    0,    8,    0,  -33,  -18,    0,    0,    0,   -1,  -21,   -1,  -10,    4,   -1,    0,    0,    0,    0,    0,   -9,    0,    0,    0,    0,    0,    0,    0,    0,    0,    0,    0,    0,    0,    8,  -34,    0,    0,    0,    0,    0,    0,    0,    0,    0,    0,    0,    0,    0,    0,    0,    0,    0,   -7,    0,    0,    0,    0,   -1,    8,  -20,  -18,    0,    7,    0,  -16,   -1,    0,    0,    0,    0,    0,    0,    0,    0,    0,    0,    0,    0,    0,    0,    0,    0,    0,    0,    4,   -4,    0,    0,  -17,    0,  -28,  -17,    0,    0,    0,   -4,    0,   -9,  -17,    0,  -12,  -25,  -28,  -14,   -2,  -33,  -27,  -24,  -16,   -2,  -25,  -28,    0,  -20,   -1,   11,   -1,    0,   -2,    0,  -16,    0,  -17,  -32,    8,   12,    0,   -8,   11,    4,    0,  -33,    0,    0,    0,    0,    0,
       0,   -1,    0,    0,    0,    0,    0,  -12,   -1,    0,  -28,  -13,    0,   -8,   -5,   -8,    0,   -1,    0,  -13,    0,    0,    0,    0,    0,    0,    0,    0,    0,    0,    0,    0,    0,    0,    0,    0,    0,    0,    0,    0,   -9,  -57,    0,    0,    0,    0,    0,    0,    0,    0,    0,    0,    0,    0,    0,    0,    0,    0,    0,    0,    0,    0,    0,    0,    4,    0,    1,    4,    0,   -8,    0,    0,    0,    0,    0,    0,    0,    0,    0,    0,    0,    0,    0,    0,    0,    0,    0,    0,    0,    0,   -8,   -5,    4,    0,   -5,  -16,  -17,  -22,  -16,  -20,    0,   -8,    0,   -4,   -5,    0,    0,    0,  -13,    0,    0,    0,  -13,    0,    0,    0,    0,   -1,    0,   -4,    0,    0,    0,    0,    0,    0,  -17,    0,  -20,    0,  -17,   -1,    0,    0,    1,   -1,    0,    0,  -22,    0,    0,    0,    0,    0,
       0,  -24,    0,    0,    0,    0,    0,   -1,  -16,    0,    0,    0,    0,   -7,    0,    0,   -4,    0,   -4,   -9,    0,  -12,    0,    0,    0,    0,    0,    0,    0,    0,    0,    0,    0,    0,    0,    0,    0,    0,    0,    0,  -16,    0,    0,    0,    0,    0,    0,    0,    0,    0,    0,    0,    0,    0,    0,    0,    0,    0,    0,    0,    0,    0,    0,    0,    0,  -16,   -1,   -4,    0,  -24,    0,   -1,    0,    0,    0,    0,    0,    0,    0,    0,    0,    0,    0,    0,    0,    0,    0,    0,    0,    0,    0,  -20,   -4,    0,   -8,    0,    0,    4,    0,    0,    0,    0,    0,    0,    0,    0,    0,   -2,    0,    0,    0,    0,    0,   -8,   -8,   -4,  -12,    0,    0,    0,    0,    0,    0,    0,    0,   -8,  -39,   -8,  -32,    0,    0,  -20,  -12,    0,   -4,  -24,  -16,    0,    0,    0,    0,    0,    0,    0,
       0,    0,    0,    0,    0,    0,    0,    0,    0,    0,   -8,    0,    0,    0,    0,    0,    0,    0,    0,   -1,    0,    0,    0,    0,    0,    0,    0,    0,    0,    0,    0,    0,    0,    0,    0,    0,    0,    0,    0,    0,    0,    0,    0,    0,    0,    0,    0,    0,    0,    0,    0,    0,    0,    0,    0,    0,    0,    0,    0,    0,    0,    0,    0,    0,    0,    0,    0,    0,    0,    0,    0,    0,    0,    0,    0,    0,    0,    0,    0,    0,    0,    0,    0,    0,    0,    0,    0,    0,    0,    0,    0,    0,    0,    0,    0,    0,    0,   -7,    0,    0,    0,    0,    0,    0,    0,    0,    0,    0,   -8,    0,   -1,    0,   -8,    0,    0,   -1,   -4,    0,    0,    0,    0,    0,    0,    0,    0,    0,    0,   -1,    0,    0,    0,    0,    0,    0,    0,    0,    0,    0,    0,    0,    0,    0,    0,    0,
       0,   -1,    0,    0,    0,    0,    0,    0,    0,    0,    0,    0,    0,    0,    0,    0,    0,    0,    0,   -1,    0,    0,    0,    0,    0,    0,    0,    0,    0,    0,    0,    0,    0,    0,    0,    0,    0,    0,    0,    0,    0,    0,    0,    0,    0,    0,    0,    0,    0,    0,    0,    0,    0,    0,    0,    0,    0,    0,    0,    0,    0,    0,    0,    0,    0,    0,    0,    0,    0,    0,    0,    0,    0,    0,    0,    0,    0,    0,    0,    0,    0,    0,    0,    0,    0,    0,    0,    0,    0,    0,   -4,    0,    0,    0,    0,    0,    0,    0,    0,    0,    0,   -4,    0,    0,    0,    0,    0,    0,    0,    0,    0,    0,    0,    0,    0,    0,    0,    0,    0,    0,    0,    0,    0,    0,    0,    0,    0,    0,    0,    0,    0,    0,    0,    0,    0,   -1,    0,    0,    0,    0,    0,    0,    0,    0,
       0,    0,    0,    0,    0,    0,    0,    0,    0,    0,  -20,    0,    0,    0,    0,    0,    0,    0,    0,   -1,    0,    0,    0,    0,    0,    0,    0,    0,    0,    0,    0,    0,    0,    0,    0,    0,    0,    0,    0,    0,    0,    0,    0,    0,    0,    0,    0,    0,    0,    0,    0,    0,    0,    0,    0,    0,    0,    0,    0,    0,    0,    0,    0,    0,    0,    0,    0,    0,    0,    0,    0,    0,    0,    0,    0,    0,    0,    0,    0,    0,    0,    0,    0,    0,    0,    0,    0,    0,    0,    0,    0,    0,    0,    0,    0,    0,    0,  -11,    0,    0,    0,    0,    7,    0,    0,   -1,    0,    0,  -12,    0,    0,    0,  -13,    0,    0,    4,    0,   -5,    0,   -4,    0,    0,    0,    0,    0,    0,    0,    0,    0,   -1,    0,    0,    0,    0,    0,    0,    0,    0,    0,    0,    0,    0,    0,    0,
       0,    0,    0,    0,    0,    0,    0,    0,    0,    0,    0,    0,    0,    0,    0,    0,    0,    0,    0,    0,    0,    0,    0,    0,    0,    0,    0,    0,    0,    0,    0,    0,    0,    0,    0,    0,    0,    0,    0,    0,    0,    0,    0,    0,    0,    0,    0,    0,    0,    0,    0,    0,    0,    0,    0,    0,    0,    0,    0,    0,    0,    0,    0,    0,    0,    0,    0,    0,    0,    0,    0,    0,    0,    0,    0,    0,    0,    0,    0,    0,    0,    0,    0,    0,    0,    0,    0,    0,    0,    0,    0,  -14,    0,    0,   13,    0,  -16,    0,    0,    0,    0,    0,    0,  -18,    0,    0,   -4,    0,    0,    0,    0,    0,   -4,   -4,   -4,    0,    0,    0,    0,    0,    0,    0,    0,   20,   -1,   -4,  -31,   -4,  -28,    0,    0,    0,    0,    0,    0,    0,    0,    0,    0,    0,    0,    0,    0,    0,
       0,   -8,    0,    0,    0,    0,    0,   -5,   -8,    0,   -7,   -4,    0,   -8,   -4,    0,    0,    0,    1,  -12,    0,    0,    0,    0,    0,    0,    0,    0,    0,    0,    0,    0,    0,    0,    0,    0,    0,    0,    0,    0,   -9,  -16,    0,    0,    0,    0,    0,    0,    0,    0,    0,    0,    0,    0,    0,    0,    0,    0,    0,    0,    0,    0,    0,    0,    0,   -7,    4,    4,    0,  -13,    0,    0,    0,    0,    0,    0,    0,    0,    0,    0,    0,    0,    0,    0,    0,    0,    0,    0,    0,    0,   -4,  -20,    0,    0,   -8,    0,  -14,   -8,    0,   -8,    0,   -1,    0,  -11,    0,   -4,    0,    0,   -8,    0,    0,    0,   -8,   -4,    0,   -4,   -4,    0,    0,   -4,    0,    0,    0,    0,    0,    0,  -27,    0,  -28,   -4,   -8,  -12,   -4,    0,    0,   -8,   -7,    0,    0,    0,    0,    0,    0,    0,
       0,   -1,    0,    0,    0,   -1,    0,   -4,   -1,    0,    0,    0,    0,    0,    0,   -1,   -5,   -1,   -1,   -9,    0,    0,    0,    0,    0,   -1,    0,    0,    0,    0,    0,    0,    0,    0,    0,    0,    0,    0,    0,    0,   -1,    0,    0,    0,    0,    0,    0,    0,    0,    0,    0,    0,    0,    0,    0,    0,    0,    0,    0,    0,    0,    0,    0,    0,    0,    7,  -12,   -9,    0,   -1,    0,   -2,    0,    0,    0,    0,    0,    0,    0,    0,    0,    0,    0,    0,    0,    0,    0,    0,    0,    0,    0,   -8,   -4,    0,   -8,    0,  -11,    4,    0,    0,    0,    0,    0,  -12,    0,   -5,    0,    0,    0,   -8,    2,   -1,    0,   -8,   -4,    0,    0,    0,   -8,    0,    0,    0,    0,    0,    0,    0,  -27,    0,  -24,   -5,    0,    0,    3,    0,   -1,   -1,   -1,    0,    0,    0,    0,    0,    0,    0,
       0,  -12,    0,    0,    0,    0,    0,   -7,  -12,    0,    0,    0,    0,    1,    0,   -4,   -4,    0,    0,   -8,    0,   -4,   -4,    0,    0,   -1,    0,    0,    0,    0,    0,    0,    0,    0,    0,    0,    0,    0,    0,    0,   -8,    0,    0,    0,    0,    0,    0,    0,    0,    0,    0,    0,    0,    0,    0,    0,    0,    0,    0,    0,    0,    0,    0,    0,    0,   -8,   -7,    0,    0,  -16,    0,    0,    0,    0,    0,    0,    0,    0,    0,    0,    0,    0,    0,    0,    0,    0,    0,    0,    0,    0,    0,  -12,    0,    0,  -11,    0,  -20,    0,    0,    0,    0,    0,    0,  -18,    0,    0,   -4,    0,   -3,   -4,    0,    0,   -4,   -4,   -4,   -7,    0,    0,   -4,    0,    0,    0,    0,   -2,    0,   -4,  -31,   -4,  -27,    0,    0,  -12,   -4,    0,    0,  -12,   -8,    0,    0,    0,    0,    0,    0,    0,
       0,  -17,    0,    0,    0,    0,    0,   -5,   -9,    0,   -8,   -8,    0,  -11,   -5,   -4,    0,   -4,    0,  -17,    0,    0,    0,    0,    0,   -1,    0,    0,    0,    0,    0,    0,    0,    0,    0,    0,    0,    0,    0,    0,   -9,  -20,    0,    0,    0,    0,    0,    0,    0,    0,    0,    0,    0,    0,    0,    0,    0,    0,    0,    0,    0,    0,    0,    0,    0,  -11,    0,    4,    0,  -20,    0,    0,    0,    0,    0,    0,    0,    0,    0,    0,    0,    0,    0,    0,    0,    0,    0,    0,    0,    0,   -8,  -24,    0,   -4,   -4,    0,  -14,  -16,    0,   -9,    0,   -5,    0,  -11,    0,    0,    0,    0,   -8,    0,   -8,    0,   -8,   -4,    0,   -4,   -4,    0,    0,   -4,    0,    0,    0,    0,    0,    0,  -27,    0,  -32,    0,   -9,  -20,   -8,    0,    0,  -17,   -7,    0,  -12,    0,    0,    0,    0,    0,
       0,    0,    0,    0,    0,    0,    0,   -1,    0,    0,   -1,   -1,    0,   -8,   -1,    0,   -8,   -1,    0,   -6,    0,    0,    0,    0,    0,    0,    0,    0,    0,    0,    0,    0,    0,    0,    0,    0,    0,    0,    0,    0,   -1,   -9,    0,    0,    0,    0,    0,    0,    0,    0,    0,    0,    0,    0,    0,    0,    0,    0,    0,    0,    0,    0,    0,    0,    0,    0,    0,    0,    0,   -9,    0,    0,    0,    0,    0,    0,    0,    0,    0,    0,    0,    0,    0,    0,    0,    0,    0,    0,    0,    0,   -5,  -16,    0,    0,   -9,    0,    0,   -5,    0,   -8,    0,   -1,    0,    0,    0,    0,    0,    0,   -4,    0,   -1,    0,   -4,   -4,   -1,    0,    0,   -1,    0,   -5,    0,    0,    0,    0,    0,    0,  -28,   -1,  -24,    0,   -1,   -4,    0,    0,    0,    0,    0,    0,   -1,    0,    0,    0,    0,    0,
       0,    0,    0,    0,    0,   -7,    0,  -15,    0,    0,  -37,  -17,    4,   -7,    0,   -5,   -6,   -5,    2,  -12,    0,    4,   -1,    0,    0,   -1,   -5,    0,    0,    0,    0,    0,    0,    0,    0,    0,    0,    0,    0,    0,    0,  -31,    0,    0,    0,    0,    0,    0,    0,    0,    0,    0,    0,    0,    0,    0,    0,    0,    0,    0,    0,    0,    0,    0,    0,    7,   -9,   -5,    0,    0,    0,   -1,    0,    0,    0,    0,    0,    0,    0,    0,    0,    0,    0,    0,    0,    0,    0,    0,    0,    0,   -9,   -2,    0,    0,  -16,    0,    0,  -29,    0,  -20,    0,   -9,    0,    0,    0,   -7,    0,    0,  -21,   -8,    0,    0,  -21,    0,    0,    3,    4,   -9,   -8,   -8,   -4,    0,    0,    0,    0,    0,  -20,    4,  -20,   -7,  -36,    8,    8,    0,   -1,    0,    4,    0,  -34,    0,    0,    0,    0,    0,
       0,  -24,    0,    0,    0,    0,    0,    0,    0,    0,    0,    0,    0,    0,    0,    0,    0,    0,    0,  -16,    0,    0,    0,    0,    0,    0,    0,    0,    0,    0,    0,    0,    0,    0,    0,    0,    0,    0,    0,    0,    0,    0,    0,    0,    0,    0,    0,    0,    0,    0,    0,    0,    0,    0,    0,    0,    0,    0,    0,    0,    0,    0,    0,    0,    0,    0,    0,    0,    0,    0,    0,    0,    0,    0,    0,    0,    0,    0,    0,    0,    0,    0,    0,    0,    0,    0,    0,    0,    0,    0,    0,  -14,    0,    0,    0,    0,  -18,    0,    0,    0,    0,    0,    0,  -24,    0,    0,   -4,    0,    0,    0,    0,    0,    0,   -8,  -16,  -16,  -16,    0,    0,   -8,    0,    0,    0,    0,  -21,  -13,  -28,  -17,  -21,    0,    0,  -17,  -12,    0,    0,  -24,    0,    0,    0,    0,    0,    0,    0,    0,
       0,   -9,    0,    0,    0,    0,    0,    0,    0,    0,    0,    0,    0,    0,    0,    0,    0,    0,    0,   -8,    0,    0,    0,    0,    0,    0,    0,    0,    0,    0,    0,    0,    0,    0,    0,    0,    0,    0,    0,    0,    0,    0,    0,    0,    0,    0,    0,    0,    0,    0,    0,    0,    0,    0,    0,    0,    0,    0,    0,    0,    0,    0,    0,    0,    0,    0,    0,    0,    0,    0,    0,    0,    0,    0,    0,    0,    0,    0,    0,    0,    0,    0,    0,    0,    0,    0,    0,    0,    0,    0,    0,    0,    0,    0,    0,    0,    0,    0,    0,    0,    0,    0,    0,    0,    0,    0,    0,    0,    0,    0,    0,    0,    0,    0,   -1,   -1,   -1,    0,    0,    0,    0,    0,    0,    4,    0,    0,    0,   -4,    0,    0,    0,   -1,    0,    0,    0,   -9,    0,    0,    0,    0,    0,    0,    0,    0,
       0,   -9,    0,    0,    0,    0,    0,   -5,   -4,    0,   -8,   -1,    0,   -4,   -4,   -4,    0,    0,    0,  -12,    0,   -4,    0,    0,    0,   -1,    0,    0,    0,    0,    0,    0,    0,    0,    0,    0,    0,    0,    0,    0,   -9,  -16,    0,    0,    0,    0,    0,    0,    0,    0,    0,    0,    0,    0,    0,    0,    0,    0,    0,    0,    0,    0,    0,    0,    0,   -8,    0,    0,    0,  -12,    0,   -1,    0,    0,    0,    0,    0,    0,    0,    0,    0,    0,    0,    0,    0,    0,    0,    0,    0,    0,   -8,  -12,    0,    0,  -12,    0,    0,   -4,    0,    0,    0,   -4,    0,    0,    0,    0,    0,    0,   -4,    0,    0,    0,   -4,   -4,    0,    0,    0,   -1,    0,   -4,    0,    0,    0,    0,    0,   -1,  -28,    0,  -35,    0,   -1,   -5,   -1,    0,    0,   -9,    0,    0,    0,    0,    0,    0,    0,    0,
       0,    0,    0,    0,    0,    0,    0,    0,    0,    0,    0,    0,    0,    0,    0,    0,    0,    0,    0,   -1,    0,    0,    0,    0,    0,    0,    0,    0,    0,    0,    0,    0,    0,    0,    0,    0,    0,    0,    0,    0,    0,    0,    0,    0,    0,    0,    0,    0,    0,    0,    0,    0,    0,    0,    0,    0,    0,    0,    0,    0,    0,    0,    0,    0,    0,    0,   -4,    0,    0,   -7,    0,   -1,    0,    0,    0,    0,    0,    0,    0,    0,    0,    0,    0,    0,    0,    0,    0,    0,    0,    0,    0,   -8,    0,    0,    0,    0,    0,    0,    0,    0,    0,    0,    0,    0,    0,    0,    0,    0,    0,    0,    0,    0,    0,   -4,   -4,   -6,   -5,    0,    0,    0,    0,    0,    0,    0,    0,   -8,   -5,   -6,   -8,    0,    0,    0,    0,    0,    0,    0,   -4,    0,    0,    0,    0,    0,    0,    0,
       0,   16,    0,    0,    0,    0,    0,    8,    9,    0,    0,    0,    0,    1,    0,    0,    0,    0,    0,    8,    0,    0,    0,    0,    0,    0,    0,    0,    0,    0,    0,    0,    0,    0,    0,    0,    0,    0,    0,    0,    9,    0,    0,    0,    0,    0,    0,    0,    0,    0,    0,    0,    0,    0,    0,    0,    0,    0,    0,    0,    0,    0,    0,    0,    0,    9,    0,    0,    0,   12,    0,   -1,    0,    0,    0,    0,    0,    0,    0,    0,    0,    0,    0,    0,    0,    0,    0,    0,    0,    0,    1,    8,    0,    0,    1,    0,    0,    0,    0,    4,    0,    0,    0,    0,    0,    0,    0,    0,    0,    0,    0,    0,    0,   -4,   -4,    0,   -5,    0,    0,    0,    0,    0,   16,    0,    0,   -8,   -5,   -6,    1,    0,    0,   12,    6,    0,    0,   16,    9,    0,    0,    0,    0,    0,    0,    0,
       0,    0,    0,    0,    0,   -1,    0,    1,    0,    0,   -5,   -4,    0,    0,   -1,   -1,   -4,   -1,    0,   -1,    0,    0,   -4,    0,    0,    0,    0,    0,    0,    0,    0,    0,    0,    0,    0,    0,    0,    0,    0,    0,    0,  -13,    0,    0,    0,    0,    0,    0,    0,    0,    0,    0,    0,    0,    0,    0,    0,    0,    0,    0,    0,    0,    0,    0,    0,    0,   -8,    0,    0,    0,    0,   -1,    0,    0,    0,    0,    0,    0,    0,    0,    0,    0,    0,    0,    0,    0,    0,    0,    0,    0,    0,   -1,    0,    0,    2,    0,  -12,   -4,    0,   -4,    0,   -1,    0,  -14,    0,    0,    0,    0,   -4,    0,    0,    0,   -4,    0,   -7,    0,    0,   -4,    0,    0,    0,    0,    0,    1,   -7,   -8,  -30,    0,   -4,    0,   -4,   -1,    0,    0,    0,    0,    0,    0,   -4,    0,    0,    0,    0,    0,
       0,  -20,    0,    0,    0,    0,    0,   -5,  -27,    0,    0,    0,   -4,    0,   -4,   -4,  -11,   -1,    0,  -16,    0,  -12,    0,    0,    0,    0,    0,    0,    0,    0,    0,    0,    0,    0,    0,    0,    0,    0,    0,    0,  -20,    0,    0,    0,    0,    0,    0,    0,    0,    0,    0,    0,    0,    0,    0,    0,    0,    0,    0,    0,    0,    0,    0,    0,    0,  -23,   -4,    0,    0,  -28,    0,   -1,    0,    0,    0,    0,    0,    0,    0,    0,    0,    0,    0,    0,    0,    0,    0,    0,    0,    0,    0,  -24,    0,    0,   -8,    0,  -14,    0,    0,    0,    0,    0,    0,  -18,    0,    0,   -4,    0,    0,    0,    0,   -1,    0,   -6,   -8,  -12,   -8,    0,    0,    0,    0,    0,    0,    0,   -7,   -8,  -36,  -12,  -28,    0,    0,  -28,  -16,    0,   -4,  -20,  -19,    0,    0,    0,    0,    0,    0,    0,
       0,   -2,    0,    0,    0,    0,    0,    0,    0,    0,    0,    0,    0,    0,    0,    0,    0,    0,    0,   -1,    0,    0,    0,    0,    0,    0,    0,    0,    0,    0,    0,    0,    0,    0,    0,    0,    0,    0,    0,    0,    0,    0,    0,    0,    0,    0,    0,    0,    0,    0,    0,    0,    0,    0,    0,    0,    0,    0,    0,    0,    0,    0,    0,    0,    0,    0,    0,    0,    0,    0,    0,    0,    0,    0,    0,    0,    0,    0,    0,    0,    0,    0,    0,    0,    0,    0,    0,    0,    0,    0,   -4,  -13,    4,    0,   -1,    0,   -8,   -1,    0,   -1,    0,   -4,    0,  -10,    0,    0,    0,    0,    0,    0,   -1,    0,    0,    0,   -1,   -1,   -1,   -1,    0,    0,    0,    0,    0,    0,   -6,   -1,  -17,   -1,  -13,    0,   -1,   -1,    0,    0,    0,   -2,    0,    0,    0,    0,    0,    0,    0,    0,
       0,  -17,    0,    0,    0,    0,    0,    0,    0,    0,   -4,    0,    0,    0,    0,    0,    0,    0,    0,    0,    0,    0,    0,    0,    0,    0,    0,    0,    0,    0,    0,    0,    0,    0,    0,    0,    0,    0,    0,    0,    0,    0,    0,    0,    0,    0,    0,    0,    0,    0,    0,    0,    0,    0,    0,    0,    0,    0,    0,    0,    0,    0,    0,    0,    0,    0,    0,    0,    0,    0,    0,    0,    0,    0,    0,    0,    0,    0,    0,    0,    0,    0,    0,    0,    0,    0,    0,    0,    0,    0,    0,    0,    0,    0,    0,    0,    0,    0,    0,    0,    0,    0,    0,    0,    0,    0,    0,    0,    0,    0,    0,    0,    0,   -4,   -8,   -5,   -4,    0,    0,   -4,    0,    0,    0,    0,    0,   -9,    0,   -8,    0,    0,    0,   -8,    0,    0,    0,  -17,    0,    0,    0,    0,    0,    0,    0,    0,
       0,    0,    0,    0,    0,   -7,    0,   -9,    6,    0,  -37,  -20,    0,   -4,    0,   -8,  -10,   -5,    0,  -12,   -4,    4,   -4,    0,    0,   -1,   -6,    0,    0,    0,    0,    0,    0,    0,    0,    0,    0,    0,    0,    0,   -1,  -27,    0,    0,    0,    0,    0,    0,    0,    0,    0,    0,    0,    0,    0,    0,    0,    0,    0,    0,    0,    0,    0,    0,    0,   11,   -8,  -15,    0,    0,    0,    0,    0,    0,    0,    0,    0,    0,    0,    0,    0,    0,    0,    0,    0,    0,    0,    0,    0,    0,   -8,    0,    0,    0,   -4,    0,    0,  -25,    0,  -24,    0,   -8,    0,    0,    0,   -5,    0,    0,  -17,   -4,    4,    0,  -18,    0,    0,    8,    8,   -9,   -4,   -5,   -4,    8,    8,    8,    0,    0,    0,   12,  -20,   -5,    0,    4,    8,    0,    0,    0,    8,    0,  -30,    0,    0,    0,    0,    0,
       0,    0,    0,    0,    0,    0,    0,    0,    0,    0,    0,    0,    0,    0,    0,    0,    0,    0,    0,    0,    0,    0,    0,    0,    0,    0,    0,    0,    0,    0,    0,    0,    0,    0,    0,    0,    0,    0,    0,    0,    0,    0,    0,    0,    0,    0,    0,    0,    0,    0,    0,    0,    0,    0,    0,    0,    0,    0,    0,    0,    0,    0,    0,    0,    0,    0,    0,    0,    0,    0,    0,    0,    0,    0,    0,    0,    0,    0,    0,    0,    0,    0,    0,    0,    0,    0,    0,    0,    0,    0,    0,    0,  -13,   -9,   -7,  -33,    0,  -41,  -33,    0,    0,    0,  -21,    0,  -25,  -33,  -17,  -36,  -44,  -51,  -51,  -41,  -46,  -44,  -52,  -33,  -41,  -44,  -51,    0,  -58,   -1,   -1,   -2,    0,  -25,    0,  -36,    0,  -65,  -60,    0,    0,    0,    0,    0,    0,    0,    0,    0,    0,    0,    0,    0,
       0,    0,    0,    0,    0,    0,    0,    0,    0,    0,  -20,    0,    0,    0,    0,    0,    0,    0,    0,   -1,    0,    0,    0,    0,    0,    0,    0,    0,    0,    0,    0,    0,    0,    0,    0,    0,    0,    0,    0,    0,    0,    0,    0,    0,    0,    0,    0,    0,    0,    0,    0,    0,    0,    0,    0,    0,    0,    0,    0,    0,    0,    0,    0,    0,    0,    0,    0,    0,    0,    0,    0,    0,    0,    0,    0,    0,    0,    0,    0,    0,    0,    0,    0,    0,    0,    0,    0,    0,    0,    0,    0,    0,    0,    0,    0,    0,    0,  -11,    0,    0,    0,    0,    7,    0,    0,   -1,    0,    0,  -28,  -12,    0,   -7,  -28,    0,    0,    4,    0,  -17,  -12,   -4,  -12,    0,    0,    0,    0,    0,    0,    0,    0,   -1,    0,    0,    0,    0,    0,    0,    0,    0,    0,    0,    0,    0,    0,    0,
       0,    0,    0,    0,    0,    0,    0,    1,   -1,    0,    0,    0,   -5,    1,    0,   -1,   -1,   -1,   -8,   -1,   -4,   -8,    0,    0,    0,    0,    0,    0,    0,    0,    0,    0,    0,    0,    0,    0,    0,    0,    0,    0,    0,    0,    0,    0,    0,    0,    0,    0,    0,    0,    0,    0,    0,    0,    0,    0,    0,    0,    0,    0,    0,    0,    0,    0,    0,    0,  -13,  -12,    0,    0,    0,  -32,    0,    0,    0,    0,    0,    0,    0,    0,    0,    0,    0,    0,    0,    0,    0,    0,    0,    0,    0,   -1,  -12,    0,   18,    2,    0,    8,   18,    0,    0,    0,  -16,   -1,    1,   -4,  -12,    0,    9,   -8,    0,    0,    1,    0,  -24,    5,  -29,    0,   -8,    0,    0,    0,    0,   37,  -12,  -17,   -4,  -25,   -4,   -4,    1,    0,   -1,    0,  -20,    0,   -1,    0,    0,    0,    0,    0,    0,    0,
      -1,   -1,    0,    0,    0,   -1,    0,   -5,   -1,    0,    0,    0,    0,    0,    0,    0,   -5,   -1,   -1,   -9,    0,    0,   -1,    0,    0,   -1,    0,    0,    0,    0,    0,    0,    0,    0,    0,    0,    0,    0,    0,    0,   -1,    0,    0,    0,    0,    0,    0,    0,    0,    0,    0,    0,    0,    0,    0,    0,    0,    0,    0,    0,    0,    0,    0,    0,    0,    7,  -12,   -9,    0,   -1,    0,   -2,    0,    0,    0,    0,    0,    0,    0,    0,    0,    0,    0,    0,    0,    0,    0,    0,    0,    0,    0,  -13,   -4,    0,   11,    0,  -11,    4,    0,    4,    0,    0,    0,  -12,    0,   -4,    0,    0,    5,   -8,    2,   -1,    0,   -8,   -4,    0,    0,    0,   -8,   -4,   -4,    0,    0,    0,    0,    0,  -27,    0,  -28,   -4,    0,    0,    3,    0,   -1,   -1,   -1,    0,    0,    0,    0,    0,    0,    0,
       0,    0,    0,    0,    0,  -17,    0,    0,    0,    0,  -40,  -36,  -13,  -11,  -12,  -12,  -33,  -16,  -28,    0,  -16,  -15,  -23,    0,    0,    0,  -21,    0,    0,    0,    0,    0,    0,    0,    0,    0,    0,    0,    0,    0,    5,  -44,    0,    0,    0,    0,    0,    0,    0,    0,    0,    0,    0,    0,    0,    0,    0,    0,    0,  -11,    0,    0,    0,    0,  -15,    1,  -31,  -31,    0,    0,    0,  -34,  -23,    0,    0,    0,    0,    0,    0,    0,    0,    0,    0,    0,    0,    0,    0,    0,    0,    0,    0,    0,  -20,  -15,    0,  -24,    1,  -36,  -24,    0,    0,    0,  -20,    0,  -16,  -32,  -20,  -27,  -36,  -36,  -25,  -33,  -37,  -35,  -36,  -27,  -32,  -40,  -71,    0,  -32,  -16,   12,   -8,    0,  -21,    0,  -27,    0,  -32,  -36,    1,    1,    0,  -20,    0,    0,    0,  -40,    0,    0,    0,    0,    0,
       0,    0,    0,    0,    0,    0,    0,    0,    0,    0,  -24,    0,    0,    0,    0,    0,    0,    0,    0,    0,    0,    0,    0,    0,    0,    0,    0,    0,    0,    0,    0,    0,    0,    0,    0,    0,    0,    0,    0,    0,    0,    0,    0,    0,    0,    0,    0,    0,    0,    0,    0,    0,    0,    0,    0,    0,    0,    0,    0,    0,    0,    0,    0,    0,    0,    0,    0,   -4,    0,    0,    0,    0,    0,    0,    0,    0,    0,    0,    0,    0,    0,    0,    0,    0,    0,    0,    0,    0,    0,    0,    0,    0,    0,    0,    0,    0,    0,  -18,    0,    0,    0,    0,    0,    0,    0,   -5,    0,    0,  -16,   -1,    0,   -1,  -17,    0,    0,    4,    0,   -6,   -1,   -8,   -1,    0,    0,    0,    0,    0,    0,    4,    0,   -5,    0,    0,    0,    0,    0,    0,    0,    0,    0,    0,    0,    0,    0,    0,
       0,  -35,    0,    0,    0,    0,    0,    0,    0,    0,    0,    0,    0,    0,    0,    0,    0,    0,    0,  -16,    0,    0,    0,    0,    0,    0,    0,    0,    0,    0,    0,    0,    0,    0,    0,    0,    0,    0,    0,    0,    0,    0,    0,    0,    0,    0,    0,    0,    0,    0,    0,    0,    0,    0,    0,    0,    0,    0,    0,    0,    0,    0,    0,    0,    0,    0,    0,    0,    0,    0,    0,    0,    0,    0,    0,    0,    0,    0,    0,    0,    0,    0,    0,    0,    0,    0,    0,    0,    0,    0,    0,  -32,  -12,    0,   -7,    0,  -28,    0,    0,    0,    0,    0,  -12,  -41,    0,    0,   -9,    0,    0,    0,    0,    0,    0,   -8,  -17,  -18,  -21,    0,    0,    0,    0,    0,    0,    0,  -29,  -14,  -49,  -17,  -37,    0,    0,  -29,    0,    0,    0,  -35,    0,    0,    0,    0,    0,    0,    0,    0,
       0,    0,    0,    0,    0,    0,    0,    0,    0,    0,    0,    0,    0,    0,    0,    0,    0,    0,    0,    0,    0,    0,    0,    0,    0,    0,    0,    0,    0,    0,    0,    0,    0,    0,    0,    0,    0,    0,    0,    0,    0,    0,    0,    0,    0,    0,    0,    0,    0,    0,    0,    0,    0,    0,    0,    0,    0,    0,    0,    0,    0,    0,    0,    0,    0,    0,    0,    0,    0,    0,    0,    0,    0,    0,    0,    0,    0,    0,    0,    0,    0,    0,    0,    0,    0,    0,    0,    0,    0,    0,    0,    0,    0,    0,    0,    0,    0,    0,    0,    0,    0,    0,    0,    0,    0,    0,   -1,    0,    0,    0,    0,    0,    0,   -1,   -5,   -4,   -8,    0,    0,    0,    0,    0,    0,    0,    0,   -1,    0,   -8,    0,    0,    0,    0,    0,    0,    0,    0,    0,    0,    0,    0,    0,    0,    0,    0,
      -8,    0,  -11,    0,    0,  -12,  -14,    0,    0,    0,  -30,  -32,    0,    0,    0,   -4,  -21,  -12,  -11,    8,   -4,    1,    0,    0,    0,   -8,  -12,  -33,   -4,   -8,    0,    0,    0,   12,    0,    0,    0,    0,    0,    8,    0,  -24,  -16,    0,  -23,   -1,  -24,    0,    0,   -1,   -8,  -16,    4,    0,    9,    4,    8,    0,    0,    0,  -12,    0,    0,    0,    0,    0,  -17,  -16,    0,    0,    0,    0,   -7,  -52,  -44,  -16,  -16,  -23,  -23,    0,    8,    8,  -23,  -23,    8,  -16,    0,    8,    8,  -16,   -4,   12,   -8,    0,    0,    0,    0,  -33,    0,    0,    0,    0,    0,    0,    0,  -16,    0,   -1,    0,  -23,    4,    0,    0,   -8,    0,    8,    0,    0,  -23,    0,  -16,    0,    8,    0,    0,    0,    0,    9,    0,  -16,  -44,   -4,    0,   -2,   -8,    0,    0,    0,    0,    0,    0,  -33,    0,    0,
       0,    0,    0,    0,    0,  -16,  -19,    0,    0,    0,  -38,  -40,   -8,   -4,  -11,   -8,  -41,  -13,  -20,    7,  -11,   -8,   -1,    0,    0,   -8,  -40,  -37,    0,  -16,    0,    0,   -1,    8,    0,    0,    4,    0,    0,    0,    0,  -27,  -28,    0,  -35,  -16,  -28,    0,   -4,  -16,  -17,  -32,  -12,  -16,    0,   -8,   -7,  -16,    0,    0,   -1,    0,    0,    0,    0,    0,  -31,  -24,    0,    0,    0,  -29,  -16,  -48,  -52,  -28,  -28,  -35,  -35,    0,    8,    8,  -35,  -35,    7,  -28,    0,    8,    8,  -32,    0,    8,  -16,   -1,    0,    0,    0,  -37,    0,    0,    0,    0,    0,    0,    0,  -28,    0,  -16,    0,  -35,   -8,    0,    0,  -17,    0,   -7,    0,    0,  -35,    0,  -32,    0,    8,   -4,    0,    0,    0,    0,    0,  -28,  -52,    0,    0,   -2,  -16,    0,    0,    0,    0,    0,    0,  -37,    0,    0,
       0,    0,    0,    0,    0,    0,    0,    0,    0,    0,    0,    0,   -1,    1,    0,    4,   -8,    0,    0,   -1,    0,  -12,    0,    0,    0,    0,    0,    8,    0,   -9,   15,    0,    0,  -25,  -17,  -44,  -44,    8,  -36,    8,    0,    0,    0,    0,   -4,    0,    0,    0,   11,    0,   -8,    0,   -8,   -9,  -29,    0,  -12,    0,    0,    0,    0,    0,    0,    0,    0,    0,    0,    0,    0,    0,    0,    0,    0,    0,    8,    0,    0,   -4,   -4,    0,    0,    0,   -4,   -4,   -8,    0,    0,    0,    0,    0,    0,  -25,   -9,    0,   15,    8,  -20,    8,    8,    8,    0,    0,  -12,  -56,    4,    0,   -8,    0,    0,   -4,    0,    0,    0,   -8,  -20,  -12,  -32,    0,   -4,    0,    0,    0,    0,   11,  -36,  -28,  -44,  -29,  -36,    0,    8,  -20,   -1,    0,    0,    0,    0,    0,    0,    0,    0,    8,    0,    0,
       0,    0,    0,    0,    0,    0,    0,  -17,    0,    0,    0,    0,    1,  -15,  -21,  -19,   -4,  -11,    0,  -27,   -4,   -7,    0,    0,    0,    0,    0,  -14,    0,    1,   -7,    0,    0,   -8,    0,  -13,  -13,  -16,  -16,    0,    0,    0,    0,   -1,    0,    0,    0,    0,    0,    0,    0,    0,    0,    0,    0,    0,    0,    0,    0,    0,    0,    0,    0,    0,    0,    0,    0,    0,    0,    0,    0,    0,    0,  -31,    0,    0,    0,    0,    0,    0,    0,    0,    0,    0,   -1,    0,   -1,    0,    0,    0,    0,   -8,    1,    0,   -7,    0,    0,  -14,    0,  -16,    0,    0,    0,    0,    0,    0,    0,    0,    0,    0,    0,    0,    0,    0,    0,    0,    0,    0,    0,   -1,    0,    0,    0,    0,    0,    0,  -13,    0,  -16,    0,    0,    0,    0,    0,    0,    0,    0,    0,    0,    0,    0,  -14,    0,    0,
       0,    0,    0,    0,    0,    0,    0,    0,    0,    0,    0,    0,   -1,    0,   -4,   -8,  -20,   -9,   -9,    0,   -4,   -8,    0,    0,    0,    0,    0,    0,    0,    0,    0,    0,    0,    0,    0,    0,    0,    0,    0,    0,    0,    0,    0,    0,    0,    0,    0,    0,    0,    0,    0,    0,    0,    0,    0,    0,    0,    0,    0,    0,    0,    0,    0,    0,    0,    0,    0,    0,    0,    0,    0,    0,    0,    0,    0,    0,    0,    0,    0,    0,    0,    0,    0,    0,    0,    0,    0,    0,    0,    0,    0,    0,    0,    0,    0,    0,    0,    0,    0,    0,    0,    0,    0,    0,    0,    0,    0,    0,    0,    0,    0,    0,    0,    0,    0,    0,    0,    0,    0,    0,    0,    0,    0,    0,    0,    0,    0,    0,    0,    0,    0,    0,    0,    0,    0,    0,    0,    0,    0,    0,    0,    0,    0,    0,
       0,    0,    0,    0,    0,    0,    0,    0,    0,    0,    0,    0,    0,   -8,   -7,    0,    0,    0,    0,  -13,    0,   -8,    0,    0,    0,    0,    0,    0,    0,    0,    0,    0,    0,    0,    0,    0,    0,    0,    0,    0,    0,    0,    0,    0,    0,    0,    0,    0,    0,    0,    0,    0,    0,    0,    0,    0,    0,    0,    0,    0,    0,    0,    0,    0,    0,    0,    0,    0,    0,    0,    0,    0,    0,    0,    0,    0,    0,    0,    0,    0,    0,    0,    0,    0,    0,    0,    0,    0,    0,    0,    0,    0,    0,    0,    0,    0,    0,    0,    0,    0,    0,    0,    0,    0,    0,    0,    0,    0,    0,    0,    0,    0,    0,    0,    0,    0,    0,    0,    0,    0,    0,    0,    0,    0,    0,    0,    0,    0,    0,    0,    0,    0,    0,    0,    0,    0,    0,    0,    0,    0,    0,    0,    0,    0,
       0,  -25,    0,    0,    0,    0,    0,  -12,  -44,    0,    0,    0,   -5,    0,    0,   -4,  -15,    0,   -8,  -13,    0,   -9,    0,    0,    0,    0,    0,    0,    0,    0,    0,    0,    0,    0,    0,    0,    0,    0,    0,    0,  -24,    0,    0,    0,    0,    0,    0,    0,    0,    0,    0,    0,    0,    0,    0,    0,    0,    0,    0,    0,    0,    0,    0,    0,   -5,  -44,  -12,  -12,    0,  -56,   -8,  -24,    0,    0,    0,    0,    0,    0,    0,    0,    0,    0,    0,    0,    0,    0,    0,    0,    0,    0,    0,    0,    0,    0,    0,    0,    0,    0,    0,    0,    0,    0,    0,    0,    0,    0,    0,    0,    0,    0,    0,    0,    0,    0,    0,    0,    0,    0,    0,    0,    0,    0,    0,    0,    0,    0,    0,    0,    0,    0,    0,  -36,  -32,    0,  -13,  -25,  -40,    0,    0,    0,    0,    4,    0,    0,
       0,    0,    0,    0,    0,    0,    0,    0,    0,    0,    0,    0,    0,    0,    0,    0,  -16,    0,    0,    0,    0,    0,    0,    0,    0,    0,    0,    0,    0,    0,    0,    0,    0,    0,    0,    0,    0,    0,    0,    0,    0,    0,    0,    0,    0,    0,    0,    0,    0,    0,    0,    0,    0,    0,    0,    0,    0,    0,    0,    0,    0,    0,    0,    0,    0,    0,    0,    0,    0,    0,    0,    0,    0,    0,    0,    0,    0,    0,    0,    0,    0,    0,    0,    0,    0,    0,    0,    0,    0,    0,    0,    0,    0,    0,    0,    0,    0,    0,    0,    0,    0,    0,    0,    0,    0,    0,    0,    0,    0,    0,    0,    0,    0,    0,    0,    0,    0,    0,    0,    0,    0,    0,    0,    0,    0,    0,    0,    0,    0,    0,    0,    0,    0,    0,    0,    0,    0,    0,    0,    0,    0,    0,    0,    0,
       0,    0,    0,    0,    0,    0,    0,    0,    0,    0,    0,    0,    0,    0,    0,    0,   -7,    0,    0,    0,    0,    0,    0,    0,    0,    0,    0,    0,    0,    0,    0,    0,    0,    0,    0,    0,    0,    0,    0,    0,    0,    0,    0,    0,    0,    0,    0,    0,    0,    0,    0,    0,    0,    0,    0,    0,    0,    0,    0,    0,    0,    0,    0,    0,    0,    0,    0,    0,    0,    0,    0,    0,    0,    0,    0,    0,    0,    0,    0,    0,    0,    0,    0,    0,    0,    0,    0,    0,    0,    0,    0,    0,    0,    0,    0,    0,    0,    0,    0,    0,    0,    0,    0,    0,    0,    0,    0,    0,    0,    0,    0,    0,    0,    0,    0,    0,    0,    0,    0,    0,    0,    0,    0,    0,    0,    0,    0,    0,    0,    0,    0,    0,    0,    0,    0,    0,    0,    0,    0,    0,    0,    0,    0,    0,
       0,    0,    0,    0,    0,    0,    0,    0,    0,    0,    0,    0,    0,    0,    0,    0,    0,    0,    0,  -12,    0,    0,    0,    0,    0,    0,    0,    0,    0,    0,    0,    0,    0,    0,    0,    0,    0,    0,    0,    0,    0,    0,    0,    0,    0,    0,    0,    0,    0,    0,    0,    0,    0,    0,    0,    0,    0,    0,    0,    0,    0,    0,    0,    0,    0,    0,    0,    0,    0,    0,    0,    0,    0,    0,    0,    0,    0,    0,    0,    0,    0,    0,    0,    0,    0,    0,    0,    0,    0,    0,    0,    0,    0,    0,    0,    0,    0,    0,    0,    0,    0,    0,    0,    0,    0,    0,    0,    0,    0,    0,    0,    0,    0,    0,    0,    0,    0,    0,    0,    0,    0,    0,    0,    0,    0,    0,    0,    0,    0,    0,    0,    0,    0,    0,    0,    0,    0,    0,    0,    0,    0,    0,    0,    0,
};

static const EpdLigaturePair sourceserif4_12_regularLigaturePairs[] = {
    { 0x00660066, 0xFB00 }, // f f -> U+FB00
    { 0x00660069, 0xFB01 }, // f i -> U+FB01
    { 0x0066006C, 0xFB02 }, // f l -> U+FB02
    { 0xFB000069, 0xFB03 }, // U+FB00 i -> U+FB03
    { 0xFB00006C, 0xFB04 }, // U+FB00 l -> U+FB04
};

static const EpdFontData sourceserif4_12_regular = {
    sourceserif4_12_regularBitmaps,
    sourceserif4_12_regularGlyphs,
    sourceserif4_12_regularIntervals,
    79,
    25,
    20,
    -5,
    true,
    sourceserif4_12_regularGroups,
    13,
    nullptr,
    sourceserif4_12_regularKernLeftClasses,
    sourceserif4_12_regularKernRightClasses,
    sourceserif4_12_regularKernMatrix,
    582,
    621,
    156,
    144,
    sourceserif4_12_regularLigaturePairs,
    5,
};
