/**
 * generated by fontconvert.py
 * name: sourceserif4_12_italic
 * size: 12
 * mode: 2-bit  compressed: true
 * Command used: C:\Users\m\Documents\Casper\lib\EpdFont\scripts\fontconvert.py sourceserif4_12_italic 12 C:\Users\m\Documents\Casper\lib\EpdFont\builtinFonts\source\Sourcerer\Sourcerer-Italic.ttf --2bit --compress --pnum --darken-aa
 */
#pragma once
#include "EpdFontData.h"

static const uint8_t sourceserif4_12_italicBitmaps[18937] = {
    0x85, 0x58, 0x4D, 0x8F, 0xE4, 0x46, 0x19, 0x7E, 0x6D, 0x93, 0x31, 0xE0, 0x4C, 0xD7, 0x1E, 0x38,
    0x44, 0xDA, 0x99, 0xF5, 0x1E, 0x72, 0x58, 0x29, 0xBD, 0xED, 0x00, 0x43, 0x34, 0x02, 0xBB, 0x6D,
    0x12, 0x89, 0x1C, 0x22, 0x91, 0x1C, 0xC8, 0x19, 0x8E, 0x08, 0x01, 0x3B, 0x52, 0x46, 0xA2, 0x91,
    0xBC, 0xDB, 0x4E, 0x72, 0xC8, 0x31, 0xFB, 0x13, 0x36, 0x12, 0xF7, 0xED, 0xC3, 0x1C, 0x5A, 0xA2,
    0xB3, 0x5D, 0xD9, 0x3D, 0xEC, 0x21, 0x82, 0x98, 0x8F, 0x23, 0x12, 0x46, 0x89, 0xE0, 0x82, 0x44,
    0x6D, 0xD6, 0x01, 0x87, 0x78, 0xDA, 0x3C, 0x4F, 0xD9, 0xF3, 0xB1, 0x4B, 0x02, 0xDD, 0xAE, 0x1A,
    0x4F, 0x97, 0xEB, 0xFD, 0x78, 0xDE, 0xCF, 0xB2, 0xAC, 0xA4, 0x95, 0xD6, 0x69, 0x5C, 0x83, 0x6F,
    0xE9, 0x69, 0x7C, 0x33, 0x4F, 0xF8, 0x89, 0x24, 0xCD, 0x26, 0x12, 0x8F, 0xF3, 0x24, 0x8F, 0x57,
    0xF9, 0xD1, 0x6C, 0x71, 0xB8, 0x38, 0x78, 0xE5, 0x82, 0x6C, 0xBB, 0x5A, 0x76, 0xBC, 0x42, 0xC6,
    0x78, 0x6A, 0x3F, 0x10, 0xD5, 0x75, 0x86, 0x43, 0xAA, 0x1D, 0x91, 0x6A, 0x2C, 0x52, 0xEE, 0x8B,
    0xA3, 0xF7, 0x24, 0xED, 0xBA, 0x62, 0xDE, 0x75, 0xA0, 0x55, 0x49, 0x20, 0xA5, 0x8C, 0x1C, 0x2D,
    0xDB, 0xD8, 0x26, 0x72, 0x0B, 0xA3, 0x04, 0xF9, 0x56, 0xE4, 0x93, 0x0F, 0xC4, 0xBB, 0xFB, 0x76,
    0xE1, 0xDD, 0x7B, 0x29, 0xF3, 0xEF, 0x89, 0x78, 0x7F, 0xC0, 0xF8, 0x0C, 0xCB, 0x5D, 0x86, 0xF5,
    0x4A, 0x44, 0x35, 0x22, 0x4F, 0xE2, 0xB9, 0x71, 0x2C, 0xF1, 0x95, 0x58, 0x92, 0xBD, 0x99, 0x4C,
    0xBE, 0x6E, 0x24, 0xE0, 0xFA, 0x40, 0x46, 0x40, 0xD2, 0xC5, 0x23, 0x12, 0xBC, 0x2C, 0x8E, 0x5C,
    0x52, 0xE2, 0x65, 0xB1, 0x92, 0x91, 0x60, 0x8A, 0x65, 0xA6, 0x64, 0x21, 0x4B, 0xE5, 0x94, 0xB2,
    0x9C, 0x78, 0x6F, 0xD5, 0xB3, 0x58, 0x5D, 0x8A, 0xE3, 0xA3, 0x71, 0x7C, 0x35, 0x2C, 0x0F, 0x8F,
    0x26, 0x90, 0xD7, 0x4C, 0xC4, 0xD3, 0xE6, 0x2A, 0x24, 0x34, 0xB1, 0xEC, 0x72, 0xDA, 0x17, 0x73,
    0x24, 0x46, 0x1E, 0x54, 0x50, 0x33, 0x2D, 0x2C, 0x10, 0x12, 0x1C, 0x63, 0xFA, 0x65, 0x88, 0xC9,
    0x6C, 0x89, 0x38, 0xE4, 0x0A, 0xAD, 0xFC, 0xC2, 0xED, 0x44, 0x89, 0x8A, 0xB2, 0x04, 0xAC, 0xDC,
    0x5A, 0x66, 0x72, 0x43, 0xA4, 0x06, 0x2D, 0x4C, 0xD0, 0xB4, 0xE1, 0xF4, 0xAE, 0xF8, 0x99, 0xA4,
    0x37, 0x23, 0x91, 0xB0, 0x03, 0x15, 0xB7, 0x83, 0x56, 0x71, 0x9E, 0xAF, 0x8E, 0x16, 0x8B, 0x57,
    0x28, 0xBB, 0xA7, 0x05, 0x74, 0x73, 0x50, 0xE6, 0x6D, 0x50, 0x80, 0xA0, 0x40, 0xB0, 0x04, 0x4F,
    0xD9, 0x9F, 0x71, 0xAD, 0x4E, 0x6E, 0x62, 0x7B, 0x61, 0x15, 0xCF, 0x04, 0x19, 0x9F, 0x17, 0x2D,
    0xC3, 0xE7, 0x59, 0xBB, 0x76, 0xA9, 0x5F, 0xB3, 0x64, 0x79, 0x95, 0xF6, 0xAA, 0x4E, 0x6E, 0xB4,
    0xF8, 0xE7, 0x78, 0xC4, 0x96, 0x69, 0x29, 0x2A, 0xE3, 0xED, 0x65, 0xAB, 0x13, 0x2F, 0x63, 0x7E,
    0xFC, 0xEB, 0x6A, 0x0D, 0x61, 0xDF, 0x15, 0xE7, 0x7D, 0xD8, 0xA6, 0xF4, 0x8B, 0xC2, 0xC5, 0xEA,
    0xD3, 0xB0, 0xF7, 0x23, 0x57, 0xD7, 0xB5, 0x8F, 0xFC, 0xB2, 0x07, 0xF2, 0xAA, 0x54, 0x74, 0xA2,
    0x42, 0x01, 0x0D, 0x91, 0xB4, 0xCD, 0x37, 0x10, 0xDF, 0x01, 0x8E, 0x94, 0x16, 0xC8, 0x90, 0xB7,
    0xC0, 0x4B, 0xF8, 0x3C, 0xD8, 0x5B, 0x86, 0x5C, 0xF2, 0x8B, 0x7E, 0x09, 0x1A, 0x50, 0x1A, 0xBB,
    0x1B, 0xCB, 0xCE, 0x63, 0xCB, 0xBB, 0xC3, 0xF2, 0x11, 0x75, 0xA6, 0x77, 0xAC, 0xA6, 0xE2, 0x1A,
    0x18, 0x5D, 0xAB, 0x4C, 0x15, 0xF8, 0x8A, 0x2A, 0x22, 0x8C, 0x29, 0xB4, 0x4A, 0xB0, 0x23, 0x01,
    0xBA, 0x31, 0x94, 0x85, 0xFF, 0xE0, 0x7E, 0x89, 0x3B, 0x23, 0xEA, 0x45, 0x20, 0xB3, 0xE9, 0x61,
    0x8B, 0x32, 0xAF, 0x13, 0x5A, 0xE0, 0x14, 0xF3, 0x1E, 0xF6, 0x25, 0x6D, 0x48, 0x01, 0x0C, 0xC8,
    0x8B, 0x5B, 0x11, 0xC4, 0x0E, 0x4F, 0x46, 0x60, 0x59, 0xDD, 0x00, 0x6A, 0x3D, 0x4B, 0xEA, 0x69,
    0xB7, 0x73, 0x33, 0x0C, 0x4E, 0x38, 0x89, 0xA7, 0x95, 0xD1, 0xF4, 0xA2, 0x8F, 0x88, 0x43, 0xD7,
    0xC8, 0xBC, 0x03, 0xC5, 0x75, 0xE9, 0xBD, 0x5E, 0xAB, 0x2C, 0x57, 0x03, 0x9F, 0x5A, 0xFC, 0x52,
    0x20, 0x0B, 0xEC, 0xE2, 0x90, 0x9B, 0xC1, 0xE5, 0x18, 0xE3, 0x55, 0xB3, 0x50, 0x87, 0xC7, 0x03,
    0x5C, 0x53, 0x0C, 0xDC, 0x7B, 0x40, 0x72, 0x84, 0x6D, 0xFB, 0x31, 0x60, 0x59, 0x02, 0x92, 0x23,
    0xA0, 0x65, 0xE8, 0xB0, 0xB2, 0x46, 0xA0, 0x89, 0x5B, 0xF6, 0x0C, 0x4F, 0x06, 0x31, 0x5B, 0x77,
    0x85, 0x70, 0x0D, 0xFF, 0x22, 0xFE, 0xC4, 0xA5, 0x21, 0x20, 0x9E, 0x87, 0x9F, 0x5D, 0x97, 0xF0,
    0x83, 0x26, 0xE5, 0x80, 0x38, 0x57, 0xF0, 0x37, 0xC6, 0xFF, 0x31, 0x84, 0xBA, 0x0A, 0xA9, 0x02,
    0x0B, 0xD1, 0x1A, 0xEA, 0xDD, 0xB4, 0x78, 0x90, 0x7C, 0x30, 0x98, 0x61, 0xD2, 0x69, 0x99, 0x3E,
    0x6F, 0xB0, 0xA3, 0xC1, 0x58, 0x0D, 0xDF, 0x25, 0xEE, 0x6B, 0x49, 0xA0, 0x48, 0x08, 0x88, 0xFD,
    0x0D, 0x7D, 0x7E, 0x13, 0xD1, 0xED, 0x21, 0xF5, 0x82, 0xA6, 0xA6, 0x8B, 0x67, 0x44, 0x24, 0x26,
    0x49, 0xC7, 0xBA, 0x1F, 0x68, 0x86, 0x56, 0x47, 0x8A, 0x02, 0x7C, 0xCA, 0x3A, 0x60, 0x04, 0xDB,
    0x2B, 0x3B, 0xF4, 0xCB, 0xD2, 0xDD, 0x88, 0x7B, 0x2D, 0xDB, 0x0E, 0xF4, 0xBE, 0x6B, 0x16, 0x0E,
    0xF1, 0x39, 0x72, 0xAB, 0x24, 0x28, 0x14, 0x08, 0xAF, 0xB5, 0xF7, 0x3B, 0x98, 0x7F, 0x05, 0x0B,
    0x23, 0x08, 0x61, 0x63, 0xCC, 0xB8, 0x57, 0xAF, 0xB7, 0xDE, 0xA6, 0x19, 0xFC, 0x1B, 0x0C, 0x12,
    0x5A, 0x31, 0xCA, 0xE4, 0x57, 0x10, 0xBF, 0x08, 0xB5, 0x2A, 0xE4, 0xDC, 0x27, 0x87, 0x01, 0xC0,
    0xBB, 0x71, 0x5A, 0x5A, 0xF0, 0xEC, 0xF3, 0xB8, 0x33, 0xDB, 0xCF, 0x81, 0xF8, 0xB5, 0x44, 0x85,
    0xDB, 0x48, 0x58, 0x10, 0x38, 0xC8, 0x1D, 0xC0, 0x47, 0xEF, 0x80, 0x70, 0x29, 0x0E, 0x2C, 0x7C,
    0xF9, 0xD5, 0x57, 0x7F, 0xC0, 0xC0, 0x38, 0xF7, 0xE9, 0x7F, 0xB9, 0x20, 0x48, 0xB4, 0xD8, 0x2A,
    0xD8, 0x8B, 0xCC, 0x2A, 0xBE, 0x21, 0x00, 0xA1, 0x86, 0x69, 0x41, 0xE1, 0x8E, 0x45, 0x08, 0x1F,
    0xA7, 0xD3, 0xFE, 0x7B, 0x46, 0x15, 0xCB, 0xAF, 0x02, 0x4B, 0x48, 0xAD, 0x34, 0xD6, 0xBC, 0x9A,
    0x5E, 0xB5, 0x8D, 0x64, 0x28, 0xF2, 0xE5, 0x41, 0x68, 0xBA, 0x4D, 0x6E, 0x4D, 0xB4, 0x21, 0xF3,
    0xA0, 0xB4, 0xFE, 0xE4, 0x32, 0xBF, 0x04, 0x59, 0xD8, 0xEE, 0x8E, 0x64, 0xD1, 0x8C, 0x62, 0x57,
    0xD7, 0xA3, 0x7D, 0x5F, 0xCC, 0x68, 0x31, 0xC2, 0x64, 0xC6, 0x4E, 0xF5, 0xA4, 0x89, 0xDD, 0x72,
    0x6C, 0x62, 0x5F, 0x1F, 0x98, 0xE9, 0x33, 0x77, 0xF5, 0x42, 0xFD, 0xFE, 0x58, 0x0E, 0x65, 0x08,
    0x2C, 0x6B, 0x5E, 0xF1, 0x3E, 0x62, 0xC8, 0x5E, 0xDB, 0x64, 0xD2, 0xBB, 0xB4, 0xF8, 0x15, 0x97,
    0x38, 0x3D, 0x43, 0xAF, 0xF9, 0x06, 0xA7, 0x77, 0x38, 0xBD, 0x47, 0x2F, 0xCF, 0xA0, 0xB7, 0x4F,
    0xF0, 0x14, 0xFC, 0x1C, 0x8E, 0xB4, 0x62, 0x3E, 0x5A, 0x31, 0x45, 0xE7, 0x74, 0xBB, 0xEB, 0x74,
    0xF2, 0x1B, 0x92, 0x36, 0x7E, 0x57, 0x39, 0x5D, 0x57, 0x4A, 0x08, 0x08, 0x22, 0x3C, 0x90, 0x62,
    0x7D, 0x8A, 0xBF, 0x09, 0xDD, 0x08, 0x2C, 0xE6, 0x88, 0xB0, 0x15, 0xC0, 0x68, 0xA0, 0x7A, 0x0D,
    0xB4, 0x30, 0x00, 0x51, 0x8B, 0xC2, 0x54, 0x7B, 0xE6, 0x62, 0x99, 0x76, 0x9B, 0x3E, 0x83, 0x46,
    0xD9, 0x0A, 0xCF, 0xCC, 0x10, 0x93, 0x33, 0xC0, 0x73, 0x41, 0xD9, 0x62, 0xD5, 0xC7, 0xC9, 0xF9,
    0x91, 0x8A, 0x64, 0x61, 0xE6, 0x96, 0x8A, 0x45, 0xAD, 0x41, 0x88, 0xCD, 0x37, 0x80, 0x97, 0x19,
    0x38, 0x72, 0x36, 0xDC, 0x12, 0x66, 0x98, 0x02, 0xB8, 0x32, 0x05, 0x4C, 0x18, 0xE3, 0xB1, 0x78,
    0xF4, 0x6A, 0xDC, 0xAD, 0x38, 0x35, 0x5C, 0x68, 0x68, 0x83, 0x1A, 0xF6, 0x86, 0x2C, 0x29, 0x4D,
    0xD2, 0xE2, 0x21, 0x48, 0x69, 0xC5, 0x01, 0xBD, 0x63, 0xF8, 0xEF, 0x18, 0x84, 0xC6, 0x58, 0x1D,
    0x5B, 0xC6, 0x09, 0x12, 0x7F, 0x8E, 0x38, 0x5B, 0x5B, 0x7D, 0xE0, 0x5A, 0x2C, 0x09, 0x4F, 0xD0,
    0x1D, 0x2F, 0x80, 0xC6, 0x21, 0x48, 0x2C, 0xC0, 0xC6, 0xA0, 0x44, 0x12, 0x8F, 0x0D, 0xF6, 0x5F,
    0xC2, 0xFE, 0x5D, 0xEC, 0xDF, 0xF9, 0x3F, 0xFB, 0x6D, 0x96, 0x60, 0xE0, 0xC2, 0x23, 0x20, 0x80,
    0x10, 0x8F, 0x8F, 0x98, 0xC6, 0xAE, 0x33, 0xFD, 0xC4, 0xBD, 0x0A, 0x10, 0xF7, 0x6B, 0xD4, 0xAD,
    0x47, 0xC5, 0x52, 0xC4, 0x14, 0x76, 0x98, 0x2E, 0x7E, 0x8A, 0xE9, 0x44, 0x8F, 0x30, 0x83, 0x14,
    0xF0, 0xF0, 0x4A, 0xDC, 0x4F, 0x69, 0x65, 0xDA, 0xDB, 0xE9, 0x9A, 0x10, 0xC9, 0x21, 0xCA, 0x50,
    0xCF, 0xB0, 0x9D, 0xAC, 0xFA, 0x79, 0x4A, 0xDA, 0x3D, 0x48, 0xE4, 0x83, 0x64, 0x82, 0xEA, 0xAE,
    0x19, 0xB5, 0x00, 0x90, 0x18, 0x15, 0xCC, 0x66, 0x9C, 0x0D, 0x7D, 0x95, 0xAE, 0x6D, 0x25, 0x8D,
    0xAC, 0xAC, 0x73, 0x14, 0xC1, 0xCE, 0x43, 0x97, 0x00, 0xFA, 0x72, 0x8D, 0xB0, 0xF3, 0x9A, 0x9E,
    0x2B, 0x74, 0x2B, 0x9B, 0x3F, 0x1B, 0x12, 0x71, 0x6C, 0xD2, 0x85, 0x6C, 0x54, 0x30, 0x04, 0x93,
    0xAD, 0xE6, 0x4C, 0x71, 0xAB, 0x7C, 0xD5, 0xBB, 0xA5, 0xCD, 0x72, 0xAC, 0x2B, 0x5A, 0x2C, 0x67,
    0x66, 0x5E, 0x35, 0xF8, 0x30, 0x93, 0xF2, 0xD5, 0xC1, 0xA9, 0xE1, 0xDD, 0x77, 0xB0, 0x65, 0x9D,
    0xD1, 0x5E, 0xF5, 0xBC, 0x86, 0x04, 0x97, 0x28, 0xC3, 0x3E, 0x3D, 0x01, 0x74, 0xA6, 0xA8, 0xD1,
    0x92, 0xD8, 0xA7, 0x59, 0x58, 0xE6, 0x8C, 0xDE, 0x35, 0x61, 0x6B, 0x09, 0x60, 0x6D, 0x55, 0x0B,
    0x98, 0xA1, 0x3D, 0x4A, 0x86, 0x28, 0xF7, 0xE8, 0x04, 0x69, 0x17, 0x74, 0xDA, 0x61, 0xA8, 0x47,
    0x59, 0x0F, 0xF5, 0x79, 0x27, 0x8C, 0x87, 0xC4, 0xBA, 0xEA, 0x0B, 0x83, 0x1D, 0xF5, 0xA9, 0xFD,
    0xCD, 0x89, 0xFD, 0x05, 0xEA, 0xD9, 0x12, 0x54, 0x32, 0x21, 0x30, 0xC4, 0x18, 0x65, 0x11, 0x70,
    0x83, 0x5C, 0xDF, 0x36, 0xF2, 0x0B, 0xA8, 0xF6, 0x2D, 0x23, 0x7F, 0xC3, 0x9F, 0x67, 0x1B, 0xF7,
    0x7D, 0xFC, 0x59, 0xB4, 0xDE, 0x4B, 0xF8, 0x73, 0xAB, 0x1D, 0x51, 0xAE, 0x72, 0xB5, 0xC3, 0x3F,
    0x3A, 0xD9, 0x23, 0xE8, 0x7A, 0xBA, 0x20, 0xEA, 0x45, 0xAA, 0x43, 0x86, 0x65, 0x84, 0x5A, 0x88,
    0xFE, 0x23, 0x94, 0x39, 0xF4, 0xA9, 0xB7, 0x89, 0x3F, 0x5B, 0x16, 0xB0, 0xBB, 0xA6, 0x1D, 0x68,
    0x0A, 0x1E, 0x48, 0x3A, 0xDF, 0x31, 0xEC, 0xA5, 0x9E, 0xAB, 0x59, 0x8A, 0x0F, 0x5A, 0xF6, 0x54,
    0x8B, 0x1B, 0x2C, 0x16, 0x8B, 0x14, 0x2D, 0x90, 0x54, 0xEA, 0x0D, 0xCC, 0x65, 0x70, 0xAF, 0x00,
    0x79, 0xEF, 0x21, 0xCA, 0x8C, 0x76, 0xD1, 0xA2, 0x61, 0x09, 0x64, 0xE0, 0xA7, 0x73, 0x5B, 0x68,
    0xA6, 0x16, 0xB5, 0x6D, 0xE2, 0xBE, 0xA1, 0xBF, 0x6A, 0xAF, 0x44, 0x59, 0xCE, 0xA4, 0x81, 0x00,
    0x2D, 0x6C, 0xBC, 0x02, 0x0C, 0xAB, 0xB6, 0x1F, 0x2D, 0xED, 0xDC, 0x00, 0x4D, 0xC6, 0x51, 0x0E,
    0x03, 0xB2, 0x58, 0xAB, 0x62, 0x05, 0xD9, 0x4A, 0xC6, 0x13, 0xBC, 0x8F, 0x39, 0x96, 0x08, 0xDB,
    0xFC, 0x70, 0x1D, 0x23, 0x87, 0xA3, 0xB4, 0x92, 0x03, 0xFA, 0x15, 0x12, 0x1D, 0x03, 0xAF, 0xC7,
    0xF3, 0x2C, 0x1E, 0xCC, 0x10, 0x0F, 0x17, 0xCF, 0xF1, 0x2F, 0xA4, 0x26, 0x7F, 0xD6, 0x96, 0xFC,
    0x4C, 0x86, 0x81, 0xBF, 0xD4, 0x2D, 0x76, 0x32, 0xCC, 0x73, 0x38, 0x50, 0x0A, 0x86, 0xEA, 0xAF,
    0x2D, 0xF8, 0xDF, 0xEC, 0x8B, 0xF9, 0x74, 0xF0, 0xA1, 0xA0, 0x7C, 0x0A, 0x3F, 0x56, 0x7D, 0xDE,
    0x08, 0x1D, 0x5A, 0x9B, 0x6B, 0x29, 0xA7, 0x69, 0xEF, 0xC1, 0x6C, 0xD0, 0xB6, 0x58, 0xDC, 0x99,
    0x2F, 0x57, 0xDC, 0xD8, 0xA8, 0x13, 0xBF, 0x31, 0xBD, 0xDF, 0x94, 0x60, 0xC5, 0x3E, 0xAC, 0x76,
    0x3F, 0xA1, 0x98, 0xF0, 0xC4, 0xE8, 0x18, 0xE5, 0xC2, 0x76, 0x11, 0x2C, 0x34, 0xD6, 0x85, 0x99,
    0x64, 0x3D, 0xEA, 0x45, 0x3D, 0x52, 0xFA, 0x35, 0x95, 0x83, 0xD3, 0x30, 0xD9, 0x61, 0x2C, 0x11,
    0x5A, 0x2B, 0x24, 0xA4, 0x68, 0x43, 0x5D, 0xBB, 0x26, 0x0E, 0xF4, 0x11, 0x12, 0xE0, 0x62, 0xA1,
    0x8A, 0x85, 0xF5, 0xFD, 0x70, 0xF0, 0xC1, 0x74, 0x90, 0x3F, 0x39, 0xE7, 0x83, 0x83, 0x1F, 0x3A,
    0x18, 0x11, 0x7C, 0xAE, 0x6B, 0xBD, 0x4E, 0x23, 0xA5, 0xE5, 0xDC, 0xB8, 0xC7, 0x88, 0x39, 0xE0,
    0xF6, 0x05, 0xF7, 0x2F, 0xB8, 0xB9, 0xE2, 0xEE, 0x12, 0x6E, 0x0C, 0x57, 0xC8, 0x69, 0xEE, 0x15,
    0xC3, 0x6D, 0xC5, 0x76, 0xF6, 0x5D, 0x3E, 0x9E, 0x32, 0xE5, 0x44, 0xEC, 0x69, 0x7C, 0x58, 0x0C,
    0xF4, 0xFC, 0x2E, 0x53, 0x25, 0x0C, 0x84, 0xEC, 0x83, 0x9E, 0x52, 0x63, 0x07, 0xAC, 0x90, 0x59,
    0xE5, 0x10, 0xAC, 0x3B, 0x8C, 0xDA, 0x7D, 0x4E, 0x07, 0x34, 0x18, 0x34, 0x75, 0x3F, 0x66, 0x53,
    0xF2, 0x30, 0x1B, 0xF4, 0x15, 0x5B, 0x32, 0x6D, 0x01, 0x66, 0x21, 0xEC, 0xDA, 0xF5, 0x71, 0xD4,
    0xAA, 0xF2, 0xE2, 0x1F, 0xFD, 0x12, 0x6D, 0x1D, 0x28, 0xB1, 0x70, 0xE3, 0xB8, 0x51, 0x7C, 0x53,
    0x6F, 0x83, 0xFC, 0x6B, 0xE5, 0x18, 0xF4, 0xEF, 0x55, 0x7B, 0x12, 0xBC, 0x77, 0xB7, 0x5A, 0x88,
    0x7F, 0xEF, 0xBB, 0x06, 0x21, 0x74, 0xDF, 0x79, 0x80, 0x78, 0xFA, 0x8D, 0x3C, 0x44, 0x0B, 0xFC,
    0x77, 0xF9, 0x97, 0xCD, 0x3D, 0x1B, 0xE9, 0xE3, 0x95, 0x29, 0x63, 0x69, 0x93, 0xC6, 0x82, 0x69,
    0xB3, 0x5E, 0xA3, 0x08, 0xA1, 0x3E, 0x80, 0x24, 0x84, 0x53, 0x1A, 0x49, 0x02, 0xCD, 0x06, 0xD6,
    0xB1, 0x57, 0x9C, 0xCD, 0xA9, 0x48, 0x9C, 0x5C, 0xFE, 0x1B, 0x10, 0x5A, 0x1B, 0x6D, 0x87, 0xB4,
    0x56, 0x05, 0x7B, 0xFA, 0x1A, 0xF4, 0xD7, 0x0D, 0x2C, 0xDA, 0xB5, 0x94, 0xD6, 0x2F, 0x03, 0xED,
    0x43, 0xC7, 0x6D, 0x70, 0xBC, 0x02, 0x35, 0xA1, 0x6B, 0x0D, 0x92, 0x04, 0x68, 0xFE, 0x98, 0x3D,
    0xDA, 0x47, 0xED, 0xE1, 0xA2, 0x8E, 0x78, 0xA5, 0xD3, 0xA2, 0x52, 0x19, 0x34, 0x1C, 0xDA, 0x61,
    0x8B, 0x00, 0xA4, 0xED, 0x03, 0x74, 0x6E, 0xC0, 0x6A, 0xED, 0x3A, 0xFC, 0xE4, 0x1B, 0xA7, 0x02,
    0xC8, 0x65, 0x0A, 0x7D, 0x6C, 0x22, 0xFE, 0xC9, 0x4D, 0x59, 0x17, 0xA7, 0x4D, 0x2B, 0xFA, 0x66,
    0xB7, 0x1A, 0x7A, 0xFE, 0xB3, 0xB6, 0x3F, 0xA3, 0xE1, 0xD4, 0x7F, 0xF5, 0xBB, 0xD7, 0xD9, 0x77,
    0xC9, 0x8F, 0x00, 0xCB, 0x02, 0xA9, 0xF2, 0x10, 0x69, 0x71, 0xDF, 0x36, 0xCC, 0x31, 0xCA, 0x19,
    0xBF, 0xBB, 0xE8, 0xD8, 0xF8, 0x55, 0xF6, 0x1B, 0xB0, 0x8D, 0x9F, 0x57, 0xAC, 0x8C, 0xFF, 0x83,
    0xF8, 0xD5, 0x13, 0xE2, 0xB6, 0xD3, 0x63, 0xBF, 0x6E, 0x86, 0x0B, 0xE7, 0x3A, 0xC8, 0xCA, 0xDE,
    0xAF, 0x91, 0xE0, 0x67, 0x3C, 0xB1, 0xC5, 0x68, 0x65, 0x3D, 0x7D, 0x59, 0x8A, 0x0E, 0x41, 0xC6,
    0x11, 0xB3, 0x5C, 0x81, 0x0D, 0xD2, 0x4B, 0xD6, 0x1F, 0xC0, 0x80, 0xFF, 0x1E, 0xC4, 0xD4, 0xA8,
    0x3C, 0x40, 0x70, 0x04, 0x92, 0xBB, 0xD0, 0x35, 0x06, 0xB9, 0x18, 0x94, 0x72, 0xAF, 0x2A, 0x6E,
    0x84, 0x1F, 0x16, 0xE9, 0xC7, 0xA8, 0xA5, 0xAF, 0x5B, 0x1F, 0xDA, 0x42, 0xF5, 0xA8, 0x1E, 0x39,
    0xF4, 0x04, 0x2F, 0xD6, 0xEA, 0x70, 0xA5, 0x74, 0x1C, 0xDA, 0x16, 0x31, 0x91, 0x59, 0x2C, 0x8B,
    0x58, 0xAA, 0xDC, 0xD5, 0xB9, 0x2F, 0xF9, 0xD8, 0x66, 0xDC, 0xA8, 0x74, 0x1E, 0x1A, 0x5F, 0xDF,
    0x3A, 0x3D, 0x21, 0xF5, 0x57, 0x22, 0x45, 0xFA, 0xBC, 0x46, 0x05, 0xF5, 0x4F, 0x3A, 0xC4, 0x8B,
    0xBA, 0x37, 0xEB, 0x63, 0x25, 0x87, 0x82, 0x1E, 0x5E, 0x47, 0xCC, 0x9C, 0x09, 0x3A, 0xB6, 0x85,
    0xD9, 0xD8, 0x91, 0x7B, 0x06, 0x82, 0x3E, 0x2C, 0xD2, 0x7F, 0x76, 0xBD, 0xA0, 0xE0, 0x67, 0x8C,
    0x5F, 0xA0, 0x85, 0x35, 0x57, 0x3D, 0x0D, 0xB9, 0xD2, 0xAA, 0x67, 0x59, 0xA4, 0xFE, 0x29, 0x3F,
    0xEB, 0x8C, 0xC1, 0xCB, 0xE0, 0x36, 0x71, 0x4F, 0xDA, 0x34, 0xDB, 0xF9, 0x2D, 0xC9, 0x94, 0x79,
    0xC9, 0x9E, 0xA4, 0xEC, 0xE4, 0x9C, 0x4E, 0xEC, 0x04, 0xFB, 0xE6, 0x8D, 0x65, 0xF2, 0xDC, 0xC4,
    0x73, 0x01, 0xDB, 0xF0, 0xA1, 0xD7, 0xB3, 0x13, 0x8F, 0x5D, 0x4F, 0x91, 0x70, 0xCA, 0xE0, 0x8B,
    0xEC, 0xB1, 0x32, 0xA8, 0x71, 0x20, 0x48, 0x1A, 0x41, 0x1E, 0x75, 0x20, 0x20, 0x8F, 0x59, 0x8E,
    0xC1, 0x01, 0xAC, 0x99, 0x59, 0x7F, 0x61, 0x71, 0xB0, 0x45, 0x18, 0x0D, 0x08, 0xBC, 0x57, 0xFC,
    0xEF, 0xAD, 0xB3, 0x5D, 0xE0, 0x11, 0xC3, 0x70, 0x31, 0x34, 0x4F, 0xB3, 0x19, 0x0E, 0xEA, 0x7D,
    0xA7, 0xBD, 0xC5, 0xEC, 0x7C, 0xAE, 0x68, 0x7B, 0x43, 0xD1, 0x0E, 0xDE, 0x42, 0xBE, 0xB8, 0xD6,
    0xA2, 0xE6, 0xAD, 0xD0, 0x8D, 0xF0, 0x78, 0x56, 0xC3, 0xF4, 0xBD, 0x51, 0x63, 0x28, 0x90, 0x33,
    0x64, 0xBD, 0xFB, 0x52, 0xFB, 0xC7, 0xB6, 0x64, 0x3A, 0x06, 0xE5, 0xD7, 0xF4, 0x16, 0xD8, 0x2A,
    0xD6, 0x48, 0x60, 0xA8, 0x1C, 0xC0, 0x7D, 0x22, 0x3C, 0x82, 0xC7, 0x07, 0x73, 0xC4, 0xC3, 0xD0,
    0x3E, 0x9C, 0x3C, 0xC6, 0x0F, 0x8E, 0x3D, 0x6B, 0x2D, 0x3F, 0xFC, 0xE2, 0x08, 0x38, 0x77, 0xE2,
    0xC3, 0x31, 0x07, 0x00, 0x4D, 0xFA, 0x03, 0xB1, 0x6D, 0xEE, 0xD3, 0xC7, 0x1D, 0x7D, 0xAC, 0xA4,
    0x55, 0x7E, 0x15, 0x4E, 0xE8, 0xCB, 0x29, 0x4E, 0x17, 0x86, 0x47, 0x8F, 0x7C, 0x2A, 0xCB, 0x90,
    0x49, 0xDF, 0xC0, 0xB1, 0x6F, 0x45, 0xD5, 0x45, 0xFB, 0x32, 0x25, 0xD0, 0x81, 0x95, 0xF1, 0x9C,
    0x94, 0x32, 0xBB, 0xBC, 0xAC, 0x3A, 0x7D, 0x63, 0x78, 0xB7, 0x70, 0x17, 0x79, 0xA3, 0xFB, 0x73,
    0xBB, 0x36, 0xAA, 0x4E, 0xDF, 0xA8, 0x54, 0x91, 0x78, 0x95, 0x82, 0xE2, 0xA8, 0xE0, 0x4B, 0x4F,
    0x4F, 0xD8, 0x78, 0x24, 0x34, 0x41, 0x4C, 0x1B, 0x00, 0x13, 0xB5, 0x03, 0x6F, 0x0F, 0x0D, 0xD6,
    0xC2, 0x62, 0xD8, 0x2F, 0xD8, 0x2E, 0xAA, 0x46, 0xE3, 0x57, 0x60, 0x40, 0x99, 0x50, 0x7A, 0x28,
    0x93, 0x53, 0x28, 0x3F, 0x2C, 0x72, 0x1C, 0x79, 0x97, 0xB6, 0xA9, 0xAB, 0x50, 0xF5, 0x7C, 0x9D,
    0x28, 0x99, 0x46, 0x32, 0x49, 0x64, 0x9A, 0x48, 0x12, 0x53, 0x81, 0x25, 0x90, 0xC7, 0xC1, 0xCD,
    0x1F, 0x8E, 0xC6, 0xB7, 0x83, 0xCA, 0xB9, 0xF3, 0x4E, 0x0D, 0x3B, 0x36, 0xF6, 0xE8, 0xCC, 0x73,
    0x61, 0x0E, 0x82, 0xAC, 0x42, 0x35, 0x8C, 0x6F, 0x90, 0xDC, 0xCD, 0x08, 0x45, 0x6C, 0x06, 0xF3,
    0xEB, 0xCF, 0xED, 0xC7, 0xBA, 0x21, 0x5A, 0x10, 0x15, 0x87, 0x53, 0x47, 0x27, 0x9E, 0xC4, 0x23,
    0xC9, 0x77, 0x65, 0x09, 0x5A, 0x08, 0x07, 0x44, 0xC3, 0x8D, 0xD0, 0xA4, 0xFF, 0xAC, 0xC2, 0x37,
    0x4F, 0x20, 0x0E, 0x7A, 0x88, 0x71, 0x68, 0xAD, 0x19, 0x64, 0xEF, 0x57, 0xDD, 0xED, 0x4A, 0x2D,
    0x98, 0xFC, 0x60, 0xBA, 0xCF, 0x35, 0x9A, 0xD3, 0x65, 0xFE, 0x7D, 0xAD, 0x5C, 0x96, 0x19, 0x3C,
    0xC6, 0x54, 0x79, 0x6C, 0x33, 0xA5, 0x92, 0x25, 0xB0, 0xB8, 0x2E, 0x11, 0x28, 0xDD, 0x64, 0x3D,
    0x73, 0x2D, 0x13, 0x78, 0xEA, 0xE7, 0xA7, 0xC2, 0x0B, 0xF0, 0x1F, 0x99, 0x97, 0xDC, 0xEA, 0x14,
    0x4F, 0xC8, 0x1C, 0x6D, 0xC9, 0x6D, 0x40, 0x1F, 0x10, 0xD3, 0x2C, 0x27, 0xB9, 0x47, 0x70, 0x4D,
    0x10, 0xCA, 0xC9, 0x04, 0xA1, 0xFC, 0x71, 0x27, 0x11, 0x42, 0x39, 0x80, 0x00, 0x69, 0x19, 0x66,
    0xAF, 0x55, 0xA1, 0xBC, 0x50, 0x8D, 0x10, 0x7E, 0x3B, 0x70, 0xC3, 0x7D, 0xF8, 0xE1, 0x02, 0x03,
    0x4D, 0x00, 0xCB, 0xCA, 0xBF, 0x87, 0xC4, 0x4F, 0xDF, 0x64, 0xE2, 0x40, 0x41, 0x5B, 0xA6, 0xA5,
    0x92, 0xE6, 0xB5, 0x2A, 0x92, 0xFA, 0x85, 0x2A, 0x15, 0xE3, 0x56, 0x73, 0x29, 0xDD, 0xEA, 0x1F,
    0xAE, 0x76, 0x1E, 0x7C, 0xE0, 0x67, 0xCE, 0xC3, 0xB7, 0xBF, 0x2F, 0xCE, 0x67, 0xEA, 0xA7, 0xD8,
    0x08, 0x20, 0xD0, 0x59, 0x94, 0x6C, 0x2A, 0xB0, 0x39, 0x7B, 0x82, 0x15, 0x04, 0x6D, 0xC5, 0x71,
    0xD0, 0xFA, 0x93, 0xED, 0xA3, 0x2F, 0x85, 0x28, 0xAF, 0xEA, 0x56, 0x8F, 0x3E, 0xAD, 0xC0, 0x8A,
    0xF1, 0x5C, 0x75, 0x61, 0xF6, 0x97, 0x07, 0xE5, 0x5A, 0x77, 0x45, 0xCA, 0x3C, 0x3F, 0x41, 0x3A,
    0xEA, 0x70, 0x44, 0x7F, 0x1B, 0x27, 0x28, 0x55, 0x40, 0xEA, 0xC2, 0xC0, 0x83, 0xE0, 0xF2, 0xF7,
    0x00, 0xDD, 0x7D, 0x58, 0xF0, 0xB7, 0x18, 0x7F, 0xEA, 0x8F, 0x17, 0xB6, 0xDB, 0xD6, 0xFD, 0x0B,
    0x03, 0x1C, 0xD9, 0x93, 0x7D, 0x9B, 0xF6, 0x6D, 0x5D, 0x92, 0x5B, 0x4E, 0xE1, 0x75, 0x6F, 0x16,
    0xFE, 0x6D, 0xA0, 0x69, 0xF3, 0xDC, 0x42, 0xBE, 0xE2, 0x0E, 0x2F, 0x3B, 0xF8, 0x66, 0xA7, 0xBC,
    0x64, 0x3B, 0x1B, 0xD5, 0x8C, 0x24, 0x5E, 0xB7, 0xF2, 0x74, 0x58, 0xD9, 0xAC, 0x52, 0x9F, 0x55,
    0x25, 0x3C, 0xED, 0xDA, 0x24, 0xD2, 0xBF, 0xF6, 0x42, 0x59, 0xFB, 0xB9, 0x7D, 0x41, 0x14, 0x58,
    0xB3, 0x8C, 0x1E, 0xAD, 0x20, 0x48, 0xCD, 0x5B, 0x37, 0x65, 0xFF, 0x0B, 0x3E, 0x38, 0xD6, 0x3B,
    0x6B, 0x9B, 0x8A, 0x4F, 0xCD, 0xBA, 0x6B, 0x5F, 0x32, 0xF5, 0x9B, 0x59, 0xE2, 0x75, 0xFF, 0x8A,
    0xCD, 0xBE, 0xDE, 0x3A, 0xBB, 0x10, 0x1A, 0xA8, 0x62, 0x7C, 0xAD, 0x53, 0x5E, 0xD9, 0x5B, 0xEE,
    0x1F, 0xA8, 0xEA, 0x3F, 0xB5, 0x58, 0x4D, 0x6F, 0xDC, 0xC6, 0x19, 0x7E, 0x48, 0xD6, 0xA6, 0x53,
    0x56, 0x3B, 0x3A, 0xE4, 0x50, 0xA0, 0xD2, 0x52, 0x87, 0x1C, 0x04, 0x54, 0x5A, 0xAA, 0x85, 0x1A,
    0x2C, 0x50, 0x72, 0xC9, 0x26, 0x87, 0x1C, 0x7C, 0x68, 0x7E, 0x42, 0xFF, 0x41, 0x54, 0x40, 0x87,
    0x3D, 0xAC, 0xBD, 0xE3, 0xFA, 0x90, 0x53, 0x11, 0xFD, 0x82, 0x34, 0x45, 0x2E, 0xB9, 0x99, 0x40,
    0x75, 0xD8, 0x02, 0xEB, 0x68, 0xE2, 0x1C, 0x02, 0x34, 0x69, 0x4D, 0xD8, 0xC7, 0x16, 0x08, 0xD1,
    0xF4, 0x5E, 0xB6, 0x26, 0x0A, 0x1A, 0xA1, 0xC4, 0x3E, 0xEF, 0xEC, 0x4A, 0x96, 0x5A, 0xA0, 0xB0,
    0x55, 0x89, 0xDA, 0x19, 0x71, 0x97, 0x9C, 0x67, 0x66, 0xDE, 0xF7, 0x79, 0xBF, 0x06, 0xB5, 0xDB,
    0x3A, 0x35, 0x78, 0x39, 0xC6, 0x35, 0x9E, 0xF6, 0xB5, 0xCA, 0x54, 0x16, 0x22, 0xB5, 0x7F, 0x31,
    0xE0, 0x01, 0x3E, 0x10, 0x02, 0x5D, 0xE9, 0x7D, 0x55, 0xAB, 0xEF, 0xCD, 0x06, 0x6B, 0xE3, 0x78,
    0x13, 0xF1, 0x1B, 0x98, 0xEC, 0xD8, 0xCF, 0x9E, 0x1E, 0x7D, 0xAC, 0xA3, 0x0E, 0x41, 0x03, 0x18,
    0xA2, 0xC0, 0xC9, 0x80, 0xE0, 0x04, 0x48, 0x03, 0x8D, 0xD6, 0x37, 0xA8, 0xA5, 0xB9, 0x1A, 0x32,
    0x0B, 0xDF, 0xC1, 0x84, 0x8F, 0xBB, 0x0A, 0x18, 0xF2, 0xFE, 0x90, 0x8D, 0xB7, 0x9E, 0x01, 0x14,
    0x6F, 0xD3, 0xEE, 0x18, 0xD3, 0xAE, 0x45, 0x8E, 0xF5, 0x19, 0x92, 0x41, 0x57, 0xAB, 0xFB, 0x45,
    0x0F, 0xD5, 0x1A, 0x72, 0x7E, 0x78, 0xC3, 0xAF, 0x83, 0x6E, 0x56, 0x23, 0x79, 0x17, 0xB7, 0xD2,
    0xE3, 0xA8, 0xF6, 0x4A, 0x5F, 0x7B, 0x65, 0x0F, 0x0E, 0x5F, 0x41, 0xB5, 0x0B, 0xD4, 0x39, 0xF0,
    0x7B, 0x82, 0xA5, 0x19, 0x22, 0x62, 0xC9, 0x06, 0xA4, 0x09, 0x26, 0x66, 0x8B, 0xF9, 0x6F, 0x3E,
    0x97, 0x79, 0x34, 0x86, 0x2F, 0x2E, 0x60, 0xF5, 0xDC, 0x17, 0x55, 0x23, 0x8E, 0x91, 0x27, 0xB2,
    0x30, 0x0E, 0x4B, 0x81, 0xA3, 0xC2, 0x7F, 0x5A, 0xF7, 0xD0, 0x6E, 0x23, 0xE6, 0x27, 0xC4, 0x50,
    0x3D, 0x29, 0x5D, 0xEE, 0x70, 0x6A, 0x57, 0xAD, 0xB2, 0x58, 0x71, 0xB1, 0x32, 0x6E, 0xD2, 0x9F,
    0xA7, 0xE3, 0x01, 0xB7, 0x77, 0x00, 0x7C, 0x8A, 0x39, 0xBC, 0x82, 0x2F, 0x04, 0x4E, 0xF7, 0xB6,
    0x59, 0x0B, 0xEE, 0x9B, 0x62, 0xB8, 0xED, 0xEA, 0x72, 0x87, 0xEB, 0xC9, 0xF3, 0xA1, 0x74, 0xE3,
    0x65, 0x57, 0xE5, 0xB1, 0x8F, 0x72, 0x2F, 0x0C, 0x1C, 0xB3, 0xEB, 0x1F, 0x7B, 0x7A, 0x4B, 0x70,
    0x95, 0xAC, 0xDC, 0xFD, 0xDB, 0xCD, 0x12, 0x88, 0x4E, 0x60, 0x35, 0x44, 0x21, 0x2B, 0xAC, 0xF5,
    0xB0, 0xBB, 0x8D, 0x7C, 0x0B, 0x55, 0x8C, 0xFA, 0xB9, 0xBE, 0x3B, 0x92, 0x27, 0x7C, 0x57, 0x51,
    0x0A, 0x31, 0x82, 0x7B, 0x15, 0x46, 0x81, 0xC1, 0x8C, 0x1A, 0x9B, 0xB3, 0x45, 0x14, 0x7E, 0x70,
    0xAF, 0x84, 0x5B, 0xEC, 0x03, 0x07, 0xDF, 0xE7, 0xCE, 0x3B, 0xBE, 0x1F, 0x5C, 0x68, 0x69, 0xCB,
    0xCD, 0xF4, 0x5D, 0xF3, 0x66, 0x9B, 0xE7, 0x7F, 0xDC, 0x29, 0xBE, 0xDA, 0x79, 0xD2, 0xEC, 0x3C,
    0xF9, 0x64, 0xEF, 0x77, 0xBF, 0x2E, 0x92, 0x40, 0x07, 0xC7, 0xE8, 0xAA, 0xAE, 0x0A, 0xCB, 0xE1,
    0x38, 0x5F, 0xCB, 0xD7, 0x76, 0xC7, 0x61, 0x09, 0x0A, 0xFA, 0xDC, 0xA7, 0xA3, 0x70, 0x2F, 0xFE,
    0xB2, 0xB8, 0xF8, 0xBB, 0xDF, 0xAC, 0x24, 0x5B, 0xFD, 0xCD, 0x6D, 0xEA, 0xBC, 0xF2, 0x4D, 0x1F,
    0x63, 0x74, 0xCD, 0xE2, 0x37, 0x6C, 0x63, 0xEC, 0x97, 0x98, 0xAD, 0xC6, 0x55, 0x9C, 0x37, 0x51,
    0xA9, 0x48, 0xB1, 0x84, 0xCF, 0x4B, 0x68, 0x6A, 0x03, 0x19, 0x6A, 0xAF, 0x70, 0x38, 0xC6, 0xAD,
    0x02, 0xE3, 0x96, 0x81, 0xF6, 0x0A, 0x95, 0x79, 0x46, 0x41, 0x9A, 0xAF, 0xFB, 0x6C, 0x09, 0x82,
    0xCF, 0x4E, 0x56, 0x55, 0x77, 0x54, 0xF6, 0x1E, 0x86, 0xD9, 0x80, 0x13, 0x26, 0x0B, 0x65, 0x0B,
    0xC1, 0x08, 0xC1, 0xEB, 0x07, 0xDD, 0x09, 0xBA, 0xA7, 0x85, 0xDF, 0x7D, 0x61, 0x54, 0xF7, 0xA5,
    0x89, 0xBA, 0xC7, 0x3A, 0xED, 0x3E, 0xC8, 0xD2, 0xEE, 0xE7, 0x94, 0x83, 0x62, 0x0B, 0xC9, 0x12,
    0x2A, 0xEE, 0x24, 0x81, 0x7B, 0xC2, 0x91, 0x9B, 0xA7, 0xA3, 0x85, 0x2A, 0xF5, 0x82, 0x9A, 0xD2,
    0x1C, 0xF9, 0x7F, 0x80, 0xD1, 0x51, 0xE2, 0xE0, 0x35, 0x2A, 0xC6, 0xA5, 0xA9, 0x4C, 0x35, 0x56,
    0x83, 0x0A, 0x95, 0x53, 0xB9, 0xA5, 0x57, 0x78, 0xC6, 0x33, 0xBE, 0x09, 0xF4, 0x51, 0xED, 0x35,
    0xFD, 0x7E, 0xAC, 0xF6, 0x55, 0xDE, 0xCB, 0xB7, 0xC6, 0xE3, 0xA8, 0xB8, 0xE5, 0x52, 0x99, 0xE4,
    0xB7, 0x67, 0x2A, 0xAB, 0x20, 0xCC, 0x23, 0xCE, 0x41, 0x65, 0xD5, 0x09, 0x7C, 0xFE, 0xD6, 0xA7,
    0x82, 0xF6, 0x7B, 0xC4, 0xFF, 0x0E, 0xDB, 0xEB, 0xA2, 0x8F, 0x5A, 0xD4, 0x59, 0xC1, 0xCB, 0xD8,
    0x09, 0xB5, 0x85, 0x06, 0x25, 0x4D, 0xC2, 0x2D, 0x9C, 0x82, 0x30, 0x9E, 0xFE, 0x85, 0x08, 0x81,
    0xB2, 0xD9, 0xF2, 0xAA, 0x69, 0xB3, 0xBF, 0x42, 0x82, 0x94, 0x3F, 0x29, 0xF9, 0xE4, 0x49, 0x81,
    0xC0, 0xFB, 0x95, 0xC1, 0xBA, 0xDF, 0x35, 0xB4, 0x2E, 0x4F, 0x13, 0xC0, 0xD7, 0x2E, 0x09, 0x90,
    0x2D, 0x34, 0xF2, 0x72, 0xF0, 0x22, 0xE3, 0x80, 0x46, 0xBB, 0x15, 0x4F, 0x08, 0x3F, 0xE4, 0x92,
    0xCB, 0xDD, 0x58, 0x4C, 0xB4, 0x26, 0x57, 0xDC, 0x02, 0xEB, 0x82, 0x37, 0x14, 0x49, 0x73, 0xFB,
    0x94, 0x85, 0x23, 0xC6, 0xCC, 0xCB, 0x13, 0xE3, 0xEE, 0x0D, 0x08, 0xBF, 0xA2, 0x04, 0xBE, 0x4F,
    0x78, 0x4A, 0x93, 0x43, 0x2B, 0xC2, 0x63, 0x42, 0xF8, 0xD5, 0x98, 0xAB, 0xCF, 0x49, 0xD5, 0x6A,
    0x7F, 0xCE, 0xD5, 0x47, 0xE5, 0xAB, 0xAC, 0xDE, 0xE5, 0xA2, 0x6B, 0xE9, 0xE5, 0xCA, 0x38, 0xB1,
    0xBC, 0xA3, 0x32, 0x1A, 0x9A, 0x5F, 0x23, 0xD2, 0x34, 0x37, 0xBA, 0x19, 0xFA, 0x08, 0x3D, 0x8B,
    0x10, 0x35, 0x4B, 0x2D, 0xE2, 0xAE, 0x74, 0x4A, 0x4B, 0x6F, 0x70, 0xFE, 0xA2, 0x6D, 0xD2, 0xB5,
    0x95, 0xF2, 0x54, 0xBA, 0x1F, 0x0A, 0xEE, 0x8F, 0xA5, 0xFB, 0xAD, 0x74, 0x9F, 0x89, 0x57, 0xCA,
    0x6A, 0x71, 0x7E, 0x84, 0x52, 0x5C, 0x12, 0x36, 0x65, 0x86, 0x1D, 0xE9, 0x3E, 0xE2, 0xB6, 0xE8,
    0xE8, 0xEE, 0xC0, 0x2F, 0x88, 0x9F, 0x36, 0x7E, 0x67, 0x61, 0x04, 0x75, 0x2A, 0xD6, 0x28, 0x93,
    0x7B, 0xD9, 0xB5, 0x4D, 0x24, 0xC3, 0x7C, 0x7A, 0x26, 0x6C, 0xCB, 0x94, 0x1B, 0x4E, 0x76, 0x4D,
    0x13, 0x29, 0x43, 0x37, 0xF6, 0xA3, 0x7F, 0x50, 0x6C, 0x07, 0xE9, 0xB5, 0x8A, 0x2E, 0xF6, 0xA9,
    0x9F, 0x3B, 0x8A, 0x13, 0xC5, 0x81, 0xBE, 0xCE, 0x89, 0xAC, 0x66, 0xFC, 0x15, 0x76, 0xDF, 0x95,
    0x2E, 0x58, 0x93, 0x39, 0xEA, 0xEB, 0x9A, 0xCD, 0xEF, 0xAC, 0xB3, 0x3D, 0xD2, 0xB4, 0x03, 0xE7,
    0xEB, 0x8C, 0xBD, 0xF7, 0x1B, 0x70, 0x5E, 0x15, 0x91, 0xBE, 0xD8, 0x8A, 0x38, 0x00, 0xBB, 0x23,
    0x89, 0x7D, 0xA5, 0x04, 0x24, 0xD7, 0xC4, 0x24, 0x8D, 0xDF, 0xB5, 0x0C, 0xB9, 0x2B, 0x98, 0xBB,
    0xE2, 0xCC, 0x1A, 0xDA, 0x6C, 0x0E, 0xB1, 0x87, 0x92, 0xE6, 0x37, 0x14, 0x7F, 0x88, 0x7C, 0x5A,
    0xD3, 0x8B, 0xD3, 0xF2, 0x38, 0x47, 0x94, 0xCD, 0xF9, 0x74, 0xEC, 0x95, 0x18, 0x53, 0x7C, 0xAB,
    0xC2, 0x07, 0xBA, 0x17, 0x8C, 0xFE, 0xA3, 0x51, 0x7D, 0x59, 0x98, 0xB9, 0x85, 0xA2, 0x9B, 0xF2,
    0x1A, 0x7A, 0x9C, 0xE9, 0x89, 0xB5, 0x21, 0x89, 0xEE, 0x62, 0x45, 0x10, 0x03, 0x15, 0x5E, 0x45,
    0x14, 0x81, 0xD8, 0x5B, 0x70, 0x2A, 0xAC, 0xB5, 0x33, 0x5D, 0x38, 0x1D, 0x03, 0x6A, 0x88, 0x2D,
    0x4E, 0xB0, 0x45, 0xC0, 0x2D, 0x0B, 0x9C, 0x70, 0xF0, 0x84, 0xAB, 0x3E, 0xE2, 0x46, 0xE7, 0x8C,
    0x26, 0x0D, 0x5B, 0x7D, 0x43, 0xA0, 0x56, 0xE9, 0x59, 0xF6, 0x65, 0xB5, 0xB4, 0xFE, 0x8A, 0xEB,
    0x5D, 0x12, 0xD7, 0x97, 0x49, 0xF4, 0x69, 0x90, 0xF8, 0xFF, 0x31, 0x65, 0xC7, 0x53, 0x43, 0xB7,
    0x44, 0x79, 0x60, 0xE3, 0x4A, 0x30, 0x3D, 0x33, 0x43, 0x60, 0x5A, 0xFE, 0x3F, 0xBC, 0xAA, 0xBD,
    0xD3, 0x6B, 0xBA, 0x8D, 0xF5, 0x45, 0xFE, 0x19, 0x62, 0x83, 0xF7, 0x32, 0x51, 0x56, 0x64, 0x55,
    0x94, 0xD8, 0xD0, 0xC5, 0xD8, 0x33, 0xB7, 0x49, 0x4A, 0x23, 0xF1, 0x87, 0x28, 0xE2, 0xF3, 0x2A,
    0x06, 0x2A, 0x1B, 0xD9, 0x9C, 0x56, 0xF4, 0xB2, 0x72, 0xA9, 0xE1, 0x64, 0x59, 0x58, 0xE1, 0x30,
    0x86, 0xBE, 0x75, 0x99, 0xE1, 0xE3, 0x18, 0x6D, 0x82, 0x59, 0x7C, 0xB9, 0xC5, 0x3B, 0x56, 0x55,
    0xA1, 0x73, 0x22, 0x03, 0xC2, 0x8C, 0x12, 0x64, 0x86, 0x32, 0x12, 0x5B, 0x49, 0x40, 0xEA, 0x4E,
    0xF8, 0x1A, 0xED, 0x89, 0x77, 0xAD, 0x7C, 0x6D, 0xE4, 0x41, 0x4D, 0xEF, 0x43, 0x88, 0x50, 0x13,
    0x24, 0x15, 0xA4, 0x96, 0xD4, 0xE1, 0xEE, 0xD3, 0xCE, 0xE6, 0x42, 0xE9, 0xCF, 0x84, 0xB4, 0x4F,
    0x9F, 0xCA, 0xBD, 0x7E, 0x78, 0xC1, 0x39, 0xD1, 0x2E, 0x68, 0x9D, 0xC0, 0x7B, 0xC6, 0x39, 0xB4,
    0x84, 0x26, 0xB5, 0x7F, 0x5A, 0xD1, 0x42, 0xF1, 0x66, 0x4D, 0x2B, 0xC2, 0x5E, 0x0B, 0x92, 0x3C,
    0xBF, 0x2B, 0xD6, 0x97, 0xA7, 0xAE, 0x58, 0x9F, 0x62, 0xD8, 0x41, 0x11, 0x7C, 0xAE, 0x69, 0xC3,
    0xDE, 0x33, 0x09, 0x2D, 0xEE, 0xB7, 0x90, 0x00, 0xD3, 0x59, 0xEB, 0xA0, 0x4F, 0xA7, 0x83, 0xE2,
    0x3E, 0xA7, 0xAD, 0x95, 0x7E, 0xBC, 0xB0, 0x28, 0xD9, 0x84, 0x58, 0xFE, 0xD9, 0x15, 0x9E, 0x08,
    0x09, 0x8C, 0x57, 0xB8, 0x15, 0xC3, 0x52, 0x43, 0xD9, 0x50, 0x66, 0x98, 0x53, 0x28, 0xF3, 0x76,
    0xD1, 0x5A, 0x91, 0x4E, 0x43, 0xD9, 0x70, 0xA3, 0xD5, 0x84, 0xF1, 0x7F, 0xC4, 0x00, 0xA6, 0xF4,
    0x9C, 0x6B, 0x16, 0xDF, 0x23, 0xCE, 0x4F, 0x8C, 0x83, 0x89, 0xAB, 0xAB, 0xAF, 0x08, 0x93, 0x41,
    0xD0, 0x23, 0x86, 0xE2, 0x0E, 0x5E, 0x87, 0xBE, 0x12, 0xCC, 0xA0, 0xD8, 0xC0, 0xE6, 0x61, 0x81,
    0x9D, 0x28, 0xBB, 0xB2, 0xBD, 0xF7, 0x49, 0xD0, 0x94, 0x7A, 0xDF, 0xF6, 0xCC, 0x55, 0x61, 0xAE,
    0x4A, 0x79, 0x31, 0x4E, 0x9C, 0x4A, 0xBD, 0x63, 0xBC, 0xBF, 0x4B, 0x2E, 0xEF, 0x1C, 0xC3, 0x7F,
    0x9C, 0x85, 0x5E, 0x31, 0x41, 0xBD, 0x77, 0x96, 0xA7, 0x92, 0xCF, 0x47, 0x65, 0xC9, 0x1C, 0xE1,
    0xC8, 0x90, 0x8F, 0xA1, 0x90, 0x37, 0x15, 0xDA, 0x7D, 0xCB, 0x99, 0xBD, 0x2F, 0x99, 0xD6, 0xA9,
    0xC0, 0x04, 0x66, 0x12, 0x18, 0x75, 0x8F, 0xC9, 0xA8, 0x7A, 0xDF, 0x28, 0xAD, 0x3E, 0xE4, 0x7B,
    0xAA, 0x21, 0x27, 0x02, 0xA1, 0xAF, 0xCF, 0x54, 0x15, 0x7D, 0x2E, 0x15, 0xC3, 0xE8, 0xF8, 0x14,
    0xD4, 0xDA, 0x4A, 0x2A, 0x12, 0xF2, 0x45, 0x0F, 0xE7, 0x89, 0xC2, 0xDC, 0xB8, 0xF5, 0x3A, 0x13,
    0x6A, 0x67, 0x22, 0x09, 0xCC, 0xAE, 0x78, 0xB1, 0x3D, 0x99, 0x39, 0x17, 0x83, 0xCA, 0x85, 0x6A,
    0xA5, 0x18, 0x55, 0x21, 0x46, 0x6F, 0x38, 0x01, 0xA9, 0x38, 0x17, 0x13, 0x9E, 0xC3, 0xCF, 0xF0,
    0x50, 0x5E, 0x4F, 0xB3, 0x3B, 0xE4, 0x4A, 0x27, 0xE1, 0xA8, 0xB3, 0x5A, 0xF5, 0x45, 0x6E, 0x42,
    0x1E, 0x61, 0xCF, 0x19, 0x7D, 0xAE, 0x61, 0xA2, 0xC9, 0xC2, 0xC4, 0x84, 0x52, 0x06, 0x67, 0x9C,
    0xBA, 0xFA, 0x89, 0x84, 0x11, 0x48, 0xE9, 0x0F, 0x30, 0xF0, 0xCC, 0xB5, 0x8A, 0x4E, 0x2D, 0xF2,
    0x36, 0xF1, 0xD0, 0xCB, 0xAC, 0xAD, 0x6B, 0xA3, 0x56, 0x15, 0x7E, 0x11, 0x18, 0x9F, 0x1E, 0x69,
    0x85, 0xE4, 0xDA, 0xA4, 0x0F, 0xDA, 0x23, 0x35, 0xA8, 0x4A, 0x19, 0x34, 0x5D, 0x96, 0x1B, 0x22,
    0x0C, 0xF2, 0x51, 0xEA, 0x44, 0x71, 0x7B, 0x12, 0x32, 0xA3, 0xCE, 0x58, 0x07, 0x09, 0xB1, 0x8E,
    0xC8, 0x16, 0xB5, 0x19, 0x46, 0x8C, 0x7B, 0x09, 0xDF, 0xA0, 0x1B, 0xE5, 0x98, 0x16, 0x12, 0xB5,
    0x1B, 0x72, 0xAC, 0x0E, 0xE9, 0x64, 0x9E, 0xDB, 0x02, 0x43, 0x12, 0x5B, 0xC9, 0x45, 0xAC, 0xB3,
    0x97, 0xAC, 0x81, 0xEB, 0x7B, 0x54, 0x49, 0xE9, 0x5D, 0xC9, 0x5C, 0xEC, 0x62, 0x87, 0xC2, 0x98,
    0x49, 0xAE, 0xD4, 0x48, 0x58, 0x26, 0x85, 0x19, 0x6C, 0xAA, 0x65, 0xE7, 0x54, 0x1C, 0xEB, 0x96,
    0x0F, 0x25, 0x8D, 0x89, 0x24, 0x87, 0xF7, 0xA5, 0xE6, 0x60, 0x4A, 0xE3, 0x3D, 0xE6, 0xEE, 0xFD,
    0xC7, 0xB7, 0x35, 0x82, 0xFB, 0xE2, 0x08, 0xB2, 0xD3, 0x54, 0xB5, 0x8F, 0x65, 0xC5, 0x93, 0x4A,
    0x9C, 0x8B, 0xAC, 0x8C, 0xB7, 0x97, 0xAE, 0x4D, 0x5E, 0xA0, 0xBC, 0x44, 0x7A, 0x38, 0xD5, 0xB0,
    0xD4, 0xF4, 0xBB, 0x14, 0x9D, 0x61, 0x46, 0xCF, 0x4D, 0xF4, 0xE8, 0x5A, 0xD6, 0x69, 0x2B, 0x31,
    0x97, 0x16, 0x73, 0x03, 0x13, 0xAF, 0xD4, 0x77, 0xC3, 0x6F, 0x74, 0xFA, 0xCF, 0x13, 0x84, 0xF7,
    0x24, 0x77, 0x90, 0x44, 0x42, 0xA6, 0x1B, 0x2C, 0xAD, 0x61, 0x6F, 0x91, 0x73, 0x5C, 0x0A, 0x8B,
    0x55, 0x32, 0xC3, 0x1F, 0xBC, 0x0F, 0x59, 0x62, 0x30, 0x86, 0xBE, 0xB1, 0x4C, 0x7A, 0x5F, 0x15,
    0xC7, 0x2F, 0x0E, 0xA0, 0x98, 0xD1, 0x6E, 0x52, 0x89, 0x3B, 0xE7, 0x92, 0xDA, 0x57, 0xC5, 0x91,
    0x8A, 0x2E, 0xBC, 0x6D, 0xEC, 0xFF, 0xF3, 0xD7, 0xAB, 0xE2, 0xD8, 0x3D, 0xDD, 0xE6, 0x38, 0xEE,
    0xC9, 0xEF, 0x2D, 0x38, 0x78, 0x19, 0x9C, 0xE0, 0x5F, 0x64, 0xCD, 0xEE, 0x94, 0x4A, 0x66, 0x12,
    0x69, 0x3C, 0xCC, 0x02, 0xA6, 0x9B, 0xD5, 0x00, 0xEB, 0xCE, 0x5F, 0x39, 0x42, 0xCE, 0x2A, 0x62,
    0x16, 0x79, 0x1C, 0x57, 0xB9, 0xB8, 0xBB, 0xDE, 0xF4, 0x91, 0xD6, 0xA4, 0x68, 0x68, 0x24, 0xDF,
    0x8B, 0x0A, 0xE7, 0x19, 0xAB, 0xC9, 0x8F, 0x94, 0xD5, 0x54, 0x7C, 0xFA, 0x49, 0xA0, 0xD3, 0xB7,
    0x4C, 0xD8, 0xC1, 0x6F, 0xAC, 0xDA, 0x24, 0x50, 0x2E, 0x9F, 0xB1, 0x86, 0x94, 0x93, 0x9B, 0xB9,
    0xFD, 0xDA, 0xB3, 0x49, 0x8D, 0x6B, 0x97, 0x4D, 0xA8, 0xAA, 0xF2, 0x75, 0xC5, 0x02, 0x8F, 0x8E,
    0x3C, 0x1E, 0x20, 0x2D, 0x17, 0x23, 0x74, 0xEA, 0x9F, 0x42, 0x09, 0xEF, 0x46, 0x76, 0x70, 0x75,
    0x7A, 0x5A, 0xF4, 0x92, 0x03, 0x4B, 0x49, 0x27, 0x54, 0x8C, 0xE1, 0x0A, 0xDE, 0xBD, 0xF9, 0xB2,
    0xA3, 0x58, 0x6C, 0xE2, 0x0E, 0x73, 0x8E, 0x58, 0x5D, 0xCC, 0x12, 0xB8, 0x73, 0x0E, 0x66, 0x60,
    0x27, 0x24, 0x57, 0x22, 0x71, 0x87, 0x00, 0x82, 0xB0, 0x3C, 0x34, 0xD2, 0x8C, 0x47, 0x54, 0x32,
    0xE5, 0x6A, 0x61, 0xF8, 0x37, 0xE0, 0x9B, 0x1E, 0xCB, 0x5B, 0x47, 0x4F, 0xCD, 0x03, 0x39, 0x27,
    0x83, 0x9C, 0x5A, 0x0C, 0x28, 0xA9, 0x78, 0x23, 0xCE, 0xA7, 0x26, 0x15, 0xBB, 0x89, 0xF8, 0xE2,
    0x21, 0xDD, 0x8F, 0xFE, 0x1F, 0x6F, 0x55, 0x52, 0x2B, 0x07, 0x31, 0xB6, 0x14, 0x36, 0x5C, 0xC2,
    0x49, 0x06, 0xFB, 0xC0, 0xD6, 0xB2, 0xCA, 0x9A, 0x5E, 0x68, 0x35, 0x21, 0x59, 0xD5, 0x06, 0xE2,
    0x5C, 0x9E, 0x72, 0x50, 0xA8, 0x90, 0x86, 0x59, 0xFF, 0xDC, 0x36, 0x6E, 0x6A, 0x30, 0x64, 0x85,
    0xA7, 0x03, 0x5F, 0x8C, 0xE2, 0x67, 0x0F, 0xD3, 0xC2, 0x5A, 0x32, 0xA3, 0x60, 0xBC, 0x22, 0xB1,
    0x2A, 0x28, 0x30, 0xAB, 0xA0, 0xC7, 0xF2, 0x7C, 0x7A, 0xEC, 0x56, 0x9F, 0x06, 0x7A, 0xA4, 0x30,
    0x18, 0x60, 0x90, 0x60, 0x10, 0x23, 0x89, 0xE5, 0xD4, 0x6B, 0x36, 0x42, 0x15, 0x32, 0x5C, 0x4A,
    0xA6, 0xC6, 0xDA, 0xE0, 0xE8, 0x0F, 0x4C, 0xB2, 0x48, 0xD1, 0x7B, 0xF5, 0x0B, 0x86, 0x3F, 0x6A,
    0xD1, 0x7D, 0xDD, 0x42, 0xD5, 0x31, 0x43, 0x26, 0x1B, 0xE9, 0x19, 0x92, 0x9E, 0x03, 0xD2, 0x33,
    0x59, 0xD2, 0x33, 0x76, 0xBF, 0xD1, 0x13, 0x62, 0xCC, 0xDC, 0x05, 0x51, 0x5A, 0xBB, 0xA6, 0x75,
    0x7B, 0xDE, 0xB4, 0x24, 0x4A, 0xE9, 0x56, 0x73, 0xDF, 0x24, 0x0A, 0xA3, 0x48, 0x16, 0x30, 0x4A,
    0x2E, 0x2E, 0xC0, 0x3F, 0x59, 0x38, 0xA3, 0xC4, 0x26, 0x30, 0x0B, 0xA2, 0xBC, 0xF4, 0x40, 0xBA,
    0x49, 0xBA, 0xDB, 0xDE, 0x18, 0xC3, 0x35, 0x1C, 0xDC, 0x78, 0xD9, 0x51, 0xE1, 0x5B, 0x4C, 0x4C,
    0xBF, 0x00, 0x3E, 0xE6, 0xBD, 0x69, 0xCF, 0x11, 0xA5, 0xA4, 0x6B, 0x66, 0xF4, 0x30, 0x09, 0xF7,
    0x3A, 0xA2, 0x7E, 0x45, 0x95, 0x23, 0xB6, 0xC4, 0x92, 0x82, 0x18, 0xFC, 0xC6, 0x4C, 0xF5, 0x1D,
    0x7A, 0x59, 0x59, 0xB5, 0x25, 0x5C, 0x84, 0xFF, 0x26, 0xDC, 0x2B, 0xE2, 0xCC, 0xAD, 0xDC, 0xE6,
    0xE7, 0x02, 0x5F, 0x77, 0x6E, 0x55, 0x17, 0x9E, 0x06, 0x4D, 0x89, 0x79, 0xA4, 0x99, 0xE9, 0x64,
    0x9E, 0x49, 0x75, 0xA0, 0xFF, 0xAC, 0xD5, 0xDB, 0xB7, 0xB5, 0x5A, 0x21, 0xFB, 0x76, 0xC9, 0x3F,
    0x33, 0x90, 0x43, 0x4A, 0x44, 0x2C, 0x61, 0x7F, 0xD9, 0x2D, 0xBD, 0x79, 0xB5, 0x3C, 0x8D, 0x15,
    0xB2, 0xAF, 0x4B, 0x41, 0x0C, 0xAB, 0x1B, 0x47, 0xDF, 0x20, 0xDF, 0x46, 0x78, 0xC0, 0x65, 0x06,
    0xA2, 0xDE, 0x8C, 0x71, 0x96, 0x4B, 0x3B, 0xAF, 0xE2, 0xC4, 0xAB, 0x74, 0x32, 0x78, 0x46, 0xEF,
    0xD3, 0x21, 0xB2, 0xDE, 0x79, 0x7B, 0x19, 0x0E, 0x67, 0x0B, 0x60, 0x89, 0x1A, 0xCE, 0x25, 0xB1,
    0x9C, 0x62, 0x51, 0x24, 0xF6, 0x49, 0xD4, 0x5D, 0x86, 0xB9, 0x83, 0xD7, 0x2E, 0x87, 0x23, 0xE2,
    0xB7, 0x47, 0x6D, 0xFD, 0x17, 0x69, 0xDE, 0xA5, 0xF6, 0x26, 0xA1, 0xC7, 0xC6, 0xF6, 0xE5, 0x39,
    0xB5, 0x94, 0xCC, 0x37, 0x16, 0x80, 0x03, 0x56, 0x82, 0x1D, 0x12, 0xE7, 0x03, 0x56, 0xE1, 0x4A,
    0xD3, 0xC4, 0xE8, 0x4C, 0x82, 0x47, 0x05, 0xFC, 0xCF, 0x19, 0x7B, 0x49, 0x25, 0xEF, 0x4F, 0x6C,
    0x7F, 0x59, 0x84, 0x75, 0x77, 0x29, 0x17, 0xC9, 0x30, 0xE8, 0x32, 0x93, 0x21, 0x93, 0x88, 0x72,
    0x99, 0x20, 0x5A, 0x63, 0xE6, 0xF3, 0x54, 0xA6, 0x28, 0x17, 0x07, 0x11, 0x76, 0x2A, 0x36, 0xFF,
    0x7D, 0xE2, 0x7E, 0x42, 0x7C, 0xCB, 0x1B, 0xC9, 0x4F, 0xC5, 0x11, 0xC5, 0xF6, 0xB0, 0xD4, 0x86,
    0x03, 0xFA, 0x1A, 0xA9, 0x42, 0x1F, 0xAE, 0xCB, 0x11, 0xFD, 0x85, 0x23, 0x4B, 0xF1, 0xF8, 0x02,
    0x97, 0xDA, 0x92, 0x89, 0xF6, 0x8A, 0x86, 0x21, 0xA5, 0x8A, 0x2F, 0xD0, 0xF2, 0x8A, 0xF6, 0xF0,
    0x6F, 0xB5, 0x5A, 0x4D, 0x6F, 0x1B, 0xC7, 0x19, 0x7E, 0x77, 0xD7, 0xD6, 0xDA, 0xD9, 0x58, 0xA3,
    0x83, 0x81, 0x06, 0xB0, 0xA5, 0xF5, 0xC1, 0x07, 0x03, 0x95, 0x45, 0xA1, 0x75, 0x0B, 0x03, 0x5D,
    0x72, 0xB7, 0x09, 0xD0, 0xDC, 0xDA, 0xF4, 0x1F, 0xE4, 0x07, 0x14, 0xB0, 0x81, 0xF8, 0xA0, 0x16,
    0x94, 0xB8, 0x69, 0x0E, 0x3D, 0x04, 0xA8, 0xF3, 0x0B, 0x1A, 0xF7, 0xDC, 0x83, 0x79, 0xD0, 0x81,
    0x68, 0xE9, 0x68, 0x12, 0x1D, 0x0C, 0xB4, 0x68, 0xB3, 0x40, 0x0A, 0xF4, 0xD0, 0x02, 0x5D, 0xC4,
    0xB9, 0xB5, 0x68, 0xD6, 0x31, 0x9B, 0xB0, 0x30, 0xA5, 0xED, 0xF3, 0xCC, 0xCC, 0x52, 0x94, 0x12,
    0x27, 0xB6, 0x4C, 0x51, 0xDC, 0xB1, 0x4C, 0xEE, 0xCC, 0x3C, 0xEF, 0xF7, 0xF3, 0xCE, 0x4A, 0x24,
    0xAD, 0x33, 0x39, 0xFA, 0x0A, 0x0A, 0x0C, 0x61, 0x89, 0x41, 0x71, 0xF8, 0x76, 0x85, 0xE1, 0x3B,
    0x1C, 0x7E, 0xCB, 0xE1, 0x7D, 0x0C, 0x41, 0x36, 0xC2, 0x1D, 0x32, 0xC6, 0x1D, 0x35, 0x86, 0x2B,
    0x32, 0x14, 0x59, 0xE7, 0x70, 0x47, 0xBA, 0xE2, 0x69, 0xD9, 0x94, 0xB0, 0x90, 0x2D, 0x49, 0xC7,
    0x61, 0x5D, 0x4A, 0x54, 0xF3, 0xB6, 0xC3, 0x5B, 0x44, 0xFB, 0x22, 0xD7, 0x36, 0x45, 0x74, 0x22,
    0x01, 0xA6, 0x2C, 0xCA, 0x40, 0x96, 0x65, 0x24, 0x89, 0x54, 0x92, 0x78, 0x95, 0x74, 0x83, 0x32,
    0xDF, 0x8A, 0x1F, 0xE4, 0xE9, 0x67, 0xFB, 0x12, 0xBF, 0x89, 0x1D, 0xE4, 0x92, 0x0F, 0x9C, 0x57,
    0x23, 0x4E, 0x1D, 0x9F, 0x24, 0x58, 0xBE, 0xAE, 0xE0, 0xC3, 0x95, 0x28, 0x37, 0xA0, 0x83, 0xF1,
    0x73, 0x80, 0x9E, 0x3B, 0xB6, 0x17, 0x09, 0xE3, 0x1A, 0x87, 0xB2, 0x19, 0x3C, 0x2E, 0x25, 0x3B,
    0xCF, 0x88, 0xB0, 0x06, 0xC2, 0x09, 0x26, 0xDC, 0xC4, 0x05, 0x90, 0x81, 0x3E, 0xB8, 0x3C, 0x7E,
    0x8E, 0x49, 0x12, 0x60, 0xE5, 0x38, 0x77, 0xFB, 0x89, 0xF8, 0x40, 0xD0, 0xCA, 0x86, 0xC0, 0xBA,
    0x11, 0x94, 0xB2, 0xA1, 0xB4, 0x2C, 0x29, 0x7C, 0xDC, 0xC2, 0xD5, 0x39, 0x72, 0xA5, 0x22, 0x59,
    0x9C, 0xF9, 0x85, 0xD2, 0x81, 0x0E, 0xC6, 0xA1, 0x96, 0x1E, 0x70, 0xC9, 0x55, 0x91, 0xB6, 0x00,
    0x11, 0xC0, 0x40, 0x32, 0xCF, 0x2C, 0xDA, 0x2A, 0xBC, 0x47, 0x55, 0xA8, 0xEF, 0x60, 0xA5, 0x35,
    0x01, 0x4E, 0xF7, 0x6E, 0x4B, 0x9E, 0xBE, 0xAC, 0xE3, 0x5A, 0x42, 0xAA, 0x51, 0xC1, 0xF4, 0x69,
    0x21, 0x5E, 0xB9, 0x2D, 0xBE, 0x9C, 0x9F, 0x0B, 0x18, 0xAF, 0x94, 0xB0, 0x92, 0xC5, 0x0D, 0xB9,
    0x7E, 0x51, 0xDE, 0x39, 0xFD, 0xF4, 0x48, 0x78, 0x63, 0x6E, 0xFF, 0x95, 0xF9, 0xA8, 0xC5, 0x2F,
    0xA9, 0x68, 0xBF, 0x38, 0x58, 0xF1, 0xA9, 0x90, 0x64, 0xA7, 0x60, 0xFE, 0x5B, 0x22, 0x3D, 0x4C,
    0x8C, 0xE7, 0x87, 0x66, 0x3D, 0xC0, 0x5E, 0xCB, 0x22, 0x8B, 0x30, 0x53, 0x04, 0xF7, 0x0A, 0xF2,
    0x59, 0x5C, 0x02, 0x60, 0x02, 0x64, 0x46, 0x7E, 0x60, 0x23, 0xAC, 0xE9, 0x05, 0x7C, 0x02, 0x80,
    0x02, 0x84, 0x16, 0xA2, 0xC1, 0x68, 0x40, 0x1A, 0x94, 0x06, 0xC4, 0xF4, 0xE5, 0xD5, 0x74, 0xE8,
    0x96, 0xB7, 0xCF, 0xCF, 0xE3, 0x0C, 0x43, 0xA4, 0x01, 0x0B, 0xDE, 0xDE, 0x16, 0x20, 0x4F, 0xA8,
    0x94, 0x2E, 0x7F, 0x1B, 0x72, 0x18, 0xF3, 0x8B, 0xB1, 0x40, 0x9C, 0x11, 0x5C, 0x12, 0x9E, 0x9C,
    0x8A, 0x5F, 0xC9, 0x04, 0x37, 0x01, 0x64, 0x5A, 0xEF, 0x1B, 0xD1, 0xDF, 0x82, 0xF3, 0xEE, 0xBC,
    0x0D, 0xC0, 0xF1, 0xDB, 0x70, 0x18, 0x45, 0x8C, 0x8A, 0x01, 0x13, 0x9F, 0xB2, 0x81, 0x21, 0xB7,
    0x10, 0x19, 0x1E, 0x42, 0xC3, 0xC4, 0x06, 0x82, 0x03, 0x61, 0xB6, 0xCA, 0xD0, 0x4B, 0xE8, 0xED,
    0x8C, 0x11, 0x04, 0x48, 0x95, 0xCB, 0x56, 0xFC, 0x08, 0x92, 0x7C, 0x0E, 0x31, 0x4C, 0x14, 0x5B,
    0xA4, 0xF1, 0x14, 0x69, 0x7A, 0x18, 0x29, 0x40, 0x56, 0x88, 0x5D, 0xFC, 0x36, 0x99, 0x22, 0x1D,
    0x01, 0x29, 0x40, 0xC6, 0xB9, 0x3F, 0x45, 0x1A, 0xCE, 0x20, 0x5D, 0x00, 0xD0, 0x3A, 0xB7, 0xC1,
    0xA5, 0x5C, 0xE4, 0xC7, 0x56, 0xA3, 0xD1, 0x1E, 0x60, 0x76, 0x0D, 0xCA, 0x26, 0x80, 0x57, 0x0F,
    0x05, 0x70, 0x95, 0x6F, 0xAD, 0x3C, 0x72, 0x01, 0x8C, 0x69, 0x41, 0x3D, 0x3A, 0xA2, 0xD5, 0x3D,
    0x2C, 0xB5, 0x0A, 0xA4, 0xAB, 0xD8, 0x79, 0xD5, 0x18, 0xBA, 0x0D, 0x23, 0x76, 0x83, 0x4C, 0x76,
    0x20, 0xD1, 0x10, 0x19, 0x74, 0x8C, 0x6B, 0x74, 0x9A, 0x61, 0xB8, 0x84, 0x25, 0x6F, 0x01, 0x5E,
    0x1F, 0xCA, 0xAE, 0x52, 0xCA, 0xD9, 0xDA, 0x93, 0xD6, 0xE4, 0x90, 0x2B, 0x56, 0x55, 0x98, 0x57,
    0x4A, 0xAA, 0xAB, 0x81, 0x4E, 0xD6, 0x24, 0x2D, 0xAD, 0x37, 0xE6, 0x69, 0xD8, 0xB8, 0x62, 0x20,
    0x97, 0x90, 0xE8, 0xA0, 0xBC, 0x9D, 0x7C, 0x6E, 0x30, 0xF8, 0xEA, 0x87, 0x22, 0x1B, 0x2B, 0xF0,
    0x53, 0xE0, 0x51, 0xD5, 0x61, 0x37, 0xAC, 0xE0, 0x86, 0x79, 0x05, 0xE5, 0x55, 0x02, 0x5C, 0x02,
    0x60, 0x44, 0xE6, 0x5C, 0x11, 0xC6, 0x0B, 0x67, 0xDD, 0x30, 0xB6, 0xCE, 0x3E, 0x13, 0x26, 0xCF,
    0x8D, 0xCF, 0x05, 0x6D, 0xF9, 0x4C, 0x9A, 0x7A, 0x7E, 0xAD, 0x9C, 0x73, 0xD9, 0xBF, 0xEF, 0x72,
    0x7F, 0x65, 0x33, 0xFF, 0x37, 0xEE, 0xBD, 0x67, 0xA6, 0x01, 0xB6, 0x66, 0x86, 0x67, 0x55, 0xC2,
    0x27, 0x1E, 0x52, 0xA9, 0x57, 0x60, 0xA9, 0x3F, 0x68, 0xAB, 0x9F, 0x39, 0xE9, 0x86, 0x29, 0x64,
    0x75, 0x11, 0x36, 0xDB, 0x80, 0x3B, 0x57, 0xB6, 0xA6, 0x1C, 0xDB, 0x76, 0x11, 0xD9, 0x09, 0x72,
    0xBF, 0x49, 0xFE, 0xC8, 0xFE, 0xA7, 0xA6, 0x79, 0xEE, 0x13, 0xAC, 0x96, 0x21, 0xA0, 0xC7, 0xCC,
    0x15, 0x94, 0x17, 0xC9, 0xE1, 0x3C, 0xE3, 0xD3, 0x25, 0x9A, 0x8E, 0x1D, 0xB0, 0x54, 0x47, 0x2E,
    0xFC, 0x0F, 0x43, 0x93, 0x35, 0xE2, 0x0C, 0x50, 0x55, 0x81, 0x39, 0xFE, 0xFF, 0xA8, 0x8A, 0x1B,
    0xFB, 0x99, 0xCB, 0x60, 0x50, 0x4A, 0xF0, 0x21, 0x80, 0x43, 0xD8, 0x33, 0x62, 0x9D, 0x39, 0x1A,
    0x75, 0x25, 0x69, 0x8F, 0xA5, 0x52, 0xC8, 0x3A, 0x0A, 0xD3, 0x15, 0xD6, 0x41, 0x7E, 0x1C, 0x43,
    0xB8, 0x9D, 0x82, 0x0A, 0x35, 0xEA, 0x0C, 0x00, 0xC7, 0xAF, 0xA1, 0xE9, 0x1F, 0xED, 0x64, 0xCB,
    0xA8, 0x57, 0x89, 0x44, 0x58, 0x71, 0x51, 0xD2, 0x6C, 0x03, 0xF4, 0x07, 0x4B, 0xF9, 0xD9, 0x4B,
    0x62, 0xB5, 0x2D, 0xBD, 0x7C, 0x36, 0x62, 0xE7, 0x2E, 0x08, 0x5E, 0x17, 0x51, 0xD2, 0x15, 0xD4,
    0x48, 0xE2, 0xE5, 0xCF, 0x44, 0xF3, 0xBC, 0x84, 0x31, 0x05, 0xD9, 0x64, 0xAF, 0xD9, 0x42, 0x78,
    0x12, 0xC2, 0x20, 0x4D, 0x0B, 0x05, 0xD8, 0x38, 0xC2, 0x1E, 0xE7, 0x65, 0x95, 0x13, 0x50, 0xBE,
    0x7D, 0x85, 0x74, 0xFA, 0x88, 0x83, 0x71, 0xFF, 0x90, 0x5F, 0x9E, 0x9B, 0x7E, 0x7B, 0xD5, 0x31,
    0xAF, 0x81, 0x13, 0xEF, 0xD2, 0x09, 0xD8, 0xC8, 0xF2, 0xC2, 0xC8, 0x98, 0xBF, 0x6D, 0xCC, 0xB4,
    0xE4, 0x1F, 0xC4, 0xF8, 0x38, 0xC6, 0x4D, 0xAD, 0xCC, 0x1F, 0x51, 0x4E, 0x88, 0xE3, 0xC6, 0x0E,
    0x95, 0x60, 0xEB, 0x1A, 0x15, 0x82, 0xCD, 0x7A, 0x75, 0x8D, 0x71, 0x68, 0x64, 0x41, 0x01, 0xCE,
    0xC9, 0x0C, 0x39, 0x56, 0x74, 0x02, 0xD6, 0x38, 0xE1, 0x44, 0xE8, 0x2A, 0x18, 0x49, 0x0F, 0xC5,
    0xB1, 0x0E, 0xEA, 0xCA, 0xD2, 0x47, 0x66, 0x9D, 0x15, 0xC4, 0xEF, 0x25, 0x2F, 0x5B, 0xA8, 0x6C,
    0x8C, 0x07, 0x33, 0x54, 0x93, 0x0B, 0x46, 0xBF, 0xC2, 0x62, 0x37, 0x26, 0x60, 0xC7, 0x43, 0x28,
    0x74, 0x80, 0x02, 0x38, 0x02, 0x04, 0x5B, 0xEA, 0x12, 0x64, 0xD7, 0x2E, 0x26, 0x0C, 0x82, 0xFB,
    0x32, 0xC2, 0x5A, 0x15, 0xF4, 0xED, 0x70, 0xDF, 0xC8, 0x17, 0xC6, 0x44, 0xEC, 0x35, 0xB8, 0xA3,
    0xBA, 0x26, 0xCC, 0x29, 0xFA, 0x82, 0x9E, 0x43, 0x13, 0xEC, 0x18, 0xF4, 0x16, 0xF7, 0x14, 0xFD,
    0x11, 0xDC, 0x34, 0xA8, 0xC3, 0xED, 0xDD, 0xB1, 0x38, 0xBF, 0xE5, 0x70, 0xEE, 0xD4, 0x85, 0x59,
    0x26, 0x62, 0xA1, 0x7E, 0x05, 0x53, 0x5B, 0xC4, 0x3A, 0x98, 0x62, 0x6D, 0x7F, 0x0D, 0x56, 0xD9,
    0x82, 0xBA, 0xEF, 0xFF, 0x51, 0x7C, 0x6F, 0x3C, 0x93, 0x5B, 0xF1, 0xFB, 0x8D, 0xCC, 0xFA, 0x56,
    0xC3, 0xC9, 0xDA, 0x2E, 0xFB, 0xD0, 0xD7, 0xC1, 0x48, 0x48, 0x48, 0xCC, 0x35, 0xB2, 0x36, 0xA4,
    0x59, 0xB8, 0x5C, 0xCA, 0x2E, 0x2A, 0xCF, 0x5B, 0x0F, 0xF2, 0xEF, 0xD5, 0xF2, 0xFA, 0xA6, 0x59,
    0x2E, 0x97, 0x9E, 0x96, 0xBB, 0x39, 0x45, 0x52, 0x26, 0x16, 0x63, 0x43, 0x22, 0xB0, 0x62, 0x72,
    0x49, 0x92, 0x3E, 0xBF, 0x65, 0x62, 0x47, 0x42, 0x9F, 0x45, 0x70, 0x83, 0x6C, 0x8B, 0xEF, 0x8E,
    0xBD, 0xD5, 0x6C, 0x3D, 0x34, 0x9B, 0x8E, 0xB9, 0x2D, 0x76, 0xC5, 0xA6, 0xD4, 0x4B, 0x0D, 0x6E,
    0x12, 0xEF, 0xDB, 0xAD, 0x7A, 0xFA, 0x6E, 0xAE, 0x32, 0x85, 0x5D, 0x62, 0xEC, 0xD1, 0xC6, 0x0E,
    0x49, 0xBF, 0xA7, 0xD3, 0x67, 0x5E, 0x11, 0xA0, 0x43, 0x13, 0x0B, 0xAB, 0x26, 0x0E, 0xD0, 0x18,
    0x79, 0x95, 0x5F, 0x79, 0xAE, 0xC0, 0x2F, 0xE4, 0x3B, 0x3A, 0x36, 0xFB, 0xB8, 0x5D, 0x24, 0xB9,
    0xD9, 0x2B, 0xD2, 0x6C, 0x11, 0xB7, 0xDF, 0x42, 0xDD, 0x1B, 0x48, 0x9A, 0xD3, 0x24, 0x08, 0xD3,
    0x50, 0x1F, 0x4F, 0xA4, 0x27, 0x8B, 0x62, 0x26, 0x7A, 0xD0, 0x73, 0xF4, 0x8A, 0x46, 0x05, 0x78,
    0xCD, 0x2C, 0x1F, 0xC3, 0x83, 0xE8, 0x6E, 0x8D, 0x2D, 0x8C, 0x3D, 0x66, 0x7C, 0x39, 0x74, 0xBE,
    0x4C, 0xE7, 0x62, 0x5E, 0x54, 0x2E, 0x2B, 0xC6, 0x2E, 0xCE, 0x69, 0x5A, 0x50, 0xE0, 0xF7, 0x30,
    0x65, 0xC7, 0xA4, 0x88, 0xCA, 0x36, 0x95, 0x11, 0xBE, 0x58, 0x55, 0x6C, 0x6C, 0xAD, 0x18, 0xB1,
    0x23, 0x85, 0xB3, 0xEB, 0xC4, 0xCE, 0x4D, 0xD6, 0x66, 0xDC, 0xA4, 0x71, 0x95, 0x6D, 0xBB, 0x94,
    0x57, 0xBA, 0x70, 0x72, 0x5F, 0x59, 0x8D, 0x8C, 0x7A, 0x23, 0xE8, 0x64, 0x85, 0x5A, 0xB9, 0x4E,
    0x96, 0x0D, 0xAC, 0x1D, 0xE6, 0xA0, 0xB6, 0x41, 0xC4, 0xA9, 0x3D, 0x26, 0x86, 0x1D, 0xFA, 0xDF,
    0x84, 0x3B, 0x8C, 0x4C, 0x6C, 0x40, 0x0E, 0x8F, 0xBE, 0x0B, 0x7B, 0x8C, 0xA8, 0xAD, 0x09, 0xF4,
    0x15, 0xD5, 0x7A, 0x36, 0xC3, 0x93, 0x76, 0x04, 0xA6, 0xEF, 0x24, 0xA5, 0x67, 0x3A, 0x92, 0x05,
    0x97, 0xB9, 0x4A, 0x16, 0xEA, 0xC0, 0x50, 0x0C, 0x16, 0x1F, 0xBA, 0x25, 0x04, 0x9C, 0xA8, 0xB0,
    0x8C, 0xD7, 0xA4, 0x55, 0xD2, 0x72, 0x6D, 0xC4, 0x4A, 0x22, 0xDD, 0x8E, 0x0C, 0x62, 0x6E, 0x59,
    0x35, 0xDD, 0xB5, 0x9D, 0xC2, 0xB9, 0x99, 0x4B, 0x93, 0x17, 0xF4, 0x72, 0x9D, 0xDF, 0x53, 0x6F,
    0x55, 0xEA, 0x27, 0x99, 0xBA, 0x45, 0xED, 0xB4, 0x10, 0x6F, 0xB0, 0x55, 0x2C, 0x89, 0xCA, 0xBA,
    0x61, 0x31, 0x60, 0x65, 0x4B, 0x6C, 0xBB, 0x1A, 0x95, 0xD3, 0xEC, 0xEA, 0xD5, 0x13, 0xA6, 0xF4,
    0xC3, 0x21, 0xD6, 0x79, 0x62, 0x88, 0x35, 0xF4, 0xA5, 0x9A, 0xA5, 0x76, 0xAA, 0xE0, 0x8C, 0x8A,
    0x98, 0x2F, 0x34, 0x12, 0x45, 0x4E, 0xA2, 0x2F, 0x05, 0x9A, 0x79, 0x6F, 0x5C, 0x92, 0x41, 0x29,
    0xD0, 0xD4, 0xD6, 0x1C, 0x10, 0x4C, 0x4B, 0x41, 0x66, 0xBD, 0x81, 0xFF, 0xD2, 0xBC, 0x57, 0x78,
    0x45, 0xE3, 0x85, 0x11, 0xA0, 0x21, 0x64, 0xFC, 0x32, 0x28, 0xD0, 0xB9, 0xE9, 0x50, 0x47, 0xCE,
    0x9B, 0x57, 0xCE, 0xAC, 0x5D, 0x4F, 0x2B, 0x53, 0x97, 0x01, 0xB0, 0x85, 0x4F, 0x96, 0x6D, 0xF3,
    0x7E, 0x96, 0x1F, 0x00, 0x17, 0xCC, 0x80, 0x4A, 0x41, 0x9F, 0x68, 0xC9, 0x3A, 0x30, 0x5D, 0x7A,
    0x26, 0x5C, 0x3F, 0x2D, 0x5B, 0x1F, 0x97, 0x17, 0x3E, 0xD2, 0xC1, 0x6E, 0x1E, 0xEE, 0x4A, 0xF4,
    0x3E, 0xC1, 0x59, 0x85, 0x1C, 0xD1, 0x06, 0x16, 0x1B, 0xF4, 0xBF, 0x56, 0x1B, 0x70, 0xAF, 0x04,
    0xB6, 0xEF, 0x62, 0x8F, 0x6F, 0xDA, 0xF5, 0xCE, 0x13, 0xCC, 0x00, 0xF1, 0x52, 0x89, 0x3B, 0xCF,
    0x66, 0x86, 0x36, 0x2A, 0x69, 0x67, 0x6C, 0x38, 0x18, 0xDD, 0x27, 0xC6, 0xAF, 0xE7, 0x9F, 0xB4,
    0xF1, 0x61, 0x55, 0xFF, 0x27, 0x18, 0xB7, 0xF4, 0xEF, 0xA6, 0xAA, 0x5E, 0x3B, 0x50, 0xF5, 0x9A,
    0x31, 0x96, 0x49, 0xB1, 0x26, 0x30, 0xE4, 0x85, 0x19, 0x3E, 0x64, 0xCE, 0x90, 0x6E, 0x68, 0x6F,
    0xDB, 0x70, 0x5F, 0xD0, 0xBF, 0x1F, 0x54, 0x90, 0x48, 0xBE, 0x3F, 0x22, 0x7F, 0xBF, 0x39, 0xE1,
    0xD9, 0x4B, 0x7F, 0xCB, 0x43, 0x14, 0xF5, 0x53, 0xC6, 0x52, 0xA9, 0x7E, 0x89, 0xB1, 0x88, 0x76,
    0x73, 0xB4, 0x80, 0xC1, 0xA3, 0x0C, 0x01, 0xE6, 0x3F, 0x36, 0x61, 0x56, 0x9B, 0x5E, 0xBC, 0x87,
    0x7C, 0x93, 0x53, 0x12, 0x84, 0xAF, 0x71, 0xF8, 0xC4, 0xD9, 0x6D, 0xE4, 0x32, 0x01, 0x49, 0x8D,
    0xF3, 0x9E, 0x0F, 0x26, 0x52, 0xFF, 0x13, 0xF5, 0x6A, 0x04, 0x52, 0x93, 0xE3, 0x82, 0x59, 0x62,
    0x39, 0x5A, 0xB7, 0x1E, 0xE4, 0xDD, 0x60, 0x5F, 0x06, 0xE0, 0x01, 0x27, 0x8F, 0x75, 0xF6, 0x65,
    0xD2, 0xBD, 0x4B, 0xFA, 0x76, 0x34, 0x07, 0x20, 0x41, 0x43, 0xA2, 0x9E, 0x15, 0xFD, 0x6C, 0x7E,
    0xA2, 0x15, 0xA8, 0x0C, 0x82, 0xB4, 0xB9, 0x69, 0xC9, 0x1C, 0x36, 0x25, 0x2B, 0x1C, 0xD5, 0xB6,
    0xE1, 0x67, 0x85, 0x1C, 0x61, 0xAE, 0x27, 0x2C, 0xFD, 0xEB, 0x40, 0x72, 0x8D, 0x25, 0x0F, 0xD2,
    0x2A, 0xED, 0x1A, 0x9B, 0xE3, 0xC9, 0x6A, 0x68, 0xA5, 0x9A, 0x0E, 0xE6, 0x88, 0x26, 0x6A, 0x9C,
    0x41, 0x96, 0x6C, 0x1A, 0x1C, 0xB4, 0x10, 0x26, 0x9F, 0x33, 0x77, 0xEF, 0xB3, 0x42, 0x8D, 0x10,
    0x35, 0xE0, 0x92, 0x80, 0x59, 0x2A, 0xD6, 0x2E, 0x0E, 0x7A, 0x8D, 0xD5, 0xAB, 0x4D, 0x7A, 0x93,
    0x5C, 0xC3, 0xCE, 0xC8, 0xDE, 0x8A, 0xE4, 0xF6, 0x2B, 0x55, 0x51, 0x1A, 0x55, 0x14, 0x5F, 0xA9,
    0x8A, 0xF8, 0xCB, 0xAA, 0xF8, 0xE2, 0x09, 0xAA, 0x58, 0x36, 0xE8, 0x56, 0x39, 0x6C, 0x9A, 0xD4,
    0x64, 0xF3, 0x5D, 0xCF, 0x6A, 0xE3, 0xC2, 0x07, 0x93, 0xFA, 0xDD, 0x89, 0x2A, 0x13, 0xA8, 0x01,
    0x5A, 0x80, 0x12, 0xA0, 0x03, 0xA8, 0x20, 0xC1, 0xDB, 0xAB, 0xBA, 0x7E, 0x39, 0x08, 0x8A, 0xA6,
    0xBC, 0x64, 0x60, 0xBB, 0x90, 0xD8, 0xB3, 0xF9, 0x52, 0x1D, 0xAA, 0x52, 0x88, 0xEC, 0x7D, 0x36,
    0xA9, 0x3A, 0x28, 0x8C, 0xD0, 0x63, 0xC4, 0xFF, 0x04, 0x82, 0x0E, 0x11, 0x2A, 0xC3, 0x89, 0xBD,
    0x26, 0xE4, 0x06, 0x68, 0xCA, 0x2B, 0x9E, 0x22, 0x91, 0x2D, 0x76, 0x90, 0x56, 0x54, 0x3E, 0x84,
    0xFC, 0x90, 0x0F, 0x44, 0x2F, 0x9D, 0x3D, 0x07, 0x29, 0xFD, 0x6A, 0x08, 0x5D, 0x29, 0xE9, 0xB4,
    0x64, 0xAD, 0x2D, 0x9D, 0xB6, 0xB4, 0x13, 0x96, 0xB2, 0x01, 0xE8, 0x6A, 0xFC, 0xAA, 0x0E, 0xB1,
    0xDD, 0x4B, 0xA2, 0x65, 0x11, 0x45, 0x36, 0xDC, 0x9B, 0x1F, 0x0C, 0xBE, 0xEE, 0xF0, 0x1C, 0x64,
    0xCD, 0x9D, 0x83, 0xCC, 0x9E, 0x38, 0xA0, 0x56, 0x55, 0x43, 0x63, 0x41, 0xC0, 0x42, 0x8A, 0x23,
    0x95, 0xE9, 0xE0, 0x32, 0xAC, 0x09, 0x3F, 0x03, 0xC3, 0xA5, 0x81, 0x4E, 0x42, 0xC3, 0xE1, 0xB6,
    0xFB, 0xE2, 0x7D, 0x06, 0x16, 0xB4, 0xAB, 0xE5, 0x85, 0xC5, 0xF9, 0x61, 0xF4, 0x3E, 0x46, 0x66,
    0xFE, 0x1B, 0x2C, 0x72, 0x5B, 0x64, 0x11, 0x96, 0xBD, 0xB2, 0x7E, 0x7C, 0x8C, 0x91, 0xE1, 0xF1,
    0xEF, 0x05, 0x25, 0x0A, 0x5B, 0x89, 0x9F, 0x5C, 0xE5, 0x28, 0x72, 0x79, 0x0B, 0x2B, 0x2C, 0xE1,
    0xCE, 0x48, 0xAF, 0x23, 0x36, 0x94, 0xEE, 0x23, 0xE7, 0xA9, 0x9A, 0xFC, 0x44, 0x65, 0x3C, 0x72,
    0x8B, 0xE1, 0x92, 0x13, 0xAC, 0x9E, 0x93, 0xB1, 0x88, 0x87, 0x7B, 0x3A, 0xC6, 0x95, 0x3B, 0xF0,
    0x11, 0x55, 0x6C, 0xC2, 0xEB, 0x3C, 0x2C, 0xCC, 0x7A, 0x50, 0xD2, 0x92, 0x83, 0xD1, 0x38, 0xD4,
    0xA9, 0xDE, 0xC0, 0x2D, 0x59, 0x85, 0x9A, 0xE8, 0x17, 0x6D, 0xDA, 0x35, 0x91, 0xF4, 0x13, 0x0C,
    0x1D, 0xBA, 0xD5, 0x7B, 0xB2, 0xD4, 0x91, 0xFA, 0xE5, 0x22, 0x7E, 0xF5, 0x76, 0x9D, 0x85, 0x7B,
    0xC1, 0x5E, 0x93, 0xAE, 0x48, 0x35, 0x30, 0x8D, 0x76, 0x39, 0x74, 0x92, 0x19, 0x93, 0x87, 0xB4,
    0x38, 0x99, 0xDB, 0xE2, 0x6D, 0x98, 0x28, 0x94, 0xD8, 0x45, 0x11, 0x91, 0x1D, 0x76, 0x87, 0x43,
    0x56, 0xA0, 0xB1, 0x6A, 0xD8, 0x56, 0x65, 0xD9, 0x16, 0x7A, 0xBA, 0x0A, 0x19, 0x2B, 0x18, 0xF9,
    0xFF, 0x25, 0x3B, 0x25, 0x47, 0xB4, 0x64, 0xD5, 0xF8, 0x38, 0x52, 0x87, 0x39, 0xF2, 0xB8, 0xF0,
    0xA7, 0xB2, 0xBE, 0x5B, 0xAA, 0x3E, 0x43, 0x1E, 0x56, 0xFA, 0x8A, 0x82, 0x7B, 0x12, 0x40, 0x0E,
    0xDA, 0x06, 0x4A, 0xED, 0x57, 0xD3, 0x67, 0x0E, 0x26, 0xEF, 0x38, 0xC6, 0xFE, 0xD9, 0x38, 0xFD,
    0xD7, 0x38, 0xF8, 0x37, 0xF9, 0x62, 0x50, 0x4C, 0x99, 0xDF, 0x21, 0x9E, 0x64, 0x5F, 0x6D, 0x53,
    0x83, 0xAF, 0x1A, 0xC4, 0x54, 0x9E, 0xC7, 0x5C, 0x15, 0x68, 0xAE, 0xFA, 0x38, 0x6F, 0x7A, 0x6D,
    0x39, 0x21, 0xAD, 0xFA, 0xD9, 0x65, 0xAF, 0xA8, 0xE4, 0x0B, 0xD3, 0x11, 0xAD, 0xBA, 0x4D, 0x9E,
    0x46, 0xAB, 0x96, 0x85, 0x23, 0x87, 0xB1, 0xCA, 0x2C, 0x34, 0x7E, 0xBD, 0x27, 0xDE, 0x48, 0x01,
    0xBC, 0x82, 0xC0, 0xCA, 0x64, 0x64, 0x3E, 0xE6, 0x31, 0x74, 0x96, 0x4F, 0xBA, 0x52, 0x6D, 0xCF,
    0xBE, 0x30, 0x67, 0x89, 0x67, 0xF1, 0xB8, 0x06, 0x30, 0xEB, 0x10, 0x65, 0xA7, 0x65, 0x63, 0x91,
    0xDE, 0x44, 0x80, 0x9A, 0xA9, 0xFB, 0x94, 0x95, 0x38, 0x0B, 0xEF, 0x6B, 0xE5, 0x6B, 0x65, 0x12,
    0x3B, 0x7B, 0xBE, 0x3D, 0x73, 0x30, 0xA7, 0x64, 0x80, 0x64, 0xB8, 0x49, 0x02, 0x6C, 0x7C, 0x90,
    0x3D, 0xFD, 0xD5, 0x99, 0xCE, 0xE1, 0x79, 0xC1, 0xC0, 0xCD, 0x40, 0xAF, 0x7F, 0x5E, 0x4A, 0xD1,
    0x87, 0x96, 0x9E, 0x16, 0xC9, 0xF3, 0xEE, 0x4A, 0xF7, 0xD2, 0xCE, 0xB3, 0xD0, 0xA3, 0x9C, 0x4A,
    0xEC, 0xED, 0x4F, 0xB3, 0xB7, 0x67, 0x9C, 0x0F, 0x35, 0x05, 0xCE, 0xB8, 0x54, 0x9A, 0x9D, 0x58,
    0xE1, 0xF9, 0x74, 0x30, 0x1A, 0xDA, 0x6E, 0x59, 0xE6, 0x64, 0xA8, 0xFC, 0x0C, 0x1F, 0x60, 0xFC,
    0xA2, 0x60, 0xF3, 0xB2, 0x38, 0x75, 0xCD, 0x6F, 0x86, 0x08, 0x06, 0x39, 0x4E, 0x22, 0xBD, 0xBD,
    0x81, 0x64, 0xD5, 0x57, 0x79, 0xDF, 0xB4, 0x74, 0x4D, 0x3B, 0x97, 0xCE, 0x74, 0xFE, 0x0D, 0xF1,
    0x76, 0x34, 0x98, 0x87, 0x05, 0x2D, 0xD6, 0xB2, 0xD7, 0xAC, 0x7A, 0x4C, 0xB8, 0xB9, 0xB6, 0x2F,
    0x22, 0xCD, 0xB9, 0x6C, 0xB4, 0xB5, 0xCD, 0x24, 0x91, 0xD6, 0x9A, 0xE7, 0xD0, 0x47, 0x7B, 0x2E,
    0x51, 0xA7, 0x44, 0x5D, 0x94, 0x98, 0x0F, 0x21, 0xA8, 0xAA, 0xB3, 0x26, 0x10, 0x51, 0x8D, 0xF1,
    0xE6, 0xD9, 0x23, 0x55, 0x95, 0x10, 0xFA, 0xA0, 0x21, 0xAC, 0xE6, 0xF5, 0xDC, 0x88, 0xC9, 0xE3,
    0x2A, 0xDA, 0xF3, 0x63, 0xED, 0x7F, 0x94, 0x01, 0x50, 0x5D, 0x3F, 0xA1, 0x65, 0x5A, 0x42, 0x53,
    0xCF, 0x47, 0x42, 0x5C, 0x35, 0x2A, 0x50, 0x2E, 0xAE, 0x0C, 0x50, 0x47, 0xD6, 0x5B, 0xB3, 0x07,
    0xA3, 0xF5, 0x24, 0xA8, 0x75, 0x9C, 0x7B, 0x5D, 0x2E, 0x70, 0x8D, 0xF3, 0x6F, 0x72, 0x85, 0x3E,
    0xE1, 0xF4, 0x89, 0xA5, 0xE4, 0x52, 0x05, 0x19, 0x80, 0x06, 0x24, 0xC8, 0x36, 0xA4, 0x12, 0x86,
    0x3C, 0x6A, 0xBB, 0xC7, 0xDB, 0x53, 0x1E, 0xEB, 0xB5, 0xF8, 0x78, 0x24, 0x34, 0xE7, 0x61, 0x31,
    0xA2, 0x25, 0xBD, 0x2F, 0xF2, 0x00, 0x66, 0xD5, 0xB6, 0xED, 0xF4, 0xF2, 0xD3, 0xD2, 0x43, 0x31,
    0xBB, 0x8B, 0xF2, 0x14, 0x91, 0x78, 0x65, 0x5D, 0xDA, 0xF0, 0x10, 0xF9, 0x6A, 0x07, 0x55, 0xDE,
    0x5E, 0xB3, 0x4F, 0x5C, 0x5A, 0x6F, 0x8E, 0xBF, 0xCC, 0x34, 0x4E, 0x02, 0x2B, 0x4B, 0xFD, 0x0C,
    0xFD, 0x38, 0x16, 0xCE, 0x33, 0x74, 0x1F, 0xF2, 0x11, 0x09, 0xF6, 0x4E, 0x14, 0xAC, 0x29, 0x0A,
    0x08, 0xBD, 0xC1, 0x55, 0x0B, 0x3A, 0x2E, 0x8F, 0x0F, 0xDA, 0xB4, 0x51, 0xC1, 0xDB, 0x1C, 0x42,
    0x0E, 0xBF, 0x96, 0xE6, 0x79, 0xF4, 0x49, 0x20, 0x0F, 0xE1, 0xB1, 0xCB, 0x3C, 0x86, 0x41, 0x3D,
    0xB8, 0x78, 0xDD, 0xD4, 0xF6, 0xE3, 0xA1, 0xDE, 0x46, 0x3C, 0x7A, 0x0F, 0x79, 0xB0, 0xB3, 0xCB,
    0x7C, 0xF2, 0xC2, 0x89, 0xEA, 0xDB, 0xFB, 0x08, 0xE1, 0xFE, 0x77, 0x14, 0x2C, 0xF0, 0xAD, 0x15,
    0xA0, 0xBF, 0xBC, 0x7E, 0x6C, 0x7D, 0x37, 0xD8, 0x36, 0xBF, 0x16, 0x1B, 0x8F, 0xC5, 0xBD, 0xE2,
    0x30, 0xB6, 0xBC, 0xC1, 0xD6, 0x23, 0xB6, 0x09, 0xB1, 0x55, 0xCD, 0x61, 0xB7, 0xE9, 0x45, 0x16,
    0x9B, 0x73, 0x6E, 0xB1, 0x5D, 0x97, 0x4B, 0x34, 0x91, 0x5E, 0x41, 0x7F, 0xDE, 0x71, 0x08, 0x6D,
    0xAF, 0x43, 0x94, 0x2D, 0x77, 0xF2, 0xDB, 0x66, 0xAF, 0x13, 0x3D, 0xD4, 0xE9, 0xEF, 0x1F, 0x67,
    0xAD, 0x37, 0xF7, 0x6C, 0x6D, 0x10, 0xD7, 0xCC, 0x05, 0xEE, 0xF0, 0xDB, 0xDB, 0x9B, 0xB2, 0x11,
    0xFB, 0xC7, 0x20, 0xB6, 0xB3, 0x7B, 0xCD, 0x3F, 0xD0, 0xF9, 0xCE, 0x5E, 0x6B, 0xA2, 0x8A, 0x0B,
    0x7F, 0x0D, 0x0B, 0x95, 0x2B, 0x1D, 0x80, 0xAD, 0xC6, 0x3A, 0x42, 0x8F, 0xF3, 0x5D, 0x7D, 0x0E,
    0x69, 0xF1, 0x8D, 0x62, 0x15, 0x48, 0x76, 0xCB, 0x6B, 0x12, 0xBD, 0xFF, 0x41, 0xD9, 0x97, 0x70,
    0xF7, 0x87, 0x15, 0xA8, 0xCB, 0x7D, 0xEF, 0x21, 0x54, 0xFB, 0x67, 0x79, 0x94, 0x0B, 0xF8, 0xCC,
    0x17, 0xE6, 0x4C, 0x7B, 0x5F, 0xEC, 0x41, 0x18, 0x37, 0x1E, 0x18, 0x08, 0x7D, 0x69, 0x4E, 0xBF,
    0xE8, 0x3F, 0xB2, 0xC2, 0x67, 0x13, 0xEC, 0xEC, 0xE4, 0x9D, 0xB3, 0x76, 0x77, 0x85, 0x9D, 0x06,
    0x29, 0x5A, 0xAC, 0xF1, 0x1B, 0x25, 0xE4, 0x7A, 0xA5, 0x4C, 0xA5, 0xF2, 0xCB, 0x9E, 0x14, 0x7E,
    0xF9, 0xA9, 0xAF, 0xBD, 0x87, 0x1F, 0x86, 0x99, 0xF7, 0xE8, 0xF6, 0x8F, 0xC5, 0x7B, 0xAC, 0x7E,
    0x06, 0x72, 0x0D, 0xFA, 0x01, 0xFE, 0x52, 0x90, 0xBA, 0x20, 0x58, 0xB3, 0xD3, 0xAE, 0x25, 0x0E,
    0x9B, 0x2A, 0xEF, 0x39, 0x91, 0x28, 0x50, 0x58, 0x44, 0x3A, 0x44, 0xD6, 0x3E, 0x07, 0x50, 0x57,
    0xA0, 0x82, 0x9B, 0x60, 0x3D, 0x85, 0x3D, 0x37, 0xEC, 0x1D, 0x49, 0xCF, 0x93, 0xA3, 0xE9, 0x99,
    0x7D, 0x22, 0xB7, 0x49, 0xB0, 0x38, 0x24, 0xF7, 0xF2, 0x97, 0xCC, 0xC2, 0x6B, 0x60, 0x43, 0x35,
    0xF4, 0x7E, 0x3B, 0x03, 0xA7, 0xCE, 0xC7, 0xB0, 0x4C, 0x85, 0x8E, 0x14, 0xDA, 0x80, 0x2B, 0x07,
    0xC8, 0x97, 0xC1, 0x5F, 0x70, 0xFD, 0xC3, 0xE8, 0xC2, 0x9E, 0x7F, 0x6A, 0xDB, 0xA6, 0xC3, 0xC0,
    0x6D, 0xD8, 0xA6, 0x57, 0x3A, 0x3A, 0x9C, 0xC0, 0x27, 0x36, 0x51, 0x71, 0x92, 0x83, 0xCE, 0x76,
    0x0E, 0x98, 0xB5, 0x3D, 0x18, 0xDD, 0x6A, 0x0E, 0x08, 0xF8, 0xD0, 0x63, 0x2F, 0x28, 0xBC, 0x09,
    0x1A, 0x84, 0x0A, 0xED, 0x81, 0xF6, 0xCC, 0xEE, 0xF7, 0xEC, 0xA4, 0xC0, 0x35, 0xD7, 0x2C, 0x2C,
    0xEE, 0xA3, 0xB0, 0xF2, 0x4A, 0xA5, 0xFD, 0x22, 0xC5, 0x5A, 0xF6, 0x59, 0x86, 0x39, 0x56, 0x73,
    0xE7, 0x42, 0x89, 0x7B, 0x10, 0x83, 0xFF, 0xDE, 0xF1, 0xF2, 0xA0, 0x7E, 0x2B, 0x0F, 0xEF, 0xA2,
    0x6A, 0x99, 0x27, 0xEF, 0x7D, 0x39, 0x4B, 0x59, 0x17, 0x9D, 0x0F, 0x16, 0x2B, 0x86, 0x45, 0xA8,
    0xF1, 0xA2, 0x24, 0x3B, 0x13, 0xB9, 0x1C, 0x37, 0x95, 0xF9, 0x9E, 0x13, 0x40, 0xE6, 0x84, 0xAF,
    0x79, 0x28, 0x34, 0x38, 0xC8, 0x21, 0xC7, 0xC1, 0x46, 0x76, 0x1D, 0xBE, 0x0C, 0x1E, 0xFC, 0xA9,
    0x53, 0xEE, 0x9C, 0xF0, 0xBD, 0x88, 0xBA, 0x12, 0xC1, 0xD6, 0xC1, 0x6F, 0xB0, 0xD8, 0x78, 0x7A,
    0x7C, 0x73, 0x3C, 0xFD, 0x79, 0x86, 0x7F, 0xBE, 0x0B, 0x57, 0x58, 0x59, 0xC8, 0xDC, 0x01, 0x86,
    0x19, 0x06, 0xEE, 0x6F, 0x90, 0xDC, 0x50, 0x35, 0x83, 0xE9, 0xC1, 0xCC, 0x21, 0xB4, 0xF9, 0x8B,
    0x99, 0x40, 0x1F, 0x1A, 0x42, 0x73, 0x14, 0x32, 0x7D, 0x2E, 0xA9, 0x9A, 0xF4, 0x73, 0x9E, 0x6B,
    0xA6, 0x3C, 0xF8, 0x69, 0xF1, 0xB6, 0xFF, 0x03, 0xBD, 0x56, 0xC1, 0x8E, 0xDC, 0x44, 0x10, 0x7D,
    0xEE, 0x4E, 0x30, 0xC8, 0x64, 0x7B, 0x0F, 0xB9, 0xA1, 0x5D, 0x73, 0xE0, 0x10, 0x89, 0x30, 0x5E,
    0xA1, 0x08, 0x21, 0x61, 0xAF, 0x2D, 0x0E, 0xF0, 0x1B, 0xFC, 0xC1, 0xEE, 0x81, 0xC3, 0x1C, 0x66,
    0x77, 0x1B, 0xBE, 0x80, 0x4F, 0x80, 0x1F, 0x20, 0x3E, 0xEC, 0x61, 0x0E, 0x13, 0x6D, 0x03, 0x07,
    0xAE, 0xFE, 0x83, 0x0C, 0x0A, 0x67, 0x30, 0xC4, 0x42, 0x8E, 0x70, 0xA6, 0x79, 0xD5, 0xF6, 0x66,
    0x67, 0x25, 0x84, 0x20, 0x11, 0xEB, 0x71, 0xD7, 0xD8, 0xE3, 0x76, 0xF5, 0xAB, 0x7A, 0xAF, 0xAB,
    0x06, 0x40, 0x5C, 0x01, 0x48, 0x2C, 0xC2, 0x55, 0xBA, 0x49, 0x80, 0x3E, 0x19, 0xA0, 0x1B, 0xD5,
    0xC2, 0x54, 0xE8, 0x91, 0x01, 0x03, 0x0A, 0x60, 0xC5, 0x0F, 0xCF, 0x61, 0x32, 0x03, 0x1F, 0xF1,
    0xEC, 0x11, 0xB5, 0xBC, 0xD6, 0x2D, 0x16, 0x88, 0x1D, 0x0E, 0xE5, 0x1D, 0x63, 0x39, 0x53, 0xF9,
    0x86, 0x2E, 0x11, 0xAD, 0x21, 0x33, 0x80, 0x35, 0xB2, 0x9F, 0x9C, 0x6A, 0x2F, 0x38, 0xAB, 0x80,
    0xE1, 0xC4, 0x0C, 0x33, 0xBA, 0x3D, 0xE4, 0x28, 0x90, 0x87, 0xCF, 0x92, 0x77, 0x2D, 0xD2, 0x4F,
    0x1D, 0xE2, 0x0D, 0xC2, 0xF1, 0x99, 0x98, 0xF6, 0xBA, 0xB1, 0x7E, 0xD0, 0x03, 0x52, 0x8B, 0xB9,
    0xAC, 0xF5, 0x80, 0xBE, 0x70, 0x8C, 0x14, 0xA8, 0x05, 0x69, 0x4D, 0x17, 0x5C, 0x8A, 0x70, 0x1B,
    0x3A, 0x8C, 0x1C, 0x51, 0x29, 0x47, 0xC0, 0xDA, 0xD2, 0x30, 0xBE, 0x47, 0x32, 0xBD, 0xAC, 0x16,
    0x40, 0xE6, 0x3B, 0x46, 0xEC, 0x6D, 0x58, 0xE7, 0x43, 0x8E, 0xC5, 0xF4, 0x5D, 0x2B, 0x97, 0xDA,
    0x0B, 0x77, 0xC8, 0x25, 0x72, 0xAE, 0xC0, 0xC1, 0x47, 0x86, 0xE0, 0x32, 0x74, 0x84, 0xDC, 0xA2,
    0x60, 0x66, 0x0A, 0xF3, 0x9B, 0x2B, 0xFF, 0xF0, 0xC8, 0xBE, 0x60, 0x16, 0x70, 0x0B, 0xCC, 0xE1,
    0x5E, 0x42, 0x13, 0x33, 0x72, 0xA8, 0x16, 0xDB, 0x87, 0x96, 0x44, 0xC4, 0xCC, 0x03, 0x8C, 0x98,
    0x77, 0xE5, 0xE9, 0xFB, 0x62, 0xBE, 0x11, 0xF3, 0x1D, 0x8D, 0xAE, 0x04, 0x8B, 0x24, 0xD4, 0x78,
    0x9A, 0x7B, 0x92, 0xE9, 0x03, 0x31, 0x5F, 0x73, 0x69, 0x06, 0x71, 0x82, 0xB8, 0xC1, 0x29, 0xCA,
    0x3E, 0xF6, 0x6B, 0xBC, 0x09, 0x07, 0xC3, 0x50, 0xF4, 0xB7, 0x5C, 0xA9, 0x0F, 0x99, 0x7D, 0x71,
    0x24, 0xCC, 0xDB, 0x83, 0x13, 0xC0, 0xE5, 0xD0, 0x7C, 0x75, 0x87, 0xA8, 0xF7, 0x88, 0x3A, 0x27,
    0xEA, 0x9C, 0x2C, 0x2C, 0xF4, 0xDA, 0x9E, 0xA6, 0x4F, 0x6C, 0xF9, 0xFB, 0x06, 0xA9, 0x20, 0xAF,
    0x6E, 0xE3, 0xF3, 0xFB, 0x98, 0x91, 0x69, 0x37, 0x3A, 0x88, 0xB8, 0xFE, 0x51, 0x25, 0x99, 0xE4,
    0xC9, 0x54, 0x32, 0x91, 0x79, 0x48, 0xCD, 0x0A, 0x23, 0xDF, 0xF4, 0x46, 0x47, 0x8C, 0x90, 0x8C,
    0x97, 0x1E, 0xEF, 0xA8, 0xEA, 0x8E, 0x81, 0x59, 0xC8, 0xAD, 0x0A, 0x3E, 0x22, 0x8B, 0x33, 0x87,
    0x87, 0x36, 0x08, 0x01, 0x72, 0x92, 0x9B, 0xD9, 0xE8, 0xE9, 0x6D, 0xE4, 0xB5, 0x3C, 0x2D, 0xA7,
    0x9C, 0x19, 0xD2, 0xA2, 0x7F, 0x41, 0xF0, 0x7B, 0x79, 0xA4, 0x1B, 0x11, 0xA0, 0x13, 0xFD, 0x89,
    0xFC, 0x44, 0x7D, 0x22, 0x3E, 0xD1, 0xDE, 0x30, 0x8E, 0x41, 0x80, 0x88, 0xEE, 0x44, 0x76, 0xA2,
    0x3A, 0x11, 0x9D, 0x68, 0x2E, 0x48, 0xEE, 0x40, 0x73, 0xA1, 0x3D, 0x60, 0x67, 0xC9, 0x74, 0x30,
    0x35, 0xDA, 0x5E, 0xF9, 0xCE, 0xD6, 0x44, 0xBE, 0xFA, 0xF7, 0x0A, 0x0C, 0xBC, 0x26, 0x9A, 0x71,
    0x05, 0x94, 0xDB, 0x30, 0x01, 0xCA, 0xD0, 0x53, 0x29, 0xD1, 0xE2, 0xBF, 0xC8, 0xD0, 0x5D, 0x93,
    0xE1, 0xC9, 0x35, 0x19, 0x1E, 0x28, 0x0A, 0x90, 0xC8, 0xF7, 0xCF, 0x47, 0xA5, 0x4C, 0xC8, 0x23,
    0x7B, 0x9B, 0x39, 0x3B, 0xC4, 0x43, 0xA2, 0x4E, 0x82, 0x24, 0x47, 0x39, 0xA6, 0x1C, 0x33, 0xD2,
    0x51, 0x88, 0x24, 0x75, 0x6B, 0x8B, 0xD9, 0x53, 0x12, 0x3B, 0x49, 0x32, 0xF1, 0x97, 0xAA, 0xD8,
    0x57, 0xBC, 0x2A, 0x49, 0x0F, 0x66, 0xAA, 0xF9, 0x3F, 0xE1, 0x1B, 0x7F, 0xE5, 0x7C, 0xB9, 0x4F,
    0x9A, 0xC8, 0xF2, 0xF9, 0xFE, 0xCB, 0xC1, 0xE7, 0x2E, 0x97, 0x8D, 0x13, 0xF6, 0x8C, 0x5C, 0xE5,
    0x37, 0x19, 0x08, 0xEE, 0x4E, 0xD5, 0x80, 0xBF, 0x44, 0xCD, 0x56, 0x30, 0xB3, 0x97, 0x0D, 0x66,
    0x97, 0xAE, 0x3F, 0xA6, 0x27, 0xF5, 0xAB, 0xDC, 0xAD, 0x6E, 0x32, 0x98, 0x7B, 0xDC, 0x0E, 0xE6,
    0x3D, 0xDE, 0x75, 0x61, 0x6B, 0xBE, 0x32, 0x33, 0xAF, 0x09, 0xCA, 0x50, 0x2D, 0x74, 0xA8, 0x72,
    0xF3, 0x9B, 0x0C, 0xE6, 0x75, 0x84, 0xBA, 0x14, 0x34, 0x21, 0xD5, 0xE6, 0x95, 0x99, 0xA9, 0x6E,
    0x49, 0xFD, 0x94, 0x18, 0x4A, 0x01, 0x9E, 0x56, 0xDB, 0x1B, 0x5C, 0xF9, 0x9F, 0xB9, 0x9C, 0x40,
    0xE8, 0x09, 0x91, 0x62, 0xCC, 0x25, 0xF0, 0xBB, 0xE3, 0x2C, 0x81, 0x21, 0x21, 0x88, 0x49, 0x3D,
    0xCD, 0x5B, 0xCF, 0x68, 0x58, 0x1A, 0x4B, 0x29, 0x8E, 0x69, 0xC5, 0x6C, 0x98, 0x86, 0xEF, 0xA8,
    0x67, 0x52, 0xFE, 0x8F, 0x36, 0x7C, 0xE7, 0x0D, 0x7C, 0x85, 0x98, 0xF1, 0xE9, 0xC7, 0xA4, 0x62,
    0xB8, 0x6C, 0x67, 0x53, 0xE1, 0xEE, 0x16, 0xC8, 0x8B, 0x1E, 0xAD, 0xB1, 0x51, 0x6B, 0xE8, 0xC2,
    0xD0, 0x17, 0x6B, 0x41, 0x4F, 0x6C, 0x17, 0x4D, 0x08, 0x56, 0xFC, 0x68, 0x42, 0x52, 0xDE, 0x23,
    0xFE, 0xE4, 0xA2, 0xDA, 0x0B, 0xCD, 0x29, 0x21, 0xAA, 0x1D, 0x26, 0x6A, 0xCE, 0x2D, 0x6F, 0x5F,
    0xF8, 0x1C, 0xC6, 0x72, 0x37, 0x86, 0x61, 0xAF, 0x75, 0x23, 0xBE, 0x1F, 0xB6, 0xEA, 0x91, 0x8B,
    0x58, 0x67, 0xB2, 0x86, 0x4C, 0xE0, 0xA3, 0x96, 0x9D, 0x06, 0x1F, 0x74, 0xD2, 0x4A, 0x8E, 0x07,
    0x32, 0x82, 0xFA, 0x94, 0x94, 0xA0, 0x2E, 0x65, 0xE1, 0xB5, 0xF9, 0x92, 0xB6, 0x49, 0x7E, 0xB0,
    0xE4, 0x49, 0x3F, 0xAD, 0x88, 0x46, 0xFD, 0x19, 0x08, 0xF0, 0xA1, 0x48, 0x9D, 0x91, 0x1E, 0x2B,
    0xB9, 0x38, 0x1B, 0x70, 0x67, 0x82, 0xD0, 0x4D, 0x5B, 0x48, 0x36, 0xAE, 0xFC, 0x16, 0x4D, 0x61,
    0x7E, 0x3F, 0xC0, 0x3F, 0x1E, 0x60, 0x3A, 0xE6, 0xD2, 0x8E, 0xAD, 0x75, 0x9B, 0x21, 0x69, 0x52,
    0xB9, 0x7A, 0x62, 0x17, 0x7A, 0x83, 0xA5, 0xA2, 0x93, 0xEC, 0x39, 0xA2, 0xCE, 0x50, 0x15, 0x86,
    0x55, 0xDB, 0x20, 0x71, 0x63, 0x27, 0xD5, 0x42, 0x9E, 0xD4, 0x9B, 0x92, 0x3F, 0x24, 0x5C, 0x90,
    0x73, 0x77, 0x49, 0xD3, 0x9C, 0x63, 0x49, 0x3F, 0x2B, 0xF6, 0xCB, 0x6C, 0x73, 0x15, 0xB3, 0xFC,
    0x03, 0x09, 0x5D, 0x99, 0x43, 0x02, 0xD3, 0xA1, 0xD5, 0x55, 0xF1, 0x8F, 0xCE, 0x28, 0x67, 0x82,
    0xA0, 0x45, 0xBE, 0xCF, 0x21, 0xAD, 0x89, 0xB2, 0x21, 0xAE, 0x13, 0x64, 0xDD, 0xF4, 0xB6, 0x74,
    0xB2, 0x8A, 0x99, 0x66, 0xA2, 0xD9, 0x9B, 0xD9, 0xF6, 0x7C, 0x9F, 0x27, 0xEE, 0x7C, 0x6E, 0x5C,
    0x5D, 0x1B, 0x5B, 0xCB, 0x43, 0xD1, 0x75, 0xC8, 0x77, 0x39, 0xC9, 0xA2, 0x98, 0x12, 0xB0, 0x9A,
    0x06, 0x01, 0x47, 0xBD, 0x88, 0xD9, 0xFD, 0x23, 0x28, 0x4A, 0x84, 0x24, 0x70, 0x17, 0x51, 0x27,
    0xE4, 0x39, 0xF9, 0xDB, 0x36, 0xBA, 0x8B, 0xFC, 0x18, 0x67, 0x4D, 0x58, 0x2B, 0x1C, 0x45, 0x38,
    0xEF, 0x87, 0xFF, 0x2F, 0x24, 0xF2, 0x2F, 0x1D, 0x8E, 0x31, 0x0E, 0x82, 0x30, 0x18, 0x46, 0x3F,
    0x20, 0x81, 0xC4, 0x1A, 0xEB, 0x01, 0x0C, 0x70, 0x00, 0x2B, 0x0E, 0x0C, 0x0C, 0x3F, 0xB6, 0x37,
    0x91, 0x0B, 0xB8, 0x39, 0x30, 0x10, 0xE1, 0x48, 0xB8, 0x31, 0x38, 0x34, 0xF1, 0x00, 0xF6, 0x08,
    0x3D, 0x82, 0x31, 0x0C, 0x0E, 0x4D, 0xB4, 0x9A, 0x6F, 0x7D, 0xF9, 0xDE, 0x23, 0xD4, 0xC8, 0xC0,
    0x10, 0x29, 0xA8, 0x48, 0x33, 0xCD, 0x55, 0x8A, 0x0A, 0x39, 0x30, 0x22, 0x74, 0x60, 0x27, 0x6C,
    0x18, 0xF2, 0x10, 0x4C, 0xEB, 0xE2, 0xA5, 0xCB, 0x0F, 0xF2, 0x1A, 0xD2, 0x49, 0x07, 0x98, 0xD5,
    0x4C, 0xFD, 0x3B, 0x33, 0x74, 0xA1, 0x36, 0x75, 0x72, 0xDA, 0x55, 0xE8, 0xFD, 0x0F, 0x83, 0x00,
    0x50, 0x0C, 0xA3, 0xB5, 0xF6, 0x6A, 0xA4, 0x0A, 0xEF, 0x3A, 0x79, 0x0C, 0xFC, 0x08, 0x41, 0xD8,
    0x37, 0x68, 0xE2, 0x6A, 0x2B, 0x9E, 0xDC, 0x24, 0x5E, 0xE6, 0x37, 0x44, 0x1E, 0x5F, 0xA3, 0xBB,
    0x75, 0x82, 0xA9, 0x03, 0x1F, 0x88, 0x83, 0x3A, 0x2A, 0x4D, 0x80, 0x18, 0x4C, 0x05, 0x26, 0x34,
    0xD2, 0x23, 0x4B, 0x5F, 0x74, 0x46, 0x8B, 0x42, 0x13, 0xB5, 0xD3, 0xEC, 0xDD, 0x8B, 0xBF, 0xDB,
    0xFE, 0x4A, 0xBE, 0xC5, 0x5A, 0x4D, 0x8F, 0xDC, 0x56, 0x76, 0xBD, 0x45, 0x8E, 0x44, 0xC1, 0x94,
    0xFA, 0x69, 0x61, 0x60, 0x06, 0xB0, 0xD4, 0xF4, 0xD2, 0x80, 0xA5, 0xA2, 0x10, 0x74, 0x92, 0x46,
    0xC2, 0x2A, 0x12, 0x23, 0x04, 0xB3, 0xF0, 0x62, 0xF4, 0x0F, 0xEC, 0x7F, 0xA0, 0x06, 0x46, 0x40,
    0x7A, 0x51, 0xAD, 0xA2, 0xED, 0x85, 0x17, 0xB3, 0x18, 0x05, 0xF9, 0x01, 0x91, 0x7F, 0x81, 0x1B,
    0x48, 0x23, 0xA8, 0x24, 0x35, 0xEA, 0x17, 0x67, 0xE1, 0x45, 0x90, 0x84, 0x33, 0x19, 0x24, 0x9B,
    0x00, 0xA6, 0x33, 0x8B, 0x2C, 0xE7, 0x8D, 0xC4, 0xC4, 0xD4, 0x98, 0xDD, 0xCC, 0x39, 0xF7, 0xB1,
    0x4A, 0xAD, 0x0F, 0x3B, 0x92, 0xD5, 0xF2, 0xB4, 0x9A, 0x2C, 0x55, 0x17, 0xDF, 0xE3, 0xFD, 0x38,
    0xF7, 0xDE, 0x73, 0x2F, 0x4B, 0xE2, 0x42, 0x24, 0xAE, 0x45, 0x46, 0xAD, 0x88, 0x5C, 0x92, 0xD5,
    0xCF, 0xA8, 0xEF, 0x8F, 0x24, 0x91, 0x2B, 0x92, 0xE2, 0xC8, 0x71, 0x4C, 0xF1, 0xC7, 0x49, 0x58,
    0xCA, 0x2C, 0x2C, 0xE4, 0xB0, 0x17, 0x59, 0xC6, 0x22, 0x2D, 0x8E, 0xE6, 0x8C, 0x88, 0x93, 0x8B,
    0x23, 0x27, 0xB7, 0x02, 0x27, 0xFB, 0xA1, 0x13, 0x97, 0xF7, 0x7D, 0x2D, 0xA1, 0x5D, 0x48, 0x6C,
    0x3B, 0xBC, 0x1E, 0x9C, 0xD6, 0x9E, 0x38, 0x9A, 0xCC, 0x58, 0xB7, 0x6D, 0x4A, 0xB7, 0x63, 0x0A,
    0x77, 0x23, 0x91, 0x1B, 0xD8, 0x4B, 0xB0, 0x17, 0x8E, 0xBE, 0x94, 0x69, 0xE4, 0x64, 0x26, 0x9D,
    0x2C, 0xF5, 0xDF, 0x4C, 0x5A, 0x9C, 0x5B, 0xE9, 0x46, 0x8D, 0xB4, 0xB9, 0xC3, 0x2E, 0x92, 0x96,
    0x5E, 0x4F, 0xEC, 0x2E, 0x91, 0x7F, 0x2F, 0x5B, 0x2B, 0xD9, 0x3A, 0xC8, 0x96, 0x61, 0xBF, 0x0C,
    0xFB, 0x65, 0x90, 0xED, 0xA2, 0x4C, 0xF0, 0xC1, 0x0C, 0xC7, 0x72, 0x38, 0xB8, 0xB4, 0xF1, 0xAB,
    0x21, 0x9B, 0x40, 0x36, 0x09, 0x1B, 0xDE, 0x1A, 0x7F, 0x0B, 0xA0, 0x73, 0x5A, 0x2C, 0xF1, 0xF9,
    0x6E, 0x58, 0xC9, 0xAE, 0x29, 0xE5, 0xA2, 0x81, 0x3D, 0x75, 0xBB, 0xBE, 0xC5, 0x76, 0x5B, 0x38,
    0xAE, 0xE1, 0x78, 0x93, 0xE2, 0x96, 0x49, 0x11, 0x54, 0xC6, 0x86, 0x36, 0x6C, 0x23, 0x2B, 0xF3,
    0x23, 0x88, 0x72, 0x24, 0xA3, 0xC6, 0xC0, 0x5C, 0x46, 0x22, 0x1C, 0xB1, 0x85, 0x84, 0x70, 0x4B,
    0xC8, 0x7B, 0x72, 0xFF, 0x1C, 0x7F, 0x88, 0x79, 0xD3, 0x06, 0x82, 0xB5, 0xB2, 0x8B, 0x63, 0x01,
    0x41, 0x96, 0x51, 0x25, 0xE9, 0x31, 0xE5, 0x6F, 0xE5, 0x66, 0x41, 0x6B, 0xE0, 0x17, 0x76, 0x85,
    0xE8, 0x99, 0x0A, 0xBF, 0x54, 0xB1, 0x5B, 0x0A, 0x0E, 0x99, 0x21, 0x32, 0xEC, 0x40, 0x81, 0x77,
    0x33, 0xE9, 0x26, 0xB2, 0xC8, 0x56, 0xAE, 0x79, 0xC1, 0xE5, 0x49, 0x6F, 0xE5, 0x6C, 0xFB, 0xC8,
    0x0E, 0x6A, 0x0B, 0xCA, 0x5B, 0xE1, 0xA0, 0xEC, 0x14, 0x17, 0x07, 0xEC, 0x20, 0x06, 0x10, 0x33,
    0xE2, 0x8F, 0x04, 0xC7, 0x55, 0xD1, 0xDD, 0xE5, 0x96, 0xC8, 0x3D, 0x2C, 0x39, 0xC4, 0xC7, 0x12,
    0x12, 0x1B, 0xF8, 0xB3, 0xC1, 0x1A, 0xD9, 0xE6, 0x2A, 0xD9, 0xE2, 0x3A, 0xD9, 0xE1, 0x2A, 0xD9,
    0xE7, 0x3A, 0xA9, 0x53, 0x38, 0x59, 0xEC, 0xF4, 0x6C, 0x23, 0x81, 0x9D, 0x40, 0xB6, 0xB0, 0xCC,
    0x20, 0x6A, 0x04, 0x41, 0xA7, 0xB2, 0x81, 0xF7, 0x13, 0x58, 0xBC, 0x93, 0xD9, 0x78, 0x1B, 0x12,
    0xC3, 0xE5, 0xA3, 0x26, 0xAE, 0xD3, 0x32, 0xE9, 0x8F, 0xA9, 0x9F, 0x7A, 0x29, 0x29, 0x08, 0x03,
    0x28, 0x49, 0x59, 0xE1, 0x08, 0x8A, 0x8B, 0xB5, 0x94, 0x96, 0x1B, 0x59, 0x95, 0x2C, 0xEE, 0xE1,
    0xD4, 0x79, 0xDF, 0x97, 0x87, 0xD4, 0xDF, 0x14, 0x49, 0x89, 0xED, 0x8C, 0x40, 0xB4, 0x16, 0xF2,
    0x43, 0xAB, 0x06, 0x1B, 0x18, 0x0B, 0xD5, 0xA7, 0xD0, 0x2F, 0xE0, 0x4B, 0x4A, 0xBB, 0xEC, 0x8D,
    0x3A, 0xD8, 0x26, 0xEE, 0xFB, 0x4A, 0x08, 0x55, 0x2A, 0x03, 0x04, 0x03, 0xAC, 0xB2, 0x6F, 0x8A,
    0xDA, 0xEB, 0xAE, 0x78, 0xC5, 0xC7, 0xB8, 0xEF, 0x34, 0x68, 0x79, 0xD3, 0x8E, 0x76, 0x5E, 0x8A,
    0x42, 0x16, 0xBF, 0x1D, 0xAD, 0xAD, 0xF6, 0x86, 0xC5, 0x1F, 0xC2, 0xC4, 0x79, 0xCF, 0xD0, 0x18,
    0x56, 0xDF, 0x13, 0x0F, 0x39, 0x79, 0xCD, 0xFB, 0xED, 0xC6, 0xA8, 0x6F, 0x70, 0xE7, 0xB4, 0x30,
    0x4E, 0xA3, 0x0A, 0xA7, 0x1D, 0x2A, 0x54, 0x33, 0xB0, 0xA0, 0x4D, 0xC6, 0x55, 0x73, 0x62, 0x68,
    0xC9, 0x60, 0x6B, 0x69, 0xD2, 0x86, 0x36, 0x76, 0xD0, 0x75, 0xE4, 0x60, 0x85, 0xC0, 0x41, 0x0F,
    0x6C, 0xC9, 0x1B, 0xC9, 0x1C, 0x9F, 0x2C, 0x74, 0xE3, 0xDB, 0x7A, 0x4E, 0x4A, 0x05, 0x87, 0x95,
    0xC7, 0x7E, 0x60, 0x4C, 0x03, 0xF7, 0xDF, 0x2C, 0x18, 0x4B, 0xA9, 0xCA, 0x93, 0x2A, 0x36, 0xA7,
    0x32, 0x76, 0x54, 0xE9, 0x6F, 0x70, 0xCE, 0x82, 0x7F, 0x83, 0x10, 0xB3, 0xE8, 0x3A, 0x34, 0x5D,
    0x5E, 0xA6, 0x2C, 0xED, 0x2D, 0xDA, 0xF7, 0x7F, 0x6A, 0xC2, 0xE2, 0xCB, 0x12, 0x2E, 0x1E, 0x1D,
    0x13, 0x1A, 0x01, 0x6D, 0x2B, 0xAA, 0x04, 0x44, 0x08, 0x7B, 0xAC, 0x3D, 0x23, 0x8A, 0x16, 0xC2,
    0x27, 0x82, 0xC0, 0xD1, 0xD1, 0xC9, 0xBB, 0x1F, 0x76, 0x61, 0x5F, 0x98, 0x5F, 0x21, 0xA8, 0xB1,
    0x51, 0x2D, 0x51, 0x15, 0x58, 0x78, 0x13, 0x19, 0x24, 0x74, 0x31, 0x71, 0x78, 0x9E, 0x41, 0xBA,
    0x4D, 0x65, 0x77, 0xA8, 0x36, 0x1D, 0x7C, 0xBB, 0x1C, 0x92, 0x84, 0x46, 0x34, 0xCD, 0x24, 0x08,
    0x45, 0x58, 0x93, 0x1F, 0x2A, 0xFC, 0xA0, 0x52, 0x02, 0x6C, 0xA5, 0x45, 0xA0, 0xCA, 0x10, 0xCD,
    0xFE, 0x3C, 0x55, 0xA4, 0x4C, 0x14, 0x28, 0x99, 0x22, 0x7B, 0xA6, 0x30, 0x59, 0x2A, 0xBA, 0x5B,
    0xC5, 0xB7, 0x3F, 0x37, 0x54, 0x06, 0xB6, 0x4C, 0x34, 0x18, 0x52, 0x55, 0x29, 0xA7, 0xAB, 0x7B,
    0xAA, 0xA4, 0x79, 0x43, 0x33, 0xC7, 0xFA, 0x5C, 0x9F, 0x38, 0x2B, 0x0E, 0x19, 0xEF, 0x62, 0x78,
    0x7A, 0x9B, 0x57, 0xFC, 0x01, 0x4F, 0x1F, 0xF3, 0xF4, 0x0F, 0x0C, 0xAE, 0x02, 0x3B, 0x44, 0x44,
    0x86, 0x41, 0xAC, 0xCA, 0x5B, 0x44, 0xCB, 0x35, 0x9E, 0xEE, 0x42, 0x22, 0x78, 0x68, 0x0F, 0x96,
    0x80, 0xD7, 0xF2, 0x36, 0xEA, 0xEB, 0x21, 0xD1, 0x9E, 0x4C, 0x66, 0x6F, 0x69, 0xB2, 0xDD, 0xA3,
    0xBE, 0x7D, 0x81, 0xAC, 0x51, 0x63, 0xA7, 0x46, 0x91, 0xD6, 0x20, 0x41, 0x3A, 0x69, 0x03, 0x17,
    0x20, 0x45, 0x26, 0x36, 0xC7, 0xD2, 0x11, 0x21, 0x9C, 0xC0, 0x31, 0x29, 0x6E, 0x90, 0x6B, 0x74,
    0x31, 0xB6, 0x5A, 0xB8, 0xB3, 0x46, 0x60, 0x30, 0x51, 0xFB, 0xF5, 0x58, 0x3B, 0xAC, 0xEF, 0xB0,
    0x1E, 0x48, 0x7C, 0xA3, 0xCA, 0x35, 0xDA, 0x5E, 0x32, 0x99, 0x22, 0x1B, 0x20, 0xA7, 0x65, 0xD0,
    0x48, 0xB6, 0x69, 0xE7, 0x2D, 0x42, 0x76, 0x87, 0x56, 0xDE, 0x27, 0x82, 0x6B, 0xE6, 0x84, 0x8A,
    0x86, 0xB6, 0xB4, 0xB3, 0x85, 0x6A, 0x51, 0x31, 0x25, 0x64, 0x26, 0xF4, 0x2E, 0xEE, 0xB2, 0x8B,
    0x5B, 0x04, 0xB5, 0x74, 0x6A, 0x7E, 0xA4, 0x0A, 0x5C, 0x94, 0xF1, 0xB4, 0xCD, 0x13, 0xF2, 0x4E,
    0x58, 0xEE, 0xF3, 0xF4, 0xD2, 0x55, 0xEE, 0x06, 0xB1, 0x03, 0x08, 0x87, 0x7D, 0x9D, 0xD8, 0xE0,
    0x08, 0x0E, 0x98, 0x97, 0xC8, 0x44, 0x33, 0xBA, 0x35, 0x92, 0x25, 0xA0, 0x29, 0xA1, 0x2C, 0x43,
    0xAA, 0x54, 0xB6, 0x1B, 0xBC, 0xB8, 0x6E, 0x68, 0x04, 0xF1, 0xA0, 0x88, 0x7F, 0xE9, 0x68, 0x8A,
    0x24, 0x70, 0xBC, 0xF1, 0x34, 0xAC, 0x99, 0x1D, 0x96, 0x21, 0x55, 0x93, 0x26, 0xAC, 0xA0, 0x70,
    0x88, 0x40, 0x85, 0xF2, 0x51, 0x95, 0x54, 0x71, 0x25, 0x7D, 0xD1, 0x77, 0x21, 0x32, 0xC4, 0x61,
    0x0B, 0xC4, 0x20, 0x7B, 0x95, 0xA6, 0x88, 0x8A, 0x55, 0x8A, 0xE5, 0x5A, 0x04, 0x6F, 0x5E, 0x0D,
    0xC5, 0x7C, 0xA2, 0xA0, 0x7F, 0x7D, 0x70, 0x20, 0x73, 0x4C, 0x86, 0x9A, 0x17, 0xC3, 0xFD, 0xAF,
    0x3C, 0x80, 0xE5, 0x9C, 0xA2, 0x7A, 0x1A, 0x30, 0xF0, 0xA6, 0x31, 0xFF, 0x1F, 0xB7, 0xDF, 0x71,
    0x12, 0x79, 0x25, 0xD9, 0x31, 0x24, 0xB2, 0x7D, 0x95, 0xD2, 0x22, 0xA5, 0x35, 0x4A, 0x4B, 0x94,
    0x56, 0x28, 0xFA, 0x6F, 0x44, 0x38, 0x06, 0x3C, 0x85, 0xE5, 0x44, 0xB4, 0x38, 0x69, 0x6D, 0xC2,
    0xFD, 0x5B, 0xD1, 0xCA, 0x84, 0xC2, 0x74, 0x2C, 0xAC, 0x4B, 0xA5, 0xF4, 0xDC, 0x12, 0x00, 0xA8,
    0x94, 0x8E, 0x20, 0xF6, 0x19, 0xFE, 0x29, 0xA4, 0x85, 0xC2, 0x7F, 0xE2, 0xE4, 0xCF, 0x71, 0x9F,
    0x3F, 0x74, 0xF2, 0xDF, 0x78, 0xB9, 0xD6, 0x06, 0xFF, 0x84, 0x97, 0xFD, 0x2E, 0x7C, 0x07, 0x2F,
    0x77, 0xBB, 0x0D, 0xDE, 0xBE, 0x5A, 0x5E, 0xE2, 0x8B, 0x9D, 0x50, 0x0E, 0xDC, 0x98, 0x42, 0x04,
    0x65, 0x6E, 0x13, 0xE6, 0x8B, 0xB4, 0x4C, 0x19, 0x17, 0x89, 0xCC, 0x01, 0x98, 0xE6, 0x02, 0x8D,
    0xF2, 0xFF, 0xA7, 0xB9, 0x7A, 0x95, 0xE6, 0x50, 0xFF, 0x9E, 0x48, 0x73, 0x8D, 0x9E, 0xDD, 0x53,
    0x69, 0xAE, 0x91, 0xF9, 0xDA, 0xE8, 0xC9, 0x31, 0xE3, 0xC5, 0x86, 0x55, 0xE0, 0x70, 0x59, 0x8B,
    0x8F, 0x41, 0x32, 0x64, 0xC9, 0xCA, 0xD6, 0xF9, 0xA3, 0x23, 0x9D, 0x68, 0xB1, 0x03, 0xA8, 0xA1,
    0x63, 0x2E, 0x45, 0x0D, 0x05, 0x84, 0x11, 0xAE, 0xC8, 0x39, 0x88, 0xC7, 0x9E, 0xE6, 0x10, 0x25,
    0x6B, 0x2A, 0x8D, 0xAF, 0xD1, 0xBE, 0x44, 0x4F, 0x54, 0x9A, 0x99, 0x9E, 0x97, 0x2A, 0xCD, 0x52,
    0x91, 0xAF, 0xCE, 0x87, 0x7C, 0x89, 0xA6, 0x93, 0x54, 0x13, 0xCA, 0x54, 0xE5, 0x9B, 0x2A, 0x28,
    0x6E, 0x8B, 0xD6, 0x65, 0xDD, 0x1F, 0xDA, 0x47, 0xAC, 0xDF, 0xDD, 0x10, 0x17, 0x7B, 0x1A, 0x1B,
    0x2C, 0xC3, 0x33, 0x94, 0x94, 0x25, 0x83, 0xEC, 0x78, 0x9D, 0x9C, 0xD6, 0x89, 0xC9, 0x3D, 0xC1,
    0xF2, 0x40, 0xC0, 0x20, 0xDC, 0x2E, 0x70, 0x70, 0xD1, 0x0C, 0x45, 0x7D, 0xFA, 0xC4, 0x81, 0xDC,
    0x5F, 0x3C, 0xCE, 0xF2, 0x8E, 0x99, 0x8D, 0xDA, 0x2C, 0xB6, 0x07, 0x58, 0xB8, 0xBF, 0x6F, 0x90,
    0x83, 0x28, 0x7D, 0x32, 0x6C, 0x90, 0x0F, 0x0B, 0x9F, 0x91, 0x28, 0x35, 0x46, 0xE0, 0x8F, 0x57,
    0x52, 0xFB, 0x24, 0x22, 0x1B, 0xD1, 0x5B, 0x1D, 0x82, 0xB5, 0x44, 0x75, 0x7B, 0x1B, 0x3A, 0x36,
    0xA6, 0x98, 0x8C, 0x9C, 0xB1, 0xCB, 0xC0, 0x81, 0xC6, 0xF3, 0xD4, 0x86, 0x35, 0xFC, 0xC4, 0xE4,
    0x34, 0xA3, 0xD7, 0xD2, 0x77, 0x3E, 0x6D, 0xE5, 0x2C, 0x0D, 0xAA, 0x9E, 0x90, 0x77, 0xEF, 0x78,
    0x1A, 0x09, 0x1B, 0x35, 0xC8, 0x4F, 0x29, 0x94, 0xC7, 0x07, 0xE8, 0x28, 0x0C, 0x13, 0x6E, 0x54,
    0x91, 0x18, 0x3E, 0xC0, 0x85, 0xC0, 0x3E, 0x7E, 0xBA, 0xD5, 0x29, 0xE0, 0xDB, 0x98, 0xFA, 0x2B,
    0x94, 0x6F, 0xD1, 0xB7, 0x35, 0x6C, 0x1B, 0x59, 0x00, 0xEB, 0x90, 0xAC, 0x0D, 0xC0, 0xC2, 0xF9,
    0x36, 0xCB, 0xA3, 0x42, 0x53, 0x0B, 0xB0, 0x02, 0x53, 0x71, 0xA9, 0x27, 0x16, 0x5F, 0x05, 0xA5,
    0x62, 0x52, 0x2B, 0x2F, 0xF6, 0x98, 0x12, 0x3B, 0x4A, 0xEB, 0x14, 0x33, 0x4B, 0x21, 0xBC, 0xEA,
    0x55, 0xB9, 0x25, 0xCA, 0x4F, 0x9C, 0x46, 0x45, 0x7E, 0x84, 0xFB, 0x00, 0xBC, 0x8E, 0x27, 0x84,
    0x62, 0x89, 0xCB, 0x4C, 0x89, 0xD5, 0xA6, 0x88, 0x79, 0x82, 0xB7, 0x4D, 0x05, 0x4A, 0x14, 0xF4,
    0x7D, 0x21, 0x8F, 0xD1, 0x39, 0x19, 0x5C, 0xE7, 0x6D, 0x7C, 0x8F, 0x2D, 0x95, 0xA2, 0xAD, 0xED,
    0xBB, 0xC3, 0x23, 0x9A, 0xC2, 0x02, 0x57, 0xA9, 0xDF, 0x22, 0xC5, 0x42, 0x48, 0x3C, 0xD5, 0xF7,
    0x58, 0x90, 0x12, 0xBC, 0x99, 0xBE, 0x57, 0x20, 0xA6, 0x74, 0x05, 0xDF, 0xB3, 0xDE, 0x72, 0xC3,
    0x56, 0xDF, 0x6B, 0xB5, 0x9E, 0x11, 0x91, 0x7C, 0x0F, 0x35, 0xF9, 0x3E, 0x74, 0xFA, 0x9E, 0x45,
    0x0E, 0x8E, 0x58, 0xDD, 0xEF, 0x26, 0xEE, 0x97, 0x7C, 0xCD, 0xFD, 0xA6, 0xFA, 0xFE, 0x54, 0xEE,
    0xE7, 0x59, 0x61, 0xE8, 0x5F, 0xA2, 0xE1, 0xA5, 0xF4, 0x2F, 0x8A, 0x2B, 0x09, 0x84, 0x6C, 0x80,
    0xD9, 0x12, 0x2C, 0x18, 0x69, 0xF2, 0x24, 0xD8, 0xB5, 0x5D, 0x6B, 0x64, 0xA2, 0x8D, 0xDA, 0x1E,
    0xCE, 0xE4, 0x18, 0x7B, 0x43, 0xCB, 0xD6, 0x80, 0xB9, 0x57, 0xA9, 0x32, 0x89, 0x8E, 0x71, 0x83,
    0xAC, 0x0E, 0xEF, 0xA7, 0x7A, 0x9B, 0x54, 0x1B, 0x0B, 0x56, 0x7B, 0x4B, 0x69, 0xB1, 0x71, 0x8E,
    0x98, 0x28, 0x64, 0x16, 0x3B, 0x6C, 0xBE, 0x1C, 0x35, 0x29, 0x55, 0xE8, 0x52, 0x6A, 0xD0, 0x4D,
    0x99, 0x10, 0x90, 0x82, 0x28, 0x76, 0x26, 0x64, 0x38, 0x68, 0x1A, 0xC0, 0x72, 0x48, 0x0C, 0x1E,
    0xA2, 0xFE, 0x70, 0x7F, 0xEE, 0xAE, 0x32, 0xA5, 0x27, 0x02, 0x10, 0x7B, 0x72, 0x47, 0xEE, 0xC7,
    0xDD, 0x94, 0xE9, 0xB8, 0x15, 0x53, 0x0A, 0x07, 0xA6, 0xF4, 0x50, 0x46, 0x40, 0x7A, 0x54, 0xCD,
    0x8B, 0x18, 0x08, 0x31, 0x9A, 0x26, 0x60, 0xA9, 0x6B, 0x58, 0xB3, 0x83, 0x15, 0x8C, 0x26, 0xB0,
    0x2A, 0xA9, 0xF0, 0xF7, 0x32, 0xAC, 0xDF, 0x84, 0xDC, 0xB7, 0xD0, 0x81, 0x1C, 0x50, 0x4D, 0xA4,
    0xFB, 0xF4, 0x58, 0x2B, 0xF1, 0xE8, 0x10, 0x88, 0xBC, 0xA9, 0x29, 0x10, 0x12, 0x4C, 0x7D, 0x0F,
    0xD6, 0xAA, 0xAF, 0xB0, 0x16, 0xEA, 0x4D, 0x88, 0x45, 0xAB, 0x6C, 0x08, 0x2F, 0x73, 0xD8, 0x1D,
    0x2F, 0x4B, 0x22, 0xB2, 0x64, 0xAE, 0xE5, 0x95, 0x4D, 0xAC, 0x76, 0x69, 0x22, 0x1A, 0x06, 0x85,
    0xCB, 0xAA, 0xCB, 0xD6, 0xC5, 0x0B, 0x9F, 0x02, 0xD9, 0x89, 0xD2, 0x68, 0x0A, 0x15, 0xD7, 0x09,
    0x7B, 0x3D, 0x6D, 0xF5, 0x72, 0x9E, 0xA6, 0xC4, 0x30, 0x8D, 0x69, 0x67, 0xA2, 0x36, 0x47, 0x84,
    0x74, 0x64, 0x15, 0x08, 0xE7, 0x31, 0x13, 0x61, 0xC6, 0x4C, 0x08, 0xCD, 0xB9, 0xB9, 0x83, 0xC6,
    0xF0, 0x5C, 0x5E, 0x6A, 0x46, 0x64, 0xF4, 0x22, 0x84, 0xB7, 0x40, 0x2D, 0x41, 0xB1, 0x42, 0x38,
    0x73, 0x03, 0x2C, 0xE4, 0x32, 0x16, 0x65, 0x30, 0x18, 0xD7, 0xCD, 0xC2, 0xBA, 0xBC, 0x9D, 0xFC,
    0xBA, 0xCC, 0xEF, 0x1F, 0x4B, 0xF2, 0xFE, 0x9A, 0x06, 0xEC, 0x6B, 0x8C, 0xCC, 0x81, 0x83, 0xE3,
    0x3B, 0x8A, 0x22, 0xD2, 0x04, 0x52, 0xA4, 0x2B, 0xA8, 0xB3, 0x7F, 0xFA, 0x0B, 0xE6, 0xEE, 0x56,
    0x9B, 0x22, 0x9E, 0x1B, 0x3D, 0x48, 0x39, 0x01, 0x44, 0xEC, 0xB9, 0xC0, 0x82, 0x49, 0x32, 0xB0,
    0x8A, 0x79, 0x15, 0x7E, 0x81, 0x72, 0xE3, 0xC6, 0xE2, 0xB2, 0xC8, 0xDE, 0xBB, 0x27, 0xC7, 0x3F,
    0xB6, 0x60, 0x4F, 0xF8, 0x45, 0xDA, 0x9D, 0x25, 0x92, 0xB4, 0xCC, 0x74, 0xD1, 0x8F, 0xEC, 0x79,
    0x04, 0x34, 0x11, 0x54, 0xA0, 0x51, 0x43, 0xA1, 0xCD, 0x7D, 0x87, 0x1B, 0x48, 0xB6, 0x29, 0x09,
    0x0B, 0x22, 0x3A, 0xAE, 0x7A, 0x6F, 0x88, 0x6C, 0xF3, 0xE8, 0x48, 0x7F, 0x83, 0xD6, 0x3C, 0xD7,
    0xD6, 0x1C, 0xCD, 0x20, 0x3E, 0xDD, 0x84, 0x6C, 0x57, 0x61, 0xAF, 0x0C, 0xFF, 0x76, 0x55, 0xCF,
    0x49, 0x80, 0x78, 0x8B, 0x0B, 0x2F, 0x4F, 0x5A, 0x8D, 0x9C, 0x8B, 0x4A, 0x67, 0xC4, 0x5D, 0x05,
    0xEF, 0x1C, 0x4B, 0xCE, 0xCC, 0x85, 0xDF, 0x32, 0x8F, 0x6C, 0xD2, 0x4B, 0xD4, 0x82, 0xAF, 0x44,
    0x65, 0x2E, 0xAF, 0x4D, 0xE2, 0xE2, 0xF3, 0xF2, 0xD2, 0xA6, 0x09, 0x3F, 0x2A, 0x64, 0xC3, 0xD0,
    0x00, 0x9B, 0x1B, 0xDA, 0x25, 0xB3, 0x06, 0xC9, 0x95, 0x2B, 0xDA, 0x29, 0x67, 0xDA, 0x2B, 0xF3,
    0x7C, 0xCB, 0xED, 0x4E, 0xCE, 0xCB, 0xDF, 0xDA, 0x83, 0xCD, 0xB7, 0x20, 0xBC, 0x8B, 0xEB, 0x75,
    0x4F, 0x64, 0xA3, 0x0F, 0xDC, 0x39, 0xA1, 0x7B, 0xA0, 0x20, 0x53, 0x6A, 0x0C, 0xEA, 0x68, 0x77,
    0x42, 0xBB, 0x88, 0xED, 0x6E, 0x4A, 0x0B, 0x8C, 0xCA, 0x33, 0x20, 0x30, 0x53, 0xF9, 0x04, 0x6C,
    0x38, 0x46, 0xDB, 0x6C, 0x8A, 0x19, 0x74, 0x5B, 0x40, 0x9B, 0x85, 0xBA, 0x78, 0x42, 0x2D, 0x42,
    0x57, 0x4E, 0xC6, 0x0F, 0xE0, 0xA9, 0x5E, 0x52, 0x7A, 0x6A, 0x3B, 0x80, 0x7D, 0xE0, 0x93, 0x5D,
    0x94, 0x8D, 0xC4, 0xDF, 0xED, 0x5B, 0xED, 0x23, 0xF2, 0x86, 0xBD, 0xDC, 0x97, 0x3F, 0x37, 0x1F,
    0x3A, 0xF3, 0xE3, 0xC2, 0x20, 0x0A, 0x2C, 0xAD, 0x3D, 0x99, 0x90, 0x82, 0x65, 0xD8, 0x22, 0xAA,
    0x16, 0x01, 0x79, 0x2D, 0xCA, 0xD9, 0x7F, 0x80, 0xED, 0x02, 0xB0, 0xE7, 0x81, 0xEE, 0x2B, 0x86,
    0x0C, 0x0B, 0x04, 0x0B, 0x0E, 0xA9, 0xC7, 0xE4, 0x39, 0xAF, 0xE7, 0x36, 0xDB, 0x01, 0xF2, 0x40,
    0x7E, 0x73, 0x44, 0x4F, 0x29, 0x77, 0x58, 0x28, 0x6A, 0x89, 0xC9, 0x8E, 0x0D, 0x38, 0xB8, 0x5C,
    0xA8, 0xFF, 0xD8, 0xCA, 0xD5, 0xFA, 0xAF, 0xAD, 0x6C, 0xB9, 0xCF, 0xAC, 0xEC, 0x3C, 0xF8, 0x69,
    0x29, 0xFB, 0x5F, 0xC2, 0x1C, 0xD5, 0x91, 0xF9, 0xB3, 0xD4, 0x76, 0xE6, 0x52, 0x5E, 0x38, 0xD3,
    0xA0, 0x23, 0x31, 0x95, 0x14, 0x67, 0xE4, 0xA6, 0x1D, 0xCB, 0x21, 0x88, 0x9A, 0x29, 0xA0, 0x8B,
    0xF0, 0x58, 0xC2, 0xFC, 0xED, 0x5A, 0x17, 0x20, 0xB8, 0xC8, 0x82, 0xFB, 0xA8, 0x83, 0xBD, 0x2C,
    0xB4, 0x0E, 0xD7, 0x81, 0x5B, 0x46, 0x76, 0x62, 0x64, 0x9A, 0xCA, 0x78, 0x22, 0xD3, 0x89, 0x4C,
    0x00, 0x84, 0x4C, 0x16, 0x53, 0x71, 0xC9, 0x8F, 0x6C, 0x74, 0xEC, 0x83, 0xE2, 0xD3, 0x4E, 0xFA,
    0xCF, 0x81, 0xB3, 0x06, 0x7B, 0xD2, 0x4E, 0xC0, 0xDA, 0x49, 0x1B, 0x31, 0x32, 0xB2, 0xE0, 0xD7,
    0xE5, 0x2C, 0x3C, 0x96, 0x45, 0xE0, 0xBB, 0x43, 0xF9, 0x24, 0xAE, 0x47, 0xF7, 0x3E, 0x46, 0x6C,
    0x21, 0xF0, 0x26, 0xB8, 0x38, 0xC3, 0xC5, 0x33, 0x5C, 0xCC, 0x49, 0x4F, 0x83, 0x5A, 0xEF, 0x50,
    0xEA, 0xDD, 0x06, 0xD0, 0xB8, 0x8B, 0x22, 0x64, 0x9F, 0x39, 0x6C, 0xE9, 0x07, 0x04, 0x3E, 0x00,
    0x87, 0xBD, 0x6B, 0x18, 0xBE, 0x1E, 0x7B, 0xFC, 0x9D, 0x00, 0x81, 0x3F, 0x1C, 0x10, 0xB8, 0x12,
    0xD2, 0x54, 0x90, 0xF2, 0x10, 0x16, 0xC9, 0x3F, 0x40, 0x79, 0x47, 0xAE, 0x81, 0xA0, 0x21, 0x08,
    0x24, 0x22, 0x6C, 0xCC, 0xBC, 0x02, 0x59, 0x21, 0x3E, 0x98, 0x00, 0xA4, 0xAD, 0xCD, 0x25, 0x04,
    0x73, 0xE2, 0xF0, 0x19, 0xCA, 0xE0, 0x18, 0x64, 0xA2, 0x97, 0xC9, 0xE8, 0x67, 0x05, 0xB9, 0x58,
    0x0B, 0x34, 0xA0, 0x70, 0x7E, 0x8A, 0x08, 0xFB, 0x47, 0x48, 0xF6, 0x19, 0x24, 0xFB, 0x17, 0x1C,
    0xFF, 0xE9, 0xBB, 0x3A, 0x1D, 0x11, 0xB1, 0x19, 0x2A, 0x34, 0xC6, 0x27, 0xE0, 0x28, 0x73, 0x92,
    0xBB, 0x62, 0xDD, 0x0F, 0xBC, 0x51, 0x30, 0xF3, 0xC8, 0x10, 0x75, 0xBE, 0xB8, 0x8E, 0x57, 0x25,
    0x35, 0x25, 0x2B, 0x74, 0x3F, 0x47, 0x45, 0x2E, 0x77, 0x99, 0x68, 0x0F, 0x22, 0xBB, 0x49, 0x92,
    0x8E, 0xD0, 0x8B, 0x60, 0x5B, 0x17, 0x17, 0xB3, 0x11, 0x05, 0x0F, 0xAA, 0xCB, 0x94, 0x7E, 0x1B,
    0x3D, 0xC7, 0x2F, 0x6A, 0x49, 0xBE, 0x62, 0x9D, 0x8E, 0x59, 0x92, 0x38, 0xE5, 0xF4, 0x1B, 0xAF,
    0x77, 0x0F, 0xB4, 0x49, 0x60, 0x36, 0x3F, 0x8A, 0xBB, 0x68, 0x7C, 0xE1, 0xE0, 0x7B, 0x09, 0xA4,
    0x32, 0x77, 0xBD, 0x29, 0x69, 0x52, 0xB2, 0xFC, 0x3F, 0xAA, 0x2F, 0xEE, 0x7E, 0xF1, 0xDB, 0xEA,
    0xD0, 0xF6, 0x88, 0xD7, 0xBD, 0x17, 0x41, 0xBF, 0xF5, 0xE8, 0x27, 0x1A, 0xCE, 0x0F, 0xC4, 0x2B,
    0x1B, 0x0E, 0x4E, 0x44, 0x7D, 0xA1, 0x8C, 0x2B, 0x64, 0x07, 0x4B, 0x8A, 0x92, 0xF9, 0xFD, 0x50,
    0x05, 0xCC, 0x47, 0xB0, 0x65, 0xD7, 0x80, 0xC8, 0x6B, 0x6B, 0x8C, 0xE6, 0xE6, 0x3E, 0x39, 0x87,
    0xB2, 0xC0, 0x51, 0x79, 0x4E, 0x6E, 0xCC, 0x6D, 0x16, 0xD6, 0x9F, 0xE0, 0x54, 0xC5, 0x80, 0x8F,
    0x35, 0xC5, 0x82, 0x13, 0xC3, 0x26, 0x2E, 0x13, 0xF8, 0xAA, 0x18, 0xD3, 0x57, 0x13, 0xF8, 0x4A,
    0x70, 0x55, 0x7A, 0x6E, 0x92, 0x7C, 0xD1, 0x6F, 0xE7, 0x5F, 0xF6, 0x9F, 0xB8, 0xF4, 0xFD, 0x2E,
    0x29, 0x5F, 0x76, 0x03, 0x12, 0x27, 0xB1, 0x4F, 0xB3, 0x27, 0x35, 0xEB, 0x0F, 0xE4, 0x7B, 0xF0,
    0xD5, 0xEF, 0xDC, 0xDF, 0xF7, 0xD5, 0xFE, 0x86, 0xD4, 0xDB, 0x52, 0x7E, 0xD5, 0x06, 0x0D, 0x5A,
    0xAD, 0x71, 0x5C, 0x4E, 0xA0, 0x5E, 0x5C, 0x2E, 0xC2, 0x5F, 0xD6, 0x23, 0x78, 0xE5, 0x3D, 0x39,
    0x2B, 0x09, 0xF9, 0xDA, 0xDB, 0x2C, 0xEB, 0xD8, 0x61, 0xCC, 0x13, 0x6C, 0xFA, 0xB9, 0x83, 0x11,
    0xEA, 0xE5, 0x8C, 0xF1, 0xB8, 0x64, 0xD0, 0x2C, 0x68, 0x5F, 0xD0, 0x3B, 0x71, 0xAE, 0x32, 0x1F,
    0xDA, 0xBE, 0x40, 0xBC, 0xA0, 0x90, 0xBD, 0xC7, 0xE5, 0x6F, 0x73, 0xCC, 0xCC, 0x5F, 0x2C, 0xC3,
    0x22, 0x2C, 0xC1, 0x02, 0x5C, 0x8E, 0x8B, 0x71, 0x69, 0x48, 0xFA, 0x80, 0xB4, 0x5F, 0x9D, 0xD3,
    0xBA, 0x05, 0x00, 0xD1, 0xE5, 0x9C, 0x62, 0x56, 0x6F, 0x22, 0x31, 0xC2, 0x75, 0x7B, 0x08, 0xE6,
    0x21, 0x10, 0x2C, 0x0A, 0x40, 0x6F, 0x5B, 0x34, 0x23, 0x1F, 0x82, 0xE0, 0x1A, 0x80, 0xAC, 0x30,
    0xF8, 0x2D, 0x10, 0x2C, 0x46, 0xC6, 0xE4, 0x4C, 0x13, 0x16, 0xCC, 0x8C, 0x13, 0x8D, 0x8C, 0x1E,
    0x9F, 0xC5, 0x9F, 0xD6, 0x08, 0xDC, 0x7E, 0x40, 0x70, 0xF2, 0x15, 0x8A, 0xB1, 0x91, 0xA0, 0x46,
    0xEF, 0x52, 0xB1, 0xA7, 0x9A, 0x70, 0x52, 0x25, 0x72, 0x19, 0x15, 0xE6, 0x60, 0x81, 0xBF, 0x37,
    0x17, 0x23, 0xEB, 0xC0, 0x1E, 0xFB, 0xE2, 0x1E, 0xE5, 0x3F, 0x50, 0xC2, 0x9D, 0x69, 0x34, 0x44,
    0x64, 0x4A, 0xF2, 0x7C, 0x85, 0x83, 0x37, 0x97, 0x3D, 0x94, 0xEF, 0xCC, 0x3C, 0xDE, 0x4F, 0xA3,
    0x63, 0xC4, 0x62, 0x10, 0x30, 0x47, 0x5B, 0x09, 0xD6, 0x0B, 0x36, 0xE0, 0x0E, 0x03, 0xEC, 0xC0,
    0x93, 0x00, 0x6A, 0xEC, 0xA2, 0xDB, 0x8C, 0xEE, 0xF2, 0xA3, 0xEF, 0x57, 0xB4, 0xDE, 0x61, 0x5F,
    0xE1, 0x13, 0xC4, 0x89, 0x79, 0xC7, 0x99, 0x9D, 0x36, 0x29, 0xD1, 0xB7, 0xB5, 0x40, 0x33, 0x02,
    0x0B, 0xBF, 0xB3, 0x91, 0x5B, 0x04, 0x75, 0x1B, 0xA2, 0xA4, 0xFA, 0x8B, 0x74, 0x80, 0x9B, 0x91,
    0x58, 0x0D, 0xA4, 0x8F, 0xCA, 0x34, 0x1C, 0xB7, 0xF0, 0x02, 0x21, 0x06, 0xE4, 0x39, 0x0B, 0x6E,
    0x35, 0xBA, 0x0F, 0x7D, 0x87, 0x34, 0x95, 0x1F, 0x3F, 0x23, 0x4D, 0xD1, 0x83, 0x9F, 0x59, 0x13,
    0x00, 0x9F, 0x8C, 0x47, 0x32, 0xAC, 0x23, 0x25, 0xDC, 0xEA, 0x66, 0x7A, 0x90, 0x83, 0x69, 0x65,
    0x3A, 0xFA, 0x73, 0xB6, 0x3C, 0x44, 0x6E, 0x82, 0xE7, 0xE0, 0xB1, 0xB1, 0x2F, 0xD1, 0x3B, 0x73,
    0x54, 0x8B, 0xC4, 0x48, 0x9E, 0x14, 0x9B, 0x27, 0x8C, 0x76, 0xB6, 0x64, 0xB9, 0x41, 0x1E, 0x03,
    0x7F, 0x32, 0x9A, 0x12, 0xC6, 0xAB, 0xB9, 0x77, 0xB6, 0x03, 0x4E, 0xA1, 0xAC, 0xDE, 0xCF, 0xBC,
    0x57, 0x9B, 0x2B, 0xA7, 0xD5, 0x65, 0xEF, 0xAE, 0x96, 0x3D, 0xB9, 0x52, 0x35, 0x5C, 0x68, 0xF3,
    0x48, 0xA0, 0x91, 0x10, 0xE3, 0xC3, 0x37, 0x7D, 0x91, 0x46, 0xAC, 0xFC, 0x2B, 0xE2, 0x3E, 0x26,
    0x11, 0x3E, 0x4F, 0x51, 0xAE, 0x24, 0xB8, 0xCF, 0x56, 0xFA, 0x17, 0x4E, 0x76, 0x50, 0x3C, 0xA4,
    0x66, 0xFA, 0xB0, 0x48, 0xB6, 0x29, 0x62, 0xD3, 0xE6, 0x65, 0x6A, 0x8A, 0x7C, 0x3D, 0x38, 0x49,
    0x39, 0xC6, 0xEA, 0x91, 0x23, 0xB4, 0x9C, 0x68, 0x9D, 0xC2, 0xE9, 0xEF, 0x7A, 0x92, 0x05, 0x53,
    0x82, 0xFB, 0x20, 0x57, 0x8F, 0x5C, 0xAC, 0xB9, 0xBA, 0xC0, 0x69, 0x13, 0x92, 0x34, 0x33, 0xC8,
    0x82, 0x5B, 0xC0, 0xDB, 0x8A, 0x84, 0xEF, 0x0F, 0x05, 0x03, 0x1E, 0xF7, 0x45, 0x83, 0xCD, 0xDB,
    0x75, 0x44, 0x57, 0x4A, 0xFF, 0x20, 0x8D, 0x15, 0x4F, 0x16, 0xA8, 0x1A, 0xF9, 0xB4, 0x42, 0x31,
    0xF8, 0x0C, 0xE4, 0xF2, 0x48, 0xF4, 0x21, 0x0A, 0x53, 0xD9, 0x4C, 0xDB, 0xD2, 0x9A, 0x39, 0x3D,
    0x78, 0xEE, 0xF2, 0xEE, 0x86, 0xA9, 0x1F, 0xF1, 0x78, 0x79, 0x98, 0x61, 0x07, 0xDF, 0x96, 0x51,
    0xA0, 0xD7, 0x1D, 0x39, 0x48, 0xE2, 0x00, 0xBE, 0xF9, 0xA3, 0x01, 0xF5, 0x29, 0x15, 0xA5, 0x17,
    0x96, 0xE9, 0x63, 0xC8, 0xB4, 0x33, 0x4C, 0x33, 0x6B, 0x7F, 0xD0, 0xD0, 0x3A, 0xC9, 0x26, 0x99,
    0x4B, 0x7E, 0x35, 0x3C, 0x0B, 0x29, 0x39, 0x59, 0xE9, 0x0E, 0x12, 0xD9, 0x75, 0xA9, 0xDC, 0xBA,
    0x93, 0x03, 0x1B, 0x3A, 0x2D, 0xE8, 0xEF, 0xA0, 0x7C, 0x79, 0xC2, 0xDB, 0x29, 0xF5, 0xE5, 0xB1,
    0x87, 0x4E, 0x02, 0xBD, 0x77, 0x54, 0xE7, 0xFD, 0xF1, 0xBA, 0x62, 0x8B, 0xF2, 0x0A, 0x31, 0xEE,
    0x11, 0x14, 0xF6, 0x80, 0x02, 0xB9, 0x17, 0xB3, 0x62, 0x47, 0xAC, 0xD8, 0x5A, 0x19, 0x29, 0xB7,
    0x23, 0xED, 0x68, 0x89, 0x02, 0xBA, 0x7F, 0x35, 0x9D, 0xB1, 0xFC, 0xBB, 0x2C, 0x00, 0xCC, 0x19,
    0x01, 0x0B, 0x20, 0xCD, 0xD0, 0xCF, 0xA1, 0xE4, 0xC8, 0x12, 0x47, 0x4B, 0xEC, 0xB6, 0xC3, 0x74,
    0x66, 0x72, 0x62, 0x3A, 0x43, 0xEA, 0x53, 0x2F, 0xA3, 0x12, 0xD4, 0x67, 0x3C, 0x96, 0x31, 0x64,
    0xCA, 0x56, 0xD4, 0x67, 0xB2, 0xA2, 0x3E, 0xE8, 0x1D, 0xD2, 0x02, 0xCC, 0xEA, 0xB0, 0x44, 0xB4,
    0xFE, 0x06, 0xFD, 0x67, 0x58, 0x22, 0xB9, 0x46, 0x2C, 0xA8, 0x1B, 0xEC, 0x2A, 0x2E, 0xF1, 0x31,
    0x11, 0xA7, 0xB0, 0xF5, 0x3E, 0x1D, 0x80, 0x4D, 0xC1, 0xAD, 0x60, 0xAF, 0x07, 0xC5, 0xF0, 0x9C,
    0xCB, 0x4F, 0x06, 0x5A, 0xDF, 0x21, 0x30, 0x31, 0x47, 0x55, 0x5E, 0x25, 0xEE, 0x27, 0xF5, 0xA4,
    0xBE, 0x8E, 0x35, 0x5C, 0x12, 0xFC, 0xD6, 0xFA, 0x05, 0x5F, 0x8A, 0x66, 0x03, 0x5D, 0x32, 0x8C,
    0x92, 0x41, 0x08, 0xD5, 0x4C, 0xEB, 0x52, 0xBF, 0x29, 0xFA, 0xC4, 0x49, 0x47, 0xD2, 0x5F, 0xDF,
    0xB2, 0xEB, 0x4C, 0x76, 0xB9, 0x3E, 0xE9, 0xED, 0x9B, 0xD5, 0xA8, 0x5E, 0xC3, 0x9F, 0x60, 0xF1,
    0x8F, 0x5E, 0x56, 0x6D, 0x0F, 0xE8, 0xB1, 0x3E, 0xC3, 0x72, 0xA4, 0xC6, 0xD9, 0x10, 0xF2, 0x9E,
    0x83, 0xC3, 0xFD, 0x4C, 0x87, 0x9A, 0x5D, 0xFF, 0xD2, 0x2A, 0x55, 0x7D, 0x7C, 0x24, 0xBE, 0x7D,
    0x72, 0x24, 0x1E, 0x93, 0x89, 0x74, 0xCF, 0x1E, 0x89, 0x47, 0xAB, 0x91, 0xF8, 0x3A, 0x9F, 0x62,
    0xCB, 0x84, 0xED, 0x73, 0xFC, 0xEF, 0x65, 0xBA, 0xCA, 0xA7, 0x33, 0x9F, 0x4F, 0x7F, 0x1F, 0xD3,
    0xE8, 0x7E, 0x15, 0x77, 0x22, 0xC3, 0xA3, 0xBD, 0xD5, 0x94, 0x69, 0xFD, 0xF2, 0x83, 0x97, 0x6E,
    0x77, 0xAE, 0x68, 0xBB, 0xE3, 0x49, 0xF2, 0xB5, 0x27, 0x1F, 0xA4, 0x8C, 0xEA, 0x47, 0x73, 0x88,
    0xB3, 0xB4, 0x54, 0x03, 0xCB, 0xDF, 0xD6, 0x76, 0x2D, 0x2C, 0x4D, 0x19, 0xAC, 0x9F, 0x41, 0x8E,
    0xFD, 0x20, 0x4D, 0x07, 0xE4, 0xDD, 0x7A, 0x4A, 0x97, 0xAD, 0x87, 0xE3, 0xC8, 0x83, 0x9C, 0x66,
    0x6D, 0x3F, 0xCD, 0xD6, 0x8C, 0x0E, 0xCB, 0x6C, 0xF8, 0x81, 0xBB, 0xB0, 0xF6, 0xF1, 0xD0, 0x67,
    0xD9, 0x8B, 0xA1, 0x05, 0x1D, 0xDD, 0x4D, 0x8A, 0xB4, 0x55, 0x66, 0x54, 0x31, 0x2F, 0x8E, 0x34,
    0xBF, 0xCE, 0x4F, 0xE7, 0x21, 0x9D, 0x5B, 0x8F, 0xA1, 0x8F, 0x74, 0x0C, 0xFD, 0x75, 0x13, 0xAC,
    0xA0, 0xF0, 0x54, 0xE6, 0x32, 0x98, 0xCC, 0x9E, 0x98, 0x0F, 0xA0, 0xCF, 0x3B, 0xA8, 0x53, 0x99,
    0xCE, 0x97, 0x95, 0xEA, 0x4C, 0x59, 0xA2, 0xD8, 0x11, 0x18, 0x34, 0xEA, 0xD1, 0x3F, 0x23, 0xAF,
    0x77, 0x83, 0x45, 0xF7, 0x07, 0x6B, 0x3A, 0xBF, 0xD7, 0x59, 0x2F, 0xF9, 0xC5, 0xBC, 0xEF, 0x82,
    0x2E, 0x33, 0x36, 0x6A, 0x6F, 0x99, 0xF2, 0x02, 0x9F, 0xBE, 0x6C, 0x33, 0x8A, 0x76, 0xA8, 0x03,
    0xF6, 0xCC, 0x39, 0xEF, 0xC9, 0x19, 0x82, 0x6C, 0xC6, 0xC1, 0x89, 0xAC, 0x02, 0x86, 0x98, 0xE4,
    0xBC, 0x80, 0x60, 0xE6, 0xE0, 0x04, 0x56, 0x47, 0xA1, 0xEE, 0x8B, 0x54, 0xD9, 0x63, 0xDA, 0x97,
    0x57, 0x50, 0x14, 0xBA, 0x6D, 0x13, 0xD6, 0x5B, 0x26, 0x91, 0x6B, 0xE9, 0x81, 0x7F, 0x12, 0x3F,
    0xE5, 0xA0, 0x81, 0x09, 0x09, 0x12, 0x2E, 0x0D, 0x53, 0x55, 0x05, 0xDC, 0xB5, 0xAF, 0x76, 0x68,
    0xFD, 0xF4, 0x73, 0xB9, 0x93, 0x4F, 0xE7, 0x90, 0x4D, 0x5E, 0xB8, 0x47, 0xFC, 0x06, 0xC6, 0xFF,
    0x92, 0xE3, 0x63, 0xFF, 0x24, 0x96, 0xF0, 0x65, 0xDE, 0xAC, 0x7C, 0x97, 0x72, 0xFB, 0x9B, 0xFA,
    0xBD, 0x22, 0x1F, 0xAD, 0x88, 0xE3, 0x8E, 0xFE, 0xDE, 0xA2, 0xAB, 0x61, 0x09, 0xD8, 0xBB, 0xEF,
    0x52, 0x74, 0x7F, 0x51, 0xC5, 0xF4, 0x1C, 0xD6, 0x17, 0x10, 0xDC, 0x6F, 0xC1, 0x3A, 0xB8, 0xA6,
    0xA9, 0x48, 0x34, 0x44, 0xE1, 0x7B, 0x72, 0x18, 0xDD, 0x3D, 0x3E, 0x8C, 0x66, 0x23, 0x86, 0xD4,
    0x5C, 0xFC, 0x04, 0x9C, 0xF7, 0x7A, 0xBD, 0x81, 0x8C, 0x77, 0x09, 0xEB, 0xB7, 0xB1, 0x3B, 0xEF,
    0x30, 0xA4, 0xE8, 0xDF, 0x0D, 0xEB, 0x56, 0x29, 0xED, 0x89, 0xAF, 0x08, 0xCC, 0x59, 0xCD, 0x9E,
    0x92, 0x63, 0xDB, 0xCB, 0xD1, 0xDA, 0xB5, 0x1C, 0x79, 0xDF, 0x3D, 0x2D, 0xC7, 0xC3, 0xE7, 0x90,
    0x63, 0x55, 0x2A, 0x8E, 0xFD, 0x9A, 0xDE, 0x77, 0x00, 0xCF, 0x94, 0xE3, 0x94, 0xE7, 0xD6, 0x74,
    0x95, 0xEF, 0x3D, 0xD7, 0x0D, 0x68, 0x3C, 0xA4, 0xA8, 0xE7, 0x6F, 0x3A, 0x6D, 0xAE, 0x5E, 0x88,
    0x86, 0x6A, 0xB6, 0x39, 0x1C, 0x84, 0xD4, 0x0D, 0x39, 0xDD, 0x79, 0xB5, 0x16, 0x39, 0xA2, 0x9E,
    0xC0, 0x1A, 0x4E, 0x3A, 0x17, 0x7F, 0xA1, 0x4E, 0xD5, 0xFA, 0x4E, 0x75, 0x15, 0x03, 0xD9, 0x89,
    0x63, 0x5F, 0xF7, 0x1A, 0xF9, 0x01, 0x45, 0xF1, 0x35, 0xB2, 0xE4, 0x9C, 0xCF, 0xCF, 0x08, 0xB1,
    0xA5, 0xFF, 0xEE, 0xC9, 0x4C, 0x74, 0xF8, 0xC7, 0xAF, 0xBA, 0xF8, 0x61, 0xB4, 0x8E, 0xA2, 0xC3,
    0xE6, 0xCC, 0x43, 0x5C, 0x9B, 0xFA, 0xEA, 0x73, 0xD6, 0x79, 0x7A, 0xBB, 0xF2, 0x68, 0x38, 0xCC,
    0x43, 0xE2, 0x8F, 0x10, 0xFE, 0x37, 0x49, 0x6D, 0x97, 0x6B, 0x6A, 0x3B, 0xFD, 0x06, 0x6A, 0xFB,
    0xC2, 0xDF, 0x82, 0x59, 0xB5, 0xF1, 0x01, 0x42, 0x47, 0xCD, 0xB7, 0xEF, 0x7B, 0x9F, 0xF2, 0x51,
    0xBF, 0xF0, 0x7B, 0x7A, 0x42, 0x8C, 0xDE, 0x5D, 0x79, 0x8D, 0x42, 0x2E, 0xD3, 0x42, 0x9C, 0xB8,
    0xC7, 0x3B, 0xC6, 0x53, 0x9E, 0x41, 0x22, 0x93, 0xBE, 0x5B, 0x7C, 0x73, 0x3F, 0xE4, 0x0B, 0xA7,
    0x67, 0x46, 0x11, 0x1A, 0xAC, 0x6E, 0xF5, 0xA4, 0x58, 0x1F, 0x14, 0x8F, 0xE3, 0xA7, 0x1F, 0x13,
    0x9F, 0xEE, 0xF7, 0x22, 0xF4, 0x3B, 0x25, 0x29, 0x4C, 0x9E, 0xC4, 0xB2, 0x9E, 0x81, 0x7D, 0xAB,
    0x09, 0x76, 0xA4, 0xCF, 0x29, 0xE1, 0x68, 0x78, 0x6C, 0xF4, 0x79, 0x41, 0x6A, 0xFB, 0x57, 0x72,
    0x01, 0x32, 0xA4, 0x02, 0x64, 0x5F, 0x49, 0x99, 0xA8, 0xB7, 0xA6, 0xC4, 0x61, 0xCD, 0x27, 0x1D,
    0x01, 0xFA, 0xB9, 0x02, 0x8B, 0x3A, 0x38, 0xE5, 0x02, 0x09, 0x1B, 0xB6, 0x6E, 0xE5, 0x75, 0x84,
    0x44, 0x0B, 0xBA, 0x51, 0xE3, 0x56, 0xDB, 0xA0, 0x13, 0x4E, 0xF6, 0xE7, 0x4D, 0x4E, 0xBF, 0xC7,
    0xFF, 0x8B, 0xDD, 0xB7, 0xE6, 0xA8, 0xDE, 0x6C, 0x04, 0x43, 0x59, 0xC4, 0xB8, 0x85, 0x1B, 0xCB,
    0xE5, 0xD1, 0x7F, 0x11, 0xB9, 0xFC, 0x6E, 0x04, 0x43, 0x75, 0x16, 0xBA, 0x40, 0x6E, 0x5F, 0x6E,
    0x37, 0x25, 0x6F, 0xA0, 0x7C, 0x62, 0xB5, 0xC0, 0x96, 0x64, 0xD7, 0x5B, 0x38, 0x9C, 0x4F, 0x9F,
    0xA7, 0xF4, 0x85, 0x3E, 0x02, 0x8A, 0x70, 0x22, 0x98, 0x4E, 0x42, 0xE9, 0x05, 0x07, 0x0F, 0xFC,
    0xEE, 0x42, 0x5C, 0xF1, 0xA1, 0x97, 0x3E, 0x31, 0xA9, 0xCF, 0xAD, 0x9E, 0x9A, 0xE0, 0x38, 0x84,
    0xEE, 0x7C, 0x2C, 0x8C, 0xE6, 0xA3, 0x6E, 0x91, 0x69, 0x5A, 0xCD, 0x32, 0x09, 0x3C, 0x02, 0xDE,
    0xFC, 0x43, 0xDC, 0x83, 0x79, 0xEC, 0xB0, 0x8C, 0xAE, 0xD7, 0xE7, 0x75, 0x9E, 0x03, 0x39, 0x46,
    0xAD, 0x8B, 0xDF, 0x77, 0x57, 0xC3, 0x2A, 0x8B, 0x2C, 0x07, 0x02, 0x33, 0x3F, 0xD2, 0xC9, 0xFB,
    0x42, 0x9E, 0xFE, 0x79, 0xE5, 0xDF, 0x39, 0x20, 0xA2, 0x15, 0xD5, 0xF2, 0xED, 0x67, 0xE5, 0x9B,
    0xB8, 0x65, 0x0E, 0xCC, 0x5E, 0x0D, 0x1F, 0x75, 0xB5, 0x2F, 0xF9, 0x58, 0xDD, 0x0F, 0x8D, 0x52,
    0x79, 0x7A, 0x68, 0xC4, 0x6F, 0x38, 0x2C, 0x7D, 0x9B, 0xA7, 0x8F, 0x9E, 0x38, 0x32, 0x99, 0xE2,
    0xF0, 0xCF, 0x36, 0xD0, 0xD8, 0x69, 0xBE, 0x44, 0x6B, 0x27, 0x3A, 0xD6, 0xFE, 0x0E, 0x1A, 0x48,
    0x31, 0xBD, 0x7D, 0xD2, 0x6F, 0xAF, 0xE6, 0xB1, 0x37, 0x1B, 0x05, 0x3D, 0x4E, 0xFC, 0x9C, 0xDA,
    0x4C, 0xFB, 0x00, 0x8C, 0x6F, 0x74, 0x9F, 0xF9, 0x09, 0x2B, 0xE5, 0xB5, 0x8D, 0xEF, 0x40, 0x9D,
    0xF0, 0xA7, 0xFC, 0x9E, 0xE5, 0xCF, 0xE8, 0x26, 0x5E, 0x94, 0x81, 0xBD, 0xC8, 0x7B, 0x77, 0x9E,
    0xD4, 0x8E, 0xEA, 0x89, 0xEA, 0xA7, 0x0A, 0xAA, 0x86, 0xAA, 0xA2, 0xEA, 0xA8, 0x4A, 0xAA, 0x96,
    0xAA, 0xA6, 0x6F, 0x78, 0xB5, 0xF5, 0x55, 0x2E, 0x40, 0x55, 0xF5, 0x19, 0x1D, 0x95, 0xF5, 0x8D,
    0x88, 0xAA, 0xFB, 0x7F, 0xBD, 0x99, 0xCD, 0x6E, 0xDC, 0x54, 0x18, 0x86, 0x5F, 0xDB, 0x4D, 0x5D,
    0xD5, 0x24, 0xAE, 0x44, 0x17, 0x5D, 0xA4, 0x75, 0x16, 0x2C, 0x22, 0x48, 0xC6, 0xA1, 0xCA, 0x62,
    0x16, 0xF3, 0x63, 0x60, 0xD1, 0x05, 0x08, 0x72, 0x09, 0x11, 0x37, 0x40, 0x16, 0x59, 0x54, 0x62,
    0xDA, 0x31, 0x57, 0x40, 0xC4, 0x05, 0xA0, 0x20, 0x96, 0x2C, 0x3A, 0x42, 0x5D, 0x0C, 0xD2, 0x94,
    0xB8, 0x74, 0xC1, 0x02, 0x09, 0xB9, 0xED, 0x86, 0x05, 0x12, 0x53, 0xF5, 0x06, 0x4E, 0xDB, 0x11,
    0x58, 0x68, 0x32, 0xC3, 0xFB, 0x1D, 0xDB, 0x33, 0x19, 0x0A, 0x55, 0x32, 0x63, 0xD7, 0xC9, 0x71,
    0xE3, 0x19, 0xFB, 0x7C, 0xCF, 0xF7, 0x73, 0x5E, 0x9F, 0x73, 0x0A, 0x58, 0x31, 0x00, 0xBB, 0xCF,
    0x93, 0x2B, 0xA7, 0x77, 0x14, 0x4F, 0xD7, 0xE5, 0xF4, 0x8D, 0x9C, 0xEE, 0xF3, 0x64, 0x05, 0x03,
    0xDE, 0x81, 0x84, 0x77, 0x8C, 0x79, 0x5A, 0x47, 0x0F, 0xD8, 0x92, 0xD3, 0x21, 0x5A, 0x30, 0x22,
    0xDC, 0x82, 0x1D, 0xE3, 0x36, 0x9A, 0x89, 0x3D, 0x96, 0x1E, 0xF2, 0xC3, 0x8A, 0x78, 0x72, 0xE2,
    0xFC, 0x2F, 0x39, 0x9C, 0x11, 0xB0, 0x7D, 0x0B, 0x88, 0x6A, 0xB0, 0xF8, 0xEC, 0x0A, 0xBA, 0xB8,
    0x8A, 0x01, 0x6A, 0x50, 0xA8, 0x19, 0x0A, 0x2D, 0xAB, 0x1F, 0xDE, 0xF6, 0x9E, 0x86, 0xCD, 0xE7,
    0x23, 0x78, 0x5F, 0x24, 0xD3, 0xAE, 0x68, 0xDF, 0x90, 0x4B, 0x35, 0xF3, 0x11, 0x30, 0x94, 0xD3,
    0x86, 0x9C, 0x3A, 0x38, 0x79, 0x14, 0xED, 0xD3, 0x61, 0x66, 0xEB, 0x2A, 0xDB, 0x32, 0xDB, 0xCD,
    0xA9, 0xA9, 0x39, 0x5C, 0x5A, 0xCB, 0x5D, 0x7A, 0x41, 0x4C, 0xFB, 0x98, 0x17, 0x15, 0x57, 0x3E,
    0x36, 0xCB, 0xC2, 0xC7, 0x65, 0xB6, 0x16, 0xC3, 0x37, 0x80, 0x39, 0x0A, 0xE1, 0x7C, 0xCC, 0xA0,
    0x59, 0xC1, 0x7C, 0xF8, 0x3B, 0x93, 0xE0, 0xD7, 0x05, 0xC6, 0x19, 0x96, 0x8D, 0x6F, 0x10, 0xD4,
    0x92, 0x7E, 0x06, 0x7C, 0xF0, 0x6D, 0x9A, 0x5B, 0x08, 0x1F, 0xD2, 0x5D, 0xDA, 0x1F, 0xBF, 0x67,
    0xEB, 0x48, 0x0A, 0xC2, 0xD2, 0x53, 0x60, 0xD2, 0x84, 0xA5, 0xD2, 0x42, 0x55, 0x7B, 0x30, 0x8F,
    0x23, 0x38, 0x9F, 0x2C, 0xE2, 0x07, 0x34, 0x1A, 0x07, 0xD6, 0x76, 0x3B, 0x48, 0x7D, 0x81, 0x5D,
    0x7A, 0x2E, 0x60, 0x0F, 0x0E, 0xF0, 0x86, 0x1F, 0xE9, 0x0A, 0xB0, 0x68, 0xCE, 0xA5, 0xB5, 0xF5,
    0xB9, 0x7D, 0x98, 0x40, 0x6F, 0x6A, 0x68, 0x23, 0x28, 0xAB, 0xFE, 0xFF, 0x4F, 0x92, 0x38, 0x8E,
    0x0D, 0xDA, 0xB7, 0xBE, 0x06, 0x56, 0x6C, 0xE0, 0x2D, 0x23, 0x28, 0x50, 0xA6, 0x1C, 0xE9, 0xCC,
    0x93, 0x53, 0x23, 0x77, 0x76, 0xEB, 0x83, 0x20, 0x73, 0xD6, 0x49, 0x4A, 0x15, 0xAC, 0x0B, 0x7C,
    0xCA, 0x97, 0x31, 0x9A, 0x3A, 0xB9, 0xF1, 0x55, 0x88, 0x15, 0x27, 0x0B, 0xF6, 0xBC, 0xC2, 0x75,
    0x4D, 0x9E, 0xF2, 0x42, 0x01, 0x8D, 0x27, 0x0E, 0xBD, 0xF9, 0x7A, 0x1C, 0x92, 0x7A, 0xB6, 0xA3,
    0xB4, 0x5B, 0xA9, 0xF5, 0x8D, 0xEB, 0x05, 0x38, 0x04, 0xAD, 0x02, 0xBA, 0x87, 0x9A, 0xD4, 0xDF,
    0x73, 0xF1, 0xC5, 0x29, 0x3F, 0x39, 0x3B, 0xD9, 0xDB, 0xA4, 0x95, 0xBE, 0xBC, 0xAE, 0x7C, 0x5A,
    0x80, 0x2F, 0x53, 0x29, 0xB8, 0x64, 0xF0, 0x72, 0x5B, 0xC6, 0xE4, 0xD5, 0x95, 0xF2, 0x7D, 0x11,
    0x0B, 0x34, 0x7D, 0x85, 0x96, 0xCF, 0x21, 0xC0, 0xAA, 0x95, 0xFA, 0x62, 0x25, 0x0B, 0xF8, 0xB2,
    0x66, 0xBE, 0xA6, 0x44, 0xBC, 0x6A, 0xAA, 0xB2, 0xCE, 0xBB, 0xAF, 0x39, 0x21, 0xFB, 0x59, 0xD0,
    0x9B, 0x97, 0xB5, 0xC1, 0x18, 0x8F, 0x8F, 0xE1, 0x31, 0xF5, 0x3E, 0x5B, 0x93, 0x4D, 0xF4, 0xA1,
    0xCE, 0xC8, 0xB5, 0x98, 0xB5, 0x23, 0xDA, 0xEB, 0xD1, 0xF7, 0x84, 0x6D, 0xB0, 0x24, 0xF7, 0x5F,
    0x62, 0xB7, 0xFB, 0xA6, 0x42, 0x87, 0xEF, 0x0F, 0xD5, 0x1C, 0x9F, 0x00, 0x17, 0x85, 0x71, 0x09,
    0xEC, 0xF2, 0x5F, 0x3F, 0x36, 0x94, 0xB2, 0x43, 0xE5, 0x42, 0x6D, 0x5A, 0x51, 0xAD, 0x82, 0x66,
    0x5F, 0xAA, 0xBA, 0x86, 0xB0, 0x69, 0x47, 0xDE, 0x18, 0x76, 0x32, 0xF5, 0x95, 0x31, 0x98, 0xF8,
    0x29, 0x63, 0xD7, 0xE3, 0x85, 0x19, 0xA5, 0x7F, 0xA7, 0xC7, 0xC2, 0x88, 0xE6, 0x01, 0xAC, 0x81,
    0xD6, 0x9E, 0xED, 0x74, 0x9C, 0xC9, 0x71, 0x1A, 0x46, 0x23, 0xB9, 0x00, 0xCB, 0x5B, 0xC7, 0x05,
    0xBB, 0x5F, 0x18, 0x8C, 0xF7, 0x5E, 0x80, 0xE6, 0x63, 0xE0, 0x7B, 0xE6, 0x2E, 0xEC, 0x4D, 0x73,
    0xE2, 0xC7, 0x14, 0x13, 0x05, 0x12, 0xD1, 0x75, 0x05, 0x32, 0x81, 0x50, 0x42, 0xA5, 0x05, 0x81,
    0x5C, 0x20, 0x18, 0x48, 0x96, 0x87, 0xCF, 0x9C, 0x84, 0x4C, 0x94, 0xF5, 0x88, 0x15, 0x63, 0x3E,
    0x54, 0xF2, 0xF1, 0xDA, 0x09, 0x54, 0xCD, 0xAA, 0x61, 0x35, 0x6D, 0x2A, 0xFF, 0xC2, 0xAB, 0x81,
    0x35, 0xB1, 0x46, 0xD6, 0xCC, 0x1A, 0x5A, 0xA8, 0x45, 0xD7, 0xF6, 0x21, 0xDC, 0x32, 0x51, 0x50,
    0xC8, 0x33, 0xBD, 0xA3, 0x15, 0xCF, 0x7C, 0x1C, 0xC3, 0xF9, 0x9B, 0xC3, 0x82, 0x60, 0x7B, 0x2B,
    0xF3, 0xE1, 0x2F, 0x65, 0xEC, 0xF6, 0x1F, 0xC2, 0x1E, 0x69, 0xF4, 0x8C, 0x7C, 0xD1, 0x10, 0x33,
    0x2E, 0x1C, 0x2B, 0xD6, 0xA3, 0x18, 0x9F, 0x2B, 0x61, 0x4C, 0x11, 0x4F, 0x57, 0x93, 0x97, 0xB2,
    0x37, 0xA4, 0xC7, 0x5F, 0x5A, 0x38, 0xFA, 0xAD, 0x48, 0x30, 0xE0, 0x3C, 0xD2, 0x41, 0x62, 0x8A,
    0xC3, 0x9C, 0x75, 0xFD, 0x15, 0x2C, 0x14, 0x44, 0x0D, 0x75, 0xBC, 0x0A, 0xEB, 0x43, 0xA5, 0x91,
    0x25, 0x90, 0x56, 0x5C, 0x1C, 0xAF, 0xFB, 0x30, 0xC4, 0xD6, 0x11, 0x71, 0x59, 0x5B, 0x8E, 0x5A,
    0x2C, 0xE1, 0x3A, 0xDB, 0x6D, 0xFA, 0x5D, 0x20, 0xDF, 0x7F, 0x69, 0x0F, 0x07, 0x38, 0xBF, 0x77,
    0x6B, 0xA8, 0x2E, 0x63, 0xE7, 0xFC, 0xE9, 0x33, 0xFF, 0x6F, 0x35, 0x92, 0x0B, 0x25, 0x53, 0xE4,
    0x5C, 0x9D, 0x0C, 0x8A, 0xF8, 0x67, 0x81, 0xCC, 0x64, 0x7C, 0x5D, 0x23, 0x75, 0xED, 0x28, 0xDF,
    0x9B, 0x1C, 0xC4, 0x89, 0xFE, 0x1D, 0xE8, 0xC1, 0xA1, 0xC4, 0x7E, 0x93, 0xF4, 0xB1, 0x99, 0xF0,
    0x8E, 0x0D, 0xAD, 0xB2, 0x61, 0x3B, 0xBA, 0x13, 0xBA, 0x81, 0xCB, 0x28, 0x78, 0xA8, 0xF0, 0xD9,
    0xDA, 0x5A, 0xAD, 0xD3, 0x8E, 0x9A, 0x67, 0xEF, 0x55, 0x1F, 0x0C, 0x2C, 0xFD, 0x65, 0x95, 0x1B,
    0xCA, 0x54, 0x46, 0xB6, 0x12, 0x3D, 0x1F, 0x1E, 0x45, 0x9E, 0x36, 0x92, 0x99, 0x40, 0x6D, 0xAF,
    0x1D, 0x37, 0x91, 0xCE, 0x29, 0xEE, 0x49, 0xA7, 0xDE, 0x48, 0x02, 0x1A, 0x59, 0xB1, 0xA9, 0x18,
    0xAB, 0x84, 0x26, 0x87, 0x34, 0xD8, 0xA3, 0xAD, 0xDE, 0x30, 0x6D, 0x43, 0x31, 0x9A, 0xB0, 0xDF,
    0x21, 0x0D, 0xB6, 0x68, 0xA8, 0xC1, 0xA8, 0xBA, 0x14, 0x2A, 0x73, 0x1C, 0x4F, 0xC5, 0x4A, 0x32,
    0xDC, 0xCB, 0x66, 0x0D, 0x7E, 0xDF, 0x54, 0x3D, 0x3B, 0xAA, 0xBB, 0x68, 0xF8, 0xA8, 0xD4, 0xD1,
    0xA8, 0xA3, 0x4E, 0xD3, 0x35, 0x74, 0x1B, 0x50, 0xDE, 0x8D, 0xC8, 0x1E, 0xE5, 0x95, 0xAA, 0x33,
    0x63, 0xE6, 0x69, 0xEB, 0xB2, 0xFD, 0x98, 0xAD, 0x61, 0xAB, 0xD3, 0xAE, 0x17, 0x45, 0xE4, 0xE2,
    0x46, 0xD6, 0x36, 0xFB, 0x22, 0xF6, 0xC6, 0x44, 0xEC, 0x4F, 0xC5, 0x78, 0x39, 0xF5, 0xEA, 0x07,
    0x72, 0x8E, 0x02, 0xB8, 0x0C, 0xEF, 0x65, 0x04, 0x85, 0x40, 0xE5, 0xCA, 0x69, 0x3D, 0xC8, 0x94,
    0x93, 0x0E, 0x77, 0x96, 0x73, 0x36, 0x66, 0xB7, 0xC7, 0x27, 0xEA, 0x2C, 0x8E, 0x06, 0xCB, 0x40,
    0x72, 0xD7, 0x60, 0xD3, 0x19, 0xE4, 0x4F, 0x97, 0x57, 0x0A, 0xA4, 0x84, 0xC6, 0x5C, 0xCB, 0x62,
    0xBF, 0xC9, 0x00, 0x5A, 0xFC, 0xA0, 0x40, 0x4E, 0x0E, 0x33, 0x97, 0xE1, 0x7B, 0x1C, 0xE1, 0x3B,
    0x25, 0x8C, 0x29, 0xE2, 0xE9, 0x82, 0x97, 0x2F, 0xFC, 0x48, 0xD5, 0xDD, 0x27, 0xD8, 0x41, 0xB1,
    0x01, 0xBC, 0x38, 0x55, 0x4E, 0xEB, 0xBE, 0x28, 0x67, 0xAA, 0x46, 0xF3, 0x06, 0x51, 0xAB, 0x06,
    0xD7, 0x8F, 0x57, 0xFC, 0x50, 0x23, 0x4B, 0x20, 0xBD, 0x02, 0x79, 0xBD, 0x47, 0x81, 0x56, 0x4E,
    0x99, 0x25, 0xBA, 0x0C, 0x0B, 0xA3, 0x85, 0xC3, 0x79, 0x59, 0xF3, 0x44, 0xDB, 0xC2, 0x17, 0x16,
    0x54, 0x90, 0x2F, 0x0F, 0x64, 0x8E, 0x16, 0x2A, 0xDE, 0xCA, 0x4D, 0x54, 0x57, 0x71, 0xB0, 0x84,
    0x39, 0x87, 0xB6, 0x23, 0x80, 0x12, 0x55, 0x1C, 0xDB, 0x01, 0x47, 0xA3, 0xBE, 0xE6, 0x5F, 0xDE,
    0x48, 0x8B, 0x39, 0x69, 0xC8, 0x2C, 0x4A, 0x9D, 0x88, 0xE2, 0x0D, 0x45, 0xF0, 0x7A, 0x82, 0xD0,
    0x93, 0x65, 0x88, 0x3E, 0x0D, 0x53, 0xE1, 0x13, 0x76, 0x08, 0x3C, 0x84, 0x1E, 0x82, 0x0F, 0xE1,
    0xCF, 0x1D, 0xD8, 0xCC, 0x96, 0x94, 0xDD, 0x6C, 0x22, 0x7B, 0xBF, 0x0F, 0x43, 0x57, 0x60, 0x1F,
    0xFE, 0x93, 0xC8, 0x54, 0x47, 0xA7, 0x8F, 0xB0, 0x44, 0x01, 0x5A, 0x28, 0x1D, 0x2D, 0xF6, 0x87,
    0x76, 0x90, 0x7B, 0x52, 0x02, 0xF9, 0xDD, 0x6C, 0xC9, 0x55, 0xCB, 0x36, 0xF1, 0x1C, 0x46, 0xCF,
    0x9C, 0x93, 0x7C, 0x2A, 0xA5, 0x5A, 0x4B, 0xB5, 0x98, 0xA2, 0x5A, 0x2A, 0xFE, 0x64, 0xF7, 0x68,
    0x1F, 0x7A, 0x42, 0x6D, 0x3C, 0xE9, 0x67, 0x43, 0xFF, 0xEC, 0xF8, 0x4E, 0x4C, 0x35, 0x5B, 0xBF,
    0xCB, 0x6E, 0xB7, 0xFC, 0x1B, 0x65, 0x42, 0x7B, 0xEF, 0x73, 0xD6, 0xFD, 0x33, 0xF0, 0x2D, 0xAD,
    0x46, 0xC7, 0xF3, 0x03, 0x6B, 0xB8, 0xF2, 0x30, 0x67, 0x07, 0xA6, 0x1E, 0x99, 0x7A, 0x68, 0xEA,
    0x11, 0x86, 0x85, 0x6A, 0x44, 0xF7, 0x20, 0x79, 0x93, 0x51, 0x3A, 0x1E, 0x5A, 0x63, 0xCE, 0x15,
    0x8C, 0x96, 0xD8, 0xDF, 0x96, 0xA9, 0xD9, 0x9E, 0xCC, 0x1F, 0x3B, 0x42, 0xDF, 0x91, 0x69, 0x48,
    0x5F, 0x5C, 0x88, 0xD9, 0x17, 0x57, 0x9E, 0x2D, 0x11, 0xDD, 0x9E, 0xCC, 0x83, 0x7A, 0xE2, 0xF3,
    0x3D, 0xB9, 0xBD, 0x19, 0x70, 0xD9, 0xE9, 0x8F, 0x65, 0x81, 0x3B, 0x0E, 0x67, 0xC0, 0xEF, 0x4E,
    0xF6, 0xC2, 0x65, 0x63, 0xD6, 0x08, 0x97, 0x38, 0xE9, 0x6B, 0xE0, 0x0E, 0x61, 0x9D, 0xB0, 0x46,
    0x73, 0x34, 0x49, 0x40, 0x8F, 0xAD, 0xC2, 0x3B, 0xEA, 0x04, 0xAD, 0x5B, 0x2A, 0xAC, 0x57, 0x5E,
    0x70, 0x99, 0x3A, 0x86, 0xFF, 0xEA, 0x9D, 0xF6, 0x69, 0xA1, 0xEB, 0x59, 0x68, 0xF5, 0xA4, 0xE1,
    0xC2, 0x7D, 0x9A, 0x14, 0xBA, 0xB8, 0xB4, 0x47, 0x96, 0x34, 0x43, 0xF3, 0xB9, 0x64, 0x47, 0xBB,
    0x22, 0x8B, 0xEC, 0xEE, 0x98, 0xDF, 0xB3, 0x6B, 0xED, 0x54, 0x48, 0xE8, 0xA1, 0xEC, 0x63, 0xDD,
    0x3C, 0x0B, 0x74, 0x38, 0x03, 0xDD, 0x9A, 0x4D, 0xC4, 0x8C, 0x2C, 0x56, 0xF9, 0x44, 0x0B, 0x86,
    0x0E, 0x54, 0xC7, 0x64, 0x74, 0x8E, 0x08, 0xEE, 0x69, 0x68, 0x36, 0xA4, 0xE0, 0x3E, 0xA1, 0x2B,
    0x02, 0xCD, 0x12, 0xAE, 0xBB, 0xCF, 0xA2, 0xE6, 0x9F, 0x19, 0x74, 0x2A, 0x8B, 0x01, 0x76, 0x65,
    0x5A, 0xAC, 0x64, 0xDF, 0x42, 0xE5, 0x7B, 0x6D, 0x25, 0x90, 0x4B, 0xB7, 0xC9, 0x44, 0x16, 0xAB,
    0x7C, 0xE3, 0xF3, 0xA9, 0x39, 0xC9, 0x67, 0xAA, 0x65, 0x57, 0xAA, 0x45, 0x49, 0xB5, 0x94, 0x89,
    0x3F, 0x5B, 0x2D, 0x55, 0x56, 0x4B, 0x2B, 0xAB, 0xD0, 0xB3, 0xE3, 0x3B, 0xF1, 0xD6, 0x2E, 0xD6,
    0xBB, 0x5C, 0x29, 0x6D, 0xE9, 0x92, 0x29, 0x0D, 0xDA, 0xE3, 0x5A, 0x59, 0x64, 0xF1, 0xE9, 0xA8,
    0x8A, 0x28, 0x99, 0x1F, 0x98, 0xC7, 0xEE, 0x04, 0xB3, 0x4C, 0xE0, 0xFF, 0xD3, 0x99, 0x8C, 0x7C,
    0x21, 0x0F, 0x5E, 0xD2, 0x1C, 0xA9, 0x9F, 0xDB, 0xD9, 0x3E, 0xB3, 0x11, 0x9D, 0x10, 0x1A, 0x7F,
    0xE8, 0xC6, 0x76, 0xEC, 0x44, 0x36, 0xAC, 0xFE, 0x32, 0xB3, 0xBE, 0xCE, 0x09, 0x1D, 0x05, 0x62,
    0x40, 0x81, 0x10, 0xCA, 0x76, 0x36, 0x04, 0x5B, 0x99, 0x84, 0x0F, 0xD3, 0xCA, 0x96, 0x7E, 0xFD,
    0x71, 0x94, 0x2E, 0xA7, 0x4D, 0x95, 0x91, 0x0B, 0xEE, 0x2A, 0xDB, 0xB9, 0xB4, 0xF3, 0x0A, 0x17,
    0x8C, 0x63, 0xD4, 0x8D, 0x2F, 0x83, 0x1E, 0x5F, 0x0C, 0x09, 0x15, 0x46, 0xC1, 0xF9, 0x29, 0x86,
    0xFD, 0x80, 0x13, 0x5F, 0x66, 0xCA, 0xFA, 0x95, 0xED, 0x77, 0xE8, 0x0D, 0x2D, 0xE9, 0x43, 0xB6,
    0xCA, 0x64, 0x23, 0x87, 0x7A, 0x58, 0x67, 0x57, 0xED, 0xBE, 0x1E, 0xB1, 0x8B, 0x33, 0x66, 0x87,
    0xA0, 0x4A, 0x55, 0xEB, 0xDD, 0xCE, 0x85, 0xD8, 0x6A, 0x64, 0xBB, 0x97, 0xE6, 0x73, 0x12, 0xE8,
    0x61, 0xF6, 0x3F, 0xA6, 0x9D, 0xE2, 0x62, 0x8B, 0x8B, 0xB2, 0x17, 0x10, 0xA7, 0xAF, 0x3B, 0xD9,
    0xEC, 0xB3, 0xA6, 0x65, 0x53, 0x50, 0x6C, 0x59, 0x0F, 0x21, 0xDE, 0x7D, 0x16, 0xE1, 0xA0, 0x5D,
    0x20, 0x77, 0x9D, 0x33, 0xEE, 0xF1, 0x47, 0x30, 0x7E, 0x19, 0xC2, 0x34, 0x55, 0xD1, 0xCC, 0xFF,
    0x00, 0x45, 0x52, 0xB1, 0x6E, 0xDB, 0x30, 0x10, 0x7D, 0x22, 0x8B, 0xCA, 0x88, 0x5A, 0x33, 0x63,
    0x86, 0xD4, 0xEA, 0xD8, 0x21, 0xB6, 0x33, 0x64, 0xC8, 0xA0, 0x56, 0x44, 0x97, 0x8E, 0xFD, 0x95,
    0x0C, 0x19, 0x32, 0xA8, 0x08, 0x81, 0x0E, 0x59, 0xFB, 0x25, 0x41, 0x07, 0x0F, 0x46, 0x6B, 0xD4,
    0x6C, 0xF3, 0x03, 0xFC, 0x04, 0xED, 0x5D, 0x18, 0x40, 0x83, 0x07, 0xD9, 0xEA, 0x3B, 0x3A, 0x4E,
    0x65, 0x1E, 0x8F, 0x3C, 0xEB, 0xDE, 0xDD, 0xBD, 0xA7, 0xBA, 0x1F, 0x86, 0xBE, 0x1E, 0x06, 0xAE,
    0x61, 0x9B, 0xB6, 0x0C, 0x85, 0xAD, 0x70, 0x85, 0x1E, 0x5B, 0xAC, 0x50, 0x78, 0xC3, 0x9F, 0x76,
    0x05, 0x2A, 0x1C, 0xC3, 0xB8, 0x74, 0xB3, 0x06, 0x0D, 0x6F, 0x19, 0x50, 0x7C, 0x0C, 0x95, 0xC1,
    0xD5, 0x29, 0xFA, 0x39, 0xB6, 0xB5, 0x5D, 0xCD, 0x51, 0xFC, 0x89, 0xE6, 0x21, 0x72, 0xD7, 0x2E,
    0x16, 0xCA, 0xF3, 0xDF, 0xE3, 0x17, 0x30, 0x5F, 0x5B, 0x06, 0xB9, 0xB4, 0x6D, 0x8D, 0xF2, 0x4D,
    0x0A, 0xA2, 0x00, 0x4C, 0x5A, 0x63, 0xE0, 0x15, 0x6E, 0xEF, 0x87, 0xDB, 0xFB, 0x1D, 0xDE, 0x01,
    0x97, 0xC0, 0x35, 0xF0, 0x1D, 0x88, 0x69, 0xB5, 0x80, 0x47, 0xE6, 0xA1, 0x1C, 0x94, 0x85, 0x86,
    0xD4, 0x85, 0xF2, 0x80, 0x3E, 0x98, 0x83, 0x84, 0xCB, 0xBF, 0x6B, 0x4F, 0x73, 0x38, 0x42, 0x82,
    0xC4, 0x84, 0x36, 0xA5, 0x9D, 0xD1, 0x08, 0xBB, 0xFE, 0xB1, 0xC5, 0xF0, 0x73, 0x0B, 0x9C, 0x23,
    0xA1, 0x0B, 0x76, 0x32, 0x16, 0x28, 0x7D, 0xDD, 0xAE, 0xE3, 0x6D, 0x98, 0xBB, 0x06, 0x9B, 0x5D,
    0xD6, 0xAF, 0xB0, 0x69, 0x74, 0x5B, 0xDA, 0x5D, 0x1E, 0x6B, 0xB7, 0xE2, 0x09, 0xAA, 0x47, 0x7A,
    0x8A, 0xCF, 0xA9, 0x3E, 0x26, 0x06, 0xDA, 0xD2, 0x73, 0x40, 0xA9, 0x25, 0xBE, 0x12, 0x7F, 0x63,
    0x12, 0x36, 0x96, 0x26, 0x0B, 0xC9, 0xCF, 0xF4, 0x5D, 0xC7, 0xE4, 0x9B, 0xCA, 0x4C, 0x2A, 0x26,
    0x57, 0x8B, 0xB3, 0x6A, 0xCA, 0xE4, 0x32, 0x5C, 0x2F, 0x66, 0x4C, 0x62, 0xF9, 0x98, 0xBC, 0xF6,
    0x71, 0xCA, 0x64, 0xB2, 0x12, 0x2B, 0xF1, 0x6F, 0xC4, 0xCF, 0x84, 0x8D, 0xB8, 0xB8, 0xA9, 0xA4,
    0xD3, 0xC7, 0xB6, 0x5A, 0xC8, 0xE0, 0xB5, 0x2B, 0x03, 0x0E, 0x4F, 0x2E, 0x02, 0xB9, 0x12, 0x33,
    0x96, 0xBF, 0xE0, 0x68, 0xF9, 0x43, 0x30, 0x0F, 0xAD, 0xB9, 0xF3, 0x65, 0xE1, 0x66, 0xEC, 0x69,
    0x8C, 0x8B, 0x53, 0x9C, 0x9F, 0xA4, 0x16, 0xB3, 0x58, 0xB8, 0x0F, 0x58, 0x52, 0x56, 0xEA, 0xE4,
    0x54, 0xC0, 0xB7, 0x11, 0xE9, 0xD7, 0x3E, 0x8B, 0x0C, 0x35, 0x59, 0x97, 0xFB, 0x89, 0x30, 0x0F,
    0xAC, 0x18, 0xE9, 0x75, 0xB2, 0x6C, 0xA3, 0xA3, 0x8A, 0x3A, 0xA8, 0x98, 0x7B, 0x15, 0x72, 0xAF,
    0x7D, 0x61, 0x69, 0x1C, 0x7E, 0x4C, 0xD2, 0x5F, 0x3F, 0xF7, 0x31, 0xC7, 0x17, 0xD4, 0x76, 0xC7,
    0x3E, 0x1A, 0xB9, 0x1E, 0xEF, 0x79, 0x15, 0x79, 0x28, 0x33, 0x87, 0x49, 0xB2, 0x0A, 0xDD, 0xA2,
    0x5C, 0x6E, 0xF7, 0x0A, 0x55, 0x7B, 0x25, 0x84, 0x29, 0x11, 0xD1, 0x3C, 0x89, 0x75, 0xF5, 0x84,
    0x99, 0x0D, 0x5E, 0x0F, 0x36, 0xFF, 0x1D, 0xCB, 0x4F, 0xC1, 0xB8, 0x65, 0x9D, 0xB5, 0x47, 0xE8,
    0x4E, 0x54, 0x0B, 0x15, 0x39, 0x37, 0x8C, 0xC7, 0xDC, 0xE2, 0x97, 0x48, 0xA3, 0x3B, 0x98, 0x00,
    0x63, 0x59, 0x5E, 0x7A, 0xBA, 0x94, 0x0F, 0x4A, 0x74, 0x1E, 0x01, 0x6F, 0x0F, 0x1D, 0xB2, 0xAF,
    0x0E, 0xD8, 0x41, 0x6D, 0xE4, 0xCC, 0x09, 0x05, 0x3F, 0xF7, 0x84, 0x17, 0x06, 0x97, 0xC6, 0x13,
    0xDC, 0xF0, 0x1B, 0x8B, 0xA5, 0x25, 0x74, 0x09, 0x22, 0xCF, 0x04, 0xF8, 0x4C, 0x70, 0xAB, 0x3D,
    0x6C, 0x42, 0x1D, 0xE1, 0x3F, 0x24, 0x61, 0x76, 0xF2, 0x52, 0x23, 0x3D, 0x91, 0xC5, 0x75, 0x20,
    0x69, 0xA1, 0x43, 0x6F, 0x7C, 0x93, 0x6D, 0x5E, 0x62, 0xC5, 0x70, 0xD6, 0x71, 0x2B, 0x02, 0xF9,
    0x5E, 0x93, 0x10, 0xBE, 0x4C, 0xFE, 0x5C, 0x22, 0xF0, 0xC0, 0xE0, 0xE8, 0x99, 0xC4, 0xF7, 0x20,
    0x8B, 0x6B, 0xB0, 0x32, 0x4F, 0xFF, 0x00, 0x2D, 0x92, 0x3D, 0x8E, 0x9C, 0x30, 0x18, 0x86, 0x1F,
    0x8C, 0x14, 0x12, 0x31, 0x33, 0x4E, 0x1B, 0x69, 0x07, 0x52, 0xA4, 0xE4, 0xA7, 0x99, 0x82, 0xC2,
    0x2C, 0x9C, 0x20, 0xCA, 0x11, 0x72, 0x83, 0xDD, 0x62, 0x8A, 0x29, 0x26, 0x09, 0x47, 0xC8, 0x21,
    0x72, 0x80, 0x29, 0x1C, 0x69, 0xBA, 0xE5, 0x08, 0x9C, 0x20, 0xE1, 0x06, 0x71, 0x41, 0xC1, 0x4A,
    0xBB, 0x22, 0x9F, 0xD9, 0xE5, 0xB3, 0x90, 0xF0, 0x6B, 0xBF, 0xFE, 0xDE, 0x07, 0xAB, 0x59, 0x27,
    0xB9, 0x36, 0xFA, 0xA4, 0xAD, 0xB6, 0xC9, 0x54, 0x5B, 0x53, 0xB9, 0xB4, 0x0F, 0xBB, 0xB0, 0x43,
    0x9E, 0x94, 0x3B, 0x76, 0xEC, 0xC9, 0x30, 0xD4, 0xDD, 0x2D, 0x28, 0xD0, 0xD0, 0xC0, 0x5F, 0xC2,
    0xCF, 0xEC, 0xF6, 0x54, 0x19, 0xCD, 0xD2, 0x89, 0x4C, 0x05, 0x47, 0xE2, 0x85, 0xB7, 0xB0, 0x59,
    0x47, 0xEA, 0xE0, 0x8C, 0x48, 0x17, 0x19, 0x33, 0xCD, 0x00, 0x6F, 0xE0, 0x91, 0xA8, 0x17, 0x5F,
    0xBF, 0xE3, 0xC7, 0xCC, 0xB5, 0xC6, 0x16, 0xD8, 0x1C, 0x73, 0x26, 0x1D, 0x29, 0x97, 0xD5, 0xFF,
    0x66, 0x75, 0x73, 0xA8, 0x81, 0xB0, 0xF7, 0x13, 0xC5, 0xEA, 0x14, 0x4A, 0xAF, 0xFB, 0x5D, 0xBA,
    0xD5, 0x73, 0xE4, 0xF6, 0xF3, 0xC1, 0xDC, 0x9B, 0xEA, 0x9C, 0x8E, 0xD1, 0x9C, 0xE4, 0x46, 0xFB,
    0xAA, 0x0B, 0xFD, 0xC4, 0x29, 0x70, 0x71, 0x77, 0x84, 0x8F, 0xC1, 0x10, 0xB5, 0x3B, 0x39, 0xA6,
    0xE2, 0x22, 0x56, 0xBE, 0x2E, 0x1C, 0xE4, 0x7B, 0xE3, 0x83, 0x11, 0x76, 0x41, 0xCF, 0xB8, 0x4E,
    0x5E, 0xD6, 0x05, 0xA3, 0x92, 0xD4, 0x5A, 0xF4, 0xAF, 0x5E, 0x2E, 0x4B, 0xEE, 0xFE, 0xB5, 0xBB,
    0x98, 0xBD, 0x26, 0x13, 0x17, 0x09, 0x5A, 0xF4, 0xC7, 0x92, 0x70, 0xD2, 0xC6, 0x24, 0xA7, 0xC4,
    0x26, 0xAE, 0x70, 0xB5, 0x33, 0xEE, 0xFA, 0xDB, 0x95, 0x1D, 0x5F, 0xB4, 0x53, 0xA3, 0x1A, 0xC2,
    0xDE, 0x57, 0xD4, 0xC5, 0xAD, 0x66, 0x71, 0xEA, 0x99, 0x58, 0xA3, 0x75, 0xBB, 0x7D, 0x49, 0x70,
    0x45, 0x8D, 0xC4, 0xAD, 0x4F, 0xDE, 0x3C, 0xF3, 0xAA, 0xC6, 0x6B, 0xE0, 0x1C, 0x35, 0x41, 0xCD,
    0xFB, 0x94, 0x2A, 0xC5, 0x7C, 0x43, 0x4F, 0x2B, 0x2C, 0xE1, 0xF4, 0x9D, 0xE0, 0x0F, 0x61, 0xCE,
    0xC6, 0x70, 0x30, 0x3C, 0x2C, 0x2D, 0x27, 0xB0, 0x9E, 0x4E, 0xB8, 0x74, 0x6A, 0x5D, 0xF5, 0x4E,
    0x3C, 0x66, 0xB8, 0xF5, 0x56, 0x55, 0xB2, 0xA2, 0x14, 0xF4, 0x1F, 0x82, 0x47, 0xDD, 0x15, 0xC2,
    0xED, 0x61, 0x9A, 0xCE, 0xD2, 0xA9, 0xB9, 0x5E, 0xCB, 0xA1, 0x59, 0xF0, 0x4C, 0x2C, 0x63, 0xD8,
    0xC7, 0xAD, 0x1C, 0x25, 0x5D, 0x45, 0x53, 0x92, 0x65, 0xDB, 0xFC, 0x26, 0xB5, 0xF1, 0x98, 0x4F,
    0xF7, 0xE7, 0x8B, 0xB1, 0xB6, 0x1C, 0x63, 0x97, 0x9B, 0x2A, 0xB7, 0x89, 0x2D, 0x4C, 0x5D, 0x3E,
    0x61, 0xD5, 0x90, 0xB6, 0xBF, 0xE0, 0x13, 0x4E, 0x76, 0x8A, 0x89, 0xBF, 0x12, 0x1E, 0x6E, 0x25,
    0xEF, 0x8C, 0x2D, 0xD1, 0x0B, 0x56, 0x54, 0xFF, 0x0A, 0xD6, 0xD7, 0x18, 0x08, 0x13, 0xFF, 0x1B,
    0x4E, 0xFC, 0xE4, 0x3F, 0x7D, 0x54, 0xBF, 0x6F, 0xD3, 0x40, 0x18, 0x7D, 0xF6, 0x21, 0x0C, 0xBD,
    0xD2, 0x43, 0xAC, 0x54, 0xF5, 0x42, 0xA5, 0x0E, 0x10, 0x07, 0x54, 0xA4, 0x0E, 0x4E, 0x6A, 0xB5,
    0x12, 0x0B, 0x03, 0x03, 0x62, 0x63, 0x63, 0x46, 0xE2, 0xD7, 0xC0, 0x90, 0x36, 0x56, 0x19, 0x58,
    0xF8, 0x23, 0x90, 0x58, 0xBA, 0x91, 0x31, 0x12, 0x69, 0x7B, 0x28, 0x03, 0x82, 0xAA, 0xC2, 0x1B,
    0x0B, 0xA8, 0x27, 0xCA, 0x02, 0xD3, 0x0D, 0x16, 0x32, 0x22, 0xE9, 0xF1, 0xCE, 0xAE, 0x10, 0x13,
    0x4E, 0x5E, 0x6C, 0xD9, 0xF7, 0xBD, 0xEF, 0xDD, 0x7B, 0x9F, 0x03, 0x71, 0x17, 0x10, 0x97, 0x80,
    0xB8, 0x02, 0xA6, 0x1B, 0x10, 0x9F, 0x1D, 0xD4, 0xF6, 0x21, 0x92, 0xAB, 0x1F, 0xD1, 0xB9, 0x96,
    0xA1, 0x77, 0x0F, 0x18, 0x7D, 0x02, 0xAA, 0xF7, 0xC0, 0xAF, 0x17, 0xC0, 0x4F, 0x2E, 0x7F, 0xC3,
    0xE5, 0x9B, 0xED, 0x01, 0x3A, 0x0F, 0x2D, 0xE2, 0x23, 0x83, 0x05, 0x97, 0xE1, 0xBA, 0x06, 0xB8,
    0x1C, 0x17, 0xC0, 0x43, 0x1E, 0x03, 0x5D, 0x99, 0x63, 0x12, 0x69, 0x94, 0x1E, 0x41, 0x86, 0x92,
    0xB7, 0x1D, 0x7B, 0xA4, 0xA8, 0x11, 0x3B, 0x0B, 0x0C, 0x80, 0xC0, 0xB0, 0x3D, 0x6B, 0x15, 0x6F,
    0xAF, 0xBA, 0x29, 0xFA, 0x6E, 0x02, 0x31, 0x55, 0xD3, 0x60, 0xF7, 0xB4, 0x41, 0x1F, 0x1A, 0xAF,
    0x03, 0x8D, 0xC3, 0x50, 0x63, 0x7F, 0x2D, 0x57, 0xCE, 0xD9, 0x60, 0x3C, 0x46, 0x48, 0x24, 0xCE,
    0x15, 0x62, 0xED, 0x07, 0x04, 0xBE, 0x23, 0xC2, 0x04, 0x92, 0x98, 0xC3, 0x08, 0xCE, 0x3E, 0x45,
    0xE0, 0xD8, 0x3F, 0x89, 0x35, 0xBA, 0xA2, 0x40, 0x47, 0x18, 0xE9, 0x48, 0xDA, 0xE3, 0xF5, 0x88,
    0x9D, 0x2A, 0x95, 0xA1, 0xDA, 0x00, 0x9C, 0x41, 0x40, 0x09, 0x21, 0x21, 0xBC, 0x86, 0x02, 0x88,
    0x88, 0xFE, 0x84, 0xA5, 0x56, 0x4C, 0xA8, 0xDE, 0xC8, 0x2D, 0xAD, 0xE5, 0xB3, 0xB7, 0x5A, 0xAE,
    0x8F, 0x33, 0x79, 0x73, 0x0C, 0x79, 0x6B, 0x9F, 0x38, 0xA0, 0x46, 0x97, 0xC9, 0xC7, 0xDB, 0x50,
    0xAF, 0x06, 0x50, 0x63, 0x4B, 0x14, 0x50, 0xEB, 0x1A, 0x4A, 0xE4, 0x98, 0x13, 0x68, 0x8E, 0x60,
    0x97, 0xE4, 0x3B, 0xCD, 0x66, 0xF7, 0x5C, 0x5E, 0x9F, 0x13, 0xEE, 0xDF, 0x94, 0x08, 0x73, 0x4B,
    0xCD, 0xAC, 0x23, 0x16, 0x68, 0x40, 0x2B, 0x2C, 0xD0, 0xA2, 0xB4, 0x38, 0xFE, 0x02, 0xF9, 0xB5,
    0xAC, 0xCB, 0xBD, 0x64, 0x84, 0x7E, 0x1F, 0x24, 0x1E, 0x89, 0x22, 0xB0, 0xC2, 0xF0, 0x57, 0x4B,
    0x7A, 0xD5, 0x77, 0xB6, 0xF6, 0x2B, 0xAE, 0xD7, 0x99, 0xFA, 0xAC, 0x6A, 0x2C, 0x40, 0xEA, 0x2E,
    0x84, 0x1D, 0x71, 0x91, 0xF1, 0x1E, 0xE9, 0x94, 0xA2, 0x56, 0x62, 0x91, 0xB7, 0x13, 0x0A, 0xEB,
    0x72, 0x51, 0xE7, 0x01, 0x8D, 0x36, 0x08, 0xA7, 0x4D, 0xE4, 0x70, 0x1A, 0x81, 0x6F, 0x43, 0x1F,
    0x16, 0xBD, 0x1F, 0xF4, 0x22, 0x32, 0xBE, 0x07, 0xB7, 0xC0, 0x3C, 0xE8, 0x63, 0xEE, 0xC5, 0x09,
    0x2F, 0x28, 0xE5, 0xD3, 0x54, 0x18, 0xE6, 0x50, 0x61, 0x48, 0x87, 0xCA, 0xCD, 0xFF, 0xFA, 0x08,
    0x2C, 0x13, 0xED, 0x66, 0x1E, 0x76, 0x54, 0x16, 0x5A, 0x99, 0x45, 0x5A, 0x42, 0x65, 0x0A, 0x09,
    0x1A, 0x39, 0xF5, 0x38, 0x04, 0x77, 0x48, 0xEB, 0xB2, 0x14, 0xFE, 0xD3, 0x43, 0x07, 0x43, 0xEE,
    0xA9, 0x84, 0x2A, 0x2C, 0x42, 0x47, 0xB2, 0x79, 0x2E, 0x5A, 0x22, 0xCE, 0xA3, 0xF1, 0xD0, 0x76,
    0xD8, 0x2F, 0x66, 0x2F, 0xBF, 0xF3, 0x56, 0xCD, 0xC2, 0xBD, 0xE6, 0x24, 0x06, 0xCB, 0xA9, 0xFD,
    0xB8, 0xBE, 0x6C, 0x9E, 0x0E, 0xD9, 0x8B, 0x5C, 0x5B, 0x06, 0x11, 0xE7, 0x14, 0x1C, 0xA7, 0x30,
    0xC7, 0xC5, 0x12, 0x47, 0xF7, 0xA3, 0xE7, 0x89, 0x92, 0xF1, 0x95, 0x99, 0x33, 0xE9, 0x39, 0x8C,
    0x66, 0x51, 0xCD, 0xA2, 0x9C, 0x47, 0xB9, 0x84, 0x72, 0x19, 0x65, 0x1B, 0xC3, 0xB6, 0x4D, 0x1F,
    0xD9, 0xF8, 0xA8, 0xF0, 0x65, 0x74, 0x9D, 0xDF, 0xBC, 0x69, 0x73, 0x72, 0xAC, 0x3A, 0x87, 0x27,
    0x5D, 0x85, 0x41, 0x87, 0x41, 0xA6, 0xAA, 0x6E, 0xCD, 0x09, 0xE4, 0xBB, 0x42, 0xF8, 0x14, 0x69,
    0xC9, 0xBF, 0xD6, 0x78, 0x4B, 0x23, 0x4A, 0xA3, 0xA1, 0x4C, 0x31, 0xD2, 0x8A, 0x8E, 0xF2, 0x82,
    0x85, 0x1B, 0x75, 0x22, 0xB6, 0xAE, 0xA8, 0x6A, 0x8E, 0x5E, 0xED, 0xCC, 0xAA, 0xC6, 0x4C, 0x16,
    0xD1, 0x61, 0xCE, 0x6B, 0xEF, 0x14, 0x76, 0x2C, 0x5C, 0x1E, 0x56, 0x88, 0xED, 0xCB, 0xC5, 0xDF,
    0x05, 0x87, 0x43, 0x9A, 0xB3, 0x7D, 0x9D, 0xDC, 0xD6, 0xAD, 0x48, 0x5F, 0x96, 0xF9, 0x8A, 0xBA,
    0x61, 0xBC, 0xD3, 0x7E, 0xFA, 0x63, 0x12, 0x27, 0x64, 0x6C, 0x91, 0xB2, 0x43, 0xF8, 0xE4, 0x7A,
    0x1C, 0xB1, 0x51, 0x02, 0xE5, 0xCA, 0xBF, 0xF2, 0x3C, 0x12, 0x86, 0xE9, 0x53, 0xF7, 0x12, 0x57,
    0x19, 0x38, 0xEA, 0x7F, 0x84, 0xA5, 0x86, 0xE7, 0x24, 0x7D, 0xBE, 0x45, 0x05, 0x23, 0xD2, 0x48,
    0x99, 0x7A, 0x8F, 0x8E, 0xEF, 0x79, 0x0E, 0xA6, 0x6F, 0xE9, 0xB3, 0x8D, 0x74, 0xE8, 0x61, 0xA4,
    0x16, 0x85, 0xCA, 0x84, 0xDE, 0xA4, 0x35, 0xDF, 0x80, 0x77, 0xE4, 0xFA, 0x40, 0x0B, 0x0E, 0x80,
    0x3F, 0x75, 0x50, 0x31, 0x4E, 0x03, 0x31, 0x10, 0x1C, 0xDF, 0x16, 0x57, 0x24, 0xC2, 0x3D, 0x42,
    0x5C, 0x4B, 0x91, 0x28, 0x6D, 0x8A, 0x24, 0xE7, 0x9F, 0xC0, 0x0B, 0x10, 0x05, 0x12, 0x34, 0x21,
    0x0E, 0x14, 0x14, 0xF9, 0x84, 0xCB, 0x3C, 0x80, 0x82, 0x22, 0x12, 0x96, 0xEE, 0x03, 0xF7, 0x04,
    0x8B, 0x14, 0xB4, 0x27, 0x25, 0x45, 0x8A, 0x13, 0x66, 0xCC, 0x5D, 0x09, 0x96, 0xC6, 0xF6, 0x7A,
    0xD6, 0x33, 0xBB, 0x0B, 0x05, 0x60, 0x40, 0x8C, 0x88, 0x06, 0x10, 0x0F, 0x68, 0x03, 0xCC, 0x19,
    0xC6, 0x18, 0xBF, 0x77, 0x3C, 0x27, 0x44, 0xCE, 0x77, 0x45, 0x1E, 0x8F, 0xC4, 0x19, 0x21, 0xE8,
    0x56, 0x96, 0xFE, 0x93, 0x2C, 0x48, 0xAE, 0x5A, 0xA8, 0xC3, 0x35, 0xA4, 0x7A, 0xF5, 0x5A, 0xD6,
    0x61, 0x2A, 0x76, 0x7A, 0x23, 0x76, 0x08, 0xB1, 0x9D, 0xF0, 0x5F, 0x48, 0xFE, 0xAA, 0xE6, 0xF6,
    0x46, 0x8C, 0x93, 0x18, 0x93, 0xB3, 0xC0, 0xCB, 0x7B, 0xF2, 0xE7, 0xB9, 0xEC, 0x9C, 0x53, 0x05,
    0x9A, 0xE1, 0xAC, 0x2B, 0x34, 0xB3, 0xBD, 0xBF, 0xF9, 0x5F, 0x9B, 0xBE, 0x77, 0x62, 0x2F, 0x46,
    0x62, 0xEF, 0xB5, 0x3C, 0xD7, 0x52, 0x6D, 0x0C, 0x0E, 0xB7, 0x40, 0x79, 0xA2, 0x54, 0xF8, 0xE5,
    0x63, 0xDC, 0xB6, 0xEC, 0x14, 0xF8, 0xF2, 0xF8, 0x6C, 0x10, 0x76, 0x08, 0x13, 0x04, 0xED, 0x9D,
    0x34, 0x0E, 0xAD, 0x43, 0x09, 0x0C, 0xCF, 0x3F, 0x22, 0x4D, 0x0A, 0x1A, 0xAE, 0x2C, 0x1B, 0x34,
    0xC8, 0x2B, 0x83, 0x42, 0x0C, 0x96, 0x62, 0xD4, 0x51, 0x4C, 0x5E, 0x0B, 0x59, 0xC1, 0x82, 0x43,
    0xB9, 0xEA, 0xC7, 0x32, 0x63, 0x63, 0x25, 0x63, 0xED, 0x05, 0xD2, 0x70, 0x58, 0x2D, 0xF3, 0x17,
    0xC4, 0xE0, 0xC5, 0x20, 0xDB, 0x53, 0xEF, 0xC1, 0x26, 0xCD, 0x22, 0xC6, 0xBE, 0x11, 0x18, 0x5C,
    0x3A, 0x3C, 0x39, 0x75, 0x72, 0x79, 0x08, 0xDA, 0x86, 0x39, 0xC2, 0x11, 0x7B, 0x9F, 0x8A, 0x4B,
    0x25, 0x46, 0x6E, 0xF8, 0x01, 0xAD, 0x92, 0x31, 0x6F, 0xD4, 0x30, 0x18, 0x86, 0xDF, 0xD8, 0x48,
    0x51, 0x75, 0x70, 0xE9, 0xD0, 0xA1, 0x03, 0x6D, 0x56, 0x84, 0xCA, 0xE5, 0x86, 0x0E, 0x37, 0xE4,
    0xEE, 0x22, 0x96, 0x8E, 0x2C, 0xED, 0xCE, 0xDC, 0xE9, 0x46, 0x06, 0x50, 0x2C, 0xFE, 0x08, 0x1D,
    0x21, 0x0B, 0x1D, 0x18, 0x2A, 0x81, 0x7A, 0xFE, 0x09, 0xFE, 0x07, 0xF5, 0x3F, 0x20, 0xA0, 0x0C,
    0x37, 0x5C, 0x63, 0x5E, 0xDB, 0x39, 0x55, 0x74, 0x6E, 0x94, 0xC7, 0x8E, 0x9D, 0xEF, 0xB3, 0xDF,
    0xEF, 0xB5, 0x85, 0x53, 0xE2, 0x6D, 0x0B, 0xFC, 0x02, 0xE6, 0x40, 0x11, 0xDE, 0x1C, 0xEB, 0xDF,
    0xA9, 0xA9, 0x33, 0x14, 0x13, 0x4C, 0xE6, 0x28, 0x4B, 0x94, 0x73, 0xFC, 0x58, 0xA0, 0xCD, 0xCF,
    0x74, 0xDA, 0x03, 0x98, 0x90, 0x25, 0xF9, 0x02, 0x24, 0xEF, 0x00, 0x99, 0x55, 0xD8, 0xCB, 0x14,
    0x9E, 0x8F, 0x34, 0xA6, 0xA9, 0xC6, 0x7B, 0xA9, 0xA1, 0xA5, 0x15, 0x4A, 0x5A, 0x09, 0xD1, 0x8E,
    0x91, 0xB4, 0x2F, 0x81, 0x6E, 0xE9, 0xDC, 0x86, 0x74, 0x6B, 0xE7, 0x5C, 0x2B, 0x0D, 0x16, 0x78,
    0xEA, 0xA6, 0xEE, 0xA5, 0xB3, 0x97, 0xDF, 0x44, 0x73, 0xC5, 0x3D, 0xD4, 0xBA, 0xF9, 0xAE, 0x96,
    0x48, 0x55, 0xAE, 0xA4, 0xCE, 0xB4, 0x54, 0x92, 0x65, 0x26, 0x1D, 0x65, 0x6F, 0xC9, 0x02, 0xA1,
    0x54, 0x64, 0xE4, 0x0D, 0xF9, 0x40, 0xF8, 0x9F, 0xCA, 0x31, 0x82, 0x30, 0x47, 0xFC, 0x9A, 0x11,
    0x4A, 0x0D, 0x5C, 0x5C, 0x9C, 0x3B, 0xE7, 0xF3, 0xF6, 0x89, 0xDD, 0xC5, 0x01, 0x47, 0x64, 0x16,
    0x53, 0x05, 0xA7, 0xD2, 0x0A, 0x18, 0x73, 0x58, 0x92, 0x6B, 0xEE, 0x66, 0x18, 0xA9, 0xE2, 0x26,
    0x27, 0x64, 0x85, 0xE1, 0xF9, 0xE4, 0x6E, 0x7D, 0xC8, 0x55, 0xCC, 0x4C, 0x7C, 0xB6, 0x89, 0x8B,
    0x86, 0x85, 0x87, 0x14, 0xCF, 0x71, 0x48, 0xAD, 0xAB, 0x72, 0x10, 0x74, 0xCD, 0xC8, 0x16, 0x89,
    0xA5, 0x86, 0x3F, 0x0C, 0xFD, 0x4B, 0x7E, 0xAA, 0x78, 0x1A, 0xCB, 0xE1, 0x64, 0x0E, 0xA9, 0x63,
    0x8B, 0x1E, 0xB9, 0x3B, 0x73, 0xBA, 0xCC, 0xEF, 0xA4, 0x99, 0xCA, 0x2D, 0xEC, 0x2A, 0xD9, 0xC0,
    0x9E, 0x8A, 0x1E, 0x76, 0x3E, 0x5A, 0x7F, 0xD6, 0x79, 0x9F, 0x39, 0x95, 0x76, 0xC2, 0x9F, 0xA7,
    0xD8, 0x00, 0x2F, 0x6E, 0x62, 0x25, 0xAB, 0xA8, 0xC9, 0x17, 0x99, 0xD8, 0xFF, 0x75, 0xED, 0x48,
    0x55, 0x64, 0x54, 0x3D, 0xE8, 0xF4, 0x8C, 0x07, 0x43, 0x4E, 0x06, 0x53, 0xE8, 0xC0, 0x47, 0xA6,
    0xD7, 0xDE, 0x6A, 0xF3, 0xEA, 0xF4, 0x66, 0xB6, 0xCA, 0xEC, 0xCE, 0x81, 0x47, 0x33, 0x74, 0x42,
    0xD3, 0x2A, 0x7A, 0xEC, 0x6D, 0xE6, 0x02, 0x53, 0xAF, 0x20, 0x0E, 0x25, 0xC5, 0x01, 0xBC, 0x41,
    0x07, 0x3E, 0xF2, 0x19, 0xDD, 0x43, 0xDA, 0xD1, 0x12, 0x36, 0x45, 0x85, 0x42, 0x05, 0xF9, 0xEC,
    0xE4, 0x26, 0xDC, 0x61, 0xBC, 0x6E, 0x9A, 0xDA, 0xB9, 0xFD, 0x70, 0xC6, 0xB9, 0x41, 0x72, 0x1F,
    0xBB, 0xAD, 0x8F, 0x2B, 0x8C, 0xB8, 0x67, 0x13, 0xE2, 0x80, 0xCB, 0xE6, 0xAB, 0x73, 0xFD, 0x3F,
    0x95, 0x92, 0x31, 0x4E, 0xC3, 0x40, 0x10, 0x45, 0xFF, 0x26, 0x91, 0x5C, 0xA4, 0x30, 0x25, 0x55,
    0xB6, 0xA5, 0x80, 0xB8, 0xA5, 0x30, 0xB1, 0x8F, 0xC0, 0x31, 0x38, 0x84, 0x85, 0xDC, 0xA7, 0x80,
    0x23, 0xF8, 0x08, 0x29, 0x52, 0x6C, 0x01, 0x8A, 0x8F, 0x60, 0x71, 0x01, 0x2C, 0x0E, 0x80, 0xB6,
    0xA0, 0x48, 0x13, 0x96, 0x3F, 0xB3, 0x5E, 0x10, 0x15, 0xC2, 0x92, 0xFF, 0x4A, 0xD6, 0x7A, 0xFE,
    0x9B, 0xF9, 0x03, 0x98, 0x90, 0x1D, 0x81, 0xE5, 0xC3, 0x69, 0x03, 0x58, 0xE3, 0x16, 0x40, 0x09,
    0x0F, 0xA0, 0x31, 0xA2, 0x6E, 0x36, 0xF2, 0x73, 0x08, 0xA1, 0x05, 0xFC, 0xBC, 0xC7, 0xA4, 0xC6,
    0x67, 0xD4, 0xD9, 0xB8, 0x6C, 0x93, 0xCE, 0x87, 0xBC, 0xA6, 0xF6, 0x39, 0x92, 0x66, 0xBD, 0x15,
    0x6D, 0xD7, 0xD4, 0x65, 0x7D, 0x45, 0xCD, 0x59, 0x3A, 0xE9, 0x0A, 0x7B, 0xE0, 0xBC, 0x7C, 0xA4,
    0x49, 0xB5, 0xFB, 0x64, 0xB1, 0xA2, 0x3F, 0x40, 0x9F, 0xC3, 0xC0, 0xBF, 0x5E, 0xF8, 0xDD, 0xE2,
    0x16, 0x7A, 0x17, 0x8D, 0x88, 0x83, 0x92, 0x0C, 0x13, 0x82, 0x10, 0x18, 0x4F, 0x6B, 0xE3, 0xF3,
    0x96, 0x10, 0xB9, 0x32, 0x88, 0xB9, 0x15, 0x59, 0x2F, 0x08, 0xB0, 0xB9, 0xA6, 0x7F, 0x35, 0xD2,
    0xBE, 0xA8, 0x21, 0x4C, 0x51, 0x56, 0x7C, 0x2F, 0xA4, 0x70, 0xB5, 0x83, 0x18, 0xAB, 0xAD, 0x09,
    0x77, 0xE4, 0xDC, 0x1E, 0x65, 0x0A, 0xC7, 0x69, 0x08, 0x8D, 0x88, 0xE3, 0x20, 0x6C, 0x78, 0x1B,
    0xC5, 0x77, 0x32, 0x37, 0x22, 0xEC, 0xBB, 0x8F, 0xCD, 0x6B, 0xEF, 0xDA, 0x34, 0xCD, 0xC5, 0xB7,
    0xB8, 0xA4, 0x6F, 0xE1, 0xE9, 0x6B, 0xDB, 0xBF, 0x7D, 0x67, 0xA1, 0x16, 0xE7, 0x57, 0x96, 0xA3,
    0xF7, 0x93, 0xA9, 0x53, 0x04, 0x53, 0x06, 0x31, 0x04, 0x4D, 0x41, 0x6E, 0xFA, 0x38, 0x5E, 0xAF,
    0x8D, 0x4A, 0x10, 0xEB, 0x98, 0xC1, 0x4D, 0x3C, 0xCA, 0x98, 0x45, 0x19, 0x63, 0x68, 0xE2, 0xE1,
    0xCE, 0x34, 0x8E, 0x8F, 0x41, 0xF3, 0x60, 0x98, 0x12, 0xC8, 0x73, 0xCA, 0x22, 0x1D, 0x9A, 0x09,
    0x09, 0x3B, 0x8F, 0x94, 0xCA, 0x4F, 0x2C, 0xDC, 0x93, 0x53, 0x27, 0x9C, 0xEF, 0xD5, 0xA8, 0x9B,
    0x92, 0x0D, 0xCA, 0x29, 0x59, 0x34, 0x71, 0x1F, 0x9C, 0x8E, 0x44, 0x38, 0xB7, 0x71, 0x5D, 0xF2,
    0x6F, 0x5C, 0xB9, 0x60, 0x23, 0xE0, 0x84, 0xBB, 0xF9, 0xC5, 0x99, 0x70, 0x23, 0xA7, 0xEB, 0x94,
    0xF3, 0xD0, 0x2B, 0xE7, 0xFD, 0x3F, 0x38, 0xBF, 0x00,
};

static const EpdGlyph sourceserif4_12_italicGlyphs[] = {
    { 0, 0, 93, 0, 0, 0, 0 }, // U+0020
    { 7, 16, 116, 0, 16, 28, 0 }, // !
    { 8, 8, 172, 3, 18, 16, 28 }, // "
    { 14, 16, 224, 0, 16, 56, 44 }, // #
    { 13, 21, 206, 0, 18, 69, 100 }, // $
    { 20, 19, 345, 1, 18, 95, 169 }, // %
    { 17, 16, 280, 1, 16, 68, 264 }, // &
    { 4, 8, 104, 3, 18, 8, 332 }, // '
    { 10, 24, 151, 1, 18, 60, 340 }, // (
    { 10, 24, 151, -2, 19, 60, 400 }, // )
    { 11, 10, 192, 2, 18, 28, 460 }, // *
    { 12, 12, 213, 1, 15, 36, 488 }, // +
    { 6, 8, 120, -1, 3, 12, 524 }, // ,
    { 7, 1, 126, 0, 7, 2, 536 }, // -
    { 4, 3, 120, 1, 3, 3, 538 }, // .
    { 14, 22, 134, -3, 18, 77, 541 }, // /
    { 13, 16, 204, 0, 16, 52, 618 }, // 0
    { 9, 17, 156, 0, 17, 39, 670 }, // 1
    { 13, 16, 208, 0, 16, 52, 709 }, // 2
    { 11, 16, 205, 1, 16, 44, 761 }, // 3
    { 13, 16, 206, 0, 16, 52, 805 }, // 4
    { 13, 16, 198, 0, 16, 52, 857 }, // 5
    { 13, 16, 206, 1, 16, 52, 909 }, // 6
    { 12, 16, 187, 1, 16, 48, 961 }, // 7
    { 11, 16, 204, 1, 16, 44, 1009 }, // 8
    { 12, 17, 203, 1, 16, 51, 1053 }, // 9
    { 5, 12, 120, 1, 12, 15, 1104 }, // :
    { 7, 17, 120, -1, 12, 30, 1119 }, // ;
    { 11, 13, 213, 1, 15, 36, 1149 }, // <
    { 12, 8, 213, 1, 13, 24, 1185 }, // =
    { 11, 13, 213, 2, 14, 36, 1209 }, // >
    { 11, 16, 178, 1, 16, 44, 1245 }, // ?
    { 20, 19, 348, 1, 16, 95, 1289 }, // @
    { 18, 16, 271, -2, 16, 72, 1384 }, // A
    { 16, 16, 250, -1, 16, 64, 1456 }, // B
    { 15, 16, 238, 0, 16, 60, 1520 }, // C
    { 18, 16, 280, -1, 16, 72, 1580 }, // D
    { 16, 16, 235, -1, 16, 64, 1652 }, // E
    { 16, 16, 220, -1, 16, 64, 1716 }, // F
    { 17, 16, 262, 0, 16, 68, 1780 }, // G
    { 21, 16, 305, -1, 16, 84, 1848 }, // H
    { 11, 16, 144, -1, 16, 44, 1932 }, // I
    { 13, 20, 141, -3, 16, 65, 1976 }, // J
    { 19, 16, 266, -1, 16, 76, 2041 }, // K
    { 15, 16, 227, -1, 16, 60, 2117 }, // L
    { 25, 16, 370, -1, 16, 100, 2177 }, // M
    { 21, 16, 290, -1, 16, 84, 2277 }, // N
    { 15, 16, 264, 1, 16, 60, 2361 }, // O
    { 16, 16, 227, -1, 16, 64, 2421 }, // P
    { 15, 22, 264, 1, 16, 83, 2485 }, // Q
    { 17, 16, 260, -1, 16, 68, 2568 }, // R
    { 13, 16, 198, 0, 16, 52, 2636 }, // S
    { 15, 16, 230, 1, 16, 60, 2688 }, // T
    { 17, 16, 284, 2, 16, 68, 2748 }, // U
    { 17, 16, 242, 1, 16, 68, 2816 }, // V
    { 24, 16, 350, 1, 16, 96, 2884 }, // W
    { 19, 16, 264, -1, 16, 76, 2980 }, // X
    { 16, 16, 223, 1, 16, 64, 3056 }, // Y
    { 16, 16, 215, -1, 16, 64, 3120 }, // Z
    { 10, 22, 131, 0, 18, 55, 3184 }, // [
    { 5, 22, 128, 2, 18, 28, 3239 }, // <backslash>
    { 10, 22, 131, -2, 18, 55, 3267 }, // ]
    { 10, 7, 213, 2, 12, 18, 3322 }, // ^
    { 14, 2, 206, -2, 1, 7, 3340 }, // _
    { 5, 6, 160, 4, 19, 8, 3347 }, // `
    { 14, 13, 211, 0, 13, 46, 3355 }, // a
    { 12, 19, 200, 1, 19, 57, 3401 }, // b
    { 11, 12, 166, 0, 12, 33, 3458 }, // c
    { 14, 19, 212, 0, 19, 67, 3491 }, // d
    { 11, 12, 166, 0, 12, 33, 3558 }, // e
    { 17, 24, 120, -5, 18, 102, 3591 }, // f
    { 15, 18, 197, -2, 12, 68, 3693 }, // g
    { 13, 19, 219, 1, 19, 62, 3761 }, // h
    { 7, 18, 123, 1, 18, 32, 3823 }, // i
    { 11, 25, 102, -3, 18, 69, 3855 }, // j
    { 11, 19, 192, 1, 19, 53, 3924 }, // k
    { 6, 19, 113, 1, 19, 29, 3977 }, // l
    { 20, 13, 330, 1, 13, 65, 4006 }, // m
    { 13, 13, 227, 1, 13, 43, 4071 }, // n
    { 12, 12, 198, 0, 12, 36, 4114 }, // o
    { 15, 19, 207, -2, 13, 72, 4150 }, // p
    { 12, 19, 198, 0, 13, 57, 4222 }, // q
    { 10, 13, 163, 1, 13, 33, 4279 }, // r
    { 10, 12, 147, 0, 12, 30, 4312 }, // s
    { 9, 16, 132, 1, 16, 36, 4342 }, // t
    { 14, 13, 230, 1, 13, 46, 4378 }, // u
    { 13, 13, 194, 0, 12, 43, 4424 }, // v
    { 19, 13, 295, 0, 12, 62, 4467 }, // w
    { 15, 12, 210, -1, 12, 45, 4529 }, // x
    { 16, 18, 193, -3, 12, 72, 4574 }, // y
    { 14, 13, 186, -1, 13, 46, 4646 }, // z
    { 10, 22, 150, 1, 18, 55, 4692 }, // {
    { 3, 24, 118, 2, 18, 18, 4747 }, // |
    { 10, 22, 150, -1, 18, 55, 4765 }, // }
    { 11, 3, 213, 1, 10, 9, 4820 }, // ~
    { 0, 0, 93, 0, 0, 0, 0 }, // U+00A0
    { 7, 16, 116, -1, 12, 28, 0 }, // U+00A1
    { 11, 18, 206, 1, 16, 50, 28 }, // U+00A2
    { 14, 16, 206, -1, 16, 56, 78 }, // U+00A3
    { 12, 12, 206, 1, 14, 36, 134 }, // U+00A4
    { 15, 16, 206, 0, 16, 60, 170 }, // U+00A5
    { 3, 24, 118, 2, 18, 18, 230 }, // U+00A6
    { 12, 20, 188, 0, 16, 60, 248 }, // U+00A7
    { 8, 3, 160, 3, 18, 6, 308 }, // U+00A8
    { 18, 17, 310, 1, 17, 77, 314 }, // U+00A9
    { 9, 9, 148, 2, 20, 21, 391 }, // U+00AA
    { 13, 11, 224, 1, 12, 36, 412 }, // U+00AB
    { 13, 5, 213, 0, 9, 17, 448 }, // U+00AC
    { 7, 1, 126, 0, 7, 2, 465 }, // U+00AD
    { 11, 10, 186, 2, 18, 28, 467 }, // U+00AE
    { 7, 2, 160, 4, 17, 4, 495 }, // U+00AF
    { 7, 6, 131, 2, 16, 11, 499 }, // U+00B0
    { 12, 14, 213, 1, 14, 42, 510 }, // U+00B1
    { 8, 10, 140, 2, 21, 20, 552 }, // U+00B2
    { 8, 11, 140, 2, 22, 22, 572 }, // U+00B3
    { 5, 6, 160, 5, 19, 8, 594 }, // U+00B4
    { 14, 18, 214, -1, 13, 63, 602 }, // U+00B5
    { 16, 20, 242, 1, 16, 80, 665 }, // U+00B6
    { 4, 3, 120, 2, 10, 3, 745 }, // U+00B7
    { 6, 6, 160, 0, 0, 9, 748 }, // U+00B8
    { 7, 11, 140, 2, 22, 20, 757 }, // U+00B9
    { 8, 8, 139, 2, 19, 16, 777 }, // U+00BA
    { 13, 11, 224, 0, 12, 36, 793 }, // U+00BB
    { 19, 19, 334, 1, 18, 91, 829 }, // U+00BC
    { 20, 19, 345, 1, 18, 95, 920 }, // U+00BD
    { 19, 19, 334, 1, 18, 91, 1015 }, // U+00BE
    { 11, 16, 178, -1, 12, 44, 1106 }, // U+00BF
    { 18, 22, 271, -2, 22, 99, 1150 }, // U+00C0
    { 18, 21, 271, -2, 21, 95, 1249 }, // U+00C1
    { 18, 21, 271, -2, 21, 95, 1344 }, // U+00C2
    { 18, 21, 271, -2, 21, 95, 1439 }, // U+00C3
    { 18, 21, 271, -2, 21, 95, 1534 }, // U+00C4
    { 18, 22, 271, -2, 22, 99, 1629 }, // U+00C5
    { 24, 16, 353, -2, 16, 96, 1728 }, // U+00C6
    { 15, 22, 238, 0, 16, 83, 1824 }, // U+00C7
    { 16, 22, 235, -1, 22, 88, 1907 }, // U+00C8
    { 16, 21, 235, -1, 21, 84, 1995 }, // U+00C9
    { 16, 21, 235, -1, 21, 84, 2079 }, // U+00CA
    { 16, 21, 235, -1, 21, 84, 2163 }, // U+00CB
    { 11, 22, 144, -1, 22, 61, 2247 }, // U+00CC
    { 12, 21, 144, -1, 21, 63, 2308 }, // U+00CD
    { 12, 21, 144, -1, 21, 63, 2371 }, // U+00CE
    { 12, 21, 144, -1, 21, 63, 2434 }, // U+00CF
    { 18, 16, 280, -1, 16, 72, 2497 }, // U+00D0
    { 21, 21, 290, -1, 21, 111, 2569 }, // U+00D1
    { 15, 22, 264, 1, 22, 83, 2680 }, // U+00D2
    { 15, 21, 264, 1, 21, 79, 2763 }, // U+00D3
    { 15, 21, 264, 1, 21, 79, 2842 }, // U+00D4
    { 15, 21, 264, 1, 21, 79, 2921 }, // U+00D5
    { 15, 21, 264, 1, 21, 79, 3000 }, // U+00D6
    { 11, 12, 213, 1, 14, 33, 3079 }, // U+00D7
    { 18, 18, 264, -1, 17, 81, 3112 }, // U+00D8
    { 17, 22, 284, 2, 22, 94, 3193 }, // U+00D9
    { 17, 21, 284, 2, 21, 90, 3287 }, // U+00DA
    { 17, 21, 284, 2, 21, 90, 3377 }, // U+00DB
    { 17, 21, 284, 2, 21, 90, 3467 }, // U+00DC
    { 16, 21, 223, 1, 21, 84, 3557 }, // U+00DD
    { 15, 16, 226, -1, 16, 60, 3641 }, // U+00DE
    { 19, 24, 206, -5, 18, 114, 3701 }, // U+00DF
    { 14, 19, 211, 0, 19, 67, 3815 }, // U+00E0
    { 14, 19, 211, 0, 19, 67, 3882 }, // U+00E1
    { 14, 18, 211, 0, 18, 63, 3949 }, // U+00E2
    { 14, 18, 211, 0, 18, 63, 4012 }, // U+00E3
    { 14, 18, 211, 0, 18, 63, 4075 }, // U+00E4
    { 14, 18, 211, 0, 18, 63, 4138 }, // U+00E5
    { 17, 12, 272, 0, 12, 51, 4201 }, // U+00E6
    { 11, 18, 166, 0, 12, 50, 4252 }, // U+00E7
    { 11, 19, 166, 0, 19, 53, 4302 }, // U+00E8
    { 12, 19, 166, 0, 19, 57, 4355 }, // U+00E9
    { 12, 18, 166, 0, 18, 54, 4412 }, // U+00EA
    { 13, 18, 166, 0, 18, 59, 4466 }, // U+00EB
    { 7, 19, 123, 1, 19, 34, 4525 }, // U+00EC
    { 8, 19, 123, 1, 19, 38, 4559 }, // U+00ED
    { 9, 18, 123, 1, 18, 41, 4597 }, // U+00EE
    { 9, 18, 123, 1, 18, 41, 4638 }, // U+00EF
    { 12, 19, 197, 0, 19, 57, 4679 }, // U+00F0
    { 13, 18, 227, 1, 18, 59, 4736 }, // U+00F1
    { 12, 19, 198, 0, 19, 57, 4795 }, // U+00F2
    { 12, 19, 198, 0, 19, 57, 4852 }, // U+00F3
    { 12, 18, 198, 0, 18, 54, 4909 }, // U+00F4
    { 13, 18, 198, 0, 18, 59, 4963 }, // U+00F5
    { 13, 18, 198, 0, 18, 59, 5022 }, // U+00F6
    { 12, 13, 213, 1, 15, 39, 5081 }, // U+00F7
    { 14, 14, 198, -1, 13, 49, 5120 }, // U+00F8
    { 14, 19, 230, 1, 19, 67, 5169 }, // U+00F9
    { 14, 19, 230, 1, 19, 67, 5236 }, // U+00FA
    { 14, 18, 230, 1, 18, 63, 5303 }, // U+00FB
    { 14, 18, 230, 1, 18, 63, 5366 }, // U+00FC
    { 16, 25, 193, -3, 19, 100, 5429 }, // U+00FD
    { 16, 25, 204, -3, 19, 100, 5529 }, // U+00FE
    { 16, 24, 193, -3, 18, 96, 5629 }, // U+00FF
    { 18, 20, 271, -2, 20, 90, 0 }, // U+0100
    { 14, 17, 211, 0, 17, 60, 90 }, // U+0101
    { 18, 21, 271, -2, 21, 95, 150 }, // U+0102
    { 14, 19, 211, 0, 19, 67, 245 }, // U+0103
    { 18, 22, 271, -2, 16, 99, 312 }, // U+0104
    { 14, 19, 211, 0, 13, 67, 411 }, // U+0105
    { 15, 21, 238, 0, 21, 79, 478 }, // U+0106
    { 12, 19, 166, 0, 19, 57, 557 }, // U+0107
    { 15, 21, 238, 0, 21, 79, 614 }, // U+0108
    { 12, 18, 166, 0, 18, 54, 693 }, // U+0109
    { 15, 21, 238, 0, 21, 79, 747 }, // U+010A
    { 11, 18, 166, 0, 18, 50, 826 }, // U+010B
    { 15, 22, 238, 0, 22, 83, 876 }, // U+010C
    { 13, 19, 166, 0, 19, 62, 959 }, // U+010D
    { 18, 22, 280, -1, 22, 99, 1021 }, // U+010E
    { 17, 18, 218, 0, 18, 77, 1120 }, // U+010F
    { 18, 16, 280, -1, 16, 72, 1197 }, // U+0110
    { 15, 19, 212, 0, 19, 72, 1269 }, // U+0111
    { 16, 20, 235, -1, 20, 80, 1341 }, // U+0112
    { 12, 17, 166, 0, 17, 51, 1421 }, // U+0113
    { 16, 21, 235, -1, 21, 84, 1472 }, // U+0114
    { 13, 19, 166, 0, 19, 62, 1556 }, // U+0115
    { 16, 21, 235, -1, 21, 84, 1618 }, // U+0116
    { 11, 18, 166, 0, 18, 50, 1702 }, // U+0117
    { 16, 22, 235, -1, 16, 88, 1752 }, // U+0118
    { 11, 18, 166, 0, 12, 50, 1840 }, // U+0119
    { 16, 22, 235, -1, 22, 88, 1890 }, // U+011A
    { 13, 19, 166, 0, 19, 62, 1978 }, // U+011B
    { 17, 21, 262, 0, 21, 90, 2040 }, // U+011C
    { 15, 24, 197, -2, 18, 90, 2130 }, // U+011D
    { 17, 21, 262, 0, 21, 90, 2220 }, // U+011E
    { 15, 25, 197, -2, 19, 94, 2310 }, // U+011F
    { 17, 21, 262, 0, 21, 90, 2404 }, // U+0120
    { 15, 24, 197, -2, 18, 90, 2494 }, // U+0121
    { 17, 23, 262, 0, 16, 98, 2584 }, // U+0122
    { 15, 26, 197, -2, 20, 98, 2682 }, // U+0123
    { 21, 21, 305, -1, 21, 111, 2780 }, // U+0124
    { 13, 22, 219, 1, 22, 72, 2891 }, // U+0125
    { 21, 16, 305, -1, 16, 84, 2963 }, // U+0126
    { 13, 19, 219, 1, 19, 62, 3047 }, // U+0127
    { 13, 21, 144, -1, 21, 69, 3109 }, // U+0128
    { 9, 18, 123, 1, 18, 41, 3178 }, // U+0129
    { 12, 20, 144, -1, 20, 60, 3219 }, // U+012A
    { 8, 17, 123, 1, 17, 34, 3279 }, // U+012B
    { 11, 22, 144, -1, 16, 61, 3313 }, // U+012E
    { 7, 24, 123, 1, 18, 42, 3374 }, // U+012F
    { 11, 21, 144, -1, 21, 58, 3416 }, // U+0130
    { 7, 13, 123, 1, 13, 23, 3474 }, // U+0131
    { 14, 25, 141, -3, 21, 88, 3497 }, // U+0134
    { 13, 25, 102, -3, 18, 82, 3585 }, // U+0135
    { 19, 23, 266, -1, 16, 110, 3667 }, // U+0136
    { 11, 26, 192, 1, 19, 72, 3777 }, // U+0137
    { 12, 13, 199, 1, 13, 39, 3849 }, // U+0138
    { 15, 21, 227, -1, 21, 79, 3888 }, // U+0139
    { 10, 22, 113, 1, 22, 55, 3967 }, // U+013A
    { 15, 23, 227, -1, 16, 87, 4022 }, // U+013B
    { 7, 26, 113, 0, 19, 46, 4109 }, // U+013C
    { 16, 18, 227, -1, 18, 72, 4155 }, // U+013D
    { 10, 18, 119, 1, 18, 45, 4227 }, // U+013E
    { 15, 16, 227, -1, 16, 60, 4272 }, // U+013F
    { 9, 19, 115, 1, 19, 43, 4332 }, // U+0140
    { 15, 16, 227, -1, 16, 60, 4375 }, // U+0141
    { 8, 19, 113, 0, 19, 38, 4435 }, // U+0142
    { 21, 21, 290, -1, 21, 111, 4473 }, // U+0143
    { 13, 19, 227, 1, 19, 62, 4584 }, // U+0144
    { 21, 23, 290, -1, 16, 121, 4646 }, // U+0145
    { 13, 20, 227, 1, 13, 65, 4767 }, // U+0146
    { 21, 22, 290, -1, 22, 116, 4832 }, // U+0147
    { 13, 19, 227, 1, 19, 62, 4948 }, // U+0148
    { 19, 19, 333, 2, 19, 91, 5010 }, // U+0149
    { 21, 20, 293, -1, 16, 105, 5101 }, // U+014A
    { 12, 20, 230, 1, 13, 60, 5206 }, // U+014B
    { 15, 20, 264, 1, 20, 75, 5266 }, // U+014C
    { 12, 17, 198, 0, 17, 51, 5341 }, // U+014D
    { 15, 21, 264, 1, 21, 79, 5392 }, // U+014E
    { 13, 19, 198, 0, 19, 62, 5471 }, // U+014F
    { 15, 22, 264, 1, 22, 83, 5533 }, // U+0150
    { 14, 19, 198, 0, 19, 67, 5616 }, // U+0151
    { 21, 16, 356, 1, 16, 84, 5683 }, // U+0152
    { 19, 12, 300, 0, 12, 57, 5767 }, // U+0153
    { 17, 21, 260, -1, 21, 90, 5824 }, // U+0154
    { 10, 19, 163, 1, 19, 48, 5914 }, // U+0155
    { 17, 23, 260, -1, 16, 98, 5962 }, // U+0156
    { 11, 20, 163, 0, 13, 55, 6060 }, // U+0157
    { 17, 22, 260, -1, 22, 94, 6115 }, // U+0158
    { 11, 19, 163, 1, 19, 53, 6209 }, // U+0159
    { 13, 21, 198, 0, 21, 69, 6262 }, // U+015A
    { 11, 19, 147, 0, 19, 53, 6331 }, // U+015B
    { 13, 21, 198, 0, 21, 69, 6384 }, // U+015C
    { 11, 18, 147, 0, 18, 50, 6453 }, // U+015D
    { 13, 22, 198, 0, 16, 72, 6503 }, // U+015E
    { 10, 18, 147, 0, 12, 45, 6575 }, // U+015F
    { 13, 22, 198, 0, 22, 72, 6620 }, // U+0160
    { 11, 19, 147, 0, 19, 53, 6692 }, // U+0161
    { 15, 22, 230, 1, 16, 83, 6745 }, // U+0162
    { 10, 22, 132, 0, 16, 55, 6828 }, // U+0163
    { 15, 22, 230, 1, 22, 83, 6883 }, // U+0164
    { 11, 18, 132, 1, 18, 50, 6966 }, // U+0165
    { 17, 21, 284, 2, 21, 90, 7016 }, // U+0168
    { 14, 18, 230, 1, 18, 63, 7106 }, // U+0169
    { 17, 20, 284, 2, 20, 85, 7169 }, // U+016A
    { 14, 17, 230, 1, 17, 60, 7254 }, // U+016B
    { 17, 21, 284, 2, 21, 90, 7314 }, // U+016C
    { 14, 19, 230, 1, 19, 67, 7404 }, // U+016D
    { 17, 22, 284, 2, 22, 94, 7471 }, // U+016E
    { 14, 18, 230, 1, 18, 63, 7565 }, // U+016F
    { 17, 22, 284, 2, 22, 94, 7628 }, // U+0170
    { 14, 19, 230, 1, 19, 67, 7722 }, // U+0171
    { 17, 22, 284, 2, 16, 94, 7789 }, // U+0172
    { 14, 19, 230, 1, 13, 67, 7883 }, // U+0173
    { 24, 21, 350, 1, 21, 126, 7950 }, // U+0174
    { 19, 19, 295, 0, 18, 91, 8076 }, // U+0175
    { 16, 21, 223, 1, 21, 84, 8167 }, // U+0176
    { 16, 24, 193, -3, 18, 96, 8251 }, // U+0177
    { 16, 21, 223, 1, 21, 84, 8347 }, // U+0178
    { 16, 21, 215, -1, 21, 84, 8431 }, // U+0179
    { 14, 19, 186, -1, 19, 67, 8515 }, // U+017A
    { 16, 21, 215, -1, 21, 84, 8582 }, // U+017B
    { 14, 18, 186, -1, 18, 63, 8666 }, // U+017C
    { 16, 22, 215, -1, 22, 88, 8729 }, // U+017D
    { 14, 19, 186, -1, 19, 67, 8817 }, // U+017E
    { 17, 24, 120, -5, 18, 102, 8884 }, // U+017F
    { 17, 19, 264, 1, 19, 81, 0 }, // U+01A0
    { 14, 15, 198, 0, 15, 53, 81 }, // U+01A1
    { 19, 21, 284, 2, 21, 100, 134 }, // U+01AF
    { 15, 16, 230, 1, 16, 60, 234 }, // U+01B0
    { 18, 22, 271, -2, 22, 99, 294 }, // U+01CD
    { 14, 19, 211, 0, 19, 67, 393 }, // U+01CE
    { 12, 22, 144, -1, 22, 66, 460 }, // U+01CF
    { 9, 19, 123, 1, 19, 43, 526 }, // U+01D0
    { 15, 22, 264, 1, 22, 83, 569 }, // U+01D1
    { 13, 19, 198, 0, 19, 62, 652 }, // U+01D2
    { 17, 22, 284, 2, 22, 94, 714 }, // U+01D3
    { 14, 19, 230, 1, 19, 67, 808 }, // U+01D4
    { 17, 23, 284, 2, 23, 98, 875 }, // U+01D5
    { 14, 19, 230, 1, 19, 67, 973 }, // U+01D6
    { 17, 25, 284, 2, 25, 107, 1040 }, // U+01D7
    { 14, 20, 230, 1, 20, 70, 1147 }, // U+01D8
    { 17, 25, 284, 2, 25, 107, 1217 }, // U+01D9
    { 14, 20, 230, 1, 20, 70, 1324 }, // U+01DA
    { 17, 25, 284, 2, 25, 107, 1394 }, // U+01DB
    { 14, 20, 230, 1, 20, 70, 1501 }, // U+01DC
    { 17, 22, 262, 0, 22, 94, 1571 }, // U+01E6
    { 15, 25, 197, -2, 19, 94, 1665 }, // U+01E7
    { 21, 22, 290, -1, 22, 116, 1759 }, // U+01F8
    { 13, 19, 227, 1, 19, 62, 1875 }, // U+01F9
    { 13, 23, 198, 0, 16, 75, 1937 }, // U+0218
    { 10, 19, 147, 0, 12, 48, 2012 }, // U+0219
    { 15, 23, 230, 1, 16, 87, 2060 }, // U+021A
    { 9, 23, 132, 1, 16, 52, 2147 }, // U+021B
    { 5, 6, 0, -3, 19, 8, 0 }, // U+0300
    { 6, 6, 0, 0, 19, 9, 8 }, // U+0301
    { 9, 5, 0, -3, 18, 12, 17 }, // U+0302
    { 10, 4, 0, -3, 18, 10, 29 }, // U+0303
    { 7, 2, 0, -2, 17, 4, 39 }, // U+0304
    { 8, 5, 0, -2, 19, 10, 43 }, // U+0306
    { 4, 3, 0, 0, 18, 3, 53 }, // U+0307
    { 8, 3, 0, -2, 18, 6, 56 }, // U+0308
    { 5, 6, 0, 0, 19, 8, 62 }, // U+0309
    { 6, 5, 0, -1, 18, 8, 70 }, // U+030A
    { 9, 5, 0, -2, 19, 12, 78 }, // U+030B
    { 8, 5, 0, -2, 19, 10, 90 }, // U+030C
    { 5, 6, 0, 0, 17, 8, 100 }, // U+031B
    { 4, 3, 0, -4, -2, 3, 108 }, // U+0323
    { 9, 3, 0, -7, -2, 7, 111 }, // U+0324
    { 4, 5, 0, -4, -2, 5, 118 }, // U+0326
    { 6, 6, 0, -5, 0, 9, 123 }, // U+0327
    { 6, 6, 0, -5, 0, 9, 132 }, // U+0328
    { 3, 5, 0, -4, -2, 4, 141 }, // U+0329
    { 8, 5, 0, -6, -1, 10, 145 }, // U+032E
    { 7, 2, 0, -6, -3, 4, 155 }, // U+0331
    { 16, 22, 235, -1, 22, 88, 0 }, // U+0400
    { 16, 21, 235, -1, 21, 84, 88 }, // U+0401
    { 16, 18, 270, 1, 16, 72, 172 }, // U+0402
    { 16, 21, 213, -1, 21, 84, 244 }, // U+0403
    { 15, 16, 238, 0, 16, 60, 328 }, // U+0404
    { 13, 16, 198, 0, 16, 52, 388 }, // U+0405
    { 11, 16, 144, -1, 16, 44, 440 }, // U+0406
    { 12, 21, 144, -1, 21, 63, 484 }, // U+0407
    { 13, 20, 141, -3, 16, 65, 547 }, // U+0408
    { 24, 16, 357, -2, 16, 96, 612 }, // U+0409
    { 25, 16, 395, -1, 16, 100, 708 }, // U+040A
    { 17, 16, 288, 1, 16, 68, 808 }, // U+040B
    { 19, 21, 263, -1, 21, 100, 876 }, // U+040C
    { 21, 22, 310, -1, 22, 116, 976 }, // U+040D
    { 17, 23, 240, 1, 22, 98, 1092 }, // U+040E
    { 21, 21, 301, -1, 16, 111, 1190 }, // U+040F
    { 18, 16, 271, -2, 16, 72, 1301 }, // U+0410
    { 16, 16, 250, -1, 16, 64, 1373 }, // U+0411
    { 16, 16, 250, -1, 16, 64, 1437 }, // U+0412
    { 16, 16, 213, -1, 16, 64, 1501 }, // U+0413
    { 20, 21, 272, -2, 16, 105, 1565 }, // U+0414
    { 16, 16, 235, -1, 16, 64, 1670 }, // U+0415
    { 25, 17, 374, -1, 17, 107, 1734 }, // U+0416
    { 13, 16, 214, 0, 16, 52, 1841 }, // U+0417
    { 21, 16, 310, -1, 16, 84, 1893 }, // U+0418
    { 21, 22, 310, -1, 22, 116, 1977 }, // U+0419
    { 19, 17, 263, -1, 17, 81, 2093 }, // U+041A
    { 20, 16, 267, -2, 16, 80, 2174 }, // U+041B
    { 25, 16, 370, -1, 16, 100, 2254 }, // U+041C
    { 21, 16, 305, -1, 16, 84, 2354 }, // U+041D
    { 15, 16, 264, 1, 16, 60, 2438 }, // U+041E
    { 21, 16, 298, -1, 16, 84, 2498 }, // U+041F
    { 16, 16, 227, -1, 16, 64, 2582 }, // U+0420
    { 15, 16, 238, 0, 16, 60, 2646 }, // U+0421
    { 15, 16, 230, 1, 16, 60, 2706 }, // U+0422
    { 17, 17, 240, 1, 16, 73, 2766 }, // U+0423
    { 17, 16, 297, 1, 16, 68, 2839 }, // U+0424
    { 19, 16, 264, -1, 16, 76, 2907 }, // U+0425
    { 20, 21, 292, -1, 16, 105, 2983 }, // U+0426
    { 17, 16, 264, 1, 16, 68, 3088 }, // U+0427
    { 28, 16, 412, -1, 16, 112, 3156 }, // U+0428
    { 28, 21, 412, -1, 16, 147, 3268 }, // U+0429
    { 16, 16, 276, 1, 16, 64, 3415 }, // U+042A
    { 24, 16, 354, -1, 16, 96, 3479 }, // U+042B
    { 15, 16, 235, -1, 16, 60, 3575 }, // U+042C
    { 15, 16, 240, 0, 16, 60, 3635 }, // U+042D
    { 25, 16, 390, -1, 16, 100, 3695 }, // U+042E
    { 19, 16, 256, -2, 16, 76, 3795 }, // U+042F
    { 14, 13, 211, 0, 13, 46, 3871 }, // U+0430
    { 14, 20, 204, 1, 20, 70, 3917 }, // U+0431
    { 11, 12, 189, 1, 12, 33, 3987 }, // U+0432
    { 10, 12, 154, 0, 12, 30, 4020 }, // U+0433
    { 13, 18, 194, 0, 18, 59, 4050 }, // U+0434
    { 11, 12, 166, 0, 12, 33, 4109 }, // U+0435
    { 21, 13, 328, 0, 12, 69, 4142 }, // U+0436
    { 11, 12, 167, 0, 12, 33, 4211 }, // U+0437
    { 14, 13, 230, 1, 13, 46, 4244 }, // U+0438
    { 14, 18, 230, 1, 18, 63, 4290 }, // U+0439
    { 12, 13, 199, 1, 13, 39, 4353 }, // U+043A
    { 15, 12, 221, -1, 12, 45, 4392 }, // U+043B
    { 20, 13, 300, -1, 13, 65, 4437 }, // U+043C
    { 14, 13, 230, 1, 13, 46, 4502 }, // U+043D
    { 12, 12, 198, 0, 12, 36, 4548 }, // U+043E
    { 13, 13, 227, 1, 13, 43, 4584 }, // U+043F
    { 15, 19, 207, -2, 13, 72, 4627 }, // U+0440
    { 11, 12, 166, 0, 12, 33, 4699 }, // U+0441
    { 20, 13, 330, 1, 13, 65, 4732 }, // U+0442
    { 16, 18, 193, -3, 12, 72, 4797 }, // U+0443
    { 17, 25, 278, 0, 19, 107, 4869 }, // U+0444
    { 15, 12, 210, -1, 12, 45, 4976 }, // U+0445
    { 14, 19, 230, 1, 13, 67, 5021 }, // U+0446
    { 14, 13, 214, 0, 13, 46, 5088 }, // U+0447
    { 20, 13, 324, 1, 13, 65, 5134 }, // U+0448
    { 20, 19, 324, 1, 13, 95, 5199 }, // U+0449
    { 12, 13, 192, 0, 13, 39, 5294 }, // U+044A
    { 18, 13, 285, 0, 13, 59, 5333 }, // U+044B
    { 11, 13, 184, 0, 13, 36, 5392 }, // U+044C
    { 11, 12, 172, 0, 12, 33, 5428 }, // U+044D
    { 17, 13, 288, 1, 13, 56, 5461 }, // U+044E
    { 14, 13, 206, -1, 13, 46, 5517 }, // U+044F
    { 11, 19, 166, 0, 19, 53, 5563 }, // U+0450
    { 13, 18, 166, 0, 18, 59, 5616 }, // U+0451
    { 11, 25, 193, 1, 19, 69, 5675 }, // U+0452
    { 11, 19, 154, 0, 19, 53, 5744 }, // U+0453
    { 11, 12, 166, 0, 12, 33, 5797 }, // U+0454
    { 10, 12, 147, 0, 12, 30, 5830 }, // U+0455
    { 7, 18, 123, 1, 18, 32, 5860 }, // U+0456
    { 9, 18, 123, 1, 18, 41, 5892 }, // U+0457
    { 11, 25, 102, -3, 18, 69, 5933 }, // U+0458
    { 19, 12, 283, -1, 12, 57, 6002 }, // U+0459
    { 17, 13, 292, 1, 13, 56, 6059 }, // U+045A
    { 13, 19, 219, 1, 19, 62, 6115 }, // U+045B
    { 12, 19, 199, 1, 19, 57, 6177 }, // U+045C
    { 14, 19, 230, 1, 19, 67, 6234 }, // U+045D
    { 16, 24, 193, -3, 18, 96, 6301 }, // U+045E
    { 14, 19, 230, 1, 13, 67, 6397 }, // U+045F
    { 16, 18, 278, 1, 18, 72, 6464 }, // U+0462
    { 17, 13, 295, 1, 13, 56, 6536 }, // U+0463
    { 15, 16, 264, 1, 16, 60, 6592 }, // U+0472
    { 12, 12, 198, 0, 12, 36, 6652 }, // U+0473
    { 17, 16, 243, 1, 16, 68, 6688 }, // U+0474
    { 14, 13, 210, 0, 12, 46, 6756 }, // U+0475
    { 17, 20, 213, -1, 20, 85, 6802 }, // U+0490
    { 11, 16, 146, 0, 16, 44, 6887 }, // U+0491
    { 16, 16, 213, -1, 16, 64, 6931 }, // U+0492
    { 10, 12, 154, 0, 12, 30, 6995 }, // U+0493
    { 25, 22, 374, -1, 17, 138, 7025 }, // U+0496
    { 21, 18, 328, 0, 12, 95, 7163 }, // U+0497
    { 13, 22, 214, 0, 16, 72, 7258 }, // U+0498
    { 11, 18, 167, 0, 12, 50, 7330 }, // U+0499
    { 19, 22, 263, -1, 17, 105, 7380 }, // U+049A
    { 13, 19, 199, 1, 13, 62, 7485 }, // U+049B
    { 19, 17, 304, 1, 17, 81, 7547 }, // U+04A0
    { 16, 13, 242, 0, 13, 52, 7628 }, // U+04A1
    { 21, 21, 305, -1, 16, 111, 7680 }, // U+04A2
    { 14, 19, 230, 1, 13, 67, 7791 }, // U+04A3
    { 15, 22, 238, 0, 16, 83, 7858 }, // U+04AA
    { 11, 18, 166, 0, 12, 50, 7941 }, // U+04AB
    { 16, 16, 223, 1, 16, 64, 7991 }, // U+04AE
    { 13, 18, 194, 0, 12, 59, 8055 }, // U+04AF
    { 16, 16, 223, 1, 16, 64, 8114 }, // U+04B0
    { 13, 18, 194, 0, 12, 59, 8178 }, // U+04B1
    { 19, 21, 264, -1, 16, 100, 8237 }, // U+04B2
    { 15, 18, 210, -1, 12, 68, 8337 }, // U+04B3
    { 17, 21, 264, 1, 16, 90, 8405 }, // U+04B6
    { 14, 19, 214, 0, 13, 67, 8495 }, // U+04B7
    { 17, 16, 256, -1, 16, 68, 8562 }, // U+04BA
    { 13, 19, 219, 1, 19, 62, 8630 }, // U+04BB
    { 11, 16, 144, -1, 16, 44, 8692 }, // U+04C0
    { 25, 22, 374, -1, 22, 138, 8736 }, // U+04C1
    { 21, 19, 328, 0, 18, 100, 8874 }, // U+04C2
    { 11, 18, 113, -1, 18, 50, 8974 }, // U+04CF
    { 18, 22, 271, -2, 22, 99, 9024 }, // U+04D0
    { 14, 18, 211, 0, 18, 63, 9123 }, // U+04D1
    { 24, 16, 353, -2, 16, 96, 9186 }, // U+04D4
    { 17, 12, 272, 0, 12, 51, 9282 }, // U+04D5
    { 16, 22, 235, -1, 22, 88, 9333 }, // U+04D6
    { 13, 18, 166, 0, 18, 59, 9421 }, // U+04D7
    { 14, 16, 248, 1, 16, 56, 9480 }, // U+04D8
    { 11, 12, 173, 0, 12, 33, 9536 }, // U+04D9
    { 21, 20, 310, -1, 20, 105, 9569 }, // U+04E2
    { 14, 17, 230, 1, 17, 60, 9674 }, // U+04E3
    { 15, 21, 264, 1, 21, 79, 9734 }, // U+04E6
    { 13, 18, 198, 0, 18, 59, 9813 }, // U+04E7
    { 15, 16, 264, 1, 16, 60, 9872 }, // U+04E8
    { 12, 12, 198, 0, 12, 36, 9932 }, // U+04E9
    { 17, 21, 240, 1, 20, 90, 9968 }, // U+04EE
    { 16, 23, 193, -3, 17, 92, 10058 }, // U+04EF
    { 17, 23, 240, 1, 22, 98, 10150 }, // U+04F2
    { 17, 25, 193, -3, 19, 107, 10248 }, // U+04F3
    { 18, 21, 271, -2, 16, 95, 0 }, // U+1EA0
    { 14, 18, 211, 0, 13, 63, 95 }, // U+1EA1
    { 18, 23, 271, -2, 23, 104, 158 }, // U+1EA2
    { 14, 19, 211, 0, 19, 67, 262 }, // U+1EA3
    { 19, 23, 271, -2, 23, 110, 329 }, // U+1EA4
    { 15, 19, 211, 0, 19, 72, 439 }, // U+1EA5
    { 18, 23, 271, -2, 23, 104, 511 }, // U+1EA6
    { 14, 19, 211, 0, 19, 67, 615 }, // U+1EA7
    { 19, 24, 271, -2, 24, 114, 682 }, // U+1EA8
    { 15, 20, 211, 0, 20, 75, 796 }, // U+1EA9
    { 18, 24, 271, -2, 24, 108, 871 }, // U+1EAA
    { 14, 19, 211, 0, 19, 67, 979 }, // U+1EAB
    { 18, 26, 271, -2, 21, 117, 1046 }, // U+1EAC
    { 14, 23, 211, 0, 18, 81, 1163 }, // U+1EAD
    { 18, 25, 271, -2, 25, 113, 1244 }, // U+1EAE
    { 14, 21, 211, 0, 21, 74, 1357 }, // U+1EAF
    { 18, 25, 271, -2, 25, 113, 1431 }, // U+1EB0
    { 14, 21, 211, 0, 21, 74, 1544 }, // U+1EB1
    { 18, 24, 271, -2, 24, 108, 1618 }, // U+1EB2
    { 14, 21, 211, 0, 21, 74, 1726 }, // U+1EB3
    { 18, 24, 271, -2, 24, 108, 1800 }, // U+1EB4
    { 14, 21, 211, 0, 21, 74, 1908 }, // U+1EB5
    { 18, 26, 271, -2, 21, 117, 1982 }, // U+1EB6
    { 14, 24, 211, 0, 19, 84, 2099 }, // U+1EB7
    { 16, 21, 235, -1, 16, 84, 2183 }, // U+1EB8
    { 11, 17, 166, 0, 12, 47, 2267 }, // U+1EB9
    { 16, 23, 235, -1, 23, 92, 2314 }, // U+1EBA
    { 11, 19, 166, 0, 19, 53, 2406 }, // U+1EBB
    { 16, 21, 235, -1, 21, 84, 2459 }, // U+1EBC
    { 13, 18, 166, 0, 18, 59, 2543 }, // U+1EBD
    { 17, 23, 235, -1, 23, 98, 2602 }, // U+1EBE
    { 15, 19, 166, 0, 19, 72, 2700 }, // U+1EBF
    { 16, 23, 235, -1, 23, 92, 2772 }, // U+1EC0
    { 12, 19, 166, 0, 19, 57, 2864 }, // U+1EC1
    { 16, 24, 235, -1, 24, 96, 2921 }, // U+1EC2
    { 14, 20, 166, 0, 20, 70, 3017 }, // U+1EC3
    { 16, 24, 235, -1, 24, 96, 3087 }, // U+1EC4
    { 13, 19, 166, 0, 19, 62, 3183 }, // U+1EC5
    { 16, 26, 235, -1, 21, 104, 3245 }, // U+1EC6
    { 12, 23, 166, 0, 18, 69, 3349 }, // U+1EC7
    { 11, 23, 144, -1, 23, 64, 3418 }, // U+1EC8
    { 7, 19, 123, 1, 19, 34, 3482 }, // U+1EC9
    { 11, 21, 144, -1, 16, 58, 3516 }, // U+1ECA
    { 7, 23, 123, 1, 18, 41, 3574 }, // U+1ECB
    { 15, 21, 264, 1, 16, 79, 3615 }, // U+1ECC
    { 12, 17, 198, 0, 12, 51, 3694 }, // U+1ECD
    { 15, 23, 264, 1, 23, 87, 3745 }, // U+1ECE
    { 12, 19, 198, 0, 19, 57, 3832 }, // U+1ECF
    { 15, 23, 264, 1, 23, 87, 3889 }, // U+1ED0
    { 14, 19, 198, 0, 19, 67, 3976 }, // U+1ED1
    { 15, 23, 264, 1, 23, 87, 4043 }, // U+1ED2
    { 12, 19, 198, 0, 19, 57, 4130 }, // U+1ED3
    { 15, 24, 264, 1, 24, 90, 4187 }, // U+1ED4
    { 14, 20, 198, 0, 20, 70, 4277 }, // U+1ED5
    { 15, 24, 264, 1, 24, 90, 4347 }, // U+1ED6
    { 13, 19, 198, 0, 19, 62, 4437 }, // U+1ED7
    { 15, 26, 264, 1, 21, 98, 4499 }, // U+1ED8
    { 12, 23, 198, 0, 18, 69, 4597 }, // U+1ED9
    { 17, 21, 264, 1, 21, 90, 4666 }, // U+1EDA
    { 14, 19, 198, 0, 19, 67, 4756 }, // U+1EDB
    { 17, 22, 264, 1, 22, 94, 4823 }, // U+1EDC
    { 14, 19, 198, 0, 19, 67, 4917 }, // U+1EDD
    { 17, 23, 264, 1, 23, 98, 4984 }, // U+1EDE
    { 14, 19, 198, 0, 19, 67, 5082 }, // U+1EDF
    { 17, 21, 264, 1, 21, 90, 5149 }, // U+1EE0
    { 14, 18, 198, 0, 18, 63, 5239 }, // U+1EE1
    { 17, 24, 264, 1, 19, 102, 5302 }, // U+1EE2
    { 14, 20, 198, 0, 15, 70, 5404 }, // U+1EE3
    { 17, 21, 284, 2, 16, 90, 5474 }, // U+1EE4
    { 14, 18, 230, 1, 13, 63, 5564 }, // U+1EE5
    { 17, 23, 284, 2, 23, 98, 5627 }, // U+1EE6
    { 14, 19, 230, 1, 19, 67, 5725 }, // U+1EE7
    { 19, 21, 284, 2, 21, 100, 5792 }, // U+1EE8
    { 15, 19, 230, 1, 19, 72, 5892 }, // U+1EE9
    { 19, 22, 284, 2, 22, 105, 5964 }, // U+1EEA
    { 15, 19, 230, 1, 19, 72, 6069 }, // U+1EEB
    { 19, 23, 284, 2, 23, 110, 6141 }, // U+1EEC
    { 15, 19, 230, 1, 19, 72, 6251 }, // U+1EED
    { 19, 21, 284, 2, 21, 100, 6323 }, // U+1EEE
    { 15, 18, 230, 1, 18, 68, 6423 }, // U+1EEF
    { 19, 26, 284, 2, 21, 124, 6491 }, // U+1EF0
    { 15, 21, 230, 1, 16, 79, 6615 }, // U+1EF1
    { 16, 22, 223, 1, 22, 88, 6694 }, // U+1EF2
    { 16, 25, 193, -3, 19, 100, 6782 }, // U+1EF3
    { 16, 21, 223, 1, 16, 84, 6882 }, // U+1EF4
    { 16, 18, 193, -3, 12, 72, 6966 }, // U+1EF5
    { 16, 23, 223, 1, 23, 92, 7038 }, // U+1EF6
    { 16, 25, 193, -3, 19, 100, 7130 }, // U+1EF7
    { 16, 21, 223, 1, 21, 84, 7230 }, // U+1EF8
    { 16, 24, 193, -3, 18, 96, 7314 }, // U+1EF9
    { 0, 0, 200, 0, 0, 0, 0 }, // U+2002
    { 0, 0, 400, 0, 0, 0, 0 }, // U+2003
    { 0, 0, 133, 0, 0, 0, 0 }, // U+2004
    { 0, 0, 100, 0, 0, 0, 0 }, // U+2005
    { 0, 0, 67, 0, 0, 0, 0 }, // U+2006
    { 0, 0, 206, 0, 0, 0, 0 }, // U+2007
    { 0, 0, 50, 0, 0, 0, 0 }, // U+2009
    { 0, 0, 17, 0, 0, 0, 0 }, // U+200A
    { 0, 0, 0, 0, 0, 0, 0 }, // U+200B
    { 7, 1, 126, 0, 7, 2, 0 }, // U+2010
    { 11, 1, 206, 1, 8, 3, 2 }, // U+2012
    { 12, 1, 206, 0, 7, 3, 5 }, // U+2013
    { 20, 1, 326, 0, 7, 5, 8 }, // U+2014
    { 20, 1, 326, 0, 7, 5, 13 }, // U+2015
    { 5, 7, 110, 3, 19, 9, 18 }, // U+2018
    { 6, 7, 110, 2, 19, 11, 27 }, // U+2019
    { 5, 7, 110, -1, 4, 9, 38 }, // U+201A
    { 10, 7, 191, 3, 19, 18, 47 }, // U+201C
    { 11, 7, 191, 2, 19, 20, 65 }, // U+201D
    { 10, 7, 191, -1, 4, 18, 85 }, // U+201E
    { 12, 20, 195, 1, 18, 60, 103 }, // U+2020
    { 13, 20, 195, 0, 18, 65, 163 }, // U+2021
    { 6, 5, 120, 1, 11, 8, 228 }, // U+2022
    { 11, 3, 241, 2, 3, 9, 236 }, // U+2025
    { 17, 3, 331, 1, 3, 13, 245 }, // U+2026
    { 0, 0, 50, 0, 0, 0, 258 }, // U+202F
    { 29, 19, 484, 1, 18, 138, 258 }, // U+2030
    { 5, 8, 100, 2, 18, 10, 396 }, // U+2032
    { 10, 8, 174, 2, 18, 20, 406 }, // U+2033
    { 7, 11, 142, 1, 12, 20, 426 }, // U+2039
    { 8, 11, 142, 0, 12, 22, 446 }, // U+203A
    { 15, 16, 233, 0, 16, 60, 468 }, // U+203C
    { 14, 18, 65, -5, 17, 63, 528 }, // U+2044
    { 22, 16, 356, 1, 16, 88, 591 }, // U+2047
    { 18, 16, 295, 1, 16, 72, 679 }, // U+2048
    { 19, 16, 295, 0, 16, 76, 751 }, // U+2049
    { 8, 11, 140, 2, 22, 22, 0 }, // U+2070
    { 5, 12, 86, 2, 23, 15, 22 }, // U+2071
    { 9, 11, 140, 1, 22, 25, 37 }, // U+2074
    { 9, 10, 140, 2, 21, 23, 62 }, // U+2075
    { 9, 11, 140, 2, 22, 25, 85 }, // U+2076
    { 9, 10, 140, 2, 21, 23, 110 }, // U+2077
    { 8, 11, 140, 2, 22, 22, 133 }, // U+2078
    { 8, 11, 140, 2, 21, 22, 155 }, // U+2079
    { 6, 15, 117, 3, 22, 23, 177 }, // U+207D
    { 7, 15, 117, 1, 22, 27, 200 }, // U+207E
    { 10, 9, 158, 2, 20, 23, 227 }, // U+207F
    { 8, 11, 140, -1, 6, 22, 250 }, // U+2080
    { 7, 11, 140, -1, 6, 20, 272 }, // U+2081
    { 9, 10, 140, -2, 5, 23, 292 }, // U+2082
    { 9, 11, 140, -2, 6, 25, 315 }, // U+2083
    { 9, 11, 140, -2, 6, 25, 340 }, // U+2084
    { 9, 10, 140, -2, 5, 23, 365 }, // U+2085
    { 8, 11, 140, -1, 6, 22, 388 }, // U+2086
    { 8, 10, 140, -1, 5, 20, 410 }, // U+2087
    { 8, 11, 140, -1, 6, 22, 430 }, // U+2088
    { 8, 11, 140, -1, 5, 22, 452 }, // U+2089
    { 7, 15, 117, -1, 6, 27, 474 }, // U+208D
    { 6, 15, 117, -2, 6, 23, 501 }, // U+208E
    { 13, 21, 206, 1, 18, 69, 0 }, // U+20A1
    { 14, 16, 206, -1, 16, 56, 69 }, // U+20A4
    { 16, 16, 206, -1, 16, 64, 125 }, // U+20A6
    { 15, 16, 206, -1, 16, 60, 189 }, // U+20A7
    { 15, 16, 206, 0, 16, 60, 249 }, // U+20A9
    { 13, 18, 206, 0, 18, 59, 309 }, // U+20AB
    { 14, 16, 206, 0, 16, 56, 368 }, // U+20AC
    { 13, 16, 206, 1, 16, 52, 424 }, // U+20AE
    { 16, 16, 206, -1, 16, 64, 476 }, // U+20B1
    { 13, 21, 206, 0, 18, 69, 540 }, // U+20B2
    { 13, 16, 206, 0, 16, 52, 609 }, // U+20B4
    { 12, 21, 206, 1, 18, 63, 661 }, // U+20B5
    { 13, 16, 206, 1, 16, 52, 724 }, // U+20B8
    { 12, 17, 206, 1, 16, 51, 776 }, // U+20B9
    { 12, 16, 206, 0, 16, 48, 827 }, // U+20BA
    { 14, 16, 206, -1, 16, 56, 875 }, // U+20BD
    { 14, 21, 206, -1, 18, 74, 931 }, // U+20BF
    { 16, 16, 264, 0, 15, 64, 0 }, // U+2190
    { 16, 16, 264, 0, 15, 64, 64 }, // U+2191
    { 16, 16, 264, 0, 15, 64, 128 }, // U+2192
    { 16, 16, 264, 0, 15, 64, 192 }, // U+2193
    { 12, 12, 264, 2, 13, 36, 256 }, // U+2196
    { 13, 12, 264, 1, 13, 39, 292 }, // U+2197
    { 13, 13, 264, 1, 14, 43, 331 }, // U+2198
    { 12, 13, 264, 2, 14, 39, 374 }, // U+2199
    { 12, 17, 213, 0, 17, 51, 0 }, // U+2202
    { 15, 16, 242, -1, 16, 60, 51 }, // U+2206
    { 18, 20, 314, 1, 17, 90, 111 }, // U+220F
    { 14, 20, 238, 1, 17, 70, 201 }, // U+2211
    { 12, 2, 213, 1, 10, 6, 271 }, // U+2212
    { 14, 18, 65, -5, 17, 63, 277 }, // U+2215
    { 4, 5, 120, 2, 11, 5, 340 }, // U+2219
    { 15, 23, 224, 1, 20, 87, 345 }, // U+221A
    { 18, 9, 319, 1, 13, 41, 432 }, // U+221E
    { 15, 25, 146, -3, 19, 94, 473 }, // U+222B
    { 11, 9, 213, 1, 13, 25, 567 }, // U+2248
    { 12, 15, 213, 1, 16, 45, 592 }, // U+2260
    { 12, 14, 213, 0, 14, 42, 637 }, // U+2264
    { 12, 14, 213, 1, 14, 42, 679 }, // U+2265
    { 24, 24, 231, -5, 18, 144, 0 }, // U+FB00
    { 19, 24, 226, -5, 18, 114, 144 }, // U+FB01
    { 20, 24, 227, -5, 18, 120, 258 }, // U+FB02
    { 26, 24, 337, -5, 18, 156, 378 }, // U+FB03
    { 27, 24, 338, -5, 18, 162, 534 }, // U+FB04
};

static const EpdUnicodeInterval sourceserif4_12_italicIntervals[] = {
    { 0x20, 0x7E, 0x0 },
    { 0xA0, 0x12B, 0x5F },
    { 0x12E, 0x131, 0xEB },
    { 0x134, 0x165, 0xEF },
    { 0x168, 0x17F, 0x121 },
    { 0x1A0, 0x1A1, 0x139 },
    { 0x1AF, 0x1B0, 0x13B },
    { 0x1CD, 0x1DC, 0x13D },
    { 0x1E6, 0x1E7, 0x14D },
    { 0x1F8, 0x1F9, 0x14F },
    { 0x218, 0x21B, 0x151 },
    { 0x300, 0x304, 0x155 },
    { 0x306, 0x30C, 0x15A },
    { 0x31B, 0x31B, 0x161 },
    { 0x323, 0x324, 0x162 },
    { 0x326, 0x329, 0x164 },
    { 0x32E, 0x32E, 0x168 },
    { 0x331, 0x331, 0x169 },
    { 0x400, 0x45F, 0x16A },
    { 0x462, 0x463, 0x1CA },
    { 0x472, 0x475, 0x1CC },
    { 0x490, 0x493, 0x1D0 },
    { 0x496, 0x49B, 0x1D4 },
    { 0x4A0, 0x4A3, 0x1DA },
    { 0x4AA, 0x4AB, 0x1DE },
    { 0x4AE, 0x4B3, 0x1E0 },
    { 0x4B6, 0x4B7, 0x1E6 },
    { 0x4BA, 0x4BB, 0x1E8 },
    { 0x4C0, 0x4C2, 0x1EA },
    { 0x4CF, 0x4D1, 0x1ED },
    { 0x4D4, 0x4D9, 0x1F0 },
    { 0x4E2, 0x4E3, 0x1F6 },
    { 0x4E6, 0x4E9, 0x1F8 },
    { 0x4EE, 0x4EF, 0x1FC },
    { 0x4F2, 0x4F3, 0x1FE },
    { 0x1EA0, 0x1EF9, 0x200 },
    { 0x2002, 0x2007, 0x25A },
    { 0x2009, 0x200B, 0x260 },
    { 0x2010, 0x2010, 0x263 },
    { 0x2012, 0x2015, 0x264 },
    { 0x2018, 0x201A, 0x268 },
    { 0x201C, 0x201E, 0x26B },
    { 0x2020, 0x2022, 0x26E },
    { 0x2025, 0x2026, 0x271 },
    { 0x202F, 0x2030, 0x273 },
    { 0x2032, 0x2033, 0x275 },
    { 0x2039, 0x203A, 0x277 },
    { 0x203C, 0x203C, 0x279 },
    { 0x2044, 0x2044, 0x27A },
    { 0x2047, 0x2049, 0x27B },
    { 0x2070, 0x2071, 0x27E },
    { 0x2074, 0x2079, 0x280 },
    { 0x207D, 0x2089, 0x286 },
    { 0x208D, 0x208E, 0x293 },
    { 0x20A1, 0x20A1, 0x295 },
    { 0x20A4, 0x20A4, 0x296 },
    { 0x20A6, 0x20A7, 0x297 },
    { 0x20A9, 0x20A9, 0x299 },
    { 0x20AB, 0x20AC, 0x29A },
    { 0x20AE, 0x20AE, 0x29C },
    { 0x20B1, 0x20B2, 0x29D },
    { 0x20B4, 0x20B5, 0x29F },
    { 0x20B8, 0x20BA, 0x2A1 },
    { 0x20BD, 0x20BD, 0x2A4 },
    { 0x20BF, 0x20BF, 0x2A5 },
    { 0x2190, 0x2193, 0x2A6 },
    { 0x2196, 0x2199, 0x2AA },
    { 0x2202, 0x2202, 0x2AE },
    { 0x2206, 0x2206, 0x2AF },
    { 0x220F, 0x220F, 0x2B0 },
    { 0x2211, 0x2212, 0x2B1 },
    { 0x2215, 0x2215, 0x2B3 },
    { 0x2219, 0x221A, 0x2B4 },
    { 0x221E, 0x221E, 0x2B6 },
    { 0x222B, 0x222B, 0x2B7 },
    { 0x2248, 0x2248, 0x2B8 },
    { 0x2260, 0x2260, 0x2B9 },
    { 0x2264, 0x2265, 0x2BA },
    { 0xFB00, 0xFB04, 0x2BC },
};

static const EpdFontGroup sourceserif4_12_italicGroups[] = {
    { 0, 2948, 5390, 95, 0 },
    { 2948, 2493, 6216, 96, 95 },
    { 5441, 3303, 9974, 122, 191 },
    { 8744, 1007, 2517, 28, 313 },
    { 9751, 172, 193, 21, 341 },
    { 9923, 4497, 11334, 150, 362 },
    { 14420, 1757, 8027, 90, 512 },
    { 16177, 566, 925, 36, 602 },
    { 16743, 429, 619, 23, 638 },
    { 17172, 717, 1126, 17, 661 },
    { 17889, 276, 431, 8, 678 },
    { 18165, 427, 771, 14, 686 },
    { 18592, 345, 720, 5, 700 },
};

static const EpdKernClassEntry sourceserif4_12_italicKernLeftClasses[] = {
    { 0x0022, 1 }, // "
    { 0x0023, 2 }, // #
    { 0x0026, 3 }, // &
    { 0x0027, 1 }, // '
    { 0x0028, 4 }, // (
    { 0x0029, 5 }, // )
    { 0x002A, 6 }, // *
    { 0x002B, 7 }, // +
    { 0x002C, 8 }, // ,
    { 0x002E, 8 }, // .
    { 0x002F, 9 }, // /
    { 0x0030, 10 }, // 0
    { 0x0031, 11 }, // 1
    { 0x0032, 12 }, // 2
    { 0x0033, 13 }, // 3
    { 0x0034, 14 }, // 4
    { 0x0035, 15 }, // 5
    { 0x0036, 16 }, // 6
    { 0x0037, 17 }, // 7
    { 0x0038, 13 }, // 8
    { 0x0039, 18 }, // 9
    { 0x003A, 19 }, // :
    { 0x003B, 19 }, // ;
    { 0x003D, 20 }, // =
    { 0x003E, 7 }, // >
    { 0x003F, 21 }, // ?
    { 0x0040, 22 }, // @
    { 0x0041, 23 }, // A
    { 0x0042, 24 }, // B
    { 0x0043, 25 }, // C
    { 0x0044, 26 }, // D
    { 0x0045, 27 }, // E
    { 0x0046, 28 }, // F
    { 0x0047, 29 }, // G
    { 0x0048, 30 }, // H
    { 0x0049, 30 }, // I
    { 0x004A, 31 }, // J
    { 0x004B, 32 }, // K
    { 0x004C, 33 }, // L
    { 0x004D, 30 }, // M
    { 0x004E, 34 }, // N
    { 0x004F, 35 }, // O
    { 0x0050, 36 }, // P
    { 0x0051, 35 }, // Q
    { 0x0052, 37 }, // R
    { 0x0053, 38 }, // S
    { 0x0054, 39 }, // T
    { 0x0055, 40 }, // U
    { 0x0056, 41 }, // V
    { 0x0057, 42 }, // W
    { 0x0058, 43 }, // X
    { 0x0059, 44 }, // Y
    { 0x005A, 45 }, // Z
    { 0x005B, 4 }, // [
    { 0x005C, 46 }, // <backslash>
    { 0x005D, 5 }, // ]
    { 0x005F, 47 }, // _
    { 0x0061, 48 }, // a
    { 0x0062, 49 }, // b
    { 0x0063, 50 }, // c
    { 0x0064, 51 }, // d
    { 0x0065, 52 }, // e
    { 0x0066, 53 }, // f
    { 0x0067, 54 }, // g
    { 0x0068, 55 }, // h
    { 0x0069, 56 }, // i
    { 0x006A, 57 }, // j
    { 0x006B, 58 }, // k
    { 0x006C, 51 }, // l
    { 0x006D, 55 }, // m
    { 0x006E, 55 }, // n
    { 0x006F, 59 }, // o
    { 0x0070, 49 }, // p
    { 0x0071, 60 }, // q
    { 0x0072, 61 }, // r
    { 0x0073, 62 }, // s
    { 0x0074, 63 }, // t
    { 0x0075, 64 }, // u
    { 0x0076, 65 }, // v
    { 0x0077, 65 }, // w
    { 0x0078, 66 }, // x
    { 0x0079, 65 }, // y
    { 0x007A, 67 }, // z
    { 0x007B, 4 }, // {
    { 0x007C, 68 }, // |
    { 0x007D, 5 }, // }
    { 0x007E, 7 }, // ~
    { 0x00A1, 69 }, // U+00A1
    { 0x00A2, 70 }, // U+00A2
    { 0x00A6, 68 }, // U+00A6
    { 0x00A9, 71 }, // U+00A9
    { 0x00AB, 72 }, // U+00AB
    { 0x00AC, 20 }, // U+00AC
    { 0x00AD, 73 }, // U+00AD
    { 0x00AE, 6 }, // U+00AE
    { 0x00B1, 74 }, // U+00B1
    { 0x00B5, 75 }, // U+00B5
    { 0x00B7, 76 }, // U+00B7
    { 0x00BB, 77 }, // U+00BB
    { 0x00BF, 78 }, // U+00BF
    { 0x00C0, 23 }, // U+00C0
    { 0x00C1, 23 }, // U+00C1
    { 0x00C2, 23 }, // U+00C2
    { 0x00C3, 23 }, // U+00C3
    { 0x00C4, 23 }, // U+00C4
    { 0x00C5, 23 }, // U+00C5
    { 0x00C6, 27 }, // U+00C6
    { 0x00C7, 25 }, // U+00C7
    { 0x00C8, 27 }, // U+00C8
    { 0x00C9, 27 }, // U+00C9
    { 0x00CA, 27 }, // U+00CA
    { 0x00CB, 27 }, // U+00CB
    { 0x00CC, 30 }, // U+00CC
    { 0x00CD, 30 }, // U+00CD
    { 0x00CE, 30 }, // U+00CE
    { 0x00CF, 30 }, // U+00CF
    { 0x00D0, 26 }, // U+00D0
    { 0x00D1, 34 }, // U+00D1
    { 0x00D2, 35 }, // U+00D2
    { 0x00D3, 35 }, // U+00D3
    { 0x00D4, 35 }, // U+00D4
    { 0x00D5, 35 }, // U+00D5
    { 0x00D6, 35 }, // U+00D6
    { 0x00D8, 35 }, // U+00D8
    { 0x00D9, 40 }, // U+00D9
    { 0x00DA, 40 }, // U+00DA
    { 0x00DB, 40 }, // U+00DB
    { 0x00DC, 40 }, // U+00DC
    { 0x00DD, 44 }, // U+00DD
    { 0x00DE, 79 }, // U+00DE
    { 0x00DF, 80 }, // U+00DF
    { 0x00E0, 48 }, // U+00E0
    { 0x00E1, 48 }, // U+00E1
    { 0x00E2, 48 }, // U+00E2
    { 0x00E3, 48 }, // U+00E3
    { 0x00E4, 48 }, // U+00E4
    { 0x00E5, 48 }, // U+00E5
    { 0x00E6, 52 }, // U+00E6
    { 0x00E7, 50 }, // U+00E7
    { 0x00E8, 52 }, // U+00E8
    { 0x00E9, 52 }, // U+00E9
    { 0x00EA, 52 }, // U+00EA
    { 0x00EB, 52 }, // U+00EB
    { 0x00EC, 56 }, // U+00EC
    { 0x00ED, 56 }, // U+00ED
    { 0x00EE, 81 }, // U+00EE
    { 0x00EF, 81 }, // U+00EF
    { 0x00F0, 82 }, // U+00F0
    { 0x00F1, 55 }, // U+00F1
    { 0x00F2, 59 }, // U+00F2
    { 0x00F3, 59 }, // U+00F3
    { 0x00F4, 59 }, // U+00F4
    { 0x00F5, 59 }, // U+00F5
    { 0x00F6, 59 }, // U+00F6
    { 0x00F7, 7 }, // U+00F7
    { 0x00F8, 59 }, // U+00F8
    { 0x00F9, 64 }, // U+00F9
    { 0x00FA, 64 }, // U+00FA
    { 0x00FB, 64 }, // U+00FB
    { 0x00FC, 64 }, // U+00FC
    { 0x00FD, 65 }, // U+00FD
    { 0x00FE, 49 }, // U+00FE
    { 0x00FF, 65 }, // U+00FF
    { 0x0100, 23 }, // U+0100
    { 0x0101, 48 }, // U+0101
    { 0x0102, 23 }, // U+0102
    { 0x0103, 48 }, // U+0103
    { 0x0104, 83 }, // U+0104
    { 0x0105, 84 }, // U+0105
    { 0x0106, 25 }, // U+0106
    { 0x0107, 50 }, // U+0107
    { 0x0108, 25 }, // U+0108
    { 0x0109, 50 }, // U+0109
    { 0x010A, 25 }, // U+010A
    { 0x010B, 50 }, // U+010B
    { 0x010C, 25 }, // U+010C
    { 0x010D, 50 }, // U+010D
    { 0x010E, 26 }, // U+010E
    { 0x010F, 85 }, // U+010F
    { 0x0110, 26 }, // U+0110
    { 0x0111, 51 }, // U+0111
    { 0x0112, 27 }, // U+0112
    { 0x0113, 52 }, // U+0113
    { 0x0114, 27 }, // U+0114
    { 0x0115, 52 }, // U+0115
    { 0x0116, 27 }, // U+0116
    { 0x0117, 52 }, // U+0117
    { 0x0118, 27 }, // U+0118
    { 0x0119, 52 }, // U+0119
    { 0x011A, 27 }, // U+011A
    { 0x011B, 52 }, // U+011B
    { 0x011C, 29 }, // U+011C
    { 0x011D, 54 }, // U+011D
    { 0x011E, 29 }, // U+011E
    { 0x011F, 54 }, // U+011F
    { 0x0120, 29 }, // U+0120
    { 0x0121, 54 }, // U+0121
    { 0x0122, 29 }, // U+0122
    { 0x0123, 54 }, // U+0123
    { 0x0124, 30 }, // U+0124
    { 0x0125, 55 }, // U+0125
    { 0x0126, 30 }, // U+0126
    { 0x0127, 55 }, // U+0127
    { 0x0128, 30 }, // U+0128
    { 0x0129, 81 }, // U+0129
    { 0x012A, 30 }, // U+012A
    { 0x012B, 81 }, // U+012B
    { 0x012E, 30 }, // U+012E
    { 0x012F, 86 }, // U+012F
    { 0x0130, 30 }, // U+0130
    { 0x0131, 56 }, // U+0131
    { 0x0134, 31 }, // U+0134
    { 0x0135, 57 }, // U+0135
    { 0x0136, 32 }, // U+0136
    { 0x0137, 58 }, // U+0137
    { 0x0138, 58 }, // U+0138
    { 0x0139, 33 }, // U+0139
    { 0x013A, 51 }, // U+013A
    { 0x013B, 33 }, // U+013B
    { 0x013C, 51 }, // U+013C
    { 0x013D, 87 }, // U+013D
    { 0x013E, 85 }, // U+013E
    { 0x0141, 33 }, // U+0141
    { 0x0142, 88 }, // U+0142
    { 0x0143, 34 }, // U+0143
    { 0x0144, 55 }, // U+0144
    { 0x0145, 34 }, // U+0145
    { 0x0146, 55 }, // U+0146
    { 0x0147, 34 }, // U+0147
    { 0x0148, 55 }, // U+0148
    { 0x014A, 31 }, // U+014A
    { 0x014B, 57 }, // U+014B
    { 0x014C, 35 }, // U+014C
    { 0x014D, 59 }, // U+014D
    { 0x014E, 35 }, // U+014E
    { 0x014F, 59 }, // U+014F
    { 0x0150, 35 }, // U+0150
    { 0x0151, 59 }, // U+0151
    { 0x0152, 27 }, // U+0152
    { 0x0153, 52 }, // U+0153
    { 0x0154, 37 }, // U+0154
    { 0x0155, 61 }, // U+0155
    { 0x0156, 37 }, // U+0156
    { 0x0157, 61 }, // U+0157
    { 0x0158, 37 }, // U+0158
    { 0x0159, 61 }, // U+0159
    { 0x015A, 38 }, // U+015A
    { 0x015B, 62 }, // U+015B
    { 0x015C, 38 }, // U+015C
    { 0x015D, 62 }, // U+015D
    { 0x015E, 38 }, // U+015E
    { 0x015F, 62 }, // U+015F
    { 0x0160, 38 }, // U+0160
    { 0x0161, 62 }, // U+0161
    { 0x0162, 39 }, // U+0162
    { 0x0163, 63 }, // U+0163
    { 0x0164, 39 }, // U+0164
    { 0x0165, 89 }, // U+0165
    { 0x0168, 40 }, // U+0168
    { 0x0169, 64 }, // U+0169
    { 0x016A, 40 }, // U+016A
    { 0x016B, 64 }, // U+016B
    { 0x016C, 40 }, // U+016C
    { 0x016D, 64 }, // U+016D
    { 0x016E, 40 }, // U+016E
    { 0x016F, 64 }, // U+016F
    { 0x0170, 40 }, // U+0170
    { 0x0171, 64 }, // U+0171
    { 0x0172, 40 }, // U+0172
    { 0x0173, 90 }, // U+0173
    { 0x0174, 42 }, // U+0174
    { 0x0175, 65 }, // U+0175
    { 0x0176, 44 }, // U+0176
    { 0x0177, 65 }, // U+0177
    { 0x0178, 44 }, // U+0178
    { 0x0179, 45 }, // U+0179
    { 0x017A, 67 }, // U+017A
    { 0x017B, 45 }, // U+017B
    { 0x017C, 67 }, // U+017C
    { 0x017D, 45 }, // U+017D
    { 0x017E, 67 }, // U+017E
    { 0x017F, 53 }, // U+017F
    { 0x01A0, 91 }, // U+01A0
    { 0x01A1, 92 }, // U+01A1
    { 0x01AF, 93 }, // U+01AF
    { 0x01B0, 94 }, // U+01B0
    { 0x01CD, 23 }, // U+01CD
    { 0x01CE, 48 }, // U+01CE
    { 0x01CF, 30 }, // U+01CF
    { 0x01D0, 81 }, // U+01D0
    { 0x01D1, 35 }, // U+01D1
    { 0x01D2, 59 }, // U+01D2
    { 0x01D3, 40 }, // U+01D3
    { 0x01D4, 64 }, // U+01D4
    { 0x01D5, 40 }, // U+01D5
    { 0x01D6, 64 }, // U+01D6
    { 0x01D7, 40 }, // U+01D7
    { 0x01D8, 64 }, // U+01D8
    { 0x01D9, 40 }, // U+01D9
    { 0x01DA, 64 }, // U+01DA
    { 0x01DB, 40 }, // U+01DB
    { 0x01DC, 64 }, // U+01DC
    { 0x01E6, 29 }, // U+01E6
    { 0x01E7, 54 }, // U+01E7
    { 0x01F8, 34 }, // U+01F8
    { 0x01F9, 55 }, // U+01F9
    { 0x0218, 38 }, // U+0218
    { 0x0219, 62 }, // U+0219
    { 0x021A, 39 }, // U+021A
    { 0x021B, 63 }, // U+021B
    { 0x0400, 95 }, // U+0400
    { 0x0401, 95 }, // U+0401
    { 0x0402, 96 }, // U+0402
    { 0x0403, 97 }, // U+0403
    { 0x0404, 98 }, // U+0404
    { 0x0405, 99 }, // U+0405
    { 0x0406, 100 }, // U+0406
    { 0x0407, 100 }, // U+0407
    { 0x0408, 101 }, // U+0408
    { 0x0409, 102 }, // U+0409
    { 0x040A, 102 }, // U+040A
    { 0x040B, 103 }, // U+040B
    { 0x040C, 104 }, // U+040C
    { 0x040D, 100 }, // U+040D
    { 0x040E, 105 }, // U+040E
    { 0x040F, 100 }, // U+040F
    { 0x0410, 106 }, // U+0410
    { 0x0411, 107 }, // U+0411
    { 0x0412, 107 }, // U+0412
    { 0x0413, 97 }, // U+0413
    { 0x0414, 108 }, // U+0414
    { 0x0415, 95 }, // U+0415
    { 0x0416, 104 }, // U+0416
    { 0x0417, 107 }, // U+0417
    { 0x0418, 100 }, // U+0418
    { 0x0419, 100 }, // U+0419
    { 0x041A, 104 }, // U+041A
    { 0x041B, 100 }, // U+041B
    { 0x041C, 100 }, // U+041C
    { 0x041D, 100 }, // U+041D
    { 0x041E, 109 }, // U+041E
    { 0x041F, 100 }, // U+041F
    { 0x0420, 110 }, // U+0420
    { 0x0421, 98 }, // U+0421
    { 0x0422, 111 }, // U+0422
    { 0x0423, 105 }, // U+0423
    { 0x0424, 112 }, // U+0424
    { 0x0425, 104 }, // U+0425
    { 0x0426, 108 }, // U+0426
    { 0x0427, 100 }, // U+0427
    { 0x0428, 100 }, // U+0428
    { 0x0429, 108 }, // U+0429
    { 0x042A, 102 }, // U+042A
    { 0x042B, 100 }, // U+042B
    { 0x042C, 102 }, // U+042C
    { 0x042D, 109 }, // U+042D
    { 0x042E, 109 }, // U+042E
    { 0x042F, 100 }, // U+042F
    { 0x0430, 113 }, // U+0430
    { 0x0431, 114 }, // U+0431
    { 0x0432, 115 }, // U+0432
    { 0x0433, 116 }, // U+0433
    { 0x0434, 117 }, // U+0434
    { 0x0435, 118 }, // U+0435
    { 0x0436, 119 }, // U+0436
    { 0x0437, 115 }, // U+0437
    { 0x0438, 120 }, // U+0438
    { 0x0439, 120 }, // U+0439
    { 0x043A, 121 }, // U+043A
    { 0x043B, 120 }, // U+043B
    { 0x043C, 120 }, // U+043C
    { 0x043D, 120 }, // U+043D
    { 0x043E, 122 }, // U+043E
    { 0x043F, 123 }, // U+043F
    { 0x0440, 124 }, // U+0440
    { 0x0441, 125 }, // U+0441
    { 0x0442, 123 }, // U+0442
    { 0x0443, 126 }, // U+0443
    { 0x0444, 124 }, // U+0444
    { 0x0445, 127 }, // U+0445
    { 0x0446, 128 }, // U+0446
    { 0x0447, 120 }, // U+0447
    { 0x0448, 120 }, // U+0448
    { 0x0449, 128 }, // U+0449
    { 0x044A, 129 }, // U+044A
    { 0x044B, 120 }, // U+044B
    { 0x044C, 129 }, // U+044C
    { 0x044D, 122 }, // U+044D
    { 0x044E, 122 }, // U+044E
    { 0x044F, 120 }, // U+044F
    { 0x0450, 118 }, // U+0450
    { 0x0451, 118 }, // U+0451
    { 0x0452, 130 }, // U+0452
    { 0x0453, 116 }, // U+0453
    { 0x0454, 125 }, // U+0454
    { 0x0455, 131 }, // U+0455
    { 0x0456, 132 }, // U+0456
    { 0x0457, 133 }, // U+0457
    { 0x0458, 134 }, // U+0458
    { 0x0459, 129 }, // U+0459
    { 0x045A, 129 }, // U+045A
    { 0x045B, 123 }, // U+045B
    { 0x045C, 121 }, // U+045C
    { 0x045D, 120 }, // U+045D
    { 0x045E, 126 }, // U+045E
    { 0x045F, 120 }, // U+045F
    { 0x0462, 135 }, // U+0462
    { 0x0463, 129 }, // U+0463
    { 0x0472, 109 }, // U+0472
    { 0x0473, 122 }, // U+0473
    { 0x0474, 105 }, // U+0474
    { 0x0475, 136 }, // U+0475
    { 0x0490, 137 }, // U+0490
    { 0x0491, 138 }, // U+0491
    { 0x0492, 97 }, // U+0492
    { 0x0493, 116 }, // U+0493
    { 0x0496, 139 }, // U+0496
    { 0x0497, 119 }, // U+0497
    { 0x0498, 107 }, // U+0498
    { 0x0499, 115 }, // U+0499
    { 0x049A, 139 }, // U+049A
    { 0x049B, 121 }, // U+049B
    { 0x04A0, 104 }, // U+04A0
    { 0x04A1, 121 }, // U+04A1
    { 0x04A2, 108 }, // U+04A2
    { 0x04A3, 128 }, // U+04A3
    { 0x04AA, 98 }, // U+04AA
    { 0x04AB, 125 }, // U+04AB
    { 0x04AE, 140 }, // U+04AE
    { 0x04AF, 126 }, // U+04AF
    { 0x04B0, 140 }, // U+04B0
    { 0x04B1, 126 }, // U+04B1
    { 0x04B2, 139 }, // U+04B2
    { 0x04B3, 127 }, // U+04B3
    { 0x04B6, 108 }, // U+04B6
    { 0x04B7, 128 }, // U+04B7
    { 0x04BA, 141 }, // U+04BA
    { 0x04BB, 123 }, // U+04BB
    { 0x04C0, 100 }, // U+04C0
    { 0x04C1, 104 }, // U+04C1
    { 0x04C2, 119 }, // U+04C2
    { 0x04CF, 142 }, // U+04CF
    { 0x04D0, 106 }, // U+04D0
    { 0x04D1, 113 }, // U+04D1
    { 0x04D4, 95 }, // U+04D4
    { 0x04D5, 118 }, // U+04D5
    { 0x04D6, 95 }, // U+04D6
    { 0x04D7, 118 }, // U+04D7
    { 0x04D8, 109 }, // U+04D8
    { 0x04D9, 122 }, // U+04D9
    { 0x04E2, 100 }, // U+04E2
    { 0x04E3, 120 }, // U+04E3
    { 0x04E6, 109 }, // U+04E6
    { 0x04E7, 122 }, // U+04E7
    { 0x04E8, 109 }, // U+04E8
    { 0x04E9, 122 }, // U+04E9
    { 0x04EE, 105 }, // U+04EE
    { 0x04EF, 126 }, // U+04EF
    { 0x04F2, 105 }, // U+04F2
    { 0x04F3, 126 }, // U+04F3
    { 0x1EA0, 23 }, // U+1EA0
    { 0x1EA1, 48 }, // U+1EA1
    { 0x1EA2, 23 }, // U+1EA2
    { 0x1EA3, 48 }, // U+1EA3
    { 0x1EA4, 23 }, // U+1EA4
    { 0x1EA5, 48 }, // U+1EA5
    { 0x1EA6, 23 }, // U+1EA6
    { 0x1EA7, 48 }, // U+1EA7
    { 0x1EA8, 23 }, // U+1EA8
    { 0x1EA9, 48 }, // U+1EA9
    { 0x1EAA, 23 }, // U+1EAA
    { 0x1EAB, 48 }, // U+1EAB
    { 0x1EAC, 23 }, // U+1EAC
    { 0x1EAD, 48 }, // U+1EAD
    { 0x1EAE, 23 }, // U+1EAE
    { 0x1EAF, 48 }, // U+1EAF
    { 0x1EB0, 23 }, // U+1EB0
    { 0x1EB1, 48 }, // U+1EB1
    { 0x1EB2, 23 }, // U+1EB2
    { 0x1EB3, 48 }, // U+1EB3
    { 0x1EB4, 23 }, // U+1EB4
    { 0x1EB5, 48 }, // U+1EB5
    { 0x1EB6, 23 }, // U+1EB6
    { 0x1EB7, 48 }, // U+1EB7
    { 0x1EB8, 27 }, // U+1EB8
    { 0x1EB9, 52 }, // U+1EB9
    { 0x1EBA, 27 }, // U+1EBA
    { 0x1EBB, 52 }, // U+1EBB
    { 0x1EBC, 27 }, // U+1EBC
    { 0x1EBD, 52 }, // U+1EBD
    { 0x1EBE, 27 }, // U+1EBE
    { 0x1EBF, 52 }, // U+1EBF
    { 0x1EC0, 27 }, // U+1EC0
    { 0x1EC1, 52 }, // U+1EC1
    { 0x1EC2, 27 }, // U+1EC2
    { 0x1EC3, 52 }, // U+1EC3
    { 0x1EC4, 27 }, // U+1EC4
    { 0x1EC5, 52 }, // U+1EC5
    { 0x1EC6, 27 }, // U+1EC6
    { 0x1EC7, 52 }, // U+1EC7
    { 0x1EC8, 30 }, // U+1EC8
    { 0x1EC9, 56 }, // U+1EC9
    { 0x1ECA, 30 }, // U+1ECA
    { 0x1ECB, 56 }, // U+1ECB
    { 0x1ECC, 35 }, // U+1ECC
    { 0x1ECD, 59 }, // U+1ECD
    { 0x1ECE, 35 }, // U+1ECE
    { 0x1ECF, 59 }, // U+1ECF
    { 0x1ED0, 35 }, // U+1ED0
    { 0x1ED1, 59 }, // U+1ED1
    { 0x1ED2, 35 }, // U+1ED2
    { 0x1ED3, 59 }, // U+1ED3
    { 0x1ED4, 35 }, // U+1ED4
    { 0x1ED5, 59 }, // U+1ED5
    { 0x1ED6, 35 }, // U+1ED6
    { 0x1ED7, 59 }, // U+1ED7
    { 0x1ED8, 35 }, // U+1ED8
    { 0x1ED9, 59 }, // U+1ED9
    { 0x1EDA, 35 }, // U+1EDA
    { 0x1EDB, 92 }, // U+1EDB
    { 0x1EDC, 35 }, // U+1EDC
    { 0x1EDD, 92 }, // U+1EDD
    { 0x1EDE, 35 }, // U+1EDE
    { 0x1EDF, 92 }, // U+1EDF
    { 0x1EE0, 35 }, // U+1EE0
    { 0x1EE1, 92 }, // U+1EE1
    { 0x1EE2, 35 }, // U+1EE2
    { 0x1EE3, 92 }, // U+1EE3
    { 0x1EE4, 40 }, // U+1EE4
    { 0x1EE5, 64 }, // U+1EE5
    { 0x1EE6, 40 }, // U+1EE6
    { 0x1EE7, 64 }, // U+1EE7
    { 0x1EE8, 93 }, // U+1EE8
    { 0x1EE9, 94 }, // U+1EE9
    { 0x1EEA, 93 }, // U+1EEA
    { 0x1EEB, 94 }, // U+1EEB
    { 0x1EEC, 93 }, // U+1EEC
    { 0x1EED, 94 }, // U+1EED
    { 0x1EEE, 93 }, // U+1EEE
    { 0x1EEF, 94 }, // U+1EEF
    { 0x1EF0, 93 }, // U+1EF0
    { 0x1EF1, 94 }, // U+1EF1
    { 0x1EF2, 44 }, // U+1EF2
    { 0x1EF3, 65 }, // U+1EF3
    { 0x1EF4, 44 }, // U+1EF4
    { 0x1EF5, 65 }, // U+1EF5
    { 0x1EF6, 44 }, // U+1EF6
    { 0x1EF7, 65 }, // U+1EF7
    { 0x1EF8, 44 }, // U+1EF8
    { 0x1EF9, 65 }, // U+1EF9
    { 0x2012, 73 }, // U+2012
    { 0x2013, 73 }, // U+2013
    { 0x2014, 73 }, // U+2014
    { 0x2015, 73 }, // U+2015
    { 0x2018, 143 }, // U+2018
    { 0x2019, 144 }, // U+2019
    { 0x201A, 8 }, // U+201A
    { 0x201C, 143 }, // U+201C
    { 0x201D, 144 }, // U+201D
    { 0x201E, 8 }, // U+201E
    { 0x2020, 145 }, // U+2020
    { 0x2022, 76 }, // U+2022
    { 0x2026, 8 }, // U+2026
    { 0x2039, 72 }, // U+2039
    { 0x203A, 77 }, // U+203A
    { 0x2206, 146 }, // U+2206
    { 0x2212, 7 }, // U+2212
    { 0x2219, 76 }, // U+2219
    { 0x2248, 20 }, // U+2248
    { 0x2260, 20 }, // U+2260
    { 0xFB00, 53 }, // U+FB00
    { 0xFB01, 56 }, // U+FB01
    { 0xFB02, 51 }, // U+FB02
    { 0xFB03, 56 }, // U+FB03
    { 0xFB04, 51 }, // U+FB04
};

static const EpdKernClassEntry sourceserif4_12_italicKernRightClasses[] = {
    { 0x0021, 1 }, // !
    { 0x0022, 2 }, // "
    { 0x0023, 3 }, // #
    { 0x0025, 4 }, // %
    { 0x0027, 2 }, // '
    { 0x0028, 5 }, // (
    { 0x0029, 6 }, // )
    { 0x002A, 7 }, // *
    { 0x002B, 8 }, // +
    { 0x002C, 9 }, // ,
    { 0x002E, 9 }, // .
    { 0x002F, 10 }, // /
    { 0x0030, 11 }, // 0
    { 0x0031, 12 }, // 1
    { 0x0032, 13 }, // 2
    { 0x0033, 14 }, // 3
    { 0x0034, 15 }, // 4
    { 0x0035, 16 }, // 5
    { 0x0036, 17 }, // 6
    { 0x0037, 18 }, // 7
    { 0x0038, 19 }, // 8
    { 0x0039, 20 }, // 9
    { 0x003A, 21 }, // :
    { 0x003B, 21 }, // ;
    { 0x003C, 8 }, // <
    { 0x003D, 22 }, // =
    { 0x003F, 23 }, // ?
    { 0x0040, 24 }, // @
    { 0x0041, 25 }, // A
    { 0x0042, 26 }, // B
    { 0x0043, 27 }, // C
    { 0x0044, 26 }, // D
    { 0x0045, 26 }, // E
    { 0x0046, 26 }, // F
    { 0x0047, 27 }, // G
    { 0x0048, 26 }, // H
    { 0x0049, 26 }, // I
    { 0x004A, 28 }, // J
    { 0x004B, 26 }, // K
    { 0x004C, 26 }, // L
    { 0x004D, 29 }, // M
    { 0x004E, 29 }, // N
    { 0x004F, 27 }, // O
    { 0x0050, 26 }, // P
    { 0x0051, 27 }, // Q
    { 0x0052, 26 }, // R
    { 0x0053, 30 }, // S
    { 0x0054, 31 }, // T
    { 0x0055, 32 }, // U
    { 0x0056, 33 }, // V
    { 0x0057, 34 }, // W
    { 0x0058, 35 }, // X
    { 0x0059, 36 }, // Y
    { 0x005A, 37 }, // Z
    { 0x005B, 5 }, // [
    { 0x005C, 38 }, // <backslash>
    { 0x005D, 6 }, // ]
    { 0x005F, 39 }, // _
    { 0x0061, 40 }, // a
    { 0x0062, 41 }, // b
    { 0x0063, 42 }, // c
    { 0x0064, 40 }, // d
    { 0x0065, 42 }, // e
    { 0x0066, 43 }, // f
    { 0x0067, 44 }, // g
    { 0x0068, 41 }, // h
    { 0x0069, 45 }, // i
    { 0x006A, 46 }, // j
    { 0x006B, 41 }, // k
    { 0x006C, 41 }, // l
    { 0x006D, 47 }, // m
    { 0x006E, 47 }, // n
    { 0x006F, 42 }, // o
    { 0x0070, 48 }, // p
    { 0x0071, 40 }, // q
    { 0x0072, 47 }, // r
    { 0x0073, 49 }, // s
    { 0x0074, 50 }, // t
    { 0x0075, 51 }, // u
    { 0x0076, 52 }, // v
    { 0x0077, 52 }, // w
    { 0x0078, 53 }, // x
    { 0x0079, 54 }, // y
    { 0x007A, 55 }, // z
    { 0x007B, 5 }, // {
    { 0x007C, 56 }, // |
    { 0x007D, 6 }, // }
    { 0x007E, 8 }, // ~
    { 0x00A1, 57 }, // U+00A1
    { 0x00A2, 58 }, // U+00A2
    { 0x00A6, 56 }, // U+00A6
    { 0x00A9, 59 }, // U+00A9
    { 0x00AA, 60 }, // U+00AA
    { 0x00AB, 61 }, // U+00AB
    { 0x00AC, 8 }, // U+00AC
    { 0x00AD, 62 }, // U+00AD
    { 0x00AE, 7 }, // U+00AE
    { 0x00B0, 63 }, // U+00B0
    { 0x00B2, 64 }, // U+00B2
    { 0x00B3, 64 }, // U+00B3
    { 0x00B5, 65 }, // U+00B5
    { 0x00B7, 66 }, // U+00B7
    { 0x00B9, 64 }, // U+00B9
    { 0x00BA, 60 }, // U+00BA
    { 0x00BB, 67 }, // U+00BB
    { 0x00BC, 4 }, // U+00BC
    { 0x00BD, 4 }, // U+00BD
    { 0x00BE, 4 }, // U+00BE
    { 0x00BF, 68 }, // U+00BF
    { 0x00C0, 25 }, // U+00C0
    { 0x00C1, 25 }, // U+00C1
    { 0x00C2, 25 }, // U+00C2
    { 0x00C3, 25 }, // U+00C3
    { 0x00C4, 25 }, // U+00C4
    { 0x00C5, 25 }, // U+00C5
    { 0x00C6, 69 }, // U+00C6
    { 0x00C7, 27 }, // U+00C7
    { 0x00C8, 26 }, // U+00C8
    { 0x00C9, 26 }, // U+00C9
    { 0x00CA, 26 }, // U+00CA
    { 0x00CB, 26 }, // U+00CB
    { 0x00CC, 26 }, // U+00CC
    { 0x00CD, 26 }, // U+00CD
    { 0x00CE, 26 }, // U+00CE
    { 0x00CF, 26 }, // U+00CF
    { 0x00D0, 26 }, // U+00D0
    { 0x00D1, 29 }, // U+00D1
    { 0x00D2, 27 }, // U+00D2
    { 0x00D3, 27 }, // U+00D3
    { 0x00D4, 27 }, // U+00D4
    { 0x00D5, 27 }, // U+00D5
    { 0x00D6, 27 }, // U+00D6
    { 0x00D8, 27 }, // U+00D8
    { 0x00D9, 32 }, // U+00D9
    { 0x00DA, 32 }, // U+00DA
    { 0x00DB, 32 }, // U+00DB
    { 0x00DC, 32 }, // U+00DC
    { 0x00DD, 36 }, // U+00DD
    { 0x00DE, 26 }, // U+00DE
    { 0x00DF, 70 }, // U+00DF
    { 0x00E0, 40 }, // U+00E0
    { 0x00E1, 40 }, // U+00E1
    { 0x00E2, 40 }, // U+00E2
    { 0x00E3, 71 }, // U+00E3
    { 0x00E4, 71 }, // U+00E4
    { 0x00E5, 40 }, // U+00E5
    { 0x00E6, 40 }, // U+00E6
    { 0x00E7, 42 }, // U+00E7
    { 0x00E8, 42 }, // U+00E8
    { 0x00E9, 42 }, // U+00E9
    { 0x00EA, 42 }, // U+00EA
    { 0x00EB, 42 }, // U+00EB
    { 0x00EC, 72 }, // U+00EC
    { 0x00ED, 45 }, // U+00ED
    { 0x00EE, 73 }, // U+00EE
    { 0x00EF, 73 }, // U+00EF
    { 0x00F0, 42 }, // U+00F0
    { 0x00F1, 47 }, // U+00F1
    { 0x00F2, 42 }, // U+00F2
    { 0x00F3, 42 }, // U+00F3
    { 0x00F4, 42 }, // U+00F4
    { 0x00F5, 42 }, // U+00F5
    { 0x00F6, 74 }, // U+00F6
    { 0x00F7, 8 }, // U+00F7
    { 0x00F8, 42 }, // U+00F8
    { 0x00F9, 51 }, // U+00F9
    { 0x00FA, 51 }, // U+00FA
    { 0x00FB, 51 }, // U+00FB
    { 0x00FC, 51 }, // U+00FC
    { 0x00FD, 54 }, // U+00FD
    { 0x00FE, 75 }, // U+00FE
    { 0x00FF, 54 }, // U+00FF
    { 0x0100, 25 }, // U+0100
    { 0x0101, 40 }, // U+0101
    { 0x0102, 25 }, // U+0102
    { 0x0103, 40 }, // U+0103
    { 0x0104, 25 }, // U+0104
    { 0x0105, 40 }, // U+0105
    { 0x0106, 27 }, // U+0106
    { 0x0107, 42 }, // U+0107
    { 0x0108, 27 }, // U+0108
    { 0x0109, 42 }, // U+0109
    { 0x010A, 27 }, // U+010A
    { 0x010B, 42 }, // U+010B
    { 0x010C, 27 }, // U+010C
    { 0x010D, 42 }, // U+010D
    { 0x010E, 26 }, // U+010E
    { 0x010F, 40 }, // U+010F
    { 0x0110, 26 }, // U+0110
    { 0x0111, 40 }, // U+0111
    { 0x0112, 26 }, // U+0112
    { 0x0113, 42 }, // U+0113
    { 0x0114, 26 }, // U+0114
    { 0x0115, 42 }, // U+0115
    { 0x0116, 26 }, // U+0116
    { 0x0117, 42 }, // U+0117
    { 0x0118, 26 }, // U+0118
    { 0x0119, 42 }, // U+0119
    { 0x011A, 26 }, // U+011A
    { 0x011B, 42 }, // U+011B
    { 0x011C, 27 }, // U+011C
    { 0x011D, 44 }, // U+011D
    { 0x011E, 27 }, // U+011E
    { 0x011F, 44 }, // U+011F
    { 0x0120, 27 }, // U+0120
    { 0x0121, 44 }, // U+0121
    { 0x0122, 27 }, // U+0122
    { 0x0123, 44 }, // U+0123
    { 0x0124, 26 }, // U+0124
    { 0x0125, 41 }, // U+0125
    { 0x0126, 26 }, // U+0126
    { 0x0127, 41 }, // U+0127
    { 0x0128, 26 }, // U+0128
    { 0x0129, 73 }, // U+0129
    { 0x012A, 26 }, // U+012A
    { 0x012B, 73 }, // U+012B
    { 0x012E, 26 }, // U+012E
    { 0x012F, 45 }, // U+012F
    { 0x0130, 26 }, // U+0130
    { 0x0131, 47 }, // U+0131
    { 0x0134, 28 }, // U+0134
    { 0x0135, 46 }, // U+0135
    { 0x0136, 26 }, // U+0136
    { 0x0137, 41 }, // U+0137
    { 0x0138, 47 }, // U+0138
    { 0x0139, 26 }, // U+0139
    { 0x013A, 41 }, // U+013A
    { 0x013B, 26 }, // U+013B
    { 0x013C, 41 }, // U+013C
    { 0x013D, 26 }, // U+013D
    { 0x013E, 41 }, // U+013E
    { 0x013F, 26 }, // U+013F
    { 0x0140, 41 }, // U+0140
    { 0x0141, 26 }, // U+0141
    { 0x0142, 41 }, // U+0142
    { 0x0143, 29 }, // U+0143
    { 0x0144, 47 }, // U+0144
    { 0x0145, 29 }, // U+0145
    { 0x0146, 47 }, // U+0146
    { 0x0147, 29 }, // U+0147
    { 0x0148, 47 }, // U+0148
    { 0x014A, 29 }, // U+014A
    { 0x014B, 47 }, // U+014B
    { 0x014C, 27 }, // U+014C
    { 0x014D, 42 }, // U+014D
    { 0x014E, 27 }, // U+014E
    { 0x014F, 42 }, // U+014F
    { 0x0150, 27 }, // U+0150
    { 0x0151, 42 }, // U+0151
    { 0x0152, 27 }, // U+0152
    { 0x0153, 42 }, // U+0153
    { 0x0154, 26 }, // U+0154
    { 0x0155, 47 }, // U+0155
    { 0x0156, 26 }, // U+0156
    { 0x0157, 47 }, // U+0157
    { 0x0158, 26 }, // U+0158
    { 0x0159, 47 }, // U+0159
    { 0x015A, 30 }, // U+015A
    { 0x015B, 49 }, // U+015B
    { 0x015C, 30 }, // U+015C
    { 0x015D, 49 }, // U+015D
    { 0x015E, 30 }, // U+015E
    { 0x015F, 49 }, // U+015F
    { 0x0160, 30 }, // U+0160
    { 0x0161, 76 }, // U+0161
    { 0x0162, 31 }, // U+0162
    { 0x0163, 50 }, // U+0163
    { 0x0164, 31 }, // U+0164
    { 0x0165, 50 }, // U+0165
    { 0x0168, 32 }, // U+0168
    { 0x0169, 51 }, // U+0169
    { 0x016A, 32 }, // U+016A
    { 0x016B, 51 }, // U+016B
    { 0x016C, 32 }, // U+016C
    { 0x016D, 51 }, // U+016D
    { 0x016E, 32 }, // U+016E
    { 0x016F, 51 }, // U+016F
    { 0x0170, 32 }, // U+0170
    { 0x0171, 51 }, // U+0171
    { 0x0172, 32 }, // U+0172
    { 0x0173, 51 }, // U+0173
    { 0x0174, 34 }, // U+0174
    { 0x0175, 52 }, // U+0175
    { 0x0176, 36 }, // U+0176
    { 0x0177, 54 }, // U+0177
    { 0x0178, 36 }, // U+0178
    { 0x0179, 37 }, // U+0179
    { 0x017A, 55 }, // U+017A
    { 0x017B, 37 }, // U+017B
    { 0x017C, 55 }, // U+017C
    { 0x017D, 37 }, // U+017D
    { 0x017E, 55 }, // U+017E
    { 0x017F, 70 }, // U+017F
    { 0x01A0, 27 }, // U+01A0
    { 0x01A1, 42 }, // U+01A1
    { 0x01AF, 32 }, // U+01AF
    { 0x01B0, 51 }, // U+01B0
    { 0x01CD, 25 }, // U+01CD
    { 0x01CE, 40 }, // U+01CE
    { 0x01CF, 26 }, // U+01CF
    { 0x01D0, 73 }, // U+01D0
    { 0x01D1, 27 }, // U+01D1
    { 0x01D2, 42 }, // U+01D2
    { 0x01D3, 32 }, // U+01D3
    { 0x01D4, 51 }, // U+01D4
    { 0x01D5, 32 }, // U+01D5
    { 0x01D6, 51 }, // U+01D6
    { 0x01D7, 32 }, // U+01D7
    { 0x01D8, 51 }, // U+01D8
    { 0x01D9, 32 }, // U+01D9
    { 0x01DA, 51 }, // U+01DA
    { 0x01DB, 32 }, // U+01DB
    { 0x01DC, 51 }, // U+01DC
    { 0x01E6, 27 }, // U+01E6
    { 0x01E7, 44 }, // U+01E7
    { 0x01F8, 29 }, // U+01F8
    { 0x01F9, 47 }, // U+01F9
    { 0x0218, 30 }, // U+0218
    { 0x0219, 49 }, // U+0219
    { 0x021A, 31 }, // U+021A
    { 0x021B, 50 }, // U+021B
    { 0x0400, 77 }, // U+0400
    { 0x0401, 77 }, // U+0401
    { 0x0402, 78 }, // U+0402
    { 0x0403, 77 }, // U+0403
    { 0x0404, 79 }, // U+0404
    { 0x0405, 80 }, // U+0405
    { 0x0406, 77 }, // U+0406
    { 0x0407, 77 }, // U+0407
    { 0x0408, 81 }, // U+0408
    { 0x0409, 82 }, // U+0409
    { 0x040A, 77 }, // U+040A
    { 0x040B, 78 }, // U+040B
    { 0x040C, 77 }, // U+040C
    { 0x040D, 77 }, // U+040D
    { 0x040E, 83 }, // U+040E
    { 0x040F, 77 }, // U+040F
    { 0x0410, 84 }, // U+0410
    { 0x0411, 77 }, // U+0411
    { 0x0412, 77 }, // U+0412
    { 0x0413, 77 }, // U+0413
    { 0x0414, 85 }, // U+0414
    { 0x0415, 77 }, // U+0415
    { 0x0416, 86 }, // U+0416
    { 0x0417, 87 }, // U+0417
    { 0x0418, 77 }, // U+0418
    { 0x0419, 77 }, // U+0419
    { 0x041A, 77 }, // U+041A
    { 0x041B, 82 }, // U+041B
    { 0x041C, 88 }, // U+041C
    { 0x041D, 77 }, // U+041D
    { 0x041E, 79 }, // U+041E
    { 0x041F, 77 }, // U+041F
    { 0x0420, 77 }, // U+0420
    { 0x0421, 79 }, // U+0421
    { 0x0422, 78 }, // U+0422
    { 0x0423, 83 }, // U+0423
    { 0x0424, 89 }, // U+0424
    { 0x0425, 86 }, // U+0425
    { 0x0426, 77 }, // U+0426
    { 0x0427, 90 }, // U+0427
    { 0x0428, 77 }, // U+0428
    { 0x0429, 77 }, // U+0429
    { 0x042A, 78 }, // U+042A
    { 0x042B, 77 }, // U+042B
    { 0x042C, 77 }, // U+042C
    { 0x042D, 87 }, // U+042D
    { 0x042E, 77 }, // U+042E
    { 0x042F, 91 }, // U+042F
    { 0x0430, 92 }, // U+0430
    { 0x0431, 93 }, // U+0431
    { 0x0432, 92 }, // U+0432
    { 0x0433, 94 }, // U+0433
    { 0x0434, 95 }, // U+0434
    { 0x0435, 96 }, // U+0435
    { 0x0436, 97 }, // U+0436
    { 0x0437, 98 }, // U+0437
    { 0x0438, 99 }, // U+0438
    { 0x0439, 99 }, // U+0439
    { 0x043A, 100 }, // U+043A
    { 0x043B, 101 }, // U+043B
    { 0x043C, 101 }, // U+043C
    { 0x043D, 100 }, // U+043D
    { 0x043E, 96 }, // U+043E
    { 0x043F, 100 }, // U+043F
    { 0x0440, 102 }, // U+0440
    { 0x0441, 96 }, // U+0441
    { 0x0442, 100 }, // U+0442
    { 0x0443, 103 }, // U+0443
    { 0x0444, 96 }, // U+0444
    { 0x0445, 104 }, // U+0445
    { 0x0446, 99 }, // U+0446
    { 0x0447, 105 }, // U+0447
    { 0x0448, 99 }, // U+0448
    { 0x0449, 99 }, // U+0449
    { 0x044A, 106 }, // U+044A
    { 0x044B, 99 }, // U+044B
    { 0x044C, 99 }, // U+044C
    { 0x044D, 98 }, // U+044D
    { 0x044E, 100 }, // U+044E
    { 0x044F, 107 }, // U+044F
    { 0x0450, 96 }, // U+0450
    { 0x0451, 96 }, // U+0451
    { 0x0452, 108 }, // U+0452
    { 0x0453, 94 }, // U+0453
    { 0x0454, 96 }, // U+0454
    { 0x0455, 109 }, // U+0455
    { 0x0456, 110 }, // U+0456
    { 0x0457, 111 }, // U+0457
    { 0x0458, 112 }, // U+0458
    { 0x0459, 101 }, // U+0459
    { 0x045A, 100 }, // U+045A
    { 0x045B, 108 }, // U+045B
    { 0x045C, 100 }, // U+045C
    { 0x045D, 99 }, // U+045D
    { 0x045E, 103 }, // U+045E
    { 0x045F, 99 }, // U+045F
    { 0x0462, 113 }, // U+0462
    { 0x0463, 100 }, // U+0463
    { 0x0472, 79 }, // U+0472
    { 0x0473, 96 }, // U+0473
    { 0x0474, 114 }, // U+0474
    { 0x0475, 115 }, // U+0475
    { 0x0490, 77 }, // U+0490
    { 0x0491, 116 }, // U+0491
    { 0x0492, 77 }, // U+0492
    { 0x0493, 94 }, // U+0493
    { 0x0496, 86 }, // U+0496
    { 0x0497, 97 }, // U+0497
    { 0x0498, 87 }, // U+0498
    { 0x0499, 98 }, // U+0499
    { 0x049A, 77 }, // U+049A
    { 0x049B, 100 }, // U+049B
    { 0x04A0, 78 }, // U+04A0
    { 0x04A1, 117 }, // U+04A1
    { 0x04A2, 77 }, // U+04A2
    { 0x04A3, 100 }, // U+04A3
    { 0x04AA, 79 }, // U+04AA
    { 0x04AB, 96 }, // U+04AB
    { 0x04AE, 118 }, // U+04AE
    { 0x04AF, 115 }, // U+04AF
    { 0x04B0, 118 }, // U+04B0
    { 0x04B1, 115 }, // U+04B1
    { 0x04B2, 86 }, // U+04B2
    { 0x04B3, 104 }, // U+04B3
    { 0x04B6, 90 }, // U+04B6
    { 0x04B7, 105 }, // U+04B7
    { 0x04BA, 77 }, // U+04BA
    { 0x04BB, 108 }, // U+04BB
    { 0x04C0, 77 }, // U+04C0
    { 0x04C1, 86 }, // U+04C1
    { 0x04C2, 97 }, // U+04C2
    { 0x04CF, 108 }, // U+04CF
    { 0x04D0, 84 }, // U+04D0
    { 0x04D1, 92 }, // U+04D1
    { 0x04D4, 119 }, // U+04D4
    { 0x04D5, 92 }, // U+04D5
    { 0x04D6, 77 }, // U+04D6
    { 0x04D7, 96 }, // U+04D7
    { 0x04D8, 79 }, // U+04D8
    { 0x04D9, 96 }, // U+04D9
    { 0x04E2, 77 }, // U+04E2
    { 0x04E3, 99 }, // U+04E3
    { 0x04E6, 79 }, // U+04E6
    { 0x04E7, 96 }, // U+04E7
    { 0x04E8, 79 }, // U+04E8
    { 0x04E9, 96 }, // U+04E9
    { 0x04EE, 83 }, // U+04EE
    { 0x04EF, 103 }, // U+04EF
    { 0x04F2, 83 }, // U+04F2
    { 0x04F3, 103 }, // U+04F3
    { 0x1EA0, 25 }, // U+1EA0
    { 0x1EA1, 40 }, // U+1EA1
    { 0x1EA2, 25 }, // U+1EA2
    { 0x1EA3, 40 }, // U+1EA3
    { 0x1EA4, 25 }, // U+1EA4
    { 0x1EA5, 40 }, // U+1EA5
    { 0x1EA6, 25 }, // U+1EA6
    { 0x1EA7, 40 }, // U+1EA7
    { 0x1EA8, 25 }, // U+1EA8
    { 0x1EA9, 40 }, // U+1EA9
    { 0x1EAA, 25 }, // U+1EAA
    { 0x1EAB, 40 }, // U+1EAB
    { 0x1EAC, 25 }, // U+1EAC
    { 0x1EAD, 40 }, // U+1EAD
    { 0x1EAE, 25 }, // U+1EAE
    { 0x1EAF, 40 }, // U+1EAF
    { 0x1EB0, 25 }, // U+1EB0
    { 0x1EB1, 40 }, // U+1EB1
    { 0x1EB2, 25 }, // U+1EB2
    { 0x1EB3, 40 }, // U+1EB3
    { 0x1EB4, 25 }, // U+1EB4
    { 0x1EB5, 40 }, // U+1EB5
    { 0x1EB6, 25 }, // U+1EB6
    { 0x1EB7, 40 }, // U+1EB7
    { 0x1EB8, 26 }, // U+1EB8
    { 0x1EB9, 42 }, // U+1EB9
    { 0x1EBA, 26 }, // U+1EBA
    { 0x1EBB, 42 }, // U+1EBB
    { 0x1EBC, 26 }, // U+1EBC
    { 0x1EBD, 42 }, // U+1EBD
    { 0x1EBE, 26 }, // U+1EBE
    { 0x1EBF, 42 }, // U+1EBF
    { 0x1EC0, 26 }, // U+1EC0
    { 0x1EC1, 42 }, // U+1EC1
    { 0x1EC2, 26 }, // U+1EC2
    { 0x1EC3, 42 }, // U+1EC3
    { 0x1EC4, 26 }, // U+1EC4
    { 0x1EC5, 42 }, // U+1EC5
    { 0x1EC6, 26 }, // U+1EC6
    { 0x1EC7, 42 }, // U+1EC7
    { 0x1EC8, 26 }, // U+1EC8
    { 0x1EC9, 45 }, // U+1EC9
    { 0x1ECA, 26 }, // U+1ECA
    { 0x1ECB, 45 }, // U+1ECB
    { 0x1ECC, 27 }, // U+1ECC
    { 0x1ECD, 42 }, // U+1ECD
    { 0x1ECE, 27 }, // U+1ECE
    { 0x1ECF, 42 }, // U+1ECF
    { 0x1ED0, 27 }, // U+1ED0
    { 0x1ED1, 42 }, // U+1ED1
    { 0x1ED2, 27 }, // U+1ED2
    { 0x1ED3, 42 }, // U+1ED3
    { 0x1ED4, 27 }, // U+1ED4
    { 0x1ED5, 42 }, // U+1ED5
    { 0x1ED6, 27 }, // U+1ED6
    { 0x1ED7, 42 }, // U+1ED7
    { 0x1ED8, 27 }, // U+1ED8
    { 0x1ED9, 42 }, // U+1ED9
    { 0x1EDA, 27 }, // U+1EDA
    { 0x1EDB, 42 }, // U+1EDB
    { 0x1EDC, 27 }, // U+1EDC
    { 0x1EDD, 42 }, // U+1EDD
    { 0x1EDE, 27 }, // U+1EDE
    { 0x1EDF, 42 }, // U+1EDF
    { 0x1EE0, 27 }, // U+1EE0
    { 0x1EE1, 42 }, // U+1EE1
    { 0x1EE2, 27 }, // U+1EE2
    { 0x1EE3, 42 }, // U+1EE3
    { 0x1EE4, 32 }, // U+1EE4
    { 0x1EE5, 51 }, // U+1EE5
    { 0x1EE6, 32 }, // U+1EE6
    { 0x1EE7, 51 }, // U+1EE7
    { 0x1EE8, 32 }, // U+1EE8
    { 0x1EE9, 51 }, // U+1EE9
    { 0x1EEA, 32 }, // U+1EEA
    { 0x1EEB, 51 }, // U+1EEB
    { 0x1EEC, 32 }, // U+1EEC
    { 0x1EED, 51 }, // U+1EED
    { 0x1EEE, 32 }, // U+1EEE
    { 0x1EEF, 51 }, // U+1EEF
    { 0x1EF0, 32 }, // U+1EF0
    { 0x1EF1, 51 }, // U+1EF1
    { 0x1EF2, 36 }, // U+1EF2
    { 0x1EF3, 54 }, // U+1EF3
    { 0x1EF4, 36 }, // U+1EF4
    { 0x1EF5, 54 }, // U+1EF5
    { 0x1EF6, 36 }, // U+1EF6
    { 0x1EF7, 54 }, // U+1EF7
    { 0x1EF8, 36 }, // U+1EF8
    { 0x1EF9, 54 }, // U+1EF9
    { 0x2012, 62 }, // U+2012
    { 0x2013, 62 }, // U+2013
    { 0x2014, 62 }, // U+2014
    { 0x2015, 62 }, // U+2015
    { 0x2018, 120 }, // U+2018
    { 0x2019, 121 }, // U+2019
    { 0x201A, 9 }, // U+201A
    { 0x201C, 120 }, // U+201C
    { 0x201D, 121 }, // U+201D
    { 0x201E, 9 }, // U+201E
    { 0x2020, 122 }, // U+2020
    { 0x2022, 66 }, // U+2022
    { 0x2026, 9 }, // U+2026
    { 0x2030, 4 }, // U+2030
    { 0x2032, 2 }, // U+2032
    { 0x2033, 2 }, // U+2033
    { 0x2039, 61 }, // U+2039
    { 0x203A, 67 }, // U+203A
    { 0x2070, 64 }, // U+2070
    { 0x2071, 123 }, // U+2071
    { 0x2074, 64 }, // U+2074
    { 0x2075, 64 }, // U+2075
    { 0x2076, 64 }, // U+2076
    { 0x2077, 64 }, // U+2077
    { 0x2078, 64 }, // U+2078
    { 0x2079, 64 }, // U+2079
    { 0x207D, 124 }, // U+207D
    { 0x207E, 124 }, // U+207E
    { 0x207F, 123 }, // U+207F
    { 0x2080, 125 }, // U+2080
    { 0x2081, 125 }, // U+2081
    { 0x2082, 125 }, // U+2082
    { 0x2083, 125 }, // U+2083
    { 0x2084, 125 }, // U+2084
    { 0x2085, 125 }, // U+2085
    { 0x2086, 125 }, // U+2086
    { 0x2087, 125 }, // U+2087
    { 0x2088, 125 }, // U+2088
    { 0x2089, 125 }, // U+2089
    { 0x2206, 126 }, // U+2206
    { 0x2212, 8 }, // U+2212
    { 0x2219, 66 }, // U+2219
    { 0x2248, 22 }, // U+2248
    { 0x2260, 22 }, // U+2260
    { 0xFB00, 43 }, // U+FB00
    { 0xFB01, 43 }, // U+FB01
    { 0xFB02, 43 }, // U+FB02
    { 0xFB03, 43 }, // U+FB03
    { 0xFB04, 43 }, // U+FB04
};

static const int8_t sourceserif4_12_italicKernMatrix[] = {
       0,    0,    0,    0,   -1,    0,    0,    0,  -32,  -24,    0,    0,    0,    0,  -24,   -8,    0,    0,    0,    0,    0,    0,    0,    0,  -29,    0,    0,   -8,    0,    0,    7,    0,    4,    4,    0,    0,    0,    0,    0,  -14,    0,   -8,   -1,  -10,    0,   -1,    0,    0,   -8,    0,    0,    0,   -1,   -1,    0,    0,    0,    0,    0,    0,  -19,    0,    0,    0,    0,    0,    0,  -48,  -40,    0,  -14,    0,    0,   -8,    0,   -8,    0,    7,    0,    0,   -8,  -20,    4,  -29,  -20,    0,    0,    0,    0,    0,  -12,  -14,    0,  -10,   -8,   -8,   -1,  -10,    0,    0,  -35,    0,   -1,   -1,    0,    0,  -22,    0,   -8,    0,    1,   -1,    0,    4,    0,  -28,    0,    0,  -40,    0,    0,    0,    0,    0,    0,  -29,
       0,    0,    0,    0,    0,    0,    0,    0,    0,    0,    0,    0,    0,    0,    0,    0,    0,    0,    0,    0,    0,    0,    0,    0,    0,    0,   12,    0,    0,    1,    0,    0,    0,    0,    0,    0,    0,    0,    0,    0,    0,    0,    0,    0,    0,    0,    0,    0,    0,    0,    0,    0,    0,    0,    0,    0,    0,    0,    0,    0,    0,    0,    0,    0,    0,    0,    0,    0,    0,    0,    0,    0,    0,    0,    0,    0,    0,    0,   12,    1,    0,    0,    0,    0,    0,    0,    0,    0,    0,    0,    0,    0,    0,    0,    0,    0,    0,    0,    0,    0,    0,    0,    0,    0,    0,    0,    0,    0,    0,    0,    0,    0,    0,    0,    0,    0,    0,    0,    0,    0,    0,    0,    0,    0,    0,    0,
       0,    0,    0,    0,    0,    0,    0,    0,    0,    0,    0,    0,    0,    0,    0,    0,    0,    0,    0,    0,    0,    0,    0,    0,   -7,    0,    0,    0,    0,    0,    0,   -7,   -7,    0,  -14,   -4,    0,    0,    0,  -14,   -4,   -9,    7,   -8,    0,    0,    0,    0,   -1,    0,    0,    0,   -1,    0,    0,    0,    0,    0,    0,    0,    0,    0,    0,    0,    0,    0,    0,    0,   -7,    0,  -14,    0,    0,   -9,    0,   -1,    0,    0,    0,    0,    0,    0,    0,   -7,    0,  -14,    0,    0,    0,    0,    0,  -14,    0,    0,    0,   -9,   -1,    0,    0,    0,    0,    0,    0,   -1,    0,    0,    0,   -4,   -1,    0,    0,    0,    0,   -7,    0,    0,    0,   -4,   -7,    0,    0,    0,    0,    0,    0,   -7,
       0,    0,   -7,    0,  -25,    0,    0,    0,    0,    0,   -8,    0,   -8,   -8,  -13,   -8,    0,    0,    0,   -4,  -15,    0,    0,    0,   -8,    0,   -8,    2,    0,   -4,    0,    0,    0,    0,    0,    4,    0,    0,    0,  -11,    0,   -8,   28,    0,    0,    0,    0,    4,  -11,    0,  -11,  -14,   -8,    0,   -7,    0,    0,    0,    0,    0,  -18,  -16,    0,    0,    0,  -24,  -17,  -10,  -16,   25,  -11,    0,    0,   -8,    0,  -11,    0,    0,   -8,   -4,    2,    0,    0,   -8,    0,    0,    0,    0,    0,    0,    0,  -11,    0,    0,    0,   -8,   -8,    0,  -11,    0,    0,    4,    0,   -8,    0,    0,    0,    0,  -11,    0,    0,    0,    0,    0,  -14,    0,    0,    4,  -16,   -7,    0,    0,    0,    0,    0,   -8,
       0,    0,    0,    0,    0,  -25,    0,    0,  -16,    0,    0,    0,    0,    0,    0,    0,    0,    0,    0,    0,    0,    0,    0,    0,    0,    0,    0,    0,    0,    0,    0,    0,    0,    0,    0,    0,    0,    0,    0,    0,    0,    0,    0,    0,    0,    0,    0,    0,    0,    0,    0,    0,    0,    0,    0,    0,    0,    0,    0,    0,    0,    0,    0,    0,    0,    0,    0,    0,    0,    0,    0,    0,    0,    0,    0,    0,    0,    0,    0,    0,    0,    0,    0,    0,    0,    0,    0,    0,    0,    0,    0,    0,    0,    0,    0,    0,    0,    0,    0,    0,    0,    0,    0,    0,    0,    0,    0,    0,    0,    0,    0,    0,    0,    0,    0,    0,    0,    0,    0,  -20,  -18,    0,    0,    0,    0,    0,
       0,    0,    0,    0,    0,    0,    0,    0,   -1,    0,    0,    0,    0,    0,    0,    0,    0,    0,    0,    0,    0,    0,    0,    0,  -22,    0,    7,   -4,    0,    0,    0,    0,    7,    7,    0,    7,    1,    0,    0,   -1,    0,    0,    0,    0,    0,    0,    0,    0,    0,    0,    0,    0,    0,    0,    0,    0,    0,    0,    0,    0,    0,    0,    0,    0,    0,    0,    0,    0,  -44,    0,   -1,    0,    0,    0,    0,    0,    0,    0,    7,    0,   -4,    0,    0,  -22,    0,    0,    0,    0,    0,    0,    0,   -1,    0,    0,    0,    0,    0,    0,    0,    0,    0,    0,    0,    0,    0,    0,    0,    0,    0,    0,    0,    0,    0,    7,    0,    0,    0,    7,  -44,    0,    0,    0,    0,    0,    0,  -22,
       0,    0,    0,    0,    0,    0,    0,    0,    0,    0,    0,  -15,  -15,  -14,    0,   -8,    0,  -24,    0,   -4,    0,    0,    0,    0,    0,    0,    0,    0,    0,    0,    0,    0,    0,    0,    0,    0,    0,    0,    0,    0,    0,    0,    0,    0,    0,    0,    0,    0,    0,    0,    0,    0,    0,    0,    0,    0,    0,    0,    0,    0,    0,    0,    0,    0,    0,    0,    0,    0,    0,    0,    0,    0,    0,    0,    0,    0,    0,    0,    0,    0,    0,    0,    0,    0,    0,    0,    0,    0,    0,    0,    0,    0,    0,    0,    0,    0,    0,    0,    0,    0,    0,    0,    0,    0,    0,    0,    0,    0,    0,    0,    0,    0,    0,    0,    0,    0,    0,    0,    0,    0,    0,    0,    0,    0,    0,    0,
       0,  -32,    0,    0,  -19,  -19,  -52,    0,  -15,   18,  -14,  -18,  -10,  -10,  -30,  -10,    0,  -12,    0,  -30,    0,    0,    0,    0,    0,    0,  -18,    1,    0,    0,  -24,  -28,  -32,  -32,    0,  -28,    0,  -51,    0,  -13,  -16,  -16,    8,    0,  -23,  -11,  -15,    0,  -12,  -15,  -23,  -30,   -9,  -20,   -8,    0,    0,    0,    0,  -55,  -22,  -18,    0,  -40,    0,    0,    0,    0,    0,   -1,  -13,  -23,  -23,  -16,   -1,  -12,    0,  -24,  -18,    0,    1,    0,  -12,    0,    0,    0,    0,    0,  -18,  -36,    0,  -13,  -15,   -7,  -10,  -16,   -9,   -7,  -23,  -15,    0,    0,  -20,   -9,  -32,  -16,    0,  -16,  -12,  -23,  -23,  -11,  -25,  -32,  -30,  -10,  -38,  -28,    0,  -40,  -40,    0,  -59,    0,    0,    0,
       0,    0,    0,    0,   -3,    0,    0,    0,  -48,  -33,    0,    0,   -1,   -1,  -20,   -1,    0,    7,    0,   -4,   -2,    0,    0,    0,  -26,    0,    0,    0,    0,    0,    4,    0,   18,   18,    0,   14,    0,  -15,    0,  -20,    7,  -16,    0,  -16,    0,    0,  -12,   -8,  -27,    0,   -8,   -2,  -20,   -1,   -9,    0,    0,    0,    0,    0,  -18,  -24,    0,    0,    0,  -13,   -2,  -48,  -22,    0,  -20,    0,    0,  -16,    0,  -27,    0,    4,    0,    0,    0,    0,    0,  -26,    0,    0,    0,    0,    0,    0,    0,  -20,    0,    0,    0,  -16,  -20,    0,   -8,  -12,    0,   -8,   -1,  -20,    0,    0,    0,    7,  -27,    0,    0,    0,    0,   18,   -2,    0,    0,   14,  -22,    0,    0,    0,    0,    0,    0,  -26,
       0,    0,    0,    0,    0,   -8,    0,    0,  -10,   -1,    0,    0,   -1,   -2,    0,    0,    0,   -6,    0,   -4,    0,    0,    0,    0,    2,    0,    4,    0,    0,    0,    0,    0,    0,    0,   -4,    0,    0,    0,  -16,    0,    0,    0,    0,    0,    0,    0,    0,    0,    0,    0,    0,    0,    0,    0,    0,    0,    0,    0,    0,    0,    0,    0,    0,    0,    0,    0,    0,    0,   -2,    0,    0,    0,    0,    0,    0,    0,    0,    0,    4,    0,    0,    0,    0,    2,    0,   -4,    0,    0,    0,    0,    0,    0,    0,    0,    0,    0,    0,    0,    0,    0,    0,    0,    0,    0,    0,    0,    0,    0,    0,    0,    0,    0,    0,    0,    0,    0,    0,    0,   -2,    0,    7,    0,    0,    0,   -1,    2,
       0,  -15,    0,  -14,    0,    0,  -18,  -11,    0,    0,    0,    0,   -4,   -8,  -12,   -6,   -8,   -4,   -6,   -6,   -7,  -11,    0,    0,    4,    0,    0,    0,    0,    0,    0,   -4,   -4,   -1,    0,   -4,    0,    0,    0,    0,    0,    0,    0,    0,    0,    0,    0,    0,    0,    0,    0,    0,    0,    0,    0,    0,    0,   -8,    0,  -14,  -12,  -14,  -22,  -22,    0,  -26,    0,    0,    0,    0,    0,    0,    0,    0,    0,    0,    0,    0,    0,    0,    0,    0,    0,    4,    0,    0,    0,    0,    0,    0,    0,    0,    0,    0,    0,    0,    0,    0,    0,    0,    0,    0,    0,    0,    0,    0,    0,    0,    0,    0,    0,    0,    0,   -4,    0,    0,    0,   -4,    0,  -22,  -14,    0,  -14,    0,    1,    4,
       0,    0,    0,    0,    0,   -1,    0,    0,   -4,    0,    0,    0,  -10,  -12,  -14,  -10,  -11,   -8,   -8,   -8,    0,    0,    0,    0,    0,    0,    0,    0,    0,    0,    0,   -4,    0,   -4,    0,   -4,    0,    0,    0,    0,    0,    0,    0,    0,    0,    0,    0,    0,    0,    0,    0,    0,    0,    0,    0,    0,    0,    0,    0,    0,   -8,  -15,    0,    0,    0,  -15,    0,    0,    0,    0,    0,    0,    0,    0,    0,    0,    0,    0,    0,    0,    0,    0,    0,    0,    0,    0,    0,    0,    0,    0,    0,    0,    0,    0,    0,    0,    0,    0,    0,    0,    0,    0,    0,    0,    0,    0,    0,    0,    0,    0,    0,    0,    0,    0,    0,    0,    0,   -4,    0,    0,    0,    0,    0,    0,    0,    0,
       0,    0,    0,    0,    0,   -8,   -4,    0,  -10,  -12,    0,   -8,   -8,  -12,    0,  -12,   -8,  -12,   -8,   -8,    0,    0,    0,    0,    0,   -6,    0,    0,    0,    0,    0,   -4,   -4,   -4,   -7,   -4,    0,   -7,  -12,    0,    0,    0,    0,    0,    0,    0,    0,    0,    0,    0,    0,    0,    0,    0,    0,    0,    0,    0,    0,   -4,    0,    0,  -10,    0,    0,  -10,    0,    0,   -1,    0,    0,    0,    0,    0,    0,    0,   -6,    0,    0,    0,    0,    0,    0,    0,    0,   -7,    0,    0,    0,    0,    0,    0,    0,    0,    0,    0,    0,    0,    0,    0,    0,    0,    0,    0,    0,    0,    0,    0,    0,    0,    0,    0,    0,   -4,    0,    0,    0,   -4,   -1,   -4,   -4,    0,   -4,    0,   -1,    0,
       0,    0,    0,    0,    0,    0,    0,    0,    0,    0,    0,    0,    0,    0,    0,    0,    0,    0,    0,   -4,    0,    0,    0,    0,    0,    0,    0,    0,    0,    0,    0,    0,   -1,    0,    0,   -4,    0,    0,  -11,    0,    0,    0,    0,    0,    0,    0,    0,    0,    0,    0,    0,    0,    0,    0,    0,    0,    0,    0,    0,   -1,    0,    0,    0,  -12,    0,    0,    0,    0,   -1,    0,    0,    0,    0,    0,    0,    0,    0,    0,    0,    0,    0,    0,    0,    0,    0,    0,    0,    0,    0,    0,    0,    0,    0,    0,    0,    0,    0,    0,    0,    0,    0,    0,    0,    0,    0,    0,    0,    0,    0,    0,    0,    0,    0,   -1,    0,    0,    0,   -4,   -1,   -9,    0,    0,    0,    0,    0,    0,
       0,    0,    0,    0,    0,    0,    0,    0,  -14,   -8,    0,    0,   -8,   -1,    0,   -8,   -8,   -9,   -4,  -10,    0,    0,    0,    0,    0,    0,    0,    0,    0,    0,    0,    0,    0,    0,    0,    0,    0,    0,  -12,    0,    0,    0,    0,    0,    0,    0,    0,    0,    0,    0,    0,    0,    0,    0,    0,    0,    0,    0,    0,    0,    0,    0,    0,    0,    0,   -4,    0,    0,   -5,    0,    0,    0,    0,    0,    0,    0,    0,    0,    0,    0,    0,    0,    0,    0,    0,    0,    0,    0,    0,    0,    0,    0,    0,    0,    0,    0,    0,    0,    0,    0,    0,    0,    0,    0,    0,    0,    0,    0,    0,    0,    0,    0,    0,    0,    0,    0,    0,    0,   -5,    0,    0,    0,    0,    0,    0,    0,
       0,    0,    0,    0,    0,    0,    0,    0,    0,    0,    0,    0,   -7,   -6,    0,   -4,   -7,   -4,   -2,   -8,    0,    0,    0,    0,    0,    0,    1,    0,    1,    0,    0,    0,    0,    0,   -4,    0,    0,    0,    0,    0,    0,    0,    0,    0,    0,    0,    0,    0,    0,    0,    0,    0,    0,    0,    0,    0,    0,    0,    0,    0,    0,    0,    0,    0,    0,    0,    0,    0,    0,    0,    0,    0,    0,    0,    0,    0,    0,    0,    1,    0,    0,    0,    0,    0,    0,   -4,    0,    1,    0,    0,    0,    0,    0,    0,    0,    0,    0,    0,    0,    0,    0,    0,    0,    0,    0,    0,    0,    0,    0,    0,    0,    0,    0,    0,    0,    0,    0,    0,    0,    0,    0,    0,    0,    0,    0,    0,
       0,    0,   -8,    0,    0,    0,    0,   -9,  -52,  -28,    0,    0,   -8,   -8,  -18,  -16,  -14,   -1,   -4,   -8,   -8,    0,    0,  -17,  -21,    0,    0,    0,    0,    0,    0,    0,    8,    8,   -4,    8,    0,    7,  -52,    0,    0,    0,    0,    0,    0,    0,    0,    0,    0,    0,    0,    0,    0,    0,    0,    0,    0,  -12,    0,    0,  -20,  -24,    0,    0,    0,  -19,   -8,    0,  -22,    0,    0,    0,    0,    0,    0,    0,    0,    0,    0,    0,    0,    0,    0,  -21,    0,   -4,    0,    0,    0,    0,    0,    0,    0,    0,    0,    0,    0,    0,    0,    0,    0,    0,    0,    0,    0,    0,    0,    0,    0,    0,    0,    0,    0,    8,    0,    0,    0,    8,  -22,    0,    8,    0,    0,    0,  -41,  -21,
       0,    0,    0,    0,    0,   -8,    0,    0,  -41,  -26,    0,   -4,   -8,   -4,    0,   -6,    0,   -4,    0,   -2,    0,    0,    0,    0,   -8,   -7,    4,    0,    0,    0,    0,   -2,   -4,    0,  -12,   -4,    0,    0,  -38,    0,    0,    0,    0,    0,    0,    0,    0,    0,    0,    0,    0,    0,    0,    0,    0,    0,    0,    0,    0,    0,    0,    0,    0,   -6,    0,   -4,    0,    0,  -14,    0,    0,    0,    0,    0,    0,    0,   -7,    0,    4,    0,    0,    0,    0,   -8,    0,  -12,    0,    0,    0,    0,    0,    0,    0,    0,    0,    0,    0,    0,    0,    0,    0,    0,    0,    0,    0,    0,    0,    0,    0,    0,    0,    0,    0,   -4,    0,    0,    0,   -4,  -14,    0,    0,    0,    0,    0,  -24,   -8,
       0,    0,    0,    0,    0,    0,    0,    0,    0,    0,    0,  -10,    0,    0,    0,    0,    0,   -8,    0,    0,    0,    0,    0,    0,    0,    0,    0,    0,    0,    0,    0,   -1,   -4,   -4,    0,  -19,    0,   -1,    0,   -1,   -1,   -1,    0,   -1,    0,   -1,    0,    0,   -1,   -1,    0,   -1,   -2,   -1,   -1,    0,    0,    0,    0,    0,    0,    0,    0,    0,    0,    0,    0,    0,    0,   -1,   -1,    0,    0,   -1,   -1,   -1,    0,    0,    0,    0,    0,    0,    0,    0,    0,    0,    0,    0,    0,    0,    0,   -1,    0,    0,    0,   -1,   -2,    0,    0,    0,    0,    0,   -1,   -2,    0,    0,    0,   -1,   -1,    0,    0,   -1,    0,   -4,   -1,    0,    0,  -19,    0,    0,    0,    0,    0,    0,    0,    0,
       0,    0,    0,    0,    0,    0,    0,    0,    0,    0,    0,  -11,   -4,   -8,    4,    0,    0,  -12,    0,    0,    0,    0,    0,    0,    0,    0,    0,    0,    0,    0,    0,    0,    0,    0,    0,    0,    0,    0,    0,    0,    0,    0,    0,    0,    0,    0,    0,    0,    0,    0,    0,    0,    0,    0,    0,    0,    0,    0,    0,    0,    0,    0,    0,    0,    0,    0,    0,    0,    0,    0,    0,    0,    0,    0,    0,    0,    0,    0,    0,    0,    0,    0,    0,    0,    0,    0,    0,    0,    0,    0,    0,    0,    0,    0,    0,    0,    0,    0,    0,    0,    0,    0,    0,    0,    0,    0,    0,    0,    0,    0,    0,    0,    0,    0,    0,    0,    0,    0,    0,    0,    0,    0,    0,    0,    0,    0,
       0,    0,    0,    0,    0,  -18,    0,    0,  -46,  -32,    0,    0,    0,    0,    0,    0,    0,    0,    0,    0,    0,    0,    0,    0,    0,    0,    0,    0,    0,    0,    0,    0,    0,    0,    0,    0,    0,    0,    0,    0,    0,    0,    0,    0,    0,    0,    0,    0,    0,    0,    0,    0,    0,    0,    0,    0,    0,    0,    0,    0,  -23,    0,    0,    0,    0,    0,   -8,    0,    0,    0,    0,    0,    0,    0,    0,    0,    0,    0,    0,    0,    0,    0,    0,    0,    0,    0,    0,    0,    0,    0,    0,    0,    0,    0,    0,    0,    0,    0,    0,    0,    0,    0,    0,    0,    0,    0,    0,    0,    0,    0,    0,    0,    0,    0,    0,    0,    0,    0,    0,    0,    0,    0,    0,    0,    0,    0,
       0,    0,    0,    0,    0,    0,    0,    0,    0,    0,    0,    0,    0,    0,    0,    0,    0,    0,    0,    0,    0,    0,    0,    0,    0,    0,    4,    0,    0,    1,    0,    0,    0,    0,   -7,   -4,    0,    0,    0,    0,    0,    0,    0,    0,    0,    0,    0,    0,    0,    0,    0,    0,    0,    0,    0,    0,    0,    0,    0,    0,    0,    0,    0,    0,    0,    0,    0,    0,    0,    0,    0,    0,    0,    0,    0,    0,    0,    0,    4,    1,    0,    0,    0,    0,    0,   -7,    0,    0,    0,    0,    0,    0,    0,    0,    0,    0,    0,    0,    0,    0,    0,    0,    0,    0,    0,    0,    0,    0,    0,    0,    0,    0,    0,    0,    0,    0,    0,   -4,    0,    0,    0,    0,    0,    0,    0,    0,
       0,  -48,    0,    0,    0,  -11,  -53,    0,    0,    0,   -8,    0,   -1,  -12,  -15,   -8,  -12,  -12,  -12,   -9,    0,    0,    0,    0,    4,   -4,  -12,   -1,    0,   -2,  -26,  -24,  -36,  -30,    0,  -28,   -4,  -28,   -4,   -2,  -12,  -11,   -6,    0,  -16,  -12,  -10,  -12,   -8,  -16,  -16,  -29,   -1,  -22,    0,    0,    0,    0,  -16,  -44,  -16,   -8,    0,  -49,    0,  -24,   -4,    0,    0,   -9,   -2,  -16,  -16,  -11,   -8,   -8,    0,    0,    0,    0,    0,    0,    0,    0,    0,    0,    0,    0,    0,    0,    0,    0,    0,    0,    0,    0,    0,    0,    0,    0,    0,    0,    0,    0,    0,    0,    0,    0,    0,    0,    0,    0,    0,    0,    0,    0,    0,    0,    0,  -49,  -44,    0,  -44,    0,    0,    0,
       0,  -22,    0,    0,    0,   -8,  -15,    0,  -10,   -7,    0,   -7,   -8,   -4,    0,    0,   -6,   -8,   -4,  -10,    0,    0,    0,    0,  -12,  -11,   -4,   -6,   -8,   -6,  -12,  -19,  -22,  -16,  -14,  -20,   -4,   -8,  -16,    0,  -10,   -7,   -8,    0,   -6,   -6,   -9,   -7,  -11,  -10,   -9,  -16,   -4,  -12,  -11,    0,    0,    0,    0,   -1,    0,    1,    0,   -7,    0,    0,    0,    0,  -15,  -10,    0,   -6,   -6,   -7,    0,  -11,    0,    0,    0,    0,    0,    0,    0,    0,    0,    0,    0,    0,    0,    0,    0,    0,    0,    0,    0,    0,    0,    0,    0,    0,    0,    0,    0,    0,    0,    0,    0,    0,    0,    0,    0,    0,    0,    0,    0,    0,    0,    0,    0,  -15,  -16,    0,  -12,    0,    0,    0,
       0,    0,    0,    0,    0,    0,    0,    0,    0,    0,    0,    0,    0,    0,    0,    0,    0,    0,    0,    0,   11,    0,    0,    0,    0,    0,    0,    4,    0,    0,    0,   -8,   -6,   -4,    0,   -7,    0,    0,   -7,    0,    0,    0,    0,    0,    0,    0,    0,   -4,    0,    0,   -4,   -8,    0,   -8,    0,    0,    0,    0,    0,    0,    0,    0,    0,    0,    0,    0,    0,    0,   -4,    0,    0,    0,    0,    0,    0,    0,    0,    0,    0,    0,    0,    0,    0,    0,    0,    0,    0,    0,    0,    0,    0,    0,    0,    0,    0,    0,    0,    0,    0,    0,    0,    0,    0,    0,    0,    0,    0,    0,    0,    0,    0,    0,    0,    0,    0,    0,    0,    0,    0,    4,    7,    0,    4,    0,    0,    0,
       0,  -12,    0,    0,    0,   -8,   -8,    0,  -15,  -10,    4,   -4,   -8,   -4,   -4,   -1,    0,   -5,    0,    0,    0,    0,    0,    7,  -24,   -8,    4,   -6,   -8,    0,   -8,   -8,  -16,  -12,  -16,  -16,   -4,   -8,  -36,    0,   -4,    0,    0,    0,    0,    0,    0,    0,   -6,    0,    0,    0,   -1,    0,    0,    0,    0,    0,    1,    0,    0,    0,    0,    0,    0,    0,    0,    0,  -28,    0,    0,    0,    0,    0,   -4,   -6,    0,    0,    0,    0,    0,    0,    0,    0,    0,    0,    0,    0,    0,    0,    0,    0,    0,    0,    0,    0,    0,    0,    0,    0,    0,    0,    0,    0,    0,    0,    0,    0,    0,    0,    0,    0,    0,    0,    0,    0,    0,    0,    0,   -8,   -1,    0,    0,    0,   -7,    0,
       0,   -1,    0,    0,    0,    0,    0,    0,    0,    0,    0,    0,    0,    0,    0,    0,    0,    0,    0,    0,    0,    0,    0,    0,    0,   -4,   -1,    0,   -2,    0,   -1,  -10,   -6,   -6,   -4,   -6,   -4,    0,    0,    0,   -4,   -1,   -1,   -4,    0,    0,   -7,   -4,   -4,    0,   -4,   -8,   -1,   -8,    0,    0,    0,    0,    0,    0,    0,    0,    0,    0,    0,   -9,    0,    0,    0,   -8,    0,    0,    0,   -1,    0,   -4,    0,    0,    0,    0,    0,    0,    0,    0,    0,    0,    0,    0,    0,    0,    0,    0,    0,    0,    0,    0,    0,    0,    0,    0,    0,    0,    0,    0,    0,    0,    0,    0,    0,    0,    0,    0,    0,    0,    0,    0,    0,    0,    0,    0,    0,    0,    0,    0,    0,    0,
       0,    0,    0,    0,    0,    0,   10,    0,  -34,   -2,    4,    0,   -4,   -4,  -10,   -8,   -4,    4,    0,    0,    0,    0,    0,    0,  -26,   -4,   -4,   -1,   -5,    0,    4,   -4,    4,    4,   -4,    4,    0,    4,  -20,  -15,    0,  -14,   -4,  -16,    0,   -1,   -8,  -12,  -20,   -4,   -8,   -9,  -18,   -8,  -12,    0,    0,    0,    0,   11,  -13,   -1,    0,    0,    0,   -2,   -4,    0,  -40,    0,  -15,    0,    6,  -14,    0,  -20,    0,    0,    0,    0,    0,    0,    0,    0,    0,    0,    0,    0,    0,    0,    0,    0,    0,    0,    0,    0,    0,    0,    0,    0,    0,    0,    0,    0,    0,    0,    0,    0,    0,    0,    0,    0,    0,    0,    0,    0,    0,    0,    0,    7,    4,    0,    7,    0,  -28,    0,
       0,   -1,    0,    0,    4,   -4,   -6,    0,   -4,    0,    0,   -4,   -8,   -4,    0,    0,    0,   -2,    0,    0,    0,    0,    0,    4,   -5,   -4,    4,   -4,   -1,    0,  -10,  -10,  -16,  -16,  -12,  -12,   -4,   -1,   -8,    0,    0,    2,    0,    0,    0,    0,    0,    0,    0,    0,    0,   -4,   -1,   -1,    0,    0,    0,    0,    0,    0,    7,    8,    0,    0,    0,    0,    0,    0,   -8,    0,    0,    0,    0,    2,    0,    0,    0,    0,    0,    0,    0,    0,    0,    0,    0,    0,    0,    0,    0,    0,    0,    0,    0,    0,    0,    0,    0,    0,    0,    0,    0,    0,    0,    0,    0,    0,    0,    0,    0,    0,    0,    0,    0,    0,    0,    0,    0,    0,    0,    0,   -1,    0,    0,    0,    0,    0,
       0,    0,    0,    0,    0,    0,    0,    0,    0,    0,    0,   -7,   -4,   -4,  -16,   -4,   -8,    0,   -4,   -8,    0,    0,    0,    0,    0,    0,   -6,    0,    0,   -2,    0,    0,    0,    0,    0,    0,    0,    0,    0,   -8,    0,  -12,   -8,   -8,   -4,   -4,   -8,  -12,  -14,  -11,  -15,  -12,   -5,  -15,   -4,    0,    0,    0,    0,    0,  -18,    0,    0,    0,    0,    0,    0,    0,    0,   -1,   -8,   -4,    0,  -12,    0,  -14,    0,    0,    0,    0,    0,    0,    0,    0,    0,    0,    0,    0,    0,    0,    0,    0,    0,    0,    0,    0,    0,    0,    0,    0,    0,    0,    0,    0,    0,    0,    0,    0,    0,    0,    0,    0,    0,    0,    0,    0,    0,    0,    0,   -4,   -7,    0,    0,    0,    0,    0,
       0,    0,    0,    0,    0,    0,    0,    0,  -20,  -12,   -1,    0,   -2,   -5,   -9,   -2,   -1,    0,   -1,   -1,    0,    0,    0,    0,  -17,    0,    0,   -8,   -1,    0,    0,   -4,    4,    4,   -4,    0,    0,    0,  -34,  -12,    0,  -12,    0,  -12,   -2,   -4,  -11,  -12,  -19,   -7,  -14,  -12,  -18,   -8,  -12,    0,    0,    0,    0,    0,   -9,    0,    0,    0,    0,    0,   -8,    0,  -18,    0,  -12,   -2,    1,  -12,    0,  -19,    0,    0,    0,    0,    0,    0,    0,    0,    0,    0,    0,    0,    0,    0,    0,    0,    0,    0,    0,    0,    0,    0,    0,    0,    0,    0,    0,    0,    0,    0,    0,    0,    0,    0,    0,    0,    0,    0,    0,    0,    0,    0,    0,    0,    0,    0,    0,    0,  -12,    0,
       0,   -6,    0,    0,    0,    0,   -8,    0,    0,    0,   -1,    0,    0,    0,  -12,   -1,   -8,   -1,    0,   -4,    0,    0,    0,    0,  -20,    0,  -16,   -1,    2,    0,   -4,  -12,  -20,  -16,  -12,  -23,    8,    0,    7,   -4,    0,   -4,   -4,    0,   -4,   -4,   -7,   -4,   -4,   -8,   -8,  -21,    0,  -20,    0,    0,    0,    0,    0,    0,  -14,   -8,    0,    0,    0,  -32,   -4,    0,  -24,    0,   -4,   -4,    1,   -4,    0,   -4,    0,    0,    0,    0,    0,    0,    0,    0,    0,    0,    0,    0,    0,    0,    0,    0,    0,    0,    0,    0,    0,    0,    0,    0,    0,    0,    0,    0,    0,    0,    0,    0,    0,    0,    0,    0,    0,    0,    0,    0,    0,    0,    0,    0,   -1,    0,    0,    0,    0,    0,
       0,  -44,    0,    0,    0,  -12,  -40,    0,    0,    0,    0,    0,   -1,    0,   -7,    0,    0,   -1,    0,   -6,    0,    0,    0,    0,    4,   -7,   -8,   -8,   -4,   -7,  -32,  -20,  -36,  -29,   -1,  -28,   -6,  -23,    0,    0,    0,    0,    0,    0,    0,    0,    0,    0,    0,    0,   -4,  -14,   -1,  -13,    0,    0,    0,    0,    0,  -35,    0,    0,    0,  -42,    0,  -18,    0,    0,    4,    0,    0,    0,    0,    0,    0,    0,    0,    0,    0,    0,    0,    0,    0,    0,    0,    0,    0,    0,    0,    0,    0,    0,    0,    0,    0,    0,    0,    0,    0,    0,    0,    0,    0,    0,    0,    0,    0,    0,    0,    0,    0,    0,    0,    0,    0,    0,    0,    0,    0,  -33,  -37,    0,  -38,    0,    8,    0,
       0,    0,    0,    0,    0,    0,    0,    0,  -14,  -12,    0,   -5,   -6,   -4,   -9,   -5,   -8,    0,    0,    0,    0,    0,    0,   -4,   -4,    0,    0,    0,    0,    0,    0,    0,    0,    0,  -12,    0,   -1,    0,  -27,   -5,    0,   -8,   -4,   -8,   -1,   -4,   -8,   -8,  -12,   -4,  -12,   -6,  -10,   -8,   -5,    0,    0,    0,    0,    0,   -9,    0,    0,    0,    0,    0,   -8,    0,  -28,    0,   -5,   -1,    0,   -8,    0,  -12,    0,    0,    0,    0,    0,    0,    0,    0,    0,    0,    0,    0,    0,    0,    0,    0,    0,    0,    0,    0,    0,    0,    0,    0,    0,    0,    0,    0,    0,    0,    0,    0,    0,    0,    0,    0,    0,    0,    0,    0,    0,    0,    0,    0,    0,    0,    0,    0,  -12,    0,
       4,  -12,    0,    0,    0,   -8,  -12,    0,   -7,    0,    4,    0,    0,   -4,    0,    0,    0,    0,    0,   -4,    0,    0,    0,    8,   -4,   -6,    4,   -4,   -4,    0,   -8,   -4,   -8,   -4,  -16,   -8,    0,    0,  -16,    4,    0,    0,    0,    0,    0,    0,    0,    0,    0,    0,    0,    0,   -1,    0,    0,    0,    0,    0,    1,    0,    4,    8,    0,    0,    0,    8,    0,    0,  -13,   -7,    4,    0,    0,    0,    0,    0,    0,    0,    0,    0,    0,    0,    0,    0,    0,    0,    0,    0,    0,    0,    0,    0,    0,    0,    0,    0,    0,    0,    0,    0,    0,    0,    0,    0,    0,    0,    0,    0,    0,    0,    0,    0,    0,    0,    0,    0,    0,    0,    0,   -4,   -8,    0,    0,    0,    0,    0,
       0,    0,    0,    0,    0,   -4,    8,    0,  -39,   -2,    0,   -1,   -4,    0,   -9,   -1,    0,    0,    0,    0,    4,    0,    0,    0,  -24,   -6,    2,   -5,   -5,    4,    4,  -11,   -4,   -4,  -16,   -4,    3,    0,  -22,   -9,    0,   -1,    4,   -4,    0,    0,    0,    0,   -4,    0,    0,    4,   -5,    4,   -4,    0,    0,    0,    0,    8,    0,    0,    0,    0,    0,    7,    0,    0,  -34,    0,   -9,    0,    0,   -1,    0,   -4,    0,    0,    0,    0,    0,    0,    0,    0,    0,    0,    0,    0,    0,    0,    0,    0,    0,    0,    0,    0,    0,    0,    0,    0,    0,    0,    0,    0,    0,    0,    0,    0,    0,    0,    0,    0,    0,    0,    0,    0,    0,    0,    0,    1,    0,    0,    4,    0,  -21,    0,
       0,  -25,    0,    0,    0,   -1,  -20,    0,    0,    0,    0,    0,    0,    0,  -12,   -1,   -4,   -4,    0,   -4,    0,    0,    0,    0,   -8,   -1,   -4,  -12,   -1,    0,  -11,  -20,  -24,  -16,  -20,  -20,    0,  -12,    8,    0,   -8,   -4,    0,    0,   -4,   -4,   -4,   -4,   -4,   -8,   -4,  -13,    0,  -12,    0,    0,    0,    0,    0,  -12,   -9,   -4,    0,  -17,    0,  -16,   -4,    0,  -13,    0,    0,   -4,   -4,   -4,    0,   -4,    0,    0,    0,    0,    0,    0,    0,    0,    0,    0,    0,    0,    0,    0,    0,    0,    0,    0,    0,    0,    0,    0,    0,    0,    0,    0,    0,    0,    0,    0,    0,    0,    0,    0,    0,    0,    0,    0,    0,    0,    0,    0,    0,  -12,   -6,    0,  -20,    0,    0,    0,
       0,   -1,    0,    0,    0,   -4,    0,    0,    0,    0,    0,   -4,   -8,   -4,    0,    0,   -6,   -4,   -4,   -4,    0,    0,    0,    0,   -4,   -6,    0,    0,    0,   -4,   -4,   -4,   -4,    0,  -11,   -4,   -4,    0,   -4,    0,   -4,   -6,   -4,    0,   -4,   -4,   -7,   -7,   -7,  -10,   -7,  -15,   -4,  -12,   -7,    0,    0,    0,    0,    0,   -4,    1,    0,   -4,    0,    0,    0,    0,   -8,    0,    0,   -4,   -4,   -6,    0,   -7,    0,    0,    0,    0,    0,    0,    0,    0,    0,    0,    0,    0,    0,    0,    0,    0,    0,    0,    0,    0,    0,    0,    0,    0,    0,    0,    0,    0,    0,    0,    0,    0,    0,    0,    0,    0,    0,    0,    0,    0,    0,    0,    0,    0,   -4,    0,    0,    0,    0,    0,
       0,    7,    0,    0,    0,   -4,    0,    0,  -29,  -13,    0,    0,    0,    0,  -17,   -1,   -1,    6,    0,    0,    0,    0,    0,   -6,  -17,    0,    0,    0,    0,    0,    4,    0,    7,    7,   -4,   10,    0,    0,  -14,  -22,    0,  -17,    0,  -20,   -1,   -8,  -12,  -12,  -16,    0,  -12,  -12,  -14,  -12,  -12,    0,    0,    0,    0,    8,  -22,  -13,    0,    7,    0,   -8,   -8,    0,  -22,    0,  -22,   -1,    8,  -17,    0,  -16,    0,    0,    0,    0,    0,    0,    0,    0,    0,    0,    0,    0,    0,    0,    0,    0,    0,    0,    0,    0,    0,    0,    0,    0,    0,    0,    0,    0,    0,    0,    0,    0,    0,    0,    0,    0,    0,    0,    0,    0,    0,    0,    0,    8,    0,    0,    0,    0,  -21,    0,
       0,    0,    0,    0,    0,    0,    0,    0,  -22,  -12,    0,   -4,   -4,   -8,  -12,   -8,   -8,    0,    0,    0,   -1,    0,    0,    0,  -10,    0,    0,    0,   -4,    0,    0,    0,   -4,   -4,  -14,    0,    0,    0,  -21,  -16,    0,  -12,   -4,  -12,   -4,   -4,  -11,  -11,  -16,  -10,  -12,   -6,  -14,  -12,   -8,    0,    0,    0,    0,    0,  -19,    0,    0,    0,    0,    0,  -14,    0,  -33,   -1,  -16,   -4,    0,  -12,    0,  -16,    0,    0,    0,    0,    0,    0,    0,    0,    0,    0,    0,    0,    0,    0,    0,    0,    0,    0,    0,    0,    0,    0,    0,    0,    0,    0,    0,    0,    0,    0,    0,    0,    0,    0,    0,    0,    0,    0,    0,    0,    0,    0,    0,    0,    0,    0,    0,    0,   -8,    0,
       0,    4,    0,    0,    0,    0,    0,    0,  -36,  -16,    0,   -1,    0,    0,  -17,   -8,   -8,   10,    0,    0,   -4,    0,    0,   -4,  -30,    0,   -4,    0,    0,    0,    7,   -4,    0,    0,   -4,   -4,    0,    8,  -34,  -24,    7,  -16,    0,  -20,   -1,   -1,  -12,  -12,  -16,  -10,  -12,  -12,  -20,  -15,  -16,    0,    0,    0,    0,    4,  -20,  -10,    0,    4,    0,   -4,  -20,    0,  -46,    0,  -24,   -2,   13,  -16,    0,  -16,    0,    0,    0,    0,    0,    0,    0,    0,    0,    0,    0,    0,    0,    0,    0,    0,    0,    0,    0,    0,    0,    0,    0,    0,    0,    0,    0,    0,    0,    0,    0,    0,    0,    0,    0,    0,    0,    0,    0,    0,    0,    0,    0,    8,    0,    0,    0,    0,  -29,    0,
       0,    4,    0,    0,    0,    0,    0,    0,  -21,  -16,    0,   -1,    0,    0,  -14,   -1,   -8,    0,    0,    0,   -3,    0,    0,   -5,  -24,    0,    0,    0,    0,    0,    7,   -4,    0,    0,   -4,    0,    0,    8,  -34,  -20,    0,  -13,    0,  -13,    0,    0,   -8,  -12,  -20,   -8,  -12,   -8,  -13,   -8,   -8,    0,    0,    0,    0,    0,  -20,   -4,    0,    0,    0,   -5,  -16,    0,  -46,    0,  -20,   -1,   12,  -13,    0,  -20,    0,    0,    0,    0,    0,    0,    0,    0,    0,    0,    0,    0,    0,    0,    0,    0,    0,    0,    0,    0,    0,    0,    0,    0,    0,    0,    0,    0,    0,    0,    0,    0,    0,    0,    0,    0,    0,    0,    0,    0,    0,    0,    0,    1,    7,    0,    0,    0,  -26,    0,
       0,    0,    0,    0,    0,    0,   -4,    0,    0,    0,    0,    0,    0,   -1,  -12,   -1,   -8,    0,   -4,   -4,    0,    0,    0,    0,    0,    0,  -12,   -1,    0,   -4,   -4,  -13,   -4,    0,    0,   -1,    0,    0,    0,   -8,    0,  -12,   -1,    0,   -8,   -8,   -7,   -7,   -8,  -12,  -11,  -20,   -1,  -18,    0,    0,    0,    0,    0,    0,  -16,  -15,    0,    0,    0,  -30,   -4,    0,    0,    0,   -8,   -8,   -3,  -12,    0,   -8,    0,    0,    0,    0,    0,    0,    0,    0,    0,    0,    0,    0,    0,    0,    0,    0,    0,    0,    0,    0,    0,    0,    0,    0,    0,    0,    0,    0,    0,    0,    0,    0,    0,    0,    0,    0,    0,    0,    0,    0,    0,    0,    0,   -4,   -4,    0,    0,    0,    7,    0,
       0,    7,    0,    0,    0,    0,    0,    0,  -24,  -16,   -1,    0,    0,   -4,  -21,   -4,   -8,    7,    0,    0,  -11,    0,    0,   -5,  -16,    0,   -4,    0,    0,    4,   11,    0,    0,    0,    0,    0,    0,   16,  -16,  -20,    0,  -17,    0,  -20,    0,   -2,  -12,  -12,  -20,   -7,  -19,  -16,  -14,  -16,  -16,    0,    0,    0,    0,    1,  -28,  -12,    0,    0,    0,  -12,  -12,    0,  -32,    0,  -20,    6,    9,  -17,    0,  -20,    0,    0,    0,    0,    0,    0,    0,    0,    0,    0,    0,    0,    0,    0,    0,    0,    0,    0,    0,    0,    0,    0,    0,    0,    0,    0,    0,    0,    0,    0,    0,    0,    0,    0,    0,    0,    0,    0,    0,    0,    0,    0,    0,    1,    0,    0,    0,    0,  -12,    0,
       0,    0,    0,    0,    0,    0,    0,    0,    0,    0,    0,    0,    0,    0,    0,    0,    0,    0,    0,    0,    0,    0,    0,    0,    0,    0,    0,    0,    0,    0,   -4,    0,    0,    0,    0,    0,    0,    0,    0,    0,    0,    0,    0,    0,    0,    0,    0,    0,    0,    0,    0,   -8,    0,   -8,    0,    0,    0,    0,    0,   -4,    0,    0,    0,    0,    0,   -8,    0,    0,    0,    0,    0,    0,    4,    0,    0,    0,    0,    0,    0,    0,    0,    0,    0,    0,    0,    0,    0,    0,    0,    0,    0,    0,    0,    0,    0,    0,    0,    0,    0,    0,    0,    0,    0,    0,    0,    0,    0,    0,    0,    0,    0,    0,    0,    0,    0,    0,    0,    0,    0,   -4,   -4,    0,    0,    0,    0,    0,
       0,  -28,    0,    0,    0,    0,    0,    0,    0,    0,   -8,    0,    0,    0,  -12,   -8,    0,  -16,    0,   -8,    0,    0,    0,    0,    0,    0,   -8,   18,    0,    0,  -32,  -25,  -26,  -22,    0,  -28,    0,  -26,    0,    0,    0,    0,   44,   10,    0,   22,    0,    8,    0,    0,    0,   -6,   -1,   22,    0,    0,    0,    0,    0,    0,    0,   -9,    0,    0,    0,  -16,    0,    0,    0,   40,    0,    0,    0,    0,    7,    0,    0,  -32,   -8,    0,   18,    0,    0,    0,    0,    0,    0,    0,    0,    0,    0,    0,    0,    0,    0,    0,   -1,    0,    0,    0,    0,    8,   22,   -1,    0,    0,    0,    0,    0,    0,    0,   22,    0,  -26,   -6,    0,    0,  -28,    0,  -32,  -32,    0,    0,    0,    0,    0,
       0,    0,    0,    0,    0,    0,    0,    0,    0,    0,  -16,    0,    0,   -9,  -28,   -8,    0,   -8,    0,   -9,    0,    0,    0,    0,    0,    0,  -22,    2,    0,   -1,  -22,  -33,  -34,  -38,    0,  -32,    0,    0,    0,   -8,  -16,   -8,    9,    0,  -16,    0,   -5,    0,  -15,  -12,  -16,  -34,   -1,    4,    0,    0,    0,    0,    0,    0,    0,    0,    0,    0,    0,    0,    0,    0,    0,    2,   -8,  -16,  -16,   -8,    0,  -15,    0,  -22,  -22,   -1,    2,    0,    0,    0,    0,    0,    0,    0,    0,    0,    0,   -8,    0,    0,    0,   -8,   -1,    0,  -16,   -5,    0,    0,    4,   -1,    0,    0,    0,  -16,  -15,  -16,  -16,    0,    0,  -34,  -34,    0,    0,  -32,    0,    0,    0,    0,    0,    0,    0,    0,
       0,  -19,    0,    0,    0,    0,    0,    0,    2,    7,    0,    0,    0,    0,    0,    0,    0,    0,    0,    0,    1,    0,    0,    0,    1,    0,    1,    1,    0,    0,  -10,   -7,  -11,  -10,    0,  -12,    1,    0,    0,    0,    0,    0,    0,    0,    0,    0,    0,    0,   -2,   -2,    0,   -8,    0,   -8,    0,    0,    0,    0,    0,    0,    0,    0,    0,   -7,    0,    0,    0,    0,    0,   -4,    0,    0,    0,    0,   -4,   -2,    0,    0,    0,    0,    0,    0,    0,    0,    0,    0,    0,    0,    0,    0,    0,    0,    0,    0,    0,    0,    0,    0,    0,    0,    0,    0,    0,    0,    0,    0,    0,    0,    0,    0,    0,    0,    0,    0,    0,    0,    0,    0,    0,  -22,  -18,    0,    0,    0,   12,    0,
       0,   -4,    0,    0,    0,    0,   -8,    0,    0,    0,    0,    0,    0,    0,    0,    0,    0,    0,    0,    0,    0,    0,    0,    0,   -1,    0,    8,    0,    0,    0,   -7,    0,   -8,   -4,   -6,  -12,    0,    0,   -7,   -1,    0,    4,    0,    0,    0,    0,    0,    0,   -4,    0,    0,    0,   -2,    0,   -4,    0,    0,    0,    0,    0,    7,   12,    0,    0,    0,    0,    0,    0,   -2,   -5,   -1,    0,    0,    4,   -6,   -4,    0,    0,    0,    0,    0,    0,    0,    0,    0,    0,    0,    0,    0,    0,    0,    0,    0,    0,    0,    0,    0,    0,    0,    0,    0,    0,    0,    0,    0,    0,    0,    0,    0,    0,    0,    0,    0,    0,    0,    0,    0,    0,    0,  -12,   -8,    0,    0,    0,    0,    0,
       0,    0,    0,    0,    0,    0,    0,    0,    0,    0,    0,    0,    0,    0,    0,    0,    0,    0,    0,    0,    0,    0,    0,    0,    0,   -4,    4,    0,   -4,    0,  -12,   -4,   -8,   -8,    0,  -14,    0,    0,    0,   -1,   -8,   -4,    0,    0,    0,    0,    0,    0,   -4,    0,    0,    0,   -5,    0,   -4,    0,    0,    0,    0,    0,    0,    0,    0,    0,    0,    0,    0,    0,    0,   -8,   -1,    0,    0,   -4,  -12,   -4,    0,    0,    0,    0,    0,    0,    0,    0,    0,    0,    0,    0,    0,    0,    0,    0,    0,    0,    0,    0,    0,    0,    0,    0,    0,    0,    0,    0,    0,    0,    0,    0,    0,    0,    0,    0,    0,    0,    0,    0,    0,    0,    0,   -1,    0,    0,   -4,    0,    4,    0,
       0,   -7,    0,    0,    0,    0,    0,    0,    0,    0,    0,    0,    0,    0,    0,    0,    0,    0,    0,    0,    0,    0,    0,    0,    0,    0,    1,    0,    0,    4,   -6,   -2,    0,    0,    0,   -4,    1,    0,    0,    0,    0,    0,    0,    0,    0,    0,    0,    0,   -2,   -4,   -2,   -6,    0,   -4,    0,    0,    0,    0,    0,   -7,    0,    0,    0,    0,    0,    0,    0,    0,    0,    0,    0,    0,    0,    0,   -4,   -2,    0,    0,    0,    0,    0,    0,    0,    0,    0,    0,    0,    0,    0,    0,    0,    0,    0,    0,    0,    0,    0,    0,    0,    0,    0,    0,    0,    0,    0,    0,    0,    0,    0,    0,    0,    0,    0,    0,    0,    0,    0,    0,    0,    0,    0,    0,   -7,    0,   16,    0,
       0,   -1,    0,    0,    0,    0,  -12,    0,    0,    0,    0,    0,    0,    0,    0,    0,    0,    0,    0,    0,    0,    0,    0,    0,   -1,    0,    4,    0,    0,    0,  -12,    0,  -10,   -8,  -12,  -12,    0,    0,    0,   -2,   -4,    0,    0,    0,    0,    0,    0,    0,   -1,    0,    0,    0,   -1,    0,    0,    0,    0,    0,    0,    0,    0,    8,    0,    0,    0,    0,    0,    0,   -1,  -10,   -2,    0,    0,    0,   -8,   -1,    0,    0,    0,    0,    0,    0,    0,    0,    0,    0,    0,    0,    0,    0,    0,    0,    0,    0,    0,    0,    0,    0,    0,    0,    0,    0,    0,    0,    0,    0,    0,    0,    0,    0,    0,    0,    0,    0,    0,    0,    0,    0,    0,  -12,   -1,    0,    0,    0,    0,    0,
      20,   28,    0,    0,    0,   30,   17,    0,  -20,    0,   14,   15,   10,   11,   -1,   10,    0,   24,    8,   12,    0,    0,   16,    0,   -4,    8,   12,    8,    8,   10,   21,    8,   15,   15,    8,   12,   12,   38,  -14,   -8,    2,   -1,    4,   -1,   12,   10,    4,    0,   -1,    0,    0,    0,   -2,    4,    0,   32,    0,    0,    0,   30,    0,    7,   24,   32,    0,    0,    0,    0,    0,    0,  -15,   25,   20,    5,    0,   -1,    0,    0,    0,    0,    0,    0,    0,    0,    0,    0,    0,    0,    0,    0,    0,    0,    0,    0,    0,    0,    0,    0,    0,    0,    0,    0,    0,    0,    0,    0,    0,    0,    0,    0,    0,    0,    0,    0,    0,    0,    0,    0,    0,   32,   24,   15,   31,   27,    0,    0,
       0,    0,    0,    0,    0,    0,    0,    0,    1,   19,    0,    0,    0,    0,    0,    0,    0,    0,    0,    0,    0,    0,    0,    0,    0,    0,    5,   18,    0,   -2,   -3,   -7,   -7,   -4,    0,   -7,    1,    0,    0,   -9,   -4,   -6,    8,   -2,    0,    0,    0,    0,   -5,    0,    0,    0,   -5,    0,   -4,    0,    0,    0,    0,    0,    0,    0,    0,    0,    0,    0,    0,    0,    0,    0,   -9,    0,    0,   -6,    0,   -5,    0,    0,    0,    0,    0,    0,    0,    0,    0,    0,    0,    0,    0,    0,    0,    0,    0,    0,    0,    0,    0,    0,    0,    0,    0,    0,    0,    0,    0,    0,    0,    0,    0,    0,    0,    0,    0,    0,    0,    0,    0,    0,    0,    4,    0,    0,    0,    0,    8,    0,
       0,  -23,    0,    0,    0,    0,  -23,    0,    0,    0,    0,    0,    0,    0,    0,    0,    0,    0,    0,    0,    0,    0,    0,    0,    4,    0,    0,    0,    0,    0,  -18,  -14,  -19,  -18,    0,  -15,    1,   -1,    0,    0,    0,    0,   -4,    0,    0,    0,    0,    0,   -4,   -2,    0,   -6,    0,   -2,    0,    0,    0,    0,    0,  -22,    0,    1,    0,  -26,    0,    0,    0,    0,    0,   -4,    0,    0,    0,    0,   -4,   -4,    0,    0,    0,    0,    0,    0,    0,    0,    0,    0,    0,    0,    0,    0,    0,    0,    0,    0,    0,    0,    0,    0,    0,    0,    0,    0,    0,    0,    0,    0,    0,    0,    0,    0,    0,    0,    0,    0,    0,    0,    0,    0,    0,  -31,  -23,  -10,  -26,    0,   12,    0,
       0,   -8,    0,    0,    0,    0,  -15,    0,    1,    8,    0,    0,    0,    0,    0,    0,    0,    0,    0,    0,    0,    0,    0,    0,    8,    0,    4,    1,    1,    1,    0,   -4,   -4,   -4,    1,    0,    4,    0,    1,    0,    0,    0,    0,    0,    0,   -4,    0,    0,    0,    0,    0,   -4,    2,    0,    0,    8,    0,    0,    0,    0,    0,    1,    0,    0,    0,    0,    0,    0,    0,   -8,    0,    0,    0,    0,   -4,    0,    0,    0,    0,    0,    0,    0,    0,    0,    0,    0,    0,    0,    0,    0,    0,    0,    0,    0,    0,    0,    0,    0,    0,    0,    0,    0,    0,    0,    0,    0,    0,    0,    0,    0,    0,    0,    0,    0,    0,    0,    0,    0,    0,   -9,  -11,    0,    0,    0,   20,    0,
       0,    0,    0,    0,    0,    0,    0,    0,    0,    0,    0,    0,    0,    0,    0,    0,    0,    0,    0,    0,    0,    0,    0,    0,    0,    0,   10,    8,    0,    4,    0,    0,    4,    4,    0,    4,    0,    0,    0,   -1,    0,   -1,    4,    0,    0,    0,    0,    0,   -2,    0,    0,    0,   -1,    0,    0,    0,    0,    0,    0,    0,    0,    1,    0,    0,    0,    0,    0,    0,    0,    0,   -1,    0,    0,   -1,    0,   -2,    0,    0,    0,    0,    0,    0,    0,    0,    0,    0,    0,    0,    0,    0,    0,    0,    0,    0,    0,    0,    0,    0,    0,    0,    0,    0,    0,    0,    0,    0,    0,    0,    0,    0,    0,    0,    0,    0,    0,    0,    0,    0,    0,   -4,    0,    0,    0,    0,    0,    0,
       0,   -5,    0,    0,    0,    0,    0,    0,    0,   14,    0,    0,    0,    0,    0,    0,    0,    0,    0,    0,    0,    0,    0,    0,    0,    1,    0,    1,    0,    0,   -4,   -4,   -8,   -1,    0,   -8,    1,    0,    7,    0,   -1,   -4,    0,    0,    0,    0,    0,    0,   -4,    0,    0,    0,    6,    0,    0,    0,    0,    0,    0,   -1,    0,    0,    0,    0,    0,    0,    0,    0,    0,    0,    0,    0,    0,   -4,   -4,   -4,    0,    0,    0,    0,    0,    0,    0,    0,    0,    0,    0,    0,    0,    0,    0,    0,    0,    0,    0,    0,    0,    0,    0,    0,    0,    0,    0,    0,    0,    0,    0,    0,    0,    0,    0,    0,    0,    0,    0,    0,    0,    0,    0,   -1,   -8,    0,   -8,    0,    2,    0,
       0,  -12,    0,    0,    0,    0,    0,    0,    0,    4,    0,    0,    0,    0,    0,    0,    0,    0,    0,    0,    0,    0,    0,    0,    0,    0,    0,    0,    0,    0,  -12,    0,  -16,  -11,   -8,  -20,    0,    0,    0,    0,   -6,    0,   -1,    0,    0,    0,    0,    0,    0,    0,    0,    0,   -1,   -4,    0,    0,    0,    0,    0,    0,    0,    8,    0,   -1,    0,    0,    0,    0,    0,  -10,    0,    0,    0,    0,   -4,    0,    0,    0,    0,    0,    0,    0,    0,    0,    0,    0,    0,    0,    0,    0,    0,    0,    0,    0,    0,    0,    0,    0,    0,    0,    0,    0,    0,    0,    0,    0,    0,    0,    0,    0,    0,    0,    0,    0,    0,    0,    0,    0,    0,  -27,  -24,    0,   -1,    0,    0,    0,
       0,    0,    0,    0,    0,    0,    0,    0,    0,    0,    0,    0,    0,    0,    0,    0,    0,    0,    0,    0,    0,    0,    0,    0,    0,   -6,    1,    1,    0,    0,  -14,  -10,  -10,  -10,    0,  -15,    0,    0,    0,   -4,   -4,    0,    0,    0,    0,    4,    0,    0,   -6,    0,    0,   -1,   -2,    4,    0,    0,    0,    0,    0,    0,    0,    1,    0,    0,    0,    0,    0,    0,    0,    0,   -4,    0,    0,    0,    0,   -6,    0,    0,    0,    0,    0,    0,    0,    0,    0,    0,    0,    0,    0,    0,    0,    0,    0,    0,    0,    0,    0,    0,    0,    0,    0,    0,    0,    0,    0,    0,    0,    0,    0,    0,    0,    0,    0,    0,    0,    0,    0,    0,    0,    0,    0,    0,   -4,    0,    0,    0,
       0,    0,    0,    0,    0,    0,    0,    0,  -28,   -4,    0,    0,    0,    0,    0,    0,    0,    0,    0,    0,    0,    0,    0,    0,  -13,   -8,    8,  -12,   -5,    0,   -7,   -8,   -8,  -12,  -20,  -12,    0,   -7,  -34,  -20,   -8,  -10,    0,   -8,    0,    0,    0,    0,  -10,    0,    0,    0,  -11,    4,   -6,    0,    0,    0,    0,    0,   -1,    0,    0,    0,    0,    0,    0,    0,    0,  -14,  -20,    0,    0,  -10,  -10,  -10,    0,    0,    0,    0,    0,    0,    0,    0,    0,    0,    0,    0,    0,    0,    0,    0,    0,    0,    0,    0,    0,    0,    0,    0,    0,    0,    0,    0,    0,    0,    0,    0,    0,    0,    0,    0,    0,    0,    0,    0,    0,    0,    0,    0,    0,    0,    0,    0,  -14,    0,
       0,   -5,    0,    0,    0,    0,   -1,    0,    1,    7,    0,    0,    0,    0,    0,    0,    0,    0,    0,    0,    0,    0,    4,    0,    8,    0,    8,    0,    4,    4,   -9,    0,   -8,   -8,    0,   -8,    0,    0,    4,    0,   -4,    0,    0,    4,    0,    0,    0,    0,    0,    0,    0,    2,    0,    0,    0,    0,    0,    0,    0,    0,    0,    1,    0,   -1,    0,    0,    0,    0,    0,   -8,    0,    0,    0,    0,   -4,    0,    0,    0,    0,    0,    0,    0,    0,    0,    0,    0,    0,    0,    0,    0,    0,    0,    0,    0,    0,    0,    0,    0,    0,    0,    0,    0,    0,    0,    0,    0,    0,    0,    0,    0,    0,    0,    0,    0,    0,    0,    0,    0,    0,   -1,    2,    0,   -1,    0,    0,    0,
       4,    3,    0,    0,    0,    0,    0,    0,    0,    7,    0,    0,    0,    0,    0,    0,    0,    0,    0,    0,    0,    0,    4,    0,    0,    0,    8,    0,    0,    4,    0,    0,    0,    0,    0,    0,    0,    0,    0,   -1,    0,    0,    4,    3,    0,    0,    2,    0,    0,    0,    0,    0,   -1,    0,    0,    1,    0,    0,    0,    0,    0,    0,    0,    0,    0,    0,    0,    0,    0,    0,   -1,    0,    0,    0,   -4,    0,    0,    0,    0,    0,    0,    0,    0,    0,    0,    0,    0,    0,    0,    0,    0,    0,    0,    0,    0,    0,    0,    0,    0,    0,    0,    0,    0,    0,    0,    0,    0,    0,    0,    0,    0,    0,    0,    0,    0,    0,    0,    0,    0,    0,    0,    0,    0,    0,    2,    0,
       0,  -15,    0,    0,    0,    0,  -26,    0,    1,    7,    0,    0,    0,    0,    0,    0,    0,    0,    0,    0,    0,    0,    0,    0,    7,    0,    0,    0,    0,    4,  -12,   -6,  -12,  -12,    0,  -16,    0,    0,    7,    0,   -8,    0,    0,    0,    0,    0,    0,    0,   -4,    0,    0,   -8,    4,   -4,    0,    0,    0,    0,    0,  -11,    0,    1,    0,  -18,    0,    0,    0,    0,    0,   -8,    0,    0,    0,    0,    0,   -4,    0,    0,    0,    0,    0,    0,    0,    0,    0,    0,    0,    0,    0,    0,    0,    0,    0,    0,    0,    0,    0,    0,    0,    0,    0,    0,    0,    0,    0,    0,    0,    0,    0,    0,    0,    0,    0,    0,    0,    0,    0,    0,    0,  -18,  -15,    0,  -18,    0,    2,    0,
       0,    0,    0,    0,    0,    0,    0,    0,   -8,    0,    0,    0,    0,    0,    0,    0,    0,    0,    0,    0,    0,    0,    0,    0,  -13,    0,    8,   -1,   -2,    0,   -1,    0,   -6,   -1,  -13,  -12,    0,   -1,  -12,   -4,   -1,    0,    0,   -1,    0,    0,    0,    0,   -4,    0,    0,    3,   -1,    0,    0,    0,    0,    0,    0,    0,    0,    1,    0,    0,    0,    0,    0,    0,    0,   -1,   -4,    0,    0,    0,   -4,   -4,    0,    0,    0,    0,    0,    0,    0,    0,    0,    0,    0,    0,    0,    0,    0,    0,    0,    0,    0,    0,    0,    0,    0,    0,    0,    0,    0,    0,    0,    0,    0,    0,    0,    0,    0,    0,    0,    0,    0,    0,    0,    0,    0,   -8,   -1,    0,    0,    0,  -12,    0,
       0,    0,    0,    0,    0,    0,    0,    0,    0,    7,    0,    0,    0,    0,    0,    0,    0,    0,    0,    0,    0,    0,    0,    0,    7,    0,    8,    0,    0,    0,   -4,    0,   -4,    0,    0,   -9,    4,    0,    0,    0,   -2,    0,    4,    0,    0,    0,    0,    0,    0,    0,    0,    4,    1,    4,    0,    0,    0,    0,    0,    0,    0,    0,    0,    0,    0,    0,    0,    0,    0,    0,    0,    0,    0,    0,   -4,    0,    0,    0,    0,    0,    0,    0,    0,    0,    0,    0,    0,    0,    0,    0,    0,    0,    0,    0,    0,    0,    0,    0,    0,    0,    0,    0,    0,    0,    0,    0,    0,    0,    0,    0,    0,    0,    0,    0,    0,    0,    0,    0,    0,    0,    0,    0,    0,    0,    0,    0,
       0,    0,    0,    0,    0,    0,   -1,    0,    4,    0,    0,    0,    0,    0,    0,    0,    0,    0,    0,    0,    0,    0,    0,    0,    0,    0,    0,    0,    0,    4,   -7,    0,   -8,   -4,    0,  -10,    0,    0,    0,    0,   -4,    0,    2,   -1,    0,    0,    0,    0,   -1,    0,    0,    0,   -1,    0,    0,    0,    0,    0,    0,    0,    0,    0,    0,    0,    0,    0,    0,    0,    0,   -7,    0,    0,    0,    0,   -4,   -1,    0,    0,    0,    0,    0,    0,    0,    0,    0,    0,    0,    0,    0,    0,    0,    0,    0,    0,    0,    0,    0,    0,    0,    0,    0,    0,    0,    0,    0,    0,    0,    0,    0,    0,    0,    0,    0,    0,    0,    0,    0,    0,    0,    0,   -7,    0,   -4,    0,    0,    0,
       0,    0,    0,    0,    0,    0,    0,    0,    0,    0,    0,    0,    0,    0,    0,    0,    0,    0,    0,    0,    0,    0,    0,    0,    0,    0,    0,    9,    0,    0,    0,    0,    0,    0,    0,    0,    0,    0,    0,    0,    0,    0,   28,    0,    0,    1,    0,    8,    0,    0,    0,    0,    0,    1,    0,    0,    0,    0,    0,    0,    0,    0,    0,    0,    0,    0,    0,    0,    0,   28,    0,    0,    0,    0,    8,    0,    0,    0,    0,    0,    9,    0,    0,    0,    0,    0,    0,    0,    0,    0,    0,    0,    0,    0,    0,    0,    0,    0,    0,    0,    0,    8,    1,    0,    0,    0,    0,    0,    0,    0,    0,    1,    0,    0,    0,    0,    0,    0,    0,    0,    0,    0,    0,    0,    0,    0,
       0,    0,    0,    0,    0,    0,    0,    0,    0,    0,    0,    0,    0,    0,    0,    0,    0,    0,    0,    0,    0,    0,    0,    0,    0,    0,    0,    4,    0,    0,   -8,  -12,  -14,  -14,   -4,  -18,    0,    0,    0,   -8,   -1,   -1,   17,    0,    0,    0,    0,    0,    0,    0,    0,    0,   -1,    0,    0,    0,    0,    0,    0,    0,    0,    0,    0,    0,    0,    0,    0,    0,    0,    0,   -8,    0,    0,   -1,    0,    0,    0,    0,    0,    0,    0,    0,    0,    0,    0,    0,    0,    0,    0,    0,    0,    0,    0,    0,    0,    0,    0,    0,    0,    0,    0,    0,    0,    0,    0,    0,    0,    0,    0,    0,    0,    0,    0,    0,    0,    0,    0,    0,    0,    0,    0,    0,    0,    0,    0,    0,
       0,    0,    0,    0,    0,    0,    0,    0,    0,    0,    0,  -10,    0,   -4,    0,    0,    0,   -7,    0,    0,    0,    0,    0,    0,    0,    0,    0,    0,    0,    0,    0,    0,    0,    0,    0,    0,    0,    0,    0,    0,    0,    0,    0,    0,    0,    0,    0,    0,    0,    0,    0,    0,    0,    0,    0,    0,    0,    0,    0,    0,    0,    0,    0,    0,    0,    0,    0,    0,    0,    0,    0,    0,    0,    0,    0,    0,    0,    0,    0,    0,    0,    0,    0,    0,    0,    0,    0,    0,    0,    0,    0,    0,    0,    0,    0,    0,    0,    0,    0,    0,    0,    0,    0,    0,    0,    0,    0,    0,    0,    0,    0,    0,    0,    0,    0,    0,    0,    0,    0,    0,    0,    0,    0,    0,    0,    0,
       0,    0,    0,    0,    0,    0,    0,    0,    0,    0,    0,    0,    0,    0,    0,    0,    0,    0,    0,    0,    0,    0,    0,    0,    0,    0,   12,    0,    0,    0,    0,    0,    0,    0,    0,    0,    0,    0,    0,    0,    0,    0,    0,    0,    0,    0,    0,    0,    0,    0,    0,    0,    0,    0,    0,    0,    0,    0,    0,    0,    0,    0,    0,    0,    0,    0,    0,    0,    0,    0,    0,    0,    0,    0,    0,    0,    0,    0,   12,    0,    0,    0,    0,    0,    0,    0,    0,    0,    0,    0,    0,    0,    0,    0,    0,    0,    0,    0,    0,    0,    0,    0,    0,    0,    0,    0,    0,    0,    0,    0,    0,    0,    0,    0,    0,    0,    0,    0,    0,    0,    0,    0,    0,    0,    0,    0,
       0,    0,    0,    0,    0,  -16,    0,    0,   -7,    0,    0,    0,    0,    0,    0,    0,    0,    0,    0,    0,    0,    0,   -1,    0,    0,    0,    0,    0,    0,    0,   -8,  -14,  -18,  -16,    0,  -16,    0,    0,    0,   -1,   -1,   -1,    0,    0,    0,    0,    0,    0,    0,    0,    0,    0,   -1,    0,    0,    0,    0,    0,    0,    0,  -33,  -18,    0,    0,    0,    0,    0,    0,    0,    0,   -1,    0,    0,   -1,    0,    0,    0,   -8,    0,    0,    0,    0,   -8,    0,    0,    0,    0,    0,    0,  -12,    0,   -1,    0,    0,    0,   -1,   -1,    0,    0,    0,    0,    0,    0,   -1,    0,    7,    0,   -1,    0,    0,    0,    0,    0,  -18,    0,    0,    0,  -16,    0,  -14,    0,    0,    0,    0,    0,    0,
       0,    0,    0,    0,    0,  -16,    0,    0,  -10,  -12,    0,  -18,  -18,  -11,    3,  -11,    0,  -30,    0,   -8,    0,    0,    0,    0,   -1,    0,    7,   -8,    0,    0,  -14,    0,  -12,   -8,  -20,  -20,    0,  -15,    0,    0,    0,    0,    0,    0,    0,    0,    0,    0,    0,    0,    0,   -1,   -2,    0,   -1,    0,    0,    0,    0,    0,    0,    0,    0,    0,    0,    0,  -18,  -22,   -6,    0,    0,    0,    0,    0,    0,    0,    0,  -14,    7,    0,   -8,   -2,  -13,   -1,   -2,  -20,    0,    0,    0,  -10,    0,    0,    0,    0,    0,    0,   -2,    0,    0,    0,   -1,    0,    0,   -2,    0,    7,    0,    0,    0,    0,    0,    0,   -2,  -12,   -1,    0,    0,  -20,   -6,    0,   -7,    0,    0,    0,    0,   -1,
       0,    0,    0,    0,    0,    0,    0,    0,    0,    0,    0,    0,    0,    0,    0,    0,    0,  -12,    0,    0,    0,    0,    0,    0,    0,    0,    0,    0,    0,    0,    0,    0,    0,    0,    0,    0,    0,    0,    0,    0,    0,    0,    0,    0,    0,    0,    0,    0,    0,    0,    0,    0,    0,    0,    0,    0,    0,    0,    0,    0,    0,    0,    0,    0,    0,    0,    0,    0,    0,    0,    0,    0,    0,    0,    0,    0,    0,    0,    0,    0,    0,    0,    0,    0,    0,    0,    0,    0,    0,    0,    0,    0,    0,    0,    0,    0,    0,    0,    0,    0,    0,    0,    0,    0,    0,    0,    0,    0,    0,    0,    0,    0,    0,    0,    0,    0,    0,    0,    0,    0,    0,    0,    0,    0,    0,    0,
       0,    0,    0,    0,    0,    0,   -1,    0,    1,    7,    0,    0,    0,    0,    0,    0,    0,    0,    0,    0,    0,    0,    0,    0,    0,    0,    0,    0,    0,    0,    0,    0,    0,    0,    0,    0,    0,    0,    0,    0,    0,    0,    0,    0,    0,    0,    0,    0,    0,    0,    0,    0,    0,    0,    0,    9,    0,    0,    0,    0,    0,    1,    0,    0,    0,    0,    0,    0,    0,    0,    0,    0,    0,    0,    0,    0,    0,    0,    0,    0,    0,    0,    0,    0,    0,    0,    0,    0,    0,    0,    0,    0,    0,    0,    0,    0,    0,    0,    0,    0,    0,    0,    0,    0,    0,    0,    0,    0,    0,    0,    0,    0,    0,    0,    0,    0,    0,    0,    0,   -4,    0,    0,    0,    0,   20,   11,
       0,    0,    0,    0,    0,  -24,    0,    0,    0,  -13,    0,  -29,  -26,  -22,   -7,  -14,    0,  -38,    0,   -7,    0,    0,    0,    0,  -11,    0,    8,   -7,    0,    0,   -8,    0,   -4,   -4,  -26,  -16,    0,  -14,    0,    0,    0,    0,    0,    0,    0,    0,    0,    0,    0,    0,    0,    0,    0,    0,    0,    0,    0,    0,    0,    0,    0,    0,    0,    0,    0,    0,    0,  -40,   -1,    0,    0,    0,    0,    0,    0,    0,    0,   -8,    8,    0,   -7,    0,    0,  -11,    0,  -26,    0,    0,    0,    0,    0,    0,    0,    0,    0,    0,    0,    0,    0,    0,    0,    0,    0,    0,    0,    0,    0,    0,    0,    0,    0,    0,    0,   -4,    0,    0,    0,  -16,   -1,    0,    0,    0,    0,    0,    0,  -11,
      -9,  -19,    0,    0,    0,  -18,    0,    0,  -18,  -10,    0,  -15,  -18,  -11,    0,    0,    0,  -20,    0,   -7,    0,    0,    0,    0,   -1,   -8,    4,  -12,   -6,    0,  -20,  -18,  -16,  -20,  -16,  -24,   -1,  -13,    0,    0,  -14,    0,    0,    0,    0,   -4,    0,    0,    0,    0,    0,   -1,   -1,   -1,   -1,    0,    0,    0,    0,    0,    0,    0,    0,    0,    0,    0,  -33,  -24,   -9,    0,    0,    0,    0,    0,    0,    0,   -8,  -20,    4,    0,  -12,   -2,  -16,   -1,   -2,  -16,    0,   -6,    0,  -20,   -7,    0,    0,    0,    0,    0,   -1,    0,    0,    0,   -7,    0,   -1,   -1,    0,    7,    0,  -14,    0,    0,    0,   -4,  -12,  -16,   -1,   -7,    0,  -24,   -9,  -26,  -24,    0,    0,    0,    0,   -1,
       0,    0,    0,    0,    0,    0,    0,    0,    0,    0,    0,    0,    0,    0,    0,    0,    0,   -1,    0,    0,    0,    0,    0,    0,   -1,    0,    0,    0,   -1,    0,  -12,  -19,  -16,   -8,  -11,  -16,    0,    0,    0,   -8,   -8,   -1,   14,    0,    0,    0,   -8,    0,   -4,    0,   -8,   -1,   -1,    7,    0,    0,    0,    0,    0,    0,    0,    0,    0,    0,    0,    0,    0,    0,  -10,    0,   -8,    0,    0,   -1,    0,   -4,    0,    0,    0,    0,    0,    0,    0,    0,    0,    0,    0,    0,    0,    0,    0,    0,    0,    0,    0,    0,    0,    0,    0,    0,    0,    0,    0,    0,    0,    0,    0,    0,    0,    0,    0,    0,    0,    0,    0,    0,    0,    0,    0,    0,    0,    0,    0,    0,    0,    0,
       0,  -12,    0,    0,    0,  -12,  -10,    0,  -27,  -13,    0,    0,   -1,   -1,    0,    0,    0,   -6,    0,    0,    0,    0,    0,    0,  -20,  -12,    4,  -12,   -9,    0,   -9,  -14,  -12,   -8,  -20,  -20,   -4,   -4,  -10,    0,   -4,    0,    0,    0,    0,    0,    0,    0,    0,    0,    0,    0,   -1,    0,    0,    0,    0,    0,    0,    0,    1,    8,    0,    0,    0,    0,    0,    0,  -28,    0,    0,    0,    0,    0,    0,    0,    0,    0,    0,    0,    0,    0,    0,    0,    0,    0,    0,    0,    0,    0,    0,    0,    0,    0,    0,    0,    0,    0,    0,    0,    0,    0,    0,    0,    0,    0,    0,    0,    0,    0,    0,    0,    0,    0,    0,    0,    0,    0,    0,  -12,   -2,    0,    0,    0,   -1,    0,
       0,   -4,    0,    0,    0,    0,   -1,    0,    0,    0,    0,    0,    0,    0,    0,    0,    0,    0,    0,    0,    0,    0,    0,    0,    0,    0,    0,    0,    0,    0,   -1,    0,    0,    0,    0,    0,    0,    0,    0,    4,    0,    0,   -1,    0,    0,    0,    0,    0,    0,   -4,    0,   -9,    0,   -5,    0,    0,    0,    0,    0,   -1,    0,    0,    0,    0,    0,    0,    0,    0,    0,    0,    4,    0,    0,    0,    0,    0,    0,    0,    0,    0,    0,    0,    0,    0,    0,    0,    0,    0,    0,    0,    0,    0,    0,    0,    0,    0,    0,    0,    0,    0,    0,    0,    0,    0,    0,    0,    0,    0,    0,    0,    0,    0,    0,    0,    0,    0,    0,    0,    0,   -2,   -1,    0,    0,    0,    1,    0,
       1,    1,    0,    0,    0,    0,    1,    0,    1,    7,    0,    0,    0,    0,    0,    0,    0,    0,    0,    0,    0,    0,    8,    0,    0,    1,    8,    1,    1,    6,    1,    1,    1,    1,    1,    1,    5,   14,    0,    0,    4,    0,    0,    0,    0,    0,    0,    0,    0,    0,    0,   -1,    0,    0,    0,    9,    0,    0,    0,    1,    0,    1,    0,    1,    0,    0,    0,    0,    0,    0,    0,    0,   13,    0,    0,    0,    0,    0,    0,    0,    0,    0,    0,    0,    0,    0,    0,    0,    0,    0,    0,    0,    0,    0,    0,    0,    0,    0,    0,    0,    0,    0,    0,    0,    0,    0,    0,    0,    0,    0,    0,    0,    0,    0,    0,    0,    0,    0,    0,    0,    1,    1,    1,    0,   12,    0,
       0,   -8,    0,    0,    0,    0,    0,    0,    0,    0,    0,    0,    0,    0,    0,    0,    0,    0,    0,    0,    0,    0,    0,    0,    0,    0,    0,    0,    0,    0,    0,    0,    0,   -4,    0,   -8,    0,    0,    0,    0,    0,    0,    0,    0,    0,    0,    0,    0,   -2,    0,    0,    0,   -1,    0,    0,    0,    0,    0,    0,    0,    0,    1,    0,    0,    0,    0,    0,    0,    0,    0,    0,    0,    0,    0,   -4,   -2,    0,    0,    0,    0,    0,    0,    0,    0,    0,    0,    0,    0,    0,    0,    0,    0,    0,    0,    0,    0,    0,    0,    0,    0,    0,    0,    0,    0,    0,    0,    0,    0,    0,    0,    0,    0,    0,    0,    0,    0,    0,    0,    0,   -8,   -1,    0,    0,    0,    0,    0,
       0,  -48,    0,    0,    0,  -11,  -53,    0,    0,    0,   -8,    0,   -1,  -12,  -15,   -8,  -12,  -12,  -12,   -9,    0,    0,    0,    0,    4,   -4,  -12,   -1,    0,   -2,  -26,  -24,  -36,  -30,    0,  -28,   -4,  -28,   -4,   -2,  -12,  -11,   -6,    0,  -16,  -20,  -10,  -12,   -8,  -16,  -16,  -29,   -1,  -43,    0,    0,    0,    0,  -16,  -44,  -16,   -8,    0,  -49,    0,  -24,   -4,    0,    0,   -9,   -2,  -16,  -16,  -11,   -8,   -8,    0,    0,    0,    0,    0,    0,    0,    0,    0,    0,    0,    0,    0,    0,    0,    0,    0,    0,    0,    0,    0,    0,    0,    0,    0,    0,    0,    0,    0,    0,    0,    0,    0,    0,    0,    0,    0,    0,    0,    0,    0,    0,    0,  -49,  -44,    0,  -44,    0,    0,    0,
       0,  -19,    0,    0,    0,    0,    0,    0,    2,    7,    0,    0,    0,    0,    0,    0,    0,    0,    0,    0,    1,    0,    0,    0,    1,    0,    1,    1,    0,    0,  -10,   -7,  -11,  -10,    0,  -12,    1,    0,    0,    0,    0,    0,    0,    8,    0,    6,    0,    0,   -2,   -2,    0,   -8,    0,   -8,    0,    0,    0,    0,    0,    0,    0,    0,    0,   -7,    0,    0,    0,    0,    0,   -4,    0,    0,    0,    0,   -4,   -2,    0,    0,    0,    0,    0,    0,    0,    0,    0,    0,    0,    0,    0,    0,    0,    0,    0,    0,    0,    0,    0,    0,    0,    0,    0,    0,    0,    0,    0,    0,    0,    0,    0,    0,    0,    0,    0,    0,    0,    0,    0,    0,    0,  -22,  -18,    0,    0,    0,   12,    0,
       6,   14,    0,    0,    0,   25,   21,    0,    0,    0,    0,    0,    0,    0,    0,    0,    0,    0,    0,    0,    0,    0,    6,    0,    0,    0,    0,    0,    0,    0,    0,    0,    0,    0,    0,    0,    0,    0,    0,    0,   26,    0,    9,    0,    9,    9,    0,    0,   -2,   -3,   -2,   -6,    0,   -4,    0,    0,    0,    0,    0,   -7,    0,    0,    0,    0,    0,    0,    0,    0,    0,    0,    0,    9,    0,    0,    0,    4,    0,    0,    0,    0,    0,    0,    0,    0,    0,    0,    0,    0,    0,    0,    0,    0,    0,    0,    0,    0,    0,    0,    0,    0,    0,    0,    0,    0,    0,    0,    0,    0,    0,    0,    0,    0,    0,    0,    0,    0,    0,    0,    0,   13,   14,    0,   -7,    0,   16,    0,
       0,   -8,    0,    0,    0,    0,  -15,    0,    1,    8,    0,    0,    0,    0,    0,    0,    0,    0,    0,    0,    0,    0,    0,    0,    8,    0,    4,    1,    1,    1,    0,   -4,   -4,   -4,    1,    0,    4,    0,    1,    0,    0,    0,    0,    8,    0,    0,    0,   10,    0,    0,    0,   -4,    2,    0,    0,    8,    0,    0,    0,    0,    0,    1,    0,    0,    0,    0,    0,    0,    0,   -8,    0,    0,    0,    0,   -4,    0,    0,    0,    0,    0,    0,    0,    0,    0,    0,    0,    0,    0,    0,    0,    0,    0,    0,    0,    0,    0,    0,    0,    0,    0,    0,    0,    0,    0,    0,    0,    0,    0,    0,    0,    0,    0,    0,    0,    0,    0,    0,    0,    0,   -9,  -11,    0,    0,    0,   20,    0,
       0,  -66,    0,    0,    0,  -12,  -51,    0,    0,    0,    0,    0,   -1,    0,   -7,    0,    0,   -1,    0,   -6,    0,    0,    0,    0,    4,   -7,   -8,  -16,   -4,   -7,  -39,  -38,  -34,  -28,   -1,  -26,   -6,  -28,    0,    0,    0,    0,    0,    0,    0,    0,    0,    0,    0,    0,   -4,  -14,   -1,  -13,    0,    0,    0,    0,    0,  -50,    0,    0,    0,  -49,    0,  -18,    0,    0,    4,    0,    0,    0,    0,    0,    0,    0,    0,    0,    0,    0,    0,    0,    0,    0,    0,    0,    0,    0,    0,    0,    0,    0,    0,    0,    0,    0,    0,    0,    0,    0,    0,    0,    0,    0,    0,    0,    0,    0,    0,    0,    0,    0,    0,    0,    0,    0,    0,    0,    0,  -62,  -69,    0,  -53,    0,    8,    0,
       0,   -7,    0,    0,    0,    0,    0,    0,    0,    0,    0,    0,    0,    0,    0,    0,    0,    0,    0,    0,    0,    0,    0,    0,    0,    0,    1,    0,    0,    4,   -6,   -2,    0,    0,    0,   -4,    1,    0,    0,    0,    0,    0,    0,    0,    0,    0,    0,    0,   -2,   -4,   -2,  -11,    0,   -8,    0,    0,    0,    0,    0,   -7,    0,    0,    0,    0,    0,    0,    0,    0,    0,    0,    0,    0,    0,    0,   -4,   -2,    0,    0,    0,    0,    0,    0,    0,    0,    0,    0,    0,    0,    0,    0,    0,    0,    0,    0,    0,    0,    0,    0,    0,    0,    0,    0,    0,    0,    0,    0,    0,    0,    0,    0,    0,    0,    0,    0,    0,    0,    0,    0,    0,    0,    0,    0,   -7,    0,   16,    0,
       8,    8,    0,    0,    0,   16,   12,    0,    0,    7,    0,    0,    0,    0,    0,    0,    0,    0,    0,    0,    0,    0,    8,    0,    0,    0,    8,    0,    0,    4,    0,    0,    0,    0,    0,    0,    0,    0,    0,   -1,   23,    0,    4,    3,    0,    0,    2,    0,    0,    0,    0,    0,   -1,    0,    0,    1,    0,    0,    0,    0,    0,    0,    0,    0,    0,    0,    0,    0,    0,    0,   -1,    0,    0,    0,   -4,    0,    0,    0,    0,    0,    0,    0,    0,    0,    0,    0,    0,    0,    0,    0,    0,    0,    0,    0,    0,    0,    0,    0,    0,    0,    0,    0,    0,    0,    0,    0,    0,    0,    0,    0,    0,    0,    0,    0,    0,    0,    0,    0,    0,    9,    8,    0,    0,    0,    2,    0,
       0,  -15,    0,    0,    0,    0,  -26,    0,    1,    7,    0,    0,    0,    0,    0,    0,    0,    0,    0,    0,    0,    0,    0,    0,    7,    0,    0,    0,    0,    4,  -12,   -6,  -12,  -12,    0,  -16,    0,    0,    7,    0,   -8,    0,    0,    0,    0,    6,    0,    0,   -4,    0,    0,   -8,    4,   -4,    0,    0,    0,    0,    0,  -11,    0,    1,    0,  -18,    0,    0,    0,    0,    0,   -8,    0,    0,    0,    0,    0,   -4,    0,    0,    0,    0,    0,    0,    0,    0,    0,    0,    0,    0,    0,    0,    0,    0,    0,    0,    0,    0,    0,    0,    0,    0,    0,    0,    0,    0,    0,    0,    0,    0,    0,    0,    0,    0,    0,    0,    0,    0,    0,    0,    0,  -18,  -15,    0,  -18,    0,    2,    0,
       4,  -12,    0,    0,    0,   -8,  -12,    0,   -7,    0,    4,    0,    0,   -4,    0,    0,    0,    0,    0,   -4,    0,    0,    0,    8,   -4,   -6,    4,   -4,   -4,    0,   -8,   -4,  -16,   -8,  -16,  -16,    0,    0,  -16,    4,    0,    0,    0,    0,    0,    0,    0,    0,    0,    0,    0,    0,   -1,    0,    0,    0,    0,    0,    1,    0,    4,    8,    0,    0,    0,    8,    0,    0,  -13,   -7,    4,    0,    0,    0,    0,    0,    0,    0,    0,    0,    0,    0,    0,    0,    0,    0,    0,    0,    0,    0,    0,    0,    0,    0,    0,    0,    0,    0,    0,    0,    0,    0,    0,    0,    0,    0,    0,    0,    0,    0,    0,    0,    0,    0,    0,    0,    0,    0,    0,   -4,   -8,    0,    0,    0,    0,    0,
       0,    0,    0,    0,    0,    0,    0,    0,    0,    0,    0,    0,    0,    0,    0,    0,    0,    0,    0,    0,    0,    0,    0,    0,    0,    0,    0,    0,    0,    0,    0,    0,    0,    0,    0,    0,    0,    0,    0,    0,    0,    0,    0,    0,    0,    0,    0,    0,    0,    0,    0,    0,   -1,    0,    0,    0,    0,    0,    0,    0,    0,    1,    0,    0,    0,    0,    0,    0,    0,    0,    0,    0,    0,    0,    0,    0,    0,    0,    0,    0,    0,    0,    0,    0,    0,    0,    0,    0,    0,    0,    0,    0,    0,    0,    0,    0,    0,    0,    0,    0,    0,    0,    0,    0,    0,    0,    0,    0,    0,    0,    0,    0,    0,    0,    0,    0,    0,    0,    0,    0,    0,    0,    0,    0,    0,    0,
       0,    0,    0,    0,    0,    0,    0,    0,  -22,  -12,    0,   -4,   -4,   -8,  -12,   -8,   -8,    0,    0,    0,   -1,    0,    0,    0,  -10,    0,    0,    0,    0,    0,    0,    0,    4,    4,   -7,    7,    0,    0,  -21,  -16,    4,  -12,   -4,  -12,   -4,   -4,  -11,  -11,  -16,  -10,  -12,   -6,  -14,  -12,   -8,    2,    0,    0,    0,    2,  -19,    0,    0,    1,    0,    0,  -14,    0,  -33,   -1,  -16,   -4,    0,  -12,    0,  -16,    0,    0,    0,    0,    0,    0,    0,    0,    0,    0,    0,    0,    0,    0,    0,    0,    0,    0,    0,    0,    0,    0,    0,    0,    0,    0,    0,    0,    0,    0,    0,    0,    0,    0,    0,    0,    0,    0,    0,    0,    0,    0,    0,    0,    0,    0,    2,    0,   -8,    0,
       0,    0,    0,    0,    0,    0,    0,    0,    0,    0,    0,    0,    0,    0,    0,    0,    0,    0,    0,    0,    0,    0,    0,    0,    0,    2,    0,    2,    1,    0,    2,    2,    1,    1,    1,    1,    2,    0,    0,    0,    1,    0,    0,    0,    0,    0,    0,    0,    0,    0,    0,    0,    0,    0,    0,    1,    0,    0,    0,    2,    0,    0,    0,    2,    0,    0,    0,    0,    0,    0,    0,    0,    0,    0,    0,    0,    0,    0,    0,    0,    0,    0,    0,    0,    0,    0,    0,    0,    0,    0,    0,    0,    0,    0,    0,    0,    0,    0,    0,    0,    0,    0,    0,    0,    0,    0,    0,    0,    0,    0,    0,    0,    0,    0,    0,    0,    0,    0,    0,    0,    0,    0,    2,    0,    0,    0,
       0,   -1,    0,    0,    0,    0,    0,    0,    0,    0,    0,    0,    0,    0,    0,    0,    0,    0,    0,    0,    0,    0,    0,    0,    0,    0,    0,    0,    0,    0,    0,    0,    0,    0,    0,    0,    0,    0,    0,    0,    0,    0,    0,    0,    0,    0,    0,    0,    0,    0,    0,    0,    0,    0,    0,    0,    0,    0,    0,    0,    0,    0,    0,    0,    0,   -9,    0,    0,    0,    0,    0,    0,    0,    0,    0,    0,   -4,   -1,   -1,    0,    0,   -1,    0,    0,   -1,   -4,   -1,   -2,   -8,   -1,    0,    0,    0,    0,   -4,   -1,   -1,   -8,   -4,   -7,    0,   -4,   -8,   -1,  -12,   -4,   -4,   -4,   -4,    0,    0,    0,   -1,   -6,   -9,    0,   -2,   -6,    0,    0,    0,    0,    0,    0,    0,    0,
       0,  -12,    0,    0,    0,    0,    0,    0,   10,    0,    0,    0,    0,    0,    0,    0,    0,    0,    0,    0,    0,    0,    0,    0,    0,    0,    0,    0,    0,    0,    0,    0,    0,    0,    0,    0,    0,    0,    0,    0,    0,    0,    0,    0,    0,    0,    0,    0,    0,    0,    0,    0,    0,    0,    0,    0,    0,    0,    0,    0,    0,    1,    0,    0,    0,    0,    0,    0,    0,    0,    0,    0,    0,    0,    0,    0,    0,   -6,    7,    0,    0,    0,   -8,    4,    0,    0,    8,    0,    0,  -14,    8,    0,    0,    4,    0,    0,    0,    0,    0,    0,    0,    0,    0,    4,   -4,    0,    0,    0,    0,    0,    0,    0,  -12,  -12,   -2,    0,    0,  -12,    4,  -13,  -20,    0,    0,    0,    0,    0,
       0,    7,    0,    0,    0,   -4,    0,    0,  -29,  -13,    0,    0,    0,    0,  -17,   -1,   -1,    6,    0,    0,    0,    0,    0,   -6,    0,    0,    0,    0,    0,    0,    0,    0,    0,    0,    0,    0,    0,    0,  -14,    0,    0,    0,    0,    0,    0,    0,    0,    0,    0,    0,    0,    0,    0,    0,    0,    0,    0,    0,    0,    8,  -22,  -13,    0,    7,    0,   -8,   -8,    0,    0,    0,    0,    0,    0,    0,    0,    0,    0,    4,    0,    0,   -5,  -33,    0,  -18,  -33,   -4,   -1,    0,   -8,    0,  -13,  -24,    0,  -12,  -10,  -26,  -20,  -20,  -12,  -12,  -38,  -13,  -13,  -14,   -2,    0,  -28,    0,  -16,    0,    0,   -8,    4,    8,  -12,  -28,   -2,   12,  -42,    8,    0,    0,    0,    0,  -21,    0,
       0,    0,    0,    0,    0,    0,    0,    0,    0,    0,    0,    0,    0,    0,    0,    0,    0,    0,    0,    0,   11,    0,    0,    0,    0,    0,    0,    0,    0,    0,    0,    0,    0,    0,    0,    0,    0,    0,   -7,    0,    0,    0,    0,    0,    0,    0,    0,    0,    0,    0,    0,    0,    0,    0,    0,    0,    0,    0,    0,    0,    0,    0,    0,    0,    0,    0,    0,    0,    0,    0,    0,    0,    0,    0,    0,    0,    0,    0,    0,    0,    4,    0,    0,    0,    0,    0,    0,    0,   -8,   -1,    0,    0,    0,   -4,    0,    0,    0,    0,   -4,    0,    0,   -4,   -8,    0,  -12,   -4,    0,    0,    0,    0,    0,    0,    0,   -6,   -8,    0,   -1,   -7,   -4,    4,    7,    0,    4,    0,    0,    0,
       0,   -1,    0,    0,    0,   -4,    0,    0,    0,    0,    0,   -4,   -8,   -4,    0,    0,   -6,   -4,   -4,   -4,    0,    0,    0,    0,    0,    0,    0,    0,    0,    0,    0,    0,    0,    0,    0,    0,    0,    0,   -4,    0,    0,    0,    0,    0,    0,    0,    0,    0,    0,    0,    0,    0,    0,    0,    0,    0,    0,    0,    0,    0,   -4,    1,    0,   -4,    0,    0,    0,    0,    0,    0,    0,    0,    0,    0,    0,    0,   -6,   -4,    0,   -4,    0,  -12,   -4,   -4,  -12,  -11,    0,    0,   -8,   -5,    0,    0,    0,   -7,   -7,   -6,  -11,  -10,   -7,   -7,  -10,   -7,  -12,   -4,  -12,   -4,   -4,   -4,   -7,   -4,   -4,   -4,    0,   -4,  -15,  -14,   -8,   -4,   -8,    0,   -4,    0,    0,    0,    0,    0,
       0,    0,    0,    0,    0,    0,    0,    0,    0,    0,    0,   -7,   -4,   -4,  -16,   -4,   -8,    0,   -4,   -8,    0,    0,    0,    0,    0,    0,    0,    0,    0,    0,    0,    0,    0,    0,    0,    0,    0,    0,    0,    0,    0,    0,    0,    0,    0,    0,    0,    0,    0,    0,    0,    0,    0,    0,    0,    0,    0,    0,    0,    0,  -18,    0,    0,    0,    0,    0,    0,    0,    0,    0,    0,    0,    0,    0,    0,    0,    0,    0,   -6,   -2,    0,   -5,    0,    0,   -5,    0,    0,    0,  -12,   -1,    0,   -8,    0,   -8,  -12,  -12,  -13,  -12,  -15,   -8,   -8,  -12,  -15,   -5,  -16,   -1,   -4,    0,  -14,   -4,    0,   -4,   -1,    0,  -12,  -16,  -10,    0,    0,   -4,   -7,    0,    0,    0,    0,    0,
       0,    0,    0,    0,    0,    0,    0,    0,  -20,  -12,   -1,    0,   -2,   -5,   -9,   -2,   -1,    0,   -1,   -1,    0,    0,    0,    0,    0,    0,    0,    0,    0,    0,    0,    0,    0,    0,    0,    0,    0,    0,  -34,    0,    0,    0,    0,    0,    0,    0,    0,    0,    0,    0,    0,    0,    0,    0,    0,    0,    0,    0,    0,    0,   -9,    0,    0,    0,    0,    0,   -8,    0,    0,    0,    0,    0,    0,    0,    0,    0,    0,    0,    0,    0,   -8,  -18,    0,  -17,  -18,   -4,   -1,   -1,   -8,    0,   -5,  -12,   -4,  -12,  -12,  -12,  -22,  -19,  -14,  -11,  -23,  -12,   -8,  -18,  -16,   -5,  -19,    0,  -19,   -2,    1,   -4,    0,    4,  -12,  -27,   -2,    0,  -18,    0,    0,    0,    0,    0,  -12,    0,
       0,  -28,    0,    0,    0,    0,    0,    0,    0,    0,    0,    0,    0,    0,    0,    0,    0,    0,    0,    0,    0,    0,    0,    0,    0,    0,    0,    0,    0,    0,    0,    0,    0,    0,    0,    0,    0,    0,    0,    0,    0,    0,    0,    0,    0,    0,    0,    0,    0,    0,    0,    0,    0,    0,    0,    0,    0,    0,    0,    0,    0,    7,    0,    0,    0,    0,    0,    0,    0,    0,    0,    0,    0,    0,    0,    0,   -8,  -29,    4,    0,   -4,   -9,  -24,    0,   -9,   -4,    0,   -8,    0,  -34,    0,    0,    0,    4,    0,    0,   -1,   -4,    0,    0,    0,    0,   -1,    0,   -1,    3,    0,    0,    0,    0,    0,    0,  -22,  -25,   -1,    0,   -1,  -25,    0,  -32,  -24,    0,    0,    0,    0,    0,
       0,  -32,    0,    0,    0,    0,    0,    0,    0,    0,    0,    0,    0,    0,    0,    0,    0,    0,    0,    0,    0,    0,    0,    0,    0,    0,    0,    0,    0,    0,    0,    0,    0,    0,    0,    0,    0,    0,    0,    0,    0,    0,    0,    0,    0,    0,    0,    0,    0,    0,    0,    0,    0,    0,    0,    0,    0,    0,    0,    0,    0,    0,    0,    0,    0,    0,    0,    0,    0,    0,    0,    0,    0,    0,    0,    0,    0,  -26,   -1,   -1,    0,   -1,  -17,    7,   -1,    0,   -1,    0,  -12,  -27,   10,    0,    0,    0,    0,    0,   -1,   -8,   -4,   -4,    0,   -4,   -1,    0,  -16,   -2,    0,   -6,    0,    0,    0,    0,  -18,  -26,  -13,    0,  -12,  -22,   -4,  -28,  -24,    0,    0,    0,    0,    0,
       0,    0,    0,    0,    0,    0,   -4,    0,    0,    0,    0,    0,    0,   -1,  -12,   -1,   -8,    0,   -4,   -4,    0,    0,    0,    0,    0,    0,    0,    0,    0,    0,    0,    0,    0,    0,    0,    0,    0,    0,    0,    0,    0,    0,    0,    0,    0,    0,    0,    0,    0,    0,    0,    0,    0,    0,    0,    0,    0,    0,    0,    0,  -16,  -15,    0,    0,    0,  -30,   -4,    0,    0,    0,    0,    0,    0,    0,    0,    0,    0,   -4,  -12,   -4,   -1,   -1,    0,    0,   -1,    0,   -1,    0,  -20,   -1,    0,   -8,   -1,   -1,   -2,  -12,   -1,    0,  -11,   -7,    0,   -7,  -18,   -1,  -24,  -13,    0,    0,   -8,   -8,   -3,   -8,   -8,   -8,  -21,    0,  -22,   -1,    0,   -4,   -4,    0,    0,    0,    7,    0,
       0,    5,    0,    0,    0,    0,    0,    0,  -30,  -16,    0,   -1,    0,    0,  -17,   -8,   -8,   10,    0,    0,   -4,    0,    0,   -4,    0,    0,    0,    0,    0,    0,    0,    0,    0,    0,    0,    0,    0,    8,  -34,    0,    0,    0,    0,    0,    0,    0,    0,    0,    0,    0,    0,    0,    0,    0,    0,    0,    0,    0,    0,    4,  -20,  -12,    0,    4,    0,   -4,  -18,    0,    0,    0,    0,    0,    0,    0,    0,    0,    4,    9,   -3,    5,   -3,  -26,   20,  -31,  -26,    2,   10,    4,   -8,   12,    0,  -24,    0,  -15,   -8,  -16,  -21,  -24,  -12,  -12,  -40,  -12,  -15,  -20,   -9,   -5,  -22,    7,  -16,   26,   26,   -1,   20,   10,  -12,  -32,    0,    2,  -46,   10,   12,    0,    0,    0,  -29,    0,
       0,  -48,    0,    0,    0,  -11,  -53,    0,    0,    0,   -8,    0,   -1,  -12,  -15,   -8,  -12,  -12,  -12,   -9,    0,    0,    0,    0,    0,    0,    0,    0,    0,    0,    0,    0,    0,    0,    0,    0,    0,  -28,   -4,    0,    0,    0,    0,    0,    0,    0,    0,    0,    0,    0,    0,    0,    0,    0,    0,    0,    0,    0,  -16,  -44,  -16,   -8,    0,  -49,    0,  -24,   -4,    0,    0,    0,    0,    0,    0,    0,    0,    0,   -4,  -26,  -12,   -2,   -1,    0,  -24,    4,    0,    0,    0,    0,  -26,  -49,    0,   -2,  -14,   -7,  -15,  -11,   -2,  -11,  -16,  -10,    0,  -12,  -22,   -1,  -29,  -17,    0,  -12,   -8,  -16,  -16,  -12,  -26,  -37,  -29,   -1,  -26,  -28,    0,  -49,  -44,    0,  -44,    0,    0,    0,
       0,  -22,    0,    0,    0,   -8,  -15,    0,  -10,   -7,    0,   -7,   -8,   -4,    0,    0,   -6,   -8,   -4,  -10,    0,    0,    0,    0,    0,    0,    0,    0,    0,    0,    0,    0,    0,    0,    0,    0,    0,   -8,  -16,    0,    0,    0,    0,    0,    0,    0,    0,    0,    0,    0,    0,    0,    0,    0,    0,    0,    0,    0,    0,   -1,    0,    1,    0,   -7,    0,    0,    0,    0,    0,    0,    0,    0,    0,    0,    0,    0,  -11,  -12,   -4,   -6,   -6,  -20,  -16,  -12,  -20,  -14,   -8,   -8,  -12,  -21,   -4,    0,   -8,   -1,  -12,   -7,  -12,  -15,   -9,   -9,  -12,   -7,  -12,   -4,  -20,   -8,   -7,  -10,  -11,   -6,   -6,   -6,  -13,  -22,  -16,  -15,  -12,  -20,  -15,  -15,  -16,    0,  -12,    0,    0,    0,
       0,    0,    0,    0,    0,    0,    0,    0,    0,    0,    0,    0,   -1,    0,   -1,   -1,   -1,    0,    0,    0,    0,    0,    0,    0,    0,    0,    0,    0,    0,    0,    0,    0,    0,    0,    0,    0,    0,    0,    0,    0,    0,    0,    0,    0,    0,    0,    0,    0,    0,    0,    0,    0,    0,    0,    0,    0,    0,    0,    0,    0,   -1,    0,    0,    0,    0,    0,    0,    0,    0,    0,    0,    0,    0,    0,    0,    0,    0,    0,   -6,   -2,   21,    0,    0,    0,    7,    0,   -4,    0,  -16,   -8,    0,   -8,   -8,   -8,  -15,  -12,  -16,  -15,  -12,  -12,  -12,    0,   10,   -1,  -16,   -8,    0,    0,  -14,    0,    0,    0,   -8,    0,  -12,  -14,  -12,    0,    0,   -4,   -7,    0,    0,    0,    0,    0,
       4,  -12,    0,    0,    0,   -8,  -12,    0,   -7,    0,    4,    0,    0,   -4,    0,    0,    0,    0,    0,   -4,    0,    0,    0,    8,    0,    0,    0,    0,    0,    0,    0,    0,    0,    0,    0,    0,    0,    0,  -16,    0,    0,    0,    0,    0,    0,    0,    0,    0,    0,    0,    0,    0,    0,    0,    0,    0,    0,    0,    1,    0,    4,    8,    0,    0,    0,    8,    0,    0,    0,    0,    0,    0,    0,    0,    0,    0,   -6,   -8,    4,    0,   -4,  -18,  -12,   -4,  -18,  -16,    0,   -4,    0,   -8,    0,    4,    0,    0,    0,    0,   -4,   -4,    0,    0,  -12,    0,    0,   -1,    0,   10,    0,    0,    0,    0,    0,    0,   -4,   -8,    0,   -8,    0,   -8,  -13,   -4,   -8,    0,    0,    0,    0,    0,
       0,    0,    0,    0,    0,   -4,    8,    0,  -39,   -2,    0,   -1,   -4,    0,   -9,   -1,    0,    0,    0,    0,    4,    0,    0,    0,    0,    0,    0,    0,    0,    0,    0,    0,    0,    0,    0,    0,    0,    0,  -22,    0,    0,    0,    0,    0,    0,    0,    0,    0,    0,    0,    0,    0,    0,    0,    0,    0,    0,    0,    0,    8,    0,    0,    0,    0,    0,    7,    0,    0,    0,    0,    0,    0,    0,    0,    0,    0,   -6,    4,    2,    4,   -5,  -26,   -6,  -24,  -26,  -16,    0,   -5,    0,   -1,   -5,   -9,    0,   -1,   -1,   -1,   -6,   -8,    0,    0,  -22,    0,    4,   -5,    0,    7,   -8,    0,   -4,    0,    0,    0,    0,   -4,    4,  -16,    0,   -4,  -34,    1,    0,    0,    4,    0,  -21,    0,
       0,    7,    0,    0,    0,   -4,    0,    0,  -29,  -13,    0,    0,    0,    0,  -17,   -1,   -1,    6,    0,    0,    0,    0,    0,   -6,    0,    0,    0,    0,    0,    0,    0,    0,    0,    0,    0,    0,    0,    0,  -14,    0,    0,    0,    0,    0,    0,    0,    0,    0,    0,    0,    0,    0,    0,    0,    0,    0,    0,    0,    0,    8,  -22,  -13,    0,    7,    0,   -8,   -8,    0,    0,    0,    0,    0,    0,    0,    0,    0,    0,    4,    0,    0,    0,  -26,    0,  -17,  -26,   -4,    0,    0,   -8,    0,   -8,  -22,    0,  -12,  -10,  -17,  -20,  -20,  -12,  -12,  -30,  -12,  -12,  -14,   -2,    0,  -28,    0,  -16,   -1,    8,   -8,    4,    8,  -12,  -28,   -2,   10,  -22,    8,    0,    0,    0,    0,  -21,    0,
       0,  -12,    0,    0,    0,  -12,  -10,    0,  -20,  -13,    0,    0,   -1,   -1,    0,    0,    0,   -6,    0,    0,    0,    0,    0,    0,    0,    0,    0,    0,    0,    0,    0,    0,    0,    0,    0,    0,    0,   -4,  -10,    0,    0,    0,    0,    0,    0,    0,    0,    0,    0,    0,    0,    0,    0,    0,    0,    0,    0,    0,    0,    0,    1,    8,    0,    0,    0,    0,    0,    0,    0,    0,    0,    0,    0,    0,    0,    0,  -12,   -9,    4,   -4,  -13,  -22,  -13,  -20,  -22,  -20,    0,  -12,    0,  -12,    0,   -4,    0,   -1,    0,    0,   -4,   -8,    0,    0,   -9,    0,    0,   -1,    0,    4,   -6,   -4,    0,    0,    0,    0,    0,  -12,    0,  -12,    0,  -20,  -28,  -22,  -20,    0,    0,    0,   -1,    0,
       0,  -19,    0,    0,    0,    0,    0,    0,    2,    7,    0,    0,    0,    0,    0,    0,    0,    0,    0,    0,    1,    0,    0,    0,    0,    0,    0,    0,    0,    0,    0,    0,    0,    0,    0,    0,    0,    0,    0,    0,    0,    0,    0,    0,    0,    0,    0,    0,    0,    0,    0,    0,    0,    0,    0,    0,    0,    0,    0,    0,    0,    0,    0,   -7,    0,    0,    0,    0,    0,    0,    0,    0,    0,    0,    0,    0,    0,  -10,    1,    0,    1,    0,    0,    1,    0,    0,    0,    0,    0,    0,    0,    0,    0,    0,    0,    0,    0,    0,    0,    0,    0,    0,   -8,    0,   -8,    0,    0,    0,   -2,    0,    0,    0,    0,  -11,   -8,    0,   -4,  -12,    0,  -22,  -18,    0,    0,    0,   12,    0,
       0,    0,    0,    0,    0,    0,    0,    0,    0,    0,    0,    0,    0,    0,    0,    0,    0,    0,    0,    0,    0,    0,    0,    0,    0,    0,    0,    0,    0,    0,    0,    0,    0,    0,    0,    0,    0,    0,    0,    0,    0,    0,    0,    0,    0,    0,    0,    0,    0,    0,    0,    0,    0,    0,    0,    0,    0,    0,    0,    0,    0,    1,    0,    0,    0,    0,    0,    0,    0,    0,    0,    0,    0,    0,    0,    0,    0,    0,    0,    0,    0,    0,    0,    0,    0,    0,    0,    0,    0,    0,    0,    0,    0,    0,    0,    0,    0,   -4,    0,    0,   -6,   -4,    0,    0,   -4,    0,    0,    4,    0,    0,    0,    0,    0,    0,    0,   -8,    0,    0,    0,    0,    0,    0,    0,    0,    0,    0,
       0,   -7,    0,    0,    0,    0,    0,    0,    0,    0,    0,    0,    0,    0,    0,    0,    0,    0,    0,    0,    0,    0,    0,    0,    0,    0,    0,    0,    0,    0,    0,    0,    0,    0,    0,    0,    0,    0,    0,    0,    0,    0,    0,    0,    0,    0,    0,    0,    0,    0,    0,    0,    0,    0,    0,    0,    0,    0,    0,    0,    0,    8,    0,    0,    0,    0,    0,    0,    0,    0,    0,    0,    0,    0,    0,    0,    0,    0,    0,    0,    0,    0,    0,    0,    0,    0,    0,    0,    0,    0,    0,    0,    0,    0,    0,    0,    0,   -4,    0,    0,   -4,    4,    4,    0,    0,   10,    0,    0,    0,    0,    0,    4,    0,    0,    0,   -4,    0,    0,    0,   -7,   -4,    0,    0,    0,    0,    0,
       0,   -7,    0,    0,    0,    0,    0,    0,    0,    0,    0,    0,    0,    0,    0,    0,    0,    0,    0,    0,    0,    0,    0,    0,    0,    0,    0,    0,    0,    0,    0,    0,    0,    0,    0,    0,    0,    0,    0,    0,    0,    0,    0,    0,    0,    0,    0,    0,    0,    0,    0,    0,    0,    0,    0,    0,    0,    0,    0,    0,    0,    4,    0,    0,    0,    0,    0,    0,    0,    0,    0,    0,    0,    0,    0,    0,    0,    0,    0,    0,    0,    0,    0,    0,    0,    0,    0,    0,    0,    0,    0,    0,    0,    0,   -4,    0,    0,    0,    0,    0,   -8,    0,    4,    0,    0,   10,    0,    0,   -4,    0,    0,    0,    0,    0,    0,  -15,    0,    0,    0,   -7,    0,    0,    0,    0,    0,    0,
       0,    0,    0,    0,    0,    0,    0,    0,    0,    0,    0,    0,    0,    0,    0,    0,    0,    0,    0,    0,    0,    0,    0,    0,    0,    0,    0,    0,    0,    0,    0,    0,    0,    0,    0,    0,    0,    0,    0,    0,    0,    0,    0,    0,    0,    0,    0,    0,    0,    0,    0,    0,    0,    0,    0,    0,    0,    0,    0,    0,    0,    7,    0,    0,    0,    0,    0,    0,    0,    0,    0,    0,    0,    0,    0,    0,    0,    0,    0,    0,    0,    0,    0,    0,    0,    0,    0,    0,    0,    0,    0,    0,    0,    0,    0,    0,    0,    0,    0,    0,   -8,    0,    0,    0,    4,   12,    0,    0,    0,    4,    4,    0,    0,    0,    4,  -12,    0,    0,    0,    0,    0,    0,    0,    0,    0,    0,
       0,   -1,    0,    0,    0,    0,  -12,    0,    0,    0,    0,    0,    0,    0,    0,    0,    0,    0,    0,    0,    0,    0,    0,    0,    0,    0,    0,    0,    0,    0,    0,    0,    0,    0,    0,    0,    0,    0,    0,    0,    0,    0,    0,    0,    0,    0,    0,    0,    0,    0,    0,    0,    0,    0,    0,    0,    0,    0,    0,    0,    0,    8,    0,    0,    0,    0,    0,    0,    0,    0,    0,    0,    0,    0,    0,    0,    0,  -12,    4,    0,    0,    0,    0,   -1,    0,  -12,    0,    0,    0,    0,    0,   -2,    0,    0,   -4,    0,   -9,    0,    0,    0,   -8,    0,    0,   -1,    0,    7,    0,   -4,   -1,    0,    0,    0,    0,   -8,    0,   -8,    0,  -12,   -1,  -12,   -1,    0,    0,    0,    0,    0,
       0,   -5,    0,    0,    0,    0,    0,    0,    0,    7,    0,    0,    0,    0,    0,    0,    0,    0,    0,    0,    0,    0,    0,    4,    0,    0,    0,    0,    0,    0,    0,    0,    0,    0,    0,    0,    0,   -4,    7,    0,    0,    0,    0,    0,    0,    0,    0,    0,    0,    0,    0,    0,    0,    0,    0,    0,    0,    0,    0,    0,    0,    0,    0,    0,    0,    0,    0,    0,    0,    0,    0,    0,    0,    0,    0,    0,    0,   -4,    4,    4,   16,    0,    0,    8,    0,    0,    0,    0,    0,    0,    0,   -4,    0,    0,    0,   -4,    0,   -4,    0,    0,   -8,    0,    0,    1,    0,    7,   -4,   -2,   -4,    0,    0,    0,    0,   -8,    3,  -16,    0,   -9,    0,   -8,   -8,    0,   -8,    0,    1,    0,
       0,  -15,    0,    0,    0,    0,  -26,    0,    1,    7,    0,    0,    0,    0,    0,    0,    0,    0,    0,    0,    0,    0,    0,    0,    0,    0,    0,    0,    0,    0,    0,    0,    0,    0,    0,    0,    0,    0,    7,    0,    0,    0,    0,    0,    0,    0,    0,    0,    0,    0,    0,    0,    0,    0,    0,    0,    0,    0,    0,  -11,    0,    1,    0,  -18,    0,    0,    0,    0,    0,    0,    0,    0,    0,    0,    0,    0,    0,  -12,    0,    4,    0,    0,    0,    7,    0,    0,    0,    0,    0,    0,    0,    0,    0,    0,    0,    0,    0,    0,    0,    0,    0,    0,   -4,    4,   -4,    0,    0,   -8,   -4,    0,    0,    0,    0,    0,   -4,   -8,   -8,  -16,    0,  -18,  -15,    0,  -18,    0,    2,    0,
       0,   -5,    0,    0,    0,    0,    0,    0,    0,   14,    0,    0,    0,    0,    0,    0,    0,    0,    0,    0,    0,    0,    0,    0,    0,    0,    0,    0,    0,    0,    0,    0,    0,    0,    0,    0,    0,    0,    7,    0,    0,    0,    0,    0,    0,    0,    0,    0,    0,    0,    0,    0,    0,    0,    0,    0,    0,    0,    0,   -1,    0,    0,    0,    0,    0,    0,    0,    0,    0,    0,    0,    0,    0,    0,    0,    0,    1,   -4,    0,    0,    1,    0,    0,    0,    0,    0,    0,    0,    0,    0,    0,    0,    0,    4,   -4,   -4,    0,   -7,    0,    0,    0,    0,    0,    6,    0,   10,    0,   -1,   -4,    0,    0,    0,    0,    0,    0,   -8,   -1,   -8,    0,   -1,   -8,    0,   -8,    0,    2,    0,
       0,  -12,    0,    0,    0,    0,    0,    0,    0,    4,    0,    0,    0,    0,    0,    0,    0,    0,    0,    0,    0,    0,    0,    0,    0,    0,    0,    0,    0,    0,    0,    0,    0,    0,    0,    0,    0,    0,    0,    0,    0,    0,    0,    0,    0,    0,    0,    0,    0,    0,    0,    0,    0,    0,    0,    0,    0,    0,    0,    0,    0,    8,    0,   -1,    0,    0,    0,    0,    0,    0,    0,    0,    0,    0,    0,    0,    0,  -12,    0,    0,    0,    0,    0,    0,    0,   -8,    0,    0,    0,    0,    0,    0,    0,    0,    0,    0,    0,   -4,    0,    0,  -15,    0,   -4,   -1,    0,    4,   -4,   -6,    0,    0,    0,    0,    0,    0,    0,   -8,   -4,  -20,    0,  -27,  -24,    0,   -1,    0,    0,    0,
       0,  -23,    0,    0,    0,    0,  -23,    0,    0,    0,    0,    0,    0,    0,    0,    0,    0,    0,    0,    0,    0,    0,    0,    0,    0,    0,    0,    0,    0,    0,    0,    0,    0,    0,    0,    0,    0,   -1,    0,    0,    0,    0,    0,    0,    0,    0,    0,    0,    0,    0,    0,    0,    0,    0,    0,    0,    0,    0,    0,  -22,    0,    1,    0,  -26,    0,    0,    0,    0,    0,    0,    0,    0,    0,    0,    0,    0,    0,  -18,    0,    0,    0,    0,    0,    4,    0,    0,    0,    0,    0,    0,    0,    0,    0,    0,    0,    0,    0,    0,    0,    0,    0,    0,   -2,    0,    0,    0,    0,    0,   -4,    0,    0,    0,    0,  -19,   -6,    0,   -1,  -15,    0,  -31,  -23,  -10,  -26,    0,   12,    0,
       0,   -4,    0,    0,    0,    0,   -8,    0,    0,    0,    0,    0,    0,    0,    0,    0,    0,    0,    0,    0,    0,    0,    0,    0,    0,    0,    0,    0,    0,    0,    0,    0,    0,    0,    0,    0,    0,    0,   -7,    0,    0,    0,    0,    0,    0,    0,    0,    0,    0,    0,    0,    0,    0,    0,    0,    0,    0,    0,    0,    0,    7,   12,    0,    0,    0,    0,    0,    0,    0,    0,    0,    0,    0,    0,    0,    0,    0,   -7,    8,    0,    0,    0,    0,   -1,    0,   -6,    0,    0,    0,    0,    0,   -1,    0,    0,    0,    4,    0,   -4,    0,    0,  -15,    0,    0,   -2,    0,    4,   -4,    0,   -4,    0,    0,    0,    0,    0,    0,   -8,   -4,  -12,   -2,  -12,   -8,    0,    0,    0,    0,    0,
       0,    0,    0,    0,    0,    0,    0,    0,    0,    0,    0,    0,    0,    0,    0,    0,    0,    0,    0,    0,    0,    0,    0,    0,    0,    0,    0,    0,    0,    0,    0,    0,    0,    0,    0,    0,    0,    0,    0,    0,    0,    0,    0,    0,    0,    0,    0,    0,    0,    0,    0,    0,    0,    0,    0,    0,    0,    0,    0,    0,    0,    0,    0,    0,    0,    0,    0,    0,    0,    0,    0,    0,    0,    0,    0,    0,   -4,  -12,    4,    0,    0,    0,    0,    0,    0,    0,    0,   -4,    0,    0,    0,   -1,    0,    0,    0,   -4,   -5,   -4,    0,    0,   -4,    0,    0,   -5,    0,    3,    0,   -8,   -4,    0,    0,    0,    0,   -8,    0,  -12,    0,  -14,    0,   -1,    0,    0,   -4,    0,    4,    0,
       0,    0,    0,    0,    0,    0,    0,    0,   -8,    0,    0,    0,    0,    0,    0,    0,    0,    0,    0,    0,    0,    0,    0,    0,    0,    0,    0,    0,    0,    0,    0,    0,    0,    0,    0,    0,    0,   -1,  -12,    0,    0,    0,    0,    0,    0,    0,    0,    0,    0,    0,    0,    0,    0,    0,    0,    0,    0,    0,    0,    0,    0,    1,    0,    0,    0,    0,    0,    0,    0,    0,    0,    0,    0,    0,    0,    0,    0,   -1,    8,    0,   -1,    0,    0,  -13,    0,  -13,    0,   -2,    0,    0,    0,   -4,    0,    0,   -4,    0,   -5,   -4,    0,    0,  -21,    0,    0,   -1,    0,    7,   -9,   -1,   -4,    0,    0,    0,    0,   -6,    3,  -28,    0,  -12,    0,   -8,   -1,    0,    0,    0,  -12,    0,
       0,    0,    0,    0,    0,    0,    0,    0,    0,    7,    0,    0,    0,    0,    0,    0,    0,    0,    0,    0,    0,    0,    0,    0,    0,    0,    0,    0,    0,    0,    0,    0,    0,    0,    0,    0,    0,    0,    0,    0,    0,    0,    0,    0,    0,    0,    0,    0,    0,    0,    0,    0,    0,    0,    0,    0,    0,    0,    0,    0,    0,    0,    0,    0,    0,    0,    0,    0,    0,    0,    0,    0,    0,    0,    0,    0,    0,   -4,    8,    0,    0,    0,    0,    7,    0,    0,    0,    0,    0,    0,    0,    0,    0,    0,    0,    0,    0,    0,    0,    0,    0,    0,    4,    1,    0,    8,    0,   -2,    0,    0,    0,    0,    0,    0,    0,   -4,    0,   -9,    0,    0,    0,    0,    0,    0,    0,    0,
       0,    0,    0,    0,    0,    0,    0,    0,    0,    0,    0,    0,    0,    0,    0,    0,    0,    0,    0,    0,    0,    0,    0,    0,    0,    0,    0,    0,    0,    0,    0,    0,    0,    0,    0,    0,    0,    0,    0,    0,    0,    0,    0,    0,    0,    0,    0,    0,    0,    0,    0,    0,    0,    0,    0,    0,    0,    0,    0,    0,    0,    0,    0,    0,    0,    0,    0,    0,    0,    0,    0,    0,    0,    0,    0,    0,    0,    0,    0,    0,   17,    0,    0,    0,    0,    0,    0,    0,    0,    0,    0,    0,    0,    0,    0,    0,    0,    0,    0,    0,    0,    0,   11,    0,   -4,    0,    0,   -4,    0,    0,    0,    0,    0,    0,   -4,    0,    0,    0,    0,    0,    0,    0,    0,    0,    0,    0,
       0,  -12,    0,    0,    0,    0,    0,    0,    0,    0,    0,    0,    0,    0,    0,    0,    0,    0,    0,    0,    0,    0,    0,    0,    0,    0,    0,    0,    0,    0,    0,    0,    0,    0,    0,    0,    0,    0,    0,    0,    0,    0,    0,    0,    0,    0,    0,    0,    0,    0,    0,    0,    0,    0,    0,    0,    0,    0,    0,    0,    0,   12,    0,    0,    0,    0,    0,    0,    0,    0,    0,    0,    0,    0,    0,    0,    0,    0,    0,    0,    0,    0,    0,    0,    0,    0,    0,    0,    0,    0,    0,    8,    0,    0,    0,    0,    0,   -4,    0,    0,    0,   -4,   -1,    0,   -4,    0,    0,    0,    0,    0,    0,    0,    0,    0,   -4,   -4,   -8,    0,    0,  -12,  -16,    0,    0,    0,    0,    0,
       0,    0,    0,    0,    0,    0,    0,    0,    0,    0,    0,    0,    0,    0,    0,    0,    0,    0,    0,    0,    0,    0,    0,    0,    0,    0,    0,    0,    0,    0,    0,    0,    0,    0,    0,    0,    0,    0,    0,    0,    0,    0,    0,    0,    0,    0,    0,    0,    0,    0,    0,    0,    0,    0,    0,    0,    0,    0,    0,    0,    0,    4,    0,    0,    0,    0,    0,    0,    0,    0,    0,    0,    0,    0,    0,    0,    0,    0,    0,    0,    0,    0,    0,    0,    0,    0,    0,    0,    0,    0,    0,    0,    0,    0,    0,    0,    0,    0,    0,    0,    0,    0,    0,    0,    0,    8,    0,    0,    0,    0,    0,    0,    0,    0,    0,    0,    0,    0,    0,  -10,   -7,    0,    0,    0,    0,    0,
       0,   -5,    0,    0,    0,    0,   -1,    0,    1,    7,    0,    0,    0,    0,    0,    0,    0,    0,    0,    0,    0,    0,    4,    0,    0,    0,    0,    0,    0,    0,    0,    0,    0,    0,    0,    0,    0,    0,    4,    0,    0,    0,    0,    0,    0,    0,    0,    0,    0,    0,    0,    0,    0,    0,    0,    0,    0,    0,    0,    0,    0,    1,    0,   -1,    0,    0,    0,    0,    0,    0,    0,    0,    0,    0,    0,    0,    0,   -9,    8,    4,    0,    0,    0,    8,    0,    0,    0,    4,    0,    0,    0,    0,    0,    0,    0,    0,    0,   -4,    0,    0,    0,    0,    0,    0,   -4,    4,   -4,   -4,    0,    0,    0,    0,    0,   -8,    2,   -8,   -1,   -8,    0,   -1,    2,    0,   -1,    0,    0,    0,
       0,   -8,    0,    0,    0,    0,  -15,    0,    1,    8,    0,    0,    0,    0,    0,    0,    0,    0,    0,    0,    0,    0,    0,    0,    0,    0,    0,    0,    0,    0,    0,    0,    0,    0,    0,    0,    0,    0,    1,    0,    0,    0,    0,    0,    0,    0,    0,    0,    0,    0,    0,    0,    0,    0,    0,    8,    0,    0,    0,    0,    0,    1,    0,    0,    0,    0,    0,    0,    0,    0,    0,    0,    0,    0,    0,    0,    0,    0,    4,    1,    1,    0,    0,    8,    0,    1,    0,    1,    0,    0,    0,    0,    0,    0,    0,    0,    0,    0,    0,    0,    0,    0,    0,    2,   -4,    0,    0,    0,    0,    0,    0,   -4,    0,    1,   -4,   -8,   -4,    0,    0,   -9,  -11,    0,    0,    0,   20,    0,
       1,    1,    0,    0,    0,    0,    1,    0,    1,    7,    0,    0,    0,    0,    0,    0,    0,    0,    0,    0,    0,    0,    8,    0,    0,    0,    0,    0,    0,    0,    0,    0,    0,    0,    0,    0,    0,   14,    0,    0,    0,    0,    0,    0,    0,    0,    0,    0,    0,    0,    0,    0,    0,    0,    0,    9,    0,    0,    0,    1,    0,    1,    0,    1,    0,    0,    0,    0,    0,    0,    0,    0,    0,    0,    0,    0,    1,    1,    8,    6,    1,    0,    0,    0,    0,    1,    0,    1,    0,    0,    0,    0,    0,    0,    0,    0,    0,    0,    0,    0,    0,    0,    0,    0,   -4,    0,    0,    4,    0,    0,   26,    0,    0,    1,   -4,   -8,   -4,    1,    0,    0,    1,    1,    1,    0,   12,    0,
       0,    0,    0,    0,    0,    0,    0,    0,    0,    0,    0,    0,    0,    0,    0,    0,    0,    0,    0,    0,    0,    0,    0,    0,    0,    0,    0,    0,    0,    0,    0,    0,    0,    0,    0,    0,    0,    0,    0,    0,    0,    0,    0,    0,    0,    0,    0,    0,    0,    0,    0,    0,    0,    0,    0,    0,    0,    0,    0,    0,    0,    1,    0,    0,    0,    0,    0,    0,    0,    0,    0,    0,    0,    0,    0,    0,    0,    0,   10,    4,    8,    0,    0,    0,    0,    0,    0,    0,    0,    0,    0,   -1,    0,    0,    0,   -1,   -4,   -7,    0,    0,   -8,    0,    0,   -1,    0,    4,    0,    0,   -2,    0,    0,    0,    0,    4,   -4,  -16,    0,    4,    0,   -4,    0,    0,    0,    0,    0,    0,
       0,  -12,    0,    0,    0,    0,    0,    0,    0,    0,    0,    0,    0,    0,    0,    0,    0,    0,    0,    0,    0,    0,    0,    0,    0,    0,    0,    0,    0,    0,    0,    0,    0,    0,    0,    0,    0,    0,    0,    0,    0,    0,    0,    0,    0,    0,    0,    0,    0,    0,    0,    0,    0,    0,    0,    0,    0,    0,    0,    0,    0,    7,    0,    0,    0,    0,    0,    0,    0,    0,    0,    0,    0,    0,    0,    0,   -4,  -14,    4,    0,   -1,   -1,  -10,    0,   -1,    0,    0,   -4,    0,  -18,    0,    0,    0,    0,    0,    0,    0,    0,    0,    0,    0,    0,   -4,    0,   -1,   -1,    0,    0,    0,    0,    0,    0,  -10,  -14,   -8,    0,   -1,  -14,    0,  -16,   -9,    0,    0,    0,    0,    0,
       0,    0,    0,    0,    0,    0,    0,    0,  -37,   -4,    0,    0,    0,    0,    0,    0,    0,    0,    0,    0,    0,    0,    0,    0,    0,    0,    0,    0,    0,    0,    0,    0,    0,    0,    0,    0,    0,   -7,  -34,    0,    0,    0,    0,    0,    0,    0,    0,    0,    0,    0,    0,    0,    0,    0,    0,    0,    0,    0,    0,    0,   -1,    0,    0,    0,    0,    0,    0,    0,    0,    0,    0,    0,    0,    0,    0,    0,   -8,   -7,    8,    0,  -12,    0,    0,  -13,    0,  -20,    0,   -8,    0,    0,    0,  -20,    0,    0,    0,  -10,  -10,   -8,    0,    0,  -32,    0,    8,  -10,    0,   10,  -12,   -8,  -10,    0,    0,    0,    0,   -8,    4,  -24,    0,  -12,    0,    0,    0,    0,    0,    0,  -14,    0,
       0,    7,    0,    0,    0,   -4,    0,    0,  -29,  -13,    0,    0,    0,    0,  -17,   -1,   -1,    6,    0,    0,    0,    0,    0,   -6,    0,    0,    0,    0,    0,    0,    0,    0,    0,    0,    0,    0,    0,    0,  -14,    0,    0,    0,    0,    0,    0,    0,    0,    0,    0,    0,    0,    0,    0,    0,    0,    0,    0,    0,    0,    8,  -22,  -17,    0,    7,    0,   -8,   -8,    0,    0,    0,    0,    0,    0,    0,    0,    0,    0,    4,  -12,   -7,  -12,  -38,    0,  -44,  -38,   -4,   -6,    0,  -28,    0,  -18,  -50,  -13,  -12,  -10,  -26,  -20,  -45,  -44,  -44,  -58,  -33,  -33,  -38,  -34,  -33,  -52,    0,  -45,   -2,   -1,   -9,    4,    8,  -44,  -28,   -2,   12,  -49,    8,    0,    0,    0,    0,  -21,    0,
       0,    8,    0,    0,    0,    0,    0,    0,  -16,    0,    0,    0,    0,    0,    0,    0,    0,    0,    0,    0,    0,    0,    0,    0,    0,    0,    0,    0,    0,    0,    0,    0,    0,    0,    0,    0,    0,    0,    0,    0,    0,    0,    0,    0,    0,    0,    0,    0,    0,    0,    0,    0,    0,    0,    0,    0,    0,    0,    0,    0,   -8,    0,    0,    0,    0,    0,    0,    0,    0,    0,    0,    0,    0,    0,    0,    0,    0,    0,    0,    0,    0,    0,    0,    0,    0,    0,    0,    0,    0,    0,    0,   -4,    0,    0,    0,    0,   -1,   -4,    0,    0,  -14,    0,    0,   -1,    0,   12,   -4,    0,   -8,    0,    0,    0,    0,    0,    0,  -24,    0,    0,    0,    4,    4,    0,    0,    0,    0,    0,
       0,   -6,    0,    0,    0,    0,   -8,    0,    0,    0,   -1,    0,    0,    0,  -12,   -1,   -8,   -1,    0,   -4,    0,    0,    0,    0,    0,    0,    0,    0,    0,    0,    0,    0,    0,    0,    0,    0,    0,    0,   14,    0,    0,    0,    0,    0,    0,    0,    0,    0,    0,    0,    0,    0,    0,    0,    0,    0,    0,    0,    0,    0,  -14,   -8,    0,    0,    0,  -32,   -4,    0,    0,    0,    0,    0,    0,    0,    0,    0,    0,   -4,   -8,    0,   36,   26,    0,   12,   52,    8,   -1,    0,  -20,   -1,    0,   -4,   -1,   -1,   -2,   -8,   -1,    0,   -7,   -7,    0,    8,   19,    0,  -24,  -13,    0,    0,   -4,    0,    0,   12,   -8,   -8,  -21,    0,  -22,   -8,   -6,    0,   -1,    0,    0,    0,    0,    0,
       0,    7,    0,    0,    0,    0,    0,    0,  -24,  -16,   -1,    0,    0,   -4,  -21,   -4,   -8,    7,    0,    0,  -11,    0,    0,   -5,    0,    0,    0,    0,    0,    0,    0,    0,    0,    0,    0,    0,    0,   16,  -16,    0,    0,    0,    0,    0,    0,    0,    0,    0,    0,    0,    0,    0,    0,    0,    0,    0,    0,    0,    0,    1,  -28,  -12,    0,    0,    0,  -12,  -12,    0,    0,    0,    0,    0,    0,    0,    0,    0,    0,   11,   -4,    4,    0,  -14,    0,  -16,  -14,    0,    7,    0,   -8,   -8,   -5,  -20,   -4,  -22,  -12,  -17,  -32,  -31,  -19,  -12,  -32,  -12,  -16,  -14,  -16,  -16,  -24,    0,  -20,    0,    9,   -2,    0,    0,  -16,  -36,  -10,    0,  -32,    1,    0,    0,    0,    0,  -12,    0,
       0,  -40,    0,    0,    0,    0,    0,    0,    0,    0,    0,    0,    0,    0,    0,    0,    0,    0,    0,    0,    0,    0,    0,    0,    0,    0,    0,    0,    0,    0,    0,    0,    0,    0,    0,    0,    0,    0,    0,    0,    0,    0,    0,    0,    0,    0,    0,    0,    0,    0,    0,    0,    0,    0,    0,    0,    0,    0,    0,    0,   -1,    0,    0,    0,    0,    0,    0,    0,    0,    0,    0,    0,    0,    0,    0,    0,    0,  -30,   -1,   -1,   -1,    2,  -20,    0,    2,    0,    0,    0,  -10,  -38,    0,   -1,   -1,   -1,   -1,   -1,   -1,   -1,    0,    0,    0,   -1,   -6,   -1,  -10,   -2,    4,   -1,    0,   -1,   -1,    0,  -22,  -30,  -14,   -2,   -3,  -26,    0,  -40,  -40,    0,    0,    0,    0,    0,
       0,    0,    0,    0,    0,    0,    0,    0,    0,    0,    0,    0,    0,    0,    0,    0,    0,    0,    0,    0,    0,    0,    0,    0,    0,    0,    0,    0,    0,    0,    0,    0,    0,    0,    0,    0,    0,    0,    0,    0,    0,    0,    0,    0,    0,    0,    0,    0,    0,    0,    0,    0,    0,    0,    0,    0,    0,    0,    0,    0,    0,    0,    0,    0,    0,    0,    0,    0,    0,    0,    0,    0,    0,    0,    0,    0,    0,    0,    0,    0,    0,    0,    0,    0,    0,    0,    0,    0,    0,    0,    0,    0,    4,    0,    0,    0,    0,    0,    0,    0,    0,    0,    0,    0,    0,    4,    0,   12,    0,    1,    1,    0,    0,    0,    0,   -4,    0,    0,    0,    0,    0,    0,    0,    0,    0,    0,
      -8,    0,    0,    0,   -7,    0,    0,    0,  -30,  -32,    0,    0,    0,   -4,  -21,  -12,    0,    8,    0,    1,    0,    0,   -8,    0,  -24,    0,    0,   -4,    0,    0,   14,    0,    8,    8,  -10,    7,    4,    0,  -24,  -12,    7,  -16,    0,  -16,    0,    0,    0,    0,   -8,    0,    0,    0,   -4,    0,    0,    0,  -12,    0,    0,    0,  -17,  -16,    0,    0,    0,    0,    0,  -52,  -43,   -8,  -12,    0,    8,  -16,    0,   -8,    0,   14,    0,    0,   -4,  -22,    8,  -24,  -22,  -10,    0,    0,   -4,    4,  -12,  -12,    0,  -10,   -7,  -16,   -4,  -14,    0,    0,  -24,    0,    0,   -4,    0,    0,  -18,    7,   -8,    0,    8,    0,    0,    8,    0,  -27,    0,    7,  -43,  -16,   -1,    0,    0,    0,    0,  -32,
       0,    0,    0,    0,  -19,    0,    0,    0,  -38,  -40,   -8,   -4,  -11,   -8,  -41,  -13,    0,    7,    0,   -8,   -1,    0,   -8,    0,  -33,    0,    0,   -4,    0,    0,   22,    0,   15,   15,    0,   15,    1,    0,  -27,  -20,    8,  -23,    0,  -12,    0,    0,   -7,    0,  -11,    0,   -4,    0,   -6,    0,   -8,    0,   -2,    0,    0,    0,  -24,  -24,    0,    0,    0,  -30,  -16,  -48,  -48,    0,  -20,    0,   16,  -23,    0,  -11,    0,   22,    0,    0,   -4,  -16,    8,  -33,  -16,    0,    0,    0,    0,    7,   -8,  -20,    0,   -8,   -8,  -23,   -6,  -10,   -4,   -7,  -32,    0,    0,   -6,    0,    0,  -16,    8,  -11,    0,   16,    0,    0,   16,    0,  -26,    0,   15,  -48,    0,  -16,    0,    0,    0,    0,  -34,
       0,    0,    0,    0,    0,    0,    0,    0,    0,    0,    0,    0,    0,    0,    0,    0,    0,    0,    0,    0,    0,    0,    0,    0,    0,    0,    0,    0,    0,    0,    0,    0,    0,    0,    0,    0,    0,    0,    0,  -15,    0,    0,    0,    0,    0,    0,    0,    0,    0,    0,    0,    0,    0,    0,    0,    0,    0,    0,    0,    0,    0,    0,    0,    0,    0,    0,    0,    0,    0,    0,  -15,    0,    0,    0,    0,    0,    0,    0,    0,    0,    0,    0,    0,    0,    0,    0,    0,    0,    0,    0,    0,  -15,    0,    0,    0,    0,    0,    0,    0,    0,    0,    0,    0,    0,    0,    0,    0,    0,    0,    0,    0,    0,    0,    0,    0,    0,    0,    0,    0,    0,    0,    0,    0,    0,    0,    0,
       0,  -41,    0,    0,    0,  -11,  -53,    0,    0,    0,   -8,    0,   -1,  -12,  -15,   -8,  -12,  -12,  -12,   -9,    0,    0,    0,    0,    0,    0,    0,    0,    0,    0,    0,    0,    0,    0,    0,    0,    0,  -28,   -4,    0,    0,    0,    0,    0,    0,    0,    0,    0,    0,    0,    0,    0,    0,    0,    0,    0,    0,    0,  -16,  -44,  -16,   -8,    0,  -49,  -10,  -24,   -4,    0,    0,    0,    0,    0,    0,    0,    0,    0,    0,    0,    0,    0,    0,    0,    0,    0,    0,    0,    0,    0,    0,    0,    0,    0,    0,    0,    0,    0,    0,    0,    0,    0,    0,    0,    0,    0,    0,    0,    0,    0,    0,    0,    0,    0,    0,    0,    0,    0,    0,    0,    0,  -50,  -42,    0,  -44,    0,    0,    4,
};

static const EpdLigaturePair sourceserif4_12_italicLigaturePairs[] = {
    { 0x00660066, 0xFB00 }, // f f -> U+FB00
    { 0x00660069, 0xFB01 }, // f i -> U+FB01
    { 0x0066006C, 0xFB02 }, // f l -> U+FB02
    { 0xFB000069, 0xFB03 }, // U+FB00 i -> U+FB03
    { 0xFB00006C, 0xFB04 }, // U+FB00 l -> U+FB04
};

static const EpdFontData sourceserif4_12_italic = {
    sourceserif4_12_italicBitmaps,
    sourceserif4_12_italicGlyphs,
    sourceserif4_12_italicIntervals,
    79,
    25,
    20,
    -5,
    true,
    sourceserif4_12_italicGroups,
    13,
    nullptr,
    sourceserif4_12_italicKernLeftClasses,
    sourceserif4_12_italicKernRightClasses,
    sourceserif4_12_italicKernMatrix,
    575,
    610,
    146,
    126,
    sourceserif4_12_italicLigaturePairs,
    5,
};
