/**
 * generated by fontconvert.py
 * name: sourceserif4_18_regular
 * size: 18
 * mode: 2-bit  compressed: true
 * Command used: C:\Users\m\Documents\Casper\lib\EpdFont\scripts\fontconvert.py sourceserif4_18_regular 18 C:\Users\m\Documents\Casper\lib\EpdFont\builtinFonts\source\Sourcerer\Sourcerer-Regular.ttf --2bit --compress --pnum --darken-aa
 */
#pragma once
#include "EpdFontData.h"

static const uint8_t sourceserif4_18_regularBitmaps[26738] = {
    0xB5, 0x5A, 0xBF, 0x93, 0xDD, 0xD6, 0x75, 0xBE, 0x00, 0x22, 0x62, 0x32, 0xF0, 0x04, 0x2A, 0xE4,
    0xC2, 0xC3, 0x19, 0xA1, 0x71, 0xE1, 0x99, 0x4C, 0x16, 0x8D, 0x8B, 0x14, 0xCB, 0x05, 0xE4, 0x26,
    0x85, 0x0B, 0xFB, 0x3F, 0xD9, 0x36, 0xC5, 0x86, 0x80, 0xA5, 0xC2, 0x45, 0x0A, 0x6B, 0x26, 0xFF,
    0x80, 0x6A, 0x17, 0xB1, 0x0A, 0x16, 0x2C, 0x96, 0x04, 0x6C, 0x16, 0x2E, 0x5C, 0x18, 0x13, 0xFF,
    0x01, 0xC2, 0x78, 0xD8, 0x65, 0x26, 0x04, 0xCD, 0x97, 0x21, 0x18, 0x03, 0xB8, 0xF9, 0xBE, 0xEF,
    0x00, 0x0F, 0x6F, 0xA9, 0x95, 0x45, 0x8A, 0xD2, 0xBE, 0xF7, 0xCE, 0xC1, 0xBE, 0x87, 0x7B, 0xEF,
    0xB9, 0xE7, 0xF7, 0x39, 0x17, 0x45, 0xD9, 0xB4, 0x1E, 0xAF, 0x46, 0xAF, 0xAA, 0xAE, 0xEA, 0xA2,
    0xC4, 0xCB, 0x15, 0x2E, 0xD7, 0xEB, 0x43, 0xBC, 0xB6, 0xBF, 0xA2, 0xF4, 0xBA, 0x97, 0xBF, 0x8F,
    0xD5, 0xC7, 0x73, 0xF3, 0x64, 0x6E, 0x3E, 0x99, 0x71, 0x51, 0xFD, 0x64, 0x2A, 0x3E, 0x9A, 0x0A,
    0xC7, 0x77, 0xEE, 0xC6, 0x33, 0x77, 0xF8, 0xD0, 0x7D, 0xEE, 0xA2, 0x36, 0x6A, 0x01, 0xE2, 0xD6,
    0xC5, 0x6D, 0x52, 0xBB, 0xB8, 0x06, 0x48, 0xEA, 0xB4, 0x74, 0x69, 0x99, 0x3A, 0x97, 0xF2, 0xE5,
    0xBD, 0x9F, 0x77, 0xE0, 0xCE, 0xDC, 0x3F, 0x39, 0xBC, 0xCF, 0x1D, 0xDE, 0x3B, 0xB8, 0x72, 0x05,
    0x7E, 0x1D, 0x76, 0xE0, 0x0E, 0x6E, 0x70, 0x78, 0x1F, 0x41, 0x30, 0xB8, 0x60, 0x08, 0x7B, 0x17,
    0xF6, 0x61, 0xE7, 0xC2, 0x2E, 0xEA, 0x40, 0xEC, 0x67, 0xA4, 0x78, 0xB8, 0x01, 0x72, 0x5F, 0xBA,
    0x80, 0xE3, 0xA3, 0xF1, 0x2F, 0x93, 0x4B, 0xBB, 0x61, 0x71, 0x59, 0x3B, 0x78, 0x97, 0xD7, 0x43,
    0xE3, 0x8A, 0x7A, 0xB8, 0x70, 0x45, 0x8B, 0xFB, 0x04, 0xB2, 0x03, 0x40, 0x8A, 0x7B, 0x5D, 0xEC,
    0x47, 0xC7, 0x61, 0x2D, 0x27, 0x38, 0x38, 0x17, 0x82, 0x50, 0xE7, 0xBC, 0x07, 0x78, 0xEE, 0x6B,
    0xCC, 0x5C, 0xB4, 0x02, 0xB9, 0x1B, 0xF2, 0x16, 0x63, 0x05, 0x8A, 0x32, 0xEF, 0x30, 0x69, 0xDA,
    0xBF, 0x9C, 0x5C, 0xC4, 0x25, 0xDD, 0xE5, 0x52, 0x7E, 0x89, 0x20, 0x01, 0x5F, 0x8A, 0xB9, 0xF1,
    0x13, 0x50, 0x0D, 0x86, 0xA5, 0x25, 0xBE, 0x04, 0xA7, 0x72, 0x37, 0x91, 0x49, 0x10, 0xC4, 0x44,
    0x26, 0x00, 0x3F, 0x72, 0xEE, 0xA1, 0x73, 0xF7, 0x81, 0xB1, 0x5F, 0xE0, 0xC7, 0xBC, 0x5D, 0x38,
    0x29, 0xED, 0xFB, 0xCC, 0xD9, 0x7D, 0xE7, 0xE1, 0xA2, 0x71, 0x87, 0xF4, 0xA7, 0x20, 0x6B, 0x0A,
    0xFA, 0x22, 0xEA, 0x31, 0x6F, 0xD4, 0xDE, 0x0B, 0x07, 0xAC, 0x93, 0x96, 0xD7, 0xC1, 0x01, 0xEB,
    0x9E, 0xE1, 0x27, 0xEC, 0x0D, 0xB3, 0x4F, 0x5C, 0x04, 0xD4, 0x08, 0x83, 0x91, 0xC2, 0x10, 0xDC,
    0xB4, 0x12, 0xA1, 0xFB, 0x20, 0x1B, 0x8E, 0x83, 0x3C, 0x1C, 0xE6, 0x11, 0xF1, 0x98, 0xD7, 0x91,
    0xDB, 0x58, 0x07, 0xF2, 0xC5, 0xD0, 0x05, 0xC3, 0x56, 0x6D, 0x49, 0x6C, 0x63, 0x95, 0xD7, 0x4E,
    0x97, 0x98, 0x2B, 0x85, 0xA3, 0x16, 0x8A, 0x86, 0x0D, 0x5D, 0x9F, 0xA0, 0x83, 0xBE, 0x0C, 0xA7,
    0xD0, 0x06, 0x24, 0x94, 0xA2, 0x6B, 0x2E, 0x21, 0xFD, 0xD6, 0x15, 0x23, 0x10, 0x98, 0x02, 0x41,
    0x1F, 0x20, 0x8C, 0x89, 0x44, 0x26, 0x7F, 0xF6, 0xE4, 0x40, 0x06, 0x8D, 0x04, 0x82, 0xCA, 0xF6,
    0x20, 0x01, 0x3C, 0x1F, 0x41, 0xF0, 0xE2, 0xE2, 0xF9, 0x1F, 0x88, 0x42, 0x0F, 0x72, 0x21, 0xAB,
    0x66, 0x14, 0x2A, 0x30, 0x77, 0x53, 0xBB, 0x14, 0x2B, 0x15, 0x9D, 0xCB, 0xF0, 0x4D, 0x36, 0x07,
    0x0B, 0x16, 0x88, 0xBD, 0x3F, 0x70, 0x85, 0x6A, 0x29, 0x13, 0x5F, 0x17, 0xAE, 0xAA, 0x61, 0x0F,
    0xB0, 0x86, 0xEA, 0x68, 0x0D, 0x67, 0xAB, 0x25, 0x50, 0x46, 0x35, 0xBE, 0xA1, 0x3C, 0x26, 0x12,
    0x1F, 0xF7, 0x2E, 0x25, 0x19, 0x50, 0x21, 0x7E, 0x5D, 0x61, 0x05, 0xAE, 0xCC, 0xF7, 0x7C, 0xF3,
    0x6D, 0x5F, 0x36, 0xBA, 0x07, 0x77, 0xE6, 0x35, 0x47, 0xA5, 0x1D, 0x67, 0xC0, 0x3C, 0xDC, 0xFE,
    0xBF, 0xE1, 0x5B, 0x89, 0x9F, 0xA2, 0x75, 0x92, 0x0D, 0xBF, 0xC0, 0x82, 0x71, 0xB7, 0xDD, 0xF3,
    0x48, 0x83, 0x8B, 0x92, 0xE3, 0x53, 0x8D, 0x4F, 0xC1, 0x0C, 0xD0, 0x71, 0xDB, 0x1B, 0xDF, 0xE3,
    0x57, 0xDE, 0x63, 0x24, 0x96, 0x47, 0xCA, 0xC3, 0x8D, 0xF2, 0x5C, 0xAB, 0x68, 0x6B, 0xBD, 0x89,
    0x63, 0x03, 0xF8, 0xF7, 0x83, 0xA8, 0xFB, 0x3B, 0x57, 0x7C, 0xDC, 0x36, 0xAE, 0xFA, 0xDF, 0x3F,
    0x78, 0x77, 0xD7, 0xD3, 0x1A, 0x62, 0x68, 0x81, 0x4B, 0x1F, 0x00, 0x5C, 0xDC, 0x03, 0x98, 0xF2,
    0x12, 0x92, 0x4D, 0x49, 0x60, 0xD2, 0xBB, 0xA0, 0x13, 0xED, 0xBC, 0xE5, 0x0D, 0x81, 0xA7, 0x51,
    0x0B, 0xBC, 0xF9, 0xB0, 0xCF, 0xA8, 0x30, 0xE9, 0x94, 0xCE, 0xE9, 0x1C, 0xCF, 0xD8, 0xCD, 0xB9,
    0x1B, 0xC3, 0x21, 0x6D, 0x0B, 0xF7, 0x43, 0xD7, 0xF8, 0x1E, 0xEF, 0xB4, 0x2B, 0x86, 0x62, 0xC4,
    0x6B, 0x48, 0x3B, 0x31, 0x10, 0x96, 0x25, 0x5E, 0x92, 0x01, 0x8E, 0x64, 0x53, 0xE9, 0xA8, 0x71,
    0x34, 0x6F, 0xAC, 0x4C, 0xB5, 0xE3, 0x8E, 0xA9, 0xCF, 0x09, 0x76, 0x90, 0xB6, 0x36, 0x24, 0x5B,
    0x87, 0x5C, 0x38, 0xA9, 0xBE, 0x86, 0x8D, 0x46, 0x86, 0x86, 0xAC, 0xC3, 0xE2, 0x6D, 0x48, 0x6D,
    0x43, 0xF2, 0x75, 0xC8, 0xE9, 0x4A, 0xEE, 0x2E, 0x5D, 0x47, 0x03, 0x75, 0x8B, 0xE6, 0x8C, 0xE2,
    0x89, 0x46, 0x48, 0x27, 0x98, 0x28, 0x19, 0x58, 0x6C, 0x0B, 0x0D, 0x05, 0x68, 0x4A, 0x28, 0x12,
    0x3D, 0x31, 0x95, 0x10, 0x00, 0x7A, 0x88, 0xAF, 0x9B, 0xF2, 0x08, 0x6A, 0x03, 0x55, 0x5B, 0x1D,
    0xEF, 0xB3, 0x61, 0x9C, 0x20, 0x27, 0xC0, 0xA4, 0x33, 0x44, 0x1F, 0x41, 0x3F, 0xE7, 0x74, 0xB0,
    0x25, 0xA1, 0xE9, 0x58, 0x3C, 0xC0, 0x9B, 0x63, 0xA1, 0xEA, 0x1E, 0x9F, 0x9F, 0x63, 0xB4, 0xAB,
    0xCA, 0x6F, 0xE1, 0x53, 0xCB, 0xB0, 0x1A, 0x4C, 0xEA, 0xE9, 0x2B, 0x73, 0xB8, 0xBB, 0xD0, 0x7B,
    0x2A, 0x66, 0xCE, 0x4D, 0x82, 0x94, 0xA2, 0x0B, 0xF7, 0x4D, 0x7A, 0x32, 0x89, 0x3E, 0x54, 0x20,
    0x58, 0x64, 0xF9, 0xD4, 0x39, 0xB2, 0x36, 0xA1, 0xF6, 0x51, 0x6C, 0x34, 0x29, 0x07, 0x07, 0x87,
    0x3B, 0xA6, 0x4D, 0x2B, 0xC9, 0x64, 0x09, 0xC4, 0xBD, 0xF6, 0x15, 0xD7, 0xDD, 0x01, 0x1C, 0xAE,
    0x33, 0x0A, 0xD2, 0x21, 0x1B, 0x5D, 0x46, 0x0A, 0xF2, 0x16, 0x0B, 0xE5, 0xE4, 0xF5, 0x7B, 0xB2,
    0x44, 0x19, 0xA5, 0xAD, 0x2B, 0x95, 0xBE, 0xC4, 0x92, 0xC5, 0xA2, 0xB9, 0xB8, 0x6E, 0xCE, 0xEF,
    0xA2, 0x69, 0x23, 0x92, 0x86, 0x0B, 0x40, 0xAF, 0x06, 0xAE, 0xF3, 0x0A, 0xD7, 0x9E, 0x3B, 0xE7,
    0x8E, 0x70, 0x5F, 0xD6, 0x61, 0x04, 0x1C, 0x09, 0x66, 0x69, 0x38, 0xB1, 0x0B, 0x19, 0x84, 0x62,
    0x51, 0xA8, 0xF8, 0x43, 0x50, 0xC9, 0xE7, 0x53, 0xDF, 0x9E, 0x51, 0x73, 0xFE, 0xC8, 0x30, 0xF3,
    0x33, 0x06, 0x1C, 0xDE, 0x72, 0x4E, 0xF0, 0x30, 0x65, 0x38, 0x03, 0x88, 0x3A, 0x00, 0x44, 0xCC,
    0x81, 0xA1, 0x72, 0x80, 0x26, 0x01, 0x5C, 0x11, 0x9C, 0x1A, 0x4C, 0x7A, 0x9C, 0xFE, 0x36, 0x70,
    0xE7, 0x33, 0x86, 0x1F, 0x7F, 0x0A, 0x5A, 0xF3, 0x61, 0x5F, 0x02, 0xB1, 0x80, 0xA7, 0x07, 0x27,
    0xD7, 0xC2, 0x32, 0x17, 0x7F, 0x97, 0x7D, 0xFB, 0xB5, 0x33, 0x39, 0x53, 0x7E, 0x04, 0x74, 0x76,
    0xD4, 0xD0, 0x55, 0xF3, 0xC0, 0x83, 0x19, 0x52, 0x83, 0xB8, 0x4F, 0x79, 0xA0, 0xBF, 0x80, 0xAC,
    0xCB, 0x5F, 0x31, 0x8E, 0x82, 0x7D, 0xC9, 0xB8, 0xCD, 0xD1, 0x1C, 0x25, 0xBB, 0x8B, 0x9D, 0x3E,
    0x28, 0xFB, 0x2F, 0x4C, 0x50, 0x3C, 0x83, 0xAF, 0x29, 0x5E, 0xC5, 0xBB, 0xD2, 0x48, 0xCF, 0xB1,
    0xEE, 0x4D, 0x90, 0x13, 0x64, 0xB8, 0x9F, 0x9C, 0x6A, 0x28, 0x49, 0xB8, 0xFD, 0x25, 0x9E, 0xA8,
    0xF6, 0x98, 0x2C, 0x81, 0x26, 0xFA, 0x93, 0xBF, 0x13, 0x9B, 0x1C, 0x77, 0x13, 0x86, 0x2B, 0x94,
    0x1A, 0x65, 0xB5, 0x5C, 0x2B, 0x3D, 0xB4, 0x34, 0x64, 0x32, 0xFD, 0x40, 0x70, 0x12, 0x79, 0xA4,
    0x0E, 0xEB, 0x89, 0x7A, 0x6A, 0x82, 0x37, 0xDD, 0x95, 0x92, 0x64, 0x8C, 0xF0, 0x64, 0x5D, 0x34,
    0x63, 0x87, 0xE9, 0x80, 0x8D, 0x61, 0xC6, 0x99, 0xC6, 0xFD, 0x78, 0x05, 0x1D, 0xFE, 0x4D, 0x19,
    0xFC, 0xD2, 0x09, 0x33, 0x46, 0xFE, 0xA7, 0x1D, 0x33, 0x0B, 0x2E, 0x47, 0xB2, 0x32, 0x92, 0x3B,
    0x23, 0x52, 0xC1, 0x8F, 0x2E, 0x18, 0x1B, 0x30, 0x35, 0x01, 0xDB, 0xE9, 0xB4, 0x05, 0x5A, 0xBB,
    0x02, 0x23, 0x90, 0x5E, 0xD0, 0xCC, 0x5F, 0xC5, 0x37, 0xD2, 0x8B, 0x6C, 0x71, 0x46, 0x41, 0x6C,
    0x14, 0x84, 0xB3, 0xB9, 0x03, 0x7A, 0x07, 0xB7, 0x39, 0x95, 0xA2, 0xDD, 0xC1, 0xCE, 0x44, 0xB8,
    0xA3, 0xA2, 0x4D, 0xE6, 0xD0, 0xB7, 0xB0, 0x19, 0x46, 0xDA, 0x99, 0x56, 0x6D, 0x2A, 0xBF, 0x1C,
    0xA5, 0x74, 0xD8, 0xF4, 0x8A, 0xFB, 0x0F, 0x44, 0xB3, 0x32, 0xA2, 0x7A, 0x15, 0x6A, 0xE0, 0x64,
    0xB8, 0xA7, 0x9E, 0xF7, 0xF4, 0xEF, 0xF4, 0x17, 0x79, 0xEF, 0x05, 0xAF, 0x49, 0xB3, 0xDE, 0xF8,
    0xFB, 0x2A, 0xCF, 0x8E, 0xBF, 0xEF, 0x6D, 0x86, 0x98, 0x2C, 0xAB, 0x31, 0x45, 0xE4, 0x5F, 0xBE,
    0x91, 0x91, 0x91, 0x0C, 0x7A, 0x3B, 0x99, 0xB6, 0x93, 0x1D, 0xEB, 0xBB, 0xF0, 0xC4, 0xA4, 0x95,
    0x99, 0xC8, 0x10, 0x35, 0x8B, 0xED, 0xF2, 0x7B, 0x74, 0x5E, 0xAB, 0x59, 0x35, 0x66, 0x5B, 0x5F,
    0xF1, 0xF7, 0xDA, 0x7D, 0x3F, 0xDE, 0x7D, 0x43, 0xBF, 0x4F, 0xC9, 0xAD, 0x33, 0xCD, 0x00, 0x9B,
    0xB4, 0xB0, 0xD1, 0xE0, 0x56, 0xDF, 0xA5, 0xAB, 0x7C, 0x5C, 0x7F, 0xCD, 0x78, 0x1F, 0x4D, 0x46,
    0x63, 0x35, 0x8B, 0xE6, 0xFB, 0xF1, 0x96, 0x78, 0x77, 0xAE, 0x9A, 0xA1, 0x23, 0x65, 0xEE, 0xBB,
    0xE0, 0x37, 0x83, 0x94, 0xF7, 0x5C, 0x6A, 0x7C, 0xC1, 0x60, 0x9E, 0x4C, 0xA1, 0x1F, 0x53, 0x84,
    0xBC, 0x45, 0x81, 0xBE, 0x56, 0xFE, 0x50, 0xDF, 0x20, 0x19, 0xC9, 0x14, 0xBC, 0x4F, 0x71, 0x20,
    0x34, 0xA9, 0x5C, 0xFA, 0x4F, 0x2D, 0x4B, 0xF3, 0x46, 0xEF, 0xD3, 0xA0, 0x01, 0xD7, 0x60, 0xC1,
    0x47, 0x3D, 0xA7, 0xC8, 0x69, 0x0A, 0x48, 0x2D, 0x8D, 0x99, 0xB9, 0x0B, 0x25, 0xAA, 0xB4, 0x86,
    0xC5, 0x24, 0xE3, 0xE7, 0x49, 0x8B, 0x38, 0x89, 0xFC, 0x2E, 0x6E, 0xD3, 0x3A, 0x40, 0x40, 0x8B,
    0xBA, 0x0C, 0x76, 0x14, 0xF7, 0x51, 0x5F, 0x40, 0x7B, 0x93, 0x2E, 0xEA, 0x2F, 0x30, 0x26, 0x6D,
    0xA3, 0xFE, 0x1C, 0x84, 0x12, 0x5F, 0x83, 0x5A, 0xC3, 0xF0, 0x96, 0x75, 0xD4, 0x11, 0xE7, 0x65,
    0xD4, 0x0A, 0x23, 0xEA, 0x5E, 0x63, 0x4D, 0x8C, 0xAD, 0xF9, 0x7F, 0x81, 0x08, 0x71, 0x05, 0xDC,
    0x60, 0x9F, 0xF7, 0x9D, 0x8F, 0xFD, 0xC7, 0x23, 0x93, 0x3C, 0x8F, 0x8D, 0xF2, 0x9E, 0x03, 0x3D,
    0x53, 0xDA, 0x6E, 0x8A, 0xB5, 0x29, 0xCE, 0xEA, 0x6F, 0x36, 0xD7, 0xD3, 0xAC, 0x37, 0xC0, 0x36,
    0xEF, 0xB6, 0xE2, 0xBB, 0x97, 0x38, 0x90, 0xC8, 0x3C, 0xB5, 0x11, 0x26, 0x66, 0xF9, 0x1F, 0x6C,
    0x7D, 0xB2, 0xE9, 0x56, 0x24, 0xCE, 0xB8, 0x33, 0x6F, 0x99, 0x98, 0xE5, 0xB3, 0xE7, 0x72, 0x83,
    0xEE, 0xA1, 0xFC, 0x17, 0xF2, 0x7E, 0xAD, 0x3C, 0xE4, 0x94, 0x59, 0xD8, 0xCB, 0x36, 0xA2, 0x36,
    0x95, 0x96, 0xB5, 0x32, 0x89, 0xA4, 0x96, 0x73, 0x48, 0xC5, 0x5A, 0x56, 0x3C, 0x8B, 0x2A, 0x11,
    0xF9, 0xA1, 0x73, 0xCB, 0xFE, 0xCF, 0xCD, 0xB7, 0x3E, 0x34, 0xB3, 0x1A, 0x24, 0x6F, 0xA2, 0x9C,
    0x15, 0x8D, 0x0C, 0xAE, 0xF1, 0x75, 0xAC, 0xC8, 0xDA, 0x62, 0x82, 0xB6, 0xD2, 0x24, 0x80, 0xF4,
    0x17, 0x5E, 0x6A, 0xE4, 0x35, 0xBD, 0x97, 0x4D, 0x7E, 0xF5, 0x3B, 0xD0, 0x3D, 0xA4, 0xC7, 0xBB,
    0x4B, 0x8E, 0xF5, 0xE6, 0x30, 0xA8, 0x0A, 0xF8, 0x66, 0x3A, 0x99, 0xA1, 0x6A, 0x95, 0x2E, 0x77,
    0x27, 0xB0, 0xDF, 0xAF, 0xF5, 0x2B, 0x7D, 0xB9, 0xA7, 0xCF, 0x21, 0x25, 0x07, 0x42, 0x95, 0x38,
    0xE2, 0xAC, 0xF1, 0x39, 0x5D, 0x50, 0x5D, 0xBA, 0x4A, 0x59, 0x26, 0x6E, 0x86, 0xE4, 0x25, 0x33,
    0x72, 0x39, 0x11, 0x93, 0x62, 0xFA, 0x1D, 0x67, 0x69, 0xB9, 0x56, 0x30, 0x65, 0x3F, 0xC2, 0xAA,
    0xDD, 0xE1, 0xE9, 0xF7, 0xEB, 0x9D, 0x1A, 0xA5, 0xA8, 0xEA, 0x38, 0x5B, 0xD4, 0x71, 0xE6, 0xA8,
    0x27, 0x2B, 0xE2, 0x9E, 0x1B, 0x41, 0x3A, 0x5A, 0x29, 0x3D, 0x46, 0xEE, 0x03, 0x8B, 0x5C, 0xA5,
    0x9F, 0x81, 0xC2, 0x95, 0x5A, 0x23, 0x9D, 0x3B, 0xBE, 0xEB, 0x2D, 0xCE, 0xD1, 0x77, 0xAC, 0x85,
    0x02, 0x50, 0x6A, 0x65, 0x43, 0x22, 0xD6, 0xAC, 0x3C, 0x86, 0xFF, 0x10, 0x0A, 0x6F, 0xA0, 0x60,
    0x43, 0xE5, 0x0D, 0x74, 0xCB, 0x9D, 0x64, 0xC2, 0x3E, 0xD9, 0x3A, 0x35, 0xE9, 0x37, 0x26, 0x8B,
    0x88, 0xDA, 0x19, 0x6B, 0x45, 0xE0, 0x20, 0x24, 0x7F, 0xE7, 0x89, 0x2B, 0x0B, 0x63, 0x5E, 0xAE,
    0xE4, 0x56, 0xF8, 0xE1, 0x1A, 0xB2, 0x19, 0x23, 0x04, 0xB3, 0x13, 0x98, 0x9B, 0xCC, 0x77, 0x68,
    0xDF, 0xAC, 0xBF, 0xA6, 0x6E, 0x1F, 0xBB, 0xC2, 0xB4, 0x7E, 0x1D, 0x66, 0x82, 0x79, 0x2D, 0x4A,
    0x4E, 0xA1, 0x91, 0x26, 0x3A, 0x6E, 0x80, 0x5C, 0xA3, 0xB6, 0x84, 0x2F, 0xFD, 0x32, 0xD0, 0x86,
    0x6C, 0x57, 0xAF, 0xFD, 0xEA, 0xFE, 0x16, 0x90, 0x08, 0x8D, 0x4D, 0xBB, 0x55, 0xAF, 0x62, 0x86,
    0xF9, 0x42, 0xF5, 0xA4, 0x7E, 0xBD, 0x6E, 0x85, 0x36, 0x90, 0xF7, 0x08, 0xF5, 0xA6, 0x27, 0xA6,
    0x34, 0x50, 0x0E, 0xF3, 0x01, 0xC5, 0x8A, 0x7A, 0xB7, 0x2B, 0xDA, 0x86, 0x4C, 0x05, 0x89, 0xEE,
    0xFC, 0xFA, 0xD7, 0xFC, 0x12, 0x76, 0x58, 0x02, 0xDD, 0x69, 0xFE, 0x4F, 0x03, 0x60, 0xA3, 0x85,
    0x25, 0x63, 0xB9, 0x21, 0x4E, 0xCD, 0xEC, 0x6D, 0x12, 0x92, 0xDE, 0x0F, 0xD2, 0x0A, 0xBA, 0x08,
    0x92, 0x34, 0x28, 0x5C, 0x5F, 0x0E, 0xBB, 0x4F, 0xCA, 0x49, 0x3C, 0x77, 0xE3, 0xFD, 0x4C, 0xD4,
    0xA0, 0xCC, 0x3D, 0x55, 0x2C, 0xDB, 0xF3, 0x37, 0x42, 0x7E, 0xE3, 0xAF, 0x7F, 0x97, 0x59, 0x8E,
    0x08, 0xB4, 0x54, 0x7E, 0x26, 0x81, 0x3B, 0xB9, 0xBA, 0x72, 0xEF, 0xF8, 0xAE, 0x34, 0x15, 0x5C,
    0xDD, 0xC0, 0x8F, 0xB8, 0xC7, 0xBE, 0xC1, 0xDB, 0x7C, 0xA2, 0xAF, 0xFB, 0x1C, 0x2C, 0x25, 0xE7,
    0x07, 0x0A, 0x51, 0xFC, 0x7B, 0xAB, 0x42, 0xA8, 0x59, 0x2C, 0x39, 0xC0, 0xF2, 0x48, 0xA8, 0x48,
    0x48, 0xE4, 0x97, 0xCD, 0xA2, 0x88, 0xAE, 0x85, 0x02, 0x65, 0xEF, 0xAA, 0x11, 0xA9, 0x9F, 0xF5,
    0xD1, 0x7C, 0x80, 0xAE, 0x85, 0x74, 0x87, 0xF3, 0x16, 0x57, 0xBC, 0x45, 0x12, 0x9F, 0x5B, 0x32,
    0x72, 0x6D, 0x4A, 0x3B, 0xA8, 0x86, 0xF0, 0xAD, 0x42, 0x08, 0x82, 0x7A, 0x6F, 0x93, 0xD9, 0xD4,
    0x0A, 0x1A, 0xE6, 0xA4, 0x81, 0xC2, 0xE5, 0x06, 0xEF, 0x9B, 0xD5, 0x39, 0x31, 0xEC, 0xCE, 0x89,
    0xE8, 0x5C, 0x80, 0xCA, 0x6A, 0xF5, 0x0E, 0xCA, 0xD4, 0x2C, 0x4E, 0xBD, 0x66, 0xC3, 0xDF, 0x2E,
    0xFC, 0x7B, 0x67, 0x46, 0x7D, 0xBB, 0xF7, 0x69, 0x56, 0x0F, 0x65, 0xB0, 0x50, 0x81, 0xE7, 0x17,
    0xD5, 0x54, 0x60, 0x6A, 0x40, 0x0F, 0xCB, 0x14, 0x4C, 0x09, 0x0F, 0xF7, 0x46, 0xFB, 0xF1, 0x56,
    0x14, 0xB1, 0x23, 0xF3, 0xD7, 0x83, 0xC5, 0xDC, 0x17, 0x6C, 0x7C, 0xAD, 0xF8, 0x0A, 0xF8, 0x39,
    0x76, 0x77, 0x00, 0x1E, 0xB6, 0x4F, 0x53, 0x86, 0xBD, 0x57, 0xEF, 0x2D, 0xEA, 0x56, 0xDC, 0x12,
    0x67, 0x7D, 0x52, 0x13, 0xA7, 0x43, 0x4A, 0x72, 0x86, 0xE4, 0x20, 0xCF, 0x83, 0x72, 0xF8, 0x62,
    0xC5, 0xE7, 0xC2, 0xC1, 0x72, 0x2D, 0xEC, 0x10, 0x02, 0x84, 0x9B, 0xC1, 0xB0, 0x42, 0x5D, 0x30,
    0x58, 0xDD, 0x81, 0xDA, 0x39, 0x47, 0x49, 0xB9, 0x00, 0xA7, 0x35, 0x70, 0xB5, 0x28, 0xC7, 0x46,
    0x36, 0x86, 0x9F, 0x3A, 0xED, 0x86, 0x2D, 0xA9, 0xDE, 0xD0, 0xC1, 0xD0, 0x24, 0xF4, 0xC2, 0x0B,
    0x3D, 0xC7, 0xAD, 0x40, 0x03, 0xA4, 0x47, 0x54, 0x0C, 0x42, 0xC8, 0x4A, 0x89, 0xA0, 0xE3, 0x44,
    0x88, 0x29, 0x44, 0xF0, 0xFC, 0x42, 0x4D, 0x2B, 0x54, 0x0C, 0x42, 0xE9, 0x28, 0x14, 0xCF, 0x42,
    0xA1, 0x17, 0x72, 0x2B, 0xAA, 0x0C, 0xE5, 0x86, 0x52, 0x43, 0x11, 0xE3, 0x71, 0xCF, 0x7C, 0xAD,
    0xD9, 0xBA, 0x2A, 0xB9, 0xB2, 0x19, 0xAB, 0x16, 0x90, 0xB6, 0x27, 0xB3, 0x95, 0x74, 0xEA, 0x89,
    0xCA, 0xCF, 0x45, 0xE6, 0xAB, 0xA8, 0x80, 0xE9, 0x28, 0x75, 0x44, 0x75, 0x41, 0x77, 0x86, 0x48,
    0x45, 0x1F, 0x07, 0x27, 0x26, 0xE4, 0xE5, 0x14, 0xC3, 0x23, 0xA2, 0x6F, 0xDC, 0xD1, 0xCD, 0xDF,
    0xB6, 0x01, 0x36, 0x7C, 0x9D, 0x6C, 0x9D, 0x3A, 0xB5, 0x85, 0xB8, 0x6C, 0x36, 0x28, 0x38, 0xAA,
    0xAA, 0x12, 0x49, 0xD8, 0x4E, 0x3C, 0xAB, 0x1E, 0xB5, 0x3C, 0xFC, 0x72, 0x8D, 0x7E, 0xAF, 0x2C,
    0x06, 0xB2, 0x6C, 0x72, 0x97, 0xB7, 0xE4, 0x3D, 0x8A, 0xBA, 0x4D, 0xBD, 0x67, 0x30, 0x76, 0x6D,
    0x50, 0xBF, 0xDA, 0x9D, 0x36, 0xEA, 0xD2, 0x9A, 0x4F, 0x34, 0x2A, 0x3F, 0xBE, 0xBD, 0x25, 0x6C,
    0x56, 0x67, 0x5F, 0x7D, 0x15, 0x7F, 0xEB, 0xB7, 0xE4, 0xEF, 0x09, 0x63, 0x77, 0xFE, 0x06, 0xC7,
    0xFF, 0x6E, 0xE7, 0xEF, 0xA0, 0xE1, 0x0C, 0x64, 0x58, 0x85, 0xB1, 0x07, 0x6A, 0xA5, 0xD8, 0x73,
    0xD0, 0x56, 0xF3, 0x7E, 0x4B, 0xEA, 0x30, 0x8D, 0x6A, 0x8F, 0xD4, 0x37, 0x2A, 0xD8, 0x54, 0xA9,
    0x5B, 0x9E, 0xC3, 0x64, 0xD5, 0xF2, 0xE7, 0xD8, 0xFE, 0xB3, 0xD6, 0xC7, 0x5A, 0xB5, 0xB0, 0x40,
    0x79, 0x5F, 0x11, 0x51, 0xAC, 0x82, 0x64, 0x7A, 0xB7, 0x27, 0xA2, 0x8C, 0x6D, 0x2A, 0x63, 0xFC,
    0x96, 0xE5, 0x7C, 0x8D, 0x28, 0x76, 0x21, 0x28, 0x7D, 0x55, 0x04, 0xF4, 0xD6, 0x59, 0x5F, 0xBD,
    0x5C, 0xAA, 0x0C, 0x2C, 0x51, 0x5E, 0x14, 0x4F, 0x7B, 0xE2, 0x6A, 0xA3, 0xC2, 0xE5, 0xCB, 0xE9,
    0x6E, 0xC9, 0xA0, 0x54, 0x29, 0x76, 0x22, 0xB4, 0xDE, 0x55, 0x56, 0x8B, 0x6F, 0x22, 0x54, 0xB5,
    0x4C, 0x01, 0x1A, 0x16, 0xC3, 0x95, 0x75, 0x69, 0x37, 0xF0, 0xFD, 0xB5, 0x97, 0xA1, 0xF6, 0x8C,
    0xF2, 0x74, 0x12, 0x12, 0x93, 0x90, 0xAD, 0xE5, 0x3F, 0xCA, 0x6B, 0x29, 0x3E, 0x1F, 0xCB, 0xC8,
    0xC6, 0x1A, 0x20, 0xEC, 0xD6, 0xB6, 0xF7, 0x09, 0x1E, 0x13, 0x34, 0xEC, 0x57, 0x35, 0xDA, 0x01,
    0x33, 0xD1, 0x5C, 0x6C, 0x61, 0x60, 0x29, 0xFC, 0x76, 0x76, 0x01, 0x08, 0x61, 0x44, 0x82, 0xE1,
    0x70, 0x41, 0x78, 0xB8, 0x07, 0x18, 0x1C, 0xAE, 0x28, 0xA4, 0x83, 0x89, 0xEA, 0x3B, 0x87, 0x99,
    0xC4, 0x2E, 0xD8, 0x28, 0x82, 0xF7, 0x86, 0xA0, 0x1B, 0xA5, 0x7B, 0xEF, 0x60, 0x61, 0x67, 0xB0,
    0xB6, 0xDC, 0x77, 0x8B, 0xBC, 0x35, 0x5F, 0xBD, 0x75, 0x62, 0xB0, 0x3A, 0x7B, 0xA9, 0xEC, 0xC7,
    0x77, 0x6E, 0x2D, 0x1C, 0x5C, 0x3E, 0x07, 0x0C, 0x98, 0x6B, 0xE9, 0x14, 0x5A, 0xC2, 0x0E, 0xEE,
    0xB2, 0xE3, 0x08, 0x47, 0x0B, 0x27, 0xBC, 0x22, 0x12, 0x7F, 0xC7, 0xF2, 0xE8, 0xD0, 0x32, 0x3E,
    0xC6, 0xE9, 0xA6, 0x55, 0x6B, 0x0B, 0x72, 0x4E, 0x6A, 0xD9, 0xA1, 0x9A, 0xBA, 0x83, 0xD2, 0x5D,
    0xE8, 0xD8, 0x99, 0xA9, 0x3D, 0x5B, 0x42, 0xD0, 0xB2, 0x2B, 0x53, 0xFB, 0x87, 0x4E, 0x67, 0x19,
    0x87, 0xD3, 0x88, 0x1E, 0x8A, 0x7D, 0xCD, 0x27, 0x56, 0x8C, 0xFC, 0xDE, 0xD0, 0x1F, 0x54, 0x0C,
    0x66, 0xCF, 0xAC, 0x5E, 0x34, 0x43, 0xB1, 0x06, 0x80, 0x74, 0xF6, 0xC4, 0x88, 0xCC, 0xA4, 0x74,
    0xE2, 0x03, 0x72, 0xB1, 0x99, 0xDF, 0x22, 0x6E, 0xDB, 0xD5, 0x2F, 0x70, 0x45, 0xAB, 0xC9, 0x3B,
    0x6D, 0xDB, 0xAE, 0xD8, 0x93, 0xC3, 0x0E, 0x60, 0xE0, 0x89, 0xB5, 0x56, 0xAB, 0x41, 0x94, 0xB3,
    0x97, 0x33, 0x28, 0x4B, 0xC7, 0xD5, 0xCB, 0xD1, 0x7A, 0xCD, 0x1D, 0x83, 0x24, 0x77, 0x92, 0xF5,
    0xE1, 0x9F, 0x27, 0x6D, 0x26, 0x1D, 0xA2, 0xDF, 0x2E, 0x6A, 0xEC, 0xE3, 0x0A, 0x61, 0xF1, 0x4A,
    0xFB, 0x4C, 0xA0, 0x9F, 0xA3, 0xEA, 0xDD, 0xB4, 0xAC, 0x6A, 0x55, 0xAB, 0x53, 0x6A, 0x27, 0x5E,
    0x2E, 0x9C, 0xCE, 0x5C, 0xF1, 0xBB, 0x5E, 0xED, 0xD8, 0x7B, 0x2E, 0xFB, 0x93, 0x1C, 0x83, 0x3F,
    0x77, 0xE9, 0x8B, 0xD6, 0xB2, 0x17, 0x97, 0xBE, 0xD4, 0x55, 0xC3, 0x2E, 0x67, 0xBD, 0xA6, 0xCC,
    0xD6, 0x4C, 0xB1, 0x2B, 0xB7, 0x2A, 0x58, 0x60, 0x57, 0x59, 0xBB, 0x76, 0x59, 0x25, 0xC6, 0xB5,
    0xA6, 0xAE, 0xAD, 0x8B, 0xAE, 0x34, 0x6F, 0xB1, 0x3C, 0x6B, 0x56, 0xC1, 0x93, 0x59, 0x7E, 0x7D,
    0xCF, 0x26, 0xBB, 0xB6, 0x9A, 0x4E, 0x3D, 0x9A, 0x49, 0xE9, 0x56, 0xB4, 0xA8, 0x43, 0x19, 0xF8,
    0xD4, 0xBC, 0xD1, 0xFF, 0x58, 0x7E, 0x6E, 0xD3, 0xE6, 0xE6, 0xB8, 0xD2, 0x9B, 0x65, 0xBC, 0x2D,
    0x7E, 0x61, 0xD4, 0x5C, 0x35, 0x27, 0x15, 0x7B, 0xD4, 0xAB, 0x6C, 0x8C, 0x5B, 0x8D, 0x48, 0x4B,
    0x09, 0xEB, 0xCC, 0xB6, 0x70, 0x65, 0x75, 0xC5, 0x41, 0xAA, 0xC3, 0xE8, 0x0F, 0xF1, 0x58, 0x57,
    0xB9, 0x2C, 0x94, 0x1D, 0x16, 0x4A, 0x0E, 0xB9, 0x49, 0x08, 0xC4, 0x28, 0x6F, 0x44, 0x38, 0x84,
    0x75, 0xAE, 0x82, 0xF4, 0xC1, 0x46, 0x7C, 0x32, 0x51, 0x6D, 0xA2, 0x39, 0x52, 0x70, 0x4C, 0x94,
    0x2F, 0x8A, 0xFE, 0xE6, 0x3F, 0x77, 0xEA, 0xD5, 0x1B, 0xB2, 0xFC, 0xEF, 0x6D, 0x61, 0xE2, 0x2D,
    0x7B, 0x82, 0xA7, 0xC9, 0x55, 0x1B, 0x16, 0x3A, 0x48, 0x85, 0x67, 0x03, 0x0F, 0x8A, 0x92, 0x54,
    0x14, 0xA2, 0xAB, 0x10, 0x73, 0x2F, 0xD6, 0xE3, 0x46, 0x73, 0xE9, 0xA6, 0xA1, 0xC6, 0x33, 0xAB,
    0xA2, 0xAD, 0xDA, 0x91, 0x6C, 0x4D, 0x86, 0x6A, 0x5A, 0xAC, 0xFC, 0xCC, 0x4E, 0x8A, 0x74, 0xE3,
    0x25, 0xE6, 0xCA, 0x4A, 0xD6, 0x36, 0xB9, 0xE6, 0x2A, 0x14, 0x79, 0x0A, 0xCD, 0x55, 0x98, 0xD3,
    0x3B, 0x66, 0x82, 0x60, 0x9D, 0x28, 0xF9, 0x8E, 0xDE, 0x5A, 0x62, 0x5A, 0xDB, 0xBA, 0xF7, 0xD6,
    0xA3, 0x17, 0xE6, 0xE5, 0xD9, 0xAA, 0x73, 0xD4, 0x40, 0xEA, 0x8F, 0x4E, 0x78, 0xD6, 0xD3, 0x1E,
    0xD9, 0xF7, 0xB8, 0x0E, 0xBA, 0x5A, 0x07, 0x15, 0xDB, 0xA0, 0xD2, 0x06, 0xF1, 0x28, 0x88, 0xFA,
    0xC7, 0x81, 0x1C, 0x24, 0x6F, 0x30, 0xAE, 0xA7, 0x0F, 0xDB, 0x6A, 0xC5, 0xBA, 0x9A, 0x06, 0xD5,
    0x7E, 0x81, 0x20, 0xDE, 0xE1, 0xA5, 0xF1, 0x34, 0x1E, 0x8A, 0x03, 0xC6, 0x1E, 0xBC, 0x62, 0x4B,
    0xF8, 0xDA, 0x25, 0x1D, 0xFB, 0x6A, 0x59, 0x49, 0x78, 0xDF, 0xB1, 0x8B, 0x16, 0x0E, 0x3F, 0x74,
    0xCE, 0x2A, 0xEF, 0xF6, 0x14, 0x5E, 0xA8, 0x4D, 0x0C, 0xC3, 0xE7, 0x99, 0xEA, 0x05, 0xD2, 0xF5,
    0xDC, 0x0E, 0x43, 0x3A, 0x1E, 0x86, 0xC0, 0xF5, 0x75, 0xF1, 0x81, 0xED, 0xFA, 0x11, 0x25, 0x3C,
    0xFC, 0xD3, 0x7B, 0xE6, 0xA4, 0xEE, 0xB2, 0x2D, 0x03, 0x4F, 0x1A, 0xF8, 0xFF, 0x60, 0x0E, 0xC1,
    0x13, 0x1B, 0x9E, 0x6A, 0x14, 0xBC, 0xA5, 0x2A, 0x09, 0x6A, 0x48, 0xB9, 0xE8, 0xAB, 0xF9, 0xFD,
    0xCC, 0x3F, 0xF7, 0x03, 0x42, 0x21, 0x54, 0xEA, 0x07, 0xBB, 0xCB, 0xD3, 0xD1, 0xC9, 0x9A, 0x07,
    0xB9, 0x37, 0x82, 0x1A, 0xB7, 0x54, 0xEA, 0x63, 0x1D, 0xD8, 0xA6, 0xF5, 0x5C, 0x07, 0xBF, 0x06,
    0x76, 0x54, 0xEA, 0xED, 0xC0, 0xB4, 0x3C, 0x81, 0xF5, 0x09, 0x2C, 0xD7, 0xE3, 0xD4, 0xED, 0xCE,
    0x60, 0x39, 0xA6, 0x09, 0x4F, 0xA1, 0x84, 0xF9, 0xCC, 0x10, 0x5E, 0x4C, 0x6A, 0x8B, 0x27, 0x16,
    0x2F, 0x90, 0x0F, 0x2D, 0x1F, 0xCD, 0xF4, 0xF8, 0xC8, 0x57, 0xFA, 0xF5, 0x58, 0x81, 0xE0, 0x07,
    0x76, 0xB4, 0xA1, 0xAE, 0xB7, 0x81, 0x7A, 0x3B, 0x7F, 0x52, 0x8A, 0xA0, 0xB8, 0x09, 0xFD, 0x8E,
    0xCB, 0xD8, 0x97, 0xF7, 0xD7, 0x8C, 0x31, 0x33, 0x37, 0x18, 0xC8, 0x60, 0xD4, 0xF2, 0x4D, 0xD4,
    0x7B, 0xBE, 0x23, 0x28, 0x19, 0xFE, 0x6D, 0x98, 0x2D, 0x99, 0xB2, 0xCF, 0x67, 0x2D, 0xE8, 0x0A,
    0x31, 0x8A, 0x06, 0xDB, 0x92, 0x32, 0x9D, 0x6A, 0xEC, 0x10, 0xD4, 0xDC, 0x0A, 0x4F, 0xEF, 0x41,
    0x18, 0x00, 0x4C, 0x55, 0xB7, 0xC4, 0x9A, 0x0D, 0x39, 0xCC, 0x17, 0x0C, 0x27, 0x33, 0x43, 0xD3,
    0xCE, 0x81, 0x99, 0xA7, 0x83, 0xF4, 0x09, 0x3A, 0xB4, 0x66, 0x2E, 0x54, 0x17, 0x9B, 0xF2, 0xD4,
    0xFB, 0xE6, 0x4F, 0xCE, 0x7A, 0x3A, 0x73, 0x11, 0x41, 0x89, 0x82, 0x36, 0xAE, 0x23, 0xCF, 0xF3,
    0x2F, 0xCF, 0x2A, 0x47, 0x59, 0x16, 0x63, 0x53, 0x84, 0xFF, 0xD2, 0x5F, 0xC1, 0xF5, 0x20, 0xD2,
    0x81, 0x3D, 0x3C, 0x63, 0x96, 0x89, 0x4C, 0xD6, 0x48, 0x0E, 0xD7, 0x4F, 0xC3, 0xF6, 0x90, 0x37,
    0x21, 0x7D, 0x93, 0xCF, 0x25, 0x74, 0x45, 0x19, 0xC0, 0xE5, 0xEC, 0x3E, 0x87, 0x2F, 0xFE, 0xD5,
    0x90, 0x8E, 0x99, 0x1F, 0xB2, 0x0E, 0xCA, 0x5C, 0xB4, 0x21, 0xD5, 0x35, 0xD8, 0x00, 0xFF, 0xD5,
    0x0F, 0x28, 0x00, 0x07, 0x53, 0xFF, 0xF0, 0xD9, 0xA2, 0xE3, 0x75, 0x33, 0x55, 0x72, 0x4C, 0xCD,
    0xD8, 0x51, 0x8F, 0xA2, 0x94, 0xEC, 0xC4, 0xF0, 0x51, 0x95, 0xAA, 0xE7, 0x99, 0xFB, 0x70, 0x9F,
    0xBD, 0xF0, 0xC7, 0x6C, 0x13, 0xD0, 0xD5, 0xF3, 0xF0, 0x35, 0xAF, 0x8B, 0xA7, 0x77, 0x16, 0xDE,
    0x7C, 0x60, 0x66, 0x87, 0x29, 0xDE, 0x49, 0xFD, 0x95, 0x4C, 0x2E, 0x19, 0x2B, 0x06, 0x18, 0x01,
    0xD5, 0x7F, 0x54, 0x3B, 0xB0, 0x36, 0x23, 0x08, 0xBF, 0x19, 0x9C, 0x57, 0x78, 0xD7, 0x7F, 0xF6,
    0x8F, 0xFE, 0xD3, 0x82, 0x89, 0x27, 0x1D, 0x01, 0x24, 0x97, 0xCE, 0x84, 0xAF, 0x9F, 0xB7, 0x5C,
    0xD1, 0xBF, 0x7B, 0xBD, 0xA3, 0x37, 0x7B, 0x57, 0x6C, 0x45, 0x77, 0x3A, 0x15, 0x88, 0xBC, 0x15,
    0xF3, 0x8A, 0x9C, 0xF3, 0x2D, 0x87, 0x25, 0x67, 0xC6, 0x1E, 0x32, 0x47, 0xAC, 0x79, 0xD7, 0xCF,
    0x7C, 0xA2, 0x57, 0xF0, 0x5F, 0xBF, 0x83, 0xB6, 0xBF, 0xEC, 0x75, 0x60, 0xBB, 0x06, 0x7F, 0xB7,
    0x9E, 0x18, 0xAF, 0x92, 0x30, 0xA9, 0x04, 0x6F, 0x21, 0x15, 0xF6, 0x7F, 0x28, 0x1B, 0xB9, 0x94,
    0xBC, 0x24, 0x64, 0x70, 0x58, 0xE4, 0xF9, 0x2D, 0x09, 0x59, 0x78, 0x4C, 0x08, 0x99, 0xA9, 0x81,
    0xA3, 0x82, 0xCF, 0xFF, 0x51, 0x05, 0xA4, 0x1C, 0xE9, 0x12, 0x1A, 0xB1, 0x5E, 0x63, 0x2B, 0x65,
    0x41, 0x74, 0x1F, 0x8B, 0xFA, 0x83, 0xFE, 0x29, 0x92, 0x27, 0x14, 0x51, 0x91, 0xA7, 0xD3, 0xE1,
    0xE9, 0xE6, 0x22, 0x52, 0xBF, 0x8D, 0x37, 0x26, 0x67, 0x79, 0xF6, 0x00, 0xB3, 0xB2, 0x18, 0x4B,
    0xC6, 0xC2, 0xB7, 0x3C, 0x5F, 0x6C, 0x5E, 0x79, 0xFF, 0x27, 0x3A, 0x43, 0xA4, 0x0B, 0xB9, 0xFF,
    0x14, 0xA5, 0x64, 0xEC, 0xA9, 0x0A, 0xF0, 0x33, 0xA0, 0xD8, 0x9E, 0x11, 0x39, 0xBD, 0x40, 0x78,
    0x78, 0x97, 0x8B, 0xE4, 0xE6, 0xC5, 0xA5, 0xAF, 0x7F, 0xB3, 0x7C, 0xD4, 0xB0, 0xA3, 0xD9, 0x7B,
    0xFF, 0x84, 0x04, 0x91, 0x42, 0x23, 0x4F, 0xB4, 0xF5, 0x22, 0x6C, 0x20, 0x55, 0xA0, 0xC1, 0xA6,
    0x7A, 0x17, 0xA8, 0x15, 0x6B, 0x2D, 0xD7, 0x6E, 0x7E, 0x6F, 0x94, 0x87, 0xE5, 0xFC, 0x55, 0x4D,
    0xFF, 0xDA, 0x15, 0xF4, 0x95, 0x02, 0xD5, 0x06, 0x0E, 0x70, 0x79, 0x00, 0xBC, 0xDA, 0x7F, 0xD5,
    0xCD, 0x29, 0x87, 0x69, 0x02, 0x4D, 0x65, 0x93, 0x3E, 0xC8, 0x66, 0x97, 0x8D, 0x3A, 0x98, 0xE9,
    0xAB, 0xFE, 0x72, 0xB1, 0xA8, 0x19, 0x4D, 0x1B, 0x08, 0x17, 0x80, 0x60, 0x91, 0x35, 0x6F, 0x40,
    0xFF, 0x06, 0xF3, 0xC9, 0x7D, 0x6C, 0x88, 0x44, 0x10, 0x4A, 0x1F, 0x2D, 0x9E, 0xF1, 0xAF, 0xB2,
    0x9E, 0xC8, 0xD7, 0x00, 0x9D, 0x6D, 0xAF, 0xCD, 0x86, 0xD9, 0xB1, 0x6C, 0xF0, 0xBF, 0xEF, 0xB4,
    0xC5, 0x4E, 0x41, 0xA4, 0xA3, 0x70, 0x79, 0x2A, 0xDE, 0xEE, 0x10, 0xBB, 0xBB, 0x15, 0x9E, 0xDE,
    0x03, 0x97, 0x98, 0x75, 0x0A, 0x22, 0x9D, 0x82, 0x88, 0x4E, 0xA8, 0xBF, 0xE8, 0x18, 0x44, 0x32,
    0x65, 0x87, 0x6F, 0x0C, 0xF5, 0x2C, 0x81, 0x1A, 0xE5, 0xEE, 0x01, 0x3C, 0xF0, 0x58, 0x4C, 0x7E,
    0xF4, 0xD3, 0xA5, 0x7F, 0x72, 0xD8, 0x1C, 0x06, 0xB3, 0xCB, 0x37, 0x75, 0xFA, 0xEA, 0x63, 0x35,
    0x7A, 0xB6, 0xA0, 0xCD, 0xFA, 0xAC, 0x2D, 0xEA, 0xA4, 0x2D, 0xCA, 0x18, 0x38, 0x28, 0x8B, 0xC1,
    0x42, 0x71, 0xEC, 0x15, 0x61, 0x6A, 0xF8, 0xFA, 0x9E, 0xF9, 0xEA, 0x8F, 0x20, 0xED, 0x2B, 0x17,
    0xC3, 0x91, 0x27, 0x43, 0x51, 0x5E, 0x76, 0x85, 0x7C, 0x3C, 0xDC, 0xDF, 0x8F, 0xD6, 0x00, 0x75,
    0xBD, 0x3B, 0x93, 0x2D, 0x50, 0x6D, 0x01, 0x2A, 0x3C, 0x09, 0x5A, 0x6F, 0xFA, 0x09, 0x7C, 0x62,
    0x4F, 0x06, 0x32, 0xA3, 0xFF, 0xC0, 0xB9, 0xF7, 0x99, 0xE0, 0x83, 0x66, 0x83, 0xB8, 0x23, 0xFA,
    0x36, 0x20, 0x7C, 0x99, 0x52, 0xA5, 0x5F, 0x28, 0x62, 0xF8, 0x17, 0x33, 0xF3, 0xDF, 0x27, 0xCC,
    0x1D, 0x78, 0x7C, 0x5F, 0xF8, 0x43, 0x85, 0x0A, 0xE5, 0x50, 0x78, 0x70, 0x37, 0x1C, 0x02, 0x35,
    0xAB, 0xF5, 0xD8, 0x47, 0xC3, 0x07, 0x30, 0x91, 0x15, 0x32, 0x9C, 0xA7, 0x2C, 0x15, 0xCF, 0x18,
    0xE4, 0xCE, 0xD9, 0xEE, 0xF9, 0x57, 0xF2, 0x19, 0x45, 0x4B, 0x38, 0xCB, 0x97, 0xF5, 0x7B, 0x8B,
    0xC3, 0xAD, 0x67, 0xC0, 0x19, 0x17, 0x19, 0xBC, 0xFF, 0x25, 0xC3, 0x49, 0xDF, 0xF8, 0x4F, 0x3C,
    0x1F, 0xA8, 0x89, 0x59, 0x3F, 0x83, 0x1E, 0xB8, 0xDE, 0x7B, 0xEA, 0xD9, 0x4C, 0x3A, 0xCC, 0x74,
    0x67, 0x2A, 0xA1, 0xAB, 0xFA, 0x7C, 0xD1, 0x71, 0x66, 0x7B, 0x5E, 0xE9, 0x3C, 0xB3, 0x7D, 0x50,
    0xFC, 0x84, 0xE5, 0x4A, 0x3F, 0xE4, 0x4F, 0xF8, 0xA8, 0xD4, 0xF3, 0x3E, 0x23, 0x8E, 0x5F, 0x74,
    0xE9, 0x7F, 0xB3, 0x39, 0xFC, 0xD7, 0x36, 0x59, 0x7B, 0x2C, 0xD1, 0x7A, 0xC6, 0x63, 0xF5, 0x87,
    0xB7, 0xC7, 0x0F, 0xEC, 0xB9, 0x35, 0x3B, 0x37, 0x55, 0xAB, 0xBE, 0xE3, 0x71, 0x41, 0xD7, 0x4C,
    0xF0, 0xB7, 0x3C, 0x97, 0x2A, 0x73, 0xAE, 0x75, 0xC5, 0x5C, 0x8D, 0xA7, 0x2F, 0x2F, 0x99, 0xB5,
    0xD3, 0x4C, 0xC3, 0xE3, 0x59, 0x11, 0x73, 0x22, 0x97, 0x7C, 0xA1, 0xC7, 0x6D, 0xC0, 0xBC, 0x7B,
    0x54, 0xAE, 0x91, 0x2C, 0x1A, 0xC0, 0x9D, 0xCB, 0xE5, 0x8E, 0x87, 0x2F, 0x62, 0x26, 0x00, 0xC7,
    0xB1, 0x34, 0xFE, 0xD3, 0x86, 0x8F, 0x51, 0x44, 0x1D, 0x37, 0xCA, 0x4C, 0x38, 0xA9, 0xB9, 0xD5,
    0xF5, 0xA8, 0xAC, 0x29, 0xEF, 0x69, 0x67, 0x04, 0x0F, 0xC9, 0x4D, 0x9D, 0xFB, 0xB0, 0xE4, 0xFB,
    0x4B, 0xA7, 0xAD, 0xAC, 0x8B, 0x07, 0xFB, 0x69, 0xD5, 0xE3, 0x95, 0x76, 0xE7, 0xFE, 0x99, 0xE0,
    0xF3, 0xAD, 0x1F, 0x10, 0xB2, 0x2D, 0xF7, 0xCB, 0x7A, 0x7D, 0xA8, 0x94, 0x3A, 0x6C, 0xD9, 0x26,
    0x54, 0x71, 0xE2, 0xE7, 0x11, 0xFC, 0xE8, 0x35, 0x56, 0x60, 0x4A, 0x33, 0xAA, 0xBB, 0x31, 0x5B,
    0x8F, 0x2E, 0x1D, 0x8E, 0x4F, 0xA2, 0x80, 0xB2, 0x0F, 0x40, 0xE2, 0x05, 0x9F, 0x13, 0x82, 0x09,
    0x3F, 0x82, 0x61, 0x23, 0xFB, 0xF5, 0x13, 0x3F, 0x8C, 0xEF, 0xCD, 0xC4, 0xA4, 0x60, 0x64, 0xF0,
    0x0F, 0x0F, 0xBC, 0xE0, 0x13, 0x9D, 0x93, 0xDE, 0xD7, 0x2A, 0x7E, 0xF4, 0xA8, 0x2D, 0xAE, 0xE3,
    0x41, 0x65, 0x6F, 0xAB, 0x03, 0x92, 0x69, 0xFB, 0xFE, 0x4A, 0xB7, 0xE9, 0x7E, 0x0C, 0xC4, 0x70,
    0x4C, 0x12, 0x69, 0x1E, 0x06, 0x1E, 0x78, 0xAC, 0x64, 0x7A, 0xC3, 0x3F, 0x9E, 0xB5, 0x8C, 0x92,
    0xE7, 0x63, 0x3D, 0x65, 0x73, 0x5F, 0x17, 0x8F, 0x36, 0x62, 0x46, 0x89, 0xD6, 0x5A, 0xD6, 0xF6,
    0xFC, 0x01, 0x7B, 0xA5, 0x23, 0x2F, 0x26, 0x67, 0x4F, 0xFC, 0xF2, 0xA7, 0x23, 0xF1, 0x8F, 0x34,
    0xFC, 0xBE, 0xA6, 0x7A, 0x4C, 0x03, 0x81, 0x51, 0xD0, 0x01, 0x60, 0xB3, 0x5D, 0xEA, 0xDB, 0xA8,
    0xCB, 0xFF, 0xE5, 0x10, 0xA1, 0x1E, 0x5A, 0x52, 0x88, 0x0A, 0x65, 0xE2, 0x39, 0x99, 0xF1, 0xFF,
    0xDD, 0x5B, 0x3B, 0x93, 0xDC, 0xC6, 0x11, 0x1E, 0x00, 0x92, 0x21, 0x13, 0x22, 0xC1, 0x40, 0xE5,
    0x2A, 0x15, 0x25, 0x42, 0xA1, 0x02, 0x49, 0x70, 0xE0, 0x80, 0xC1, 0x72, 0x01, 0x95, 0x03, 0x07,
    0x4A, 0x9C, 0x3B, 0x71, 0xE0, 0x9C, 0x0A, 0x18, 0x38, 0xB8, 0x3B, 0x80, 0x72, 0xA0, 0x50, 0xAA,
    0xF2, 0xBF, 0x70, 0x60, 0x33, 0xD8, 0xE0, 0x5C, 0x75, 0x14, 0x50, 0x52, 0xE0, 0x14, 0xE5, 0xD4,
    0x09, 0x54, 0x56, 0x95, 0x43, 0x41, 0x26, 0x02, 0x50, 0x04, 0x30, 0xFE, 0xBE, 0xEE, 0xC1, 0xEE,
    0x1D, 0xEF, 0xF8, 0xD0, 0xE3, 0x68, 0xF1, 0x70, 0xBB, 0xDD, 0x58, 0x60, 0x30, 0xD3, 0xDD, 0xD3,
    0xD3, 0x2F, 0xCC, 0x65, 0xB9, 0xAD, 0xF9, 0x97, 0xE5, 0xC6, 0x1D, 0x57, 0xCC, 0x75, 0x93, 0xE2,
    0x2F, 0xD3, 0xBF, 0x1C, 0x7F, 0x65, 0x51, 0x56, 0x35, 0xFF, 0xD8, 0xB2, 0x92, 0xB6, 0x1B, 0x36,
    0xDD, 0x81, 0xBF, 0xE3, 0x9B, 0xD8, 0xD6, 0x18, 0xFB, 0x70, 0x34, 0xC1, 0xB8, 0x99, 0x4D, 0xDC,
    0x6D, 0xAC, 0x49, 0xEA, 0x4D, 0x55, 0x66, 0xF5, 0x86, 0x7D, 0x6C, 0x5E, 0x32, 0x45, 0x8E, 0xC6,
    0x02, 0xAA, 0xED, 0x59, 0x51, 0x02, 0xA0, 0x89, 0x03, 0x69, 0xBB, 0x09, 0xF2, 0x78, 0xD8, 0x24,
    0x26, 0xB4, 0x0F, 0x66, 0xE3, 0x59, 0x3B, 0xE0, 0x8E, 0x6D, 0x8C, 0xF1, 0x0E, 0x4F, 0x0E, 0x29,
    0xE0, 0xF7, 0xF8, 0x86, 0xB6, 0x64, 0x93, 0x0E, 0x83, 0xDF, 0x19, 0x8D, 0x3F, 0x1A, 0x6B, 0x82,
    0x01, 0x20, 0xEA, 0x31, 0x4C, 0xD4, 0x81, 0x09, 0x80, 0x97, 0x08, 0x0C, 0xAF, 0x19, 0x13, 0x08,
    0x40, 0xBF, 0xC6, 0x1B, 0x01, 0x0A, 0x8B, 0x67, 0x05, 0x98, 0x23, 0xF6, 0xB9, 0x03, 0xBC, 0x6B,
    0xD8, 0xCE, 0xE7, 0xB3, 0x01, 0xD8, 0x33, 0x31, 0xC6, 0xC2, 0x60, 0x16, 0x72, 0x20, 0xB0, 0x04,
    0x20, 0x2C, 0xAC, 0x27, 0xDC, 0xAB, 0x2B, 0x30, 0x50, 0x67, 0xBF, 0x9B, 0x30, 0xA4, 0xB5, 0xA0,
    0x65, 0xC2, 0xA0, 0x41, 0xEB, 0xF5, 0x26, 0xAA, 0xD1, 0x19, 0xC0, 0x11, 0x3B, 0xD8, 0xD3, 0x33,
    0xB9, 0x26, 0x77, 0xA5, 0x9D, 0x3C, 0x51, 0x24, 0x53, 0x56, 0xCE, 0x90, 0xA5, 0x76, 0x5A, 0xD9,
    0x2E, 0xB3, 0x65, 0x61, 0xBB, 0xD4, 0x96, 0x01, 0xA4, 0xD1, 0x41, 0x20, 0xC6, 0xA7, 0x98, 0x4D,
    0x50, 0x53, 0x76, 0x11, 0x59, 0xAF, 0x63, 0x43, 0xC1, 0x25, 0x24, 0xAF, 0xBB, 0x29, 0x5C, 0xAE,
    0x48, 0xEF, 0x48, 0x11, 0xF9, 0x23, 0x69, 0x37, 0x9C, 0x9B, 0xC0, 0x52, 0x9A, 0x0A, 0xF1, 0x98,
    0xCC, 0x38, 0xE1, 0xE3, 0xAE, 0x2F, 0xB0, 0x70, 0x3C, 0xE7, 0x0E, 0x8E, 0x8F, 0x1E, 0xA2, 0x37,
    0xA7, 0xAF, 0x26, 0x33, 0x07, 0xC6, 0xC8, 0xC1, 0x14, 0x0D, 0x26, 0xEC, 0x42, 0x88, 0xA0, 0x0D,
    0x08, 0x28, 0x0C, 0x11, 0x29, 0x1F, 0x0D, 0x38, 0x7F, 0x86, 0x63, 0x63, 0xB6, 0x4B, 0x13, 0xFF,
    0x0B, 0x33, 0x91, 0x9A, 0x6A, 0x34, 0x6B, 0xC8, 0xC4, 0x1C, 0x90, 0xD9, 0xC2, 0x50, 0x15, 0x6B,
    0x82, 0x01, 0x20, 0xB6, 0xE5, 0x3E, 0x1E, 0xFB, 0x76, 0xE0, 0xE4, 0xD5, 0xD4, 0x80, 0x9A, 0x64,
    0xCA, 0xFC, 0x74, 0x3A, 0xC1, 0x71, 0x0D, 0x90, 0xB4, 0x3C, 0xEB, 0x82, 0xCE, 0xC4, 0x43, 0xD2,
    0x92, 0x43, 0x8C, 0x54, 0x3C, 0x90, 0xCE, 0xCC, 0x4E, 0x9F, 0xA1, 0xD1, 0xF8, 0x0D, 0x11, 0x52,
    0xCD, 0xD0, 0x99, 0x25, 0xDD, 0x69, 0xEF, 0x55, 0xF8, 0x39, 0x8B, 0xA6, 0x88, 0xC6, 0x7C, 0x86,
    0x19, 0xF3, 0x6D, 0x99, 0xE4, 0x71, 0x9E, 0xDA, 0x2E, 0xAA, 0xD7, 0xA6, 0xBA, 0xD3, 0x07, 0xCD,
    0x0A, 0xCC, 0x6C, 0xFC, 0xEE, 0x08, 0x6D, 0x36, 0xA6, 0x3B, 0xC4, 0x60, 0x6F, 0x99, 0xBE, 0x0F,
    0x49, 0xCC, 0x61, 0x1F, 0x09, 0xEA, 0xA2, 0xE3, 0xBF, 0xDC, 0x3D, 0xB6, 0xBC, 0x6A, 0xFA, 0x3D,
    0x3C, 0xF7, 0x47, 0xD3, 0xAD, 0xA0, 0x8A, 0x87, 0x7E, 0x87, 0x3E, 0xCB, 0x21, 0x68, 0x38, 0x42,
    0x1F, 0xD5, 0x6E, 0x3C, 0x19, 0xFD, 0x9E, 0xD0, 0x12, 0x0E, 0x5B, 0xCA, 0x1C, 0x9D, 0x4A, 0x75,
    0x88, 0x69, 0x59, 0x43, 0xA1, 0xF6, 0xA1, 0xA4, 0x47, 0xEC, 0x18, 0x5F, 0x53, 0x40, 0xA9, 0xFE,
    0xDD, 0x99, 0x35, 0xCE, 0x47, 0xF7, 0x9D, 0x93, 0xCE, 0x54, 0xDF, 0xDE, 0x37, 0x69, 0x33, 0xBB,
    0xE5, 0x1E, 0xD4, 0x61, 0x69, 0x92, 0x3C, 0x35, 0x90, 0xF4, 0x3D, 0xE3, 0x0F, 0xE0, 0x36, 0xEE,
    0xE2, 0x16, 0xD2, 0x2E, 0x6A, 0x48, 0xDE, 0x72, 0x58, 0xE8, 0xB6, 0xCD, 0xAD, 0xE8, 0x76, 0x8D,
    0x89, 0x83, 0x8C, 0xBD, 0xD1, 0x1F, 0xF8, 0xC4, 0x01, 0x57, 0x44, 0x92, 0xA3, 0x97, 0xA0, 0x94,
    0xEE, 0xB8, 0x20, 0x3A, 0x01, 0x5C, 0x5E, 0x4F, 0x01, 0x95, 0x6D, 0xF1, 0x31, 0x05, 0x04, 0xDC,
    0x26, 0x65, 0x6C, 0xBC, 0x76, 0x65, 0xBB, 0xDB, 0x1F, 0xAE, 0x0E, 0x57, 0xDD, 0x6A, 0xF5, 0x46,
    0xBB, 0xDA, 0x5C, 0x6E, 0xB3, 0xF6, 0x72, 0x07, 0x7C, 0x17, 0xBF, 0x6F, 0xEF, 0xDF, 0x5C, 0xAD,
    0xFE, 0xF2, 0xFA, 0x6D, 0xB6, 0x63, 0x7B, 0x3E, 0x97, 0xD9, 0x5E, 0x3F, 0x58, 0x1D, 0x49, 0x58,
    0xAF, 0xBC, 0x16, 0x73, 0x70, 0x57, 0x3E, 0x1B, 0x0A, 0xB5, 0xBD, 0x1E, 0xD6, 0x01, 0x59, 0xA5,
    0x08, 0x9F, 0x0E, 0x8E, 0x53, 0xFF, 0x6C, 0x4F, 0xEC, 0x8E, 0xDD, 0xB3, 0x9C, 0xB4, 0xA8, 0xCB,
    0xFC, 0x61, 0xED, 0x8D, 0x2F, 0x61, 0x5E, 0xFD, 0xDE, 0x40, 0xF4, 0x98, 0x9D, 0x94, 0x76, 0x05,
    0xCB, 0x17, 0xAB, 0x36, 0xB5, 0x53, 0x26, 0x1F, 0x34, 0x8E, 0x7F, 0xD3, 0xA5, 0xFE, 0x90, 0x99,
    0xA5, 0x31, 0xD4, 0x04, 0x8A, 0x1A, 0xF6, 0x62, 0x80, 0xA6, 0x77, 0xCC, 0xBD, 0x7D, 0x33, 0xAD,
    0xCD, 0x98, 0x84, 0x3D, 0x97, 0xCA, 0x91, 0x37, 0x06, 0x63, 0xD4, 0x25, 0x50, 0xDA, 0x23, 0xDA,
    0xBF, 0xDC, 0x78, 0x98, 0x18, 0x2C, 0x52, 0xCC, 0x4D, 0x25, 0x20, 0x5F, 0x40, 0x61, 0x04, 0xA4,
    0x3B, 0x50, 0x9E, 0x06, 0x98, 0x3D, 0x00, 0xCE, 0x75, 0xD2, 0xF8, 0x00, 0x43, 0x54, 0x41, 0xFB,
    0x6C, 0x36, 0xA6, 0xD9, 0x94, 0x8E, 0x69, 0x0C, 0xE5, 0x4D, 0xF3, 0xC5, 0x16, 0x64, 0xE5, 0x49,
    0xC0, 0x75, 0xB7, 0x56, 0xD7, 0x71, 0xCB, 0x42, 0x11, 0x61, 0xC4, 0x00, 0x0B, 0x0B, 0x3B, 0xEB,
    0x5B, 0x8B, 0x35, 0x1E, 0x0A, 0x8C, 0x05, 0xA6, 0x02, 0xB3, 0x67, 0x80, 0xDA, 0x32, 0x39, 0xF6,
    0x6C, 0x20, 0xD0, 0x13, 0x88, 0x46, 0x84, 0xA1, 0x40, 0xF3, 0x0B, 0x81, 0xE6, 0x7B, 0xC3, 0xB8,
    0xC9, 0xBA, 0x6C, 0xC0, 0x5F, 0x17, 0x37, 0x7E, 0x1E, 0x94, 0x21, 0x7C, 0x86, 0x37, 0x89, 0x89,
    0xB8, 0x97, 0x75, 0xE6, 0x35, 0x93, 0x8E, 0x26, 0x1B, 0x65, 0x2E, 0x9E, 0xF8, 0xB9, 0x36, 0x7F,
    0x0A, 0x73, 0xED, 0xD1, 0x82, 0xDD, 0xE9, 0xF1, 0xF0, 0x9E, 0xD9, 0x07, 0x1C, 0xE5, 0x9B, 0xF2,
    0x9B, 0x2B, 0xCE, 0xE4, 0x3A, 0xEF, 0xB3, 0x9D, 0x67, 0x75, 0xDD, 0x98, 0xBB, 0xA6, 0xA5, 0x76,
    0xA0, 0xAB, 0x34, 0x87, 0x31, 0x8A, 0x9B, 0xB8, 0x81, 0xE5, 0xE1, 0xD2, 0xB7, 0x1E, 0x14, 0xB8,
    0xA8, 0xAB, 0x52, 0xD7, 0x1F, 0x16, 0x66, 0x29, 0x0B, 0x33, 0x18, 0xB1, 0x56, 0xA3, 0x16, 0xED,
    0xD2, 0x12, 0x93, 0xB3, 0x4F, 0x9F, 0xD5, 0x99, 0x6E, 0xD1, 0xC7, 0xD7, 0x14, 0xA5, 0x34, 0xB1,
    0x70, 0x10, 0x64, 0xC1, 0xBC, 0xE7, 0x9C, 0xDA, 0xCA, 0xE1, 0x4E, 0x31, 0x3D, 0x0A, 0x71, 0x58,
    0x2B, 0x8E, 0x9D, 0xF3, 0x7B, 0xD7, 0xE1, 0x3D, 0x87, 0x3B, 0xF3, 0x07, 0xE2, 0xA0, 0xF1, 0x06,
    0xE2, 0xB0, 0x0C, 0x04, 0xC7, 0x06, 0xE6, 0x1D, 0xEC, 0xDF, 0x34, 0x6F, 0x0E, 0x06, 0x32, 0x38,
    0x34, 0x37, 0xE8, 0x48, 0x48, 0xCC, 0x20, 0x16, 0xC6, 0xAF, 0x89, 0x23, 0x88, 0x96, 0x38, 0xC1,
    0x03, 0x83, 0x10, 0x81, 0x69, 0xAE, 0xE9, 0xC8, 0x05, 0x8B, 0x4D, 0x18, 0x8C, 0x38, 0x36, 0xE2,
    0x38, 0x57, 0x7C, 0xDD, 0x39, 0xE1, 0x37, 0xCE, 0x93, 0x2F, 0xA3, 0x7C, 0x25, 0x93, 0xF2, 0x35,
    0x14, 0x39, 0xF9, 0xF2, 0xBB, 0xB8, 0x26, 0x5F, 0x01, 0xB0, 0xF0, 0x95, 0xC7, 0xB5, 0xF6, 0x4E,
    0x4C, 0x42, 0x53, 0xE1, 0xCB, 0x40, 0xF8, 0xE4, 0x4B, 0x2D, 0x02, 0x88, 0x08, 0x1A, 0x0D, 0x50,
    0x62, 0x67, 0xEB, 0xF6, 0x44, 0x0C, 0x54, 0xDF, 0x8E, 0x7C, 0xF9, 0xC4, 0xE0, 0x4B, 0xB0, 0xE3,
    0xCB, 0x77, 0x8A, 0x00, 0x63, 0x20, 0x6D, 0x53, 0x1A, 0x58, 0x74, 0x9D, 0x39, 0xC2, 0x69, 0x1B,
    0x84, 0x3F, 0x18, 0x08, 0xC3, 0x50, 0x08, 0x56, 0x42, 0x44, 0x86, 0xE7, 0x44, 0x64, 0xB0, 0x17,
    0x51, 0xAE, 0x8C, 0x24, 0xD2, 0xD3, 0x84, 0xE6, 0xAF, 0x1B, 0x98, 0x0F, 0x50, 0x75, 0x00, 0x0A,
    0x27, 0xAF, 0x85, 0x2D, 0x87, 0x21, 0xC1, 0x84, 0xD0, 0x5A, 0xF6, 0x71, 0x1E, 0x1E, 0xD0, 0xFB,
    0xBE, 0x67, 0xAE, 0xAC, 0x8D, 0x10, 0xBE, 0x5A, 0xEB, 0xBC, 0xDD, 0x25, 0xF6, 0x5B, 0xAF, 0x21,
    0x86, 0x05, 0xAD, 0xD7, 0x22, 0xEC, 0x48, 0x0C, 0xE3, 0xBB, 0x0E, 0x93, 0xA9, 0xB5, 0x13, 0xF6,
    0xDA, 0xF1, 0x0C, 0x1C, 0x96, 0x0E, 0xBB, 0xF9, 0x82, 0xB7, 0x8B, 0x07, 0x93, 0x8C, 0x84, 0xE2,
    0xF9, 0x76, 0x87, 0x5F, 0x73, 0x8A, 0x60, 0x1B, 0x43, 0x78, 0xA5, 0x2E, 0x62, 0x98, 0x93, 0x67,
    0x2D, 0x1C, 0x2D, 0x55, 0xF9, 0x48, 0x46, 0x40, 0x47, 0xC9, 0xB7, 0x79, 0x64, 0x07, 0xDF, 0x4E,
    0xA6, 0x98, 0x4C, 0xA4, 0xC1, 0x86, 0xE8, 0x97, 0xF1, 0x9C, 0x13, 0x13, 0xF7, 0x8F, 0xC9, 0x50,
    0xDD, 0xF7, 0xF5, 0xA6, 0x08, 0xEB, 0xD1, 0x23, 0xD0, 0x26, 0x81, 0x36, 0x71, 0x9D, 0xC5, 0x0E,
    0x69, 0x6F, 0xEF, 0x59, 0x7D, 0xDA, 0x8A, 0x30, 0x57, 0x95, 0x4C, 0xCB, 0xA1, 0x58, 0x3A, 0xD3,
    0x65, 0x8D, 0xA0, 0xB4, 0x15, 0xF9, 0x68, 0xB0, 0x51, 0xC7, 0x12, 0x4F, 0xD6, 0x91, 0x2A, 0x79,
    0xA0, 0x8A, 0x19, 0x4C, 0x44, 0x2E, 0x96, 0x80, 0x55, 0x54, 0x82, 0xD8, 0x29, 0x10, 0x3B, 0x3D,
    0x54, 0xF3, 0x49, 0x73, 0xD6, 0x08, 0x42, 0xA7, 0x54, 0x58, 0x74, 0x5A, 0xD9, 0x12, 0x76, 0xB3,
    0xC4, 0xAA, 0x88, 0x65, 0x85, 0x98, 0xB0, 0x51, 0x06, 0x55, 0x7C, 0x55, 0xAD, 0x0A, 0xA3, 0x3C,
    0xA8, 0x13, 0x8A, 0xF3, 0x0B, 0xC3, 0xAD, 0xA3, 0xDA, 0xD1, 0x99, 0x29, 0x81, 0x53, 0xD2, 0x48,
    0x08, 0x2E, 0x91, 0xB8, 0x67, 0x10, 0x63, 0xBD, 0xE0, 0x6C, 0x42, 0x77, 0x2F, 0x4B, 0xF0, 0xDB,
    0xD0, 0x00, 0x44, 0x1F, 0x0F, 0x7B, 0x92, 0x7B, 0x59, 0x0E, 0xFB, 0x2A, 0xE2, 0xB3, 0x0B, 0x32,
    0x9B, 0x61, 0x47, 0x7B, 0x85, 0xB5, 0x1F, 0x8E, 0x3B, 0xE4, 0x2E, 0x9E, 0x7D, 0xBC, 0x98, 0x4A,
    0x1B, 0x2A, 0xB9, 0xA9, 0x52, 0x76, 0x33, 0x56, 0x02, 0xD5, 0x20, 0xDF, 0x4C, 0x8E, 0xDF, 0x73,
    0x2D, 0x2F, 0x02, 0xD3, 0x1E, 0xC3, 0x5D, 0xFA, 0xAD, 0xED, 0x09, 0x5C, 0x43, 0xCD, 0x60, 0x12,
    0xCD, 0xD1, 0x89, 0x78, 0xCB, 0x74, 0x39, 0x59, 0x2D, 0x27, 0x47, 0xCC, 0x22, 0x4A, 0x21, 0xBB,
    0x76, 0xDC, 0x67, 0xB5, 0xF8, 0xB0, 0x00, 0x01, 0x8E, 0x38, 0xEB, 0x78, 0x39, 0x49, 0x40, 0x4C,
    0xC4, 0x93, 0x8C, 0xA1, 0x21, 0x4F, 0xF6, 0x96, 0x93, 0xD1, 0xDD, 0xE2, 0xE0, 0xD2, 0x98, 0x19,
    0xAC, 0xF4, 0x03, 0x73, 0xA9, 0x3D, 0x23, 0xD9, 0xD6, 0x93, 0x54, 0x98, 0x42, 0x72, 0xB4, 0x5E,
    0x4E, 0x8E, 0x96, 0x93, 0x5E, 0x4E, 0x42, 0xB1, 0x2C, 0x24, 0x0C, 0x29, 0x49, 0x19, 0x93, 0x9D,
    0x56, 0xF9, 0x64, 0x40, 0x6B, 0xAE, 0xD9, 0xAF, 0xC4, 0x5D, 0x33, 0xBA, 0x9B, 0x73, 0x18, 0x60,
    0x24, 0x9B, 0xE0, 0x05, 0x62, 0x8B, 0x25, 0xBF, 0x88, 0x6B, 0xCE, 0x59, 0x24, 0x22, 0x0F, 0xEB,
    0x44, 0x66, 0x33, 0x53, 0x28, 0x36, 0x5B, 0xE7, 0x47, 0x61, 0x51, 0xEF, 0xE0, 0xF1, 0xEB, 0xAE,
    0x65, 0xB7, 0x73, 0x65, 0xEC, 0x2D, 0x68, 0xD8, 0x73, 0xD0, 0x72, 0xDE, 0xC2, 0x16, 0xE9, 0x3F,
    0x1D, 0x7F, 0xD1, 0x18, 0xA4, 0x68, 0x88, 0x56, 0x90, 0x08, 0x2A, 0x55, 0x08, 0x96, 0xBF, 0xE2,
    0x23, 0x37, 0x44, 0xA0, 0x85, 0xE8, 0x88, 0x98, 0x4C, 0xA7, 0x5A, 0x0A, 0xC5, 0x8F, 0x04, 0x9C,
    0x6C, 0x29, 0x66, 0x38, 0x5D, 0x0C, 0x54, 0xC1, 0x54, 0xA3, 0x62, 0xF5, 0x31, 0xDD, 0x49, 0xFD,
    0x2C, 0x2C, 0x35, 0x86, 0xD0, 0x32, 0x1F, 0x67, 0xBA, 0x7C, 0x26, 0xBC, 0x2E, 0x90, 0x2E, 0x59,
    0x62, 0x1F, 0x2B, 0xA1, 0xC8, 0x02, 0x53, 0xCD, 0x92, 0x76, 0x50, 0xAF, 0xB8, 0xBB, 0xDA, 0xDE,
    0x1C, 0x87, 0x71, 0xF9, 0x28, 0x4C, 0x04, 0xA6, 0xA5, 0x50, 0xE2, 0xA0, 0x0B, 0xBD, 0x1C, 0x03,
    0xEA, 0x16, 0x45, 0xE7, 0x99, 0xF3, 0x70, 0xF9, 0x99, 0x17, 0x89, 0x97, 0xB8, 0xDE, 0x69, 0x81,
    0x95, 0xF2, 0x48, 0xCF, 0xD9, 0x8C, 0x4B, 0xAA, 0xFA, 0x2B, 0xC6, 0x94, 0x2F, 0x02, 0x17, 0x49,
    0x1D, 0x35, 0x54, 0xEB, 0xA4, 0x5B, 0xA0, 0x5E, 0x39, 0x75, 0xFC, 0x94, 0xB9, 0x48, 0x65, 0x61,
    0x26, 0xBD, 0x09, 0xB1, 0xF4, 0x0A, 0x8D, 0xF3, 0x95, 0xE6, 0x19, 0x1F, 0xA3, 0x04, 0xFF, 0x80,
    0x4F, 0x61, 0x27, 0xF6, 0x83, 0x58, 0x36, 0x90, 0xE0, 0x18, 0x83, 0xCD, 0xC6, 0x6B, 0xCD, 0xB9,
    0x8C, 0x72, 0xC0, 0x4C, 0x33, 0xB4, 0x6D, 0xFA, 0xF9, 0x78, 0xCF, 0xAC, 0xDF, 0x32, 0x2F, 0xFF,
    0xE8, 0x43, 0x20, 0x51, 0xA9, 0x3E, 0xB2, 0xF8, 0x64, 0x5A, 0x37, 0x3D, 0x07, 0x2E, 0x30, 0x2F,
    0x73, 0xAE, 0x4A, 0xD3, 0xD3, 0xEE, 0xC3, 0x2C, 0xEB, 0x84, 0xD2, 0x1F, 0x58, 0x5D, 0x35, 0x9C,
    0xD2, 0x41, 0x10, 0xED, 0x26, 0x10, 0x0D, 0x27, 0x91, 0x76, 0xE5, 0x9F, 0x40, 0x9E, 0x95, 0xC2,
    0xAF, 0x67, 0x73, 0x87, 0xDC, 0xC5, 0xD3, 0x2D, 0x69, 0x23, 0x77, 0x9D, 0xB9, 0xAE, 0x69, 0x9F,
    0xAD, 0x1A, 0x6E, 0x2B, 0x89, 0x18, 0x95, 0x6E, 0x56, 0x02, 0x3B, 0x41, 0xCE, 0xB2, 0xE6, 0x97,
    0xC4, 0x32, 0xB5, 0x57, 0xB8, 0x9E, 0xBF, 0x18, 0x99, 0x7F, 0x46, 0xAC, 0x70, 0x1A, 0x73, 0xC9,
    0x24, 0xDD, 0xA9, 0x45, 0x31, 0x4B, 0xD9, 0xB4, 0x00, 0x39, 0x95, 0x6D, 0x3C, 0x32, 0xC7, 0x42,
    0x41, 0xAB, 0xA8, 0x57, 0x34, 0x0A, 0xBA, 0x6F, 0x05, 0x7D, 0x83, 0xA6, 0x3D, 0x0B, 0x6A, 0xB5,
    0x20, 0xC8, 0x81, 0x28, 0x19, 0x04, 0x81, 0x58, 0x22, 0x08, 0x80, 0x08, 0x64, 0x0A, 0xAA, 0x6A,
    0x41, 0x59, 0x27, 0x28, 0x1E, 0x04, 0x85, 0x93, 0x20, 0xDF, 0x0A, 0x32, 0x0E, 0x15, 0x8A, 0x52,
    0x45, 0xB1, 0xA2, 0xA0, 0x07, 0x7F, 0x2D, 0xB3, 0xD1, 0x6A, 0xA9, 0x96, 0x69, 0x4C, 0xE7, 0x2F,
    0x49, 0x59, 0x79, 0x3C, 0x67, 0x71, 0x91, 0x8D, 0xA6, 0xDC, 0xCB, 0x91, 0x4A, 0xD3, 0x40, 0x8B,
    0x85, 0x49, 0x1F, 0x4D, 0x6A, 0xC4, 0xC1, 0x0C, 0xE7, 0x00, 0xEB, 0x81, 0x31, 0x0B, 0xE2, 0x0E,
    0x5A, 0xF3, 0x78, 0x90, 0xDA, 0x2E, 0xE2, 0x47, 0xFA, 0x46, 0xCC, 0x03, 0xA5, 0x8E, 0x59, 0x11,
    0x64, 0xC5, 0x85, 0xFA, 0x5B, 0x44, 0xE7, 0xBA, 0x43, 0x27, 0xEF, 0x2D, 0x0F, 0xE8, 0xE3, 0xAE,
    0x33, 0xD7, 0x75, 0xAC, 0x03, 0x71, 0xD8, 0xA4, 0x93, 0xA9, 0x67, 0xF8, 0xA0, 0x24, 0x81, 0x7F,
    0x1A, 0x02, 0x56, 0xB4, 0x64, 0xC6, 0x6E, 0x39, 0x3E, 0x23, 0x97, 0x7C, 0x36, 0xC7, 0x73, 0x33,
    0xBD, 0x17, 0xB9, 0x4C, 0xC6, 0x5C, 0x34, 0xA6, 0xCF, 0x4A, 0xD1, 0xBC, 0x49, 0xE2, 0x3E, 0x97,
    0xA2, 0xF9, 0x2E, 0x45, 0xBB, 0x00, 0xDC, 0x22, 0x53, 0x7B, 0x55, 0x2E, 0xD6, 0xEF, 0x48, 0x7D,
    0xA6, 0x97, 0x4C, 0xCD, 0x93, 0x26, 0x6F, 0x9C, 0xCC, 0xD4, 0x2E, 0x00, 0xB7, 0x61, 0x2B, 0xAF,
    0x1B, 0xE2, 0x5E, 0x92, 0x10, 0x87, 0xDC, 0xC5, 0x47, 0x8E, 0x17, 0x9F, 0x5B, 0xA4, 0xDE, 0x7E,
    0x89, 0x08, 0x23, 0x6A, 0x10, 0x2A, 0xA6, 0x35, 0xD6, 0x6B, 0x65, 0xFC, 0xD1, 0xC7, 0xF3, 0x15,
    0xD7, 0x6E, 0xFA, 0x75, 0xCD, 0x8C, 0x66, 0x79, 0x51, 0x25, 0x67, 0x72, 0x8D, 0x77, 0xA5, 0x9D,
    0x3C, 0x21, 0xCF, 0x4A, 0x2F, 0xD2, 0xDF, 0xA3, 0x42, 0xCA, 0x57, 0x2A, 0xA4, 0x7B, 0x14, 0x52,
    0x38, 0x0F, 0x42, 0x51, 0xD5, 0x49, 0xF5, 0x2A, 0x55, 0x21, 0x81, 0x0D, 0xD6, 0x71, 0x0A, 0x15,
    0x12, 0x6C, 0x3B, 0xAC, 0x66, 0x70, 0x7F, 0x22, 0xCF, 0xD1, 0xE7, 0x33, 0xB9, 0x48, 0xDF, 0xB7,
    0x44, 0x07, 0x46, 0x10, 0xDF, 0x71, 0x16, 0x35, 0x56, 0x21, 0x11, 0x02, 0x2B, 0x5E, 0x94, 0x10,
    0x26, 0xAB, 0x25, 0x5E, 0xCA, 0xEA, 0x91, 0x73, 0x90, 0xFD, 0xB3, 0xA7, 0x29, 0x4A, 0xFF, 0xD3,
    0x8A, 0x90, 0xE0, 0x48, 0x18, 0x69, 0x58, 0x09, 0x8F, 0xDD, 0xDC, 0xD0, 0x52, 0x81, 0x7E, 0xBE,
    0x43, 0xAD, 0x90, 0xCC, 0x7C, 0x2D, 0x42, 0xCA, 0x54, 0x48, 0x6F, 0x6E, 0x6D, 0x9C, 0x1E, 0x6B,
    0x45, 0x2E, 0x69, 0xD3, 0x10, 0x75, 0xC9, 0x55, 0x21, 0x06, 0xFD, 0x79, 0x4A, 0x4B, 0x2A, 0xFA,
    0x7F, 0xBE, 0xE8, 0x21, 0x6A, 0x7C, 0x4C, 0xC5, 0xCB, 0xBD, 0x1A, 0x48, 0x15, 0xC1, 0x39, 0x23,
    0xAB, 0x15, 0x58, 0xAB, 0x2F, 0x71, 0x31, 0x3A, 0x33, 0x1F, 0x16, 0x26, 0x1A, 0xE3, 0x92, 0x38,
    0x93, 0x4E, 0x5E, 0x95, 0x6F, 0x93, 0x62, 0x5F, 0x82, 0x0B, 0x26, 0xC7, 0x3A, 0x93, 0x9E, 0x6A,
    0x7E, 0xA8, 0x7C, 0x26, 0xFA, 0x4B, 0xB3, 0x37, 0x6F, 0x52, 0x6B, 0xD8, 0x5C, 0x38, 0xA6, 0x8F,
    0x5C, 0x4D, 0x5A, 0xF2, 0xC8, 0xD8, 0x6A, 0x7E, 0xFA, 0xA7, 0x5E, 0x4B, 0xAF, 0x2C, 0x76, 0x9B,
    0xDF, 0x32, 0x19, 0xB9, 0x18, 0xDC, 0x8E, 0xAC, 0x38, 0xD3, 0x9A, 0xD8, 0x1D, 0x72, 0x17, 0xCF,
    0x3A, 0x5E, 0xF4, 0xB9, 0xF5, 0xB5, 0xB6, 0x70, 0xAC, 0x46, 0x21, 0x37, 0x34, 0x42, 0x0B, 0x1F,
    0x31, 0x5F, 0x99, 0x9D, 0x61, 0xBB, 0x32, 0x3B, 0x05, 0x76, 0xE6, 0xD0, 0x71, 0xCE, 0xD6, 0x89,
    0x04, 0x3A, 0x37, 0x25, 0xF4, 0x5D, 0x89, 0xF9, 0xDA, 0x48, 0x60, 0xD8, 0xD1, 0x1E, 0xB0, 0x58,
    0x14, 0x4C, 0x81, 0x18, 0x6F, 0xC9, 0x99, 0xAC, 0x04, 0x40, 0xD5, 0x5F, 0xA5, 0x3F, 0x59, 0x46,
    0xE9, 0xB0, 0x23, 0xE1, 0x3B, 0xC2, 0x88, 0x1B, 0x0A, 0xC8, 0x9A, 0xEC, 0xD9, 0xD0, 0x14, 0xC3,
    0x9C, 0x4E, 0xF1, 0x24, 0x19, 0x64, 0xB2, 0xA0, 0xB9, 0x82, 0x65, 0xB1, 0x04, 0xD0, 0x85, 0xF8,
    0xF2, 0x6A, 0x9B, 0x86, 0x4C, 0xFD, 0xD4, 0xA3, 0x50, 0xAE, 0x57, 0xB5, 0xB4, 0xDF, 0x3E, 0x2B,
    0x26, 0x51, 0x25, 0x7A, 0xC6, 0x58, 0x66, 0x4B, 0x89, 0x52, 0xC5, 0x82, 0x4C, 0x2E, 0x44, 0xD0,
    0x35, 0x89, 0x17, 0x8D, 0x6B, 0x4E, 0x61, 0x96, 0xEF, 0xB2, 0xDA, 0x4A, 0x3E, 0x96, 0xAF, 0x6A,
    0x98, 0xFA, 0x8D, 0x84, 0x0C, 0xAD, 0x66, 0x99, 0xC5, 0x59, 0x36, 0x25, 0xCC, 0x92, 0x4D, 0xCD,
    0x7C, 0xE3, 0x66, 0x66, 0x29, 0x9B, 0xCE, 0x81, 0x9E, 0x4F, 0x72, 0x9D, 0x73, 0x37, 0x4B, 0xD9,
    0x18, 0xED, 0x67, 0x42, 0xDA, 0x72, 0x66, 0x10, 0x4C, 0x27, 0x39, 0x35, 0xB3, 0x48, 0x6E, 0x8E,
    0xF9, 0x96, 0x65, 0x8E, 0x73, 0x81, 0x65, 0xDC, 0x5E, 0x9B, 0x63, 0x78, 0xBD, 0x6C, 0x86, 0x28,
    0xF3, 0x6C, 0xFE, 0x19, 0xF7, 0x5F, 0x0C, 0x5B, 0x9B, 0x66, 0xB7, 0xFB, 0x3E, 0x34, 0xA8, 0xEB,
    0xB6, 0xAF, 0xBB, 0x7F, 0xF5, 0x98, 0x55, 0xC1, 0x60, 0xC0, 0x67, 0xAD, 0x2C, 0xEE, 0xE0, 0x7B,
    0x93, 0x26, 0xEC, 0x21, 0x47, 0x50, 0x9A, 0xB2, 0xF0, 0xF8, 0xB2, 0x3A, 0xD0, 0x6B, 0xAC, 0x91,
    0x59, 0xBA, 0xA6, 0x3F, 0xC3, 0x0F, 0xF5, 0x01, 0x2B, 0x78, 0x04, 0x6C, 0x52, 0xE4, 0x04, 0x25,
    0xCC, 0x6C, 0xD6, 0x16, 0xD3, 0xD5, 0xC4, 0x7E, 0x23, 0x2F, 0xD2, 0x69, 0x68, 0x25, 0xC2, 0x96,
    0x62, 0x96, 0xB8, 0x1E, 0xAA, 0x36, 0x25, 0xA6, 0x54, 0x49, 0x95, 0x30, 0x34, 0xCF, 0x9D, 0x2A,
    0x59, 0x45, 0x52, 0x3F, 0x93, 0x28, 0x58, 0x62, 0xE0, 0xCF, 0xE0, 0x83, 0xBD, 0x1E, 0x0B, 0x11,
    0x1E, 0xA1, 0xDB, 0x86, 0xC0, 0xCF, 0x89, 0xA0, 0xCA, 0xBC, 0x8D, 0x9E, 0xEB, 0x1B, 0x26, 0xF8,
    0x47, 0xBF, 0x81, 0x1F, 0x86, 0xE2, 0x5D, 0x72, 0x15, 0xB0, 0xE7, 0x28, 0x97, 0x80, 0xBB, 0x6D,
    0xA2, 0x11, 0xFA, 0x1E, 0x8F, 0x10, 0x8C, 0x9C, 0xC9, 0xB5, 0xC7, 0x1F, 0xE7, 0x27, 0x12, 0xA9,
    0x02, 0x4A, 0xD9, 0x7D, 0x3F, 0x61, 0x65, 0x3B, 0x5C, 0xC0, 0x7E, 0x92, 0xBB, 0x29, 0x8B, 0x86,
    0xE7, 0x49, 0x10, 0xE2, 0xA9, 0x5B, 0x0F, 0x18, 0x0C, 0x7E, 0xCE, 0xDA, 0x72, 0x97, 0xD8, 0xAF,
    0x92, 0x2E, 0x6D, 0x02, 0x6E, 0x58, 0x43, 0xE7, 0x13, 0x37, 0xAF, 0xB1, 0x7B, 0x8E, 0xC0, 0xED,
    0x65, 0x88, 0x03, 0x1F, 0x12, 0xF9, 0x56, 0x8B, 0xF7, 0xBD, 0x20, 0x19, 0x88, 0x1B, 0x30, 0xC4,
    0x02, 0x14, 0xB9, 0x27, 0x56, 0xB0, 0xA4, 0x69, 0x7B, 0x25, 0xAB, 0x23, 0xD0, 0xBD, 0xCA, 0xDA,
    0x83, 0xEC, 0x81, 0xDF, 0xC7, 0x76, 0x88, 0xC4, 0x45, 0x21, 0xB8, 0x9B, 0x49, 0x6F, 0xC9, 0x7E,
    0x7B, 0xF8, 0xB8, 0xF7, 0x27, 0x06, 0x9C, 0xB0, 0x6C, 0xAD, 0x06, 0x94, 0xB2, 0x53, 0xE4, 0x75,
    0x5D, 0xF1, 0x52, 0x3C, 0x56, 0x70, 0x72, 0xA3, 0x87, 0xA4, 0xF2, 0xB0, 0xF2, 0x61, 0x1E, 0xDA,
    0x9C, 0xFB, 0xB2, 0x68, 0x33, 0x12, 0x71, 0x1E, 0xB7, 0xCD, 0x02, 0x24, 0x0E, 0x74, 0x99, 0xE0,
    0x02, 0xA2, 0x5A, 0xEB, 0x2F, 0x5A, 0x8A, 0x2D, 0xB6, 0x41, 0x64, 0xD2, 0xCA, 0xCB, 0xA0, 0x65,
    0x23, 0x9E, 0xDE, 0x7E, 0xF5, 0x31, 0x6A, 0xB2, 0xA3, 0x7E, 0x82, 0x8D, 0x8A, 0x5A, 0x58, 0x47,
    0x0C, 0x93, 0x95, 0xA0, 0x0F, 0x80, 0xA5, 0xFF, 0x42, 0x6A, 0x77, 0x5B, 0xC2, 0x8B, 0x2D, 0xE1,
    0x52, 0x5F, 0x87, 0x25, 0xF4, 0xF2, 0x58, 0x76, 0x2D, 0xA0, 0x15, 0xA9, 0x1F, 0x59, 0xD7, 0xFF,
    0x74, 0xF1, 0x88, 0x92, 0xAC, 0x8B, 0x8B, 0x91, 0x67, 0x8A, 0x65, 0x03, 0xA0, 0xBE, 0x71, 0x2C,
    0x9F, 0x3F, 0x55, 0x5B, 0x6B, 0x2C, 0xA2, 0x63, 0xF4, 0x6E, 0xD2, 0x0F, 0x20, 0xB1, 0x7D, 0x46,
    0xA4, 0x1D, 0x2B, 0x29, 0xE5, 0xB1, 0x18, 0xEC, 0xFC, 0x09, 0x1A, 0xB9, 0x45, 0x62, 0x46, 0x7C,
    0x14, 0x58, 0x6A, 0x2C, 0xCF, 0xE4, 0xDA, 0xE3, 0x8F, 0x73, 0xA3, 0x65, 0x2D, 0x7E, 0x94, 0xEF,
    0x93, 0x3A, 0xD9, 0x9B, 0x37, 0x4A, 0x72, 0xF2, 0xF3, 0x63, 0x43, 0x27, 0x92, 0x2B, 0xCA, 0xE7,
    0x19, 0x4B, 0x8C, 0x89, 0x6D, 0x33, 0x90, 0x0A, 0x7F, 0x22, 0xBB, 0xDF, 0xE8, 0x66, 0x26, 0x76,
    0x8E, 0x0B, 0x27, 0xDC, 0xCB, 0x1E, 0x53, 0x1E, 0x2B, 0x9F, 0xE0, 0xD9, 0x3E, 0x05, 0x5F, 0x99,
    0x35, 0x52, 0x94, 0xE6, 0x62, 0xB2, 0x7C, 0x67, 0xD3, 0x99, 0xF0, 0x4B, 0x18, 0x8E, 0x72, 0x0D,
    0xA5, 0x8F, 0xCD, 0x6B, 0x74, 0x16, 0xCB, 0x41, 0x8F, 0x86, 0xE0, 0x83, 0x13, 0x2E, 0x93, 0x9E,
    0x7D, 0xF7, 0x6F, 0x88, 0x95, 0x19, 0xDB, 0xC9, 0x24, 0x48, 0x6E, 0xB3, 0xC6, 0x96, 0x59, 0x6B,
    0x6B, 0x62, 0xFE, 0x3E, 0x75, 0x30, 0x63, 0xA5, 0xB1, 0x74, 0xE3, 0x79, 0xC5, 0xF7, 0x1F, 0xCF,
    0x5C, 0x65, 0x87, 0x07, 0xC6, 0x03, 0xB7, 0x0D, 0xC4, 0x18, 0x0C, 0x52, 0xA0, 0xED, 0x5D, 0x61,
    0x2C, 0x62, 0x30, 0x54, 0xFD, 0x1A, 0x8A, 0xBD, 0xD1, 0x05, 0x6F, 0xDD, 0xCB, 0xAA, 0x68, 0xA6,
    0xC0, 0xF9, 0xF6, 0x6E, 0xF6, 0x6D, 0x83, 0x49, 0x2D, 0x5A, 0xD8, 0x86, 0xB4, 0x93, 0x19, 0x16,
    0x50, 0xEC, 0x40, 0xE9, 0xCE, 0x5A, 0xDE, 0x68, 0x32, 0xBE, 0x6F, 0x44, 0xE3, 0xAC, 0xE4, 0x63,
    0x50, 0x4B, 0x5F, 0x82, 0xB5, 0x9E, 0x8A, 0x92, 0x73, 0x55, 0x7B, 0x12, 0x10, 0x33, 0x1C, 0x5D,
    0x65, 0x1F, 0x80, 0xD5, 0x0F, 0x99, 0x00, 0x9B, 0x0F, 0xFD, 0x27, 0x29, 0xEE, 0x26, 0xA4, 0xB9,
    0x1C, 0x32, 0x88, 0xA3, 0x7A, 0xC0, 0x80, 0x13, 0xDF, 0x94, 0x9B, 0xD9, 0x68, 0x25, 0x30, 0xA3,
    0xF0, 0x08, 0x3F, 0x04, 0xDE, 0xB2, 0xE5, 0xDF, 0xE6, 0xB2, 0x92, 0x37, 0x8C, 0xCF, 0x64, 0x13,
    0x2F, 0x3F, 0x79, 0x81, 0x0D, 0x64, 0x5B, 0x68, 0x2B, 0x4A, 0xCA, 0xAD, 0x39, 0x43, 0x6E, 0x3D,
    0xE5, 0xD6, 0xCB, 0xD9, 0xEE, 0xAE, 0x34, 0xA6, 0xDC, 0x4A, 0xE9, 0x40, 0xBA, 0xD2, 0x4E, 0x5D,
    0x7C, 0xB3, 0xB5, 0x89, 0xE9, 0x77, 0xB7, 0x89, 0xE7, 0x41, 0xD5, 0xE1, 0x93, 0x6C, 0x62, 0xFF,
    0x14, 0x9B, 0x78, 0x0E, 0x04, 0x65, 0xE5, 0x25, 0x68, 0x5B, 0x77, 0xC5, 0x98, 0x2F, 0xA7, 0x95,
    0xF1, 0x6B, 0xA4, 0x37, 0x7E, 0x19, 0x75, 0xCF, 0x5B, 0x2E, 0x6A, 0x9A, 0xFD, 0xAD, 0x69, 0xF6,
    0x9F, 0xD5, 0x34, 0x9F, 0x03, 0x2D, 0xB2, 0xFD, 0x8A, 0xEB, 0x47, 0xEB, 0x65, 0x72, 0xE6, 0x0F,
    0x67, 0x53, 0x71, 0x62, 0xB7, 0xF0, 0x19, 0x96, 0xE9, 0x09, 0x5D, 0xC1, 0x68, 0xD8, 0x8F, 0x1A,
    0x8C, 0xFB, 0x50, 0x8C, 0x06, 0xB5, 0xB4, 0xC8, 0x91, 0x24, 0xC0, 0xD0, 0xD5, 0xC1, 0xD7, 0x6D,
    0x56, 0x46, 0x9F, 0xC0, 0x54, 0xA4, 0x11, 0xC0, 0x5E, 0xD4, 0x17, 0x77, 0x3A, 0x80, 0x8F, 0xEB,
    0xA8, 0xCF, 0x3E, 0x21, 0x0B, 0x2C, 0x19, 0x26, 0x3D, 0x62, 0x3B, 0x6E, 0x39, 0xAD, 0x23, 0x76,
    0x90, 0x16, 0x60, 0xE1, 0x9D, 0x68, 0xD9, 0x8F, 0xE9, 0x5E, 0xF7, 0xE9, 0xEB, 0x70, 0xCD, 0x3F,
    0x03, 0x15, 0xA8, 0xD6, 0xC4, 0xB2, 0x63, 0x8D, 0x1E, 0xAD, 0xF9, 0x71, 0x8F, 0xE2, 0x55, 0xA6,
    0xBA, 0xD5, 0xE0, 0x20, 0xAC, 0x4D, 0xF0, 0x63, 0x40, 0x64, 0x90, 0x09, 0xDF, 0x6E, 0xDD, 0xA1,
    0xB8, 0xAD, 0xBD, 0xCF, 0x62, 0x9D, 0xFD, 0x82, 0x96, 0x7B, 0xF2, 0xDD, 0xEE, 0x88, 0x2D, 0x89,
    0xB2, 0xD3, 0xC3, 0xBD, 0xE2, 0x8F, 0xA5, 0x82, 0x93, 0xE6, 0xBB, 0xF7, 0xE1, 0xBF, 0x34, 0x3F,
    0x15, 0x9A, 0x93, 0x63, 0x55, 0x45, 0x2B, 0x1B, 0x58, 0xAC, 0xDA, 0x1E, 0x89, 0x79, 0xCB, 0xB5,
    0x54, 0x1E, 0xB9, 0xBF, 0xED, 0xB8, 0x97, 0xFC, 0x7F, 0x51, 0x9B, 0xE6, 0x14, 0x62, 0xC1, 0xCD,
    0xF1, 0xF2, 0x1F, 0x04, 0xCB, 0xB9, 0x5E, 0x3F, 0x7D, 0xFC, 0xFF, 0x34, 0x61, 0x7F, 0x51, 0x04,
    0x49, 0x13, 0x34, 0x53, 0x6D, 0x17, 0x25, 0xB8, 0x79, 0xA6, 0x0A, 0x2C, 0x8B, 0xB2, 0xB5, 0x73,
    0x65, 0x3F, 0xAD, 0xF8, 0x5F, 0x1B, 0x41, 0x43, 0x97, 0xC5, 0x8C, 0x23, 0x2A, 0x31, 0x64, 0xEC,
    0xDE, 0xAB, 0x57, 0x39, 0x8B, 0x3F, 0xF5, 0x8A, 0xE0, 0x90, 0x4E, 0x8B, 0x2F, 0x06, 0x3B, 0x96,
    0x7F, 0xFE, 0x0B, 0x4D, 0x0B, 0x1E, 0xD6, 0xEE, 0xDF, 0x3A, 0x24, 0x37, 0x51, 0x37, 0xFF, 0xD9,
    0x76, 0x4F, 0xE6, 0x0D, 0xDD, 0xEF, 0xEC, 0x76, 0x99, 0xF8, 0x94, 0xE1, 0xC7, 0x8C, 0x8B, 0xEC,
    0xB2, 0xE5, 0x41, 0xDF, 0x19, 0xBE, 0xED, 0xD2, 0x2C, 0xBD, 0x76, 0x6B, 0xDC, 0xFE, 0xBF, 0xC8,
    0xE3, 0x41, 0x8A, 0x88, 0x6D, 0x42, 0x44, 0x19, 0xD8, 0xA6, 0x68, 0x11, 0x9F, 0x4A, 0xC6, 0x14,
    0x8C, 0x0B, 0xF0, 0x67, 0x00, 0xEF, 0x0C, 0xE0, 0x4F, 0xC7, 0xDA, 0xD1, 0x36, 0xB0, 0x83, 0x26,
    0x98, 0xAD, 0x45, 0x2A, 0x77, 0x6B, 0x78, 0xEA, 0xB8, 0x52, 0x15, 0x6C, 0x5D, 0xB5, 0x47, 0x75,
    0x41, 0xD4, 0x42, 0x34, 0x44, 0xCE, 0x1E, 0xA7, 0x1F, 0x3F, 0x25, 0x89, 0xFF, 0x0F, 0xDD, 0x5C,
    0x3F, 0x93, 0xDC, 0xC8, 0x75, 0x6F, 0x00, 0x22, 0x21, 0x1F, 0x54, 0x02, 0x03, 0xDA, 0xE5, 0xD3,
    0xC9, 0x02, 0xC3, 0xAB, 0xB2, 0x8A, 0x70, 0xA0, 0xC0, 0xC1, 0x2E, 0x01, 0x5B, 0xCE, 0x94, 0xF0,
    0x23, 0xF8, 0x13, 0x98, 0x17, 0x2A, 0xA0, 0x08, 0xD0, 0x17, 0x30, 0x70, 0x20, 0x56, 0xE9, 0x0B,
    0x30, 0x56, 0x60, 0x33, 0x60, 0xC0, 0x60, 0xB9, 0xC0, 0xDD, 0x05, 0x0E, 0x1C, 0x18, 0x2E, 0x7F,
    0x00, 0xC1, 0xAE, 0xCB, 0x1C, 0x1C, 0xEE, 0x88, 0xAA, 0x83, 0xAD, 0x01, 0xDA, 0xEF, 0xF7, 0x7B,
    0x0D, 0xCC, 0xCC, 0xEE, 0x90, 0x5C, 0x2E, 0x77, 0x97, 0xBB, 0x9C, 0xDA, 0x79, 0x0F, 0x3B, 0x83,
    0xE9, 0xE9, 0xFE, 0xF5, 0xEB, 0xD7, 0xEF, 0x5F, 0x8F, 0x09, 0xAC, 0xED, 0x8C, 0x31, 0x8E, 0xED,
    0x7E, 0x04, 0xFA, 0x56, 0x30, 0x90, 0x45, 0x2B, 0xB2, 0xD8, 0xB1, 0x89, 0xEC, 0xB6, 0x25, 0xDB,
    0xB3, 0x39, 0x59, 0x55, 0x82, 0x3D, 0xCF, 0x6A, 0xB0, 0x2E, 0x6B, 0xC8, 0xD2, 0x56, 0xA8, 0xDF,
    0xC6, 0xFC, 0xBE, 0x3A, 0xEE, 0xC9, 0x22, 0x34, 0x1A, 0x95, 0x01, 0x5A, 0x8B, 0x4D, 0x30, 0x82,
    0x59, 0x8B, 0x46, 0x53, 0x6B, 0xD1, 0xE8, 0x9E, 0x31, 0x68, 0x54, 0x18, 0x1A, 0x7D, 0x6E, 0x0C,
    0x1A, 0x95, 0x26, 0xD0, 0xA8, 0x30, 0x69, 0xD4, 0x97, 0x76, 0xA5, 0xD1, 0xCA, 0x96, 0xA1, 0xB5,
    0xA5, 0xB5, 0xB5, 0x34, 0x50, 0x1B, 0x6B, 0xE5, 0x86, 0x35, 0x79, 0xE5, 0x23, 0x95, 0xEF, 0xF2,
    0x71, 0x4B, 0xDC, 0x25, 0x9D, 0x49, 0x9A, 0xB0, 0x97, 0x6F, 0x90, 0xA1, 0xA6, 0xE8, 0xD3, 0x35,
    0xC3, 0x8E, 0x7D, 0x22, 0x24, 0xB2, 0x2B, 0xE3, 0xD9, 0xDF, 0xAD, 0x4C, 0xDC, 0xCB, 0x6B, 0x72,
    0x8B, 0x10, 0xDC, 0x52, 0xE4, 0x20, 0x65, 0x28, 0xFF, 0xB6, 0xC5, 0x78, 0x23, 0xB1, 0xDF, 0xDA,
    0xCE, 0xB7, 0x65, 0x51, 0x1B, 0xBF, 0x34, 0x9F, 0x61, 0x8C, 0x8D, 0x21, 0x7E, 0x43, 0x84, 0xF1,
    0x9B, 0xC2, 0x12, 0x9B, 0x64, 0xFC, 0x40, 0x80, 0xF6, 0x8D, 0xB9, 0x65, 0x82, 0xD2, 0x3C, 0xD3,
    0x81, 0xFA, 0x43, 0xD4, 0x01, 0xF2, 0x1A, 0x23, 0xCD, 0x97, 0x41, 0x5C, 0x24, 0xEE, 0x57, 0x53,
    0x5E, 0xE5, 0xE1, 0xA9, 0x9C, 0x46, 0xEC, 0x93, 0x49, 0x14, 0xA7, 0x7D, 0x65, 0xBF, 0x51, 0xF6,
    0x40, 0x59, 0xF1, 0x77, 0x64, 0x99, 0x0E, 0x26, 0x1E, 0xCE, 0x18, 0xCE, 0xD5, 0x1A, 0xCE, 0x86,
    0xE3, 0x94, 0xC7, 0x7D, 0x62, 0x32, 0x0B, 0xA9, 0x92, 0xE1, 0x06, 0xBE, 0x14, 0x97, 0x04, 0xD0,
    0xEB, 0xD9, 0x7D, 0xC2, 0x9E, 0x72, 0x0E, 0x2A, 0x8C, 0xCB, 0xA7, 0xA8, 0x07, 0x1B, 0x8B, 0xF0,
    0x13, 0xFB, 0x35, 0x7B, 0x2B, 0x4B, 0x21, 0x9E, 0x72, 0xB9, 0xA9, 0x68, 0x4D, 0x5C, 0x03, 0xB7,
    0xB8, 0x0E, 0x64, 0x20, 0x71, 0x8D, 0x49, 0x8B, 0x88, 0x79, 0x58, 0x27, 0x6C, 0x2A, 0x53, 0xCA,
    0x35, 0xA4, 0x13, 0xA4, 0xB4, 0xA8, 0xD7, 0x74, 0xF3, 0x75, 0x77, 0x67, 0xB7, 0xEE, 0x0C, 0x5A,
    0x0B, 0x1A, 0xB4, 0x1C, 0xB4, 0x98, 0xB8, 0xB0, 0xF5, 0x64, 0xC2, 0x64, 0x55, 0xCA, 0x20, 0xE3,
    0x16, 0x2B, 0xB2, 0x6A, 0x5C, 0xAF, 0x4C, 0x82, 0x1E, 0x1A, 0x1F, 0x9F, 0x0B, 0x31, 0x2A, 0x0A,
    0x41, 0x8A, 0x86, 0x33, 0xCC, 0x0E, 0xD0, 0xF4, 0xF0, 0x92, 0x57, 0xBF, 0x42, 0xBC, 0x23, 0xB4,
    0x52, 0xD9, 0xDE, 0x04, 0xD3, 0xDF, 0x8C, 0x26, 0xEA, 0x8D, 0x35, 0x49, 0x2B, 0x44, 0xA4, 0xA1,
    0x00, 0xF9, 0x58, 0xC0, 0x46, 0xBF, 0xF3, 0x85, 0xE0, 0xDF, 0x8C, 0x04, 0x6D, 0x52, 0xF8, 0xA4,
    0xC7, 0x61, 0x1E, 0xDA, 0xFC, 0x01, 0x56, 0xD4, 0x80, 0x5E, 0x51, 0x4E, 0x29, 0xC9, 0x01, 0x25,
    0x38, 0xA6, 0xE4, 0x64, 0x8F, 0xD0, 0xC7, 0xC1, 0x1C, 0x08, 0xCD, 0xCD, 0x0F, 0xAF, 0x10, 0xC2,
    0xE8, 0xB1, 0x37, 0xCD, 0xC3, 0xE1, 0x68, 0xD2, 0x47, 0xD2, 0xD6, 0x3E, 0x64, 0xA9, 0xC7, 0x2A,
    0x7A, 0xCC, 0xF1, 0x5C, 0x1C, 0xB8, 0xE3, 0x1A, 0xDC, 0x80, 0xDA, 0x41, 0xAF, 0xCD, 0x31, 0x7D,
    0x7D, 0x55, 0x20, 0x1E, 0xE7, 0x31, 0xAC, 0x89, 0x19, 0x5F, 0xB3, 0x21, 0x9E, 0x27, 0xBA, 0x37,
    0xCC, 0x0F, 0xA0, 0x67, 0x39, 0xED, 0x19, 0x75, 0x48, 0xFC, 0x4D, 0xB3, 0x20, 0xED, 0x4D, 0x57,
    0x0E, 0xDD, 0x5B, 0xE6, 0x26, 0xC6, 0x23, 0xCA, 0xF1, 0x0E, 0x94, 0x45, 0xF2, 0x6F, 0x2D, 0xF0,
    0xAB, 0x1D, 0xCE, 0x9B, 0x03, 0xBA, 0x20, 0x88, 0x7D, 0x68, 0x00, 0x40, 0x12, 0x52, 0xF5, 0xF6,
    0x29, 0x37, 0x93, 0x49, 0x3B, 0x92, 0xE9, 0x8E, 0x18, 0x1F, 0x37, 0xF5, 0x0A, 0xD9, 0xC3, 0x72,
    0x32, 0x0B, 0x55, 0x62, 0x05, 0x7F, 0x32, 0x83, 0xB1, 0x58, 0x05, 0xC9, 0xEA, 0x4E, 0x63, 0x75,
    0x4B, 0x15, 0x06, 0x84, 0xAC, 0x0E, 0xD5, 0x62, 0xB2, 0x36, 0x99, 0x37, 0xB3, 0x7C, 0x8B, 0xED,
    0xB8, 0x13, 0xB3, 0xB9, 0x6E, 0xCC, 0x35, 0x8D, 0x89, 0xB0, 0x3A, 0x43, 0xB8, 0xAB, 0x04, 0x4B,
    0x26, 0xED, 0x60, 0xA7, 0xDD, 0x9D, 0xBB, 0xFE, 0xE7, 0xF2, 0xBC, 0x5E, 0x1F, 0xA2, 0xBD, 0xA6,
    0x22, 0xFA, 0x72, 0xED, 0xDD, 0xAB, 0x21, 0x63, 0x89, 0xA3, 0xCF, 0x49, 0x9F, 0x91, 0x76, 0xA4,
    0x66, 0x8B, 0x26, 0x13, 0xA8, 0xB5, 0xDF, 0xD4, 0xD2, 0x1D, 0x5F, 0xC6, 0x1C, 0x63, 0xFB, 0xC4,
    0x9C, 0xA4, 0x35, 0x2E, 0x16, 0x2A, 0xF3, 0xB0, 0x93, 0x6E, 0xDE, 0x23, 0xDB, 0x84, 0x50, 0x01,
    0x59, 0xFE, 0x0D, 0xD9, 0x9A, 0x67, 0xED, 0x1F, 0x64, 0x18, 0xE9, 0x18, 0xDB, 0x23, 0x48, 0x7B,
    0x67, 0x82, 0xB4, 0x34, 0xD6, 0x09, 0xC4, 0x8E, 0x9D, 0x1B, 0xD2, 0x5C, 0x97, 0x58, 0x39, 0x21,
    0x2D, 0xEA, 0xC8, 0x1E, 0x41, 0x51, 0x69, 0x48, 0x3B, 0x48, 0xE9, 0x79, 0x20, 0x5D, 0x9E, 0x14,
    0x69, 0xA3, 0x76, 0xD5, 0x6C, 0x5D, 0x1D, 0x97, 0x78, 0x19, 0x19, 0xA8, 0x82, 0x93, 0xBD, 0x82,
    0xFE, 0x8C, 0x94, 0x53, 0x14, 0x93, 0x26, 0x1B, 0x34, 0x05, 0xE5, 0x40, 0x1D, 0xD5, 0x57, 0xDC,
    0xBB, 0x7A, 0xBF, 0xD9, 0xA4, 0x71, 0x79, 0x94, 0x26, 0xA4, 0x69, 0xC9, 0x9E, 0x38, 0x2A, 0xDD,
    0x22, 0xF4, 0x33, 0x39, 0x81, 0xAA, 0x1E, 0xBD, 0x11, 0x7A, 0x2A, 0x03, 0xC8, 0x59, 0x29, 0x20,
    0x09, 0x91, 0xA6, 0xEA, 0x82, 0xAD, 0x2E, 0x2A, 0xA4, 0x58, 0x54, 0x08, 0x55, 0xA0, 0x68, 0x3D,
    0x2F, 0x17, 0xCB, 0x38, 0x2C, 0x03, 0xB9, 0x0B, 0xA3, 0x58, 0x41, 0xF5, 0x3E, 0x36, 0xE6, 0x23,
    0x9A, 0x36, 0x62, 0xE1, 0x62, 0x46, 0x5B, 0x68, 0x11, 0x5F, 0x05, 0xA1, 0xE8, 0xAF, 0x10, 0x8E,
    0xA5, 0x18, 0x0F, 0x5E, 0x6B, 0x7E, 0x0E, 0x5B, 0x42, 0x74, 0xF4, 0xE4, 0xCB, 0xAA, 0xCA, 0x80,
    0x68, 0x02, 0x09, 0x0E, 0xA6, 0x0B, 0x87, 0xD5, 0xC4, 0xCD, 0xC6, 0x4E, 0xB5, 0x41, 0xE3, 0x9D,
    0x3E, 0xEA, 0xA5, 0x06, 0xD7, 0x5B, 0x1D, 0xB7, 0x2C, 0xBC, 0x95, 0x79, 0x1F, 0xE2, 0x7A, 0xA9,
    0x71, 0x92, 0x07, 0x0D, 0x8D, 0x80, 0x6A, 0x28, 0x56, 0xEF, 0x57, 0xF7, 0xE3, 0x4D, 0xFA, 0x90,
    0xAF, 0xDB, 0xD9, 0x85, 0x7A, 0x0D, 0x56, 0xC5, 0x09, 0xB1, 0xF2, 0x81, 0x55, 0x9C, 0x0B, 0x56,
    0x0F, 0x1C, 0x56, 0x89, 0x6D, 0xE9, 0xBE, 0xCE, 0x3D, 0xD8, 0x5F, 0x3C, 0xBB, 0x17, 0x14, 0x37,
    0x58, 0x67, 0xD9, 0xE8, 0x0C, 0x21, 0x4F, 0xC0, 0xC6, 0xCD, 0x11, 0x5D, 0x6A, 0xF6, 0x72, 0xE2,
    0xF4, 0x66, 0x54, 0x01, 0x49, 0x7B, 0x85, 0x64, 0xF5, 0x2E, 0xEC, 0xB4, 0x01, 0xEE, 0xB8, 0xDA,
    0x69, 0xBF, 0x6D, 0xB0, 0x31, 0x94, 0xB3, 0xD4, 0x8E, 0x17, 0xAF, 0x08, 0x68, 0x03, 0x43, 0xAB,
    0xE6, 0xEA, 0xC7, 0xA9, 0x5E, 0xF8, 0x7C, 0x50, 0x07, 0x8F, 0xEE, 0xFE, 0x5D, 0x75, 0x7D, 0x3E,
    0x51, 0x5F, 0x54, 0x65, 0x29, 0x9E, 0x60, 0x09, 0xD3, 0x1A, 0x6E, 0x19, 0x69, 0x90, 0x4E, 0x41,
    0x8F, 0x85, 0xAD, 0x51, 0xB3, 0x55, 0x6D, 0x58, 0xB1, 0x55, 0x75, 0xDF, 0xC8, 0x1C, 0xD3, 0xC9,
    0x52, 0xBB, 0x77, 0x66, 0x6A, 0x11, 0x83, 0x5D, 0xFF, 0xFD, 0xEF, 0xF1, 0xA2, 0x6C, 0x95, 0xB9,
    0xB0, 0xEB, 0xD5, 0xFF, 0xF1, 0x03, 0xD8, 0x58, 0x3B, 0xB2, 0x54, 0x19, 0x9A, 0x16, 0x86, 0x2F,
    0x12, 0x46, 0x33, 0xBC, 0xA3, 0x6D, 0x07, 0x8B, 0x12, 0x5D, 0x02, 0xB4, 0x93, 0xB9, 0xD7, 0x2D,
    0xDD, 0x15, 0x81, 0x46, 0xE7, 0x0D, 0x24, 0xC6, 0x5F, 0xD1, 0x74, 0x30, 0x0E, 0xF9, 0xEC, 0x57,
    0xD2, 0x8B, 0x03, 0x99, 0x0D, 0x71, 0xA4, 0x45, 0x04, 0x4B, 0xCC, 0xD0, 0x91, 0xC7, 0xBD, 0xD1,
    0x3C, 0x0D, 0xAC, 0xFD, 0x6D, 0x17, 0x0F, 0x89, 0xED, 0x92, 0x26, 0x18, 0x04, 0x5B, 0x1F, 0x11,
    0x0B, 0x6F, 0x26, 0xF8, 0x97, 0x6F, 0x44, 0xBD, 0x8C, 0x98, 0x11, 0x10, 0xFF, 0x9B, 0xC9, 0xC9,
    0x78, 0x9C, 0xCF, 0x5E, 0x7B, 0x0A, 0x0B, 0x59, 0x86, 0x67, 0x73, 0x74, 0xAC, 0x96, 0x77, 0x8B,
    0x36, 0x45, 0xF7, 0x65, 0x65, 0x44, 0xDD, 0x21, 0x6C, 0x7C, 0x08, 0x50, 0x5D, 0xE5, 0x22, 0x39,
    0xD9, 0xD7, 0xD7, 0x27, 0xDC, 0xDC, 0x1B, 0xAF, 0x82, 0xAD, 0x66, 0x9E, 0x9A, 0x1F, 0xA1, 0x3B,
    0xCF, 0xE0, 0x8F, 0x8A, 0x04, 0x79, 0x9C, 0xA4, 0x44, 0x77, 0x66, 0x5F, 0x57, 0xF8, 0xA6, 0xDB,
    0x72, 0xB5, 0xE7, 0xAA, 0x14, 0x1F, 0xCD, 0x6F, 0x30, 0xD4, 0x0E, 0x32, 0x3A, 0xFA, 0xBD, 0xB3,
    0x42, 0x52, 0xD8, 0x51, 0xE1, 0xAB, 0xF6, 0xCC, 0xCB, 0x32, 0x57, 0x66, 0xDA, 0x5C, 0x57, 0x81,
    0xCE, 0x8E, 0xFB, 0xCF, 0xEC, 0xEA, 0xFC, 0x07, 0x30, 0x65, 0xEB, 0x9D, 0x38, 0x3C, 0xE1, 0x4E,
    0x7C, 0x59, 0x66, 0xEB, 0x43, 0xD0, 0x6D, 0xF3, 0xC3, 0xC5, 0x66, 0xAD, 0x63, 0x2A, 0x71, 0x85,
    0xD9, 0x11, 0xCC, 0x55, 0x37, 0xDC, 0x6C, 0xB8, 0x25, 0xB7, 0xE7, 0x97, 0x11, 0x1C, 0x76, 0xD1,
    0xD5, 0xD5, 0x16, 0x31, 0x4F, 0x2E, 0xFB, 0xC2, 0xFB, 0xCD, 0xE6, 0xC2, 0x8B, 0x68, 0x69, 0x98,
    0x54, 0x37, 0xB4, 0x03, 0x05, 0xE7, 0x2E, 0xC3, 0x3F, 0xB3, 0xB9, 0x30, 0xC9, 0x76, 0x38, 0x82,
    0x55, 0xB2, 0x2B, 0x6E, 0x86, 0x0C, 0x14, 0xC3, 0x53, 0x31, 0x67, 0x7D, 0x2C, 0x46, 0x88, 0x79,
    0x37, 0x46, 0xDF, 0x7A, 0x44, 0x07, 0x5D, 0x77, 0x65, 0x44, 0x1C, 0x5E, 0xD5, 0x70, 0xA8, 0x0C,
    0x0D, 0xB7, 0x13, 0x8D, 0xB8, 0x44, 0xDE, 0xB8, 0x89, 0xF8, 0x8B, 0x7B, 0x7C, 0x4C, 0x18, 0xA6,
    0x75, 0x9C, 0x3E, 0x9D, 0x36, 0x74, 0xD0, 0x1B, 0x28, 0x77, 0x95, 0x89, 0x5B, 0xCC, 0x54, 0x20,
    0xB8, 0x63, 0x07, 0xFA, 0xEB, 0x4C, 0x3C, 0x4C, 0xDC, 0x4A, 0x4F, 0x41, 0x47, 0x47, 0x3F, 0xB1,
    0x4F, 0xFE, 0xD2, 0x3E, 0x16, 0x47, 0x48, 0xFE, 0x96, 0x79, 0x18, 0x8F, 0xCC, 0xC3, 0x31, 0x40,
    0xEC, 0xD6, 0xE3, 0x42, 0xA7, 0xC3, 0xCD, 0x83, 0x20, 0x31, 0xCF, 0xC3, 0x3F, 0xAC, 0x11, 0x55,
    0x74, 0xFF, 0xEC, 0x18, 0x8A, 0x19, 0x23, 0x2C, 0x4A, 0xDF, 0x84, 0x31, 0x6C, 0x3C, 0xC1, 0x18,
    0x49, 0x22, 0x5B, 0x9F, 0x09, 0xC6, 0xA9, 0x6D, 0xE5, 0x4F, 0x31, 0x8E, 0x7A, 0xF3, 0x54, 0xFA,
    0xDA, 0xED, 0xA5, 0x5F, 0x36, 0x4F, 0x23, 0x5B, 0x3F, 0x99, 0x95, 0x04, 0xCD, 0x08, 0x5B, 0xE2,
    0x49, 0xAB, 0xF1, 0x1C, 0x9E, 0xD2, 0x76, 0x8E, 0xF6, 0xA3, 0xCE, 0xAB, 0xD3, 0x31, 0xA8, 0xF7,
    0xB2, 0x5F, 0xE5, 0x9F, 0xC5, 0xD6, 0x7C, 0xE6, 0x1F, 0xD9, 0x20, 0x10, 0x30, 0xAC, 0x6A, 0xC6,
    0xE0, 0x19, 0x87, 0x3F, 0xC5, 0x77, 0x85, 0xD4, 0x1F, 0x98, 0xA7, 0xA9, 0xD8, 0x08, 0x1B, 0xB9,
    0x7F, 0xAD, 0x79, 0xC7, 0xBF, 0x82, 0xEA, 0x42, 0xB4, 0x97, 0xFE, 0x6D, 0xF5, 0xFE, 0x3E, 0x34,
    0xB7, 0xE5, 0x5F, 0x70, 0xB2, 0xBF, 0x02, 0xB9, 0xB7, 0xE6, 0x6C, 0xFB, 0x86, 0x44, 0xE8, 0xCF,
    0x98, 0xFC, 0x7B, 0x4E, 0x75, 0x0E, 0x91, 0xF8, 0x01, 0xFA, 0x94, 0xB6, 0x41, 0x8F, 0x14, 0x64,
    0x3C, 0x82, 0x06, 0x47, 0x62, 0x28, 0xA7, 0xED, 0xBC, 0xF9, 0x0B, 0x18, 0xA5, 0x62, 0x3F, 0xCB,
    0x9E, 0x18, 0x34, 0xD8, 0x27, 0x43, 0x71, 0x55, 0x44, 0xF3, 0x8A, 0x38, 0x1D, 0xCA, 0xA2, 0x29,
    0x7D, 0x5B, 0x7B, 0xBC, 0x3E, 0xA7, 0xB9, 0x38, 0x7D, 0xCF, 0xB1, 0xC5, 0x61, 0xB5, 0x65, 0xD2,
    0xDA, 0x98, 0xD4, 0x41, 0xEB, 0x77, 0xCC, 0x24, 0xD3, 0x86, 0xB1, 0x1D, 0x9E, 0xDC, 0x8B, 0xC3,
    0xE1, 0xED, 0x9E, 0xC1, 0x9B, 0x9E, 0xC8, 0x17, 0x74, 0xFA, 0x84, 0x3F, 0xF7, 0x4F, 0xA8, 0x14,
    0x28, 0x4D, 0x25, 0xD2, 0x9A, 0xF6, 0xB3, 0x37, 0x3C, 0x69, 0x46, 0x02, 0x01, 0xCE, 0xE4, 0xF3,
    0xCE, 0xDC, 0x91, 0xA9, 0x1C, 0x64, 0xEF, 0xBE, 0x3B, 0xA7, 0xA2, 0xAE, 0x61, 0x07, 0xA0, 0x39,
    0x40, 0xE5, 0xF3, 0x93, 0xC9, 0x29, 0x95, 0x77, 0x79, 0x8E, 0x2E, 0xB1, 0x27, 0x4F, 0xF1, 0x2F,
    0xD2, 0x2F, 0xC5, 0x3E, 0xF9, 0xBE, 0x11, 0x78, 0x72, 0x86, 0x82, 0x05, 0x6B, 0xD9, 0xE3, 0x81,
    0x7A, 0x60, 0xA7, 0xD9, 0x99, 0x06, 0x3B, 0x20, 0x63, 0x2E, 0xD2, 0x6A, 0x8E, 0xD5, 0xC2, 0x0F,
    0x9E, 0x3D, 0x67, 0x61, 0xF4, 0x33, 0x2D, 0xEF, 0x30, 0x56, 0x53, 0xE3, 0x56, 0x93, 0xE1, 0x36,
    0xA5, 0xDF, 0x6B, 0x0F, 0xA8, 0x8D, 0x6C, 0x57, 0x61, 0x6B, 0xB3, 0x35, 0xDD, 0x57, 0x9B, 0x33,
    0xC7, 0x60, 0x35, 0x59, 0x60, 0x35, 0xAB, 0x6B, 0xD5, 0x14, 0xB1, 0xC6, 0x9F, 0xB6, 0x34, 0x74,
    0xE5, 0x42, 0xD7, 0x35, 0x3A, 0x18, 0xB1, 0x9F, 0x93, 0xB0, 0xFC, 0xA8, 0xA9, 0xE2, 0xAB, 0xDC,
    0xAB, 0x3D, 0x73, 0x84, 0x61, 0xC5, 0xCC, 0x29, 0x66, 0x24, 0x76, 0xC8, 0xAE, 0x6F, 0x7C, 0xF8,
    0xF0, 0xA8, 0xC6, 0xF7, 0xDE, 0x62, 0x3F, 0x05, 0x78, 0xD0, 0xF8, 0xA0, 0xDC, 0xC2, 0x27, 0x9D,
    0x68, 0xC2, 0x32, 0x31, 0x57, 0x32, 0x25, 0x80, 0x6D, 0xA2, 0xE1, 0xA8, 0xD5, 0x30, 0xF6, 0xDF,
    0x39, 0x68, 0x76, 0x70, 0xF2, 0x75, 0xA2, 0x2C, 0x3F, 0x8B, 0x9B, 0x26, 0x66, 0x61, 0x26, 0x9A,
    0x90, 0xF6, 0xEB, 0xD0, 0x96, 0x99, 0x1D, 0x82, 0xA3, 0xA1, 0xE6, 0xB8, 0x5E, 0x87, 0x4A, 0x94,
    0xC6, 0xED, 0x3A, 0x1B, 0xCE, 0xEF, 0x75, 0xB1, 0xA0, 0x4F, 0x41, 0xD4, 0x3C, 0xAA, 0xD0, 0xDB,
    0x84, 0xBD, 0xCD, 0xD8, 0xDB, 0x9F, 0x9C, 0xAC, 0xB7, 0xFD, 0x49, 0x7B, 0xDB, 0xB2, 0xB7, 0x1D,
    0x7B, 0x7B, 0xB0, 0x9E, 0x03, 0x95, 0x0A, 0x35, 0xA7, 0x15, 0xB7, 0xF6, 0x78, 0x40, 0x72, 0x5A,
    0xA8, 0xA7, 0x13, 0x7C, 0x24, 0x20, 0x73, 0xB6, 0xF4, 0x4F, 0x48, 0xD3, 0x57, 0x84, 0x92, 0x2A,
    0x17, 0x6E, 0x72, 0x41, 0x27, 0x19, 0x8B, 0x0C, 0x24, 0x46, 0x09, 0x83, 0xF4, 0xDF, 0x6B, 0x9D,
    0x19, 0x26, 0x2E, 0x2B, 0x60, 0x9C, 0x38, 0xA8, 0x77, 0xFE, 0x93, 0xB9, 0xCE, 0xD4, 0x0C, 0xB9,
    0xBC, 0x38, 0x6C, 0x49, 0x20, 0x1D, 0xE0, 0x6C, 0x23, 0xF9, 0x19, 0x6F, 0xC8, 0x1E, 0x3D, 0x00,
    0x51, 0x70, 0x78, 0xFC, 0xE2, 0xFC, 0xE0, 0x5A, 0x7B, 0x48, 0xD6, 0x75, 0x18, 0x63, 0xD9, 0x67,
    0xC5, 0x08, 0x7B, 0x20, 0x2A, 0x4F, 0xC0, 0xF4, 0x57, 0xA4, 0x4C, 0x7D, 0xF9, 0xCC, 0x4B, 0xF9,
    0xDD, 0x06, 0x6D, 0x48, 0xA9, 0x6B, 0x10, 0x99, 0xBC, 0x48, 0x48, 0xAF, 0x05, 0x9D, 0x3F, 0x05,
    0x5D, 0xE6, 0x9E, 0xB2, 0x08, 0x5B, 0x2E, 0x44, 0x7D, 0x96, 0xB2, 0xE0, 0xDE, 0x7D, 0x07, 0x70,
    0x4F, 0x78, 0x95, 0x80, 0xEC, 0xD4, 0x22, 0xE6, 0x31, 0xB1, 0xA7, 0xB9, 0xC2, 0x70, 0x83, 0xEA,
    0x2B, 0xFA, 0xEE, 0xBB, 0xE2, 0xF1, 0xB1, 0x46, 0x82, 0xA0, 0x88, 0xD3, 0x13, 0x8D, 0x4B, 0x84,
    0x6E, 0x12, 0x87, 0x7B, 0xCA, 0x7A, 0xF7, 0xEC, 0xF4, 0xB5, 0x73, 0xC5, 0xE3, 0xD6, 0xB2, 0xF3,
    0x59, 0xDD, 0xC6, 0x74, 0x87, 0xE3, 0x2E, 0x44, 0x0F, 0x9E, 0xE1, 0x12, 0xDA, 0x20, 0xB2, 0xF1,
    0x93, 0xDE, 0x3D, 0x2D, 0x1E, 0x6F, 0x5A, 0x36, 0xBF, 0x16, 0xF7, 0x42, 0x36, 0x57, 0xBD, 0x6D,
    0x7F, 0x32, 0x37, 0x4E, 0xB6, 0x6C, 0x82, 0x76, 0x33, 0x65, 0xEF, 0x42, 0x1D, 0x2E, 0xB6, 0xA5,
    0xCB, 0x2A, 0x2C, 0x8F, 0xA7, 0x8D, 0x60, 0x22, 0xD8, 0x16, 0x05, 0x78, 0x95, 0x6D, 0x3C, 0xA8,
    0x79, 0x71, 0xD3, 0xE1, 0x91, 0x83, 0xF5, 0xCA, 0x56, 0x64, 0x2F, 0x2D, 0xD9, 0xB7, 0x72, 0xAB,
    0xB0, 0x4E, 0x76, 0x72, 0x30, 0x99, 0x1D, 0xB0, 0x64, 0x20, 0x13, 0x3B, 0x0C, 0x4C, 0xE4, 0x07,
    0x4C, 0x90, 0x23, 0xAB, 0x6A, 0xB2, 0xAC, 0x23, 0x8B, 0x07, 0xB2, 0x70, 0x24, 0x83, 0x67, 0x0C,
    0xDC, 0x1D, 0x2B, 0x94, 0xA5, 0xCA, 0x62, 0x65, 0x62, 0x89, 0x15, 0xD2, 0x25, 0x59, 0xE7, 0x15,
    0xF6, 0xAF, 0xC5, 0xF8, 0x72, 0x7B, 0x8F, 0x6E, 0x49, 0x2C, 0xBE, 0x72, 0x1A, 0x4B, 0x3D, 0x6F,
    0xBD, 0xE5, 0xAF, 0x5E, 0x17, 0xDC, 0x7A, 0x06, 0xD1, 0x8C, 0x86, 0x4C, 0xC6, 0x5D, 0xFD, 0xAF,
    0x85, 0x39, 0x2C, 0xBE, 0x58, 0x87, 0xC9, 0x8E, 0x3A, 0xB4, 0x0B, 0x23, 0xF9, 0x1D, 0xE8, 0x3D,
    0x5B, 0xFE, 0xCB, 0x54, 0x56, 0xB6, 0x45, 0xF8, 0xFF, 0xAA, 0x22, 0xBD, 0xFD, 0x18, 0xB6, 0x0C,
    0x32, 0x97, 0x0D, 0x19, 0x67, 0xE7, 0x64, 0xC3, 0x3C, 0x73, 0xE2, 0x18, 0xE4, 0x17, 0x8C, 0xF3,
    0x76, 0x77, 0x93, 0xCD, 0x3D, 0x6D, 0xA3, 0xC0, 0x40, 0xF7, 0xB4, 0x78, 0x23, 0x1A, 0x45, 0x87,
    0x42, 0xB6, 0x98, 0x5B, 0x9A, 0x84, 0xE0, 0xD0, 0x1F, 0x84, 0x1A, 0x9A, 0xD2, 0xD0, 0x70, 0x6C,
    0xB7, 0xAC, 0xD0, 0xAB, 0xBF, 0x8A, 0x7E, 0x68, 0x3C, 0x1A, 0x95, 0x09, 0xCD, 0x4F, 0xC0, 0x10,
    0x7C, 0xC7, 0xC8, 0xA2, 0xE6, 0x2B, 0x5C, 0xA2, 0xA9, 0xBC, 0x1C, 0xEB, 0x27, 0x74, 0xD5, 0x0D,
    0xB1, 0x33, 0x11, 0x12, 0x37, 0x0D, 0xAE, 0x5A, 0x97, 0x2E, 0xDD, 0x66, 0xC8, 0xD4, 0xB9, 0x07,
    0xB3, 0x1C, 0x3A, 0x49, 0x58, 0x02, 0xAB, 0xE6, 0x06, 0x80, 0xA6, 0xE0, 0x26, 0x5D, 0xC5, 0x09,
    0xB6, 0xDF, 0x51, 0x7C, 0x3C, 0xF8, 0xFA, 0x4C, 0x7E, 0x8E, 0xAA, 0x4C, 0xA5, 0xE5, 0xD8, 0x95,
    0x77, 0x9E, 0x8E, 0x0F, 0xBB, 0x39, 0x86, 0x46, 0xEF, 0xC8, 0x7E, 0x89, 0xCC, 0xE0, 0xA9, 0x65,
    0xC8, 0xBE, 0x59, 0x86, 0xBC, 0x59, 0x86, 0x9A, 0x1D, 0x32, 0x14, 0x8D, 0xCC, 0xAC, 0x05, 0xB6,
    0x53, 0x19, 0x52, 0x56, 0x28, 0xCB, 0x94, 0xC5, 0xCA, 0x64, 0x12, 0x28, 0x43, 0x9D, 0xCA, 0x90,
    0x42, 0xEB, 0x6B, 0xE9, 0xDC, 0x2F, 0xB9, 0xA4, 0xEC, 0x37, 0xBA, 0xEF, 0x8C, 0xEB, 0x5D, 0x08,
    0x42, 0x42, 0x19, 0xA1, 0x88, 0x50, 0x42, 0x28, 0x20, 0x9C, 0xE3, 0xB7, 0x27, 0x22, 0x14, 0x61,
    0x2F, 0x32, 0x41, 0x85, 0xAF, 0xA4, 0x9B, 0x49, 0x44, 0x02, 0xF7, 0x45, 0xDC, 0x29, 0xDF, 0xFE,
    0x21, 0x17, 0xCC, 0xD0, 0x13, 0xCC, 0xE7, 0x6B, 0xCF, 0x2F, 0xA8, 0xB7, 0xE8, 0xDE, 0x4B, 0x7A,
    0x0A, 0x46, 0x55, 0x62, 0xFB, 0x44, 0x8C, 0x53, 0xAC, 0xE1, 0x40, 0xA3, 0xFD, 0x70, 0x6E, 0x63,
    0x9D, 0xBF, 0x70, 0xC5, 0x84, 0x80, 0xE8, 0x40, 0x8C, 0x32, 0x98, 0x94, 0x59, 0x9A, 0xCE, 0xFE,
    0xC2, 0xE0, 0x51, 0xAD, 0xD9, 0xF6, 0x7B, 0xF3, 0x07, 0xF4, 0xE3, 0xAE, 0x31, 0xD7, 0x74, 0xAC,
    0x5F, 0x84, 0xAF, 0x65, 0x20, 0x5E, 0xD5, 0x97, 0x76, 0x49, 0x16, 0x76, 0x38, 0xBA, 0xF0, 0x07,
    0xE3, 0xFA, 0x2E, 0x88, 0xD9, 0x6D, 0x92, 0x37, 0x95, 0x56, 0x0C, 0xAC, 0xAA, 0x02, 0x62, 0x45,
    0x89, 0x9A, 0xAA, 0x26, 0x43, 0x7D, 0x14, 0x49, 0x31, 0x93, 0xBE, 0x28, 0x41, 0x70, 0xB5, 0x7E,
    0x97, 0x37, 0xC7, 0xF8, 0x18, 0x1B, 0x60, 0x53, 0xDA, 0xA8, 0xE8, 0xFA, 0xA7, 0xAC, 0x5E, 0xD0,
    0x82, 0xE7, 0x21, 0xA2, 0x60, 0x54, 0xBB, 0x8E, 0x31, 0x7C, 0x00, 0x78, 0x1F, 0xA9, 0x18, 0x3A,
    0xDC, 0xAE, 0x18, 0xF2, 0xA7, 0x0B, 0x87, 0xDF, 0x04, 0xCD, 0x7D, 0xB3, 0xA4, 0x19, 0x4C, 0xFC,
    0x1F, 0x2B, 0xCD, 0xAB, 0x70, 0x2B, 0xBB, 0x13, 0x72, 0x32, 0x9E, 0xEB, 0x96, 0xF7, 0xE4, 0xC7,
    0x1F, 0xD8, 0x64, 0x98, 0x3E, 0x41, 0xD9, 0x40, 0x06, 0x5B, 0xB7, 0x82, 0x32, 0x90, 0x5B, 0xE2,
    0x2F, 0xD0, 0xCC, 0x3F, 0xCA, 0x5D, 0xB7, 0x51, 0x50, 0xF3, 0xF3, 0x20, 0xBF, 0xF0, 0x19, 0x71,
    0x05, 0x1C, 0xCC, 0x03, 0x22, 0x5B, 0xC6, 0xBA, 0x60, 0x5E, 0x14, 0x0D, 0x60, 0x49, 0x59, 0x82,
    0x29, 0x17, 0x49, 0x09, 0x5B, 0x0A, 0x0D, 0x97, 0x88, 0x65, 0xF2, 0x02, 0x79, 0x46, 0x5E, 0x00,
    0x1C, 0xF9, 0xA6, 0x8F, 0xF2, 0xAC, 0x9B, 0x4B, 0x46, 0x5A, 0x5C, 0x88, 0x4B, 0x0E, 0x30, 0x79,
    0x51, 0xF0, 0x42, 0x5C, 0x78, 0x80, 0x9D, 0xB1, 0x32, 0x70, 0xB9, 0x98, 0xDF, 0xCA, 0x96, 0x8B,
    0xE5, 0xE3, 0x9D, 0xBB, 0x48, 0xE7, 0x96, 0xDD, 0x97, 0x7A, 0xB9, 0xEB, 0x46, 0xD0, 0xB8, 0x8E,
    0x85, 0x8D, 0xA7, 0x5D, 0x95, 0x55, 0xAD, 0x9D, 0x17, 0x15, 0xEB, 0x86, 0x53, 0xCF, 0x03, 0x44,
    0xD9, 0xA6, 0x1B, 0xB2, 0x00, 0xE0, 0x55, 0x3D, 0xD1, 0x88, 0xC5, 0xEF, 0x01, 0x34, 0xD9, 0xE3,
    0xB4, 0x06, 0xBC, 0xA3, 0x80, 0x0C, 0xD0, 0x06, 0x14, 0x0B, 0xB1, 0x2A, 0x33, 0x22, 0x9C, 0x28,
    0x74, 0x2D, 0x94, 0x2B, 0xE4, 0x5A, 0x26, 0xA3, 0x9C, 0xF5, 0x9F, 0xEC, 0x24, 0x2D, 0x00, 0xF0,
    0x95, 0x86, 0xCA, 0x20, 0xBE, 0xB7, 0x90, 0xA5, 0x15, 0x58, 0x9F, 0xC9, 0xF7, 0x4C, 0x45, 0x2F,
    0x5B, 0x80, 0x7C, 0x2F, 0x93, 0x25, 0xE8, 0x87, 0x86, 0x15, 0xD2, 0xB5, 0xC7, 0xE7, 0x8E, 0x44,
    0x0C, 0x6B, 0x03, 0xE7, 0xAF, 0x77, 0x94, 0x39, 0xCF, 0xA5, 0xAD, 0x32, 0xF0, 0x84, 0xBE, 0xB0,
    0xAB, 0x8E, 0xD5, 0xC2, 0xD9, 0xAA, 0x74, 0x73, 0xB7, 0x5C, 0x2B, 0x55, 0x0F, 0x9A, 0x95, 0xB3,
    0xE9, 0xC0, 0x94, 0x16, 0x2A, 0x65, 0xB9, 0x0D, 0x59, 0x17, 0xFF, 0x8C, 0x19, 0xA5, 0x88, 0x18,
    0xB7, 0x08, 0x57, 0x73, 0xB4, 0x74, 0xFE, 0x94, 0xCF, 0xB0, 0xAD, 0xB7, 0x15, 0x45, 0xCF, 0x99,
    0xD4, 0x62, 0x20, 0x1D, 0xB1, 0x64, 0x04, 0x3D, 0x53, 0x97, 0x4D, 0xB1, 0x9A, 0xC1, 0x47, 0xBC,
    0x16, 0x2F, 0x5F, 0xDF, 0x65, 0xA6, 0x45, 0x7D, 0x32, 0x64, 0x2B, 0x3B, 0xD8, 0xD5, 0x3D, 0xFB,
    0x55, 0x8F, 0x88, 0x75, 0xE0, 0xCA, 0x7B, 0xF1, 0xC5, 0x6F, 0x7A, 0xDE, 0xB3, 0x2D, 0xF7, 0xFB,
    0xCB, 0x8D, 0xC9, 0xF1, 0xE3, 0x71, 0x6A, 0x12, 0x86, 0xAB, 0x0D, 0x17, 0x98, 0xBA, 0x50, 0x23,
    0xDC, 0x1A, 0x38, 0xFE, 0xE8, 0x0C, 0xF1, 0x59, 0x1E, 0x2B, 0xD5, 0xFF, 0xFE, 0x1C, 0x9B, 0xD8,
    0x57, 0xE7, 0x08, 0xBD, 0xF2, 0x73, 0x06, 0x6F, 0x3D, 0x7A, 0x1F, 0x88, 0xB8, 0x05, 0x6D, 0xC1,
    0x08, 0x35, 0x7B, 0x59, 0xE9, 0x09, 0x83, 0xE6, 0xEA, 0xC8, 0xA2, 0x97, 0x9B, 0xBB, 0x41, 0xEB,
    0xB7, 0x66, 0x10, 0x3C, 0x1F, 0x64, 0x39, 0x03, 0x3D, 0x58, 0x99, 0x61, 0x7F, 0x6E, 0x72, 0xE8,
    0xCE, 0x8F, 0x31, 0xD1, 0xC0, 0xD3, 0x18, 0x18, 0x09, 0xCF, 0x8E, 0xAD, 0x8F, 0x8E, 0x51, 0xF3,
    0x62, 0xA4, 0xC1, 0x28, 0x48, 0xC5, 0xF2, 0x41, 0x16, 0x86, 0x63, 0xB5, 0x67, 0x0B, 0xF9, 0x53,
    0xA7, 0x4D, 0x79, 0x64, 0x6B, 0x35, 0x97, 0x9B, 0x85, 0xC0, 0xC7, 0xA3, 0x32, 0x4B, 0xA1, 0x39,
    0x02, 0x77, 0x68, 0x6F, 0x29, 0xE1, 0xE2, 0x59, 0xB5, 0x0C, 0x0E, 0x53, 0x5A, 0x3F, 0x00, 0x39,
    0x04, 0xA9, 0xA0, 0x4A, 0x2A, 0x02, 0x8B, 0x73, 0x21, 0x29, 0x67, 0x8B, 0x06, 0x3E, 0x1D, 0xAC,
    0x42, 0xE3, 0x90, 0xE8, 0x26, 0x32, 0x4B, 0x08, 0xF7, 0xE3, 0xE5, 0x9F, 0xEE, 0x58, 0xAE, 0xD5,
    0x80, 0xDD, 0xAD, 0x4E, 0xDA, 0xA4, 0xCE, 0xCA, 0xA8, 0xCE, 0xF2, 0x50, 0xB8, 0x47, 0xED, 0x8F,
    0x93, 0x1B, 0x21, 0xDC, 0x00, 0x58, 0x55, 0x3E, 0xBC, 0x83, 0xA4, 0xFB, 0x54, 0xD4, 0xE9, 0x7D,
    0xD9, 0xF2, 0x1E, 0x08, 0xCF, 0xF2, 0x7B, 0x4D, 0xC6, 0xB2, 0x8C, 0xDE, 0x15, 0x0E, 0xBA, 0xE3,
    0x52, 0x8D, 0x3B, 0xFB, 0xC5, 0xA3, 0x5F, 0x3C, 0xF9, 0x75, 0x99, 0x10, 0xC2, 0x5A, 0x44, 0xD2,
    0x03, 0xF5, 0xA2, 0x38, 0x76, 0x38, 0x14, 0xB2, 0x2E, 0x64, 0x07, 0xCC, 0x83, 0xFA, 0x9A, 0x8B,
    0xFB, 0x9E, 0x39, 0x3A, 0x97, 0x69, 0xFC, 0x2C, 0xF8, 0xA5, 0x8A, 0xF2, 0xAA, 0x65, 0xAB, 0x42,
    0x99, 0x08, 0x93, 0x77, 0x58, 0xBA, 0x67, 0x36, 0xEC, 0xC8, 0x55, 0x16, 0x23, 0xBB, 0x74, 0x7D,
    0xE5, 0x84, 0xE4, 0xBE, 0x2A, 0xAD, 0xAA, 0x75, 0x07, 0xAF, 0x78, 0xEE, 0x8A, 0xC7, 0xAE, 0x78,
    0xEA, 0x8A, 0x87, 0xAE, 0xD6, 0x47, 0x94, 0x2E, 0x11, 0x72, 0x3E, 0x2C, 0x95, 0x32, 0xAC, 0x83,
    0x4E, 0x20, 0x5B, 0xC9, 0xBD, 0xD5, 0x4A, 0xBF, 0x33, 0x6E, 0xCF, 0x6D, 0x5D, 0xA1, 0x9A, 0x17,
    0xC5, 0x1A, 0xA4, 0xC8, 0xD7, 0x93, 0xFA, 0xDD, 0x1D, 0xD0, 0x7E, 0x5F, 0xA8, 0xD7, 0xDF, 0x47,
    0x12, 0xAD, 0x77, 0xC7, 0xAF, 0xCE, 0x9B, 0x26, 0x2C, 0x71, 0x50, 0x8A, 0xBA, 0x02, 0x6C, 0x7A,
    0x5A, 0x5A, 0xA5, 0xDB, 0xDD, 0x78, 0xAC, 0x84, 0xFC, 0xC5, 0x52, 0x14, 0xF7, 0xA9, 0xFB, 0xEF,
    0x60, 0x9D, 0x54, 0x66, 0x62, 0x99, 0x50, 0xB0, 0x92, 0x87, 0xE5, 0x2A, 0x6F, 0xFB, 0xF4, 0x6C,
    0x04, 0x11, 0x51, 0xD9, 0x85, 0x74, 0xA3, 0x5B, 0xD0, 0x7B, 0xDE, 0x34, 0x0B, 0xB5, 0x66, 0x79,
    0xD2, 0xA5, 0x7C, 0x3C, 0x3E, 0x5E, 0x3E, 0x5E, 0xEC, 0x2C, 0x1F, 0xBF, 0xDC, 0xF8, 0xFB, 0xA5,
    0x46, 0xA1, 0xF9, 0xAC, 0xF9, 0xFC, 0x54, 0xF6, 0xF9, 0x17, 0xE2, 0x78, 0x1D, 0xC8, 0xBA, 0x5B,
    0xFD, 0xF8, 0x7C, 0x30, 0xC6, 0x01, 0x6D, 0x4D, 0x59, 0x60, 0xEA, 0xFD, 0xFF, 0x9A, 0x62, 0xAA,
    0x15, 0xE6, 0xBF, 0x83, 0x3C, 0x1A, 0x8E, 0xAD, 0x05, 0x56, 0x47, 0xB5, 0xCA, 0x1A, 0x94, 0xE2,
    0x5D, 0xEB, 0xD5, 0x60, 0xE9, 0x74, 0x8E, 0xCE, 0x97, 0x59, 0xB5, 0xC2, 0xAC, 0x9E, 0x9C, 0x86,
    0x1D, 0xD0, 0xF2, 0x5C, 0x1B, 0xBC, 0x54, 0x3D, 0xBF, 0x69, 0xD2, 0xD1, 0x43, 0x12, 0xC6, 0x9D,
    0x99, 0xF7, 0xB5, 0x38, 0xCB, 0xC5, 0x62, 0x51, 0xA2, 0x84, 0x90, 0x02, 0x52, 0x7C, 0x7B, 0xD9,
    0x23, 0x79, 0xE9, 0x17, 0x11, 0x74, 0xC8, 0x67, 0xFE, 0xD1, 0xFA, 0xFC, 0x9B, 0xD0, 0x68, 0xD9,
    0x0A, 0x6B, 0x5F, 0xA9, 0x20, 0x17, 0x9C, 0x05, 0x95, 0x91, 0x24, 0x30, 0xA9, 0x1E, 0xB2, 0xE6,
    0xCE, 0xBE, 0x1C, 0x21, 0x98, 0x5F, 0xA1, 0x24, 0x6A, 0xC4, 0xF1, 0x32, 0x96, 0xC8, 0x99, 0x85,
    0xED, 0xDA, 0xE5, 0xAF, 0xF4, 0x0C, 0xC4, 0x7C, 0x6D, 0x93, 0x1E, 0x7F, 0xBC, 0x37, 0xEC, 0x9F,
    0x9C, 0xB8, 0x0A, 0xFF, 0x03, 0x98, 0x89, 0x9B, 0x74, 0x26, 0xF6, 0xA8, 0x61, 0x6F, 0x33, 0xA5,
    0x91, 0xD4, 0x05, 0x67, 0x45, 0xCF, 0x73, 0x0F, 0x4B, 0x15, 0xEA, 0xA5, 0x98, 0x1B, 0x67, 0x46,
    0x84, 0x9A, 0xA9, 0x89, 0x7F, 0xA9, 0x85, 0x06, 0x5A, 0x82, 0x11, 0x7F, 0xDE, 0x6C, 0xBC, 0xB7,
    0xE3, 0x4C, 0xF4, 0xD5, 0x9E, 0x29, 0x2D, 0x35, 0xF7, 0x34, 0x0C, 0xDD, 0xF2, 0x8C, 0x4B, 0xBD,
    0xB7, 0xD0, 0xA0, 0xDD, 0xC8, 0xBD, 0x14, 0xF5, 0xFB, 0x9F, 0x29, 0x17, 0x2C, 0xF4, 0x56, 0xA9,
    0x5A, 0xA7, 0xFC, 0x3D, 0x8B, 0xB0, 0x3B, 0xD4, 0x6A, 0x25, 0x5D, 0x53, 0xFC, 0xDD, 0x0B, 0xF3,
    0x53, 0xBF, 0xFE, 0xC0, 0x66, 0x2A, 0xA5, 0x27, 0x99, 0xD1, 0x8A, 0xAC, 0x98, 0x54, 0x1E, 0x81,
    0x82, 0x37, 0x64, 0x8C, 0x2E, 0xDC, 0xE7, 0xE6, 0xCA, 0xDC, 0x43, 0xDE, 0x5E, 0x8E, 0x95, 0x75,
    0x1C, 0x70, 0x51, 0x7B, 0xEF, 0x19, 0xF0, 0xEA, 0xF5, 0x80, 0x6B, 0x54, 0xCE, 0x6E, 0xFD, 0x96,
    0xCD, 0xED, 0xAD, 0x2C, 0x9D, 0xCB, 0x28, 0xBF, 0x70, 0x32, 0xA5, 0x45, 0x6F, 0x99, 0xEE, 0xF1,
    0x49, 0xFF, 0x5E, 0x17, 0x87, 0xF9, 0xF5, 0x3A, 0x94, 0xB4, 0x59, 0xA3, 0xA7, 0x49, 0x8F, 0xA8,
    0xD3, 0x1F, 0x04, 0x69, 0xD6, 0x25, 0x28, 0xF1, 0xB2, 0xEF, 0x64, 0x73, 0xA8, 0xC8, 0x5B, 0x8C,
    0x83, 0xB0, 0xAF, 0x96, 0x8C, 0xB5, 0xAB, 0x68, 0x84, 0x8F, 0x9E, 0x1F, 0x59, 0x53, 0x2B, 0x01,
    0xEF, 0x0B, 0x71, 0x43, 0xF4, 0xEA, 0x21, 0x1D, 0x12, 0xC6, 0x8B, 0xC2, 0x46, 0x6B, 0x50, 0x1A,
    0x1A, 0xDB, 0xF2, 0x85, 0x59, 0xCB, 0x8A, 0xAD, 0xAA, 0x44, 0x22, 0x0F, 0xEB, 0x58, 0xBC, 0xB1,
    0xAA, 0xA3, 0xE7, 0x27, 0x57, 0xDF, 0x0F, 0x0C, 0x3E, 0xC8, 0xED, 0x2F, 0x57, 0x84, 0x3C, 0x69,
    0xFD, 0xFF, 0x5E, 0x11, 0xF5, 0xB8, 0x0B, 0xBE, 0x98, 0xB8, 0x71, 0xCA, 0x55, 0x6D, 0x39, 0x05,
    0x51, 0x1F, 0x89, 0xF7, 0xC5, 0x22, 0x93, 0x21, 0xCE, 0x8B, 0x52, 0x0F, 0x9D, 0xC4, 0xD2, 0x52,
    0xC7, 0xD3, 0x7A, 0xB7, 0x4D, 0xF6, 0x65, 0x4B, 0x8D, 0xBD, 0x6F, 0x92, 0xFF, 0x24, 0x00, 0x76,
    0xCF, 0xC4, 0x2F, 0x35, 0x23, 0x78, 0x60, 0xE2, 0xEF, 0x79, 0x55, 0xF5, 0xA2, 0xDA, 0x4B, 0x87,
    0x80, 0xFE, 0x90, 0x87, 0x5E, 0x19, 0x67, 0x4A, 0x7B, 0x7A, 0x95, 0xD4, 0x73, 0x55, 0x21, 0xC4,
    0x66, 0xB5, 0x14, 0xA7, 0xDD, 0xDF, 0xCE, 0xE8, 0x46, 0xFD, 0x76, 0x26, 0x38, 0x73, 0x05, 0x6D,
    0x63, 0xAA, 0x85, 0x62, 0xBD, 0x4E, 0x88, 0x4B, 0x47, 0xE1, 0xBC, 0xC5, 0xDF, 0xBF, 0x3A, 0x2B,
    0x96, 0xD9, 0xCE, 0xDA, 0x47, 0x70, 0x2B, 0x64, 0x09, 0x7D, 0x6E, 0x5B, 0xA4, 0x1A, 0x3B, 0x81,
    0x46, 0xE4, 0x20, 0x46, 0x45, 0x2F, 0x22, 0x65, 0x2B, 0xFE, 0x56, 0x93, 0xB9, 0xBD, 0x42, 0x89,
    0x43, 0x51, 0xEE, 0x4D, 0xFC, 0xB5, 0xA6, 0x7A, 0xAF, 0xE0, 0xCF, 0x35, 0xD5, 0xCF, 0xB2, 0xBF,
    0xC5, 0x71, 0xA1, 0xB6, 0x4B, 0xBF, 0x82, 0xDD, 0xFF, 0x6D, 0x9B, 0x80, 0x87, 0x2F, 0x9B, 0xF8,
    0x7F, 0xE0, 0xFC, 0xFC, 0xB1, 0x8E, 0x9C, 0x9B, 0xAB, 0x03, 0xB6, 0xAE, 0x7C, 0xC2, 0xBA, 0x03,
    0x58, 0x2F, 0xDC, 0x50, 0xF7, 0xE6, 0xBA, 0x0B, 0x8D, 0x5E, 0x6A, 0x00, 0x89, 0x22, 0x57, 0x20,
    0xBD, 0xE9, 0xF5, 0xBC, 0x6D, 0x7D, 0x08, 0x32, 0x63, 0xC1, 0x6F, 0xC6, 0x7A, 0x5F, 0x00, 0x28,
    0x93, 0x2D, 0x20, 0x27, 0x5C, 0x7D, 0xFB, 0x4C, 0x15, 0xEC, 0x31, 0x4C, 0xF6, 0x8C, 0xC1, 0x7D,
    0x44, 0x89, 0x57, 0x38, 0x3A, 0x14, 0x8C, 0x01, 0xD3, 0x32, 0xAC, 0xEB, 0xB3, 0x3C, 0x6B, 0x5C,
    0xFD, 0x33, 0xDB, 0xD3, 0xB4, 0xD1, 0xB0, 0x2E, 0x26, 0x7A, 0x4B, 0x1A, 0xA1, 0x10, 0x00, 0xCB,
    0xBC, 0x9B, 0x8F, 0x33, 0x69, 0x9D, 0x70, 0xEB, 0x76, 0xB7, 0xA0, 0x43, 0x3A, 0xA9, 0xBC, 0xE3,
    0xCC, 0x95, 0xCD, 0x93, 0x30, 0xEE, 0x81, 0x34, 0xF1, 0x54, 0xD9, 0xC7, 0xD5, 0x28, 0x8E, 0x4B,
    0xD0, 0x60, 0x2E, 0x70, 0xD4, 0x22, 0x2A, 0x31, 0x1B, 0xEE, 0x90, 0x6F, 0x95, 0xEF, 0x13, 0x7C,
    0x90, 0xE7, 0x10, 0x60, 0x66, 0xA9, 0x31, 0xBC, 0xEF, 0x1A, 0xA2, 0xED, 0x8E, 0xF4, 0x79, 0x76,
    0x89, 0xFA, 0x1F, 0x3A, 0x78, 0x5D, 0xB4, 0xFF, 0xE9, 0x5C, 0x25, 0x80, 0xDD, 0xAB, 0x78, 0x54,
    0xAA, 0x33, 0x65, 0xB8, 0x26, 0xD5, 0xBB, 0xF3, 0x89, 0x75, 0xB8, 0xC2, 0x22, 0x53, 0xAA, 0xAF,
    0xEC, 0x90, 0x9E, 0xCB, 0x3C, 0x07, 0x5B, 0x95, 0xBB, 0xC3, 0x91, 0xCA, 0x5D, 0xEF, 0xE8, 0xFE,
    0x95, 0xF2, 0x74, 0x36, 0xDC, 0xEB, 0x11, 0x71, 0x9C, 0x68, 0x85, 0x1F, 0xB2, 0xC2, 0x6F, 0x6F,
    0xF0, 0x63, 0x19, 0x6D, 0x93, 0x3B, 0xAE, 0xB2, 0xCC, 0xB7, 0xEB, 0x08, 0x7B, 0xBC, 0xF1, 0x6B,
    0x5E, 0x5A, 0x3E, 0xCA, 0xB5, 0xAE, 0xF8, 0xAB, 0xA8, 0xEB, 0x0F, 0xAC, 0x25, 0x1B, 0x3F, 0xBE,
    0x53, 0xD5, 0xAE, 0x4A, 0x2D, 0xC9, 0x71, 0x90, 0x2E, 0x65, 0x5B, 0x19, 0x53, 0x3D, 0x99, 0x26,
    0xA5, 0xD4, 0xDD, 0x5F, 0x0A, 0x56, 0x13, 0x97, 0xB1, 0xB1, 0x1A, 0xD7, 0x40, 0x48, 0x01, 0x1A,
    0x17, 0x2F, 0xFF, 0x68, 0x97, 0x8F, 0x65, 0x57, 0x78, 0xBE, 0x10, 0x65, 0x71, 0x20, 0x32, 0x82,
    0x13, 0x6E, 0xC3, 0x1C, 0x86, 0x45, 0x7A, 0x20, 0x76, 0x79, 0x2F, 0xD9, 0x98, 0x44, 0xB6, 0x6E,
    0x0A, 0x46, 0x77, 0xE4, 0xA5, 0x7D, 0x51, 0x8C, 0x2F, 0x8A, 0xD2, 0x8C, 0xF2, 0x9D, 0x2B, 0xCB,
    0xA3, 0xD8, 0x95, 0xEA, 0xEB, 0x92, 0x83, 0xAE, 0x97, 0x6B, 0x53, 0xED, 0xFE, 0xC9, 0xBA, 0xCB,
    0x8C, 0x21, 0xCC, 0x19, 0x26, 0xFE, 0x7A, 0x17, 0x2A, 0x6B, 0x5E, 0xE1, 0x9F, 0x9E, 0x11, 0x76,
    0x37, 0x78, 0x18, 0x62, 0x9F, 0xBB, 0x4B, 0xF2, 0x10, 0x23, 0x0C, 0xFF, 0xD8, 0x2D, 0x38, 0x1A,
    0x7B, 0x85, 0xB0, 0xC3, 0x6F, 0x26, 0x45, 0x35, 0xC2, 0x8D, 0x49, 0xBE, 0x0E, 0x37, 0xF6, 0x3B,
    0xC3, 0x8D, 0x67, 0x27, 0x7B, 0xA2, 0x07, 0x3C, 0x81, 0x24, 0xFC, 0x57, 0xD9, 0x83, 0x1E, 0x8E,
    0x8C, 0x9E, 0x65, 0xEE, 0xC0, 0xE8, 0xA1, 0x39, 0xB3, 0x6A, 0x62, 0xAD, 0xA0, 0x15, 0x3B, 0x4A,
    0xBE, 0xF2, 0xFF, 0x01, 0xE5, 0x58, 0x3D, 0x6E, 0xDC, 0x56, 0x10, 0x1E, 0x72, 0x63, 0xD1, 0x01,
    0x81, 0x50, 0x85, 0x02, 0x04, 0x16, 0x02, 0xBA, 0x48, 0x61, 0x04, 0x81, 0x78, 0x01, 0x49, 0x24,
    0x72, 0x02, 0x1F, 0x21, 0x37, 0x50, 0x93, 0x22, 0x85, 0x2C, 0xD2, 0x27, 0x50, 0x80, 0x9C, 0x22,
    0x6E, 0x92, 0x22, 0x85, 0x0A, 0xC7, 0x24, 0x90, 0xD2, 0x0D, 0x8F, 0xC0, 0xC2, 0xBD, 0x29, 0x98,
    0x05, 0x93, 0x2C, 0xF9, 0xF2, 0x7D, 0x33, 0xA4, 0x76, 0xE5, 0x95, 0x80, 0x04, 0xB2, 0x11, 0x2C,
    0xF4, 0x20, 0xCE, 0xB7, 0x22, 0x1F, 0xDF, 0x9B, 0x7F, 0xCE, 0x3C, 0x11, 0x8C, 0x23, 0xD1, 0x51,
    0x1A, 0xE4, 0x06, 0x29, 0xAE, 0x64, 0x94, 0x44, 0x64, 0xE1, 0x5C, 0x7B, 0x20, 0x12, 0x77, 0xE1,
    0x70, 0x88, 0x59, 0x85, 0xB8, 0x56, 0x3C, 0x87, 0x19, 0xB5, 0x2C, 0x96, 0x22, 0x51, 0x2B, 0x61,
    0x0F, 0xE8, 0xF9, 0x4B, 0x82, 0xA5, 0x24, 0x80, 0xC5, 0x20, 0x69, 0x03, 0x18, 0x0D, 0x1C, 0x27,
    0x8B, 0x7F, 0x05, 0x79, 0xB5, 0x0E, 0xD7, 0x9F, 0xCD, 0x2F, 0xD8, 0xEB, 0xD3, 0x62, 0xD3, 0xD2,
    0x91, 0x6D, 0xC4, 0x6D, 0xE3, 0x96, 0x93, 0x25, 0xAD, 0x8C, 0xA5, 0x0C, 0xDC, 0x76, 0xC1, 0x00,
    0xA6, 0x03, 0xB0, 0x4B, 0x01, 0x4E, 0x46, 0x13, 0x44, 0x3A, 0x5C, 0x3E, 0xDE, 0x10, 0x8F, 0x44,
    0x94, 0xBC, 0x24, 0xB9, 0x90, 0xD0, 0x15, 0xAD, 0x94, 0xCE, 0x55, 0x8B, 0x11, 0x8B, 0x85, 0xAD,
    0xE4, 0x45, 0xDC, 0x48, 0x52, 0x63, 0xD5, 0xA8, 0x55, 0x92, 0xCF, 0xA4, 0xCB, 0x0B, 0x12, 0xFE,
    0x5A, 0x3D, 0xD5, 0xC9, 0x11, 0x5F, 0xD3, 0x05, 0xB0, 0x14, 0x18, 0xC4, 0xA2, 0xD3, 0xCE, 0xDF,
    0x29, 0xB5, 0x6D, 0x67, 0x90, 0x09, 0x5E, 0x1A, 0xF4, 0xA5, 0x1B, 0x05, 0x1C, 0x1B, 0x14, 0x3E,
    0x04, 0x79, 0xD0, 0x89, 0x4F, 0xDE, 0xA1, 0xE5, 0x8F, 0x0F, 0x60, 0xDA, 0x83, 0xBA, 0x00, 0x3E,
    0x21, 0x93, 0x05, 0xF4, 0xEE, 0x2A, 0x09, 0x60, 0x8C, 0xBC, 0x91, 0x08, 0xEA, 0x4D, 0x06, 0xAF,
    0x84, 0x7A, 0x23, 0xE7, 0xF8, 0x8E, 0xEF, 0x1C, 0x15, 0x2A, 0xC9, 0x2C, 0x25, 0x67, 0xE2, 0x69,
    0x43, 0x1A, 0xAA, 0xE6, 0x17, 0x46, 0xF5, 0xCE, 0xA2, 0xD2, 0x39, 0xC5, 0xA3, 0xA5, 0x3C, 0x82,
    0x33, 0x2C, 0xA5, 0xEC, 0x65, 0x7F, 0x29, 0xFB, 0x3D, 0x4D, 0xB2, 0xB8, 0x23, 0x1D, 0x25, 0x86,
    0xBE, 0xDD, 0x73, 0x6A, 0xDD, 0xB9, 0x77, 0xB0, 0x7E, 0xEE, 0xFE, 0x00, 0xF3, 0xD1, 0xE0, 0x83,
    0x4A, 0x26, 0x4F, 0xC9, 0x70, 0xE3, 0x2B, 0x3F, 0xCB, 0x48, 0x59, 0x49, 0x29, 0x0B, 0xF8, 0x1D,
    0x8C, 0xF9, 0x5E, 0x36, 0x87, 0xF1, 0xCF, 0x1D, 0x54, 0x26, 0x33, 0x58, 0x34, 0x81, 0x79, 0xD5,
    0x81, 0x53, 0x38, 0x74, 0xBA, 0xD8, 0x61, 0xA9, 0xBA, 0xB8, 0x48, 0x75, 0x87, 0x36, 0x55, 0x8D,
    0xB4, 0x49, 0xA3, 0xBB, 0xD3, 0x75, 0xA1, 0x86, 0xA8, 0x53, 0x60, 0xA8, 0x48, 0x58, 0xD0, 0x83,
    0x25, 0xA2, 0x67, 0x5F, 0x29, 0x36, 0x71, 0x8E, 0x8B, 0x1E, 0xAA, 0x15, 0xC4, 0x22, 0x0D, 0x2E,
    0xAA, 0x1E, 0xDE, 0x6A, 0xB4, 0x11, 0xB0, 0xA8, 0xDF, 0x68, 0xD0, 0x95, 0xAE, 0x80, 0xAB, 0x17,
    0x70, 0x5E, 0x2C, 0x50, 0xA9, 0xB0, 0x7E, 0x43, 0x5B, 0xF6, 0x21, 0xDE, 0xC8, 0x93, 0x82, 0x4B,
    0xCE, 0x8C, 0x07, 0x9D, 0xDC, 0x3C, 0x10, 0xE2, 0x34, 0x69, 0x4D, 0x67, 0x6E, 0x25, 0xAE, 0x31,
    0x31, 0xAD, 0x20, 0x79, 0x42, 0x16, 0x1F, 0x68, 0xA4, 0xD1, 0x5E, 0x70, 0xEA, 0x25, 0x9C, 0xE5,
    0x27, 0x84, 0x60, 0x87, 0x7B, 0x98, 0x02, 0xC2, 0x29, 0x79, 0x46, 0x52, 0x20, 0x36, 0xD3, 0x26,
    0x1F, 0x76, 0x63, 0x77, 0xE9, 0x5A, 0xDF, 0x15, 0x79, 0xB5, 0x2B, 0x0F, 0x8F, 0xE4, 0x28, 0x7E,
    0xDE, 0x87, 0x7F, 0xB7, 0xB4, 0x86, 0x9B, 0x36, 0xCC, 0xDD, 0x98, 0xD3, 0xD7, 0xE5, 0x8E, 0x7F,
    0xB9, 0x1B, 0xB0, 0xCE, 0x63, 0xD9, 0xBB, 0x90, 0xD3, 0xD4, 0xEB, 0xA2, 0xD7, 0x4D, 0x88, 0x30,
    0xC6, 0xA3, 0x71, 0x4D, 0xBA, 0x58, 0x13, 0x8A, 0xFE, 0xFD, 0xCB, 0x65, 0x63, 0xD7, 0xA4, 0x70,
    0x70, 0x2F, 0x93, 0x4C, 0x7D, 0xD8, 0x6F, 0xAE, 0xF9, 0x8E, 0xAD, 0x6A, 0xBE, 0x13, 0x76, 0xEF,
    0x2B, 0xD2, 0x72, 0xA5, 0x58, 0xAE, 0x94, 0x39, 0x31, 0x6D, 0x4D, 0xAE, 0x7C, 0x2A, 0x7B, 0xF0,
    0x1E, 0xFA, 0xDC, 0x31, 0x43, 0x26, 0x3E, 0xAF, 0xE9, 0x9C, 0x85, 0x6E, 0x81, 0x34, 0x31, 0xDC,
    0xE2, 0x42, 0x9A, 0xEF, 0x98, 0xF9, 0x3E, 0x7C, 0x12, 0xDD, 0x95, 0x4F, 0x2C, 0x57, 0x9E, 0xAA,
    0xFA, 0xBF, 0x55, 0x8D, 0x47, 0x6F, 0x6B, 0x53, 0xB5, 0x25, 0xA0, 0x71, 0x83, 0x21, 0xCB, 0xA5,
    0x8D, 0x41, 0xBD, 0x6D, 0x29, 0xF5, 0xA1, 0xF8, 0xEA, 0xB9, 0x11, 0x45, 0xAD, 0x9E, 0x51, 0xD2,
    0x4B, 0xFD, 0x7A, 0x99, 0xA9, 0x4A, 0x15, 0x3E, 0x2D, 0xDE, 0x93, 0x79, 0x8F, 0xCA, 0xB2, 0xF4,
    0x6A, 0xF4, 0x03, 0xA4, 0x57, 0xA5, 0xDE, 0x66, 0x92, 0x4D, 0xD7, 0x93, 0x6C, 0xE9, 0x96, 0xA6,
    0xF3, 0xA5, 0xDC, 0x36, 0x96, 0xF2, 0x4A, 0xD4, 0x41, 0xDD, 0x0A, 0xA6, 0x9B, 0x37, 0x8D, 0xED,
    0x36, 0x5F, 0xA4, 0xF7, 0x8C, 0xDE, 0x90, 0x6E, 0x8B, 0x34, 0x63, 0x20, 0x96, 0xD5, 0x4C, 0xED,
    0xCE, 0xE6, 0xF8, 0xDF, 0x0C, 0xAA, 0xD2, 0xD3, 0x50, 0x96, 0xDE, 0x22, 0xFB, 0x2F, 0xA9, 0xAF,
    0xAA, 0x42, 0x8C, 0x1F, 0xEE, 0x9F, 0x5D, 0x45, 0xBE, 0x5A, 0x95, 0x6F, 0x5A, 0x4E, 0x4E, 0x05,
    0x42, 0xA0, 0x0A, 0x8A, 0x74, 0xCE, 0x67, 0xDB, 0x62, 0x63, 0x1B, 0xDF, 0xCB, 0x37, 0x84, 0x63,
    0x51, 0x41, 0xE2, 0xD7, 0xAD, 0xA5, 0x73, 0x9D, 0xE0, 0x4F, 0x1F, 0xEC, 0x9F, 0xEF, 0xA3, 0xA9,
    0x39, 0xBE, 0x94, 0x50, 0xED, 0x9A, 0x6E, 0x64, 0x60, 0xD5, 0xCF, 0xD7, 0xD9, 0x36, 0x05, 0x75,
    0x32, 0x35, 0x75, 0xD5, 0x7A, 0x30, 0x4F, 0xA1, 0xED, 0x4F, 0x99, 0xFB, 0xF0, 0xFE, 0x59, 0xDA,
    0x53, 0x2B, 0x05, 0xCD, 0x2A, 0x8E, 0xA7, 0xA2, 0xDF, 0x54, 0x72, 0x2C, 0xDB, 0x14, 0xD4, 0x8F,
    0xAD, 0x58, 0x3A, 0xB5, 0x62, 0x29, 0xB9, 0xB1, 0x58, 0x72, 0xEB, 0x9C, 0xEE, 0xBB, 0x37, 0xA6,
    0x11, 0x3E, 0x44, 0x63, 0x03, 0x85, 0xA9, 0xD2, 0x1A, 0xD5, 0x64, 0xD8, 0xD0, 0xFC, 0x54, 0x0E,
    0x3B, 0x20, 0xE8, 0x95, 0x1D, 0x0C, 0x20, 0x36, 0xAF, 0x49, 0x27, 0x68, 0x0C, 0xEA, 0x75, 0xC8,
    0xAB, 0x19, 0x76, 0x5E, 0xBC, 0xE0, 0x4D, 0x28, 0x3F, 0x03, 0xEC, 0x94, 0x7F, 0xE9, 0x0B, 0x70,
    0x3C, 0xBE, 0x0E, 0x48, 0x0C, 0xB8, 0x34, 0x6B, 0x63, 0x2B, 0x91, 0xB9, 0x6D, 0x44, 0xE3, 0x66,
    0xEA, 0xA2, 0x64, 0x89, 0xE5, 0xE8, 0x28, 0x27, 0xED, 0x15, 0xBB, 0x30, 0x20, 0x99, 0xCF, 0x20,
    0x35, 0x1A, 0x7C, 0x28, 0xE4, 0x19, 0xBB, 0xB6, 0xE4, 0xBC, 0x9A, 0x4A, 0xD6, 0xC0, 0xAD, 0x79,
    0xF6, 0xC6, 0x38, 0x19, 0xE4, 0x57, 0x94, 0xEA, 0xE7, 0x6D, 0xD4, 0xC7, 0xAE, 0x8D, 0x6B, 0x68,
    0x37, 0xAD, 0x7C, 0xB6, 0x34, 0xDE, 0x4C, 0xF8, 0xAF, 0x3E, 0x08, 0x3B, 0x2D, 0x9F, 0xD1, 0x22,
    0xF9, 0x6F, 0x47, 0xF6, 0x6E, 0xD4, 0x6A, 0x36, 0x47, 0x11, 0xBA, 0xB6, 0x9E, 0xE2, 0xB9, 0x8C,
    0x8C, 0x55, 0x78, 0x9A, 0x37, 0x09, 0xD9, 0x3F, 0x63, 0x37, 0x8C, 0xA8, 0x09, 0x1B, 0xC7, 0x3A,
    0x0E, 0x2E, 0x08, 0x87, 0x79, 0xB3, 0x33, 0x72, 0x32, 0xFA, 0x8B, 0x72, 0xCC, 0x56, 0x87, 0x00,
    0x93, 0x55, 0x2C, 0xB1, 0xCC, 0x0A, 0x9E, 0xCF, 0x0B, 0x0E, 0x36, 0xB8, 0xCF, 0x47, 0xDA, 0xBF,
    0xC9, 0xA1, 0x9F, 0xD2, 0xD5, 0x1E, 0x6D, 0x8F, 0x15, 0x5D, 0x63, 0xD0, 0x19, 0x2C, 0x15, 0xDE,
    0x39, 0x85, 0x4B, 0x4C, 0x05, 0xB4, 0xD8, 0x81, 0x00, 0xE5, 0x13, 0xE0, 0x4D, 0x04, 0x68, 0x9D,
    0x80, 0x22, 0x9F, 0x20, 0xAE, 0x50, 0x28, 0x2B, 0x85, 0xB4, 0x55, 0x88, 0x7A, 0x85, 0x60, 0x50,
    0xF0, 0x5D, 0x67, 0x61, 0x67, 0x90, 0x1B, 0x24, 0x06, 0x91, 0x01, 0xCA, 0x87, 0x1C, 0x2C, 0xF9,
    0x1D, 0x78, 0x6C, 0xF5, 0x10, 0xC6, 0x3E, 0x91, 0x76, 0x50, 0x60, 0xA9, 0x67, 0x61, 0x22, 0x0E,
    0x6B, 0xA5, 0x85, 0x4D, 0xF2, 0x33, 0xB9, 0x7D, 0xFC, 0x16, 0xD0, 0x0C, 0x7D, 0x0A, 0xB9, 0xCB,
    0x3F, 0xA1, 0x07, 0xEA, 0x02, 0x7E, 0x14, 0x68, 0xEF, 0x81, 0x25, 0xD1, 0xC2, 0xDE, 0x85, 0x9E,
    0xB8, 0xE2, 0x97, 0xB1, 0x28, 0x5D, 0xC3, 0xAE, 0x7A, 0xDF, 0xFD, 0x48, 0x5D, 0x0F, 0xE8, 0xAB,
    0xF0, 0x41, 0x04, 0xEF, 0xA5, 0x24, 0x95, 0xE4, 0xAC, 0xBF, 0xD3, 0x2B, 0xF2, 0xB9, 0xE5, 0x55,
    0x8D, 0x88, 0x44, 0x1B, 0x7B, 0xF3, 0xC0, 0x81, 0x9F, 0x0C, 0xCD, 0xBE, 0x8C, 0xD8, 0xC5, 0xD4,
    0xE5, 0x6B, 0xC8, 0x15, 0xB3, 0xB9, 0x53, 0x56, 0xF8, 0x49, 0x75, 0x46, 0xF2, 0x8A, 0xA4, 0x64,
    0x71, 0x5F, 0xD2, 0x27, 0xCA, 0x1A, 0x96, 0x49, 0xD8, 0xA1, 0xC1, 0x5B, 0xAE, 0x9D, 0x4D, 0x68,
    0xE7, 0xA9, 0x27, 0x09, 0x96, 0xAE, 0x78, 0x4F, 0x0F, 0x39, 0xB4, 0x4D, 0xFD, 0x54, 0x7D, 0xA9,
    0x67, 0x73, 0x57, 0xC5, 0x4D, 0x5C, 0xA5, 0x45, 0x58, 0xA5, 0x59, 0x00, 0xF4, 0x32, 0xF2, 0x18,
    0x63, 0xF7, 0x80, 0xFE, 0x51, 0xE2, 0x87, 0x4F, 0xB7, 0x89, 0xDB, 0x27, 0xD0, 0xDD, 0x29, 0x52,
    0xE0, 0x19, 0x30, 0xCD, 0x4E, 0xEA, 0x54, 0x1D, 0x7A, 0xAD, 0xC1, 0xA5, 0x5D, 0xE8, 0xF0, 0x3C,
    0xD4, 0x88, 0x6A, 0x3B, 0xD7, 0x61, 0x28, 0x1C, 0x5B, 0x61, 0x84, 0xF9, 0x60, 0x74, 0xA2, 0x98,
    0xB4, 0x50, 0xEA, 0xB7, 0xC7, 0xA4, 0xDD, 0x11, 0xA8, 0xD7, 0x9D, 0xF2, 0xE5, 0xCE, 0x96, 0xF8,
    0xE8, 0x34, 0x66, 0xC0, 0x4E, 0xF4, 0x7A, 0xB7, 0x5A, 0xAF, 0xFC, 0xCF, 0xA8, 0x1D, 0x5A, 0xF9,
    0x6B, 0xC7, 0x55, 0xF6, 0xB5, 0xFC, 0x82, 0xE4, 0x09, 0xAE, 0xDF, 0xA7, 0x48, 0x5D, 0xAE, 0x2E,
    0x4F, 0xD5, 0xE7, 0x84, 0x67, 0x36, 0xCC, 0x32, 0xFF, 0xF5, 0xF2, 0x5C, 0x48, 0xBF, 0xC2, 0x56,
    0x6B, 0x07, 0x50, 0x81, 0xA5, 0x46, 0x6B, 0xE0, 0x5B, 0xFB, 0xB2, 0x2D, 0x28, 0x45, 0xC6, 0xAE,
    0x50, 0xFE, 0x01, 0x7D, 0x50, 0x31, 0x4E, 0xC4, 0x30, 0x10, 0x9C, 0xC4, 0x70, 0x41, 0x72, 0xB1,
    0x2D, 0x12, 0x45, 0x28, 0xA8, 0xF1, 0x15, 0x57, 0x50, 0x24, 0x71, 0xF8, 0x01, 0x0F, 0x02, 0xC5,
    0xDD, 0x7D, 0x89, 0x22, 0x22, 0x2B, 0xDD, 0x07, 0xDC, 0xD1, 0x9A, 0x1F, 0xB8, 0x48, 0x91, 0xC2,
    0x89, 0xD9, 0x08, 0x89, 0x0A, 0x31, 0xB3, 0x92, 0x77, 0xAD, 0xF5, 0xEE, 0x8C, 0x47, 0x64, 0x4C,
    0xBD, 0x65, 0x0A, 0xE5, 0x8C, 0x11, 0xB7, 0x68, 0x91, 0xCB, 0x4D, 0x2D, 0x14, 0x6A, 0xD7, 0xE2,
    0x04, 0x34, 0x90, 0x8E, 0x32, 0xBB, 0x2A, 0x7B, 0xBA, 0x44, 0x8B, 0xF4, 0x8E, 0xC7, 0x7B, 0xDC,
    0x54, 0x33, 0x98, 0xB6, 0x92, 0x5B, 0x73, 0xE6, 0x27, 0x9D, 0x71, 0x2C, 0x56, 0xE4, 0x1C, 0x7F,
    0xE2, 0x05, 0xD7, 0x11, 0x34, 0xA2, 0xB3, 0xCF, 0xC9, 0xE4, 0x85, 0x72, 0x94, 0x01, 0xC6, 0x0D,
    0x7E, 0x0A, 0x83, 0x37, 0xCE, 0xF4, 0xB5, 0xB3, 0x6C, 0x79, 0xF0, 0x83, 0xDF, 0xCF, 0xBD, 0x7E,
    0x80, 0x75, 0x36, 0xDC, 0xC5, 0x42, 0xA8, 0x99, 0xA0, 0x56, 0xD4, 0xB9, 0xEF, 0x34, 0x37, 0x6A,
    0x0F, 0x49, 0xA4, 0xAC, 0x56, 0x14, 0xB1, 0x55, 0xF3, 0xA4, 0xE3, 0x46, 0x5F, 0x49, 0xF4, 0x18,
    0xE5, 0x1B, 0xED, 0x4E, 0x1A, 0x02, 0x51, 0xD5, 0xA0, 0x31, 0x58, 0xE8, 0x33, 0xAA, 0xCC, 0xB2,
    0x52, 0x94, 0x53, 0x6F, 0xB8, 0x66, 0x62, 0x99, 0xE9, 0x48, 0x0C, 0x7A, 0xFC, 0xAF, 0x83, 0xF6,
    0x1B, 0x5F, 0xFB, 0x8A, 0xB5, 0xEB, 0xC4, 0xFF, 0x01, 0xB4, 0x33, 0x1C, 0x92, 0x3C, 0x1E, 0x8B,
    0x34, 0x05, 0x25, 0xEA, 0x5A, 0xBC, 0x22, 0x09, 0xB7, 0xAB, 0x21, 0x99, 0xF8, 0x26, 0xF8, 0x10,
    0xFC, 0x69, 0xFB, 0xF7, 0x53, 0xBE, 0x01, 0xED, 0x5C, 0x3B, 0x8F, 0xE5, 0xD8, 0x71, 0x3E, 0x24,
    0xE1, 0xA1, 0xB1, 0x14, 0x4C, 0x07, 0xF2, 0x43, 0x1A, 0x40, 0x4C, 0x65, 0x09, 0x5A, 0xA6, 0x0A,
    0xBA, 0x9B, 0x94, 0x1D, 0x38, 0xD0, 0x4F, 0x70, 0xEA, 0xC0, 0x80, 0x00, 0x77, 0x2A, 0x03, 0xBD,
    0x43, 0x5A, 0x0E, 0x1C, 0x28, 0xF0, 0x00, 0xCE, 0x85, 0x0D, 0x14, 0x18, 0x0A, 0x6C, 0x07, 0x1B,
    0x4C, 0xD0, 0xBB, 0xA4, 0x57, 0x81, 0x03, 0x07, 0xE2, 0x3F, 0x10, 0x61, 0x4C, 0x60, 0x27, 0x16,
    0x25, 0x13, 0x10, 0x67, 0x45, 0xF2, 0xB8, 0xBE, 0xAF, 0x8A, 0xBC, 0xF7, 0xF6, 0x63, 0x76, 0x66,
    0x77, 0x76, 0x3D, 0xB3, 0xF6, 0x9D, 0xBE, 0x55, 0x67, 0x2E, 0xC9, 0xC3, 0xC3, 0xF3, 0xA8, 0xFA,
    0xEA, 0x71, 0xE8, 0xA2, 0xDE, 0xC9, 0x27, 0x9E, 0x40, 0xA3, 0x15, 0xD4, 0x35, 0x35, 0x68, 0xCA,
    0x03, 0x6E, 0x70, 0x27, 0x9F, 0xCA, 0x7B, 0xBF, 0x92, 0x7A, 0xE7, 0xE4, 0xAF, 0xB8, 0x87, 0x7E,
    0x8D, 0xD4, 0x81, 0xA6, 0xA4, 0xD9, 0x11, 0xCD, 0x41, 0x51, 0xC1, 0x46, 0xF5, 0x17, 0x3B, 0xAA,
    0xE7, 0xBB, 0x63, 0x9A, 0xD6, 0x37, 0x69, 0x46, 0x9A, 0xD7, 0x6C, 0x89, 0x51, 0x97, 0xB5, 0x49,
    0x27, 0x0D, 0xE8, 0xB2, 0x61, 0xA3, 0xFA, 0xCB, 0xAD, 0xCF, 0xEB, 0xFC, 0x14, 0x20, 0xBE, 0x75,
    0xC6, 0xE6, 0x40, 0xAA, 0x3A, 0x30, 0xB7, 0xB3, 0xA4, 0x75, 0x93, 0xB2, 0xED, 0x0E, 0xF7, 0x30,
    0x74, 0x0C, 0xD9, 0xC8, 0x1F, 0x1F, 0xAE, 0x64, 0x81, 0xB6, 0x98, 0x63, 0x2D, 0xAC, 0x6A, 0xF5,
    0xA9, 0x9F, 0xC3, 0xE4, 0x94, 0x40, 0x2F, 0x08, 0xB4, 0xD3, 0xE4, 0xA1, 0xA3, 0x85, 0x2C, 0xE5,
    0xEC, 0x09, 0x3C, 0xBB, 0x3A, 0x5C, 0x78, 0xDF, 0x7C, 0x6B, 0x43, 0x04, 0xC2, 0x33, 0x0A, 0x34,
    0xE4, 0xFB, 0x37, 0xC7, 0x61, 0x26, 0xC1, 0xA9, 0x07, 0x72, 0xBD, 0x93, 0x2B, 0x90, 0x33, 0x7D,
    0x98, 0x57, 0x47, 0x2A, 0x19, 0x7D, 0xDC, 0x9C, 0x0D, 0xF5, 0x8F, 0xD1, 0x48, 0xFC, 0x92, 0x3D,
    0x0B, 0x7C, 0x89, 0x27, 0x2C, 0xEA, 0x60, 0xC1, 0xB8, 0x44, 0x13, 0xC6, 0x28, 0xC1, 0x44, 0xAA,
    0xD3, 0x01, 0xA3, 0x96, 0xCB, 0xAA, 0x78, 0xAB, 0x2C, 0xF8, 0xA4, 0xD2, 0x31, 0x67, 0xA7, 0xB4,
    0xC2, 0x93, 0x6C, 0xF4, 0xD6, 0x51, 0xA5, 0x79, 0xB7, 0xAD, 0xAE, 0x07, 0x25, 0xEB, 0x6C, 0x71,
    0x97, 0xB4, 0x0D, 0x67, 0x50, 0xD7, 0x94, 0x32, 0x69, 0x5D, 0x3E, 0x05, 0x4D, 0xEB, 0x62, 0xE9,
    0x99, 0xD2, 0xB9, 0x4B, 0x2F, 0x27, 0x3F, 0x44, 0x33, 0xBD, 0x5F, 0xA4, 0xCF, 0x43, 0x8F, 0xCB,
    0x1B, 0x97, 0xB7, 0xAE, 0x42, 0xA7, 0x16, 0x3B, 0xF9, 0x3D, 0x0E, 0x96, 0x2B, 0xB0, 0x68, 0xF3,
    0x19, 0xB7, 0xC1, 0xE0, 0xC7, 0x72, 0x95, 0x8C, 0x8E, 0xCC, 0x26, 0x79, 0xD8, 0x09, 0x0F, 0xBB,
    0xF2, 0xB9, 0x31, 0x58, 0x9C, 0x1C, 0x0D, 0x2F, 0x6A, 0xDF, 0x91, 0x1F, 0xDB, 0x47, 0x20, 0x1F,
    0x80, 0x34, 0x18, 0xB1, 0x06, 0x1D, 0xD6, 0x74, 0xC9, 0x2C, 0xE7, 0xFB, 0xC1, 0x05, 0x0D, 0x3B,
    0x6E, 0x45, 0x07, 0xDA, 0x2C, 0xF8, 0xE4, 0x7F, 0x95, 0x5F, 0xA4, 0x9E, 0xC2, 0xCD, 0xCD, 0x0F,
    0xBC, 0xFC, 0x49, 0xE1, 0x68, 0x62, 0xBC, 0xCA, 0x5B, 0x48, 0x3F, 0x0E, 0xF8, 0x3A, 0x79, 0x0C,
    0x8A, 0xBA, 0x97, 0xF9, 0x46, 0x1F, 0xF7, 0x95, 0x75, 0x15, 0x0F, 0xFA, 0x4D, 0x7A, 0x57, 0xFC,
    0x10, 0x6B, 0xB7, 0x76, 0xE8, 0xA8, 0x7C, 0xE4, 0x10, 0x70, 0x21, 0x5B, 0x81, 0xA2, 0xF5, 0xDC,
    0xE9, 0x04, 0x92, 0xE9, 0xF0, 0x49, 0x0A, 0x57, 0xB7, 0x0A, 0x4F, 0x5C, 0xE1, 0x57, 0x99, 0x29,
    0x22, 0x12, 0x0A, 0x5D, 0xE8, 0xA3, 0x1C, 0xE2, 0x52, 0x47, 0xC1, 0x61, 0x16, 0x0D, 0x28, 0xC8,
    0xA4, 0x0C, 0x59, 0x28, 0xF6, 0x42, 0xE7, 0x44, 0x05, 0xA0, 0xD0, 0xBB, 0xB8, 0xB5, 0x5F, 0x92,
    0xD6, 0xCE, 0x11, 0x31, 0x25, 0x85, 0xA6, 0x2D, 0xFE, 0x09, 0x12, 0x55, 0x16, 0x7E, 0xE3, 0x29,
    0x5A, 0x17, 0xD7, 0xCC, 0x7C, 0xA0, 0xC1, 0x55, 0x23, 0x0A, 0x58, 0x3D, 0xDD, 0x61, 0xF0, 0x02,
    0x2E, 0x81, 0xA3, 0x12, 0x9A, 0x10, 0x2D, 0x9B, 0x60, 0x8A, 0xE6, 0x57, 0x59, 0xE2, 0xE7, 0xD9,
    0x5E, 0x82, 0x18, 0xD2, 0xA3, 0x97, 0xD3, 0x56, 0xA2, 0xA0, 0x62, 0xC9, 0x84, 0x17, 0xAE, 0x3D,
    0x2A, 0x95, 0x77, 0x94, 0x6E, 0x9F, 0x17, 0xAE, 0x5B, 0x29, 0xD1, 0x53, 0xA5, 0xD4, 0x0C, 0x98,
    0x64, 0x81, 0x8E, 0xAD, 0x3E, 0x2F, 0xD6, 0x58, 0xE1, 0xD9, 0x39, 0x07, 0x2E, 0x5D, 0x1F, 0x1D,
    0xF1, 0x0B, 0xE9, 0x5D, 0x70, 0x99, 0x0A, 0xAD, 0x0C, 0x04, 0x86, 0x92, 0x5C, 0xC5, 0xED, 0x73,
    0xB9, 0xF7, 0xBD, 0xF1, 0x55, 0x7F, 0x0F, 0x31, 0xBC, 0x38, 0x5E, 0xE9, 0x3A, 0x36, 0x21, 0xD0,
    0xAA, 0xA8, 0x79, 0x51, 0x5E, 0x9D, 0x72, 0xA9, 0xFE, 0xBB, 0x10, 0x90, 0xC2, 0x7F, 0xA8, 0x82,
    0x32, 0x66, 0x03, 0x72, 0xDE, 0x9C, 0x12, 0x23, 0xE4, 0xFD, 0x13, 0xB6, 0x3A, 0x2D, 0x8F, 0xE5,
    0x7A, 0x38, 0x62, 0xF5, 0x66, 0xF3, 0x37, 0xFC, 0x3F, 0xB8, 0x82, 0x12, 0x5D, 0xBA, 0xC9, 0x13,
    0x4C, 0x78, 0x17, 0xF6, 0xA0, 0x11, 0xB5, 0x4A, 0x52, 0x1F, 0x74, 0xA5, 0x6A, 0xCF, 0x33, 0xD0,
    0x80, 0xBA, 0x8A, 0xFA, 0xC4, 0xF4, 0x96, 0xE9, 0x2B, 0xD5, 0x45, 0x29, 0x6B, 0x48, 0x59, 0x5B,
    0x32, 0x82, 0xC6, 0x1C, 0x69, 0x1D, 0x2C, 0xA5, 0x36, 0x56, 0x47, 0x82, 0x40, 0xE6, 0x2E, 0x5B,
    0xE5, 0x4D, 0x39, 0xB9, 0x6D, 0xF5, 0x64, 0x23, 0x59, 0xBC, 0xD8, 0xF4, 0xD5, 0x47, 0x49, 0xEA,
    0xDB, 0xA8, 0x61, 0x55, 0xC1, 0xB4, 0x38, 0x13, 0x4E, 0x56, 0xBD, 0xB1, 0x50, 0x59, 0xAC, 0x2C,
    0x55, 0x76, 0xA1, 0xEC, 0x9A, 0x2C, 0x18, 0xC8, 0xA2, 0x8E, 0x2C, 0xAD, 0xC9, 0x0A, 0xBD, 0x9C,
    0xEA, 0xCE, 0x07, 0xEC, 0x27, 0x1F, 0x75, 0x64, 0x8A, 0x12, 0x7C, 0xAE, 0x77, 0xB8, 0x56, 0x36,
    0x28, 0xD3, 0x59, 0xEE, 0xEB, 0x1B, 0x8D, 0xB0, 0x67, 0x35, 0x01, 0x4A, 0x45, 0x37, 0x03, 0xCD,
    0x40, 0x2F, 0x8B, 0x6E, 0x71, 0xA2, 0x66, 0xF8, 0x80, 0x72, 0x8A, 0x3E, 0x13, 0x17, 0x51, 0xE2,
    0x6F, 0xC1, 0xA4, 0x46, 0x8E, 0x54, 0xBE, 0x6D, 0x3C, 0x64, 0x4A, 0x0B, 0x68, 0x28, 0xF3, 0x13,
    0xC3, 0x00, 0xC4, 0x88, 0xB9, 0xDF, 0x12, 0x0C, 0xA0, 0x9B, 0x20, 0x28, 0x74, 0x6A, 0xA0, 0x63,
    0x65, 0x5C, 0xCE, 0xC1, 0x46, 0x99, 0xD4, 0x14, 0xA1, 0xE8, 0x5E, 0x19, 0x94, 0x81, 0x53, 0x26,
    0xE4, 0xFC, 0xF1, 0x11, 0x27, 0x53, 0xF3, 0x5D, 0x76, 0x72, 0xF1, 0x77, 0x3A, 0x1C, 0x3F, 0xD7,
    0xE1, 0xD0, 0x71, 0x48, 0x75, 0x75, 0x27, 0x3A, 0x38, 0x91, 0xE2, 0x50, 0x45, 0xAB, 0x4E, 0xAF,
    0xAE, 0x52, 0x5E, 0xED, 0x7F, 0xA1, 0x62, 0xC0, 0xA4, 0xCB, 0x74, 0x34, 0xB4, 0xBA, 0x1E, 0x27,
    0x5D, 0xA0, 0xE3, 0xD1, 0x7A, 0x7E, 0xCD, 0x18, 0x91, 0x9F, 0x1F, 0x95, 0x4D, 0x1C, 0x1D, 0x7E,
    0xE6, 0x97, 0x65, 0x7F, 0x71, 0xD2, 0x59, 0xDA, 0x15, 0xC9, 0x7C, 0xDC, 0x9F, 0xA9, 0x62, 0xFC,
    0xB7, 0x15, 0x1E, 0x9E, 0x51, 0x74, 0xB8, 0x33, 0x85, 0xFC, 0x4F, 0x54, 0xC6, 0x0C, 0xDA, 0x79,
    0x03, 0x97, 0x7A, 0xD8, 0x63, 0x9D, 0x49, 0x8F, 0xA7, 0x1C, 0xC6, 0x36, 0x99, 0xB8, 0x36, 0x28,
    0x7B, 0x53, 0x15, 0xE9, 0x2A, 0xFE, 0x01, 0x10, 0x3C, 0xD5, 0x14, 0xD5, 0xCD, 0x99, 0x62, 0xCB,
    0x27, 0x2A, 0xB8, 0x06, 0x1D, 0x91, 0x81, 0x93, 0x04, 0x53, 0x40, 0x2A, 0x6D, 0x7C, 0x1D, 0x13,
    0xEF, 0xB6, 0x52, 0x41, 0xAB, 0x28, 0x10, 0x54, 0x45, 0xB5, 0xD2, 0xF7, 0x49, 0xDF, 0x21, 0x3D,
    0x3F, 0xA2, 0xEE, 0x4E, 0x4A, 0x1D, 0xA8, 0x48, 0x57, 0x80, 0xEE, 0xB2, 0xE1, 0x5C, 0x4F, 0x79,
    0xA5, 0x48, 0x96, 0xEA, 0xEB, 0x88, 0x1E, 0xFD, 0xDE, 0xD4, 0xFB, 0xF9, 0xF9, 0xC2, 0x96, 0x40,
    0xB4, 0x1B, 0x52, 0x54, 0xEA, 0x29, 0x78, 0x72, 0x15, 0x36, 0xC7, 0xF5, 0xDF, 0xF3, 0x17, 0x2C,
    0x07, 0x81, 0x74, 0xD9, 0xB3, 0x85, 0xAA, 0xA6, 0x1E, 0xF3, 0x97, 0xF9, 0xA8, 0x86, 0xEA, 0x76,
    0xDB, 0xFA, 0x43, 0x99, 0x47, 0x03, 0x2A, 0xA7, 0x4C, 0x0D, 0x97, 0x91, 0xAD, 0x2A, 0x5F, 0x07,
    0x08, 0x6D, 0x08, 0x27, 0x31, 0x7C, 0x93, 0xEB, 0xE2, 0x3B, 0x65, 0x85, 0xB2, 0x8B, 0x13, 0x66,
    0x38, 0xC8, 0x60, 0xCC, 0xB5, 0xB2, 0x59, 0xD9, 0x44, 0x16, 0x10, 0xA3, 0x18, 0x54, 0x31, 0xA0,
    0xE2, 0x62, 0x62, 0x14, 0x80, 0x65, 0x32, 0x42, 0x14, 0x88, 0x38, 0xB0, 0x47, 0xCA, 0x66, 0xB2,
    0x70, 0x24, 0x8B, 0x7B, 0xED, 0x46, 0x35, 0xA9, 0x8C, 0x71, 0x19, 0xA4, 0x1B, 0x5B, 0x94, 0xCD,
    0x27, 0xEC, 0x9A, 0xAB, 0x67, 0x63, 0xAF, 0xB3, 0xCD, 0x98, 0x2A, 0x36, 0x48, 0xBA, 0x42, 0x84,
    0x9C, 0xCC, 0x84, 0x62, 0x10, 0xAD, 0xFB, 0x3D, 0xFF, 0x63, 0x51, 0x16, 0xB2, 0xDE, 0x83, 0x55,
    0x54, 0x13, 0x44, 0xB4, 0x14, 0x20, 0x39, 0x93, 0x5A, 0x0A, 0x30, 0x1C, 0xA3, 0x56, 0x0A, 0xD0,
    0xDC, 0x61, 0x2F, 0x05, 0xB4, 0x21, 0x18, 0xA4, 0x00, 0xE9, 0xED, 0x26, 0x29, 0x5C, 0x11, 0x64,
    0x4A, 0x81, 0x32, 0x38, 0xFF, 0xEB, 0x35, 0x56, 0x67, 0xC1, 0x86, 0x63, 0x33, 0x6F, 0x58, 0xC4,
    0x7F, 0x67, 0x8D, 0x67, 0x4A, 0xF9, 0x40, 0xF5, 0x62, 0x3C, 0x4A, 0x01, 0xF6, 0x5E, 0x8A, 0x0A,
    0x21, 0x01, 0x58, 0x00, 0xB0, 0xC8, 0x3B, 0xDC, 0x0B, 0x43, 0xC2, 0xBB, 0x0F, 0x5B, 0x61, 0xC4,
    0x0A, 0x94, 0x02, 0x55, 0x79, 0x89, 0xA6, 0xEA, 0xF2, 0x60, 0x41, 0x7A, 0x5E, 0xF4, 0x51, 0xE0,
    0x67, 0x91, 0x8E, 0x94, 0x13, 0x33, 0xC4, 0x07, 0x66, 0xDE, 0xE4, 0xB2, 0xA7, 0xA2, 0x71, 0xC5,
    0x66, 0x6A, 0xDA, 0x0C, 0xD0, 0x47, 0xFA, 0x27, 0xEF, 0x85, 0x64, 0xFD, 0x5B, 0x8E, 0xF7, 0x51,
    0x92, 0xB7, 0x1B, 0x86, 0xF2, 0x26, 0x13, 0x63, 0xE8, 0xBC, 0x98, 0xE2, 0xF6, 0x01, 0xC5, 0x20,
    0xE1, 0x13, 0xBC, 0x06, 0x6C, 0x15, 0x5B, 0x24, 0xE4, 0x03, 0x10, 0xF4, 0xFB, 0x00, 0xC3, 0x70,
    0x28, 0x78, 0xA3, 0x2E, 0xF1, 0xE8, 0x86, 0x09, 0xC6, 0x59, 0xFD, 0xC6, 0x02, 0x83, 0xF7, 0x09,
    0x0C, 0xA4, 0x87, 0x2B, 0x39, 0x59, 0x64, 0x15, 0x0D, 0x74, 0x03, 0x06, 0x85, 0xEA, 0xD3, 0x58,
    0x07, 0xF8, 0x8B, 0x00, 0x83, 0x5E, 0x7B, 0x58, 0x6A, 0x72, 0x74, 0xB3, 0x13, 0x4D, 0x3A, 0x9E,
    0xBD, 0x30, 0xBB, 0x3A, 0x61, 0x4F, 0x8E, 0xE5, 0xA8, 0x9A, 0x81, 0x3B, 0x3B, 0x91, 0xAA, 0x37,
    0x84, 0xAB, 0x4A, 0xD5, 0xE4, 0x58, 0xB8, 0xAA, 0xF5, 0x67, 0xB6, 0x9F, 0x59, 0x7E, 0xB5, 0xD8,
    0x7D, 0xB2, 0xFE, 0x5B, 0x75, 0x67, 0xC8, 0x74, 0xA1, 0x07, 0x68, 0x2D, 0xD0, 0xF2, 0x08, 0xB0,
    0x0B, 0xF2, 0x05, 0x0A, 0x0B, 0x95, 0xE1, 0x59, 0x7B, 0x9B, 0x0B, 0x70, 0xA6, 0x08, 0xFF, 0xCD,
    0xA8, 0x20, 0xE4, 0xBF, 0x67, 0xA0, 0x10, 0xE5, 0x57, 0xC2, 0x7F, 0x29, 0x1D, 0x84, 0xE5, 0x36,
    0x6C, 0xDF, 0xA6, 0x0C, 0x7B, 0x70, 0xB1, 0x97, 0x3A, 0xE3, 0x2D, 0x78, 0xD6, 0x27, 0x98, 0x38,
    0x43, 0x3A, 0xA4, 0x1C, 0xC3, 0x64, 0xCC, 0xC8, 0xA3, 0xF9, 0xC2, 0x38, 0x75, 0x9E, 0x88, 0x9D,
    0x6B, 0x1D, 0x63, 0x05, 0x80, 0xC3, 0x3E, 0xE6, 0xD4, 0xAF, 0x50, 0x30, 0xD0, 0xAD, 0x8D, 0x3C,
    0x49, 0x2B, 0x46, 0xB4, 0xF0, 0xB4, 0x2E, 0xCC, 0xFB, 0x40, 0xE7, 0x01, 0x81, 0xB0, 0x77, 0x9B,
    0x9E, 0x0E, 0x6E, 0x4E, 0xB3, 0x97, 0x61, 0xA6, 0x3C, 0x76, 0x1D, 0xE2, 0x3E, 0x1D, 0x0B, 0xB6,
    0x09, 0x34, 0x5B, 0x73, 0x45, 0xCC, 0x71, 0xA2, 0x47, 0xB4, 0x39, 0xC5, 0xB0, 0x49, 0x16, 0xF5,
    0xE7, 0xCA, 0x40, 0x04, 0x3A, 0x7A, 0x98, 0x86, 0x32, 0x45, 0x01, 0xE3, 0xD2, 0x89, 0x93, 0x55,
    0x24, 0x77, 0x2E, 0x4C, 0xF0, 0x8C, 0xF4, 0x08, 0x7C, 0xC0, 0x64, 0x5E, 0xE7, 0xC6, 0xCE, 0x20,
    0x1C, 0x0F, 0xEC, 0xF4, 0xD8, 0x76, 0x81, 0x5E, 0x6E, 0x95, 0x59, 0xD5, 0xA9, 0xDE, 0x08, 0xB7,
    0x15, 0xD1, 0x1A, 0x9A, 0x3F, 0x51, 0x9B, 0xE4, 0xF2, 0x91, 0x46, 0x57, 0xAC, 0xCD, 0x75, 0x97,
    0xAB, 0xF9, 0x04, 0x0D, 0xD2, 0x88, 0x80, 0xA5, 0xC1, 0xB1, 0xAA, 0x51, 0x6E, 0x36, 0xFC, 0x6B,
    0xC2, 0xD0, 0xF3, 0xB4, 0x2D, 0xD0, 0xF3, 0x68, 0xEE, 0x33, 0x6D, 0x7B, 0x87, 0x9E, 0xBE, 0xBC,
    0x03, 0x22, 0x96, 0x3B, 0xC8, 0x34, 0xB0, 0xA7, 0x65, 0xA5, 0x3C, 0xAA, 0x67, 0xEA, 0x55, 0x97,
    0x23, 0x27, 0x0A, 0x04, 0x0B, 0x55, 0xD4, 0xBD, 0xA0, 0xF7, 0x6E, 0xAA, 0x12, 0xCF, 0x5C, 0x9C,
    0xEE, 0xA1, 0x7F, 0x8A, 0x81, 0x82, 0x58, 0x49, 0xD7, 0x52, 0xC0, 0x70, 0xD5, 0x03, 0x3E, 0xC9,
    0x4D, 0x53, 0x5A, 0x76, 0x69, 0x0B, 0x85, 0x98, 0x10, 0xE3, 0xC7, 0x6D, 0xA6, 0x7E, 0x08, 0xA5,
    0xFD, 0xC1, 0x9A, 0x32, 0x9B, 0xAA, 0x3D, 0xD0, 0xE3, 0xDF, 0xED, 0x4C, 0x5E, 0x95, 0xAB, 0x4F,
    0x40, 0x6A, 0x8B, 0xE0, 0x3A, 0x14, 0xD9, 0x82, 0x87, 0x8A, 0x7B, 0x3C, 0x60, 0xD2, 0xBB, 0xAA,
    0x83, 0xAC, 0x84, 0x13, 0xA9, 0xB3, 0x56, 0x89, 0x48, 0x78, 0x6A, 0xBE, 0x12, 0xA3, 0xA2, 0xC4,
    0x23, 0xD2, 0x70, 0xB8, 0x00, 0x1D, 0xCF, 0x85, 0x06, 0xE3, 0x15, 0x0C, 0x88, 0x71, 0x73, 0x43,
    0x7C, 0xC6, 0x34, 0xA3, 0xAC, 0x27, 0xFD, 0x22, 0x58, 0xC3, 0xE8, 0x6B, 0x5E, 0xFF, 0xBD, 0xF5,
    0xF1, 0xC1, 0x3E, 0x4C, 0xD4, 0x77, 0xD6, 0x10, 0xCB, 0xC5, 0xFE, 0x4F, 0x26, 0x31, 0x4B, 0xD2,
    0x31, 0x9A, 0x28, 0x01, 0xE4, 0x14, 0x91, 0xF4, 0xF0, 0x50, 0x17, 0xAD, 0x2F, 0xC1, 0x44, 0x06,
    0x0B, 0xCB, 0xFB, 0x1B, 0x8C, 0xC7, 0xFA, 0xA6, 0xE6, 0x99, 0xBC, 0xA0, 0x6A, 0x8B, 0x1E, 0x97,
    0x97, 0xE9, 0xC4, 0xCA, 0x62, 0xFF, 0x37, 0x13, 0x2D, 0x1E, 0x05, 0x8D, 0x76, 0xDB, 0xCD, 0x48,
    0x3D, 0x61, 0xA1, 0xCA, 0x03, 0x6D, 0x2E, 0xFD, 0xB7, 0x50, 0xE1, 0x4B, 0x44, 0xD3, 0xB0, 0x26,
    0x50, 0x95, 0xF9, 0x77, 0xAE, 0xD3, 0xED, 0x5A, 0x7B, 0x77, 0x20, 0xAA, 0x8B, 0x3A, 0x86, 0xB1,
    0xE8, 0xAA, 0x0A, 0x7C, 0xAA, 0x7D, 0xF0, 0x5F, 0xDA, 0x07, 0xDA, 0x83, 0xB9, 0xF6, 0x60, 0x7A,
    0x6A, 0x1B, 0xAB, 0x51, 0x7C, 0xA1, 0xAB, 0xE5, 0xAA, 0x39, 0x32, 0x83, 0xA3, 0x9E, 0x93, 0x39,
    0x6E, 0x79, 0x45, 0x5A, 0x12, 0xE7, 0xBE, 0xAD, 0x51, 0x8D, 0x2B, 0x35, 0x75, 0x47, 0xDA, 0x97,
    0xD0, 0x20, 0xDE, 0x97, 0xB2, 0x64, 0x65, 0x06, 0x97, 0x6F, 0x96, 0xE7, 0xC1, 0xA4, 0xAD, 0x76,
    0x46, 0x70, 0xC2, 0x9E, 0xEB, 0x6E, 0xB8, 0x36, 0xAF, 0x83, 0x28, 0xCC, 0x94, 0x0F, 0xBE, 0x24,
    0x8C, 0x5D, 0xA9, 0x04, 0x38, 0xB0, 0xAC, 0x7F, 0x31, 0x56, 0x92, 0x49, 0x67, 0xD2, 0x3E, 0x18,
    0x69, 0x33, 0xA7, 0x3A, 0x5F, 0x82, 0xC6, 0x37, 0x3A, 0xDD, 0xB3, 0x97, 0x65, 0x2A, 0x8D, 0x36,
    0xA1, 0xB4, 0x3B, 0xE3, 0x65, 0x31, 0xCF, 0xB2, 0xB6, 0x13, 0x3A, 0x1F, 0x66, 0xF9, 0x21, 0xB6,
    0xB6, 0xCB, 0x02, 0xCE, 0x06, 0xF7, 0xC5, 0x2B, 0x55, 0xE6, 0x1F, 0xC7, 0x93, 0x1F, 0x4A, 0xFF,
    0x47, 0xFB, 0xA0, 0xDF, 0xFB, 0x60, 0x37, 0x70, 0xD2, 0x3B, 0x4A, 0xC9, 0x1D, 0xA5, 0x78, 0x2F,
    0x45, 0x77, 0x94, 0xC2, 0xBA, 0xD0, 0xB0, 0xDD, 0xC6, 0xCC, 0x2D, 0xAF, 0xEC, 0x42, 0x6D, 0xD0,
    0x73, 0x65, 0x57, 0x9B, 0x57, 0xFF, 0xB9, 0xCC, 0xAB, 0x7F, 0x5F, 0x71, 0x40, 0xD1, 0x3E, 0xF4,
    0x7A, 0xCC, 0xAB, 0xAE, 0xA1, 0xF3, 0xA3, 0xA5, 0xC2, 0xB2, 0x87, 0x85, 0x02, 0x1A, 0x8E, 0xFF,
    0x67, 0xC7, 0x70, 0x26, 0x90, 0x47, 0x0B, 0x86, 0x5A, 0xF2, 0x3D, 0x56, 0xA1, 0x8E, 0x24, 0xBD,
    0x17, 0x0B, 0x10, 0x65, 0x6E, 0xB7, 0x8A, 0xFD, 0xD6, 0x9C, 0x4F, 0x5B, 0x80, 0x04, 0xD7, 0x82,
    0xEF, 0xEC, 0xD0, 0xE5, 0x64, 0x85, 0x68, 0xDD, 0x4E, 0xF6, 0x7B, 0xA1, 0xB4, 0x42, 0x53, 0xDF,
    0x5B, 0xD8, 0xCF, 0xF1, 0x37, 0xEB, 0xB9, 0x84, 0x12, 0x52, 0x4C, 0x96, 0xEB, 0x73, 0x3D, 0x3B,
    0x3C, 0xE0, 0x86, 0x8D, 0xD4, 0x01, 0xFA, 0x92, 0xE8, 0xEA, 0xA6, 0xAB, 0x71, 0x3D, 0x42, 0x78,
    0x27, 0x8E, 0x3C, 0xBA, 0xF0, 0xF2, 0xFE, 0xA6, 0xC3, 0xF1, 0xD8, 0x9D, 0x77, 0xEA, 0x6A, 0x14,
    0x31, 0x57, 0xB2, 0xF7, 0x31, 0x2E, 0x7D, 0xAC, 0x5E, 0x25, 0x3C, 0x05, 0x91, 0xC4, 0x23, 0x07,
    0xE0, 0xFE, 0x88, 0x92, 0xFB, 0x1D, 0x06, 0x60, 0xBE, 0xAE, 0x16, 0x89, 0x36, 0x2C, 0x26, 0x94,
    0x8C, 0x09, 0xEC, 0x8C, 0x12, 0x5D, 0x19, 0x3D, 0xFE, 0xBD, 0xDE, 0xA8, 0x5D, 0xFB, 0xE7, 0xAC,
    0xED, 0x9A, 0x35, 0xBF, 0x4F, 0x9C, 0xF2, 0x01, 0xEF, 0xF8, 0x81, 0x06, 0x96, 0xFA, 0x07, 0x7E,
    0x6B, 0x55, 0xD0, 0xAC, 0x5B, 0xAC, 0xE7, 0x92, 0x2E, 0xC0, 0x05, 0xE6, 0x46, 0xCF, 0xD0, 0x72,
    0x36, 0x3E, 0x9C, 0xCD, 0x9B, 0x79, 0x70, 0x8C, 0x12, 0xE0, 0x02, 0xFF, 0xB1, 0x07, 0xCC, 0x10,
    0xF0, 0x6A, 0x81, 0x0C, 0x66, 0x30, 0xA7, 0x93, 0x15, 0x12, 0xD8, 0x5A, 0xB9, 0x9A, 0x0E, 0xC7,
    0x85, 0x9E, 0x2D, 0xD3, 0xD5, 0x7A, 0x52, 0x50, 0xAB, 0x63, 0x3B, 0x39, 0x3A, 0xB9, 0x2A, 0xDB,
    0x2A, 0x3C, 0xDC, 0x62, 0xBB, 0x69, 0xBC, 0x35, 0x63, 0x6F, 0x58, 0xB0, 0xBB, 0x89, 0x1B, 0x34,
    0xFE, 0xAB, 0xFE, 0xC7, 0x82, 0x15, 0x92, 0x99, 0x0F, 0x18, 0xEF, 0x52, 0x82, 0x26, 0x0A, 0xC0,
    0xD2, 0x42, 0x7F, 0xA7, 0xD8, 0x4C, 0x93, 0xF9, 0x1F, 0x36, 0xF8, 0xAE, 0x16, 0xBE, 0x82, 0x78,
    0x2D, 0x87, 0xC7, 0x4E, 0x61, 0xBD, 0x45, 0x3E, 0xA9, 0xA7, 0x84, 0x73, 0xB0, 0xF1, 0x6A, 0x51,
    0x78, 0x6B, 0x1B, 0xF4, 0xD6, 0x0D, 0xDF, 0x74, 0x55, 0x1E, 0x6A, 0x58, 0x6F, 0x7A, 0x96, 0xA5,
    0xE3, 0x1B, 0xBF, 0x48, 0x0B, 0x85, 0xD2, 0x00, 0x0C, 0xB1, 0xBA, 0xD2, 0x41, 0x9E, 0x2F, 0xEB,
    0xE2, 0x11, 0x91, 0xC6, 0x09, 0xC9, 0x0C, 0xB3, 0xFB, 0x2D, 0x8D, 0x99, 0x62, 0x90, 0x12, 0x8F,
    0x58, 0xE8, 0xDF, 0x13, 0xEB, 0xCD, 0x38, 0x45, 0x08, 0x4E, 0xA9, 0x4A, 0x90, 0x5A, 0xFA, 0xA7,
    0xE8, 0xAB, 0xE5, 0x77, 0x33, 0xFF, 0x4B, 0x3F, 0x84, 0xC0, 0x80, 0xBB, 0xA4, 0x43, 0xE9, 0x61,
    0xAD, 0x33, 0x55, 0xA6, 0x04, 0x32, 0x0B, 0xD8, 0x43, 0x8F, 0x5D, 0x0A, 0x44, 0x97, 0xD7, 0x14,
    0x73, 0x1A, 0x09, 0x70, 0xEA, 0x43, 0x7C, 0x92, 0xC8, 0xB9, 0x63, 0x23, 0xB3, 0xFC, 0x57, 0x93,
    0x74, 0xE9, 0xAF, 0x11, 0x49, 0xF6, 0xC8, 0x75, 0x90, 0x9F, 0x8B, 0x96, 0x4F, 0x79, 0x83, 0x34,
    0x3B, 0x29, 0xE4, 0x14, 0xAC, 0xF5, 0x46, 0xA4, 0x32, 0xFC, 0x96, 0x93, 0x4C, 0x9C, 0x80, 0xE3,
    0x81, 0x47, 0x95, 0xBE, 0x7B, 0xAA, 0x4B, 0x27, 0x9A, 0x65, 0x41, 0xED, 0x8F, 0xB2, 0x3D, 0x8F,
    0xDC, 0x28, 0xC2, 0x2A, 0x8D, 0x30, 0x77, 0x4F, 0x4E, 0xC9, 0x7A, 0x21, 0xE9, 0x4E, 0xF2, 0x0E,
    0x47, 0xE9, 0xE5, 0xD5, 0x4A, 0x1B, 0x85, 0x45, 0xB3, 0x1C, 0xC3, 0xF7, 0x5A, 0xBE, 0x67, 0xF2,
    0x3D, 0x97, 0xEF, 0xB7, 0xD0, 0x8B, 0x1F, 0xF7, 0xCD, 0xFD, 0xBB, 0xAE, 0xA1, 0x97, 0x8A, 0xA3,
    0xDC, 0x90, 0xC6, 0x1D, 0x30, 0x49, 0xD4, 0x1A, 0xED, 0x36, 0x1A, 0x93, 0x26, 0x35, 0x68, 0x5A,
    0x92, 0x32, 0x9E, 0x9E, 0x93, 0x9E, 0x93, 0x5E, 0x91, 0x4E, 0xA0, 0x62, 0x7B, 0x48, 0x0D, 0x11,
    0xE9, 0xB1, 0x1F, 0xF8, 0x11, 0x40, 0x0F, 0x69, 0x5A, 0xBF, 0x43, 0x7A, 0x45, 0x7A, 0xB6, 0x53,
    0x31, 0x50, 0x12, 0x28, 0x8E, 0x06, 0x7D, 0xB2, 0xC8, 0x2C, 0x42, 0xCA, 0x02, 0xBC, 0xA7, 0xD2,
    0xC7, 0xC8, 0x7B, 0x81, 0xD2, 0x62, 0x27, 0xD4, 0x8C, 0x12, 0xC2, 0x31, 0xA8, 0x44, 0x63, 0xCA,
    0x9D, 0xE2, 0xA8, 0xA0, 0x14, 0x7B, 0x24, 0xAE, 0x23, 0x39, 0xCB, 0xD1, 0x1F, 0xCB, 0xF4, 0x94,
    0xB4, 0x4B, 0xFD, 0x2C, 0x55, 0xCA, 0xB2, 0xF1, 0xB3, 0x88, 0xAE, 0x1C, 0xB3, 0x29, 0xF5, 0x40,
    0xD7, 0x45, 0x99, 0x2F, 0x78, 0xA6, 0x82, 0xA8, 0x3D, 0x69, 0x0B, 0x42, 0xC7, 0xA8, 0x2F, 0x34,
    0xE6, 0xDD, 0xA8, 0x43, 0x39, 0x34, 0x6D, 0x9C, 0x76, 0x05, 0xE6, 0xB7, 0x5C, 0x55, 0xD0, 0x43,
    0x59, 0x69, 0x76, 0x8B, 0xCC, 0xFC, 0x82, 0x7E, 0x5C, 0x59, 0x75, 0x65, 0xDA, 0x01, 0xA1, 0x0A,
    0xEF, 0x11, 0xD2, 0x2C, 0xCA, 0x04, 0x99, 0x08, 0x72, 0xDF, 0xC8, 0x97, 0x0D, 0xDB, 0xE1, 0xEB,
    0x50, 0xE4, 0xBD, 0x4C, 0xD0, 0xBA, 0x28, 0x2F, 0xFB, 0xC2, 0x25, 0x62, 0x4D, 0xC6, 0xC3, 0x57,
    0x18, 0xAF, 0x96, 0x4A, 0x30, 0x79, 0xE8, 0x2C, 0xC9, 0x5B, 0xF5, 0xF7, 0xC6, 0xE3, 0x3B, 0x2E,
    0x1A, 0x45, 0x32, 0x8C, 0x32, 0xD3, 0x86, 0xA2, 0xAE, 0x3A, 0x01, 0x46, 0x65, 0x28, 0xFD, 0xD4,
    0xF8, 0xBE, 0xF0, 0x43, 0x05, 0x2D, 0x82, 0x99, 0x22, 0xB7, 0x47, 0x2E, 0x00, 0x69, 0x42, 0x9A,
    0x93, 0x5E, 0x83, 0x06, 0x03, 0x68, 0xDC, 0x82, 0x66, 0x3C, 0xF3, 0x8A, 0x74, 0x00, 0x95, 0x29,
    0xBF, 0xD0, 0x29, 0xB6, 0x50, 0x3E, 0xF0, 0x2A, 0xA1, 0xB9, 0x7F, 0x9C, 0x03, 0x8F, 0xE0, 0x2E,
    0x48, 0x34, 0x6A, 0xD1, 0xDB, 0xAA, 0xB3, 0x49, 0xEB, 0x14, 0x56, 0xE8, 0xE3, 0xAC, 0xA5, 0xD5,
    0xC4, 0xFE, 0x9A, 0xDC, 0xBD, 0x9F, 0xCF, 0xB3, 0xB5, 0x42, 0x43, 0xB1, 0x71, 0xBA, 0x14, 0x2B,
    0x24, 0x07, 0x29, 0x26, 0x21, 0x4F, 0x58, 0xB5, 0x10, 0x99, 0x5C, 0x11, 0x80, 0x44, 0x84, 0xF1,
    0x95, 0x1B, 0x8D, 0xA8, 0x63, 0x06, 0xA1, 0x57, 0xBF, 0x01, 0x29, 0xDC, 0x26, 0x7A, 0xF2, 0x16,
    0x55, 0xAD, 0x52, 0xA9, 0x4C, 0x9E, 0x82, 0x3A, 0xCB, 0x30, 0xD4, 0x40, 0x87, 0xFC, 0x2D, 0x1A,
    0x90, 0x6A, 0x84, 0x32, 0xEC, 0x40, 0x23, 0xA5, 0x2D, 0x07, 0x94, 0x34, 0xD1, 0xC4, 0x2D, 0x0C,
    0x71, 0xFE, 0x36, 0x68, 0x35, 0x93, 0x8E, 0x22, 0x43, 0xCA, 0xBC, 0x0B, 0xB9, 0x76, 0xD0, 0xB1,
    0x7D, 0x41, 0x6F, 0x75, 0x27, 0x93, 0x1A, 0x33, 0x37, 0xFA, 0x85, 0x58, 0x98, 0xC2, 0x7E, 0xD6,
    0xBB, 0xBF, 0x12, 0xF6, 0x6F, 0x22, 0xBA, 0x84, 0xFD, 0x74, 0x74, 0xFF, 0x0E, 0x36, 0x87, 0x1F,
    0x0A, 0xFB, 0x97, 0x25, 0x02, 0x6B, 0x7D, 0xF2, 0xC7, 0x60, 0x55, 0x1A, 0x82, 0x15, 0x3F, 0x22,
    0xCB, 0x67, 0xB2, 0x74, 0x22, 0x4B, 0x06, 0xB2, 0x08, 0x2C, 0x5F, 0xC2, 0x5A, 0x7A, 0x51, 0x53,
    0xA9, 0xD0, 0x93, 0x42, 0xBF, 0xE9, 0x6B, 0xF9, 0x8B, 0xD8, 0x37, 0xF7, 0xFE, 0xD1, 0x44, 0x33,
    0xFA, 0xC2, 0x7F, 0x9C, 0x09, 0x9D, 0xDE, 0x65, 0x5B, 0xFB, 0x22, 0x0A, 0x57, 0xD1, 0x4A, 0x58,
    0x33, 0xB5, 0x88, 0x90, 0xBC, 0x23, 0x64, 0x24, 0xA9, 0x36, 0x32, 0xCA, 0xB2, 0x17, 0x82, 0xD2,
    0xE1, 0x28, 0x4F, 0x46, 0xF7, 0xD5, 0xAC, 0x80, 0x55, 0xB1, 0x52, 0xA2, 0xE9, 0x8E, 0x52, 0xA8,
    0x3D, 0xDC, 0x7D, 0x7A, 0x65, 0x54, 0xFA, 0xEB, 0xD2, 0xD7, 0xF2, 0x14, 0x50, 0x6D, 0xEF, 0x09,
    0x68, 0xCA, 0x26, 0xC6, 0x8E, 0xFB, 0xAA, 0xBF, 0x5C, 0x55, 0x87, 0x45, 0xF3, 0x46, 0xC2, 0x15,
    0x89, 0x3E, 0x20, 0x6E, 0x27, 0xFC, 0x6F, 0xB0, 0x1C, 0x9D, 0x07, 0x17, 0x65, 0xE4, 0x1F, 0x57,
    0x7D, 0xB4, 0x7A, 0xA8, 0x85, 0x4A, 0xBD, 0x94, 0x1F, 0x43, 0x1A, 0xC6, 0x80, 0xE9, 0x9F, 0x38,
    0x08, 0xD2, 0xF5, 0x3B, 0x0B, 0x5C, 0x33, 0x5E, 0x35, 0x77, 0xC1, 0xBC, 0xBC, 0xD6, 0x7D, 0xC5,
    0xC4, 0x67, 0xB9, 0x93, 0x7A, 0xCB, 0x82, 0xA4, 0x34, 0xA5, 0x8F, 0x29, 0x1D, 0x5D, 0x5C, 0xC6,
    0xBE, 0x7C, 0x64, 0x8E, 0xBE, 0xCC, 0x66, 0xFD, 0xAC, 0x04, 0x11, 0x11, 0xF8, 0xB3, 0xAF, 0xCE,
    0x11, 0x84, 0x80, 0x47, 0xFB, 0xFC, 0xCB, 0x42, 0xBE, 0xFC, 0x72, 0xC1, 0xDA, 0x87, 0xFE, 0x3F,
    0x80, 0xED, 0x81, 0x9B, 0x7A, 0xF8, 0xB8, 0x1F, 0x37, 0x8B, 0x68, 0xD1, 0x48, 0x54, 0x9E, 0xAC,
    0x12, 0x08, 0x06, 0x04, 0xDE, 0x52, 0x0B, 0x44, 0x36, 0xE5, 0x39, 0x1A, 0xC8, 0x84, 0xC5, 0x27,
    0x00, 0x23, 0x58, 0x3F, 0x03, 0x96, 0xD2, 0xAF, 0xA0, 0xAF, 0x7E, 0x43, 0xC7, 0x7E, 0xBD, 0xE1,
    0x4E, 0x92, 0x0F, 0x76, 0x75, 0xFF, 0x6D, 0x90, 0x7F, 0xDE, 0x12, 0x87, 0x43, 0x98, 0x1A, 0x7F,
    0x5B, 0x33, 0x49, 0x54, 0xC8, 0xBC, 0xBB, 0xD7, 0xB6, 0x4F, 0xA0, 0x1E, 0x84, 0x4A, 0xFD, 0x09,
    0x8D, 0xB2, 0x07, 0x77, 0xF9, 0x21, 0xEE, 0x62, 0xF9, 0x47, 0xAB, 0xA8, 0x9D, 0x40, 0x93, 0x26,
    0x92, 0x25, 0x5A, 0x1E, 0x00, 0xEA, 0x21, 0xC3, 0x45, 0x00, 0x03, 0xB4, 0x42, 0x5B, 0xD4, 0xC2,
    0xB2, 0xAE, 0x2A, 0x43, 0xA8, 0xF9, 0x06, 0xAA, 0x22, 0x1D, 0xEE, 0x64, 0x15, 0x59, 0x6F, 0x17,
    0xD8, 0xE5, 0x59, 0xCF, 0x74, 0x19, 0x56, 0xBD, 0x52, 0x3D, 0x61, 0x88, 0xF2, 0x8F, 0x3E, 0x52,
    0x75, 0xA5, 0x52, 0xF8, 0xB9, 0x6C, 0x3E, 0x66, 0x8D, 0x45, 0x4B, 0xD5, 0xAD, 0xD5, 0x21, 0xBC,
    0xD0, 0x35, 0xB3, 0x80, 0x44, 0x04, 0xB8, 0xCA, 0x1C, 0x1D, 0x7E, 0x85, 0x1E, 0x92, 0xC3, 0xE9,
    0xAF, 0x3B, 0xEB, 0xE6, 0x70, 0x37, 0x53, 0x10, 0xC4, 0x75, 0xC9, 0xCF, 0x11, 0x40, 0x01, 0x8E,
    0x05, 0x12, 0x71, 0x70, 0x90, 0x0B, 0x0E, 0x68, 0xEA, 0xCB, 0xF5, 0x81, 0x7F, 0xE6, 0xBD, 0x98,
    0xF0, 0x5C, 0x24, 0x10, 0xA5, 0x0D, 0x97, 0x62, 0xCC, 0x69, 0xAD, 0xA2, 0xF7, 0x15, 0xD0, 0x49,
    0x01, 0x87, 0x9A, 0xCF, 0xFD, 0xC1, 0x1C, 0x8E, 0xEE, 0xA1, 0xA1, 0x34, 0xE6, 0x5F, 0x11, 0x4F,
    0xF9, 0x81, 0x5F, 0x62, 0x04, 0x5B, 0xEE, 0x24, 0x04, 0xA9, 0x0B, 0xCD, 0x06, 0x38, 0x20, 0xF2,
    0xB5, 0xDA, 0xC3, 0xB5, 0x77, 0x10, 0x28, 0x76, 0x41, 0x9C, 0x32, 0x91, 0x7F, 0xEA, 0xD7, 0x1C,
    0xCA, 0xEE, 0x43, 0xBF, 0x64, 0x54, 0x77, 0x79, 0xAB, 0x8A, 0xEA, 0x73, 0xE0, 0xEB, 0xE6, 0x4C,
    0x18, 0x9A, 0x9D, 0xFF, 0x6F, 0xB6, 0x67, 0xD9, 0xDA, 0x33, 0x59, 0x7B, 0x0C, 0x24, 0x04, 0x1B,
    0x58, 0xF8, 0x38, 0xFE, 0x9E, 0xA6, 0x2A, 0xEA, 0xB8, 0xCE, 0x9C, 0xB3, 0x13, 0xE9, 0x40, 0xFA,
    0xAE, 0xCE, 0xE2, 0x90, 0x87, 0x43, 0x5A, 0xAB, 0x21, 0x00, 0x35, 0xF1, 0x57, 0xEB, 0xB8, 0x6E,
    0x74, 0x11, 0x1D, 0xA8, 0xFE, 0x22, 0x47, 0x09, 0xBD, 0xD5, 0x6E, 0x02, 0xED, 0xB9, 0x16, 0x04,
    0x41, 0xE4, 0x32, 0xC5, 0x1F, 0xFA, 0x77, 0x29, 0x5A, 0x35, 0xE4, 0x7F, 0x9B, 0x41, 0xE4, 0x93,
    0x29, 0x6C, 0x90, 0x05, 0xC1, 0x63, 0x55, 0x4D, 0x56, 0xB4, 0xAB, 0x76, 0xC0, 0x31, 0xB3, 0x1F,
    0xF5, 0x94, 0x07, 0x9E, 0x81, 0x32, 0x3F, 0xE7, 0x1C, 0xAA, 0xC7, 0x0A, 0x5C, 0x80, 0xD0, 0xEB,
    0x7B, 0x04, 0x3D, 0x1A, 0x18, 0x31, 0xD9, 0x9A, 0x06, 0x84, 0x59, 0x0C, 0x39, 0xCD, 0x86, 0x9D,
    0xE4, 0x9B, 0xA1, 0x11, 0x6A, 0xED, 0x78, 0x2E, 0xC4, 0x33, 0x26, 0x3A, 0x4F, 0x14, 0x74, 0xC6,
    0xE3, 0x85, 0x74, 0xC0, 0x97, 0x69, 0xAE, 0xB9, 0xD5, 0x42, 0xE7, 0x16, 0xC0, 0x83, 0x21, 0x17,
    0xAC, 0x38, 0x0E, 0x1C, 0x24, 0x48, 0x99, 0xA0, 0x53, 0x16, 0x70, 0x19, 0x28, 0xE8, 0x0C, 0x1A,
    0x32, 0xC0, 0xD0, 0x3F, 0x58, 0xCB, 0xAA, 0xAB, 0x68, 0xA2, 0x88, 0xA2, 0xD9, 0x35, 0x5D, 0x0C,
    0x64, 0x27, 0x30, 0x6B, 0x82, 0x7A, 0x53, 0x67, 0xC4, 0xC6, 0xE6, 0xE4, 0x84, 0xC5, 0x3C, 0x85,
    0xCA, 0x51, 0x2E, 0x08, 0x4D, 0x0B, 0xA2, 0xB2, 0x87, 0x6B, 0x59, 0x74, 0x15, 0x60, 0x08, 0x6E,
    0x6D, 0xB7, 0x95, 0x31, 0xA1, 0xB6, 0xF0, 0x53, 0xB4, 0x8A, 0x42, 0x90, 0xAB, 0x1B, 0xA0, 0x85,
    0x06, 0x59, 0xCE, 0x15, 0xF4, 0x71, 0xC5, 0xB4, 0x01, 0xF3, 0xA2, 0x44, 0x20, 0x69, 0x57, 0x41,
    0xB9, 0x09, 0x69, 0xE4, 0x9F, 0x3C, 0x5C, 0x03, 0x29, 0xDD, 0xE0, 0xE4, 0xC6, 0x55, 0x43, 0xE2,
    0x27, 0x0F, 0x5C, 0xAE, 0xD9, 0x25, 0xD5, 0xEE, 0xDF, 0xA2, 0x8F, 0x16, 0xB9, 0xD3, 0x26, 0xD3,
    0x79, 0xF8, 0x4B, 0xF7, 0x60, 0xDB, 0xCF, 0xCC, 0x74, 0x71, 0x84, 0xA5, 0x6B, 0x84, 0x69, 0x16,
    0x79, 0x2D, 0xF1, 0xB7, 0xFB, 0x3F, 0x9F, 0x59, 0x5B, 0x82, 0x27, 0x9B, 0x46, 0xA4, 0xC2, 0xFC,
    0xB3, 0x79, 0x8B, 0x8B, 0x90, 0x70, 0x75, 0x92, 0x1C, 0x7E, 0x33, 0x92, 0x48, 0xEB, 0x27, 0x08,
    0xFD, 0x8F, 0xE4, 0x70, 0xE4, 0xBB, 0x62, 0x88, 0x90, 0x60, 0x03, 0xFD, 0x3E, 0x52, 0x74, 0x13,
    0x4A, 0x9D, 0x12, 0x1E, 0x20, 0xE1, 0x79, 0x20, 0xBC, 0x22, 0x15, 0xB8, 0x58, 0xA6, 0xAD, 0x3C,
    0x40, 0x46, 0xA8, 0x42, 0x0F, 0xA4, 0xDB, 0x2C, 0xFB, 0xEB, 0x3D, 0x06, 0x30, 0x5A, 0x62, 0x70,
    0xAA, 0x2E, 0x46, 0xE2, 0x9C, 0xC5, 0x31, 0xF3, 0x0A, 0x3F, 0x47, 0x77, 0xD9, 0x27, 0xAF, 0xC8,
    0xAE, 0x7E, 0xC8, 0xDC, 0x0F, 0x2C, 0xD2, 0x55, 0x00, 0x88, 0x80, 0xD2, 0x0B, 0x48, 0xC1, 0x73,
    0x03, 0x58, 0xB5, 0xBA, 0xF8, 0x3A, 0x23, 0xA7, 0xC8, 0x6B, 0x83, 0x5F, 0x51, 0x29, 0xF0, 0x2B,
    0x75, 0xF1, 0x5A, 0x7E, 0x60, 0x6A, 0x39, 0xE3, 0xA8, 0x4E, 0xF0, 0x67, 0x88, 0xF6, 0xCF, 0x04,
    0x40, 0x88, 0xB1, 0x5A, 0xC6, 0xC2, 0x83, 0xB2, 0x18, 0xF4, 0x78, 0x8C, 0x71, 0x41, 0xFA, 0x51,
    0x08, 0x29, 0x92, 0x0D, 0x5F, 0x97, 0x7E, 0xBB, 0x92, 0x0E, 0x7C, 0x04, 0x1B, 0xB3, 0xBC, 0xEC,
    0x0A, 0xB3, 0x1B, 0xA3, 0x11, 0x61, 0xBB, 0x74, 0x01, 0x8D, 0xC6, 0xD3, 0x5E, 0xB8, 0xA2, 0x63,
    0x8A, 0x7F, 0x2F, 0x8C, 0xE3, 0x05, 0xEE, 0x76, 0x59, 0x8D, 0x4C, 0x3A, 0xB1, 0x69, 0x7B, 0xDF,
    0x82, 0xE3, 0xFF, 0xB7, 0x3E, 0x61, 0x4D, 0x9F, 0x61, 0xC2, 0x64, 0x92, 0xD6, 0x05, 0x55, 0xAB,
    0x8F, 0xFC, 0x12, 0x5F, 0xE4, 0x45, 0xA5, 0x0C, 0x22, 0x2E, 0xBA, 0x85, 0x27, 0xA2, 0x19, 0x77,
    0x48, 0x4D, 0x3D, 0xF9, 0xBC, 0x2D, 0xCB, 0x41, 0x16, 0x4C, 0xB1, 0xD9, 0xD4, 0x9F, 0xF6, 0xBB,
    0xD8, 0xF4, 0x9A, 0xA9, 0xBD, 0xF2, 0x0F, 0x05, 0x23, 0xFC, 0x1A, 0xEA, 0xA2, 0xB6, 0x8D, 0x44,
    0x1A, 0x33, 0x36, 0xE3, 0xD0, 0x2C, 0xC2, 0x3B, 0x99, 0x58, 0x88, 0xD4, 0x53, 0x90, 0x6D, 0x3D,
    0x6D, 0xC4, 0x6C, 0xA2, 0x79, 0xA8, 0xB6, 0xD9, 0x20, 0x2B, 0x97, 0x66, 0x22, 0xD2, 0xE0, 0x94,
    0x21, 0x51, 0x6D, 0x29, 0x1E, 0x71, 0x15, 0xD0, 0x54, 0xCC, 0x26, 0xDA, 0x8A, 0xBE, 0xA7, 0xB1,
    0x88, 0x74, 0x90, 0x9E, 0x21, 0x24, 0x02, 0x2C, 0x55, 0x20, 0xBA, 0xFE, 0x3E, 0x8E, 0x5B, 0xB0,
    0x41, 0xF9, 0xA2, 0xBF, 0xAB, 0x3F, 0x8A, 0x41, 0x53, 0xB3, 0x73, 0xEE, 0xE1, 0x85, 0x42, 0x39,
    0x2A, 0xB2, 0x8E, 0x6A, 0x94, 0xED, 0xC0, 0x04, 0xFC, 0x4B, 0x42, 0x61, 0xDD, 0x0B, 0x40, 0xFA,
    0xFB, 0x1A, 0xCD, 0x3C, 0xA2, 0xBA, 0x29, 0xC4, 0xB6, 0x86, 0xDC, 0x3A, 0xEA, 0x56, 0x6E, 0x03,
    0x5A, 0x33, 0xAC, 0xAA, 0xB5, 0xA1, 0xFE, 0x98, 0x10, 0x70, 0x26, 0x7E, 0x94, 0x73, 0xC2, 0x4F,
    0x46, 0x17, 0xA3, 0xB9, 0xF4, 0x1D, 0xDD, 0x05, 0x05, 0xCD, 0xA6, 0xEB, 0x0D, 0x10, 0x6B, 0x0E,
    0x31, 0x13, 0x55, 0xDA, 0x4D, 0xBC, 0x50, 0xB2, 0xBC, 0x7B, 0xAF, 0x67, 0xE3, 0xB3, 0xF2, 0x36,
    0xC4, 0xDD, 0x61, 0x2B, 0x43, 0x3C, 0x1F, 0x6D, 0x63, 0x6B, 0x34, 0x90, 0x58, 0x1F, 0x36, 0x40,
    0xB8, 0xF6, 0xF5, 0xF0, 0xBD, 0xC0, 0x37, 0x58, 0x22, 0xCA, 0xDE, 0x2A, 0x51, 0xF5, 0x53, 0xE6,
    0xCC, 0x8A, 0x04, 0x40, 0x1B, 0xEF, 0x6C, 0xE2, 0x6B, 0x62, 0x01, 0x7E, 0x2E, 0x46, 0x4A, 0xB7,
    0x19, 0x29, 0xF4, 0x49, 0x1B, 0xCD, 0x18, 0xBD, 0xC8, 0x34, 0xCE, 0x77, 0xA0, 0x5F, 0xFD, 0xC9,
    0x4F, 0x6A, 0x4D, 0x62, 0xC7, 0xF8, 0x3E, 0x68, 0xFE, 0xB3, 0xBC, 0x27, 0x20, 0x57, 0x68, 0xA4,
    0x7C, 0x63, 0xF8, 0x71, 0x67, 0x17, 0xCA, 0x18, 0xDD, 0xBB, 0xD6, 0xE8, 0xDE, 0xF7, 0xC5, 0x56,
    0xBF, 0x15, 0xCF, 0x7B, 0xAC, 0x8C, 0x3E, 0xCE, 0x36, 0x66, 0x94, 0xB0, 0x45, 0x56, 0x0C, 0x83,
    0x75, 0x27, 0x11, 0xBC, 0xF4, 0xAE, 0x78, 0x5E, 0xA1, 0xCA, 0xB6, 0x69, 0xB7, 0x70, 0x60, 0x66,
    0x86, 0xE9, 0x96, 0x98, 0xAB, 0xA1, 0x0A, 0x4D, 0xD1, 0xDD, 0xB3, 0xF3, 0xDC, 0x83, 0xE3, 0x08,
    0xD6, 0x6A, 0x8F, 0xB2, 0x1A, 0xBD, 0xA0, 0x77, 0xF5, 0x5C, 0x68, 0x2E, 0xE3, 0x88, 0x6C, 0x60,
    0xD0, 0xDF, 0x71, 0x5F, 0x3F, 0x91, 0x14, 0x96, 0x8B, 0x44, 0xB9, 0xEB, 0xD9, 0x00, 0x6F, 0x01,
    0x7C, 0x4D, 0x7B, 0x3C, 0xA6, 0xFA, 0xBB, 0x9C, 0x53, 0x78, 0x0B, 0x2D, 0x8E, 0x0C, 0xA0, 0x94,
    0x9A, 0xF1, 0x85, 0xFF, 0x14, 0x4F, 0xE3, 0x55, 0x8D, 0x5B, 0x6C, 0x4C, 0x5B, 0x38, 0x37, 0x62,
    0x4D, 0x50, 0xA3, 0x07, 0x6F, 0xE2, 0x13, 0x63, 0xDD, 0xF4, 0x7B, 0x82, 0x9A, 0x98, 0xCB, 0xCC,
    0x0C, 0xD7, 0x70, 0x5F, 0xA0, 0x29, 0x69, 0x0A, 0xF0, 0x71, 0x9F, 0x8D, 0xB5, 0x7B, 0x62, 0xE6,
    0xE1, 0x4C, 0xA6, 0xAB, 0xAD, 0x5A, 0xD9, 0xBA, 0x55, 0x6D, 0x79, 0x6A, 0x48, 0xD5, 0x14, 0x30,
    0x80, 0x46, 0x58, 0x2A, 0x02, 0xB5, 0x26, 0x72, 0x8B, 0x9D, 0xA5, 0xFA, 0x6E, 0x8D, 0x3F, 0x38,
    0xD1, 0x96, 0x80, 0x59, 0x9F, 0x05, 0x40, 0x52, 0xDA, 0x09, 0xBE, 0x00, 0x86, 0x17, 0x31, 0xC2,
    0x88, 0x1E, 0xB3, 0xF4, 0x05, 0x0F, 0x25, 0xF0, 0xA4, 0x25, 0xA3, 0x1E, 0xA5, 0x13, 0x4D, 0x06,
    0x12, 0x4E, 0x34, 0x11, 0x43, 0x4B, 0x70, 0xEC, 0x44, 0xD3, 0x34, 0x05, 0xC4, 0xE4, 0x91, 0x27,
    0x89, 0xAD, 0x39, 0x21, 0x82, 0x2F, 0x58, 0x6D, 0x8C, 0x0B, 0xC5, 0xBF, 0xD0, 0x9C, 0xAD, 0x9A,
    0x61, 0xA4, 0x54, 0xA7, 0x54, 0xA6, 0x80, 0xF2, 0x42, 0x73, 0x97, 0xCF, 0x54, 0xA4, 0x5E, 0xA9,
    0x67, 0xE9, 0x89, 0x8A, 0xB3, 0xE1, 0x28, 0xE5, 0x68, 0x09, 0x7A, 0xE6, 0xFC, 0x32, 0x53, 0x66,
    0xCF, 0x3C, 0xFA, 0x53, 0x4D, 0xE7, 0xFA, 0xA1, 0x4E, 0xFA, 0x9F, 0x69, 0x43, 0x7E, 0x7E, 0x9C,
    0x1B, 0x63, 0x09, 0x48, 0x2A, 0x1C, 0xF7, 0x74, 0x1D, 0x95, 0x31, 0xC1, 0xC0, 0xC9, 0x34, 0x8A,
    0x9C, 0x04, 0x15, 0x3B, 0x05, 0x31, 0xAA, 0x2E, 0x5C, 0xB9, 0xBF, 0x54, 0x93, 0x6A, 0xC5, 0x88,
    0x60, 0xBC, 0x5A, 0x5B, 0x9D, 0x12, 0xF9, 0x7F, 0x8B, 0x8D, 0x3D, 0x63, 0xBE, 0xF8, 0xB7, 0xD9,
    0xC6, 0xF7, 0xA8, 0x1B, 0x28, 0x86, 0xCD, 0x57, 0x72, 0x9C, 0x6D, 0x76, 0xB4, 0x72, 0x1D, 0x22,
    0x9F, 0x16, 0x5D, 0x3A, 0xA0, 0x51, 0x25, 0x87, 0x2D, 0x11, 0xC1, 0x2B, 0xDE, 0xF4, 0xF0, 0xE2,
    0xBB, 0x8A, 0xDD, 0x1F, 0x9A, 0x2D, 0x73, 0x6E, 0xAD, 0x44, 0x23, 0xE7, 0x23, 0xEC, 0xEB, 0x3E,
    0xC9, 0x17, 0x7B, 0x95, 0x61, 0xBA, 0x7E, 0x9A, 0x4D, 0x1F, 0x15, 0x24, 0x5C, 0xA5, 0x99, 0x85,
    0x9F, 0xFC, 0x09, 0x6F, 0xA0, 0xF8, 0x2B, 0x43, 0xF0, 0xF4, 0x49, 0x35, 0xB4, 0x85, 0xE7, 0xE7,
    0x3E, 0x49, 0x45, 0x17, 0xC0, 0xE0, 0xBE, 0xE0, 0x3B, 0x17, 0x96, 0x7D, 0xE7, 0xC2, 0xB2, 0xED,
    0x5C, 0xD8, 0xF1, 0xF3, 0x73, 0x0A, 0xEF, 0xDF, 0x2A, 0x5C, 0x6D, 0x85, 0xB3, 0xCF, 0x37, 0xCA,
    0xD6, 0xDE, 0x17, 0x65, 0x6B, 0x2D, 0xCA, 0x66, 0x68, 0xC8, 0xC6, 0x51, 0xDF, 0x47, 0x70, 0xC4,
    0x0D, 0x33, 0x59, 0x8E, 0x22, 0x4D, 0x93, 0xD7, 0x61, 0xE3, 0xC6, 0xAC, 0x1B, 0x37, 0x0C, 0xAD,
    0x7C, 0x6D, 0x47, 0x01, 0xCC, 0xA1, 0xE4, 0xB3, 0x00, 0x2C, 0xA4, 0xDB, 0xAB, 0x0B, 0x5E, 0x55,
    0x24, 0x91, 0xDD, 0x40, 0x01, 0x3C, 0x6E, 0x22, 0x41, 0xB1, 0x30, 0x8E, 0x35, 0x96, 0xA4, 0x39,
    0x3A, 0xDD, 0xA5, 0xE0, 0x6C, 0x9B, 0x82, 0xED, 0x53, 0xB0, 0x8D, 0x0A, 0xB6, 0x53, 0xC1, 0xA4,
    0xAA, 0xED, 0x55, 0xB0, 0xCD, 0x0A, 0xB6, 0x5B, 0xC1, 0xB6, 0x2B, 0xD8, 0x7E, 0x05, 0xDB, 0xB0,
    0x60, 0x3B, 0x16, 0x6C, 0xCB, 0x82, 0xA9, 0x46, 0xDB, 0xB4, 0x60, 0x2A, 0xDB, 0xB6, 0x2D, 0xD8,
    0xBE, 0x05, 0x4B, 0x2F, 0x38, 0xB0, 0x70, 0x3D, 0xCD, 0x3F, 0x2F, 0x2D, 0xF9, 0xBC, 0xD4, 0xED,
    0x0B, 0x9A, 0x14, 0x52, 0x9C, 0xB0, 0xFC, 0x2E, 0xA6, 0x00, 0x4C, 0x56, 0x2F, 0xF1, 0xBC, 0x23,
    0xA0, 0xA7, 0x8E, 0x27, 0x2D, 0x88, 0x04, 0x9F, 0x38, 0x05, 0xF5, 0x8A, 0xEA, 0x15, 0xD6, 0x2B,
    0xAE, 0x57, 0x60, 0xAF, 0xC8, 0x5E, 0xA1, 0xBD, 0x62, 0x7B, 0x05, 0xF7, 0x8A, 0xEE, 0xCD, 0x21,
    0x8A, 0x9A, 0x11, 0xCC, 0x67, 0x1A, 0xCD, 0x66, 0x60, 0xD8, 0xDE, 0x5F, 0xA5, 0xC7, 0x28, 0xF0,
    0x2D, 0xB7, 0x45, 0x16, 0x68, 0x57, 0x26, 0x0A, 0x8C, 0xB0, 0xDD, 0x8E, 0xA9, 0x5B, 0xD2, 0xAE,
    0x0B, 0xF0, 0x6B, 0xCB, 0xE1, 0x1A, 0xB0, 0x2D, 0x51, 0xD6, 0xBF, 0xED, 0xD9, 0x8E, 0xEC, 0x8D,
    0x10, 0x3A, 0xCF, 0x45, 0xC1, 0x69, 0x2A, 0x6F, 0x9B, 0x19, 0xF2, 0xBB, 0x36, 0xE8, 0x37, 0xB8,
    0xA3, 0xCD, 0x35, 0x48, 0x95, 0xB5, 0xF3, 0x34, 0xE3, 0xAC, 0x68, 0x35, 0xC1, 0x97, 0xD6, 0xDE,
    0x09, 0x57, 0x73, 0x84, 0xF2, 0xC6, 0x6D, 0x49, 0x21, 0xCA, 0x6D, 0x01, 0x70, 0x07, 0x67, 0xA5,
    0x7B, 0xBF, 0x91, 0x95, 0x51, 0x68, 0x1C, 0xA9, 0x4C, 0xB8, 0xE3, 0x4D, 0xEC, 0x5D, 0xAC, 0xFA,
    0x64, 0x9D, 0xA5, 0xA2, 0x6C, 0x85, 0x5B, 0xB7, 0x98, 0x47, 0xA1, 0x57, 0x74, 0xEE, 0x8E, 0x98,
    0x85, 0x70, 0xC2, 0x85, 0x5E, 0x43, 0x0E, 0x98, 0x32, 0xE1, 0x0C, 0x2D, 0x2F, 0x47, 0x17, 0xD2,
    0x86, 0xB4, 0x50, 0x5A, 0x83, 0xE6, 0xC4, 0x6C, 0x58, 0xBB, 0xBE, 0x87, 0xF4, 0xF1, 0x43, 0xE4,
    0xDF, 0xAC, 0x7D, 0x13, 0xB6, 0xCD, 0xC3, 0x5E, 0x95, 0xA2, 0x40, 0x47, 0x4D, 0x99, 0x9D, 0x3D,
    0x52, 0x76, 0x71, 0x17, 0xFB, 0xA3, 0xCF, 0x25, 0x76, 0xAB, 0x11, 0xE2, 0xE1, 0x90, 0xF7, 0xAD,
    0x54, 0x65, 0xBA, 0xCE, 0x3F, 0xB7, 0xD3, 0x97, 0xCB, 0xF4, 0xCF, 0xEF, 0xC9, 0xF4, 0xAF, 0x5E,
    0x20, 0xD3, 0x5F, 0xAF, 0xCD, 0x8E, 0x32, 0xFD, 0x63, 0x66, 0xFA, 0x87, 0xCC, 0xF4, 0x77, 0x9A,
    0xE9, 0x5F, 0x30, 0xD3, 0x3F, 0x61, 0xA6, 0xBF, 0xE9, 0x9F, 0x00, 0x2D, 0x34, 0x0B, 0x51, 0xC5,
    0xAF, 0xAA, 0x6D, 0x5B, 0x9E, 0xC5, 0xC1, 0xEC, 0x2E, 0x96, 0x3D, 0x61, 0xFB, 0xD5, 0x85, 0x5A,
    0xA3, 0x43, 0xA8, 0xF5, 0x21, 0x35, 0x40, 0xBF, 0xB7, 0xE3, 0x7C, 0x17, 0x0C, 0xC5, 0xE6, 0xA3,
    0x66, 0x13, 0x72, 0xFA, 0x4E, 0xE0, 0x60, 0x2F, 0x90, 0x84, 0xBE, 0x62, 0x2A, 0x0B, 0xF6, 0xD0,
    0x4C, 0xF4, 0x86, 0x89, 0xE8, 0xD2, 0x25, 0x67, 0xEC, 0x92, 0xF7, 0xB6, 0x64, 0xF4, 0x64, 0x0E,
    0x69, 0xB3, 0x44, 0x8C, 0x57, 0xA9, 0x90, 0xA6, 0xA0, 0x69, 0xFE, 0xF1, 0x90, 0x8D, 0x9E, 0x13,
    0x46, 0xAB, 0xC3, 0xEA, 0x25, 0x69, 0xE2, 0x75, 0x47, 0x95, 0x4C, 0x0C, 0x7A, 0x56, 0x4A, 0x06,
    0x53, 0xE8, 0x2D, 0x18, 0x20, 0xAA, 0x83, 0x41, 0xB7, 0xD8, 0x41, 0x50, 0xA3, 0x0D, 0x55, 0xAD,
    0x7B, 0x13, 0x00, 0x9A, 0xF2, 0x2E, 0x65, 0x92, 0xEB, 0xDB, 0x3B, 0xFE, 0x4E, 0xC6, 0x33, 0xA2,
    0xFA, 0xF7, 0x08, 0x85, 0xE8, 0x39, 0x5B, 0x15, 0x1F, 0x75, 0xFB, 0xEB, 0x1E, 0xB4, 0x3B, 0x5F,
    0x9C, 0x26, 0xDC, 0x82, 0x92, 0xAA, 0xED, 0x77, 0xE8, 0xBD, 0x50, 0x2D, 0x18, 0x4C, 0xD0, 0xBD,
    0xF7, 0x3A, 0xEB, 0xBD, 0x27, 0x37, 0x7A, 0x6F, 0x66, 0xEF, 0xAD, 0xC7, 0xBD, 0xF7, 0xA3, 0x43,
    0xEF, 0x91, 0x1E, 0x44, 0xC3, 0xA7, 0xEF, 0xBD, 0x12, 0xBD, 0x37, 0xBE, 0x60, 0xEF, 0x0D, 0x6F,
    0x1F, 0x59, 0x2F, 0x57, 0xF7, 0x5B, 0x2F, 0x11, 0xA3, 0x6A, 0x4A, 0x3F, 0x59, 0xEF, 0xBD, 0x59,
    0x3B, 0x20, 0x6A, 0xDD, 0x01, 0xD1, 0x9A, 0x31, 0x7B, 0xCC, 0xB2, 0x13, 0xA6, 0x2A, 0xF2, 0x06,
    0x7B, 0x50, 0x32, 0x30, 0x4E, 0x2F, 0x27, 0x5F, 0xB8, 0x82, 0xDF, 0x19, 0x1B, 0xD7, 0xE0, 0xB8,
    0x46, 0xC7, 0x35, 0x3C, 0xAE, 0x4E, 0x28, 0x0B, 0x90, 0xAB, 0x22, 0x64, 0x88, 0x5C, 0x63, 0xE4,
    0x1A, 0x24, 0x57, 0x8B, 0xC4, 0xE9, 0x3E, 0x32, 0xC4, 0xC9, 0x1D, 0x02, 0xE5, 0x10, 0xFA, 0xA9,
    0x7F, 0x11, 0x54, 0x90, 0xBA, 0x37, 0x6B, 0x6F, 0x43, 0x7F, 0x60, 0x7B, 0x1A, 0xBB, 0xB1, 0xE4,
    0x84, 0x59, 0x12, 0xBB, 0xE2, 0x96, 0x8D, 0x85, 0x35, 0x83, 0xF5, 0x8E, 0xD1, 0x7A, 0xC7, 0xD0,
    0xFC, 0xFD, 0x74, 0x64, 0x5C, 0x77, 0xD1, 0x17, 0x83, 0xE9, 0xDB, 0xA5, 0x56, 0x53, 0x16, 0xCF,
    0xA3, 0x21, 0x27, 0x76, 0xAC, 0xAE, 0xFB, 0x8F, 0xED, 0x7D, 0xDB, 0xB9, 0x5B, 0xF9, 0xE5, 0x39,
    0xAF, 0x38, 0x7B, 0x01, 0xF6, 0x3D, 0x76, 0x89, 0xB7, 0x17, 0x30, 0x3C, 0x8E, 0xD5, 0x81, 0x65,
    0x1E, 0x2C, 0xEA, 0x35, 0x4D, 0xD4, 0xE6, 0x70, 0x0D, 0x2F, 0xCF, 0x2A, 0x4E, 0x8F, 0xBA, 0xD2,
    0xC9, 0x22, 0xFA, 0xC8, 0x69, 0x48, 0x64, 0xF3, 0xC9, 0xE7, 0x77, 0x78, 0xDD, 0xEF, 0xA3, 0xC7,
    0xDE, 0xF8, 0x0A, 0x8A, 0xCA, 0x4F, 0x7C, 0xDF, 0x50, 0xFD, 0x4A, 0xBC, 0xF1, 0x0F, 0xFD, 0xBB,
    0xDF, 0x64, 0x0C, 0x9C, 0x9E, 0xEA, 0x57, 0xF9, 0x9A, 0x2D, 0x06, 0x6B, 0xD4, 0x62, 0x65, 0x6C,
    0xD9, 0x0A, 0xEA, 0x42, 0x0F, 0x9E, 0x6D, 0x88, 0xAA, 0xD9, 0x12, 0x13, 0x12, 0xFA, 0x41, 0xF7,
    0xCF, 0xFF, 0xC5, 0x97, 0x18, 0xC0, 0xD4, 0x36, 0xE9, 0xA5, 0x4B, 0x67, 0xE3, 0x8D, 0x79, 0xAB,
    0x2F, 0xCA, 0x4B, 0x5D, 0x15, 0xB6, 0x00, 0xC2, 0xDB, 0xFB, 0xF1, 0xEF, 0xF8, 0xBC, 0x6E, 0x99,
    0xB8, 0xDF, 0xF8, 0xC9, 0x8F, 0x0B, 0x3F, 0xC9, 0xCC, 0xC3, 0x14, 0x7F, 0x15, 0x7F, 0xB9, 0x7F,
    0x2A, 0x15, 0x8A, 0x10, 0x63, 0x9E, 0x15, 0x23, 0xD6, 0x4E, 0x53, 0xBF, 0x64, 0xD8, 0x9E, 0xF2,
    0xC7, 0xD0, 0x86, 0x35, 0x5F, 0xCB, 0xDB, 0x1D, 0xF4, 0x26, 0xBE, 0x21, 0x27, 0x1A, 0x64, 0x88,
    0x92, 0x31, 0xB6, 0x94, 0x7D, 0xCD, 0x28, 0x7D, 0xFA, 0x60, 0x84, 0xF4, 0xED, 0x76, 0x09, 0x73,
    0xFB, 0xF3, 0x19, 0xEE, 0x08, 0x60, 0xEA, 0x9D, 0x82, 0xFA, 0xED, 0xE5, 0x76, 0x08, 0x3A, 0x53,
    0xC1, 0xA7, 0xF0, 0x75, 0x13, 0x7B, 0x6F, 0x85, 0xB3, 0xAD, 0x70, 0x2D, 0x05, 0x62, 0xBA, 0xC1,
    0x42, 0x22, 0xD1, 0x60, 0x96, 0x73, 0xD4, 0x16, 0x2D, 0xA1, 0x4B, 0xBA, 0x15, 0x32, 0x18, 0xC5,
    0x1A, 0x1E, 0x34, 0x54, 0x71, 0xB5, 0x15, 0x66, 0x3B, 0x44, 0xED, 0x13, 0x1B, 0xD4, 0x62, 0x3D,
    0x71, 0x67, 0x1A, 0x07, 0xEF, 0x2F, 0x68, 0x4D, 0xB7, 0x40, 0x5B, 0xF5, 0x30, 0xDD, 0xB4, 0x70,
    0xBD, 0x15, 0x46, 0x0D, 0x78, 0xF7, 0xA1, 0x06, 0x57, 0x12, 0xB1, 0xB7, 0x6A, 0xBE, 0x83, 0xA1,
    0xD7, 0x8E, 0x47, 0xD7, 0x5D, 0xAE, 0xEE, 0xF2, 0x19, 0xEA, 0xFF, 0x10, 0xBF, 0x0D, 0x99, 0x7F,
    0x9A, 0x0D, 0x79, 0x87, 0x4C, 0x91, 0x49, 0xBA, 0x71, 0xA1, 0x8C, 0x55, 0x93, 0x8D, 0x99, 0xB0,
    0x62, 0x1B, 0xFF, 0x06, 0x2C, 0xF4, 0x3A, 0x0B, 0x46, 0x32, 0xB3, 0xE6, 0x8B, 0x9A, 0xC6, 0x7C,
    0x55, 0xD2, 0x13, 0x53, 0xD5, 0x48, 0x8C, 0xFA, 0x6D, 0x79, 0x12, 0xB9, 0xCD, 0x59, 0xD1, 0x3F,
    0x2A, 0x9E, 0x85, 0x63, 0x2A, 0x12, 0x5F, 0x6E, 0x1B, 0xDA, 0x7B, 0x04, 0xB3, 0x3A, 0xA1, 0xA8,
    0x51, 0x39, 0xC3, 0xD7, 0x51, 0x3E, 0x4E, 0x74, 0x0F, 0x2D, 0x5F, 0xDF, 0xF8, 0xEC, 0x0D, 0x7A,
    0x47, 0xEB, 0x84, 0x88, 0x2C, 0xC2, 0x1E, 0x24, 0x21, 0x1D, 0x38, 0xCF, 0x90, 0x06, 0x5A, 0xC1,
    0x3F, 0x95, 0xF8, 0xFA, 0xF3, 0xCE, 0xFC, 0x79, 0x8B, 0x9B, 0x9A, 0xD8, 0xB6, 0xE4, 0x19, 0x1C,
    0x6D, 0x22, 0xC7, 0x90, 0xB6, 0xD1, 0x21, 0x46, 0x84, 0xE9, 0x8A, 0x3C, 0x18, 0x20, 0x05, 0xE6,
    0xE5, 0x77, 0xB4, 0x03, 0x6E, 0x1B, 0xC0, 0x46, 0x8B, 0xC3, 0x7B, 0xBC, 0x90, 0x3A, 0xAD, 0xA9,
    0xD4, 0x3B, 0x45, 0x73, 0x32, 0xD2, 0xBC, 0xD7, 0x6D, 0x7B, 0xF9, 0x3E, 0xAE, 0x55, 0x99, 0x50,
    0x4F, 0x47, 0xA6, 0x33, 0xF8, 0xFA, 0xDA, 0xDC, 0x16, 0xD7, 0x64, 0xCB, 0x98, 0x89, 0x69, 0x69,
    0x97, 0xCD, 0xEE, 0x5B, 0xF6, 0xF6, 0xBD, 0xC6, 0x1D, 0xEC, 0xDC, 0xBD, 0x1B, 0x5A, 0xFA, 0x81,
    0xAA, 0xD2, 0x76, 0xCF, 0x80, 0x54, 0x75, 0x0E, 0xEC, 0x9A, 0x76, 0x54, 0x4E, 0x27, 0x5B, 0x68,
    0xDC, 0x01, 0x64, 0xDD, 0x27, 0x42, 0xDE, 0xD0, 0x57, 0xBE, 0xC4, 0xDE, 0x82, 0x77, 0x3B, 0x7D,
    0xEE, 0xE7, 0x73, 0x8D, 0xDE, 0xC7, 0x7D, 0xA4, 0x6E, 0xEA, 0x64, 0x3E, 0x30, 0xFB, 0xF1, 0x0E,
    0x01, 0xFE, 0x66, 0xBF, 0xD3, 0xC3, 0xD2, 0xEB, 0xC2, 0x3D, 0xBD, 0x2E, 0x7C, 0xD1, 0xF4, 0xBA,
    0x57, 0xBF, 0x53, 0xE1, 0xFF, 0x43, 0xD0, 0xCF, 0x0F, 0x41, 0x37, 0x8A, 0x34, 0x8D, 0xDD, 0xB9,
    0x4C, 0xBE, 0x00, 0xAF, 0xC2, 0x60, 0x5A, 0xD8, 0x81, 0xDC, 0xF7, 0x79, 0x7D, 0xF6, 0x4B, 0x5C,
    0x13, 0x30, 0x05, 0x33, 0x5D, 0x29, 0xD1, 0x4C, 0x91, 0x1F, 0x0D, 0x95, 0xC6, 0xDA, 0xF4, 0x85,
    0x75, 0xEA, 0x0B, 0xFE, 0x52, 0xD0, 0x7E, 0x21, 0x47, 0xCC, 0xE5, 0x70, 0x52, 0x14, 0x70, 0x66,
    0x34, 0xD8, 0x10, 0xB7, 0x48, 0x4F, 0x04, 0x13, 0x42, 0x3E, 0xC3, 0x3B, 0xA8, 0x06, 0x21, 0xA3,
    0x72, 0x78, 0x9D, 0x47, 0xF1, 0x7F, 0x00, 0xE5, 0x5B, 0x3F, 0x8F, 0xDC, 0xC6, 0x15, 0x7F, 0x9C,
    0xB1, 0x45, 0x45, 0x4C, 0x8E, 0x2E, 0xAE, 0x30, 0x74, 0x86, 0xE8, 0xC2, 0x85, 0x8A, 0xE4, 0xE8,
    0x42, 0x85, 0x8B, 0x3B, 0x71, 0x01, 0x07, 0x50, 0x91, 0x26, 0x80, 0xBF, 0x80, 0x80, 0x7C, 0x00,
    0x5F, 0xE9, 0xE2, 0x64, 0xCE, 0xB9, 0x71, 0x19, 0x01, 0xF9, 0x02, 0x2A, 0x52, 0x07, 0x2A, 0x5C,
    0xA8, 0x50, 0x8E, 0x84, 0x5D, 0xB8, 0x5D, 0x7F, 0x03, 0x0A, 0xF0, 0x07, 0xA0, 0x1D, 0x16, 0x0B,
    0x84, 0xE4, 0xE4, 0xFD, 0x19, 0xFE, 0xD9, 0xBB, 0xD5, 0xE9, 0x64, 0xDD, 0xDD, 0xEE, 0x32, 0x8B,
    0xC5, 0xCC, 0x2E, 0xC9, 0x7D, 0x33, 0xF3, 0xFB, 0xCD, 0xBC, 0x79, 0xEF, 0xCD, 0x5B, 0x00, 0x5D,
    0x02, 0xBD, 0xF4, 0x82, 0xAB, 0xA0, 0xE6, 0x2A, 0x74, 0x55, 0xCB, 0xD5, 0xBE, 0xE5, 0xEA, 0xC0,
    0xCE, 0xB8, 0xCA, 0x0C, 0x55, 0x2F, 0x92, 0x9C, 0xAA, 0x32, 0x99, 0x73, 0x15, 0x17, 0x58, 0xAA,
    0x22, 0x24, 0x69, 0x3A, 0x0F, 0x2B, 0xAE, 0x02, 0x12, 0x1A, 0x18, 0x4D, 0xD2, 0x42, 0xD0, 0x0D,
    0x55, 0xD6, 0x92, 0xD0, 0xD8, 0x5A, 0x12, 0x7A, 0x00, 0x40, 0x42, 0xB1, 0x22, 0xA1, 0x2F, 0x00,
    0x48, 0x28, 0x8A, 0x20, 0xA1, 0x58, 0xA1, 0x50, 0x85, 0x72, 0x51, 0x68, 0x66, 0x8D, 0x6F, 0xAD,
    0xB1, 0x36, 0x47, 0x01, 0xDC, 0xF0, 0xF8, 0x15, 0x14, 0x5C, 0xC5, 0x15, 0x57, 0xC9, 0x62, 0xFC,
    0x4D, 0xEE, 0xC5, 0xD8, 0xA8, 0xB2, 0x76, 0x8E, 0xB2, 0xA2, 0x12, 0xA2, 0xB9, 0x5F, 0x61, 0x53,
    0x38, 0xE6, 0x98, 0x3A, 0xF7, 0x3E, 0x70, 0x0F, 0xF7, 0xB0, 0x08, 0x6C, 0x0D, 0x9E, 0xFD, 0x47,
    0x0D, 0x61, 0x85, 0xD7, 0xF0, 0x11, 0x2C, 0xE8, 0x91, 0x74, 0x46, 0x85, 0xF1, 0xF1, 0x6B, 0x91,
    0x36, 0x1F, 0x44, 0xF6, 0x17, 0x5B, 0x2A, 0x6B, 0xD2, 0x71, 0x57, 0x74, 0xD5, 0x21, 0x37, 0x14,
    0x7C, 0x0D, 0x6E, 0x19, 0xE9, 0x8A, 0xC3, 0xB8, 0xE1, 0xCA, 0x3B, 0x95, 0x9F, 0xFD, 0x49, 0xBE,
    0x09, 0xE2, 0xDE, 0xD3, 0xF1, 0xB8, 0xB6, 0x92, 0x1B, 0x45, 0x3D, 0x09, 0xCA, 0xAE, 0xC3, 0x1E,
    0x8F, 0xF6, 0x21, 0x15, 0x87, 0xDD, 0x38, 0xBD, 0x02, 0xCE, 0xBD, 0xAE, 0x95, 0x21, 0x4F, 0x08,
    0xF0, 0xA5, 0xDD, 0xB0, 0x60, 0x6C, 0x13, 0xC3, 0x68, 0x1E, 0xF0, 0x9C, 0x11, 0x18, 0x9B, 0x88,
    0x10, 0xD3, 0x85, 0xA2, 0xEE, 0x7B, 0x00, 0x1F, 0x6F, 0x3B, 0x19, 0x24, 0xBC, 0x1B, 0x71, 0x44,
    0x9F, 0x12, 0x1A, 0xC8, 0x4B, 0xEA, 0xF8, 0xC7, 0x6E, 0xD4, 0x34, 0x66, 0x1E, 0xF1, 0x99, 0xF1,
    0x5E, 0x37, 0x2D, 0x66, 0x58, 0x34, 0xD8, 0x84, 0xE0, 0x08, 0x56, 0x50, 0x8E, 0x1C, 0xAE, 0x8E,
    0x96, 0x76, 0x62, 0xB4, 0xEC, 0xF3, 0xD8, 0xA8, 0x37, 0x31, 0x75, 0x22, 0xA0, 0x2E, 0xA8, 0x92,
    0x5A, 0xF9, 0x9B, 0xE5, 0x36, 0xF0, 0x6A, 0xF2, 0x08, 0xFB, 0xB0, 0x00, 0xA4, 0x6A, 0x06, 0xB7,
    0xCF, 0xD1, 0x12, 0x58, 0x6C, 0x2F, 0xB3, 0x15, 0x12, 0x80, 0xD0, 0xFA, 0x15, 0xAE, 0x32, 0x6C,
    0xA5, 0x25, 0x6D, 0x67, 0xC1, 0x9B, 0x01, 0x89, 0xB9, 0x65, 0x99, 0x3A, 0x80, 0xF4, 0x67, 0x4B,
    0x9D, 0xB7, 0xF4, 0x88, 0xA5, 0xB9, 0x60, 0x91, 0x48, 0x2A, 0x0A, 0x0F, 0xBF, 0x2E, 0x22, 0xFB,
    0x67, 0xDF, 0xD6, 0x69, 0x0D, 0x59, 0x11, 0x31, 0x98, 0x3F, 0x3B, 0x2E, 0x5C, 0x25, 0x3A, 0x8E,
    0x67, 0x8F, 0x2E, 0x65, 0x3A, 0xD5, 0xF1, 0x8C, 0xD9, 0xB9, 0x3F, 0xD1, 0x45, 0xF3, 0x57, 0x9E,
    0x75, 0x3C, 0x7A, 0xEA, 0x4E, 0xD6, 0x2F, 0x24, 0x2C, 0x74, 0x19, 0x1A, 0x1C, 0xC2, 0xC3, 0x35,
    0x2F, 0x9F, 0xEE, 0x65, 0x67, 0x44, 0x82, 0xB6, 0xD5, 0x57, 0xA4, 0xE0, 0xBE, 0xB1, 0x04, 0xD1,
    0x1D, 0x10, 0xDC, 0x96, 0x49, 0x88, 0x64, 0xDF, 0xC9, 0x18, 0x61, 0xBD, 0xF0, 0xE9, 0x2A, 0x2A,
    0xEB, 0xA3, 0xED, 0xA7, 0xCB, 0xC1, 0xA0, 0x6D, 0xF9, 0x95, 0x40, 0x70, 0x07, 0x92, 0x7C, 0x3C,
    0x24, 0x1E, 0x42, 0x42, 0xD2, 0x85, 0x2E, 0x8F, 0xE9, 0xFA, 0xE0, 0x86, 0x98, 0x72, 0xA8, 0x2E,
    0xEB, 0xB4, 0x09, 0xAE, 0x9A, 0xB7, 0xB4, 0xC9, 0x78, 0xE4, 0xFE, 0x62, 0xA0, 0x07, 0x8B, 0xD3,
    0xC8, 0x80, 0x57, 0xF9, 0xC8, 0xD1, 0x1C, 0x1B, 0x53, 0xEB, 0x59, 0x52, 0x17, 0x99, 0x72, 0x70,
    0x4B, 0x9E, 0x08, 0x65, 0xFB, 0x4A, 0x5C, 0x25, 0x17, 0xFF, 0x2D, 0x15, 0x3F, 0xA8, 0x4F, 0xE6,
    0xB4, 0xB2, 0x14, 0x8D, 0x03, 0x5F, 0x0B, 0x56, 0xF2, 0x90, 0xB2, 0x3E, 0x81, 0xB0, 0x39, 0x6F,
    0x00, 0x6D, 0x29, 0xEB, 0x8C, 0x47, 0x64, 0x3A, 0x2C, 0x52, 0xFA, 0x5A, 0x3B, 0x14, 0x18, 0x03,
    0x66, 0x52, 0xC6, 0xCF, 0xA3, 0x8F, 0x56, 0x8D, 0xFD, 0x9A, 0x89, 0xDD, 0x95, 0x16, 0x9E, 0x48,
    0x95, 0x4A, 0xC5, 0x1B, 0x30, 0x8E, 0x49, 0x88, 0xD7, 0x8C, 0x9E, 0x36, 0xC5, 0xF3, 0xFF, 0x03,
    0xD6, 0x76, 0x7B, 0x34, 0xD2, 0x1E, 0x09, 0xC6, 0x81, 0x50, 0xD0, 0x27, 0xC5, 0x91, 0x43, 0x60,
    0xBD, 0xAC, 0xBD, 0xD9, 0x6D, 0x52, 0x27, 0x35, 0x2D, 0x32, 0xFD, 0xD3, 0x53, 0x47, 0x57, 0x31,
    0xA2, 0x2B, 0x9A, 0x0C, 0x5D, 0x0C, 0x84, 0x48, 0xAF, 0x7B, 0x08, 0x3A, 0x6F, 0x4A, 0x9D, 0x3C,
    0x3D, 0x22, 0xBB, 0x04, 0xB7, 0x34, 0xA6, 0x2B, 0x5B, 0x17, 0x5D, 0xBD, 0x41, 0xF2, 0xE1, 0x1B,
    0x0C, 0x12, 0xEE, 0x2C, 0x76, 0x7E, 0x21, 0xFE, 0x58, 0x36, 0x35, 0xBA, 0x46, 0x06, 0x49, 0x75,
    0xCE, 0x20, 0xC1, 0xC1, 0x3F, 0x3F, 0xB7, 0xBA, 0xC2, 0x9B, 0xA7, 0x4B, 0x19, 0xB6, 0xFC, 0x74,
    0xAF, 0xE9, 0xA6, 0xB9, 0x74, 0xDE, 0xD6, 0x2A, 0x61, 0x93, 0x43, 0x1B, 0xF8, 0xCE, 0x59, 0x20,
    0x0B, 0x8A, 0x64, 0xB0, 0xA0, 0x94, 0xDA, 0x77, 0xA3, 0x86, 0x8D, 0xB2, 0x4A, 0x52, 0x4B, 0x50,
    0x51, 0x69, 0xD9, 0x6B, 0x4B, 0x5E, 0x53, 0xDE, 0xEB, 0x7C, 0x3A, 0xF4, 0xFA, 0xB8, 0x8C, 0x46,
    0x65, 0x4C, 0x25, 0x43, 0xED, 0x4A, 0xB9, 0xE2, 0xEE, 0x86, 0x30, 0xFC, 0xD6, 0x95, 0x68, 0x01,
    0x9D, 0x29, 0x23, 0x2E, 0x63, 0xC3, 0x3D, 0x71, 0xE5, 0x32, 0x4A, 0x21, 0x4F, 0x81, 0x84, 0x27,
    0x52, 0x52, 0x0D, 0x9F, 0xF9, 0xFA, 0xE0, 0xD3, 0x36, 0xE8, 0xCE, 0x22, 0x1B, 0x09, 0x39, 0x9D,
    0x89, 0x41, 0xBB, 0x02, 0x0B, 0x14, 0x96, 0xA7, 0x2C, 0x97, 0xE6, 0x56, 0x6A, 0xBA, 0x82, 0x27,
    0x17, 0x4F, 0xAD, 0x18, 0x35, 0xE0, 0x0C, 0x41, 0xF1, 0x8D, 0xC6, 0xA7, 0x68, 0x1C, 0x08, 0xD0,
    0x9E, 0x5D, 0x8A, 0xA8, 0x71, 0xF8, 0x49, 0xD3, 0x18, 0x7C, 0xDB, 0x7D, 0x92, 0xD0, 0xDB, 0x5D,
    0xA1, 0x51, 0xA2, 0x85, 0xDC, 0xA9, 0x5B, 0x8B, 0xC1, 0x9A, 0xF3, 0xE5, 0xCA, 0xAC, 0x93, 0xB3,
    0xD1, 0x90, 0x73, 0xB4, 0x4B, 0xF5, 0x23, 0x85, 0x8C, 0xB7, 0x77, 0x2E, 0xE8, 0xEB, 0xD7, 0xBC,
    0x28, 0xE1, 0x82, 0x98, 0xC2, 0x55, 0xE3, 0x8F, 0x46, 0xFE, 0x03, 0x5A, 0xD0, 0x33, 0xD4, 0x38,
    0x87, 0xD1, 0x2B, 0xC4, 0xF2, 0x33, 0x8D, 0x4B, 0x05, 0x3E, 0x95, 0xAE, 0x0D, 0xAF, 0x8D, 0x86,
    0x35, 0x31, 0x77, 0xF0, 0xF1, 0x72, 0x07, 0xBC, 0x57, 0xCD, 0x01, 0xA8, 0x1C, 0xB5, 0x87, 0x32,
    0x61, 0xB1, 0x5A, 0x1F, 0x5C, 0xEB, 0x64, 0x16, 0x1F, 0x84, 0x8D, 0x6E, 0xB6, 0xBA, 0xC3, 0xBC,
    0xE5, 0xA5, 0x44, 0x93, 0xD4, 0x8A, 0x56, 0x20, 0xC1, 0xA1, 0x09, 0x50, 0xDE, 0x7B, 0x00, 0x66,
    0x1B, 0xE0, 0x05, 0x56, 0xE4, 0xA2, 0xE4, 0x38, 0x7C, 0x4C, 0x06, 0x69, 0x1D, 0xD3, 0x24, 0xBE,
    0xED, 0x62, 0x62, 0xE9, 0xA3, 0xD2, 0xC5, 0xC4, 0xCC, 0x85, 0x31, 0xB1, 0x2B, 0x86, 0x5C, 0x8D,
    0x74, 0x17, 0xF7, 0x0C, 0xD5, 0x39, 0x5B, 0xCB, 0xC7, 0xA2, 0xBD, 0x04, 0xF2, 0xC5, 0x00, 0xF9,
    0xED, 0xED, 0x80, 0xFC, 0xB0, 0x77, 0x5D, 0x19, 0x84, 0x70, 0x08, 0x43, 0x7E, 0xD1, 0x87, 0x21,
    0xD7, 0x04, 0x39, 0x01, 0x2A, 0x25, 0x2B, 0x67, 0xD1, 0x63, 0xEC, 0xAC, 0x84, 0x79, 0xC4, 0x73,
    0xBD, 0x66, 0xE0, 0x9F, 0x6D, 0xEB, 0x5C, 0xDF, 0xED, 0xFD, 0xAE, 0x0E, 0x08, 0xDC, 0x88, 0x4A,
    0xB7, 0x08, 0x6A, 0x5D, 0xE0, 0x90, 0x29, 0xCC, 0xB8, 0x5E, 0x0A, 0x18, 0xFA, 0x06, 0x9E, 0xD1,
    0x5C, 0xF8, 0x09, 0x15, 0xDD, 0xBD, 0x80, 0xFA, 0x73, 0xBF, 0x8B, 0x0C, 0x0F, 0xDE, 0x73, 0x4A,
    0x8B, 0x56, 0xB5, 0x2D, 0x1F, 0x35, 0x50, 0xA4, 0xF8, 0x77, 0xE0, 0xE5, 0x5B, 0xA2, 0x74, 0x08,
    0x07, 0x52, 0xEC, 0x8B, 0x7B, 0x68, 0x96, 0xE3, 0xE0, 0x95, 0x91, 0x28, 0x78, 0x17, 0xC8, 0xD0,
    0xA3, 0xB5, 0x50, 0x91, 0x39, 0xC0, 0x21, 0xF9, 0xF7, 0x6E, 0x88, 0x03, 0xC1, 0x77, 0xAC, 0x67,
    0xAA, 0xAD, 0xD3, 0x33, 0x6F, 0x61, 0x03, 0xC2, 0xA2, 0x3B, 0x32, 0x1C, 0x60, 0x8F, 0xFF, 0x82,
    0x53, 0xEF, 0x89, 0x57, 0xD1, 0xD2, 0x38, 0x5E, 0xCF, 0x22, 0xB8, 0xD0, 0x74, 0xFC, 0x27, 0x43,
    0x81, 0x3D, 0xC5, 0x26, 0xD1, 0xBB, 0x8B, 0x67, 0x70, 0x5F, 0x18, 0x69, 0xF1, 0x0D, 0x42, 0xC7,
    0x3B, 0xBC, 0x53, 0xDB, 0xA0, 0x1C, 0x35, 0x03, 0x74, 0x29, 0xD0, 0xFD, 0xF0, 0x70, 0x91, 0xED,
    0x73, 0xF8, 0xE3, 0xE5, 0xE8, 0x1C, 0xF5, 0x98, 0x6E, 0x59, 0x7E, 0xEB, 0xCB, 0xBD, 0x53, 0xF2,
    0x91, 0xE6, 0x57, 0xDB, 0x49, 0xD7, 0x99, 0x53, 0xF4, 0x70, 0x8C, 0xB2, 0x39, 0x96, 0xF8, 0x19,
    0x37, 0x74, 0x44, 0x16, 0x3D, 0x5C, 0x2C, 0x5D, 0x0C, 0x15, 0xDE, 0xB5, 0xDB, 0xD0, 0x79, 0xA2,
    0x41, 0x43, 0xAE, 0x27, 0x96, 0xEC, 0x95, 0xC6, 0xAD, 0x6C, 0x16, 0x1C, 0x73, 0x88, 0x2A, 0x8E,
    0x18, 0xA1, 0xBB, 0x88, 0x8E, 0x9B, 0x67, 0x99, 0x69, 0xDA, 0x4D, 0xD0, 0x47, 0x24, 0x6F, 0x33,
    0x5C, 0xD0, 0x27, 0x40, 0x87, 0x8B, 0x74, 0x2F, 0x6A, 0xB9, 0x04, 0xC1, 0xD4, 0xAD, 0x54, 0x96,
    0xA7, 0x85, 0xEA, 0x2B, 0x72, 0xC3, 0x86, 0x6A, 0xF9, 0x5E, 0xF7, 0x03, 0xF9, 0xB9, 0x13, 0xE6,
    0x44, 0x87, 0xD2, 0x10, 0x35, 0x8B, 0x4A, 0x45, 0x59, 0x99, 0x73, 0xD2, 0x25, 0x74, 0x3B, 0xFD,
    0x86, 0x67, 0x13, 0x77, 0x17, 0xBE, 0x6C, 0xC7, 0xC8, 0xF8, 0x4B, 0x67, 0x06, 0xCB, 0x95, 0xDC,
    0x73, 0x73, 0x1E, 0xA5, 0xB7, 0x28, 0x18, 0xED, 0x92, 0xD4, 0x44, 0x05, 0xC4, 0x73, 0x6C, 0x21,
    0x2C, 0xB9, 0x48, 0xBB, 0xA2, 0xC2, 0xE9, 0x8E, 0x05, 0x7D, 0x1A, 0xEE, 0xF2, 0xC3, 0x21, 0xFD,
    0x8C, 0x05, 0xB0, 0x28, 0x11, 0xBA, 0x6A, 0xCE, 0xEB, 0x33, 0xEE, 0x92, 0x73, 0x85, 0x82, 0x6A,
    0xDC, 0x31, 0xCF, 0x05, 0xC0, 0x0F, 0xE4, 0xDB, 0x62, 0x9C, 0xD2, 0x30, 0x01, 0x6E, 0xDE, 0xCD,
    0xAF, 0xBA, 0x1E, 0xA2, 0x5C, 0x66, 0x83, 0xC4, 0xA9, 0x41, 0xCE, 0x94, 0xBA, 0xCC, 0x86, 0xE3,
    0xE1, 0xB8, 0xC9, 0x6B, 0xE4, 0xFC, 0x56, 0x8E, 0x9B, 0xBA, 0x73, 0x95, 0x69, 0xAC, 0x97, 0x37,
    0x79, 0x0D, 0xC9, 0x65, 0xEC, 0xA7, 0x6B, 0x60, 0xC7, 0x2C, 0x45, 0xCD, 0x5C, 0xE0, 0xA8, 0x5D,
    0x95, 0xE0, 0xE0, 0x35, 0xF1, 0x24, 0xD9, 0x79, 0xB8, 0xEC, 0x60, 0x04, 0xAB, 0x1C, 0x8C, 0x75,
    0xB1, 0x73, 0x36, 0xCF, 0xC1, 0x73, 0x17, 0x5D, 0x9E, 0x83, 0x2F, 0x4B, 0x48, 0x3A, 0x6F, 0x3F,
    0x9B, 0xF6, 0x12, 0xDA, 0xED, 0x8F, 0x32, 0x49, 0xE4, 0x85, 0xCE, 0xC8, 0x1A, 0xE9, 0x72, 0x64,
    0x49, 0xBA, 0x43, 0x41, 0xA7, 0x0B, 0xC1, 0xE7, 0xEE, 0x74, 0x61, 0x39, 0x4C, 0xBA, 0x2A, 0xDD,
    0xA1, 0x62, 0xE5, 0xA0, 0x67, 0xF0, 0x18, 0x26, 0x64, 0x28, 0x88, 0xE7, 0x52, 0x93, 0xE7, 0x92,
    0x91, 0xE7, 0x12, 0xFE, 0x46, 0xCF, 0xE5, 0x3A, 0x08, 0x5B, 0x95, 0xF5, 0x30, 0xE5, 0x6D, 0xE8,
    0x92, 0x66, 0x1B, 0x5B, 0x08, 0xAF, 0xF5, 0x70, 0xAA, 0x37, 0x78, 0x38, 0x6B, 0xB2, 0xF6, 0x20,
    0x90, 0x05, 0x16, 0x8B, 0x99, 0xC1, 0xF9, 0x50, 0xE8, 0xEF, 0xF3, 0x19, 0x24, 0xF6, 0x25, 0x13,
    0x13, 0xA8, 0x3B, 0x57, 0x17, 0x4A, 0x63, 0xA1, 0x74, 0x5F, 0x28, 0x95, 0x83, 0x1B, 0x84, 0x6C,
    0x7B, 0x28, 0x95, 0xFC, 0x14, 0xB6, 0x29, 0xCA, 0x2E, 0x55, 0xAF, 0x4F, 0x6F, 0xC0, 0x9B, 0x15,
    0x1A, 0x5F, 0x6C, 0x0D, 0x0A, 0x46, 0x5C, 0xBC, 0x14, 0x86, 0x11, 0x58, 0x3A, 0x89, 0xB2, 0xF9,
    0xD5, 0xB3, 0xE5, 0xF2, 0x25, 0xDD, 0xAC, 0x73, 0x04, 0xC6, 0x05, 0x53, 0x81, 0x4E, 0x50, 0x26,
    0x6E, 0xD5, 0xB4, 0xA8, 0x38, 0x1C, 0x32, 0x15, 0x88, 0x84, 0xA8, 0xE8, 0x88, 0x11, 0xE4, 0x0F,
    0x09, 0x94, 0x3F, 0xDC, 0x3C, 0x15, 0xAF, 0xF3, 0x81, 0x0E, 0xC5, 0x07, 0xCA, 0xC4, 0x07, 0x4A,
    0xC5, 0x07, 0x9A, 0x08, 0x15, 0x17, 0xF9, 0x40, 0x88, 0xC3, 0xD7, 0x74, 0xEB, 0xC5, 0x4D, 0xB2,
    0xE0, 0xB5, 0xF0, 0x7B, 0xEE, 0x65, 0xFE, 0x47, 0xEA, 0xC4, 0xA3, 0xEA, 0x18, 0xE1, 0xDF, 0xF1,
    0x6C, 0x89, 0xF0, 0x7F, 0x84, 0x3F, 0x9A, 0xD6, 0x4A, 0xE8, 0xCF, 0xA0, 0xC0, 0x9D, 0x41, 0xD5,
    0x95, 0x32, 0xC1, 0xAF, 0x37, 0x3E, 0xF5, 0xBB, 0x45, 0x09, 0xA2, 0x70, 0x26, 0xA7, 0xFB, 0x2F,
    0xBF, 0x9D, 0x8B, 0x46, 0x56, 0xEB, 0x60, 0xE0, 0xE2, 0x5D, 0x3B, 0xA3, 0xB8, 0x9E, 0x2D, 0xA4,
    0x9A, 0x2B, 0x1C, 0xEB, 0xFB, 0x95, 0xEC, 0x1B, 0x25, 0x07, 0x11, 0xAF, 0xB9, 0xB2, 0xE2, 0x42,
    0x58, 0xD9, 0x47, 0xB1, 0x75, 0x74, 0x23, 0x28, 0x48, 0xEA, 0x53, 0xCE, 0x4B, 0xC1, 0x6E, 0x7A,
    0xDC, 0x78, 0xA4, 0x3E, 0x5C, 0xA2, 0x87, 0xB2, 0x96, 0x15, 0x69, 0xBC, 0x34, 0x3C, 0x25, 0x41,
    0x24, 0x5F, 0x68, 0x09, 0xDA, 0xF1, 0x37, 0xB9, 0xB7, 0x4B, 0x89, 0xBC, 0x49, 0x0D, 0xD9, 0xC2,
    0x95, 0xC8, 0x85, 0xBE, 0x8A, 0x12, 0x47, 0x12, 0x61, 0x0B, 0xF6, 0x84, 0x40, 0xB7, 0xF6, 0x3F,
    0x0D, 0x59, 0xB1, 0x3F, 0xE0, 0x10, 0xC2, 0x46, 0x9D, 0xCD, 0x2C, 0xB9, 0x38, 0xA8, 0x4D, 0x27,
    0x28, 0x00, 0x02, 0x0D, 0x0D, 0x54, 0xF6, 0x8D, 0xD8, 0x85, 0x6E, 0x96, 0x52, 0x48, 0x1F, 0x0C,
    0x32, 0xB7, 0x9C, 0xC0, 0x4F, 0x46, 0x49, 0x96, 0x29, 0xC3, 0xB0, 0x37, 0xA4, 0xFD, 0x72, 0xB6,
    0x4E, 0x67, 0x56, 0xEE, 0x0C, 0x63, 0x5E, 0x1F, 0x99, 0x9E, 0xEC, 0xE2, 0xBE, 0x2C, 0xEE, 0xA8,
    0x62, 0x47, 0x31, 0xCD, 0x69, 0x25, 0xA1, 0xB5, 0x4E, 0x15, 0xE5, 0x46, 0xBA, 0x28, 0xCE, 0x4B,
    0xA9, 0x16, 0xC2, 0x4D, 0x29, 0x95, 0xD9, 0xBE, 0x35, 0x76, 0x0C, 0xFD, 0x1F, 0x1D, 0x38, 0xE7,
    0x4A, 0xD2, 0xB1, 0x71, 0xD6, 0x92, 0x84, 0x78, 0x46, 0xC9, 0x0D, 0x87, 0x1C, 0x56, 0xFB, 0xD4,
    0xB9, 0x73, 0xBA, 0x80, 0xEE, 0xAF, 0x10, 0xE0, 0x9B, 0xBB, 0x35, 0xDC, 0x6D, 0x1D, 0x51, 0x7B,
    0x35, 0xEC, 0x5D, 0x09, 0x5D, 0xE7, 0x89, 0x4A, 0xC7, 0x44, 0x3D, 0x74, 0x1B, 0x8D, 0x2C, 0x40,
    0x5A, 0x65, 0x8F, 0x39, 0x2D, 0x8B, 0xD5, 0x60, 0x26, 0x55, 0x30, 0x31, 0xA2, 0x44, 0x45, 0x48,
    0xAA, 0x49, 0x58, 0x8E, 0xC2, 0x89, 0x2D, 0x4B, 0x48, 0xF8, 0x56, 0x60, 0x88, 0x28, 0x65, 0x36,
    0x85, 0xA8, 0xF3, 0x4A, 0xEF, 0x31, 0x2B, 0x3D, 0x61, 0x48, 0xAA, 0x44, 0x88, 0x7A, 0x30, 0x99,
    0x15, 0xB5, 0x4A, 0xE9, 0xD1, 0x6F, 0x55, 0x49, 0x14, 0xA9, 0x82, 0x28, 0x0A, 0x72, 0xA2, 0x68,
    0x67, 0x03, 0x28, 0x4A, 0x72, 0x4D, 0x3D, 0xB5, 0x95, 0x3F, 0x7B, 0x0C, 0xEA, 0x55, 0x1B, 0x22,
    0x29, 0x3A, 0x4F, 0x5A, 0xAA, 0x66, 0x68, 0x9E, 0x4D, 0x6B, 0x11, 0x95, 0x94, 0x92, 0x10, 0x35,
    0xEA, 0xC7, 0x39, 0x1C, 0x24, 0xDF, 0xFE, 0xBD, 0x80, 0x07, 0x81, 0x45, 0x3E, 0x8E, 0x54, 0xB3,
    0x31, 0x4B, 0x06, 0x40, 0xE2, 0x93, 0xFD, 0xDF, 0x81, 0xEB, 0x21, 0x9A, 0x37, 0xA1, 0x6D, 0xE7,
    0xB2, 0xA6, 0x1D, 0x7D, 0x9F, 0x0F, 0xAA, 0xCF, 0xE5, 0x5E, 0x6D, 0x10, 0x59, 0x97, 0x33, 0xFF,
    0x9E, 0xB8, 0x84, 0xF0, 0x41, 0x29, 0x70, 0xD6, 0xB3, 0xFB, 0x6B, 0x34, 0xA5, 0x64, 0x8C, 0x5F,
    0x89, 0x6D, 0xD1, 0x77, 0x4A, 0x6C, 0xA3, 0x6D, 0x4B, 0x50, 0xA3, 0x73, 0x8D, 0xB0, 0x45, 0x1C,
    0x75, 0x3B, 0xE4, 0x08, 0xFD, 0x01, 0x87, 0xE8, 0xBF, 0x63, 0x31, 0xA4, 0x4F, 0x6A, 0x32, 0xA6,
    0x74, 0xA3, 0xD9, 0x2F, 0xE2, 0xBD, 0xC2, 0xF2, 0x81, 0x64, 0xF6, 0x2F, 0x96, 0xC7, 0x93, 0x27,
    0x5E, 0x0C, 0x9B, 0xC7, 0x5B, 0x96, 0x01, 0x1A, 0xA1, 0x4C, 0x65, 0xE9, 0x0C, 0x36, 0x66, 0x43,
    0x12, 0xB7, 0xEB, 0xDE, 0x7E, 0x48, 0x7A, 0x7B, 0x4E, 0x99, 0x95, 0x19, 0x91, 0x28, 0xC5, 0xB6,
    0x99, 0x7D, 0x9A, 0x35, 0xA8, 0x59, 0xF4, 0x1C, 0x7F, 0xEA, 0x53, 0xF6, 0x33, 0xEE, 0x04, 0x2D,
    0x05, 0x0F, 0x39, 0xCB, 0x24, 0x9B, 0xD1, 0x08, 0xF3, 0x03, 0x2A, 0x5E, 0x50, 0xA0, 0xA7, 0xA4,
    0x3E, 0x50, 0xBB, 0xBF, 0xD2, 0x1F, 0x53, 0xFE, 0x4B, 0x7F, 0xA6, 0x63, 0xA7, 0xDF, 0xF6, 0x07,
    0x37, 0xA7, 0xFD, 0x81, 0x33, 0x1D, 0xD2, 0xC0, 0xF3, 0xEE, 0x44, 0x50, 0x51, 0xD8, 0xFB, 0x5B,
    0x43, 0xED, 0x76, 0xA9, 0x33, 0x9C, 0xDC, 0xBB, 0xD1, 0xF0, 0xAE, 0xC8, 0x55, 0x8F, 0x58, 0x72,
    0x5C, 0x0F, 0x9F, 0xE9, 0xFA, 0x8D, 0x83, 0x79, 0x8A, 0x60, 0x7E, 0x63, 0x67, 0xD6, 0xE2, 0x4F,
    0x6C, 0x8D, 0x2A, 0x07, 0xC1, 0xA4, 0xA7, 0xD5, 0xF9, 0x2C, 0xBD, 0x2F, 0x65, 0x49, 0x8C, 0xFE,
    0x11, 0xF7, 0x6C, 0x2B, 0xE6, 0xB6, 0x6C, 0xDE, 0xBC, 0x77, 0xF3, 0x2A, 0xDD, 0xEB, 0x8F, 0xC1,
    0xD8, 0x59, 0xE1, 0xB9, 0xBD, 0xB3, 0xA9, 0xD3, 0x9A, 0x1A, 0xF1, 0x09, 0xA3, 0x12, 0x1B, 0xD5,
    0xDF, 0x37, 0xFB, 0xA8, 0x16, 0x21, 0xA5, 0x3F, 0x1C, 0x40, 0x58, 0x6E, 0x91, 0x7E, 0xA9, 0x20,
    0xA7, 0x3D, 0x3A, 0xA7, 0x2D, 0xDA, 0xD0, 0x0E, 0x0D, 0x70, 0xE4, 0x35, 0x9B, 0xAC, 0x50, 0xFE,
    0x07, 0xB5, 0x54, 0x4B, 0x6E, 0xDC, 0x30, 0x0C, 0x7D, 0xB6, 0x81, 0x7A, 0x61, 0xA0, 0xCA, 0xBE,
    0x40, 0x7D, 0x82, 0xC4, 0x17, 0x48, 0x22, 0xED, 0x7B, 0x99, 0x1E, 0xA0, 0xAD, 0x7D, 0x84, 0xDC,
    0xA4, 0x59, 0x66, 0x31, 0xA9, 0x05, 0xF4, 0x02, 0x3E, 0x82, 0x0A, 0xF4, 0x00, 0x2E, 0xE0, 0x85,
    0x16, 0xCE, 0xA8, 0x8F, 0xF4, 0x67, 0x32, 0x45, 0x5A, 0x64, 0x53, 0xCF, 0x90, 0xA6, 0x45, 0xF1,
    0xF1, 0x89, 0xA4, 0xDD, 0xA7, 0xD0, 0xCB, 0x3F, 0x25, 0xFF, 0x82, 0xE2, 0xD5, 0xFD, 0xED, 0x8E,
    0x8B, 0x6C, 0xAC, 0x86, 0x1A, 0xD7, 0xF8, 0x84, 0xBE, 0xEB, 0x87, 0x3E, 0xF4, 0x43, 0xD3, 0x95,
    0xA3, 0x89, 0xF5, 0x6C, 0xE6, 0x32, 0x22, 0x62, 0x2C, 0x42, 0xDD, 0xDD, 0xE0, 0x02, 0x2F, 0xAF,
    0xF2, 0x4F, 0x8C, 0x9C, 0x28, 0x86, 0x38, 0x57, 0x44, 0x12, 0xAC, 0x03, 0xD1, 0x92, 0xEB, 0x07,
    0x32, 0x08, 0x94, 0xA1, 0xF7, 0x4D, 0x67, 0x5D, 0x39, 0x56, 0x81, 0x18, 0x53, 0x3D, 0x37, 0xD1,
    0xCC, 0x75, 0x2C, 0x63, 0x35, 0x21, 0x66, 0x23, 0xC6, 0x8C, 0x78, 0xC5, 0x50, 0x77, 0x8D, 0xBB,
    0x61, 0xF4, 0x85, 0x66, 0x7B, 0xFD, 0x5E, 0xE4, 0x23, 0x80, 0x22, 0x9E, 0xAB, 0x09, 0xAB, 0x83,
    0x41, 0xB0, 0xE1, 0x47, 0xDF, 0x9D, 0xEA, 0x62, 0x7F, 0xF2, 0x51, 0x1D, 0x6B, 0xEC, 0xB4, 0xAB,
    0x73, 0x80, 0x67, 0x6A, 0xDF, 0x7C, 0x52, 0xD9, 0xAE, 0xA0, 0x2A, 0x9C, 0xAB, 0x0E, 0xFF, 0x81,
    0xDA, 0xF4, 0x02, 0xC0, 0xAF, 0x33, 0x80, 0xF0, 0xCA, 0xB3, 0xE1, 0x0E, 0x28, 0x67, 0xD4, 0x09,
    0x36, 0xF9, 0x56, 0xA2, 0x45, 0xD3, 0xE6, 0x0A, 0xD7, 0xCD, 0x00, 0x36, 0x6D, 0x44, 0x1B, 0x6C,
    0x44, 0x3F, 0x2E, 0x4A, 0x1E, 0xD5, 0x41, 0xF5, 0x04, 0xE3, 0xED, 0x58, 0x30, 0x9C, 0xCE, 0x22,
    0x39, 0x3B, 0x6D, 0xB7, 0x65, 0x71, 0xDD, 0x82, 0xE4, 0xB0, 0x5D, 0xE5, 0xF7, 0x81, 0xC9, 0xBD,
    0xDA, 0xC6, 0x91, 0x5D, 0xD5, 0xA9, 0xDD, 0x60, 0xE6, 0xC2, 0xB2, 0xC7, 0x8A, 0x7D, 0xBD, 0xD9,
    0x8F, 0xC0, 0xC3, 0x62, 0x7F, 0xA1, 0xBD, 0xD4, 0x5A, 0xEC, 0x6F, 0x1B, 0x8C, 0xDA, 0x95, 0x3B,
    0xED, 0xA9, 0x71, 0x8A, 0xBD, 0xCE, 0x8F, 0x04, 0x0F, 0x8A, 0x39, 0x99, 0x0F, 0x1E, 0xF1, 0x20,
    0xB9, 0xB2, 0x60, 0x8B, 0x90, 0x8F, 0xB7, 0xC2, 0xA1, 0xF0, 0x37, 0x39, 0x27, 0xAA, 0x11, 0x6E,
    0xC6, 0x1D, 0xB2, 0xA9, 0xE4, 0x6C, 0x91, 0xF3, 0x15, 0xB7, 0x45, 0xE3, 0x8D, 0x64, 0xB9, 0x66,
    0xF8, 0xBC, 0xDA, 0xE3, 0xC9, 0xCE, 0xC3, 0xC9, 0x2E, 0xFD, 0xC9, 0xE6, 0x41, 0xF6, 0xD8, 0x4B,
    0x60, 0xC3, 0xE4, 0xB4, 0x62, 0xCD, 0xA5, 0xF3, 0xB2, 0x72, 0x40, 0xC1, 0x9A, 0xAC, 0xDC, 0x50,
    0x72, 0xDB, 0xCA, 0x19, 0xE5, 0x5E, 0x36, 0x34, 0xCE, 0x7A, 0xFD, 0x75, 0xAD, 0x6B, 0xF5, 0x94,
    0x07, 0x96, 0xE5, 0x5E, 0x3D, 0x8F, 0xB0, 0x3E, 0x9D, 0xA4, 0x3B, 0xA2, 0x75, 0x4F, 0x68, 0xB3,
    0x19, 0x5F, 0x28, 0x8F, 0xD9, 0x84, 0x03, 0xE7, 0xE0, 0x81, 0x64, 0xEF, 0xF3, 0x61, 0x47, 0x64,
    0xF5, 0x6A, 0x47, 0xA4, 0x3C, 0xC2, 0x8C, 0x8C, 0x44, 0x02, 0x98, 0x97, 0xBD, 0x6A, 0x3C, 0xAA,
    0x11, 0x0C, 0xA5, 0x17, 0xA6, 0xDB, 0xEB, 0xCC, 0x6C, 0x07, 0xC9, 0x27, 0x83, 0x21, 0x43, 0xC4,
    0x80, 0xD6, 0xCB, 0x6E, 0x0D, 0x2E, 0x66, 0x54, 0x81, 0x73, 0x81, 0xCF, 0xEB, 0xBB, 0x00, 0xEB,
    0xF2, 0xD8, 0xFB, 0xE2, 0x29, 0xF9, 0x52, 0xA5, 0x57, 0x29, 0x66, 0x91, 0xB6, 0x5B, 0xC4, 0x3A,
    0x91, 0x3C, 0x5A, 0x88, 0x64, 0xB1, 0x41, 0x36, 0xB1, 0x3A, 0xA3, 0xC8, 0xFB, 0x55, 0xF0, 0xC7,
    0x25, 0xFB, 0x17, 0xCC, 0xEA, 0x28, 0x77, 0x79, 0xDE, 0x9D, 0x3A, 0x37, 0x0F, 0xDB, 0x5B, 0xA9,
    0xD4, 0x75, 0xC4, 0xEA, 0xDD, 0x29, 0x93, 0x9F, 0x85, 0xCD, 0x69, 0x64, 0x70, 0xAE, 0x76, 0xA7,
    0xBE, 0x34, 0xE2, 0x2C, 0xD5, 0x29, 0x4B, 0x97, 0xA2, 0x3E, 0x6D, 0x4E, 0xE9, 0x95, 0x36, 0x69,
    0x71, 0xDE, 0x6C, 0xE9, 0xF0, 0xF1, 0x39, 0xC3, 0x41, 0x7B, 0xD8, 0x3E, 0xA1, 0x48, 0x01, 0x6D,
    0x72, 0x45, 0x9A, 0xD1, 0xA4, 0x21, 0x4B, 0x09, 0xD9, 0xD7, 0x11, 0x6F, 0xF8, 0xE1, 0x95, 0x5A,
    0x0A, 0x03, 0xA6, 0x2D, 0x82, 0x02, 0xC9, 0xCB, 0x7A, 0xBB, 0xDC, 0x1E, 0xF5, 0x73, 0x53, 0xB1,
    0x05, 0x6D, 0xC8, 0x53, 0xE4, 0x2B, 0xEA, 0x8D, 0x22, 0xC1, 0x48, 0x8F, 0x7E, 0x4A, 0x0B, 0xA4,
    0x5B, 0x66, 0xC1, 0x91, 0x13, 0x0A, 0x4E, 0xB7, 0xBF, 0x37, 0x7F, 0xBB, 0x2A, 0xC6, 0x7D, 0x63,
    0x13, 0xD9, 0x5F, 0x72, 0xB0, 0x13, 0xF2, 0xE4, 0xB7, 0x27, 0xB3, 0xF8, 0xF6, 0x23, 0xB0, 0xD0,
    0x3C, 0x01, 0x7A, 0x7E, 0x14, 0x1C, 0x35, 0xF9, 0x53, 0x0B, 0xFD, 0xDE, 0x4B, 0xD6, 0x5E, 0xC9,
    0x73, 0x02, 0xC8, 0x5D, 0xF4, 0x2D, 0x47, 0x4F, 0x98, 0x53, 0x93, 0x38, 0x9B, 0x42, 0xDE, 0x16,
    0x42, 0xDB, 0x2A, 0xEB, 0x46, 0x13, 0x34, 0xCA, 0xB9, 0x56, 0xCA, 0xEF, 0x95, 0xF1, 0xDB, 0x7F,
    0x92, 0xB5, 0x8E, 0xEC, 0x98, 0x8B, 0x54, 0x91, 0x86, 0xC5, 0x36, 0xBA, 0xBE, 0x0D, 0x43, 0x15,
    0x75, 0x8D, 0x07, 0x58, 0x8A, 0xC4, 0xB1, 0x60, 0xB5, 0xC9, 0xEE, 0xDD, 0x51, 0x39, 0x9A, 0x45,
    0x77, 0x2D, 0x73, 0x55, 0x7E, 0xD1, 0x12, 0x5D, 0x8B, 0xE6, 0xB9, 0x2D, 0xA4, 0xAE, 0x1C, 0x40,
    0xE9, 0x11, 0x1B, 0x76, 0x27, 0x3A, 0x0A, 0x53, 0xE9, 0xC4, 0x32, 0x80, 0x2F, 0x8D, 0xE1, 0xF9,
    0x40, 0x92, 0x1D, 0x47, 0x51, 0x74, 0x75, 0x54, 0xFB, 0xB8, 0xAD, 0xFF, 0x06, 0xED, 0x92, 0x31,
    0x6E, 0x16, 0x31, 0x10, 0x85, 0xDF, 0xDA, 0x80, 0x8B, 0x95, 0x30, 0x05, 0xDD, 0x16, 0xBE, 0x40,
    0xA4, 0xE5, 0x00, 0xC9, 0xCE, 0x76, 0x5C, 0x87, 0x92, 0x82, 0x6C, 0x56, 0x69, 0xD2, 0xE6, 0x28,
    0x29, 0xE8, 0xF8, 0x37, 0x31, 0xA1, 0xA0, 0x35, 0x27, 0x88, 0xC5, 0x09, 0x5C, 0xB8, 0x70, 0x61,
    0xC7, 0x8C, 0x37, 0x04, 0x09, 0x09, 0x21, 0x51, 0xA5, 0xC1, 0xFE, 0xE4, 0xC2, 0x7E, 0xB2, 0xDE,
    0xBC, 0x19, 0xD4, 0x59, 0x7D, 0x71, 0x7A, 0x0E, 0x23, 0x32, 0x35, 0xB6, 0xA5, 0x71, 0xBD, 0xB3,
    0x51, 0x23, 0xF3, 0x13, 0x0B, 0x58, 0x06, 0x16, 0x3B, 0x1D, 0x74, 0x90, 0x0E, 0x6D, 0xCD, 0x83,
    0x3F, 0xF3, 0x83, 0x57, 0xBF, 0xED, 0x21, 0x52, 0x86, 0x58, 0xD1, 0x3B, 0x68, 0x07, 0x72, 0xF8,
    0xE4, 0xBA, 0xAF, 0x4E, 0x5E, 0x38, 0xAD, 0xDC, 0x91, 0x72, 0xEF, 0x95, 0xAB, 0xF5, 0x9E, 0x81,
    0x72, 0xBF, 0xE8, 0x6B, 0x7E, 0x40, 0x03, 0xCC, 0x4B, 0x3E, 0xEB, 0x0A, 0x15, 0x80, 0x0C, 0x14,
    0xE6, 0x18, 0x65, 0x61, 0x77, 0x5D, 0x36, 0x2A, 0x28, 0x7E, 0x7A, 0x91, 0x40, 0x97, 0x5D, 0x82,
    0xF4, 0xD0, 0x16, 0x66, 0x06, 0xDD, 0x78, 0xBA, 0x4D, 0xEC, 0xF7, 0x0C, 0x0B, 0x81, 0x08, 0x13,
    0xCD, 0x8B, 0x5E, 0x0F, 0xEA, 0x5B, 0xEC, 0xEA, 0x5A, 0x6B, 0xDC, 0xE1, 0x0F, 0x3D, 0xA4, 0x85,
    0xB2, 0xD0, 0x33, 0x0C, 0x30, 0x01, 0x1F, 0x80, 0x04, 0x11, 0x20, 0xC3, 0x6E, 0xD9, 0x82, 0xF5,
    0xFD, 0x79, 0x30, 0x48, 0x23, 0x33, 0xA7, 0xF1, 0x7B, 0xD0, 0xD5, 0xCA, 0xBA, 0x8A, 0x1A, 0xF4,
    0x5D, 0x26, 0x91, 0x27, 0x94, 0x13, 0x6C, 0x13, 0x0E, 0xE6, 0x3C, 0x8A, 0x76, 0x3F, 0xEB, 0x0B,
    0x4F, 0x5D, 0x9C, 0x90, 0xB7, 0x9D, 0x05, 0x85, 0x50, 0xCC, 0xE7, 0x22, 0x6B, 0x6E, 0x25, 0x88,
    0x08, 0xE5, 0x61, 0x2C, 0xAE, 0xA1, 0x3D, 0x9E, 0x73, 0x72, 0xAF, 0x70, 0x25, 0xBC, 0xB2, 0x7A,
    0x1E, 0xD9, 0xC2, 0x81, 0x25, 0x6D, 0xA7, 0xFD, 0x3C, 0xE0, 0x94, 0xEF, 0x0C, 0xF4, 0xCA, 0x46,
    0x03, 0xDE, 0x00, 0x1F, 0x71, 0xC2, 0xA9, 0xF4, 0x56, 0x3A, 0x19, 0xD8, 0x68, 0xFC, 0x29, 0x4C,
    0x48, 0x5D, 0x14, 0x41, 0xB6, 0x7F, 0xD6, 0x11, 0xC7, 0x78, 0x07, 0x71, 0x5B, 0x41, 0x77, 0xD5,
    0x52, 0xD1, 0x56, 0x85, 0xDE, 0x71, 0x3F, 0x9C, 0xF2, 0x7F, 0xDE, 0x43, 0x34, 0x91, 0x0A, 0xF7,
    0xEA, 0x1F, 0x27, 0x00, 0xAF, 0x31, 0x66, 0xD0, 0x5E, 0xD8, 0xDF, 0x19, 0xEE, 0x2F, 0x6F, 0x6A,
    0xE0, 0x84, 0x4C, 0x1F, 0x48, 0xA4, 0xA9, 0xCB, 0xCF, 0xBA, 0x3D, 0x8C, 0x16, 0xB5, 0xC5, 0x08,
    0xAE, 0x55, 0x78, 0xF4, 0x2B, 0xC6, 0x5A, 0x68, 0x87, 0xC5, 0xFA, 0x6D, 0x18, 0x05, 0x77, 0xF2,
    0x51, 0xDC, 0x7B, 0xB4, 0x59, 0x88, 0x0F, 0xB3, 0x70, 0x84, 0xED, 0x14, 0x85, 0x93, 0x36, 0x2A,
    0x72, 0x4F, 0xFE, 0x0F, 0xDA, 0xD3, 0x0C, 0xDA, 0x0F, 0xA5, 0x95, 0x3F, 0x6F, 0xDE, 0x54, 0x14,
    0xC6, 0x8F, 0x6D, 0x35, 0x96, 0x62, 0x51, 0x2F, 0x0C, 0x15, 0xAD, 0xE4, 0x0E, 0x4C, 0x21, 0x92,
    0x17, 0x86, 0x48, 0xBC, 0xE2, 0xBA, 0x2C, 0x0C, 0x2C, 0x1D, 0xF8, 0x14, 0x2C, 0xE5, 0x03, 0x80,
    0xEC, 0xD2, 0x81, 0x0D, 0x85, 0x6F, 0xD0, 0x81, 0x01, 0xDE, 0x85, 0x48, 0x2C, 0x48, 0xA4, 0xB1,
    0x21, 0x23, 0x43, 0x5D, 0xFA, 0x01, 0x70, 0xAA, 0x4A, 0x1D, 0xB1, 0xA8, 0x25, 0x5C, 0xC5, 0xF6,
    0xE1, 0x79, 0xAE, 0x5F, 0xFB, 0x8D, 0xD3, 0x48, 0x80, 0x88, 0x94, 0x9F, 0x5E, 0xDF, 0x3F, 0xE7,
    0x9E, 0x3F, 0xCF, 0xB9, 0x57, 0xE4, 0xC6, 0x9B, 0x22, 0xB2, 0xBF, 0x02, 0x56, 0x07, 0x13, 0xF2,
    0x56, 0x24, 0x50, 0xCD, 0xC4, 0xB4, 0x79, 0x25, 0x7A, 0xF4, 0x53, 0xED, 0xF6, 0x47, 0x7F, 0xB5,
    0x7E, 0x7B, 0xF4, 0xB2, 0x0B, 0xEB, 0xBA, 0x7A, 0x18, 0x56, 0x75, 0x25, 0x71, 0x51, 0x95, 0x62,
    0x8A, 0x33, 0x20, 0x7B, 0x52, 0x88, 0xB9, 0xFF, 0x1B, 0x70, 0xE7, 0x97, 0x42, 0xD2, 0x0F, 0x4E,
    0x81, 0x2F, 0x4E, 0xB1, 0xFF, 0x81, 0xC5, 0x83, 0x44, 0xCC, 0xE9, 0x97, 0xC4, 0x87, 0x22, 0xD1,
    0x8B, 0x8F, 0x9C, 0x24, 0x3C, 0x0F, 0x82, 0x2A, 0xD0, 0x30, 0xAC, 0x3C, 0xBD, 0x1E, 0x17, 0xA2,
    0x5F, 0x19, 0x2C, 0xD4, 0x41, 0x24, 0xD4, 0x4A, 0xE4, 0xFA, 0x2D, 0x78, 0xF1, 0xC6, 0x3E, 0x70,
    0x6B, 0x7F, 0x72, 0xCF, 0x87, 0x3F, 0x58, 0xD2, 0x88, 0xE8, 0xFD, 0x4E, 0xBC, 0x4E, 0x54, 0xBC,
    0x16, 0x08, 0x1A, 0xC9, 0x93, 0xA0, 0x16, 0x23, 0x80, 0x8C, 0xF0, 0x1B, 0x46, 0xA1, 0x5A, 0x8F,
    0x90, 0x0E, 0x9F, 0x23, 0x8E, 0x97, 0x13, 0xFC, 0x94, 0x96, 0xE0, 0x0E, 0x97, 0x7B, 0xBD, 0x12,
    0x08, 0x71, 0x16, 0x0E, 0x53, 0x2D, 0x72, 0x42, 0x2D, 0xBA, 0x50, 0xBB, 0xBC, 0x0F, 0xB4, 0xF3,
    0x54, 0x42, 0xD9, 0x20, 0x23, 0x0A, 0xE0, 0x8F, 0x12, 0x78, 0x5C, 0x03, 0xBF, 0x02, 0xDC, 0xD1,
    0x59, 0x78, 0x3F, 0xF7, 0x18, 0x2B, 0x74, 0x31, 0x56, 0xC4, 0x8F, 0x31, 0x16, 0xFE, 0x4E, 0x20,
    0x8E, 0xC2, 0x27, 0x3C, 0xC2, 0x25, 0x18, 0x5B, 0x09, 0xE0, 0xD4, 0x94, 0x30, 0x92, 0xAA, 0x26,
    0x04, 0x3C, 0x54, 0xBF, 0x17, 0xCE, 0x11, 0xC8, 0xDA, 0x80, 0x42, 0x58, 0x6C, 0xCD, 0x4F, 0x63,
    0x86, 0x48, 0x13, 0x19, 0x76, 0x90, 0x58, 0xB5, 0xA9, 0x1B, 0x12, 0xC1, 0x98, 0x5C, 0x0D, 0x5D,
    0xC0, 0xC0, 0x10, 0x8E, 0x04, 0x3E, 0x59, 0x8B, 0xBB, 0x4E, 0x72, 0x65, 0xB8, 0x51, 0x23, 0xCE,
    0x23, 0x9B, 0xE5, 0x03, 0xF1, 0xEB, 0x20, 0x79, 0x17, 0xC9, 0x0E, 0xB3, 0x4F, 0xC5, 0x03, 0x8F,
    0x50, 0x91, 0xB0, 0x20, 0xA3, 0xA2, 0x46, 0x89, 0xA0, 0x10, 0x71, 0x3B, 0x53, 0x56, 0xE2, 0x74,
    0xE6, 0x49, 0x09, 0xBE, 0xF7, 0xAC, 0xB0, 0x69, 0xED, 0x37, 0x94, 0xFE, 0x87, 0x97, 0x48, 0xF5,
    0xC9, 0x9F, 0x96, 0x67, 0xE7, 0xF0, 0x2E, 0x2D, 0xED, 0xE1, 0xC5, 0x05, 0x66, 0x27, 0x64, 0xF2,
    0x39, 0x18, 0xCB, 0x6A, 0x66, 0x64, 0x29, 0x72, 0x97, 0x35, 0x45, 0x70, 0x2E, 0x23, 0x94, 0x9B,
    0x84, 0xD7, 0xC0, 0x57, 0xA4, 0xCC, 0xC2, 0x7E, 0x8E, 0xC8, 0x9F, 0x36, 0x10, 0x12, 0xD6, 0x85,
    0x4D, 0xDC, 0xC0, 0x3C, 0x84, 0x62, 0x32, 0x9F, 0x0A, 0x22, 0x64, 0x06, 0x3F, 0x53, 0x4E, 0xD8,
    0x25, 0x11, 0x17, 0x07, 0x7A, 0xAE, 0x99, 0x93, 0x3F, 0xA5, 0x0C, 0xA7, 0xBF, 0x7C, 0x56, 0x88,
    0xC8, 0x3D, 0x44, 0xE3, 0xF1, 0x57, 0xD8, 0x86, 0x50, 0x63, 0x11, 0x58, 0x5B, 0x2D, 0x32, 0xEB,
    0xB5, 0x2E, 0x92, 0x78, 0xD7, 0xA3, 0x00, 0xBD, 0x76, 0xDC, 0xD6, 0x8D, 0xD8, 0x4A, 0x76, 0x8B,
    0xED, 0xAC, 0xCF, 0xC5, 0xE3, 0x36, 0x1A, 0x70, 0x86, 0x51, 0xF1, 0x18, 0x86, 0xF9, 0x5A, 0xA2,
    0x36, 0xAC, 0x78, 0x24, 0x1C, 0x4A, 0x5F, 0x59, 0x5F, 0x3A, 0x8B, 0x47, 0x58, 0xD8, 0x1D, 0xCF,
    0xE8, 0x80, 0xE3, 0x1F, 0x9D, 0x5E, 0x3E, 0x13, 0x40, 0x80, 0x1D, 0x60, 0xC8, 0x01, 0x36, 0x9C,
    0xAF, 0x10, 0x7C, 0x8E, 0x09, 0x77, 0xE8, 0x1D, 0x71, 0xBF, 0xEE, 0xD3, 0xCD, 0x84, 0xCB, 0x4E,
    0xBC, 0x67, 0x7F, 0x70, 0xF6, 0xCC, 0xEE, 0x1D, 0x16, 0xC8, 0xA9, 0x0E, 0xD6, 0x31, 0xA5, 0x17,
    0x00, 0x1C, 0x56, 0x2B, 0x36, 0xC8, 0x6E, 0xA1, 0xC7, 0xA8, 0xD8, 0x62, 0x31, 0x81, 0xD3, 0x86,
    0x9D, 0xFE, 0x7F, 0xC9, 0x53, 0xE4, 0x06, 0xB1, 0x5A, 0xC0, 0x8A, 0x21, 0x66, 0x1C, 0x9A, 0xA5,
    0xCC, 0x9F, 0xE1, 0x4D, 0x11, 0x0B, 0x52, 0x16, 0x27, 0xE8, 0x8E, 0x28, 0x41, 0x77, 0x5C, 0x63,
    0x03, 0x21, 0x8C, 0x84, 0xB8, 0x7C, 0xC4, 0xDE, 0xFA, 0x21, 0x1A, 0x4C, 0x5B, 0x95, 0x6B, 0x7A,
    0x88, 0x25, 0x69, 0x92, 0x22, 0x46, 0x6E, 0xDB, 0x20, 0xAE, 0x00, 0xD4, 0x3A, 0x4D, 0xFC, 0x0E,
    0x70, 0x35, 0xE3, 0x2A, 0x26, 0x2B, 0x60, 0x4E, 0x2F, 0x39, 0x24, 0xFB, 0xB2, 0xC9, 0x69, 0x4C,
    0xA7, 0x07, 0x47, 0x59, 0x0E, 0x93, 0xC1, 0xB5, 0xB8, 0xB0, 0xC0, 0xF5, 0x03, 0xC7, 0x64, 0xC4,
    0xE8, 0x98, 0x6D, 0x93, 0xC6, 0x02, 0x5F, 0x18, 0x0A, 0x5A, 0xB9, 0x30, 0x66, 0xB5, 0xE1, 0x6F,
    0x94, 0xE3, 0x08, 0x7C, 0x89, 0xB2, 0x51, 0x7C, 0xF5, 0x68, 0x99, 0x5E, 0x25, 0x27, 0x2C, 0x94,
    0xBD, 0xD2, 0x0F, 0xB1, 0xF2, 0xED, 0xAB, 0x72, 0x35, 0x79, 0x95, 0x1F, 0xAB, 0xB8, 0xFD, 0x2A,
    0xCF, 0xBC, 0x76, 0x65, 0x8A, 0xB0, 0x26, 0xAA, 0xD5, 0xAE, 0xC4, 0xE5, 0x8A, 0xDD, 0xF8, 0x5F,
    0x61, 0xB7, 0x59, 0x03, 0x34, 0x95, 0xF9, 0x30, 0x9A, 0xD1, 0x7C, 0x22, 0x8A, 0x83, 0xC6, 0x23,
    0xDD, 0xAB, 0x72, 0xB5, 0x92, 0x0B, 0x7A, 0x5E, 0xF6, 0xDB, 0xBF, 0xD4, 0xF8, 0x3F, 0x63, 0x78,
    0x1D, 0x3A, 0xE9, 0x79, 0x6F, 0xBD, 0x5E, 0x33, 0xC3, 0x7B, 0xDF, 0x0F, 0xDF, 0xC1, 0xC3, 0x8D,
    0x46, 0xD2, 0x8C, 0x63, 0xFC, 0xE7, 0x6F, 0x3B, 0x86, 0x2A, 0xCA, 0x4D, 0x88, 0x0B, 0x19, 0x34,
    0x5C, 0x96, 0x22, 0x18, 0x54, 0xC0, 0xF6, 0x39, 0xAB, 0xE3, 0xF6, 0x93, 0xE9, 0xD9, 0x06, 0x72,
    0x83, 0x81, 0x08, 0x03, 0xCE, 0xC7, 0x7B, 0xEB, 0x6F, 0x59, 0x4F, 0x2C, 0x7A, 0x4B, 0xBF, 0xB9,
    0xA4, 0x3F, 0x2C, 0x56, 0x3E, 0x46, 0x4A, 0x3D, 0xA8, 0xB5, 0x51, 0x33, 0x5D, 0x89, 0xDD, 0xCC,
    0x7B, 0x34, 0x28, 0xE5, 0x40, 0xA9, 0x0A, 0x9B, 0x23, 0xE6, 0x11, 0xEF, 0x88, 0x5B, 0xC3, 0x11,
    0xAF, 0x79, 0x1F, 0xF7, 0x44, 0x73, 0x5B, 0xA9, 0x0E, 0x7C, 0xD6, 0xD3, 0x8B, 0x12, 0x65, 0xA2,
    0xEE, 0xF4, 0x1A, 0xA4, 0x68, 0x37, 0x44, 0xF3, 0xDC, 0x2A, 0x0A, 0xA1, 0x38, 0xB8, 0xBD, 0x72,
    0x89, 0xF0, 0x38, 0x52, 0x4F, 0x39, 0x83, 0xC8, 0x19, 0xC5, 0x45, 0xF8, 0xED, 0x34, 0x0B, 0xF9,
    0xE7, 0xD8, 0x81, 0xAE, 0x1F, 0xD8, 0xFA, 0x87, 0x9B, 0x16, 0x9A, 0x91, 0xD2, 0xA8, 0xC5, 0xA5,
    0x89, 0x77, 0xF4, 0x95, 0x15, 0x31, 0xDF, 0xD9, 0xF0, 0x35, 0x18, 0x9A, 0x32, 0xAC, 0x84, 0x33,
    0xEC, 0x28, 0x5B, 0x3F, 0x9D, 0xDF, 0xB2, 0xB8, 0xE4, 0x05, 0x52, 0x2E, 0xDF, 0xB7, 0xF9, 0x02,
    0xA9, 0x08, 0xE4, 0x7D, 0x70, 0xED, 0x36, 0x3B, 0x8B, 0x5A, 0x6C, 0x10, 0xCC, 0xD8, 0x8E, 0x99,
    0x92, 0x8B, 0x59, 0xD5, 0x7E, 0x3C, 0xF7, 0x2A, 0x87, 0x64, 0x77, 0x57, 0xE4, 0x6F, 0xA5, 0x53,
    0xB1, 0x4E, 0xC3, 0x30, 0x10, 0xBD, 0x26, 0x42, 0x91, 0xEA, 0xC1, 0xFD, 0x03, 0xEF, 0x08, 0xA9,
    0x2B, 0x83, 0x5B, 0xE7, 0x27, 0x58, 0xF8, 0x09, 0x56, 0x96, 0xB6, 0x56, 0x17, 0x06, 0x06, 0x26,
    0x7E, 0xC2, 0x2C, 0x8C, 0x0C, 0x88, 0x64, 0x63, 0xCD, 0x27, 0x78, 0x63, 0xF5, 0x50, 0x89, 0x0C,
    0x6D, 0xC3, 0xDD, 0xD9, 0x46, 0xE9, 0x02, 0x43, 0x3D, 0xBC, 0x53, 0x72, 0xF7, 0xDE, 0xDD, 0x3B,
    0x27, 0x00, 0xE9, 0x14, 0x2D, 0x07, 0x11, 0xC3, 0x3C, 0xBE, 0xDC, 0x33, 0x96, 0x81, 0x83, 0x8C,
    0x29, 0x33, 0x4E, 0x55, 0x31, 0xA5, 0x5A, 0xB8, 0x71, 0x0E, 0xCC, 0x40, 0xA7, 0x4E, 0x41, 0xB5,
    0xE3, 0x92, 0x44, 0xC8, 0xF4, 0x24, 0x56, 0x9E, 0x26, 0x53, 0xDB, 0x34, 0x44, 0x1A, 0x29, 0x0F,
    0x38, 0xE2, 0x19, 0xA6, 0x0D, 0xC4, 0x2A, 0x86, 0x81, 0x18, 0x5F, 0x77, 0x16, 0xE9, 0x0F, 0x8F,
    0x1E, 0x60, 0x2D, 0xB6, 0x3D, 0x4C, 0x7A, 0x61, 0x57, 0x50, 0x75, 0xC2, 0xAA, 0x5A, 0xD6, 0xC2,
    0x56, 0xDD, 0x82, 0x64, 0xC3, 0x2B, 0x29, 0x5C, 0x67, 0x9D, 0x73, 0x30, 0x1F, 0x1F, 0x43, 0x1F,
    0xC3, 0xF2, 0x2F, 0x7B, 0xD9, 0x7B, 0x17, 0x93, 0x3B, 0xB8, 0x74, 0xCF, 0x35, 0x1C, 0x60, 0x13,
    0x17, 0x96, 0x02, 0x27, 0x0F, 0xB9, 0x64, 0x44, 0x30, 0xFF, 0x5E, 0x4A, 0x7F, 0x32, 0x52, 0x3C,
    0x53, 0x7B, 0x9E, 0xD3, 0x19, 0xE1, 0xEC, 0x8D, 0xF0, 0x7E, 0x89, 0x3B, 0x2C, 0x82, 0xB4, 0xC2,
    0x8A, 0xB6, 0xF4, 0xC2, 0xE2, 0x7D, 0xED, 0x85, 0x7D, 0xC7, 0xFE, 0x62, 0x8B, 0xF3, 0xC8, 0xCF,
    0x27, 0x9C, 0xB4, 0xFA, 0x6E, 0xD0, 0xC3, 0x64, 0x60, 0x0B, 0x1B, 0x76, 0xA0, 0x78, 0x22, 0x41,
    0x57, 0x44, 0x8E, 0xE9, 0x03, 0xF1, 0x11, 0xA8, 0xCD, 0x92, 0xAC, 0x2C, 0x56, 0x08, 0x5A, 0x21,
    0x53, 0x0B, 0xAC, 0xD6, 0x05, 0x7A, 0xD1, 0xD0, 0x10, 0x60, 0x91, 0x06, 0x19, 0x10, 0xCA, 0x3D,
    0x02, 0x0C, 0x70, 0x85, 0x1D, 0x5B, 0x04, 0x19, 0x10, 0x4A, 0x5E, 0x48, 0xDA, 0xF4, 0xC5, 0xED,
    0x8B, 0x57, 0xA8, 0xBC, 0x23, 0xA0, 0x77, 0x92, 0xC5, 0x11, 0x26, 0x3B, 0x84, 0xCA, 0x23, 0xCC,
    0x2D, 0xC2, 0x07, 0x32, 0x90, 0x19, 0xA8, 0x20, 0x50, 0x8B, 0x80, 0xBA, 0x10, 0x48, 0x2C, 0x10,
    0x27, 0xD0, 0x68, 0xBE, 0xA1, 0x6D, 0x6A, 0x38, 0x39, 0xFC, 0xC8, 0x09, 0x2E, 0xE1, 0x62, 0xA6,
    0xB1, 0x40, 0x94, 0x62, 0x51, 0x96, 0x87, 0x23, 0xE4, 0x96, 0xA2, 0x43, 0x28, 0x68, 0x0C, 0x58,
    0x11, 0xA8, 0x30, 0x75, 0xAE, 0x09, 0x3C, 0xEE, 0xAF, 0x7A, 0x74, 0x94, 0xBD, 0x99, 0x96, 0xFD,
    0x26, 0xE7, 0xBC, 0x03, 0xDE, 0x06, 0xED, 0xA5, 0xC0, 0x9E, 0x9A, 0xFE, 0x2E, 0xAD, 0x70, 0xB1,
    0x8B, 0x35, 0xF9, 0x24, 0x1D, 0x43, 0x5F, 0x8B, 0x39, 0x3A, 0x67, 0x79, 0xC5, 0x3F, 0xD5, 0x94,
    0xB1, 0x6E, 0xD4, 0x40, 0x10, 0x86, 0xC7, 0x76, 0xE1, 0xC2, 0x88, 0x6D, 0x10, 0x4D, 0x0A, 0xBF,
    0x00, 0x89, 0x5B, 0x0A, 0x27, 0x36, 0x34, 0xB4, 0x69, 0xEE, 0x25, 0xD2, 0x40, 0x49, 0x71, 0x60,
    0xBF, 0x01, 0x0D, 0x0F, 0x90, 0x32, 0xBA, 0xB4, 0x14, 0x29, 0x80, 0xF5, 0x1B, 0xC4, 0x1D, 0xAD,
    0x0B, 0x68, 0xD2, 0x60, 0x09, 0x23, 0x5D, 0x24, 0x9F, 0x97, 0xFF, 0x1F, 0x9F, 0x9D, 0xBB, 0xA0,
    0x88, 0x9A, 0xB5, 0xF4, 0x79, 0xED, 0xD9, 0xDD, 0x99, 0x9D, 0xFD, 0x67, 0xE5, 0xE0, 0x56, 0xC4,
    0x77, 0xAE, 0x16, 0xFF, 0xC7, 0xEB, 0x4E, 0x44, 0x82, 0x0D, 0x20, 0x8E, 0xB0, 0x39, 0x90, 0x95,
    0x44, 0xB5, 0x83, 0xC4, 0xD9, 0x0A, 0x33, 0x5C, 0x15, 0x6D, 0xF0, 0x19, 0xB7, 0x00, 0xFE, 0x66,
    0x55, 0x51, 0x62, 0x30, 0xE6, 0x14, 0xB9, 0xE3, 0x02, 0xC0, 0x00, 0x78, 0xBD, 0x58, 0x09, 0xD6,
    0xF8, 0x1B, 0x71, 0x64, 0x5C, 0x4B, 0xDC, 0x60, 0x50, 0xE8, 0xE8, 0xC7, 0x36, 0xF4, 0x93, 0x89,
    0x7A, 0x53, 0x3A, 0xBA, 0xF3, 0x1C, 0x5D, 0x05, 0x08, 0x0A, 0xFC, 0xC9, 0x31, 0xD1, 0x87, 0x16,
    0x34, 0x86, 0x11, 0x9A, 0xB0, 0x07, 0x8F, 0x02, 0x32, 0x0D, 0x06, 0x70, 0xE9, 0x31, 0xDE, 0x4F,
    0x1A, 0x75, 0x2B, 0xB6, 0x14, 0xAF, 0x91, 0xA2, 0x92, 0xA0, 0x96, 0xAC, 0x96, 0x00, 0x11, 0xB7,
    0x12, 0x95, 0x62, 0x5A, 0x31, 0x98, 0xDD, 0x91, 0x51, 0x2F, 0x87, 0x58, 0xBB, 0x97, 0x14, 0x1C,
    0x64, 0x49, 0x9F, 0xE2, 0xD8, 0x72, 0x65, 0x39, 0xD2, 0xEA, 0xAB, 0x2F, 0xC6, 0x17, 0xBD, 0xF8,
    0x83, 0x26, 0xE7, 0x3F, 0x7A, 0x3D, 0x75, 0x1F, 0xE5, 0xC0, 0x9D, 0x5A, 0x24, 0x1C, 0x7B, 0x38,
    0x5B, 0x5D, 0xC8, 0x6A, 0x75, 0xB1, 0x42, 0x3B, 0xE7, 0xA6, 0x5A, 0x77, 0xB3, 0xBA, 0x6C, 0x71,
    0x7E, 0x41, 0x97, 0x34, 0x00, 0x92, 0xE4, 0x77, 0x48, 0xB0, 0xD7, 0x51, 0x08, 0xE7, 0x5B, 0x21,
    0xCC, 0x1A, 0x88, 0x79, 0x0C, 0x91, 0xEA, 0x84, 0xE9, 0xA7, 0x17, 0x1E, 0x33, 0x9A, 0x7E, 0xD2,
    0x10, 0xF2, 0xBC, 0x0C, 0x07, 0x27, 0xD4, 0xCF, 0xFB, 0xAD, 0xF1, 0x09, 0x8D, 0x27, 0x34, 0xBE,
    0xA3, 0xF1, 0x0B, 0x8D, 0x9B, 0x62, 0xB1, 0x58, 0x6C, 0x18, 0x86, 0xA2, 0x57, 0x58, 0x8D, 0x8A,
    0xD0, 0x9E, 0x4C, 0x2D, 0x25, 0xAE, 0xA8, 0x0E, 0xFE, 0x0B, 0xE8, 0x20, 0x62, 0x5C, 0xF1, 0x6C,
    0xA4, 0x77, 0xAF, 0x99, 0x8C, 0x86, 0xDE, 0x8F, 0x66, 0x23, 0x27, 0xF9, 0x34, 0x86, 0x6A, 0xE4,
    0xAF, 0x43, 0x62, 0x39, 0x19, 0x03, 0xAA, 0x2D, 0x2C, 0x27, 0xE3, 0xF1, 0xE4, 0x4E, 0xDE, 0x10,
    0xA6, 0xCE, 0xDA, 0x6C, 0x8D, 0xA7, 0x35, 0xF5, 0x9D, 0x66, 0x0B, 0xE5, 0x57, 0xA5, 0xD6, 0x8D,
    0xA6, 0x61, 0x4B, 0x6F, 0x2D, 0x53, 0x4E, 0x24, 0x68, 0x77, 0xA8, 0xA2, 0x0F, 0x75, 0x99, 0xA8,
    0x92, 0x29, 0x5B, 0x62, 0xCA, 0x2D, 0xCF, 0x2E, 0xB8, 0x29, 0xDB, 0x4B, 0x02, 0x0E, 0xEA, 0xCA,
    0xC9, 0x89, 0xBA, 0x4B, 0xB5, 0x22, 0x19, 0x73, 0x52, 0x7D, 0xE6, 0xE6, 0x6B, 0x3A, 0x31, 0x0D,
    0x9D, 0x44, 0xAD, 0x6E, 0xE3, 0xB7, 0x72, 0x68, 0xB4, 0x8E, 0xD4, 0x89, 0x56, 0x93, 0x58, 0xA5,
    0x96, 0xB3, 0x64, 0xCC, 0xCD, 0x98, 0x39, 0xFB, 0x5D, 0x22, 0x97, 0x87, 0xCE, 0x49, 0xE6, 0x9A,
    0x18, 0x55, 0x3D, 0x5C, 0x76, 0xD9, 0x0B, 0xF7, 0xAB, 0x91, 0x3E, 0x45, 0xA9, 0x97, 0x92, 0x5E,
    0x61, 0x00, 0xF2, 0x71, 0x85, 0x6B, 0x22, 0xE7, 0x4B, 0xB0, 0xEA, 0xF1, 0x12, 0x5F, 0x9D, 0xA4,
    0x59, 0x1E, 0x5F, 0x0F, 0x5E, 0x9F, 0x38, 0x87, 0x15, 0x5A, 0xE3, 0x7A, 0x68, 0xAC, 0xF6, 0x31,
    0x20, 0x56, 0x51, 0x14, 0x0D, 0xCB, 0x18, 0xD9, 0x30, 0xD7, 0x40, 0xC2, 0x5C, 0x64, 0x73, 0xC6,
    0xFA, 0x09, 0x9E, 0x6A, 0xE7, 0x21, 0x78, 0x77, 0xD8, 0xCC, 0x79, 0x1E, 0xF6, 0xE1, 0xF6, 0x61,
    0xF7, 0x51, 0x3C, 0x84, 0xBD, 0x30, 0xB2, 0x97, 0x88, 0xCE, 0x7E, 0x43, 0xC4, 0x05, 0xF6, 0x29,
    0xF1, 0x7A, 0xD4, 0xB7, 0x5F, 0x1B, 0x57, 0x05, 0x75, 0xF2, 0xAA, 0x0B, 0xAA, 0x13, 0x19, 0x4C,
    0x95, 0x22, 0x51, 0x38, 0x87, 0xA8, 0x97, 0x7B, 0xED, 0x9F, 0x83, 0x1F, 0xCD, 0x62, 0x7C, 0x3B,
    0x2B, 0xB2, 0x46, 0x35, 0x5E, 0xDE, 0x6C, 0x4B, 0x71, 0xD4, 0xFB, 0x33, 0x1A, 0x9F, 0x4F, 0x23,
    0x66, 0x41, 0xEF, 0x0C, 0xD9, 0x5F, 0xC3, 0xAB, 0x27, 0xC9, 0xFB, 0xF9, 0x4E, 0x38, 0xAA, 0x7F,
    0x1E, 0x7A, 0x34, 0x6C, 0x6F, 0xDA, 0xFD, 0x0E, 0xCF, 0x06, 0xB7, 0x32, 0xD5, 0xA0, 0x65, 0xCB,
    0x4D, 0x4B, 0xF1, 0x57, 0x97, 0x7A, 0x29, 0xB8, 0x78, 0x38, 0x2E, 0x8B, 0x8A, 0x5D, 0x9C, 0xEE,
    0x86, 0x3B, 0xB9, 0x4A, 0x54, 0x83, 0x3A, 0xD5, 0xEA, 0x2D, 0x31, 0x1E, 0x85, 0x76, 0xF5, 0x90,
    0xF4, 0xB2, 0x37, 0x04, 0x65, 0x69, 0x36, 0xD4, 0x27, 0xBE, 0xA8, 0x94, 0xB9, 0x23, 0x09, 0xED,
    0x8F, 0xE7, 0x4D, 0xDC, 0xF3, 0xF6, 0x07, 0xBD, 0x93, 0x41, 0x4E, 0x84, 0x40, 0x10, 0x45, 0x3F,
    0xDD, 0x0B, 0x16, 0x2C, 0xD8, 0xB8, 0xD7, 0x1B, 0x70, 0x03, 0x99, 0xA3, 0x78, 0x03, 0x6E, 0x30,
    0x70, 0x03, 0xE7, 0x08, 0x7A, 0x0F, 0x23, 0x73, 0x04, 0x13, 0x2F, 0x80, 0xF1, 0x02, 0xC4, 0xB0,
    0xC0, 0x04, 0x28, 0x7F, 0x55, 0x03, 0x8E, 0x61, 0x76, 0x93, 0x91, 0x84, 0x5F, 0x95, 0x0E, 0xE9,
    0xFA, 0xFD, 0xFA, 0x03, 0x94, 0x2D, 0xEA, 0x06, 0x5E, 0x86, 0x58, 0x7A, 0xA4, 0x8F, 0xE3, 0x6D,
    0x31, 0x20, 0x77, 0xFD, 0x7D, 0xDC, 0x61, 0x0F, 0xBC, 0x00, 0x18, 0x81, 0x01, 0xFA, 0x46, 0xBD,
    0x15, 0xC7, 0x12, 0x0D, 0xF0, 0x2C, 0xEE, 0x4F, 0xA9, 0x85, 0xCF, 0x04, 0x09, 0xC5, 0x87, 0xC5,
    0x2B, 0x96, 0x42, 0x9A, 0x5A, 0x9E, 0x38, 0xAF, 0x13, 0x69, 0x69, 0x2D, 0x9B, 0x28, 0x4E, 0x78,
    0x1C, 0x24, 0x6D, 0xDE, 0x71, 0xE1, 0x98, 0xF2, 0xB3, 0x1C, 0x31, 0xF5, 0x15, 0x38, 0x84, 0x83,
    0xCC, 0x1A, 0x99, 0x3A, 0x53, 0x6E, 0x88, 0x07, 0xF3, 0xDF, 0x9B, 0xFD, 0x5E, 0x57, 0xE2, 0x8D,
    0xFA, 0x0B, 0x94, 0x3B, 0x98, 0xDF, 0x8A, 0x5E, 0x45, 0x8E, 0x34, 0x37, 0xDE, 0xA8, 0x5B, 0xCE,
    0x42, 0xFA, 0xA9, 0x9A, 0x55, 0xE5, 0x89, 0x5B, 0x3D, 0xE0, 0xF0, 0xAB, 0x01, 0xB8, 0x3B, 0xD9,
    0x93, 0x6E, 0xBD, 0xB9, 0xF5, 0x17, 0x7B, 0x3B, 0xAB, 0xE6, 0xF6, 0x60, 0x70, 0x09, 0x94, 0x31,
    0x29, 0x14, 0x2F, 0x83, 0xE2, 0x27, 0x79, 0x83, 0x46, 0x25, 0x6D, 0x72, 0x62, 0x67, 0x58, 0xF2,
    0x5D, 0x46, 0xDA, 0x7B, 0xB5, 0x9D, 0xB6, 0x73, 0x60, 0x5C, 0x65, 0x91, 0x59, 0x80, 0x6B, 0x68,
    0xD6, 0xD8, 0xAC, 0x89, 0x59, 0x9B, 0x00, 0x5F, 0xF4, 0x1E, 0x65, 0x69, 0x82, 0x8D, 0x74, 0xD3,
    0x24, 0xD7, 0x6F, 0x38, 0x2B, 0x5C, 0x56, 0x3D, 0xED, 0x8C, 0xC0, 0x87, 0x5D, 0x19, 0x21, 0x94,
    0xDF, 0x77, 0x01, 0x82, 0x45, 0x4E, 0x21, 0xBC, 0xCB, 0x0C, 0x01, 0x75, 0x3B, 0x43, 0x48, 0x16,
    0x08, 0xDA, 0x18, 0x84, 0xD0, 0x38, 0x1B, 0x11, 0x2D, 0xB3, 0xDC, 0xA6, 0x09, 0x7F, 0x50, 0x32,
    0x43, 0x98, 0x92, 0x7F, 0x3C, 0xF2, 0xD9, 0xC6, 0x20, 0x3C, 0x5B, 0x68, 0x09, 0xE1, 0x8B, 0x10,
    0x7E, 0x00,
};

static const EpdGlyph sourceserif4_18_regularGlyphs[] = {
    { 0, 0, 140, 0, 0, 0, 0 }, // U+0020
    { 6, 27, 180, 3, 27, 41, 0 }, // !
    { 12, 12, 223, 1, 28, 36, 41 }, // "
    { 20, 25, 323, 0, 25, 125, 77 }, // #
    { 17, 34, 307, 1, 30, 145, 202 }, // $
    { 31, 27, 536, 1, 26, 210, 347 }, // %
    { 25, 27, 438, 1, 27, 169, 557 }, // &
    { 5, 12, 115, 1, 28, 15, 726 }, // '
    { 10, 37, 209, 3, 29, 93, 741 }, // (
    { 11, 37, 209, 0, 29, 102, 834 }, // )
    { 17, 15, 266, 0, 29, 64, 936 }, // *
    { 19, 20, 323, 1, 23, 95, 1000 }, // +
    { 8, 12, 182, 1, 5, 24, 1095 }, // ,
    { 10, 2, 192, 1, 10, 5, 1119 }, // -
    { 7, 6, 182, 2, 6, 11, 1124 }, // .
    { 13, 34, 205, 0, 28, 111, 1135 }, // /
    { 17, 26, 308, 1, 26, 111, 1246 }, // 0
    { 13, 26, 257, 2, 26, 85, 1357 }, // 1
    { 17, 26, 311, 1, 26, 111, 1442 }, // 2
    { 17, 26, 309, 1, 26, 111, 1553 }, // 3
    { 18, 27, 305, 1, 26, 122, 1664 }, // 4
    { 17, 25, 311, 1, 25, 107, 1786 }, // 5
    { 18, 27, 312, 1, 27, 122, 1893 }, // 6
    { 16, 25, 295, 1, 25, 100, 2015 }, // 7
    { 17, 26, 312, 1, 26, 111, 2115 }, // 8
    { 17, 27, 318, 1, 26, 115, 2226 }, // 9
    { 7, 19, 182, 2, 19, 34, 2341 }, // :
    { 8, 26, 182, 1, 19, 52, 2375 }, // ;
    { 17, 19, 323, 2, 22, 81, 2427 }, // <
    { 19, 11, 323, 1, 18, 53, 2508 }, // =
    { 17, 19, 323, 2, 22, 81, 2561 }, // >
    { 12, 28, 255, 2, 28, 84, 2642 }, // ?
    { 30, 33, 511, 1, 26, 248, 2726 }, // @
    { 25, 26, 404, 0, 26, 163, 2974 }, // A
    { 22, 26, 384, 1, 26, 143, 3137 }, // B
    { 22, 28, 383, 1, 27, 154, 3280 }, // C
    { 25, 26, 431, 1, 26, 163, 3434 }, // D
    { 21, 26, 366, 1, 26, 137, 3597 }, // E
    { 20, 26, 352, 1, 26, 130, 3734 }, // F
    { 25, 28, 414, 1, 27, 175, 3864 }, // G
    { 28, 26, 477, 1, 26, 182, 4039 }, // H
    { 12, 26, 227, 1, 26, 78, 4221 }, // I
    { 15, 31, 229, -1, 26, 117, 4299 }, // J
    { 25, 26, 407, 1, 26, 163, 4416 }, // K
    { 21, 26, 361, 1, 26, 137, 4579 }, // L
    { 32, 26, 548, 1, 26, 208, 4716 }, // M
    { 26, 26, 446, 1, 26, 169, 4924 }, // N
    { 25, 28, 429, 1, 27, 175, 5093 }, // O
    { 21, 26, 360, 1, 26, 137, 5268 }, // P
    { 25, 35, 429, 1, 27, 219, 5405 }, // Q
    { 24, 26, 398, 1, 26, 156, 5624 }, // R
    { 18, 28, 313, 1, 27, 126, 5780 }, // S
    { 23, 26, 369, 0, 26, 150, 5906 }, // T
    { 26, 27, 442, 1, 26, 176, 6056 }, // U
    { 26, 26, 409, 0, 26, 169, 6232 }, // V
    { 37, 26, 586, 0, 26, 241, 6401 }, // W
    { 25, 26, 395, 0, 26, 163, 6642 }, // X
    { 24, 26, 384, 0, 26, 156, 6805 }, // Y
    { 21, 26, 336, 0, 26, 137, 6961 }, // Z
    { 9, 34, 196, 3, 28, 77, 7098 }, // [
    { 13, 34, 205, 0, 28, 111, 7175 }, // <backslash>
    { 8, 34, 196, 1, 27, 68, 7286 }, // ]
    { 15, 11, 324, 3, 19, 42, 7354 }, // ^
    { 21, 3, 313, -1, 0, 16, 7396 }, // _
    { 8, 8, 243, 2, 30, 16, 7412 }, // `
    { 19, 18, 311, 1, 18, 86, 7428 }, // a
    { 21, 28, 353, 0, 28, 147, 7514 }, // b
    { 17, 18, 299, 1, 18, 77, 7661 }, // c
    { 21, 28, 347, 1, 28, 147, 7738 }, // d
    { 17, 18, 311, 1, 18, 77, 7885 }, // e
    { 16, 29, 216, 1, 29, 116, 7962 }, // f
    { 18, 27, 317, 1, 18, 122, 8078 }, // g
    { 22, 28, 367, 0, 28, 154, 8200 }, // h
    { 10, 28, 182, 1, 28, 70, 8354 }, // i
    { 13, 37, 171, -4, 28, 121, 8424 }, // j
    { 22, 29, 336, 0, 29, 160, 8545 }, // k
    { 11, 29, 183, 0, 29, 80, 8705 }, // l
    { 33, 18, 548, 1, 18, 149, 8785 }, // m
    { 21, 18, 369, 1, 18, 95, 8934 }, // n
    { 19, 18, 335, 1, 18, 86, 9029 }, // o
    { 20, 27, 356, 1, 18, 135, 9115 }, // p
    { 21, 27, 340, 1, 18, 142, 9250 }, // q
    { 16, 18, 260, 1, 18, 72, 9392 }, // r
    { 15, 18, 265, 1, 18, 68, 9464 }, // s
    { 13, 25, 200, 0, 25, 82, 9532 }, // t
    { 22, 20, 356, 0, 20, 110, 9614 }, // u
    { 20, 18, 309, -1, 18, 90, 9724 }, // v
    { 30, 18, 466, -1, 18, 135, 9814 }, // w
    { 20, 18, 322, 0, 18, 90, 9949 }, // x
    { 20, 27, 313, 0, 18, 135, 10039 }, // y
    { 16, 18, 278, 1, 18, 72, 10174 }, // z
    { 11, 34, 209, 1, 28, 94, 10246 }, // {
    { 3, 39, 178, 4, 30, 30, 10340 }, // |
    { 11, 34, 209, 1, 27, 94, 10370 }, // }
    { 18, 6, 323, 1, 16, 27, 10464 }, // ~
    { 0, 0, 140, 0, 0, 0, 0 }, // U+00A0
    { 6, 27, 180, 3, 18, 41, 0 }, // U+00A1
    { 17, 28, 307, 1, 26, 119, 41 }, // U+00A2
    { 17, 26, 307, 1, 26, 111, 160 }, // U+00A3
    { 18, 18, 308, 1, 21, 81, 271 }, // U+00A4
    { 21, 25, 307, -1, 25, 132, 352 }, // U+00A5
    { 3, 39, 178, 4, 30, 30, 484 }, // U+00A6
    { 17, 31, 302, 1, 27, 132, 514 }, // U+00A7
    { 13, 5, 243, 1, 28, 17, 646 }, // U+00A8
    { 27, 27, 458, 1, 26, 183, 663 }, // U+00A9
    { 13, 13, 213, 1, 29, 43, 846 }, // U+00AA
    { 17, 17, 301, 1, 18, 73, 889 }, // U+00AB
    { 19, 9, 323, 1, 15, 43, 962 }, // U+00AC
    { 10, 2, 192, 1, 10, 5, 1005 }, // U+00AD
    { 16, 15, 280, 1, 27, 60, 1010 }, // U+00AE
    { 11, 3, 243, 2, 26, 9, 1070 }, // U+00AF
    { 11, 10, 199, 1, 27, 28, 1079 }, // U+00B0
    { 19, 22, 323, 1, 22, 105, 1107 }, // U+00B1
    { 12, 15, 225, 1, 31, 45, 1212 }, // U+00B2
    { 12, 16, 225, 1, 32, 48, 1257 }, // U+00B3
    { 8, 8, 243, 5, 30, 16, 1305 }, // U+00B4
    { 20, 27, 347, 2, 20, 135, 1321 }, // U+00B5
    { 22, 31, 366, 0, 26, 171, 1456 }, // U+00B6
    { 7, 6, 182, 2, 16, 11, 1627 }, // U+00B7
    { 8, 9, 243, 3, 1, 18, 1638 }, // U+00B8
    { 11, 16, 225, 2, 32, 44, 1656 }, // U+00B9
    { 13, 13, 229, 1, 29, 43, 1700 }, // U+00BA
    { 17, 17, 301, 1, 18, 73, 1743 }, // U+00BB
    { 29, 27, 517, 2, 26, 196, 1816 }, // U+00BC
    { 30, 27, 536, 2, 26, 203, 2012 }, // U+00BD
    { 30, 27, 517, 1, 26, 203, 2215 }, // U+00BE
    { 12, 28, 255, 2, 19, 84, 2418 }, // U+00BF
    { 25, 34, 404, 0, 34, 213, 2502 }, // U+00C0
    { 25, 34, 404, 0, 34, 213, 2715 }, // U+00C1
    { 25, 33, 404, 0, 33, 207, 2928 }, // U+00C2
    { 25, 33, 404, 0, 33, 207, 3135 }, // U+00C3
    { 25, 33, 404, 0, 33, 207, 3342 }, // U+00C4
    { 25, 35, 404, 0, 35, 219, 3549 }, // U+00C5
    { 34, 26, 558, 0, 26, 221, 3768 }, // U+00C6
    { 22, 35, 383, 1, 27, 193, 3989 }, // U+00C7
    { 21, 34, 366, 1, 34, 179, 4182 }, // U+00C8
    { 21, 34, 366, 1, 34, 179, 4361 }, // U+00C9
    { 21, 33, 366, 1, 33, 174, 4540 }, // U+00CA
    { 21, 33, 366, 1, 33, 174, 4714 }, // U+00CB
    { 12, 34, 227, 1, 34, 102, 4888 }, // U+00CC
    { 12, 34, 227, 1, 34, 102, 4990 }, // U+00CD
    { 12, 33, 227, 1, 33, 99, 5092 }, // U+00CE
    { 12, 33, 227, 1, 33, 99, 5191 }, // U+00CF
    { 25, 26, 431, 1, 26, 163, 5290 }, // U+00D0
    { 26, 33, 446, 1, 33, 215, 5453 }, // U+00D1
    { 25, 35, 429, 1, 34, 219, 5668 }, // U+00D2
    { 25, 35, 429, 1, 34, 219, 5887 }, // U+00D3
    { 25, 34, 429, 1, 33, 213, 6106 }, // U+00D4
    { 25, 34, 429, 1, 33, 213, 6319 }, // U+00D5
    { 25, 34, 429, 1, 33, 213, 6532 }, // U+00D6
    { 18, 18, 323, 1, 21, 81, 6745 }, // U+00D7
    { 25, 30, 429, 1, 28, 188, 6826 }, // U+00D8
    { 26, 35, 442, 1, 34, 228, 7014 }, // U+00D9
    { 26, 35, 442, 1, 34, 228, 7242 }, // U+00DA
    { 26, 34, 442, 1, 33, 221, 7470 }, // U+00DB
    { 26, 34, 442, 1, 33, 221, 7691 }, // U+00DC
    { 24, 34, 384, 0, 34, 204, 7912 }, // U+00DD
    { 22, 26, 372, 1, 26, 143, 8116 }, // U+00DE
    { 23, 30, 365, 0, 30, 173, 8259 }, // U+00DF
    { 19, 30, 311, 1, 30, 143, 8432 }, // U+00E0
    { 19, 30, 311, 1, 30, 143, 8575 }, // U+00E1
    { 19, 29, 311, 1, 29, 138, 8718 }, // U+00E2
    { 19, 27, 311, 1, 27, 129, 8856 }, // U+00E3
    { 19, 28, 311, 1, 28, 133, 8985 }, // U+00E4
    { 19, 29, 311, 1, 29, 138, 9118 }, // U+00E5
    { 28, 18, 478, 1, 18, 126, 9256 }, // U+00E6
    { 17, 26, 299, 1, 18, 111, 9382 }, // U+00E7
    { 17, 30, 311, 1, 30, 128, 9493 }, // U+00E8
    { 17, 30, 311, 1, 30, 128, 9621 }, // U+00E9
    { 17, 29, 311, 1, 29, 124, 9749 }, // U+00EA
    { 17, 28, 311, 1, 28, 119, 9873 }, // U+00EB
    { 11, 30, 182, 0, 30, 83, 9992 }, // U+00EC
    { 10, 30, 182, 1, 30, 75, 10075 }, // U+00ED
    { 13, 29, 182, -1, 29, 95, 10150 }, // U+00EE
    { 13, 28, 182, -1, 28, 91, 10245 }, // U+00EF
    { 18, 29, 333, 1, 29, 131, 10336 }, // U+00F0
    { 21, 27, 369, 1, 27, 142, 10467 }, // U+00F1
    { 19, 30, 335, 1, 30, 143, 10609 }, // U+00F2
    { 19, 30, 335, 1, 30, 143, 10752 }, // U+00F3
    { 19, 29, 335, 1, 29, 138, 10895 }, // U+00F4
    { 19, 27, 335, 1, 27, 129, 11033 }, // U+00F5
    { 19, 28, 335, 1, 28, 133, 11162 }, // U+00F6
    { 19, 20, 323, 1, 23, 95, 11295 }, // U+00F7
    { 19, 20, 335, 1, 19, 95, 11390 }, // U+00F8
    { 22, 30, 356, 0, 30, 165, 11485 }, // U+00F9
    { 22, 30, 356, 0, 30, 165, 11650 }, // U+00FA
    { 22, 29, 356, 0, 29, 160, 11815 }, // U+00FB
    { 22, 28, 356, 0, 28, 154, 11975 }, // U+00FC
    { 20, 39, 313, 0, 30, 195, 12129 }, // U+00FD
    { 20, 37, 340, 0, 28, 185, 12324 }, // U+00FE
    { 20, 37, 313, 0, 28, 185, 12509 }, // U+00FF
    { 25, 31, 404, 0, 31, 194, 0 }, // U+0100
    { 19, 26, 311, 1, 26, 124, 194 }, // U+0101
    { 25, 33, 404, 0, 33, 207, 318 }, // U+0102
    { 19, 29, 311, 1, 29, 138, 525 }, // U+0103
    { 25, 35, 404, 0, 26, 219, 663 }, // U+0104
    { 19, 26, 311, 1, 18, 124, 882 }, // U+0105
    { 22, 35, 383, 1, 34, 193, 1006 }, // U+0106
    { 17, 30, 299, 1, 30, 128, 1199 }, // U+0107
    { 22, 34, 383, 1, 33, 187, 1327 }, // U+0108
    { 17, 29, 299, 1, 29, 124, 1514 }, // U+0109
    { 22, 35, 383, 1, 34, 193, 1638 }, // U+010A
    { 17, 28, 299, 1, 28, 119, 1831 }, // U+010B
    { 22, 35, 383, 1, 34, 193, 1950 }, // U+010C
    { 17, 29, 299, 1, 29, 124, 2143 }, // U+010D
    { 25, 34, 431, 1, 34, 213, 2267 }, // U+010E
    { 24, 30, 354, 1, 30, 180, 2480 }, // U+010F
    { 25, 26, 431, 1, 26, 163, 2660 }, // U+0110
    { 21, 30, 347, 1, 30, 158, 2823 }, // U+0111
    { 21, 31, 366, 1, 31, 163, 2981 }, // U+0112
    { 17, 26, 311, 1, 26, 111, 3144 }, // U+0113
    { 21, 33, 366, 1, 33, 174, 3255 }, // U+0114
    { 17, 29, 311, 1, 29, 124, 3429 }, // U+0115
    { 21, 34, 366, 1, 34, 179, 3553 }, // U+0116
    { 17, 28, 311, 1, 28, 119, 3732 }, // U+0117
    { 21, 35, 366, 1, 26, 184, 3851 }, // U+0118
    { 17, 26, 311, 1, 18, 111, 4035 }, // U+0119
    { 21, 34, 366, 1, 34, 179, 4146 }, // U+011A
    { 17, 29, 311, 1, 29, 124, 4325 }, // U+011B
    { 25, 34, 414, 1, 33, 213, 4449 }, // U+011C
    { 18, 38, 317, 1, 29, 171, 4662 }, // U+011D
    { 25, 34, 414, 1, 33, 213, 4833 }, // U+011E
    { 18, 38, 317, 1, 29, 171, 5046 }, // U+011F
    { 25, 35, 414, 1, 34, 219, 5217 }, // U+0120
    { 18, 37, 317, 1, 28, 167, 5436 }, // U+0121
    { 25, 37, 414, 1, 27, 232, 5603 }, // U+0122
    { 18, 40, 317, 1, 31, 180, 5835 }, // U+0123
    { 28, 33, 477, 1, 33, 231, 6015 }, // U+0124
    { 22, 35, 367, 0, 35, 193, 6246 }, // U+0125
    { 28, 26, 478, 1, 26, 182, 6439 }, // U+0126
    { 22, 29, 367, 0, 29, 160, 6621 }, // U+0127
    { 14, 33, 227, 0, 33, 116, 6781 }, // U+0128
    { 13, 27, 182, -1, 27, 88, 6897 }, // U+0129
    { 12, 31, 227, 1, 31, 93, 6985 }, // U+012A
    { 10, 26, 182, 1, 26, 65, 7078 }, // U+012B
    { 12, 35, 227, 1, 26, 105, 7143 }, // U+012E
    { 10, 37, 182, 1, 28, 93, 7248 }, // U+012F
    { 12, 34, 227, 1, 34, 102, 7341 }, // U+0130
    { 10, 19, 182, 1, 19, 48, 7443 }, // U+0131
    { 15, 38, 229, -1, 33, 143, 7491 }, // U+0134
    { 16, 38, 171, -4, 29, 152, 7634 }, // U+0135
    { 25, 36, 407, 1, 26, 225, 7786 }, // U+0136
    { 22, 39, 336, 0, 29, 215, 8011 }, // U+0137
    { 21, 19, 336, 0, 19, 100, 8226 }, // U+0138
    { 21, 34, 361, 1, 34, 179, 8326 }, // U+0139
    { 12, 36, 183, 0, 36, 108, 8505 }, // U+013A
    { 21, 36, 361, 1, 26, 189, 8613 }, // U+013B
    { 11, 39, 183, 0, 29, 108, 8802 }, // U+013C
    { 21, 27, 361, 1, 27, 142, 8910 }, // U+013D
    { 15, 29, 184, 0, 29, 109, 9052 }, // U+013E
    { 21, 26, 361, 1, 26, 137, 9161 }, // U+013F
    { 15, 29, 183, 0, 29, 109, 9298 }, // U+0140
    { 21, 26, 361, 1, 26, 137, 9407 }, // U+0141
    { 11, 29, 183, 0, 29, 80, 9544 }, // U+0142
    { 26, 34, 446, 1, 34, 221, 9624 }, // U+0143
    { 21, 30, 369, 1, 30, 158, 9845 }, // U+0144
    { 26, 36, 446, 1, 26, 234, 10003 }, // U+0145
    { 21, 28, 369, 1, 18, 147, 10237 }, // U+0146
    { 26, 34, 446, 1, 34, 221, 10384 }, // U+0147
    { 21, 29, 369, 1, 29, 153, 10605 }, // U+0148
    { 29, 28, 474, 0, 28, 203, 10758 }, // U+0149
    { 26, 31, 446, 1, 26, 202, 10961 }, // U+014A
    { 19, 27, 369, 1, 18, 129, 11163 }, // U+014B
    { 25, 32, 429, 1, 31, 200, 11292 }, // U+014C
    { 19, 26, 335, 1, 26, 124, 11492 }, // U+014D
    { 25, 34, 429, 1, 33, 213, 11616 }, // U+014E
    { 19, 29, 335, 1, 29, 138, 11829 }, // U+014F
    { 25, 36, 429, 1, 35, 225, 11967 }, // U+0150
    { 19, 30, 335, 1, 30, 143, 12192 }, // U+0151
    { 34, 28, 570, 1, 27, 238, 12335 }, // U+0152
    { 31, 18, 530, 1, 18, 140, 12573 }, // U+0153
    { 24, 34, 398, 1, 34, 204, 12713 }, // U+0154
    { 16, 30, 260, 1, 30, 120, 12917 }, // U+0155
    { 24, 36, 398, 1, 26, 216, 13037 }, // U+0156
    { 16, 28, 260, 1, 18, 112, 13253 }, // U+0157
    { 24, 34, 398, 1, 34, 204, 13365 }, // U+0158
    { 16, 29, 260, 1, 29, 116, 13569 }, // U+0159
    { 18, 35, 313, 1, 34, 158, 13685 }, // U+015A
    { 15, 30, 265, 1, 30, 113, 13843 }, // U+015B
    { 18, 34, 313, 1, 33, 153, 13956 }, // U+015C
    { 15, 29, 265, 1, 29, 109, 14109 }, // U+015D
    { 18, 35, 313, 1, 27, 158, 14218 }, // U+015E
    { 15, 26, 265, 1, 18, 98, 14376 }, // U+015F
    { 18, 35, 313, 1, 34, 158, 14474 }, // U+0160
    { 15, 29, 265, 1, 29, 109, 14632 }, // U+0161
    { 23, 34, 369, 0, 26, 196, 14741 }, // U+0162
    { 13, 33, 200, 0, 25, 108, 14937 }, // U+0163
    { 23, 34, 369, 0, 34, 196, 15045 }, // U+0164
    { 14, 30, 200, 0, 30, 105, 15241 }, // U+0165
    { 26, 34, 442, 1, 33, 221, 15346 }, // U+0168
    { 22, 27, 356, 0, 27, 149, 15567 }, // U+0169
    { 26, 32, 442, 1, 31, 208, 15716 }, // U+016A
    { 22, 26, 356, 0, 26, 143, 15924 }, // U+016B
    { 26, 34, 442, 1, 33, 221, 16067 }, // U+016C
    { 22, 29, 356, 0, 29, 160, 16288 }, // U+016D
    { 26, 36, 442, 1, 35, 234, 16448 }, // U+016E
    { 22, 29, 356, 0, 29, 160, 16682 }, // U+016F
    { 26, 36, 442, 1, 35, 234, 16842 }, // U+0170
    { 22, 30, 356, 0, 30, 165, 17076 }, // U+0171
    { 26, 35, 442, 1, 26, 228, 17241 }, // U+0172
    { 22, 28, 356, 0, 20, 154, 17469 }, // U+0173
    { 37, 33, 586, 0, 33, 306, 17623 }, // U+0174
    { 30, 29, 466, -1, 29, 218, 17929 }, // U+0175
    { 24, 33, 384, 0, 33, 198, 18147 }, // U+0176
    { 20, 38, 313, 0, 29, 190, 18345 }, // U+0177
    { 24, 33, 384, 0, 33, 198, 18535 }, // U+0178
    { 21, 34, 336, 0, 34, 179, 18733 }, // U+0179
    { 16, 30, 278, 1, 30, 120, 18912 }, // U+017A
    { 21, 34, 336, 0, 34, 179, 19032 }, // U+017B
    { 16, 28, 278, 1, 28, 112, 19211 }, // U+017C
    { 21, 34, 336, 0, 34, 179, 19323 }, // U+017D
    { 16, 29, 278, 1, 29, 116, 19502 }, // U+017E
    { 16, 29, 210, 0, 29, 116, 19618 }, // U+017F
    { 25, 32, 429, 1, 31, 200, 0 }, // U+01A0
    { 20, 24, 335, 1, 24, 120, 200 }, // U+01A1
    { 28, 33, 442, 1, 32, 231, 320 }, // U+01AF
    { 22, 26, 356, 0, 26, 143, 551 }, // U+01B0
    { 25, 34, 404, 0, 34, 213, 694 }, // U+01CD
    { 19, 29, 311, 1, 29, 138, 907 }, // U+01CE
    { 12, 34, 227, 1, 34, 102, 1045 }, // U+01CF
    { 12, 29, 182, 0, 29, 87, 1147 }, // U+01D0
    { 25, 35, 429, 1, 34, 219, 1234 }, // U+01D1
    { 19, 29, 335, 1, 29, 138, 1453 }, // U+01D2
    { 26, 35, 442, 1, 34, 228, 1591 }, // U+01D3
    { 22, 29, 356, 0, 29, 160, 1819 }, // U+01D4
    { 26, 39, 442, 1, 38, 254, 1979 }, // U+01D5
    { 22, 32, 356, 0, 32, 176, 2233 }, // U+01D6
    { 26, 40, 442, 1, 39, 260, 2409 }, // U+01D7
    { 22, 34, 356, 0, 34, 187, 2669 }, // U+01D8
    { 26, 41, 442, 1, 40, 267, 2856 }, // U+01D9
    { 22, 35, 356, 0, 35, 193, 3123 }, // U+01DA
    { 26, 40, 442, 1, 39, 260, 3316 }, // U+01DB
    { 22, 34, 356, 0, 34, 187, 3576 }, // U+01DC
    { 25, 35, 414, 1, 34, 219, 3763 }, // U+01E6
    { 18, 38, 317, 1, 29, 171, 3982 }, // U+01E7
    { 26, 34, 446, 1, 34, 221, 4153 }, // U+01F8
    { 21, 30, 369, 1, 30, 158, 4374 }, // U+01F9
    { 18, 37, 313, 1, 27, 167, 4532 }, // U+0218
    { 15, 28, 265, 1, 18, 105, 4699 }, // U+0219
    { 23, 36, 369, 0, 26, 207, 4804 }, // U+021A
    { 13, 35, 200, 0, 25, 114, 5011 }, // U+021B
    { 8, 8, 0, -5, 30, 16, 0 }, // U+0300
    { 8, 8, 0, -3, 30, 16, 16 }, // U+0301
    { 12, 8, 0, -6, 29, 24, 32 }, // U+0302
    { 14, 5, 0, -7, 27, 18, 56 }, // U+0303
    { 10, 3, 0, -5, 26, 8, 74 }, // U+0304
    { 12, 7, 0, -6, 29, 21, 82 }, // U+0306
    { 6, 5, 0, -3, 28, 8, 103 }, // U+0307
    { 14, 5, 0, -7, 28, 18, 111 }, // U+0308
    { 6, 8, 0, -3, 29, 12, 129 }, // U+0309
    { 10, 8, 0, -5, 29, 20, 141 }, // U+030A
    { 12, 9, 0, -5, 30, 27, 161 }, // U+030B
    { 12, 7, 0, -6, 29, 21, 188 }, // U+030C
    { 5, 9, 0, 0, 27, 12, 209 }, // U+031B
    { 6, 5, 0, -3, -2, 8, 221 }, // U+0323
    { 14, 5, 0, -7, -2, 18, 229 }, // U+0324
    { 6, 8, 0, -3, -2, 12, 247 }, // U+0326
    { 8, 9, 0, -3, 1, 18, 259 }, // U+0327
    { 8, 9, 0, -4, 0, 18, 277 }, // U+0328
    { 4, 8, 0, -2, -2, 8, 295 }, // U+0329
    { 12, 7, 0, -6, -1, 21, 303 }, // U+032E
    { 10, 3, 0, -5, -3, 8, 324 }, // U+0331
    { 21, 34, 366, 1, 34, 179, 0 }, // U+0400
    { 21, 33, 366, 1, 33, 174, 179 }, // U+0401
    { 26, 28, 428, 1, 26, 182, 353 }, // U+0402
    { 20, 34, 342, 1, 34, 170, 535 }, // U+0403
    { 21, 28, 373, 1, 27, 147, 705 }, // U+0404
    { 18, 28, 313, 1, 27, 126, 852 }, // U+0405
    { 12, 26, 227, 1, 26, 78, 978 }, // U+0406
    { 12, 33, 227, 1, 33, 99, 1056 }, // U+0407
    { 15, 31, 229, -1, 26, 117, 1155 }, // U+0408
    { 34, 27, 546, 0, 26, 230, 1272 }, // U+0409
    { 37, 26, 609, 1, 26, 241, 1502 }, // U+040A
    { 29, 26, 461, 0, 26, 189, 1743 }, // U+040B
    { 24, 34, 400, 1, 34, 204, 1932 }, // U+040C
    { 28, 34, 483, 1, 34, 238, 2136 }, // U+040D
    { 26, 36, 407, 0, 34, 234, 2374 }, // U+040E
    { 27, 35, 466, 1, 26, 237, 2608 }, // U+040F
    { 25, 26, 404, 0, 26, 163, 2845 }, // U+0410
    { 22, 26, 376, 1, 26, 143, 3008 }, // U+0411
    { 22, 26, 384, 1, 26, 143, 3151 }, // U+0412
    { 20, 26, 342, 1, 26, 130, 3294 }, // U+0413
    { 26, 33, 422, 0, 26, 215, 3424 }, // U+0414
    { 21, 26, 366, 1, 26, 137, 3639 }, // U+0415
    { 36, 27, 562, 0, 27, 243, 3776 }, // U+0416
    { 19, 28, 335, 1, 27, 133, 4019 }, // U+0417
    { 28, 26, 483, 1, 26, 182, 4152 }, // U+0418
    { 28, 34, 483, 1, 34, 238, 4334 }, // U+0419
    { 24, 27, 400, 1, 27, 162, 4572 }, // U+041A
    { 25, 27, 423, 0, 26, 169, 4734 }, // U+041B
    { 32, 26, 548, 1, 26, 208, 4903 }, // U+041C
    { 28, 26, 477, 1, 26, 182, 5111 }, // U+041D
    { 25, 28, 429, 1, 27, 175, 5293 }, // U+041E
    { 27, 26, 470, 1, 26, 176, 5468 }, // U+041F
    { 21, 26, 360, 1, 26, 137, 5644 }, // U+0420
    { 22, 28, 383, 1, 27, 154, 5781 }, // U+0421
    { 23, 26, 369, 0, 26, 150, 5935 }, // U+0422
    { 26, 28, 407, 0, 26, 182, 6085 }, // U+0423
    { 26, 26, 441, 1, 26, 169, 6267 }, // U+0424
    { 25, 26, 395, 0, 26, 163, 6436 }, // U+0425
    { 27, 34, 467, 1, 26, 230, 6599 }, // U+0426
    { 26, 26, 427, 0, 26, 169, 6829 }, // U+0427
    { 38, 26, 635, 1, 26, 247, 6998 }, // U+0428
    { 38, 34, 637, 1, 26, 323, 7245 }, // U+0429
    { 26, 26, 426, 0, 26, 169, 7568 }, // U+042A
    { 33, 26, 559, 1, 26, 215, 7737 }, // U+042B
    { 22, 26, 371, 1, 26, 143, 7952 }, // U+042C
    { 21, 28, 371, 1, 27, 147, 8095 }, // U+042D
    { 36, 28, 606, 1, 27, 252, 8242 }, // U+042E
    { 24, 26, 392, 0, 26, 156, 8494 }, // U+042F
    { 19, 18, 311, 1, 18, 86, 8650 }, // U+0430
    { 18, 30, 332, 2, 30, 135, 8736 }, // U+0431
    { 18, 18, 316, 1, 18, 81, 8871 }, // U+0432
    { 16, 18, 272, 1, 18, 72, 8952 }, // U+0433
    { 21, 24, 348, 0, 18, 126, 9024 }, // U+0434
    { 17, 18, 311, 1, 18, 77, 9150 }, // U+0435
    { 29, 18, 466, 0, 18, 131, 9227 }, // U+0436
    { 15, 18, 264, 1, 18, 68, 9358 }, // U+0437
    { 22, 18, 393, 1, 18, 99, 9426 }, // U+0438
    { 22, 29, 393, 1, 29, 160, 9525 }, // U+0439
    { 20, 18, 339, 1, 18, 90, 9685 }, // U+043A
    { 21, 18, 353, 0, 18, 95, 9775 }, // U+043B
    { 26, 18, 451, 1, 18, 117, 9870 }, // U+043C
    { 22, 18, 385, 1, 18, 99, 9987 }, // U+043D
    { 19, 18, 335, 1, 18, 86, 10086 }, // U+043E
    { 22, 18, 381, 1, 18, 99, 10172 }, // U+043F
    { 20, 27, 356, 1, 18, 135, 10271 }, // U+0440
    { 17, 18, 299, 1, 18, 77, 10406 }, // U+0441
    { 20, 18, 323, 0, 18, 90, 10483 }, // U+0442
    { 20, 27, 313, 0, 18, 135, 10573 }, // U+0443
    { 26, 37, 452, 1, 28, 241, 10708 }, // U+0444
    { 20, 18, 322, 0, 18, 90, 10949 }, // U+0445
    { 22, 24, 381, 1, 18, 132, 11039 }, // U+0446
    { 20, 18, 339, 0, 18, 90, 11171 }, // U+0447
    { 30, 18, 521, 1, 18, 135, 11261 }, // U+0448
    { 31, 24, 524, 1, 18, 186, 11396 }, // U+0449
    { 22, 18, 376, 1, 18, 99, 11582 }, // U+044A
    { 27, 18, 460, 1, 18, 122, 11681 }, // U+044B
    { 18, 18, 309, 1, 18, 81, 11803 }, // U+044C
    { 16, 18, 293, 1, 18, 72, 11884 }, // U+044D
    { 28, 18, 488, 1, 18, 126, 11956 }, // U+044E
    { 19, 18, 326, 0, 18, 86, 12082 }, // U+044F
    { 17, 30, 311, 1, 30, 128, 12168 }, // U+0450
    { 17, 28, 311, 1, 28, 119, 12296 }, // U+0451
    { 19, 35, 329, 1, 29, 167, 12415 }, // U+0452
    { 16, 30, 272, 1, 30, 120, 12582 }, // U+0453
    { 17, 18, 299, 1, 18, 77, 12702 }, // U+0454
    { 15, 18, 265, 1, 18, 68, 12779 }, // U+0455
    { 10, 28, 182, 1, 28, 70, 12847 }, // U+0456
    { 13, 28, 182, -1, 28, 91, 12917 }, // U+0457
    { 13, 37, 171, -4, 28, 121, 13008 }, // U+0458
    { 28, 18, 461, 0, 18, 126, 13129 }, // U+0459
    { 30, 18, 499, 1, 18, 135, 13255 }, // U+045A
    { 22, 29, 367, 0, 29, 160, 13390 }, // U+045B
    { 20, 30, 339, 1, 30, 150, 13550 }, // U+045C
    { 22, 30, 393, 1, 30, 165, 13700 }, // U+045D
    { 20, 38, 313, 0, 29, 190, 13865 }, // U+045E
    { 22, 24, 385, 1, 18, 132, 14055 }, // U+045F
    { 27, 29, 430, 0, 29, 196, 14187 }, // U+0462
    { 22, 26, 370, 0, 26, 143, 14383 }, // U+0463
    { 25, 28, 429, 1, 27, 175, 14526 }, // U+0472
    { 19, 18, 335, 1, 18, 86, 14701 }, // U+0473
    { 27, 27, 415, 0, 27, 183, 14787 }, // U+0474
    { 22, 18, 326, -1, 18, 99, 14970 }, // U+0475
    { 20, 32, 342, 1, 32, 160, 15069 }, // U+0490
    { 16, 24, 275, 1, 24, 96, 15229 }, // U+0491
    { 20, 26, 342, 1, 26, 130, 15325 }, // U+0492
    { 16, 18, 272, 1, 18, 72, 15455 }, // U+0493
    { 36, 34, 562, 0, 27, 306, 15527 }, // U+0496
    { 30, 24, 466, 0, 18, 180, 15833 }, // U+0497
    { 19, 36, 335, 1, 27, 171, 16013 }, // U+0498
    { 15, 26, 264, 1, 18, 98, 16184 }, // U+0499
    { 25, 34, 400, 1, 27, 213, 16282 }, // U+049A
    { 21, 24, 339, 1, 18, 126, 16495 }, // U+049B
    { 29, 27, 460, 0, 27, 196, 16621 }, // U+04A0
    { 24, 18, 399, 1, 18, 108, 16817 }, // U+04A1
    { 28, 34, 478, 1, 26, 238, 16925 }, // U+04A2
    { 23, 24, 389, 1, 18, 138, 17163 }, // U+04A3
    { 22, 36, 383, 1, 27, 198, 17301 }, // U+04AA
    { 17, 26, 299, 1, 18, 111, 17499 }, // U+04AB
    { 24, 26, 384, 0, 26, 156, 17610 }, // U+04AE
    { 21, 27, 314, -1, 18, 142, 17766 }, // U+04AF
    { 24, 26, 384, 0, 26, 156, 17908 }, // U+04B0
    { 21, 27, 314, -1, 18, 142, 18064 }, // U+04B1
    { 25, 34, 395, 0, 26, 213, 18206 }, // U+04B2
    { 21, 24, 322, 0, 18, 126, 18419 }, // U+04B3
    { 26, 34, 428, 0, 26, 221, 18545 }, // U+04B6
    { 21, 24, 342, 0, 18, 126, 18766 }, // U+04B7
    { 25, 26, 430, 1, 26, 163, 18892 }, // U+04BA
    { 22, 28, 367, 0, 28, 154, 19055 }, // U+04BB
    { 12, 26, 227, 1, 26, 78, 19209 }, // U+04C0
    { 36, 34, 562, 0, 34, 306, 19287 }, // U+04C1
    { 29, 29, 466, 0, 29, 211, 19593 }, // U+04C2
    { 11, 29, 183, 0, 29, 80, 19804 }, // U+04CF
    { 25, 34, 404, 0, 34, 213, 19884 }, // U+04D0
    { 19, 29, 311, 1, 29, 138, 20097 }, // U+04D1
    { 34, 26, 558, 0, 26, 221, 20235 }, // U+04D4
    { 28, 18, 478, 1, 18, 126, 20456 }, // U+04D5
    { 21, 34, 366, 1, 34, 179, 20582 }, // U+04D6
    { 17, 29, 311, 1, 29, 124, 20761 }, // U+04D7
    { 23, 28, 399, 1, 27, 161, 20885 }, // U+04D8
    { 18, 18, 316, 1, 18, 81, 21046 }, // U+04D9
    { 28, 31, 483, 1, 31, 217, 21127 }, // U+04E2
    { 22, 26, 393, 1, 26, 143, 21344 }, // U+04E3
    { 25, 34, 429, 1, 33, 213, 21487 }, // U+04E6
    { 19, 28, 335, 1, 28, 133, 21700 }, // U+04E7
    { 25, 28, 429, 1, 27, 175, 21833 }, // U+04E8
    { 19, 18, 335, 1, 18, 86, 22008 }, // U+04E9
    { 26, 33, 407, 0, 31, 215, 22094 }, // U+04EE
    { 20, 35, 313, 0, 26, 175, 22309 }, // U+04EF
    { 26, 37, 407, 0, 35, 241, 22484 }, // U+04F2
    { 20, 39, 313, 0, 30, 195, 22725 }, // U+04F3
    { 25, 33, 404, 0, 26, 207, 0 }, // U+1EA0
    { 19, 25, 311, 1, 18, 119, 207 }, // U+1EA1
    { 25, 34, 404, 0, 34, 213, 326 }, // U+1EA2
    { 19, 29, 311, 1, 29, 138, 539 }, // U+1EA3
    { 25, 36, 404, 0, 36, 225, 677 }, // U+1EA4
    { 19, 31, 311, 1, 31, 148, 902 }, // U+1EA5
    { 25, 36, 404, 0, 36, 225, 1050 }, // U+1EA6
    { 20, 31, 311, 0, 31, 155, 1275 }, // U+1EA7
    { 25, 37, 404, 0, 37, 232, 1430 }, // U+1EA8
    { 19, 33, 311, 1, 33, 157, 1662 }, // U+1EA9
    { 25, 38, 404, 0, 38, 238, 1819 }, // U+1EAA
    { 19, 32, 311, 1, 32, 152, 2057 }, // U+1EAB
    { 25, 40, 404, 0, 33, 250, 2209 }, // U+1EAC
    { 19, 36, 311, 1, 29, 171, 2459 }, // U+1EAD
    { 25, 39, 404, 0, 39, 244, 2630 }, // U+1EAE
    { 19, 33, 311, 1, 33, 157, 2874 }, // U+1EAF
    { 25, 39, 404, 0, 39, 244, 3031 }, // U+1EB0
    { 19, 33, 311, 1, 33, 157, 3275 }, // U+1EB1
    { 25, 38, 404, 0, 38, 238, 3432 }, // U+1EB2
    { 19, 33, 311, 1, 33, 157, 3670 }, // U+1EB3
    { 25, 38, 404, 0, 38, 238, 3827 }, // U+1EB4
    { 19, 33, 311, 1, 33, 157, 4065 }, // U+1EB5
    { 25, 40, 404, 0, 33, 250, 4222 }, // U+1EB6
    { 19, 36, 311, 1, 29, 171, 4472 }, // U+1EB7
    { 21, 33, 366, 1, 26, 174, 4643 }, // U+1EB8
    { 17, 25, 311, 1, 18, 107, 4817 }, // U+1EB9
    { 21, 34, 366, 1, 34, 179, 4924 }, // U+1EBA
    { 17, 29, 311, 1, 29, 124, 5103 }, // U+1EBB
    { 21, 33, 366, 1, 33, 174, 5227 }, // U+1EBC
    { 17, 27, 311, 1, 27, 115, 5401 }, // U+1EBD
    { 21, 36, 366, 1, 36, 189, 5516 }, // U+1EBE
    { 19, 31, 311, 1, 31, 148, 5705 }, // U+1EBF
    { 21, 36, 366, 1, 36, 189, 5853 }, // U+1EC0
    { 17, 31, 311, 1, 31, 132, 6042 }, // U+1EC1
    { 21, 37, 366, 1, 37, 195, 6174 }, // U+1EC2
    { 18, 33, 311, 1, 33, 149, 6369 }, // U+1EC3
    { 21, 38, 366, 1, 38, 200, 6518 }, // U+1EC4
    { 17, 32, 311, 1, 32, 136, 6718 }, // U+1EC5
    { 21, 40, 366, 1, 33, 210, 6854 }, // U+1EC6
    { 17, 36, 311, 1, 29, 153, 7064 }, // U+1EC7
    { 12, 34, 227, 1, 34, 102, 7217 }, // U+1EC8
    { 10, 29, 182, 1, 29, 73, 7319 }, // U+1EC9
    { 12, 33, 227, 1, 26, 99, 7392 }, // U+1ECA
    { 10, 35, 182, 1, 28, 88, 7491 }, // U+1ECB
    { 25, 34, 429, 1, 27, 213, 7579 }, // U+1ECC
    { 19, 25, 335, 1, 18, 119, 7792 }, // U+1ECD
    { 25, 35, 429, 1, 34, 219, 7911 }, // U+1ECE
    { 19, 29, 335, 1, 29, 138, 8130 }, // U+1ECF
    { 25, 37, 429, 1, 36, 232, 8268 }, // U+1ED0
    { 19, 31, 335, 1, 31, 148, 8500 }, // U+1ED1
    { 25, 37, 429, 1, 36, 232, 8648 }, // U+1ED2
    { 19, 31, 335, 1, 31, 148, 8880 }, // U+1ED3
    { 25, 38, 429, 1, 37, 238, 9028 }, // U+1ED4
    { 19, 33, 335, 1, 33, 157, 9266 }, // U+1ED5
    { 25, 39, 429, 1, 38, 244, 9423 }, // U+1ED6
    { 19, 32, 335, 1, 32, 152, 9667 }, // U+1ED7
    { 25, 40, 429, 1, 33, 250, 9819 }, // U+1ED8
    { 19, 36, 335, 1, 29, 171, 10069 }, // U+1ED9
    { 25, 35, 429, 1, 34, 219, 10240 }, // U+1EDA
    { 20, 30, 335, 1, 30, 150, 10459 }, // U+1EDB
    { 25, 35, 429, 1, 34, 219, 10609 }, // U+1EDC
    { 20, 30, 335, 1, 30, 150, 10828 }, // U+1EDD
    { 25, 35, 429, 1, 34, 219, 10978 }, // U+1EDE
    { 20, 29, 335, 1, 29, 145, 11197 }, // U+1EDF
    { 25, 34, 429, 1, 33, 213, 11342 }, // U+1EE0
    { 20, 27, 335, 1, 27, 135, 11555 }, // U+1EE1
    { 25, 38, 429, 1, 31, 238, 11690 }, // U+1EE2
    { 20, 31, 335, 1, 24, 155, 11928 }, // U+1EE3
    { 26, 33, 442, 1, 26, 215, 12083 }, // U+1EE4
    { 22, 27, 356, 0, 20, 149, 12298 }, // U+1EE5
    { 26, 35, 442, 1, 34, 228, 12447 }, // U+1EE6
    { 22, 29, 356, 0, 29, 160, 12675 }, // U+1EE7
    { 28, 35, 442, 1, 34, 245, 12835 }, // U+1EE8
    { 22, 30, 356, 0, 30, 165, 13080 }, // U+1EE9
    { 28, 35, 442, 1, 34, 245, 13245 }, // U+1EEA
    { 22, 30, 356, 0, 30, 165, 13490 }, // U+1EEB
    { 28, 35, 442, 1, 34, 245, 13655 }, // U+1EEC
    { 22, 29, 356, 0, 29, 160, 13900 }, // U+1EED
    { 28, 34, 442, 1, 33, 238, 14060 }, // U+1EEE
    { 22, 27, 356, 0, 27, 149, 14298 }, // U+1EEF
    { 28, 39, 442, 1, 32, 273, 14447 }, // U+1EF0
    { 22, 33, 356, 0, 26, 182, 14720 }, // U+1EF1
    { 24, 34, 384, 0, 34, 204, 14902 }, // U+1EF2
    { 20, 39, 313, 0, 30, 195, 15106 }, // U+1EF3
    { 24, 33, 384, 0, 26, 198, 15301 }, // U+1EF4
    { 20, 27, 313, 0, 18, 135, 15499 }, // U+1EF5
    { 24, 34, 384, 0, 34, 204, 15634 }, // U+1EF6
    { 20, 38, 313, 0, 29, 190, 15838 }, // U+1EF7
    { 24, 33, 384, 0, 33, 198, 16028 }, // U+1EF8
    { 20, 36, 313, 0, 27, 180, 16226 }, // U+1EF9
    { 0, 0, 304, 0, 0, 0, 0 }, // U+2002
    { 0, 0, 608, 0, 0, 0, 0 }, // U+2003
    { 0, 0, 202, 0, 0, 0, 0 }, // U+2004
    { 0, 0, 152, 0, 0, 0, 0 }, // U+2005
    { 0, 0, 102, 0, 0, 0, 0 }, // U+2006
    { 0, 0, 307, 0, 0, 0, 0 }, // U+2007
    { 0, 0, 76, 0, 0, 0, 0 }, // U+2009
    { 0, 0, 26, 0, 0, 0, 0 }, // U+200A
    { 0, 0, 0, 0, 0, 0, 0 }, // U+200B
    { 10, 2, 192, 1, 10, 5, 0 }, // U+2010
    { 17, 2, 307, 1, 13, 9, 5 }, // U+2012
    { 18, 2, 313, 1, 10, 9, 14 }, // U+2013
    { 29, 2, 496, 1, 10, 15, 23 }, // U+2014
    { 29, 2, 496, 1, 10, 15, 38 }, // U+2015
    { 7, 11, 130, 1, 29, 20, 53 }, // U+2018
    { 7, 11, 130, 0, 28, 20, 73 }, // U+2019
    { 7, 11, 130, 0, 5, 20, 93 }, // U+201A
    { 15, 11, 254, 1, 29, 42, 113 }, // U+201C
    { 15, 11, 254, 0, 28, 42, 155 }, // U+201D
    { 15, 11, 254, 0, 5, 42, 197 }, // U+201E
    { 18, 31, 312, 1, 28, 140, 239 }, // U+2020
    { 18, 32, 312, 1, 28, 144, 379 }, // U+2021
    { 10, 9, 187, 1, 17, 23, 523 }, // U+2022
    { 18, 6, 365, 2, 6, 27, 546 }, // U+2025
    { 27, 6, 500, 2, 6, 41, 573 }, // U+2026
    { 0, 0, 76, 0, 0, 0, 614 }, // U+202F
    { 45, 27, 761, 1, 26, 304, 614 }, // U+2030
    { 5, 13, 152, 2, 28, 17, 918 }, // U+2032
    { 13, 13, 266, 2, 28, 43, 935 }, // U+2033
    { 9, 17, 177, 1, 18, 39, 978 }, // U+2039
    { 9, 17, 177, 1, 18, 39, 1017 }, // U+203A
    { 16, 27, 347, 3, 27, 108, 1056 }, // U+203C
    { 20, 27, 85, -7, 26, 135, 1164 }, // U+2044
    { 26, 28, 485, 2, 28, 182, 1299 }, // U+2047
    { 22, 28, 421, 2, 28, 154, 1481 }, // U+2048
    { 21, 28, 420, 3, 28, 147, 1635 }, // U+2049
    { 12, 16, 225, 1, 32, 48, 0 }, // U+2070
    { 8, 19, 125, 0, 35, 38, 48 }, // U+2071
    { 12, 16, 225, 1, 32, 48, 86 }, // U+2074
    { 12, 16, 225, 1, 32, 48, 134 }, // U+2075
    { 12, 16, 225, 1, 32, 48, 182 }, // U+2076
    { 11, 15, 225, 2, 31, 42, 230 }, // U+2077
    { 12, 16, 225, 1, 32, 48, 272 }, // U+2078
    { 12, 17, 225, 1, 33, 51, 320 }, // U+2079
    { 7, 22, 155, 2, 34, 39, 371 }, // U+207D
    { 7, 22, 155, 1, 34, 39, 410 }, // U+207E
    { 16, 13, 253, 0, 29, 52, 449 }, // U+207F
    { 12, 16, 225, 1, 8, 48, 501 }, // U+2080
    { 11, 16, 225, 2, 8, 44, 549 }, // U+2081
    { 12, 15, 225, 1, 7, 45, 593 }, // U+2082
    { 12, 16, 225, 1, 8, 48, 638 }, // U+2083
    { 12, 16, 225, 1, 8, 48, 686 }, // U+2084
    { 12, 16, 225, 1, 8, 48, 734 }, // U+2085
    { 12, 16, 225, 1, 8, 48, 782 }, // U+2086
    { 11, 15, 225, 2, 7, 42, 830 }, // U+2087
    { 12, 16, 225, 1, 8, 48, 872 }, // U+2088
    { 12, 17, 225, 1, 9, 51, 920 }, // U+2089
    { 7, 22, 155, 2, 10, 39, 971 }, // U+208D
    { 7, 22, 155, 1, 10, 39, 1010 }, // U+208E
    { 19, 34, 307, 0, 30, 162, 0 }, // U+20A1
    { 17, 26, 307, 1, 26, 111, 162 }, // U+20A4
    { 20, 25, 307, 0, 25, 125, 273 }, // U+20A6
    { 19, 25, 307, 0, 25, 119, 398 }, // U+20A7
    { 21, 26, 307, -1, 26, 137, 517 }, // U+20A9
    { 17, 27, 307, 1, 27, 115, 654 }, // U+20AB
    { 19, 26, 307, 0, 26, 124, 769 }, // U+20AC
    { 19, 25, 307, 0, 25, 119, 893 }, // U+20AE
    { 19, 25, 307, 0, 25, 119, 1012 }, // U+20B1
    { 19, 34, 307, 1, 30, 162, 1131 }, // U+20B2
    { 19, 26, 307, 0, 26, 124, 1293 }, // U+20B4
    { 17, 34, 307, 1, 30, 145, 1417 }, // U+20B5
    { 19, 25, 307, 0, 25, 119, 1562 }, // U+20B8
    { 16, 26, 307, 1, 25, 104, 1681 }, // U+20B9
    { 19, 26, 307, 0, 26, 124, 1785 }, // U+20BA
    { 19, 25, 307, 0, 25, 119, 1909 }, // U+20BD
    { 19, 34, 307, 0, 29, 162, 2028 }, // U+20BF
    { 25, 24, 401, 0, 23, 150, 0 }, // U+2190
    { 23, 24, 401, 1, 23, 138, 150 }, // U+2191
    { 25, 24, 401, 0, 23, 150, 288 }, // U+2192
    { 23, 24, 401, 1, 23, 138, 438 }, // U+2193
    { 19, 19, 401, 3, 20, 91, 576 }, // U+2196
    { 19, 19, 401, 3, 20, 91, 667 }, // U+2197
    { 19, 18, 401, 3, 21, 86, 758 }, // U+2198
    { 19, 18, 401, 3, 21, 86, 844 }, // U+2199
    { 18, 26, 325, 2, 25, 117, 0 }, // U+2202
    { 21, 26, 361, 1, 26, 137, 117 }, // U+2206
    { 27, 31, 469, 1, 25, 210, 254 }, // U+220F
    { 20, 31, 342, 1, 26, 155, 464 }, // U+2211
    { 19, 3, 323, 1, 14, 15, 619 }, // U+2212
    { 20, 27, 85, -7, 26, 135, 634 }, // U+2215
    { 7, 6, 182, 2, 16, 11, 769 }, // U+2219
    { 21, 34, 340, 1, 30, 179, 780 }, // U+221A
    { 28, 13, 477, 1, 19, 91, 959 }, // U+221E
    { 20, 39, 219, -3, 30, 195, 1050 }, // U+222B
    { 18, 15, 323, 1, 20, 68, 1245 }, // U+2248
    { 19, 21, 323, 1, 23, 100, 1313 }, // U+2260
    { 19, 22, 323, 1, 22, 105, 1413 }, // U+2264
    { 19, 22, 323, 1, 22, 105, 1518 }, // U+2265
    { 27, 29, 401, 1, 29, 196, 0 }, // U+FB00
    { 21, 29, 370, 1, 29, 153, 196 }, // U+FB01
    { 22, 29, 374, 1, 29, 160, 349 }, // U+FB02
    { 33, 29, 556, 1, 29, 240, 509 }, // U+FB03
    { 34, 29, 560, 1, 29, 247, 749 }, // U+FB04
};

static const EpdUnicodeInterval sourceserif4_18_regularIntervals[] = {
    { 0x20, 0x7E, 0x0 },
    { 0xA0, 0x12B, 0x5F },
    { 0x12E, 0x131, 0xEB },
    { 0x134, 0x165, 0xEF },
    { 0x168, 0x17F, 0x121 },
    { 0x1A0, 0x1A1, 0x139 },
    { 0x1AF, 0x1B0, 0x13B },
    { 0x1CD, 0x1DC, 0x13D },
    { 0x1E6, 0x1E7, 0x14D },
    { 0x1F8, 0x1F9, 0x14F },
    { 0x218, 0x21B, 0x151 },
    { 0x300, 0x304, 0x155 },
    { 0x306, 0x30C, 0x15A },
    { 0x31B, 0x31B, 0x161 },
    { 0x323, 0x324, 0x162 },
    { 0x326, 0x329, 0x164 },
    { 0x32E, 0x32E, 0x168 },
    { 0x331, 0x331, 0x169 },
    { 0x400, 0x45F, 0x16A },
    { 0x462, 0x463, 0x1CA },
    { 0x472, 0x475, 0x1CC },
    { 0x490, 0x493, 0x1D0 },
    { 0x496, 0x49B, 0x1D4 },
    { 0x4A0, 0x4A3, 0x1DA },
    { 0x4AA, 0x4AB, 0x1DE },
    { 0x4AE, 0x4B3, 0x1E0 },
    { 0x4B6, 0x4B7, 0x1E6 },
    { 0x4BA, 0x4BB, 0x1E8 },
    { 0x4C0, 0x4C2, 0x1EA },
    { 0x4CF, 0x4D1, 0x1ED },
    { 0x4D4, 0x4D9, 0x1F0 },
    { 0x4E2, 0x4E3, 0x1F6 },
    { 0x4E6, 0x4E9, 0x1F8 },
    { 0x4EE, 0x4EF, 0x1FC },
    { 0x4F2, 0x4F3, 0x1FE },
    { 0x1EA0, 0x1EF9, 0x200 },
    { 0x2002, 0x2007, 0x25A },
    { 0x2009, 0x200B, 0x260 },
    { 0x2010, 0x2010, 0x263 },
    { 0x2012, 0x2015, 0x264 },
    { 0x2018, 0x201A, 0x268 },
    { 0x201C, 0x201E, 0x26B },
    { 0x2020, 0x2022, 0x26E },
    { 0x2025, 0x2026, 0x271 },
    { 0x202F, 0x2030, 0x273 },
    { 0x2032, 0x2033, 0x275 },
    { 0x2039, 0x203A, 0x277 },
    { 0x203C, 0x203C, 0x279 },
    { 0x2044, 0x2044, 0x27A },
    { 0x2047, 0x2049, 0x27B },
    { 0x2070, 0x2071, 0x27E },
    { 0x2074, 0x2079, 0x280 },
    { 0x207D, 0x2089, 0x286 },
    { 0x208D, 0x208E, 0x293 },
    { 0x20A1, 0x20A1, 0x295 },
    { 0x20A4, 0x20A4, 0x296 },
    { 0x20A6, 0x20A7, 0x297 },
    { 0x20A9, 0x20A9, 0x299 },
    { 0x20AB, 0x20AC, 0x29A },
    { 0x20AE, 0x20AE, 0x29C },
    { 0x20B1, 0x20B2, 0x29D },
    { 0x20B4, 0x20B5, 0x29F },
    { 0x20B8, 0x20BA, 0x2A1 },
    { 0x20BD, 0x20BD, 0x2A4 },
    { 0x20BF, 0x20BF, 0x2A5 },
    { 0x2190, 0x2193, 0x2A6 },
    { 0x2196, 0x2199, 0x2AA },
    { 0x2202, 0x2202, 0x2AE },
    { 0x2206, 0x2206, 0x2AF },
    { 0x220F, 0x220F, 0x2B0 },
    { 0x2211, 0x2212, 0x2B1 },
    { 0x2215, 0x2215, 0x2B3 },
    { 0x2219, 0x221A, 0x2B4 },
    { 0x221E, 0x221E, 0x2B6 },
    { 0x222B, 0x222B, 0x2B7 },
    { 0x2248, 0x2248, 0x2B8 },
    { 0x2260, 0x2260, 0x2B9 },
    { 0x2264, 0x2265, 0x2BA },
    { 0xFB00, 0xFB04, 0x2BC },
};

static const EpdFontGroup sourceserif4_18_regularGroups[] = {
    { 0, 4400, 11509, 95, 0 },
    { 4400, 3758, 13836, 96, 95 },
    { 8158, 4550, 21485, 122, 191 },
    { 12708, 1407, 5548, 28, 313 },
    { 14115, 244, 362, 21, 341 },
    { 14359, 6272, 24428, 150, 362 },
    { 20631, 2474, 17731, 90, 512 },
    { 23105, 780, 1949, 36, 602 },
    { 23885, 412, 1079, 23, 638 },
    { 24297, 1029, 2345, 17, 661 },
    { 25326, 400, 994, 8, 678 },
    { 25726, 697, 1710, 14, 686 },
    { 26423, 315, 1073, 5, 700 },
};

static const EpdKernClassEntry sourceserif4_18_regularKernLeftClasses[] = {
    { 0x0022, 1 }, // "
    { 0x0023, 2 }, // #
    { 0x0024, 3 }, // $
    { 0x0026, 4 }, // &
    { 0x0027, 1 }, // '
    { 0x0028, 5 }, // (
    { 0x0029, 6 }, // )
    { 0x002A, 7 }, // *
    { 0x002B, 8 }, // +
    { 0x002C, 9 }, // ,
    { 0x002E, 9 }, // .
    { 0x002F, 10 }, // /
    { 0x0030, 11 }, // 0
    { 0x0031, 12 }, // 1
    { 0x0032, 13 }, // 2
    { 0x0033, 14 }, // 3
    { 0x0034, 15 }, // 4
    { 0x0035, 16 }, // 5
    { 0x0036, 17 }, // 6
    { 0x0037, 18 }, // 7
    { 0x0038, 14 }, // 8
    { 0x0039, 19 }, // 9
    { 0x003A, 20 }, // :
    { 0x003B, 20 }, // ;
    { 0x003C, 21 }, // <
    { 0x003D, 22 }, // =
    { 0x003E, 8 }, // >
    { 0x003F, 23 }, // ?
    { 0x0040, 24 }, // @
    { 0x0041, 25 }, // A
    { 0x0042, 26 }, // B
    { 0x0043, 27 }, // C
    { 0x0044, 28 }, // D
    { 0x0045, 29 }, // E
    { 0x0046, 30 }, // F
    { 0x0047, 31 }, // G
    { 0x0048, 32 }, // H
    { 0x0049, 32 }, // I
    { 0x004A, 33 }, // J
    { 0x004B, 34 }, // K
    { 0x004C, 35 }, // L
    { 0x004D, 32 }, // M
    { 0x004E, 36 }, // N
    { 0x004F, 37 }, // O
    { 0x0050, 38 }, // P
    { 0x0051, 37 }, // Q
    { 0x0052, 39 }, // R
    { 0x0053, 40 }, // S
    { 0x0054, 41 }, // T
    { 0x0055, 42 }, // U
    { 0x0056, 43 }, // V
    { 0x0057, 44 }, // W
    { 0x0058, 45 }, // X
    { 0x0059, 46 }, // Y
    { 0x005A, 47 }, // Z
    { 0x005B, 5 }, // [
    { 0x005C, 48 }, // <backslash>
    { 0x005D, 6 }, // ]
    { 0x005F, 49 }, // _
    { 0x0061, 50 }, // a
    { 0x0062, 51 }, // b
    { 0x0063, 52 }, // c
    { 0x0064, 53 }, // d
    { 0x0065, 54 }, // e
    { 0x0066, 55 }, // f
    { 0x0067, 56 }, // g
    { 0x0068, 57 }, // h
    { 0x0069, 58 }, // i
    { 0x006A, 59 }, // j
    { 0x006B, 60 }, // k
    { 0x006C, 53 }, // l
    { 0x006D, 57 }, // m
    { 0x006E, 57 }, // n
    { 0x006F, 51 }, // o
    { 0x0070, 51 }, // p
    { 0x0071, 61 }, // q
    { 0x0072, 62 }, // r
    { 0x0073, 63 }, // s
    { 0x0074, 64 }, // t
    { 0x0075, 65 }, // u
    { 0x0076, 66 }, // v
    { 0x0077, 66 }, // w
    { 0x0078, 67 }, // x
    { 0x0079, 66 }, // y
    { 0x007A, 68 }, // z
    { 0x007B, 5 }, // {
    { 0x007C, 69 }, // |
    { 0x007D, 6 }, // }
    { 0x007E, 8 }, // ~
    { 0x00A0, 70 }, // U+00A0
    { 0x00A1, 71 }, // U+00A1
    { 0x00A2, 72 }, // U+00A2
    { 0x00A3, 73 }, // U+00A3
    { 0x00A5, 74 }, // U+00A5
    { 0x00A6, 69 }, // U+00A6
    { 0x00A9, 75 }, // U+00A9
    { 0x00AA, 76 }, // U+00AA
    { 0x00AB, 77 }, // U+00AB
    { 0x00AC, 22 }, // U+00AC
    { 0x00AD, 78 }, // U+00AD
    { 0x00AE, 7 }, // U+00AE
    { 0x00B1, 79 }, // U+00B1
    { 0x00B5, 80 }, // U+00B5
    { 0x00B7, 81 }, // U+00B7
    { 0x00BB, 82 }, // U+00BB
    { 0x00BF, 83 }, // U+00BF
    { 0x00C0, 25 }, // U+00C0
    { 0x00C1, 25 }, // U+00C1
    { 0x00C2, 25 }, // U+00C2
    { 0x00C3, 25 }, // U+00C3
    { 0x00C4, 25 }, // U+00C4
    { 0x00C5, 25 }, // U+00C5
    { 0x00C6, 29 }, // U+00C6
    { 0x00C7, 27 }, // U+00C7
    { 0x00C8, 29 }, // U+00C8
    { 0x00C9, 29 }, // U+00C9
    { 0x00CA, 29 }, // U+00CA
    { 0x00CB, 29 }, // U+00CB
    { 0x00CC, 32 }, // U+00CC
    { 0x00CD, 32 }, // U+00CD
    { 0x00CE, 32 }, // U+00CE
    { 0x00CF, 32 }, // U+00CF
    { 0x00D0, 28 }, // U+00D0
    { 0x00D1, 36 }, // U+00D1
    { 0x00D2, 37 }, // U+00D2
    { 0x00D3, 37 }, // U+00D3
    { 0x00D4, 37 }, // U+00D4
    { 0x00D5, 37 }, // U+00D5
    { 0x00D6, 37 }, // U+00D6
    { 0x00D7, 21 }, // U+00D7
    { 0x00D8, 37 }, // U+00D8
    { 0x00D9, 42 }, // U+00D9
    { 0x00DA, 42 }, // U+00DA
    { 0x00DB, 42 }, // U+00DB
    { 0x00DC, 42 }, // U+00DC
    { 0x00DD, 46 }, // U+00DD
    { 0x00DE, 84 }, // U+00DE
    { 0x00DF, 85 }, // U+00DF
    { 0x00E0, 50 }, // U+00E0
    { 0x00E1, 50 }, // U+00E1
    { 0x00E2, 50 }, // U+00E2
    { 0x00E3, 50 }, // U+00E3
    { 0x00E4, 50 }, // U+00E4
    { 0x00E5, 50 }, // U+00E5
    { 0x00E6, 54 }, // U+00E6
    { 0x00E7, 52 }, // U+00E7
    { 0x00E8, 54 }, // U+00E8
    { 0x00E9, 54 }, // U+00E9
    { 0x00EA, 54 }, // U+00EA
    { 0x00EB, 54 }, // U+00EB
    { 0x00EC, 58 }, // U+00EC
    { 0x00ED, 58 }, // U+00ED
    { 0x00EE, 86 }, // U+00EE
    { 0x00EF, 86 }, // U+00EF
    { 0x00F0, 87 }, // U+00F0
    { 0x00F1, 57 }, // U+00F1
    { 0x00F2, 51 }, // U+00F2
    { 0x00F3, 51 }, // U+00F3
    { 0x00F4, 51 }, // U+00F4
    { 0x00F5, 51 }, // U+00F5
    { 0x00F6, 51 }, // U+00F6
    { 0x00F7, 8 }, // U+00F7
    { 0x00F8, 51 }, // U+00F8
    { 0x00F9, 65 }, // U+00F9
    { 0x00FA, 65 }, // U+00FA
    { 0x00FB, 65 }, // U+00FB
    { 0x00FC, 65 }, // U+00FC
    { 0x00FD, 66 }, // U+00FD
    { 0x00FE, 51 }, // U+00FE
    { 0x00FF, 66 }, // U+00FF
    { 0x0100, 25 }, // U+0100
    { 0x0101, 50 }, // U+0101
    { 0x0102, 25 }, // U+0102
    { 0x0103, 50 }, // U+0103
    { 0x0104, 88 }, // U+0104
    { 0x0105, 89 }, // U+0105
    { 0x0106, 27 }, // U+0106
    { 0x0107, 52 }, // U+0107
    { 0x0108, 27 }, // U+0108
    { 0x0109, 52 }, // U+0109
    { 0x010A, 27 }, // U+010A
    { 0x010B, 52 }, // U+010B
    { 0x010C, 27 }, // U+010C
    { 0x010D, 52 }, // U+010D
    { 0x010E, 28 }, // U+010E
    { 0x010F, 90 }, // U+010F
    { 0x0110, 28 }, // U+0110
    { 0x0111, 53 }, // U+0111
    { 0x0112, 29 }, // U+0112
    { 0x0113, 54 }, // U+0113
    { 0x0114, 29 }, // U+0114
    { 0x0115, 54 }, // U+0115
    { 0x0116, 29 }, // U+0116
    { 0x0117, 54 }, // U+0117
    { 0x0118, 91 }, // U+0118
    { 0x0119, 54 }, // U+0119
    { 0x011A, 29 }, // U+011A
    { 0x011B, 54 }, // U+011B
    { 0x011C, 31 }, // U+011C
    { 0x011D, 56 }, // U+011D
    { 0x011E, 31 }, // U+011E
    { 0x011F, 56 }, // U+011F
    { 0x0120, 31 }, // U+0120
    { 0x0121, 56 }, // U+0121
    { 0x0122, 31 }, // U+0122
    { 0x0123, 56 }, // U+0123
    { 0x0124, 32 }, // U+0124
    { 0x0125, 57 }, // U+0125
    { 0x0126, 32 }, // U+0126
    { 0x0127, 57 }, // U+0127
    { 0x0128, 32 }, // U+0128
    { 0x0129, 86 }, // U+0129
    { 0x012A, 32 }, // U+012A
    { 0x012B, 86 }, // U+012B
    { 0x012E, 92 }, // U+012E
    { 0x012F, 93 }, // U+012F
    { 0x0130, 32 }, // U+0130
    { 0x0131, 58 }, // U+0131
    { 0x0134, 33 }, // U+0134
    { 0x0135, 59 }, // U+0135
    { 0x0136, 34 }, // U+0136
    { 0x0137, 60 }, // U+0137
    { 0x0138, 60 }, // U+0138
    { 0x0139, 35 }, // U+0139
    { 0x013A, 53 }, // U+013A
    { 0x013B, 35 }, // U+013B
    { 0x013C, 53 }, // U+013C
    { 0x013D, 94 }, // U+013D
    { 0x013E, 90 }, // U+013E
    { 0x0141, 35 }, // U+0141
    { 0x0142, 95 }, // U+0142
    { 0x0143, 36 }, // U+0143
    { 0x0144, 57 }, // U+0144
    { 0x0145, 36 }, // U+0145
    { 0x0146, 57 }, // U+0146
    { 0x0147, 36 }, // U+0147
    { 0x0148, 57 }, // U+0148
    { 0x014A, 33 }, // U+014A
    { 0x014B, 59 }, // U+014B
    { 0x014C, 37 }, // U+014C
    { 0x014D, 51 }, // U+014D
    { 0x014E, 37 }, // U+014E
    { 0x014F, 51 }, // U+014F
    { 0x0150, 37 }, // U+0150
    { 0x0151, 51 }, // U+0151
    { 0x0152, 29 }, // U+0152
    { 0x0153, 54 }, // U+0153
    { 0x0154, 39 }, // U+0154
    { 0x0155, 62 }, // U+0155
    { 0x0156, 39 }, // U+0156
    { 0x0157, 62 }, // U+0157
    { 0x0158, 39 }, // U+0158
    { 0x0159, 62 }, // U+0159
    { 0x015A, 40 }, // U+015A
    { 0x015B, 63 }, // U+015B
    { 0x015C, 40 }, // U+015C
    { 0x015D, 63 }, // U+015D
    { 0x015E, 40 }, // U+015E
    { 0x015F, 63 }, // U+015F
    { 0x0160, 40 }, // U+0160
    { 0x0161, 63 }, // U+0161
    { 0x0162, 41 }, // U+0162
    { 0x0163, 64 }, // U+0163
    { 0x0164, 41 }, // U+0164
    { 0x0165, 96 }, // U+0165
    { 0x0168, 42 }, // U+0168
    { 0x0169, 65 }, // U+0169
    { 0x016A, 42 }, // U+016A
    { 0x016B, 65 }, // U+016B
    { 0x016C, 42 }, // U+016C
    { 0x016D, 65 }, // U+016D
    { 0x016E, 42 }, // U+016E
    { 0x016F, 65 }, // U+016F
    { 0x0170, 42 }, // U+0170
    { 0x0171, 65 }, // U+0171
    { 0x0172, 42 }, // U+0172
    { 0x0173, 97 }, // U+0173
    { 0x0174, 44 }, // U+0174
    { 0x0175, 66 }, // U+0175
    { 0x0176, 46 }, // U+0176
    { 0x0177, 66 }, // U+0177
    { 0x0178, 46 }, // U+0178
    { 0x0179, 47 }, // U+0179
    { 0x017A, 68 }, // U+017A
    { 0x017B, 47 }, // U+017B
    { 0x017C, 68 }, // U+017C
    { 0x017D, 47 }, // U+017D
    { 0x017E, 68 }, // U+017E
    { 0x017F, 55 }, // U+017F
    { 0x01A0, 37 }, // U+01A0
    { 0x01AF, 98 }, // U+01AF
    { 0x01B0, 99 }, // U+01B0
    { 0x01CD, 25 }, // U+01CD
    { 0x01CE, 50 }, // U+01CE
    { 0x01CF, 32 }, // U+01CF
    { 0x01D0, 86 }, // U+01D0
    { 0x01D1, 37 }, // U+01D1
    { 0x01D2, 51 }, // U+01D2
    { 0x01D3, 42 }, // U+01D3
    { 0x01D4, 65 }, // U+01D4
    { 0x01D5, 42 }, // U+01D5
    { 0x01D6, 65 }, // U+01D6
    { 0x01D7, 42 }, // U+01D7
    { 0x01D8, 65 }, // U+01D8
    { 0x01D9, 42 }, // U+01D9
    { 0x01DA, 65 }, // U+01DA
    { 0x01DB, 42 }, // U+01DB
    { 0x01DC, 65 }, // U+01DC
    { 0x01E6, 31 }, // U+01E6
    { 0x01E7, 56 }, // U+01E7
    { 0x01F8, 36 }, // U+01F8
    { 0x01F9, 57 }, // U+01F9
    { 0x0218, 40 }, // U+0218
    { 0x0219, 63 }, // U+0219
    { 0x021A, 41 }, // U+021A
    { 0x021B, 64 }, // U+021B
    { 0x0400, 100 }, // U+0400
    { 0x0401, 100 }, // U+0401
    { 0x0402, 101 }, // U+0402
    { 0x0403, 102 }, // U+0403
    { 0x0404, 103 }, // U+0404
    { 0x0405, 104 }, // U+0405
    { 0x0406, 105 }, // U+0406
    { 0x0407, 105 }, // U+0407
    { 0x0408, 106 }, // U+0408
    { 0x0409, 107 }, // U+0409
    { 0x040A, 107 }, // U+040A
    { 0x040B, 108 }, // U+040B
    { 0x040C, 109 }, // U+040C
    { 0x040D, 105 }, // U+040D
    { 0x040E, 110 }, // U+040E
    { 0x040F, 105 }, // U+040F
    { 0x0410, 111 }, // U+0410
    { 0x0411, 112 }, // U+0411
    { 0x0412, 112 }, // U+0412
    { 0x0413, 102 }, // U+0413
    { 0x0414, 113 }, // U+0414
    { 0x0415, 100 }, // U+0415
    { 0x0416, 109 }, // U+0416
    { 0x0417, 112 }, // U+0417
    { 0x0418, 105 }, // U+0418
    { 0x0419, 105 }, // U+0419
    { 0x041A, 109 }, // U+041A
    { 0x041B, 105 }, // U+041B
    { 0x041C, 105 }, // U+041C
    { 0x041D, 105 }, // U+041D
    { 0x041E, 114 }, // U+041E
    { 0x041F, 105 }, // U+041F
    { 0x0420, 115 }, // U+0420
    { 0x0421, 103 }, // U+0421
    { 0x0422, 116 }, // U+0422
    { 0x0423, 110 }, // U+0423
    { 0x0424, 117 }, // U+0424
    { 0x0425, 109 }, // U+0425
    { 0x0426, 113 }, // U+0426
    { 0x0427, 105 }, // U+0427
    { 0x0428, 105 }, // U+0428
    { 0x0429, 113 }, // U+0429
    { 0x042A, 107 }, // U+042A
    { 0x042B, 105 }, // U+042B
    { 0x042C, 107 }, // U+042C
    { 0x042D, 114 }, // U+042D
    { 0x042E, 114 }, // U+042E
    { 0x042F, 105 }, // U+042F
    { 0x0430, 118 }, // U+0430
    { 0x0431, 119 }, // U+0431
    { 0x0432, 120 }, // U+0432
    { 0x0433, 121 }, // U+0433
    { 0x0434, 122 }, // U+0434
    { 0x0435, 123 }, // U+0435
    { 0x0436, 124 }, // U+0436
    { 0x0437, 120 }, // U+0437
    { 0x0438, 125 }, // U+0438
    { 0x0439, 125 }, // U+0439
    { 0x043A, 124 }, // U+043A
    { 0x043B, 125 }, // U+043B
    { 0x043C, 125 }, // U+043C
    { 0x043D, 125 }, // U+043D
    { 0x043E, 126 }, // U+043E
    { 0x043F, 125 }, // U+043F
    { 0x0440, 126 }, // U+0440
    { 0x0441, 127 }, // U+0441
    { 0x0442, 121 }, // U+0442
    { 0x0443, 128 }, // U+0443
    { 0x0444, 126 }, // U+0444
    { 0x0445, 124 }, // U+0445
    { 0x0446, 122 }, // U+0446
    { 0x0447, 125 }, // U+0447
    { 0x0448, 125 }, // U+0448
    { 0x0449, 122 }, // U+0449
    { 0x044A, 129 }, // U+044A
    { 0x044B, 125 }, // U+044B
    { 0x044C, 129 }, // U+044C
    { 0x044D, 126 }, // U+044D
    { 0x044E, 126 }, // U+044E
    { 0x044F, 125 }, // U+044F
    { 0x0450, 123 }, // U+0450
    { 0x0451, 123 }, // U+0451
    { 0x0452, 130 }, // U+0452
    { 0x0453, 121 }, // U+0453
    { 0x0454, 127 }, // U+0454
    { 0x0455, 131 }, // U+0455
    { 0x0456, 132 }, // U+0456
    { 0x0457, 133 }, // U+0457
    { 0x0458, 134 }, // U+0458
    { 0x0459, 129 }, // U+0459
    { 0x045A, 129 }, // U+045A
    { 0x045B, 135 }, // U+045B
    { 0x045C, 124 }, // U+045C
    { 0x045D, 125 }, // U+045D
    { 0x045E, 128 }, // U+045E
    { 0x045F, 125 }, // U+045F
    { 0x0462, 136 }, // U+0462
    { 0x0463, 137 }, // U+0463
    { 0x0472, 114 }, // U+0472
    { 0x0473, 126 }, // U+0473
    { 0x0474, 110 }, // U+0474
    { 0x0475, 138 }, // U+0475
    { 0x0490, 139 }, // U+0490
    { 0x0491, 140 }, // U+0491
    { 0x0492, 102 }, // U+0492
    { 0x0493, 121 }, // U+0493
    { 0x0496, 141 }, // U+0496
    { 0x0497, 142 }, // U+0497
    { 0x0498, 112 }, // U+0498
    { 0x0499, 120 }, // U+0499
    { 0x049A, 141 }, // U+049A
    { 0x049B, 142 }, // U+049B
    { 0x04A0, 109 }, // U+04A0
    { 0x04A1, 124 }, // U+04A1
    { 0x04A2, 113 }, // U+04A2
    { 0x04A3, 122 }, // U+04A3
    { 0x04AA, 103 }, // U+04AA
    { 0x04AB, 127 }, // U+04AB
    { 0x04AE, 143 }, // U+04AE
    { 0x04AF, 144 }, // U+04AF
    { 0x04B0, 143 }, // U+04B0
    { 0x04B1, 144 }, // U+04B1
    { 0x04B2, 141 }, // U+04B2
    { 0x04B3, 142 }, // U+04B3
    { 0x04B6, 113 }, // U+04B6
    { 0x04B7, 122 }, // U+04B7
    { 0x04BA, 145 }, // U+04BA
    { 0x04BB, 135 }, // U+04BB
    { 0x04C0, 105 }, // U+04C0
    { 0x04C1, 109 }, // U+04C1
    { 0x04C2, 124 }, // U+04C2
    { 0x04CF, 146 }, // U+04CF
    { 0x04D0, 111 }, // U+04D0
    { 0x04D1, 118 }, // U+04D1
    { 0x04D4, 100 }, // U+04D4
    { 0x04D5, 123 }, // U+04D5
    { 0x04D6, 100 }, // U+04D6
    { 0x04D7, 123 }, // U+04D7
    { 0x04D8, 114 }, // U+04D8
    { 0x04D9, 126 }, // U+04D9
    { 0x04E2, 105 }, // U+04E2
    { 0x04E3, 125 }, // U+04E3
    { 0x04E6, 114 }, // U+04E6
    { 0x04E7, 126 }, // U+04E7
    { 0x04E8, 114 }, // U+04E8
    { 0x04E9, 126 }, // U+04E9
    { 0x04EE, 110 }, // U+04EE
    { 0x04EF, 128 }, // U+04EF
    { 0x04F2, 110 }, // U+04F2
    { 0x04F3, 128 }, // U+04F3
    { 0x1EA0, 25 }, // U+1EA0
    { 0x1EA1, 50 }, // U+1EA1
    { 0x1EA2, 25 }, // U+1EA2
    { 0x1EA3, 50 }, // U+1EA3
    { 0x1EA4, 25 }, // U+1EA4
    { 0x1EA5, 50 }, // U+1EA5
    { 0x1EA6, 25 }, // U+1EA6
    { 0x1EA7, 50 }, // U+1EA7
    { 0x1EA8, 25 }, // U+1EA8
    { 0x1EA9, 50 }, // U+1EA9
    { 0x1EAA, 25 }, // U+1EAA
    { 0x1EAB, 50 }, // U+1EAB
    { 0x1EAC, 25 }, // U+1EAC
    { 0x1EAD, 50 }, // U+1EAD
    { 0x1EAE, 25 }, // U+1EAE
    { 0x1EAF, 50 }, // U+1EAF
    { 0x1EB0, 25 }, // U+1EB0
    { 0x1EB1, 50 }, // U+1EB1
    { 0x1EB2, 25 }, // U+1EB2
    { 0x1EB3, 50 }, // U+1EB3
    { 0x1EB4, 25 }, // U+1EB4
    { 0x1EB5, 50 }, // U+1EB5
    { 0x1EB6, 25 }, // U+1EB6
    { 0x1EB7, 50 }, // U+1EB7
    { 0x1EB8, 29 }, // U+1EB8
    { 0x1EB9, 54 }, // U+1EB9
    { 0x1EBA, 29 }, // U+1EBA
    { 0x1EBB, 54 }, // U+1EBB
    { 0x1EBC, 29 }, // U+1EBC
    { 0x1EBD, 54 }, // U+1EBD
    { 0x1EBE, 29 }, // U+1EBE
    { 0x1EBF, 54 }, // U+1EBF
    { 0x1EC0, 29 }, // U+1EC0
    { 0x1EC1, 54 }, // U+1EC1
    { 0x1EC2, 29 }, // U+1EC2
    { 0x1EC3, 54 }, // U+1EC3
    { 0x1EC4, 29 }, // U+1EC4
    { 0x1EC5, 54 }, // U+1EC5
    { 0x1EC6, 29 }, // U+1EC6
    { 0x1EC7, 54 }, // U+1EC7
    { 0x1EC8, 32 }, // U+1EC8
    { 0x1EC9, 58 }, // U+1EC9
    { 0x1ECA, 32 }, // U+1ECA
    { 0x1ECB, 58 }, // U+1ECB
    { 0x1ECC, 37 }, // U+1ECC
    { 0x1ECD, 51 }, // U+1ECD
    { 0x1ECE, 37 }, // U+1ECE
    { 0x1ECF, 51 }, // U+1ECF
    { 0x1ED0, 37 }, // U+1ED0
    { 0x1ED1, 51 }, // U+1ED1
    { 0x1ED2, 37 }, // U+1ED2
    { 0x1ED3, 51 }, // U+1ED3
    { 0x1ED4, 37 }, // U+1ED4
    { 0x1ED5, 51 }, // U+1ED5
    { 0x1ED6, 37 }, // U+1ED6
    { 0x1ED7, 51 }, // U+1ED7
    { 0x1ED8, 37 }, // U+1ED8
    { 0x1ED9, 51 }, // U+1ED9
    { 0x1EDA, 37 }, // U+1EDA
    { 0x1EDC, 37 }, // U+1EDC
    { 0x1EDE, 37 }, // U+1EDE
    { 0x1EE0, 37 }, // U+1EE0
    { 0x1EE2, 37 }, // U+1EE2
    { 0x1EE4, 42 }, // U+1EE4
    { 0x1EE5, 65 }, // U+1EE5
    { 0x1EE6, 42 }, // U+1EE6
    { 0x1EE7, 65 }, // U+1EE7
    { 0x1EE8, 98 }, // U+1EE8
    { 0x1EE9, 99 }, // U+1EE9
    { 0x1EEA, 98 }, // U+1EEA
    { 0x1EEB, 99 }, // U+1EEB
    { 0x1EEC, 98 }, // U+1EEC
    { 0x1EED, 99 }, // U+1EED
    { 0x1EEE, 98 }, // U+1EEE
    { 0x1EEF, 99 }, // U+1EEF
    { 0x1EF0, 98 }, // U+1EF0
    { 0x1EF1, 99 }, // U+1EF1
    { 0x1EF2, 46 }, // U+1EF2
    { 0x1EF3, 66 }, // U+1EF3
    { 0x1EF4, 46 }, // U+1EF4
    { 0x1EF5, 66 }, // U+1EF5
    { 0x1EF6, 46 }, // U+1EF6
    { 0x1EF7, 66 }, // U+1EF7
    { 0x1EF8, 46 }, // U+1EF8
    { 0x1EF9, 66 }, // U+1EF9
    { 0x2012, 78 }, // U+2012
    { 0x2013, 78 }, // U+2013
    { 0x2014, 78 }, // U+2014
    { 0x2015, 78 }, // U+2015
    { 0x2018, 147 }, // U+2018
    { 0x2019, 148 }, // U+2019
    { 0x201A, 149 }, // U+201A
    { 0x201C, 147 }, // U+201C
    { 0x201D, 148 }, // U+201D
    { 0x201E, 149 }, // U+201E
    { 0x2022, 150 }, // U+2022
    { 0x2026, 9 }, // U+2026
    { 0x2039, 77 }, // U+2039
    { 0x203A, 82 }, // U+203A
    { 0x2071, 76 }, // U+2071
    { 0x207F, 76 }, // U+207F
    { 0x20B9, 151 }, // U+20B9
    { 0x20BA, 152 }, // U+20BA
    { 0x2206, 153 }, // U+2206
    { 0x2212, 8 }, // U+2212
    { 0x2219, 81 }, // U+2219
    { 0x221A, 154 }, // U+221A
    { 0x2248, 22 }, // U+2248
    { 0x2260, 22 }, // U+2260
    { 0x2264, 155 }, // U+2264
    { 0x2265, 156 }, // U+2265
    { 0xFB00, 55 }, // U+FB00
    { 0xFB01, 58 }, // U+FB01
    { 0xFB02, 53 }, // U+FB02
    { 0xFB03, 58 }, // U+FB03
    { 0xFB04, 53 }, // U+FB04
};

static const EpdKernClassEntry sourceserif4_18_regularKernRightClasses[] = {
    { 0x0021, 1 }, // !
    { 0x0022, 2 }, // "
    { 0x0023, 3 }, // #
    { 0x0024, 4 }, // $
    { 0x0025, 5 }, // %
    { 0x0026, 6 }, // &
    { 0x0027, 2 }, // '
    { 0x0028, 7 }, // (
    { 0x0029, 8 }, // )
    { 0x002A, 9 }, // *
    { 0x002B, 10 }, // +
    { 0x002C, 11 }, // ,
    { 0x002E, 11 }, // .
    { 0x002F, 12 }, // /
    { 0x0030, 13 }, // 0
    { 0x0031, 14 }, // 1
    { 0x0032, 15 }, // 2
    { 0x0033, 16 }, // 3
    { 0x0034, 17 }, // 4
    { 0x0035, 18 }, // 5
    { 0x0036, 19 }, // 6
    { 0x0037, 20 }, // 7
    { 0x0038, 21 }, // 8
    { 0x0039, 22 }, // 9
    { 0x003A, 23 }, // :
    { 0x003B, 23 }, // ;
    { 0x003C, 10 }, // <
    { 0x003D, 24 }, // =
    { 0x003E, 25 }, // >
    { 0x003F, 26 }, // ?
    { 0x0040, 27 }, // @
    { 0x0041, 28 }, // A
    { 0x0042, 29 }, // B
    { 0x0043, 30 }, // C
    { 0x0044, 29 }, // D
    { 0x0045, 29 }, // E
    { 0x0046, 29 }, // F
    { 0x0047, 30 }, // G
    { 0x0048, 29 }, // H
    { 0x0049, 29 }, // I
    { 0x004A, 31 }, // J
    { 0x004B, 29 }, // K
    { 0x004C, 29 }, // L
    { 0x004D, 32 }, // M
    { 0x004E, 32 }, // N
    { 0x004F, 30 }, // O
    { 0x0050, 29 }, // P
    { 0x0051, 30 }, // Q
    { 0x0052, 29 }, // R
    { 0x0053, 33 }, // S
    { 0x0054, 34 }, // T
    { 0x0055, 35 }, // U
    { 0x0056, 36 }, // V
    { 0x0057, 37 }, // W
    { 0x0058, 38 }, // X
    { 0x0059, 39 }, // Y
    { 0x005A, 40 }, // Z
    { 0x005B, 7 }, // [
    { 0x005C, 41 }, // <backslash>
    { 0x005D, 8 }, // ]
    { 0x005F, 42 }, // _
    { 0x0061, 43 }, // a
    { 0x0062, 44 }, // b
    { 0x0063, 45 }, // c
    { 0x0064, 45 }, // d
    { 0x0065, 45 }, // e
    { 0x0066, 46 }, // f
    { 0x0067, 47 }, // g
    { 0x0068, 44 }, // h
    { 0x0069, 48 }, // i
    { 0x006A, 49 }, // j
    { 0x006B, 44 }, // k
    { 0x006C, 44 }, // l
    { 0x006D, 50 }, // m
    { 0x006E, 50 }, // n
    { 0x006F, 45 }, // o
    { 0x0070, 51 }, // p
    { 0x0071, 45 }, // q
    { 0x0072, 50 }, // r
    { 0x0073, 52 }, // s
    { 0x0074, 53 }, // t
    { 0x0075, 54 }, // u
    { 0x0076, 55 }, // v
    { 0x0077, 55 }, // w
    { 0x0078, 56 }, // x
    { 0x0079, 57 }, // y
    { 0x007A, 58 }, // z
    { 0x007B, 7 }, // {
    { 0x007C, 59 }, // |
    { 0x007D, 8 }, // }
    { 0x007E, 10 }, // ~
    { 0x00A0, 60 }, // U+00A0
    { 0x00A1, 61 }, // U+00A1
    { 0x00A2, 62 }, // U+00A2
    { 0x00A3, 63 }, // U+00A3
    { 0x00A5, 64 }, // U+00A5
    { 0x00A6, 59 }, // U+00A6
    { 0x00A9, 65 }, // U+00A9
    { 0x00AA, 66 }, // U+00AA
    { 0x00AB, 67 }, // U+00AB
    { 0x00AC, 10 }, // U+00AC
    { 0x00AD, 68 }, // U+00AD
    { 0x00AE, 9 }, // U+00AE
    { 0x00B0, 69 }, // U+00B0
    { 0x00B1, 70 }, // U+00B1
    { 0x00B2, 71 }, // U+00B2
    { 0x00B3, 71 }, // U+00B3
    { 0x00B5, 72 }, // U+00B5
    { 0x00B7, 73 }, // U+00B7
    { 0x00B9, 71 }, // U+00B9
    { 0x00BA, 66 }, // U+00BA
    { 0x00BB, 74 }, // U+00BB
    { 0x00BC, 5 }, // U+00BC
    { 0x00BD, 5 }, // U+00BD
    { 0x00BE, 5 }, // U+00BE
    { 0x00BF, 75 }, // U+00BF
    { 0x00C0, 28 }, // U+00C0
    { 0x00C1, 28 }, // U+00C1
    { 0x00C2, 28 }, // U+00C2
    { 0x00C3, 28 }, // U+00C3
    { 0x00C4, 28 }, // U+00C4
    { 0x00C5, 28 }, // U+00C5
    { 0x00C6, 76 }, // U+00C6
    { 0x00C7, 30 }, // U+00C7
    { 0x00C8, 29 }, // U+00C8
    { 0x00C9, 29 }, // U+00C9
    { 0x00CA, 29 }, // U+00CA
    { 0x00CB, 29 }, // U+00CB
    { 0x00CC, 29 }, // U+00CC
    { 0x00CD, 29 }, // U+00CD
    { 0x00CE, 29 }, // U+00CE
    { 0x00CF, 29 }, // U+00CF
    { 0x00D0, 29 }, // U+00D0
    { 0x00D1, 32 }, // U+00D1
    { 0x00D2, 30 }, // U+00D2
    { 0x00D3, 30 }, // U+00D3
    { 0x00D4, 30 }, // U+00D4
    { 0x00D5, 30 }, // U+00D5
    { 0x00D6, 30 }, // U+00D6
    { 0x00D7, 25 }, // U+00D7
    { 0x00D8, 30 }, // U+00D8
    { 0x00D9, 35 }, // U+00D9
    { 0x00DA, 35 }, // U+00DA
    { 0x00DB, 35 }, // U+00DB
    { 0x00DC, 35 }, // U+00DC
    { 0x00DD, 39 }, // U+00DD
    { 0x00DE, 29 }, // U+00DE
    { 0x00DF, 46 }, // U+00DF
    { 0x00E0, 43 }, // U+00E0
    { 0x00E1, 43 }, // U+00E1
    { 0x00E2, 43 }, // U+00E2
    { 0x00E3, 77 }, // U+00E3
    { 0x00E4, 78 }, // U+00E4
    { 0x00E5, 43 }, // U+00E5
    { 0x00E6, 43 }, // U+00E6
    { 0x00E7, 45 }, // U+00E7
    { 0x00E8, 79 }, // U+00E8
    { 0x00E9, 45 }, // U+00E9
    { 0x00EA, 45 }, // U+00EA
    { 0x00EB, 80 }, // U+00EB
    { 0x00EC, 81 }, // U+00EC
    { 0x00ED, 48 }, // U+00ED
    { 0x00EE, 82 }, // U+00EE
    { 0x00EF, 83 }, // U+00EF
    { 0x00F0, 84 }, // U+00F0
    { 0x00F1, 50 }, // U+00F1
    { 0x00F2, 45 }, // U+00F2
    { 0x00F3, 45 }, // U+00F3
    { 0x00F4, 45 }, // U+00F4
    { 0x00F5, 45 }, // U+00F5
    { 0x00F6, 85 }, // U+00F6
    { 0x00F7, 10 }, // U+00F7
    { 0x00F8, 45 }, // U+00F8
    { 0x00F9, 54 }, // U+00F9
    { 0x00FA, 54 }, // U+00FA
    { 0x00FB, 54 }, // U+00FB
    { 0x00FC, 54 }, // U+00FC
    { 0x00FD, 57 }, // U+00FD
    { 0x00FE, 86 }, // U+00FE
    { 0x00FF, 57 }, // U+00FF
    { 0x0100, 28 }, // U+0100
    { 0x0101, 43 }, // U+0101
    { 0x0102, 28 }, // U+0102
    { 0x0103, 87 }, // U+0103
    { 0x0104, 28 }, // U+0104
    { 0x0105, 43 }, // U+0105
    { 0x0106, 30 }, // U+0106
    { 0x0107, 45 }, // U+0107
    { 0x0108, 30 }, // U+0108
    { 0x0109, 45 }, // U+0109
    { 0x010A, 30 }, // U+010A
    { 0x010B, 45 }, // U+010B
    { 0x010C, 30 }, // U+010C
    { 0x010D, 45 }, // U+010D
    { 0x010E, 29 }, // U+010E
    { 0x010F, 45 }, // U+010F
    { 0x0110, 29 }, // U+0110
    { 0x0111, 45 }, // U+0111
    { 0x0112, 29 }, // U+0112
    { 0x0113, 45 }, // U+0113
    { 0x0114, 29 }, // U+0114
    { 0x0115, 45 }, // U+0115
    { 0x0116, 29 }, // U+0116
    { 0x0117, 45 }, // U+0117
    { 0x0118, 29 }, // U+0118
    { 0x0119, 45 }, // U+0119
    { 0x011A, 29 }, // U+011A
    { 0x011B, 45 }, // U+011B
    { 0x011C, 30 }, // U+011C
    { 0x011D, 47 }, // U+011D
    { 0x011E, 30 }, // U+011E
    { 0x011F, 47 }, // U+011F
    { 0x0120, 30 }, // U+0120
    { 0x0121, 47 }, // U+0121
    { 0x0122, 30 }, // U+0122
    { 0x0123, 47 }, // U+0123
    { 0x0124, 29 }, // U+0124
    { 0x0125, 44 }, // U+0125
    { 0x0126, 29 }, // U+0126
    { 0x0127, 88 }, // U+0127
    { 0x0128, 29 }, // U+0128
    { 0x0129, 89 }, // U+0129
    { 0x012A, 29 }, // U+012A
    { 0x012B, 90 }, // U+012B
    { 0x012E, 29 }, // U+012E
    { 0x012F, 48 }, // U+012F
    { 0x0130, 29 }, // U+0130
    { 0x0131, 50 }, // U+0131
    { 0x0134, 31 }, // U+0134
    { 0x0135, 49 }, // U+0135
    { 0x0136, 29 }, // U+0136
    { 0x0137, 44 }, // U+0137
    { 0x0138, 50 }, // U+0138
    { 0x0139, 29 }, // U+0139
    { 0x013A, 44 }, // U+013A
    { 0x013B, 29 }, // U+013B
    { 0x013C, 44 }, // U+013C
    { 0x013D, 29 }, // U+013D
    { 0x013E, 44 }, // U+013E
    { 0x013F, 29 }, // U+013F
    { 0x0140, 44 }, // U+0140
    { 0x0141, 29 }, // U+0141
    { 0x0142, 44 }, // U+0142
    { 0x0143, 32 }, // U+0143
    { 0x0144, 50 }, // U+0144
    { 0x0145, 32 }, // U+0145
    { 0x0146, 50 }, // U+0146
    { 0x0147, 32 }, // U+0147
    { 0x0148, 50 }, // U+0148
    { 0x014A, 32 }, // U+014A
    { 0x014B, 50 }, // U+014B
    { 0x014C, 30 }, // U+014C
    { 0x014D, 45 }, // U+014D
    { 0x014E, 30 }, // U+014E
    { 0x014F, 45 }, // U+014F
    { 0x0150, 30 }, // U+0150
    { 0x0151, 45 }, // U+0151
    { 0x0152, 30 }, // U+0152
    { 0x0153, 45 }, // U+0153
    { 0x0154, 29 }, // U+0154
    { 0x0155, 50 }, // U+0155
    { 0x0156, 29 }, // U+0156
    { 0x0157, 50 }, // U+0157
    { 0x0158, 29 }, // U+0158
    { 0x0159, 50 }, // U+0159
    { 0x015A, 33 }, // U+015A
    { 0x015B, 52 }, // U+015B
    { 0x015C, 33 }, // U+015C
    { 0x015D, 52 }, // U+015D
    { 0x015E, 33 }, // U+015E
    { 0x015F, 52 }, // U+015F
    { 0x0160, 33 }, // U+0160
    { 0x0161, 91 }, // U+0161
    { 0x0162, 34 }, // U+0162
    { 0x0163, 53 }, // U+0163
    { 0x0164, 34 }, // U+0164
    { 0x0165, 53 }, // U+0165
    { 0x0168, 35 }, // U+0168
    { 0x0169, 54 }, // U+0169
    { 0x016A, 35 }, // U+016A
    { 0x016B, 54 }, // U+016B
    { 0x016C, 35 }, // U+016C
    { 0x016D, 54 }, // U+016D
    { 0x016E, 35 }, // U+016E
    { 0x016F, 54 }, // U+016F
    { 0x0170, 35 }, // U+0170
    { 0x0171, 54 }, // U+0171
    { 0x0172, 35 }, // U+0172
    { 0x0173, 54 }, // U+0173
    { 0x0174, 37 }, // U+0174
    { 0x0175, 55 }, // U+0175
    { 0x0176, 39 }, // U+0176
    { 0x0177, 57 }, // U+0177
    { 0x0178, 39 }, // U+0178
    { 0x0179, 40 }, // U+0179
    { 0x017A, 58 }, // U+017A
    { 0x017B, 40 }, // U+017B
    { 0x017C, 58 }, // U+017C
    { 0x017D, 40 }, // U+017D
    { 0x017E, 58 }, // U+017E
    { 0x017F, 46 }, // U+017F
    { 0x01A0, 30 }, // U+01A0
    { 0x01A1, 45 }, // U+01A1
    { 0x01AF, 35 }, // U+01AF
    { 0x01B0, 54 }, // U+01B0
    { 0x01CD, 28 }, // U+01CD
    { 0x01CE, 43 }, // U+01CE
    { 0x01CF, 29 }, // U+01CF
    { 0x01D0, 90 }, // U+01D0
    { 0x01D1, 30 }, // U+01D1
    { 0x01D2, 45 }, // U+01D2
    { 0x01D3, 35 }, // U+01D3
    { 0x01D4, 54 }, // U+01D4
    { 0x01D5, 35 }, // U+01D5
    { 0x01D6, 54 }, // U+01D6
    { 0x01D7, 35 }, // U+01D7
    { 0x01D8, 54 }, // U+01D8
    { 0x01D9, 35 }, // U+01D9
    { 0x01DA, 54 }, // U+01DA
    { 0x01DB, 35 }, // U+01DB
    { 0x01DC, 54 }, // U+01DC
    { 0x01E6, 30 }, // U+01E6
    { 0x01E7, 47 }, // U+01E7
    { 0x01F8, 32 }, // U+01F8
    { 0x01F9, 50 }, // U+01F9
    { 0x0218, 33 }, // U+0218
    { 0x0219, 52 }, // U+0219
    { 0x021A, 34 }, // U+021A
    { 0x021B, 53 }, // U+021B
    { 0x0400, 92 }, // U+0400
    { 0x0401, 92 }, // U+0401
    { 0x0402, 93 }, // U+0402
    { 0x0403, 92 }, // U+0403
    { 0x0404, 94 }, // U+0404
    { 0x0405, 95 }, // U+0405
    { 0x0406, 92 }, // U+0406
    { 0x0407, 92 }, // U+0407
    { 0x0408, 96 }, // U+0408
    { 0x0409, 97 }, // U+0409
    { 0x040A, 92 }, // U+040A
    { 0x040B, 93 }, // U+040B
    { 0x040C, 92 }, // U+040C
    { 0x040D, 92 }, // U+040D
    { 0x040E, 98 }, // U+040E
    { 0x040F, 92 }, // U+040F
    { 0x0410, 99 }, // U+0410
    { 0x0411, 92 }, // U+0411
    { 0x0412, 92 }, // U+0412
    { 0x0413, 92 }, // U+0413
    { 0x0414, 100 }, // U+0414
    { 0x0415, 92 }, // U+0415
    { 0x0416, 101 }, // U+0416
    { 0x0417, 102 }, // U+0417
    { 0x0418, 92 }, // U+0418
    { 0x0419, 92 }, // U+0419
    { 0x041A, 92 }, // U+041A
    { 0x041B, 97 }, // U+041B
    { 0x041C, 103 }, // U+041C
    { 0x041D, 92 }, // U+041D
    { 0x041E, 94 }, // U+041E
    { 0x041F, 92 }, // U+041F
    { 0x0420, 92 }, // U+0420
    { 0x0421, 94 }, // U+0421
    { 0x0422, 93 }, // U+0422
    { 0x0423, 98 }, // U+0423
    { 0x0424, 104 }, // U+0424
    { 0x0425, 101 }, // U+0425
    { 0x0426, 92 }, // U+0426
    { 0x0427, 105 }, // U+0427
    { 0x0428, 92 }, // U+0428
    { 0x0429, 92 }, // U+0429
    { 0x042A, 93 }, // U+042A
    { 0x042B, 92 }, // U+042B
    { 0x042C, 92 }, // U+042C
    { 0x042D, 102 }, // U+042D
    { 0x042E, 92 }, // U+042E
    { 0x042F, 106 }, // U+042F
    { 0x0430, 107 }, // U+0430
    { 0x0431, 108 }, // U+0431
    { 0x0432, 109 }, // U+0432
    { 0x0433, 109 }, // U+0433
    { 0x0434, 110 }, // U+0434
    { 0x0435, 111 }, // U+0435
    { 0x0436, 112 }, // U+0436
    { 0x0437, 113 }, // U+0437
    { 0x0438, 109 }, // U+0438
    { 0x0439, 109 }, // U+0439
    { 0x043A, 109 }, // U+043A
    { 0x043B, 114 }, // U+043B
    { 0x043C, 109 }, // U+043C
    { 0x043D, 109 }, // U+043D
    { 0x043E, 111 }, // U+043E
    { 0x043F, 109 }, // U+043F
    { 0x0440, 115 }, // U+0440
    { 0x0441, 111 }, // U+0441
    { 0x0442, 116 }, // U+0442
    { 0x0443, 117 }, // U+0443
    { 0x0444, 111 }, // U+0444
    { 0x0445, 112 }, // U+0445
    { 0x0446, 109 }, // U+0446
    { 0x0447, 118 }, // U+0447
    { 0x0448, 109 }, // U+0448
    { 0x0449, 109 }, // U+0449
    { 0x044A, 116 }, // U+044A
    { 0x044B, 109 }, // U+044B
    { 0x044C, 109 }, // U+044C
    { 0x044D, 113 }, // U+044D
    { 0x044E, 109 }, // U+044E
    { 0x044F, 119 }, // U+044F
    { 0x0450, 120 }, // U+0450
    { 0x0451, 120 }, // U+0451
    { 0x0452, 121 }, // U+0452
    { 0x0453, 109 }, // U+0453
    { 0x0454, 111 }, // U+0454
    { 0x0455, 122 }, // U+0455
    { 0x0456, 123 }, // U+0456
    { 0x0457, 124 }, // U+0457
    { 0x0458, 125 }, // U+0458
    { 0x0459, 114 }, // U+0459
    { 0x045A, 109 }, // U+045A
    { 0x045B, 121 }, // U+045B
    { 0x045C, 109 }, // U+045C
    { 0x045D, 109 }, // U+045D
    { 0x045E, 117 }, // U+045E
    { 0x045F, 109 }, // U+045F
    { 0x0462, 126 }, // U+0462
    { 0x0463, 127 }, // U+0463
    { 0x0472, 94 }, // U+0472
    { 0x0473, 111 }, // U+0473
    { 0x0474, 128 }, // U+0474
    { 0x0475, 129 }, // U+0475
    { 0x0490, 92 }, // U+0490
    { 0x0491, 109 }, // U+0491
    { 0x0492, 92 }, // U+0492
    { 0x0493, 109 }, // U+0493
    { 0x0496, 101 }, // U+0496
    { 0x0497, 112 }, // U+0497
    { 0x0498, 102 }, // U+0498
    { 0x0499, 113 }, // U+0499
    { 0x049A, 92 }, // U+049A
    { 0x049B, 109 }, // U+049B
    { 0x04A0, 93 }, // U+04A0
    { 0x04A1, 116 }, // U+04A1
    { 0x04A2, 92 }, // U+04A2
    { 0x04A3, 109 }, // U+04A3
    { 0x04AA, 94 }, // U+04AA
    { 0x04AB, 111 }, // U+04AB
    { 0x04AE, 130 }, // U+04AE
    { 0x04AF, 129 }, // U+04AF
    { 0x04B0, 130 }, // U+04B0
    { 0x04B1, 129 }, // U+04B1
    { 0x04B2, 101 }, // U+04B2
    { 0x04B3, 112 }, // U+04B3
    { 0x04B6, 105 }, // U+04B6
    { 0x04B7, 118 }, // U+04B7
    { 0x04BA, 92 }, // U+04BA
    { 0x04BB, 121 }, // U+04BB
    { 0x04C0, 92 }, // U+04C0
    { 0x04C1, 101 }, // U+04C1
    { 0x04C2, 112 }, // U+04C2
    { 0x04CF, 121 }, // U+04CF
    { 0x04D0, 99 }, // U+04D0
    { 0x04D1, 131 }, // U+04D1
    { 0x04D4, 132 }, // U+04D4
    { 0x04D5, 107 }, // U+04D5
    { 0x04D6, 92 }, // U+04D6
    { 0x04D7, 111 }, // U+04D7
    { 0x04D8, 94 }, // U+04D8
    { 0x04D9, 111 }, // U+04D9
    { 0x04E2, 92 }, // U+04E2
    { 0x04E3, 109 }, // U+04E3
    { 0x04E6, 94 }, // U+04E6
    { 0x04E7, 120 }, // U+04E7
    { 0x04E8, 94 }, // U+04E8
    { 0x04E9, 111 }, // U+04E9
    { 0x04EE, 98 }, // U+04EE
    { 0x04EF, 117 }, // U+04EF
    { 0x04F2, 98 }, // U+04F2
    { 0x04F3, 117 }, // U+04F3
    { 0x1EA0, 28 }, // U+1EA0
    { 0x1EA1, 43 }, // U+1EA1
    { 0x1EA2, 28 }, // U+1EA2
    { 0x1EA3, 43 }, // U+1EA3
    { 0x1EA4, 28 }, // U+1EA4
    { 0x1EA5, 43 }, // U+1EA5
    { 0x1EA6, 28 }, // U+1EA6
    { 0x1EA7, 43 }, // U+1EA7
    { 0x1EA8, 28 }, // U+1EA8
    { 0x1EA9, 43 }, // U+1EA9
    { 0x1EAA, 28 }, // U+1EAA
    { 0x1EAB, 43 }, // U+1EAB
    { 0x1EAC, 28 }, // U+1EAC
    { 0x1EAD, 43 }, // U+1EAD
    { 0x1EAE, 28 }, // U+1EAE
    { 0x1EAF, 43 }, // U+1EAF
    { 0x1EB0, 28 }, // U+1EB0
    { 0x1EB1, 43 }, // U+1EB1
    { 0x1EB2, 28 }, // U+1EB2
    { 0x1EB3, 43 }, // U+1EB3
    { 0x1EB4, 28 }, // U+1EB4
    { 0x1EB5, 43 }, // U+1EB5
    { 0x1EB6, 28 }, // U+1EB6
    { 0x1EB7, 43 }, // U+1EB7
    { 0x1EB8, 29 }, // U+1EB8
    { 0x1EB9, 45 }, // U+1EB9
    { 0x1EBA, 29 }, // U+1EBA
    { 0x1EBB, 45 }, // U+1EBB
    { 0x1EBC, 29 }, // U+1EBC
    { 0x1EBD, 45 }, // U+1EBD
    { 0x1EBE, 29 }, // U+1EBE
    { 0x1EBF, 45 }, // U+1EBF
    { 0x1EC0, 29 }, // U+1EC0
    { 0x1EC1, 45 }, // U+1EC1
    { 0x1EC2, 29 }, // U+1EC2
    { 0x1EC3, 45 }, // U+1EC3
    { 0x1EC4, 29 }, // U+1EC4
    { 0x1EC5, 45 }, // U+1EC5
    { 0x1EC6, 29 }, // U+1EC6
    { 0x1EC7, 45 }, // U+1EC7
    { 0x1EC8, 29 }, // U+1EC8
    { 0x1EC9, 48 }, // U+1EC9
    { 0x1ECA, 29 }, // U+1ECA
    { 0x1ECB, 48 }, // U+1ECB
    { 0x1ECC, 30 }, // U+1ECC
    { 0x1ECD, 45 }, // U+1ECD
    { 0x1ECE, 30 }, // U+1ECE
    { 0x1ECF, 45 }, // U+1ECF
    { 0x1ED0, 30 }, // U+1ED0
    { 0x1ED1, 45 }, // U+1ED1
    { 0x1ED2, 30 }, // U+1ED2
    { 0x1ED3, 45 }, // U+1ED3
    { 0x1ED4, 30 }, // U+1ED4
    { 0x1ED5, 45 }, // U+1ED5
    { 0x1ED6, 30 }, // U+1ED6
    { 0x1ED7, 45 }, // U+1ED7
    { 0x1ED8, 30 }, // U+1ED8
    { 0x1ED9, 45 }, // U+1ED9
    { 0x1EDA, 30 }, // U+1EDA
    { 0x1EDB, 45 }, // U+1EDB
    { 0x1EDC, 30 }, // U+1EDC
    { 0x1EDD, 45 }, // U+1EDD
    { 0x1EDE, 30 }, // U+1EDE
    { 0x1EDF, 45 }, // U+1EDF
    { 0x1EE0, 30 }, // U+1EE0
    { 0x1EE1, 45 }, // U+1EE1
    { 0x1EE2, 30 }, // U+1EE2
    { 0x1EE3, 45 }, // U+1EE3
    { 0x1EE4, 35 }, // U+1EE4
    { 0x1EE5, 54 }, // U+1EE5
    { 0x1EE6, 35 }, // U+1EE6
    { 0x1EE7, 54 }, // U+1EE7
    { 0x1EE8, 35 }, // U+1EE8
    { 0x1EE9, 54 }, // U+1EE9
    { 0x1EEA, 35 }, // U+1EEA
    { 0x1EEB, 54 }, // U+1EEB
    { 0x1EEC, 35 }, // U+1EEC
    { 0x1EED, 54 }, // U+1EED
    { 0x1EEE, 35 }, // U+1EEE
    { 0x1EEF, 54 }, // U+1EEF
    { 0x1EF0, 35 }, // U+1EF0
    { 0x1EF1, 54 }, // U+1EF1
    { 0x1EF2, 39 }, // U+1EF2
    { 0x1EF3, 57 }, // U+1EF3
    { 0x1EF4, 39 }, // U+1EF4
    { 0x1EF5, 57 }, // U+1EF5
    { 0x1EF6, 39 }, // U+1EF6
    { 0x1EF7, 57 }, // U+1EF7
    { 0x1EF8, 39 }, // U+1EF8
    { 0x1EF9, 57 }, // U+1EF9
    { 0x2012, 68 }, // U+2012
    { 0x2013, 68 }, // U+2013
    { 0x2014, 68 }, // U+2014
    { 0x2015, 68 }, // U+2015
    { 0x2018, 133 }, // U+2018
    { 0x2019, 134 }, // U+2019
    { 0x201A, 135 }, // U+201A
    { 0x201C, 133 }, // U+201C
    { 0x201D, 134 }, // U+201D
    { 0x201E, 135 }, // U+201E
    { 0x2022, 136 }, // U+2022
    { 0x2026, 11 }, // U+2026
    { 0x2030, 5 }, // U+2030
    { 0x2032, 2 }, // U+2032
    { 0x2033, 137 }, // U+2033
    { 0x2039, 67 }, // U+2039
    { 0x203A, 74 }, // U+203A
    { 0x2070, 71 }, // U+2070
    { 0x2071, 138 }, // U+2071
    { 0x2074, 71 }, // U+2074
    { 0x2075, 71 }, // U+2075
    { 0x2076, 71 }, // U+2076
    { 0x2077, 71 }, // U+2077
    { 0x2078, 71 }, // U+2078
    { 0x2079, 71 }, // U+2079
    { 0x207D, 139 }, // U+207D
    { 0x207E, 139 }, // U+207E
    { 0x207F, 138 }, // U+207F
    { 0x2080, 140 }, // U+2080
    { 0x2081, 140 }, // U+2081
    { 0x2082, 140 }, // U+2082
    { 0x2083, 140 }, // U+2083
    { 0x2084, 140 }, // U+2084
    { 0x2085, 140 }, // U+2085
    { 0x2086, 140 }, // U+2086
    { 0x2087, 140 }, // U+2087
    { 0x2088, 140 }, // U+2088
    { 0x2089, 140 }, // U+2089
    { 0x20AC, 141 }, // U+20AC
    { 0x20B9, 142 }, // U+20B9
    { 0x20BA, 143 }, // U+20BA
    { 0x2206, 144 }, // U+2206
    { 0x2212, 10 }, // U+2212
    { 0x2219, 73 }, // U+2219
    { 0x2248, 24 }, // U+2248
    { 0x2260, 24 }, // U+2260
    { 0x2264, 145 }, // U+2264
    { 0x2265, 146 }, // U+2265
    { 0xFB00, 46 }, // U+FB00
    { 0xFB01, 46 }, // U+FB01
    { 0xFB02, 46 }, // U+FB02
    { 0xFB03, 46 }, // U+FB03
    { 0xFB04, 46 }, // U+FB04
};

static const int8_t sourceserif4_18_regularKernMatrix[] = {
       0,    0,    0,    0,    0,    0,   -1,    0,    0,    0,  -64,  -49,    0,    0,    0,    0,  -36,  -12,  -16,    0,    0,    0,    0,    0,    0,    0,    0,  -54,    0,  -16,   -6,    0,   -7,   16,   -4,    0,    0,   -1,    0,    0,    0,    0,  -20,    0,  -25,   -2,  -30,    5,    0,   -7,  -13,  -20,   -1,   -1,    0,   -1,    0,   -7,    0,    0,    0,    0,    0,    0,    0,    0,  -29,    0,    0,    0,    0,    0,    0,    0,  -73,  -67,  -20,  -20,  -25,  -25,    5,   29,   29,  -25,  -25,   10,  -20,    0,   29,   29,  -20,    0,   16,  -16,   -7,   -6,  -50,    0,  -54,  -50,   -1,    0,    0,   -1,    0,  -20,  -20,   -1,   -7,  -44,  -25,   -1,   -1,  -46,  -13,    0,    0,    0,  -30,  -25,    0,  -20,    5,   29,    0,    0,   -1,    0,    0,    0,  -20,  -67,    0,    0,    0,    0,    0,    0,    0,    0,    0,    0,    0,  -54,    0,    0,
       0,    0,    0,    0,    0,    0,    0,    0,    0,    0,    0,  -21,    0,  -10,    0,    0,  -10,    0,    0,    0,    0,    1,    0,    0,    0,    0,    0,  -24,    0,    7,    0,    0,    1,    0,    0,  -10,  -10,   -1,   -1,    0,    0,    0,    0,    0,    0,    0,   -5,    0,    0,    0,    0,    0,    5,    0,    1,    0,    1,    0,    0,    0,    0,    0,    0,    0,    0,    0,    0,    0,    0,    0,    0,    0,    0,    0,    0,  -26,    0,    0,    0,    0,    0,    0,    0,    0,    0,    0,    0,    0,    0,    0,    0,    0,    0,    7,    1,    0,    0,    0,  -24,    0,   -1,    0,    0,    0,    0,    0,    0,    0,    0,    0,    0,    0,    0,    0,    0,    0,    1,    0,    0,    0,    0,    0,    0,    0,    0,    0,    0,  -10,    1,   -1,    0,  -26,    0,    0,    0,    0,    0,    0,    0,    0,    0,    0,    0,  -24,    0,    0,
       0,    0,    0,    0,    0,    0,    0,    0,    0,    0,    0,    0,    0,   -5,   -1,    0,    0,    0,    0,   -8,    0,   -6,    0,    0,    0,    0,    0,    0,    0,    0,    0,    0,    0,    0,    0,    0,    0,    0,    0,    0,    0,    0,    0,    0,    0,    0,    0,    0,    0,    0,    0,    0,    0,    0,    0,    0,    0,    0,    0,    0,    0,    0,    0,    0,    0,    0,    0,    0,    0,    0,    0,    0,    0,    0,    0,    0,    0,    0,    0,    0,    0,    0,    0,    0,    0,    0,    0,    0,    0,    0,    0,    0,    0,    0,    0,    0,    0,    0,    0,    0,    0,    0,    0,    0,    0,    0,    0,    0,    0,    0,    0,    0,    0,    0,    0,    0,    0,    0,    0,    0,    0,    0,    0,    0,    0,    0,    0,    0,    0,    0,    0,    0,    0,    0,    0,    0,    0,    0,    0,    0,    0,    0,    0,    0,    0,    0,
       0,    0,    0,    0,    0,    0,    0,  -14,    0,    0,   -5,    0,    0,    0,    0,    0,  -16,   -5,  -10,  -13,    0,    0,    0,    0,    0,    0,    0,    0,    0,    0,   -7,    0,    0,  -36,  -19,  -43,  -38,    0,  -48,    0,    0,    0,    0,    0,   -6,    0,    0,    0,    0,    0,    0,    0,    0,    0,    0,    0,    0,    0,    0,    0,    0,    0,    0,    0,    0,    0,  -14,  -18,    0,    0,    0,    0,    0,    0,    0,    0,    0,    0,   -6,   -6,    0,    0,    0,   -6,   -6,    0,    0,    0,    0,    0,    0,    0,  -36,    0,    0,   -7,    0,    0,    0,    0,    0,    0,    0,    0,    0,    0,    0,    0,    0,    0,   -6,    0,    0,    0,    0,    0,    0,    0,    0,   -6,    0,    0,    0,    0,    0,    0,    0,  -43,    0,  -48,    0,    0,    0,    0,    0,    0,    0,    0,    0,    0,    0,    0,    0,    0,    0,    0,
       0,    0,  -10,    0,    0,  -14,  -32,    0,    0,    0,    0,    0,  -12,    0,  -13,  -13,  -20,  -13,  -12,    0,  -12,   -6,  -22,    0,    0,    0,    0,  -18,    0,  -12,    2,    0,   -7,    0,   -5,    0,    0,    0,   -1,    0,    0,    0,   -1,    0,  -18,   -1,    0,    0,   64,  -12,    0,  -12,   -6,  -12,  -12,   -7,    5,   -7,    0,    0,    0,    0,    0,    0,    0,    0,  -27,  -24,    0,    0,    0,    0,  -36,  -26,  -15,  -24,   -1,   -1,  -18,  -18,    0,   16,   16,  -18,  -18,   10,   -1,    0,   16,   16,  -12,    0,    0,  -12,   -7,    2,    0,    0,  -18,    0,    0,    0,    0,    0,    0,    0,   -1,    0,  -12,    0,  -18,   -7,    0,    0,    0,    0,    5,    0,    0,  -18,    0,  -12,    0,   16,   64,    0,    0,    0,  -12,   -1,   -1,  -24,  -10,    0,    0,  -26,    0,    0,    0,    0,    0,    0,    0,  -18,    0,    0,
       0,    0,    0,    0,    0,    0,    0,  -32,    0,    0,  -24,   -2,    0,    0,    0,    0,    0,    0,    0,    0,    0,    0,    0,    0,    0,    0,    0,    0,    0,    0,    0,    0,    0,    0,    0,    0,    0,    0,    0,    0,    0,    0,    0,    0,    0,    0,    0,    0,    0,    0,    0,    0,    0,    0,    0,    0,    0,    0,    0,    0,    0,    0,    0,    0,    0,    0,    0,    0,    0,    0,    0,    0,    0,    0,    0,    0,    0,    0,    0,    0,    0,    0,    0,    0,    0,    0,    0,    0,    0,    0,    0,    0,    0,    0,    0,    0,    0,    0,    0,    0,    0,    0,    0,    0,    0,    0,    0,    0,    0,    0,    0,    0,    0,    0,    0,    0,    0,    0,    0,    0,    0,    0,    0,    0,    0,    0,    0,    0,    0,    0,    0,    0,    0,    0,    0,    0,    0,    0,    0,    0,    0,    0,    0,    0,    0,    0,
       0,    0,    0,    0,    0,    0,    0,    0,    0,    0,  -61,    0,    0,    0,    0,    0,    0,    0,    0,    0,    0,    0,    0,    0,    0,    0,    0,  -75,    0,   -7,  -12,    0,    0,   12,    0,    0,    0,   -5,    0,    0,    0,    0,  -24,    0,  -14,   -1,  -25,    0,    0,   -5,   -5,  -13,    0,   -1,    0,   -1,    0,   -7,    0,    0,    0,    0,    0,    0,    0,    0,    0,    0,    0,    0,    0,    0,    0,    0,    0, -103,  -24,  -24,  -14,  -14,    0,   10,   10,  -14,  -14,    0,  -24,    0,   10,   10,  -13,    0,   12,   -7,    0,  -12,    0,    0,  -75,    0,   -5,    0,    0,    0,    0,    0,  -24,    0,   -5,    0,  -14,   -1,    0,    0,   -5,    0,    0,    0,    0,  -14,    0,  -13,    0,   10,    0,    0,    0,    0,    0,    0,  -24, -103,    0,    0,    0,    0,    0,    0,    0,    0,    0,    0,    0,  -75,    0,    0,
       0,    0,    0,    0,    0,    0,    0,    0,    0,    0,    0,    0,    0,  -22,  -22,  -20,    0,  -12,    0,  -36,  -16,   -5,    0,    0,    0,    0,    0,    0,    0,    0,    0,    0,    0,    0,    0,    0,    0,    0,    0,    0,    0,    0,    0,    0,    0,    0,    0,    0,    0,    0,    0,    0,    0,    0,    0,    0,    0,    0,    0,    0,    0,    0,    0,    0,    0,    0,    0,    0,    0,    0,    0,    0,    0,    0,    0,    0,    0,    0,    0,    0,    0,    0,    0,    0,    0,    0,    0,    0,    0,    0,    0,    0,    0,    0,    0,    0,    0,    0,    0,    0,    0,    0,    0,    0,    0,    0,    0,    0,    0,    0,    0,    0,    0,    0,    0,    0,    0,    0,    0,    0,    0,    0,    0,    0,    0,    0,    0,    0,    0,    0,    0,    0,    0,    0,    0,    0,    0,    0,    0,    0,    0,    0,    0,    0,    0,    0,
       0,  -49,    0,    0,    0,    0,    0,  -29,  -77,    0,  -23,    0,  -21,  -26,  -16,  -16,  -44,  -16,  -33,  -24,  -16,  -46,    0,    0,    0,    0,    0,    0,    0,  -35,    1,    0,    0,  -50,  -37,  -78,  -74,    0,  -60,    0,  -77,    0,  -12,   -1,  -18,   -1,  -10,    0,    9,    0,  -18,  -10,  -24,  -24,  -54,    0,  -24,  -10,    0,    0,    0,    0,    0,    0,    0,  -83,  -33,  -22,    0,    0,    0,    0,    0,    0,    0,    0,  -12,  -12,  -18,  -18,    0,    0,    0,  -18,  -18,  -13,  -12,   -1,    0,    0,  -10,    0,  -50,  -35,    0,    1,    0,    0,    0,    0,    0,    0,    0,    0,    0,    0,  -12,    0,    0,    0,  -18,    0,    0,    0,  -18,  -27,  -24,  -30,    0,  -18,   -1,  -10,    0,    0,    9,    0,    0,  -85,  -54,  -60,  -12,    0,  -60,  -61,    0,    0,  -49,  -83,    0,    0,    0,    0,    0,    0,    0,    0,
       0,    0,  -12,    0,    0,   -4,   -4,    0,    0,    0,  -83,  -53,    0,    0,   -1,   -1,  -30,   -1,  -18,   10,   -5,   -5,   -2,    0,    0,    0,   -4,  -44,    0,    0,    0,    0,    0,    0,    0,    5,    5,    0,    0,    0,    0,    0,  -20,    0,  -19,   -1,  -20,    0,    0,  -13,  -12,  -14,    0,   -8,    0,   -8,    0,  -14,    0,    0,  -24,    0,    0,    0,    0,    0,  -27,  -36,    0,    0,    0,    0,  -20,   -4,  -73,  -44,  -20,  -20,  -19,  -19,    0,   18,   18,  -19,  -19,    5,  -20,    0,   18,   18,  -14,    0,    0,    0,    0,    0,    0,    0,  -44,    0,    0,    0,    0,    0,    0,    0,  -20,    0,  -13,    0,  -19,   -8,    0,    0,  -12,    0,    0,    0,    0,  -19,    0,  -14,    0,   18,    0,    0,    0,    5,    0,    0,  -20,  -44,    0,    0,  -49,    0,    0,    0,    0,    0,    0,    0,    0,  -44,    0,    0,
       0,    0,    0,    0,    0,    0,    0,  -12,    0,    0,  -27,   -1,    0,    0,   -1,   -1,    0,   -1,    0,   -1,    0,    0,    0,    0,    0,    0,    0,  -13,   -6,    1,   -1,   -1,    0,   -1,  -12,  -13,  -13,   -7,  -19,    0,    0,  -24,    0,   -1,    6,    0,    0,   11,   12,   11,    0,    0,    5,    0,    5,    0,    5,    0,    0,    0,    0,    0,    0,    0,    0,    0,    0,    0,    0,    0,    0,    0,    1,    0,    0,  -14,    0,    0,    6,    6,   11,   12,   12,    6,    6,   -1,    0,   -1,   12,   12,    0,   -6,   -1,    1,    0,   -1,    0,    0,  -13,    0,   -7,    0,   -1,    0,    0,    0,    0,    0,   11,    0,    6,    0,    0,    0,    0,    0,    5,    0,    0,    6,   -1,    0,   11,   12,   12,    0,    0,  -13,    6,  -19,    0,  -14,    0,   10,   -1,    1,    0,    0,    0,   -1,    0,    0,    0,  -13,    0,    0,
       0,  -22,    0,  -10,  -21,    0,    0,    0,  -27,  -16,    1,    0,    0,    1,    0,   -1,  -12,   -6,   -6,  -12,   -6,  -12,  -10,  -16,  -22,    0,    0,    1,    0,   -6,   -1,    1,    0,  -12,  -18,  -24,  -24,    1,  -24,    1,    0,    0,   -5,    0,  -12,    0,    1,    0,    0,    0,  -12,    0,   -6,  -12,  -18,    1,  -18,    1,    0,    0,    0,  -12,    0,   -5,    0,  -21,  -18,  -22,  -32,    0,  -33,    0,  -40,    0,    0,    1,   -5,   -5,  -12,  -12,    0,    0,    0,  -12,  -12,   -1,   -5,    0,    0,    0,    0,    0,  -12,   -6,    0,   -1,    1,    0,    1,    1,    1,    0,    1,    0,    0,    1,   -5,    0,    0,    0,  -12,    1,    0,    0,  -12,    0,  -18,    0,    1,  -12,    0,    0,    0,    0,    0,    0,    0,  -24,  -18,  -24,   -5,    1,  -33,  -21,    0,  -16,  -45,  -22,    0,    1,   -5,  -27,    0,    1,    0,    0,
       0,    0,    0,    0,   -5,    0,    0,   -1,    0,   -1,   -5,    0,   -1,    0,   -1,   -1,  -12,   -1,   -1,   -2,   -1,   -1,    0,    0,   -1,    0,   -1,    0,   -1,   -1,   -1,    0,   -1,   -1,  -14,  -14,  -14,    0,  -18,    0,   -1,    0,   -1,    0,   -7,    0,   -1,    0,    0,    0,  -13,    0,   -1,   -1,    0,    0,    0,    0,    0,    0,    0,    0,    0,    0,    0,    0,  -12,  -22,    0,    0,    0,    0,  -22,    0,    0,    0,   -1,   -1,   -7,   -7,    0,    0,    0,   -7,   -7,   -1,   -1,    0,    0,    0,    0,   -1,   -1,   -1,   -1,   -1,    0,    0,    0,    0,    0,    0,    0,    0,    0,    0,   -1,    0,    0,    0,   -7,    0,    0,    0,  -13,    0,    0,    0,    0,   -7,    0,    0,    0,    0,    0,    0,    0,  -14,    0,  -18,   -1,    0,    0,    0,    0,  -10,    0,    0,    0,    0,    0,    0,    0,    0,    0,    0,
       0,    0,    0,  -10,  -16,    0,    0,  -12,   -5,  -16,  -16,  -18,    0,   -1,   -1,   -1,    0,  -12,   -1,  -19,   -7,   -1,    0,    0,  -10,    0,    0,   -1,   -6,   -1,  -12,   -6,   -1,  -12,  -24,  -30,  -30,  -12,  -24,   -1,  -10,  -18,    0,   -1,    0,   -5,   -5,    0,    0,    0,  -12,    0,   -1,   -1,   -5,   -1,   -5,    0,    0,    0,    0,   -5,   -1,    0,    0,   -5,    0,    0,  -16,    0,  -10,    0,  -16,    0,    0,  -18,    0,    0,    0,    0,    0,    0,    0,    0,    0,   -1,    0,   -1,    0,    0,    0,   -6,  -12,   -1,   -1,  -12,    0,    0,   -1,    0,  -12,    0,   -6,    0,    0,    0,    0,    0,    0,    0,    0,   -1,    0,    0,  -12,    0,   -5,    0,   -1,    0,   -1,    0,    0,    0,    0,    0,    0,  -30,   -6,  -24,    0,  -18,   -5,   -6,    0,   -5,    0,   -5,    0,   -1,    0,   -6,    0,   -1,    0,    0,
       0,  -12,    2,    0,    0,   12,    9,    9,   -1,    0,  -10,    0,    4,    0,   -1,   -1,    5,    0,    0,   -3,   -1,   -1,    0,   10,   -1,    0,   10,   -1,   -1,    0,   -1,   -1,    0,   -2,   -1,  -20,  -20,   -1,  -20,    5,   -1,  -16,    0,    0,    6,    0,    0,    0,    0,    0,   -6,    1,    5,    0,   -7,   -1,   -1,    0,    0,    0,    0,    0,    0,    0,    0,   -1,   10,   10,  -12,    0,  -18,    0,    0,    0,    0,   -8,    0,    0,    6,    6,    0,    0,    0,    6,    6,   -1,    0,    0,    0,    0,    1,   -1,   -2,    0,    0,   -1,    0,    0,   -1,    0,   -1,    0,   -1,    0,    0,    0,    0,    0,    0,    0,    6,   -1,    0,    0,   -6,    0,   -1,    0,    0,    6,    0,    1,    0,    0,    0,    0,    0,  -20,   -7,  -20,    0,   -8,  -14,   -1,    0,    0,  -23,   -1,    0,    0,    1,   -1,    1,   -1,    0,    0,
       0,    0,    0,   -5,    0,    5,    0,    0,    0,    0,  -21,  -12,    0,    0,   -1,   -1,    0,   -6,   -5,   -8,   -1,  -12,    0,    0,   -6,    0,    0,  -12,    0,    0,   -1,    0,    0,    0,   -6,   -7,   -7,   -1,   -7,   -1,    0,  -19,    0,   -1,    0,   -5,    0,   -1,   -1,   -1,   -7,    0,   -1,   -1,   -7,   -1,   -7,    0,    0,    0,    0,    0,    0,    0,    0,    0,    0,    0,    0,    0,   -5,    0,   -5,    0,    0,   -8,    0,    0,    0,    0,   -1,   -1,   -1,    0,    0,   -1,    0,   -1,   -1,   -1,    0,    0,    0,    0,    0,   -1,    0,    0,  -12,    0,   -1,    0,    0,    0,    0,    0,    0,    0,   -1,    0,    0,   -1,    0,    0,   -7,    0,   -7,    0,    0,    0,   -1,    0,   -1,   -1,   -1,    0,    0,   -7,   -7,   -7,    0,   -8,    0,    0,    0,    0,    0,    0,    0,   -7,    0,   -1,    0,  -12,    0,    0,
       0,    0,    0,   -5,    0,    0,    0,    0,    0,    0,  -10,  -10,    0,   -5,   -7,   -1,    0,   -5,    0,  -14,    0,  -12,    0,    0,  -10,    0,    0,   -7,   -1,    0,   -8,    0,    0,   -2,   -8,   -8,   -8,   -1,   -8,    0,    0,  -16,    0,   -1,    1,    0,    0,    0,    0,    0,   -6,    0,   -1,   -1,   -8,   -1,   -8,    0,    0,    0,    0,    0,    0,    0,    0,   -5,    1,    0,  -10,    0,  -24,    0,  -10,    0,    0,   -2,    0,    0,    1,    1,    0,    0,    0,    1,    1,   -6,    0,   -1,    0,    0,    0,   -1,   -2,    0,    0,   -8,    0,    0,   -7,    0,   -1,    0,    0,    0,    0,    0,    0,    0,    0,    0,    1,   -1,    0,    0,   -6,    0,   -8,    0,    0,    1,   -1,    0,    0,    0,    0,    0,    0,   -8,   -8,   -8,    0,   -2,  -10,    0,    0,    0,    0,   -6,    0,   -5,    0,   -6,    0,   -7,    0,    0,
       0,    0,  -12,  -13,   -5,  -21,    0,   -1,    0,  -14,  -68,  -43,   -1,    0,  -14,  -14,  -33,  -26,  -25,   -1,  -15,  -12,  -13,   -1,   -2,    0,  -26,  -47,   -1,   -7,   -1,   -1,   -1,    0,   -5,    0,    0,   -1,    0,   -1,   10,  -79,  -20,    0,  -25,   -7,  -25,   -1,   -1,  -18,  -19,  -20,   -1,  -14,   -5,  -12,   -5,  -13,    0,    0,    0,  -18,  -13,    8,    0,    1,  -30,  -36,    2,  -13,    0,    0,  -29,  -12,    0,  -50,  -20,  -20,  -25,  -25,   -1,   11,   11,  -25,  -25,   -1,  -20,    0,   11,   11,  -20,   -1,    0,   -7,   -1,   -1,  -28,    0,  -47,  -28,   -1,    0,   -1,   -1,    0,  -14,  -20,    0,  -18,  -32,  -25,  -12,    0,  -32,  -19,    0,   -5,    0,  -26,  -25,    0,  -20,   -1,   11,   -1,    0,    0,    0,   -6,    0,  -20,  -50,    0,   12,    0,  -18,    0,    0,    0,  -63,  -18,   -1,    0,  -47,  -25,  -14,
       0,    0,    0,   -5,    0,    0,    0,  -12,    0,    0,  -61,  -41,    0,    0,   -1,   -1,   -1,  -18,  -10,  -13,  -12,    0,    0,    0,  -12,    0,    0,  -38,  -18,    1,  -14,   -7,    0,    0,  -18,  -24,  -24,  -19,  -29,    0,    0,  -59,   -6,   -6,    0,    0,   -5,    0,    0,   -4,   -5,    0,    6,    0,    7,    0,    7,    0,    0,    0,    0,    0,    0,    0,    0,    1,    0,    0,    0,    0,   -9,    0,   -5,    0,    0,  -38,   -6,   -6,    0,    0,    0,    0,    0,    0,    0,   -1,   -6,   -6,    0,    0,    0,  -18,    0,    1,    0,  -14,   -2,    0,  -38,   -2,  -19,    0,   -7,    1,    0,    0,   -6,    0,   -4,  -12,    0,    0,    0,  -12,   -5,    0,    7,    0,    0,    0,   -6,    0,    0,    0,    0,    0,    0,  -24,    7,  -29,   -6,  -38,    0,    0,    0,    1,    0,    0,    0,  -36,    0,    0,    0,  -38,    0,    0,
       0,    0,    0,    0,    0,    0,    0,    0,    0,    0,    0,    0,    0,  -16,    0,    0,    0,    0,    0,  -12,    0,    0,    0,    0,    0,    0,    0,    0,    0,    0,    1,    0,    0,    0,   -7,  -18,  -18,   -5,  -29,    0,    0,    0,    0,    0,   -1,    0,    0,    0,    0,    0,   -1,    0,    0,    0,    0,    0,    0,    0,    0,    0,    0,    0,    0,    0,    0,    0,    0,    0,    0,    0,    0,    0,    0,    0,    0,    0,    0,    0,   -1,   -1,    0,    0,    0,   -1,   -1,   -1,    0,    0,    0,    0,    0,    0,    0,    0,    0,    1,    0,    0,    0,    0,   -5,    0,    0,    0,    0,    0,    0,    0,    0,    0,   -1,    0,    0,    0,   -1,    0,    0,    0,    0,   -1,    0,    0,    0,    0,    0,    0,    0,  -18,    0,  -29,    0,    0,    0,    0,    0,    0,    0,    0,    0,    0,    0,    0,    0,    0,    0,    0,
       0,    0,    0,    0,    0,    0,    0,    0,    0,    0,    0,    0,    0,  -10,  -12,   -6,    0,   -7,  -10,   -1,  -10,  -10,    0,    0,    0,    0,    0,    0,    0,    0,    0,    0,    0,    0,    0,    0,    0,    0,    0,    0,    0,    0,    0,    0,    0,    0,    0,    0,    0,    0,    0,    0,    0,    0,    0,    0,    0,    0,    0,    0,    0,    0,    0,    0,    0,    0,    0,    0,    0,    0,    0,    0,    0,    0,    0,    0,    0,    0,    0,    0,    0,    0,    0,    0,    0,    0,    0,    0,    0,    0,    0,    0,    0,    0,    0,    0,    0,    0,    0,    0,    0,    0,    0,    0,    0,    0,    0,    0,    0,    0,    0,    0,    0,    0,    0,    0,    0,    0,    0,    0,    0,    0,    0,    0,    0,    0,    0,    0,    0,    0,    0,    0,    0,    0,    0,    0,    0,    0,    0,    0,    0,    0,    0,    0,    0,    0,
       0,    0,    0,    0,    0,    0,    0,    0,    0,    0,    0,    0,    0,  -16,   -5,  -12,    5,    0,    0,  -18,    0,    0,    0,    0,    0,    0,    0,    0,    0,    0,    0,    0,    0,    0,    0,    0,    0,    0,    0,    0,    0,    0,    0,    0,    0,    0,    0,    0,    0,    0,    0,    0,    0,    0,    0,    0,    0,    0,    0,    0,    0,    0,    0,    0,    0,    0,    0,    0,    0,    0,    0,    0,    0,    0,    0,    0,    0,    0,    0,    0,    0,    0,    0,    0,    0,    0,    0,    0,    0,    0,    0,    0,    0,    0,    0,    0,    0,    0,    0,    0,    0,    0,    0,    0,    0,    0,    0,    0,    0,    0,    0,    0,    0,    0,    0,    0,    0,    0,    0,    0,    0,    0,    0,    0,    0,    0,    0,    0,    0,    0,    0,    0,    0,    0,    0,    0,    0,    0,    0,    0,    0,    0,    0,    0,    0,    0,
       0,    0,    0,    0,    0,    0,    0,  -26,    0,    0,  -71,  -48,    0,    0,    0,    0,    0,    0,    0,    0,    0,    0,    0,    0,    0,    0,    0,    0,    0,    0,    0,    0,    0,    0,    0,    0,    0,    0,    0,    0,    0,    0,    0,    0,    0,    0,    0,    0,    0,    0,    0,    0,    0,    0,    0,    0,    0,    0,    0,    0,    0,    0,    0,    0,    0,    0,  -35,    0,    0,    0,    0,    0,    0,  -12,    0,    0,    0,    0,    0,    0,    0,    0,    0,    0,    0,    0,    0,    0,    0,    0,    0,    0,    0,    0,    0,    0,    0,    0,    0,    0,    0,    0,    0,    0,    0,    0,    0,    0,    0,    0,    0,    0,    0,    0,    0,    0,    0,    0,    0,    0,    0,    0,    0,    0,    0,    0,    0,    0,    0,    0,    0,    0,    0,    0,    0,    0,    0,    0,    0,    0,    0,    0,    0,    0,    0,    0,
       0,    0,    0,    0,    0,    0,    0,    0,    0,    0,   -2,    0,    0,    0,    0,    0,    0,   -5,    0,   -1,    0,    0,    0,    0,    0,    0,    0,   -4,   -1,    1,   -2,   -1,    0,   -1,   -1,   -2,   -2,   -2,   -2,    0,    0,  -49,    0,   -6,    0,   -1,   -5,    0,    0,    0,   -6,    0,    0,    0,    0,   -1,    0,    0,    0,    0,    0,    0,    0,    0,    0,    0,    0,    0,    0,    0,    0,    0,    0,    0,    0,   -5,    0,    0,    0,    0,    0,    0,    0,    0,    0,   -1,    0,   -6,    0,    0,    0,   -1,   -1,    1,    0,   -2,    0,    0,   -4,    0,   -2,    0,   -1,    0,    0,    0,    0,    0,    0,    0,    0,   -1,    0,    0,   -6,    0,    0,    0,    0,    0,   -6,    0,    0,    0,    0,    0,    0,   -2,    0,   -2,    0,   -5,    0,    0,    0,    0,    0,    0,    0,    0,    0,    0,    0,   -4,    0,    0,
       0,  -38,    0,    0,    0,    0,    0,  -18,  -67,    0,    0,    0,   -8,    0,   -1,   -7,  -22,   -1,  -13,  -20,   -1,  -14,    0,    0,    0,   -1,    0,    5,   -5,  -22,   -9,   -5,    0,  -38,  -41,  -71,  -59,    0,  -55,    0,  -36,    0,   -3,    0,  -12,    0,   -1,   -1,   -7,    0,  -18,    0,  -13,  -14,  -36,    0,  -31,    0,    0,    0,    0,    0,    0,    0,   -8,  -67,  -19,  -18,    0,    0,  -85,    0,  -36,    0,    0,    0,   -3,   -3,  -12,  -12,   -1,   -1,   -1,  -12,  -12,  -13,   -3,    0,   -1,   -1,    0,    0,    0,    0,    0,    0,    0,    0,    0,    0,    0,    0,    0,    0,    0,    0,    0,    0,    0,    0,    0,    0,    0,    0,    0,    0,    0,    0,    0,    0,    0,    0,    0,    0,    0,    0,    0,    0,    0,    0,    0,    0,  -55,  -49,    0,  -20,  -38,  -61,    0,    0,    0,    0,    0,    0,    0,    0,
       0,   -7,    0,    0,    0,    0,    0,  -12,   -7,    0,  -16,  -14,    0,   -5,  -12,   -5,    0,    0,    0,   -7,    0,   -6,    0,    0,    0,    0,    1,  -19,  -14,   -5,   -9,  -12,    0,  -12,  -18,  -30,  -24,  -18,  -30,   -5,  -12,  -15,    0,   -6,    1,  -12,   -1,    0,    0,    0,   -6,    0,    0,  -12,  -10,   -7,   -6,    0,    0,    0,    0,    0,    0,    0,    1,    0,    1,    1,    0,    0,  -16,    0,   -5,    0,    0,  -30,    0,    0,    1,    1,    0,    0,    0,    1,    1,   -6,    0,   -6,    0,    0,    0,    0,    0,    0,    0,    0,    0,    0,    0,    0,    0,    0,    0,    0,    0,    0,    0,    0,    0,    0,    0,    0,    0,    0,    0,    0,    0,    0,    0,    0,    0,    0,    0,    0,    0,    0,    0,    0,    0,    0,    0,    0,   -7,   -1,    0,    0,   -7,    0,    0,  -12,    0,    0,    0,    0,    0,    0,
       0,   12,    0,    0,    0,    0,    0,    1,    1,    0,    0,    0,    0,    1,    0,    0,    0,    0,    0,    0,    0,    0,    1,    0,    0,    0,    0,   -1,    0,   -1,    0,    0,    0,    0,   -7,   -5,   -5,    0,  -10,    0,    0,   -5,    0,    0,    0,    0,    0,    0,    0,    0,   -6,    0,    0,   -7,   -1,   -1,   -1,    0,    0,    0,    0,    0,    0,    0,    0,    7,    0,    0,    0,    0,    0,    0,  -12,    0,    0,  -10,    0,    0,    0,    0,    0,    0,    0,    0,    0,    0,    0,    0,    0,    0,    0,    0,    0,    0,    0,    0,    0,    0,    0,    0,    0,    0,    0,    0,    0,    0,    0,    0,    0,    0,    0,    0,    0,    0,    0,    0,    0,    0,    0,    0,    0,    0,    0,    0,    0,    0,    0,    0,    0,    0,    0,    0,    8,   13,    0,    0,   12,    0,    0,    0,    0,    0,    0,    0,    0,    0,
       0,   -1,    0,    0,    0,   -1,    0,  -12,   -1,    0,  -24,  -19,    0,   -5,  -13,   -7,   -6,   -1,    0,   -8,    0,    1,    0,    0,    0,    0,   10,  -37,  -18,    7,   -7,  -12,    0,  -12,  -12,  -29,  -29,  -24,  -35,   -6,  -12,  -44,   -1,   -6,    0,    0,   -6,    0,    0,    0,   -6,   -6,    0,    0,    0,   -6,    0,   -1,    0,    0,    0,    0,    0,    0,    6,    0,    0,    1,    0,    0,  -12,    0,    0,   -1,    0,  -48,   -1,   -1,    0,    0,    0,    0,    0,    0,    0,   -1,   -1,   -6,    0,    0,   -6,    0,    0,    0,    0,    0,    0,    0,    0,    0,    0,    0,    0,    0,    0,    0,    0,    0,    0,    0,    0,    0,    0,    0,    0,    0,    0,    0,    0,    0,    0,    0,    0,    0,    0,    0,    0,    0,    0,    0,    0,    0,  -10,   -1,    0,    1,   -1,    0,    0,  -31,    0,    0,    0,    0,    0,    0,
       0,    0,    0,    0,    0,    0,    0,    0,    0,    0,    0,    0,   -1,    0,    0,   -5,    0,    0,   -1,   -1,    0,   -1,    0,    0,    0,    0,    0,    0,    0,   -1,   -1,    0,    0,    0,  -10,   -9,   -9,   -1,   -9,    0,    0,    0,    0,    0,   -1,    0,   -5,    0,    0,    0,  -12,    0,   -1,   -7,  -14,    0,  -13,    0,    0,    0,    0,    0,    0,    0,    0,    1,    0,    0,    0,    0,    0,    0,  -14,    0,    0,    0,    0,    0,   -1,   -1,    0,    0,    0,   -1,   -1,    0,    0,    0,    0,    0,    0,    0,    0,    0,    0,    0,    0,    0,    0,    0,    0,    0,    0,    0,    0,    0,    0,    0,    0,    0,    0,    0,    0,    0,    0,    0,    0,    0,    0,    0,    0,    0,    0,    0,    0,    0,    0,    0,    0,    0,    0,    0,    0,    0,    0,   -8,    0,    0,    0,    0,    0,    0,    0,    0,    0,    0,
       0,    6,    0,    0,    0,  -10,    0,   -1,    6,    0,  -55,  -38,   -1,    0,   -7,   -8,  -21,  -14,  -14,    5,   -1,    0,   -1,    0,    0,    0,  -15,  -46,   -6,   -6,   -1,   -1,    0,    6,   -1,    0,    0,   -1,    0,   -1,    7,  -75,  -26,   -1,  -26,  -19,  -36,   -8,   -1,  -14,  -25,  -28,   -1,  -14,  -14,  -20,  -14,  -19,    0,    0,    0,    0,    0,    0,   -1,    1,  -20,  -13,    0,    0,    0,    0,  -19,   -8,    0,  -78,  -26,  -26,  -26,  -26,   -8,   21,   11,  -26,  -26,    4,  -26,   -1,   11,   11,  -28,    0,    0,    0,    0,    0,    0,    0,    0,    0,    0,    0,    0,    0,    0,    0,    0,    0,    0,    0,    0,    0,    0,    0,    0,    0,    0,    0,    0,    0,    0,    0,    0,    0,    0,    0,    0,    0,    0,    0,    0,    0,   12,    7,    0,  -13,    6,    0,    0,  -73,    0,    0,    0,    0,    0,    0,
       0,   -1,    0,    0,    0,    0,    0,   -5,   -1,    0,   -7,  -13,    0,   -6,  -12,   -6,    0,   -1,    0,   -2,    0,    0,    0,    0,    0,    0,    5,   -8,   -6,    6,   -1,   -1,    0,   -8,  -10,  -24,  -24,  -12,  -29,   -8,   -1,  -24,   -1,   -1,    0,    0,    0,    0,    0,    0,   -6,    0,    0,   -1,   -1,   -2,   -1,    0,    0,    0,    0,    0,    0,    0,    0,   -1,   12,   10,    0,    0,  -18,    0,    0,    0,    0,  -24,   -1,   -1,    0,    0,    0,    0,    0,    0,    0,   -1,   -1,   -1,    0,    0,    0,    0,    0,    0,    0,    0,    0,    0,    0,    0,    0,    0,    0,    0,    0,    0,    0,    0,    0,    0,    0,    0,    0,    0,    0,    0,    0,    0,    0,    0,    0,    0,    0,    0,    0,    0,    0,    0,    0,    0,    0,    0,   -1,   -1,    0,    0,   -1,   -1,    0,  -12,    0,    0,    0,    0,    0,    0,
       0,    0,    0,    0,    0,    0,    0,    0,    0,    0,    0,    0,   -6,  -11,   -6,   -7,  -24,   -8,  -12,    0,   -6,  -12,    0,    0,    0,    0,    0,    0,    0,  -14,    0,    0,    0,    0,    0,    0,    0,    0,    0,    0,    0,    0,  -12,    0,  -13,  -10,  -12,    0,   -1,    0,  -18,  -12,   -7,  -14,  -24,    0,  -18,    0,    0,    0,    0,    0,    0,    0,    0,    1,  -12,    0,    0,    0,    0,    0,    0,    0,    0,    0,  -12,  -12,  -13,  -13,    0,    5,    5,  -13,  -13,    0,  -12,    0,    5,    5,  -12,    0,    0,    0,    0,    0,    0,    0,    0,    0,    0,    0,    0,    0,    0,    0,    0,    0,    0,    0,    0,    0,    0,    0,    0,    0,    0,    0,    0,    0,    0,    0,    0,    0,    0,    0,    0,    0,    0,    0,    0,    0,    0,    0,    0,    0,    0,    0,    0,    0,    0,    0,    0,    0,    0,    0,
       0,    0,    0,    0,    0,   -2,    0,    0,    0,    0,  -32,  -21,   -1,  -12,   -8,  -13,  -24,   -8,  -13,    0,   -1,  -12,  -12,    0,    0,    0,   -8,  -26,   -1,   -7,   -6,   -1,   -7,    0,   -1,    0,    0,   -1,    0,   -1,    0,  -44,  -17,    0,  -13,  -24,  -19,   -7,   -7,  -18,  -24,  -18,  -13,  -19,  -19,  -14,  -18,  -14,    0,    0,    0,    0,    0,    0,   -1,    0,  -14,   -6,    0,    0,    0,    0,  -12,  -12,    0,  -32,  -17,  -17,  -13,  -13,   -7,    8,    8,  -13,  -13,    0,  -17,    0,    8,    8,  -18,    0,    0,    0,    0,    0,    0,    0,    0,    0,    0,    0,    0,    0,    0,    0,    0,    0,    0,    0,    0,    0,    0,    0,    0,    0,    0,    0,    0,    0,    0,    0,    0,    0,    0,    0,    0,    0,    0,    0,    0,    0,    0,    0,    0,   -1,    0,    0,    0,  -31,    0,    0,    0,    0,    0,    0,
       0,   -1,    0,    0,    0,    0,    0,   -1,   -1,    0,    0,    0,   -8,    0,   -1,   -1,   -2,   -1,  -13,   -1,   -7,  -13,    0,    0,    0,   -1,    0,    6,    0,  -18,  -12,    1,    0,   -1,   -8,   -6,   -6,    0,   -6,    6,    0,    0,   -6,    0,  -13,    0,   -5,    0,   -1,    0,  -18,    0,  -14,  -14,  -36,    0,  -30,    0,    0,    0,    0,    0,    0,    0,  -15,   -1,  -19,  -18,    0,    0,   -2,    0,  -48,    0,    0,    1,   -6,   -6,  -13,  -13,    0,   10,   10,  -13,  -13,   -1,   -6,    0,   10,   10,    0,    0,    0,    0,    0,    0,    0,    0,    0,    0,    0,    0,    0,    0,    0,    0,    0,    0,    0,    0,    0,    0,    0,    0,    0,    0,    0,    0,    0,    0,    0,    0,    0,    0,    0,    0,    0,    0,    0,    0,    0,    0,   -1,   -1,    0,  -30,   -1,   -2,    0,    0,    0,    0,    0,    0,    0,    0,
       0,  -68,    0,    0,    0,    0,    0,  -16,  -61,    0,    0,    0,    0,  -10,  -12,    0,  -10,    0,    0,  -20,    0,  -20,    0,    0,    0,    0,    0,    0,  -10,  -12,  -12,   -5,  -10,  -49,  -30,  -71,  -60,  -10,  -64,  -10,  -35,    0,    0,    0,    0,   -5,    0,    0,    0,    0,  -12,    0,   -6,  -14,  -26,    0,  -20,    0,    0,    0,    0,    0,    0,    0,    0,  -69,    0,    0,    0,    0,  -89,    0,  -33,    0,    0,   -5,    0,    0,    0,    0,    0,    0,    0,    0,    0,  -18,    0,    0,    0,    0,    0,    0,    0,    0,    0,    0,    0,    0,    0,    0,    0,    0,    0,    0,    0,    0,    0,    0,    0,    0,    0,    0,    0,    0,    0,    0,    0,    0,    0,    0,    0,    0,    0,    0,    0,    0,    0,    0,    0,    0,    0,    0,  -52,  -44,    0,  -16,  -68,  -61,    0,    0,    0,    0,    0,    0,    0,    0,
       0,    0,    0,    0,    0,   -2,    0,    0,    0,    0,  -20,  -21,   -1,  -18,  -14,  -14,  -20,  -14,  -14,    0,   -8,  -13,   -7,    0,    0,    0,   -1,  -26,   -6,  -12,   -1,    0,   -6,    0,   -6,    0,    0,   -7,    0,   -1,    0,  -37,   -9,    0,   -9,  -13,  -14,   -2,   -2,   -8,  -15,   -9,   -8,  -14,  -14,  -14,  -14,  -14,    0,    0,    0,    0,    0,    0,    0,    0,  -13,   -1,    0,    0,    0,    0,   -7,   -8,    0,  -42,   -9,   -9,   -9,   -9,   -2,   12,    7,   -9,   -9,    0,   -9,    0,    7,    7,   -9,    0,    0,    0,    0,    0,    0,    0,    0,    0,    0,    0,    0,    0,    0,    0,    0,    0,    0,    0,    0,    0,    0,    0,    0,    0,    0,    0,    0,    0,    0,    0,    0,    0,    0,    0,    0,    0,    0,    0,    0,    0,    0,    0,    0,   -1,    0,    0,    0,  -27,    0,    0,    0,    0,    0,    0,
       0,  -16,    0,    0,    0,    0,    0,  -12,   -7,    0,  -24,  -10,    1,   -6,   -1,   -6,    0,   -1,    0,   -1,    0,    0,    0,    0,    0,    0,   12,  -24,  -14,    7,   -7,  -12,    0,   -7,  -12,  -24,  -18,  -18,  -22,    0,   -5,  -31,    0,   -1,    0,   -1,    0,    0,    0,    0,    0,    0,    0,    0,    0,    0,    0,    0,    0,    0,    0,    0,    0,    0,    6,    5,   11,    6,    0,    0,   -8,    0,    0,   -1,    0,  -36,    0,    0,    0,    0,    0,    0,    0,    0,    0,   -6,    0,   -1,    0,    0,    0,    0,    0,    0,    0,    0,    0,    0,    0,    0,    0,    0,    0,    0,    0,    0,    0,    0,    0,    0,    0,    0,    0,    0,    0,    0,    0,    0,    0,    0,    0,    0,    0,    0,    0,    0,    0,    0,    0,    0,    0,    0,   -1,    0,    0,    1,  -16,    0,    0,  -25,    0,    0,    0,    0,    0,    0,
       0,    6,    0,    0,    0,   -2,    0,   -7,   12,    0,  -63,  -32,    0,    0,   -1,   -1,  -14,   -1,   -1,    0,    0,    1,    6,    0,    0,   -1,   -1,  -40,   -6,    1,   -6,   -1,    5,    5,  -12,   -6,   -6,  -13,  -12,    4,    5,  -88,   -1,   -1,  -12,    0,  -12,    5,    0,   -5,    0,   -1,   10,    0,    6,    0,   12,    0,    0,    0,    0,    0,    0,    0,    6,   12,   -1,    0,    0,    0,    0,    0,    0,    0,    0,  -66,   -1,   -1,  -12,  -12,    5,    5,    5,  -12,  -12,   -1,   -1,   -1,    5,    5,   -1,    0,    0,    0,    0,    0,    0,    0,    0,    0,    0,    0,    0,    0,    0,    0,    0,    0,    0,    0,    0,    0,    0,    0,    0,    0,    0,    0,    0,    0,    0,    0,    0,    0,    0,    0,    0,    0,    0,    0,    0,    0,   18,   12,    0,    1,    6,    0,    0,  -74,    0,    0,    0,    0,    0,    0,
       0,  -25,    0,    0,    0,    0,    0,   -1,   -8,    0,    0,    0,   -7,   -4,    0,   -1,  -18,   -1,   -8,  -14,   -1,  -12,    0,    0,    0,   -1,    0,    6,    0,  -12,   -7,    1,    0,  -20,  -20,  -36,  -30,    5,  -30,    5,  -14,   12,   -1,    0,   -7,    0,   -1,    0,    0,    0,   -7,    0,   -7,   -8,  -13,    0,  -13,    0,    0,    0,    0,    0,    0,    0,   -6,  -14,  -13,   -7,    0,    0,  -26,    0,  -24,   -5,    0,    6,   -1,   -1,   -7,   -7,    0,    0,    0,   -7,   -7,   -7,   -1,    0,    0,    0,    0,    0,    0,    0,    0,    0,    0,    0,    0,    0,    0,    0,    0,    0,    0,    0,    0,    0,    0,    0,    0,    0,    0,    0,    0,    0,    0,    0,    0,    0,    0,    0,    0,    0,    0,    0,    0,    0,    0,    0,    0,    0,  -19,   -9,    0,  -18,  -25,  -20,    0,    0,    0,    0,    0,    0,    0,    0,
       0,   -1,    0,    0,    0,    0,    0,   -7,    0,    0,  -12,  -12,    0,  -12,  -12,    0,    0,    0,    0,   -8,    0,   -5,    0,    0,    0,    0,    0,  -13,   -5,    0,   -6,   -5,   -6,   -7,  -18,  -18,  -18,   -7,  -18,   -1,    0,  -26,    0,   -5,    0,  -10,   -5,    0,    0,    0,   -6,    0,   -6,   -6,  -12,   -7,  -12,    0,    0,    0,    0,    0,    0,    0,    0,   -1,    0,    0,    0,    0,  -12,    0,    0,   -1,    0,  -24,    0,    0,    0,    0,    0,    0,    0,    0,    0,   -6,    0,   -5,    0,    0,    0,    0,    0,    0,    0,    0,    0,    0,    0,    0,    0,    0,    0,    0,    0,    0,    0,    0,    0,    0,    0,    0,    0,    0,    0,    0,    0,    0,    0,    0,    0,    0,    0,    0,    0,    0,    0,    0,    0,    0,    0,    0,   -6,    0,    0,    0,   -1,   -1,    0,   -7,    0,    0,    0,    0,    0,    0,
       0,   16,    0,    0,    0,   -3,    0,    0,   12,    0,  -50,  -28,   -1,    0,    0,   -1,  -32,   -1,  -15,    5,   -1,    0,    0,    0,    0,    0,  -13,  -43,    0,   -7,   -1,   -1,   -1,    5,   -6,    0,    0,   -1,    0,    4,   12,  -52,  -26,    0,  -43,   -8,  -26,   -1,   -1,  -19,  -41,  -30,   -1,  -15,  -25,  -21,  -25,  -36,    0,  -10,    0,    0,    0,    0,   -1,   12,  -30,  -28,    0,    0,   10,    0,  -24,   -1,    0,  -49,  -26,  -26,  -43,  -43,   -2,   33,   17,  -43,  -43,    0,  -26,    0,   17,   17,  -30,    0,    0,    0,    0,    0,    0,    0,    0,    0,    0,    0,    0,    0,    0,    0,    0,    0,    0,    0,    0,    0,    0,    0,    0,    0,    0,    0,    0,    0,    0,    0,    0,    0,    0,    0,    0,    0,    0,    0,    0,    0,   13,   18,    0,  -12,   16,    5,    0,  -50,    0,    0,    0,    0,    0,    0,
       0,   -1,    0,    0,    0,  -10,    0,   -6,    0,    0,  -49,  -40,   -7,  -13,  -19,  -19,  -26,  -19,  -25,   -1,  -18,  -12,   -8,    0,    0,   -1,   -2,  -49,  -12,  -18,   -9,   -6,  -12,   -6,  -12,  -11,   -5,   -6,    0,   -6,    0,  -50,  -26,    0,  -20,  -14,  -26,  -14,  -13,  -18,  -25,  -24,  -14,  -20,  -14,  -20,  -19,  -20,    0,    0,    0,    0,    0,    0,   -1,    0,  -24,   -7,    0,    0,   -5,    0,  -12,  -14,    0,  -50,  -26,  -26,  -20,  -20,  -14,   10,    5,  -20,  -20,    0,  -26,    0,    5,    5,  -24,    0,    0,    0,    0,    0,    0,    0,    0,    0,    0,    0,    0,    0,    0,    0,    0,    0,    0,    0,    0,    0,    0,    0,    0,    0,    0,    0,    0,    0,    0,    0,    0,    0,    0,    0,    0,    0,    0,    0,    0,    0,    0,    0,    0,   -6,   -1,    0,    0,  -57,    0,    0,    0,    0,    0,    0,
       0,    0,    0,    0,    0,  -28,    0,    0,    0,    0,  -85,  -55,  -24,  -12,  -18,  -14,  -50,  -20,  -43,    5,  -24,  -12,  -24,    0,    0,    0,  -33,  -73,    0,  -30,    0,    0,  -12,    0,   -5,    1,    1,    0,    1,   -6,    6,  -99,  -49,    0,  -44,  -29,  -49,  -19,  -14,  -37,  -42,  -54,  -20,  -37,  -26,  -43,  -36,  -37,    0,  -22,    0,    0,    0,    0,  -18,    1,  -47,  -41,    0,    0,    0,    0,  -41,  -30,    0,  -83,  -80,  -85,  -44,  -89,  -38,   11,   23,  -44,  -44,    0,  -97,    0,    6,    6,  -54,    0,    0,    0,    0,    0,    0,    0,    0,    0,    0,    0,    0,    0,    0,    0,    0,    0,    0,    0,    0,    0,    0,    0,    0,    0,    0,    0,    0,    0,    0,    0,    0,    0,    0,    0,    0,    0,    0,    0,    0,    0,    1,    1,    0,  -26,    0,    0,    0,  -91,    0,    0,    0,    0,    0,    0,
       0,    0,    0,    0,    0,  -23,    0,    0,    0,    0,  -75,  -54,  -24,  -12,  -24,  -14,  -44,  -20,  -32,    0,  -18,  -18,  -24,    0,    0,    0,  -34,  -67,    0,  -24,    0,   -5,  -12,    0,   -5,    1,    1,    0,    1,   -6,    6,  -82,  -44,    0,  -44,  -24,  -50,  -14,  -13,  -30,  -41,  -43,  -16,  -31,  -25,  -32,  -25,  -37,    0,  -22,    0,    0,    0,    0,  -18,    0,  -43,  -36,    0,    0,    0,    0,  -36,  -30,    0,  -79,  -76,  -86,  -44,  -44,  -28,    1,   24,  -44,  -44,    0,  -44,    0,    2,    1,  -43,    0,    0,    0,    0,    0,    0,    0,    0,    0,    0,    0,    0,    0,    0,    0,    0,    0,    0,    0,    0,    0,    0,    0,    0,    0,    0,    0,    0,    0,    0,    0,    0,    0,    0,    0,    0,    0,    0,    0,    0,    0,    1,   12,    0,  -26,    0,    0,    0,  -86,    0,    0,    0,    0,    0,    0,
       0,   -1,    0,    0,    0,   -1,    0,    0,    0,    0,    0,    0,   -1,    0,    0,  -12,  -24,   -1,  -13,   -1,   -7,  -13,   -5,    0,    0,    0,    0,    0,    0,  -18,   -1,    0,   -1,   -6,   -6,    0,    0,    0,    0,    5,    0,    0,   -1,    0,  -18,    0,    0,   -1,  -10,    0,  -18,   -5,  -18,  -24,  -43,    0,  -31,    0,    0,    0,    0,    0,    0,    0,  -13,    0,  -24,  -25,    0,    0,    0,    0,  -41,   -1,    0,    0,   -1,   -1,  -18,  -18,   -1,   -1,   -1,  -18,  -18,    0,   -1,    0,   -1,   -1,   -5,    0,    0,    0,    0,    0,    0,    0,    0,    0,    0,    0,    0,    0,    0,    0,    0,    0,    0,    0,    0,    0,    0,    0,    0,    0,    0,    0,    0,    0,    0,    0,    0,    0,    0,    0,    0,    0,    0,    0,    0,    0,    0,    0,    0,  -24,   -1,   -1,    0,    0,    0,    0,    0,    0,    0,    0,
       0,    0,    0,    0,    0,  -26,    0,   -1,    0,    0,  -60,  -54,  -20,  -16,  -18,  -19,  -50,  -25,  -43,    0,  -24,  -22,  -35,    0,    0,    0,  -32,  -55,    0,  -30,    0,    0,  -22,    1,    0,    1,    1,    0,    1,    0,    8,  -66,  -49,    0,  -54,  -35,  -56,  -24,  -13,  -41,  -53,  -49,  -36,  -47,  -41,  -38,  -41,  -49,    0,  -16,    0,    0,    0,    0,  -22,    1,  -47,  -47,    0,    0,    0,    0,  -52,  -35,    0,  -55,  -86,  -96, -108, -108,  -36,    7,   18,  -54, -108,    0,  -49,    0,   18,   18,  -49,    0,    0,    0,    0,    0,    0,    0,    0,    0,    0,    0,    0,    0,    0,    0,    0,    0,    0,    0,    0,    0,    0,    0,    0,    0,    0,    0,    0,    0,    0,    0,    0,    0,    0,    0,    0,    0,    0,    0,    0,    0,    1,    1,    0,  -31,    0,    0,    0,  -61,    0,    0,    0,    0,    0,    0,
       0,    0,    0,    0,    0,    0,    0,    0,    0,    0,    0,    0,    0,    0,   -1,    0,    0,    0,    0,   -1,    0,   -6,    0,    0,    0,    0,    0,    0,    0,   -5,    0,    0,   -1,   -6,  -12,   -5,   -5,    0,   -5,    0,    0,    0,    0,    0,   -1,    0,    0,    0,    0,    0,   -6,    0,   -1,   -7,  -18,    0,  -18,    0,    0,    0,    0,    0,    0,    0,    0,    0,    0,    0,    0,    0,    0,    0,  -14,    0,    0,    0,    0,    0,   -1,   -1,    0,   10,   10,   -1,   -1,    0,    0,    0,   10,   10,    0,    0,    0,    0,    0,    0,    0,    0,    0,    0,    0,    0,    0,    0,    0,    0,    0,    0,    0,    0,    0,    0,    0,    0,    0,    0,    0,    0,    0,    0,    0,    0,    0,    0,    0,    0,    0,    0,    0,    0,    0,    0,   -5,    0,    0,  -12,    0,    0,    0,    0,    0,    0,    0,    0,    0,    0,
       0,  -49,    0,    0,    0,    0,    0,    0,    0,    0,   10,    0,  -12,    0,    0,    0,  -18,  -12,  -10,  -24,    0,  -12,    0,    0,    0,    0,    0,    0,    0,  -18,   44,   -1,   -1,  -38,  -32,  -60,  -54,   -1,  -47,   -1,  -53,    0,   -1,    0,   -1,   -1,    1,    0,   58,    0,    0,   -1,   -8,   -1,  -14,    0,   16,    0,    0,    0,    0,    0,    0,    0,    0,    0,  -20,  -14,    0,    0,    0,    0,  -24,    0,    0,   -2,   -1,   -1,   -1,   -1,    0,    0,    0,   -1,   -1,    0,   -1,    0,    0,    0,   -1,    0,  -38,  -18,   -1,   44,    0,    0,    0,    0,   -1,    0,   -1,    0,    0,    0,   -1,    0,    0,    0,   -1,    0,    0,    0,    0,    0,   16,    0,    0,   -1,    0,   -1,    0,    0,   58,    0,    0,  -60,  -14,  -47,   -1,   -2,  -49,  -49,   10,    0,  -49,    0,    0,    0,    0,    0,    0,    0,    0,    0,
       0,    0,    0,    0,    0,    0,    0,    0,    0,    0,    0,    0,  -24,    0,    0,  -14,  -42,  -12,  -19,  -12,  -18,  -14,    0,    0,    0,    0,   -1,    0,    0,  -32,   24,    0,  -12,  -52,  -61,  -93,  -87,    0,  -67,    0,    0,    0,   -8,    0,  -31,    0,    0,    0,    5,    0,  -12,  -13,  -32,  -25,  -44,    0,  -33,    0,    0,    0,    0,    0,    0,    0,    0,    0,    0,    0,    0,    0,    0,    0,    0,    0,    0,    0,   -8,   -8,  -31,  -31,    0,    0,    0,  -31,  -31,  -12,   -8,    0,    0,    0,  -13,    0,  -52,  -32,  -12,   24,    0,    0,    0,    0,    0,    0,    0,    0,    0,    0,   -8,    0,    0,    0,  -31,    0,    0,    0,  -12,    0,  -33,    0,    0,  -31,    0,  -13,    0,    0,    5,    0,    0,  -93,  -44,  -67,   -8,    0,    0,    0,    0,    0,    0,    0,    0,    0,    0,    0,    0,    0,    0,    0,
      -1,  -36,    0,    0,    0,    0,    0,   -1,  -24,    0,    0,    0,    0,  -10,    0,    0,   -5,   -1,   -5,  -14,    0,  -18,    0,    0,    0,   -1,    0,    5,    0,   -7,  -12,    0,    0,  -31,  -29,  -59,  -53,    0,  -48,    0,  -25,    0,    0,    0,    0,    0,   -6,    0,    0,   -3,  -12,    0,    0,   -1,  -12,    0,   -7,    0,    0,    0,    0,    0,    0,    0,    0,  -24,   -1,   -5,    0,    0,  -36,    0,   -1,    0,    0,    0,    0,    0,    0,    0,    0,    0,    0,    0,    0,  -12,    0,    0,    0,    0,    0,    0,    0,    0,    0,    0,    0,    0,    0,    0,    0,    0,    0,    0,    0,    0,    0,    0,    0,    0,    0,    0,    0,    0,    0,    0,    0,    0,    0,    0,    0,    0,    0,    0,    0,    0,    0,    0,    0,    0,    0,    0,  -31,  -19,    0,   -7,  -36,  -24,    0,    0,    0,    0,    0,    0,    0,    0,
      -1,  -26,    0,    0,    0,    0,    0,   -8,  -14,    0,  -12,  -12,    0,  -16,   -8,   -6,    0,   -6,    1,  -26,    0,    0,   -1,    0,    0,   -1,    0,  -25,  -12,    0,   -7,   -7,   -5,  -36,  -24,  -49,  -43,  -14,  -49,   -1,  -14,  -31,   -1,   -5,    1,    0,    0,    0,    0,    0,   -6,    0,   -5,   -5,   -1,  -12,   -6,    0,    0,    0,    0,    0,    0,    0,    0,  -16,    1,    6,    0,    0,  -31,    0,    0,   -1,    0,  -13,   -1,   -1,    1,    1,    0,    0,    0,    1,    1,   -6,   -1,   -5,    0,    0,    0,    0,    0,    0,    0,    0,    0,    0,    0,    0,    0,    0,    0,    0,    0,    0,    0,    0,    0,    0,    0,    0,    0,    0,    0,    0,    0,    0,    0,    0,    0,    0,    0,    0,    0,    0,    0,    0,    0,    0,    0,    0,  -30,  -13,    0,    0,  -26,  -10,    0,  -18,    0,    0,    0,    0,    0,    0,
       0,   -1,    0,    0,    0,    0,    0,   -2,   -1,    0,   -1,   -1,    0,  -12,   -1,   -1,  -12,   -1,    0,   -9,   -1,    0,    0,    0,    0,   -1,   -1,   -8,   -8,    0,  -14,   -1,   -1,  -25,  -19,  -43,  -37,  -13,  -37,   -1,   -2,  -14,   -1,   -8,   -1,    0,    0,    0,    0,    0,   -6,    0,   -1,   -1,   -1,   -1,   -1,    0,    0,    0,    0,    0,    0,    0,    0,    0,   -1,    0,    0,    0,  -14,    0,   -1,    0,    0,   -1,   -1,   -1,   -1,   -1,    0,    0,    0,   -1,   -1,   -2,   -1,   -8,    0,    0,    0,    0,    0,    0,    0,    0,    0,    0,    0,    0,    0,    0,    0,    0,    0,    0,    0,    0,    0,    0,    0,    0,    0,    0,    0,    0,    0,    0,    0,    0,    0,    0,    0,    0,    0,    0,    0,    0,    0,    0,    0,    0,   -7,   -1,    0,    0,   -1,    0,    0,   -1,    0,    0,    0,    0,    0,    0,
       0,  -12,    0,    0,    0,   -6,    0,   -1,  -12,    0,   -1,    0,   -1,    0,   -1,   -1,   -6,   -1,   -1,   -8,   -1,   -6,    0,    0,    0,   -1,   -1,    0,    0,   -1,   -1,    0,    0,  -12,  -12,  -22,  -18,    0,  -24,    0,    0,    0,   -6,    0,    0,    0,   -6,    0,    0,    0,  -12,    0,    0,   -5,   -6,    0,   -6,    0,    0,    0,    0,    0,    0,    0,    0,    0,  -12,   -1,    0,    0,  -12,    0,   -1,    0,    0,    0,   -6,   -6,    0,    0,    0,    0,    0,    0,    0,   -1,   -6,    0,    0,    0,    0,    0,    0,    0,    0,    0,    0,    0,    0,    0,    0,    0,    0,    0,    0,    0,    0,    0,    0,    0,    0,    0,    0,    0,    0,    0,    0,    0,    0,    0,    0,    0,    0,    0,    0,    0,    0,    0,    0,    0,    0,    0,  -18,  -12,    0,   -7,  -12,    0,    0,    0,    0,    0,    0,    0,    0,    0,
       0,  -13,    0,    0,    0,    0,    0,   -7,  -12,    0,  -11,   -6,    1,  -12,   -7,   -1,    1,   -1,    1,  -19,    0,    0,    0,    0,    0,   -1,    0,  -12,   -6,    0,  -12,   -1,    0,  -31,  -18,  -43,  -36,  -12,  -43,   -1,  -14,  -24,   -5,   -7,    0,   -5,    0,    0,    0,    0,   -6,    0,    0,    0,   -5,   -1,   -6,    0,    0,    0,    0,    0,    0,    0,    0,  -11,    6,    6,    0,    0,  -19,    0,    0,    0,    0,  -12,   -5,   -5,    0,    0,    0,    0,    0,    0,    0,   -6,   -5,   -7,    0,    0,    0,    0,    0,    0,    0,    0,    0,    0,    0,    0,    0,    0,    0,    0,    0,    0,    0,    0,    0,    0,    0,    0,    0,    0,    0,    0,    0,    0,    0,    0,    0,    0,    0,    0,    0,    0,    0,    0,    0,    0,    0,    0,  -18,   -7,    0,    0,  -13,  -10,    0,    0,    0,    0,    0,    0,    0,    0,
      26,   44,    0,    0,    0,    0,    0,   55,   33,    0,  -18,  -10,   18,   15,   14,   18,   -1,   13,    0,   44,   14,   20,    1,    0,    0,   26,   -1,   -1,   18,    1,   24,   33,   18,   40,   34,   46,   46,   40,   46,   33,   63,  -10,    0,   -6,   -9,    0,    0,   19,   20,    0,    0,    0,    0,   -6,    6,    0,    6,    1,    1,    0,    0,    0,    0,    0,    0,   50,  -18,   -1,    4,    0,   46,    0,   -1,    0,    0,    0,    0,    2,  -18,  -15,   56,   71,   82,  -17,  -16,   -6,    0,  -12,   35,   35,    0,    0,    0,    0,    0,    0,    0,    0,    0,    0,    0,    0,    0,    0,    0,    0,    0,    0,    0,    0,    0,    0,    0,    0,    0,    0,    0,    0,    0,    0,    0,    0,    0,    0,    0,    0,    0,    0,    0,    0,    0,    0,   46,   38,    0,   -1,   44,   57,   26,  -12,    0,    0,    0,    0,    0,    0,
      -1,    0,    0,    0,    0,  -13,    0,   -1,   -1,    0,    0,    8,    5,  -10,    0,   -7,  -14,   -8,   -1,  -22,    0,    1,    0,    0,    0,    0,   -1,    0,   -1,    0,   34,    0,    0,  -12,  -18,  -24,  -25,    0,  -41,    0,   -8,    0,  -12,   -5,   -7,    0,   -6,    0,   18,    0,   -1,    0,    0,    0,    4,    0,    6,    0,    0,    0,    0,    0,    0,    0,    0,    0,   -8,   -1,    0,    0,    0,    0,   -1,    0,    0,    0,  -12,  -12,   -7,   -7,    0,    0,    0,   -7,   -7,   -1,  -12,   -5,    0,    0,    0,    0,    0,    0,    0,    0,    0,    0,    0,    0,    0,    0,    0,    0,    0,    0,    0,    0,    0,    0,    0,    0,    0,    0,    0,    0,    0,    0,    0,    0,    0,    0,    0,    0,    0,    0,    0,    0,    0,    0,    0,    0,    1,    6,    0,   -1,    0,    0,    0,    0,    0,    0,    0,    0,    0,    0,
      -1,  -31,    0,    0,    0,   -1,    0,   -8,  -41,    0,    0,    0,   -6,    0,   -6,   -6,  -16,   -1,   -1,  -25,   -1,  -18,    0,    0,    0,   -1,    0,    0,    0,   -1,  -12,    0,    0,  -37,  -19,  -55,  -49,    0,  -43,    0,  -30,    0,   -1,    0,    0,    0,    0,    0,    0,    0,   -9,    0,   -3,   -3,  -18,    0,  -18,    0,    0,    0,    0,    0,    0,    0,    0,  -35,   -5,    0,    0,    0,  -43,    0,   -1,    0,    0,    0,   -1,   -1,    0,    0,    0,    0,    0,    0,    0,   -7,   -1,    0,    0,    0,    0,    0,    0,    0,    0,    0,    0,    0,    0,    0,    0,    0,    0,    0,    0,    0,    0,    0,    0,    0,    0,    0,    0,    0,    0,    0,    0,    0,    0,    0,    0,    0,    0,    0,    0,    0,    0,    0,    0,    0,    0,    0,  -42,  -25,    0,   -6,  -31,  -29,    0,    0,    0,    0,    0,    0,    0,    0,
       0,    0,    0,    0,    0,   -1,    0,    0,    0,    0,    0,    0,    0,    1,    0,   -1,    0,   -1,    0,   -1,    0,   -1,    0,    0,    0,    0,    0,    0,    0,    0,    0,    0,    0,  -12,  -13,  -13,  -13,    0,  -12,    0,    0,    0,    0,    0,    0,    0,    0,    0,    0,    0,   -5,    0,    0,    0,   -9,    0,   -9,    0,    0,    0,    0,    0,    0,    0,    0,    0,   -5,    0,    0,    0,  -11,    0,   -1,    0,    0,    0,    0,    0,    0,    0,    0,    0,    0,    0,    0,    0,    0,    0,    0,    0,    0,    0,    0,    0,    0,    0,    0,    0,    0,    0,    0,    0,    0,    0,    0,    0,    0,    0,    0,    0,    0,    0,    0,    0,    0,    0,    0,    0,    0,    0,    0,    0,    0,    0,    0,    0,    0,    0,    0,    0,    0,    0,    0,    0,    0,   -1,    0,   -5,    0,    0,    0,    0,    0,    0,    0,    0,
       0,   -1,    0,    0,    0,   -1,    0,    1,   -1,    0,   -8,   -5,    0,    0,   -1,   -1,   -7,   -1,    0,   -1,    0,   -1,   -7,    0,    0,   -1,    0,   -7,   -1,   -1,    2,   -1,    0,   -1,  -12,   -8,   -7,   -6,   -7,    0,    0,  -20,   -1,   -1,    0,    0,   -6,    0,    2,    0,   -1,    0,    0,    0,    0,   -1,    0,   -1,    0,    0,    0,    0,    0,    0,    0,    0,  -12,   -1,    0,    0,    0,    0,   -1,    0,    0,   -5,   -1,   -1,    0,    0,    0,    0,    0,    0,    0,   -1,   -1,   -1,    0,    0,    0,    0,    0,    0,    0,    0,    0,    0,    0,    0,    0,    0,    0,    0,    0,    0,    0,    0,    0,    0,    0,    0,    0,    0,    0,    0,    0,    0,    0,    0,    0,    0,    0,    0,    0,    0,    0,    0,    0,    0,    0,    0,   -1,    0,    0,   -1,   -1,    0,    0,   -6,    0,    0,    0,    0,    0,    0,
      -1,   -2,    0,    0,    0,   -1,    0,   -8,   -1,    0,   -1,    0,   -1,    1,    0,   -1,  -18,   -1,   -1,  -13,    0,   -1,   -1,    0,    0,   -1,    0,   12,    0,   -1,  -14,    1,    0,  -26,  -24,  -42,  -30,    5,  -42,    6,   -2,    0,    0,    0,  -12,    0,    0,    0,    0,    0,   -7,   -5,   -1,   -1,    0,    0,    0,    1,    0,    0,    0,    0,    0,    0,    0,    0,  -19,  -14,    0,    0,    0,    0,   -2,    0,    0,    6,    0,    0,  -12,  -12,    0,    0,    0,  -12,  -12,   -8,    0,    0,    0,    0,   -5,    0,    0,    0,    0,    0,    0,    0,    0,    0,    0,    0,    0,    0,    0,    0,    0,    0,    0,    0,    0,    0,    0,    0,    0,    0,    0,    0,    0,    0,    0,    0,    0,    0,    0,    0,    0,    0,    0,    0,    0,    0,   -1,   -1,    0,   -1,   -2,    0,    0,    0,    0,    0,    0,    0,    0,    0,
       0,  -13,    0,    0,    0,   -1,    0,    5,  -12,    0,   -1,    1,    0,   -5,   -7,   -8,   -1,   -1,    0,  -14,   -1,   -1,   -1,    0,    0,   -1,    0,   -7,  -12,   -1,    0,  -12,    0,  -30,  -24,  -47,  -41,   -1,  -47,   -1,   -8,   -1,   -6,   -5,   -1,    0,    0,    0,   24,   -1,    0,    0,    0,    0,    0,   -1,   10,   -1,    0,    0,    0,    0,    0,    0,    0,    0,   -6,   -1,    0,    0,  -18,    0,   -1,    0,    0,   -1,   -6,   -6,   -1,   -1,    0,    0,    0,   -1,   -1,    0,   -6,   -5,    0,    0,    0,    0,    0,    0,    0,    0,    0,    0,    0,    0,    0,    0,    0,    0,    0,    0,    0,    0,    0,    0,    0,    0,    0,    0,    0,    0,    0,    0,    0,    0,    0,    0,    0,    0,    0,    0,    0,    0,    0,    0,    0,    0,  -12,   -1,    0,   -1,  -13,   -1,    0,    0,    0,    0,    0,    0,    0,    0,
      -1,    0,    0,    0,    0,  -10,    0,  -14,   10,    0,  -57,  -31,    0,   -7,   -1,  -13,  -15,   -8,    0,  -18,   -5,    7,   -6,    0,    0,   -1,   -9,  -38,  -13,    0,  -18,  -13,    0,   -1,  -18,  -30,  -24,  -36,  -31,   -1,   -1,  -41,   -8,   -8,   -7,    0,   -7,    0,    0,    0,    0,   -6,   10,    0,    7,    0,    7,    0,    0,    0,    0,    0,    0,    0,    0,   16,  -12,  -18,    0,    0,    0,    0,   -1,   -1,    0,  -50,   -8,   -8,   -7,   -7,    0,    0,    0,   -7,   -7,   -8,   -8,   -8,    0,    0,   -6,    0,    0,    0,    0,    0,    0,    0,    0,    0,    0,    0,    0,    0,    0,    0,    0,    0,    0,    0,    0,    0,    0,    0,    0,    0,    0,    0,    0,    0,    0,    0,    0,    0,    0,    0,    0,    0,    0,    0,    0,    0,    5,   12,    0,    0,    0,   12,    0,  -46,    0,    0,    0,    0,    0,    0,
      -1,  -14,    0,    0,    0,    0,    0,   -8,   -7,    0,  -12,   -1,    0,   -5,   -6,   -6,    0,    0,    1,  -19,    0,   -5,    0,    0,    0,   -1,    0,   -7,  -12,    0,  -18,   -7,    0,  -19,  -13,  -42,  -36,   -1,  -53,   -1,  -14,  -25,   -1,   -7,    0,   -3,   -1,    0,    0,    0,   -6,    0,    0,   -1,   -1,   -1,   -1,    0,    0,    0,    0,    0,    0,    0,    0,  -12,    0,    0,    0,    0,  -18,    0,   -1,    0,    0,   -1,   -1,   -1,    0,    0,    0,    0,    0,    0,    0,   -8,   -1,   -7,    0,    0,    0,    0,    0,    0,    0,    0,    0,    0,    0,    0,    0,    0,    0,    0,    0,    0,    0,    0,    0,    0,    0,    0,    0,    0,    0,    0,    0,    0,    0,    0,    0,    0,    0,    0,    0,    0,    0,    0,    0,    0,    0,    0,   -8,   -1,    0,   -1,  -14,    0,    0,   -1,    0,    0,    0,    0,    0,    0,
       0,    4,    0,    0,    0,    0,    0,    0,    0,    0,    0,    0,    5,    1,    1,    0,   -5,    0,    5,   -1,   12,    5,    0,    0,    0,   -1,    0,   10,   -1,    0,   -7,    0,    0,   -1,   -8,  -24,  -18,    0,  -24,    5,   -1,    4,    0,    0,    0,    0,    0,    0,    0,    0,   -1,    1,    4,   -1,    6,    0,    0,    1,    0,    0,    0,    0,    0,    0,    0,   16,  -13,   -1,    0,    0,    0,    0,   -1,    0,    0,    0,    0,    0,    0,    0,    0,    0,    0,    0,    0,   -1,    0,    0,    0,    0,    1,    0,    0,    0,    0,    0,    0,    0,    0,    0,    0,    0,    0,    0,    0,    0,    0,    0,    0,    0,    0,    0,    0,    0,    0,    0,    0,    0,    0,    0,    0,    0,    0,    0,    0,    0,    0,    0,    0,    0,    0,    0,    5,   17,    0,   -1,    4,   10,    0,    0,    0,    0,    0,    0,    0,    0,
       0,  -18,    0,    0,    0,   -1,    0,  -10,  -18,    0,    0,    0,    0,    1,    0,   -6,   -5,   -1,    0,  -13,    0,   -6,   -5,    0,    0,   -1,    0,    0,    0,    0,  -17,    0,    0,  -19,  -22,  -47,  -41,    0,  -41,    0,  -13,    0,    0,    0,   -5,    0,   -4,    0,   -2,    0,   -6,    0,    0,    0,  -12,    0,  -11,    0,    0,    0,    0,    0,    0,    0,    0,  -12,  -10,    0,    0,    0,  -24,    0,   -1,    0,    0,    0,    0,    0,   -5,   -5,    0,    0,    0,   -5,   -5,   -6,    0,    0,    0,    0,    0,    0,    0,    0,    0,    0,    0,    0,    0,    0,    0,    0,    0,    0,    0,    0,    0,    0,    0,    0,    0,    0,    0,    0,    0,    0,    0,    0,    0,    0,    0,    0,    0,    0,    0,    0,    0,    0,    0,    0,    0,    0,  -18,   -7,    0,   -1,  -18,  -12,    0,    0,    0,    0,    0,    0,    0,    0,
      -1,   -1,    0,    0,    0,  -10,    0,  -22,   -1,    0,  -57,  -26,    5,  -11,   -1,   -8,  -10,   -8,    3,  -18,   -1,    6,   -1,    0,    0,   -2,   -8,  -44,  -14,    0,  -25,  -14,   -1,   -4,  -14,  -30,  -24,  -31,  -31,   -2,    0,  -47,  -10,  -12,  -13,    0,  -13,    0,    0,    0,    0,   -7,    5,    0,    5,    0,    4,    0,    0,    0,    0,    0,    0,    0,    0,   10,  -14,   -8,    0,    0,    0,    0,   -1,   -1,    0,  -55,  -10,  -10,  -13,  -13,    0,    0,    0,  -13,  -13,   -2,  -10,  -12,    0,    0,   -7,    0,    0,    0,    0,    0,    0,    0,    0,    0,    0,    0,    0,    0,    0,    0,    0,    0,    0,    0,    0,    0,    0,    0,    0,    0,    0,    0,    0,    0,    0,    0,    0,    0,    0,    0,    0,    0,    0,    0,    0,    0,   13,   12,    0,   -1,   -1,    6,    0,  -52,    0,    0,    0,    0,    0,    0,
      -1,   -1,    0,    0,    0,   -1,    0,   -7,   -2,    0,    0,    0,   -1,    1,   -1,   -1,   -8,   -1,   -1,  -14,   -1,   -1,    0,    0,    0,   -1,   -1,    5,    0,   -6,  -13,    0,    0,  -13,  -20,  -42,  -32,    0,  -36,    0,   -1,    0,   -8,    0,  -12,    0,   -6,    0,   -1,    0,  -12,    0,   -1,   -1,    0,    3,    0,    0,    0,    0,    0,    0,    0,    0,    0,   10,  -19,  -14,    0,    0,   -1,    0,   -3,    0,    0,    0,   -8,   -8,  -12,  -12,    0,    0,    0,  -12,  -12,   -8,   -8,    0,    0,    0,    0,    0,    0,    0,    0,    0,    0,    0,    0,    0,    0,    0,    0,    0,    0,    0,    0,    0,    0,    0,    0,    0,    0,    0,    0,    0,    0,    0,    0,    0,    0,    0,    0,    0,    0,    0,    0,    0,    0,    0,    0,    0,   -1,    4,    0,   -1,   -1,   -1,    0,    0,    0,    0,    0,    0,    0,    0,
       0,   -1,    0,    0,    0,    0,    0,   -7,   -1,    0,    0,    0,    0,    1,    0,    0,    0,    0,    0,  -12,    0,    1,    0,    0,    0,    0,    0,    0,    0,    0,   -1,    0,    0,   -3,  -13,  -36,  -30,    0,  -32,    0,   -1,    0,    0,    0,    0,    0,    0,    0,    0,    0,   -6,    0,    0,    0,    1,    0,    1,    0,    0,    0,    0,    0,    0,    0,    0,    0,    0,    0,    0,    0,    0,    0,   -1,    0,    0,    0,    0,    0,    0,    0,    0,    0,    0,    0,    0,   -3,    0,    0,    0,    0,    0,    0,    0,    0,    0,    0,    0,    0,    0,    0,    0,    0,    0,    0,    0,    0,    0,    0,    0,    0,    0,    0,    0,    0,    0,    0,    0,    0,    0,    0,    0,    0,    0,    0,    0,    0,    0,    0,    0,    0,    0,    0,    0,    5,    0,   -1,   -1,    0,    0,    0,    0,    0,    0,    0,    0,    0,
       0,    0,    0,    0,    0,    0,    0,    0,    0,    0,    0,    0,    0,    0,    0,    0,    0,    0,    0,    0,    0,    0,    0,    0,    0,    0,    0,    0,    0,    0,    0,    0,    0,    0,    0,    0,    0,    0,    0,    0,    0,    0,    0,    0,    0,    0,    0,    0,    1,    0,    0,    0,    0,    0,    0,    0,    0,    0,    0,    0,    0,    0,    0,    0,    0,    0,    0,    0,    0,    0,    0,    0,    0,    0,    0,    0,    0,    0,    0,    0,    0,    0,    0,    0,    0,    0,    0,    0,    0,    0,    0,    0,    0,    0,    0,    0,    0,    0,    0,    0,    0,    0,    0,    0,    0,    0,    0,    0,    0,    0,    0,    0,    0,    0,    0,    0,    0,    0,    0,    0,    0,    0,    0,    0,    1,    0,    0,    0,    0,    0,    0,    0,    0,    0,    0,    0,    0,    0,    0,    0,    0,    0,    0,    0,    0,    0,
       0,    0,    0,    0,    0,    0,    0,    0,    0,    0,    0,    0,    0,    0,    0,    0,    0,    0,    0,    0,    0,    0,    0,    0,    0,    0,    0,    0,    0,    0,    0,    0,    0,  -11,    0,  -18,  -18,    0,  -18,    0,    0,    0,    0,    0,    0,    0,    0,    0,    0,    0,    0,    0,    0,    0,    0,    0,    0,    0,    0,    0,    0,    0,    0,    0,    0,    0,    0,    0,    0,    0,    0,    0,    0,    0,    0,    0,    0,    0,    0,    0,    0,    0,    0,    0,    0,    0,    0,    0,    0,    0,    0,    0,  -11,    0,    0,    0,    0,    0,    0,    0,    0,    0,    0,    0,    0,    0,    0,    0,    0,    0,    0,    0,    0,    0,    0,    0,    0,    0,    0,    0,    0,    0,    0,    0,    0,    0,    0,  -18,    0,  -18,    0,    0,    0,    0,    0,    0,    0,    0,    0,    0,    0,    0,    0,    0,    0,    0,
       0,    0,    0,    0,    0,    0,    0,    0,    0,    0,    0,    0,    0,    0,    0,    0,    0,    0,    0,    0,    0,    0,    0,    0,    0,    0,    0,    0,    0,    0,   16,    0,    0,   -8,  -13,  -32,  -26,   -1,  -37,    0,    0,    0,   -6,   -5,   -6,   -5,    0,    0,   21,    0,    0,    0,    0,   -8,   -6,    0,    0,    0,    0,    0,    0,    0,    0,    0,    0,    0,    0,    0,    0,    0,    0,    0,    0,    0,    0,   -2,   -6,   -6,   -6,   -6,    0,    0,    0,   -6,   -6,    0,   -6,   -5,    0,    0,    0,    0,    0,    0,    0,    0,    0,    0,    0,    0,    0,    0,    0,    0,    0,    0,    0,    0,    0,    0,    0,    0,    0,    0,    0,    0,    0,    0,    0,    0,    0,    0,    0,    0,    0,    0,    0,    0,    0,    0,    0,    0,    0,    0,    0,    0,    0,    0,    0,    0,    0,    0,    0,    0,    0,    0,
       0,    0,    0,    0,    0,    0,    0,    0,    0,    0,    0,    0,    0,  -16,    0,   -5,    0,    0,    0,  -10,   -5,  -10,    0,    0,    0,    0,    0,    0,    0,    0,    0,    0,    0,    0,    0,    0,    0,    0,    0,    0,    0,    0,    0,    0,    0,    0,    0,    0,    0,    0,    0,    0,    0,    0,    0,    0,    0,    0,    0,    0,    0,    0,    0,    0,    0,    0,    0,    0,    0,    0,    0,    0,    0,    0,    0,    0,    0,    0,    0,    0,    0,    0,    0,    0,    0,    0,    0,    0,    0,    0,    0,    0,    0,    0,    0,    0,    0,    0,    0,    0,    0,    0,    0,    0,    0,    0,    0,    0,    0,    0,    0,    0,    0,    0,    0,    0,    0,    0,    0,    0,    0,    0,    0,    0,    0,    0,    0,    0,    0,    0,    0,    0,    0,    0,    0,    0,    0,    0,    0,    0,    0,    0,    0,    0,    0,    0,
       0,    0,    0,    0,    0,    0,    0,    0,    0,    0,    0,    0,   -1,    0,    0,   -5,  -16,    0,   -6,   -5,   -5,   -7,    0,    0,    0,    0,    0,    0,    0,    0,    0,    0,    0,    0,    0,    0,    0,    0,    0,    0,    0,    0,    0,    0,    0,    0,    0,    0,    0,    0,    0,    0,    0,    0,    0,    0,    0,    0,    0,    0,    0,    0,    0,    0,    0,    0,    0,    0,    0,    0,    0,    0,    0,    0,    0,    0,    0,    0,    0,    0,    0,    0,    0,    0,    0,    0,    0,    0,    0,    0,    0,    0,    0,    0,    0,    0,    0,    0,    0,    0,    0,    0,    0,    0,    0,    0,    0,    0,    0,    0,    0,    0,    0,    0,    0,    0,    0,    0,    0,    0,    0,    0,    0,    0,    0,    0,    0,    0,    0,    0,    0,    0,    0,    0,    0,    0,    0,    0,    0,    0,    0,    0,    0,    0,    0,    0,
       0,    0,    0,    0,    0,    0,    0,    0,    0,    0,    0,    0,    0,    1,    0,    0,    0,    0,    0,   10,    0,    1,    0,    0,    0,    0,    0,    0,    0,    0,    0,    0,    0,    0,    0,    0,    0,    0,    0,    0,    0,    0,    0,    0,    0,    0,    0,    0,    0,    0,    0,    0,    0,    0,    0,    0,    0,    0,    0,    0,    0,    0,    0,    0,    0,    0,    0,    0,    0,    0,    0,    0,    0,    0,    0,    0,    0,    0,    0,    0,    0,    0,    0,    0,    0,    0,    0,    0,    0,    0,    0,    0,    0,    0,    0,    0,    0,    0,    0,    0,    0,    0,    0,    0,    0,    0,    0,    0,    0,    0,    0,    0,    0,    0,    0,    0,    0,    0,    0,    0,    0,    0,    0,    0,    0,    0,    0,    0,    0,    0,    0,    0,    0,    0,    0,    0,    0,    0,    0,    0,    0,    0,    0,    0,    0,    0,
       0,    0,    0,    0,    0,    0,    0,    0,    0,    0,    0,    0,    0,    0,    0,    0,    0,    0,    0,   -1,    0,    0,    0,    0,    0,    0,    0,  -14,    0,    7,    0,    0,    0,   -1,   -1,  -12,  -12,  -13,  -22,    0,    0,    0,    0,    0,    0,    0,    0,    0,    0,    0,    0,    0,    0,    0,    0,    0,    0,    0,    0,    0,    0,    0,    0,    0,    0,    0,    0,    0,    0,    0,    0,    0,    0,    0,    0,   -5,    0,    0,    0,    0,    0,    0,    0,    0,    0,    0,    0,    0,    0,    0,    0,    0,   -1,    7,    0,    0,    0,    0,  -14,    0,  -13,    0,    0,    0,    0,    0,    0,    0,    0,    0,    0,    0,    0,    0,    0,    0,    0,    0,    0,    0,    0,    0,    0,    0,    0,    0,    0,  -12,    0,  -22,    0,   -5,    0,    0,    0,    0,    0,    0,    0,    0,    0,    0,    0,  -14,    0,    0,
       0,    0,    0,    0,    0,    0,    0,    0,    0,    0,    0,    0,    0,    0,    0,    0,    0,    0,    0,    0,    0,    0,    0,    0,    0,    0,    0,    0,    0,    0,    0,    0,    0,    0,    0,    0,    0,    0,    0,    0,    0,    0,    0,    0,    0,    0,    0,    0,    0,    0,    0,    0,    0,    0,    0,    0,    0,    0,    0,    0,    0,    0,    0,    0,    0,    0,    0,    0,    0,    0,    0,    0,    0,    0,    0,    0,    0,    0,    0,    0,    0,    0,    0,    0,    0,    0,    0,    0,    0,    0,    0,    0,    0,    0,    0,    0,    0,    0,    0,    0,    0,    0,    0,    0,    0,    0,    0,    0,    0,    0,    0,    0,    0,    0,    0,    0,    0,    0,    0,    0,    0,    0,    0,    0,    0,    0,    0,    0,    0,    0,    0,    0,    0,    0,    0,    0,    0,    0,   22,    0,    0,    0,    0,    0,    0,    0,
       0,    0,    0,    0,    0,    0,    0,  -24,    0,    0,  -10,    0,    0,    0,    0,   -1,    0,    0,    0,   -1,    0,    0,    0,    0,    0,   -1,    0,    0,    0,   -1,  -10,    0,    0,   -1,  -13,  -41,  -30,   -1,  -35,    0,    0,    0,    0,    0,   -1,    0,   -6,    5,    5,    0,    0,    0,    0,   -1,    4,    0,    0,    5,    0,    0,    0,    0,    0,    0,    0,    0,  -27,  -27,    0,    0,    0,    0,    0,    0,    0,    0,    0,    0,   -1,   -1,    5,    0,    0,   -1,   -1,   -7,    0,    0,    0,    0,    0,    0,   -1,   -1,    0,  -10,    0,  -20,    0,    0,   -1,    0,    0,    0,  -12,    0,    0,    0,    0,   -6,   -1,    0,   -1,    0,    0,    0,    0,    0,    0,   -1,    0,    0,    5,    0,    5,    0,    0,  -41,    4,  -35,    0,    0,    0,    0,    0,    0,    0,    0,    0,    0,    0,    0,    0,    0,    0,    0,
       0,    0,    0,    0,    0,    0,    0,  -24,    0,    0,  -27,  -18,    0,  -29,  -27,  -16,    4,  -16,    0,  -47,    0,  -12,    0,    0,    0,    0,    0,  -18,    0,    6,  -12,   -6,   -1,  -28,   -6,  -45,  -40,  -25,  -41,   -5,  -22,    0,    0,   -1,    6,   -5,    0,    0,    0,    0,    0,    0,    0,    0,   -5,  -12,   -6,    0,    0,    0,    0,    0,    0,    0,    0,    0,    0,    0,    0,    0,    0,    0,    0,  -27,  -32,  -20,    0,    0,    6,    6,    0,    0,    0,    6,    6,   -7,    0,   -1,    0,    0,    0,    0,  -28,    6,   -1,  -12,    0,    0,  -18,    0,  -25,    0,   -6,    0,    0,    0,    0,    0,    0,    0,    6,  -12,    0,    0,    0,    0,   -6,    0,    0,    6,   -1,    0,    0,    0,    0,    0,    0,  -45,   -5,  -41,    0,  -20,  -19,   -9,    0,    0,    0,    0,    0,    0,    0,    0,    0,  -18,    0,    0,
       0,    0,    0,    0,    0,    0,    0,    0,    0,    0,    0,    0,    0,    0,    0,    0,    0,    0,    0,  -18,    0,   -5,    0,    0,    0,    0,    0,    0,    0,    0,    0,    0,    0,    0,    0,    0,    0,    0,    0,    0,    0,    0,    0,    0,    0,    0,    0,    0,    0,    0,    0,    0,    0,    0,    0,    0,    0,    0,    0,    0,    0,    0,    0,    0,    0,    0,    0,    0,    0,    0,    0,    0,    0,    0,    0,    0,    0,    0,    0,    0,    0,    0,    0,    0,    0,    0,    0,    0,    0,    0,    0,    0,    0,    0,    0,    0,    0,    0,    0,    0,    0,    0,    0,    0,    0,    0,    0,    0,    0,    0,    0,    0,    0,    0,    0,    0,    0,    0,    0,    0,    0,    0,    0,    0,    0,    0,    0,    0,    0,    0,    0,    0,    0,    0,    0,    0,    0,    0,    0,    0,    0,    0,    0,    0,    0,    0,
       0,    0,    0,    0,    0,    0,    0,   12,   14,    0,    0,    0,    0,    1,    0,    0,   -6,    0,    0,    1,    0,    0,    0,    0,    0,    0,    0,    0,    0,    0,    0,    0,    0,    0,    0,    0,    0,    0,    0,    0,   14,    0,    0,    0,    0,    0,    0,    0,    0,    0,    0,    0,    0,    0,    0,    0,    0,    0,    0,    0,    0,    0,    0,    0,    0,   14,    0,    0,    0,    0,   14,    0,   -1,    0,    0,    0,    0,    0,    0,    0,    0,    0,    0,    0,    0,    0,    0,    0,    0,    0,    0,    0,    0,    0,    0,    0,    0,    0,    0,    0,    0,    0,    0,    0,    0,    0,    0,    0,    0,    0,    0,    0,    0,    0,    0,    0,    0,    0,    0,    0,    0,    0,    0,    0,    0,    0,    0,    0,    0,    0,    0,    0,    5,    6,    0,   -1,    0,   14,    0,    0,    0,    0,    0,    0,    0,    0,
       0,    0,    0,    0,    0,    0,    0,  -36,    0,    0,    0,  -20,    1,  -43,  -40,  -33,  -10,  -22,  -10,  -57,  -16,  -10,    0,    0,    0,    0,    0,  -32,    0,    0,    0,   -6,    0,  -24,   -6,  -35,  -30,  -41,  -46,  -13,  -21,    0,    0,   -6,    0,    0,   -6,    0,    0,    0,   -6,    0,    0,    0,    0,   -8,    0,    0,    0,    0,    0,    0,    0,    0,    0,    0,    0,    0,    0,    0,    0,    0,    0,    0,  -61,    0,    0,    0,    0,    0,    0,    0,    0,    0,    0,   -1,    0,   -6,    0,    0,    0,    0,  -24,    0,    0,    0,    0,    0,  -32,    0,  -41,    0,   -6,    0,    0,    0,    0,    0,    0,    0,    0,   -8,    0,    0,   -6,    0,    0,    0,    0,    0,   -6,    0,    0,    0,    0,    0,    0,  -35,    0,  -46,    0,    0,    0,    0,    0,    0,    0,    0,    0,    0,    0,    0,    0,  -32,    0,    0,
     -14,  -29,    0,    0,    0,    0,    0,  -27,    0,    0,  -29,  -16,    0,  -22,  -29,  -16,    0,    0,    0,  -30,    0,  -10,    0,    0,    0,    0,    0,  -13,  -12,   11,  -18,  -12,   -6,  -30,  -18,  -52,  -41,  -24,  -47,   -1,  -20,    0,    0,  -12,    1,   -7,    0,    0,   -4,    0,  -12,   -5,   -6,   -6,  -12,  -13,   -8,    0,    0,    0,    0,    0,    0,    0,    0,    0,    0,    0,    0,    0,    0,    0,    0,  -27,  -36,  -26,    0,    0,    1,    1,    0,    0,    0,    1,    1,  -13,    0,  -12,    0,    0,   -5,  -12,  -30,   11,   -6,  -18,    0,    0,  -13,    0,  -24,    0,  -12,    0,    0,    0,    0,    0,    0,    0,    1,  -13,    0,    0,  -12,    0,   -8,    0,    0,    1,  -12,   -5,    0,    0,   -4,    0,    0,  -52,  -12,  -47,    0,  -26,  -24,    0,    0,    0,  -29,    0,    0,    0,    0,    0,    0,  -13,    0,    0,
       0,    0,    0,    0,    0,    0,    0,    0,    0,    0,    0,    0,    0,    0,    0,    0,    0,    0,   -1,   -1,    0,    0,    0,    0,    0,    0,    0,  -13,   -1,   -1,   15,   -1,    0,  -18,  -24,  -37,  -26,  -13,  -35,    0,    0,    0,  -12,   -7,  -12,   -8,   -5,    0,   26,    0,   -6,   -6,   -6,  -12,   -6,   -6,    0,   -6,    0,    0,    0,    0,    0,    0,    0,    0,    0,    0,    0,    0,    0,    0,    0,    0,    0,  -22,  -12,  -12,  -12,  -12,    0,    0,    0,  -12,  -12,    0,  -12,   -7,    0,    0,   -6,    0,    0,    0,    0,    0,    0,    0,    0,    0,    0,    0,    0,    0,    0,    0,    0,    0,    0,    0,    0,    0,    0,    0,    0,    0,    0,    0,    0,    0,    0,    0,    0,    0,    0,    0,    0,    0,    0,    0,    0,    0,    0,    0,    0,    0,    0,    0,    0,    0,    0,    0,    0,    0,    0,    0,
      -1,   -2,    0,    0,    0,    0,    0,  -18,   -1,    0,  -49,  -20,    0,  -10,   -8,  -13,    0,   -1,    0,  -20,    0,    0,    0,    0,    0,    0,    0,  -33,  -18,    6,   -8,  -13,    0,   -8,  -13,  -36,  -36,  -36,  -36,   -1,  -14,  -87,   -1,   -7,    1,   -1,    0,    0,    0,    0,    0,    0,    0,    0,    0,    0,    0,    0,    0,    0,    0,    0,    0,    0,    6,    0,    1,    6,    0,    0,  -13,    0,    1,   -1,    0,  -49,   -1,   -1,    1,    1,    0,    0,    0,    1,    1,  -13,   -1,   -7,    0,    0,    0,    0,    0,    0,    0,    0,    0,    0,    0,    0,    0,    0,    0,    0,    0,    0,    0,    0,    0,    0,    0,    0,    0,    0,    0,    0,    0,    0,    0,    0,    0,    0,    0,    0,    0,    0,    0,    0,    0,    0,    0,    0,   -1,    0,    0,    1,   -2,    0,    0,  -34,    0,    0,    0,    0,    0,    0,
      -1,  -14,    0,    0,    0,    0,    0,   -8,  -18,    0,    0,   -1,    0,   -5,   -1,    0,    0,    0,    0,   -2,    0,   -2,   -1,    0,    0,   -1,    0,   -1,   -1,    0,  -13,   -1,    0,  -14,  -19,  -24,  -24,   -1,  -24,   -1,   -1,  -13,    0,   -7,    0,  -12,    0,   -1,   -1,    0,  -16,    0,   -9,   -9,  -20,    0,  -15,    0,    0,    0,    0,    0,    0,    0,    0,  -12,    0,    0,    0,    0,  -19,    0,   -1,   -1,    0,    0,    0,    0,    0,    0,   -1,   -1,   -1,    0,    0,    0,    0,   -7,   -1,   -1,    0,    0,    0,    0,    0,    0,    0,    0,    0,    0,    0,    0,    0,    0,    0,    0,    0,    0,    0,    0,    0,    0,    0,    0,    0,    0,    0,    0,    0,    0,    0,    0,    0,    0,    0,    0,    0,    0,    0,    0,    0,    0,  -13,   -8,    0,   -1,  -14,   -8,    0,    0,    0,    0,    0,    0,    0,    0,
       0,   24,    0,    0,    0,   -1,    0,   12,   14,    0,    0,    0,    0,    1,    0,    0,    0,    0,    0,   13,    0,    0,    0,    0,    0,    0,    0,    0,    1,    0,    1,    1,    0,   13,    1,    2,    2,    7,    2,   18,   14,    0,    0,    1,    0,    0,    0,    0,    0,    0,   -5,    0,    0,    0,    0,    0,    0,    0,    0,    0,    0,    0,    0,    0,    0,   14,    0,    0,    0,    0,   19,    0,   -1,    0,    0,    0,    0,    0,    0,    0,    0,   25,   25,    0,    0,    1,    0,    1,   25,   25,    0,    0,    0,    0,    0,    0,    0,    0,    0,    0,    0,    0,    0,    0,    0,    0,    0,    0,    0,    0,    0,    0,    0,    0,    0,    0,    0,    0,    0,    0,    0,    0,    0,    0,    0,    0,    0,    0,    0,    0,    0,    0,   19,    9,    0,   -1,   24,   14,    0,    0,    0,    0,    0,    0,    0,    0,
       0,   -1,    0,    0,    0,   -1,    0,   -6,   -1,    0,  -19,  -20,    0,   -5,  -12,   -7,    0,   -1,    0,   -2,    0,    0,   -1,    0,    0,   -1,    0,  -20,  -12,    1,   -8,   -1,    0,  -19,  -18,  -25,  -20,  -20,  -20,   -1,   -1,  -43,    0,    0,    0,    0,   -4,    4,    4,    0,   -4,    0,    0,    0,    2,    0,    2,    0,    0,    0,    0,    0,    0,    0,    0,    0,    0,    5,    0,    0,  -12,    0,    0,   -1,    0,  -24,    0,    0,    0,    0,    4,    0,    0,    0,    0,  -10,    0,    0,    0,    0,    0,    0,    0,    0,    0,    0,    0,    0,    0,    0,    0,    0,    0,    0,    0,    0,    0,    0,    0,    0,    0,    0,    0,    0,    0,    0,    0,    0,    0,    0,    0,    0,    0,    0,    0,    0,    0,    0,    0,    0,    0,    0,   -1,   -1,    0,    0,   -1,    0,    0,  -13,    0,    0,    0,    0,    0,    0,
       0,  -38,    0,    0,    0,    0,    0,  -18,  -67,    0,    0,    0,   -8,    0,   -1,   -7,  -22,   -1,  -13,  -20,   -1,  -14,    0,    0,    0,   -1,    0,    5,   -5,  -22,   -9,   -5,    0,  -38,  -41,  -71,  -59,    0,  -55,    0,  -36,    0,   -3,    0,  -12,    0,   -1,   -1,  -12,    0,  -18,    0,  -13,  -14,  -36,    0,  -62,    0,    0,    0,    0,    0,    0,    0,   -8,  -67,  -19,  -18,    0,    0,  -85,    0,  -36,    0,    0,    0,   -3,   -3,  -12,  -12,   -1,   -1,   -1,  -12,  -12,  -13,   -3,    0,   -1,   -1,    0,    0,    0,    0,    0,    0,    0,    0,    0,    0,    0,    0,    0,    0,    0,    0,    0,    0,    0,    0,    0,    0,    0,    0,    0,    0,    0,    0,    0,    0,    0,    0,    0,    0,    0,    0,    0,    0,    0,    0,    0,    0,  -55,  -49,    0,  -20,  -38,  -61,    0,    0,    0,    0,    0,    0,    0,    0,
      -1,  -36,    0,    0,    0,    0,    0,   -1,  -24,    0,    0,    0,    0,  -10,    0,    0,   -5,   -1,   -5,  -14,    0,  -18,    0,    0,    0,   -1,    0,    5,    0,   -7,  -12,    0,    0,  -31,  -29,  -59,  -53,    0,  -48,    0,  -25,    0,    0,    0,    0,    0,   -6,    0,    2,   -3,  -12,    0,    0,   -1,  -12,    0,  -13,    0,    0,    0,    0,    0,    0,    0,    0,  -24,   -1,   -5,    0,    0,  -36,    0,   -1,    0,    0,    0,    0,    0,    0,    0,    0,    0,    0,    0,    0,  -12,    0,    0,    0,    0,    0,    0,    0,    0,    0,    0,    0,    0,    0,    0,    0,    0,    0,    0,    0,    0,    0,    0,    0,    0,    0,    0,    0,    0,    0,    0,    0,    0,    0,    0,    0,    0,    0,    0,    0,    0,    0,    0,    0,    0,    0,    0,  -31,  -19,    0,   -7,  -36,  -24,    0,    0,    0,    0,    0,    0,    0,    0,
      24,   49,    0,    0,    0,   -1,    0,   49,   49,    0,   -1,    0,   -1,    0,   -1,   -1,   -6,   -1,   -1,   -8,   -1,   -6,    0,    0,    0,   24,   -1,    0,    0,    0,    0,    0,    0,    0,    0,    0,    0,    0,    0,    0,    0,    0,   -6,   50,    0,   12,   -6,   19,   13,    0,  -12,    0,    7,   -5,   -5,    0,   -5,    0,    0,    0,    0,    0,    0,    0,    0,    0,  -12,   -1,    0,    0,  -12,    0,   -1,    0,    0,    0,   -6,   -6,    0,    0,   19,    2,    2,    0,    0,    0,   -6,   50,    2,    2,    7,    0,    0,    0,    0,    0,    0,    0,    0,    0,    0,    0,    0,    0,    0,    0,    0,    0,    0,    0,    0,    0,    0,    0,    0,    0,    0,    0,    0,    0,    0,    0,    0,    0,    0,    0,    0,    0,    0,    0,    0,    0,   38,   50,    0,   -7,   49,    0,    0,    0,    0,    0,    0,    0,    0,    0,
       0,    0,    0,    0,    0,    0,    0,    0,    0,    0,    0,    0,   -1,    0,    0,   -5,    0,    0,   -1,   -1,    0,   -1,    0,    0,    0,    0,    0,    0,    0,   -1,    0,    0,    0,    0,  -10,   -9,   -9,   -1,   -9,    0,    0,    0,    0,    0,   -1,    0,   -5,    0,    1,    0,  -12,    0,   -1,   -7,  -14,    0,  -25,    0,    0,    0,    0,    0,    0,    0,    0,    1,    0,    0,    0,    0,    0,    0,  -14,    0,    0,    0,    0,    0,   -1,   -1,    0,    0,    0,   -1,   -1,    0,    0,    0,    0,    0,    0,    0,    0,    0,    0,    0,    0,    0,    0,    0,    0,    0,    0,    0,    0,    0,    0,    0,    0,    0,    0,    0,    0,    0,    0,    0,    0,    0,    0,    0,    0,    0,    0,    0,    0,    0,    0,    0,    0,    0,    0,    0,    0,    0,    0,   -8,    0,    0,    0,    0,    0,    0,    0,    0,    0,    0,
       0,    0,    0,    0,    0,    0,    0,    0,    0,    0,    0,    0,   -6,  -11,   -6,   -7,  -24,   -8,  -12,    0,   -6,  -12,    0,    0,    0,    0,    0,    0,    0,  -14,    1,    0,    0,    0,    0,    0,    0,    0,    0,    0,    0,    0,  -12,    0,  -13,  -10,  -12,    0,    0,    0,  -18,  -12,   -7,  -14,  -24,    0,  -36,    0,    0,    0,    0,    0,    0,    0,    0,    1,  -12,    0,    0,    0,    0,    0,    0,    0,    0,    0,  -12,  -12,  -13,  -13,    0,    5,    5,  -13,  -13,    0,  -12,    0,    5,    5,  -12,    0,    0,    0,    0,    0,    0,    0,    0,    0,    0,    0,    0,    0,    0,    0,    0,    0,    0,    0,    0,    0,    0,    0,    0,    0,    0,    0,    0,    0,    0,    0,    0,    0,    0,    0,    0,    0,    0,    0,    0,    0,    0,    0,    0,    0,    0,    0,    0,    0,    0,    0,    0,    0,    0,    0,
       0,    0,    0,    0,    0,   -1,    0,    0,    0,    0,    0,    0,    0,    1,    0,   -1,    0,   -1,    0,   -1,    0,   -1,    0,    0,    0,    0,    0,    0,    0,    0,    0,    0,    0,  -12,  -13,  -13,  -13,    0,  -12,    0,    0,    0,    0,    0,    0,    0,    0,    0,    1,    0,   -5,    0,    0,    0,   -9,    0,  -16,    0,    0,    0,    0,    0,    0,    0,    0,    0,   -5,    0,    0,    0,  -11,    0,   -1,    0,    0,    0,    0,    0,    0,    0,    0,    0,    0,    0,    0,    0,    0,    0,    0,    0,    0,    0,    0,    0,    0,    0,    0,    0,    0,    0,    0,    0,    0,    0,    0,    0,    0,    0,    0,    0,    0,    0,    0,    0,    0,    0,    0,    0,    0,    0,    0,    0,    0,    0,    0,    0,    0,    0,    0,    0,    0,    0,    0,    0,    0,   -1,    0,   -5,    0,    0,    0,    0,    0,    0,    0,    0,
       0, -106,    0,    0,    0,    0,    0,  -16,  -93,    0,    0,    0,    0,  -10,  -12,    0,  -10,    0,    0,  -20,    0,  -20,    0,    0,    0,    0,    0,    0,  -10,  -12,  -12,   -5,  -10,  -75,  -58, -102,  -91,  -10,  -95,  -10,  -69,    0,    0,    0,    0,   -5,    0,    0,    0,    0,  -12,    0,   -6,  -14,  -26,    0,  -20,    0,    0,    0,    0,    0,    0,    0,    0, -100,    0,    0,    0,    0, -126,    0,  -33,    0,    0,   -5,    0,    0,    0,    0,    0,    0,    0,    0,    0,  -18,    0,    0,    0,    0,    0,    0,    0,    0,    0,    0,    0,    0,    0,    0,    0,    0,    0,    0,    0,    0,    0,    0,    0,    0,    0,    0,    0,    0,    0,    0,    0,    0,    0,    0,    0,    0,    0,    0,    0,    0,    0,    0,    0,    0,    0,    0,  -97,  -83,    0,  -16, -106,  -93,    0,    0,    0,    0,    0,    0,    0,    0,
       0,  -12,    0,    0,    0,   -6,    0,   -1,  -12,    0,   -1,    0,   -1,    0,   -1,   -1,   -6,   -1,   -1,   -8,   -1,   -6,    0,    0,    0,   -1,   -1,    0,    0,   -1,   -1,    0,    0,  -12,  -12,  -22,  -18,    0,  -24,    0,    0,    0,   -6,    0,    0,    0,   -6,    0,    0,    0,  -12,    0,    0,   -5,  -11,    0,  -11,    0,    0,    0,    0,    0,    0,    0,    0,    0,  -12,   -1,    0,    0,  -12,    0,   -1,    0,    0,    0,   -6,   -6,    0,    0,    0,    0,    0,    0,    0,   -1,   -6,    0,    0,    0,    0,    0,    0,    0,    0,    0,    0,    0,    0,    0,    0,    0,    0,    0,    0,    0,    0,    0,    0,    0,    0,    0,    0,    0,    0,    0,    0,    0,    0,    0,    0,    0,    0,    0,    0,    0,    0,    0,    0,    0,    0,    0,  -18,  -12,    0,   -7,  -12,    0,    0,    0,    0,    0,    0,    0,    0,    0,
       0,   29,    0,    0,    0,    0,    0,   25,   19,    0,    0,    0,    5,    1,    1,    0,   -5,    0,    5,   -1,   12,    5,    0,    0,    0,   -2,    0,   10,    1,    0,  -10,    2,    0,    1,  -12,  -43,  -32,    3,  -43,   13,   24,    4,    0,   14,    0,    0,    0,    0,    0,    0,   -1,    1,    4,   -1,    6,    0,    0,    1,    0,    0,    0,    0,    0,    0,    0,   16,  -13,   -1,    0,    0,    0,    0,   -1,    0,    0,    0,    0,    0,    0,    0,    0,    0,    0,    0,    0,   -1,    0,   14,    0,    0,    1,    0,    0,    0,    0,    0,    0,    0,    0,    0,    0,    0,    0,    0,    0,    0,    0,    0,    0,    0,    0,    0,    0,    0,    0,    0,    0,    0,    0,    0,    0,    0,    0,    0,    0,    0,    0,    0,    0,    0,    0,    0,   25,   37,    0,   -1,   29,   10,    0,    0,    0,    0,    0,    0,    0,    0,
       0,  -18,    0,    0,    0,   -1,    0,  -10,  -18,    0,    0,    0,    0,    1,    0,   -6,   -5,   -1,    0,  -13,    0,   -6,   -5,    0,    0,   -1,    0,    0,    0,    0,  -17,    0,    0,  -19,  -22,  -47,  -41,    0,  -41,    0,  -13,    0,    0,    0,   -5,    0,   -4,    0,   -4,    0,   -6,    0,    0,    0,  -12,    0,  -22,    0,    0,    0,    0,    0,    0,    0,    0,  -12,  -10,    0,    0,    0,  -24,    0,   -1,    0,    0,    0,    0,    0,   -5,   -5,    0,    0,    0,   -5,   -5,   -6,    0,    0,    0,    0,    0,    0,    0,    0,    0,    0,    0,    0,    0,    0,    0,    0,    0,    0,    0,    0,    0,    0,    0,    0,    0,    0,    0,    0,    0,    0,    0,    0,    0,    0,    0,    0,    0,    0,    0,    0,    0,    0,    0,    0,    0,    0,  -18,   -7,    0,   -1,  -18,  -12,    0,    0,    0,    0,    0,    0,    0,    0,
       0,    1,    0,    0,    0,  -10,    0,   13,    0,    0,  -49,  -40,   -7,  -12,  -19,  -19,  -26,  -19,  -25,    0,  -18,  -12,   -8,    0,    0,    0,   -2,  -49,   -5,  -18,   -9,    0,  -12,    0,   -5,    0,    0,    0,    0,    0,    0,  -50,  -26,    1,  -20,  -14,  -26,  -13,   -8,  -18,  -25,  -24,  -14,  -20,  -14,  -20,  -20,  -20,    0,    0,    0,    0,    0,    0,   -1,    2,  -24,   -7,    0,    0,    1,    0,  -12,  -14,    0,  -50,  -26,  -26,  -20,  -20,  -13,   11,   11,  -20,  -20,    0,  -26,    1,   11,   11,  -24,    0,    0,    0,    0,    0,    0,    0,    0,    0,    0,    0,    0,    0,    0,    0,    0,    0,    0,    0,    0,    0,    0,    0,    0,    0,    0,    0,    0,    0,    0,    0,    0,    0,    0,    0,    0,    0,    0,    0,    0,    0,    1,    1,    0,   -6,    1,    2,    0,  -57,    0,    0,    0,    0,    0,    0,
       0,    2,    0,    0,    0,    0,    0,    0,    2,    0,    0,    0,    0,    0,    0,    0,    0,    0,    0,    0,    0,    0,    0,    0,    0,    0,    0,    0,    2,    0,    2,    2,    0,    2,    2,    0,    0,    0,    0,    2,    0,    0,    0,    2,    0,    0,    0,    0,    0,    0,    0,    0,    0,    0,    0,    0,    0,    0,    0,    0,    0,    0,    0,    0,    0,    2,    0,    0,    0,    0,    2,    0,    0,    0,    0,    0,    0,    0,    0,    0,    0,    0,    0,    0,    0,    0,    0,    2,    0,    0,    0,    0,    0,    0,    0,    0,    0,    0,    0,    0,    0,    0,    0,    0,    0,    0,    0,    0,    0,    0,    0,    0,    0,    0,    0,    0,    0,    0,    0,    0,    0,    0,    0,    0,    0,    0,    0,    0,    0,    0,    0,    0,    2,    2,    0,    0,    2,    2,    0,    0,    0,    0,    0,    0,    0,    0,
       0,    0,    0,    0,    0,    0,    0,    0,    0,    0,    0,    0,   -1,    0,    0,   -5,    0,    0,   -1,   -1,    0,   -1,    0,    0,    0,    0,    0,    0,    0,    0,    0,    0,    0,    0,    0,    0,    0,    0,    0,    0,    0,    0,    0,    0,    0,    0,    0,    0,    0,    0,    0,    0,    0,    0,    0,    0,    0,    0,    0,    0,    0,    0,    0,    0,    0,    1,    0,    0,    0,    0,    0,    0,  -14,    0,    0,    0,    0,    0,    0,    0,    0,    0,    0,    0,    0,    0,    0,    0,    0,    0,    0,    0,    0,   -1,    0,   -1,    0,    0,    0,    0,   -1,    0,    0,   -1,   -1,    0,    0,   -1,    0,    0,   -1,    0,   -1,    0,  -12,  -13,  -13,  -13,    0,   -1,    0,    0,    0,    0,    0,   -1,   -1,   -9,  -14,   -9,    0,    0,    0,    0,    0,   -8,    0,    0,    0,    0,    0,    0,    0,    0,    0,    0,
       0,   -8,    0,    0,    0,    0,    0,    0,    0,    0,    0,    0,    0,    0,    0,    0,    0,    0,    0,   -2,    0,    0,    0,    0,    0,    0,    0,    0,    0,    0,    0,    0,    0,    0,    0,    0,    0,    0,    0,    0,    0,    0,    0,    0,    0,    0,    0,    0,    0,    0,    0,    0,    0,    0,    0,    0,    0,    0,    0,    0,    0,    0,    0,    0,    0,    0,    0,    0,    0,    0,    0,    0,    0,    0,    0,    0,    0,    0,    0,    0,    0,    0,    0,    0,    0,    0,    0,    0,    0,    0,    0,    0,   -1,    0,    0,    0,    0,   -8,    0,    0,    0,    0,    0,    0,  -14,    0,    0,    0,    0,    0,    0,   -1,   -1,    0,    0,   -1,   -8,   -7,    0,    0,    0,    0,    0,    0,    0,  -14,   -1,  -38,   -2,  -24,    0,    0,   -2,    0,    0,    0,   -8,    0,    0,    0,    0,    0,    0,    0,    0,    0,
       0,   16,    0,    0,    0,   -3,    0,    0,   12,    0,  -50,  -28,   -1,    0,    0,   -1,  -32,   -1,  -15,    5,   -1,    0,    0,    0,    0,    0,  -13,    0,    0,    0,    0,    0,    0,    0,    0,    0,    0,    0,    0,    0,   12,  -52,    0,    0,    0,    0,    0,    0,    0,    0,    0,    0,    0,    0,    0,    0,    0,    0,    0,  -10,    0,    0,    0,    0,   -1,   12,  -30,  -28,    0,    0,   10,    0,  -24,   -1,    0,    0,    0,    0,    0,    0,    0,    0,    0,    0,    0,    0,    0,    0,    0,    0,    0,    0,    5,   -7,   -1,   -1,  -44,    0,  -49,  -44,   -1,    0,    0,   -6,    0,  -14,  -26,   -1,  -21,  -49,  -43,  -32,  -32,  -57,  -25,  -37,  -26,  -36,  -49,  -43,    0,  -36,    0,    0,   -1,    0,  -20,    0,  -25,    0,  -26,  -78,   13,   18,    0,  -12,   16,    5,    0,  -50,    0,    0,    0,    0,    0,    0,
       0,   12,    0,    0,    0,    0,    0,    1,    1,    0,    0,    0,    0,    1,    0,    0,    0,    0,    0,    0,    0,    0,    1,    0,    0,    0,    0,    0,    0,    0,    0,    0,    0,    0,    0,    0,    0,    0,    0,    0,    0,   -5,    0,    0,    0,    0,    0,    0,    0,    0,    0,    0,    0,    0,    0,    0,    0,    0,    0,    0,    0,    0,    0,    0,    0,    7,    0,    0,    0,    0,    0,    0,  -12,    0,    0,    0,    0,    0,    0,    0,    0,    0,    0,    0,    0,    0,    0,    0,    0,    0,    0,    0,    0,   -1,    0,    0,    0,    0,   -1,    0,    0,    0,    0,   -6,   -6,    0,    0,    0,    0,    0,    0,   -1,   -1,    0,   -6,  -26,   -1,  -26,   -1,    0,    0,    0,    0,    0,    0,    0,   -1,   -5,  -13,  -10,    0,  -10,    8,   13,    0,    0,   12,    0,    0,    0,    0,    0,    0,    0,    0,    0,
       0,   -1,    0,    0,    0,    0,    0,   -7,    0,    0,  -12,  -12,    0,  -12,  -12,    0,    0,    0,    0,   -8,    0,   -5,    0,    0,    0,    0,    0,    0,    0,    0,    0,    0,    0,    0,    0,    0,    0,    0,    0,    0,    0,  -26,    0,    0,    0,    0,    0,    0,    0,    0,    0,    0,    0,    0,    0,    0,    0,    0,    0,    0,    0,    0,    0,    0,    0,   -1,    0,    0,    0,    0,  -12,    0,    0,   -1,    0,    0,    0,    0,    0,    0,    0,    0,    0,    0,    0,    0,    0,    0,    0,    0,    0,   -5,   -7,    0,   -6,   -6,   -6,  -12,  -13,   -6,   -7,    0,   -5,    0,   -1,   -1,    0,   -1,    0,   -1,    0,   -7,   -1,    0,   -6,   -7,  -12,  -19,   -7,    0,   -5,    0,    0,    0,    0,  -12,   -1,  -18,  -12,  -18,    0,  -24,   -6,    0,    0,    0,   -1,   -1,    0,   -7,    0,    0,    0,    0,    0,    0,
       0,    0,    0,    0,    0,    0,    0,    0,    0,    0,    0,    0,   -6,  -11,   -6,   -7,  -24,   -8,  -12,    0,   -6,  -12,    0,    0,    0,    0,    0,    0,    0,    0,    0,    0,    0,    0,    0,    0,    0,    0,    0,    0,    0,    0,    0,    0,    0,    0,    0,    0,    0,    0,    0,    0,    0,    0,    0,    0,    0,    0,    0,    0,    0,    0,    0,    0,    0,    1,  -12,    0,    0,    0,    0,    0,    0,    0,    0,    0,    0,    0,    0,    0,    0,    0,    0,    0,    0,    0,    0,    0,    0,    0,    0,    0,    0,  -14,    0,    0,    0,    0,    0,    0,    0,    0,    0,  -13,   -5,    0,  -12,   -6,    0,    0,  -13,    0,   -7,   -1,  -18,  -19,  -18,  -24,    0,  -13,    0,  -12,    0,    5,   -1,  -17,  -24,   -5,  -24,    0,  -12,    0,    0,    0,    0,    0,    0,    0,    0,    0,    0,    0,    0,    0,    0,    0,
       0,    0,    0,    0,    0,   -2,    0,    0,    0,    0,  -32,  -21,   -1,  -12,   -8,  -13,  -24,   -8,  -13,    0,   -1,  -12,  -12,    0,    0,    0,   -8,    0,    0,    0,    0,    0,    0,    0,    0,    0,    0,    0,    0,    0,    0,  -44,    0,    0,    0,    0,    0,    0,    0,    0,    0,    0,    0,    0,    0,    0,    0,    0,    0,    0,    0,    0,    0,    0,   -1,    0,  -14,   -6,    0,    0,    0,    0,  -12,  -12,    0,    0,    0,    0,    0,    0,    0,    0,    0,    0,    0,    0,    0,    0,    0,    0,    0,   -1,    0,   -7,   -7,   -6,   -8,    0,  -26,   -8,   -1,    0,   -1,   -7,    0,  -13,  -17,   -8,  -18,  -19,  -13,  -14,  -14,  -20,  -24,  -25,  -18,  -20,  -20,  -13,    0,  -18,   -7,    8,   -7,    0,  -14,    0,  -19,    0,  -17,  -32,    0,    0,    0,   -1,    0,    0,    0,  -31,    0,    0,    0,    0,    0,    0,
       0,  -30,    0,    0,    0,    0,    0,    0,    0,    0,   -6,    0,    0,    0,    0,    0,    0,    0,    0,  -13,    0,    0,    0,    0,    0,    0,    0,    0,    0,    0,    0,    0,    0,    0,    0,    0,    0,    0,    0,    0,    0,    0,    0,    0,    0,    0,    0,    0,    0,    0,    0,    0,    0,    0,    0,    0,    0,    0,    0,    0,    0,    0,    0,    0,    0,    0,    0,    0,    0,    0,    0,    0,    0,    0,    0,    0,    0,    0,    0,    0,    0,    0,    0,    0,    0,    0,    0,    0,    0,    0,    0,    0,  -21,    0,    0,   -1,   -1,  -20,   -1,   -1,   -1,    0,    0,    1,  -32,    0,    0,    0,    0,   -1,    0,   -1,   -1,   -1,   -1,   -1,   -8,   -1,    0,    0,   -1,    0,    0,    0,    0,   -3,    0,  -44,  -11,  -38,    0,    0,  -32,    0,    0,    0,  -30,    0,    0,    0,    0,    0,    0,    0,    0,    0,
       0,  -33,    0,    0,    0,    0,    0,    0,    0,    0,    0,    0,    0,    0,    0,    0,    0,    0,    0,   -2,    0,    0,    0,    0,    0,    0,    0,    0,    0,    0,    0,    0,    0,    0,    0,    0,    0,    0,    0,    0,    0,    0,    0,    0,    0,    0,    0,    0,    0,    0,    0,    0,    0,    0,    0,    0,    0,    0,    0,    0,    0,    0,    0,    0,    0,    0,    0,    0,    0,    0,    0,    0,    0,    0,    0,    0,    0,    0,    0,    0,    0,    0,    0,    0,    0,    0,    0,    0,    0,    0,    0,    0,  -20,   -7,    0,    0,    0,  -24,    0,    0,    0,    0,    0,   -1,  -44,    0,    0,   -1,    0,    0,    0,    0,   -1,    0,  -13,   -8,  -20,  -20,    0,    0,   -1,    0,    0,    0,   -1,  -36,  -14,  -50,  -21,  -36,    0,    0,  -19,    0,    0,    0,  -33,    0,    0,    0,    0,    0,    0,    0,    0,    0,
       0,   -1,    0,    0,    0,   -1,    0,    0,    0,    0,    0,    0,   -1,    0,    0,  -12,  -24,   -1,  -13,   -1,   -7,  -13,   -5,    0,    0,    0,    0,    0,    0,    0,    0,    0,    0,    0,    0,    0,    0,    0,    0,    0,    0,    0,    0,    0,    0,    0,    0,    0,    0,    0,    0,    0,    0,    0,    0,    0,    0,    0,    0,    0,    0,    0,    0,    0,  -13,    0,  -24,  -25,    0,    0,    0,    0,  -41,   -1,    0,    0,    0,    0,    0,    0,    0,    0,    0,    0,    0,    0,    0,    0,    0,    0,    0,    0,   -6,  -18,   -1,   -1,    1,   -1,    0,    1,    0,    0,    0,  -25,   -1,    1,   -1,  -19,    0,    1,  -18,    0,    0,    0,  -18,  -36,  -31,  -44,    0,  -18,    0,   -5,   -1,   -1,  -10,  -18,  -26,   -7,  -38,    0,   -1,    0,    0,    0,    0,  -24,   -1,   -1,    0,    0,    0,    0,    0,    0,    0,    0,
       0,   18,    0,    0,    0,  -28,    0,    0,    0,    0,  -95,  -55,  -24,   -9,  -18,  -13,  -50,  -20,  -43,    6,  -24,  -12,  -24,    0,    0,    0,  -33,    0,    0,    0,    0,    0,    0,    0,    0,    0,    0,    0,    0,    0,    6,  -99,    0,    0,    0,    0,    0,    0,    0,    0,    0,    0,    0,    0,    0,    0,    0,    0,    0,  -22,    0,    0,    0,    0,  -18,    1,  -47,  -43,    0,    0,    0,    0,  -41,  -36,    0,    0,    0,    0,    0,    0,    0,    0,    0,    0,    0,    0,    0,    0,    0,    0,    0,    0,   12,  -24,  -12,    0,  -52,   12,  -77,  -52,   12,    7,    0,  -19,    7,  -18,  -49,   -1,  -37,  -61,  -44,  -43,  -43,  -63,  -43,  -30,  -36,  -37,  -58,  -44,    0,  -55,    5,   16,  -14,    1,  -24,   12,  -26,   18,  -49,  -89,   19,    1,    0,  -26,   18,    0,    0,  -91,    0,    0,    0,    0,    0,    0,
       0,  -38,    0,    0,    0,    0,    0,  -18,  -67,    0,    0,    0,   -8,    0,   -1,   -7,  -22,   -1,  -13,  -20,   -1,  -14,    0,    0,    0,   -1,    0,    0,    0,    0,    0,    0,    0,    0,    0,    0,    0,    0,    0,    0,  -36,    0,    0,    0,    0,    0,    0,    0,    0,    0,    0,    0,    0,    0,    0,    0,    0,    0,    0,    0,    0,    0,    0,    0,   -8,  -67,  -19,  -18,    0,    0,  -85,    0,  -36,    0,    0,    0,    0,    0,    0,    0,    0,    0,    0,    0,    0,    0,    0,    0,    0,    0,    0,   -5,  -38,  -22,    0,   -9,    0,  -30,    5,    0,    0,    0,   -5,  -15,  -57,    0,   -3,  -15,    0,    0,  -12,    0,   -1,    0,  -18,  -16,  -31,  -28,    0,  -12,    0,    0,   -1,   -1,   -7,  -33,  -27,  -61,  -36,  -55,   -3,    0,  -55,  -49,    0,  -20,  -38,  -61,    0,    0,    0,    0,    0,    0,    0,    0,
       0,   -7,    0,    0,    0,    0,    0,  -12,   -7,    0,  -16,  -14,    0,   -5,  -12,   -5,    0,    0,    0,   -7,    0,   -6,    0,    0,    0,    0,    1,    0,    0,    0,    0,    0,    0,    0,    0,    0,    0,    0,    0,    0,  -12,  -15,    0,    0,    0,    0,    0,    0,    0,    0,    0,    0,    0,    0,    0,    0,    0,    0,    0,    0,    0,    0,    0,    0,    1,    0,    1,    1,    0,    0,  -16,    0,   -5,    0,    0,    0,    0,    0,    0,    0,    0,    0,    0,    0,    0,    0,    0,    0,    0,    0,    0,  -14,  -12,   -5,    0,   -9,    0,   -8,  -19,    0,  -18,    0,  -12,    0,  -13,   -1,    0,    0,    0,  -12,    1,   -7,   -1,   -6,   -6,   -1,   -6,   -6,   -1,    1,   -6,    0,    0,    0,    0,   -1,   -7,  -19,  -14,  -30,    0,  -30,   -7,   -1,    0,    0,   -7,    0,    0,  -12,    0,    0,    0,    0,    0,    0,
       0,    0,    0,    0,    0,    0,    0,    0,    0,    0,    1,    0,    0,    1,    0,    0,    0,    0,    0,    0,    0,    0,    0,    0,    0,    0,    0,    0,    0,    0,    0,    0,    0,    0,    0,    0,    0,    0,    0,    0,    0,    0,    0,    0,    0,    0,    0,    0,    0,    0,    0,    0,    0,    0,    0,    0,    0,    0,    0,    0,    0,    0,    0,    0,    0,    0,    0,    0,    0,    0,    0,    0,    0,    0,    0,    0,    0,    0,    0,    0,    0,    0,    0,    0,    0,    0,    0,    0,    0,    0,    0,    0,   -7,  -15,    0,    9,   -5,   -1,    0,    1,    0,    0,    0,  -13,  -12,    1,  -12,   -7,    0,    1,   -7,    0,   -7,   -5,   -5,  -19,    0,  -25,    1,   -7,    0,  -12,    0,    0,   39,  -18,  -25,  -12,  -19,   -6,  -12,    0,    0,    0,    0,    0,    0,    0,    0,    0,    0,    0,    0,    0,    0,    0,
       0,  -16,    0,    0,    0,    0,    0,  -12,   -7,    0,  -24,  -10,    1,   -6,   -1,   -6,    0,   -1,    0,   -1,    0,    0,    0,    0,    0,    0,   12,    0,    0,    0,    0,    0,    0,    0,    0,    0,    0,    0,    0,    0,   -5,  -31,    0,    0,    0,    0,    0,    0,    0,    0,    0,    0,    0,    0,    0,    0,    0,    0,    0,    0,    0,    0,    0,    0,    6,    5,   11,    6,    0,    0,   -8,    0,    0,   -1,    0,    0,    0,    0,    0,    0,    0,    0,    0,    0,    0,    0,    0,    0,    0,    0,    0,  -14,   -7,    7,    0,   -7,  -14,  -20,  -24,  -14,  -18,    0,  -12,    0,   -1,   -7,    0,    0,    0,  -18,    0,    0,    4,  -19,    0,    0,    0,    5,   -8,    0,   -1,    0,    0,    0,    0,    0,    0,  -24,    0,  -22,    0,  -36,   -1,    0,    0,    1,  -16,    0,    0,  -25,    0,    0,    0,    0,    0,    0,
       0,    6,    0,    0,    0,   -2,    0,   -7,   12,    0,  -63,  -32,    0,    0,   -1,   -1,  -14,   -1,   -1,    0,    0,    1,    6,    0,    0,   -1,   -1,    0,    0,    0,    0,    0,    0,    0,    0,    0,    0,    0,    0,    0,    5,  -88,    0,    0,    0,    0,    0,    0,    0,    0,    0,    0,    0,    0,    0,    0,    0,    0,    0,    0,    0,    0,    0,    0,    6,   12,   -1,    0,    0,    0,    0,    0,    0,    0,    0,    0,    0,    0,    0,    0,    0,    0,    0,    0,    0,    0,    0,    0,    0,    0,    0,   -6,    5,    1,    5,   -6,  -49,   -1,  -40,  -49,  -13,    0,   -1,    0,    0,  -12,   -1,    0,   -5,  -37,  -12,    0,   -1,  -38,    0,    0,   12,    5,   -8,  -12,   -1,   -1,    5,    5,    0,    0,    0,   -6,    6,  -12,   -1,  -66,   18,   12,    0,    1,    6,    0,    0,  -74,    0,    0,    0,    0,    0,    0,
       0,   16,    0,    0,    0,   -3,    0,    0,   12,    0,  -50,  -28,   -1,    0,    0,   -1,  -32,   -1,  -15,    5,   -1,    0,    0,    0,    0,    0,  -13,    0,    0,    0,    0,    0,    0,    0,    0,    0,    0,    0,    0,    0,   12,  -52,    0,    0,    0,    0,    0,    0,    0,    0,    0,    0,    0,    0,    0,    0,    0,    0,    0,  -10,    0,    0,    0,    0,   -1,   12,  -30,  -28,    0,    0,   10,    0,  -24,   -1,    0,    0,    0,    0,    0,    0,    0,    0,    0,    0,    0,    0,    0,    0,    0,    0,    0,    0,    5,   -7,   -1,   -1,  -26,    0,  -43,  -26,   -1,    0,   -1,   -6,    0,  -14,  -26,    0,  -19,  -38,  -43,  -21,   -4,  -50,  -41,  -37,  -25,   -3,  -38,  -43,    0,  -30,   -1,   17,   -1,    0,   -3,    0,  -25,    0,  -26,  -49,   13,   18,    0,  -12,   16,    5,    0,  -50,    0,    0,    0,    0,    0,    0,
      -1,   -2,    0,    0,    0,    0,    0,  -18,   -1,    0,  -43,  -20,    0,  -12,   -8,  -13,    0,   -1,    1,  -20,    0,    0,    0,    0,    0,    0,    0,    0,    0,    0,    0,    0,    0,    0,    0,    0,    0,    0,    0,    0,  -14,  -87,    0,    0,    0,    0,    0,    0,    0,    0,    0,    0,    0,    0,    0,    0,    0,    0,    0,    0,    0,    0,    0,    0,    6,    0,    1,    6,    0,    0,  -13,    0,    1,   -1,    0,    0,    0,    0,    0,    0,    0,    0,    0,    0,    0,    0,    0,    0,    0,    0,    0,  -12,   -8,    6,    0,   -8,  -25,  -26,  -33,  -25,  -30,    0,  -12,    1,   -6,   -8,   -1,    0,    0,  -20,    1,    0,   -1,  -20,    0,    0,    0,    0,   -1,    1,   -7,    0,    0,    0,    0,    0,    0,  -26,    0,  -31,   -1,  -26,   -1,    0,    0,    1,   -2,    0,    0,  -34,    0,    0,    0,    0,    0,    0,
      -1,  -36,    0,    0,    0,    0,    0,   -1,  -24,    0,    0,    0,    0,  -10,    0,    0,   -5,   -1,   -5,  -14,    0,  -18,    0,    0,    0,   -1,    0,    0,    0,    0,    0,    0,    0,    0,    0,    0,    0,    0,    0,    0,  -25,    0,    0,    0,    0,    0,    0,    0,    0,    0,    0,    0,    0,    0,    0,    0,    0,    0,    0,    0,    0,    0,    0,    0,    0,  -24,   -1,   -5,    0,    0,  -36,    0,   -1,    0,    0,    0,    0,    0,    0,    0,    0,    0,    0,    0,    0,    0,    0,    0,    0,    0,    0,    0,  -31,   -7,    0,  -12,    0,    0,    5,    0,    0,    0,    0,    0,    0,    0,    0,   -1,   -3,    1,    0,    0,    0,    1,  -12,  -13,   -7,  -18,    0,    0,    0,    0,    0,    0,    0,    0,  -12,  -59,  -12,  -48,    0,    0,  -31,  -19,    0,   -7,  -36,  -24,    0,    0,    0,    0,    0,    0,    0,    0,
       0,    0,    0,    0,    0,    0,    0,    0,    0,    0,  -12,    0,    0,    0,    0,    0,    0,    0,    0,   -1,    0,    0,    0,    0,    0,    0,    0,    0,    0,    0,    0,    0,    0,    0,    0,    0,    0,    0,    0,    0,    0,    0,    0,    0,    0,    0,    0,    0,    0,    0,    0,    0,    0,    0,    0,    0,    0,    0,    0,    0,    0,    0,    0,    0,    0,    0,    0,    0,    0,    0,    0,    0,    0,    0,    0,    0,    0,    0,    0,    0,    0,    0,    0,    0,    0,    0,    0,    0,    0,    0,    0,    0,    0,    0,    0,    0,    0,    0,  -10,    0,    0,    0,    0,    0,    0,    0,   -1,    0,    0,  -12,    0,   -1,   -1,  -12,    0,    0,   -1,   -6,   -1,    0,    0,    0,    0,    0,    0,    0,    0,    0,   -1,    0,   -1,    0,   -1,    0,    0,    0,    0,    0,    0,    0,    0,    0,    0,    0,    0,    0,
       0,   -2,    0,    0,    0,    0,    0,    0,    0,    0,    0,    0,    0,    0,    0,    0,    0,    0,    0,   -1,    0,    0,    0,    0,    0,    0,    0,    0,    0,    0,    0,    0,    0,    0,    0,    0,    0,    0,    0,    0,    0,    0,    0,    0,    0,    0,    0,    0,    0,    0,    0,    0,    0,    0,    0,    0,    0,    0,    0,    0,    0,    0,    0,    0,    0,    0,    0,    0,    0,    0,    0,    0,    0,    0,    0,    0,    0,    0,    0,    0,    0,    0,    0,    0,    0,    0,    0,    0,    0,    0,    0,   -5,    0,    0,    0,    0,    0,    0,    0,    0,    0,    0,   -5,    0,    0,    0,    0,    0,    0,    0,    0,    0,    0,    0,    0,    0,    0,    0,    0,    0,    0,    0,    0,    0,    0,    0,    0,    0,    0,    0,    0,    0,    0,    0,    0,    0,   -2,    0,    0,    0,    0,    0,    0,    0,    0,    0,
       0,    0,    0,    0,    0,    0,    0,    0,    0,    0,  -30,    0,    0,    0,    0,    0,    0,    0,    0,   -1,    0,    0,    0,    0,    0,    0,    0,    0,    0,    0,    0,    0,    0,    0,    0,    0,    0,    0,    0,    0,    0,    0,    0,    0,    0,    0,    0,    0,    0,    0,    0,    0,    0,    0,    0,    0,    0,    0,    0,    0,    0,    0,    0,    0,    0,    0,    0,    0,    0,    0,    0,    0,    0,    0,    0,    0,    0,    0,    0,    0,    0,    0,    0,    0,    0,    0,    0,    0,    0,    0,    0,    0,    0,    0,    0,    0,    0,    0,  -16,    0,    0,    0,    0,   10,    0,    0,   -1,    0,    0,  -18,    0,    0,    0,  -20,    0,    0,    6,    0,   -8,    0,   -6,    0,    0,    0,    0,    0,    0,    0,    0,    0,   -1,    0,    0,    0,    0,    0,    0,    0,    0,    0,    0,    0,    0,    0,    0,    0,
       0,    0,    0,    0,    0,    0,    0,    0,    0,    0,    0,    0,    0,    0,    0,    0,    0,    0,    0,    0,    0,    0,    0,    0,    0,    0,    0,    0,    0,    0,    0,    0,    0,    0,    0,    0,    0,    0,    0,    0,    0,    0,    0,    0,    0,    0,    0,    0,    0,    0,    0,    0,    0,    0,    0,    0,    0,    0,    0,    0,    0,    0,    0,    0,    0,    0,    0,    0,    0,    0,    0,    0,    0,    0,    0,    0,    0,    0,    0,    0,    0,    0,    0,    0,    0,    0,    0,    0,    0,    0,    0,    0,  -21,    0,    0,   19,    0,  -24,    0,    0,    0,    0,    0,    0,  -27,    0,   -1,   -5,    0,    1,   -1,    0,    0,   -6,   -5,   -6,    0,    0,    0,   -1,    0,    0,    0,    0,   30,   -1,   -6,  -47,   -5,  -42,   -1,    0,    0,    0,    0,    0,    0,    0,    0,    0,    0,    0,    0,    0,    0,    0,
       0,  -13,    0,    0,    0,    0,    0,   -7,  -12,    0,  -11,   -6,    1,  -12,   -7,   -1,    1,   -1,    1,  -19,    0,    0,    0,    0,    0,   -1,    0,    0,    0,    0,    0,    0,    0,    0,    0,    0,    0,    0,    0,    0,  -14,  -24,    0,    0,    0,    0,    0,    0,    0,    0,    0,    0,    0,    0,    0,    0,    0,    0,    0,    0,    0,    0,    0,    0,    0,  -11,    6,    6,    0,    0,  -19,    0,    0,    0,    0,    0,    0,    0,    0,    0,    0,    0,    0,    0,    0,    0,    0,    0,    0,    0,    0,   -6,  -31,    0,    0,  -12,    0,  -21,  -12,    0,  -12,    0,   -1,    0,  -16,    0,   -5,    0,    0,  -12,    0,   -1,   -1,  -12,   -6,    0,   -6,   -6,   -1,    0,   -7,    0,    0,    0,    0,    0,    0,  -41,   -1,  -43,   -5,  -12,  -18,   -7,    0,    0,  -13,  -10,    0,    0,    0,    0,    0,    0,    0,    0,
      -1,   -1,    0,    0,    0,   -1,    0,   -7,   -2,    0,    0,    0,   -1,    1,   -1,   -1,   -8,   -1,   -1,  -14,   -1,   -1,    0,    0,    0,   -1,   -1,    0,    0,    0,    0,    0,    0,    0,    0,    0,    0,    0,    0,    0,   -1,    0,    0,    0,    0,    0,    0,    0,    0,    0,    0,    0,    0,    0,    0,    0,    0,    0,    0,    0,    0,    0,    0,    0,    0,   10,  -19,  -14,    0,    0,   -1,    0,   -3,    0,    0,    0,    0,    0,    0,    0,    0,    0,    0,    0,    0,    0,    0,    0,    0,    0,    0,    0,  -13,   -6,    0,  -13,    0,  -16,    5,    0,    0,    0,    0,    0,  -18,    0,   -8,   -1,    0,    0,  -12,    3,   -1,    0,  -12,   -7,    0,   -1,    0,  -12,    0,    0,    0,    0,   -1,    0,    0,  -41,    0,  -36,   -8,    0,   -1,    4,    0,   -1,   -1,   -1,    0,    0,    0,    0,    0,    0,    0,    0,
       0,  -18,    0,    0,    0,   -1,    0,  -10,  -18,    0,    0,    0,    0,    1,    0,   -6,   -5,   -1,    0,  -13,    0,   -6,   -5,    0,    0,   -1,    0,    0,    0,    0,    0,    0,    0,    0,    0,    0,    0,    0,    0,    0,  -13,    0,    0,    0,    0,    0,    0,    0,    0,    0,    0,    0,    0,    0,    0,    0,    0,    0,    0,    0,    0,    0,    0,    0,    0,  -12,  -10,    0,    0,    0,  -24,    0,   -1,    0,    0,    0,    0,    0,    0,    0,    0,    0,    0,    0,    0,    0,    0,    0,    0,    0,    0,    0,  -19,    0,    0,  -17,    0,  -30,    0,    0,    0,    0,    0,    0,  -27,    0,    0,   -5,    0,   -5,   -5,    0,    0,   -6,   -6,   -6,  -11,    0,    0,   -5,    0,    0,    0,    0,   -2,    0,   -5,  -47,   -5,  -41,    0,    0,  -18,   -7,    0,   -1,  -18,  -12,    0,    0,    0,    0,    0,    0,    0,    0,
      -1,  -26,    0,    0,    0,    0,    0,   -8,  -14,    0,  -12,  -12,    0,  -16,   -8,   -6,    0,   -6,    1,  -26,    0,    0,   -1,    0,    0,   -1,    0,    0,    0,    0,    0,    0,    0,    0,    0,    0,    0,    0,    0,    0,  -14,  -31,    0,    0,    0,    0,    0,    0,    0,    0,    0,    0,    0,    0,    0,    0,    0,    0,    0,    0,    0,    0,    0,    0,    0,  -16,    1,    6,    0,    0,  -31,    0,    0,   -1,    0,    0,    0,    0,    0,    0,    0,    0,    0,    0,    0,    0,    0,    0,    0,    0,    0,  -12,  -36,    0,   -5,   -7,    0,  -21,  -25,    0,  -14,    0,   -7,    0,  -16,    0,   -1,    0,    0,  -12,    1,  -12,   -1,  -12,   -6,    0,   -6,   -6,   -1,    1,   -5,    0,    0,    0,    0,    0,    0,  -41,   -1,  -49,   -1,  -13,  -30,  -13,    0,    0,  -26,  -10,    0,  -18,    0,    0,    0,    0,    0,    0,
       0,   -1,    0,    0,    0,    0,    0,   -2,   -1,    0,   -1,   -1,    0,  -12,   -1,   -1,  -12,   -1,    0,   -9,   -1,    0,    0,    0,    0,   -1,   -1,    0,    0,    0,    0,    0,    0,    0,    0,    0,    0,    0,    0,    0,   -2,  -14,    0,    0,    0,    0,    0,    0,    0,    0,    0,    0,    0,    0,    0,    0,    0,    0,    0,    0,    0,    0,    0,    0,    0,    0,   -1,    0,    0,    0,  -14,    0,   -1,    0,    0,    0,    0,    0,    0,    0,    0,    0,    0,    0,    0,    0,    0,    0,    0,    0,    0,   -8,  -25,    0,   -1,  -14,    0,    0,   -8,    0,  -13,    0,   -1,    0,    0,    0,   -1,    0,    0,   -7,   -1,   -1,    0,   -6,   -6,   -1,   -1,   -1,   -1,   -1,   -8,    0,    0,    0,    0,    0,    0,  -43,   -1,  -37,   -1,   -1,   -7,   -1,    0,    0,   -1,    0,    0,   -1,    0,    0,    0,    0,    0,    0,
      -1,   -1,    0,    0,    0,  -10,    0,  -22,   -1,    0,  -57,  -26,    5,  -11,   -1,   -8,  -10,   -8,    3,  -18,   -1,    6,   -1,    0,    0,   -2,   -8,    0,    0,    0,    0,    0,    0,    0,    0,    0,    0,    0,    0,    0,    0,  -47,    0,    0,    0,    0,    0,    0,    0,    0,    0,    0,    0,    0,    0,    0,    0,    0,    0,    0,    0,    0,    0,    0,    0,   10,  -14,   -8,    0,    0,    0,    0,   -1,   -1,    0,    0,    0,    0,    0,    0,    0,    0,    0,    0,    0,    0,    0,    0,    0,    0,    0,  -14,   -4,    0,   -1,  -25,    0,    0,  -44,    0,  -31,    0,  -14,    0,    0,    0,  -10,    0,    0,  -32,  -13,    0,   -1,  -32,    0,    0,    4,    6,  -14,  -13,  -12,   -7,    0,    0,    0,    0,    0,  -30,    6,  -31,  -10,  -55,   13,   12,    0,   -1,   -1,    6,    0,  -52,    0,    0,    0,    0,    0,    0,
       0,  -37,    0,    0,    0,    0,    0,    0,    0,    0,    0,    0,    0,    0,    0,    0,    0,    0,    0,  -24,    0,    0,    0,    0,    0,    0,    0,    0,    0,    0,    0,    0,    0,    0,    0,    0,    0,    0,    0,    0,    0,    0,    0,    0,    0,    0,    0,    0,    0,    0,    0,    0,    0,    0,    0,    0,    0,    0,    0,    0,    0,    0,    0,    0,    0,    0,    0,    0,    0,    0,    0,    0,    0,    0,    0,    0,    0,    0,    0,    0,    0,    0,    0,    0,    0,    0,    0,    0,    0,    0,    0,    0,  -21,    0,    0,    0,    0,  -27,    0,    0,    0,    0,    0,    0,  -37,    0,    0,   -6,    0,    0,    0,   -1,    0,    1,  -12,  -24,  -25,  -24,    0,    0,  -12,    0,    0,    0,    0,  -32,  -20,  -43,  -26,  -32,    0,    0,  -26,  -19,    0,    0,  -37,    0,    0,    0,    0,    0,    0,    0,    0,    0,
       0,  -14,    0,    0,    0,    0,    0,    0,    0,    0,    0,    0,    0,    0,    0,    0,    0,    0,    0,  -12,    0,    0,    0,    0,    0,    0,    0,    0,    0,    0,    0,    0,    0,    0,    0,    0,    0,    0,    0,    0,    0,    0,    0,    0,    0,    0,    0,    0,    0,    0,    0,    0,    0,    0,    0,    0,    0,    0,    0,    0,    0,    0,    0,    0,    0,    0,    0,    0,    0,    0,    0,    0,    0,    0,    0,    0,    0,    0,    0,    0,    0,    0,    0,    0,    0,    0,    0,    0,    0,    0,    0,    0,    0,    0,    0,    0,    0,    0,    0,    0,    0,    0,    0,    0,    0,    0,   -1,   -1,    0,    0,    0,    0,    0,    0,    0,   -1,   -1,   -1,   -1,    0,   -1,    0,    0,    0,    5,    0,    0,    0,   -6,    0,   -1,    0,   -1,    0,    0,    0,  -14,    0,    0,    0,    0,    0,    0,    0,    0,    0,
      -1,  -14,    0,    0,    0,    0,    0,   -8,   -7,    0,  -12,   -1,    0,   -5,   -6,   -6,    0,    0,    1,  -19,    0,   -5,    0,    0,    0,   -1,    0,    0,    0,    0,    0,    0,    0,    0,    0,    0,    0,    0,    0,    0,  -14,  -25,    0,    0,    0,    0,    0,    0,    0,    0,    0,    0,    0,    0,    0,    0,    0,    0,    0,    0,    0,    0,    0,    0,    0,  -12,    0,    0,    0,    0,  -18,    0,   -1,    0,    0,    0,    0,    0,    0,    0,    0,    0,    0,    0,    0,    0,    0,    0,    0,    0,    0,  -12,  -19,    0,    0,  -18,    0,    0,   -7,    0,   -1,    0,   -7,    0,    0,    0,   -1,    0,    0,   -6,    0,   -1,    0,   -6,   -6,    0,   -1,   -1,   -1,    0,   -7,    0,    0,    0,    0,    0,   -1,  -42,   -1,  -53,   -1,   -1,   -8,   -1,    0,   -1,  -14,    0,    0,   -1,    0,    0,    0,    0,    0,    0,
       0,    0,    0,    0,    0,   -1,    0,    0,    0,    0,    0,    0,    0,    1,    0,   -1,    0,   -1,    0,   -1,    0,   -1,    0,    0,    0,    0,    0,    0,    0,    0,    0,    0,    0,    0,    0,    0,    0,    0,    0,    0,    0,    0,    0,    0,    0,    0,    0,    0,    0,    0,    0,    0,    0,    0,    0,    0,    0,    0,    0,    0,    0,    0,    0,    0,    0,    0,   -5,    0,    0,    0,  -11,    0,   -1,    0,    0,    0,    0,    0,    0,    0,    0,    0,    0,    0,    0,    0,    0,    0,    0,    0,    0,    0,  -12,    0,    0,    0,    0,    0,    0,    0,    0,    0,    0,    0,    0,    0,    0,    0,    0,    0,    0,    0,    0,    0,   -5,   -7,   -9,   -7,    0,    0,    0,    0,    0,    0,    0,    0,  -13,   -8,   -9,  -12,    0,    0,    0,    0,    0,   -1,    0,   -5,    0,    0,    0,    0,    0,    0,    0,    0,
       0,   24,    0,    0,    0,   -1,    0,   12,   14,    0,    0,    0,    0,    1,    0,    0,    0,    0,    0,   13,    0,    0,    0,    0,    0,    0,    0,    0,    0,    0,    0,    0,    0,    0,    0,    0,    0,    0,    0,    0,   14,    0,    0,    0,    0,    0,    0,    0,    0,    0,    0,    0,    0,    0,    0,    0,    0,    0,    0,    0,    0,    0,    0,    0,    0,   14,    0,    0,    0,    0,   19,    0,   -1,    0,    0,    0,    0,    0,    0,    0,    0,    0,    0,    0,    0,    0,    0,    0,    0,    0,    0,    1,   13,    0,    0,    1,    0,    0,    0,    0,    7,    0,    1,    0,    0,    0,    0,    0,    0,    0,    0,    0,    0,    0,   -5,   -7,    0,   -7,    0,    0,    1,    0,    0,   25,    0,    0,  -13,   -8,   -9,    2,    0,    0,   19,    9,    0,   -1,   24,   14,    0,    0,    0,    0,    0,    0,    0,    0,
       0,   -1,    0,    0,    0,   -1,    0,    1,   -1,    0,   -8,   -5,    0,    0,   -1,   -1,   -7,   -1,    0,   -1,    0,   -1,   -7,    0,    0,   -1,    0,    0,    0,    0,    0,    0,    0,    0,    0,    0,    0,    0,    0,    0,    0,  -20,    0,    0,    0,    0,    0,    0,    0,    0,    0,    0,    0,    0,    0,    0,    0,    0,    0,    0,    0,    0,    0,    0,    0,    0,  -12,   -1,    0,    0,    0,    0,   -1,    0,    0,    0,    0,    0,    0,    0,    0,    0,    0,    0,    0,    0,    0,    0,    0,    0,    0,   -1,   -1,   -1,    0,    2,    0,  -18,   -7,    0,   -6,    0,   -1,    0,  -21,    0,   -1,    0,    0,   -5,    0,   -1,   -1,   -6,   -1,  -10,    0,    0,   -6,    0,   -1,    0,    0,    0,    2,  -10,  -12,  -45,    0,   -7,   -1,   -5,   -1,    0,    0,   -1,   -1,    0,    0,   -6,    0,    0,    0,    0,    0,    0,
      -1,  -31,    0,    0,    0,   -1,    0,   -8,  -41,    0,    0,    0,   -6,    0,   -6,   -6,  -16,   -1,   -1,  -25,   -1,  -18,    0,    0,    0,   -1,    0,    0,    0,    0,    0,    0,    0,    0,    0,    0,    0,    0,    0,    0,  -30,    0,    0,    0,    0,    0,    0,    0,    0,    0,    0,    0,    0,    0,    0,    0,    0,    0,    0,    0,    0,    0,    0,    0,    0,  -35,   -5,    0,    0,    0,  -43,    0,   -1,    0,    0,    0,    0,    0,    0,    0,    0,    0,    0,    0,    0,    0,    0,    0,    0,    0,    0,    0,  -37,   -1,    0,  -12,    0,  -21,    0,    0,    0,    0,    0,    0,  -27,    0,   -1,   -6,    0,    0,    0,    0,   -1,    0,   -9,  -13,  -18,  -13,    0,    0,    0,    0,    0,    0,    0,  -10,  -12,  -55,  -18,  -43,   -1,    0,  -42,  -25,    0,   -6,  -31,  -29,    0,    0,    0,    0,    0,    0,    0,    0,
       0,   -2,    0,    0,    0,    0,    0,    0,    0,    0,    0,    0,    0,    0,    0,    0,    0,    0,    0,   -1,    0,    0,    0,    0,    0,    0,    0,    0,    0,    0,    0,    0,    0,    0,    0,    0,    0,    0,    0,    0,    0,    0,    0,    0,    0,    0,    0,    0,    0,    0,    0,    0,    0,    0,    0,    0,    0,    0,    0,    0,    0,    0,    0,    0,    0,    0,    0,    0,    0,    0,    0,    0,    0,    0,    0,    0,    0,    0,    0,    0,    0,    0,    0,    0,    0,    0,    0,    0,    0,    0,    0,   -6,  -20,    6,    0,   -1,    0,  -12,   -1,    0,   -1,    0,   -6,    0,  -15,   -1,    0,    0,    0,   -1,    0,   -1,    0,    0,    0,   -1,   -1,   -1,   -1,    0,    0,    0,    0,    0,    0,   -9,   -1,  -26,   -1,  -20,    0,   -1,   -1,    0,    0,    0,   -2,    0,    0,    0,    0,    0,    0,    0,    0,    0,
       0,  -26,    0,    0,    0,    0,    0,    0,    0,    0,   -6,    0,    0,    0,    0,    0,    0,    0,    0,    0,    0,    0,    0,    0,    0,    0,    0,    0,    0,    0,    0,    0,    0,    0,    0,    0,    0,    0,    0,    0,    0,    0,    0,    0,    0,    0,    0,    0,    0,    0,    0,    0,    0,    0,    0,    0,    0,    0,    0,    0,    0,    0,    0,    0,    0,    0,    0,    0,    0,    0,    0,    0,    0,    0,    0,    0,    0,    0,    0,    0,    0,    0,    0,    0,    0,    0,    0,    0,    0,    0,    0,    0,    0,    0,    0,    0,    0,    0,    0,    0,    0,    0,    0,    0,    0,    0,    0,    0,    0,    0,    0,    0,    0,    0,   -7,  -12,   -8,   -7,   -1,    0,   -6,    0,    0,    0,    0,    0,  -14,    0,  -13,    0,    0,    0,  -13,    0,    0,    0,  -26,    0,    0,    0,    0,    0,    0,    0,    0,    0,
      -1,    0,    0,    0,    0,  -10,    0,  -14,   10,    0,  -57,  -31,    0,   -7,   -1,  -13,  -15,   -8,    0,  -18,   -6,    7,   -6,    0,    0,   -1,   -9,    0,    0,    0,    0,    0,    0,    0,    0,    0,    0,    0,    0,    0,   -1,  -41,    0,    0,    0,    0,    0,    0,    0,    0,    0,    0,    0,    0,    0,    0,    0,    0,    0,    0,    0,    0,    0,    0,    0,   16,  -12,  -22,    0,    0,    0,    0,   -1,   -1,    0,    0,    0,    0,    0,    0,    0,    0,    0,    0,    0,    0,    0,    0,    0,    0,    0,  -13,   -1,    0,    0,   -5,    0,    0,  -38,    0,  -36,    0,  -13,    0,    0,    0,   -8,    0,    0,  -26,   -7,    6,   -1,  -27,    0,    0,   12,   12,  -14,   -7,   -8,   -6,   12,   12,   12,    0,    0,    0,   18,  -31,   -8,    0,    7,   12,    0,    0,    0,   12,    0,  -46,    0,    0,    0,    0,    0,    0,
       0,    0,    0,    0,    0,    0,    0,    0,    0,    0,    0,    0,    0,    0,    0,    0,    0,    0,    0,    0,    0,    0,    0,    0,    0,    0,    0,    0,    0,    0,    0,    0,    0,    0,    0,    0,    0,    0,    0,    0,    0,    0,    0,    0,    0,    0,    0,    0,    0,    0,    0,    0,    0,    0,    0,    0,    0,    0,    0,    0,    0,    0,    0,    0,    0,    0,    0,    0,    0,    0,    0,    0,    0,    0,    0,    0,    0,    0,    0,    0,    0,    0,    0,    0,    0,    0,    0,    0,    0,    0,    0,    0,    0,  -20,  -14,  -11,  -50,    0,  -63,  -50,   -1,    0,    0,  -32,    0,  -38,  -50,  -26,  -55,  -67,  -77,  -77,  -63,  -71,  -66,  -80,  -50,  -63,  -67,  -77,    0,  -88,   -1,   -1,   -2,    0,  -38,    0,  -55,    0,  -98,  -91,    0,    0,    0,    0,    0,    0,    0,    0,    0,    0,    0,    0,    0,    0,
       0,    0,    0,    0,    0,    0,    0,    0,    0,    0,  -30,    0,    0,    0,    0,    0,    0,    0,    0,   -1,    0,    0,    0,    0,    0,    0,    0,    0,    0,    0,    0,    0,    0,    0,    0,    0,    0,    0,    0,    0,    0,    0,    0,    0,    0,    0,    0,    0,    0,    0,    0,    0,    0,    0,    0,    0,    0,    0,    0,    0,    0,    0,    0,    0,    0,    0,    0,    0,    0,    0,    0,    0,    0,    0,    0,    0,    0,    0,    0,    0,    0,    0,    0,    0,    0,    0,    0,    0,    0,    0,    0,    0,    0,    0,    0,    0,    0,    0,  -16,    0,    0,    0,    0,   10,    0,    0,   -1,    0,    0,  -42,  -19,    0,  -10,  -43,    0,    0,    6,    0,  -26,  -19,   -6,  -18,    0,    0,    0,    0,    0,    0,    0,    0,   -1,    0,    0,    0,    0,    0,    0,    0,    0,    0,    0,    0,    0,    0,    0,    0,
       0,   -1,    0,    0,    0,    0,    0,    1,   -1,    0,    0,    0,   -7,    1,    0,   -1,   -2,   -1,  -13,   -1,   -6,  -13,    0,    0,    0,   -1,    0,    0,    0,    0,    0,    0,    0,    0,    0,    0,    0,    0,    0,    0,    0,    0,    0,    0,    0,    0,    0,    0,    0,    0,    0,    0,    0,    0,    0,    0,    0,    0,    0,    0,    0,    0,    0,    0,    0,    0,  -20,  -18,    0,    0,    0,    0,  -48,    0,    0,    0,    0,    0,    0,    0,    0,    0,    0,    0,    0,    0,    0,    0,    0,    0,    0,    0,   -1,  -18,    0,   27,    4,   -1,   13,   28,    0,    0,    0,  -25,   -1,    1,   -5,  -19,    0,   13,  -13,    0,    0,    1,    1,  -36,    7,  -44,    0,  -13,    0,    0,    0,    0,   57,  -18,  -26,   -7,  -38,   -6,   -5,    1,   -1,   -1,    0,  -30,   -1,   -1,    0,    0,    0,    0,    0,    0,    0,    0,
      -1,   -1,    0,    0,    0,   -1,    0,   -8,   -2,    0,   -1,    0,   -1,    1,   -1,   -1,   -8,   -1,   -1,  -14,   -1,   -1,   -1,    0,    0,   -1,   -1,    0,    0,    0,    0,    0,    0,    0,    0,    0,    0,    0,    0,    0,   -2,    0,    0,    0,    0,    0,    0,    0,    0,    0,    0,    0,    0,    0,    0,    0,    0,    0,    0,    0,    0,    0,    0,    0,    0,   10,  -19,  -14,    0,    0,   -1,    0,   -3,    0,    0,    0,    0,    0,    0,    0,    0,    0,    0,    0,    0,    0,    0,    0,    0,    0,    0,    0,  -20,   -5,    0,   17,    0,  -16,    5,    0,    5,    0,    0,    0,  -18,    0,   -6,   -1,    0,    7,  -12,    3,   -1,    1,  -12,   -7,    0,   -1,    0,  -12,   -5,   -6,    0,    0,   -1,    0,    0,  -41,    0,  -42,   -6,    0,   -1,    4,    0,   -1,   -1,   -1,    0,    0,    0,    0,    0,    0,    0,    0,
       0,    0,    0,    0,    0,  -26,    0,   -1,    0,    0,  -60,  -54,  -20,  -16,  -18,  -19,  -50,  -25,  -43,    0,  -24,  -22,  -35,    0,    0,    0,  -32,    0,    0,    0,    0,    0,    0,    0,    0,    0,    0,    0,    0,    0,    8,  -66,    0,    0,    0,    0,    0,    0,    0,    0,    0,    0,    0,    0,    0,    0,    0,    0,    0,  -16,    0,    0,    0,    0,  -22,    1,  -47,  -47,    0,    0,    0,    0,  -52,  -35,    0,    0,    0,    0,    0,    0,    0,    0,    0,    0,    0,    0,    0,    0,    0,    0,    0,    0,    1,  -30,  -22,    0,  -36,    1,  -55,  -36,    0,    0,    0,  -31,    0,  -25,  -49,  -30,  -41,  -55,  -54,  -38,  -50,  -57,  -53,  -55,  -41,  -49,  -61, -108,    0,  -49,  -24,   18,  -13,    0,  -32,    1,  -41,    1,  -49,  -55,    1,    1,    0,  -31,    0,    0,    0,  -61,    0,    0,    0,    0,    0,    0,
       0,    0,    0,    0,    0,    0,    0,    0,    0,    0,  -36,    0,    0,    0,    0,    0,    0,    0,    0,    0,    0,    0,    0,    0,    0,    0,    0,    0,    0,    0,    0,    0,    0,    0,    0,    0,    0,    0,    0,    0,    0,    0,    0,    0,    0,    0,    0,    0,    0,    0,    0,    0,    0,    0,    0,    0,    0,    0,    0,    0,    0,    0,    0,    0,    0,    0,    0,   -6,    0,    0,    0,    0,    0,    0,    0,    0,    0,    0,    0,    0,    0,    0,    0,    0,    0,    0,    0,    0,    0,    0,    0,    0,    0,    0,    0,    0,    0,    0,  -27,    0,    0,    0,    0,    0,    0,    0,   -8,   -1,    0,  -25,   -1,    0,   -1,  -26,    0,    0,    6,    0,   -9,   -1,  -12,   -1,    0,    0,    1,    0,    0,    0,    6,    0,   -8,    0,    0,    0,    0,    0,    0,    0,    0,    0,    0,    0,    0,    0,    0,    0,
       0,  -53,    0,    0,    0,    0,    0,    0,    0,    0,    0,    0,    0,    1,    0,    0,    0,    0,    0,  -24,    0,    0,    0,    0,    0,    0,    0,    0,    0,    0,    0,    0,    0,    0,    0,    0,    0,    0,    0,    0,    0,    0,    0,    0,    0,    0,    0,    0,    0,    0,    0,    0,    0,    0,    0,    0,    0,    0,    0,    0,    0,    0,    0,    0,    0,    0,    0,    0,    0,    0,    0,    0,    0,    0,    0,    0,    0,    0,    0,    0,    0,    0,    0,    0,    0,    0,    0,    0,    0,    0,    0,    0,  -49,  -18,   -1,  -11,    0,  -43,    0,    0,    0,    0,    0,  -18,  -63,    1,    0,  -14,    0,    0,   -1,    0,   -1,    0,  -13,  -26,  -28,  -32,    0,   -1,    0,    0,    0,    0,   -1,  -44,  -21,  -75,  -26,  -57,    0,    0,  -44,    0,    0,    0,  -53,    0,    0,    0,    0,    0,    0,    0,    0,    0,
       0,    0,    0,    0,    0,    0,    0,    0,    0,    0,    0,    0,    0,    0,    0,    0,    0,    0,    0,    0,    0,    0,    0,    0,    0,    0,    0,    0,    0,    0,    0,    0,    0,    0,    0,    0,    0,    0,    0,    0,    0,    0,    0,    0,    0,    0,    0,    0,    0,    0,    0,    0,    0,    0,    0,    0,    0,    0,    0,    0,    0,    0,    0,    0,    0,    0,    0,    0,    0,    0,    0,    0,    0,    0,    0,    0,    0,    0,    0,    0,    0,    0,    0,    0,    0,    0,    0,    0,    0,    0,    0,    0,    0,    0,    0,    0,    0,    0,    0,    0,    0,    0,    0,    0,    0,    0,    0,   -1,    0,    0,    0,    0,   -1,    0,   -1,   -8,   -6,  -12,    0,    0,    0,    0,    0,    0,    0,    0,   -1,    0,  -12,    0,    0,    0,    0,    0,    0,    0,    0,    0,    0,    0,    0,    0,    0,    0,    0,    0,
     -12,    0,  -16,    0,    0,  -18,  -21,    0,    0,    0,  -46,  -49,   -1,    1,    0,   -5,  -32,  -18,  -16,   12,   -5,    1,    0,    0,    0,  -12,  -19,  -50,   -5,  -12,   -1,    0,   -1,   18,   -1,    0,    1,    0,    0,   12,    0,  -36,  -24,    0,  -35,   -1,  -36,    1,    0,   -1,  -12,  -24,    6,   -1,   14,    6,   13,   -1,    0,    0,  -18,    0,    0,    0,    0,    0,  -26,  -24,    0,    0,    0,    0,    0,  -10,  -78,  -67,  -24,  -24,  -35,  -35,    1,   12,   12,  -35,  -35,   12,  -24,    0,   12,   12,  -24,   -5,   18,  -12,   -1,   -1,    0,    0,  -50,    0,    0,    0,    0,    0,    0,    0,  -24,    0,   -1,    0,  -35,    6,    0,    0,  -12,    0,   13,    0,    0,  -35,    0,  -24,    1,   12,    0,    0,    0,    0,   14,    0,  -24,  -67,   -5,    0,   -2,  -12,    0,    0,    0,    0,    0,    0,    0,  -50,    0,    0,
       0,    0,    0,    0,    0,  -24,  -29,    0,    0,    0,  -58,  -61,  -12,   -5,  -16,  -13,  -63,  -20,  -31,   10,  -16,  -12,   -1,    0,    0,  -12,  -61,  -56,    0,  -24,    0,    0,   -1,   12,    0,    1,    6,    0,    1,    0,    0,  -41,  -43,    0,  -53,  -24,  -42,   -1,   -7,  -25,  -26,  -48,  -18,  -24,    0,  -13,  -10,  -24,    0,    0,   -2,    0,    0,    0,    0,    0,  -47,  -36,    0,    0,    0,    0,  -44,  -24,  -73,  -79,  -43,  -43,  -53,  -53,   -1,   13,   13,  -53,  -53,   10,  -43,    0,   13,   13,  -48,    0,   12,  -24,   -1,    0,    0,    0,  -56,    0,    0,    0,    0,    0,    0,    0,  -43,    0,  -25,    0,  -53,  -13,    0,    0,  -26,    0,  -10,    0,    0,  -53,    0,  -48,   -1,   13,   -7,    0,    0,    1,    0,    1,  -43,  -79,    0,    0,   -4,  -24,    0,    0,    0,    0,    0,    0,    0,  -56,    0,    0,
       0,    0,    0,    0,    0,    0,    0,    0,    0,    0,    0,    0,   -1,    1,    0,    5,  -12,    0,    0,   -2,    0,  -19,    0,    0,    0,    0,    0,   12,    0,  -14,   22,    0,    0,  -38,  -26,  -67,  -67,   12,  -54,   12,    0,    0,    1,    0,   -6,    0,    1,    0,   16,    0,  -12,    0,  -13,  -14,  -44,    1,  -18,    1,    0,    0,    0,    0,    0,    0,    0,    0,    0,    0,    0,    0,    0,    0,    0,    0,    0,   12,    1,    1,   -6,   -6,    0,    0,    0,   -6,   -6,  -12,    1,    0,    0,    0,    0,    0,  -38,  -14,    0,   22,   12,  -30,   12,   12,   12,    0,    0,  -18,  -85,    6,    1,  -13,    0,    0,   -6,    1,    0,    0,  -12,  -30,  -18,  -49,    1,   -6,    0,    0,    0,    0,   16,  -55,  -43,  -67,  -44,  -54,    1,   12,  -30,   -1,    0,    0,    0,    0,    0,    0,    0,    0,    0,   12,    0,    0,
       0,    0,    0,    0,    0,    0,    0,  -26,    0,    0,    0,    0,    1,  -22,  -32,  -29,   -5,  -16,    1,  -41,   -5,  -10,    0,    0,    0,    0,    0,  -22,    0,    1,  -10,   -1,    0,  -12,    0,  -20,  -20,  -24,  -24,    0,    0,    0,    0,   -1,    0,    0,    0,    0,    0,    0,    0,    0,    0,    0,    0,    0,    0,    0,    0,    0,    0,    0,    0,    0,    0,    0,    0,    0,    0,    0,    0,    0,    0,    0,  -47,    0,    0,    0,    0,    0,    0,    0,    0,    0,    0,   -1,    0,   -1,    0,    0,    0,    0,  -12,    1,    0,  -10,    0,    0,  -22,    0,  -24,    0,   -1,    0,    0,    0,    0,    0,    0,    0,    0,    0,    0,    0,    0,    0,    0,    0,    0,    0,   -1,    0,    0,    0,    0,    0,    0,  -20,    0,  -24,    0,    0,    0,    0,    0,    0,    0,    0,    0,    0,    0,    0,    0,  -22,    0,    0,
       0,    0,    0,    0,    0,    0,    0,    0,    0,    0,    0,    0,   -1,   -1,   -7,  -13,  -30,  -14,  -14,    0,   -7,  -12,    0,    0,    0,    0,    0,    0,    0,    0,    0,    0,    0,    0,    0,    0,    0,    0,    0,    0,    0,    0,    0,    0,    0,    0,    0,    0,    0,    0,    0,    0,    0,    0,    0,    0,    0,    0,    0,    0,    0,    0,    0,    0,    0,    0,    0,    0,    0,    0,    0,    0,    0,    0,    0,    0,    0,    0,    0,    0,    0,    0,    0,    0,    0,    0,    0,    0,    0,    0,    0,    0,    0,    0,    0,    0,    0,    0,    0,    0,    0,    0,    0,    0,    0,    0,    0,    0,    0,    0,    0,    0,    0,    0,    0,    0,    0,    0,    0,    0,    0,    0,    0,    0,    0,    0,    0,    0,    0,    0,    0,    0,    0,    0,    0,    0,    0,    0,    0,    0,    0,    0,    0,    0,    0,    0,
       0,    0,    0,    0,    0,    0,    0,    0,    0,    0,    0,    0,    0,  -12,  -10,    0,    1,    0,    0,  -20,    0,  -12,    0,    0,    0,    0,    0,    0,    0,    0,    0,    0,    0,    0,    0,    0,    0,    0,    0,    0,    0,    0,    0,    0,    0,    0,    0,    0,    0,    0,    0,    0,    0,    0,    0,    0,    0,    0,    0,    0,    0,    0,    0,    0,    0,    0,    0,    0,    0,    0,    0,    0,    0,    0,    0,    0,    0,    0,    0,    0,    0,    0,    0,    0,    0,    0,    0,    0,    0,    0,    0,    0,    0,    0,    0,    0,    0,    0,    0,    0,    0,    0,    0,    0,    0,    0,    0,    0,    0,    0,    0,    0,    0,    0,    0,    0,    0,    0,    0,    0,    0,    0,    0,    0,    0,    0,    0,    0,    0,    0,    0,    0,    0,    0,    0,    0,    0,    0,    0,    0,    0,    0,    0,    0,    0,    0,
       0,  -38,    0,    0,    0,    0,    0,  -18,  -67,    0,    0,    0,   -8,    0,   -1,   -7,  -22,   -1,  -13,  -20,   -1,  -14,    0,    0,    0,   -1,    0,    0,    0,    0,    0,    0,    0,    0,    0,    0,    0,    0,    0,    0,  -36,    0,    0,    0,    0,    0,    0,    0,    0,    0,    0,    0,    0,    0,    0,    0,    0,    0,    0,    0,    0,    0,    0,    0,   -8,  -67,  -19,  -18,    0,    0,  -85,  -13,  -36,    0,    0,    0,    0,    0,    0,    0,    0,    0,    0,    0,    0,    0,    0,    0,    0,    0,    0,    0,    0,    0,    0,    0,    0,    0,    0,    0,    0,    0,    0,    0,    0,    0,    0,    0,    0,    0,    0,    0,    0,    0,    0,    0,    0,    0,    0,    0,    0,    0,    0,    0,    0,    0,    0,    0,    0,    0,    0,    0,  -55,  -49,    0,  -20,  -38,  -61,    0,    0,    0,    0,    0,    5,    0,    0,
       0,    0,    0,    0,    0,    0,    0,    0,    0,    0,    0,    0,    0,    0,    0,    0,  -24,    0,    0,    0,    0,    0,    0,    0,    0,    0,    0,    0,    0,    0,    0,    0,    0,    0,    0,    0,    0,    0,    0,    0,    0,    0,    0,    0,    0,    0,    0,    0,    0,    0,    0,    0,    0,    0,    0,    0,    0,    0,    0,    0,    0,    0,    0,    0,    0,    0,    0,    0,    0,    0,    0,    0,    0,    0,    0,    0,    0,    0,    0,    0,    0,    0,    0,    0,    0,    0,    0,    0,    0,    0,    0,    0,    0,    0,    0,    0,    0,    0,    0,    0,    0,    0,    0,    0,    0,    0,    0,    0,    0,    0,    0,    0,    0,    0,    0,    0,    0,    0,    0,    0,    0,    0,    0,    0,    0,    0,    0,    0,    0,    0,    0,    0,    0,    0,    0,    0,    0,    0,    0,    0,    0,    0,    0,    0,    0,    0,
       0,    0,    0,    0,    0,    0,    0,    0,    0,    0,    0,    0,    0,    0,    0,    0,  -10,    0,    0,    0,    0,    0,    0,    0,    0,    0,    0,    0,    0,    0,    0,    0,    0,    0,    0,    0,    0,    0,    0,    0,    0,    0,    0,    0,    0,    0,    0,    0,    0,    0,    0,    0,    0,    0,    0,    0,    0,    0,    0,    0,    0,    0,    0,    0,    0,    0,    0,    0,    0,    0,    0,    0,    0,    0,    0,    0,    0,    0,    0,    0,    0,    0,    0,    0,    0,    0,    0,    0,    0,    0,    0,    0,    0,    0,    0,    0,    0,    0,    0,    0,    0,    0,    0,    0,    0,    0,    0,    0,    0,    0,    0,    0,    0,    0,    0,    0,    0,    0,    0,    0,    0,    0,    0,    0,    0,    0,    0,    0,    0,    0,    0,    0,    0,    0,    0,    0,    0,    0,    0,    0,    0,    0,    0,    0,    0,    0,
       0,    0,    0,    0,    0,    0,    0,    0,    0,    0,    0,    0,    0,    0,    0,    0,    0,    0,    0,  -19,    0,    0,    0,    0,    0,    0,    0,    0,    0,    0,    0,    0,    0,    0,    0,    0,    0,    0,    0,    0,    0,    0,    0,    0,    0,    0,    0,    0,    0,    0,    0,    0,    0,    0,    0,    0,    0,    0,    0,    0,    0,    0,    0,    0,    0,    0,    0,    0,    0,    0,    0,    0,    0,    0,    0,    0,    0,    0,    0,    0,    0,    0,    0,    0,    0,    0,    0,    0,    0,    0,    0,    0,    0,    0,    0,    0,    0,    0,    0,    0,    0,    0,    0,    0,    0,    0,    0,    0,    0,    0,    0,    0,    0,    0,    0,    0,    0,    0,    0,    0,    0,    0,    0,    0,    0,    0,    0,    0,    0,    0,    0,    0,    0,    0,    0,    0,    0,    0,    0,    0,    0,    0,    0,    0,    0,    0,
};

static const EpdLigaturePair sourceserif4_18_regularLigaturePairs[] = {
    { 0x00660066, 0xFB00 }, // f f -> U+FB00
    { 0x00660069, 0xFB01 }, // f i -> U+FB01
    { 0x0066006C, 0xFB02 }, // f l -> U+FB02
    { 0xFB000069, 0xFB03 }, // U+FB00 i -> U+FB03
    { 0xFB00006C, 0xFB04 }, // U+FB00 l -> U+FB04
};

static const EpdFontData sourceserif4_18_regular = {
    sourceserif4_18_regularBitmaps,
    sourceserif4_18_regularGlyphs,
    sourceserif4_18_regularIntervals,
    79,
    38,
    31,
    -8,
    true,
    sourceserif4_18_regularGroups,
    13,
    nullptr,
    sourceserif4_18_regularKernLeftClasses,
    sourceserif4_18_regularKernRightClasses,
    sourceserif4_18_regularKernMatrix,
    582,
    622,
    156,
    146,
    sourceserif4_18_regularLigaturePairs,
    5,
};
