/**
 * generated by fontconvert.py
 * name: sourceserif4_18_italic
 * size: 18
 * mode: 2-bit  compressed: true
 * Command used: C:\Users\m\Documents\Casper\lib\EpdFont\scripts\fontconvert.py sourceserif4_18_italic 18 C:\Users\m\Documents\Casper\lib\EpdFont\builtinFonts\source\Sourcerer\Sourcerer-Italic.ttf --2bit --compress --pnum --darken-aa
 */
#pragma once
#include "EpdFontData.h"

static const uint8_t sourceserif4_18_italicBitmaps[33116] = {
    0xCD, 0x5A, 0x3D, 0xB3, 0xE4, 0xC6, 0x75, 0xED, 0x01, 0xE8, 0x45, 0x99, 0x70, 0x11, 0x0C, 0x24,
    0x27, 0xB4, 0x88, 0xC4, 0x81, 0x4A, 0x14, 0x17, 0x0E, 0x15, 0xBC, 0xF7, 0x00, 0x91, 0x81, 0x02,
    0x05, 0xFE, 0x01, 0x4E, 0xFC, 0x0F, 0xD6, 0x81, 0x03, 0x06, 0xBB, 0x0B, 0x70, 0x59, 0x65, 0x07,
    0x0E, 0xC8, 0x9F, 0xC0, 0x7F, 0x60, 0x06, 0x74, 0xD5, 0xAB, 0xF2, 0xDB, 0x07, 0x70, 0x19, 0x30,
    0x60, 0xC0, 0xA9, 0x62, 0xE0, 0x90, 0x30, 0xB5, 0x55, 0xAE, 0xB2, 0x5C, 0x45, 0x58, 0x42, 0x59,
    0xD8, 0x5A, 0x00, 0xED, 0x73, 0xCE, 0x6D, 0xCC, 0xCC, 0xEE, 0x3E, 0x4A, 0xAB, 0x4C, 0x6F, 0x06,
    0xDD, 0xF3, 0x66, 0x80, 0xEE, 0x7B, 0x6F, 0x9F, 0xFB, 0xD9, 0xED, 0xB2, 0xCE, 0x15, 0xBD, 0x2B,
    0xF1, 0xDE, 0xBB, 0xB2, 0x73, 0x75, 0xE7, 0xDA, 0xC6, 0xB5, 0x95, 0x6B, 0x9D, 0x5B, 0x9D, 0x5B,
    0x9C, 0x9B, 0xF5, 0x1E, 0x9D, 0x1B, 0xDC, 0x6E, 0x70, 0x51, 0xEF, 0xA2, 0x8E, 0xEF, 0xC3, 0x5F,
    0xDE, 0xF0, 0xD1, 0xB6, 0xE7, 0xA3, 0x45, 0xE5, 0x0A, 0x37, 0x96, 0xEF, 0xCC, 0xF5, 0xBB, 0x73,
    0x1B, 0x4F, 0x6D, 0x3C, 0xB6, 0xF1, 0xB0, 0x24, 0xC3, 0x9C, 0xF4, 0x73, 0xD2, 0x4D, 0x49, 0x37,
    0x24, 0xCD, 0x90, 0xE0, 0xA1, 0x73, 0x77, 0x1B, 0xED, 0x19, 0x5E, 0x5B, 0x7B, 0xE9, 0xEE, 0x3A,
    0x4E, 0x73, 0xE9, 0x38, 0xD3, 0xE0, 0x38, 0x19, 0x66, 0xF4, 0xF8, 0xEB, 0x22, 0xB5, 0xB1, 0x5A,
    0x97, 0x34, 0x31, 0x66, 0x4F, 0xAB, 0xB4, 0x71, 0x2E, 0x73, 0x59, 0xA5, 0x16, 0x0F, 0xBD, 0xC9,
    0xB6, 0xC0, 0x2D, 0xB3, 0x2B, 0x0F, 0xED, 0xC4, 0x81, 0xDF, 0xD3, 0x90, 0x9F, 0x1E, 0x06, 0xEE,
    0xD9, 0x46, 0x7B, 0xF4, 0x2E, 0xEE, 0xE2, 0xBD, 0x5A, 0x31, 0xB4, 0xC3, 0x67, 0xE3, 0x8D, 0xFF,
    0xEF, 0x5A, 0x70, 0x9F, 0x79, 0x0F, 0xFE, 0xFE, 0xF9, 0x6F, 0xF7, 0x6E, 0x49, 0xD3, 0x61, 0x37,
    0xA1, 0x89, 0xC6, 0x2C, 0x19, 0xE2, 0xF1, 0xB5, 0x68, 0x1F, 0x8F, 0x3F, 0xC2, 0xAD, 0xF3, 0x4F,
    0xF1, 0xD0, 0x4A, 0x1E, 0x30, 0xA9, 0x73, 0x35, 0xE6, 0x74, 0x05, 0x64, 0xE7, 0x12, 0xCF, 0xF1,
    0xFC, 0xB8, 0xFD, 0xF2, 0xAB, 0x95, 0x53, 0x78, 0x4E, 0xD1, 0xBA, 0x7B, 0x71, 0x57, 0x3B, 0x1F,
    0x77, 0xF7, 0x5D, 0x1B, 0x37, 0x8B, 0xAB, 0x93, 0x9F, 0x83, 0xE2, 0x5F, 0xA6, 0x83, 0xCD, 0x18,
    0x91, 0x72, 0xF7, 0x1A, 0x89, 0xFA, 0x11, 0x9B, 0x9F, 0x1E, 0x1A, 0x2C, 0x96, 0x48, 0x1D, 0x31,
    0x62, 0x52, 0xB9, 0x78, 0x7F, 0x4E, 0x01, 0xB8, 0xAC, 0x2B, 0x9D, 0xBB, 0xC0, 0x6A, 0x54, 0xE8,
    0xAF, 0x9C, 0x2B, 0xF1, 0x82, 0x04, 0xD5, 0x93, 0x99, 0xFB, 0xE8, 0x29, 0xAB, 0x87, 0xF8, 0x44,
    0xD1, 0x3F, 0xC4, 0x8B, 0x02, 0xBF, 0xC2, 0xE2, 0x0E, 0xE9, 0x8C, 0x7E, 0x8A, 0xF7, 0x17, 0x85,
    0x7B, 0x18, 0x0D, 0x69, 0x33, 0x65, 0xCD, 0x79, 0xBC, 0xCF, 0xA3, 0x21, 0xEB, 0x8A, 0xBC, 0x39,
    0x8B, 0xFB, 0xAC, 0xC3, 0x2D, 0x63, 0xDA, 0x01, 0x2C, 0x40, 0x40, 0xA6, 0x3E, 0xE9, 0xAC, 0xCF,
    0x80, 0x00, 0xF6, 0xE7, 0xE8, 0x81, 0x05, 0xC8, 0xBB, 0x68, 0x80, 0x03, 0x4C, 0x2E, 0x5A, 0x30,
    0x79, 0xDE, 0xDC, 0x73, 0x9C, 0x3C, 0x6B, 0x26, 0xD1, 0x98, 0x7C, 0x0D, 0x1E, 0x30, 0xF9, 0xCE,
    0x83, 0xA0, 0xD7, 0x37, 0x1C, 0x25, 0x60, 0x1B, 0x7F, 0xA5, 0x1F, 0xD8, 0xAD, 0xEF, 0x52, 0x62,
    0xF1, 0xB0, 0x63, 0x97, 0xEC, 0xC9, 0x92, 0xCB, 0x0C, 0x75, 0x2F, 0x76, 0x71, 0x0F, 0x6A, 0x80,
    0x89, 0xC1, 0xA5, 0x18, 0x24, 0xDB, 0xBB, 0x1A, 0x92, 0x2F, 0x9B, 0x68, 0x2A, 0x80, 0x66, 0x97,
    0x72, 0x9D, 0x67, 0xDD, 0x78, 0x67, 0x0F, 0xE2, 0x5C, 0xFE, 0x04, 0xD3, 0x00, 0xA9, 0x12, 0x8F,
    0xE3, 0x0C, 0xA5, 0x20, 0xA9, 0xEE, 0xB6, 0x7E, 0x53, 0x87, 0x07, 0xDE, 0x86, 0x44, 0x7B, 0x42,
    0xD4, 0x65, 0xA0, 0x1D, 0xEF, 0xD8, 0x7F, 0xF4, 0x06, 0x09, 0x6C, 0xBD, 0xC8, 0x4D, 0xB4, 0x4E,
    0x05, 0x1E, 0xA9, 0xAB, 0xD6, 0xF1, 0xB5, 0x40, 0xA0, 0x33, 0xEE, 0x14, 0xD4, 0xDC, 0x86, 0xAA,
    0x74, 0x6F, 0xC3, 0xCE, 0xE4, 0xC9, 0x91, 0x44, 0xEA, 0x0A, 0xD6, 0xC2, 0xBE, 0x02, 0x44, 0x92,
    0xF0, 0x35, 0xC9, 0x04, 0x8D, 0xBA, 0x9B, 0xF4, 0xD4, 0xE1, 0x6A, 0xC3, 0x75, 0x7D, 0xF2, 0x99,
    0xDF, 0x97, 0xE1, 0xE2, 0x70, 0x14, 0xBF, 0x96, 0x66, 0x6F, 0xD3, 0xEC, 0x46, 0xAD, 0xB0, 0x78,
    0x73, 0x7F, 0x41, 0x52, 0xB4, 0x7E, 0xD2, 0x33, 0xFB, 0xE1, 0x22, 0x3C, 0xBD, 0x3D, 0x49, 0x0A,
    0x28, 0x2F, 0x52, 0x13, 0x9F, 0x5E, 0x63, 0xB8, 0xC2, 0xFF, 0xFC, 0x3D, 0x25, 0xC5, 0xBD, 0x3D,
    0x97, 0x77, 0x47, 0x8A, 0x17, 0x93, 0xE9, 0x81, 0xCF, 0x46, 0x44, 0x47, 0x93, 0x8D, 0x4C, 0x3A,
    0xCF, 0xB6, 0x35, 0xCF, 0xB6, 0xA9, 0x75, 0x9D, 0xB9, 0xF4, 0xFD, 0xE5, 0xF5, 0xF8, 0x8B, 0xB9,
    0xFD, 0xE0, 0x9B, 0xA1, 0xF5, 0x6B, 0x55, 0x7A, 0x2E, 0x1D, 0x1E, 0xCC, 0x30, 0x6E, 0x8E, 0xC1,
    0x2E, 0x30, 0xE7, 0x1C, 0x8D, 0x90, 0xD9, 0xC7, 0x26, 0xDE, 0xF1, 0xA5, 0x1A, 0x2C, 0x96, 0xEF,
    0xD5, 0xBC, 0xEC, 0x13, 0xBB, 0x39, 0x5E, 0x13, 0xBC, 0xE2, 0x05, 0x40, 0xBD, 0x72, 0x43, 0xB2,
    0x2F, 0xAA, 0x2B, 0x60, 0xD5, 0xFB, 0x3D, 0xDE, 0x79, 0x57, 0xF6, 0xF5, 0x50, 0xF7, 0x85, 0x10,
    0x4B, 0x8E, 0x8C, 0x73, 0xE7, 0xEE, 0xA9, 0x9D, 0x4D, 0x43, 0x9D, 0x33, 0x29, 0xD8, 0x82, 0x6C,
    0x88, 0xCD, 0xFF, 0x54, 0x6F, 0x07, 0x9E, 0xB8, 0xC2, 0xDE, 0x13, 0xF3, 0x35, 0xAC, 0x5E, 0x85,
    0x55, 0x5D, 0xB1, 0xC4, 0xD1, 0x8C, 0xB5, 0xC6, 0xB3, 0xE9, 0x00, 0xF1, 0x27, 0x03, 0xD6, 0x21,
    0x19, 0xF0, 0x53, 0x32, 0x40, 0xBD, 0xD2, 0xA1, 0x6C, 0xD8, 0x54, 0x68, 0x6A, 0xE2, 0x81, 0xCD,
    0xBE, 0x25, 0x22, 0xD0, 0x14, 0x6C, 0xCA, 0xA6, 0x25, 0x54, 0x6B, 0x3A, 0x94, 0x92, 0xD0, 0x28,
    0x2B, 0x40, 0xA9, 0xE8, 0x80, 0x9D, 0x8C, 0xF3, 0xC4, 0x7E, 0x21, 0x9E, 0x65, 0xD7, 0x76, 0xA0,
    0x07, 0xFE, 0xA7, 0x80, 0x65, 0x68, 0xFD, 0x09, 0xF2, 0x57, 0xC3, 0x15, 0x99, 0x21, 0xB6, 0x08,
    0x26, 0xE2, 0x62, 0x83, 0xA4, 0xE0, 0xD8, 0x07, 0x38, 0xEE, 0x8F, 0x90, 0x2C, 0x08, 0xCB, 0xA3,
    0x32, 0xDD, 0x01, 0xA6, 0xBC, 0x14, 0xB7, 0x5E, 0xC4, 0x69, 0x87, 0xBB, 0x61, 0x50, 0x0B, 0x62,
    0xB9, 0xE4, 0x88, 0x35, 0x9B, 0x96, 0xCD, 0x3D, 0x4D, 0xA0, 0x19, 0x84, 0x74, 0x8D, 0xAB, 0xC1,
    0xA4, 0x82, 0x11, 0xC5, 0xCA, 0x29, 0x85, 0x5F, 0x29, 0x72, 0xA4, 0x5B, 0xF7, 0x1B, 0x22, 0xA8,
    0x5E, 0x11, 0x1F, 0x4C, 0x29, 0x69, 0x3A, 0x26, 0x79, 0x24, 0x6B, 0x60, 0xFB, 0x48, 0xAA, 0x07,
    0x5F, 0x17, 0x3F, 0x07, 0xB3, 0x57, 0xB4, 0x36, 0x33, 0x68, 0xC6, 0xB8, 0xD9, 0x7E, 0x37, 0x91,
    0x83, 0xD7, 0x6D, 0x8D, 0xC8, 0x83, 0x18, 0x90, 0x00, 0x52, 0x2D, 0x51, 0xB3, 0x99, 0xCB, 0x37,
    0x38, 0xA7, 0x6C, 0xA4, 0xA3, 0xB8, 0x40, 0xFA, 0x8F, 0x29, 0xB4, 0xD6, 0xC9, 0x16, 0xE1, 0xBB,
    0x20, 0x75, 0xD8, 0x3F, 0x58, 0x65, 0xDA, 0x47, 0xF0, 0xBC, 0x6B, 0x27, 0x33, 0x4C, 0x1F, 0x6F,
    0x98, 0xC8, 0xD8, 0x94, 0xE4, 0x86, 0x2E, 0x2B, 0xFE, 0x8E, 0x96, 0xE0, 0x43, 0x34, 0xB7, 0x49,
    0xC1, 0x15, 0x60, 0xBE, 0x1B, 0xC0, 0x53, 0x42, 0x1F, 0x93, 0x53, 0x90, 0xE7, 0x1C, 0x77, 0x84,
    0x20, 0x60, 0x79, 0x1F, 0x52, 0x7B, 0x67, 0x7E, 0x1B, 0x1C, 0x6F, 0x6D, 0x7E, 0x57, 0x03, 0x1F,
    0x9B, 0xA4, 0xDF, 0x04, 0x26, 0xAE, 0x64, 0x6C, 0x3C, 0x6C, 0x7D, 0xCE, 0xA6, 0xA0, 0x6A, 0xCA,
    0x2A, 0xFC, 0x8C, 0xCD, 0x3F, 0xB2, 0xF9, 0xC4, 0xC9, 0x61, 0xE3, 0x8F, 0x0F, 0xED, 0x28, 0xAA,
    0x88, 0xB7, 0x45, 0xFB, 0x5C, 0x0B, 0x23, 0xA6, 0xD7, 0x13, 0xCE, 0x37, 0xF6, 0x3D, 0x05, 0xB5,
    0x5A, 0xF4, 0xD2, 0xF2, 0xBE, 0x5A, 0xCB, 0x5B, 0xB5, 0x7B, 0xCE, 0xC8, 0x51, 0x1E, 0x8B, 0xFD,
    0x3B, 0x04, 0x0D, 0xF9, 0x25, 0xF4, 0xE2, 0x65, 0x13, 0x43, 0xDD, 0x84, 0x71, 0x35, 0x43, 0x22,
    0xF1, 0x68, 0x9D, 0xB5, 0x0E, 0x5F, 0x30, 0x1C, 0x20, 0xC9, 0xF5, 0x63, 0xB8, 0xC4, 0xD6, 0xE6,
    0xC0, 0xED, 0x9E, 0x93, 0xFB, 0x20, 0xF6, 0xD6, 0xBE, 0xAB, 0xF9, 0x6B, 0x59, 0x61, 0x49, 0x8B,
    0x0E, 0x38, 0xCA, 0xC6, 0x62, 0x4F, 0xD0, 0x11, 0xE2, 0xA6, 0x68, 0x7E, 0x50, 0x93, 0x98, 0x65,
    0x92, 0x0F, 0x93, 0x93, 0x06, 0x20, 0x9D, 0x3C, 0xA4, 0x5C, 0x8E, 0xA1, 0x28, 0x3E, 0x88, 0x4E,
    0xE8, 0x2A, 0x37, 0xD5, 0x8E, 0xA6, 0xC3, 0x22, 0xEE, 0x0F, 0x68, 0xD9, 0x44, 0x23, 0x94, 0x0A,
    0xC2, 0x62, 0xCD, 0x7E, 0x94, 0xD1, 0x72, 0xED, 0x63, 0x72, 0x8F, 0x9B, 0xCA, 0x7D, 0x5D, 0x61,
    0x25, 0x73, 0xE2, 0x2F, 0xEB, 0x00, 0xBD, 0xB4, 0x8B, 0x42, 0x83, 0x7F, 0x67, 0xAE, 0x2E, 0x11,
    0x04, 0xB5, 0x64, 0x58, 0xF1, 0x3B, 0x6A, 0x17, 0x05, 0x9E, 0x01, 0x48, 0xEE, 0xB2, 0x64, 0x44,
    0x98, 0xEA, 0x76, 0xA0, 0x57, 0xFC, 0x1A, 0xE0, 0x30, 0x62, 0x19, 0xFE, 0x05, 0x2C, 0x1A, 0xE8,
    0x52, 0xDE, 0xE7, 0xB0, 0x1E, 0xD2, 0x3E, 0xE1, 0x4F, 0x00, 0xA6, 0xB7, 0xDF, 0xAD, 0xC9, 0x4C,
    0x22, 0x69, 0x6A, 0x20, 0x33, 0xF0, 0x58, 0x56, 0x80, 0x5C, 0xD9, 0xD0, 0x47, 0x9F, 0x36, 0x0D,
    0x31, 0x8C, 0x5F, 0x1B, 0xDC, 0x57, 0xBA, 0x74, 0xB9, 0xE5, 0x29, 0xC4, 0x95, 0x76, 0x6B, 0xDE,
    0xD4, 0x40, 0x92, 0x10, 0xCC, 0xC4, 0x2C, 0x51, 0x21, 0x3D, 0xA6, 0x17, 0xDF, 0x91, 0xEE, 0x42,
    0xE1, 0x18, 0x45, 0xF8, 0x91, 0xE4, 0xB0, 0x60, 0x8C, 0xF0, 0x36, 0x3D, 0xBA, 0xF1, 0x0F, 0xD2,
    0x81, 0x7A, 0xD4, 0x58, 0xF6, 0x5E, 0x0E, 0x0D, 0xB2, 0x06, 0xEB, 0xF6, 0xCE, 0xBB, 0xEF, 0x7B,
    0x0A, 0x03, 0xC6, 0xAB, 0x4B, 0xF4, 0x26, 0xC0, 0xEE, 0xCA, 0x2A, 0x0C, 0xB4, 0xC0, 0x05, 0x75,
    0xFE, 0x18, 0xFC, 0xF0, 0x27, 0xDE, 0x01, 0xEA, 0x22, 0x10, 0x47, 0x84, 0x43, 0x3C, 0x40, 0x98,
    0xAB, 0xF7, 0x66, 0x70, 0x6A, 0x06, 0x38, 0x24, 0x90, 0x62, 0xE3, 0xEF, 0xBC, 0x4F, 0xDC, 0x08,
    0xBA, 0x02, 0xCB, 0xD1, 0xCF, 0x05, 0x67, 0xF7, 0x3D, 0x7F, 0x37, 0xDC, 0x47, 0xE5, 0x6B, 0x9F,
    0x19, 0x99, 0x9E, 0x9E, 0x18, 0xAA, 0x19, 0x0E, 0xCC, 0x66, 0x7E, 0xD8, 0xE3, 0x7F, 0x7E, 0x8F,
    0xDF, 0x37, 0x4A, 0xF9, 0xDC, 0xC1, 0xA5, 0x47, 0x1C, 0x2F, 0x67, 0xBC, 0x5B, 0xBF, 0xEF, 0xA9,
    0x8C, 0x65, 0xB5, 0x5B, 0x20, 0x33, 0xC8, 0x02, 0x3C, 0xBF, 0x6E, 0xD8, 0xF4, 0x9B, 0x7A, 0xE5,
    0x5A, 0x0D, 0x86, 0x2C, 0x9C, 0xAA, 0x18, 0x02, 0x15, 0x42, 0x36, 0xC3, 0x57, 0x68, 0xFB, 0x69,
    0x48, 0xEE, 0x76, 0xCD, 0x33, 0x8C, 0x48, 0x1F, 0xCA, 0xE1, 0xD0, 0x1C, 0xEC, 0x31, 0x41, 0xE0,
    0x9F, 0x68, 0x0D, 0xC0, 0x21, 0xC7, 0xC8, 0x17, 0xD1, 0xAA, 0xE1, 0x7D, 0x00, 0x45, 0xD1, 0x98,
    0xD2, 0x08, 0x72, 0xCE, 0xBD, 0x22, 0x6B, 0xE6, 0xDA, 0x2B, 0x28, 0xDC, 0x04, 0x7C, 0xCE, 0x3B,
    0x7A, 0xBD, 0xE2, 0x17, 0x93, 0x1B, 0xB1, 0x62, 0x97, 0xB0, 0xEF, 0x23, 0x34, 0x82, 0xDF, 0x4D,
    0x59, 0x85, 0x9C, 0x01, 0x7D, 0x01, 0x7D, 0x45, 0x3F, 0x16, 0x00, 0x3F, 0x2C, 0xDC, 0x70, 0x81,
    0x88, 0x0A, 0x2E, 0x60, 0x38, 0x87, 0x89, 0xCC, 0xBA, 0x08, 0x3D, 0xCC, 0x23, 0x72, 0x8C, 0x33,
    0x1A, 0xF7, 0x26, 0xE9, 0xEE, 0xCA, 0x22, 0x64, 0xF8, 0x95, 0x26, 0xE3, 0x1E, 0xFA, 0xF6, 0x97,
    0xFF, 0xFA, 0x4F, 0x23, 0x9E, 0x2A, 0x97, 0x02, 0x72, 0x28, 0x01, 0xD4, 0xF4, 0x49, 0x30, 0x00,
    0xC7, 0x20, 0xD7, 0x10, 0xBD, 0xE9, 0xF2, 0xC1, 0xE6, 0x91, 0xE5, 0x27, 0xEE, 0xEF, 0x2A, 0x69,
    0x93, 0xB7, 0xAF, 0xEE, 0x1C, 0xD6, 0xDD, 0xD0, 0xBC, 0x5B, 0xEC, 0x41, 0xEB, 0x24, 0x66, 0x0C,
    0x6B, 0xDD, 0xDB, 0xF6, 0xC8, 0x99, 0x75, 0x9F, 0xCA, 0x84, 0xBA, 0x41, 0x5D, 0x44, 0xAB, 0x40,
    0xA1, 0xCB, 0x5C, 0x64, 0x6E, 0xEB, 0x3A, 0x61, 0x45, 0xDD, 0x7B, 0xA6, 0x62, 0x4A, 0xCA, 0x36,
    0x31, 0x33, 0xDA, 0xC7, 0xFC, 0xC8, 0xCD, 0xE4, 0x8A, 0xCD, 0xEE, 0xDC, 0xB6, 0xEE, 0xCC, 0xBA,
    0x4B, 0xF3, 0xA7, 0x83, 0x7C, 0x59, 0xAD, 0xE4, 0xAE, 0xB7, 0xEC, 0xAE, 0xA7, 0x65, 0x9D, 0x9C,
    0xBC, 0x48, 0x43, 0x6D, 0x25, 0xF4, 0xBC, 0x1E, 0x5A, 0x79, 0x33, 0x58, 0x49, 0x26, 0xDA, 0xB4,
    0x64, 0x74, 0x8A, 0x49, 0x14, 0xD6, 0xF7, 0x5C, 0x4B, 0x10, 0x14, 0x8F, 0xB7, 0x56, 0xC9, 0x81,
    0xF3, 0x7B, 0x66, 0x5D, 0xD9, 0x00, 0x0B, 0x21, 0xA3, 0xD2, 0xB1, 0xCD, 0xF7, 0x7C, 0x63, 0x34,
    0x90, 0x7D, 0x68, 0x4B, 0x6B, 0x91, 0x14, 0xA8, 0xA5, 0x92, 0x57, 0x04, 0x64, 0xEB, 0xDE, 0xF0,
    0x72, 0xDA, 0x23, 0xC9, 0x59, 0x29, 0x8B, 0x5B, 0x8A, 0xF5, 0x6B, 0xD2, 0x16, 0xFB, 0xEA, 0x4E,
    0xCF, 0x47, 0xB0, 0xD6, 0xF0, 0x17, 0x68, 0x3D, 0xFD, 0x3C, 0x21, 0x9D, 0x76, 0xA0, 0xCE, 0xDD,
    0x6A, 0x64, 0x70, 0x39, 0xA1, 0xB3, 0x4C, 0x62, 0x6B, 0xE5, 0x5E, 0x98, 0x60, 0xDF, 0xDC, 0x36,
    0xC7, 0x7B, 0x78, 0xFF, 0x8F, 0x99, 0x5B, 0x03, 0x27, 0x98, 0x0A, 0xF6, 0x82, 0x39, 0x88, 0x4C,
    0x0A, 0x94, 0x09, 0x01, 0x44, 0x62, 0xB2, 0xEA, 0xA9, 0x74, 0x4F, 0x94, 0x3A, 0xD1, 0x18, 0x4A,
    0x7C, 0x72, 0xE5, 0xEE, 0x8E, 0xEC, 0x05, 0x4D, 0x9B, 0xDC, 0x41, 0xDB, 0x09, 0x0D, 0x18, 0x91,
    0x7E, 0x01, 0x43, 0xB2, 0xCB, 0x24, 0x45, 0x75, 0x0C, 0xB4, 0x47, 0x75, 0x10, 0x36, 0xB9, 0x40,
    0xA7, 0x20, 0x7F, 0xD4, 0x1A, 0xE0, 0xDA, 0xBA, 0x5E, 0x8F, 0x93, 0x39, 0x46, 0x4F, 0x9D, 0x68,
    0x65, 0x07, 0xF2, 0x49, 0xB5, 0x97, 0x97, 0x21, 0xE4, 0xD0, 0xE1, 0x69, 0xCA, 0x94, 0x76, 0xAC,
    0xC5, 0xF2, 0xB8, 0x20, 0xD5, 0x8D, 0xDA, 0x93, 0x64, 0x7D, 0xD6, 0x93, 0xD3, 0xD6, 0xAE, 0x0C,
    0x31, 0x48, 0xB0, 0x11, 0x3A, 0x04, 0x97, 0x8F, 0xF6, 0x67, 0xD2, 0xDF, 0xF7, 0xD4, 0x32, 0x75,
    0x1A, 0x85, 0x26, 0x7A, 0x65, 0x8B, 0x29, 0x40, 0x63, 0xA4, 0x68, 0x90, 0x6D, 0xBE, 0xA7, 0x0D,
    0x29, 0x3A, 0x9A, 0x8E, 0x62, 0x5B, 0x88, 0x68, 0x2F, 0x0A, 0xE9, 0x4C, 0x18, 0x9F, 0x81, 0xBE,
    0x8C, 0x6B, 0x0E, 0x1D, 0x25, 0x75, 0xBE, 0x22, 0x39, 0xDE, 0x68, 0x5B, 0x4E, 0x68, 0x3B, 0xB4,
    0x2B, 0x5B, 0xD2, 0x26, 0x3C, 0x82, 0x88, 0xE7, 0x68, 0xBB, 0xFC, 0xE3, 0x68, 0x8B, 0xBA, 0x13,
    0xDA, 0x0E, 0x3E, 0xDA, 0xDA, 0xBA, 0x3A, 0x84, 0x37, 0x85, 0x22, 0xE5, 0xD2, 0xE4, 0x06, 0x3C,
    0x3E, 0x31, 0x3C, 0x32, 0xAA, 0x68, 0x90, 0x95, 0xC2, 0x98, 0xC2, 0x16, 0x01, 0xEC, 0x68, 0x69,
    0xE2, 0x06, 0x12, 0x15, 0xF7, 0x0C, 0x19, 0xA3, 0x8F, 0xFE, 0x00, 0x1E, 0x37, 0x54, 0x16, 0x7E,
    0x55, 0xBB, 0x10, 0x8F, 0x65, 0xC7, 0xEF, 0xCB, 0x86, 0xF7, 0xD4, 0x15, 0xEF, 0x6F, 0x85, 0x47,
    0x2F, 0x3C, 0x42, 0x33, 0x25, 0x09, 0x7A, 0x4E, 0xD0, 0xE5, 0x1F, 0x53, 0x12, 0x85, 0x34, 0x38,
    0x92, 0xC6, 0x90, 0x50, 0xFE, 0x5B, 0x42, 0x7A, 0x5A, 0x72, 0x1F, 0x22, 0x12, 0x1F, 0xAC, 0xFF,
    0x6A, 0x3D, 0x9F, 0x26, 0xEA, 0xA2, 0x90, 0x0A, 0xF3, 0x3B, 0x25, 0xA0, 0xB3, 0x99, 0x0A, 0x01,
    0xF3, 0xA4, 0x27, 0x34, 0x33, 0xD3, 0x72, 0x19, 0x9D, 0xCC, 0x0A, 0x43, 0xFA, 0x8D, 0x52, 0xE4,
    0x6F, 0x24, 0x96, 0xCC, 0x96, 0xCD, 0x31, 0x0B, 0x60, 0x5F, 0x57, 0xF6, 0x5B, 0x1B, 0xE4, 0xEB,
    0x4F, 0x7A, 0xFE, 0xB6, 0x9A, 0xAC, 0x49, 0x12, 0xA5, 0xDD, 0x8A, 0xFC, 0xC5, 0x05, 0xBB, 0xB4,
    0x8A, 0x17, 0xDD, 0x1C, 0x74, 0x8A, 0x37, 0x8A, 0xEE, 0xED, 0x9A, 0x8E, 0xE9, 0x7C, 0x6A, 0xDA,
    0x62, 0x57, 0x6F, 0xF4, 0x04, 0x65, 0xB1, 0xAB, 0xB1, 0x8B, 0xF3, 0xB6, 0x36, 0x5F, 0x19, 0x56,
    0xD8, 0x6F, 0xCB, 0xEC, 0x0F, 0xC6, 0x7E, 0xDD, 0x1A, 0x59, 0x74, 0x8B, 0xEC, 0x8E, 0x8D, 0x22,
    0xAA, 0x71, 0x0B, 0x58, 0xD3, 0x43, 0x50, 0xAF, 0xD0, 0x55, 0x4E, 0x4E, 0x61, 0x4A, 0xDE, 0x3D,
    0x13, 0x06, 0x96, 0x87, 0x50, 0x92, 0x89, 0x96, 0xE2, 0x0C, 0x73, 0x1B, 0x18, 0xAE, 0xF8, 0x00,
    0xCF, 0xD7, 0x4F, 0x29, 0x33, 0xCE, 0x2F, 0xE7, 0x49, 0xFA, 0x62, 0x93, 0x42, 0x1C, 0x04, 0x71,
    0x4F, 0xF4, 0xC9, 0x57, 0xAF, 0x8A, 0x60, 0x41, 0x5E, 0x6E, 0x04, 0x5E, 0x89, 0x3A, 0x8B, 0x5E,
    0x67, 0x65, 0x41, 0xF1, 0x54, 0x98, 0x17, 0xBB, 0x92, 0x33, 0xFA, 0xED, 0x6A, 0x8E, 0xDA, 0x9B,
    0x4F, 0x12, 0x20, 0xB3, 0xC9, 0xBA, 0x5E, 0xE4, 0xE7, 0x7B, 0xA2, 0x97, 0xF1, 0xF3, 0x2C, 0xC4,
    0x46, 0x8B, 0x01, 0x37, 0x2C, 0x1B, 0x41, 0x5A, 0x9B, 0xCD, 0x21, 0x6A, 0x65, 0x62, 0x64, 0xCF,
    0xE1, 0xBB, 0x01, 0x09, 0x91, 0x49, 0xAF, 0xAA, 0x19, 0x82, 0xDE, 0xF8, 0x13, 0xFF, 0xB9, 0x1E,
    0x3D, 0x64, 0xB4, 0x29, 0xF0, 0xB1, 0x9D, 0x8E, 0x1E, 0x57, 0x52, 0x35, 0xB1, 0x9A, 0x5C, 0xB7,
    0xB6, 0x3F, 0x6A, 0xD5, 0x41, 0x81, 0x77, 0xA2, 0x28, 0xDE, 0x07, 0xE3, 0x42, 0x1B, 0x78, 0x62,
    0x62, 0x10, 0xC8, 0x9E, 0x9A, 0x98, 0x4C, 0xD1, 0x49, 0xC9, 0xA4, 0xDB, 0xAC, 0xB6, 0x90, 0xC8,
    0xE2, 0x8D, 0x12, 0xBC, 0x96, 0xB8, 0x57, 0xB8, 0xEA, 0x65, 0x47, 0x5C, 0xA8, 0x28, 0x66, 0x04,
    0xF0, 0xEE, 0xE9, 0x14, 0x9C, 0x78, 0xF4, 0x5F, 0x73, 0xF0, 0xE3, 0xF1, 0xD7, 0xB4, 0x47, 0xCA,
    0x5F, 0x3E, 0x87, 0x89, 0xEA, 0xC9, 0x5C, 0xFC, 0x08, 0x51, 0xEE, 0x67, 0xFC, 0x94, 0xBC, 0x0F,
    0x4F, 0xFA, 0x40, 0xB9, 0x6B, 0x05, 0xFD, 0x15, 0xD3, 0x19, 0x84, 0xF1, 0x76, 0xBC, 0x7D, 0x3A,
    0xD3, 0xA7, 0x37, 0x21, 0xCF, 0x41, 0x02, 0x78, 0xDB, 0x95, 0xEF, 0xF7, 0xFA, 0x04, 0xB7, 0xFF,
    0xB9, 0x9C, 0x1B, 0x3F, 0x7D, 0xD9, 0x48, 0x18, 0x77, 0x5D, 0xF1, 0x8D, 0x89, 0xE5, 0x92, 0x11,
    0x96, 0x84, 0x32, 0xD2, 0x2E, 0xE8, 0xD3, 0xB0, 0xF9, 0x0C, 0xC0, 0x03, 0x11, 0x0C, 0x23, 0x83,
    0xD6, 0x77, 0xF0, 0x90, 0xF4, 0xA1, 0xF4, 0xF9, 0x8D, 0xF2, 0x51, 0x71, 0x5F, 0xFA, 0x51, 0x40,
    0x53, 0xFD, 0x8F, 0x5F, 0x9E, 0x51, 0x04, 0x7B, 0x45, 0xB6, 0x91, 0xB7, 0xB8, 0x21, 0xFA, 0x0E,
    0xB3, 0x7F, 0x0A, 0x7E, 0xBE, 0x94, 0x3F, 0x00, 0x87, 0x8B, 0xF5, 0x9F, 0x79, 0xF5, 0x49, 0xE3,
    0xAB, 0x9D, 0xC2, 0x8F, 0xBA, 0x93, 0x91, 0xAD, 0xCA, 0x3D, 0xEB, 0xBB, 0x19, 0xEC, 0x55, 0xAC,
    0x52, 0x65, 0x36, 0xB1, 0xCF, 0xB1, 0xC2, 0x84, 0xEA, 0x6D, 0x17, 0xAD, 0x2C, 0x23, 0x9F, 0x63,
    0xC6, 0xD4, 0xEA, 0x52, 0xED, 0x87, 0x16, 0x0C, 0x97, 0x5F, 0x59, 0x50, 0x5D, 0x78, 0xF1, 0x66,
    0x11, 0x13, 0xA6, 0x4E, 0x16, 0x2B, 0x10, 0x49, 0x4A, 0x43, 0xA8, 0x1E, 0x72, 0xE1, 0x18, 0xF0,
    0xFA, 0x3E, 0x04, 0xC2, 0x4A, 0x2B, 0xC1, 0x2B, 0x43, 0xE6, 0x85, 0x65, 0x4E, 0xB0, 0x0E, 0x74,
    0x12, 0x03, 0x03, 0x41, 0x97, 0x8C, 0x66, 0x2F, 0x12, 0x8D, 0x44, 0x09, 0x45, 0x33, 0xA1, 0x14,
    0x2D, 0x04, 0x51, 0xB4, 0x94, 0xC7, 0x76, 0xA6, 0xA2, 0xC6, 0xA1, 0xAD, 0x0F, 0x6D, 0x32, 0xB1,
    0x55, 0xF5, 0x05, 0x63, 0x9A, 0xB5, 0x33, 0xBB, 0x62, 0x5A, 0x80, 0x31, 0x2D, 0x5C, 0x4A, 0x95,
    0x51, 0xD0, 0xFB, 0xD6, 0xC2, 0x7F, 0x2A, 0x94, 0x01, 0x7C, 0x8F, 0xDD, 0xA1, 0x14, 0xB1, 0xF3,
    0x72, 0xDA, 0x85, 0x02, 0xAD, 0xEC, 0x24, 0xD0, 0x02, 0x95, 0xD6, 0xE2, 0x8D, 0x6F, 0x62, 0x0D,
    0x17, 0x2B, 0x1C, 0x80, 0x46, 0xC0, 0xF7, 0x63, 0xE9, 0x5B, 0x46, 0x50, 0xA9, 0x90, 0x4C, 0x23,
    0x99, 0xC9, 0xF4, 0x9F, 0x6A, 0xC4, 0x1F, 0xED, 0xD8, 0x6E, 0x94, 0x5E, 0x77, 0x2A, 0x3D, 0xB3,
    0xB8, 0xF1, 0xF3, 0xD2, 0x9B, 0x39, 0xED, 0x8B, 0xD2, 0x8B, 0x5E, 0x90, 0x5E, 0x6C, 0xD2, 0x1B,
    0x6B, 0x93, 0x1E, 0xDB, 0x3E, 0x48, 0x4F, 0x3E, 0x82, 0xA3, 0x29, 0xE4, 0x24, 0xEB, 0x8B, 0x79,
    0xBB, 0xFF, 0xA6, 0x3E, 0x16, 0x8A, 0x01, 0x77, 0x8A, 0x07, 0xCD, 0x7A, 0x04, 0x4B, 0x62, 0xB1,
    0xB3, 0x31, 0x66, 0x25, 0xFA, 0x6C, 0x31, 0xE8, 0x5A, 0x85, 0xD8, 0xCA, 0x06, 0x21, 0x4A, 0xF3,
    0x8A, 0x9B, 0x2D, 0xDD, 0xF1, 0x96, 0x5C, 0xAD, 0x9B, 0x27, 0x24, 0x6B, 0xB8, 0x68, 0xE8, 0x4C,
    0xEE, 0x87, 0x0E, 0xC2, 0x37, 0xE7, 0x52, 0xA8, 0xE2, 0x15, 0x71, 0x94, 0xD4, 0x4B, 0x72, 0x99,
    0x55, 0xA3, 0x0D, 0x08, 0xB4, 0x9D, 0xBD, 0xD9, 0x4E, 0x4B, 0xFA, 0x2D, 0xD7, 0xD9, 0x4C, 0xA8,
    0xCC, 0x5D, 0xD9, 0x88, 0x7A, 0x74, 0xC1, 0xF1, 0xB5, 0xE6, 0x83, 0x98, 0x63, 0x63, 0xC4, 0x82,
    0xE6, 0x69, 0xC1, 0xE8, 0xF8, 0xF6, 0x0E, 0x98, 0x4D, 0xE8, 0xBE, 0xF3, 0xC7, 0x80, 0x40, 0x49,
    0x02, 0x16, 0x36, 0x33, 0xC3, 0x8C, 0xD0, 0xB8, 0x2A, 0x54, 0x62, 0x28, 0x97, 0x5A, 0x06, 0x6D,
    0xDA, 0xD2, 0x8C, 0x58, 0xDC, 0xB6, 0x22, 0x45, 0x5E, 0x4A, 0xEE, 0x2B, 0xF8, 0xB5, 0x1F, 0x28,
    0xA4, 0x38, 0x6D, 0x58, 0x36, 0x01, 0xFF, 0x75, 0xC5, 0x80, 0x9C, 0x92, 0x52, 0x6C, 0xAB, 0xA8,
    0xAC, 0x97, 0xC9, 0xDC, 0x97, 0xE0, 0x25, 0xDD, 0x23, 0x63, 0x82, 0x25, 0xB9, 0xAB, 0xF6, 0x0A,
    0x74, 0xA7, 0xDD, 0x84, 0x87, 0xA8, 0xCD, 0xAD, 0xBB, 0xD1, 0xCC, 0xAB, 0x7C, 0xF6, 0x07, 0x8C,
    0xBD, 0xAC, 0x5B, 0x30, 0xF3, 0xE9, 0x0B, 0x66, 0xFE, 0xC4, 0xD8, 0x9B, 0xC0, 0x73, 0xAD, 0x24,
    0x57, 0xB8, 0xF5, 0x43, 0x0B, 0x11, 0xB5, 0x7E, 0x1F, 0x0C, 0xC3, 0xD6, 0x4D, 0x32, 0x7E, 0x8A,
    0x6E, 0x7A, 0x0D, 0x1F, 0xF7, 0x16, 0xD3, 0xEC, 0xAD, 0xEB, 0x2C, 0xA2, 0xE9, 0x2C, 0xA0, 0xE9,
    0xAC, 0x7A, 0xD9, 0xC8, 0x4F, 0x67, 0x95, 0x45, 0x33, 0x21, 0x98, 0x09, 0x31, 0x8C, 0x75, 0x17,
    0xE6, 0xBB, 0xCF, 0x4D, 0x8B, 0xAE, 0xEC, 0xCB, 0xC9, 0x42, 0xDB, 0x41, 0x89, 0x30, 0x33, 0xC6,
    0x7C, 0xD9, 0xB5, 0x56, 0x67, 0x93, 0x8F, 0x30, 0x28, 0x0A, 0x8B, 0x4E, 0x81, 0x4C, 0x09, 0x61,
    0xA2, 0x63, 0x12, 0xB6, 0xAA, 0xCC, 0xB4, 0x5B, 0x2D, 0xCF, 0xF6, 0x4A, 0xE1, 0xD8, 0x65, 0x26,
    0xC4, 0xDB, 0x06, 0xF1, 0x33, 0x0B, 0x12, 0x2F, 0x0D, 0x33, 0x4A, 0xB9, 0x1B, 0x15, 0xA6, 0x4A,
    0xDB, 0x41, 0x2B, 0x3B, 0x95, 0xAF, 0xCA, 0x2E, 0x37, 0xC5, 0x3F, 0x37, 0x81, 0xA9, 0x38, 0x91,
    0xED, 0x25, 0xDC, 0xEC, 0x3F, 0x4D, 0xA2, 0xBF, 0xB2, 0x2A, 0xF4, 0xEF, 0x3A, 0xD3, 0xF8, 0xD3,
    0xEC, 0x34, 0xB1, 0xCC, 0xD5, 0x96, 0x24, 0x14, 0xAD, 0xAD, 0xFE, 0x45, 0xAA, 0x01, 0x05, 0x84,
    0x20, 0xA5, 0x9F, 0x10, 0xAA, 0xC6, 0x7E, 0xA1, 0xA2, 0xD0, 0xE9, 0x5B, 0x0C, 0x4A, 0xCF, 0x85,
    0x0F, 0x34, 0x1A, 0x67, 0x16, 0x9B, 0x56, 0xD4, 0xC2, 0x55, 0x35, 0xD3, 0x51, 0x4A, 0x8D, 0x90,
    0xD6, 0xEC, 0x1C, 0xC2, 0x6E, 0xC5, 0xB2, 0xB7, 0x8B, 0xCE, 0x78, 0x3E, 0xCB, 0x3B, 0xE3, 0xFA,
    0x32, 0xEF, 0x32, 0x31, 0x3C, 0x64, 0x9D, 0x38, 0x8F, 0xFA, 0x6C, 0x4F, 0xDE, 0xEB, 0xB8, 0xCB,
    0xF6, 0xDC, 0x4E, 0xAC, 0xD3, 0x26, 0xEB, 0x55, 0x2D, 0xCC, 0x5C, 0x2A, 0x8E, 0xCA, 0x37, 0x5D,
    0xFA, 0x5B, 0x21, 0xFF, 0x2E, 0x02, 0x1B, 0x09, 0xE3, 0xD2, 0xC5, 0x4F, 0x2B, 0xAB, 0x4D, 0x28,
    0x05, 0xD3, 0x87, 0x35, 0x18, 0x43, 0x83, 0x1D, 0x16, 0xD8, 0xD8, 0x2C, 0x2A, 0x2B, 0xF3, 0x71,
    0x81, 0xED, 0x03, 0x58, 0x65, 0x7D, 0xAE, 0x66, 0xB7, 0xA8, 0x76, 0x75, 0x61, 0x6B, 0x71, 0xA5,
    0xA8, 0x5D, 0x11, 0x57, 0xA9, 0xED, 0x4B, 0xB8, 0x16, 0x89, 0x3D, 0x1B, 0x6E, 0x1B, 0x64, 0x25,
    0xEF, 0xE4, 0x89, 0x86, 0x31, 0xF5, 0xB3, 0x9A, 0xCE, 0xB1, 0x6E, 0x60, 0xFF, 0x45, 0xF6, 0x5B,
    0x62, 0x5D, 0x96, 0x5B, 0x25, 0xC8, 0x20, 0x3F, 0xA6, 0x2A, 0x3D, 0xF6, 0x56, 0x05, 0xED, 0x54,
    0x3F, 0xC8, 0xAD, 0x84, 0x76, 0x6E, 0xC3, 0x58, 0xE5, 0x07, 0x90, 0x87, 0x1A, 0x40, 0x09, 0xFA,
    0x42, 0xC5, 0xED, 0x59, 0x8B, 0x83, 0x76, 0xE1, 0xBD, 0xB9, 0x6E, 0x3D, 0xDB, 0x50, 0x83, 0xDC,
    0x64, 0xD8, 0xC0, 0x52, 0xEC, 0x13, 0xAA, 0x50, 0x9F, 0x89, 0xE4, 0x73, 0xD5, 0xB6, 0x29, 0xDA,
    0x64, 0x52, 0xC0, 0xB8, 0xAA, 0xF0, 0x23, 0xA8, 0xEE, 0xBE, 0x27, 0x58, 0x7B, 0x09, 0x2D, 0x8E,
    0xB7, 0x72, 0x40, 0x6F, 0xA9, 0x12, 0xD0, 0xDE, 0x2A, 0xFD, 0xBC, 0x56, 0xB5, 0x69, 0x16, 0x49,
    0x5B, 0xDE, 0x09, 0x1E, 0x19, 0xA8, 0x68, 0x8C, 0x7C, 0x38, 0x3A, 0x2D, 0x09, 0x2B, 0x5A, 0x8F,
    0xD0, 0xCC, 0x5E, 0xE2, 0xC7, 0x7D, 0x48, 0xAB, 0x0A, 0x91, 0xAF, 0x0A, 0x3C, 0x16, 0x90, 0x3F,
    0x5E, 0x2B, 0x50, 0x5D, 0x4E, 0xC8, 0xA1, 0x75, 0x07, 0x4D, 0x09, 0xC2, 0x1C, 0x96, 0xC9, 0xD3,
    0xB0, 0x83, 0xB1, 0x5D, 0xAC, 0x68, 0x9D, 0x6E, 0x09, 0x6E, 0xDB, 0x82, 0xD7, 0xDA, 0xC7, 0xB5,
    0x88, 0x3D, 0x5C, 0xBB, 0xC9, 0xF6, 0x21, 0x4E, 0xF7, 0xEE, 0x34, 0xE4, 0xC9, 0xC6, 0xC8, 0x61,
    0x73, 0xA4, 0xB1, 0x5A, 0xB2, 0x86, 0xF5, 0x16, 0xE6, 0xDF, 0xC5, 0x8B, 0xB5, 0xAB, 0x0B, 0xBD,
    0x60, 0x69, 0x1D, 0x2B, 0x5B, 0x39, 0x6C, 0x11, 0x5E, 0x8D, 0x5E, 0xB0, 0xB7, 0x88, 0xE0, 0xF0,
    0x8A, 0x11, 0x5B, 0xC5, 0xBD, 0x5E, 0x43, 0x84, 0xD7, 0x0E, 0x2F, 0xE8, 0x18, 0x9C, 0x26, 0xEC,
    0x0C, 0xF9, 0x79, 0x76, 0xB7, 0xF0, 0xF7, 0x51, 0x70, 0xB2, 0x8F, 0x79, 0x3F, 0x30, 0xB6, 0x9C,
    0x30, 0xB5, 0xED, 0xF8, 0xDC, 0x30, 0xE4, 0x0D, 0xB2, 0x2A, 0xE5, 0x6B, 0xAB, 0xB0, 0x29, 0xD9,
    0x9B, 0xEF, 0x99, 0xE9, 0xA9, 0x1E, 0x42, 0x16, 0x25, 0x6E, 0x43, 0x96, 0x0F, 0x5B, 0x7B, 0x81,
    0x6F, 0xAE, 0xB0, 0xE2, 0xF0, 0x41, 0x8D, 0x57, 0x48, 0x7E, 0xDA, 0x9E, 0x43, 0xFD, 0xEB, 0xAA,
    0xE8, 0x58, 0xBD, 0x8B, 0xB8, 0x99, 0xFB, 0x37, 0xA1, 0xAC, 0x56, 0xFC, 0xBA, 0x63, 0xB5, 0x8B,
    0x55, 0x1F, 0x7F, 0xD8, 0x09, 0x69, 0x69, 0xDE, 0x95, 0xFF, 0x20, 0x08, 0x56, 0xAD, 0x93, 0xE8,
    0xD4, 0x96, 0xD2, 0x7D, 0xD2, 0xFD, 0x90, 0x44, 0x2F, 0xA4, 0x7A, 0x05, 0xB4, 0x7E, 0xC0, 0xD2,
    0xD6, 0x7B, 0xFE, 0x83, 0xEF, 0xBE, 0x1D, 0xBC, 0xFF, 0x10, 0x79, 0xCA, 0x02, 0x03, 0x98, 0x2B,
    0xCA, 0xBE, 0xB5, 0x39, 0x47, 0xAE, 0x88, 0x7B, 0xCB, 0x1F, 0xD2, 0xB2, 0x65, 0xCB, 0xCD, 0x54,
    0xA5, 0x8E, 0x8E, 0xA5, 0x7F, 0x2A, 0x6A, 0x0C, 0xEF, 0x03, 0xAB, 0x03, 0x82, 0x30, 0x10, 0xBC,
    0xE0, 0xC4, 0x22, 0x23, 0xF7, 0x3C, 0x54, 0xD9, 0x64, 0xF1, 0x9A, 0xB2, 0x56, 0x73, 0x8F, 0xEB,
    0xAD, 0xED, 0x9A, 0x11, 0x0D, 0x38, 0xAB, 0x69, 0xF1, 0x5B, 0x7A, 0x9B, 0x56, 0xFE, 0xE4, 0x81,
    0x6A, 0x33, 0x8D, 0xED, 0x78, 0x9B, 0x0A, 0xE6, 0x00, 0xE6, 0x75, 0x36, 0x45, 0x53, 0x3C, 0x6A,
    0x9B, 0x7A, 0xDB, 0xA2, 0x0E, 0x4B, 0xB6, 0x6D, 0x4B, 0xAF, 0xEE, 0x90, 0x3F, 0x37, 0x75, 0x13,
    0x77, 0x65, 0x5F, 0x54, 0x8C, 0x26, 0x32, 0x3F, 0x06, 0x4D, 0x76, 0xEE, 0xAF, 0xC3, 0xA6, 0x95,
    0x42, 0xFA, 0x9D, 0xA2, 0x82, 0xE4, 0x50, 0xB2, 0xDF, 0x8A, 0xB1, 0xA1, 0x11, 0x44, 0x74, 0x18,
    0x02, 0xAB, 0x99, 0xBD, 0x2F, 0x43, 0x52, 0xD3, 0xAB, 0xB6, 0x74, 0x9F, 0x9B, 0xB4, 0xC9, 0x4D,
    0xA1, 0x6D, 0x45, 0x4A, 0xE5, 0x3E, 0x45, 0x7E, 0x6D, 0x41, 0x4A, 0x90, 0xF6, 0x2B, 0x10, 0xC9,
    0x70, 0xE6, 0x1F, 0xFC, 0xFA, 0x7F, 0x21, 0xA5, 0x7F, 0x81, 0xCB, 0x3B, 0x4A, 0x7B, 0x63, 0xAE,
    0xFD, 0x05, 0x42, 0xCA, 0x68, 0x4A, 0x78, 0xB6, 0xA3, 0x8B, 0x87, 0xA2, 0x49, 0x19, 0x65, 0x54,
    0x25, 0x86, 0xBE, 0x86, 0x55, 0xE4, 0x41, 0x10, 0xD2, 0xBF, 0x1A, 0xA3, 0x0D, 0x45, 0x56, 0xEE,
    0x5F, 0x64, 0xCE, 0x72, 0x64, 0x77, 0xED, 0xCD, 0x6F, 0xD1, 0xF7, 0x02, 0x25, 0xDA, 0xAF, 0x09,
    0x85, 0xDC, 0xD2, 0xAC, 0x70, 0xD8, 0x70, 0xAD, 0xAD, 0xBB, 0x76, 0xC7, 0xF8, 0xC4, 0xDD, 0xB1,
    0x6C, 0x38, 0x94, 0x73, 0xC3, 0x96, 0x44, 0x14, 0xBA, 0xE9, 0xB4, 0x08, 0xBC, 0x39, 0xC6, 0x67,
    0x3A, 0x4B, 0x54, 0xB7, 0x7A, 0xB1, 0x04, 0xFA, 0x3D, 0x07, 0x27, 0xC2, 0xB6, 0x85, 0xED, 0x61,
    0x3F, 0x47, 0x58, 0xE8, 0xEE, 0x5B, 0xF7, 0xF0, 0x99, 0x7A, 0xB2, 0x26, 0xBF, 0x6D, 0xD3, 0xD5,
    0x5F, 0x5A, 0x54, 0x6F, 0x06, 0xDA, 0x00, 0x63, 0x64, 0x60, 0xFE, 0x3B, 0x23, 0x4B, 0x8C, 0x7E,
    0x81, 0x29, 0xCC, 0xFA, 0xFA, 0x82, 0x53, 0xE5, 0x3A, 0x72, 0xC1, 0x50, 0x47, 0xFB, 0x3C, 0x84,
    0x9D, 0xB5, 0x0A, 0xDB, 0x72, 0x67, 0xE7, 0x55, 0xE8, 0x1B, 0x94, 0x8E, 0xEA, 0x28, 0xC8, 0xB9,
    0x84, 0x3B, 0x1D, 0xF9, 0x8F, 0xCC, 0x05, 0x28, 0x83, 0xA1, 0x9C, 0x2A, 0x59, 0x76, 0x04, 0x3E,
    0xFD, 0x5F, 0xC2, 0xCC, 0x67, 0xCA, 0x12, 0x4A, 0x49, 0xE2, 0xBE, 0xC2, 0x86, 0x6B, 0x05, 0x56,
    0xAD, 0x9C, 0x51, 0xBD, 0x15, 0xA9, 0x0E, 0x45, 0x53, 0xDB, 0x52, 0xA8, 0xBB, 0xB0, 0xA3, 0xF5,
    0xAA, 0xBF, 0xA1, 0x38, 0x52, 0x1E, 0x22, 0x7C, 0x53, 0x45, 0x5A, 0xF4, 0x19, 0xB7, 0xEF, 0xE6,
    0x96, 0xA1, 0x53, 0x8F, 0x48, 0xC2, 0x57, 0x0A, 0xB0, 0x8B, 0x26, 0xA6, 0xDA, 0x25, 0xA4, 0x20,
    0xA5, 0x6E, 0xA5, 0x9C, 0x1F, 0xCB, 0xB0, 0x90, 0x53, 0x6E, 0xF0, 0xD2, 0x36, 0x70, 0x6F, 0x0D,
    0x77, 0x8E, 0x7F, 0x55, 0x56, 0xF1, 0x70, 0x09, 0x2B, 0xE1, 0x87, 0x9A, 0xFB, 0x61, 0xF7, 0x55,
    0x33, 0x4D, 0x54, 0xA4, 0xCE, 0xF5, 0x4E, 0x5F, 0xD8, 0x5B, 0xCA, 0xA5, 0xE2, 0xAB, 0xFB, 0xE1,
    0x76, 0x34, 0x8B, 0xC9, 0xC2, 0x44, 0x4C, 0xC4, 0x4A, 0xCA, 0x52, 0x95, 0x67, 0x31, 0x63, 0xD6,
    0x7D, 0x92, 0x3F, 0x82, 0x6F, 0x6E, 0x72, 0x65, 0x32, 0xB6, 0x72, 0x2A, 0xAD, 0x85, 0x2B, 0x1A,
    0x6E, 0xDE, 0x1D, 0xBA, 0x45, 0xFB, 0xD6, 0x41, 0x2F, 0x1A, 0xF7, 0x6A, 0x7B, 0x83, 0xCB, 0x79,
    0x7E, 0x2F, 0xFE, 0xF7, 0x58, 0xE7, 0x67, 0x0E, 0xB4, 0xB8, 0xE3, 0x79, 0x97, 0xC1, 0xE0, 0x77,
    0xEF, 0x64, 0x4A, 0x17, 0x42, 0x55, 0x34, 0xB7, 0xDA, 0x1B, 0xC4, 0x5F, 0x3F, 0x6F, 0x09, 0xE3,
    0x83, 0x3C, 0x5B, 0xC8, 0x13, 0x71, 0x55, 0x3C, 0xB1, 0x88, 0x3D, 0x22, 0x30, 0x8D, 0x7F, 0x33,
    0x86, 0xFD, 0xC5, 0x74, 0xDE, 0xB6, 0x2A, 0xB3, 0xAF, 0x69, 0xB9, 0x3E, 0x63, 0xE1, 0xBB, 0x63,
    0x71, 0xAF, 0x51, 0xB6, 0x83, 0x49, 0xCA, 0x8A, 0x7B, 0x8A, 0xB6, 0xF7, 0x98, 0x72, 0x0D, 0x18,
    0x2A, 0xED, 0xB8, 0xDE, 0x85, 0x17, 0xB2, 0xB7, 0x63, 0x70, 0xBB, 0x9B, 0x64, 0x9D, 0x06, 0x59,
    0xF3, 0x0D, 0x96, 0x68, 0x65, 0x2B, 0x12, 0x5C, 0x8A, 0xE2, 0xEB, 0xC8, 0x2D, 0x69, 0xB5, 0xDE,
    0xE6, 0xF9, 0x2F, 0xEE, 0x19, 0x9F, 0xEC, 0x5E, 0x15, 0x08, 0x0E, 0x60, 0xA7, 0xDF, 0xF0, 0x89,
    0xDF, 0xD7, 0x88, 0xC1, 0x11, 0x34, 0x7D, 0x0B, 0x73, 0xF2, 0xC3, 0x75, 0xCA, 0xBE, 0x6B, 0x68,
    0x6F, 0xBA, 0x6C, 0xB6, 0x4A, 0x33, 0x28, 0xD3, 0xE4, 0xE2, 0x95, 0xC8, 0xE9, 0x8C, 0x06, 0x22,
    0xC8, 0x09, 0x6E, 0x46, 0x4D, 0x19, 0x48, 0x12, 0xE8, 0xF0, 0x50, 0x2B, 0xCA, 0x68, 0x28, 0x8D,
    0x3C, 0xE4, 0xB1, 0x5D, 0xAF, 0x6D, 0xDE, 0xE2, 0x73, 0xE4, 0xB9, 0xB4, 0x98, 0x9E, 0xA7, 0xA4,
    0xD0, 0xCF, 0xEE, 0xA2, 0x42, 0xD8, 0x90, 0xF7, 0xA7, 0xD4, 0x19, 0x6D, 0xA2, 0xAC, 0x17, 0x5D,
    0xBD, 0xA8, 0xDA, 0x3B, 0x1B, 0x71, 0xA7, 0x23, 0x55, 0x20, 0x25, 0xEF, 0x8C, 0x1A, 0xA3, 0xC5,
    0x28, 0x31, 0x3A, 0x48, 0xC5, 0xB5, 0x33, 0xF8, 0x0B, 0xFF, 0xA9, 0x98, 0x38, 0x27, 0x0B, 0xDC,
    0x58, 0x69, 0x22, 0x8C, 0x7F, 0x61, 0xB9, 0x23, 0x3F, 0x5A, 0x7A, 0xED, 0xDF, 0x59, 0x29, 0xE8,
    0x56, 0x23, 0x35, 0xDC, 0x69, 0xD5, 0xAE, 0x2F, 0x77, 0xA2, 0xB0, 0x60, 0xE1, 0x3C, 0x49, 0x59,
    0xB1, 0x71, 0x3A, 0x59, 0xA2, 0x35, 0x6A, 0xB9, 0x44, 0x35, 0x29, 0x41, 0x2E, 0xD8, 0x23, 0x07,
    0xE7, 0xBE, 0x0C, 0x0B, 0x0A, 0xBB, 0xF6, 0x64, 0x23, 0xF4, 0xCE, 0x0E, 0x88, 0x2E, 0x3D, 0x8B,
    0x6E, 0x6F, 0xAD, 0xF7, 0x68, 0x8E, 0x56, 0x65, 0xC9, 0x9E, 0x2A, 0xBB, 0x93, 0xCB, 0x00, 0x47,
    0x89, 0x32, 0x36, 0xB6, 0x23, 0x65, 0x09, 0xBE, 0x32, 0x1E, 0x77, 0xA1, 0x99, 0xC2, 0xCD, 0xB9,
    0xF8, 0xBA, 0x10, 0x5F, 0x57, 0xE4, 0x6B, 0x27, 0x38, 0x2B, 0xA6, 0x1D, 0x0B, 0x99, 0xC3, 0xC9,
    0x05, 0x1F, 0x1A, 0x2C, 0x69, 0x7D, 0x62, 0xE7, 0x97, 0x13, 0x63, 0x3A, 0x1F, 0x6D, 0xFC, 0x1D,
    0xFF, 0xB1, 0xCC, 0xD9, 0x89, 0x52, 0x16, 0x4F, 0xB7, 0x48, 0xE3, 0x23, 0x50, 0x7D, 0x6E, 0x3E,
    0xBB, 0x66, 0xA4, 0xD1, 0xD2, 0xF7, 0xAD, 0xB4, 0x75, 0x0B, 0x13, 0x86, 0xD9, 0xCE, 0xD5, 0xDC,
    0xA7, 0xD8, 0x1E, 0x92, 0xF4, 0x25, 0xEC, 0xA7, 0x73, 0x1F, 0x00, 0x49, 0x87, 0x7F, 0xF0, 0x14,
    0x3E, 0xCE, 0x7F, 0xD5, 0xBB, 0x72, 0x05, 0xD1, 0x88, 0xB9, 0xFF, 0x70, 0x2D, 0xB8, 0x55, 0xF8,
    0xF1, 0xD8, 0x12, 0x45, 0x67, 0x36, 0x7F, 0x4A, 0xD6, 0x6C, 0x29, 0xD7, 0x72, 0x2E, 0x96, 0x7F,
    0xC3, 0x24, 0x7B, 0x79, 0x45, 0x1A, 0xC3, 0x50, 0xAD, 0x78, 0xE9, 0xF3, 0x38, 0x3F, 0x91, 0x8F,
    0xE2, 0xE1, 0x03, 0xA8, 0xE6, 0x9A, 0xF5, 0x74, 0xBD, 0xF1, 0x88, 0x64, 0x63, 0xB4, 0x18, 0x7E,
    0xB7, 0x86, 0x3D, 0x09, 0x95, 0x3A, 0xC2, 0x56, 0x01, 0xE8, 0x7A, 0x45, 0xFE, 0xA1, 0xD4, 0x09,
    0x97, 0xF2, 0x01, 0x00, 0xAD, 0xA8, 0xB9, 0xB1, 0xA3, 0x13, 0xB4, 0x95, 0x74, 0x24, 0xB9, 0xD9,
    0xAC, 0xB7, 0x20, 0xB9, 0x92, 0xD2, 0xBB, 0x7E, 0xD1, 0x5E, 0x7D, 0xFF, 0xD9, 0x21, 0x1E, 0xBA,
    0xF9, 0xC4, 0xE5, 0x8F, 0x7A, 0xD9, 0x3F, 0x98, 0x4E, 0xB3, 0x9D, 0x08, 0xCB, 0xFE, 0x9E, 0x71,
    0x19, 0x21, 0xEE, 0xF9, 0x08, 0x22, 0xB3, 0x74, 0x08, 0xDA, 0x49, 0xE3, 0xBE, 0x77, 0x3A, 0x3E,
    0x61, 0x7A, 0x2A, 0x2D, 0x6D, 0x0C, 0x8B, 0x37, 0x68, 0x45, 0x1A, 0xB4, 0x22, 0x5A, 0x23, 0xB4,
    0x19, 0x2C, 0x44, 0x36, 0x5C, 0x2D, 0x17, 0xF4, 0x77, 0x40, 0x4E, 0xE6, 0x1B, 0xE8, 0x1B, 0x8F,
    0xAD, 0x54, 0x32, 0x39, 0x23, 0xEC, 0x7D, 0x3C, 0xE7, 0x68, 0xA6, 0x33, 0xE2, 0xFB, 0x1F, 0xA4,
    0xEF, 0xCA, 0xBB, 0xCB, 0x46, 0x3B, 0x58, 0x48, 0x5A, 0x0B, 0x26, 0xAC, 0xCA, 0xB7, 0x8B, 0xEE,
    0x2E, 0x65, 0x4D, 0x48, 0x3E, 0x02, 0x51, 0xF9, 0x17, 0x8C, 0xE4, 0x58, 0xCC, 0xCC, 0x64, 0x0A,
    0xC7, 0x43, 0x98, 0xC5, 0xE5, 0xFE, 0xB3, 0x00, 0xBF, 0x8F, 0x79, 0x04, 0x4A, 0x35, 0xD4, 0xB6,
    0xC2, 0x4C, 0x11, 0x7B, 0x4E, 0xC6, 0x50, 0x0B, 0xF3, 0xA5, 0xCA, 0x97, 0x10, 0x4D, 0x8E, 0x4C,
    0xA6, 0xA1, 0x8E, 0xA1, 0x2F, 0xB5, 0xB9, 0x55, 0x34, 0xFF, 0x3E, 0xB1, 0xDA, 0x5A, 0x34, 0xBF,
    0x51, 0x75, 0xB5, 0x78, 0xF0, 0xED, 0xA4, 0x75, 0xF8, 0xFC, 0xD1, 0x44, 0x97, 0x9E, 0x7F, 0xF9,
    0xCE, 0xC4, 0xE4, 0x39, 0xFF, 0x26, 0x9A, 0x35, 0xFD, 0xBC, 0x5B, 0x15, 0xED, 0x4D, 0xAA, 0x3B,
    0x02, 0xA5, 0x96, 0xE0, 0xC9, 0x41, 0x1A, 0x65, 0x8A, 0x31, 0xFE, 0x3C, 0x1C, 0xD1, 0x00, 0xB9,
    0xD4, 0xFF, 0x81, 0x16, 0xF4, 0xDB, 0x29, 0xFA, 0x66, 0x88, 0xBA, 0x39, 0xF9, 0xA0, 0x8B, 0xE1,
    0x82, 0xA5, 0x55, 0xAA, 0xB8, 0xD6, 0x3A, 0x33, 0x54, 0xF6, 0xC7, 0xC4, 0x2C, 0x1C, 0xCE, 0xEB,
    0x8E, 0xD9, 0xD8, 0x53, 0xFE, 0x1A, 0xFF, 0x87, 0xC2, 0xCD, 0x0F, 0xC6, 0xA4, 0xBA, 0x57, 0x44,
    0x73, 0xE1, 0xFC, 0xD5, 0x8E, 0x69, 0xD8, 0xC8, 0xE1, 0x0B, 0xD5, 0xEC, 0x25, 0x92, 0x91, 0xD5,
    0x08, 0x9E, 0xC6, 0xA2, 0xE0, 0xDD, 0x59, 0xCB, 0xAC, 0x92, 0xA2, 0x18, 0xDC, 0xEB, 0x10, 0x84,
    0x76, 0x96, 0x32, 0xA1, 0x99, 0xE1, 0x5D, 0xD1, 0x28, 0x6A, 0xA1, 0xE8, 0x21, 0xFB, 0x4B, 0x31,
    0xA3, 0xDD, 0x97, 0x47, 0x62, 0xF4, 0x73, 0xB1, 0xF9, 0x85, 0xE2, 0xC0, 0xAF, 0x04, 0xFD, 0xFF,
    0x51, 0x3B, 0x1D, 0x23, 0x36, 0x3B, 0x94, 0x97, 0x34, 0xDB, 0xA9, 0xC8, 0xED, 0x44, 0x85, 0xB2,
    0xFC, 0x77, 0xAD, 0x1E, 0xCA, 0xE7, 0x5B, 0x2B, 0x1B, 0x58, 0x5C, 0x07, 0xA4, 0xBF, 0xED, 0xDA,
    0xD5, 0x71, 0xB3, 0x63, 0x1C, 0xA3, 0xFF, 0x43, 0x58, 0x13, 0xF7, 0xD0, 0x07, 0x44, 0xC7, 0xB7,
    0xE9, 0x1F, 0x2F, 0xD1, 0xE8, 0xB8, 0x27, 0xCB, 0x1A, 0x3C, 0xCB, 0x6A, 0x07, 0x1C, 0x55, 0x33,
    0xC8, 0xA8, 0x33, 0x67, 0x14, 0x2E, 0x20, 0xB7, 0x8F, 0x3D, 0xCF, 0xF3, 0xD6, 0x63, 0xDA, 0x15,
    0x3C, 0x23, 0x75, 0xC1, 0xDD, 0x9D, 0xD7, 0xB5, 0xFF, 0x6E, 0x47, 0x52, 0x2C, 0x2D, 0x7E, 0x3E,
    0x6F, 0xDB, 0xAE, 0xE3, 0x11, 0xCE, 0x67, 0x34, 0x50, 0x9B, 0xCD, 0xA3, 0xAD, 0xC7, 0x1B, 0x43,
    0x98, 0xFC, 0x32, 0x5C, 0x93, 0xFD, 0x1F, 0x6D, 0x89, 0xEA, 0x0D, 0xB9, 0x9C, 0xAE, 0x27, 0xA1,
    0x84, 0xF1, 0x93, 0x06, 0x39, 0xDC, 0x4B, 0xFD, 0xB9, 0x57, 0x3F, 0xB6, 0x33, 0x4A, 0x16, 0x51,
    0x74, 0x37, 0x24, 0xD3, 0xC1, 0xD2, 0x5D, 0x84, 0x83, 0x33, 0x57, 0x27, 0x74, 0xF1, 0x73, 0xF9,
    0x91, 0xA5, 0xF1, 0xF5, 0x60, 0x7B, 0x93, 0x83, 0xAD, 0x4F, 0xDA, 0x9D, 0x5C, 0xE1, 0x50, 0x6F,
    0xDA, 0x1F, 0xAF, 0xCD, 0xD2, 0x71, 0x17, 0x7C, 0xB5, 0x83, 0x33, 0x90, 0xDA, 0x6B, 0x08, 0x23,
    0xF2, 0x8B, 0xBC, 0xBB, 0x7D, 0x15, 0x8F, 0xF7, 0x2E, 0x11, 0x09, 0x7C, 0x0A, 0xE7, 0xF4, 0xFF,
    0xDD, 0x5B, 0xBF, 0x93, 0xDC, 0xD6, 0x7D, 0x7F, 0x00, 0xE2, 0x83, 0x6C, 0x48, 0x02, 0x0B, 0x65,
    0x46, 0x33, 0x94, 0x0D, 0x16, 0x29, 0x34, 0x63, 0xFA, 0x90, 0xC2, 0x05, 0x8B, 0xBD, 0x03, 0x42,
    0x15, 0x2A, 0x5C, 0xC4, 0x7F, 0x41, 0x46, 0x45, 0x7A, 0xAB, 0x70, 0xC1, 0xE2, 0x78, 0xC0, 0x98,
    0x45, 0x4A, 0xF3, 0x3F, 0x48, 0x9D, 0x4A, 0x2C, 0x58, 0x5C, 0x66, 0x8E, 0x0B, 0x50, 0x2C, 0x58,
    0xA8, 0x10, 0x92, 0xD6, 0x0D, 0x46, 0xF6, 0xA4, 0x71, 0x66, 0xF4, 0xEC, 0xC1, 0x8C, 0x10, 0x07,
    0xC0, 0xCB, 0xE7, 0xF3, 0xFD, 0x3E, 0xEC, 0x1E, 0x4F, 0x47, 0x4E, 0x0A, 0x8B, 0xD2, 0x69, 0x6F,
    0xF7, 0xFB, 0xF6, 0x76, 0x81, 0xF7, 0xBE, 0xBF, 0x7F, 0xBD, 0xB7, 0x26, 0x6D, 0x4D, 0xD1, 0x9B,
    0xCA, 0x9A, 0xA2, 0x33, 0x79, 0x6D, 0x76, 0x8F, 0xDB, 0xC6, 0x6C, 0x8C, 0xB9, 0x67, 0xCC, 0x99,
    0x31, 0x03, 0x9F, 0xA1, 0x35, 0x91, 0x3C, 0x13, 0x6B, 0x52, 0x79, 0x66, 0x3D, 0x6F, 0xC5, 0x7D,
    0x78, 0x56, 0x2D, 0x9F, 0x05, 0xEF, 0x4C, 0xF1, 0x7A, 0x1B, 0xAF, 0xB7, 0xF0, 0x7A, 0xCF, 0x98,
    0xD0, 0xD5, 0x26, 0x73, 0xD6, 0x6C, 0xEF, 0x4C, 0xC1, 0xF8, 0xF3, 0x25, 0xB2, 0x1F, 0x2F, 0x69,
    0xFB, 0x68, 0x9B, 0xD5, 0xF6, 0xA8, 0x28, 0x71, 0xBB, 0xC1, 0xCD, 0x41, 0x6B, 0x9A, 0xB0, 0x35,
    0xDB, 0x08, 0x63, 0x54, 0xE3, 0x55, 0x9A, 0xEA, 0x17, 0xA6, 0x2D, 0x7E, 0x17, 0xB7, 0x85, 0x6B,
    0x4C, 0xEA, 0x26, 0x13, 0x63, 0x0A, 0x73, 0xAA, 0x88, 0x11, 0x33, 0x73, 0x07, 0xAF, 0xBF, 0xE3,
    0x7A, 0x89, 0x2B, 0x8D, 0x69, 0x5C, 0x6F, 0xA2, 0xE5, 0xEE, 0x68, 0xD2, 0x21, 0x9C, 0x4C, 0xDA,
    0x07, 0xB3, 0xC9, 0x5B, 0x80, 0xA2, 0x35, 0x02, 0xEE, 0xE1, 0x5F, 0x5C, 0x9B, 0x11, 0xA4, 0x1D,
    0xEF, 0xEA, 0x01, 0x40, 0x8D, 0x89, 0x1C, 0x66, 0x17, 0x60, 0x22, 0xF9, 0x4C, 0xBE, 0x95, 0xEB,
    0xC8, 0x0E, 0x21, 0xE9, 0x1C, 0xAF, 0x70, 0x58, 0x3F, 0x2F, 0x9C, 0x73, 0x2D, 0x41, 0xDD, 0x00,
    0x94, 0xEF, 0xE2, 0xA3, 0xFA, 0x98, 0x93, 0x15, 0x25, 0x98, 0x93, 0x3D, 0x5F, 0xB2, 0x16, 0xF3,
    0x2D, 0xC6, 0x2C, 0xF1, 0x68, 0x82, 0xC1, 0x4C, 0x5C, 0xE7, 0x88, 0xB3, 0x1F, 0x73, 0xF6, 0x43,
    0xFF, 0x8E, 0x9F, 0xC9, 0xB7, 0x72, 0x9D, 0xDC, 0x91, 0x7F, 0xE6, 0xFE, 0xB1, 0xC3, 0x8A, 0x89,
    0x3D, 0xC2, 0x82, 0x3D, 0xE8, 0x4E, 0x9C, 0x15, 0xD8, 0x99, 0x46, 0x44, 0x81, 0x25, 0x80, 0x73,
    0x51, 0x13, 0xCB, 0xBC, 0x8D, 0x5B, 0x92, 0x94, 0x0A, 0x4D, 0x87, 0x84, 0x3D, 0x39, 0x93, 0xD8,
    0xC7, 0xA4, 0xE3, 0x4F, 0x96, 0xF0, 0x2B, 0x62, 0x4C, 0x19, 0x80, 0x8B, 0x0E, 0xD3, 0x10, 0xE2,
    0xA3, 0x60, 0x22, 0x5D, 0xE1, 0xE4, 0xC9, 0x29, 0x05, 0x7A, 0x8E, 0x18, 0x13, 0x0B, 0x4C, 0x04,
    0xA6, 0x64, 0x4A, 0x2A, 0x37, 0x29, 0x9C, 0x2E, 0x3F, 0x78, 0xD5, 0x3F, 0x5F, 0xF1, 0x69, 0xD5,
    0x93, 0xBB, 0x13, 0x27, 0x02, 0xF2, 0x69, 0x5B, 0x01, 0xE5, 0xB2, 0x20, 0xC0, 0x0D, 0xA2, 0x6B,
    0x2A, 0x0E, 0x32, 0x36, 0x06, 0xBB, 0xCC, 0x4D, 0x4E, 0xBF, 0x34, 0xD6, 0xC4, 0x7D, 0x0A, 0x21,
    0xD6, 0x21, 0x38, 0x02, 0xD1, 0x52, 0x06, 0x85, 0x07, 0xB5, 0xB9, 0x6F, 0xF2, 0x1E, 0x4C, 0x4B,
    0x27, 0x20, 0x09, 0xA6, 0x61, 0x1A, 0xF7, 0x07, 0xCE, 0x27, 0xB3, 0x08, 0x2E, 0x9C, 0xCA, 0x6C,
    0xA9, 0x1D, 0xD0, 0x97, 0x99, 0xEF, 0x1C, 0xB9, 0x5C, 0x81, 0xCB, 0x26, 0x87, 0x9E, 0x60, 0x31,
    0x60, 0x70, 0x6C, 0xCE, 0x5D, 0xB0, 0xE0, 0x79, 0x9F, 0x5F, 0x26, 0x6E, 0xE4, 0x5D, 0xCA, 0x9C,
    0x64, 0x29, 0xB3, 0x91, 0x5C, 0x96, 0xB9, 0x66, 0xCE, 0x5E, 0x46, 0x36, 0x68, 0xFA, 0xA4, 0xC5,
    0x9F, 0x9B, 0xA2, 0x3E, 0x85, 0xCE, 0x9F, 0x04, 0xF6, 0x10, 0x5F, 0x6E, 0xCC, 0xB0, 0x09, 0x46,
    0x0C, 0x67, 0x27, 0x60, 0xDE, 0x0D, 0x73, 0x76, 0x26, 0x6A, 0x74, 0x32, 0xC4, 0x54, 0xA4, 0x13,
    0x2B, 0xC3, 0xD9, 0x3A, 0x88, 0x76, 0x0D, 0x56, 0x2E, 0xB1, 0x03, 0x6C, 0xCA, 0x06, 0xF6, 0xCC,
    0x8C, 0x61, 0x1F, 0x75, 0x1B, 0x53, 0x7C, 0xD0, 0x25, 0xED, 0x31, 0x15, 0x3A, 0xC3, 0x9F, 0x21,
    0x8E, 0x49, 0x27, 0xB2, 0x8A, 0x80, 0x0E, 0xCC, 0xCD, 0x34, 0x0F, 0x0F, 0x48, 0x71, 0xE6, 0x04,
    0xDD, 0xA0, 0x71, 0xAB, 0xC5, 0x26, 0x5F, 0x51, 0x90, 0x98, 0xBA, 0x30, 0x11, 0xA6, 0x48, 0xCB,
    0x23, 0x93, 0x41, 0x6D, 0x8F, 0xF0, 0xDA, 0x98, 0xD1, 0x9C, 0xC0, 0x80, 0xCF, 0x43, 0x5B, 0x6E,
    0xB3, 0x3F, 0xB7, 0xC5, 0x5F, 0x1C, 0x54, 0x67, 0x5A, 0x0D, 0xDD, 0x06, 0xBD, 0x89, 0x3B, 0xAC,
    0x23, 0xB2, 0x99, 0xC1, 0x8C, 0x78, 0x00, 0x6B, 0xF3, 0x16, 0x06, 0xD3, 0x80, 0x73, 0xF2, 0x11,
    0x46, 0x47, 0x86, 0x80, 0x25, 0x69, 0x07, 0xFB, 0x89, 0x2C, 0x15, 0x65, 0xE2, 0x37, 0xC7, 0xF8,
    0x83, 0xCD, 0xBF, 0xAD, 0xB3, 0xD1, 0x22, 0x3A, 0x01, 0xAB, 0x29, 0xBD, 0x14, 0x84, 0x35, 0xAE,
    0xE2, 0x85, 0xD9, 0x62, 0x82, 0x31, 0xEE, 0xE2, 0xDA, 0xD8, 0x9F, 0xE4, 0xE3, 0x66, 0x93, 0xDE,
    0xBE, 0xFD, 0xEB, 0xF4, 0xBD, 0x1F, 0x3F, 0x7A, 0x7B, 0xF3, 0xD6, 0xA3, 0xAC, 0x7F, 0xCB, 0xDE,
    0xB6, 0x3F, 0x7E, 0xB4, 0x79, 0x7C, 0xFB, 0xD7, 0x27, 0x9B, 0x3B, 0x9B, 0x7F, 0x7B, 0xD7, 0xFE,
    0xC4, 0x84, 0x6D, 0xDC, 0x51, 0x31, 0x06, 0x2C, 0x87, 0x19, 0x5A, 0xE8, 0x49, 0xFA, 0x41, 0x7B,
    0xDB, 0xD8, 0x8D, 0x79, 0x7C, 0xC7, 0xDC, 0xC3, 0x13, 0x6F, 0xF0, 0x2F, 0x3E, 0x0C, 0xA9, 0x0C,
    0xA2, 0xC7, 0xAF, 0x02, 0x44, 0xB8, 0x17, 0xF0, 0xFF, 0xB8, 0xD8, 0x83, 0xF5, 0x71, 0xE1, 0xDE,
    0xCA, 0x46, 0x4F, 0xA7, 0xA4, 0xDD, 0xA6, 0xED, 0x69, 0x5A, 0x6E, 0xC9, 0x1F, 0xD8, 0x37, 0x44,
    0x9D, 0x96, 0xF4, 0x58, 0x50, 0xD7, 0x9A, 0x6C, 0x2A, 0xDC, 0xD0, 0x38, 0xEB, 0xE0, 0xCF, 0x9A,
    0x5E, 0xAE, 0xBF, 0x9F, 0xB4, 0xA7, 0x01, 0xF4, 0x9A, 0xAC, 0xEF, 0x0D, 0x6C, 0x11, 0xBE, 0x29,
    0x84, 0x7C, 0xA7, 0x13, 0x33, 0x9D, 0x07, 0x23, 0xD4, 0x6A, 0x93, 0x75, 0x09, 0x08, 0x19, 0xC3,
    0x29, 0x9A, 0x12, 0x9B, 0x76, 0x59, 0x79, 0x8C, 0x19, 0xFF, 0x1E, 0xAB, 0x97, 0x26, 0x80, 0x3A,
    0x88, 0x77, 0x80, 0x97, 0x73, 0x02, 0x17, 0x4A, 0x8A, 0x06, 0x5E, 0x94, 0x34, 0xF0, 0xCA, 0x44,
    0x13, 0xAD, 0x88, 0x3A, 0xB4, 0x15, 0x03, 0x9F, 0xC5, 0xC0, 0x27, 0x31, 0xF0, 0x49, 0x3C, 0xE1,
    0x48, 0xA7, 0x08, 0x2D, 0x46, 0x34, 0x80, 0x9F, 0x83, 0xE4, 0x23, 0xF0, 0x16, 0x70, 0x8E, 0xDD,
    0x53, 0xB8, 0x5E, 0xF7, 0xAF, 0xCF, 0xCB, 0xC4, 0x2D, 0x29, 0xF8, 0xFC, 0xF9, 0x10, 0x0F, 0xBC,
    0x8C, 0xD6, 0x2B, 0xCA, 0xA7, 0x41, 0xA3, 0x28, 0xF7, 0xB0, 0x11, 0xBE, 0xFC, 0xBB, 0xE7, 0xCF,
    0x4D, 0xBA, 0xD6, 0xD0, 0x11, 0xE6, 0xCE, 0xCE, 0xB4, 0xB1, 0x5E, 0x1C, 0x6E, 0x87, 0xA5, 0x9D,
    0x7B, 0x3A, 0xD1, 0xAD, 0x7C, 0x3A, 0x52, 0xA7, 0x9F, 0x61, 0x69, 0xE7, 0x1E, 0x58, 0x3A, 0x23,
    0x85, 0x1F, 0x0A, 0x4C, 0x14, 0xF6, 0x84, 0xC0, 0x33, 0x07, 0x26, 0x2D, 0xAE, 0x9F, 0x01, 0x61,
    0x8D, 0x70, 0x22, 0xA1, 0x9B, 0x88, 0x46, 0x35, 0x11, 0x81, 0x64, 0x14, 0x9F, 0xFD, 0x8E, 0x40,
    0x50, 0xBF, 0x47, 0x69, 0x2B, 0x70, 0x16, 0x38, 0xED, 0xA1, 0xF7, 0x85, 0xE2, 0x00, 0x22, 0x85,
    0x03, 0xFD, 0x55, 0x61, 0xF1, 0xD7, 0x83, 0xCA, 0xDE, 0xB4, 0x61, 0x8B, 0xCF, 0x4E, 0xE1, 0x8E,
    0xF2, 0x5B, 0xA7, 0xC5, 0x60, 0x82, 0x87, 0x81, 0xEB, 0x82, 0x4F, 0x5A, 0x72, 0x02, 0xEB, 0x63,
    0x71, 0x38, 0x35, 0xF1, 0x50, 0x7C, 0xC2, 0xED, 0x3C, 0x91, 0xB9, 0x27, 0x73, 0x30, 0x97, 0x15,
    0x24, 0x0D, 0x97, 0x15, 0xD8, 0x73, 0x13, 0x8B, 0x69, 0xE6, 0x9C, 0x06, 0x56, 0x93, 0xC3, 0x3C,
    0x0B, 0xC8, 0xFD, 0x18, 0xAF, 0x0D, 0x5E, 0xE7, 0x78, 0x87, 0xA8, 0xFA, 0x61, 0xAB, 0xDE, 0x50,
    0x10, 0xA9, 0x11, 0x0A, 0xA3, 0x9E, 0xEE, 0x62, 0x84, 0x78, 0x30, 0xF3, 0x96, 0x1C, 0xA7, 0x19,
    0xF6, 0x70, 0xCC, 0xD1, 0x08, 0x61, 0x84, 0x23, 0x50, 0x8B, 0x07, 0x30, 0x29, 0xEB, 0x20, 0xB9,
    0x0A, 0xC4, 0x86, 0x23, 0xA8, 0x49, 0xFA, 0xD4, 0x1B, 0xF5, 0x86, 0x71, 0x5C, 0x1F, 0x07, 0x9D,
    0xD0, 0x4A, 0x2F, 0x17, 0x97, 0xE1, 0x27, 0xAD, 0x84, 0x6B, 0xBA, 0xE1, 0x63, 0x95, 0xE4, 0xB9,
    0xB8, 0xE7, 0xC0, 0x0A, 0x1D, 0x08, 0xC7, 0x1C, 0xA0, 0xBE, 0x64, 0xE3, 0xA1, 0x72, 0xF0, 0xC4,
    0x08, 0x75, 0x16, 0x6F, 0x20, 0xC6, 0x2E, 0xA0, 0x13, 0x48, 0x6A, 0xA8, 0x18, 0x44, 0x68, 0xDE,
    0x1E, 0x0F, 0xE8, 0x11, 0xEF, 0x40, 0xC3, 0xFB, 0xC1, 0xFC, 0xD9, 0x32, 0x8A, 0x45, 0x9F, 0x62,
    0x88, 0xDB, 0x84, 0x9A, 0x97, 0x9A, 0xDB, 0xA4, 0xE5, 0xC8, 0x7C, 0x4C, 0x17, 0x70, 0x46, 0x7F,
    0xCB, 0xC5, 0x18, 0xFB, 0xB8, 0x18, 0xB8, 0xC9, 0xC5, 0x10, 0x78, 0x8F, 0xA9, 0x5F, 0xA5, 0x2C,
    0x06, 0x4B, 0xBF, 0x71, 0x11, 0xF9, 0x15, 0x7B, 0xB3, 0xA2, 0xBF, 0xE2, 0xBF, 0x12, 0xB0, 0x52,
    0xB0, 0x92, 0xB0, 0xD2, 0xB0, 0x12, 0xB1, 0x52, 0x21, 0x64, 0x64, 0x22, 0xA6, 0xA8, 0xB3, 0x95,
    0xD8, 0xC2, 0x6F, 0x2C, 0x26, 0x01, 0x25, 0x91, 0xCD, 0x6A, 0x92, 0x12, 0x75, 0x79, 0x2D, 0xB4,
    0x48, 0x22, 0x10, 0x02, 0xF7, 0xFB, 0x8C, 0x33, 0x2D, 0x4D, 0x46, 0x16, 0x17, 0x57, 0x76, 0xA4,
    0x78, 0x30, 0x40, 0x33, 0x00, 0x73, 0x71, 0x49, 0x25, 0x5A, 0x9A, 0xBC, 0x2C, 0x9E, 0xBA, 0x59,
    0x79, 0xCC, 0x78, 0x78, 0x42, 0x27, 0x30, 0xED, 0xC8, 0x82, 0x1F, 0x10, 0x59, 0x3F, 0x1D, 0x49,
    0x56, 0xD2, 0x9E, 0x73, 0xB6, 0xB4, 0x7E, 0xA2, 0x44, 0x9D, 0x2B, 0x4D, 0xA3, 0xCC, 0x0A, 0x1B,
    0x20, 0x45, 0x4E, 0x09, 0xBA, 0xD9, 0x0B, 0x3D, 0x11, 0x65, 0x61, 0x6E, 0x40, 0xE4, 0x78, 0x73,
    0x06, 0x75, 0x80, 0x50, 0xA6, 0x70, 0xA0, 0x50, 0xCE, 0x41, 0x07, 0x84, 0xB2, 0xC9, 0x5A, 0x0A,
    0x05, 0x3E, 0xE4, 0xAF, 0x2F, 0x14, 0x61, 0x23, 0x64, 0x42, 0x44, 0x76, 0xC0, 0x4C, 0xE6, 0x85,
    0xC7, 0xC3, 0x9D, 0xDB, 0x24, 0xA9, 0xC1, 0x2E, 0xCF, 0x12, 0x47, 0x52, 0x81, 0x47, 0xD1, 0xB2,
    0xC6, 0x70, 0x11, 0x2E, 0x6D, 0x34, 0x15, 0x11, 0xAA, 0xFC, 0x02, 0xAA, 0x3E, 0xD4, 0xF9, 0x94,
    0xBE, 0xAE, 0xE2, 0xA7, 0x45, 0x57, 0x79, 0xAE, 0x86, 0x4E, 0xD8, 0x27, 0x02, 0xC1, 0xDC, 0x4E,
    0x57, 0x74, 0xE2, 0xA2, 0x4C, 0xAE, 0xBE, 0x3A, 0x9C, 0x76, 0x59, 0xED, 0xD7, 0x1F, 0xFA, 0x5D,
    0xA0, 0x7E, 0x21, 0xD2, 0xC1, 0x5B, 0x60, 0xAA, 0xC3, 0xCF, 0x74, 0xD2, 0x8D, 0x0E, 0x8F, 0xD5,
    0x9B, 0x58, 0x19, 0x42, 0xE2, 0x41, 0x51, 0x17, 0x22, 0x69, 0xB3, 0x0E, 0xAD, 0xA4, 0xA9, 0x32,
    0xF8, 0xDC, 0xD3, 0x27, 0x5E, 0x1A, 0x1B, 0xC1, 0x58, 0xC6, 0xF3, 0xA4, 0x96, 0xFC, 0x2A, 0x55,
    0x6A, 0x0F, 0x75, 0xD8, 0xE8, 0x70, 0xA6, 0x19, 0x18, 0xA5, 0x3E, 0x98, 0x0A, 0x51, 0x0E, 0x8E,
    0x13, 0x53, 0x44, 0xCE, 0xD3, 0x7B, 0xDF, 0x1B, 0x83, 0xC6, 0x7F, 0x45, 0xBB, 0x50, 0x72, 0x15,
    0xEB, 0xB0, 0xFB, 0xFE, 0x50, 0x2B, 0xE9, 0x90, 0x61, 0x4C, 0x12, 0x15, 0xD3, 0xCC, 0x54, 0x93,
    0x98, 0xFB, 0x54, 0x46, 0x63, 0x6E, 0x99, 0x83, 0x6B, 0x4F, 0x26, 0xBE, 0xA2, 0xCC, 0x8A, 0x39,
    0x94, 0x25, 0xAA, 0x5F, 0x70, 0xDD, 0x3E, 0x13, 0x0C, 0x5B, 0x0D, 0x4D, 0xDF, 0x07, 0x69, 0x1E,
    0xAB, 0xC4, 0x9C, 0x2E, 0xE8, 0xC4, 0x01, 0x40, 0x8C, 0x85, 0x79, 0xE9, 0xE3, 0x7A, 0x2A, 0x6D,
    0xA1, 0xD9, 0xB9, 0x6A, 0x6B, 0xD4, 0xEB, 0xD0, 0x3E, 0xD6, 0xC0, 0xFE, 0x48, 0x86, 0xFF, 0xB0,
    0x6A, 0xC4, 0x6A, 0xAA, 0x4D, 0xF9, 0xBD, 0xA1, 0xDD, 0x39, 0x2D, 0x28, 0x2F, 0xBE, 0x8B, 0x9C,
    0x6F, 0x11, 0x98, 0xA4, 0x59, 0xDF, 0x65, 0xC0, 0xE1, 0x58, 0xDE, 0x1D, 0x15, 0xB5, 0x7F, 0x77,
    0x86, 0x34, 0xEE, 0x48, 0x88, 0xB6, 0xD5, 0x9A, 0x08, 0x75, 0x8D, 0x49, 0xF4, 0xD6, 0xDA, 0x69,
    0xB0, 0x45, 0xBA, 0xE1, 0x34, 0x9E, 0xE3, 0xE2, 0xC5, 0xDF, 0x3A, 0x82, 0x80, 0x59, 0x6F, 0x0D,
    0xA5, 0xA6, 0xE7, 0xAD, 0xF0, 0xFE, 0x12, 0xEF, 0x53, 0x7E, 0x22, 0xEF, 0x72, 0x16, 0x50, 0xF7,
    0xF4, 0x56, 0xD8, 0xD5, 0x47, 0x1A, 0x3F, 0xE2, 0x41, 0xFD, 0xA6, 0xF4, 0x38, 0xCC, 0x63, 0x61,
    0x03, 0x49, 0x1D, 0x24, 0xFA, 0xE1, 0x1D, 0x43, 0x70, 0x2E, 0x25, 0x31, 0xAE, 0xE1, 0x4C, 0x19,
    0x4B, 0x21, 0x16, 0x95, 0x89, 0x93, 0x0A, 0xA0, 0x70, 0x3D, 0x0B, 0x6C, 0x11, 0xE7, 0x81, 0xD4,
    0x68, 0x15, 0x4B, 0xD4, 0xC8, 0x95, 0xBF, 0xEA, 0x4D, 0x66, 0x59, 0xCE, 0x41, 0xD9, 0x01, 0x1D,
    0x7B, 0x09, 0xCC, 0xCB, 0x93, 0x96, 0xAB, 0x1E, 0xD4, 0x12, 0xED, 0x38, 0xDF, 0x1A, 0xF4, 0x3C,
    0x14, 0xDB, 0xF0, 0x8A, 0x71, 0x05, 0xAC, 0xF7, 0xD7, 0xF0, 0xFA, 0xF7, 0xD9, 0x8B, 0x81, 0x29,
    0x61, 0x29, 0x64, 0x0D, 0xE9, 0x28, 0xB9, 0xCD, 0xC2, 0x0C, 0x37, 0x70, 0x3D, 0xEB, 0xDF, 0x42,
    0xC4, 0x13, 0xBA, 0xFF, 0x11, 0x2D, 0x12, 0x72, 0xB5, 0x72, 0x7B, 0xCF, 0xEC, 0x93, 0x79, 0x6D,
    0x02, 0x98, 0x61, 0x07, 0xC3, 0xBB, 0x76, 0xED, 0x22, 0x18, 0xB5, 0x5D, 0x8F, 0x9D, 0x86, 0x57,
    0x2D, 0xBB, 0x7D, 0x92, 0x9D, 0x5C, 0xD2, 0xE1, 0x42, 0x52, 0x7F, 0x85, 0x24, 0x7B, 0x5C, 0xE1,
    0xC2, 0xB9, 0xA9, 0xD6, 0x56, 0xC2, 0xB3, 0x95, 0x32, 0xC5, 0x10, 0xDE, 0x91, 0x3C, 0xFC, 0x9E,
    0x40, 0x2C, 0x0F, 0x06, 0x51, 0xCB, 0x58, 0x31, 0x51, 0x84, 0x84, 0x96, 0x99, 0x58, 0xDA, 0x13,
    0x66, 0x5D, 0x28, 0xBD, 0x90, 0xA0, 0x36, 0xAA, 0xC8, 0x44, 0x0D, 0x1F, 0x41, 0x9B, 0x20, 0x3E,
    0xC0, 0x04, 0x39, 0x71, 0xC9, 0x4C, 0xA3, 0x61, 0xC9, 0x92, 0x53, 0x3C, 0x65, 0xB1, 0xD3, 0xC9,
    0x54, 0x39, 0xD8, 0x4A, 0xEA, 0x50, 0xEF, 0x22, 0x69, 0x2E, 0x82, 0xB8, 0x67, 0xAE, 0x13, 0x2D,
    0x91, 0x46, 0x4A, 0x09, 0x13, 0xCD, 0x2C, 0x2D, 0xAB, 0x5C, 0x12, 0x37, 0xF6, 0x1E, 0xDE, 0x30,
    0xA6, 0xBE, 0x0E, 0x54, 0xC0, 0x1E, 0x3A, 0xF6, 0x3A, 0x68, 0x0F, 0x79, 0x47, 0x98, 0xD6, 0x49,
    0x7B, 0x85, 0x5B, 0xFC, 0x2E, 0x53, 0x71, 0xDF, 0x9B, 0x66, 0xC1, 0xD9, 0x46, 0x9F, 0x90, 0x65,
    0x17, 0x71, 0x5F, 0xB4, 0x02, 0x70, 0x46, 0x5F, 0x8B, 0x3A, 0x78, 0xE2, 0x1B, 0xAD, 0xAF, 0x51,
    0xEB, 0x50, 0x96, 0xEA, 0x89, 0x55, 0x9F, 0x2B, 0xAF, 0x5E, 0xDD, 0x04, 0x71, 0x2A, 0xD6, 0x57,
    0xAD, 0x2F, 0xFA, 0xFA, 0x86, 0xDE, 0x6D, 0xC6, 0xF4, 0xF3, 0xCE, 0x58, 0xA9, 0xD7, 0x92, 0x96,
    0x0B, 0x2E, 0xE2, 0x2D, 0x86, 0x4B, 0xBC, 0x5C, 0x7C, 0x49, 0x22, 0xD8, 0x28, 0x58, 0xD6, 0xA8,
    0x23, 0xC9, 0x73, 0xB4, 0x07, 0xA3, 0xAF, 0x90, 0xB5, 0x4D, 0x28, 0x5D, 0xC2, 0x74, 0x0F, 0xFA,
    0xD5, 0x8D, 0x09, 0xD3, 0x8A, 0x3D, 0xA8, 0x57, 0x20, 0x11, 0xA9, 0x31, 0x8A, 0xE7, 0x8A, 0xA8,
    0x76, 0x56, 0x39, 0x03, 0xD1, 0x88, 0x7B, 0x36, 0x0B, 0x69, 0x9C, 0xEF, 0x98, 0xB0, 0xFC, 0xAE,
    0x20, 0x19, 0x77, 0x48, 0x43, 0x53, 0x5B, 0x30, 0x2A, 0x88, 0x02, 0xE4, 0x57, 0x68, 0xE5, 0xB7,
    0x8D, 0x64, 0x21, 0xAD, 0x67, 0x31, 0x8C, 0x5E, 0xCA, 0xA1, 0x5F, 0x29, 0x32, 0x91, 0xD7, 0x33,
    0x44, 0x5E, 0xE2, 0x82, 0x38, 0x41, 0x6C, 0x32, 0x35, 0x92, 0x54, 0xAD, 0x84, 0xC3, 0x28, 0x1D,
    0x59, 0x0E, 0xC9, 0x20, 0x11, 0x31, 0x19, 0x62, 0x2A, 0x75, 0x3A, 0x24, 0x9C, 0x59, 0x5B, 0xFF,
    0x32, 0xF4, 0x72, 0xBB, 0xE8, 0x62, 0xBF, 0xAA, 0x23, 0x07, 0x68, 0x7E, 0xA1, 0x45, 0x2A, 0x6D,
    0x65, 0x96, 0x81, 0x4D, 0x5E, 0x60, 0x5B, 0x75, 0xC4, 0x37, 0x76, 0x12, 0x81, 0xDD, 0xB0, 0xC3,
    0x96, 0x94, 0xF6, 0xA1, 0xBA, 0xE2, 0x49, 0x6A, 0x66, 0x63, 0x9D, 0x44, 0xF9, 0xB0, 0x2D, 0x44,
    0x3F, 0xC2, 0x3A, 0x19, 0xAE, 0xF4, 0x02, 0xD2, 0x50, 0x43, 0x98, 0xE5, 0x68, 0xB5, 0xEE, 0xDB,
    0x90, 0xEE, 0x4E, 0x02, 0x74, 0xE8, 0x34, 0x55, 0x09, 0xBF, 0x1C, 0x34, 0xA2, 0x7F, 0x26, 0x2E,
    0xC1, 0x44, 0xCF, 0x66, 0x1D, 0x9F, 0x3A, 0x19, 0xE3, 0xDA, 0x95, 0x81, 0x64, 0x3C, 0x55, 0x2B,
    0x3E, 0xA0, 0x2C, 0x3A, 0x56, 0xA8, 0x29, 0x48, 0x94, 0x22, 0x18, 0xB6, 0xC3, 0x31, 0x03, 0x9F,
    0x58, 0xFD, 0x1F, 0x9A, 0x70, 0x41, 0x76, 0xC4, 0x34, 0xC5, 0x31, 0xE2, 0x61, 0xC9, 0xE6, 0xB7,
    0xBA, 0x33, 0x51, 0x7C, 0x6E, 0x64, 0xE9, 0xDC, 0x69, 0x47, 0x40, 0x92, 0xB4, 0xC7, 0xBE, 0xA8,
    0x1D, 0xBC, 0xE8, 0xAD, 0xB6, 0x9D, 0x0A, 0xCA, 0x88, 0x3D, 0x3A, 0x8E, 0x9B, 0x7D, 0xB6, 0xE7,
    0x2E, 0x54, 0x3B, 0x99, 0xBD, 0x50, 0xC1, 0xFE, 0x6C, 0x4F, 0x7A, 0x22, 0x59, 0x46, 0x43, 0xA1,
    0xC7, 0x73, 0xE0, 0x4A, 0x66, 0x6C, 0x08, 0x5B, 0xF4, 0x49, 0x96, 0x82, 0x8E, 0x07, 0x75, 0x25,
    0xB1, 0xAC, 0x49, 0xA1, 0x85, 0x13, 0x65, 0x16, 0xCE, 0x14, 0x52, 0x38, 0x17, 0x7B, 0x38, 0x51,
    0x9B, 0x22, 0x0F, 0xAB, 0x1D, 0x8C, 0x47, 0xC2, 0x84, 0xBA, 0xAE, 0x6A, 0x0F, 0x61, 0xAB, 0xCB,
    0xC9, 0x45, 0x8E, 0xCC, 0x88, 0x66, 0x5C, 0x45, 0x4D, 0x09, 0x5D, 0x49, 0xE1, 0x56, 0x22, 0xCE,
    0xC4, 0x97, 0xA8, 0x9A, 0x94, 0x69, 0x49, 0x9E, 0x88, 0x9C, 0xA5, 0xC4, 0xD7, 0xFA, 0x34, 0xE8,
    0xAF, 0x15, 0x2D, 0xD2, 0x41, 0x12, 0x05, 0xC6, 0xF7, 0x83, 0x6C, 0xB9, 0xCC, 0xBB, 0x5A, 0xE6,
    0x96, 0x09, 0xAF, 0x05, 0x15, 0x58, 0xF9, 0x21, 0x84, 0xB0, 0x04, 0xB8, 0xE7, 0x4E, 0xF1, 0x2F,
    0x80, 0x36, 0x75, 0x52, 0x5C, 0x4E, 0xD7, 0x48, 0x16, 0x85, 0xB4, 0x03, 0x9A, 0x92, 0xF7, 0x28,
    0xF4, 0x15, 0xA5, 0xB9, 0x3E, 0x1A, 0x75, 0xC3, 0x98, 0xBF, 0xA1, 0x77, 0x38, 0x64, 0x37, 0x72,
    0x8B, 0xC4, 0x5B, 0x3A, 0xB6, 0xD2, 0xF9, 0x67, 0x12, 0xBE, 0x65, 0xAF, 0x3A, 0x1F, 0xD7, 0x58,
    0x20, 0xEF, 0xF8, 0x99, 0x7C, 0x2B, 0xD7, 0xC9, 0x1D, 0x72, 0xAF, 0xCC, 0x22, 0xF3, 0xED, 0x1F,
    0xD5, 0x6C, 0x1E, 0x49, 0x6E, 0xF3, 0x29, 0x9D, 0x6C, 0x9F, 0xFD, 0x6F, 0x67, 0x82, 0x45, 0x32,
    0xDC, 0x48, 0x13, 0x25, 0xD0, 0x4A, 0xAE, 0x80, 0xD8, 0x18, 0x1F, 0xA2, 0xE0, 0x4A, 0xBF, 0xD4,
    0xFD, 0x83, 0x5C, 0x36, 0x10, 0xA6, 0xAC, 0x0D, 0xB9, 0x6F, 0x99, 0x75, 0x60, 0x53, 0xDA, 0xCA,
    0x50, 0xE0, 0x6A, 0xDC, 0x3D, 0x71, 0x18, 0x50, 0x23, 0x14, 0x28, 0x5D, 0xB8, 0x7D, 0x8C, 0x81,
    0xDD, 0xEF, 0x32, 0x1E, 0x9E, 0xC8, 0x3E, 0xC3, 0x5F, 0x06, 0x8D, 0x37, 0x9D, 0xEC, 0x5C, 0x61,
    0x11, 0xDC, 0xC4, 0x7D, 0x18, 0xC4, 0x37, 0xE0, 0x40, 0x29, 0xC4, 0xF8, 0x10, 0x05, 0x4C, 0xF6,
    0xC9, 0x1F, 0x12, 0x3A, 0xC1, 0xD8, 0xA9, 0xFB, 0x6B, 0xE6, 0x8B, 0x12, 0xF4, 0xFD, 0x3C, 0x1F,
    0x1E, 0xFC, 0x4E, 0x57, 0xAE, 0xC6, 0x18, 0xFA, 0x5E, 0xC8, 0xE6, 0x6B, 0x01, 0x81, 0x85, 0x5D,
    0xE3, 0x6C, 0xE3, 0x64, 0x73, 0xC8, 0xFB, 0xDA, 0x75, 0x18, 0xA5, 0x37, 0xCB, 0x01, 0x3E, 0x5E,
    0x24, 0xDF, 0x4B, 0xD4, 0x85, 0xA7, 0x97, 0x41, 0xCB, 0x3D, 0xF8, 0x77, 0x6A, 0x02, 0x32, 0x12,
    0xEE, 0x14, 0x23, 0x07, 0x61, 0x7F, 0x39, 0x15, 0x5E, 0xB1, 0xF2, 0x14, 0x49, 0x6B, 0x00, 0xCE,
    0x75, 0x38, 0xD6, 0x9D, 0x8F, 0x23, 0x0D, 0xC8, 0xE7, 0xFA, 0xE1, 0xA8, 0x09, 0xA3, 0x95, 0x2C,
    0x90, 0x7B, 0x2C, 0xD9, 0x1C, 0x34, 0xBA, 0x89, 0xEA, 0xC4, 0x87, 0xE8, 0x8E, 0x63, 0xBE, 0xDB,
    0xC2, 0xF3, 0xFD, 0x3C, 0x5F, 0xD9, 0xFB, 0x7E, 0x5E, 0xFF, 0xEA, 0x7E, 0xDE, 0xB5, 0xA5, 0xD6,
    0x9B, 0xEB, 0x8B, 0xFD, 0xBC, 0xA7, 0x17, 0xFB, 0x79, 0x1F, 0x99, 0x1F, 0x5C, 0x7B, 0x32, 0x77,
    0x8D, 0xAE, 0x4A, 0x1B, 0x5D, 0x52, 0xB4, 0xDF, 0xF7, 0xAD, 0x0A, 0xF3, 0x3D, 0xD2, 0xDD, 0xB5,
    0xC2, 0x62, 0xBA, 0x22, 0xB0, 0x91, 0x38, 0x39, 0x6B, 0xAB, 0xEB, 0x72, 0xCA, 0x36, 0x45, 0x6E,
    0x11, 0x38, 0x33, 0x35, 0xC8, 0xC4, 0x1F, 0x6D, 0xA4, 0xA5, 0x71, 0x26, 0xA5, 0x38, 0xD7, 0x6D,
    0x99, 0x6D, 0xE5, 0xDC, 0x14, 0x66, 0x31, 0x28, 0x7E, 0x90, 0x2D, 0xA1, 0x64, 0x60, 0x4D, 0x1E,
    0x8F, 0x72, 0xB6, 0x61, 0xE9, 0x76, 0x5D, 0x09, 0xDF, 0xF6, 0x5F, 0xF6, 0xAD, 0xB2, 0x70, 0x7F,
    0xC2, 0x61, 0x5F, 0x01, 0xEE, 0x76, 0xF8, 0xB4, 0xD5, 0x23, 0x19, 0xB7, 0x76, 0xAC, 0x12, 0xED,
    0x5B, 0x15, 0x3E, 0x79, 0x9E, 0xF6, 0x59, 0xD8, 0xC5, 0x99, 0x9D, 0x7B, 0x28, 0xE4, 0xCF, 0x9C,
    0x2D, 0xA4, 0x6B, 0x9B, 0xC8, 0x29, 0xCC, 0x89, 0xF0, 0x82, 0x4C, 0x1E, 0x22, 0x88, 0x25, 0x41,
    0xDE, 0x1D, 0x92, 0xD1, 0x44, 0x19, 0xDF, 0x02, 0xE2, 0x4A, 0x64, 0xCB, 0xE2, 0x75, 0x6F, 0xCE,
    0x6B, 0x2F, 0xC6, 0xAF, 0x58, 0xEF, 0x1B, 0x86, 0xD5, 0x7E, 0x17, 0x75, 0x4D, 0xE9, 0xE7, 0x5D,
    0x54, 0xD3, 0x2B, 0xC4, 0x60, 0xC2, 0x99, 0x1D, 0x1D, 0x2C, 0x28, 0x1B, 0x98, 0xF0, 0xC4, 0x93,
    0x76, 0x70, 0x26, 0xDD, 0xF2, 0x1A, 0x64, 0xC7, 0x4B, 0x7A, 0x39, 0x5B, 0x2D, 0xAF, 0x16, 0x6D,
    0x97, 0xCD, 0x5A, 0xFD, 0x4D, 0xB2, 0x03, 0x13, 0x4C, 0x4C, 0x63, 0x19, 0xFC, 0xD4, 0xAF, 0xE6,
    0xBA, 0xFF, 0x29, 0x67, 0x34, 0x30, 0xB4, 0xD2, 0x0E, 0x4A, 0xF5, 0xB0, 0x4C, 0xA2, 0xCB, 0xC9,
    0x96, 0x03, 0xB4, 0x42, 0x34, 0xA2, 0x97, 0x02, 0x00, 0xCA, 0x46, 0x35, 0x01, 0x0E, 0xAC, 0x64,
    0xD2, 0xE7, 0x5D, 0x4C, 0xA5, 0xF9, 0xCC, 0x52, 0x09, 0xF3, 0x07, 0x96, 0xED, 0x95, 0xE2, 0xAE,
    0xE8, 0x4E, 0xC1, 0x6D, 0x7B, 0xB3, 0xF6, 0x7A, 0x4F, 0xF7, 0x3B, 0x48, 0xFB, 0x4E, 0xA7, 0x08,
    0xE8, 0x50, 0x9B, 0x50, 0xD5, 0x67, 0xED, 0x9A, 0xE6, 0xAF, 0xF5, 0xAB, 0x76, 0xE8, 0x7C, 0xE1,
    0xA4, 0x32, 0x9D, 0x76, 0xBB, 0xBB, 0xBB, 0x13, 0x48, 0xDC, 0x20, 0x34, 0xBB, 0xDA, 0xD1, 0x3F,
    0xF2, 0x3F, 0xB6, 0x94, 0x21, 0x3B, 0x70, 0x8E, 0x3A, 0x5F, 0x91, 0x4B, 0x0D, 0x0D, 0x6A, 0xA1,
    0xE5, 0xCC, 0x30, 0x18, 0xF0, 0x32, 0xA7, 0xD6, 0x14, 0x14, 0xEA, 0x29, 0x17, 0x79, 0x42, 0x1E,
    0xCA, 0x96, 0xF9, 0x82, 0x5C, 0xFC, 0x1D, 0x18, 0x73, 0x7F, 0xCF, 0x3D, 0xF8, 0xF2, 0x0B, 0xEB,
    0xDC, 0x6F, 0x1D, 0xAA, 0x93, 0xC4, 0x41, 0xBC, 0x7E, 0xDF, 0xB8, 0x7F, 0xA1, 0x8C, 0x93, 0xE3,
    0x2D, 0xB2, 0x27, 0x7E, 0xEA, 0x77, 0x07, 0xFD, 0x26, 0x58, 0xFB, 0x5A, 0xB1, 0x3A, 0x5F, 0x6D,
    0x22, 0x96, 0x1E, 0xC0, 0x97, 0x3C, 0xFC, 0xC2, 0x8D, 0xB7, 0x11, 0xE8, 0x22, 0xA6, 0x20, 0x2A,
    0x97, 0x48, 0x60, 0x5F, 0x1F, 0x42, 0x79, 0xFD, 0x26, 0xAC, 0xAA, 0xBF, 0x6D, 0x82, 0xFF, 0x1C,
    0xEF, 0xC1, 0x3D, 0x40, 0x99, 0xA3, 0x17, 0xCE, 0x9E, 0xBD, 0x1E, 0x34, 0xCE, 0xB9, 0xA7, 0xBA,
    0x40, 0x81, 0x42, 0x02, 0x33, 0x05, 0xC3, 0xCB, 0xF7, 0x1F, 0xBE, 0x69, 0x5C, 0xC4, 0x53, 0xA6,
    0x34, 0xEE, 0x9C, 0xD5, 0xE5, 0x26, 0x5A, 0x81, 0x08, 0x4A, 0x36, 0x80, 0xE2, 0xF1, 0x75, 0x22,
    0x94, 0xF7, 0xEC, 0x23, 0x06, 0x6E, 0xA6, 0xD1, 0x26, 0x5D, 0x33, 0x54, 0x6C, 0xC9, 0x23, 0xB5,
    0xAD, 0x65, 0x99, 0xBC, 0x0C, 0x79, 0x08, 0xAB, 0xC0, 0x52, 0x48, 0xC5, 0xCE, 0xB1, 0x58, 0x64,
    0x31, 0x7F, 0x8E, 0xA9, 0x73, 0x76, 0xF6, 0x93, 0xFF, 0x9A, 0xA9, 0xF4, 0xE2, 0xAE, 0x9E, 0x18,
    0xA9, 0xDC, 0x67, 0x3D, 0x72, 0xC7, 0x85, 0xCD, 0x1B, 0x0C, 0x89, 0x03, 0x7C, 0xBE, 0x7B, 0xF0,
    0xFB, 0x25, 0x1C, 0x10, 0xF8, 0x7E, 0xC3, 0x9E, 0x79, 0xB1, 0x20, 0xEE, 0x49, 0xA6, 0x2E, 0x4D,
    0xCC, 0xDD, 0xC9, 0xC1, 0x74, 0xE4, 0x19, 0x07, 0xF1, 0x2C, 0xAD, 0xF6, 0xA8, 0x0B, 0x6F, 0xEA,
    0x8D, 0xB7, 0xFB, 0xC5, 0xBF, 0xF0, 0x7F, 0x5D, 0xD5, 0x51, 0x5B, 0xF4, 0x79, 0xC9, 0x9E, 0x48,
    0xEA, 0x06, 0x0D, 0x10, 0x6F, 0xFA, 0x13, 0x83, 0x3F, 0xF7, 0xC6, 0x48, 0x7F, 0x48, 0xFF, 0x07,
    0x13, 0xF8, 0x01, 0xDE, 0x4B, 0x71, 0xCA, 0x56, 0x70, 0xA6, 0x3E, 0x4D, 0x43, 0xAA, 0xF5, 0x59,
    0xE8, 0x89, 0xDF, 0x39, 0x7E, 0x73, 0xCF, 0xFE, 0x15, 0xB7, 0xE6, 0xC3, 0x21, 0x9C, 0xC2, 0x11,
    0x4E, 0x11, 0xA9, 0x70, 0x64, 0xF3, 0x3A, 0xE9, 0x0A, 0x39, 0x74, 0x31, 0x99, 0x2D, 0xE8, 0x60,
    0x46, 0xEB, 0xF4, 0x18, 0x19, 0xF1, 0xAC, 0x2B, 0xEE, 0xC4, 0x74, 0x97, 0x70, 0xF3, 0xB5, 0xA5,
    0x76, 0x74, 0xEA, 0x35, 0xE2, 0x4C, 0x3B, 0x3F, 0xD7, 0xAD, 0xDE, 0xEC, 0x85, 0x0D, 0x4E, 0xBD,
    0x97, 0x38, 0x10, 0x09, 0x43, 0x2C, 0xE8, 0x9B, 0x79, 0x38, 0x87, 0x5B, 0x12, 0x40, 0x84, 0x09,
    0x3B, 0x4F, 0xA5, 0x60, 0xA6, 0xAD, 0x1C, 0x1E, 0x9B, 0xD7, 0x3C, 0x7A, 0x3D, 0x21, 0x57, 0x33,
    0x40, 0x70, 0x2F, 0x1D, 0xD7, 0x49, 0x0B, 0x89, 0x38, 0xAD, 0x48, 0xE9, 0x41, 0xC8, 0x5D, 0xF5,
    0x71, 0x8A, 0x69, 0x82, 0x81, 0xE7, 0x1C, 0x3B, 0xEE, 0x07, 0x51, 0xC9, 0xDE, 0xA0, 0xE7, 0x78,
    0x6D, 0x08, 0x21, 0xFE, 0x20, 0xCA, 0x0C, 0x12, 0x53, 0x71, 0x77, 0xDC, 0xA7, 0xED, 0xCB, 0xED,
    0xF5, 0x9B, 0xC5, 0x45, 0x13, 0xAA, 0x54, 0x32, 0xAF, 0x48, 0x37, 0x88, 0x4E, 0x24, 0x85, 0x51,
    0x0D, 0xF9, 0x91, 0x39, 0x70, 0x54, 0xE6, 0x9F, 0xEA, 0xE9, 0xC1, 0x89, 0x75, 0x10, 0x10, 0x80,
    0x61, 0xE9, 0x09, 0x5A, 0x68, 0x32, 0x6C, 0x01, 0xB7, 0xA7, 0xED, 0xAD, 0xB4, 0xB5, 0xD9, 0xF3,
    0x36, 0x73, 0x65, 0x36, 0xFB, 0xC8, 0x51, 0xEE, 0x7B, 0xB9, 0x4E, 0xF5, 0x20, 0xD4, 0x34, 0x4F,
    0xB6, 0x56, 0x56, 0x1D, 0xF8, 0x11, 0x37, 0x98, 0x0C, 0x57, 0x91, 0x65, 0xE4, 0x54, 0xD3, 0xA4,
    0x4D, 0x25, 0x16, 0x47, 0xD2, 0x3D, 0xF6, 0x3A, 0x1C, 0xEB, 0xC1, 0x11, 0xCD, 0x08, 0xDB, 0x5B,
    0x78, 0x59, 0x83, 0x35, 0xC1, 0x1E, 0xD8, 0xDA, 0xBC, 0x66, 0x41, 0x9D, 0x06, 0x2D, 0xCA, 0x7A,
    0x3B, 0x89, 0xA4, 0xA3, 0x36, 0x13, 0x39, 0xEF, 0xC4, 0xFC, 0x57, 0x5E, 0x33, 0xB4, 0x69, 0x1B,
    0x8F, 0x79, 0x97, 0x8C, 0xC8, 0xF6, 0x6C, 0x56, 0x5F, 0x29, 0xC8, 0x03, 0xCD, 0xED, 0x98, 0x00,
    0x54, 0x97, 0xD7, 0xBC, 0xD0, 0x25, 0x7F, 0x61, 0x4D, 0x59, 0xF7, 0x06, 0xD6, 0x7C, 0x64, 0xB2,
    0x67, 0x1D, 0xD6, 0xAC, 0x79, 0xC6, 0xD0, 0x9F, 0x67, 0x95, 0xDC, 0xA0, 0x0E, 0x78, 0x39, 0x97,
    0x9C, 0x97, 0xB5, 0xCC, 0x62, 0x3A, 0x13, 0x7F, 0xC5, 0xDC, 0xF3, 0x2E, 0x26, 0x7C, 0x57, 0x93,
    0x8A, 0x27, 0x3E, 0xA9, 0x08, 0x5D, 0x25, 0x3D, 0xCB, 0xD2, 0xB8, 0x7F, 0x70, 0x3C, 0xED, 0x54,
    0xD4, 0x3C, 0x95, 0xD6, 0xA6, 0xAD, 0x9E, 0x94, 0xCC, 0x6B, 0xC4, 0xF9, 0x1C, 0xF6, 0x8D, 0x2F,
    0x78, 0x16, 0xAF, 0x24, 0xA0, 0xFC, 0x78, 0x1C, 0x0B, 0xB3, 0x34, 0xC4, 0xBA, 0x22, 0xAA, 0xB8,
    0x91, 0xF9, 0x60, 0xC5, 0xB3, 0x6B, 0xCB, 0xEE, 0xF0, 0x4F, 0x65, 0xDE, 0x27, 0xA1, 0x2D, 0xFC,
    0x53, 0xF4, 0xDC, 0x92, 0x90, 0x80, 0x9D, 0xCC, 0x1F, 0xFA, 0x64, 0xF0, 0x6B, 0xE1, 0x88, 0x4D,
    0xD6, 0x9B, 0x2E, 0x86, 0xD3, 0xAC, 0x16, 0x36, 0x11, 0xFF, 0x76, 0x19, 0x49, 0xB6, 0x6B, 0xC9,
    0xF0, 0x85, 0x7E, 0x32, 0x98, 0xE4, 0x34, 0xDF, 0x48, 0x97, 0x46, 0xD7, 0x5C, 0x93, 0x47, 0x40,
    0x12, 0x5C, 0x92, 0x13, 0xC6, 0x8C, 0x18, 0xB8, 0x65, 0x2B, 0x32, 0x9A, 0x35, 0x7F, 0x4C, 0x70,
    0x71, 0x30, 0x1D, 0x81, 0x24, 0xB6, 0xB8, 0x8A, 0x9A, 0xFB, 0xD2, 0xC7, 0xA5, 0xEE, 0x5E, 0x94,
    0x6B, 0x23, 0x5A, 0x5A, 0xD2, 0xE9, 0x7A, 0x7C, 0xDA, 0x68, 0xD8, 0x3C, 0xDB, 0x55, 0xE3, 0x6F,
    0x5E, 0xB2, 0x43, 0x66, 0x80, 0x2C, 0x17, 0xDC, 0xDD, 0x85, 0x12, 0x6B, 0x04, 0x81, 0x3A, 0xE5,
    0x46, 0x0A, 0x43, 0x05, 0x37, 0xA6, 0x8B, 0xBA, 0x78, 0x91, 0x6F, 0x0D, 0x19, 0xE2, 0x48, 0xC8,
    0x25, 0xBE, 0xE5, 0x3D, 0xB7, 0x4F, 0xC9, 0xB7, 0x40, 0xF9, 0xA6, 0xBB, 0x2A, 0xE2, 0x3A, 0xA5,
    0xB8, 0x5A, 0xD6, 0xF3, 0x7C, 0x82, 0x9B, 0x9C, 0xFE, 0x92, 0x0D, 0xC9, 0x1F, 0xBE, 0x56, 0xAC,
    0x64, 0x5D, 0x3D, 0xBF, 0x44, 0xEE, 0x6C, 0xA9, 0xAC, 0xC3, 0x29, 0xAB, 0xB3, 0x8C, 0xAE, 0x13,
    0x19, 0xF7, 0x1B, 0xD2, 0x30, 0x7C, 0x5D, 0x08, 0x81, 0x23, 0x1F, 0x31, 0xFB, 0x83, 0xC7, 0xC9,
    0x9E, 0xB5, 0xE6, 0x3D, 0xF6, 0x5F, 0xDE, 0x0F, 0xE6, 0x2B, 0xBC, 0xE6, 0x37, 0x8A, 0x46, 0xDC,
    0xB3, 0x2E, 0xA5, 0xF3, 0x4E, 0x6D, 0x8E, 0xC2, 0xB2, 0x7B, 0xB5, 0x07, 0xFF, 0x46, 0x71, 0x91,
    0x0E, 0x92, 0xB4, 0xE4, 0x25, 0xF6, 0xCB, 0xBB, 0x70, 0xBC, 0x1A, 0x95, 0x8B, 0xC7, 0x83, 0xAF,
    0xC2, 0xF4, 0x15, 0x53, 0x05, 0x12, 0x3E, 0x13, 0x29, 0x1A, 0xFF, 0x89, 0x3B, 0x2B, 0x2C, 0x8F,
    0x8B, 0x96, 0xAE, 0xAA, 0x91, 0xBC, 0x68, 0xA6, 0xC7, 0x05, 0x75, 0x5B, 0xC6, 0x87, 0xF0, 0x0B,
    0xF6, 0xDC, 0x92, 0x07, 0x23, 0xEC, 0xF3, 0x30, 0x22, 0x7C, 0xCC, 0xA2, 0xF2, 0x8B, 0x8E, 0x45,
    0xE5, 0x1F, 0x4B, 0x90, 0x91, 0x4C, 0xBE, 0xC8, 0x02, 0xF1, 0xF1, 0x20, 0x5B, 0x8F, 0x0B, 0xB7,
    0xDF, 0x4F, 0x64, 0x07, 0xE1, 0x51, 0xB2, 0xEC, 0xD1, 0x8A, 0xFA, 0x7D, 0xA1, 0xAB, 0x85, 0x80,
    0x1E, 0x74, 0xF5, 0xD5, 0xD6, 0xF1, 0xDE, 0x7C, 0xFC, 0x9E, 0xFD, 0x85, 0x62, 0xE9, 0x80, 0xFD,
    0x17, 0xD4, 0x79, 0x74, 0x19, 0x8E, 0xCB, 0xFD, 0xD4, 0x89, 0xFB, 0x5C, 0xC4, 0xF0, 0x67, 0x71,
    0xEB, 0x93, 0xF7, 0x32, 0x99, 0x78, 0x19, 0xFA, 0x97, 0x41, 0x36, 0x7C, 0xBE, 0xE6, 0x65, 0x12,
    0xEF, 0x65, 0xC2, 0x25, 0xE4, 0xE9, 0xF1, 0x39, 0x29, 0x53, 0x7B, 0x3E, 0x1F, 0x23, 0x9E, 0x5A,
    0x88, 0x17, 0x59, 0x2F, 0x7F, 0xBB, 0x31, 0x79, 0x4F, 0xA7, 0x58, 0x5F, 0xF8, 0xE9, 0xC1, 0xBA,
    0xF9, 0x7A, 0xA1, 0x47, 0xA6, 0xBC, 0x95, 0x2F, 0x83, 0xF6, 0x3B, 0x80, 0xF3, 0xD9, 0xBE, 0xD3,
    0x20, 0x25, 0x96, 0xC9, 0xC4, 0x17, 0x49, 0xEE, 0x6E, 0x06, 0x49, 0x33, 0x59, 0x66, 0xD1, 0xE4,
    0x7F, 0xF9, 0xAD, 0x63, 0x2B, 0x75, 0x4E, 0x38, 0xB3, 0xE4, 0x51, 0x68, 0xC6, 0xD0, 0xBE, 0xDC,
    0x0C, 0xBF, 0x3D, 0xAE, 0x6A, 0x02, 0xAA, 0x6E, 0xF4, 0x0A, 0x55, 0x78, 0xB2, 0x3F, 0xA3, 0xA2,
    0x3B, 0x49, 0xC1, 0xA5, 0x04, 0x82, 0xDA, 0x3E, 0xF0, 0xA4, 0x14, 0x7F, 0x10, 0xE4, 0x68, 0x02,
    0x9B, 0x86, 0xE6, 0xF0, 0x71, 0x51, 0x02, 0x9B, 0x1B, 0x45, 0x49, 0xD4, 0xE1, 0x4F, 0x64, 0xFF,
    0x9C, 0xFD, 0x8E, 0x9C, 0xCE, 0x04, 0x6B, 0x9C, 0x48, 0xE9, 0x7E, 0x26, 0x3D, 0x15, 0xC9, 0xC8,
    0x3E, 0x95, 0x9F, 0xC0, 0x3C, 0x13, 0xA7, 0xFE, 0x9C, 0xB8, 0xA5, 0x9F, 0x8B, 0x92, 0xFE, 0xB7,
    0xC0, 0x71, 0xFF, 0x8B, 0x19, 0xF9, 0x91, 0x87, 0x89, 0xEB, 0x5D, 0x13, 0xC2, 0x37, 0xA8, 0x25,
    0x12, 0x7C, 0xA0, 0x1B, 0x12, 0xB2, 0x65, 0x3B, 0xED, 0xCF, 0x98, 0xAC, 0x3F, 0x63, 0xBA, 0x39,
    0xEE, 0x76, 0x96, 0x82, 0xE6, 0xE2, 0xAF, 0x70, 0xFA, 0x3D, 0xFD, 0xEA, 0x2F, 0xFD, 0xE9, 0x7B,
    0x3D, 0x80, 0x53, 0x73, 0x5F, 0xA1, 0xF8, 0x90, 0x99, 0x6E, 0x71, 0x48, 0x5C, 0x0A, 0x4B, 0xA1,
    0x56, 0x6C, 0xDF, 0xB3, 0x1E, 0x9C, 0x28, 0x24, 0xF9, 0x35, 0x81, 0x87, 0x90, 0x4A, 0x20, 0x90,
    0x29, 0x71, 0x27, 0x4D, 0xAB, 0x96, 0xFF, 0x22, 0xEF, 0x04, 0x3C, 0x96, 0x65, 0xCF, 0x29, 0x30,
    0x1E, 0x76, 0x4A, 0x47, 0x29, 0x88, 0x24, 0x51, 0x49, 0xC5, 0xFD, 0xAD, 0xCB, 0x5E, 0x38, 0xF4,
    0x6F, 0xF6, 0xB0, 0xDA, 0x9F, 0xB3, 0xBF, 0x29, 0x3F, 0xCB, 0xF1, 0x9D, 0xB4, 0x17, 0xD4, 0x2E,
    0x9A, 0x08, 0x83, 0x57, 0xAA, 0xDD, 0x75, 0x92, 0xE0, 0xFF, 0x01, 0xE5, 0x5C, 0x3F, 0x93, 0xDC,
    0x46, 0x76, 0x6F, 0x00, 0x94, 0xC0, 0x23, 0x6C, 0x81, 0x81, 0xCE, 0x25, 0x97, 0x74, 0x02, 0x03,
    0x07, 0xAA, 0x93, 0x44, 0x28, 0x50, 0x70, 0xC1, 0x72, 0x01, 0x51, 0x81, 0x02, 0x07, 0xBE, 0xCC,
    0xA9, 0xBF, 0x80, 0x8B, 0x0A, 0x1C, 0x30, 0x20, 0x17, 0x38, 0x29, 0x54, 0x20, 0x7D, 0x84, 0xFB,
    0x08, 0x0A, 0xE8, 0x2A, 0x56, 0x79, 0xB9, 0x00, 0xA9, 0xE0, 0x02, 0x05, 0x07, 0x9F, 0x3E, 0x80,
    0x21, 0x59, 0x99, 0x5C, 0x45, 0xF8, 0x34, 0xE5, 0x82, 0x8E, 0x18, 0xB4, 0xDF, 0xEF, 0xF7, 0x1A,
    0x18, 0xCC, 0xEE, 0x50, 0xA4, 0xAA, 0x28, 0x72, 0x97, 0x37, 0xC5, 0xE9, 0x1E, 0xCE, 0x60, 0xD1,
    0xDD, 0xBF, 0xF7, 0xFA, 0xFD, 0x6F, 0x18, 0x63, 0x32, 0x6B, 0x8D, 0x99, 0xBB, 0xDD, 0xAF, 0x81,
    0xAD, 0xB7, 0x66, 0x17, 0x68, 0x17, 0x8E, 0xEC, 0x62, 0xED, 0xDE, 0xD6, 0xBF, 0xDE, 0xD3, 0xEE,
    0x56, 0xC5, 0xAE, 0x63, 0xE7, 0x37, 0x45, 0x8E, 0x3F, 0xAB, 0xB3, 0x12, 0xD7, 0x9B, 0xA9, 0xAB,
    0x71, 0xBD, 0x76, 0xD7, 0x4D, 0x8A, 0xCE, 0x5A, 0x2B, 0x9D, 0x27, 0x5D, 0x83, 0xEB, 0x4D, 0xD2,
    0x1A, 0x13, 0x95, 0x26, 0x6E, 0x71, 0xBD, 0x89, 0x3B, 0x63, 0x2E, 0x6B, 0xB7, 0xA7, 0xDD, 0x6D,
    0xF9, 0x59, 0x3A, 0xF9, 0x17, 0xAD, 0x4C, 0x61, 0x6B, 0xDF, 0xDA, 0x56, 0x6E, 0x11, 0x48, 0x67,
    0xE4, 0xFF, 0xD2, 0x54, 0xB8, 0xD3, 0x43, 0x5F, 0xE9, 0x77, 0x35, 0x46, 0x2B, 0x4D, 0xD4, 0xC8,
    0xBC, 0xAF, 0x98, 0xC2, 0x98, 0x95, 0xA9, 0x8C, 0xDF, 0x9A, 0xD1, 0x84, 0xB5, 0x59, 0x9B, 0xB8,
    0xF4, 0x06, 0x93, 0x1A, 0x7F, 0x30, 0x99, 0x09, 0x7A, 0x73, 0x60, 0x82, 0x95, 0xB9, 0x63, 0x82,
    0x4E, 0x7E, 0x0A, 0x3B, 0xB9, 0x28, 0xE9, 0x5E, 0xB6, 0xA6, 0x68, 0xAF, 0xDB, 0x8F, 0xEF, 0x7F,
    0xD3, 0x59, 0xFB, 0xA9, 0xAD, 0xB3, 0x75, 0x64, 0x65, 0xDE, 0x72, 0xB1, 0xBC, 0xDE, 0x31, 0x11,
    0x41, 0x31, 0xAF, 0x73, 0xB4, 0xF7, 0x0E, 0x09, 0x98, 0xED, 0x88, 0x8A, 0x2D, 0x9F, 0x0F, 0xA0,
    0xBD, 0xDC, 0xBC, 0x8C, 0x7B, 0xEC, 0x01, 0xB7, 0x95, 0xF1, 0x7A, 0x5C, 0xC9, 0xFB, 0x17, 0x56,
    0xA6, 0x13, 0xF7, 0x4F, 0x1F, 0xF7, 0x33, 0xC9, 0xAF, 0xF2, 0xD2, 0x36, 0xA8, 0x75, 0xA2, 0x8A,
    0xD5, 0x65, 0xED, 0xAE, 0x68, 0x77, 0x53, 0xBB, 0xE2, 0x1C, 0xBB, 0x4C, 0x57, 0x16, 0xAF, 0x7E,
    0x02, 0xB0, 0x66, 0x06, 0xD6, 0xFF, 0x49, 0xC0, 0x12, 0xD2, 0xCF, 0x81, 0x2A, 0xA6, 0x17, 0x10,
    0x93, 0x7C, 0x9A, 0x66, 0x82, 0x4F, 0xC9, 0x5D, 0x72, 0xB7, 0x7C, 0xD4, 0x8B, 0x31, 0x18, 0xE6,
    0x5A, 0xCF, 0xDC, 0x1E, 0x71, 0xBE, 0xC4, 0x53, 0x20, 0x9C, 0x5F, 0x2F, 0x5A, 0x50, 0xAD, 0xC0,
    0xBC, 0x03, 0x9B, 0x5F, 0x6B, 0x65, 0x16, 0xB2, 0x00, 0x53, 0x60, 0x19, 0x46, 0xD6, 0x11, 0xD5,
    0xB8, 0x61, 0x54, 0x87, 0xB2, 0xCE, 0x17, 0xCB, 0x98, 0xDB, 0x27, 0xE1, 0xBE, 0x26, 0x31, 0x5C,
    0x5B, 0xF0, 0xB6, 0x55, 0xFE, 0x90, 0xB6, 0xDC, 0x5C, 0x83, 0xEB, 0xDF, 0x30, 0x59, 0x03, 0x38,
    0x65, 0x28, 0x73, 0x48, 0x26, 0x1D, 0x4C, 0x30, 0x1A, 0x61, 0x3B, 0xCF, 0xB6, 0x61, 0x4F, 0x79,
    0xD8, 0x62, 0xDE, 0x3F, 0x70, 0x8A, 0xC9, 0x3C, 0x71, 0xDE, 0x0E, 0x3C, 0xE4, 0x61, 0x91, 0x41,
    0x37, 0x11, 0x2C, 0xC2, 0xF7, 0xBF, 0xD8, 0x62, 0x73, 0x2E, 0x3A, 0xC1, 0x76, 0x3F, 0x92, 0x01,
    0xFC, 0x5E, 0xB0, 0x0E, 0x71, 0x7D, 0x8C, 0xEB, 0x53, 0xDC, 0x2C, 0x33, 0x53, 0x43, 0xCE, 0x3B,
    0x32, 0xEE, 0xDE, 0xDA, 0xC8, 0x77, 0xA5, 0x4C, 0x59, 0x6E, 0x9F, 0xB5, 0x69, 0x6E, 0x52, 0xBB,
    0x06, 0xBE, 0xAB, 0x8D, 0xEC, 0x08, 0xC8, 0x30, 0x09, 0xC9, 0x5F, 0x01, 0xDB, 0x60, 0x95, 0x61,
    0xCB, 0x95, 0x42, 0x6B, 0x73, 0x1E, 0x7F, 0x7D, 0x06, 0xB0, 0x25, 0x7A, 0x1C, 0x38, 0xC3, 0x42,
    0x8E, 0x64, 0x3A, 0xFE, 0xEA, 0x40, 0xF6, 0x6B, 0x9D, 0x80, 0xBB, 0x64, 0x3F, 0x9D, 0x37, 0xFE,
    0x53, 0x85, 0x35, 0xE2, 0xFA, 0x15, 0x8B, 0x54, 0x11, 0x21, 0xD0, 0x51, 0x7D, 0x86, 0x58, 0x36,
    0x6C, 0x74, 0x09, 0xB8, 0x9A, 0x72, 0xA9, 0xDE, 0xA9, 0x02, 0xB1, 0x66, 0x60, 0x29, 0x50, 0x02,
    0x49, 0x00, 0x09, 0x1C, 0x01, 0x63, 0xE6, 0x40, 0xAC, 0x1C, 0x84, 0xA3, 0x7B, 0x03, 0x3F, 0xC0,
    0x07, 0xF4, 0x00, 0x1E, 0xB0, 0x53, 0xE8, 0x7C, 0xB2, 0x5C, 0x58, 0x07, 0x0D, 0x68, 0x98, 0x72,
    0xA7, 0xE8, 0x96, 0x27, 0x8B, 0xC6, 0x67, 0x08, 0x3F, 0x2E, 0x25, 0x02, 0x93, 0x04, 0x8D, 0x48,
    0x37, 0x6F, 0x75, 0x07, 0x8B, 0xE1, 0xA4, 0xDB, 0x69, 0xFC, 0x64, 0x37, 0x9C, 0x3F, 0x27, 0x6F,
    0x8A, 0xB2, 0xBD, 0x88, 0x3D, 0xD3, 0xF8, 0x84, 0xA4, 0x4F, 0x14, 0x87, 0x23, 0x95, 0xFE, 0xAA,
    0xFC, 0xE2, 0xF6, 0xC4, 0xB4, 0x64, 0x65, 0xA3, 0x76, 0xD4, 0x34, 0xD6, 0x5C, 0x1B, 0xD8, 0x05,
    0x56, 0x07, 0xAE, 0x6A, 0x2A, 0x4B, 0xC1, 0x47, 0x34, 0x03, 0x00, 0x42, 0x27, 0xA8, 0x07, 0xAE,
    0xEB, 0xA9, 0x64, 0xD0, 0x89, 0xE2, 0x02, 0x4D, 0xA4, 0x83, 0x26, 0x93, 0x2F, 0x41, 0x1B, 0x79,
    0x4F, 0x5D, 0xCB, 0x3F, 0x07, 0xA9, 0xD2, 0x96, 0x4A, 0x52, 0x90, 0x42, 0x27, 0xC4, 0x00, 0x66,
    0x96, 0x52, 0x14, 0x1A, 0x59, 0x3A, 0xE8, 0x2D, 0x51, 0xB5, 0x45, 0x83, 0x75, 0x87, 0xF2, 0x53,
    0x2A, 0xF3, 0x5B, 0xCD, 0xB3, 0xC5, 0xEB, 0x22, 0x35, 0x4B, 0xD4, 0x03, 0x3A, 0xDF, 0x76, 0x90,
    0x6E, 0xE8, 0xC8, 0xE0, 0xDD, 0x01, 0x37, 0x65, 0xAB, 0x56, 0x55, 0x73, 0x5B, 0x59, 0xAC, 0xD3,
    0x8E, 0xBC, 0xA2, 0xE8, 0xA4, 0xCA, 0x9B, 0xD6, 0x52, 0x5D, 0xFD, 0xCE, 0xAA, 0x49, 0x56, 0x50,
    0xE1, 0x93, 0x08, 0xC2, 0xAE, 0x18, 0x8F, 0x0A, 0x92, 0x5A, 0x0D, 0xE0, 0xA4, 0x2A, 0xE0, 0x33,
    0x42, 0x01, 0x45, 0xD9, 0x93, 0x5A, 0x01, 0x38, 0x79, 0xAD, 0x44, 0x85, 0xBA, 0x3C, 0x87, 0x35,
    0x15, 0x9D, 0x28, 0x78, 0xFB, 0xD1, 0x77, 0xFF, 0xDB, 0xC1, 0xE2, 0xFC, 0x04, 0xD6, 0x00, 0xD5,
    0xA6, 0x99, 0x2D, 0x92, 0x6D, 0x02, 0x78, 0x4F, 0x82, 0x00, 0xA1, 0xDC, 0x4B, 0xBE, 0x8C, 0x70,
    0xE7, 0x9F, 0x8F, 0x00, 0xCA, 0xD5, 0x58, 0x83, 0x57, 0x61, 0xE9, 0x81, 0x5A, 0xAF, 0xE1, 0xA2,
    0x8D, 0x5A, 0x35, 0x85, 0x9A, 0xC9, 0x20, 0x72, 0x1B, 0x9D, 0xE8, 0x13, 0x7C, 0xC5, 0x3E, 0x2E,
    0x2D, 0x91, 0xAF, 0x26, 0xE0, 0x15, 0xF7, 0x88, 0xB0, 0xD3, 0x30, 0x71, 0xA0, 0x2B, 0xE6, 0x0A,
    0xF9, 0x1D, 0x22, 0xAE, 0x80, 0x03, 0xEF, 0x57, 0x1C, 0xDC, 0x8A, 0x36, 0xC0, 0xAE, 0x1D, 0xD6,
    0x13, 0xD4, 0x11, 0x67, 0x12, 0xEB, 0x4C, 0x76, 0x6C, 0x04, 0x3B, 0xB8, 0x16, 0x58, 0xF4, 0x53,
    0x3B, 0xC2, 0x52, 0x02, 0x09, 0x14, 0xFA, 0xCE, 0xD9, 0x30, 0xD2, 0xFE, 0xC6, 0x60, 0x22, 0xD7,
    0xD9, 0xCA, 0x54, 0x04, 0xFC, 0x8E, 0x83, 0x74, 0x1C, 0x84, 0xA8, 0xFB, 0x30, 0xF8, 0x5A, 0xB4,
    0x49, 0xE3, 0x03, 0xF9, 0xDA, 0x2B, 0x8D, 0x9A, 0x88, 0x00, 0x5D, 0xBE, 0x02, 0xE6, 0x35, 0x5A,
    0x59, 0xAD, 0x20, 0x2E, 0x00, 0xC9, 0xFA, 0x93, 0x12, 0x78, 0xDB, 0x1C, 0xD3, 0xB1, 0x44, 0x09,
    0xF8, 0xFE, 0x88, 0x1B, 0xB6, 0x10, 0x2F, 0xD5, 0x07, 0x22, 0x74, 0x07, 0x21, 0x4C, 0xD8, 0xF9,
    0xB2, 0x09, 0x6B, 0x31, 0x44, 0xD2, 0x52, 0x64, 0x67, 0x66, 0x44, 0x6C, 0x64, 0xC0, 0xF2, 0x08,
    0x52, 0x9F, 0x56, 0x01, 0xF9, 0x7F, 0x74, 0xD2, 0x46, 0xC4, 0x0B, 0xA7, 0xD2, 0xEC, 0x12, 0x2F,
    0x62, 0xBF, 0xD4, 0xD8, 0x01, 0xD0, 0xC9, 0x21, 0x04, 0x90, 0xFC, 0x40, 0x01, 0x5E, 0xB4, 0x67,
    0x07, 0xC7, 0x73, 0x58, 0x64, 0x8C, 0xAB, 0xE3, 0x5C, 0xF6, 0x74, 0xDC, 0x8A, 0xF0, 0x08, 0x15,
    0xE0, 0x61, 0xC7, 0x52, 0x9E, 0x02, 0xAC, 0x54, 0xC6, 0x93, 0x45, 0x91, 0x2C, 0xDA, 0xE3, 0x4A,
    0xF9, 0x34, 0xC3, 0x3A, 0x5B, 0x14, 0xD3, 0xFB, 0x11, 0x16, 0x85, 0x40, 0x09, 0x24, 0x01, 0x24,
    0x70, 0x04, 0x8C, 0x40, 0x11, 0x20, 0x02, 0x43, 0x40, 0x08, 0x74, 0x46, 0x87, 0x1F, 0xE0, 0x03,
    0x7A, 0x5B, 0x16, 0xC5, 0xA9, 0xC6, 0xC3, 0x84, 0x34, 0x33, 0x7E, 0xA5, 0x8E, 0xA4, 0x3A, 0x90,
    0xD4, 0xD1, 0xEA, 0xDF, 0x6B, 0xDB, 0x43, 0x5D, 0x7B, 0x2A, 0x34, 0x8B, 0xF2, 0x09, 0xA0, 0x23,
    0xC2, 0x5E, 0x6C, 0x27, 0x9F, 0x1E, 0xA7, 0x5C, 0xF0, 0x92, 0x1B, 0x1B, 0x4A, 0xB0, 0x77, 0xEF,
    0xB5, 0x8C, 0x09, 0xFB, 0x2A, 0x6D, 0xD4, 0x90, 0xC9, 0x1F, 0xCF, 0x26, 0x3B, 0xFD, 0x02, 0x12,
    0xDB, 0x8C, 0x2B, 0x09, 0x5A, 0xF8, 0x9E, 0xF0, 0x12, 0xE8, 0x2F, 0x98, 0x0C, 0xF8, 0xF2, 0x76,
    0xF1, 0xD3, 0x17, 0x9A, 0x93, 0x1B, 0xD6, 0xCF, 0x6E, 0x98, 0xE2, 0x2C, 0x6E, 0x58, 0xB3, 0x71,
    0xC3, 0x7E, 0x50, 0x7B, 0x57, 0xE6, 0x6E, 0xCB, 0x57, 0x3B, 0x38, 0x6D, 0x32, 0xBA, 0xF8, 0xC6,
    0xD2, 0x42, 0xEC, 0x77, 0x80, 0x33, 0x68, 0x23, 0xDC, 0xF6, 0xB3, 0x47, 0xD8, 0xBB, 0x93, 0xD5,
    0x2B, 0xCC, 0xC0, 0x76, 0x0D, 0x7B, 0x37, 0xAB, 0xF1, 0x7D, 0x56, 0xE2, 0x9A, 0x22, 0xC7, 0xF5,
    0x15, 0xED, 0x5D, 0x4B, 0x51, 0x23, 0x96, 0xC2, 0x80, 0xE5, 0x88, 0xBD, 0x01, 0x1A, 0xDA, 0x6F,
    0x41, 0x43, 0x01, 0xB7, 0xC7, 0x2A, 0xC6, 0x7C, 0xC3, 0xC1, 0x64, 0xEC, 0x80, 0xA6, 0x52, 0x74,
    0x9F, 0x0A, 0x9C, 0xB2, 0xEB, 0x06, 0x98, 0x5A, 0xDE, 0x30, 0xB2, 0x4A, 0x73, 0x69, 0x81, 0x6E,
    0x28, 0x8B, 0xBF, 0xB6, 0x82, 0xC5, 0x62, 0xD7, 0x32, 0x5E, 0xDC, 0x16, 0xFB, 0xB0, 0x74, 0x31,
    0x68, 0x46, 0x6B, 0xA4, 0x20, 0x8F, 0x55, 0x53, 0x5B, 0xA2, 0x4D, 0x68, 0x59, 0xC1, 0x8C, 0x4B,
    0x9B, 0x61, 0x8E, 0x89, 0x5D, 0x21, 0x9E, 0xFD, 0x6C, 0x71, 0x18, 0x7F, 0xAD, 0xF4, 0xB3, 0xDF,
    0xAA, 0x85, 0x91, 0x13, 0x42, 0xE1, 0x97, 0xF6, 0xEF, 0xC4, 0x8C, 0x12, 0x16, 0x10, 0xA0, 0x32,
    0x9A, 0x21, 0x07, 0xA4, 0xC2, 0x11, 0x85, 0x52, 0x45, 0xCB, 0xBC, 0x98, 0x96, 0xB8, 0xF0, 0xE2,
    0x2F, 0x18, 0xD3, 0x3C, 0x4A, 0xBD, 0x9D, 0x7E, 0x4A, 0xC1, 0x21, 0x36, 0x5E, 0x4B, 0x82, 0x75,
    0xDC, 0xF8, 0x6B, 0x1A, 0x62, 0x15, 0x6D, 0xFB, 0x6C, 0x11, 0x69, 0xD9, 0x7E, 0x9D, 0x25, 0x4A,
    0xED, 0xD0, 0x98, 0x71, 0x77, 0xC2, 0x07, 0x3F, 0xF5, 0x7B, 0xEA, 0xE6, 0x66, 0x4F, 0x79, 0xDA,
    0xAA, 0x5D, 0x7D, 0x68, 0x7E, 0xF4, 0x75, 0x96, 0x28, 0x75, 0x06, 0xA8, 0x70, 0xE2, 0x45, 0xA7,
    0x72, 0x1A, 0xBF, 0xDC, 0xB4, 0xF1, 0x22, 0xE2, 0xAA, 0xBE, 0xF4, 0x67, 0x4E, 0x85, 0x6C, 0x82,
    0x80, 0xE6, 0xC6, 0x42, 0xD3, 0x0F, 0x9B, 0x30, 0xB3, 0xE2, 0x6A, 0xFA, 0xE7, 0x81, 0xA6, 0x13,
    0x42, 0x32, 0x85, 0xC6, 0xA9, 0xD0, 0x4E, 0x43, 0x0B, 0xF5, 0xE0, 0xA2, 0xD1, 0x29, 0xFB, 0x4B,
    0xE6, 0xC5, 0x2D, 0xDB, 0x61, 0x34, 0x00, 0x3E, 0x13, 0xDB, 0x81, 0x7E, 0x24, 0x74, 0xB6, 0xFA,
    0xB9, 0x6A, 0x2D, 0x8C, 0xDA, 0x03, 0x30, 0xF8, 0x6A, 0xF8, 0x0D, 0xDE, 0x1D, 0xBE, 0x83, 0x04,
    0x63, 0xC8, 0xA7, 0xD3, 0xDF, 0xE2, 0x45, 0x0F, 0x7F, 0x17, 0x08, 0x45, 0xD6, 0x4E, 0xBE, 0x1D,
    0xBD, 0x3B, 0xFC, 0x06, 0xA5, 0x8F, 0xDF, 0x40, 0x4C, 0xB0, 0x55, 0xE6, 0xEC, 0x8A, 0xA9, 0x2F,
    0x72, 0xFD, 0xAD, 0x72, 0x44, 0xB6, 0x8B, 0x1E, 0xBF, 0xB9, 0x80, 0x16, 0xA6, 0x04, 0xC5, 0x5E,
    0x71, 0xFA, 0x6B, 0x2E, 0x63, 0x8A, 0xD3, 0x60, 0xA8, 0x10, 0xF0, 0x24, 0x1F, 0xF5, 0xD8, 0xBA,
    0xFB, 0x60, 0x8B, 0xF3, 0x06, 0x16, 0x0C, 0x83, 0xDB, 0x31, 0x2E, 0xB8, 0x40, 0x77, 0x93, 0x6C,
    0x84, 0x20, 0xC5, 0xCE, 0x30, 0xCF, 0x1A, 0x32, 0x60, 0x90, 0xCB, 0xBD, 0xA1, 0xB2, 0xB5, 0x3F,
    0xB6, 0x69, 0xED, 0xDB, 0x3C, 0x45, 0xA8, 0x2B, 0x2D, 0x65, 0xB7, 0x64, 0x79, 0x08, 0x3A, 0x09,
    0x04, 0x05, 0x9C, 0xEA, 0x23, 0x13, 0x37, 0x08, 0xD9, 0xD7, 0x62, 0x98, 0x24, 0x35, 0x12, 0x22,
    0xB5, 0x90, 0x5B, 0xAE, 0x5C, 0xBD, 0x96, 0xE5, 0x41, 0x77, 0x3B, 0x83, 0x33, 0x5E, 0xC8, 0xD4,
    0xCA, 0x03, 0x75, 0xE8, 0x17, 0xF0, 0x57, 0x8F, 0x86, 0x3F, 0xB0, 0x7C, 0x0D, 0x53, 0x7F, 0x12,
    0x7E, 0x07, 0x3B, 0x63, 0x82, 0xBB, 0xE0, 0x77, 0xB0, 0xEF, 0x82, 0x7F, 0x86, 0xFD, 0x31, 0xE1,
    0x1F, 0x77, 0xC0, 0xFF, 0x22, 0x2C, 0x56, 0x3B, 0x01, 0xEC, 0x15, 0x5B, 0x00, 0x67, 0xCE, 0x4C,
    0xED, 0x77, 0x01, 0x5C, 0x7A, 0x03, 0xB2, 0x2B, 0x63, 0x97, 0x11, 0xE0, 0x52, 0x56, 0x96, 0x11,
    0x60, 0xF3, 0x68, 0x80, 0xCF, 0xC9, 0x95, 0xAB, 0xB7, 0x04, 0xE0, 0x15, 0x01, 0x6E, 0x1D, 0xC0,
    0xD8, 0x62, 0x72, 0x9B, 0x77, 0x64, 0x32, 0xB2, 0xF7, 0xAF, 0xA4, 0xF7, 0x1A, 0xF3, 0x6E, 0x24,
    0xFB, 0xF0, 0x43, 0x6F, 0x34, 0xC7, 0xB6, 0x00, 0x09, 0xE0, 0xA4, 0xBE, 0x9D, 0x22, 0x7B, 0x14,
    0x12, 0xA4, 0x46, 0xB0, 0x69, 0x7A, 0xA3, 0x28, 0x6B, 0x20, 0x25, 0xEA, 0x26, 0x2D, 0xA7, 0x4D,
    0x3B, 0x49, 0x4A, 0x1A, 0xB6, 0xD9, 0xA6, 0x29, 0xA7, 0x86, 0x79, 0xAA, 0xCA, 0x28, 0x76, 0x04,
    0x0E, 0xA1, 0x92, 0x0F, 0xC5, 0x7C, 0x6B, 0xE3, 0xF8, 0x4F, 0xF5, 0x6B, 0xF2, 0xE1, 0x0D, 0xB3,
    0x98, 0xDF, 0x05, 0x88, 0x6B, 0xB9, 0x50, 0xBE, 0x7A, 0x73, 0xE4, 0xB5, 0x4C, 0x95, 0x41, 0x8C,
    0x41, 0x90, 0x60, 0x3E, 0x48, 0x68, 0xE0, 0x8D, 0x19, 0x21, 0xB0, 0x13, 0x83, 0xE0, 0xF5, 0x25,
    0x06, 0xD6, 0x92, 0x3F, 0xD4, 0x62, 0x47, 0xE7, 0x26, 0x59, 0x4F, 0x93, 0x05, 0x1F, 0x24, 0x1A,
    0x58, 0x33, 0xA7, 0x0A, 0x06, 0xC4, 0x52, 0x76, 0x86, 0x52, 0x9E, 0x34, 0x04, 0x58, 0x69, 0xE6,
    0x7C, 0x25, 0xE3, 0x82, 0x79, 0x58, 0x24, 0x65, 0xDB, 0xF4, 0xEE, 0x75, 0x7D, 0xBC, 0xE1, 0xC2,
    0x81, 0x66, 0xAC, 0xAE, 0x31, 0x53, 0x94, 0x4E, 0xDF, 0xA5, 0xBE, 0xB1, 0xA6, 0x4A, 0x57, 0xC4,
    0x05, 0xBD, 0xAB, 0xE9, 0xC1, 0xA0, 0xD6, 0xB4, 0x5B, 0xCC, 0x08, 0xA5, 0xBC, 0xEF, 0x82, 0x0A,
    0x72, 0xEB, 0x41, 0x6D, 0x26, 0xB9, 0x6D, 0xC2, 0x7F, 0x27, 0x9D, 0xF3, 0x44, 0x36, 0xB0, 0x29,
    0x46, 0xF3, 0xCB, 0x35, 0x57, 0x3C, 0x60, 0x8A, 0xB2, 0xE4, 0x80, 0xEA, 0x5A, 0xA6, 0x16, 0x31,
    0x78, 0x28, 0x8B, 0x8D, 0xEB, 0xCF, 0x93, 0x7B, 0x4D, 0x62, 0xCB, 0x64, 0x34, 0x51, 0x8F, 0x61,
    0x65, 0xD4, 0x28, 0xC7, 0x98, 0x29, 0x65, 0x5A, 0xF6, 0x3B, 0x99, 0x17, 0x7F, 0xA2, 0x9A, 0x82,
    0x2E, 0xE6, 0xBB, 0xDE, 0xE8, 0x8D, 0xA7, 0x88, 0xCC, 0x05, 0x10, 0x54, 0xE8, 0x09, 0x72, 0x72,
    0x69, 0x9E, 0xAE, 0xAB, 0xC7, 0xBA, 0xDC, 0xD2, 0xDC, 0xBA, 0x2E, 0x09, 0x09, 0x85, 0x82, 0x42,
    0x40, 0xA1, 0x5F, 0xA4, 0x21, 0xCC, 0x7A, 0x93, 0xE5, 0xB1, 0x9A, 0xD1, 0xCB, 0xA8, 0xFF, 0x22,
    0xA6, 0xD0, 0xBC, 0x72, 0xE1, 0x18, 0x4F, 0x8C, 0xED, 0xF8, 0xD9, 0xB5, 0xE3, 0xA6, 0x75, 0x96,
    0xC0, 0xE4, 0x18, 0x6F, 0x5A, 0x2A, 0x93, 0x70, 0xB5, 0x88, 0x99, 0x2E, 0x4C, 0x5A, 0x8D, 0xD7,
    0xC7, 0x8B, 0x88, 0xB5, 0x8B, 0x5B, 0x2F, 0xED, 0x93, 0x7C, 0xD6, 0x27, 0x1A, 0xB9, 0x56, 0x81,
    0xE7, 0x12, 0xDD, 0xB8, 0x7D, 0xFA, 0x31, 0x6E, 0x56, 0x3C, 0xA8, 0x69, 0x8D, 0x6D, 0x1C, 0x52,
    0x03, 0xBF, 0xDD, 0x4D, 0x24, 0xC2, 0x2C, 0x53, 0xEC, 0x94, 0x9B, 0x20, 0x5C, 0x27, 0x8B, 0x0F,
    0x6A, 0xF1, 0xEA, 0xC4, 0xBC, 0xF9, 0xED, 0x92, 0x55, 0xB8, 0xEA, 0x8A, 0x92, 0xB7, 0x84, 0xDC,
    0xDF, 0xD6, 0x6A, 0xC5, 0x31, 0xAD, 0x36, 0xCD, 0x83, 0xD6, 0x10, 0x17, 0xEF, 0xCF, 0x3B, 0x5A,
    0xF3, 0xA3, 0xDD, 0xBC, 0xB7, 0xDB, 0x69, 0xA5, 0x8C, 0x3B, 0x24, 0x73, 0x42, 0xE4, 0x60, 0xBA,
    0x89, 0x3F, 0x67, 0x4B, 0xF8, 0xD5, 0x45, 0x87, 0xFD, 0x3A, 0x50, 0x6E, 0x0A, 0x1C, 0x43, 0xDD,
    0x24, 0xFC, 0x9E, 0x46, 0xE1, 0x41, 0x43, 0x81, 0x3E, 0xD1, 0xE1, 0x0F, 0xB9, 0x5A, 0xDE, 0x27,
    0x18, 0xB8, 0x0D, 0x82, 0x9E, 0xD6, 0x4A, 0xB0, 0xA2, 0xD9, 0x1D, 0x7E, 0x3F, 0xBA, 0x30, 0xB1,
    0x96, 0x03, 0x50, 0x98, 0xC4, 0xBD, 0x76, 0x2D, 0x49, 0x92, 0x34, 0xB0, 0x56, 0x0D, 0x35, 0x33,
    0x98, 0x8F, 0xF6, 0x95, 0x5C, 0xE0, 0xB4, 0x17, 0x94, 0x5A, 0x51, 0x4E, 0xFA, 0x2D, 0x65, 0xF4,
    0x9C, 0x26, 0x96, 0x1D, 0x3C, 0x91, 0x88, 0x9C, 0xA6, 0xAD, 0x1F, 0x62, 0x07, 0x6A, 0xB0, 0xC0,
    0x91, 0x7E, 0xEA, 0x94, 0x29, 0x90, 0xA7, 0xDF, 0xF0, 0xA4, 0x33, 0xB1, 0xCC, 0xCB, 0x6A, 0x66,
    0x63, 0x8D, 0xD5, 0xA4, 0x0C, 0x5F, 0xAC, 0x76, 0x18, 0x1A, 0xC5, 0x71, 0x92, 0x04, 0xB3, 0x62,
    0xAB, 0x44, 0xB1, 0x05, 0x62, 0x23, 0xF7, 0xC8, 0x25, 0xAC, 0x64, 0x07, 0x05, 0x7F, 0xC6, 0xAE,
    0x23, 0x75, 0xD5, 0xAE, 0xC4, 0x9D, 0xBF, 0xC2, 0xCE, 0xBB, 0x8B, 0xFC, 0x43, 0x0D, 0x73, 0xA8,
    0xAC, 0xB0, 0x5A, 0x19, 0x24, 0x13, 0x1B, 0x45, 0x8D, 0xD4, 0x02, 0xCC, 0x20, 0xCA, 0xF0, 0xA4,
    0xC4, 0xE7, 0x64, 0x55, 0x10, 0xCF, 0xB3, 0x4A, 0xA6, 0xC2, 0x05, 0x8F, 0x9C, 0xBF, 0xA9, 0x77,
    0x29, 0xC4, 0x7D, 0x85, 0x04, 0xE9, 0x44, 0x1C, 0xA5, 0xAD, 0x4C, 0x57, 0x26, 0x32, 0xC8, 0x26,
    0xF1, 0x06, 0xE1, 0x7C, 0x7F, 0xB8, 0x23, 0x48, 0xFC, 0x05, 0xC2, 0x6E, 0x64, 0x2C, 0x02, 0x29,
    0xC5, 0xEF, 0x91, 0xF2, 0xE8, 0x10, 0x78, 0x11, 0x85, 0x2C, 0x1C, 0x84, 0xE4, 0x45, 0x2D, 0x17,
    0x27, 0x75, 0x8C, 0x2C, 0x87, 0x90, 0x4B, 0xD4, 0xB6, 0x6D, 0xF6, 0x73, 0xB5, 0x58, 0x15, 0x3A,
    0xF2, 0x6D, 0xA0, 0x64, 0xEE, 0x37, 0x5E, 0xC6, 0x6A, 0x47, 0x52, 0xE0, 0x47, 0xB6, 0xF6, 0x8F,
    0x6F, 0xEA, 0xE0, 0x61, 0x9B, 0x7A, 0xB1, 0xB5, 0xD5, 0xDD, 0x99, 0xA3, 0x5D, 0x1E, 0x59, 0x27,
    0x68, 0x5C, 0xB4, 0x8B, 0x4B, 0xD9, 0xC4, 0xBC, 0xD2, 0x32, 0xDB, 0x8A, 0x32, 0x06, 0x4E, 0x24,
    0x16, 0x9D, 0xB8, 0x90, 0x25, 0xD2, 0x3F, 0x8C, 0xF9, 0x79, 0xC6, 0x49, 0x41, 0x4C, 0xDC, 0x4D,
    0x75, 0xA9, 0xCB, 0x26, 0x7D, 0xB6, 0x5A, 0xE8, 0xB2, 0x2D, 0x7D, 0xA6, 0xEF, 0x64, 0xCA, 0xF5,
    0xE6, 0x9B, 0x7C, 0x2F, 0xF8, 0xE8, 0x48, 0x44, 0xC2, 0x5A, 0x64, 0xFE, 0x78, 0x59, 0xC5, 0x22,
    0xEC, 0x7F, 0xA2, 0x77, 0xAA, 0xB1, 0xDA, 0x51, 0x69, 0x64, 0x66, 0xBE, 0x74, 0x6D, 0xB6, 0x28,
    0xAE, 0x61, 0x51, 0x8D, 0x32, 0xA7, 0xE3, 0xCE, 0x1C, 0xCC, 0x64, 0x6B, 0xEC, 0x07, 0x19, 0x0B,
    0xBC, 0x4F, 0x3C, 0x2A, 0x6E, 0xAC, 0x59, 0xBB, 0x2C, 0x14, 0xE7, 0xB6, 0x82, 0xC1, 0x3F, 0x81,
    0x34, 0x2D, 0xCB, 0xEC, 0x6A, 0x93, 0x7D, 0x22, 0xD3, 0x33, 0xD9, 0xE0, 0xAA, 0x07, 0xCC, 0x54,
    0x13, 0x83, 0xCD, 0xC4, 0xCB, 0xA2, 0x12, 0x5B, 0xE4, 0x70, 0x23, 0x7C, 0xDF, 0x30, 0xBA, 0x7B,
    0x01, 0xF2, 0x9A, 0x20, 0x53, 0xDA, 0x79, 0x0C, 0xC2, 0xFA, 0xCC, 0x80, 0x89, 0xF8, 0x10, 0x90,
    0x03, 0x6C, 0x13, 0xC4, 0x7F, 0x05, 0x5E, 0xEF, 0xE9, 0x33, 0xE4, 0xB5, 0xA0, 0x4B, 0xAD, 0x28,
    0x4A, 0x2B, 0x4E, 0xED, 0x88, 0xFC, 0x1D, 0x4C, 0xE8, 0x38, 0xF7, 0x86, 0x58, 0xA6, 0xF5, 0xDA,
    0xAC, 0xD5, 0x97, 0x8C, 0x17, 0x2F, 0x18, 0x6F, 0x66, 0xBA, 0x05, 0xE3, 0x15, 0x53, 0x91, 0x41,
    0x98, 0x9B, 0x75, 0xF2, 0xA4, 0x98, 0x4E, 0x46, 0x92, 0x89, 0x64, 0x2D, 0xA6, 0x51, 0xD1, 0xC4,
    0x29, 0x68, 0x23, 0xC9, 0xE8, 0x4F, 0x0A, 0x0F, 0x0F, 0xDC, 0x21, 0xDB, 0x10, 0xBB, 0x70, 0xDC,
    0xCD, 0x23, 0x34, 0xAE, 0x86, 0xE8, 0xBF, 0x6D, 0xFC, 0x95, 0x8D, 0xBF, 0x18, 0xE3, 0xBB, 0x3D,
    0x79, 0xC4, 0xB1, 0x97, 0x72, 0x98, 0x6C, 0x38, 0xD9, 0x6F, 0xB2, 0xDD, 0xE0, 0x3B, 0x77, 0x5C,
    0xF6, 0x4F, 0x5A, 0x35, 0xAB, 0xAE, 0xA0, 0x38, 0x82, 0x1E, 0x7F, 0x1B, 0x3C, 0xC0, 0xCF, 0x21,
    0xAB, 0x1F, 0xA9, 0xF5, 0x21, 0x3F, 0xA6, 0xEC, 0x6D, 0x7C, 0x1F, 0xAB, 0xFE, 0xD5, 0x72, 0xD5,
    0xE9, 0x4F, 0xE5, 0x82, 0x8B, 0xB2, 0x24, 0xDF, 0x76, 0xB8, 0xE1, 0x64, 0x35, 0x92, 0xF3, 0xE7,
    0x85, 0xBD, 0x64, 0x0A, 0xF1, 0xE7, 0xE4, 0x1A, 0x93, 0xAE, 0xCD, 0xCD, 0xC1, 0xFC, 0x76, 0x36,
    0xCC, 0xB6, 0xF6, 0xCD, 0xA5, 0xB8, 0xB9, 0x15, 0x7F, 0xD3, 0xC6, 0xD8, 0x73, 0x26, 0xEC, 0x97,
    0x55, 0x90, 0x53, 0x19, 0x99, 0x49, 0x5C, 0xEF, 0xA2, 0xB4, 0x2E, 0xD2, 0xA2, 0x35, 0x68, 0x3B,
    0x32, 0xBC, 0x78, 0xAF, 0x68, 0x03, 0x65, 0x58, 0x2E, 0x54, 0xDB, 0x1E, 0xE2, 0x6F, 0x0D, 0x63,
    0x37, 0x0C, 0x65, 0xDC, 0x96, 0xFE, 0xBE, 0x70, 0xE8, 0x2D, 0xB9, 0xCB, 0x97, 0xCC, 0x66, 0x98,
    0xE0, 0x8B, 0xB5, 0xF6, 0x77, 0x2D, 0xFB, 0xB0, 0xB4, 0xB9, 0xC7, 0x7A, 0xBE, 0xA2, 0x66, 0xFA,
    0x22, 0xCF, 0x1A, 0xE4, 0x50, 0x62, 0xB1, 0xAE, 0x69, 0x85, 0x8B, 0x4E, 0x41, 0x9F, 0x38, 0xDC,
    0x2F, 0x1B, 0x7F, 0x94, 0x0D, 0x0D, 0x99, 0x62, 0x51, 0x0B, 0x26, 0x43, 0x56, 0x9F, 0x6A, 0x58,
    0x3D, 0xFB, 0xA3, 0x86, 0x8D, 0x20, 0xAC, 0x31, 0x34, 0x4B, 0x10, 0x65, 0xE8, 0x70, 0xAD, 0xDA,
    0x88, 0xEB, 0xEC, 0x54, 0x70, 0x67, 0x08, 0x34, 0x0C, 0xAE, 0x7A, 0x75, 0x6F, 0x61, 0x0E, 0xC4,
    0xCD, 0x71, 0x9B, 0x70, 0x61, 0x01, 0x6A, 0xCA, 0x49, 0x0B, 0x07, 0xFD, 0xFC, 0x84, 0x0C, 0x14,
    0x6B, 0xE1, 0x55, 0x0B, 0x66, 0x28, 0x46, 0xDC, 0xFF, 0x97, 0x63, 0x0F, 0xBE, 0x17, 0xC8, 0x1B,
    0x30, 0x93, 0x50, 0x4E, 0x46, 0x96, 0xD6, 0x9F, 0x36, 0x8C, 0x90, 0x90, 0xE1, 0x08, 0x75, 0x97,
    0xD5, 0x5F, 0x06, 0x99, 0x8F, 0x8C, 0x7A, 0xCC, 0x74, 0x99, 0x23, 0x9A, 0x16, 0x57, 0xE0, 0x34,
    0x5B, 0xA8, 0x5F, 0xA4, 0xA4, 0x44, 0xFF, 0x8E, 0xCF, 0x25, 0x0D, 0x1E, 0xF2, 0xF2, 0xFA, 0x6D,
    0x4E, 0x9D, 0x7A, 0x7F, 0x58, 0x98, 0xDE, 0x33, 0x7D, 0x36, 0xD1, 0xEB, 0x17, 0x9E, 0x2D, 0x7D,
    0x4E, 0xBE, 0xE2, 0x7A, 0x4B, 0x02, 0xCE, 0x3E, 0x48, 0xB4, 0x88, 0x8B, 0x6A, 0xD0, 0xFA, 0x5F,
    0xA6, 0xCA, 0x1C, 0xB7, 0x88, 0x2B, 0x2E, 0x5E, 0x9A, 0xBC, 0xA7, 0x58, 0x44, 0xF7, 0x5D, 0x15,
    0xEB, 0x64, 0x23, 0xAE, 0xFF, 0x2A, 0x76, 0x29, 0x93, 0x62, 0x32, 0x03, 0x10, 0x7A, 0xC5, 0x1D,
    0x7B, 0xC8, 0x5C, 0xAB, 0x96, 0xE8, 0x6A, 0x65, 0x56, 0xBC, 0xF0, 0x38, 0x77, 0x58, 0x2A, 0x4F,
    0x99, 0x0B, 0x02, 0xE7, 0x81, 0x0C, 0x5B, 0x9D, 0x12, 0xD1, 0x95, 0x51, 0x9B, 0x2D, 0xB7, 0xC4,
    0x31, 0xAF, 0xBA, 0x9F, 0x40, 0xE8, 0x90, 0x39, 0x8D, 0x6B, 0x43, 0x02, 0x43, 0xDB, 0x22, 0xA6,
    0x69, 0xCC, 0x3F, 0x3F, 0x68, 0x21, 0x9D, 0xC4, 0xEA, 0x66, 0xD7, 0x53, 0xC1, 0xEB, 0x04, 0x61,
    0x25, 0x15, 0x66, 0x9A, 0x22, 0x66, 0xB7, 0xD6, 0x6E, 0x20, 0xBB, 0xD1, 0x7D, 0x4C, 0x4B, 0xFA,
    0x8E, 0x08, 0xBF, 0xD1, 0x56, 0x0B, 0xBA, 0xB7, 0xB4, 0xBB, 0x85, 0x81, 0x19, 0x85, 0x3D, 0x52,
    0x87, 0xF4, 0x0E, 0x27, 0xB9, 0x93, 0x8F, 0x6E, 0x38, 0x3E, 0xBA, 0xEE, 0xF8, 0xE8, 0x96, 0xE3,
    0xA3, 0x6E, 0x07, 0x1F, 0xDD, 0xB3, 0x48, 0xA5, 0x91, 0x8F, 0xFC, 0x89, 0x8F, 0x1A, 0xC7, 0x47,
    0xF5, 0x2E, 0x3E, 0x0A, 0x87, 0xB0, 0x04, 0x1F, 0x05, 0x8F, 0xE4, 0xA3, 0xFB, 0xDB, 0x7C, 0x14,
    0x1D, 0xE3, 0x23, 0x7F, 0xE2, 0xA3, 0xDE, 0xF1, 0xD1, 0xE7, 0x66, 0x09, 0x7A, 0xF1, 0xBE, 0xC2,
    0x6D, 0xBF, 0xD3, 0x7D, 0x64, 0xDD, 0x3E, 0xCA, 0x36, 0xC6, 0xE4, 0x35, 0xF1, 0xEB, 0x52, 0x1B,
    0xD9, 0x56, 0x18, 0xA6, 0x12, 0x4B, 0x6C, 0x25, 0xC8, 0xDA, 0x32, 0x6E, 0x3C, 0xC4, 0x34, 0x7D,
    0x30, 0x0B, 0x79, 0x85, 0xAC, 0xB2, 0x15, 0x5E, 0x76, 0xBE, 0x9C, 0x70, 0xC9, 0x91, 0x92, 0x21,
    0x01, 0x11, 0x52, 0x34, 0x19, 0x2A, 0xEF, 0xB3, 0x5C, 0x3D, 0xF8, 0xD9, 0x79, 0x57, 0xBF, 0x9D,
    0xE9, 0x60, 0xCC, 0x66, 0x7F, 0x12, 0x7D, 0x54, 0x4A, 0x2F, 0x29, 0xFF, 0x3A, 0x6B, 0xE5, 0xB8,
    0x1D, 0x1E, 0xD1, 0x06, 0xA9, 0x30, 0xFD, 0x70, 0xED, 0x21, 0x74, 0xD6, 0xC2, 0x65, 0x2E, 0x98,
    0x94, 0x18, 0x11, 0x15, 0xD1, 0x60, 0x50, 0x48, 0x68, 0x62, 0x02, 0x03, 0xBE, 0xF7, 0xD7, 0x90,
    0x46, 0xFE, 0x3A, 0xDB, 0xB4, 0x03, 0x59, 0xCA, 0xB5, 0xC5, 0xDC, 0x86, 0xB4, 0x78, 0xA2, 0x0E,
    0xDF, 0xC7, 0x9D, 0x46, 0xA2, 0x35, 0x68, 0xA4, 0xAE, 0xB9, 0xDC, 0x53, 0x10, 0x11, 0xDB, 0x22,
    0x42, 0x55, 0x49, 0x8E, 0x6A, 0xB7, 0x82, 0x46, 0x55, 0xC4, 0x84, 0x69, 0xF0, 0x38, 0x65, 0x57,
    0x88, 0x45, 0x21, 0xD6, 0x6C, 0xAF, 0x8E, 0x20, 0x5C, 0x45, 0x96, 0x16, 0xA8, 0xA5, 0xA1, 0x39,
    0x0F, 0x67, 0xA1, 0x84, 0x31, 0x47, 0xA7, 0x39, 0x47, 0x03, 0xAB, 0xA9, 0x30, 0xB4, 0x0A, 0x2B,
    0x08, 0x8B, 0x82, 0xA6, 0x68, 0x29, 0x50, 0xA6, 0x2D, 0xEA, 0x5C, 0x31, 0x05, 0xAF, 0x22, 0x35,
    0xDF, 0x35, 0x21, 0x79, 0x27, 0x66, 0x4C, 0xE4, 0xD0, 0xB8, 0xFA, 0x02, 0x3A, 0x7C, 0x67, 0x06,
    0x47, 0x16, 0x3A, 0xBC, 0x0E, 0x23, 0x24, 0x86, 0xA8, 0x88, 0x71, 0x8A, 0x82, 0x8B, 0x0C, 0x98,
    0x4B, 0xA9, 0x9A, 0xA7, 0x0E, 0xAB, 0x49, 0x18, 0x05, 0x2A, 0x3E, 0x40, 0x6B, 0x09, 0x46, 0x8F,
    0xC5, 0x85, 0xED, 0x4D, 0xD6, 0x79, 0x02, 0xE2, 0x73, 0x26, 0x3F, 0x0B, 0xE0, 0x8A, 0x5D, 0x2E,
    0x6C, 0x11, 0x7F, 0x8D, 0xE0, 0xCC, 0x57, 0x10, 0x1C, 0x9F, 0xB0, 0xC4, 0x58, 0x6E, 0x80, 0xD8,
    0x96, 0xDF, 0x8A, 0xDC, 0xF1, 0xCB, 0x4B, 0x4F, 0x13, 0x5C, 0xDF, 0x3A, 0x1D, 0x51, 0x30, 0x7D,
    0x94, 0xCB, 0x17, 0x9F, 0xA5, 0xF4, 0x0D, 0x44, 0x87, 0xA4, 0x0D, 0x3D, 0x1B, 0xFA, 0x03, 0x99,
    0x16, 0x9D, 0xE2, 0x03, 0x2C, 0x77, 0xF9, 0xB0, 0xAF, 0xA2, 0xBB, 0x34, 0x7F, 0x4F, 0xD7, 0xB0,
    0xC8, 0x5F, 0x50, 0xDD, 0x58, 0x61, 0x03, 0x24, 0x8D, 0xFB, 0xA0, 0xD5, 0xAA, 0xA9, 0xFB, 0xC0,
    0x84, 0x02, 0x3F, 0x68, 0xE9, 0xAA, 0x48, 0xA9, 0x3D, 0x7A, 0x87, 0xFE, 0xF4, 0x21, 0x58, 0x7C,
    0xF8, 0x8D, 0x56, 0xB9, 0xF6, 0xCE, 0x9C, 0xD1, 0xC8, 0xAB, 0x7C, 0x40, 0xF4, 0xE4, 0x10, 0xC4,
    0xC5, 0x70, 0xFD, 0x54, 0x36, 0xBB, 0x42, 0xFA, 0x4C, 0x3E, 0xF8, 0x08, 0xB1, 0x34, 0xF2, 0x2B,
    0x64, 0x1E, 0x1D, 0x1D, 0x68, 0x0F, 0x9F, 0x1F, 0x5A, 0x2D, 0xF7, 0x91, 0xB5, 0xA7, 0x76, 0x15,
    0xCA, 0xDA, 0xED, 0xD5, 0x21, 0xFD, 0xD3, 0x20, 0xA3, 0x1F, 0x1D, 0x98, 0x01, 0xC8, 0xF6, 0xE2,
    0x02, 0x37, 0xA8, 0x44, 0xEA, 0xB1, 0xE8, 0x26, 0x00, 0xA9, 0xB3, 0x3A, 0xAE, 0x89, 0x70, 0x01,
    0x3C, 0xB3, 0x70, 0xC5, 0x4E, 0xC0, 0x92, 0x0E, 0x30, 0x5A, 0x75, 0xE9, 0x2A, 0x03, 0x9E, 0xBB,
    0x28, 0x68, 0xDB, 0xDA, 0x93, 0xBF, 0x8B, 0xEE, 0xAF, 0x5E, 0xAD, 0x05, 0xF1, 0x7F, 0x12, 0x38,
    0x23, 0xC4, 0x3E, 0x59, 0xA2, 0x6E, 0x1C, 0x57, 0xA7, 0xAA, 0x10, 0x34, 0x59, 0xAE, 0xE1, 0xAD,
    0x49, 0x6F, 0x6B, 0x80, 0xEB, 0x64, 0x84, 0x8B, 0xCB, 0xF9, 0xC1, 0x95, 0x77, 0xF1, 0xE4, 0x92,
    0x86, 0xBC, 0xAD, 0x26, 0x0E, 0xC6, 0x29, 0x2F, 0xE8, 0x6B, 0xE8, 0xC8, 0x25, 0xBB, 0x5C, 0x94,
    0xDE, 0x05, 0xEA, 0x23, 0xF5, 0xEA, 0x53, 0x3A, 0xF5, 0xCC, 0xCB, 0x45, 0x24, 0x06, 0xB2, 0x40,
    0x3C, 0x0D, 0xD4, 0x4D, 0x21, 0x54, 0xCD, 0xD8, 0x44, 0x5A, 0x93, 0x45, 0x22, 0xCC, 0x91, 0x54,
    0x7A, 0xAD, 0x02, 0xCC, 0xA8, 0x9D, 0x4B, 0x03, 0x56, 0x1A, 0xD2, 0x97, 0x2F, 0x10, 0xD5, 0x4F,
    0xE1, 0x65, 0xAE, 0xE5, 0xEE, 0xB9, 0x0B, 0xD1, 0xB8, 0xC4, 0x01, 0xE7, 0xE1, 0xEA, 0x0E, 0x91,
    0x03, 0x79, 0x5B, 0x7E, 0x7A, 0x65, 0xB3, 0xC2, 0xCB, 0x41, 0x1F, 0x8E, 0xF1, 0x3A, 0x1B, 0xB3,
    0x21, 0x5D, 0xFF, 0x7B, 0x6F, 0xD6, 0x0D, 0x23, 0x80, 0xB0, 0x51, 0xFC, 0xE9, 0xAF, 0x57, 0xC7,
    0x32, 0x3B, 0xC7, 0x83, 0x12, 0x2E, 0xCD, 0xF0, 0xEB, 0xB3, 0x8C, 0xD8, 0x4E, 0x05, 0xE6, 0xC2,
    0xCC, 0xCA, 0x25, 0xBA, 0x1D, 0x26, 0x03, 0xD0, 0xD9, 0x1B, 0x81, 0xCA, 0xE7, 0x58, 0x6F, 0x71,
    0x7E, 0xA1, 0xC0, 0xCB, 0x51, 0x40, 0xFC, 0xD8, 0xE6, 0xB1, 0xFD, 0x14, 0xEC, 0xF8, 0xAF, 0x07,
    0x32, 0xEE, 0xBF, 0x4D, 0x96, 0x08, 0xB3, 0xB2, 0x0C, 0xF9, 0xDA, 0x1D, 0xC9, 0x80, 0x7E, 0x2B,
    0xBD, 0xB7, 0xC8, 0x03, 0xCC, 0x99, 0xBD, 0x0B, 0xE5, 0x49, 0x3F, 0x24, 0x9D, 0x1B, 0xFE, 0x37,
    0x9C, 0xEB, 0xFA, 0x6E, 0x6A, 0xCD, 0x81, 0xBA, 0x54, 0x1A, 0xB2, 0x8B, 0x4B, 0x0D, 0xF1, 0xB7,
    0x99, 0x96, 0xD7, 0xA8, 0x19, 0x5B, 0xE8, 0x9A, 0xD2, 0xF2, 0x39, 0xD9, 0x07, 0x3C, 0x01, 0x95,
    0xB0, 0x92, 0xA3, 0x94, 0x1D, 0x11, 0xFC, 0x27, 0xE6, 0xF0, 0xA0, 0x75, 0xC5, 0x09, 0x9A, 0x8C,
    0xD9, 0xE1, 0xA8, 0xCA, 0x96, 0x30, 0xD8, 0x13, 0x06, 0x9B, 0xC2, 0x70, 0x57, 0x70, 0x5B, 0x30,
    0x32, 0x4E, 0xE3, 0x9D, 0xB1, 0x14, 0xCD, 0xC2, 0xAE, 0x76, 0x64, 0x6A, 0x8E, 0xA5, 0x6B, 0x66,
    0xBA, 0x30, 0x00, 0xF1, 0xEB, 0x25, 0x73, 0xF1, 0x0C, 0x22, 0xCA, 0x30, 0x69, 0xB3, 0x90, 0xC3,
    0xE2, 0x99, 0x1B, 0xAF, 0x8D, 0x39, 0x2A, 0xB0, 0x57, 0x26, 0xF9, 0x56, 0x58, 0x30, 0xC3, 0x58,
    0x6B, 0x34, 0x03, 0x06, 0x74, 0x8D, 0x71, 0xAE, 0x29, 0x79, 0x18, 0xEA, 0x0F, 0x12, 0xD5, 0x59,
    0xCF, 0x81, 0xAE, 0xB2, 0x9B, 0x3C, 0x29, 0xBA, 0x64, 0xBE, 0xCB, 0x2C, 0xBF, 0xCC, 0x7A, 0xA0,
    0x65, 0x33, 0x8A, 0xDE, 0x12, 0xEA, 0x15, 0x79, 0x82, 0x9C, 0x0C, 0xEA, 0x60, 0x5C, 0x5D, 0xCB,
    0x15, 0x65, 0x53, 0xA4, 0xEC, 0xFD, 0x63, 0xC2, 0xE4, 0xF5, 0x6D, 0x61, 0x12, 0x31, 0x7F, 0x5D,
    0x9B, 0x31, 0x6E, 0x51, 0xA4, 0x1B, 0xAC, 0xFC, 0x96, 0xC2, 0xA3, 0x77, 0x25, 0x5C, 0x10, 0xBE,
    0xE4, 0x00, 0x57, 0x57, 0x21, 0x23, 0x9E, 0x63, 0xA5, 0x4E, 0x66, 0x20, 0xEA, 0xB3, 0x8F, 0xC4,
    0xA6, 0x96, 0xF5, 0x86, 0x6A, 0xC0, 0x1D, 0x4E, 0x82, 0x3A, 0xC1, 0x42, 0x0E, 0xC2, 0x16, 0x98,
    0xF5, 0x88, 0xD4, 0xFC, 0xC3, 0xA9, 0x01, 0x27, 0x76, 0x95, 0x1B, 0xA2, 0x64, 0xBC, 0x07, 0x9D,
    0x09, 0x1B, 0xF1, 0x1F, 0xF2, 0x2B, 0xC2, 0x55, 0x89, 0xEC, 0xB8, 0x17, 0x7E, 0x1E, 0x60, 0x4E,
    0xC7, 0xD2, 0x61, 0x7B, 0xAB, 0x13, 0xF3, 0x37, 0x66, 0x4A, 0x4A, 0xAA, 0x6C, 0x5C, 0xB9, 0xC6,
    0xBB, 0xDA, 0xCD, 0x47, 0x58, 0x9F, 0xE0, 0xFA, 0xDF, 0x71, 0x27, 0x6A, 0x1B, 0x27, 0x33, 0x53,
    0x47, 0x06, 0x79, 0xBF, 0x9C, 0x68, 0x8D, 0x01, 0x96, 0x7F, 0x0E, 0x73, 0x10, 0x16, 0xDA, 0x47,
    0x09, 0x59, 0x72, 0xBF, 0x74, 0x11, 0xDD, 0xA0, 0x3F, 0x5D, 0xDB, 0xEB, 0x3C, 0xF8, 0x39, 0xC6,
    0x66, 0x8A, 0x4A, 0x71, 0x10, 0x83, 0xAF, 0x51, 0xE1, 0xF5, 0xA0, 0x7B, 0x94, 0x8C, 0x8A, 0x34,
    0x60, 0x28, 0x97, 0x08, 0xA4, 0x06, 0x98, 0x1A, 0x80, 0xEA, 0xE4, 0x51, 0x3F, 0xD7, 0x4C, 0xD2,
    0xDC, 0xA1, 0xB0, 0x26, 0xB4, 0xBA, 0x9A, 0xC2, 0x10, 0x5D, 0xAD, 0x91, 0x53, 0x1B, 0x4B, 0x00,
    0x26, 0xC2, 0x0A, 0x31, 0xEB, 0xC7, 0x5B, 0xDA, 0x72, 0xA8, 0xAF, 0xAF, 0xA3, 0x66, 0x5F, 0xA4,
    0x6F, 0x54, 0xDF, 0x60, 0x7B, 0x08, 0xDB, 0xB6, 0xEE, 0x65, 0x29, 0x51, 0xE9, 0x66, 0xB8, 0x23,
    0xB5, 0xBF, 0x7E, 0xDC, 0xD4, 0x7E, 0xF4, 0xB0, 0xD4, 0xFE, 0x26, 0xC9, 0xA0, 0x3A, 0x22, 0x51,
    0xE5, 0xC3, 0x87, 0x03, 0x98, 0xBF, 0x65, 0xFB, 0xD6, 0x42, 0x61, 0x69, 0x8A, 0xD8, 0xDB, 0x1C,
    0x26, 0xF0, 0xDF, 0xEF, 0x36, 0x4F, 0x0C, 0xC0, 0x37, 0x10, 0xB9, 0xB8, 0x2A, 0x54, 0xE3, 0xE5,
    0x82, 0xAC, 0x31, 0x86, 0x8D, 0x9A, 0x1E, 0xCB, 0xA8, 0x54, 0x3B, 0x32, 0x83, 0x53, 0x95, 0xCB,
    0xEA, 0x1C, 0xA3, 0x2B, 0x61, 0x77, 0x9B, 0x71, 0x15, 0xC0, 0x45, 0x6D, 0x80, 0xC1, 0x6B, 0x0D,
    0x26, 0x93, 0x06, 0x37, 0xA7, 0x52, 0x13, 0x51, 0xBD, 0x07, 0xD3, 0xB1, 0x01, 0x1E, 0x43, 0x0C,
    0x5A, 0x8A, 0xFE, 0x9E, 0xCA, 0xA1, 0xA8, 0x36, 0x81, 0xAE, 0xE8, 0xD8, 0x11, 0x9B, 0x53, 0x4D,
    0x05, 0x0D, 0x67, 0x4C, 0xF9, 0xA7, 0x81, 0xEF, 0xB0, 0xEE, 0x4C, 0x74, 0x57, 0xDC, 0x84, 0x8F,
    0x6A, 0x93, 0xE4, 0x4C, 0xD3, 0xBC, 0x29, 0x7F, 0x93, 0xE1, 0xEF, 0x8E, 0x4E, 0x66, 0x5A, 0x4F,
    0x24, 0xBC, 0x66, 0xDB, 0xF2, 0x22, 0xAA, 0x69, 0x4C, 0x72, 0xAF, 0x35, 0x08, 0x92, 0x25, 0x23,
    0xCF, 0xEF, 0xE9, 0xF4, 0xA8, 0x47, 0xD7, 0x3E, 0xBA, 0xDB, 0xC5, 0x3F, 0x62, 0x5B, 0xB6, 0x09,
    0x4B, 0xA4, 0xEA, 0xF0, 0x44, 0x11, 0x29, 0xEA, 0xDC, 0x2A, 0xDB, 0xA1, 0xAA, 0xAF, 0xB2, 0x8D,
    0x8B, 0x20, 0x4D, 0x5D, 0x4F, 0x9E, 0x60, 0x41, 0x65, 0x4B, 0x0C, 0x84, 0x33, 0x58, 0xC7, 0xD7,
    0x68, 0x57, 0x6B, 0x11, 0x65, 0xAD, 0x45, 0x7C, 0xB5, 0x5A, 0xBC, 0x25, 0xB5, 0x79, 0x9C, 0x6B,
    0x01, 0xA5, 0x2B, 0xDE, 0x71, 0xF5, 0x7B, 0xDA, 0xED, 0x2B, 0x2B, 0x5D, 0xD1, 0xC4, 0xE9, 0xA1,
    0x7E, 0xD9, 0xEB, 0x79, 0x8D, 0x8E, 0xD6, 0x1F, 0x96, 0x99, 0xAC, 0x5D, 0x55, 0x02, 0x03, 0x28,
    0xBE, 0xAB, 0x9B, 0x4C, 0x5D, 0xE0, 0x22, 0x2B, 0x21, 0x52, 0x6D, 0x2B, 0xDC, 0xED, 0x7F, 0xD5,
    0x23, 0x8E, 0x9B, 0xC3, 0x93, 0x0A, 0x5D, 0x06, 0x63, 0xF1, 0x08, 0x00, 0x04, 0x96, 0x45, 0xE4,
    0x20, 0x4C, 0x65, 0x81, 0xE1, 0x9B, 0x96, 0x93, 0x1F, 0x39, 0xE9, 0x35, 0xE7, 0x3C, 0xB8, 0x18,
    0x68, 0xC2, 0x18, 0x28, 0xA2, 0x9F, 0x2B, 0x7A, 0x79, 0x27, 0x62, 0xA0, 0x91, 0x8B, 0x81, 0xFA,
    0xA3, 0x2F, 0x6D, 0xBC, 0x8E, 0xF2, 0xB8, 0x3B, 0x5C, 0xEF, 0xA3, 0x7A, 0x56, 0xA6, 0x17, 0xDB,
    0x52, 0xE6, 0x10, 0x0C, 0x9A, 0x0F, 0x9E, 0x9F, 0x7E, 0x32, 0x3E, 0xC4, 0x74, 0x3E, 0xAB, 0xD0,
    0xEB, 0x93, 0x4F, 0x1E, 0x5E, 0x87, 0xF2, 0x2C, 0x41, 0x9F, 0x9F, 0x8B, 0xC2, 0xD4, 0x41, 0xF6,
    0xDE, 0xB0, 0xF5, 0x5C, 0x94, 0xFC, 0x39, 0x21, 0x81, 0x47, 0xF3, 0x4E, 0x26, 0x80, 0xA3, 0x51,
    0x2D, 0xC5, 0x76, 0xEF, 0xCE, 0xCA, 0xEE, 0x28, 0xD2, 0x7A, 0xE6, 0x44, 0x71, 0xC1, 0x03, 0x6F,
    0x8A, 0x37, 0x69, 0x4A, 0xB1, 0x64, 0x54, 0x3A, 0x2C, 0xF5, 0x7F, 0xF7, 0xB4, 0x73, 0x4C, 0x55,
    0x3D, 0x37, 0x9B, 0x45, 0x53, 0xCA, 0x7C, 0x76, 0x89, 0xD9, 0xA7, 0x43, 0xB9, 0x17, 0x6C, 0xDA,
    0x2B, 0x7C, 0x90, 0x09, 0xF3, 0x42, 0x5A, 0xF5, 0xF8, 0xAC, 0x29, 0x95, 0xAA, 0x85, 0x50, 0x51,
    0xBD, 0x79, 0x23, 0x75, 0x9A, 0x3E, 0xFA, 0x43, 0x70, 0xE3, 0x66, 0x4A, 0xD4, 0x7A, 0xD0, 0xE8,
    0xE6, 0xD9, 0xA6, 0x8D, 0xB9, 0x9D, 0x30, 0x9E, 0x80, 0x1B, 0x05, 0x7D, 0x65, 0x5C, 0x21, 0x98,
    0x89, 0xBF, 0xA0, 0xCB, 0xA9, 0xC7, 0xD3, 0xE8, 0x6B, 0x5E, 0xFA, 0xC5, 0xB3, 0xA6, 0xCD, 0xB3,
    0xC7, 0xF8, 0xC6, 0x43, 0x31, 0x36, 0xDB, 0x18, 0x0F, 0x8A, 0xB1, 0xCB, 0xF0, 0xE9, 0x86, 0x8E,
    0x94, 0x5B, 0x5E, 0xDF, 0x7A, 0xE4, 0x90, 0x9E, 0x77, 0x99, 0x8E, 0x2C, 0x1D, 0xB9, 0x27, 0x0F,
    0x69, 0x9C, 0x25, 0xE9, 0xCC, 0x22, 0x1B, 0x25, 0xC3, 0xA5, 0x04, 0x3B, 0x9B, 0xC0, 0x8E, 0x4E,
    0x80, 0x1D, 0xB3, 0x72, 0x09, 0x09, 0xCC, 0x19, 0xF2, 0x9C, 0x90, 0x4F, 0x59, 0x42, 0x4D, 0x12,
    0xC6, 0x78, 0x62, 0x91, 0xFC, 0x61, 0xB8, 0x0E, 0xF2, 0xB8, 0xBD, 0xBC, 0x16, 0xBF, 0xE2, 0x2F,
    0x2B, 0x7B, 0x88, 0x42, 0x45, 0x99, 0x72, 0xA0, 0x8B, 0x99, 0x2C, 0xE8, 0xB7, 0xCD, 0xE6, 0x81,
    0x42, 0x0F, 0x39, 0x81, 0x6B, 0xDC, 0x09, 0xDC, 0x7A, 0x2B, 0x0D, 0xEF, 0xEA, 0x7E, 0xA7, 0xD2,
    0x5F, 0xC6, 0x3E, 0x8A, 0xE9, 0x00, 0x8C, 0x3B, 0x19, 0xFB, 0x0A, 0xE4, 0xF8, 0x32, 0x7E, 0x34,
    0x88, 0x35, 0x1B, 0xD8, 0x31, 0xB3, 0x7D, 0x6A, 0xC7, 0xC0, 0xAE, 0x21, 0x3B, 0x50, 0xFF, 0xA9,
    0xC7, 0x8F, 0x80, 0x9E, 0x7C, 0x40, 0x3C, 0x77, 0x4F, 0x8F, 0x25, 0xE5, 0x40, 0x70, 0x64, 0x1D,
    0xE3, 0x8A, 0x98, 0x88, 0x27, 0xA3, 0x9C, 0x98, 0x32, 0xD5, 0x68, 0xCD, 0xE5, 0xB4, 0x0E, 0x18,
    0xEC, 0xDE, 0x4B, 0xEA, 0x88, 0x87, 0x23, 0x6E, 0x27, 0x75, 0x4C, 0x01, 0xDB, 0xC5, 0x35, 0x74,
    0x64, 0xE5, 0xB7, 0x71, 0x03, 0xE7, 0xA9, 0x08, 0xEA, 0xB8, 0xC1, 0x4A, 0x8B, 0xA8, 0x8C, 0x5B,
    0x66, 0x37, 0x62, 0x13, 0x7D, 0xCD, 0x4A, 0xF4, 0xD7, 0x4D, 0xF4, 0x3D, 0x1D, 0xBB, 0x1B, 0x26,
    0xFC, 0x9E, 0xD6, 0xE5, 0x6D, 0x13, 0x3C, 0xC8, 0x35, 0x2E, 0xA3, 0x71, 0x62, 0x7C, 0x18, 0x5D,
    0x2C, 0x5C, 0x2D, 0xE7, 0xB4, 0x76, 0xC6, 0x73, 0x9A, 0x3B, 0xC0, 0xD2, 0x39, 0x5C, 0xB8, 0x39,
    0x4D, 0x3B, 0x99, 0x6B, 0x4E, 0xF0, 0x07, 0x0F, 0xF4, 0x82, 0xE8, 0xEE, 0xCA, 0xE5, 0xAE, 0x0F,
    0x1D, 0x09, 0x2E, 0xBB, 0x63, 0x41, 0xE7, 0x77, 0xD4, 0x4A, 0xC8, 0x78, 0xBF, 0x97, 0x4B, 0x23,
    0x66, 0xEE, 0xAB, 0x3C, 0x61, 0x49, 0x5B, 0x95, 0xEF, 0x15, 0xA0, 0x7F, 0x65, 0x3E, 0xCC, 0x72,
    0xB1, 0x8D, 0x8F, 0xC0, 0xCD, 0xF1, 0x4A, 0xF9, 0x38, 0x75, 0x7D, 0xC6, 0x23, 0xC5, 0x69, 0xF9,
    0x1F, 0x3D, 0x72, 0xB4, 0x69, 0xF9, 0x67, 0xE6, 0x62, 0xD3, 0x8F, 0xBE, 0xE9, 0x21, 0x99, 0x93,
    0x2F, 0xEE, 0xF5, 0x10, 0x11, 0xC9, 0x97, 0x57, 0x7B, 0x60, 0x94, 0xFC, 0x97, 0x3F, 0x30, 0xFE,
    0x34, 0x78, 0x23, 0x03, 0x58, 0xBD, 0xA7, 0x4F, 0xA5, 0xE8, 0xF4, 0x0C, 0x9E, 0xCB, 0x38, 0x63,
    0x53, 0xAD, 0xDC, 0x43, 0x0F, 0xDC, 0x31, 0xAF, 0x7D, 0x33, 0x27, 0xDD, 0x98, 0x6A, 0x36, 0xE9,
    0xD5, 0x15, 0xCB, 0xAB, 0x6F, 0x4E, 0xC7, 0x2E, 0x27, 0x1E, 0x20, 0x03, 0x48, 0xCB, 0x13, 0x27,
    0x09, 0xE9, 0xBE, 0xC7, 0x38, 0xE8, 0x6D, 0x32, 0x19, 0xF6, 0x1D, 0x69, 0x9A, 0x36, 0xC8, 0x16,
    0x27, 0x6D, 0xCC, 0xF1, 0xB1, 0xA3, 0xA2, 0xD5, 0x75, 0x46, 0x62, 0x99, 0x5B, 0x1D, 0x9B, 0xD9,
    0xAF, 0xF3, 0x1E, 0x52, 0xDB, 0xF5, 0x18, 0xCE, 0x8E, 0x3E, 0x3F, 0x2C, 0x9A, 0x9E, 0x22, 0xE6,
    0x4E, 0x86, 0x0D, 0xB3, 0x77, 0x6D, 0x12, 0x6A, 0xEA, 0x03, 0x72, 0xF4, 0x2A, 0xE0, 0xB3, 0xCA,
    0x68, 0x8E, 0x1C, 0x2B, 0xFB, 0x26, 0x89, 0x56, 0x78, 0x50, 0x1A, 0x92, 0xC7, 0x16, 0x03, 0xED,
    0x55, 0x18, 0x08, 0xA4, 0xE9, 0xCC, 0x45, 0x21, 0x0C, 0x8F, 0xF8, 0xC4, 0x0C, 0x93, 0x23, 0x0D,
    0x91, 0x96, 0x3C, 0x9B, 0x56, 0xDF, 0x60, 0x74, 0xF0, 0xF6, 0xFC, 0x00, 0x96, 0xF8, 0x1E, 0x81,
    0xFF, 0x82, 0xB0, 0xFF, 0x81, 0xCF, 0x5D, 0xF9, 0x23, 0xA7, 0xF3, 0x3F, 0x1B, 0x1D, 0xEA, 0x1E,
    0x21, 0xD2, 0xA8, 0x7D, 0xB1, 0xE1, 0xB6, 0xCD, 0x49, 0xFA, 0xEC, 0x7D, 0xCD, 0xCA, 0xB1, 0xAA,
    0x58, 0xB9, 0xB5, 0x99, 0x84, 0xD1, 0x01, 0xE3, 0x02, 0x88, 0xED, 0xB3, 0x15, 0x8A, 0xDE, 0xD9,
    0x59, 0x66, 0x72, 0xBA, 0x29, 0xC5, 0x80, 0xB6, 0xCF, 0x3B, 0xC5, 0x6B, 0x33, 0x1D, 0x64, 0xD7,
    0x5B, 0xFB, 0xC7, 0x13, 0xA6, 0x05, 0x4F, 0x69, 0x55, 0x7C, 0x44, 0xCB, 0x11, 0x65, 0xD7, 0xC0,
    0x25, 0x4C, 0x07, 0xF5, 0x45, 0x2A, 0x0A, 0x55, 0x15, 0x5C, 0x15, 0xCC, 0x5A, 0xC9, 0x43, 0xFC,
    0x74, 0x10, 0x0D, 0x9D, 0xC4, 0x8F, 0xF1, 0x63, 0xE3, 0x62, 0x2E, 0x29, 0x97, 0x9B, 0x71, 0x41,
    0xFB, 0xFC, 0xF1, 0x88, 0x54, 0x58, 0x2F, 0xA6, 0xB3, 0x29, 0x41, 0xE3, 0x82, 0x35, 0xF8, 0xDB,
    0x4E, 0x01, 0xE3, 0x6C, 0x26, 0xEA, 0x2D, 0x34, 0xBF, 0xDF, 0x9C, 0x30, 0x7C, 0xDB, 0x54, 0xA3,
    0x41, 0xC9, 0xFC, 0x6A, 0xE5, 0xFF, 0x9F, 0x60, 0x12, 0xB4, 0xA1, 0x2D, 0x85, 0x3D, 0x2F, 0x43,
    0x17, 0x8A, 0xEC, 0x62, 0x45, 0x8F, 0x96, 0x20, 0xBD, 0x3D, 0x9F, 0x63, 0xA0, 0xFF, 0x0E, 0x2D,
    0xB9, 0x07, 0xBD, 0x22, 0xEA, 0xB7, 0x11, 0xD1, 0x16, 0xD6, 0x71, 0xB1, 0x8A, 0xEA, 0x54, 0xD4,
    0x9B, 0xD9, 0x47, 0xBA, 0xEC, 0xA2, 0x2B, 0x16, 0x4C, 0x17, 0xA9, 0x32, 0xBB, 0x78, 0x5A, 0xD4,
    0xFE, 0x99, 0xC2, 0xF6, 0xE6, 0x14, 0x0C, 0xF1, 0x36, 0xA7, 0xA9, 0x1E, 0x72, 0x84, 0xF8, 0xA9,
    0xC0, 0x7A, 0x8E, 0x07, 0x62, 0x2F, 0xB3, 0xC0, 0x5F, 0x8F, 0x84, 0xAA, 0x46, 0x50, 0x39, 0x7B,
    0xC2, 0x2F, 0x38, 0xD5, 0xE0, 0x52, 0x57, 0x5D, 0x07, 0x83, 0xEE, 0xA3, 0x12, 0x3C, 0xF9, 0x00,
    0x71, 0x1B, 0x04, 0x59, 0x43, 0x3B, 0xEF, 0xE3, 0xEE, 0xA9, 0x23, 0x3C, 0x3B, 0x86, 0x47, 0xFA,
    0x40, 0x86, 0x8E, 0xF6, 0x4E, 0xD4, 0x30, 0x40, 0xE8, 0x2C, 0x13, 0x97, 0x07, 0xCE, 0xCC, 0xB2,
    0x2C, 0xEB, 0x68, 0xAB, 0xE8, 0x6E, 0x58, 0x76, 0x7A, 0x5A, 0x79, 0xAA, 0x4D, 0xF4, 0x5D, 0xA5,
    0xD7, 0x56, 0x2E, 0x70, 0xBB, 0x73, 0xA7, 0x52, 0x5C, 0x34, 0x2F, 0x6E, 0x16, 0x95, 0x82, 0xC7,
    0xBA, 0xA4, 0x5C, 0xE6, 0xDB, 0xB2, 0xAD, 0x89, 0xB9, 0xEE, 0x40, 0xBB, 0x3B, 0x5B, 0x33, 0xEA,
    0x35, 0x4B, 0xA5, 0xB6, 0xD9, 0x97, 0xF5, 0x54, 0x19, 0xB8, 0x49, 0x68, 0xFF, 0x3F, 0xE5, 0x58,
    0xBD, 0x92, 0xDC, 0x44, 0x10, 0x6E, 0x49, 0x80, 0x0C, 0xAA, 0x42, 0x0E, 0x0C, 0x45, 0xE1, 0x40,
    0x0E, 0xC8, 0x5C, 0x9C, 0x5E, 0x60, 0x6F, 0xA5, 0x72, 0x4A, 0x00, 0x8F, 0xC0, 0x1B, 0x38, 0x75,
    0x60, 0x9F, 0x54, 0xF0, 0x00, 0xF6, 0xA3, 0x38, 0x70, 0xE0, 0xE0, 0x7C, 0x12, 0x10, 0x10, 0x10,
    0xA0, 0x37, 0x40, 0x45, 0x39, 0x23, 0xB0, 0x02, 0x05, 0xA2, 0x58, 0x69, 0xE8, 0xEF, 0xEB, 0xD9,
    0xBF, 0xBB, 0x03, 0x8A, 0x82, 0x2A, 0x70, 0x59, 0xF6, 0x76, 0xDB, 0xDA, 0xD9, 0x99, 0xFE, 0xF9,
    0xFA, 0x9B, 0xE9, 0x11, 0xD1, 0x27, 0xEA, 0x20, 0x25, 0x19, 0xA8, 0xE2, 0x9E, 0x2A, 0x52, 0x95,
    0xB8, 0x2E, 0x6A, 0x45, 0x1A, 0x37, 0xC7, 0xB5, 0xC4, 0x73, 0xE0, 0x3E, 0x17, 0xC9, 0x7A, 0xC9,
    0x37, 0x22, 0x55, 0x29, 0xA9, 0x8E, 0x5F, 0x74, 0xFC, 0x28, 0x91, 0xBE, 0xD0, 0x8F, 0xFE, 0x0B,
    0x0A, 0xEF, 0x43, 0x55, 0x3A, 0x41, 0x38, 0x4B, 0xDE, 0x52, 0x15, 0x07, 0x6A, 0x23, 0x45, 0xCD,
    0x91, 0x5E, 0x55, 0x7B, 0x15, 0x4F, 0x54, 0x6A, 0x0A, 0xBE, 0xD3, 0x99, 0xF0, 0x83, 0xAC, 0xA3,
    0xD2, 0x4F, 0xAE, 0x96, 0x36, 0x7C, 0x1F, 0xCC, 0x1C, 0x9C, 0xE8, 0x92, 0xA1, 0x2B, 0x2B, 0x78,
    0x50, 0xB9, 0x85, 0x6E, 0x38, 0x73, 0x40, 0x64, 0x0D, 0x51, 0xED, 0x04, 0xFF, 0x7B, 0xAA, 0xC3,
    0xBB, 0x95, 0xE4, 0x6E, 0x1A, 0xC4, 0xDD, 0x73, 0xAD, 0x1A, 0xD3, 0x48, 0x8C, 0xE5, 0x52, 0x5D,
    0xA5, 0x56, 0x6B, 0x8B, 0x56, 0x97, 0x2E, 0xEA, 0x42, 0x17, 0xAC, 0x75, 0xAD, 0xA2, 0x84, 0xC0,
    0xAA, 0x95, 0x38, 0x38, 0xAC, 0xFF, 0x52, 0x5B, 0x25, 0x1A, 0xF5, 0xFB, 0x44, 0x83, 0xD1, 0xAB,
    0xC1, 0x09, 0x96, 0x0E, 0x9A, 0xED, 0xC2, 0xF2, 0x91, 0xA9, 0x33, 0x53, 0x17, 0x47, 0xEA, 0x91,
    0xA9, 0x87, 0x94, 0xC1, 0xE0, 0xDC, 0xA4, 0x01, 0x2E, 0x1B, 0x37, 0x4A, 0x63, 0x91, 0x94, 0x61,
    0xA7, 0x26, 0x8C, 0xA0, 0x0A, 0x7B, 0x0B, 0x6F, 0xC7, 0x34, 0x69, 0x56, 0xBC, 0x42, 0xB0, 0xE3,
    0x96, 0xC1, 0x4E, 0x6A, 0x51, 0x1F, 0x24, 0xAD, 0x25, 0xD3, 0x68, 0xA5, 0x25, 0x43, 0x9F, 0x8A,
    0x85, 0x50, 0x18, 0xD0, 0xDC, 0xD4, 0x1A, 0x6E, 0x89, 0xAC, 0x98, 0x46, 0x39, 0xB7, 0x97, 0x13,
    0x47, 0x86, 0x3A, 0x5F, 0xD1, 0x8B, 0x3A, 0x26, 0xD9, 0x1C, 0x34, 0x98, 0xC1, 0x39, 0xF5, 0x5B,
    0xC3, 0xA6, 0x86, 0xEA, 0x93, 0xBB, 0x7A, 0xEB, 0xE5, 0x73, 0xCA, 0xCD, 0x15, 0x39, 0x9A, 0x67,
    0x90, 0x6A, 0xC9, 0x7D, 0xA2, 0xC0, 0x31, 0xC8, 0x8E, 0x66, 0x2F, 0x34, 0x77, 0xA6, 0xB5, 0x8A,
    0x93, 0x56, 0x82, 0x0D, 0x06, 0x6A, 0x2A, 0xD4, 0x62, 0x75, 0x36, 0xAF, 0x19, 0xDD, 0x52, 0x22,
    0xFD, 0x89, 0xE0, 0x87, 0x9A, 0x3F, 0xB5, 0x08, 0x99, 0xEF, 0x83, 0x25, 0xD0, 0x1F, 0x26, 0x73,
    0x5C, 0xA6, 0xFD, 0xA3, 0xF9, 0x44, 0xCD, 0x1B, 0x9C, 0x4E, 0xE2, 0x5A, 0xA7, 0x81, 0x9A, 0xE9,
    0x90, 0xC8, 0x5B, 0x12, 0x42, 0x9D, 0xC0, 0x6F, 0xFD, 0x51, 0x7B, 0x4E, 0x44, 0xFF, 0x46, 0x93,
    0x02, 0xD7, 0xCA, 0x0E, 0x13, 0x97, 0x1F, 0x73, 0x00, 0xE0, 0xC2, 0x0F, 0x4C, 0xC5, 0x84, 0x95,
    0xA4, 0xA6, 0x3E, 0x75, 0x54, 0x2B, 0x53, 0xCF, 0x1A, 0xAA, 0x81, 0x2A, 0xEC, 0xB8, 0x7A, 0x04,
    0x00, 0x21, 0xF2, 0x5B, 0x85, 0xF5, 0x56, 0xA6, 0x1E, 0x30, 0x29, 0xA2, 0x21, 0x6D, 0x61, 0x89,
    0x73, 0x1D, 0xB3, 0x98, 0xF9, 0xF4, 0xF5, 0x4C, 0x18, 0x72, 0x7A, 0x62, 0x6A, 0x65, 0xEA, 0xB9,
    0x55, 0xA7, 0xFE, 0x55, 0xC0, 0x57, 0x8A, 0x5A, 0xE7, 0x7A, 0x9D, 0x22, 0x72, 0xC0, 0xFA, 0x13,
    0xB9, 0x85, 0xAF, 0x74, 0xCC, 0x43, 0x66, 0x2F, 0x45, 0xBE, 0x61, 0x5E, 0x0A, 0x6F, 0x80, 0x1A,
    0x16, 0xF3, 0xE5, 0x27, 0xFF, 0xA5, 0x85, 0x05, 0x0A, 0xDE, 0xCE, 0xA1, 0x2E, 0x2A, 0x24, 0xAE,
    0x01, 0xD0, 0x16, 0x20, 0x4A, 0xD3, 0x53, 0x6B, 0x5E, 0x72, 0x96, 0x2B, 0xB2, 0x72, 0x86, 0xA4,
    0xBC, 0x40, 0x4E, 0x66, 0xA4, 0x64, 0x91, 0x6C, 0xB8, 0xE5, 0xA4, 0xEA, 0x1F, 0xB8, 0xAF, 0x5F,
    0xFD, 0xAC, 0x30, 0x7E, 0xEC, 0xDA, 0x62, 0x4E, 0x9C, 0xFA, 0x02, 0xBC, 0xBE, 0x2D, 0xA2, 0x0C,
    0x51, 0x27, 0x9A, 0xD0, 0x5E, 0x73, 0x18, 0x2C, 0xB0, 0x85, 0x05, 0x92, 0xD7, 0x87, 0x56, 0x14,
    0xA8, 0x9C, 0xC2, 0xE1, 0x5B, 0x46, 0x94, 0x62, 0xD9, 0xE6, 0x20, 0xC4, 0xFB, 0x68, 0x2F, 0x80,
    0xC0, 0x08, 0x0E, 0xC5, 0xC3, 0x96, 0xB0, 0xD2, 0xBD, 0xC0, 0xEC, 0x19, 0x98, 0x80, 0x31, 0x2E,
    0xF6, 0xA2, 0xDE, 0x0A, 0xE6, 0xA7, 0x21, 0x8A, 0x67, 0x2C, 0xAB, 0x42, 0x81, 0x52, 0xC7, 0x6D,
    0xD4, 0x45, 0xBD, 0x56, 0xCC, 0xA8, 0x15, 0xBB, 0xA0, 0x10, 0x06, 0xD9, 0x56, 0xCF, 0xEE, 0x79,
    0x4F, 0xE4, 0x1D, 0xB5, 0xAE, 0x50, 0xE3, 0xEE, 0xC2, 0xC0, 0xD9, 0xE0, 0xA2, 0x31, 0x92, 0x70,
    0x32, 0xDB, 0xA2, 0xC1, 0x3E, 0xB0, 0x0E, 0x15, 0xC4, 0x72, 0x6C, 0xEF, 0xE8, 0x67, 0x90, 0xEC,
    0x7B, 0x4D, 0xB3, 0x2B, 0xB5, 0xAA, 0xB6, 0x4C, 0x7B, 0x83, 0x20, 0xCD, 0x50, 0xA9, 0x92, 0xB4,
    0x2F, 0x88, 0x50, 0x96, 0x8E, 0x01, 0xF4, 0x00, 0x9F, 0x09, 0x60, 0x02, 0x1A, 0x16, 0xB2, 0x70,
    0x49, 0x12, 0xEE, 0x3C, 0x07, 0x93, 0x82, 0x8D, 0x81, 0x8D, 0x80, 0x8D, 0x7F, 0x8D, 0x7E, 0x8D,
    0x7D, 0x8B, 0xBD, 0xDC, 0x18, 0xE7, 0x9A, 0xAC, 0x76, 0x32, 0x9E, 0x8C, 0x76, 0x8D, 0x75, 0x8D,
    0x74, 0x8D, 0x73, 0x8D, 0x72, 0x8D, 0x71, 0x8D, 0x70, 0x3D, 0xDF, 0x1A, 0xDD, 0x1A, 0xDB, 0x22,
    0x88, 0x0A, 0x60, 0x45, 0x72, 0xD4, 0x65, 0xA5, 0x04, 0x23, 0xBC, 0x41, 0x20, 0x15, 0x1F, 0xDB,
    0x2C, 0x64, 0x57, 0x21, 0x18, 0xC2, 0xAF, 0x1C, 0xBC, 0xE2, 0xEE, 0x2D, 0xF2, 0xEF, 0x53, 0xF1,
    0x65, 0x1A, 0xD8, 0x5C, 0x43, 0x03, 0xCD, 0x15, 0xAB, 0x8C, 0x91, 0x07, 0x32, 0xB2, 0x6E, 0x80,
    0x7F, 0xC5, 0xC8, 0xBD, 0x51, 0x71, 0x77, 0x1D, 0x23, 0xB7, 0x7F, 0x93, 0x91, 0x4F, 0xFF, 0x09,
    0x23, 0xD7, 0xE0, 0x01, 0x23, 0x02, 0x39, 0x67, 0xC5, 0xAF, 0x41, 0x05, 0x92, 0xD3, 0x45, 0x92,
    0x81, 0x47, 0x9E, 0xDF, 0xF0, 0xF7, 0xCF, 0x3B, 0x22, 0x5F, 0xEA, 0x7C, 0x24, 0x5C, 0x32, 0xF5,
    0xDD, 0x3F, 0x67, 0xEA, 0x1D, 0x47, 0xD7, 0xFC, 0x49, 0xC9, 0xB4, 0x71, 0x76, 0x63, 0xEA, 0x0B,
    0x60, 0x3F, 0x5C, 0x42, 0x95, 0xE9, 0x9C, 0x94, 0xE9, 0x70, 0x3E, 0xAF, 0xC9, 0xD4, 0x93, 0xCA,
    0x5A, 0x21, 0x83, 0xED, 0x1E, 0xB5, 0x98, 0x92, 0x08, 0xB5, 0x30, 0x5C, 0x2D, 0x7F, 0xF0, 0x9C,
    0x49, 0x56, 0x92, 0x18, 0x88, 0x22, 0xAF, 0x5E, 0x20, 0x70, 0xD7, 0x3E, 0xAF, 0x6B, 0xF6, 0x72,
    0x37, 0x92, 0x0E, 0x87, 0xEB, 0x9C, 0x0A, 0x47, 0xCC, 0x13, 0x6D, 0x60, 0x79, 0x3C, 0xC5, 0xA4,
    0x9A, 0xE8, 0xDA, 0x91, 0xFF, 0x59, 0x26, 0xB9, 0xB4, 0xEC, 0xF9, 0xBD, 0xA9, 0xAD, 0xCA, 0x6C,
    0x27, 0x9D, 0x6C, 0x0B, 0x35, 0xDC, 0xA5, 0x6F, 0x52, 0x5E, 0x25, 0x60, 0x74, 0x92, 0x6E, 0x1F,
    0x00, 0x7A, 0x8A, 0x28, 0x0B, 0x27, 0xD5, 0xE7, 0xE9, 0x41, 0x8E, 0xE3, 0xFF, 0x73, 0x8E, 0xF9,
    0xBC, 0x2F, 0x11, 0x4F, 0x36, 0x35, 0x69, 0x35, 0x1A, 0xEC, 0xD0, 0xE4, 0x91, 0x5B, 0x19, 0xAD,
    0x7E, 0xFC, 0x26, 0xE5, 0xF8, 0xA6, 0xEE, 0x34, 0x38, 0xA4, 0xAD, 0x90, 0xD6, 0x90, 0x67, 0x91,
    0x9F, 0xE0, 0x69, 0x44, 0xF4, 0x07, 0x9B, 0xD7, 0xA9, 0x8E, 0xDF, 0xF5, 0x55, 0x6C, 0x69, 0xCC,
    0xED, 0xE0, 0x98, 0x8E, 0x66, 0xBE, 0xF7, 0xC4, 0x1F, 0x4D, 0x92, 0xF2, 0x0D, 0xCA, 0xF1, 0x0D,
    0xD9, 0x17, 0x2D, 0xCF, 0x92, 0x3E, 0x44, 0x09, 0x23, 0x14, 0x0E, 0xAF, 0x53, 0x1D, 0x87, 0x38,
    0x9C, 0x6B, 0x34, 0x71, 0x48, 0x08, 0xC7, 0x1C, 0xAF, 0x2E, 0xD8, 0xEB, 0x14, 0xE3, 0x01, 0x4D,
    0xD3, 0x44, 0xF7, 0x2B, 0x3B, 0x6B, 0x3D, 0xA8, 0x45, 0xAE, 0xBE, 0xAD, 0xC7, 0xD8, 0x11, 0x6B,
    0x6B, 0x91, 0xAB, 0x74, 0x74, 0x0D, 0x27, 0xCF, 0x9E, 0x7D, 0xF8, 0x93, 0xD4, 0x7A, 0xBE, 0x43,
    0x92, 0xB3, 0xA3, 0x6C, 0xBD, 0xDF, 0x11, 0x1A, 0xCD, 0x93, 0x5B, 0x28, 0x67, 0x95, 0x3A, 0x02,
    0xEF, 0x8B, 0x1A, 0x63, 0xAA, 0x12, 0xE3, 0x1B, 0x29, 0x3A, 0x00, 0x29, 0x1B, 0x20, 0x71, 0x6E,
    0x59, 0x50, 0x49, 0x68, 0x08, 0xDC, 0x4B, 0x40, 0x30, 0x67, 0x6A, 0x42, 0xB7, 0xC0, 0xF0, 0x3B,
    0xCC, 0x8C, 0xD5, 0xDE, 0x69, 0x00, 0xFB, 0xB3, 0xCF, 0x3A, 0x9E, 0x2C, 0xEA, 0x5D, 0xEF, 0x46,
    0x78, 0xF9, 0x8E, 0xF4, 0xF8, 0xC1, 0x65, 0xC7, 0xFD, 0x51, 0x57, 0x0A, 0xDD, 0xAC, 0xAB, 0xA6,
    0x7D, 0xB5, 0xC6, 0x0E, 0x86, 0xA5, 0x0B, 0x66, 0xA1, 0x42, 0xFC, 0x71, 0x00, 0x36, 0x59, 0x43,
    0x66, 0x04, 0x02, 0xA0, 0x90, 0x77, 0x1B, 0x2E, 0x85, 0x99, 0x4F, 0xB9, 0x20, 0x31, 0x13, 0x9A,
    0x9C, 0xED, 0x8C, 0xEB, 0x5E, 0x5A, 0xC7, 0x57, 0x32, 0x90, 0x9A, 0xC7, 0xFE, 0x43, 0xCD, 0x45,
    0xCA, 0xC3, 0xBB, 0xB5, 0xB7, 0x67, 0x04, 0xFA, 0x05, 0x21, 0xDD, 0x10, 0xBC, 0xD5, 0xD6, 0x51,
    0x64, 0x88, 0x39, 0xD8, 0x61, 0x6C, 0xDB, 0x96, 0x0A, 0x1A, 0x01, 0x2B, 0x47, 0x9F, 0xAF, 0x78,
    0x38, 0x6A, 0xCC, 0x2F, 0x3D, 0x05, 0x9A, 0x17, 0x87, 0xF6, 0xD1, 0x1F, 0x33, 0x70, 0xF2, 0x5A,
    0x61, 0x9A, 0x8E, 0xB7, 0x11, 0xA1, 0xB3, 0x46, 0x33, 0x7C, 0xA5, 0x41, 0x7C, 0xA6, 0xCB, 0xFC,
    0xB0, 0x61, 0xC7, 0x19, 0x7D, 0x37, 0x9B, 0xFE, 0xC6, 0x51, 0xC7, 0xB5, 0x2B, 0x03, 0xF6, 0xAB,
    0x55, 0x1B, 0xA2, 0xC9, 0x29, 0x8B, 0x0E, 0x07, 0xCA, 0x54, 0x13, 0x16, 0xB1, 0x02, 0xD3, 0x29,
    0x62, 0x09, 0x6A, 0x0D, 0xB4, 0x38, 0x7D, 0x87, 0x8B, 0xF6, 0xB6, 0xA8, 0x3E, 0x97, 0xD8, 0xAD,
    0x43, 0xF3, 0x98, 0x1D, 0xB1, 0x14, 0x3F, 0xDA, 0x45, 0x48, 0xEE, 0xCC, 0x68, 0xB6, 0xD8, 0xCF,
    0xD0, 0xE4, 0xD8, 0x2D, 0x82, 0xA7, 0x05, 0x32, 0x68, 0x81, 0x50, 0xE0, 0xE2, 0x09, 0x1A, 0xC9,
    0x8E, 0x6D, 0x47, 0x1D, 0x0E, 0x8E, 0xB5, 0xD3, 0x41, 0x0F, 0x6F, 0xF7, 0x2B, 0x27, 0x07, 0x07,
    0x8E, 0xF8, 0x4A, 0x07, 0x0C, 0x48, 0xDE, 0x76, 0xB1, 0x06, 0xA0, 0x5A, 0x30, 0xFF, 0x07, 0xCB,
    0x84, 0x9C, 0xBB, 0x16, 0x15, 0xB0, 0xF8, 0xCA, 0x4B, 0x59, 0x79, 0x5A, 0x7F, 0x5A, 0x79, 0xF9,
    0x75, 0x95, 0x97, 0xFA, 0xCA, 0x43, 0x47, 0xA8, 0x83, 0x37, 0x89, 0x0E, 0x0E, 0x36, 0xA7, 0xCA,
    0x0F, 0xA1, 0x43, 0xB1, 0xA2, 0xCB, 0x59, 0x97, 0x6C, 0x6A, 0xE5, 0xBE, 0x62, 0x36, 0x76, 0xFA,
    0x3A, 0x7B, 0xA9, 0xCC, 0x50, 0x60, 0xCE, 0x19, 0x62, 0x83, 0x79, 0xBD, 0x10, 0x3F, 0x96, 0xE9,
    0x65, 0x6E, 0x8B, 0x69, 0x7B, 0xFF, 0x10, 0xF1, 0xB8, 0xDC, 0xC0, 0xDD, 0x1C, 0x2F, 0x19, 0xA9,
    0xD0, 0x77, 0xCE, 0xB7, 0x58, 0x3B, 0x87, 0x62, 0x51, 0xFB, 0x42, 0x14, 0x7D, 0x06, 0x8A, 0x01,
    0xF6, 0x3C, 0x96, 0x8E, 0x9E, 0xB4, 0x3E, 0x6A, 0x97, 0xC9, 0x6B, 0xE4, 0xF6, 0x6C, 0x77, 0x42,
    0xF9, 0x82, 0x51, 0x66, 0xAB, 0xDE, 0xCA, 0x92, 0xF6, 0xE1, 0x14, 0x0F, 0xD1, 0x18, 0xF6, 0x68,
    0xC6, 0xC9, 0xDA, 0x8B, 0x2F, 0xF0, 0x1C, 0x08, 0xD9, 0xF8, 0x1E, 0xBE, 0xD2, 0x7D, 0xB1, 0xE0,
    0x9F, 0x0A, 0xF6, 0x7C, 0x35, 0xEB, 0x41, 0x7F, 0x54, 0xFF, 0x8F, 0xCF, 0xFA, 0x81, 0xCF, 0x74,
    0xE4, 0xBB, 0x68, 0x64, 0x9C, 0xC0, 0xAA, 0x6D, 0x37, 0xD2, 0x2A, 0xD0, 0x3A, 0x28, 0x20, 0xBB,
    0x42, 0xAD, 0x4B, 0xBA, 0xB5, 0x1A, 0x9A, 0xB4, 0x0F, 0x29, 0xCF, 0xD1, 0xFB, 0xB5, 0x93, 0xFA,
    0x98, 0xD4, 0xDB, 0x6E, 0xCE, 0x1D, 0x48, 0xBB, 0xB5, 0x99, 0xF7, 0xD7, 0x3A, 0xB6, 0x89, 0x45,
    0x87, 0x92, 0xB8, 0xE1, 0x45, 0x89, 0x47, 0x92, 0x49, 0xC3, 0x16, 0xAF, 0x15, 0xBC, 0xCC, 0x8C,
    0x59, 0xE0, 0x40, 0xE6, 0x7C, 0x03, 0x79, 0x15, 0x55, 0xFB, 0x2D, 0xC2, 0x4E, 0x4D, 0x45, 0xB9,
    0x07, 0xE1, 0x29, 0xE5, 0xE4, 0x1B, 0x36, 0xAE, 0xDB, 0xB2, 0xEE, 0xE9, 0x2E, 0x76, 0x52, 0x4D,
    0xDB, 0x5D, 0x5D, 0xA1, 0xC0, 0x2A, 0x17, 0x97, 0xEE, 0x19, 0xB6, 0x51, 0x1A, 0x2F, 0xDD, 0x33,
    0xF0, 0xAE, 0xE1, 0xA6, 0xA2, 0xEF, 0xA9, 0x64, 0xDF, 0xF6, 0x6A, 0x9B, 0xEE, 0x89, 0x0B, 0x2F,
    0x8B, 0x8E, 0xD9, 0xAE, 0xF3, 0x63, 0xFD, 0x07, 0x65, 0x9A, 0xD8, 0xFE, 0x28, 0x9F, 0xE8, 0xE7,
    0x77, 0x7D, 0x90, 0x31, 0x4E, 0xC3, 0x40, 0x10, 0x45, 0x9F, 0xBD, 0x20, 0x83, 0xB6, 0xD8, 0x86,
    0x82, 0xCE, 0x14, 0xB4, 0xE0, 0x26, 0x65, 0xE2, 0xDD, 0x23, 0x70, 0x84, 0x1C, 0x81, 0x92, 0x22,
    0xC4, 0x2B, 0x51, 0x72, 0x1D, 0x0A, 0x8A, 0x10, 0xAF, 0xC4, 0x05, 0xF6, 0x08, 0xBE, 0x01, 0x5B,
    0xB8, 0xB0, 0x84, 0x93, 0x65, 0x02, 0x3D, 0xFA, 0x33, 0xCD, 0x9F, 0x19, 0xCD, 0xFF, 0xBF, 0xA5,
    0xC3, 0xFA, 0x3A, 0xE8, 0xA8, 0x86, 0x22, 0xF1, 0xC6, 0x82, 0x49, 0xCD, 0x6A, 0xD2, 0xC9, 0x84,
    0xDA, 0xAD, 0x78, 0x62, 0x0D, 0xDA, 0x43, 0x13, 0xA0, 0x1B, 0x28, 0xBE, 0x13, 0x6A, 0x98, 0x31,
    0x32, 0x5B, 0x61, 0xB8, 0xE1, 0x1C, 0x35, 0x11, 0xCC, 0xB1, 0x0C, 0x77, 0xF6, 0xD5, 0x2D, 0xCC,
    0x91, 0x47, 0x21, 0xFA, 0x1C, 0x73, 0x0E, 0x57, 0x94, 0x6E, 0x49, 0xE5, 0x5B, 0x6A, 0x1A, 0xBF,
    0xC7, 0xE4, 0x99, 0x2A, 0x27, 0x8A, 0xEC, 0x31, 0xDE, 0x06, 0x1B, 0xAD, 0x7C, 0xB1, 0x3C, 0xF7,
    0x2E, 0x4B, 0xB5, 0xEC, 0xAE, 0x11, 0x36, 0x55, 0x09, 0x81, 0x8E, 0x86, 0xF2, 0x20, 0x47, 0xAE,
    0xD5, 0x61, 0xA9, 0x4E, 0xB5, 0x32, 0xBE, 0xC9, 0xE8, 0x09, 0xDE, 0x6B, 0x8A, 0xD9, 0x3A, 0x35,
    0xF5, 0xE8, 0x24, 0x4B, 0x9F, 0x23, 0xB6, 0x8A, 0x6C, 0x8C, 0xE3, 0xE6, 0x02, 0xD1, 0x75, 0xB9,
    0xE4, 0xBE, 0x61, 0x32, 0x2F, 0x49, 0x7F, 0x05, 0x95, 0x29, 0x67, 0x18, 0x29, 0x92, 0x1A, 0xD5,
    0x58, 0x26, 0x41, 0xAC, 0xFC, 0x56, 0xDC, 0x35, 0x74, 0xBE, 0x0F, 0xBD, 0xB7, 0x9C, 0x94, 0xD8,
    0xD0, 0x3B, 0x69, 0x61, 0x5B, 0xAA, 0x68, 0x92, 0x60, 0x50, 0x41, 0x8B, 0x83, 0x5B, 0x08, 0x65,
    0x50, 0x4E, 0x25, 0x76, 0x32, 0x6C, 0x1F, 0x3E, 0xBA, 0xC4, 0xBA, 0x88, 0x95, 0x33, 0x92, 0xC4,
    0x46, 0xC8, 0xFD, 0x59, 0x37, 0xD7, 0x43, 0xED, 0x1A, 0xEC, 0x2F, 0xB6, 0xEC, 0x39, 0xF0, 0x5F,
    0x06, 0x7F, 0x29, 0xFD, 0x00, 0xED, 0x5C, 0x3D, 0x8F, 0xE5, 0xD6, 0x79, 0x3E, 0x24, 0xA5, 0xA5,
    0xB1, 0x4C, 0x4C, 0x15, 0x76, 0x60, 0x78, 0x13, 0x33, 0x45, 0x0A, 0x47, 0xB2, 0x96, 0x8D, 0x0B,
    0x07, 0x99, 0x1D, 0x52, 0x76, 0xE1, 0xC2, 0x85, 0xDC, 0xA4, 0x49, 0x23, 0xFD, 0x03, 0xB9, 0x08,
    0x90, 0x2D, 0x76, 0x97, 0x94, 0x16, 0x70, 0xE3, 0x42, 0x5B, 0xE8, 0x07, 0xA8, 0x70, 0x61, 0xA8,
    0xB1, 0x8A, 0x2D, 0x16, 0xC8, 0xEC, 0x90, 0xD6, 0x02, 0x71, 0x21, 0x20, 0xA2, 0x23, 0x03, 0x69,
    0x82, 0x98, 0x51, 0x14, 0x27, 0x80, 0x0D, 0x98, 0x8E, 0x99, 0x88, 0x6B, 0xF1, 0xF2, 0xE4, 0x7D,
    0x9E, 0xF7, 0x1C, 0xDE, 0x7B, 0x67, 0x67, 0x3F, 0xE4, 0xAC, 0xA4, 0x95, 0x9C, 0xC1, 0xCC, 0x39,
    0x9C, 0x99, 0x4B, 0x9E, 0xF7, 0xBC, 0xDF, 0x5F, 0x87, 0xC6, 0xE4, 0x06, 0x5F, 0x45, 0x8B, 0x31,
    0x1F, 0x30, 0xC6, 0x33, 0xFF, 0xD4, 0x70, 0x4C, 0x4A, 0xB3, 0xF7, 0x55, 0x58, 0x6B, 0x67, 0x37,
    0x1A, 0x6B, 0xCC, 0xE4, 0xC7, 0xC5, 0x98, 0xD1, 0x04, 0x1B, 0x63, 0x06, 0x13, 0xCE, 0x18, 0x23,
    0x3E, 0x46, 0xC6, 0xAF, 0xC9, 0x38, 0x99, 0x8B, 0x1C, 0x47, 0x79, 0xFC, 0x28, 0xFF, 0x34, 0x89,
    0xB5, 0x32, 0xA6, 0x3A, 0x0E, 0x61, 0x2F, 0x63, 0x8F, 0x31, 0xEB, 0xC2, 0x4E, 0x00, 0x69, 0x83,
    0x1A, 0xA3, 0x03, 0x4D, 0xFE, 0x54, 0xD4, 0x26, 0x6A, 0x31, 0x26, 0xAD, 0xA9, 0x4A, 0x93, 0xB6,
    0x80, 0x2F, 0xAB, 0x73, 0x01, 0xC4, 0x96, 0x00, 0xC7, 0x02, 0xD8, 0x36, 0x96, 0x9B, 0xB3, 0x3E,
    0x95, 0x87, 0xE6, 0x1D, 0xC6, 0xB4, 0x4E, 0x5A, 0x73, 0xE7, 0xD7, 0x23, 0xBC, 0x0B, 0x5E, 0xB7,
    0x85, 0x8E, 0x72, 0x5B, 0xDA, 0x1E, 0xCA, 0x0D, 0x69, 0x7B, 0x59, 0x6E, 0x48, 0xEB, 0x23, 0xD3,
    0xC8, 0x38, 0xC9, 0x6D, 0x69, 0x49, 0x98, 0x8D, 0x1F, 0x17, 0x0C, 0x80, 0xDC, 0x98, 0xD0, 0xDA,
    0x77, 0x39, 0x5A, 0x40, 0x1E, 0xD8, 0x16, 0x30, 0x0B, 0x6D, 0x65, 0x14, 0x9C, 0x08, 0xE4, 0x89,
    0x7C, 0xCB, 0x85, 0xFE, 0xBA, 0x8E, 0xBD, 0x49, 0x26, 0x41, 0x1E, 0xFE, 0x9B, 0x77, 0xF8, 0xA3,
    0x40, 0x9E, 0xF5, 0x89, 0xDC, 0x5E, 0xB4, 0xB9, 0x8C, 0xB6, 0x7C, 0xFC, 0xAF, 0x4C, 0xCC, 0x15,
    0x9A, 0x11, 0x48, 0xB1, 0x35, 0x96, 0xBC, 0xA6, 0x28, 0x4D, 0xDB, 0x95, 0x8F, 0xB0, 0xA2, 0x71,
    0x9F, 0x94, 0x27, 0xC9, 0xD7, 0xD7, 0x4E, 0xC1, 0xFF, 0xE4, 0x46, 0x81, 0x3F, 0x1C, 0x39, 0x0E,
    0xD8, 0x85, 0x8C, 0xB2, 0x8B, 0x90, 0xF8, 0x0F, 0x15, 0xFF, 0xA5, 0xA7, 0xC2, 0xC4, 0x71, 0x24,
    0x93, 0x92, 0x55, 0x13, 0x8E, 0xE9, 0xEE, 0xD8, 0x63, 0xCC, 0xB8, 0x6A, 0xBE, 0x05, 0xC9, 0x8F,
    0xF5, 0x76, 0xAC, 0xCA, 0x95, 0xCB, 0x0B, 0xBB, 0xAC, 0xA3, 0x31, 0x67, 0x00, 0x94, 0xA9, 0xAC,
    0x6C, 0x2F, 0xB2, 0xE5, 0x0B, 0xBD, 0xC9, 0x06, 0x93, 0x74, 0xA6, 0x22, 0xD5, 0x16, 0x70, 0x19,
    0xC0, 0x11, 0x5E, 0x93, 0x05, 0x1F, 0x2F, 0x65, 0xD9, 0xB3, 0x5C, 0x30, 0xE3, 0x22, 0xE7, 0xF9,
    0xF8, 0x0B, 0xBC, 0x5F, 0x3E, 0xD5, 0xE8, 0x58, 0x9A, 0x23, 0x8E, 0x37, 0xD6, 0xB1, 0x36, 0xD7,
    0x0D, 0x1E, 0xE9, 0x40, 0xFB, 0xB2, 0x29, 0x04, 0xE4, 0xCB, 0x58, 0x4A, 0x3E, 0x9A, 0x0A, 0x00,
    0xB3, 0x89, 0x16, 0x13, 0xCC, 0x82, 0xCC, 0x5E, 0x88, 0x03, 0x5C, 0xF5, 0xA0, 0xE9, 0x6D, 0xDC,
    0xF1, 0xC2, 0x52, 0x9A, 0xD8, 0xDA, 0xD1, 0x64, 0xEF, 0xCA, 0xFF, 0x0A, 0xA0, 0x64, 0x83, 0x41,
    0xEE, 0x19, 0xFC, 0x20, 0x58, 0xE3, 0x76, 0x2C, 0xB6, 0x59, 0x01, 0x1F, 0x05, 0xB6, 0x95, 0x2E,
    0xA4, 0x1C, 0xB0, 0xD1, 0x00, 0x61, 0xF9, 0xE4, 0x49, 0x15, 0x5A, 0x65, 0xA6, 0xCF, 0x01, 0x29,
    0xC5, 0xEE, 0xB0, 0x98, 0x0A, 0xD4, 0xA8, 0x4A, 0x81, 0x4E, 0xE0, 0x68, 0x1D, 0x18, 0xC0, 0x57,
    0xE1, 0x04, 0x88, 0x3F, 0x8B, 0x32, 0x20, 0x04, 0x27, 0xF2, 0x3F, 0x93, 0x12, 0x0C, 0xB8, 0x4A,
    0x06, 0x25, 0x12, 0x7F, 0x7A, 0x25, 0x12, 0x48, 0x54, 0xF8, 0x9F, 0x5A, 0x7F, 0x40, 0x18, 0x21,
    0x4B, 0x6E, 0x37, 0xF2, 0x78, 0x79, 0x5E, 0xDC, 0x65, 0x22, 0x2A, 0x83, 0x7C, 0x44, 0x06, 0x10,
    0x21, 0x3F, 0x45, 0x9E, 0x17, 0xA3, 0xB0, 0x18, 0xBB, 0x8A, 0xC4, 0xE2, 0x05, 0x02, 0x00, 0x29,
    0x0B, 0xE9, 0x30, 0x79, 0x2E, 0x22, 0x13, 0x91, 0x87, 0xD2, 0xED, 0xD0, 0x7B, 0xFE, 0x21, 0xFB,
    0x14, 0xDB, 0xA1, 0xF6, 0x03, 0x39, 0x07, 0x8C, 0x03, 0x10, 0x15, 0x46, 0x12, 0xC8, 0xB3, 0xD0,
    0x3E, 0x08, 0xF7, 0x86, 0x23, 0x3E, 0x0D, 0x0E, 0x80, 0x90, 0x02, 0x84, 0xAC, 0xF5, 0x43, 0xBE,
    0x05, 0x01, 0xAB, 0x17, 0xE4, 0x60, 0x0C, 0xC7, 0x18, 0x28, 0x1E, 0xF2, 0xB8, 0xFC, 0xAA, 0xDC,
    0x5F, 0xBD, 0xDF, 0x82, 0xFD, 0x70, 0x27, 0x05, 0x46, 0x55, 0x4A, 0xED, 0x2F, 0xF8, 0xA7, 0xCB,
    0x4E, 0x08, 0xCC, 0x81, 0x93, 0x03, 0xB9, 0x50, 0x85, 0x6F, 0x2E, 0x39, 0x85, 0x22, 0x6C, 0xEA,
    0x2E, 0x46, 0xDD, 0x07, 0xD4, 0x21, 0xB7, 0x6A, 0x82, 0x21, 0x50, 0x1B, 0x11, 0xF6, 0xAA, 0x6B,
    0x44, 0xAB, 0x45, 0xFA, 0x68, 0xB9, 0x98, 0x42, 0xB0, 0x57, 0x52, 0xAB, 0xD2, 0x31, 0x29, 0xF6,
    0x88, 0x7D, 0x65, 0x4E, 0xE9, 0x88, 0x8C, 0x24, 0x54, 0x46, 0xB2, 0x66, 0xAA, 0x12, 0x7E, 0x84,
    0x3D, 0xE3, 0x5F, 0x03, 0xF6, 0x2D, 0x6A, 0x48, 0x24, 0x3F, 0x6B, 0xF9, 0xDF, 0x16, 0x5B, 0xCF,
    0xFB, 0xFC, 0xD9, 0x1A, 0x64, 0x68, 0xDA, 0x06, 0x68, 0x6E, 0x13, 0x6B, 0x9A, 0x19, 0x8A, 0x57,
    0x64, 0x35, 0xEF, 0xB1, 0x31, 0x11, 0x09, 0xA0, 0x3F, 0xA0, 0x2E, 0x06, 0x2F, 0x04, 0x94, 0x18,
    0x12, 0x22, 0x9E, 0xBC, 0xA2, 0x4C, 0x46, 0xAF, 0x2C, 0x55, 0x75, 0x80, 0x2E, 0xAA, 0x38, 0x40,
    0x1C, 0xBD, 0x02, 0x40, 0xAA, 0x46, 0x70, 0xA5, 0xAA, 0x04, 0xD0, 0xAA, 0x3A, 0x01, 0xC1, 0x72,
    0xA2, 0x33, 0xB6, 0xFC, 0x9A, 0x68, 0x06, 0x44, 0x2C, 0xCE, 0x59, 0x7D, 0x82, 0x10, 0xC8, 0x96,
    0xBC, 0x12, 0x02, 0x55, 0x2D, 0x9F, 0xD5, 0x90, 0x89, 0xF0, 0x2C, 0x4B, 0x9D, 0x88, 0x67, 0xE9,
    0x15, 0x78, 0x6B, 0xF1, 0x57, 0x00, 0xA7, 0xA0, 0x81, 0x00, 0x38, 0xD5, 0x7A, 0x65, 0xC9, 0x74,
    0x11, 0x75, 0x02, 0x34, 0x88, 0x5C, 0xBD, 0x30, 0x81, 0xFD, 0x02, 0xAC, 0xDC, 0x81, 0x07, 0x43,
    0x05, 0xE5, 0xE1, 0x98, 0x8F, 0x8D, 0x9A, 0x8F, 0x16, 0x0B, 0x55, 0xBD, 0x33, 0x1C, 0x32, 0x26,
    0x6A, 0x3E, 0x06, 0xF7, 0x9D, 0xEE, 0x7E, 0xF7, 0xF8, 0x86, 0x1E, 0xEC, 0x49, 0x31, 0xEE, 0x27,
    0x6F, 0x33, 0x6B, 0x9F, 0xB5, 0x8B, 0x40, 0xF5, 0xDC, 0xCA, 0x79, 0x5C, 0x43, 0x39, 0x2A, 0x55,
    0x7E, 0x2A, 0xFA, 0x2D, 0x0C, 0x30, 0x93, 0xFB, 0x5F, 0xCF, 0x53, 0xC4, 0xC4, 0x2B, 0xC9, 0x41,
    0xEC, 0x8D, 0x62, 0x63, 0xE6, 0xC7, 0x6F, 0x5F, 0x73, 0x26, 0x03, 0xA0, 0xC7, 0x2D, 0xA9, 0x88,
    0x9D, 0x09, 0xD8, 0xB9, 0x52, 0xED, 0xC0, 0x78, 0x8B, 0x2D, 0x90, 0x27, 0x58, 0x47, 0x88, 0x55,
    0x72, 0x5A, 0xD4, 0x6A, 0x50, 0xB8, 0xD3, 0xDE, 0x09, 0x1D, 0xD9, 0x22, 0xA3, 0x86, 0x17, 0xE8,
    0x29, 0xB1, 0x45, 0x1B, 0x2C, 0xAA, 0x04, 0xAC, 0xCA, 0x60, 0xA5, 0x4A, 0x0A, 0x37, 0x36, 0xA4,
    0x5C, 0x60, 0xAF, 0x99, 0xF4, 0xBF, 0x09, 0x66, 0x6A, 0xDB, 0x27, 0x5F, 0xFB, 0x81, 0xB3, 0x8D,
    0x47, 0x6E, 0x07, 0x4E, 0x8E, 0x40, 0x50, 0x7E, 0x65, 0x83, 0xCE, 0x4E, 0x8A, 0x20, 0x11, 0xA7,
    0x3A, 0x29, 0xA2, 0x78, 0xE9, 0xA6, 0x08, 0x11, 0xD4, 0x50, 0x2A, 0x8E, 0xE4, 0x27, 0x02, 0xE2,
    0xC0, 0xBB, 0xB3, 0x52, 0x2D, 0x9F, 0x95, 0x83, 0x1B, 0xD5, 0xBB, 0xC1, 0x7B, 0x13, 0xE7, 0xF8,
    0xED, 0x89, 0xDB, 0x4F, 0xAF, 0x8E, 0x54, 0x79, 0x87, 0xD0, 0x34, 0xF2, 0x33, 0x25, 0xD4, 0xC7,
    0xD1, 0xA0, 0xFA, 0x38, 0x69, 0x53, 0xBA, 0x2E, 0x39, 0xB5, 0x4E, 0xDA, 0x5F, 0xA2, 0xCE, 0xC9,
    0x7E, 0x32, 0x92, 0x4F, 0xF3, 0x5B, 0xCA, 0xA5, 0xC5, 0x5B, 0xB5, 0xEA, 0xE8, 0xC5, 0xE9, 0xEA,
    0x59, 0x55, 0x61, 0x31, 0xA8, 0x36, 0xAC, 0x14, 0x1F, 0xFC, 0xB1, 0x5E, 0x7F, 0xCF, 0xC4, 0x4A,
    0x45, 0xD5, 0x7C, 0x46, 0xF7, 0x95, 0xB7, 0x11, 0xF5, 0x58, 0x9B, 0xEA, 0x6F, 0xD4, 0x60, 0x29,
    0x8D, 0xAE, 0x70, 0x5D, 0x7D, 0x12, 0x0D, 0x39, 0x9F, 0xD1, 0xE9, 0x44, 0x1A, 0x80, 0xDE, 0x70,
    0x6D, 0x3A, 0xCA, 0x02, 0xC8, 0x2E, 0x14, 0x01, 0xD9, 0xC1, 0x71, 0x4A, 0xA9, 0x03, 0x75, 0x3D,
    0x6E, 0x00, 0xD9, 0xBD, 0x51, 0xCD, 0x1A, 0x91, 0xC2, 0x03, 0x3E, 0x2F, 0x7B, 0xC7, 0xE7, 0x05,
    0x35, 0x99, 0xCA, 0xF9, 0x81, 0xAA, 0x80, 0x1B, 0x2A, 0x05, 0x4A, 0x1E, 0x55, 0x1F, 0xC6, 0x2A,
    0xD1, 0x1A, 0x55, 0x93, 0x95, 0x02, 0x75, 0xC1, 0xAB, 0x48, 0x55, 0x87, 0x84, 0xF3, 0x2A, 0x19,
    0xB7, 0xD2, 0x1D, 0x14, 0xCA, 0xCC, 0xD9, 0xE8, 0x69, 0xB9, 0x31, 0xEA, 0xF2, 0xCC, 0x06, 0x86,
    0x3B, 0xB0, 0xCE, 0xCF, 0xB6, 0xCE, 0x18, 0x2C, 0x3A, 0x83, 0x96, 0xD0, 0x35, 0xA0, 0x25, 0x34,
    0x0D, 0x66, 0xD0, 0x2A, 0xF2, 0xF3, 0xA4, 0x3A, 0x06, 0xE6, 0x0B, 0x34, 0x03, 0x3D, 0x41, 0x33,
    0xFC, 0x0F, 0x34, 0xA3, 0xE7, 0xDB, 0xEA, 0xFF, 0x8A, 0x9D, 0x19, 0x9A, 0xA7, 0x70, 0xCE, 0x28,
    0x68, 0x96, 0x3B, 0x5A, 0x15, 0xAA, 0x87, 0xF8, 0x3F, 0x3F, 0x2F, 0x6A, 0xE2, 0xC8, 0xF4, 0xF2,
    0x99, 0x70, 0xE3, 0xB4, 0x8A, 0xF3, 0xD8, 0xAC, 0x52, 0xCA, 0xB3, 0xEE, 0x89, 0x39, 0x98, 0xDC,
    0xEC, 0x36, 0x1E, 0x0E, 0xFB, 0xB3, 0x77, 0x17, 0xFD, 0x0D, 0xAA, 0x72, 0x94, 0x9F, 0x65, 0x3B,
    0x4E, 0x2D, 0xE8, 0xF4, 0xB4, 0xCA, 0xCD, 0x81, 0x4E, 0xD7, 0xD5, 0x3E, 0x0D, 0x8D, 0x2A, 0x09,
    0x9A, 0xAD, 0xA8, 0xA5, 0x19, 0x4B, 0x8D, 0x9F, 0x5A, 0x5A, 0x32, 0x4E, 0x17, 0x55, 0x61, 0x53,
    0x8D, 0x99, 0x80, 0x6A, 0x12, 0xD6, 0x44, 0xD8, 0x41, 0x6C, 0x13, 0x11, 0x93, 0x2A, 0xBE, 0xCE,
    0xEB, 0x74, 0xA0, 0xD3, 0x0D, 0x45, 0xE6, 0x40, 0x5B, 0x51, 0xD9, 0x56, 0xF4, 0x60, 0x2F, 0x8F,
    0x88, 0x60, 0x4D, 0xB6, 0x61, 0xC3, 0x03, 0xB8, 0xAD, 0xB2, 0xD3, 0x3D, 0xB7, 0x95, 0xA3, 0xD8,
    0x8C, 0x6B, 0x54, 0x41, 0xB4, 0x3B, 0x67, 0xD4, 0x4E, 0x14, 0xB4, 0x11, 0x19, 0xB5, 0xA7, 0xBA,
    0xDD, 0xEB, 0xA8, 0xFF, 0x92, 0xDD, 0x65, 0x0C, 0x1E, 0x0A, 0x86, 0x0D, 0x72, 0x57, 0x63, 0xCE,
    0x6D, 0x48, 0x15, 0x7A, 0x64, 0xEA, 0xBD, 0x5A, 0x75, 0x13, 0x85, 0xFF, 0x84, 0xBB, 0x44, 0x6B,
    0x0B, 0x6C, 0x29, 0x61, 0x4B, 0x18, 0xD2, 0x88, 0x11, 0x14, 0xD8, 0x84, 0xA9, 0x64, 0x4C, 0x08,
    0x61, 0x4A, 0xCD, 0x2E, 0xCF, 0x8C, 0xC6, 0x33, 0x0B, 0x61, 0xEB, 0x09, 0xDB, 0xA8, 0xB0, 0x91,
    0x7B, 0xD4, 0x7E, 0x41, 0xAD, 0x9F, 0x0A, 0xDB, 0x40, 0xD8, 0x38, 0x8A, 0x12, 0x07, 0x6C, 0x08,
    0x69, 0xCE, 0x69, 0x18, 0x33, 0x12, 0xB6, 0xF2, 0x11, 0x77, 0xF7, 0x69, 0xC6, 0x7B, 0x67, 0xC4,
    0xF1, 0xA0, 0xE7, 0x4A, 0xF7, 0x6C, 0xB3, 0xCE, 0xBA, 0x8A, 0x9B, 0xCF, 0xBB, 0xF5, 0x2E, 0xB8,
    0x15, 0x1D, 0xBF, 0x89, 0xE3, 0xA4, 0xF3, 0x0D, 0xB7, 0xE2, 0xA8, 0xAE, 0x9A, 0xB0, 0x52, 0xE5,
    0x24, 0x80, 0xAB, 0x8B, 0x1A, 0x22, 0x43, 0x47, 0xAD, 0x1A, 0xBC, 0xC4, 0xCD, 0x69, 0xA9, 0xB2,
    0x90, 0xAB, 0x9F, 0x28, 0x86, 0x32, 0x74, 0x6E, 0x9D, 0x7A, 0x8B, 0xEA, 0x32, 0x21, 0xCE, 0xE2,
    0x5C, 0xA8, 0x82, 0x48, 0x29, 0x91, 0xE2, 0x2D, 0xF9, 0xB9, 0xD5, 0xCF, 0xE6, 0xB5, 0xCE, 0x04,
    0x41, 0x96, 0x2C, 0xDC, 0xD2, 0x87, 0xDC, 0x72, 0xA7, 0x0A, 0x4C, 0x54, 0xE1, 0x25, 0x37, 0x3F,
    0xD2, 0x81, 0x7D, 0xA8, 0x46, 0x41, 0xA6, 0x74, 0xA4, 0x2A, 0x15, 0x8E, 0xCB, 0x01, 0xEC, 0x64,
    0x2A, 0xD9, 0xF2, 0x42, 0x50, 0x65, 0xC1, 0xE0, 0x39, 0x80, 0x1B, 0xFD, 0xBC, 0x24, 0x36, 0x17,
    0xA3, 0xAA, 0xBE, 0x86, 0x53, 0xA0, 0x18, 0x97, 0xAB, 0xF3, 0x7A, 0x25, 0xE0, 0xAB, 0xCE, 0xEF,
    0x9D, 0x77, 0x20, 0x3B, 0x13, 0xCF, 0x55, 0xB5, 0xD4, 0xCD, 0x78, 0xCC, 0x5A, 0x1F, 0xA8, 0x2A,
    0x97, 0x04, 0xAB, 0xEB, 0x9C, 0x4C, 0xCE, 0x67, 0x40, 0x8A, 0xA1, 0x57, 0x16, 0x29, 0xEA, 0xAC,
    0x53, 0xD7, 0x52, 0x38, 0xBF, 0xA5, 0xBB, 0x29, 0xCB, 0xE7, 0xAD, 0x77, 0xF6, 0x0B, 0xBD, 0x42,
    0xB0, 0xD6, 0x42, 0x9F, 0xAA, 0xE0, 0x50, 0xC3, 0xE6, 0x2A, 0x36, 0x8A, 0x8F, 0x86, 0x3B, 0x79,
    0xDC, 0xD6, 0x8F, 0x8B, 0x9A, 0x68, 0xAE, 0xC9, 0xF2, 0x6A, 0x3E, 0x17, 0x04, 0x6F, 0xF0, 0x2B,
    0xE0, 0xFE, 0x04, 0x88, 0xBE, 0xE8, 0x82, 0x16, 0xB5, 0x38, 0xD8, 0x97, 0x81, 0xF8, 0x23, 0xAC,
    0x32, 0x83, 0x40, 0xE3, 0x6E, 0x98, 0x31, 0x79, 0xA1, 0x01, 0xC7, 0xC2, 0xE6, 0x84, 0x10, 0xEE,
    0x88, 0x1A, 0x5C, 0xE3, 0x3D, 0xEE, 0x24, 0xEB, 0xB7, 0x21, 0xD0, 0xE3, 0x46, 0xC3, 0x2C, 0x6E,
    0x32, 0xEF, 0xE0, 0x8D, 0xB6, 0xE2, 0x01, 0x59, 0xE1, 0xAC, 0x6C, 0x06, 0x75, 0x7B, 0x13, 0x34,
    0x9B, 0x4F, 0xA3, 0x7B, 0xE2, 0xFD, 0x13, 0xB8, 0x7F, 0x8E, 0x41, 0xE9, 0x24, 0xC8, 0x2A, 0x57,
    0xCC, 0x8E, 0x8F, 0x22, 0x98, 0xEB, 0x7E, 0x1F, 0xDC, 0xB5, 0x4F, 0xB4, 0xEF, 0xED, 0x43, 0x5D,
    0xCC, 0xCB, 0x6E, 0xC4, 0xEB, 0x03, 0x5E, 0x1F, 0xEF, 0xFA, 0x70, 0xD7, 0x47, 0xBB, 0x3E, 0xD8,
    0x1D, 0x54, 0x1B, 0xFB, 0x50, 0x57, 0x22, 0xDD, 0x79, 0xD5, 0x1C, 0x2E, 0xCE, 0xA5, 0x36, 0xA8,
    0x75, 0x4E, 0x4B, 0x46, 0xF2, 0x1A, 0xE4, 0xD2, 0x48, 0xA8, 0x66, 0x38, 0x70, 0xF3, 0x91, 0x33,
    0x1E, 0x83, 0x1A, 0x8F, 0x70, 0x50, 0x25, 0xA8, 0xE1, 0xAD, 0x29, 0x5E, 0xAE, 0x75, 0x4B, 0x56,
    0x84, 0xAB, 0x23, 0x5F, 0x64, 0x00, 0x5F, 0x94, 0xC3, 0x17, 0x5F, 0x7B, 0x8D, 0xAC, 0xC7, 0x0C,
    0x8E, 0xFC, 0x29, 0xA3, 0x5B, 0xCA, 0xBD, 0x55, 0xC0, 0x3D, 0xDD, 0x4D, 0xA4, 0x72, 0x22, 0xA2,
    0xD6, 0x52, 0x05, 0x53, 0x13, 0xC1, 0x3A, 0x60, 0x8F, 0xC1, 0xFB, 0x93, 0xF3, 0xA5, 0xC2, 0xFF,
    0x98, 0x9D, 0x3B, 0x15, 0xBD, 0x2D, 0x57, 0x23, 0x73, 0x41, 0xB7, 0x84, 0xFF, 0x7A, 0xEC, 0x35,
    0x7A, 0x63, 0x63, 0xA2, 0x1F, 0xE1, 0x2A, 0x7E, 0x51, 0x9C, 0x86, 0x97, 0x66, 0xA6, 0x7F, 0xC5,
    0x89, 0xE0, 0xCE, 0x53, 0xC1, 0xCF, 0xD3, 0x91, 0xBF, 0x3A, 0xE0, 0xD5, 0x97, 0xC4, 0x2B, 0x1E,
    0xB8, 0xFF, 0xA7, 0x4D, 0xF1, 0x62, 0xCF, 0x2B, 0xB1, 0x86, 0xB7, 0x5A, 0xE2, 0x42, 0xAE, 0xDE,
    0xAC, 0x89, 0x8D, 0x4B, 0x26, 0xFF, 0x99, 0xE2, 0xE5, 0x86, 0xC9, 0x36, 0x8A, 0x91, 0x11, 0xC2,
    0xC0, 0x2B, 0x1F, 0x41, 0xC2, 0x8F, 0x4E, 0xE8, 0x07, 0x09, 0x1E, 0xDA, 0xA4, 0x8D, 0xA1, 0xE2,
    0xE0, 0x7A, 0xD5, 0x09, 0x7D, 0x38, 0x08, 0xD8, 0xAE, 0x0F, 0xCD, 0x50, 0xE0, 0x3E, 0x3E, 0x34,
    0xBC, 0x07, 0xFC, 0x2D, 0x3E, 0xCD, 0x87, 0x76, 0x73, 0xEC, 0x7C, 0x69, 0xEF, 0x00, 0xD0, 0xA4,
    0x9E, 0xE2, 0x4B, 0xEF, 0xFA, 0xD0, 0xBB, 0xBE, 0x74, 0xE1, 0x7D, 0xE9, 0x7A, 0xDF, 0x97, 0xC6,
    0xFF, 0x9C, 0x0F, 0x4D, 0x99, 0x17, 0x0E, 0x6D, 0x08, 0xBE, 0x86, 0x02, 0x58, 0x10, 0x44, 0x6D,
    0x98, 0xE3, 0x92, 0x48, 0xBE, 0x64, 0xE8, 0xDC, 0xD1, 0x0A, 0x0E, 0xB8, 0x33, 0x1E, 0x35, 0x8D,
    0x16, 0x73, 0x13, 0x00, 0x27, 0x9C, 0x01, 0x4C, 0xB8, 0xC1, 0xD2, 0xE1, 0xA6, 0xD8, 0x8E, 0x33,
    0x16, 0x8D, 0xDC, 0x58, 0xAD, 0x63, 0x3C, 0x61, 0x4C, 0xA0, 0xCF, 0x9D, 0xB4, 0x65, 0x9D, 0xA6,
    0xDB, 0x90, 0x97, 0x6D, 0xB0, 0x8E, 0x7A, 0x86, 0x62, 0xBC, 0x42, 0x5B, 0x22, 0x4D, 0x58, 0x51,
    0x5C, 0x12, 0x72, 0x59, 0xE1, 0x9C, 0x0A, 0x9D, 0x7B, 0x8D, 0x5A, 0x26, 0x97, 0x53, 0x19, 0xB7,
    0x79, 0x14, 0x9F, 0x45, 0xF1, 0x39, 0x94, 0xD0, 0x65, 0x50, 0x7C, 0xFE, 0xC4, 0x67, 0x4F, 0xFC,
    0x8C, 0x7B, 0x01, 0x06, 0xEE, 0x55, 0xD0, 0xB6, 0x33, 0xB0, 0xE6, 0x32, 0x26, 0x3E, 0x5F, 0xE2,
    0xB3, 0x25, 0x9C, 0x9D, 0x3A, 0x60, 0x26, 0x4A, 0xEE, 0xA1, 0x74, 0xBA, 0x2C, 0x89, 0xCB, 0x91,
    0xF0, 0x5E, 0xCC, 0x39, 0x31, 0x3D, 0xB8, 0xEC, 0xC8, 0xC0, 0xFD, 0xBC, 0xAB, 0xBB, 0x82, 0xE0,
    0x30, 0x4D, 0x6D, 0x99, 0xA3, 0x5A, 0xE0, 0x58, 0xAC, 0x3E, 0x72, 0x34, 0xBB, 0x11, 0x2A, 0x79,
    0x62, 0xDE, 0x63, 0x04, 0x27, 0x21, 0x4F, 0x3E, 0x40, 0x26, 0x05, 0xEE, 0x06, 0xCE, 0x2F, 0x04,
    0x2D, 0x25, 0x2D, 0x53, 0xFA, 0xB9, 0xBB, 0x7E, 0x68, 0x7E, 0x7F, 0x3F, 0x94, 0xE9, 0xC3, 0x07,
    0x49, 0x3B, 0x77, 0x4C, 0x5D, 0xF9, 0xB4, 0xB3, 0x20, 0xEF, 0x4C, 0xAD, 0x5A, 0x45, 0x17, 0xDC,
    0x75, 0x79, 0x35, 0xA5, 0xAC, 0xC1, 0xEA, 0x29, 0x63, 0xBD, 0xFD, 0xCC, 0x07, 0x4D, 0x3B, 0x53,
    0xA3, 0xF6, 0x64, 0x85, 0xAE, 0x90, 0xED, 0x25, 0xDD, 0x21, 0x12, 0x71, 0xED, 0x25, 0x8E, 0x47,
    0xB2, 0xBD, 0xA4, 0x15, 0x7F, 0xAC, 0x94, 0xE0, 0xCA, 0xA9, 0xD6, 0x3B, 0xF2, 0x4B, 0x9A, 0x3E,
    0x74, 0x59, 0x26, 0xEF, 0x45, 0x6E, 0xC7, 0xC9, 0xE7, 0xD7, 0xBC, 0xA7, 0x9F, 0xDC, 0xE1, 0xE9,
    0xEF, 0xF8, 0xFB, 0x29, 0x93, 0x70, 0x19, 0x45, 0xF5, 0x53, 0x91, 0x23, 0x30, 0xAA, 0xE6, 0x4C,
    0xF0, 0xC2, 0xBF, 0x9B, 0x2D, 0x07, 0x35, 0x3E, 0x62, 0x84, 0x4D, 0xAE, 0xDE, 0x2D, 0xBE, 0x6B,
    0x4B, 0xF1, 0xDC, 0x8A, 0xB2, 0x6A, 0xC5, 0x2A, 0x57, 0x5A, 0xEC, 0x82, 0x20, 0x67, 0x08, 0x2B,
    0x12, 0xC8, 0xF8, 0xB2, 0x33, 0xD5, 0x82, 0x6C, 0x4C, 0xB0, 0xCD, 0xEB, 0x04, 0x46, 0x82, 0x1E,
    0x60, 0xF0, 0x97, 0x77, 0xC2, 0xD9, 0x8D, 0x84, 0x3C, 0xF1, 0x20, 0x5E, 0x4A, 0xB4, 0x7C, 0x6B,
    0x78, 0x61, 0x64, 0xD4, 0x0C, 0x18, 0xCF, 0x51, 0xCF, 0x7A, 0xB4, 0x3B, 0x76, 0x3B, 0x43, 0x5E,
    0x77, 0xF8, 0x87, 0x36, 0x4E, 0xD4, 0xF3, 0x49, 0x84, 0x9D, 0xA1, 0x21, 0x0E, 0x95, 0xE8, 0x47,
    0xE4, 0x34, 0xEE, 0x5B, 0x96, 0xEA, 0xD4, 0x5F, 0xE6, 0x8D, 0xC3, 0x79, 0x25, 0xAB, 0xC6, 0x1E,
    0xB7, 0x35, 0xE9, 0xAA, 0x28, 0x0C, 0x6D, 0xB9, 0x9B, 0x31, 0xD3, 0xDF, 0x42, 0xFD, 0x5F, 0xAC,
    0x53, 0x4A, 0x6F, 0xD5, 0x1C, 0x28, 0x5B, 0x8C, 0xC9, 0xA4, 0x5E, 0x3C, 0xFD, 0xEB, 0x96, 0x8E,
    0x56, 0x46, 0x30, 0x80, 0x7F, 0xAB, 0x69, 0x71, 0x61, 0xFB, 0xC6, 0x76, 0xB0, 0xA8, 0xC2, 0xC1,
    0xB9, 0x26, 0xEA, 0x77, 0xF3, 0x31, 0xC3, 0xEF, 0x9E, 0x87, 0x99, 0x5C, 0x1E, 0xC6, 0xDB, 0x90,
    0x41, 0xB1, 0xB4, 0xDA, 0x8E, 0xE1, 0xC1, 0xF3, 0x30, 0x0F, 0x60, 0x43, 0xBC, 0xC9, 0x53, 0x85,
    0x0C, 0x3F, 0x53, 0xE7, 0xBD, 0x6C, 0xE2, 0x9A, 0x82, 0x39, 0x91, 0x8A, 0x09, 0x86, 0x3B, 0x66,
    0xD9, 0xBE, 0xA0, 0xA3, 0xB0, 0x63, 0x6E, 0x97, 0x80, 0x85, 0x2A, 0x7A, 0xA5, 0xDC, 0xA6, 0xE5,
    0xE6, 0x2C, 0x4D, 0xE8, 0x02, 0xC5, 0x47, 0x56, 0x72, 0xD9, 0x83, 0x35, 0x87, 0x90, 0x50, 0x3F,
    0x8A, 0xCE, 0x38, 0x37, 0x31, 0x46, 0x62, 0x76, 0xFC, 0x57, 0x0F, 0x10, 0xA7, 0xDF, 0x25, 0x5A,
    0xCF, 0xA8, 0x0D, 0x73, 0xAD, 0xE7, 0x6C, 0x84, 0xC7, 0x62, 0x08, 0x85, 0xC0, 0x29, 0xFF, 0x48,
    0x5C, 0x6E, 0x03, 0xA2, 0xCC, 0xBA, 0xA2, 0xE5, 0x4D, 0x7C, 0xD2, 0x42, 0x5C, 0xE1, 0x12, 0x78,
    0xD2, 0x74, 0xBB, 0x4F, 0x9D, 0xE3, 0xC1, 0x3B, 0x97, 0xD1, 0xEC, 0x3F, 0x0E, 0xD0, 0xDD, 0xC7,
    0xB1, 0x4D, 0xF7, 0x19, 0xEC, 0xD5, 0x5F, 0xEA, 0x26, 0x49, 0x02, 0xCD, 0x80, 0x93, 0x0A, 0x48,
    0x9C, 0xB8, 0x38, 0x0B, 0x75, 0x0B, 0xFD, 0x38, 0x76, 0xE7, 0x3E, 0xEE, 0x12, 0x24, 0x1A, 0xA7,
    0xB7, 0x2E, 0xCF, 0xE2, 0x2F, 0xA9, 0xE0, 0x34, 0xA3, 0x43, 0xFD, 0x56, 0xD5, 0xEE, 0xE3, 0xD4,
    0x1F, 0x85, 0xBF, 0xF4, 0x1F, 0x77, 0xB9, 0x37, 0xAB, 0x68, 0x58, 0x2F, 0x1D, 0x76, 0x92, 0x2D,
    0x76, 0xE8, 0x2E, 0xB9, 0x3D, 0x66, 0x0E, 0x3B, 0xD5, 0x1E, 0x76, 0x8A, 0xBB, 0x62, 0x27, 0x7A,
    0xA8, 0xD8, 0x19, 0x3E, 0x18, 0x76, 0x86, 0xFF, 0x0B, 0x76, 0x56, 0x94, 0xF4, 0xDB, 0xCB, 0x6D,
    0x74, 0x96, 0xB6, 0x1F, 0xE0, 0xB2, 0x3E, 0xF5, 0xB2, 0x24, 0x01, 0x5A, 0x97, 0x59, 0x2B, 0x88,
    0xB9, 0x43, 0x62, 0xEA, 0x32, 0x0D, 0xE9, 0x11, 0xB5, 0xFE, 0x74, 0x37, 0x93, 0xB7, 0x96, 0x54,
    0x26, 0x2D, 0xA9, 0xC0, 0x43, 0x09, 0x1A, 0x32, 0x44, 0xC6, 0x8D, 0x8B, 0x95, 0x95, 0x3D, 0x47,
    0x6B, 0x4E, 0x6E, 0x77, 0xD4, 0x8A, 0xBC, 0x4F, 0xBC, 0x55, 0x88, 0xEB, 0x62, 0x5B, 0x6A, 0xD5,
    0x2B, 0x53, 0x0D, 0x5D, 0x78, 0x6D, 0xB6, 0x2D, 0x81, 0xAE, 0xE5, 0xC7, 0xF5, 0xC2, 0x97, 0x21,
    0x09, 0x8C, 0x2F, 0xD1, 0xAE, 0x75, 0xDA, 0xB5, 0x58, 0xBB, 0x56, 0x6C, 0xB5, 0x6C, 0x0B, 0x44,
    0x82, 0x1C, 0x31, 0xB2, 0x95, 0x5A, 0xC0, 0x8D, 0x6D, 0xED, 0xAA, 0xB8, 0x55, 0xEB, 0xCA, 0xB8,
    0x79, 0xAF, 0xC1, 0xA8, 0xFC, 0xD1, 0x15, 0x75, 0xC5, 0x16, 0x75, 0x8E, 0xC8, 0xAE, 0xBC, 0xAB,
    0xAE, 0xE7, 0xF6, 0x42, 0x68, 0xDA, 0xBB, 0x6A, 0x6F, 0xD1, 0xBA, 0x88, 0x4E, 0xBC, 0x4F, 0xD6,
    0x7D, 0x25, 0x3E, 0x68, 0x94, 0xE9, 0x7B, 0x0D, 0x49, 0x7D, 0x95, 0x99, 0x3B, 0xF5, 0xDE, 0xD2,
    0xDD, 0xF0, 0x7C, 0x17, 0xA7, 0x82, 0x7B, 0xD1, 0x8D, 0xE8, 0x2E, 0x74, 0x0B, 0x0A, 0xBF, 0x02,
    0xBF, 0x97, 0xE0, 0x2C, 0xF6, 0x13, 0x9C, 0x79, 0x7F, 0x22, 0xF9, 0x9A, 0x69, 0xF2, 0xB5, 0xF7,
    0xF9, 0xA1, 0x90, 0x9E, 0x5C, 0xC5, 0x55, 0x96, 0xB2, 0xA2, 0x1F, 0x85, 0x5C, 0x36, 0x15, 0x28,
    0xF4, 0x6F, 0xD5, 0x86, 0x6A, 0x09, 0x4A, 0x6D, 0x89, 0xA8, 0xE1, 0x72, 0x84, 0x5C, 0x31, 0xDA,
    0x1D, 0xE9, 0x6E, 0xC7, 0x1C, 0x13, 0xE6, 0xAA, 0x13, 0xAA, 0xBA, 0x54, 0xB1, 0xE7, 0x35, 0x65,
    0x53, 0xFE, 0x39, 0x77, 0x7F, 0xC8, 0x5D, 0x1E, 0x32, 0x55, 0x7D, 0x85, 0xD1, 0xE2, 0x31, 0x6D,
    0x66, 0x53, 0x67, 0x9A, 0xB4, 0xDF, 0xB6, 0x0C, 0xA8, 0x63, 0xE2, 0xF3, 0x9E, 0x09, 0x21, 0x7D,
    0x0A, 0x06, 0xB0, 0xCF, 0x9C, 0x43, 0x6F, 0x99, 0xE9, 0x87, 0xC2, 0x9F, 0x3D, 0xD7, 0x24, 0xEA,
    0x8F, 0x0B, 0x6E, 0x9D, 0xDD, 0x0A, 0x67, 0x5F, 0xAD, 0x47, 0x61, 0xB0, 0xF6, 0x57, 0x8D, 0x0A,
    0xB5, 0xE0, 0xDA, 0x79, 0xE9, 0xF1, 0xA8, 0xB9, 0xAD, 0xD6, 0xA5, 0xBA, 0xF1, 0xB9, 0x44, 0x0D,
    0x15, 0x91, 0x1A, 0xFA, 0x2B, 0xB5, 0xDB, 0x48, 0x37, 0xE9, 0x95, 0xC8, 0x52, 0xD6, 0x45, 0x2E,
    0xA8, 0x73, 0x39, 0x00, 0xF0, 0x35, 0xB3, 0x66, 0xB4, 0x7C, 0x4C, 0x08, 0x80, 0xAA, 0x72, 0x93,
    0x55, 0x83, 0x2B, 0x80, 0x34, 0x6A, 0x5C, 0x54, 0x45, 0xC8, 0xF8, 0x47, 0xF6, 0x3F, 0xC5, 0x9D,
    0x8D, 0x5D, 0x79, 0x9E, 0xC9, 0x7B, 0xE6, 0xCF, 0x14, 0x05, 0xC6, 0xB7, 0x67, 0xA8, 0x28, 0x99,
    0x8A, 0xE0, 0x4A, 0x04, 0x86, 0x55, 0xD4, 0xFB, 0xA7, 0xE3, 0x3F, 0x13, 0xB3, 0x7E, 0x9A, 0x38,
    0x69, 0x30, 0xC6, 0x75, 0x43, 0x17, 0xCA, 0xDA, 0x6B, 0x9C, 0x32, 0x2D, 0x38, 0xC7, 0xAA, 0x80,
    0xF2, 0x9E, 0x29, 0xC4, 0xC6, 0xDB, 0x24, 0xE0, 0x2D, 0x9A, 0x7D, 0xD8, 0xC3, 0x68, 0xA7, 0xF7,
    0x2E, 0x80, 0xB3, 0xFC, 0x56, 0x35, 0x9B, 0xE5, 0xE7, 0x11, 0x0F, 0xD2, 0xC2, 0x0B, 0x7A, 0x7B,
    0x4D, 0x28, 0xB9, 0x7A, 0xD8, 0x2F, 0x5A, 0x58, 0x5A, 0x84, 0x05, 0x16, 0x4E, 0x4E, 0x85, 0x58,
    0xBA, 0x11, 0x17, 0xC8, 0x30, 0xE1, 0x29, 0x30, 0xD5, 0xC1, 0xAC, 0x59, 0xE4, 0x02, 0x40, 0x5F,
    0x81, 0x36, 0xBE, 0x89, 0x5C, 0x30, 0xA5, 0x78, 0x11, 0xBD, 0xF3, 0x39, 0xD4, 0x07, 0x2E, 0xDA,
    0xAB, 0xBF, 0x7A, 0x67, 0xB0, 0xF6, 0x65, 0xDB, 0x16, 0x1B, 0x89, 0x64, 0x32, 0x8D, 0xDF, 0x0D,
    0x12, 0xF0, 0xF8, 0xC2, 0x26, 0xBE, 0x08, 0x4B, 0x73, 0x8E, 0x8A, 0xA6, 0x61, 0x37, 0x91, 0x96,
    0xBB, 0x97, 0x57, 0x00, 0x47, 0xBD, 0x75, 0x72, 0x8F, 0x5C, 0x7B, 0x00, 0x5D, 0x31, 0x4D, 0x8F,
    0x34, 0xF0, 0x86, 0xDE, 0x24, 0x92, 0x7F, 0xF8, 0x22, 0xE2, 0x24, 0xA6, 0xC5, 0x85, 0xA3, 0x0B,
    0xAD, 0xE8, 0xB7, 0xCE, 0x74, 0x17, 0xB4, 0xDA, 0x05, 0xF1, 0x50, 0x91, 0x29, 0x2A, 0x4D, 0xF4,
    0x30, 0xC5, 0x5D, 0xA9, 0xAE, 0x67, 0xE4, 0x50, 0x94, 0x21, 0xE3, 0x47, 0xD5, 0x40, 0x48, 0x5F,
    0xC5, 0xAA, 0x0C, 0x1A, 0xF5, 0x4E, 0x1B, 0xA6, 0x3E, 0xF0, 0x41, 0x20, 0x46, 0xB4, 0x86, 0x09,
    0xD1, 0x1C, 0x23, 0x7B, 0xBE, 0x02, 0x5C, 0x8B, 0x3E, 0xC5, 0xAD, 0xF9, 0xDF, 0x43, 0x8D, 0x53,
    0x97, 0xBF, 0x02, 0x25, 0x00, 0x14, 0x55, 0x64, 0x67, 0x37, 0x8C, 0xA8, 0x97, 0xCB, 0xE7, 0x3A,
    0xE8, 0x07, 0x2C, 0x10, 0x92, 0xAC, 0xA8, 0xD5, 0xE4, 0x42, 0xD9, 0xDB, 0xC2, 0xBD, 0x5D, 0x34,
    0x44, 0x65, 0x34, 0x04, 0x48, 0x57, 0x30, 0xF7, 0xD6, 0x20, 0x2D, 0xCC, 0x36, 0x1B, 0x14, 0xE8,
    0xBD, 0xF3, 0x87, 0xDC, 0x7B, 0x61, 0x02, 0x99, 0x93, 0xB2, 0x68, 0x6F, 0x0A, 0x83, 0x08, 0xFB,
    0xC0, 0xA5, 0x85, 0x01, 0x90, 0x67, 0x0B, 0xA8, 0x57, 0x9E, 0x11, 0x50, 0xBF, 0xE3, 0xB2, 0xB0,
    0xAD, 0x6F, 0xFB, 0xA0, 0xB7, 0x94, 0xEC, 0x0E, 0x81, 0xFD, 0x5E, 0x0F, 0x6E, 0x45, 0x3C, 0xD8,
    0x74, 0x01, 0xF6, 0x82, 0x80, 0x14, 0x89, 0xC0, 0xB4, 0x95, 0x1B, 0x33, 0x14, 0xC2, 0xF2, 0x52,
    0x56, 0x2C, 0x14, 0x73, 0x02, 0xD1, 0x15, 0x0C, 0xB3, 0x66, 0xF1, 0x1B, 0x2D, 0x3F, 0xC4, 0x82,
    0xFE, 0x52, 0x3E, 0x5E, 0x74, 0x8D, 0x4B, 0x67, 0x6A, 0xC1, 0x15, 0x63, 0x26, 0x3A, 0xA7, 0xF9,
    0xE6, 0x18, 0xCE, 0xE1, 0x14, 0x0F, 0xE1, 0x28, 0x0B, 0x0C, 0x79, 0x9D, 0x20, 0xD4, 0x2B, 0x0B,
    0x79, 0xCC, 0xB1, 0x90, 0x0E, 0x79, 0x5F, 0xEB, 0x2A, 0x84, 0xA2, 0x69, 0xEA, 0x0A, 0x05, 0xB8,
    0x2E, 0x2F, 0x73, 0x26, 0xDF, 0x46, 0x7D, 0x98, 0x7C, 0xEE, 0x08, 0x20, 0x37, 0x48, 0x48, 0x1F,
    0x4E, 0xC1, 0x4F, 0x36, 0xB2, 0xFE, 0x38, 0x47, 0xF5, 0x71, 0x30, 0x46, 0xFD, 0x9C, 0x98, 0x2B,
    0xE1, 0x20, 0xF1, 0x62, 0x60, 0x0E, 0xA3, 0x81, 0x86, 0x56, 0x66, 0x76, 0xF4, 0x5C, 0x89, 0xFA,
    0xC2, 0x89, 0xE6, 0xE2, 0x22, 0x1F, 0x2A, 0xF5, 0x39, 0x6D, 0xC9, 0x5F, 0x93, 0xCE, 0x81, 0xDC,
    0xA5, 0x05, 0x91, 0xAC, 0x9C, 0x4D, 0x79, 0x21, 0x6A, 0x73, 0x59, 0xA8, 0xAB, 0xD2, 0xBA, 0x30,
    0x9B, 0xA8, 0xAD, 0x72, 0xEC, 0xFE, 0x5B, 0xA6, 0x38, 0x82, 0x99, 0xDE, 0x00, 0x97, 0x97, 0x11,
    0xDD, 0x33, 0x6B, 0x8B, 0x2C, 0xE6, 0x12, 0xCD, 0x94, 0x15, 0xED, 0x8F, 0x42, 0x22, 0x76, 0x22,
    0xD0, 0xF9, 0xE2, 0x22, 0x32, 0x9F, 0xF3, 0x49, 0x86, 0xCB, 0xF2, 0x23, 0xB1, 0x55, 0x5F, 0xC9,
    0xDF, 0x0A, 0x11, 0xC8, 0x4C, 0x00, 0x62, 0xF2, 0xF7, 0x0C, 0x32, 0xA3, 0x12, 0x86, 0xA1, 0xC0,
    0x62, 0xC1, 0x61, 0x4F, 0x59, 0x6A, 0x84, 0x85, 0x37, 0x6E, 0x48, 0x45, 0xD0, 0x08, 0x3E, 0xB9,
    0xA0, 0x5B, 0x56, 0x10, 0x69, 0x21, 0x67, 0xB9, 0x9A, 0x8C, 0xDC, 0x52, 0x50, 0x11, 0x54, 0x24,
    0xEF, 0x31, 0x08, 0x1F, 0x2E, 0xA1, 0x8C, 0xE9, 0x26, 0x91, 0x60, 0xEC, 0x68, 0x73, 0x28, 0x18,
    0x1D, 0x04, 0xDC, 0xD4, 0xD6, 0xC2, 0x7F, 0x60, 0xCD, 0x92, 0xC1, 0xCC, 0x9F, 0x51, 0x8D, 0x5C,
    0x67, 0x67, 0x1F, 0x74, 0xD0, 0x94, 0xD0, 0xD7, 0x63, 0xA4, 0x94, 0x4F, 0x27, 0x72, 0xD2, 0x1F,
    0x1B, 0x9C, 0x1A, 0x06, 0x07, 0x62, 0xC2, 0xE5, 0x66, 0xD1, 0xB9, 0x62, 0x9A, 0x36, 0x60, 0x9D,
    0x19, 0x4E, 0xE2, 0x8C, 0xA5, 0xE6, 0x9B, 0x02, 0xFC, 0x6F, 0x91, 0x24, 0x5A, 0x7C, 0x2F, 0x61,
    0xFC, 0x9B, 0x11, 0x6B, 0x21, 0x99, 0x24, 0x28, 0x97, 0x35, 0x60, 0x17, 0x94, 0xBB, 0x61, 0xA8,
    0xDB, 0x04, 0x80, 0x45, 0xB6, 0x3B, 0x14, 0x0B, 0x47, 0x15, 0xBB, 0x59, 0x4D, 0x6F, 0xF2, 0xAF,
    0x74, 0x37, 0x69, 0x2F, 0x0E, 0xA8, 0xC7, 0xBE, 0xC6, 0xF1, 0xF5, 0x08, 0x4A, 0xA9, 0x87, 0xF7,
    0x12, 0x50, 0x71, 0x44, 0xCC, 0x9D, 0x47, 0x35, 0x8B, 0xE6, 0x74, 0xFF, 0x52, 0x0A, 0xDE, 0x97,
    0x48, 0xF6, 0x03, 0x59, 0xA0, 0xCF, 0x44, 0x71, 0x5E, 0x6D, 0x8B, 0x91, 0xD5, 0x97, 0x01, 0x79,
    0xF3, 0x5C, 0xCB, 0xC6, 0x5B, 0xA7, 0xB0, 0x33, 0x91, 0x6B, 0xD4, 0xA2, 0xE6, 0xCF, 0x7B, 0x6D,
    0xE9, 0x28, 0x7A, 0x66, 0xD7, 0xCD, 0x5F, 0x0E, 0xE6, 0xEF, 0xF0, 0xF9, 0xBF, 0x1D, 0xCC, 0xFB,
    0x98, 0x7F, 0x33, 0x84, 0x6F, 0x75, 0x9C, 0xA3, 0x97, 0x61, 0x0D, 0xDE, 0x1E, 0x52, 0xAC, 0x1C,
    0xBD, 0x31, 0xFE, 0x49, 0xA6, 0xF3, 0x01, 0xE6, 0xE4, 0x99, 0xE9, 0x75, 0x68, 0xD5, 0x34, 0x98,
    0xE8, 0x1E, 0x7D, 0xD6, 0x88, 0x6A, 0x16, 0x6C, 0x7E, 0x45, 0x6C, 0x7A, 0x11, 0xA0, 0xFC, 0x22,
    0x00, 0xC5, 0x75, 0x81, 0x46, 0xBF, 0x8A, 0xB0, 0x4D, 0xA8, 0x0B, 0xD1, 0xC3, 0xCF, 0x3D, 0x57,
    0x06, 0x3B, 0xD4, 0x2E, 0xD4, 0x84, 0x53, 0x08, 0x40, 0xE7, 0xCE, 0x50, 0x73, 0xC0, 0x34, 0x64,
    0xDA, 0x14, 0xDA, 0xD2, 0xE5, 0xA8, 0x39, 0xEE, 0x50, 0xBB, 0x50, 0xEB, 0xC4, 0x9D, 0x1E, 0xD3,
    0x4B, 0xDE, 0x44, 0xD0, 0x1B, 0x9B, 0x0C, 0xB7, 0x20, 0xCB, 0x52, 0x23, 0xD3, 0x2C, 0xC0, 0xC1,
    0xF9, 0xA5, 0x48, 0xE4, 0x2C, 0x79, 0x7C, 0x7D, 0xC1, 0xC3, 0x1B, 0x3E, 0x09, 0x38, 0x2E, 0xEA,
    0x9C, 0x05, 0x24, 0x94, 0x22, 0x0A, 0xE8, 0x75, 0x68, 0xF3, 0xB2, 0x71, 0x1A, 0xAA, 0x32, 0x54,
    0xD4, 0x54, 0x53, 0x4E, 0xF3, 0x26, 0xF0, 0xC8, 0x90, 0xF3, 0x82, 0x0E, 0x08, 0x9A, 0x2D, 0xD6,
    0x73, 0x44, 0xF1, 0xE7, 0x24, 0x1C, 0x14, 0x15, 0xB8, 0x14, 0xC2, 0x6A, 0x9F, 0x5F, 0x26, 0x6C,
    0xCB, 0xB6, 0x20, 0xE5, 0xE2, 0x98, 0x38, 0x25, 0x13, 0x63, 0x73, 0x23, 0x59, 0xF9, 0x0E, 0x26,
    0x4E, 0x1D, 0x13, 0xB3, 0x1A, 0xD3, 0x1A, 0x51, 0x47, 0x59, 0x1B, 0xCC, 0x28, 0xE5, 0xA2, 0x34,
    0x56, 0xD4, 0xD8, 0xCB, 0x61, 0xE9, 0x1B, 0xDE, 0xD8, 0x6C, 0x19, 0xC0, 0xAB, 0xB0, 0xC8, 0xC0,
    0x3F, 0xB5, 0x5C, 0x06, 0x9D, 0x17, 0x56, 0x2A, 0x6C, 0xA9, 0x31, 0x31, 0x02, 0x9C, 0x09, 0x63,
    0xA4, 0xE3, 0x08, 0x41, 0x91, 0x85, 0xE5, 0xE9, 0xF2, 0xAB, 0x68, 0x38, 0xF9, 0x70, 0xC6, 0x85,
    0x0F, 0xB9, 0xF0, 0x11, 0x16, 0x0E, 0x06, 0x5F, 0x66, 0xCA, 0x47, 0xA6, 0xA3, 0x68, 0xDF, 0x0B,
    0xCD, 0xA8, 0xEC, 0x24, 0x91, 0x8E, 0xB7, 0x69, 0x33, 0xD7, 0x30, 0x31, 0x6F, 0x43, 0xFD, 0x17,
    0xEC, 0xAB, 0x14, 0xFD, 0xC1, 0xEC, 0xA8, 0xF0, 0xE3, 0x74, 0x0A, 0xA7, 0x68, 0x64, 0x63, 0x48,
    0xAB, 0x56, 0xBA, 0x70, 0x0F, 0x6D, 0xDC, 0x03, 0x5D, 0x51, 0x0A, 0xBF, 0xD7, 0x55, 0x2D, 0x2A,
    0xBC, 0x3F, 0xA1, 0xC2, 0x77, 0x71, 0x2E, 0x76, 0x8D, 0x58, 0xAF, 0x66, 0xE2, 0xFD, 0x1D, 0xF9,
    0x1C, 0x30, 0xFF, 0xAB, 0x7A, 0x43, 0xDC, 0x43, 0xC9, 0xAB, 0x3A, 0x99, 0x55, 0x89, 0xC8, 0x00,
    0x35, 0xD2, 0xCA, 0x40, 0x1A, 0xC8, 0x40, 0x2A, 0x44, 0x83, 0xD2, 0x21, 0x1E, 0x94, 0x12, 0x09,
    0xFD, 0xEE, 0x06, 0x18, 0x91, 0x6F, 0xD2, 0x0F, 0x6C, 0x26, 0x4F, 0x80, 0xE3, 0x24, 0x32, 0x77,
    0xAB, 0xCD, 0xF1, 0x30, 0x08, 0x21, 0xF2, 0x56, 0x22, 0x86, 0x87, 0x65, 0x38, 0x52, 0x10, 0xB1,
    0xFD, 0x11, 0x0E, 0x36, 0xF2, 0x59, 0xCC, 0x53, 0x1C, 0x34, 0x70, 0xCC, 0xBE, 0x23, 0x96, 0x76,
    0x30, 0x4F, 0x14, 0x65, 0x4A, 0x77, 0x35, 0x65, 0xAC, 0x91, 0xC3, 0xC7, 0x02, 0xF3, 0x09, 0x50,
    0x97, 0x68, 0x66, 0x6F, 0x30, 0xF0, 0xA3, 0x00, 0xBF, 0xC1, 0x7C, 0xDF, 0x2D, 0x5A, 0xDE, 0x1F,
    0x33, 0x39, 0xF5, 0x16, 0x33, 0x71, 0xBF, 0xD4, 0x4A, 0xEF, 0xB6, 0xF5, 0x20, 0x66, 0x50, 0x19,
    0xD7, 0xDA, 0x10, 0xA0, 0x95, 0x1D, 0xEF, 0xF3, 0x14, 0xDF, 0xD0, 0x3C, 0x3E, 0xDB, 0x42, 0xE7,
    0x6D, 0xD7, 0xB3, 0x16, 0xD0, 0xB6, 0x8D, 0xF5, 0x91, 0x66, 0x0B, 0x43, 0x97, 0x34, 0x74, 0xB1,
    0xA7, 0x9B, 0x5C, 0xC1, 0x59, 0xBD, 0x2A, 0xD7, 0x39, 0xA0, 0xAC, 0x10, 0xD8, 0xE6, 0x85, 0xC9,
    0x95, 0x25, 0xE4, 0x4F, 0xCF, 0x88, 0xA2, 0x05, 0x1B, 0x40, 0x08, 0xD9, 0xE9, 0x8B, 0xC4, 0x2B,
    0x10, 0xD6, 0x8A, 0xE3, 0x07, 0x05, 0x5E, 0x00, 0x4D, 0x10, 0x37, 0xE2, 0xFD, 0x0A, 0x27, 0xA1,
    0x3B, 0xA7, 0x0D, 0x5C, 0x80, 0x9B, 0x32, 0x25, 0x20, 0x98, 0x90, 0xBC, 0x0D, 0x47, 0x22, 0x9F,
    0x5D, 0x09, 0xE2, 0x4F, 0x88, 0x33, 0xFA, 0x62, 0xD3, 0x55, 0xBE, 0x67, 0x43, 0x7C, 0xBD, 0xA2,
    0xB9, 0xB6, 0x82, 0xB2, 0x4E, 0xCA, 0x97, 0xF2, 0xA4, 0xDD, 0xDE, 0x9F, 0x79, 0x37, 0x0D, 0x95,
    0xBB, 0xEE, 0x4B, 0xE5, 0xCE, 0x94, 0x2D, 0x8F, 0xA2, 0xB1, 0xE4, 0xD7, 0x77, 0xA6, 0xF0, 0x67,
    0x43, 0xD8, 0xCE, 0xF1, 0xD5, 0x36, 0x12, 0xE3, 0xCE, 0xC7, 0x11, 0x99, 0xD5, 0xDF, 0x6C, 0x9B,
    0x01, 0x5D, 0x85, 0xBD, 0xDE, 0x49, 0x15, 0x11, 0xA7, 0xD4, 0xA7, 0xD1, 0x3F, 0xB1, 0x61, 0xF6,
    0xEA, 0x18, 0x97, 0x97, 0xF3, 0x70, 0xCE, 0x8D, 0x3D, 0x0A, 0xE0, 0x27, 0x8F, 0x78, 0x7C, 0xCE,
    0x9E, 0x82, 0x8F, 0xCE, 0xF4, 0xCD, 0x34, 0x7D, 0x0C, 0x13, 0xAA, 0xD7, 0xB9, 0x75, 0xF5, 0x80,
    0xBB, 0x2D, 0xDB, 0xE8, 0x19, 0x84, 0x74, 0x77, 0xE4, 0xC6, 0xB4, 0xAC, 0xFC, 0x7D, 0xF9, 0x79,
    0xCC, 0x04, 0x48, 0xBD, 0xE5, 0x6D, 0x05, 0x7A, 0x22, 0x2E, 0x2B, 0x01, 0x0B, 0x40, 0xA9, 0x30,
    0x1C, 0x03, 0x1C, 0xE4, 0xDF, 0x98, 0x78, 0x43, 0x21, 0x7E, 0x59, 0x24, 0xC4, 0xB4, 0xFF, 0x38,
    0x99, 0x70, 0x61, 0x8B, 0x0C, 0x0D, 0x52, 0x3C, 0x3C, 0x06, 0x90, 0x05, 0x9B, 0xC9, 0xAF, 0xD9,
    0x85, 0xD1, 0xBA, 0x6A, 0x20, 0x8C, 0xA1, 0x60, 0xE4, 0x9A, 0xF9, 0x02, 0x70, 0x42, 0x69, 0x15,
    0xAC, 0xA4, 0xF0, 0x24, 0x9F, 0x02, 0xDD, 0x43, 0x4A, 0x71, 0xC6, 0xA2, 0xE6, 0x06, 0x8D, 0x0B,
    0x23, 0xB0, 0x93, 0x83, 0xC1, 0x20, 0x83, 0xA5, 0x2A, 0xB9, 0x82, 0x49, 0x8A, 0x51, 0x40, 0x4A,
    0xA9, 0xE2, 0x28, 0xBD, 0x8C, 0x29, 0x64, 0x57, 0xC9, 0x40, 0xE9, 0x55, 0xCE, 0x12, 0x5C, 0xF2,
    0xE1, 0x45, 0x2D, 0x56, 0x20, 0x11, 0xC3, 0xF5, 0xF5, 0x4E, 0x5C, 0xF6, 0xCD, 0x39, 0xFB, 0x6C,
    0x9D, 0xDA, 0xFF, 0xB1, 0x8B, 0x58, 0xA6, 0xD4, 0xBE, 0x68, 0x47, 0x31, 0x5F, 0xF1, 0x6D, 0xC4,
    0xAB, 0xDD, 0x23, 0x06, 0x9F, 0x75, 0xF0, 0x6D, 0x1C, 0x7C, 0xBF, 0x74, 0xF2, 0xEC, 0x4F, 0x32,
    0x9C, 0xC8, 0xA9, 0xFA, 0xF6, 0xB6, 0xE8, 0xE4, 0xEC, 0x0C, 0x58, 0xE6, 0xB4, 0xEA, 0x5F, 0xB8,
    0xDB, 0xC3, 0x77, 0xCD, 0x57, 0x65, 0x85, 0xDB, 0xB3, 0xF6, 0x6D, 0x1D, 0xFC, 0xB5, 0x38, 0x34,
    0x97, 0xC0, 0x6F, 0x37, 0x20, 0x45, 0xF4, 0x5A, 0x86, 0xE4, 0xCD, 0x85, 0x52, 0x2F, 0x72, 0xF3,
    0x2E, 0xCA, 0x82, 0xD8, 0x14, 0xF9, 0x76, 0x56, 0xD8, 0xD3, 0xD6, 0x2B, 0x5C, 0xC6, 0x47, 0x08,
    0xFD, 0xBF, 0xC1, 0x92, 0x0D, 0x5C, 0x1B, 0x6F, 0xC0, 0x1E, 0x53, 0xB5, 0xBF, 0xA1, 0x7B, 0x2B,
    0x77, 0xC2, 0x85, 0x87, 0x84, 0x6A, 0x03, 0x42, 0xA0, 0x09, 0x9F, 0x50, 0xBB, 0xF4, 0xA3, 0xB1,
    0x1A, 0xD0, 0x66, 0xF4, 0x9E, 0x9D, 0x63, 0x64, 0x21, 0x9E, 0xD9, 0xA0, 0xCD, 0x57, 0xF4, 0x03,
    0xFC, 0x1C, 0x71, 0x04, 0xA0, 0xAA, 0x5B, 0xF9, 0x8D, 0x9A, 0x1A, 0x4E, 0x1C, 0xA6, 0xBC, 0xFD,
    0x36, 0x62, 0x91, 0xFC, 0xC5, 0x5E, 0x10, 0xD9, 0x17, 0xDF, 0xAB, 0xD3, 0x51, 0x9C, 0x65, 0x91,
    0x3B, 0xE4, 0x6D, 0x66, 0x06, 0x67, 0xDE, 0x77, 0x42, 0x5E, 0x07, 0xFD, 0xCB, 0x1B, 0xD5, 0x15,
    0x81, 0xF3, 0xBD, 0xB9, 0x2C, 0xD6, 0xC4, 0x82, 0x58, 0x0D, 0x4B, 0xE9, 0x3A, 0xB3, 0xFE, 0x44,
    0x23, 0x9E, 0x8D, 0x07, 0xE3, 0xA9, 0x8C, 0xF7, 0x12, 0x0B, 0xA3, 0xDC, 0x4B, 0x50, 0x30, 0xA2,
    0x24, 0x1F, 0xA8, 0xDA, 0x99, 0x9D, 0xB1, 0x9C, 0x5D, 0x45, 0x68, 0x77, 0x95, 0xE1, 0x0B, 0xA2,
    0xFB, 0x0A, 0x81, 0xB9, 0x10, 0x7E, 0x29, 0x5E, 0xDA, 0xD0, 0x5A, 0xC6, 0xB6, 0xDC, 0xB1, 0x76,
    0xF0, 0x37, 0x12, 0xCB, 0xC8, 0x4C, 0x7C, 0xD6, 0x4A, 0xF4, 0xEC, 0x93, 0x1B, 0x84, 0xEE, 0xEA,
    0xB7, 0xE6, 0x70, 0x17, 0x06, 0x62, 0x9C, 0x46, 0x2B, 0x9C, 0x90, 0x2C, 0xEA, 0x22, 0x50, 0x28,
    0x43, 0x83, 0xA0, 0x18, 0xE0, 0x36, 0x1E, 0x18, 0xD0, 0x26, 0x98, 0xC4, 0x02, 0xF5, 0x8C, 0xC8,
    0xE8, 0xC9, 0x1E, 0x63, 0xE9, 0x9A, 0x24, 0x23, 0xFF, 0x8A, 0xBE, 0x1E, 0xA9, 0xAB, 0x22, 0xA8,
    0xF5, 0x27, 0xDD, 0xA1, 0x1A, 0xF7, 0x75, 0x6E, 0xF9, 0x12, 0x95, 0x27, 0xE8, 0xB3, 0xD1, 0x72,
    0x2A, 0xC6, 0xAC, 0x65, 0x08, 0x0C, 0xB6, 0xF7, 0x23, 0x8F, 0xA1, 0xA4, 0x23, 0xEB, 0xC2, 0x2E,
    0xF3, 0xF0, 0x2C, 0x54, 0xCC, 0x04, 0x83, 0x12, 0x0F, 0xF4, 0x27, 0xC5, 0x8B, 0x04, 0x34, 0x45,
    0x88, 0xD2, 0x58, 0x95, 0x94, 0xA1, 0xF8, 0x5C, 0x0B, 0x9A, 0x50, 0xAA, 0x89, 0x3E, 0x6B, 0xAB,
    0x0A, 0x29, 0x6B, 0xB7, 0x45, 0x0C, 0x32, 0xF0, 0xC4, 0xDA, 0x3D, 0x1C, 0x50, 0x63, 0xFE, 0x60,
    0x0B, 0xDC, 0xC3, 0x8C, 0x16, 0xA3, 0x41, 0xE2, 0x97, 0x64, 0x64, 0x07, 0x80, 0xDC, 0x13, 0xF7,
    0xE9, 0x69, 0xE7, 0xB5, 0x76, 0x16, 0xE6, 0xCA, 0x58, 0xDA, 0x60, 0x6D, 0x83, 0xC5, 0x61, 0xBE,
    0xD0, 0xF1, 0x26, 0x4F, 0xC2, 0xFA, 0x06, 0x00, 0x10, 0x02, 0x65, 0x35, 0x7A, 0x34, 0x8B, 0xB3,
    0x5A, 0x48, 0x2C, 0xA0, 0xDF, 0x4C, 0xE0, 0xD0, 0xFA, 0x2B, 0x20, 0x71, 0x5E, 0xCF, 0x99, 0xCE,
    0xD5, 0x9A, 0xA8, 0x37, 0x83, 0x6A, 0xEF, 0xC8, 0x45, 0xE1, 0xDA, 0xE3, 0x26, 0x57, 0xDD, 0xA4,
    0x05, 0x24, 0x69, 0x66, 0x09, 0x72, 0x82, 0xB9, 0xB1, 0xA2, 0x89, 0xC7, 0x46, 0x1C, 0xC8, 0x5A,
    0x48, 0x0A, 0xA6, 0xA1, 0x31, 0x81, 0x15, 0x81, 0x53, 0x22, 0x43, 0x4F, 0x4E, 0x80, 0x1C, 0x23,
    0xE3, 0x23, 0xC8, 0x3E, 0x26, 0x4B, 0x41, 0x17, 0xCD, 0x9A, 0xDC, 0xE0, 0x49, 0x1E, 0xA7, 0xF4,
    0x19, 0xF9, 0x13, 0x19, 0xD9, 0xEA, 0x14, 0x5E, 0xF1, 0x56, 0x96, 0xD4, 0xA1, 0x55, 0xA9, 0xBC,
    0x05, 0x31, 0x5A, 0x78, 0x6B, 0x74, 0xAF, 0xCC, 0xED, 0x0E, 0x6A, 0x7F, 0x52, 0x86, 0x12, 0x7B,
    0x14, 0x7C, 0x98, 0xC9, 0x8C, 0x3D, 0xC7, 0x33, 0x1C, 0xE3, 0xFE, 0x84, 0xE3, 0x29, 0x18, 0x6B,
    0xE4, 0xB3, 0x27, 0x1C, 0xCF, 0xB2, 0x2A, 0x4F, 0x71, 0x3C, 0x13, 0xE6, 0xB0, 0x21, 0xFB, 0x3D,
    0xF8, 0x2A, 0x1A, 0xC3, 0x9E, 0x1D, 0x1C, 0x93, 0x71, 0xED, 0xC8, 0xB5, 0xFA, 0x52, 0xB1, 0xCB,
    0x0B, 0xCA, 0xF6, 0x1F, 0x43, 0x4E, 0x9E, 0x59, 0x8F, 0xC6, 0xA8, 0x54, 0x03, 0xAE, 0x9A, 0x5B,
    0x47, 0x56, 0x97, 0xDF, 0x77, 0x1E, 0x02, 0xCC, 0x20, 0xE8, 0x22, 0xE4, 0x9F, 0xDF, 0x10, 0xA3,
    0xCC, 0xF9, 0xA9, 0xCB, 0xAA, 0x8E, 0x6A, 0xA2, 0x27, 0x1A, 0xA0, 0xF1, 0x5E, 0xCF, 0xDE, 0xE8,
    0x32, 0x5B, 0x67, 0x6C, 0xA4, 0x0D, 0x87, 0xB4, 0x8D, 0xA7, 0xBC, 0x4B, 0xA6, 0x42, 0x98, 0x2E,
    0xAB, 0x4F, 0xE5, 0xD3, 0x33, 0xDA, 0x6C, 0x87, 0x76, 0x1D, 0xE6, 0x1B, 0x77, 0x15, 0xDE, 0xCE,
    0xA1, 0xA8, 0x68, 0x70, 0x07, 0xA3, 0x34, 0x81, 0x2E, 0xAB, 0x3D, 0x81, 0xE5, 0x4C, 0x76, 0xAB,
    0x93, 0x6D, 0xD4, 0x6C, 0x6C, 0x74, 0xC7, 0x54, 0x7C, 0x1B, 0x8B, 0xFB, 0xF1, 0xE6, 0xE6, 0x8E,
    0x85, 0x5B, 0x1E, 0xBE, 0xC3, 0xCD, 0x67, 0x9B, 0x72, 0xEB, 0xF9, 0x57, 0x3B, 0x9E, 0xFF, 0x09,
    0x60, 0xC2, 0x1D, 0x60, 0xF6, 0x00, 0xEA, 0xF6, 0xE9, 0x78, 0x45, 0x6F, 0x8B, 0x5C, 0xA3, 0xF9,
    0xE5, 0xED, 0xA2, 0x95, 0x36, 0x48, 0x69, 0x19, 0x32, 0x79, 0x9B, 0x53, 0xA6, 0xB9, 0xC4, 0x03,
    0xB5, 0x83, 0x17, 0xD5, 0x87, 0x1E, 0x92, 0x01, 0x71, 0x7B, 0x9F, 0xFE, 0x02, 0x1D, 0xF0, 0x6D,
    0xBA, 0xA0, 0xC5, 0x42, 0xE2, 0x71, 0x01, 0x25, 0xAA, 0xE9, 0xF4, 0x27, 0xB2, 0x1C, 0x2C, 0x1B,
    0x5C, 0xFE, 0x49, 0x62, 0x72, 0x7A, 0x41, 0x07, 0xB4, 0xEF, 0x39, 0x3D, 0xDC, 0xB6, 0x42, 0x04,
    0x50, 0x95, 0xE2, 0x49, 0x26, 0x96, 0x8E, 0x5B, 0x00, 0x9D, 0x77, 0xD6, 0x04, 0xAF, 0x82, 0xAB,
    0xB5, 0xA3, 0x44, 0x5D, 0xBC, 0xA7, 0x16, 0x4D, 0xA6, 0x6D, 0x54, 0x8A, 0xF8, 0x61, 0xEC, 0x3A,
    0xD7, 0xD2, 0x57, 0xFE, 0x5D, 0x5B, 0xA2, 0x00, 0xDE, 0xB0, 0xB7, 0xDB, 0x4E, 0x59, 0xCF, 0x48,
    0x38, 0x19, 0x62, 0x48, 0x5F, 0x2C, 0xB0, 0x0A, 0xC6, 0x92, 0x81, 0x36, 0x57, 0x6C, 0x0F, 0xAD,
    0x6E, 0xCB, 0x08, 0x25, 0x07, 0xAC, 0x38, 0x13, 0x87, 0xCC, 0xED, 0x4B, 0x8C, 0x85, 0x0B, 0xE1,
    0xFF, 0x27, 0xC1, 0xBE, 0xE5, 0xEF, 0xA4, 0x45, 0xC0, 0x2C, 0xB3, 0x78, 0x91, 0xC1, 0x8C, 0x86,
    0xF3, 0x65, 0x28, 0x24, 0x18, 0x2D, 0x45, 0xBF, 0x3B, 0x17, 0xBF, 0x50, 0x5F, 0xD4, 0x87, 0x4D,
    0xC7, 0x1A, 0xBE, 0xC2, 0x34, 0xAA, 0xF9, 0x47, 0xB0, 0xF5, 0x18, 0xF4, 0xCD, 0x57, 0x80, 0xAF,
    0x1B, 0x05, 0x02, 0x8D, 0x0A, 0x42, 0x70, 0x45, 0x53, 0xFA, 0xEA, 0x8B, 0x6A, 0x8E, 0xBA, 0x5F,
    0xCF, 0x92, 0xAD, 0x79, 0x5B, 0x98, 0x9D, 0x00, 0x7F, 0x0F, 0xF6, 0xB8, 0xF9, 0x43, 0x4E, 0xDF,
    0xA8, 0x67, 0xA4, 0xDD, 0x1E, 0xCA, 0x2C, 0x2E, 0x70, 0xB8, 0xB9, 0xEA, 0x32, 0x48, 0xE9, 0xF6,
    0x0C, 0x72, 0x58, 0x3E, 0x02, 0x69, 0xAD, 0x49, 0xDC, 0x36, 0x9F, 0x7F, 0x9B, 0x5C, 0xFE, 0xAD,
    0xBD, 0x7B, 0xFE, 0x6D, 0x0D, 0x88, 0x3E, 0x09, 0xD1, 0xEA, 0xC7, 0x80, 0xD5, 0xE7, 0x89, 0xD5,
    0xDD, 0x78, 0xA9, 0x3D, 0x3D, 0x5E, 0xCA, 0xCA, 0x6D, 0xBC, 0xA4, 0xDE, 0x64, 0xF8, 0xDA, 0x6B,
    0xAF, 0x6A, 0x65, 0x0F, 0x9B, 0x0A, 0x9B, 0xE5, 0xDA, 0xB6, 0xDB, 0xC0, 0xF7, 0xAB, 0xEC, 0xB6,
    0xAD, 0x64, 0xDA, 0x29, 0x91, 0xEB, 0xC4, 0x3A, 0xEE, 0xA4, 0x85, 0xDC, 0x11, 0x9E, 0x77, 0x29,
    0xD3, 0x13, 0x00, 0xFC, 0xDB, 0xEB, 0xD1, 0x77, 0xE3, 0xF2, 0xD0, 0x7A, 0x3C, 0x40, 0xD0, 0x80,
    0x28, 0x1C, 0xBA, 0x4A, 0x4B, 0x51, 0x81, 0x5D, 0xEB, 0xE6, 0x7E, 0x9A, 0xD6, 0xCE, 0x38, 0xAD,
    0x4C, 0x05, 0xCB, 0x5A, 0x23, 0x87, 0x83, 0xC3, 0x1E, 0x11, 0xF4, 0x77, 0xC6, 0x1A, 0xCA, 0x27,
    0xEE, 0xC9, 0x3E, 0xD1, 0x84, 0xA6, 0x32, 0x01, 0x90, 0xBD, 0x77, 0xD5, 0x52, 0xFC, 0x90, 0x8D,
    0x9E, 0xF4, 0xEC, 0x44, 0xF6, 0x80, 0xFD, 0x40, 0x75, 0x19, 0xF8, 0xE8, 0x0D, 0xCB, 0xF3, 0x95,
    0x3F, 0xB4, 0x30, 0x90, 0xB9, 0xD8, 0x71, 0x90, 0x40, 0x2C, 0x12, 0x69, 0x20, 0x4E, 0x55, 0xCF,
    0xB8, 0x91, 0xD9, 0xAE, 0x78, 0x60, 0x16, 0x2F, 0x81, 0x6B, 0x75, 0xAC, 0x12, 0x29, 0xA6, 0xB2,
    0x44, 0x3C, 0xFE, 0x23, 0x3A, 0xB7, 0xB9, 0xA8, 0xE3, 0x27, 0x8D, 0xF3, 0x85, 0xEF, 0x6C, 0x4A,
    0xE4, 0xD9, 0x8F, 0xCA, 0x68, 0x00, 0x25, 0x04, 0xD7, 0xBE, 0x18, 0xA6, 0x54, 0xD9, 0x8E, 0x48,
    0x2F, 0x5D, 0x18, 0x84, 0x6A, 0x65, 0x43, 0x55, 0xB7, 0x61, 0x2D, 0x7E, 0x76, 0x23, 0x0B, 0xB3,
    0x15, 0x4B, 0xB2, 0x1C, 0xA7, 0x8A, 0x8C, 0x5A, 0x68, 0x0B, 0x70, 0xE9, 0x54, 0x05, 0x7A, 0x91,
    0xD0, 0x15, 0x03, 0xAA, 0x21, 0xAD, 0xC6, 0x63, 0xEA, 0xE1, 0x52, 0x36, 0x27, 0x9A, 0x12, 0x77,
    0xB2, 0x8D, 0xCF, 0x2C, 0xAE, 0xC4, 0xD3, 0xAB, 0xFC, 0xE4, 0x75, 0x8E, 0x9A, 0x52, 0x41, 0x11,
    0x82, 0x36, 0x6F, 0x90, 0xD6, 0x3C, 0x36, 0xCC, 0x7F, 0xC8, 0xB0, 0x40, 0xE1, 0x1E, 0x6F, 0xB3,
    0x8D, 0xE5, 0x5D, 0xB2, 0x8D, 0x08, 0x60, 0x40, 0xD2, 0x1E, 0xCE, 0x4B, 0x68, 0x07, 0x9C, 0x56,
    0x8C, 0xEC, 0x40, 0x72, 0xBE, 0xC5, 0xF6, 0xB2, 0x54, 0x2B, 0x94, 0xAE, 0xD5, 0xE9, 0x40, 0x79,
    0xE6, 0x86, 0x16, 0x30, 0xB5, 0x6D, 0x81, 0x75, 0x30, 0xD1, 0x77, 0x7A, 0x7E, 0x38, 0xD9, 0x39,
    0xF1, 0x56, 0xB4, 0xE7, 0x75, 0x91, 0x03, 0x65, 0xCE, 0x1B, 0xCA, 0xAA, 0x9A, 0x27, 0x79, 0x47,
    0xDB, 0xDC, 0x7E, 0xA3, 0xBC, 0xFF, 0x5E, 0xAD, 0x7D, 0x61, 0xBB, 0x87, 0xA3, 0xDC, 0xEB, 0x19,
    0x5C, 0xB1, 0xCE, 0x05, 0x9A, 0xAA, 0x4D, 0xD9, 0xC2, 0x83, 0x8F, 0x8B, 0xFD, 0xC9, 0x2C, 0x1A,
    0xA6, 0x44, 0xD3, 0xA4, 0xCF, 0xD5, 0xA2, 0x69, 0x98, 0x64, 0xAC, 0x0F, 0x38, 0x5E, 0x27, 0x10,
    0x4C, 0x5C, 0xBF, 0xC1, 0x80, 0x81, 0x1A, 0x25, 0x7B, 0xD3, 0xAC, 0x1A, 0x25, 0xFD, 0x67, 0x8E,
    0x5C, 0x29, 0x1D, 0x77, 0xDA, 0x78, 0xBA, 0xAD, 0x48, 0x9E, 0x7C, 0x33, 0xC4, 0x59, 0x17, 0x44,
    0x6D, 0xB5, 0xF7, 0xCD, 0xBD, 0xB4, 0xE5, 0xF6, 0x10, 0xD0, 0xF8, 0xC1, 0xEB, 0xF7, 0x1F, 0xF6,
    0x21, 0x20, 0x97, 0xD7, 0x5F, 0x6D, 0xCE, 0xF9, 0xB5, 0xB6, 0x09, 0x13, 0x99, 0xD3, 0xDD, 0xFC,
    0xF6, 0xDE, 0xA9, 0xF1, 0xF5, 0x8C, 0x36, 0xB1, 0x91, 0x6E, 0x0F, 0x6A, 0xD7, 0x7E, 0xD8, 0x1E,
    0xD4, 0x5E, 0x87, 0x27, 0xA0, 0xC1, 0xAE, 0xB3, 0x20, 0x3E, 0xAF, 0xE0, 0x3F, 0xF8, 0xE9, 0xA8,
    0xF0, 0x6E, 0xA7, 0xCA, 0xF4, 0x75, 0x0C, 0x8C, 0x16, 0xB5, 0xCA, 0xFE, 0x40, 0x5D, 0x57, 0x0F,
    0xD0, 0x95, 0x7A, 0x6A, 0xA0, 0xA0, 0x2E, 0xFE, 0x63, 0xE8, 0x3E, 0xB4, 0x9B, 0xF2, 0x8C, 0x28,
    0x31, 0x91, 0x0C, 0xD8, 0xB2, 0xFB, 0x04, 0x0A, 0xBF, 0x9F, 0xA7, 0x78, 0x5E, 0x59, 0x4F, 0xF1,
    0x48, 0x64, 0xE8, 0x4E, 0xF1, 0x6C, 0xB3, 0x0E, 0x85, 0x79, 0xB0, 0xAB, 0xC3, 0x53, 0xAE, 0x2E,
    0x3C, 0x2A, 0xC5, 0xD6, 0x5A, 0x8B, 0xAD, 0xD6, 0x15, 0x5B, 0x7F, 0xEB, 0xE0, 0xFB, 0x43, 0x37,
    0x1F, 0xB8, 0xF9, 0xE8, 0xF4, 0x23, 0xA3, 0xEB, 0xD1, 0x51, 0x97, 0xFF, 0x88, 0x9D, 0x1A, 0xFE,
    0xEC, 0xAE, 0x0F, 0xF5, 0xF1, 0x9F, 0x79, 0x5A, 0xD6, 0x16, 0x87, 0xD1, 0xBD, 0x6D, 0x41, 0x07,
    0x82, 0xCD, 0x76, 0x10, 0x18, 0x26, 0x3D, 0xD8, 0xFE, 0x30, 0x6B, 0xCD, 0x9F, 0x75, 0x8A, 0x29,
    0x2D, 0xF5, 0x27, 0x77, 0xFD, 0x6F, 0xF3, 0x7A, 0x6E, 0xFE, 0xE3, 0x3A, 0xA7, 0x33, 0x7D, 0xE0,
    0x73, 0x3A, 0xB7, 0xDD, 0x39, 0x9D, 0x41, 0xCF, 0xE9, 0xA8, 0x9C, 0xC6, 0xC3, 0x2E, 0xD9, 0xFD,
    0xA4, 0x3E, 0xA9, 0xFA, 0x83, 0x27, 0xA6, 0x13, 0xA1, 0x89, 0x6C, 0xAB, 0x41, 0x68, 0x82, 0x30,
    0x5E, 0x34, 0x72, 0x38, 0x8B, 0x84, 0x84, 0xB7, 0x07, 0x17, 0x95, 0x30, 0x3E, 0x89, 0xDF, 0x27,
    0x8E, 0xE7, 0x6D, 0x68, 0x52, 0xD2, 0x11, 0xFA, 0xB2, 0x84, 0x26, 0xDD, 0x75, 0x09, 0x4D, 0xFE,
    0xAB, 0x47, 0x68, 0xD2, 0xEA, 0xAB, 0x1B, 0xE4, 0xF3, 0x86, 0xA7, 0x5B, 0xBC, 0xB4, 0x5D, 0x59,
    0xAD, 0xD9, 0xCD, 0xFD, 0x0C, 0x8C, 0x17, 0xE3, 0x2F, 0xD0, 0xAF, 0x04, 0x7B, 0x51, 0xD5, 0x24,
    0xB6, 0xA4, 0x83, 0x99, 0x59, 0xF5, 0x30, 0x0F, 0x7F, 0x20, 0xCC, 0x2A, 0xD8, 0x98, 0xD8, 0x2E,
    0xC8, 0xA4, 0xF1, 0x75, 0x74, 0xD9, 0x76, 0xAA, 0x6B, 0xD4, 0xDD, 0x5D, 0x5C, 0xB4, 0xB3, 0x51,
    0xBB, 0x13, 0x20, 0xBB, 0x65, 0xD6, 0xA4, 0x9E, 0x89, 0xB4, 0xDD, 0x1A, 0xED, 0xE8, 0x5A, 0x4C,
    0x9A, 0xBC, 0xEE, 0x57, 0xA3, 0x99, 0x0C, 0xEE, 0x18, 0xE9, 0xA0, 0x66, 0x15, 0xBD, 0x2D, 0xB5,
    0xDA, 0x00, 0xCF, 0xEF, 0xB9, 0x36, 0x61, 0xBB, 0x9A, 0x75, 0xAB, 0x47, 0x37, 0xAA, 0x9F, 0x8A,
    0x43, 0x5B, 0x22, 0xCF, 0x4C, 0x82, 0x9C, 0xC5, 0x71, 0xA3, 0xD5, 0x2B, 0xC5, 0x5F, 0x03, 0xF4,
    0xFC, 0x0B, 0x91, 0x6E, 0x22, 0x5F, 0x35, 0x1C, 0xA1, 0x5E, 0x5B, 0x1F, 0x89, 0xF0, 0xCF, 0xC8,
    0x55, 0x0B, 0xBE, 0xC7, 0x60, 0x16, 0xFC, 0xBC, 0x4E, 0x8C, 0xBB, 0x43, 0x48, 0x11, 0x1B, 0xC4,
    0xA3, 0xF7, 0xD4, 0x5A, 0xB2, 0x3E, 0x4F, 0x6D, 0x93, 0xB2, 0xAC, 0x9D, 0x76, 0x4C, 0x34, 0xB2,
    0x10, 0x9F, 0xF3, 0x38, 0x03, 0xF2, 0xBA, 0x9D, 0x39, 0xCF, 0xB8, 0xF0, 0x43, 0x39, 0xE5, 0xD3,
    0xFF, 0xEE, 0xA7, 0x7C, 0x8A, 0x0F, 0x70, 0xCA, 0x47, 0x9B, 0x96, 0x45, 0x97, 0xCE, 0xAE, 0xC1,
    0x7C, 0xBE, 0xB7, 0xC6, 0x33, 0xD3, 0x7E, 0x35, 0x61, 0x9D, 0x87, 0x8F, 0xB0, 0x98, 0xCF, 0x10,
    0x80, 0x15, 0x27, 0xD3, 0xEC, 0xD6, 0xAF, 0x76, 0xA2, 0xB2, 0xA4, 0xBB, 0x57, 0xFD, 0xEA, 0xFA,
    0xA3, 0x7C, 0x7A, 0x65, 0xE0, 0x79, 0x85, 0x6D, 0x34, 0xAC, 0x27, 0x3B, 0xDD, 0xB8, 0xB3, 0x2D,
    0x7D, 0x81, 0x80, 0x4A, 0xCE, 0xB4, 0x97, 0xE4, 0x5E, 0xEB, 0xE9, 0xE5, 0x03, 0xD4, 0xD3, 0xCB,
    0xAA, 0x0C, 0xDB, 0xA2, 0x4B, 0x4B, 0x74, 0xB0, 0xAF, 0x69, 0xCD, 0x55, 0x7D, 0xD7, 0x2E, 0xD1,
    0xAE, 0x6F, 0x38, 0x2A, 0x36, 0x74, 0x1C, 0xC0, 0xEA, 0x11, 0x4A, 0x4E, 0x32, 0x32, 0x15, 0x94,
    0xF9, 0xA0, 0x42, 0xDF, 0x15, 0x55, 0xB5, 0x86, 0xBD, 0xA3, 0xEC, 0x16, 0xE8, 0x62, 0xB6, 0x58,
    0xF1, 0x89, 0x03, 0x14, 0x45, 0x32, 0x5E, 0xA4, 0x4F, 0x42, 0xE9, 0x5B, 0xBA, 0xF5, 0x1D, 0x1A,
    0xC1, 0x5D, 0x9C, 0xEB, 0x07, 0x38, 0x77, 0x13, 0xF9, 0xF3, 0xF0, 0x5A, 0x6A, 0x0F, 0xC7, 0x18,
    0x4D, 0xA1, 0x4C, 0x5D, 0x1C, 0x20, 0x70, 0xFA, 0x2A, 0xAA, 0xF9, 0x7F, 0x2A, 0x0A, 0xB3, 0xD7,
    0x00, 0xA7, 0xA8, 0xD1, 0xA5, 0x8A, 0xE0, 0x26, 0x6F, 0x2F, 0xB8, 0xC4, 0x45, 0x86, 0xF8, 0x22,
    0x43, 0x78, 0x91, 0xFD, 0x18, 0xBB, 0xFE, 0x07, 0x1F, 0x4F, 0xA8, 0xC9, 0x6D, 0xF7, 0x92, 0xDB,
    0xF9, 0x29, 0xEF, 0x35, 0x6A, 0x3C, 0xF4, 0xE7, 0xEC, 0xF7, 0x5D, 0x7F, 0xC4, 0xBD, 0xF0, 0x74,
    0x71, 0x07, 0x4F, 0xDD, 0x49, 0x3C, 0x3D, 0xCD, 0x9D, 0x5D, 0xBA, 0x03, 0x4F, 0xAD, 0xC7, 0x53,
    0xCA, 0x48, 0x3C, 0x55, 0xCD, 0xF0, 0xC0, 0xE7, 0x93, 0xEE, 0x87, 0xA7, 0xEF, 0x00, 0x4F, 0x4F,
    0xDC, 0x03, 0x4F, 0x37, 0x3C, 0x9E, 0x10, 0x80, 0xA5, 0x6F, 0x82, 0x43, 0xFE, 0x65, 0x17, 0x4F,
    0x7C, 0x7B, 0x98, 0x1E, 0xF0, 0xD8, 0xC6, 0x16, 0xF7, 0xC7, 0xD3, 0xDD, 0xCF, 0xE4, 0x5C, 0x52,
    0xF9, 0x71, 0x67, 0x72, 0xDA, 0x87, 0x70, 0x26, 0xA7, 0xD1, 0xF4, 0xCC, 0x29, 0x67, 0x72, 0x22,
    0xED, 0xE8, 0x4D, 0xD4, 0x55, 0x56, 0x5A, 0x01, 0x00, 0xAB, 0x27, 0x53, 0x44, 0xD5, 0x37, 0xB6,
    0xC7, 0xF1, 0x2D, 0x3D, 0x9A, 0xB3, 0xD7, 0x05, 0xE1, 0xF2, 0xEA, 0x7E, 0x2A, 0x77, 0x92, 0x81,
    0x2E, 0xC2, 0xC4, 0xF4, 0x91, 0x35, 0x15, 0x4C, 0x6C, 0x2A, 0xB8, 0xB3, 0xB8, 0xDF, 0xDE, 0xBF,
    0xB8, 0xFF, 0xAA, 0x79, 0xA8, 0x87, 0x6C, 0x46, 0x86, 0x30, 0xC3, 0x83, 0x1E, 0xB2, 0x29, 0x4E,
    0x8E, 0x41, 0xF3, 0x53, 0x3D, 0x14, 0x5D, 0xFA, 0xD1, 0x07, 0x19, 0x77, 0x8E, 0x87, 0x3B, 0xE3,
    0x85, 0x0F, 0xAF, 0x45, 0x01, 0xD5, 0x6A, 0x50, 0x3F, 0x7A, 0x9F, 0x2E, 0xE7, 0x4A, 0xE9, 0x62,
    0xDF, 0xFD, 0xBA, 0xBC, 0xE7, 0x79, 0xC5, 0xF5, 0x1A, 0xA2, 0x16, 0xCE, 0xCA, 0xDA, 0xBD, 0x77,
    0x2D, 0x2D, 0xBB, 0x6F, 0x97, 0x09, 0xE7, 0xDD, 0x29, 0xDA, 0x9F, 0x26, 0x97, 0x5C, 0x71, 0x29,
    0x26, 0x75, 0x0A, 0x46, 0x1E, 0xAE, 0x5E, 0x93, 0x76, 0x94, 0xFA, 0x4C, 0x8F, 0x43, 0xE4, 0xEC,
    0xEB, 0xF2, 0xFE, 0x53, 0xD1, 0xFA, 0x53, 0xAC, 0x74, 0x20, 0x74, 0xC2, 0x09, 0x5E, 0x9E, 0xAF,
    0x05, 0x3F, 0x4B, 0x3C, 0x2D, 0x4F, 0x05, 0x98, 0x29, 0xCF, 0x9D, 0xD6, 0xEE, 0xEC, 0x3D, 0xCB,
    0x03, 0x67, 0xED, 0x29, 0xEF, 0x75, 0x2B, 0x56, 0xB9, 0xDE, 0x2B, 0x0F, 0xB4, 0x28, 0x32, 0xB6,
    0xE1, 0xD2, 0xE7, 0x2C, 0x0F, 0xC0, 0xA0, 0xB2, 0x06, 0xCC, 0xEE, 0x87, 0xFB, 0x94, 0x07, 0xD8,
    0x88, 0xF5, 0xC7, 0xD0, 0x47, 0x2C, 0x0F, 0x0C, 0xAE, 0x3C, 0x10, 0x6D, 0x3E, 0xBA, 0xD7, 0xF8,
    0xED, 0xA5, 0xF0, 0xD3, 0x36, 0x74, 0xBE, 0x7C, 0xDE, 0x25, 0xB5, 0xEF, 0xAA, 0xAC, 0xD6, 0x83,
    0x90, 0xF3, 0x1A, 0xF7, 0x9D, 0x78, 0xD5, 0xC2, 0xFF, 0xBF, 0x0A, 0x64, 0xF7, 0x55, 0x20, 0xD0,
    0x35, 0x91, 0x0A, 0x71, 0xAB, 0xC1, 0x88, 0x2C, 0xEF, 0xFA, 0xC8, 0x8E, 0x9C, 0x07, 0x3F, 0x9A,
    0xBB, 0xBC, 0x58, 0x6B, 0xB7, 0x1A, 0xFA, 0x88, 0xF6, 0x6C, 0x9F, 0x95, 0x7D, 0x66, 0xC2, 0x0C,
    0x67, 0xED, 0x2B, 0xFB, 0xEE, 0xD6, 0xC9, 0x16, 0x92, 0xBB, 0x56, 0x54, 0x55, 0x27, 0x83, 0x84,
    0xAB, 0x43, 0x5F, 0x6E, 0x6B, 0xA2, 0xCD, 0xF6, 0x71, 0xA2, 0x9F, 0x65, 0x17, 0xE3, 0xCE, 0x7B,
    0x40, 0x8A, 0x3A, 0xA6, 0x48, 0xD6, 0x9A, 0xB5, 0xAD, 0x19, 0xFB, 0x65, 0xFA, 0x91, 0xD3, 0xD1,
    0xF9, 0x09, 0x7C, 0xA5, 0x95, 0xD0, 0xF9, 0xCB, 0x10, 0xF5, 0x8B, 0x18, 0xD0, 0x4C, 0x95, 0xF0,
    0xF5, 0x0B, 0xF5, 0xFA, 0xF2, 0xC8, 0xFD, 0x77, 0xB1, 0x7D, 0xD8, 0x67, 0x4F, 0xEC, 0x2A, 0x5B,
    0xDB, 0x2B, 0xB8, 0x21, 0x6A, 0x91, 0x92, 0xC6, 0x5F, 0x65, 0x82, 0x0F, 0x67, 0x99, 0x10, 0x5F,
    0xEB, 0x41, 0x6B, 0xA1, 0xAC, 0x86, 0xCE, 0x83, 0x57, 0x24, 0x51, 0xD7, 0xA8, 0x45, 0x11, 0xFC,
    0x58, 0x57, 0x09, 0xCB, 0x44, 0xAE, 0xCE, 0x3B, 0xA3, 0xB6, 0xB8, 0x5B, 0xA7, 0xC0, 0xF1, 0x6D,
    0x30, 0x84, 0x2E, 0x6A, 0x8B, 0x3A, 0xD9, 0xC4, 0x25, 0x17, 0x04, 0xBB, 0xAB, 0x1C, 0x81, 0xE9,
    0x45, 0xBD, 0x55, 0x00, 0x7E, 0x5E, 0x43, 0xB8, 0x78, 0xF4, 0x2D, 0x60, 0x09, 0x03, 0x7B, 0x90,
    0x04, 0x68, 0x1F, 0xE9, 0x09, 0xE0, 0x15, 0x0B, 0x83, 0xBA, 0x2B, 0x3D, 0xB3, 0x30, 0x97, 0xA8,
    0x32, 0xD1, 0xB0, 0x62, 0xFB, 0xC4, 0x9F, 0x5C, 0xEC, 0x53, 0x7F, 0x70, 0x31, 0xE7, 0x81, 0xAC,
    0xC0, 0x6E, 0x58, 0x21, 0xEA, 0x9A, 0xB1, 0xC2, 0xAE, 0x8A, 0x36, 0xAF, 0x89, 0xEA, 0xBC, 0x0C,
    0xD9, 0x1C, 0x27, 0xE8, 0x16, 0xC6, 0x3F, 0x82, 0xFC, 0x0F, 0xA8, 0x00, 0xA1, 0xD5, 0x07, 0xC8,
    0x49, 0x7E, 0x8E, 0x53, 0x25, 0xA2, 0x41, 0x6B, 0x24, 0x2B, 0xA8, 0x88, 0x36, 0x9A, 0xAC, 0x06,
    0xF2, 0xCD, 0x67, 0xD0, 0x00, 0x84, 0x92, 0xBA, 0xBD, 0xFA, 0x6F, 0x4B, 0x28, 0xAE, 0x8D, 0x7D,
    0x89, 0xEF, 0x8F, 0x5C, 0x58, 0x10, 0xC4, 0x2B, 0xC8, 0xB4, 0x14, 0x5B, 0xBB, 0xC4, 0x4C, 0xCF,
    0x43, 0xF1, 0x3C, 0xB3, 0x04, 0xB7, 0x29, 0xDA, 0x3B, 0x70, 0xF3, 0x89, 0x78, 0x29, 0xB4, 0xB8,
    0x6A, 0xC8, 0x78, 0xE0, 0xAC, 0x5D, 0x9F, 0xA0, 0xFB, 0x2F, 0xC7, 0x36, 0xE6, 0x53, 0x76, 0xF1,
    0xE1, 0x37, 0x18, 0x69, 0x12, 0x31, 0xD3, 0x03, 0xE7, 0xD7, 0x32, 0xF6, 0x9D, 0xD0, 0xB8, 0xC3,
    0x29, 0x0C, 0xF8, 0x52, 0x8C, 0x90, 0xAE, 0x45, 0xD8, 0x7B, 0x3F, 0x6E, 0xF7, 0xB5, 0x07, 0x7E,
    0xDC, 0x79, 0x13, 0x43, 0x5F, 0x30, 0x28, 0xD4, 0x84, 0x85, 0xA6, 0x29, 0x38, 0xD6, 0x6A, 0x7D,
    0x35, 0x39, 0xA1, 0xAF, 0xC9, 0x28, 0x7C, 0x92, 0x40, 0xDF, 0xB6, 0x22, 0xBF, 0xC6, 0x9B, 0x90,
    0xC7, 0xDE, 0xA8, 0xD2, 0x34, 0x27, 0x0D, 0x38, 0x73, 0x01, 0xEF, 0x76, 0x3C, 0xC1, 0x44, 0x46,
    0x6B, 0x4B, 0xDD, 0x99, 0x0D, 0x37, 0x9B, 0x4C, 0x62, 0x82, 0x4A, 0xC1, 0x8B, 0x28, 0x8A, 0x2E,
    0x9A, 0xB2, 0x1A, 0x65, 0xBC, 0x94, 0xEF, 0x83, 0x40, 0x47, 0x7F, 0x71, 0x75, 0x66, 0xE3, 0xAF,
    0x6B, 0x3F, 0xCC, 0x9C, 0x87, 0x99, 0x5B, 0x7B, 0x0F, 0xE3, 0xF3, 0xA9, 0x7B, 0x71, 0x52, 0x63,
    0xF5, 0x48, 0xCE, 0x3D, 0x3A, 0xD9, 0x3E, 0xB6, 0x0E, 0x86, 0x42, 0x93, 0x0F, 0x25, 0xD3, 0x59,
    0xA5, 0x1E, 0x66, 0x3E, 0xF9, 0x3E, 0xE5, 0x47, 0xFE, 0xBD, 0x34, 0x31, 0x24, 0x99, 0xFD, 0x82,
    0xE9, 0x80, 0xD7, 0xB1, 0x74, 0xF7, 0x6E, 0x1A, 0xFC, 0x70, 0x4F, 0xA7, 0xFC, 0xDE, 0x17, 0xCC,
    0x9D, 0x74, 0x17, 0x77, 0x15, 0xF2, 0x4F, 0xC7, 0xDB, 0x59, 0x1E, 0x44, 0xAC, 0x3F, 0x51, 0xFD,
    0x3E, 0xB2, 0x98, 0x06, 0x39, 0xD5, 0x37, 0x35, 0x5E, 0x61, 0x00, 0x13, 0x4E, 0x64, 0xC8, 0xB8,
    0xBF, 0xAC, 0xAF, 0x3F, 0x18, 0xB5, 0x8B, 0xBC, 0xFC, 0xB4, 0x51, 0xD3, 0xDC, 0xC8, 0x74, 0x0D,
    0x7D, 0x43, 0xE6, 0x44, 0x1F, 0x3C, 0xFD, 0x35, 0xBD, 0xC0, 0xEC, 0x16, 0x3F, 0x56, 0x68, 0x82,
    0xE7, 0x92, 0x62, 0xF4, 0xF9, 0xCF, 0xDC, 0x85, 0xD2, 0x8E, 0xD4, 0x8E, 0xD6, 0x8E, 0xD8, 0x8E,
    0xDA, 0x9E, 0xDC, 0x8E, 0xDE, 0x8E, 0xE0, 0x8E, 0xE2, 0x8E, 0xE4, 0x8E, 0xE6, 0x8E, 0xE8, 0x8E,
    0xEA, 0x8E, 0xEC, 0x8E, 0xEE, 0x8E, 0xF0, 0x8E, 0xF2, 0x8E, 0xF4, 0x6B, 0xE1, 0xCC, 0x95, 0xCA,
    0xEA, 0x6D, 0x0F, 0xC3, 0x5A, 0x73, 0xD5, 0x90, 0x94, 0x1C, 0xE0, 0x58, 0xC0, 0xF1, 0x80, 0x67,
    0x82, 0xFF, 0x05, 0xE5, 0x5B, 0xBB, 0x92, 0xDC, 0xC6, 0x15, 0xBD, 0x00, 0x4A, 0x1C, 0x89, 0xA0,
    0x05, 0x05, 0x72, 0xD5, 0xBA, 0x64, 0x19, 0x0A, 0x14, 0xB0, 0x4A, 0x0F, 0x30, 0x60, 0xA0, 0x60,
    0xB8, 0x80, 0xAD, 0x40, 0x81, 0x03, 0xFF, 0x02, 0x03, 0xE7, 0x56, 0xE0, 0x80, 0x01, 0xB9, 0x80,
    0xAD, 0xC0, 0x81, 0x03, 0xEB, 0x4F, 0xCC, 0x40, 0xC1, 0x06, 0xE4, 0x02, 0x12, 0x03, 0x86, 0x1A,
    0x8B, 0x1F, 0x60, 0xC8, 0x0E, 0xED, 0x2A, 0xA1, 0x2C, 0x94, 0x3D, 0x01, 0x06, 0xF0, 0x3D, 0xE7,
    0x36, 0x30, 0xB3, 0x8F, 0xA2, 0xC4, 0xB2, 0x38, 0xCB, 0x19, 0x4F, 0xED, 0x76, 0xEF, 0x62, 0xF0,
    0xB8, 0xF7, 0x9C, 0xEE, 0xFB, 0xEA, 0x86, 0x88, 0x48, 0x27, 0xF8, 0x78, 0x2B, 0x76, 0x81, 0x75,
    0xB3, 0x9E, 0x5D, 0x64, 0xDD, 0x7B, 0x03, 0xBB, 0xB9, 0x75, 0x9F, 0x95, 0xEC, 0x1A, 0x76, 0xFE,
    0x22, 0xCF, 0x70, 0x59, 0x95, 0x16, 0x38, 0x5F, 0xC6, 0xAE, 0xC2, 0xF9, 0xD6, 0xDD, 0x91, 0x04,
    0xDD, 0x30, 0x0C, 0xDA, 0x79, 0xDA, 0x2D, 0x70, 0xBE, 0xC4, 0xB5, 0x48, 0x58, 0x48, 0x54, 0xE3,
    0x7C, 0x89, 0x1A, 0x91, 0xF7, 0xAD, 0x9B, 0x5B, 0x77, 0xAC, 0x5F, 0x6B, 0xA7, 0x3F, 0x61, 0x2B,
    0xF9, 0x50, 0xF9, 0xC3, 0x50, 0xEB, 0x2D, 0x02, 0xED, 0xE4, 0xCC, 0x27, 0x2A, 0xD8, 0xF1, 0x69,
    0x67, 0xBB, 0x38, 0x5B, 0x9F, 0x97, 0xFC, 0xA3, 0x82, 0x00, 0x85, 0x84, 0x0B, 0x55, 0xE5, 0x96,
    0xE4, 0x22, 0xAD, 0x94, 0xE2, 0xD7, 0xD2, 0xCB, 0xAC, 0x92, 0x95, 0xDE, 0xC8, 0xEB, 0x24, 0x11,
    0xBF, 0x93, 0x54, 0x82, 0xA5, 0x1C, 0x49, 0xD0, 0xCA, 0x43, 0x09, 0x1A, 0xFD, 0x6A, 0xD6, 0xE8,
    0x49, 0x71, 0xF3, 0xFA, 0x20, 0x79, 0x7D, 0x67, 0xF8, 0xE4, 0x9B, 0xBF, 0x35, 0xC3, 0xF0, 0xA7,
    0xA1, 0x4A, 0x57, 0xE1, 0xA0, 0xAA, 0xE8, 0xC9, 0x1B, 0x1F, 0x3E, 0x93, 0xCF, 0xCF, 0xAB, 0xF1,
    0xAF, 0xC4, 0x7D, 0x77, 0x5D, 0x4E, 0x09, 0x69, 0xBA, 0x40, 0x51, 0x80, 0x69, 0xFF, 0x45, 0xF6,
    0xDD, 0x4F, 0x4E, 0xE9, 0xB8, 0x93, 0x2C, 0x7D, 0x8A, 0x67, 0x43, 0xD6, 0x80, 0x42, 0x51, 0x88,
    0x88, 0x0D, 0xFE, 0x3D, 0x41, 0xD3, 0x9E, 0xD2, 0x72, 0x0B, 0x0C, 0xBD, 0xB5, 0x89, 0xA7, 0x1D,
    0x4D, 0x42, 0x02, 0x3F, 0x7C, 0xC9, 0x43, 0x03, 0xC9, 0x88, 0xBE, 0xE2, 0x19, 0x47, 0x72, 0x68,
    0x17, 0xBD, 0xB2, 0xF3, 0x64, 0x88, 0x70, 0x9A, 0xCC, 0x4C, 0x3D, 0x1C, 0x69, 0xF1, 0x94, 0xA0,
    0x3B, 0xA2, 0xD8, 0xF7, 0x31, 0x1C, 0x13, 0x48, 0xD6, 0x29, 0xD2, 0x0A, 0xB9, 0xA7, 0x27, 0x7A,
    0x99, 0xDC, 0x3E, 0x33, 0xD9, 0x40, 0x91, 0x71, 0x64, 0x24, 0x19, 0x4B, 0xA4, 0xC9, 0x78, 0x32,
    0xA2, 0x8C, 0x29, 0xA3, 0xCA, 0xB8, 0x32, 0xB2, 0x8C, 0x2D, 0xA3, 0xCB, 0xF8, 0x12, 0x12, 0x26,
    0x64, 0x4C, 0x48, 0x99, 0x90, 0xB3, 0x35, 0x69, 0x36, 0xBD, 0x03, 0x9B, 0x24, 0x81, 0x81, 0x2F,
    0x2B, 0x9B, 0x51, 0x6F, 0x0E, 0xD5, 0x1E, 0xB3, 0x76, 0x7B, 0x92, 0x9B, 0x02, 0xA6, 0x99, 0x02,
    0x18, 0x3D, 0xD2, 0x03, 0xDE, 0x5F, 0xFB, 0x91, 0x2F, 0xD0, 0x45, 0xB6, 0xCE, 0x92, 0xF5, 0xFC,
    0x27, 0x53, 0x68, 0xCC, 0x44, 0xC6, 0x4C, 0x64, 0x73, 0xD9, 0x63, 0x97, 0x08, 0x0F, 0x0E, 0x8F,
    0x6B, 0xB2, 0xF3, 0xEF, 0x7D, 0x9D, 0x53, 0x1B, 0xB2, 0x9B, 0x5C, 0x65, 0x36, 0xB9, 0xA4, 0x36,
    0xCC, 0x30, 0x5E, 0x63, 0xAA, 0xF0, 0x80, 0x7C, 0x15, 0x2F, 0xE2, 0xFC, 0x72, 0x9F, 0xD9, 0xD2,
    0x03, 0x42, 0xF1, 0xF0, 0x11, 0xA4, 0x9C, 0x27, 0xD4, 0xE7, 0x86, 0x9B, 0x6F, 0xCE, 0x7F, 0x9D,
    0x9A, 0x6D, 0xF1, 0xE7, 0xFC, 0xEE, 0x9E, 0x3E, 0x7F, 0x3F, 0xF8, 0x8C, 0xEB, 0xAB, 0x0A, 0xE6,
    0xEA, 0x4D, 0x88, 0xA1, 0xF2, 0x57, 0x1C, 0xD8, 0xED, 0x68, 0x74, 0x22, 0x08, 0x9A, 0xC6, 0x2A,
    0xCA, 0x32, 0x58, 0x88, 0xFE, 0x34, 0x5B, 0x9D, 0x6D, 0x2E, 0x92, 0x29, 0x4F, 0xD9, 0xBB, 0xCA,
    0x31, 0x90, 0x18, 0x03, 0x57, 0xF6, 0x65, 0x46, 0x7D, 0xFF, 0xC0, 0xEE, 0xC1, 0xA8, 0xE3, 0x0C,
    0x5A, 0x44, 0xDF, 0xE8, 0xE1, 0x43, 0x44, 0x50, 0xCB, 0xA0, 0x56, 0x25, 0x84, 0x66, 0xF1, 0xAD,
    0x2D, 0xC7, 0x18, 0xDF, 0x19, 0x05, 0x8E, 0x7F, 0x18, 0xE2, 0xBE, 0xE1, 0x3F, 0x33, 0xC2, 0xA2,
    0x85, 0xA9, 0xC9, 0xF6, 0xE6, 0x41, 0x48, 0x86, 0xE4, 0x67, 0xBC, 0xEA, 0x77, 0x0F, 0x78, 0x86,
    0x91, 0xEF, 0x0F, 0x85, 0x9C, 0xFF, 0xEC, 0x24, 0xEB, 0x24, 0x9A, 0xF7, 0xE5, 0x13, 0x4B, 0xA7,
    0x88, 0xFF, 0x79, 0xFD, 0x5B, 0x25, 0x26, 0xD3, 0xAB, 0x96, 0xA1, 0x3E, 0x27, 0x87, 0xC6, 0xF1,
    0xEA, 0xBC, 0xD2, 0xCF, 0x9B, 0xD3, 0xC8, 0x06, 0x5B, 0xBC, 0xD8, 0xF4, 0x77, 0x63, 0x24, 0x52,
    0x6E, 0xF0, 0x2D, 0x37, 0xFD, 0xFF, 0x07, 0xC2, 0x38, 0x7C, 0xD3, 0x89, 0x34, 0x46, 0x93, 0x70,
    0x3B, 0x7E, 0xD5, 0x82, 0xB0, 0xD7, 0x2E, 0x9D, 0x30, 0xBD, 0x25, 0x3F, 0xB9, 0x19, 0x8B, 0xD2,
    0x88, 0x9B, 0x99, 0x85, 0x09, 0xF8, 0xDF, 0x8D, 0xE4, 0x8F, 0x44, 0xF5, 0xC0, 0x98, 0xCA, 0xF6,
    0x93, 0x29, 0x8F, 0x39, 0x58, 0x37, 0xE6, 0x60, 0x5E, 0x2E, 0x63, 0xFA, 0xF5, 0x10, 0x74, 0x71,
    0x7E, 0xC9, 0xA5, 0xD3, 0x75, 0x71, 0xE8, 0x41, 0xB1, 0xE5, 0x35, 0xF1, 0x38, 0xB1, 0x4C, 0xEA,
    0x39, 0x94, 0xC7, 0xC4, 0xEA, 0x4E, 0xD1, 0x95, 0xED, 0x8B, 0x25, 0xA4, 0x72, 0xD5, 0x35, 0xBD,
    0xED, 0x72, 0x2E, 0xDE, 0xD7, 0xAA, 0x9F, 0x57, 0x24, 0x7A, 0x63, 0x38, 0x31, 0xBF, 0x92, 0xFB,
    0xE2, 0x35, 0x08, 0x1C, 0xBB, 0xB0, 0x02, 0x5D, 0x2A, 0x62, 0xBC, 0xDC, 0x3E, 0x5D, 0x37, 0xE4,
    0x94, 0x91, 0xFB, 0xF9, 0x9E, 0x7A, 0xA5, 0x67, 0x8C, 0x45, 0x34, 0xD0, 0x78, 0x1D, 0x0F, 0x9D,
    0x03, 0xE8, 0x56, 0xBC, 0x25, 0x6E, 0x4D, 0x81, 0x48, 0x54, 0x74, 0x09, 0x44, 0x7D, 0x67, 0x2C,
    0x92, 0x2A, 0x54, 0x9D, 0x6B, 0x91, 0xC0, 0x2C, 0xC7, 0xB6, 0x87, 0x24, 0xE0, 0xAB, 0xA1, 0xF5,
    0x68, 0x9C, 0xB7, 0xD3, 0xF6, 0x03, 0x96, 0x4D, 0xEE, 0xB0, 0xD5, 0xD8, 0x78, 0xD6, 0x12, 0xBE,
    0x01, 0xEC, 0x47, 0xD6, 0x36, 0x28, 0x64, 0x45, 0x35, 0xDA, 0x78, 0xA1, 0x31, 0x98, 0x72, 0xE3,
    0x15, 0xCE, 0x55, 0xE0, 0xD9, 0x7A, 0x48, 0x29, 0x54, 0xA4, 0xB4, 0xD5, 0x71, 0xAC, 0xE4, 0x6A,
    0xC0, 0xA6, 0x4C, 0xC7, 0x45, 0xA2, 0x82, 0x0C, 0x19, 0xC4, 0x19, 0xCE, 0x22, 0x65, 0xE6, 0xBC,
    0x58, 0x87, 0xC0, 0x65, 0x31, 0x85, 0x49, 0x18, 0x73, 0xB1, 0x3E, 0xBA, 0xFC, 0xA8, 0xF5, 0x3B,
    0x7F, 0x39, 0x6B, 0xFC, 0x36, 0xAA, 0x82, 0x26, 0x29, 0xC2, 0x45, 0xAA, 0x96, 0x3D, 0xD5, 0xE1,
    0x77, 0xA2, 0x43, 0xA1, 0x54, 0x75, 0x30, 0x3A, 0x7B, 0x2B, 0x3E, 0x15, 0x39, 0x86, 0xD4, 0x22,
    0xC9, 0x92, 0x41, 0x81, 0x1E, 0xDA, 0xD3, 0x43, 0x77, 0x69, 0x0E, 0x7E, 0xFC, 0xB5, 0xAC, 0x56,
    0xAE, 0x64, 0xEB, 0x00, 0x20, 0x22, 0x22, 0x9E, 0x0D, 0xED, 0x39, 0xE5, 0xE0, 0x49, 0xC1, 0x74,
    0x97, 0x17, 0x1A, 0xDD, 0x2B, 0x4E, 0x11, 0x8C, 0x4B, 0x2A, 0x01, 0x15, 0xEE, 0xAA, 0x12, 0xCD,
    0xA6, 0x0A, 0x3F, 0x2C, 0xB6, 0xAA, 0xF2, 0x75, 0x44, 0xEA, 0xC5, 0x4D, 0x7D, 0x6E, 0xF4, 0xB5,
    0x3E, 0xE9, 0xDD, 0x00, 0x13, 0xE4, 0xE6, 0x18, 0x44, 0xED, 0x04, 0x72, 0x2B, 0xF9, 0x58, 0xBD,
    0x69, 0x56, 0xAB, 0x0A, 0x5F, 0x55, 0x72, 0x2D, 0x50, 0xD5, 0x0E, 0xAC, 0x40, 0x73, 0xEA, 0x43,
    0x95, 0x01, 0x1D, 0xB0, 0x13, 0x80, 0x27, 0x40, 0x4F, 0x00, 0x9F, 0x00, 0x3F, 0x01, 0x80, 0x02,
    0x04, 0x09, 0x21, 0x31, 0x24, 0x88, 0x76, 0x33, 0xC0, 0x28, 0x39, 0xE5, 0x51, 0x20, 0x05, 0x48,
    0x12, 0xCA, 0x8D, 0x71, 0xEA, 0x32, 0xEE, 0x74, 0x23, 0x10, 0x9D, 0xFD, 0x85, 0x80, 0x24, 0xDF,
    0x32, 0xC8, 0xE1, 0x2D, 0x15, 0x11, 0x73, 0xFB, 0x05, 0xBC, 0x86, 0xBC, 0x2C, 0x5E, 0x71, 0x06,
    0xE8, 0xB1, 0x73, 0x20, 0x8F, 0x1D, 0xC1, 0x76, 0x68, 0x3B, 0xB8, 0xC7, 0xA8, 0xD7, 0x00, 0x77,
    0x88, 0x3B, 0xC8, 0x1D, 0xE6, 0x0E, 0x74, 0x87, 0xBA, 0x83, 0xDD, 0xE1, 0xEE, 0x80, 0x77, 0xC8,
    0x3B, 0xE8, 0x1D, 0xF6, 0x0E, 0x7C, 0x87, 0xBE, 0x83, 0xDF, 0xF0, 0x17, 0x23, 0x40, 0x36, 0x2C,
    0x83, 0xA5, 0xBA, 0x2C, 0xA8, 0xB0, 0xB0, 0x3C, 0xAB, 0x00, 0x5A, 0xFC, 0x77, 0xC8, 0x91, 0xFF,
    0x07, 0x87, 0x97, 0x8C, 0x7A, 0xEA, 0x94, 0xF1, 0x3B, 0xCC, 0xF7, 0xCB, 0xE2, 0x5F, 0x44, 0x91,
    0x71, 0x44, 0x92, 0x8C, 0x25, 0xA3, 0xC9, 0x78, 0x32, 0xA2, 0x8C, 0x29, 0xA3, 0xCA, 0xB8, 0x72,
    0xC8, 0x1A, 0x13, 0xC6, 0x3D, 0xF9, 0x32, 0xC2, 0x8C, 0x31, 0xA3, 0xCC, 0x38, 0x9B, 0x48, 0x7B,
    0x5B, 0x5C, 0xF0, 0x35, 0x65, 0x0E, 0xC9, 0x63, 0x20, 0xE2, 0xFF, 0x99, 0x46, 0xA5, 0xEC, 0x26,
    0xBE, 0x8C, 0xAE, 0x0D, 0xB6, 0x5E, 0xE0, 0x49, 0xE1, 0xC3, 0x2E, 0xB2, 0x8C, 0x3E, 0xA3, 0xB2,
    0xAC, 0x71, 0x1D, 0xD1, 0xFD, 0xE6, 0xAD, 0xE3, 0x82, 0x54, 0x90, 0x89, 0x33, 0x44, 0x3C, 0xFF,
    0x89, 0xE2, 0xD1, 0x9D, 0x5B, 0x3C, 0x19, 0xF4, 0x93, 0x43, 0x99, 0x2D, 0x10, 0xC0, 0x24, 0x4D,
    0x47, 0xE0, 0x3F, 0xDD, 0x45, 0xE0, 0xA1, 0x1C, 0x1F, 0x49, 0xEC, 0x97, 0x53, 0x19, 0x61, 0x8E,
    0x19, 0x31, 0x47, 0x49, 0xEB, 0x18, 0xF3, 0x41, 0xBF, 0x5D, 0xAE, 0x2E, 0x95, 0x02, 0x57, 0x22,
    0xBD, 0x81, 0x44, 0xA4, 0x06, 0x16, 0x1F, 0x21, 0x46, 0xFB, 0x91, 0xD5, 0x4B, 0x67, 0x34, 0x56,
    0x09, 0xDD, 0x27, 0xED, 0x50, 0xD0, 0xA6, 0x3B, 0x47, 0x44, 0x99, 0xDD, 0x50, 0x75, 0xEB, 0xFB,
    0x12, 0xFC, 0x5E, 0xC3, 0xC7, 0x80, 0xC1, 0x0A, 0x0D, 0x6E, 0x82, 0x99, 0x9D, 0xC3, 0xCD, 0x2E,
    0x1F, 0x82, 0x96, 0x04, 0xD1, 0xE8, 0xAC, 0xD8, 0x26, 0xFC, 0x1C, 0x1E, 0x2E, 0x57, 0xE0, 0xB5,
    0x7E, 0x0B, 0x03, 0x15, 0x15, 0x40, 0xFE, 0xE5, 0x71, 0x89, 0x65, 0x5F, 0xE2, 0x41, 0xCB, 0xF0,
    0xB9, 0xAA, 0x9A, 0x40, 0xE5, 0x23, 0x06, 0x70, 0x87, 0x38, 0x1E, 0x11, 0xFB, 0x0A, 0x83, 0x2A,
    0xDB, 0xFE, 0xF8, 0x37, 0xB7, 0x4A, 0xE8, 0xD6, 0x8D, 0x0B, 0x2D, 0xAF, 0x82, 0xA0, 0xDA, 0x66,
    0xC1, 0x95, 0xA5, 0x15, 0x9E, 0x51, 0xB0, 0xB8, 0x9A, 0x39, 0x66, 0x7A, 0xFD, 0x35, 0x56, 0xF8,
    0xDB, 0x9B, 0x67, 0xF6, 0x37, 0x82, 0x54, 0x04, 0xFD, 0x58, 0x03, 0x40, 0xED, 0x3F, 0x6C, 0x5C,
    0x78, 0xD7, 0x58, 0x7D, 0x26, 0x5E, 0x18, 0xE2, 0xE9, 0xF8, 0x5B, 0xD8, 0x2F, 0x7C, 0x67, 0x69,
    0xAE, 0x2A, 0x85, 0xD4, 0x2F, 0xF1, 0x12, 0x0D, 0x0A, 0x11, 0x13, 0xCE, 0x11, 0x11, 0x6A, 0x40,
    0x68, 0xF1, 0xE0, 0x55, 0xB9, 0x32, 0x48, 0xDA, 0xCB, 0x3B, 0x3D, 0x62, 0x20, 0x85, 0x42, 0x4F,
    0x51, 0xA0, 0xF4, 0xA9, 0x0A, 0x92, 0xFE, 0xE8, 0x63, 0xD5, 0x05, 0x44, 0x0B, 0x45, 0xED, 0xAD,
    0xA8, 0x6A, 0xE2, 0xC7, 0x55, 0x3C, 0x64, 0xF1, 0x8A, 0xA2, 0x6C, 0x4B, 0x7C, 0xF7, 0x01, 0xA6,
    0xE7, 0xC2, 0x77, 0x1D, 0xEB, 0x7A, 0xBB, 0x98, 0x3F, 0x61, 0x75, 0x36, 0x5C, 0x8B, 0x75, 0xD0,
    0x4A, 0xDE, 0xCB, 0x8F, 0xA9, 0x9A, 0xFE, 0xF8, 0xA6, 0x5D, 0x3B, 0xAA, 0xD6, 0x40, 0x10, 0x6A,
    0x77, 0x3F, 0xFE, 0x62, 0x11, 0x0F, 0x45, 0xDC, 0x23, 0x6D, 0x94, 0x71, 0xD1, 0x5E, 0xD3, 0xF4,
    0xB4, 0x56, 0xFE, 0x2D, 0x55, 0x0C, 0x61, 0xDE, 0xA4, 0x84, 0x4C, 0xB3, 0x95, 0xA7, 0xB1, 0x8B,
    0x72, 0xAB, 0x67, 0x60, 0x70, 0x37, 0x5C, 0xC5, 0x69, 0x4D, 0xB6, 0x19, 0x25, 0x8D, 0x18, 0x60,
    0x41, 0x51, 0x7F, 0x05, 0x35, 0xFD, 0x55, 0xBA, 0x6E, 0x3B, 0x28, 0x1A, 0xB8, 0x36, 0x9F, 0xDA,
    0xD9, 0x92, 0x16, 0xA6, 0xC1, 0xF1, 0xA8, 0xC1, 0x99, 0xF1, 0xC2, 0xE0, 0x41, 0xC1, 0xA0, 0xC4,
    0x73, 0x14, 0x61, 0xF5, 0x09, 0x21, 0xC2, 0xEF, 0x2C, 0x67, 0x81, 0xA7, 0xA7, 0x68, 0xF5, 0x85,
    0xF9, 0xB9, 0xBF, 0x5A, 0xFB, 0x47, 0x17, 0xE6, 0x2D, 0x6D, 0x72, 0x00, 0xFC, 0x01, 0xB6, 0xE0,
    0x17, 0x3D, 0x60, 0x29, 0x81, 0x47, 0x5A, 0x44, 0x98, 0xB7, 0x2A, 0x6D, 0x8A, 0xC4, 0x3C, 0x2D,
    0x52, 0x30, 0x52, 0x62, 0x95, 0x12, 0x0D, 0x58, 0xC9, 0xC1, 0x74, 0x8F, 0xBF, 0x3A, 0x4C, 0x8E,
    0x56, 0xBF, 0xD7, 0x01, 0x92, 0xD4, 0x2A, 0x77, 0x08, 0x49, 0xBC, 0xF2, 0xB4, 0x20, 0xF7, 0xA6,
    0x65, 0xB4, 0x75, 0xF3, 0x40, 0x36, 0x76, 0x43, 0x58, 0xBE, 0x9D, 0x36, 0xEB, 0x85, 0x6C, 0x8F,
    0xAD, 0xB1, 0xF9, 0xAA, 0xEC, 0x04, 0xEE, 0xAF, 0x4C, 0x0B, 0xF0, 0xB4, 0xC7, 0x16, 0x95, 0xDC,
    0x45, 0x73, 0x2C, 0x96, 0x7E, 0x9D, 0x76, 0x0E, 0xDB, 0xC0, 0xFF, 0xED, 0xF5, 0x28, 0x20, 0xF3,
    0x09, 0x8D, 0x67, 0xF9, 0x25, 0x16, 0x30, 0x19, 0xBE, 0x46, 0x4C, 0x2B, 0x0E, 0x69, 0x5F, 0x6D,
    0x9D, 0x69, 0x17, 0x06, 0xB8, 0xE5, 0x47, 0x69, 0x36, 0x06, 0xDB, 0x61, 0x85, 0x21, 0x9E, 0x3C,
    0x69, 0xC6, 0x24, 0xC1, 0x63, 0x92, 0x30, 0x5B, 0x1C, 0xB2, 0xA2, 0x84, 0x32, 0xFF, 0x45, 0x49,
    0x02, 0x33, 0x96, 0x81, 0x89, 0x91, 0x12, 0x60, 0x0C, 0x18, 0x05, 0x42, 0x0E, 0x84, 0x24, 0x08,
    0x59, 0x10, 0xD2, 0x20, 0xE4, 0x81, 0xAD, 0x18, 0x13, 0x46, 0x85, 0x71, 0x61, 0x64, 0x18, 0x1B,
    0x46, 0x87, 0xF1, 0x31, 0x11, 0xF2, 0xE9, 0xBA, 0x9A, 0x60, 0xC3, 0x43, 0x4E, 0xE8, 0xF0, 0x5E,
    0xA5, 0xAB, 0xB3, 0xC5, 0xBF, 0xDD, 0x63, 0xC4, 0x92, 0x84, 0xC9, 0x35, 0xFB, 0x2C, 0x62, 0x1E,
    0xE1, 0xCA, 0x28, 0x6F, 0x1C, 0x17, 0xA4, 0x82, 0x4C, 0x9C, 0x8B, 0x50, 0x9F, 0xF7, 0x24, 0xB0,
    0x49, 0x67, 0x7B, 0xB1, 0x5C, 0xB1, 0x6E, 0xC9, 0x48, 0x03, 0xD3, 0xB2, 0x7C, 0x54, 0x03, 0xF8,
    0x7F, 0x65, 0x3B, 0x3A, 0x15, 0xBC, 0x69, 0xFD, 0x23, 0x5C, 0x27, 0x09, 0x77, 0x31, 0x23, 0xD4,
    0xC7, 0x27, 0x0B, 0x15, 0x2C, 0xFF, 0x76, 0xA1, 0x14, 0xAC, 0x2E, 0x95, 0x02, 0xB7, 0x27, 0xAB,
    0x42, 0xF0, 0xF4, 0xA1, 0xB6, 0xB7, 0x62, 0x54, 0x4E, 0x6F, 0x98, 0x63, 0x4A, 0xB2, 0x29, 0xD8,
    0x3B, 0x3D, 0x03, 0x12, 0x12, 0xF1, 0xD2, 0x4E, 0x10, 0x51, 0x0A, 0x93, 0x04, 0x8D, 0x97, 0x3E,
    0x51, 0x59, 0xAF, 0x30, 0xFD, 0xB1, 0x24, 0x81, 0x45, 0x05, 0x44, 0x8C, 0x6D, 0x87, 0x43, 0x09,
    0xFC, 0x59, 0x98, 0x6D, 0x13, 0x7E, 0x5B, 0xE5, 0xCC, 0x59, 0x8D, 0x30, 0xA3, 0xBF, 0x58, 0x6D,
    0x00, 0xEC, 0xEF, 0x57, 0x54, 0xC3, 0x3A, 0x8D, 0x95, 0x72, 0x53, 0x28, 0x7B, 0x82, 0x05, 0xE7,
    0xF6, 0x08, 0x09, 0x5A, 0x8C, 0xF1, 0x1F, 0x16, 0x97, 0x33, 0xFE, 0x9F, 0x1E, 0x07, 0xD9, 0xDE,
    0x29, 0xF1, 0x2C, 0x1F, 0x0A, 0x5D, 0x2D, 0xA3, 0x65, 0xC2, 0xD3, 0xD3, 0x78, 0x79, 0xF5, 0xB4,
    0xCE, 0x59, 0x93, 0x30, 0xE8, 0xA9, 0x8C, 0xA9, 0x79, 0x03, 0x65, 0xBF, 0x62, 0x96, 0x91, 0x74,
    0xE2, 0x48, 0x33, 0xD6, 0xC6, 0x40, 0xD9, 0x78, 0x13, 0x23, 0x4E, 0x8C, 0x39, 0x31, 0xEA, 0x24,
    0xDD, 0xE8, 0x3A, 0x31, 0xDE, 0xC6, 0x2E, 0x5F, 0x77, 0x4A, 0x8D, 0x31, 0x28, 0x46, 0xA1, 0x18,
    0x87, 0x63, 0xE4, 0x6E, 0x2C, 0x3A, 0x1A, 0x1D, 0x8F, 0x23, 0x91, 0x8E, 0xC9, 0x35, 0x95, 0xF1,
    0xB4, 0xCE, 0xCC, 0x32, 0x41, 0x3F, 0xD6, 0xDB, 0xB9, 0x17, 0x30, 0xA8, 0x14, 0x8B, 0x30, 0xCB,
    0xE1, 0xE6, 0xF3, 0x09, 0x9A, 0x5B, 0xA0, 0x69, 0x0E, 0x9A, 0x1A, 0xA5, 0x69, 0xA8, 0x7E, 0x78,
    0x9A, 0x3A, 0xD9, 0xD8, 0xEE, 0xE5, 0x92, 0x4F, 0xA4, 0x14, 0xE0, 0x40, 0x9F, 0x46, 0x07, 0xF2,
    0xDE, 0xBE, 0x70, 0xC0, 0x95, 0x23, 0x66, 0xEA, 0xDC, 0xFC, 0x30, 0xAD, 0xF4, 0xBB, 0xAC, 0xF5,
    0x18, 0xA0, 0xCF, 0x01, 0xFF, 0xB5, 0xAD, 0x72, 0x30, 0xEE, 0x8E, 0x1E, 0xD7, 0xE1, 0x6C, 0x47,
    0xC6, 0xAC, 0xE1, 0x3C, 0xF0, 0x1A, 0x72, 0x10, 0x56, 0xE4, 0xE0, 0xD5, 0xDD, 0x9F, 0x07, 0x4F,
    0xC9, 0x18, 0x0E, 0x91, 0x31, 0xE4, 0x08, 0x5E, 0xB6, 0x09, 0xBF, 0xC2, 0x83, 0x10, 0x35, 0xE9,
    0xB9, 0x6C, 0xFF, 0x41, 0xFA, 0x87, 0x47, 0x2A, 0x75, 0x13, 0x0D, 0xC0, 0xBD, 0x52, 0xEB, 0xBF,
    0x1F, 0x63, 0x5F, 0x4D, 0xCD, 0x6D, 0x6C, 0x2B, 0xD3, 0x8C, 0x3E, 0x7E, 0x54, 0xC9, 0x4F, 0x67,
    0xC3, 0x91, 0x5C, 0xF7, 0x56, 0x04, 0x7A, 0xAB, 0x83, 0x7D, 0xDC, 0xB2, 0x32, 0xBE, 0x28, 0xB0,
    0x37, 0xF6, 0xFD, 0x82, 0x3D, 0x02, 0xBE, 0xDB, 0x23, 0xD0, 0x9F, 0xDA, 0x63, 0x35, 0xAD, 0x66,
    0x1F, 0x4E, 0xE0, 0x6F, 0x99, 0x81, 0xA7, 0x7B, 0xE6, 0x41, 0xA3, 0x82, 0x72, 0x68, 0x4A, 0x0D,
    0x9B, 0x4A, 0x65, 0x04, 0x52, 0xBB, 0x12, 0x69, 0xC3, 0xB2, 0x96, 0x67, 0x9D, 0x5F, 0x1B, 0x03,
    0x35, 0x99, 0x54, 0x52, 0xD9, 0x55, 0xE4, 0x63, 0x56, 0x91, 0x0F, 0x0D, 0x06, 0xB1, 0x03, 0x30,
    0x2A, 0x24, 0xAE, 0x18, 0x92, 0x81, 0x9D, 0xC8, 0x2C, 0x5D, 0x6C, 0xCE, 0x30, 0xB1, 0xEE, 0xD0,
    0x32, 0xDB, 0x5B, 0x56, 0x04, 0x7B, 0x60, 0x07, 0x97, 0x56, 0x51, 0x6D, 0xF8, 0x6E, 0x09, 0xD2,
    0xCB, 0x78, 0xE5, 0x95, 0x8C, 0xA7, 0x59, 0x42, 0xF5, 0x87, 0xC1, 0x5E, 0x79, 0xB8, 0x68, 0x97,
    0x46, 0x50, 0x5F, 0xB0, 0x9D, 0xDB, 0xFD, 0x67, 0x15, 0x7A, 0x64, 0x3B, 0xB7, 0xB1, 0x5F, 0x51,
    0x5D, 0x40, 0x3A, 0x00, 0xE3, 0x77, 0x06, 0xEA, 0xD0, 0x53, 0xF6, 0x15, 0x45, 0xEF, 0x50, 0x0C,
    0xD3, 0xB9, 0xA3, 0xF2, 0xFB, 0x4B, 0xAC, 0xD0, 0x11, 0x56, 0x5E, 0x92, 0x91, 0x16, 0x0E, 0x9E,
    0x9C, 0xEB, 0x45, 0x27, 0x08, 0x32, 0xFD, 0xDE, 0xD7, 0x36, 0x5A, 0x85, 0x59, 0xD4, 0x3C, 0x58,
    0x1D, 0x62, 0x27, 0x89, 0x4A, 0x19, 0x0D, 0x05, 0xCA, 0xE8, 0x9D, 0xBD, 0x36, 0x72, 0x4E, 0x4C,
    0xAB, 0xBC, 0x99, 0x90, 0x26, 0xA3, 0x9B, 0x23, 0xD3, 0x2B, 0x36, 0xA6, 0x61, 0x6E, 0x4A, 0xBD,
    0x51, 0x6F, 0xBE, 0x62, 0x13, 0x9F, 0x7B, 0xC5, 0x66, 0x57, 0x09, 0xB4, 0xA5, 0x11, 0x57, 0x8C,
    0xB7, 0x90, 0x24, 0x97, 0x69, 0x8F, 0x97, 0x6B, 0x6D, 0xB5, 0x71, 0xBD, 0x5D, 0xF9, 0x12, 0x59,
    0xBC, 0x67, 0x34, 0xF4, 0x72, 0x00, 0xE9, 0x56, 0x72, 0x64, 0x6F, 0x41, 0x9D, 0x58, 0x74, 0x77,
    0x22, 0x5C, 0x08, 0xB6, 0x93, 0xCC, 0xC3, 0x29, 0xF2, 0xC6, 0x4D, 0x46, 0x6E, 0x5A, 0xF9, 0x4E,
    0x6E, 0x26, 0x52, 0x2E, 0xE0, 0xA6, 0x78, 0x46, 0x6E, 0xE6, 0xFF, 0xD3, 0xE4, 0x72, 0x23, 0x75,
    0xFD, 0xC6, 0xCD, 0xB8, 0xE6, 0xC1, 0x92, 0xC2, 0x3D, 0x5A, 0xBC, 0x25, 0xDB, 0x1A, 0xAD, 0x3A,
    0xD3, 0x76, 0x5D, 0xD3, 0x54, 0x09, 0x7F, 0x43, 0xEB, 0x4C, 0x86, 0xD2, 0xA7, 0x33, 0xD4, 0xE1,
    0xCE, 0xC1, 0xC4, 0x53, 0x46, 0x9E, 0x58, 0xA3, 0x32, 0x86, 0x60, 0x91, 0x6B, 0xAF, 0xF7, 0xF4,
    0xC2, 0x70, 0x35, 0xCB, 0xA2, 0xFA, 0xDE, 0xEA, 0x7D, 0x32, 0xA4, 0x37, 0x19, 0x2A, 0xCD, 0xA6,
    0x83, 0x95, 0x31, 0x64, 0x86, 0xD6, 0x83, 0xF5, 0x3D, 0xB0, 0x05, 0x8E, 0x23, 0xCB, 0x4D, 0x41,
    0xCD, 0xD2, 0x5E, 0xDA, 0x9A, 0xEF, 0x0B, 0x43, 0xC1, 0x18, 0xCC, 0x4C, 0xAF, 0x82, 0xB9, 0xDD,
    0x3C, 0x0F, 0x59, 0x8B, 0x3D, 0xA4, 0x4F, 0x8A, 0xD9, 0x6A, 0x26, 0xDE, 0xB1, 0x82, 0x75, 0xE9,
    0x0C, 0x6D, 0xD8, 0xB7, 0x03, 0xB3, 0x6F, 0x47, 0x66, 0xDF, 0x4E, 0xCC, 0xBE, 0x9D, 0x98, 0x64,
    0xF7, 0xCC, 0xBE, 0xED, 0xFA, 0x1C, 0xBA, 0xD0, 0xBE, 0x1D, 0xD3, 0xB2, 0x75, 0x53, 0xFB, 0x50,
    0x4C, 0x91, 0x4B, 0xE7, 0x46, 0x1F, 0x52, 0x1D, 0xE0, 0x15, 0x12, 0xBF, 0x52, 0x52, 0x8E, 0xF3,
    0x5F, 0x66, 0xCA, 0x46, 0x1D, 0xF7, 0x4A, 0x8A, 0x57, 0x69, 0x2C, 0xB4, 0x27, 0x86, 0x2D, 0x2D,
    0xAE, 0xC1, 0x65, 0xD6, 0xEF, 0x1E, 0x8B, 0xFF, 0x64, 0xF9, 0x59, 0x27, 0x41, 0x36, 0xD4, 0x1A,
    0x5C, 0xEA, 0x17, 0x36, 0x7F, 0x2E, 0x7F, 0x92, 0x98, 0xFD, 0xB2, 0xD7, 0xCD, 0x64, 0x7A, 0xDB,
    0x74, 0xEA, 0xF6, 0xC5, 0xC3, 0x3C, 0x63, 0xF8, 0x36, 0x2E, 0x32, 0x8D, 0xC1, 0xF6, 0x66, 0xFB,
    0x42, 0x70, 0xF6, 0xBD, 0x42, 0x3C, 0xBF, 0x59, 0xDB, 0x04, 0xF7, 0xEE, 0x8C, 0xED, 0xF3, 0xB7,
    0x25, 0x41, 0xA7, 0xE1, 0xC6, 0x16, 0xB7, 0x2E, 0x18, 0x7A, 0xB6, 0x2B, 0xD4, 0xCD, 0x62, 0xC6,
    0xED, 0x73, 0xD6, 0x94, 0x8E, 0x79, 0x29, 0xE0, 0xAE, 0x90, 0x46, 0x25, 0x0B, 0x2C, 0x02, 0xC4,
    0x75, 0xC4, 0x27, 0xDE, 0xA2, 0x0C, 0x77, 0xB8, 0xB1, 0x86, 0x05, 0xA7, 0x7E, 0x31, 0x6D, 0xE4,
    0x72, 0x05, 0xB8, 0x7E, 0xBD, 0xAD, 0xD9, 0xB2, 0x72, 0xBF, 0xDB, 0xB0, 0x57, 0xDD, 0xDA, 0xB1,
    0x98, 0x93, 0x61, 0x28, 0x60, 0xBB, 0x8B, 0x43, 0xB7, 0xC7, 0xD8, 0xF9, 0xA0, 0x66, 0x7D, 0xAA,
    0xBF, 0xC9, 0xCA, 0xE1, 0xBA, 0x0E, 0x66, 0x9B, 0xAE, 0x25, 0x38, 0x43, 0x3B, 0x5C, 0x56, 0x8B,
    0xCD, 0xD4, 0x48, 0xE8, 0x06, 0xDC, 0x63, 0x5E, 0xE2, 0x71, 0x1F, 0xA7, 0x99, 0x3E, 0xEE, 0xB5,
    0x34, 0x8B, 0xB8, 0xB5, 0x2E, 0xE2, 0xA2, 0x39, 0x77, 0xA5, 0x21, 0x0F, 0x52, 0xD2, 0xEE, 0x92,
    0x69, 0xDA, 0xD2, 0x8A, 0xE5, 0xF4, 0x2F, 0xB8, 0x4F, 0xEF, 0x11, 0xCB, 0xA2, 0x8F, 0xF9, 0x9A,
    0x36, 0xDF, 0x88, 0x0E, 0xFF, 0x29, 0xE3, 0xB2, 0x81, 0x93, 0xD3, 0x46, 0x93, 0xAD, 0x97, 0x44,
    0xEB, 0xED, 0xAF, 0x8C, 0x30, 0xD3, 0x0F, 0xAD, 0x42, 0x9C, 0x8D, 0x9B, 0xD9, 0x98, 0x11, 0xBE,
    0xE8, 0x2C, 0x9C, 0xDB, 0xE8, 0x9D, 0x56, 0x67, 0x5B, 0xB7, 0xC9, 0xFB, 0x05, 0x42, 0x3B, 0x21,
    0xDA, 0x9A, 0xAA, 0xC2, 0x74, 0x15, 0x40, 0x5B, 0xB1, 0x54, 0xB4, 0x6D, 0xCC, 0xFC, 0x7A, 0xE3,
    0x75, 0x54, 0x7B, 0x6D, 0xF3, 0x8D, 0x6A, 0x2A, 0x7B, 0xBB, 0xC5, 0x94, 0xEB, 0xBB, 0x31, 0x47,
    0xBE, 0x5F, 0x96, 0x63, 0x15, 0xF2, 0x7A, 0x27, 0x67, 0x07, 0x00, 0xF5, 0xB1, 0x9D, 0x65, 0x19,
    0xE8, 0x57, 0x4D, 0x1F, 0xE3, 0xE5, 0x9C, 0x14, 0x35, 0x9B, 0x2C, 0x6C, 0x77, 0xC8, 0x9A, 0xA9,
    0xFD, 0x67, 0x68, 0xB0, 0xF8, 0x40, 0x2F, 0x7E, 0xD2, 0xDE, 0x17, 0x86, 0x06, 0xC8, 0x38, 0xD3,
    0x8B, 0x5E, 0x0B, 0xD9, 0x11, 0x76, 0xFE, 0x0B, 0x75, 0x55, 0x31, 0x6F, 0xDD, 0x36, 0x10, 0x3E,
    0x49, 0x45, 0x34, 0x10, 0x08, 0xB3, 0x77, 0xD0, 0x3F, 0xB0, 0xD6, 0x0C, 0x7E, 0xA6, 0x80, 0xFE,
    0x8F, 0x22, 0x7B, 0x97, 0x8E, 0x1D, 0x5E, 0x22, 0x06, 0xF9, 0x19, 0x5D, 0xB2, 0x74, 0x77, 0x00,
    0x0F, 0x19, 0x6C, 0x93, 0x6D, 0x87, 0xAC, 0x04, 0x0A, 0x74, 0xE6, 0xD0, 0x14, 0xE8, 0xC6, 0x41,
    0x83, 0x06, 0xBD, 0xC7, 0x7C, 0x77, 0x94, 0x94, 0x57, 0xD4, 0x95, 0xED, 0xD3, 0x89, 0xA2, 0xEE,
    0xBE, 0xEF, 0xEE, 0x3B, 0x3A, 0xE7, 0x90, 0xF9, 0x37, 0x67, 0xDA, 0x8D, 0xDF, 0x0D, 0xAE, 0xE1,
    0xFF, 0xEE, 0x44, 0x74, 0xA8, 0xE6, 0xD6, 0x6B, 0xBA, 0x22, 0x63, 0x4D, 0x30, 0xD1, 0x84, 0xDE,
    0x36, 0x49, 0x2F, 0xF8, 0x99, 0x9B, 0x99, 0x52, 0x1D, 0x95, 0x1F, 0xE9, 0x23, 0x36, 0x36, 0x93,
    0xE2, 0xD5, 0x85, 0x57, 0xAB, 0xD8, 0x7A, 0x23, 0xAB, 0x72, 0x1D, 0xE8, 0x58, 0xCD, 0xF5, 0xD4,
    0x7A, 0x85, 0x48, 0x1D, 0x62, 0x1D, 0x38, 0xDA, 0x60, 0xC2, 0xE8, 0x4D, 0x74, 0x9E, 0xEF, 0x3D,
    0x9E, 0x9B, 0xA9, 0x4D, 0x88, 0x31, 0xEB, 0xF2, 0x37, 0x35, 0x73, 0x9B, 0x28, 0x71, 0xB4, 0x26,
    0x00, 0x83, 0x35, 0xF4, 0x06, 0x31, 0x27, 0x09, 0x79, 0xB9, 0x57, 0x09, 0x96, 0x6D, 0x6F, 0x8D,
    0xBD, 0xEA, 0x5F, 0x7B, 0x09, 0x39, 0x71, 0x99, 0xDD, 0xDC, 0xB0, 0x39, 0xEE, 0xE6, 0x27, 0x36,
    0x3F, 0xE2, 0xDD, 0x3F, 0x1F, 0x5C, 0x70, 0xE0, 0x1D, 0xDD, 0xE7, 0xBF, 0x9D, 0x27, 0x8A, 0x58,
    0xAF, 0xD9, 0x34, 0x61, 0x33, 0x2D, 0x96, 0x49, 0xB1, 0xD1, 0x62, 0x2C, 0x9B, 0x61, 0x4B, 0xD1,
    0xB3, 0xB9, 0x2A, 0x94, 0x71, 0x5D, 0xEF, 0xE6, 0xE5, 0x9A, 0x82, 0xE8, 0x76, 0x37, 0x51, 0xA0,
    0x55, 0x89, 0x43, 0xEF, 0xA6, 0x8D, 0x5B, 0x92, 0x62, 0x38, 0x7E, 0x8B, 0x77, 0xE7, 0x9F, 0xBF,
    0x3D, 0x29, 0x40, 0x3B, 0xAB, 0xF3, 0xF7, 0x3F, 0x2C, 0x44, 0xCF, 0xF7, 0x4C, 0x37, 0x7B, 0x3A,
    0x21, 0x73, 0xBF, 0x9B, 0x99, 0x8D, 0x54, 0x00, 0x81, 0xC7, 0xBF, 0x3E, 0x3B, 0x69, 0x77, 0x70,
    0xBF, 0xFC, 0x99, 0x3D, 0xD5, 0x1C, 0xBD, 0xD9, 0xCD, 0x05, 0xA3, 0x9D, 0xD6, 0x33, 0x4E, 0x3D,
    0x53, 0x7F, 0x26, 0x93, 0xC9, 0x6D, 0xBF, 0x66, 0x21, 0x9D, 0xA8, 0x1F, 0x68, 0x24, 0x94, 0x28,
    0xDB, 0x1C, 0x2A, 0xE8, 0xC8, 0x57, 0x79, 0x40, 0x69, 0x1F, 0xA9, 0xF3, 0xD5, 0x02, 0x63, 0x62,
    0x83, 0xCF, 0xE2, 0x98, 0xDA, 0x4C, 0x63, 0x1A, 0x63, 0x7B, 0xA6, 0x31, 0xF6, 0xB6, 0x46, 0x38,
    0x4B, 0x7D, 0xDC, 0x84, 0x51, 0x4D, 0xA0, 0xD2, 0x0E, 0xD2, 0xD0, 0x00, 0x0E, 0x5A, 0x56, 0x35,
    0xB4, 0x53, 0x68, 0x51, 0xC7, 0x51, 0x85, 0x0D, 0x3A, 0x67, 0x4A, 0xB1, 0x8A, 0x2B, 0xB0, 0x09,
    0x5D, 0x36, 0xA5, 0xFE, 0x44, 0x0F, 0x78, 0xB8, 0xA2, 0xD5, 0x7D, 0x28, 0xD5, 0xE0, 0x8F, 0x17,
    0x82, 0x52, 0x08, 0x00, 0xEF, 0x69, 0x6E, 0xC2, 0x4D, 0x4F, 0xEA, 0x53, 0x78, 0xA8, 0x93, 0xB2,
    0xB3, 0xB6, 0x7D, 0x9D, 0x0E, 0x4D, 0xE8, 0xEA, 0xA4, 0xFD, 0xEB, 0x3A, 0xF5, 0x9D, 0xBD, 0x6E,
    0xA2, 0xF6, 0x4B, 0x05, 0x2D, 0xD3, 0x04, 0xB5, 0xFE, 0x0A, 0xD9, 0xB2, 0x06, 0xB4, 0xD7, 0xBF,
    0x4D, 0xEC, 0x42, 0x87, 0x5E, 0xFF, 0x9E, 0xD8, 0x85, 0x94, 0x2D, 0x5C, 0x6E, 0xDB, 0x01, 0x6E,
    0xF7, 0x4E, 0xDC, 0x8F, 0x60, 0xD8, 0x7F, 0x97, 0xD0, 0x47, 0x80, 0x05, 0x7C, 0x0C, 0x8B, 0x67,
    0xB0, 0x9D, 0x7D, 0x0D, 0xD7, 0x32, 0x58, 0x6D, 0xE7, 0x26, 0x15, 0x8A, 0xED, 0x1F, 0x91, 0xE6,
    0x7B, 0x69, 0x1D, 0x00, 0xA2, 0x62, 0x44, 0x2F, 0xB6, 0xE2, 0x40, 0x10, 0xED, 0xA4, 0x26, 0x9D,
    0x74, 0xEC, 0x78, 0x3E, 0xB0, 0xFF, 0x48, 0x77, 0xF4, 0x1E, 0xEB, 0xCA, 0xB7, 0x53, 0x17, 0xD5,
    0xD4, 0x07, 0x9D, 0x8C, 0xD7, 0xD1, 0xD8, 0x0E, 0x53, 0xD8, 0xDB, 0x47, 0x54, 0x63, 0xC1, 0xBE,
    0x19, 0x03, 0x97, 0xE8, 0xAE, 0x0E, 0xF4, 0xBE, 0x2E, 0x75, 0x82, 0x06, 0xDA, 0xC0, 0x6D, 0x3B,
    0x51, 0x3B, 0x51, 0xEF, 0xC9, 0x11, 0x5C, 0xCA, 0x28, 0x26, 0x30, 0x05, 0x11, 0xDF, 0x22, 0x90,
    0xF4, 0x96, 0xDD, 0x52, 0x13, 0x45, 0x45, 0x6F, 0x88, 0xBB, 0xA6, 0x23, 0x61, 0xB4, 0xD1, 0x41,
    0x7C, 0xDF, 0x05, 0xB4, 0x1F, 0xAE, 0x8A, 0x1C, 0xF2, 0x9A, 0xD6, 0xB6, 0xB1, 0xFE, 0xD1, 0x5C,
    0x67, 0x99, 0x48, 0x86, 0x0D, 0x62, 0x3D, 0xA7, 0x19, 0x21, 0x11, 0xC2, 0xAB, 0xEA, 0x0C, 0x3B,
    0xD4, 0xC8, 0xED, 0xA8, 0x46, 0xC6, 0xB3, 0xD8, 0x13, 0x06, 0x9A, 0x01, 0x14, 0x18, 0x6C, 0x27,
    0xC9, 0x9E, 0xB8, 0x74, 0xA0, 0x82, 0x61, 0xC0, 0x20, 0x62, 0x1A, 0x40, 0x47, 0xD1, 0x6A, 0xFF,
    0x7B, 0x75, 0x96, 0xC1, 0x72, 0xDA, 0x81, 0x5C, 0xAC, 0x91, 0x9C, 0xD3, 0x0E, 0x0C, 0xF2, 0xE1,
    0x72, 0x9F, 0xFA, 0x7A, 0x2A, 0xAC, 0xE8, 0x65, 0x4E, 0x64, 0xD6, 0xCB, 0xE0, 0xAD, 0x65, 0x90,
    0xB9, 0x2A, 0x07, 0x59, 0xD1, 0x5E, 0x91, 0x5D, 0x51, 0x5C, 0x11, 0xDB, 0x71, 0x2D, 0xEF, 0x76,
    0x42, 0x94, 0xE1, 0x29, 0x47, 0xC1, 0x65, 0xF0, 0x46, 0x82, 0xCB, 0xA0, 0xAD, 0x99, 0x2F, 0x82,
    0x6F, 0x5D, 0xAF, 0x33, 0x76, 0x39, 0xD4, 0xBC, 0xCB, 0x0B, 0x61, 0xDE, 0x51, 0xB7, 0xB7, 0x19,
    0xE5, 0x1E, 0xB9, 0x86, 0x38, 0x31, 0xBD, 0x0E, 0xD5, 0x09, 0xDD, 0x70, 0x83, 0x0A, 0x18, 0xB4,
    0x7E, 0x18, 0xB9, 0x79, 0x2F, 0xD0, 0xF6, 0x6F, 0xCA, 0xE4, 0x66, 0x1E, 0x0F, 0x38, 0xCD, 0xB2,
    0x3E, 0x74, 0x2C, 0x5A, 0x79, 0xC0, 0xAA, 0x01, 0x4C, 0x8C, 0x22, 0x71, 0x65, 0xA8, 0xC7, 0x83,
    0xE2, 0x37, 0x8E, 0x1F, 0x18, 0xFA, 0xB2, 0x1E, 0x90, 0x42, 0x95, 0x79, 0xD5, 0xBC, 0x7A, 0x47,
    0x54, 0x8E, 0x8B, 0xB4, 0xF1, 0x67, 0xA7, 0x62, 0x96, 0xAF, 0x9E, 0x6A, 0x82, 0x00, 0x91, 0xC3,
    0x8C, 0xD3, 0xE9, 0x79, 0x73, 0x24, 0x7A, 0x5C, 0x57, 0xD0, 0xA9, 0x72, 0xD6, 0x09, 0x65, 0xEC,
    0x16, 0xC2, 0xB3, 0xD0, 0xC5, 0x06, 0x26, 0xAB, 0x27, 0xA1, 0xDA, 0x25, 0x21, 0xDA, 0x25, 0xA1,
    0x29, 0x67, 0x47, 0x16, 0xB8, 0xA0, 0xC8, 0x4C, 0x41, 0x10, 0x12, 0x66, 0x7A, 0x66, 0x10, 0x72,
    0xA6, 0x50, 0x33, 0x85, 0xD8, 0xA1, 0xD0, 0x3A, 0x6E, 0xA4, 0x56, 0x4A, 0x42, 0xE8, 0xB6, 0xD0,
    0xB9, 0x2D, 0x64, 0x9E, 0xA2, 0x01, 0x88, 0x8C, 0x9D, 0x73, 0xE0, 0xD6, 0x4F, 0x42, 0x00, 0xD1,
    0x19, 0x3E, 0x0A, 0xCF, 0x7B, 0x54, 0x96, 0x13, 0x6D, 0xCC, 0xFC, 0xB2, 0x3A, 0xA3, 0xD6, 0x26,
    0x00, 0xDA, 0x09, 0xE0, 0x70, 0x7A, 0x3E, 0x42, 0x81, 0x60, 0xF7, 0xC8, 0x58, 0x78, 0xF8, 0x1C,
    0x94, 0x03, 0xC1, 0x3B, 0x96, 0xC2, 0x04, 0xF1, 0xA3, 0xC1, 0x81, 0x07, 0xB1, 0xCE, 0x82, 0xB3,
    0x9B, 0xE5, 0xC6, 0xFF, 0x7C, 0x26, 0xE2, 0x51, 0xE1, 0x09, 0x48, 0xB4, 0x8E, 0x00, 0x0B, 0x54,
    0xD9, 0x5D, 0xFE, 0x5F, 0xA7, 0xE0, 0xD9, 0x53, 0x93, 0xC0, 0x9D, 0xE4, 0x51, 0xC0, 0x77, 0x2E,
    0xCA, 0x8D, 0x55, 0xC4, 0xBD, 0x1E, 0x78, 0x4A, 0xE8, 0x0B, 0x9D, 0x93, 0x4D, 0x6E, 0xDB, 0x30,
    0x10, 0x85, 0x9F, 0xC4, 0x22, 0x5A, 0x10, 0x08, 0x8F, 0xC0, 0xEE, 0x1B, 0x94, 0x17, 0xB0, 0x45,
    0xA1, 0x3D, 0x40, 0x8F, 0xD2, 0x6D, 0x16, 0xB2, 0x4D, 0x20, 0x17, 0xE8, 0x4D, 0x9A, 0x65, 0x17,
    0xB2, 0xA2, 0xA2, 0x07, 0xA8, 0x7A, 0x03, 0x2D, 0x7A, 0x00, 0x02, 0xD5, 0x42, 0x40, 0x95, 0xB0,
    0x8F, 0xB4, 0xEC, 0xFC, 0xC0, 0x40, 0x80, 0x4A, 0x33, 0xB6, 0x29, 0x91, 0x33, 0x6F, 0x66, 0x3E,
    0xC3, 0x78, 0x60, 0x6A, 0x20, 0x86, 0x12, 0xB2, 0xB3, 0x50, 0xCE, 0xC2, 0xC0, 0x9E, 0xEE, 0x6D,
    0xF2, 0x2D, 0x5A, 0xEC, 0xB1, 0xC1, 0x8C, 0x6D, 0x36, 0xA2, 0x14, 0x03, 0xF4, 0x27, 0x87, 0xE2,
    0x1E, 0x40, 0x8D, 0x7B, 0xDE, 0x35, 0xD2, 0x75, 0xE1, 0xAD, 0x17, 0x83, 0xE8, 0x8B, 0x4E, 0x76,
    0xCA, 0x29, 0xA7, 0xDF, 0x98, 0x2B, 0x33, 0xEA, 0x0E, 0xD0, 0x7C, 0xBB, 0xA3, 0x07, 0x40, 0xB4,
    0xC0, 0xE5, 0x06, 0x58, 0x35, 0x80, 0x6F, 0x90, 0x77, 0x33, 0x24, 0x26, 0x5C, 0x61, 0x84, 0x0D,
    0xC1, 0x45, 0x87, 0xA0, 0x2A, 0x66, 0x41, 0xD1, 0x83, 0xB2, 0x78, 0x2C, 0x20, 0xA3, 0xE7, 0x8E,
    0x8F, 0x2B, 0x3A, 0x23, 0x49, 0x6E, 0xBB, 0x28, 0xB8, 0x2F, 0x9F, 0xB8, 0x9A, 0x93, 0x5F, 0xD3,
    0x1B, 0xAE, 0x1B, 0x9E, 0x5F, 0x31, 0xAD, 0x7C, 0x88, 0xAA, 0xEE, 0x2A, 0xC8, 0xDF, 0x60, 0x11,
    0xC8, 0xC7, 0x43, 0x48, 0xC5, 0x38, 0xE6, 0x6E, 0x80, 0xFD, 0x30, 0xB1, 0x3E, 0x56, 0xC5, 0xEA,
    0x62, 0x8D, 0xF1, 0x3B, 0xAE, 0x2D, 0xF5, 0xA8, 0x1F, 0x03, 0xC4, 0x43, 0xCC, 0x13, 0x9C, 0x0A,
    0x81, 0x59, 0x15, 0x63, 0xAD, 0xE8, 0xCC, 0x97, 0x45, 0x7D, 0xC7, 0x40, 0x7C, 0xB4, 0x39, 0x48,
    0x88, 0xB2, 0x25, 0x65, 0xC7, 0x8A, 0x6D, 0x4A, 0xDD, 0x15, 0xBF, 0xBC, 0xC2, 0x37, 0x8D, 0xC6,
    0x54, 0x93, 0xE6, 0xEF, 0xBF, 0x1D, 0x83, 0x8A, 0xE0, 0xB4, 0xED, 0x6B, 0xE5, 0x27, 0xE1, 0x47,
    0xC1, 0xCF, 0x61, 0xA3, 0x3A, 0xC5, 0x76, 0xEE, 0x06, 0xE1, 0x67, 0xD9, 0xAD, 0x39, 0x06, 0x53,
    0x59, 0x0E, 0x82, 0xA6, 0x9D, 0x55, 0x7D, 0x9B, 0x87, 0x19, 0xD9, 0x14, 0x33, 0xA8, 0x8E, 0x3A,
    0x0B, 0x8E, 0xA1, 0xC2, 0x72, 0x65, 0x7D, 0x6C, 0x12, 0x75, 0x34, 0x51, 0x18, 0xFB, 0xC6, 0x15,
    0x95, 0xE9, 0x24, 0xA2, 0x7C, 0x6E, 0x36, 0xCD, 0x42, 0xB1, 0x25, 0xEC, 0x32, 0x65, 0x52, 0xED,
    0x21, 0x8E, 0x8F, 0xB3, 0xC4, 0xFA, 0xF0, 0x3A, 0x55, 0xC6, 0x44, 0x32, 0x99, 0x3A, 0x58, 0x8A,
    0x68, 0xD2, 0x9E, 0x63, 0x22, 0x3E, 0xE3, 0xEA, 0x16, 0x27, 0x25, 0x7E, 0x07, 0xFB, 0x27, 0xB8,
    0x77, 0xE1, 0xB3, 0x13, 0xA3, 0x72, 0x45, 0xAF, 0x2A, 0xD9, 0x19, 0x1E, 0x8F, 0x68, 0x95, 0xF4,
    0x35, 0x74, 0x55, 0xBF, 0x35, 0x68, 0x6E, 0x2D, 0x42, 0x57, 0xB2, 0xE9, 0x30, 0xC3, 0xAB, 0x08,
    0xB6, 0x09, 0xC0, 0x39, 0xF9, 0x26, 0x3F, 0x20, 0x68, 0x8E, 0x08, 0xE6, 0x5F, 0xB2, 0xD0, 0x67,
    0x5F, 0x93, 0x48, 0xED, 0x60, 0x1C, 0x6C, 0x15, 0xEB, 0xB4, 0x69, 0xE6, 0x6D, 0x54, 0x1B, 0x87,
    0x33, 0xE3, 0xE2, 0xBE, 0xDA, 0x05, 0x8F, 0x3B, 0x2F, 0xBE, 0xB3, 0xC9, 0xAD, 0x72, 0x5B, 0x55,
    0xB5, 0xF1, 0x05, 0x23, 0x12, 0x0B, 0x36, 0x65, 0x15, 0xFB, 0x20, 0x1C, 0x2E, 0x79, 0x3A, 0x8C,
    0x21, 0xF8, 0x10, 0xF7, 0x0F, 0x69, 0xFF, 0x5E, 0xBA, 0x6D, 0x46, 0x05, 0xDC, 0x5F, 0x0C, 0x20,
    0x10, 0x9C, 0x34, 0x0F, 0x66, 0x73, 0x43, 0xCB, 0xA7, 0x5A, 0xF8, 0x95, 0xEE, 0x13, 0x71, 0x0B,
    0xEC, 0xD9, 0x4B, 0xD8, 0x67, 0x76, 0x7C, 0x81, 0x3D, 0xFB, 0x0F, 0xD8, 0xE5, 0x02, 0x7B, 0xB6,
    0xC0, 0x9E, 0x45, 0xD8, 0xC7, 0x13, 0xEC, 0x91, 0x1F, 0x12, 0xC7, 0xD1, 0xBD, 0x0E, 0x7B, 0x9B,
    0x80, 0xDF, 0x13, 0x88, 0x08, 0xFB, 0x08, 0x7D, 0xF3, 0x12, 0x76, 0xFD, 0x08, 0x7B, 0x1E, 0xF5,
    0x75, 0xE7, 0x61, 0xEF, 0x9F, 0xC0, 0x6E, 0x7D, 0xE6, 0x6B, 0xD1, 0xBD, 0x97, 0xB4, 0xBE, 0x2C,
    0xC6, 0x5A, 0x3C, 0x78, 0x50, 0x78, 0x18, 0xE4, 0xCF, 0x51, 0x8B, 0x79, 0x8D, 0x68, 0x25, 0x46,
    0xFD, 0x71, 0x28, 0x98, 0x63, 0x81, 0x7D, 0x43, 0x30, 0x38, 0x6F, 0x9B, 0x60, 0x37, 0x55, 0xA9,
    0xFA, 0xFD, 0x33, 0xD8, 0x5B, 0xC8, 0x31, 0x92, 0x7B, 0x1E, 0xF6, 0x7E, 0x81, 0xDD, 0x9C, 0x83,
    0xBD, 0x4C, 0x82, 0x49, 0xF3, 0x19, 0xD8, 0xAF, 0x13, 0xC8, 0xE6, 0x09, 0xEC, 0xCF, 0xEC, 0xF8,
    0xF7, 0x59, 0x3F, 0x26, 0x22, 0x1F, 0x27, 0xD8, 0xFF, 0x01, 0x7D, 0x56, 0x3D, 0x8F, 0xDC, 0x54,
    0x14, 0xBD, 0xB6, 0xA5, 0xB8, 0xB0, 0x76, 0x1F, 0x65, 0x42, 0x12, 0x4C, 0xB1, 0xE5, 0x06, 0x37,
    0x48, 0xAC, 0x94, 0x61, 0x6D, 0xA5, 0xA1, 0x48, 0x91, 0xF4, 0xB4, 0x54, 0x08, 0x69, 0x29, 0x28,
    0xB6, 0x40, 0xB2, 0x51, 0x8A, 0xB4, 0xF9, 0x07, 0xA4, 0x48, 0x43, 0x1A, 0x56, 0x28, 0x05, 0x05,
    0xEC, 0xBC, 0xDD, 0x2D, 0x52, 0x20, 0x21, 0x8B, 0x02, 0x2A, 0x14, 0x4B, 0x6C, 0x89, 0xC4, 0xD3,
    0xCA, 0x02, 0x03, 0xB6, 0x1F, 0xE7, 0xDC, 0x37, 0x33, 0xBB, 0x69, 0x18, 0x69, 0x8E, 0x66, 0x3C,
    0xEF, 0xDD, 0x8F, 0x73, 0xCF, 0xBD, 0x77, 0x44, 0xA2, 0x53, 0x2B, 0x12, 0x9F, 0x35, 0x22, 0xC9,
    0x63, 0x11, 0x49, 0x3D, 0x60, 0xE9, 0xAD, 0x24, 0x73, 0xEE, 0x24, 0xFF, 0xBD, 0xE8, 0xA5, 0xFE,
    0xE4, 0xEE, 0x28, 0xF3, 0xDE, 0x7B, 0x63, 0x32, 0xBE, 0xFB, 0xCD, 0x98, 0xBA, 0x23, 0xD7, 0x1B,
    0xD7, 0xB5, 0x62, 0xDA, 0x9F, 0xAC, 0xE4, 0xA7, 0x67, 0x56, 0x8A, 0x33, 0xDC, 0x2F, 0x1F, 0x7D,
    0x20, 0x52, 0xDE, 0x37, 0x00, 0xB3, 0x0D, 0xD8, 0xBA, 0x05, 0xB8, 0xB5, 0x0B, 0x58, 0xEC, 0x01,
    0x0E, 0x3F, 0x05, 0xB8, 0xA3, 0x1B, 0x92, 0xBB, 0xAE, 0x16, 0xD3, 0xB5, 0x5E, 0xB2, 0x8B, 0x93,
    0x59, 0x12, 0x7F, 0x36, 0x02, 0xBC, 0x93, 0xE4, 0x81, 0xAF, 0x24, 0xC3, 0x7D, 0xE1, 0x7D, 0xE1,
    0x7D, 0xE1, 0x7D, 0xBC, 0x6E, 0xE2, 0x17, 0xD1, 0x33, 0xF3, 0xBD, 0x41, 0x4C, 0x1F, 0x8F, 0x92,
    0x77, 0xD1, 0x24, 0x85, 0x05, 0x94, 0x56, 0x14, 0x3E, 0xC2, 0x57, 0x9C, 0xCD, 0x01, 0xB0, 0xE7,
    0x09, 0x33, 0x3E, 0x3A, 0xB9, 0x02, 0xC6, 0xFB, 0x91, 0x30, 0xE0, 0xA3, 0x1E, 0x86, 0x5D, 0xD9,
    0xA7, 0x8B, 0x11, 0xEF, 0x98, 0xC7, 0xF4, 0x79, 0x09, 0x03, 0xB6, 0x06, 0x34, 0x4B, 0x40, 0x25,
    0xC5, 0x1C, 0xC3, 0x62, 0xE1, 0x23, 0x3F, 0x21, 0x10, 0x49, 0xAC, 0x44, 0x5E, 0xD2, 0x46, 0x62,
    0x5F, 0x65, 0x95, 0x24, 0x5F, 0x37, 0x08, 0x3B, 0xF9, 0xD2, 0x12, 0x1F, 0x10, 0x53, 0x63, 0xDF,
    0xC2, 0x11, 0xBC, 0x5C, 0x4C, 0xEC, 0xC4, 0x24, 0x6E, 0x21, 0xB2, 0x4D, 0x64, 0x74, 0xDE, 0xA6,
    0x8A, 0xB2, 0x90, 0x11, 0xCC, 0x00, 0x8F, 0x88, 0xDF, 0x21, 0x82, 0x43, 0xF9, 0xBE, 0x13, 0x79,
    0x21, 0xFB, 0xAD, 0x88, 0x63, 0x62, 0x1B, 0x44, 0x7E, 0xA5, 0xB7, 0x79, 0x23, 0xB5, 0xB7, 0xA6,
    0x62, 0x94, 0xB3, 0x22, 0xCC, 0x4B, 0x34, 0x65, 0x03, 0xD3, 0x00, 0x21, 0x12, 0xA1, 0x5E, 0xC8,
    0x66, 0x94, 0x1A, 0xF1, 0x0C, 0x40, 0x8D, 0xC1, 0xA9, 0x5F, 0x27, 0xA9, 0x93, 0x63, 0x91, 0xCC,
    0x81, 0x35, 0xD4, 0x21, 0x51, 0x2A, 0xEA, 0x4E, 0xB9, 0x81, 0xB5, 0xDC, 0x9F, 0xC3, 0x4C, 0xD1,
    0x90, 0x93, 0x32, 0x60, 0xA5, 0xA8, 0x85, 0xA8, 0x15, 0x97, 0x8A, 0xB3, 0xE2, 0xA4, 0x3F, 0xFA,
    0x5E, 0x65, 0x43, 0xFE, 0xAE, 0x3D, 0x6F, 0xE4, 0xCD, 0x67, 0x06, 0xA9, 0x95, 0x43, 0x8C, 0xF8,
    0x6E, 0x76, 0xE4, 0x36, 0x43, 0x68, 0x71, 0x0B, 0x66, 0xC6, 0xA4, 0xDD, 0x56, 0x44, 0x65, 0x87,
    0xAC, 0x5D, 0x48, 0x34, 0x98, 0x76, 0x4F, 0xF1, 0x08, 0x58, 0xB4, 0x0E, 0x58, 0xDA, 0x0E, 0x78,
    0xF7, 0xD4, 0x6A, 0x21, 0x46, 0xC5, 0x41, 0xE2, 0xFE, 0x97, 0x1F, 0x90, 0xD6, 0x9F, 0x2F, 0x7F,
    0x04, 0xFE, 0xF5, 0xF8, 0x57, 0xA0, 0x4F, 0x61, 0x3B, 0x9E, 0xD3, 0x81, 0xE9, 0x22, 0xA5, 0x35,
    0xF6, 0x59, 0xCB, 0x72, 0x66, 0xD4, 0x76, 0x97, 0x51, 0xDC, 0x36, 0xD3, 0x70, 0x25, 0x7A, 0x82,
    0xF7, 0x12, 0xE9, 0x66, 0x1E, 0x47, 0x84, 0x27, 0x58, 0x72, 0x70, 0x33, 0x41, 0xFC, 0x9E, 0x32,
    0x28, 0x90, 0x70, 0xED, 0x69, 0x1D, 0x60, 0xBE, 0xF0, 0x54, 0x08, 0x18, 0xFB, 0x96, 0xB9, 0x3A,
    0x24, 0x13, 0x13, 0x92, 0x0E, 0x2C, 0xA7, 0x6D, 0x3C, 0x48, 0xD6, 0xC6, 0x3D, 0x9A, 0x01, 0xF2,
    0x32, 0x9D, 0x71, 0x4F, 0xB2, 0xBE, 0xBE, 0xB0, 0x89, 0xFF, 0x0D, 0x64, 0xCE, 0xF1, 0x20, 0x97,
    0x2F, 0x2A, 0xC9, 0x12, 0x1A, 0x9A, 0xEE, 0xE8, 0x48, 0xDD, 0xF9, 0x27, 0x30, 0x9E, 0x68, 0xB1,
    0x8C, 0x23, 0xDB, 0x2C, 0x33, 0x6A, 0x8C, 0x0F, 0x2B, 0x92, 0xA3, 0x31, 0x90, 0x4C, 0x3D, 0x97,
    0x0C, 0x54, 0x12, 0xF2, 0xCD, 0x4A, 0x6E, 0x50, 0x19, 0x22, 0xF6, 0x5A, 0xDB, 0xCD, 0xF3, 0x24,
    0x60, 0x2F, 0x49, 0x4B, 0x2D, 0xC0, 0x43, 0xC4, 0xE6, 0xA1, 0x8A, 0x29, 0xAA, 0xB2, 0xAB, 0x1B,
    0x96, 0x9E, 0x7E, 0x22, 0x1F, 0x54, 0xE0, 0xC7, 0x9C, 0x50, 0xA0, 0xCE, 0x63, 0x89, 0x08, 0x86,
    0xF7, 0x01, 0xFD, 0xE7, 0x48, 0xDF, 0xED, 0xE0, 0xF2, 0x53, 0x2A, 0x8B, 0xC2, 0xBA, 0x0E, 0xF8,
    0x67, 0x60, 0xB7, 0xE1, 0x5E, 0x3E, 0x31, 0x2B, 0xB6, 0xD8, 0x1F, 0xDD, 0x1B, 0xB2, 0x65, 0x7E,
    0x56, 0x5B, 0xA0, 0xB8, 0xF8, 0x9B, 0x53, 0x85, 0xAE, 0x98, 0xF8, 0x9E, 0xAA, 0x49, 0xA1, 0x5E,
    0x4B, 0xA9, 0x64, 0x46, 0x4B, 0x02, 0xB3, 0x0B, 0x8A, 0x66, 0xD4, 0x13, 0x8B, 0x1B, 0xB4, 0x4C,
    0xE5, 0x0E, 0xDA, 0x4F, 0x7D, 0x50, 0x34, 0x33, 0xAA, 0x35, 0xBB, 0x3A, 0xF4, 0x53, 0xA7, 0xD8,
    0x6E, 0x14, 0x7D, 0xB0, 0x51, 0x74, 0x71, 0x55, 0xD1, 0x57, 0xB4, 0x5C, 0x5E, 0xD1, 0xF2, 0xF1,
    0xFF, 0x29, 0x5A, 0xD8, 0x99, 0x78, 0xED, 0x11, 0x3E, 0xA3, 0xAD, 0x59, 0xC5, 0xD1, 0x49, 0x3E,
    0x80, 0xEA, 0xBA, 0x41, 0x14, 0x18, 0x64, 0x74, 0x9C, 0xB6, 0x78, 0x90, 0xB6, 0xA6, 0x95, 0xD4,
    0xEA, 0x34, 0xD2, 0x16, 0x7A, 0x3D, 0xDD, 0xE0, 0x66, 0x46, 0x5C, 0x6E, 0xC6, 0x64, 0x7B, 0x3A,
    0xF3, 0xF1, 0xCC, 0x27, 0x4B, 0x3A, 0xAF, 0x39, 0x8B, 0x4A, 0xE6, 0x5D, 0x5A, 0x10, 0xAD, 0xF9,
    0x64, 0x13, 0xD2, 0x8D, 0x95, 0x95, 0x9A, 0x29, 0x45, 0x54, 0x4F, 0x4C, 0xFB, 0xC9, 0x06, 0xA4,
    0xD0, 0x0A, 0x80, 0x64, 0xD3, 0x15, 0x2D, 0x44, 0x94, 0x71, 0x6C, 0x90, 0xA0, 0x0A, 0xB0, 0x1F,
    0x84, 0x90, 0x75, 0x9B, 0x09, 0x57, 0x65, 0x2C, 0xB2, 0x96, 0x5B, 0x74, 0x72, 0xC6, 0x9E, 0x69,
    0x0F, 0x61, 0xF8, 0xB9, 0x48, 0x39, 0x65, 0xA1, 0x55, 0x4D, 0xA6, 0x93, 0x1B, 0x04, 0x8E, 0x6E,
    0x48, 0xC7, 0x70, 0x7A, 0xA4, 0x13, 0xE2, 0x53, 0x1E, 0x94, 0x11, 0x61, 0x77, 0xAC, 0x81, 0x7E,
    0xAE, 0x0D, 0x4A, 0x61, 0x23, 0xE9, 0xBF, 0x2F, 0x3B, 0x2E, 0x09, 0xC4, 0x92, 0x3C, 0x1A, 0x64,
    0x4C, 0x1F, 0x0D, 0x49, 0x9F, 0xDD, 0xEB, 0x33, 0x67, 0xE4, 0xA1, 0xE1, 0x54, 0xC8, 0x39, 0x34,
    0x0B, 0xCC, 0x4C, 0xC4, 0x75, 0x87, 0xA5, 0xD9, 0x25, 0x61, 0x8B, 0x0D, 0x1C, 0x12, 0x5E, 0x10,
    0x8E, 0x08, 0x8E, 0xE7, 0xDC, 0x1D, 0xB0, 0xDB, 0x2D, 0x25, 0x3F, 0xC1, 0x2E, 0x31, 0x17, 0xA7,
    0x53, 0xD8, 0x25, 0xA2, 0x01, 0xE5, 0x9C, 0x8C, 0x29, 0x79, 0xCF, 0x08, 0xDC, 0x2A, 0x0A, 0xAA,
    0x12, 0x8E, 0xDE, 0xF9, 0xB2, 0x31, 0xAF, 0x48, 0xBE, 0xAA, 0x45, 0x75, 0x3F, 0xEC, 0x07, 0xDD,
    0x4F, 0xD2, 0x63, 0x34, 0x8B, 0x0B, 0x2D, 0xB8, 0xD2, 0xBD, 0xAC, 0xFA, 0x4F, 0x19, 0xD5, 0x2E,
    0x5B, 0x53, 0xB4, 0x86, 0x76, 0xB5, 0x87, 0x94, 0x57, 0x55, 0x61, 0x4E, 0xA0, 0x5F, 0x21, 0xED,
    0xB8, 0xA6, 0x2A, 0xF3, 0x1B, 0x4D, 0xD4, 0xD4, 0x29, 0x2A, 0x51, 0x84, 0x11, 0xB4, 0x5C, 0x0B,
    0x51, 0xBD, 0x15, 0x6C, 0x57, 0x5D, 0x81, 0x74, 0x1B, 0x4F, 0x9B, 0x5B, 0xE5, 0x25, 0x34, 0x2B,
    0x6F, 0xC1, 0xAF, 0x96, 0x58, 0xC3, 0x30, 0x4A, 0x04, 0x5B, 0x4F, 0xBE, 0xC2, 0xFB, 0xE3, 0xE7,
    0xCF, 0x68, 0x0B, 0x56, 0x3F, 0x9C, 0x1F, 0xC2, 0x96, 0x26, 0x33, 0xC4, 0xCC, 0xE8, 0x1D, 0xC0,
    0xC5, 0xC4, 0xC3, 0x9C, 0x8E, 0xE4, 0x87, 0x5B, 0x21, 0xF1, 0xED, 0x75, 0x31, 0xAF, 0x4E, 0x06,
    0xD9, 0xCA, 0x5F, 0x39, 0x46, 0xC9, 0x06, 0xED, 0x29, 0x97, 0x2A, 0x6A, 0x72, 0x6C, 0x41, 0xB7,
    0xBF, 0x04, 0x01, 0x6F, 0x1F, 0x87, 0x95, 0x82, 0xC1, 0x8B, 0xB9, 0x68, 0x01, 0xA6, 0x02, 0x69,
    0xC7, 0x70, 0x71, 0x73, 0x20, 0xED, 0x5C, 0x99, 0x43, 0x60, 0xBB, 0xE1, 0x9A, 0xE1, 0x97, 0xC8,
    0x2B, 0x0F, 0xAA, 0x7C, 0x2E, 0xF1, 0x8A, 0x3C, 0xA3, 0x53, 0x41, 0x34, 0x72, 0x09, 0x08, 0x06,
    0x90, 0x1C, 0x08, 0x2F, 0x95, 0xF1, 0x99, 0x94, 0x53, 0x97, 0x59, 0x77, 0xE0, 0xB4, 0x9C, 0x0D,
    0x79, 0x3D, 0x5F, 0x27, 0x1D, 0xF2, 0x0F, 0x54, 0x18, 0x2D, 0x73, 0xAE, 0x13, 0xF3, 0xB5, 0xD5,
    0xB5, 0x0C, 0x7F, 0x2A, 0xCE, 0x65, 0xA5, 0x78, 0xD6, 0xF1, 0x3E, 0xEB, 0xB8, 0xF9, 0xF7, 0x61,
    0x6E, 0x6B, 0x41, 0x2A, 0x82, 0xE3, 0x72, 0x1D, 0xC3, 0x6E, 0xD5, 0x71, 0x14, 0x13, 0x10, 0xD7,
    0xCC, 0xB0, 0x20, 0x3B, 0xC7, 0x55, 0xE0, 0x10, 0x5C, 0xE6, 0x0E, 0x2C, 0xBC, 0x4E, 0xAB, 0x89,
    0x8A, 0xBD, 0x8A, 0x7F, 0x48, 0x36, 0xE5, 0xE6, 0x66, 0x02, 0x0D, 0x9B, 0x9A, 0xAC, 0x68, 0x7B,
    0xD7, 0xB4, 0xB3, 0x0C, 0x76, 0xD8, 0x4F, 0xD1, 0xD2, 0x16, 0xD4, 0x46, 0xAD, 0x02, 0xBE, 0x8D,
    0x00, 0x64, 0x97, 0x7F, 0x7F, 0x16, 0x8B, 0x35, 0xEC, 0xEC, 0x88, 0xFC, 0x07, 0x9D, 0x92, 0x3D,
    0x4E, 0xC3, 0x40, 0x10, 0x85, 0x27, 0x5E, 0xC1, 0x4A, 0xB8, 0x58, 0x1A, 0x6A, 0xDF, 0x80, 0x34,
    0x14, 0x14, 0x28, 0xEB, 0x43, 0x00, 0x27, 0xA1, 0x42, 0x88, 0xF8, 0x3A, 0xD9, 0x2A, 0x05, 0x45,
    0x0A, 0x22, 0x2F, 0x4A, 0x41, 0x41, 0xE3, 0x1B, 0xE0, 0x1B, 0xB0, 0x12, 0x91, 0x58, 0x11, 0x13,
    0x33, 0x3F, 0x76, 0x9C, 0x94, 0x30, 0xC5, 0xA7, 0x38, 0x9E, 0x79, 0x33, 0xEF, 0x25, 0x00, 0x52,
    0xAA, 0x20, 0x66, 0xFC, 0xF9, 0x81, 0x30, 0x5A, 0x13, 0xD3, 0x8A, 0x38, 0xCE, 0x89, 0x4B, 0xEE,
    0xE3, 0xAF, 0x4D, 0x4D, 0xB4, 0x05, 0x9C, 0xB9, 0x59, 0xBB, 0x57, 0x96, 0x1B, 0x4D, 0x35, 0x74,
    0xCA, 0x54, 0xA7, 0x90, 0x7A, 0x56, 0x0E, 0xC3, 0x96, 0x6E, 0xA3, 0x6C, 0x97, 0x4A, 0xF2, 0xBD,
    0xC5, 0xAC, 0x51, 0x36, 0x34, 0xD5, 0xB6, 0x48, 0xFD, 0xF9, 0x8E, 0x1A, 0xD9, 0xEA, 0x15, 0x35,
    0xAC, 0x7A, 0xC1, 0x17, 0x8D, 0xF2, 0x16, 0x54, 0xD0, 0xDE, 0x14, 0xA6, 0xD0, 0x5E, 0xD5, 0x13,
    0xD0, 0x1E, 0xE2, 0x25, 0xF1, 0xAA, 0x5F, 0x79, 0xC0, 0xEA, 0x6F, 0xEC, 0xF2, 0xE1, 0xD9, 0x44,
    0x4E, 0x7F, 0x16, 0x4F, 0x30, 0x34, 0x25, 0x07, 0x66, 0x0B, 0xC9, 0xC8, 0xCD, 0xAE, 0x41, 0x45,
    0x0E, 0x66, 0x2B, 0xE4, 0xD6, 0xC8, 0x63, 0xF5, 0xD0, 0xB9, 0x1C, 0x14, 0x3A, 0xDB, 0xC3, 0x16,
    0xD9, 0x28, 0xDB, 0xA5, 0x8E, 0x8B, 0xFF, 0xB8, 0x18, 0x12, 0x38, 0xA5, 0x64, 0x30, 0x1A, 0xCA,
    0x67, 0x4C, 0x5C, 0xA7, 0x5E, 0x7B, 0x5D, 0x25, 0x41, 0xF9, 0x2C, 0xA7, 0x3C, 0x1F, 0x39, 0x5B,
    0x3C, 0xD3, 0xAC, 0xDE, 0xF0, 0x4C, 0xF5, 0xF5, 0x41, 0x2B, 0xE5, 0x7A, 0xDB, 0xB0, 0x37, 0xBE,
    0x8A, 0x74, 0xEE, 0xDD, 0x0D, 0xBE, 0xC2, 0xF2, 0x02, 0xFA, 0xF1, 0x36, 0xE4, 0x2D, 0x92, 0xCD,
    0x68, 0x11, 0x0B, 0x83, 0x7D, 0x0B, 0x8D, 0x23, 0x8B, 0xD1, 0x0F, 0x02, 0xCA, 0x1C, 0x9E, 0x60,
    0x5C, 0xC3, 0x1D, 0xA4, 0x11, 0xA1, 0xB6, 0x08, 0x68, 0x0B, 0x84, 0xAD, 0x2E, 0x3A, 0xF1, 0xDE,
    0xF1, 0xD1, 0xAD, 0x0B, 0x06, 0x95, 0x23, 0x83, 0x2C, 0x10, 0x26, 0x14, 0x56, 0x44, 0xA8, 0x80,
    0xC8, 0x3C, 0x62, 0x0A, 0x6B, 0x48, 0x1A, 0x08, 0x90, 0x06, 0x84, 0xAD, 0x10, 0x78, 0x4C, 0x50,
    0xB8, 0x31, 0x18, 0x9C, 0x99, 0x5B, 0xBC, 0x6A, 0x3E, 0x45, 0x27, 0xF3, 0x73, 0x38, 0x28, 0x7E,
    0xE4, 0x17, 0xDC, 0xC2, 0xCD, 0x3C, 0xC6, 0x02, 0x22, 0xC5, 0xA2, 0x2C, 0x0F, 0x25, 0xF4, 0x2B,
    0x75, 0xE8, 0xCF, 0x90, 0x83, 0x4C, 0x3C, 0x71, 0xAE, 0xDC, 0x5D, 0xDA, 0xFD, 0x6F, 0xD8, 0x11,
    0x7B, 0xEB, 0x5C, 0xB2, 0x5F, 0xB4, 0xC1, 0x19, 0x70, 0x1A, 0x92, 0x0B, 0x27, 0x44, 0x59, 0x71,
    0x6A, 0x91, 0x82, 0xDE, 0x50, 0x14, 0x2D, 0xA7, 0xFF, 0xED, 0x5C, 0xCE, 0x11, 0xFF, 0x02, 0xD5,
    0x55, 0xB1, 0x6E, 0xD4, 0x40, 0x10, 0x1D, 0x7B, 0x85, 0x2C, 0x61, 0x09, 0x53, 0xA2, 0x50, 0x6C,
    0x8F, 0xC4, 0xF9, 0x07, 0x2E, 0xB1, 0x21, 0x9F, 0xC1, 0x1F, 0xD0, 0xD0, 0x52, 0x5C, 0x64, 0x4B,
    0x94, 0x34, 0x14, 0x7C, 0x00, 0x05, 0x05, 0xB8, 0xA2, 0x48, 0x91, 0x22, 0xE0, 0xED, 0x28, 0x28,
    0xE2, 0x8E, 0x76, 0xFF, 0x20, 0x96, 0x70, 0x61, 0x21, 0xDB, 0xCB, 0xBC, 0xD9, 0x8B, 0x7D, 0x71,
    0x10, 0x3D, 0x5B, 0xBC, 0x6C, 0xBC, 0xE3, 0x37, 0x6F, 0xE6, 0xCD, 0xFA, 0x48, 0x4F, 0x44, 0xE4,
    0x9C, 0x25, 0x6A, 0x74, 0xCF, 0xDB, 0x70, 0x24, 0x3C, 0x00, 0x64, 0x39, 0xC0, 0x30, 0xA4, 0x33,
    0x68, 0x43, 0xF1, 0xC4, 0x50, 0xBB, 0x6B, 0xA3, 0xA6, 0xC0, 0x99, 0xA4, 0xE5, 0x03, 0x7E, 0x90,
    0x9A, 0xAC, 0xA4, 0xB4, 0x2C, 0xF0, 0x5A, 0xCD, 0x40, 0x0C, 0x05, 0x60, 0x64, 0x08, 0x06, 0xDE,
    0xAB, 0x8E, 0xC9, 0x12, 0x4B, 0xA9, 0x2D, 0x4A, 0x8A, 0x1D, 0xE7, 0x0D, 0x90, 0x96, 0x57, 0x02,
    0x66, 0xCF, 0x4F, 0x59, 0x23, 0xF9, 0x71, 0x10, 0x5C, 0x03, 0xD5, 0x55, 0xCB, 0x18, 0xBD, 0x05,
    0x26, 0x51, 0xC7, 0xF8, 0x54, 0x41, 0xE8, 0x56, 0xF0, 0x5C, 0x0D, 0x8C, 0x6D, 0xC8, 0xA8, 0x4C,
    0xC0, 0xDA, 0x23, 0x43, 0xCC, 0x9C, 0x48, 0x09, 0x1B, 0xC1, 0x2D, 0x41, 0xC6, 0x05, 0xCB, 0xC9,
    0x89, 0x49, 0xB2, 0x32, 0x6C, 0x50, 0x96, 0x32, 0xC0, 0x24, 0x47, 0x62, 0x8D, 0xCA, 0x9A, 0xCC,
    0xF1, 0xB2, 0x82, 0x4D, 0x01, 0x34, 0x4E, 0xD6, 0x50, 0xCB, 0x9F, 0x1E, 0xC4, 0x48, 0xF4, 0x7F,
    0xFD, 0x39, 0x72, 0xEF, 0xE9, 0xC5, 0xF4, 0x8E, 0xCB, 0x60, 0x9B, 0x87, 0x97, 0xD5, 0x27, 0xAA,
    0xAA, 0x8F, 0x47, 0x55, 0x55, 0x7D, 0x26, 0x94, 0x3A, 0x51, 0xF6, 0xBB, 0xAA, 0x1C, 0xB1, 0x8F,
    0xEC, 0x51, 0x3C, 0xC0, 0x3A, 0x35, 0x02, 0x03, 0x07, 0xA4, 0xBA, 0xA4, 0xA3, 0x1B, 0x5B, 0x74,
    0x2B, 0x76, 0xA1, 0xF1, 0x24, 0x8D, 0xA7, 0x70, 0x12, 0x07, 0x5D, 0x4E, 0x37, 0xB3, 0xB2, 0xF7,
    0x51, 0xCB, 0x93, 0x13, 0x39, 0xF5, 0x91, 0xF2, 0x6E, 0x64, 0x17, 0xC3, 0x99, 0x3C, 0x20, 0xBA,
    0xC4, 0xBF, 0x01, 0x53, 0x26, 0xA5, 0xE2, 0x10, 0x5D, 0xE2, 0x30, 0x2D, 0x53, 0x04, 0x94, 0x62,
    0xC3, 0x2D, 0x84, 0x17, 0x76, 0x01, 0x9A, 0x57, 0x2C, 0xA8, 0x05, 0xB7, 0x82, 0x9D, 0xA4, 0x95,
    0x90, 0x48, 0x12, 0x26, 0xF2, 0xF8, 0x58, 0xF0, 0x02, 0x10, 0x88, 0x26, 0xE5, 0x0F, 0x45, 0xF0,
    0x46, 0x0E, 0x77, 0x82, 0xFE, 0x50, 0x0A, 0x4F, 0x4A, 0xA9, 0x6C, 0x4D, 0xAE, 0x84, 0x3C, 0x36,
    0x4B, 0xE6, 0x03, 0x72, 0x7A, 0x28, 0x78, 0x8F, 0xDB, 0x52, 0xDB, 0xDA, 0x16, 0x36, 0x2D, 0x97,
    0xE8, 0x5B, 0x23, 0x9F, 0xEF, 0xBB, 0x41, 0xB0, 0x00, 0xEB, 0xEB, 0xD2, 0xB6, 0x7D, 0xF3, 0x7C,
    0xBA, 0x76, 0xC1, 0xA8, 0x59, 0x93, 0x71, 0x01, 0x4F, 0x3E, 0x40, 0x63, 0xDD, 0x89, 0x6F, 0xBD,
    0x88, 0x19, 0xA4, 0x98, 0x11, 0x6D, 0xA6, 0x6F, 0xA2, 0xBA, 0x90, 0xC2, 0x32, 0xF1, 0x23, 0x3B,
    0x05, 0x8D, 0x7E, 0x03, 0x82, 0xE4, 0xBB, 0xE0, 0x0F, 0xA8, 0x8C, 0xAF, 0x25, 0x93, 0x7C, 0x06,
    0x94, 0x58, 0x1C, 0x8A, 0x8E, 0x60, 0x58, 0x8A, 0xAF, 0x2D, 0xC5, 0x23, 0x45, 0x8E, 0x2F, 0xB8,
    0xCB, 0x13, 0xE7, 0x9E, 0xF3, 0x85, 0xC9, 0x9E, 0xB9, 0x9F, 0xDD, 0xE3, 0x76, 0x4B, 0xA9, 0xCB,
    0xC3, 0x76, 0x87, 0x00, 0x6A, 0x5F, 0x0B, 0x45, 0xB7, 0xA3, 0xD0, 0x95, 0xD4, 0x1E, 0xF3, 0xDD,
    0xB7, 0x41, 0xCB, 0xDE, 0xBE, 0x1A, 0x23, 0xAB, 0xDD, 0x14, 0xF3, 0x7B, 0xB1, 0xEB, 0x42, 0xE7,
    0x78, 0xE4, 0xF8, 0x1B, 0xD2, 0x7B, 0x23, 0x7D, 0x0E, 0xE4, 0x0B, 0x7F, 0x0D, 0x62, 0x61, 0xBF,
    0x32, 0xC2, 0x77, 0xEC, 0x4C, 0xF0, 0x72, 0xDD, 0x31, 0x12, 0x9A, 0xA0, 0xFF, 0x7B, 0xF7, 0xEE,
    0xA2, 0x1F, 0xCC, 0xD8, 0x63, 0x73, 0xD0, 0xD5, 0x43, 0x94, 0xE4, 0xDA, 0x4B, 0xC8, 0xD7, 0x42,
    0x4E, 0xEE, 0xC8, 0xE9, 0xE7, 0x19, 0xD3, 0xA7, 0x20, 0xCE, 0xAE, 0xF0, 0x6A, 0x36, 0x2D, 0xF5,
    0xC5, 0x3D, 0x3D, 0x48, 0x1D, 0xE9, 0x13, 0x6D, 0x36, 0x97, 0xAA, 0x3B, 0xBB, 0x20, 0x37, 0x9C,
    0xF3, 0x17, 0x92, 0x0E, 0xD6, 0x3F, 0x62, 0x1E, 0xCD, 0xF3, 0x78, 0x7E, 0x33, 0xB0, 0xA1, 0xA1,
    0x62, 0xBE, 0x1D, 0x85, 0xBF, 0x22, 0x12, 0xF1, 0x05, 0x5A, 0x9A, 0xFD, 0xB8, 0xAF, 0x6F, 0xD1,
    0x1C, 0x41, 0xD6, 0x73, 0x70, 0x18, 0xB4, 0xAA, 0x43, 0x21, 0x28, 0x36, 0xC4, 0x4D, 0x87, 0x45,
    0xF0, 0x72, 0xD9, 0xC8, 0x4F, 0x47, 0x26, 0xD5, 0x81, 0x20, 0x92, 0x12, 0x0B, 0x6C, 0xE3, 0x69,
    0x3F, 0x2B, 0xF3, 0x16, 0x70, 0xFF, 0x80, 0x76, 0xFE, 0xD2, 0x1A, 0x9A, 0x9B, 0xEC, 0x7F, 0x8A,
    0xC0, 0xEC, 0xE7, 0xE1, 0xEE, 0x16, 0xC1, 0xB5, 0xD9, 0x93, 0x82, 0xFE, 0xF6, 0x26, 0xB1, 0xAB,
    0x2C, 0x90, 0xC6, 0x39, 0x5A, 0x81, 0x3F, 0xB5, 0x94, 0x31, 0x8E, 0xD4, 0x40, 0x10, 0x45, 0xCB,
    0xB6, 0x84, 0x03, 0x07, 0x26, 0x20, 0x9F, 0x1B, 0xEC, 0x5C, 0x60, 0x85, 0x7D, 0x04, 0x6E, 0x42,
    0x42, 0xBC, 0x3D, 0x62, 0x03, 0x2E, 0xC5, 0xAC, 0x07, 0x11, 0x6E, 0xC0, 0x88, 0x0B, 0xE0, 0x1B,
    0xD0, 0x48, 0x13, 0x58, 0xA2, 0xED, 0xA6, 0xEA, 0x57, 0x95, 0xED, 0x25, 0x06, 0x27, 0x55, 0x92,
    0xBB, 0xDB, 0xBF, 0x5E, 0xFF, 0x6F, 0x22, 0xA2, 0x66, 0xA6, 0xE1, 0xCA, 0x95, 0x86, 0xFC, 0x29,
    0x27, 0xAE, 0xE5, 0xD4, 0xFD, 0x78, 0x9C, 0xB9, 0xA9, 0xC7, 0x26, 0xD3, 0x67, 0x6E, 0xDA, 0x0B,
    0x9D, 0x65, 0x05, 0x1D, 0x4F, 0x94, 0xD0, 0x74, 0xBC, 0x0A, 0x4D, 0xA0, 0xEA, 0x86, 0xE6, 0x89,
    0xAA, 0x88, 0x66, 0xA6, 0x1A, 0xCD, 0xFB, 0xCC, 0x8F, 0x2C, 0x92, 0x9A, 0x65, 0x51, 0x91, 0xA8,
    0xC5, 0x97, 0x78, 0x2F, 0x1F, 0xB9, 0x6F, 0xF8, 0x10, 0x6B, 0x22, 0x1D, 0xBC, 0xE1, 0xAF, 0x89,
    0x0A, 0x6F, 0x9A, 0x48, 0x5D, 0x8F, 0x66, 0xE4, 0xEF, 0xCB, 0xC3, 0xA7, 0x59, 0x73, 0x61, 0x21,
    0xD6, 0x3C, 0x79, 0xA3, 0x92, 0xF9, 0xB4, 0xF4, 0x97, 0xF6, 0x7E, 0x1D, 0xA2, 0x98, 0x7C, 0x1A,
    0x1D, 0xE2, 0xC1, 0x87, 0x38, 0x7B, 0x93, 0x98, 0x82, 0xD4, 0xC2, 0x04, 0xDE, 0x55, 0xBF, 0x6E,
    0x07, 0x51, 0x11, 0x9E, 0xBF, 0x2E, 0x6F, 0xB1, 0x39, 0x97, 0x18, 0x93, 0xDA, 0xC9, 0x40, 0xCA,
    0xF3, 0x2A, 0x6B, 0xDB, 0xFD, 0xC4, 0xBB, 0x22, 0x55, 0xC9, 0x86, 0x49, 0x26, 0xCF, 0x45, 0x99,
    0x02, 0x32, 0x9C, 0x64, 0x34, 0xC9, 0x60, 0xD2, 0x3B, 0x63, 0x19, 0x0D, 0xE5, 0xB8, 0x23, 0x59,
    0x26, 0x3D, 0x89, 0x39, 0x82, 0x1A, 0x63, 0x3C, 0x5E, 0x76, 0xF0, 0x2A, 0x43, 0x26, 0xD5, 0x3E,
    0x1F, 0x8C, 0xE0, 0x60, 0x00, 0x17, 0x93, 0x33, 0x5B, 0x4D, 0x05, 0x6A, 0x91, 0x5A, 0xC0, 0x2B,
    0xD3, 0x3D, 0x64, 0x96, 0xB8, 0xC1, 0xAE, 0x2F, 0x31, 0x17, 0x1F, 0xB6, 0xEC, 0x65, 0x3F, 0x58,
    0x3D, 0x5B, 0x55, 0xBE, 0x02, 0x8D, 0xC0, 0x4C, 0x59, 0x86, 0x67, 0x9D, 0xBA, 0xCB, 0xFA, 0xBA,
    0x9D, 0x68, 0x7D, 0x9A, 0xB9, 0x24, 0x35, 0x61, 0x56, 0x63, 0xE8, 0x22, 0xB6, 0xE0, 0x0B, 0x81,
    0x7E, 0x89, 0x9D, 0x20, 0x00, 0xAF, 0x32, 0x99, 0xFB, 0x26, 0xE5, 0x05, 0x3B, 0x32, 0xAF, 0xCA,
    0x78, 0xC1, 0x8C, 0xBC, 0xB8, 0x89, 0xE6, 0xB7, 0xD1, 0xEA, 0x75, 0x67, 0x3B, 0x77, 0x9D, 0x73,
    0xE3, 0x4D, 0xDD, 0x69, 0x67, 0x39, 0x77, 0x1C, 0x6F, 0x0A, 0x7B, 0x9B, 0x71, 0x5D, 0x0A, 0x93,
    0xD7, 0xF0, 0xC2, 0xC3, 0x89, 0xE6, 0x3B, 0x95, 0x89, 0x28, 0xF1, 0x66, 0xDC, 0x1B, 0x6F, 0x0E,
    0xFD, 0x3F, 0xE6, 0x45, 0xC7, 0xC5, 0x88, 0x7D, 0x5C, 0x06, 0x35, 0x41, 0xF7, 0x6D, 0x3C, 0x46,
    0xA5, 0x36, 0xF4, 0xF5, 0x75, 0x9F, 0x87, 0xCD, 0xFE, 0x9B, 0xED, 0xB7, 0xF0, 0x6E, 0xE9, 0xD5,
    0xF8, 0x96, 0x9E, 0xDF, 0x9C, 0x7B, 0x0B, 0x30, 0xEE, 0x45, 0x7D, 0x17, 0xD6, 0xE4, 0x0E, 0x6B,
    0xB7, 0xAC, 0x34, 0xE7, 0x95, 0x67, 0x72, 0xA2, 0xB8, 0x2B, 0xE4, 0x18, 0x7F, 0x0D, 0x50, 0xC5,
    0x7D, 0x81, 0x2B, 0x34, 0x20, 0xCA, 0xD0, 0x80, 0x2C, 0xD7, 0xD1, 0xC5, 0x37, 0xE3, 0x6B, 0x4B,
    0x73, 0x3B, 0x7E, 0xB0, 0x38, 0xB7, 0xDF, 0x47, 0x1B, 0xA8, 0xCD, 0x17, 0x0B, 0x74, 0x9B, 0x7D,
    0xB4, 0xFA, 0xB6, 0x8F, 0xF4, 0x96, 0xE9, 0x2D, 0xD4, 0x6B, 0xAA, 0xD7, 0x58, 0x6F, 0xB9, 0xDE,
    0x82, 0xBD, 0x25, 0xFB, 0x65, 0xB4, 0x85, 0x7D, 0x18, 0xDF, 0x28, 0xFB, 0xC7, 0xDF, 0xCB, 0x64,
    0xEC, 0xBF, 0x20, 0x22, 0xC2, 0x9E, 0xC2, 0x26, 0x3F, 0x3A, 0xFB, 0x66, 0x74, 0x81, 0xB0, 0x20,
    0xD8, 0xC3, 0x84, 0x60, 0x0F, 0x15, 0x60, 0x2F, 0x46, 0xD4, 0x7F, 0xA7, 0x58, 0x51, 0x7F, 0x9E,
    0x62, 0x46, 0x65, 0x2F, 0x76, 0x54, 0xE2, 0xDD, 0xCA, 0x3E, 0x28, 0xFB, 0x83, 0xDE, 0xB5, 0x10,
    0xB7, 0xFB, 0x88, 0x7E, 0xEB, 0xEA, 0xE7, 0xE4, 0xEC, 0x71, 0x1F, 0x60, 0x8F, 0xFB, 0x50, 0xF6,
    0x93, 0xB3, 0xAF, 0x56, 0xF1, 0xDE, 0x89, 0xAE, 0x7B, 0x63, 0xDF, 0xC4, 0xE8, 0x03, 0xC9, 0xAF,
    0x00, 0xEC, 0x1B, 0x71, 0x09, 0x46, 0xC3, 0x29, 0xFF, 0x8B, 0xFD, 0x1F,
};

static const EpdGlyph sourceserif4_18_italicGlyphs[] = {
    { 0, 0, 141, 0, 0, 0, 0 }, // U+0020
    { 10, 27, 177, 1, 27, 68, 0 }, // !
    { 11, 12, 261, 5, 29, 33, 68 }, // "
    { 22, 25, 340, 0, 25, 138, 101 }, // #
    { 19, 33, 313, 1, 29, 157, 239 }, // $
    { 30, 27, 524, 2, 26, 203, 396 }, // %
    { 27, 27, 426, 1, 27, 183, 599 }, // &
    { 5, 12, 159, 5, 29, 15, 782 }, // '
    { 14, 36, 229, 2, 28, 126, 797 }, // (
    { 15, 36, 229, -3, 27, 135, 923 }, // )
    { 16, 16, 291, 3, 29, 64, 1058 }, // *
    { 18, 18, 323, 1, 22, 81, 1122 }, // +
    { 8, 12, 183, -1, 5, 24, 1203 }, // ,
    { 10, 2, 192, 1, 11, 5, 1227 }, // -
    { 6, 5, 183, 1, 5, 8, 1232 }, // .
    { 21, 34, 204, -5, 28, 179, 1240 }, // /
    { 18, 26, 311, 1, 26, 117, 1419 }, // 0
    { 13, 26, 238, 0, 26, 85, 1536 }, // 1
    { 19, 26, 316, 0, 26, 124, 1621 }, // 2
    { 18, 26, 311, 1, 26, 117, 1745 }, // 3
    { 19, 26, 313, 0, 26, 124, 1862 }, // 4
    { 19, 25, 302, 1, 25, 119, 1986 }, // 5
    { 18, 26, 314, 2, 26, 117, 2105 }, // 6
    { 19, 25, 284, 1, 25, 119, 2222 }, // 7
    { 18, 26, 311, 1, 26, 117, 2341 }, // 8
    { 17, 27, 308, 2, 26, 115, 2458 }, // 9
    { 9, 18, 183, 1, 18, 41, 2573 }, // :
    { 11, 25, 183, -1, 18, 69, 2614 }, // ;
    { 16, 19, 323, 2, 22, 76, 2683 }, // <
    { 18, 11, 323, 1, 18, 50, 2759 }, // =
    { 16, 19, 323, 3, 22, 76, 2809 }, // >
    { 17, 27, 271, 1, 27, 115, 2885 }, // ?
    { 31, 32, 530, 1, 26, 248, 3000 }, // @
    { 26, 26, 412, -2, 26, 169, 3248 }, // A
    { 23, 26, 380, -1, 26, 150, 3417 }, // B
    { 22, 27, 361, 1, 27, 149, 3567 }, // C
    { 27, 26, 426, -1, 26, 176, 3716 }, // D
    { 23, 26, 357, -1, 26, 150, 3892 }, // E
    { 24, 26, 335, -1, 26, 156, 4042 }, // F
    { 24, 27, 399, 1, 27, 162, 4198 }, // G
    { 31, 26, 464, -1, 26, 202, 4360 }, // H
    { 16, 26, 219, -1, 26, 104, 4562 }, // I
    { 20, 31, 214, -5, 26, 155, 4666 }, // J
    { 28, 26, 404, -1, 26, 182, 4821 }, // K
    { 22, 26, 345, -1, 26, 143, 5003 }, // L
    { 37, 26, 562, -1, 26, 241, 5146 }, // M
    { 31, 26, 440, -1, 26, 202, 5387 }, // N
    { 24, 27, 402, 1, 27, 162, 5589 }, // O
    { 23, 26, 345, -1, 26, 150, 5751 }, // P
    { 24, 36, 402, 1, 27, 216, 5901 }, // Q
    { 25, 26, 395, -1, 26, 163, 6117 }, // R
    { 19, 27, 301, 0, 27, 129, 6280 }, // S
    { 22, 26, 349, 2, 26, 143, 6409 }, // T
    { 26, 26, 431, 3, 26, 169, 6552 }, // U
    { 26, 26, 368, 1, 26, 169, 6721 }, // V
    { 36, 26, 531, 1, 26, 234, 6890 }, // W
    { 28, 26, 401, -1, 26, 182, 7124 }, // X
    { 24, 26, 339, 1, 26, 156, 7306 }, // Y
    { 23, 26, 327, -1, 26, 150, 7462 }, // Z
    { 15, 34, 199, 0, 28, 128, 7612 }, // [
    { 7, 34, 195, 3, 28, 60, 7740 }, // <backslash>
    { 15, 34, 199, -3, 27, 128, 7800 }, // ]
    { 15, 11, 323, 3, 19, 42, 7928 }, // ^
    { 21, 3, 313, -3, 1, 16, 7970 }, // _
    { 7, 9, 243, 7, 30, 16, 7986 }, // `
    { 19, 20, 321, 1, 20, 95, 8002 }, // a
    { 17, 29, 304, 2, 29, 124, 8097 }, // b
    { 15, 19, 252, 1, 19, 72, 8221 }, // c
    { 20, 29, 322, 1, 29, 145, 8293 }, // d
    { 15, 19, 252, 1, 19, 72, 8438 }, // e
    { 25, 38, 182, -7, 29, 238, 8510 }, // f
    { 22, 29, 299, -2, 20, 160, 8748 }, // g
    { 20, 29, 333, 1, 29, 145, 8908 }, // h
    { 11, 29, 187, 1, 29, 80, 9053 }, // i
    { 15, 39, 155, -4, 29, 147, 9133 }, // j
    { 18, 29, 291, 1, 29, 131, 9280 }, // k
    { 9, 30, 171, 2, 30, 68, 9411 }, // l
    { 30, 20, 501, 1, 20, 150, 9479 }, // m
    { 21, 20, 345, 1, 20, 105, 9629 }, // n
    { 17, 19, 300, 1, 19, 81, 9734 }, // o
    { 23, 29, 314, -3, 20, 167, 9815 }, // p
    { 17, 29, 302, 1, 20, 124, 9982 }, // q
    { 16, 21, 247, 1, 20, 84, 10106 }, // r
    { 15, 19, 224, 0, 19, 72, 10190 }, // s
    { 13, 24, 201, 1, 24, 78, 10262 }, // t
    { 21, 20, 349, 1, 20, 105, 10340 }, // u
    { 19, 20, 294, 0, 19, 95, 10445 }, // v
    { 29, 20, 448, 0, 19, 145, 10540 }, // w
    { 22, 19, 320, -1, 19, 105, 10685 }, // x
    { 23, 28, 294, -4, 19, 161, 10790 }, // y
    { 20, 20, 283, -1, 20, 100, 10951 }, // z
    { 15, 35, 228, 1, 28, 132, 11051 }, // {
    { 3, 39, 179, 4, 30, 30, 11183 }, // |
    { 15, 35, 228, -2, 28, 132, 11213 }, // }
    { 16, 6, 323, 2, 17, 24, 11345 }, // ~
    { 0, 0, 141, 0, 0, 0, 0 }, // U+00A0
    { 10, 27, 177, -1, 18, 68, 0 }, // U+00A1
    { 16, 28, 313, 2, 26, 112, 68 }, // U+00A2
    { 20, 26, 313, -1, 26, 130, 180 }, // U+00A3
    { 18, 18, 313, 1, 22, 81, 310 }, // U+00A4
    { 22, 25, 313, 0, 25, 138, 391 }, // U+00A5
    { 3, 39, 179, 4, 30, 30, 529 }, // U+00A6
    { 17, 32, 286, 1, 27, 136, 559 }, // U+00A7
    { 12, 4, 243, 5, 28, 12, 695 }, // U+00A8
    { 27, 27, 471, 2, 26, 183, 707 }, // U+00A9
    { 14, 14, 225, 3, 30, 49, 890 }, // U+00AA
    { 18, 17, 340, 2, 18, 77, 939 }, // U+00AB
    { 18, 9, 323, 1, 15, 41, 1016 }, // U+00AC
    { 10, 2, 192, 1, 11, 5, 1057 }, // U+00AD
    { 16, 15, 282, 3, 27, 60, 1062 }, // U+00AE
    { 10, 2, 243, 6, 26, 5, 1122 }, // U+00AF
    { 11, 10, 199, 3, 27, 28, 1127 }, // U+00B0
    { 18, 21, 323, 1, 21, 95, 1155 }, // U+00B1
    { 12, 16, 213, 3, 32, 48, 1250 }, // U+00B2
    { 12, 16, 213, 3, 32, 48, 1298 }, // U+00B3
    { 7, 9, 243, 7, 30, 16, 1346 }, // U+00B4
    { 21, 27, 325, -1, 20, 142, 1362 }, // U+00B5
    { 24, 31, 367, 2, 26, 186, 1504 }, // U+00B6
    { 6, 5, 183, 3, 15, 8, 1690 }, // U+00B7
    { 8, 9, 243, 0, 0, 18, 1698 }, // U+00B8
    { 10, 16, 213, 3, 32, 40, 1716 }, // U+00B9
    { 13, 13, 211, 3, 29, 43, 1756 }, // U+00BA
    { 19, 17, 340, 0, 18, 81, 1799 }, // U+00BB
    { 28, 27, 508, 2, 26, 189, 1880 }, // U+00BC
    { 29, 27, 524, 2, 26, 196, 2069 }, // U+00BD
    { 28, 27, 508, 2, 26, 189, 2265 }, // U+00BE
    { 17, 27, 271, -2, 18, 115, 2454 }, // U+00BF
    { 26, 34, 412, -2, 34, 221, 2569 }, // U+00C0
    { 26, 34, 412, -2, 34, 221, 2790 }, // U+00C1
    { 26, 33, 412, -2, 33, 215, 3011 }, // U+00C2
    { 26, 33, 412, -2, 33, 215, 3226 }, // U+00C3
    { 26, 33, 412, -2, 33, 215, 3441 }, // U+00C4
    { 26, 36, 412, -2, 36, 234, 3656 }, // U+00C5
    { 37, 26, 536, -3, 26, 241, 3890 }, // U+00C6
    { 22, 36, 361, 1, 27, 198, 4131 }, // U+00C7
    { 23, 34, 357, -1, 34, 196, 4329 }, // U+00C8
    { 23, 34, 357, -1, 34, 196, 4525 }, // U+00C9
    { 23, 33, 357, -1, 33, 190, 4721 }, // U+00CA
    { 23, 33, 357, -1, 33, 190, 4911 }, // U+00CB
    { 16, 34, 219, -1, 34, 136, 5101 }, // U+00CC
    { 17, 34, 219, -1, 34, 145, 5237 }, // U+00CD
    { 17, 33, 219, -1, 33, 141, 5382 }, // U+00CE
    { 17, 33, 219, -1, 33, 141, 5523 }, // U+00CF
    { 27, 26, 426, -1, 26, 176, 5664 }, // U+00D0
    { 31, 33, 440, -1, 33, 256, 5840 }, // U+00D1
    { 24, 34, 402, 1, 34, 204, 6096 }, // U+00D2
    { 24, 34, 402, 1, 34, 204, 6300 }, // U+00D3
    { 24, 33, 402, 1, 33, 198, 6504 }, // U+00D4
    { 24, 33, 402, 1, 33, 198, 6702 }, // U+00D5
    { 24, 33, 402, 1, 33, 198, 6900 }, // U+00D6
    { 17, 17, 323, 2, 21, 73, 7098 }, // U+00D7
    { 27, 29, 402, -1, 28, 196, 7171 }, // U+00D8
    { 26, 34, 431, 3, 34, 221, 7367 }, // U+00D9
    { 26, 34, 431, 3, 34, 221, 7588 }, // U+00DA
    { 26, 33, 431, 3, 33, 215, 7809 }, // U+00DB
    { 26, 33, 431, 3, 33, 215, 8024 }, // U+00DC
    { 24, 34, 339, 1, 34, 204, 8239 }, // U+00DD
    { 22, 26, 344, -1, 26, 143, 8443 }, // U+00DE
    { 27, 38, 313, -7, 29, 257, 8586 }, // U+00DF
    { 19, 30, 321, 1, 30, 143, 8843 }, // U+00E0
    { 19, 30, 321, 1, 30, 143, 8986 }, // U+00E1
    { 19, 29, 321, 1, 29, 138, 9129 }, // U+00E2
    { 20, 27, 321, 1, 27, 135, 9267 }, // U+00E3
    { 20, 28, 321, 1, 28, 140, 9402 }, // U+00E4
    { 19, 29, 321, 1, 29, 138, 9542 }, // U+00E5
    { 25, 19, 413, 1, 19, 119, 9680 }, // U+00E6
    { 15, 28, 252, 1, 19, 105, 9799 }, // U+00E7
    { 15, 30, 252, 1, 30, 113, 9904 }, // U+00E8
    { 17, 30, 252, 1, 30, 128, 10017 }, // U+00E9
    { 17, 29, 252, 1, 29, 124, 10145 }, // U+00EA
    { 18, 28, 252, 1, 28, 126, 10269 }, // U+00EB
    { 11, 30, 187, 1, 30, 83, 10395 }, // U+00EC
    { 13, 30, 187, 1, 30, 98, 10478 }, // U+00ED
    { 13, 29, 187, 1, 29, 95, 10576 }, // U+00EE
    { 14, 29, 187, 1, 29, 102, 10671 }, // U+00EF
    { 17, 30, 299, 1, 30, 128, 10773 }, // U+00F0
    { 21, 27, 345, 1, 27, 142, 10901 }, // U+00F1
    { 17, 30, 300, 1, 30, 128, 11043 }, // U+00F2
    { 17, 30, 300, 1, 30, 128, 11171 }, // U+00F3
    { 17, 29, 300, 1, 29, 124, 11299 }, // U+00F4
    { 18, 27, 300, 1, 27, 122, 11423 }, // U+00F5
    { 18, 28, 300, 1, 28, 126, 11545 }, // U+00F6
    { 18, 20, 323, 1, 23, 90, 11671 }, // U+00F7
    { 21, 21, 300, -1, 20, 111, 11761 }, // U+00F8
    { 21, 30, 349, 1, 30, 158, 11872 }, // U+00F9
    { 21, 30, 349, 1, 30, 158, 12030 }, // U+00FA
    { 21, 29, 349, 1, 29, 153, 12188 }, // U+00FB
    { 21, 28, 349, 1, 28, 147, 12341 }, // U+00FC
    { 23, 39, 294, -4, 30, 225, 12488 }, // U+00FD
    { 23, 38, 310, -4, 29, 219, 12713 }, // U+00FE
    { 23, 37, 294, -4, 28, 213, 12932 }, // U+00FF
    { 26, 31, 412, -2, 31, 202, 0 }, // U+0100
    { 19, 26, 321, 1, 26, 124, 202 }, // U+0101
    { 26, 33, 412, -2, 33, 215, 326 }, // U+0102
    { 19, 29, 321, 1, 29, 138, 541 }, // U+0103
    { 26, 35, 412, -2, 26, 228, 679 }, // U+0104
    { 19, 29, 321, 1, 20, 138, 907 }, // U+0105
    { 22, 34, 361, 1, 34, 187, 1045 }, // U+0106
    { 17, 30, 252, 1, 30, 128, 1232 }, // U+0107
    { 22, 33, 361, 1, 33, 182, 1360 }, // U+0108
    { 17, 29, 252, 1, 29, 124, 1542 }, // U+0109
    { 22, 33, 361, 1, 33, 182, 1666 }, // U+010A
    { 15, 29, 252, 1, 29, 109, 1848 }, // U+010B
    { 22, 34, 361, 1, 34, 187, 1957 }, // U+010C
    { 18, 30, 252, 1, 30, 135, 2144 }, // U+010D
    { 27, 34, 426, -1, 34, 230, 2279 }, // U+010E
    { 25, 29, 331, 1, 29, 182, 2509 }, // U+010F
    { 27, 26, 426, -1, 26, 176, 2691 }, // U+0110
    { 22, 30, 322, 1, 30, 165, 2867 }, // U+0111
    { 23, 31, 357, -1, 31, 179, 3032 }, // U+0112
    { 17, 26, 252, 1, 26, 111, 3211 }, // U+0113
    { 23, 33, 357, -1, 33, 190, 3322 }, // U+0114
    { 18, 29, 252, 1, 29, 131, 3512 }, // U+0115
    { 23, 33, 357, -1, 33, 190, 3643 }, // U+0116
    { 15, 29, 252, 1, 29, 109, 3833 }, // U+0117
    { 23, 35, 357, -1, 26, 202, 3942 }, // U+0118
    { 15, 28, 252, 1, 19, 105, 4144 }, // U+0119
    { 23, 34, 357, -1, 34, 196, 4249 }, // U+011A
    { 18, 30, 252, 1, 30, 135, 4445 }, // U+011B
    { 24, 33, 399, 1, 33, 198, 4580 }, // U+011C
    { 22, 38, 299, -2, 29, 209, 4778 }, // U+011D
    { 24, 33, 399, 1, 33, 198, 4987 }, // U+011E
    { 22, 38, 299, -2, 29, 209, 5185 }, // U+011F
    { 24, 33, 399, 1, 33, 198, 5394 }, // U+0120
    { 22, 38, 299, -2, 29, 209, 5592 }, // U+0121
    { 24, 38, 399, 1, 27, 228, 5801 }, // U+0122
    { 22, 40, 299, -2, 31, 220, 6029 }, // U+0123
    { 31, 33, 464, -1, 33, 256, 6249 }, // U+0124
    { 20, 35, 333, 1, 35, 175, 6505 }, // U+0125
    { 32, 26, 464, -1, 26, 208, 6680 }, // U+0126
    { 20, 29, 333, 1, 29, 145, 6888 }, // U+0127
    { 19, 33, 219, -1, 33, 157, 7033 }, // U+0128
    { 14, 27, 187, 1, 27, 95, 7190 }, // U+0129
    { 17, 31, 219, -1, 31, 132, 7285 }, // U+012A
    { 13, 26, 187, 1, 26, 85, 7417 }, // U+012B
    { 16, 35, 219, -1, 26, 140, 7502 }, // U+012E
    { 11, 38, 187, 1, 29, 105, 7642 }, // U+012F
    { 16, 33, 219, -1, 33, 132, 7747 }, // U+0130
    { 11, 20, 187, 1, 20, 55, 7879 }, // U+0131
    { 22, 38, 214, -5, 33, 209, 7934 }, // U+0134
    { 18, 39, 155, -4, 29, 176, 8143 }, // U+0135
    { 28, 37, 404, -1, 26, 259, 8319 }, // U+0136
    { 18, 40, 291, 1, 29, 180, 8578 }, // U+0137
    { 18, 20, 302, 1, 20, 90, 8758 }, // U+0138
    { 22, 34, 345, -1, 34, 187, 8848 }, // U+0139
    { 15, 36, 171, 2, 36, 135, 9035 }, // U+013A
    { 22, 37, 345, -1, 26, 204, 9170 }, // U+013B
    { 10, 41, 171, 1, 30, 103, 9374 }, // U+013C
    { 24, 28, 345, -1, 28, 168, 9477 }, // U+013D
    { 15, 29, 181, 2, 29, 109, 9645 }, // U+013E
    { 22, 26, 345, -1, 26, 143, 9754 }, // U+013F
    { 12, 30, 175, 2, 30, 90, 9897 }, // U+0140
    { 22, 26, 345, -1, 26, 143, 9987 }, // U+0141
    { 12, 30, 171, 0, 30, 90, 10130 }, // U+0142
    { 31, 34, 440, -1, 34, 264, 10220 }, // U+0143
    { 21, 30, 345, 1, 30, 158, 10484 }, // U+0144
    { 31, 37, 440, -1, 26, 287, 10642 }, // U+0145
    { 21, 31, 345, 1, 20, 163, 10929 }, // U+0146
    { 31, 34, 440, -1, 34, 264, 11092 }, // U+0147
    { 21, 30, 345, 1, 30, 158, 11356 }, // U+0148
    { 28, 28, 506, 4, 28, 196, 11514 }, // U+0149
    { 31, 31, 446, -1, 26, 241, 11710 }, // U+014A
    { 18, 29, 350, 1, 20, 131, 11951 }, // U+014B
    { 24, 31, 402, 1, 31, 186, 12082 }, // U+014C
    { 17, 26, 300, 1, 26, 111, 12268 }, // U+014D
    { 24, 33, 402, 1, 33, 198, 12379 }, // U+014E
    { 18, 29, 300, 1, 29, 131, 12577 }, // U+014F
    { 24, 34, 402, 1, 34, 204, 12708 }, // U+0150
    { 20, 29, 300, 1, 29, 145, 12912 }, // U+0151
    { 33, 27, 541, 1, 27, 223, 13057 }, // U+0152
    { 28, 19, 456, 1, 19, 133, 13280 }, // U+0153
    { 25, 34, 395, -1, 34, 213, 13413 }, // U+0154
    { 16, 31, 247, 1, 30, 124, 13626 }, // U+0155
    { 25, 37, 395, -1, 26, 232, 13750 }, // U+0156
    { 17, 31, 247, 0, 20, 132, 13982 }, // U+0157
    { 25, 34, 395, -1, 34, 213, 14114 }, // U+0158
    { 17, 31, 247, 1, 30, 132, 14327 }, // U+0159
    { 19, 34, 301, 0, 34, 162, 14459 }, // U+015A
    { 16, 30, 224, 0, 30, 120, 14621 }, // U+015B
    { 19, 33, 301, 0, 33, 157, 14741 }, // U+015C
    { 16, 29, 224, 0, 29, 116, 14898 }, // U+015D
    { 19, 36, 301, 0, 27, 171, 15014 }, // U+015E
    { 15, 28, 224, 0, 19, 105, 15185 }, // U+015F
    { 19, 34, 301, 0, 34, 162, 15290 }, // U+0160
    { 17, 30, 224, 0, 30, 128, 15452 }, // U+0161
    { 22, 35, 349, 2, 26, 193, 15580 }, // U+0162
    { 14, 33, 201, 0, 24, 116, 15773 }, // U+0163
    { 22, 34, 349, 2, 34, 187, 15889 }, // U+0164
    { 16, 29, 201, 1, 29, 116, 16076 }, // U+0165
    { 26, 33, 431, 3, 33, 215, 16192 }, // U+0168
    { 21, 27, 349, 1, 27, 142, 16407 }, // U+0169
    { 26, 31, 431, 3, 31, 202, 16549 }, // U+016A
    { 21, 26, 349, 1, 26, 137, 16751 }, // U+016B
    { 26, 33, 431, 3, 33, 215, 16888 }, // U+016C
    { 21, 29, 349, 1, 29, 153, 17103 }, // U+016D
    { 26, 36, 431, 3, 36, 234, 17256 }, // U+016E
    { 21, 29, 349, 1, 29, 153, 17490 }, // U+016F
    { 26, 34, 431, 3, 34, 221, 17643 }, // U+0170
    { 21, 29, 349, 1, 29, 153, 17864 }, // U+0171
    { 26, 35, 431, 3, 26, 228, 18017 }, // U+0172
    { 21, 29, 349, 1, 20, 153, 18245 }, // U+0173
    { 36, 33, 531, 1, 33, 297, 18398 }, // U+0174
    { 29, 30, 448, 0, 29, 218, 18695 }, // U+0175
    { 24, 33, 339, 1, 33, 198, 18913 }, // U+0176
    { 23, 38, 294, -4, 29, 219, 19111 }, // U+0177
    { 24, 33, 339, 1, 33, 198, 19330 }, // U+0178
    { 23, 34, 327, -1, 34, 196, 19528 }, // U+0179
    { 20, 30, 283, -1, 30, 150, 19724 }, // U+017A
    { 23, 33, 327, -1, 33, 190, 19874 }, // U+017B
    { 20, 29, 283, -1, 29, 145, 20064 }, // U+017C
    { 23, 34, 327, -1, 34, 196, 20209 }, // U+017D
    { 20, 30, 283, -1, 30, 150, 20405 }, // U+017E
    { 25, 38, 182, -7, 29, 238, 20555 }, // U+017F
    { 26, 31, 402, 1, 31, 202, 0 }, // U+01A0
    { 20, 24, 300, 1, 24, 120, 202 }, // U+01A1
    { 28, 33, 431, 3, 33, 231, 322 }, // U+01AF
    { 23, 26, 349, 1, 26, 150, 553 }, // U+01B0
    { 26, 34, 412, -2, 34, 221, 703 }, // U+01CD
    { 19, 30, 321, 1, 30, 143, 924 }, // U+01CE
    { 18, 34, 219, -1, 34, 153, 1067 }, // U+01CF
    { 14, 30, 187, 1, 30, 105, 1220 }, // U+01D0
    { 24, 34, 402, 1, 34, 204, 1325 }, // U+01D1
    { 18, 30, 300, 1, 30, 135, 1529 }, // U+01D2
    { 26, 34, 431, 3, 34, 221, 1664 }, // U+01D3
    { 21, 30, 349, 1, 30, 158, 1885 }, // U+01D4
    { 26, 38, 431, 3, 38, 247, 2043 }, // U+01D5
    { 21, 32, 349, 1, 32, 168, 2290 }, // U+01D6
    { 26, 40, 431, 3, 40, 260, 2458 }, // U+01D7
    { 21, 34, 349, 1, 34, 179, 2718 }, // U+01D8
    { 26, 40, 431, 3, 40, 260, 2897 }, // U+01D9
    { 21, 34, 349, 1, 34, 179, 3157 }, // U+01DA
    { 26, 40, 431, 3, 40, 260, 3336 }, // U+01DB
    { 21, 34, 349, 1, 34, 179, 3596 }, // U+01DC
    { 24, 34, 399, 1, 34, 204, 3775 }, // U+01E6
    { 22, 39, 299, -2, 30, 215, 3979 }, // U+01E7
    { 31, 34, 440, -1, 34, 264, 4194 }, // U+01F8
    { 21, 30, 345, 1, 30, 158, 4458 }, // U+01F9
    { 19, 38, 301, 0, 27, 181, 4616 }, // U+0218
    { 15, 30, 224, 0, 19, 113, 4797 }, // U+0219
    { 22, 37, 349, 2, 26, 204, 4910 }, // U+021A
    { 13, 35, 201, 1, 24, 114, 5114 }, // U+021B
    { 7, 9, 0, -4, 30, 16, 0 }, // U+0300
    { 7, 9, 0, 1, 30, 16, 16 }, // U+0301
    { 13, 8, 0, -4, 29, 26, 32 }, // U+0302
    { 14, 5, 0, -4, 27, 18, 58 }, // U+0303
    { 10, 2, 0, -2, 26, 5, 76 }, // U+0304
    { 13, 7, 0, -4, 29, 23, 81 }, // U+0306
    { 6, 5, 0, 0, 29, 8, 104 }, // U+0307
    { 12, 4, 0, -3, 28, 12, 112 }, // U+0308
    { 7, 8, 0, 0, 29, 14, 124 }, // U+0309
    { 9, 8, 0, -2, 29, 18, 138 }, // U+030A
    { 13, 8, 0, -2, 29, 26, 156 }, // U+030B
    { 12, 8, 0, -3, 30, 24, 182 }, // U+030C
    { 7, 9, 0, 1, 27, 16, 206 }, // U+031B
    { 5, 5, 0, -6, -2, 7, 222 }, // U+0323
    { 13, 4, 0, -10, -3, 13, 229 }, // U+0324
    { 6, 8, 0, -7, -3, 12, 242 }, // U+0326
    { 8, 9, 0, -7, 0, 18, 254 }, // U+0327
    { 8, 10, 0, -7, 1, 20, 272 }, // U+0328
    { 5, 8, 0, -6, -2, 10, 292 }, // U+0329
    { 13, 7, 0, -10, -1, 23, 302 }, // U+032E
    { 10, 2, 0, -8, -4, 5, 325 }, // U+0331
    { 23, 34, 357, -1, 34, 196, 0 }, // U+0400
    { 23, 33, 357, -1, 33, 190, 196 }, // U+0401
    { 23, 30, 411, 2, 26, 173, 386 }, // U+0402
    { 23, 34, 323, -1, 34, 196, 559 }, // U+0403
    { 22, 27, 361, 1, 27, 149, 755 }, // U+0404
    { 19, 27, 301, 0, 27, 129, 904 }, // U+0405
    { 16, 26, 219, -1, 26, 104, 1033 }, // U+0406
    { 17, 33, 219, -1, 33, 141, 1137 }, // U+0407
    { 20, 31, 214, -5, 26, 155, 1278 }, // U+0408
    { 35, 26, 542, -2, 26, 228, 1433 }, // U+0409
    { 38, 26, 601, -1, 26, 247, 1661 }, // U+040A
    { 24, 26, 438, 2, 26, 156, 1908 }, // U+040B
    { 28, 34, 400, -1, 34, 238, 2064 }, // U+040C
    { 32, 34, 471, -1, 34, 272, 2302 }, // U+040D
    { 26, 36, 365, 1, 34, 234, 2574 }, // U+040E
    { 31, 34, 458, -1, 26, 264, 2808 }, // U+040F
    { 26, 26, 412, -2, 26, 169, 3072 }, // U+0410
    { 23, 26, 380, -1, 26, 150, 3241 }, // U+0411
    { 23, 26, 380, -1, 26, 150, 3391 }, // U+0412
    { 23, 26, 323, -1, 26, 150, 3541 }, // U+0413
    { 30, 33, 414, -3, 26, 248, 3691 }, // U+0414
    { 23, 26, 357, -1, 26, 150, 3939 }, // U+0415
    { 39, 27, 569, -2, 27, 264, 4089 }, // U+0416
    { 20, 27, 325, 0, 27, 135, 4353 }, // U+0417
    { 32, 26, 471, -1, 26, 208, 4488 }, // U+0418
    { 32, 34, 471, -1, 34, 272, 4696 }, // U+0419
    { 28, 27, 400, -1, 27, 189, 4968 }, // U+041A
    { 29, 26, 406, -2, 26, 189, 5157 }, // U+041B
    { 37, 26, 562, -1, 26, 241, 5346 }, // U+041C
    { 31, 26, 464, -1, 26, 202, 5587 }, // U+041D
    { 24, 27, 402, 1, 27, 162, 5789 }, // U+041E
    { 31, 26, 453, -1, 26, 202, 5951 }, // U+041F
    { 23, 26, 345, -1, 26, 150, 6153 }, // U+0420
    { 22, 27, 361, 1, 27, 149, 6303 }, // U+0421
    { 22, 26, 349, 2, 26, 143, 6452 }, // U+0422
    { 26, 28, 365, 1, 26, 182, 6595 }, // U+0423
    { 27, 26, 451, 1, 26, 176, 6777 }, // U+0424
    { 28, 26, 401, -1, 26, 182, 6953 }, // U+0425
    { 31, 33, 444, -2, 26, 256, 7135 }, // U+0426
    { 24, 26, 402, 2, 26, 156, 7391 }, // U+0427
    { 41, 26, 626, -1, 26, 267, 7547 }, // U+0428
    { 41, 33, 627, -1, 26, 339, 7814 }, // U+0429
    { 23, 26, 419, 2, 26, 150, 8153 }, // U+042A
    { 36, 26, 539, -1, 26, 234, 8303 }, // U+042B
    { 23, 26, 357, -1, 26, 150, 8537 }, // U+042C
    { 22, 27, 364, 0, 27, 149, 8687 }, // U+042D
    { 38, 27, 592, -1, 27, 257, 8836 }, // U+042E
    { 27, 26, 389, -2, 26, 176, 9093 }, // U+042F
    { 19, 20, 321, 1, 20, 95, 9269 }, // U+0430
    { 22, 31, 309, 1, 31, 171, 9364 }, // U+0431
    { 17, 19, 287, 1, 19, 81, 9535 }, // U+0432
    { 15, 19, 234, 0, 19, 72, 9616 }, // U+0433
    { 18, 29, 295, 1, 29, 131, 9688 }, // U+0434
    { 15, 19, 252, 1, 19, 72, 9819 }, // U+0435
    { 32, 19, 499, 0, 19, 152, 9891 }, // U+0436
    { 16, 19, 254, 0, 19, 76, 10043 }, // U+0437
    { 21, 20, 349, 1, 20, 105, 10119 }, // U+0438
    { 21, 28, 349, 1, 28, 147, 10224 }, // U+0439
    { 18, 20, 302, 1, 20, 90, 10371 }, // U+043A
    { 22, 19, 336, -1, 19, 105, 10461 }, // U+043B
    { 30, 20, 457, -1, 20, 150, 10566 }, // U+043C
    { 21, 20, 350, 1, 20, 105, 10716 }, // U+043D
    { 17, 19, 300, 1, 19, 81, 10821 }, // U+043E
    { 21, 20, 345, 1, 20, 105, 10902 }, // U+043F
    { 23, 29, 314, -3, 20, 167, 11007 }, // U+0440
    { 15, 19, 252, 1, 19, 72, 11174 }, // U+0441
    { 30, 20, 501, 1, 20, 150, 11246 }, // U+0442
    { 23, 28, 294, -4, 19, 161, 11396 }, // U+0443
    { 25, 38, 423, 1, 29, 238, 11557 }, // U+0444
    { 22, 19, 320, -1, 19, 105, 11795 }, // U+0445
    { 21, 29, 349, 1, 20, 153, 11900 }, // U+0446
    { 19, 20, 325, 1, 20, 95, 12053 }, // U+0447
    { 30, 20, 493, 1, 20, 150, 12148 }, // U+0448
    { 30, 29, 493, 1, 20, 218, 12298 }, // U+0449
    { 18, 21, 292, 0, 21, 95, 12516 }, // U+044A
    { 26, 20, 433, 1, 20, 130, 12611 }, // U+044B
    { 16, 20, 280, 1, 20, 80, 12741 }, // U+044C
    { 16, 19, 261, 0, 19, 76, 12821 }, // U+044D
    { 26, 20, 437, 1, 20, 130, 12897 }, // U+044E
    { 22, 20, 313, -2, 20, 110, 13027 }, // U+044F
    { 15, 30, 252, 1, 30, 113, 13137 }, // U+0450
    { 18, 28, 252, 1, 28, 126, 13250 }, // U+0451
    { 17, 38, 293, 1, 29, 162, 13376 }, // U+0452
    { 16, 30, 234, 0, 30, 120, 13538 }, // U+0453
    { 15, 19, 252, 1, 19, 72, 13658 }, // U+0454
    { 15, 19, 224, 0, 19, 72, 13730 }, // U+0455
    { 11, 29, 187, 1, 29, 80, 13802 }, // U+0456
    { 14, 29, 187, 1, 29, 102, 13882 }, // U+0457
    { 15, 39, 155, -4, 29, 147, 13984 }, // U+0458
    { 28, 19, 430, -1, 19, 133, 14131 }, // U+0459
    { 26, 20, 444, 1, 20, 130, 14264 }, // U+045A
    { 20, 29, 333, 1, 29, 145, 14394 }, // U+045B
    { 18, 30, 302, 1, 30, 135, 14539 }, // U+045C
    { 21, 30, 349, 1, 30, 158, 14674 }, // U+045D
    { 23, 37, 294, -4, 28, 213, 14832 }, // U+045E
    { 21, 29, 349, 1, 20, 153, 15045 }, // U+045F
    { 25, 29, 422, 1, 29, 182, 15198 }, // U+0462
    { 27, 20, 449, 1, 20, 135, 15380 }, // U+0463
    { 24, 27, 402, 1, 27, 162, 15515 }, // U+0472
    { 17, 19, 300, 1, 19, 81, 15677 }, // U+0473
    { 26, 27, 369, 1, 27, 176, 15758 }, // U+0474
    { 22, 20, 319, 0, 19, 110, 15934 }, // U+0475
    { 24, 32, 323, -1, 32, 192, 16044 }, // U+0490
    { 17, 25, 223, 0, 25, 107, 16236 }, // U+0491
    { 23, 26, 323, -1, 26, 150, 16343 }, // U+0492
    { 15, 19, 234, 0, 19, 72, 16493 }, // U+0493
    { 39, 34, 569, -2, 27, 332, 16565 }, // U+0496
    { 32, 29, 499, 0, 19, 232, 16897 }, // U+0497
    { 20, 35, 325, 0, 27, 175, 17129 }, // U+0498
    { 16, 27, 254, 0, 19, 108, 17304 }, // U+0499
    { 28, 34, 400, -1, 27, 238, 17412 }, // U+049A
    { 19, 29, 303, 1, 20, 138, 17650 }, // U+049B
    { 29, 27, 462, 2, 27, 196, 17788 }, // U+04A0
    { 23, 20, 368, 1, 20, 115, 17984 }, // U+04A1
    { 31, 33, 464, -1, 26, 256, 18099 }, // U+04A2
    { 21, 29, 350, 1, 20, 153, 18355 }, // U+04A3
    { 22, 35, 361, 1, 27, 193, 18508 }, // U+04AA
    { 15, 27, 252, 1, 19, 102, 18701 }, // U+04AB
    { 24, 26, 339, 1, 26, 156, 18803 }, // U+04AE
    { 19, 28, 294, 0, 19, 133, 18959 }, // U+04AF
    { 24, 26, 339, 1, 26, 156, 19092 }, // U+04B0
    { 19, 28, 294, 0, 19, 133, 19248 }, // U+04B1
    { 28, 33, 401, -1, 26, 231, 19381 }, // U+04B2
    { 22, 28, 320, -1, 19, 154, 19612 }, // U+04B3
    { 24, 33, 402, 2, 26, 198, 19766 }, // U+04B6
    { 19, 29, 325, 1, 20, 138, 19964 }, // U+04B7
    { 25, 26, 389, -1, 26, 163, 20102 }, // U+04BA
    { 20, 29, 333, 1, 29, 145, 20265 }, // U+04BB
    { 16, 26, 219, -1, 26, 104, 20410 }, // U+04C0
    { 39, 34, 569, -2, 34, 332, 20514 }, // U+04C1
    { 32, 28, 499, 0, 28, 224, 20846 }, // U+04C2
    { 16, 29, 171, -1, 29, 116, 21070 }, // U+04CF
    { 26, 34, 412, -2, 34, 221, 21186 }, // U+04D0
    { 19, 28, 321, 1, 28, 133, 21407 }, // U+04D1
    { 37, 26, 536, -3, 26, 241, 21540 }, // U+04D4
    { 25, 19, 413, 1, 19, 119, 21781 }, // U+04D5
    { 23, 34, 357, -1, 34, 196, 21900 }, // U+04D6
    { 18, 28, 252, 1, 28, 126, 22096 }, // U+04D7
    { 22, 27, 376, 1, 27, 149, 22222 }, // U+04D8
    { 16, 19, 263, 0, 19, 76, 22371 }, // U+04D9
    { 32, 31, 471, -1, 31, 248, 22447 }, // U+04E2
    { 21, 26, 349, 1, 26, 137, 22695 }, // U+04E3
    { 24, 33, 402, 1, 33, 198, 22832 }, // U+04E6
    { 18, 28, 300, 1, 28, 126, 23030 }, // U+04E7
    { 24, 27, 402, 1, 27, 162, 23156 }, // U+04E8
    { 17, 19, 300, 1, 19, 81, 23318 }, // U+04E9
    { 26, 33, 365, 1, 31, 215, 23399 }, // U+04EE
    { 23, 35, 294, -4, 26, 202, 23614 }, // U+04EF
    { 26, 36, 365, 1, 34, 234, 23816 }, // U+04F2
    { 25, 38, 294, -4, 29, 238, 24050 }, // U+04F3
    { 26, 33, 412, -2, 26, 215, 0 }, // U+1EA0
    { 19, 27, 321, 1, 20, 129, 215 }, // U+1EA1
    { 26, 34, 412, -2, 34, 221, 344 }, // U+1EA2
    { 19, 29, 321, 1, 29, 138, 565 }, // U+1EA3
    { 27, 36, 412, -2, 36, 243, 703 }, // U+1EA4
    { 22, 31, 321, 1, 31, 171, 946 }, // U+1EA5
    { 26, 36, 412, -2, 36, 234, 1117 }, // U+1EA6
    { 19, 31, 321, 1, 31, 148, 1351 }, // U+1EA7
    { 27, 37, 412, -2, 37, 250, 1499 }, // U+1EA8
    { 21, 33, 321, 1, 33, 174, 1749 }, // U+1EA9
    { 26, 38, 412, -2, 38, 247, 1923 }, // U+1EAA
    { 20, 31, 321, 1, 31, 155, 2170 }, // U+1EAB
    { 26, 40, 412, -2, 33, 260, 2325 }, // U+1EAC
    { 19, 36, 321, 1, 29, 171, 2585 }, // U+1EAD
    { 26, 39, 412, -2, 39, 254, 2756 }, // U+1EAE
    { 19, 32, 321, 1, 32, 152, 3010 }, // U+1EAF
    { 26, 39, 412, -2, 39, 254, 3162 }, // U+1EB0
    { 19, 32, 321, 1, 32, 152, 3416 }, // U+1EB1
    { 26, 38, 412, -2, 38, 247, 3568 }, // U+1EB2
    { 19, 33, 321, 1, 33, 157, 3815 }, // U+1EB3
    { 26, 38, 412, -2, 38, 247, 3972 }, // U+1EB4
    { 20, 33, 321, 1, 33, 165, 4219 }, // U+1EB5
    { 26, 40, 412, -2, 33, 260, 4384 }, // U+1EB6
    { 19, 36, 321, 1, 29, 171, 4644 }, // U+1EB7
    { 23, 33, 357, -1, 26, 190, 4815 }, // U+1EB8
    { 15, 26, 252, 1, 19, 98, 5005 }, // U+1EB9
    { 23, 34, 357, -1, 34, 196, 5103 }, // U+1EBA
    { 15, 29, 252, 1, 29, 109, 5299 }, // U+1EBB
    { 23, 33, 357, -1, 33, 190, 5408 }, // U+1EBC
    { 18, 27, 252, 1, 27, 122, 5598 }, // U+1EBD
    { 25, 36, 357, -1, 36, 225, 5720 }, // U+1EBE
    { 21, 31, 252, 1, 31, 163, 5945 }, // U+1EBF
    { 23, 36, 357, -1, 36, 207, 6108 }, // U+1EC0
    { 17, 31, 252, 1, 31, 132, 6315 }, // U+1EC1
    { 24, 37, 357, -1, 37, 222, 6447 }, // U+1EC2
    { 20, 33, 252, 1, 33, 165, 6669 }, // U+1EC3
    { 23, 38, 357, -1, 38, 219, 6834 }, // U+1EC4
    { 19, 31, 252, 1, 31, 148, 7053 }, // U+1EC5
    { 23, 40, 357, -1, 33, 230, 7201 }, // U+1EC6
    { 17, 36, 252, 1, 29, 153, 7431 }, // U+1EC7
    { 16, 34, 219, -1, 34, 136, 7584 }, // U+1EC8
    { 11, 29, 187, 1, 29, 80, 7720 }, // U+1EC9
    { 16, 33, 219, -1, 26, 132, 7800 }, // U+1ECA
    { 11, 36, 187, 1, 29, 99, 7932 }, // U+1ECB
    { 24, 34, 402, 1, 27, 204, 8031 }, // U+1ECC
    { 17, 26, 300, 1, 19, 111, 8235 }, // U+1ECD
    { 24, 34, 402, 1, 34, 204, 8346 }, // U+1ECE
    { 17, 29, 300, 1, 29, 124, 8550 }, // U+1ECF
    { 24, 36, 402, 1, 36, 216, 8674 }, // U+1ED0
    { 21, 31, 300, 1, 31, 163, 8890 }, // U+1ED1
    { 24, 36, 402, 1, 36, 216, 9053 }, // U+1ED2
    { 17, 31, 300, 1, 31, 132, 9269 }, // U+1ED3
    { 24, 37, 402, 1, 37, 222, 9401 }, // U+1ED4
    { 19, 33, 300, 1, 33, 157, 9623 }, // U+1ED5
    { 24, 38, 402, 1, 38, 228, 9780 }, // U+1ED6
    { 19, 31, 300, 1, 31, 148, 10008 }, // U+1ED7
    { 24, 40, 402, 1, 33, 240, 10156 }, // U+1ED8
    { 17, 36, 300, 1, 29, 153, 10396 }, // U+1ED9
    { 26, 34, 402, 1, 34, 221, 10549 }, // U+1EDA
    { 20, 30, 300, 1, 30, 150, 10770 }, // U+1EDB
    { 26, 34, 402, 1, 34, 221, 10920 }, // U+1EDC
    { 20, 30, 300, 1, 30, 150, 11141 }, // U+1EDD
    { 26, 34, 402, 1, 34, 221, 11291 }, // U+1EDE
    { 20, 29, 300, 1, 29, 145, 11512 }, // U+1EDF
    { 26, 33, 402, 1, 33, 215, 11657 }, // U+1EE0
    { 20, 27, 300, 1, 27, 135, 11872 }, // U+1EE1
    { 26, 38, 402, 1, 31, 247, 12007 }, // U+1EE2
    { 20, 31, 300, 1, 24, 155, 12254 }, // U+1EE3
    { 26, 33, 431, 3, 26, 215, 12409 }, // U+1EE4
    { 21, 27, 349, 1, 20, 142, 12624 }, // U+1EE5
    { 26, 34, 431, 3, 34, 221, 12766 }, // U+1EE6
    { 21, 29, 349, 1, 29, 153, 12987 }, // U+1EE7
    { 28, 34, 431, 3, 34, 238, 13140 }, // U+1EE8
    { 23, 30, 349, 1, 30, 173, 13378 }, // U+1EE9
    { 28, 34, 431, 3, 34, 238, 13551 }, // U+1EEA
    { 23, 30, 349, 1, 30, 173, 13789 }, // U+1EEB
    { 28, 34, 431, 3, 34, 238, 13962 }, // U+1EEC
    { 23, 29, 349, 1, 29, 167, 14200 }, // U+1EED
    { 28, 33, 431, 3, 33, 231, 14367 }, // U+1EEE
    { 23, 27, 349, 1, 27, 156, 14598 }, // U+1EEF
    { 28, 40, 431, 3, 33, 280, 14754 }, // U+1EF0
    { 23, 33, 349, 1, 26, 190, 15034 }, // U+1EF1
    { 24, 34, 339, 1, 34, 204, 15224 }, // U+1EF2
    { 23, 39, 294, -4, 30, 225, 15428 }, // U+1EF3
    { 24, 33, 339, 1, 26, 198, 15653 }, // U+1EF4
    { 23, 28, 294, -4, 19, 161, 15851 }, // U+1EF5
    { 24, 34, 339, 1, 34, 204, 16012 }, // U+1EF6
    { 23, 38, 294, -4, 29, 219, 16216 }, // U+1EF7
    { 24, 33, 339, 1, 33, 198, 16435 }, // U+1EF8
    { 24, 36, 294, -4, 27, 216, 16633 }, // U+1EF9
    { 0, 0, 304, 0, 0, 0, 0 }, // U+2002
    { 0, 0, 608, 0, 0, 0, 0 }, // U+2003
    { 0, 0, 202, 0, 0, 0, 0 }, // U+2004
    { 0, 0, 152, 0, 0, 0, 0 }, // U+2005
    { 0, 0, 102, 0, 0, 0, 0 }, // U+2006
    { 0, 0, 313, 0, 0, 0, 0 }, // U+2007
    { 0, 0, 76, 0, 0, 0, 0 }, // U+2009
    { 0, 0, 26, 0, 0, 0, 0 }, // U+200A
    { 0, 0, 0, 0, 0, 0, 0 }, // U+200B
    { 10, 2, 192, 1, 11, 5, 0 }, // U+2010
    { 17, 2, 313, 2, 13, 9, 5 }, // U+2012
    { 17, 2, 313, 1, 11, 9, 14 }, // U+2013
    { 29, 2, 496, 1, 11, 15, 23 }, // U+2014
    { 29, 2, 496, 1, 11, 15, 38 }, // U+2015
    { 8, 11, 168, 4, 30, 22, 53 }, // U+2018
    { 7, 11, 168, 4, 28, 20, 75 }, // U+2019
    { 7, 11, 168, -1, 5, 20, 95 }, // U+201A
    { 16, 11, 291, 4, 30, 44, 115 }, // U+201C
    { 15, 11, 291, 4, 28, 42, 159 }, // U+201D
    { 15, 11, 291, -1, 5, 42, 201 }, // U+201E
    { 18, 31, 297, 2, 29, 140, 243 }, // U+2020
    { 20, 32, 297, 0, 29, 160, 383 }, // U+2021
    { 9, 8, 182, 2, 17, 18, 543 }, // U+2022
    { 17, 5, 367, 3, 5, 22, 561 }, // U+2025
    { 26, 5, 503, 1, 5, 33, 583 }, // U+2026
    { 0, 0, 76, 0, 0, 0, 616 }, // U+202F
    { 43, 27, 736, 2, 26, 291, 616 }, // U+2030
    { 7, 12, 152, 4, 29, 21, 907 }, // U+2032
    { 14, 12, 264, 4, 29, 42, 928 }, // U+2033
    { 11, 17, 215, 2, 18, 47, 970 }, // U+2039
    { 11, 17, 215, 0, 18, 47, 1017 }, // U+203A
    { 21, 27, 354, 1, 27, 142, 1064 }, // U+203C
    { 21, 27, 98, -7, 26, 142, 1206 }, // U+2044
    { 34, 27, 542, 1, 27, 230, 1348 }, // U+2047
    { 27, 27, 448, 1, 27, 183, 1578 }, // U+2048
    { 28, 27, 448, 1, 27, 189, 1761 }, // U+2049
    { 13, 16, 213, 3, 32, 52, 0 }, // U+2070
    { 8, 19, 131, 3, 35, 38, 52 }, // U+2071
    { 13, 16, 213, 2, 32, 52, 90 }, // U+2074
    { 13, 15, 213, 3, 31, 49, 142 }, // U+2075
    { 13, 16, 213, 3, 32, 52, 191 }, // U+2076
    { 13, 15, 213, 3, 31, 49, 243 }, // U+2077
    { 11, 16, 213, 4, 32, 44, 292 }, // U+2078
    { 12, 17, 213, 3, 32, 51, 336 }, // U+2079
    { 10, 23, 178, 4, 34, 58, 387 }, // U+207D
    { 9, 23, 178, 2, 34, 52, 445 }, // U+207E
    { 15, 14, 240, 3, 30, 53, 497 }, // U+207F
    { 13, 16, 213, -2, 8, 52, 550 }, // U+2080
    { 10, 16, 213, -2, 8, 40, 602 }, // U+2081
    { 12, 16, 213, -2, 8, 48, 642 }, // U+2082
    { 12, 16, 213, -2, 8, 48, 690 }, // U+2083
    { 13, 16, 213, -3, 8, 52, 738 }, // U+2084
    { 13, 15, 213, -2, 7, 49, 790 }, // U+2085
    { 13, 16, 213, -2, 8, 52, 839 }, // U+2086
    { 13, 15, 213, -2, 7, 49, 891 }, // U+2087
    { 12, 16, 213, -2, 8, 48, 940 }, // U+2088
    { 12, 17, 213, -2, 8, 51, 988 }, // U+2089
    { 10, 23, 178, -1, 10, 58, 1039 }, // U+208D
    { 9, 23, 178, -3, 10, 52, 1097 }, // U+208E
    { 19, 33, 313, 1, 29, 157, 0 }, // U+20A1
    { 20, 26, 313, -1, 26, 130, 157 }, // U+20A4
    { 24, 25, 313, -2, 25, 150, 287 }, // U+20A6
    { 22, 25, 313, -1, 25, 138, 437 }, // U+20A7
    { 23, 26, 313, 0, 26, 150, 575 }, // U+20A9
    { 20, 27, 313, 0, 27, 135, 725 }, // U+20AB
    { 21, 26, 313, 0, 26, 137, 860 }, // U+20AC
    { 20, 25, 313, 2, 25, 125, 997 }, // U+20AE
    { 23, 25, 313, -1, 25, 144, 1122 }, // U+20B1
    { 19, 33, 313, 1, 29, 157, 1266 }, // U+20B2
    { 20, 26, 313, 0, 26, 130, 1423 }, // U+20B4
    { 19, 33, 313, 1, 29, 157, 1553 }, // U+20B5
    { 20, 25, 313, 1, 25, 125, 1710 }, // U+20B8
    { 17, 26, 313, 3, 25, 111, 1835 }, // U+20B9
    { 18, 26, 313, 0, 26, 117, 1946 }, // U+20BA
    { 21, 25, 313, -1, 25, 132, 2063 }, // U+20BD
    { 20, 34, 313, -1, 29, 170, 2195 }, // U+20BF
    { 24, 24, 401, 0, 23, 144, 0 }, // U+2190
    { 24, 24, 401, 0, 23, 144, 144 }, // U+2191
    { 24, 24, 401, 0, 23, 144, 288 }, // U+2192
    { 24, 24, 401, 0, 23, 144, 432 }, // U+2193
    { 19, 19, 401, 3, 20, 91, 576 }, // U+2196
    { 19, 19, 401, 2, 20, 91, 667 }, // U+2197
    { 19, 18, 401, 2, 21, 86, 758 }, // U+2198
    { 19, 18, 401, 3, 21, 86, 844 }, // U+2199
    { 18, 26, 324, 1, 26, 117, 0 }, // U+2202
    { 22, 26, 368, -1, 26, 143, 117 }, // U+2206
    { 27, 31, 477, 2, 25, 210, 260 }, // U+220F
    { 21, 31, 361, 1, 26, 163, 470 }, // U+2211
    { 18, 3, 323, 1, 14, 14, 633 }, // U+2212
    { 21, 27, 98, -7, 26, 142, 647 }, // U+2215
    { 6, 6, 183, 3, 16, 9, 789 }, // U+2219
    { 22, 34, 340, 2, 30, 187, 798 }, // U+221A
    { 27, 13, 485, 2, 19, 88, 985 }, // U+221E
    { 24, 39, 222, -5, 30, 234, 1073 }, // U+222B
    { 16, 15, 323, 2, 21, 60, 1307 }, // U+2248
    { 18, 21, 323, 1, 23, 95, 1367 }, // U+2260
    { 18, 21, 323, 1, 21, 95, 1462 }, // U+2264
    { 18, 21, 323, 1, 21, 95, 1557 }, // U+2265
    { 36, 38, 351, -7, 29, 342, 0 }, // U+FB00
    { 29, 38, 343, -7, 29, 276, 342 }, // U+FB01
    { 29, 38, 345, -7, 29, 276, 618 }, // U+FB02
    { 39, 38, 512, -7, 29, 371, 894 }, // U+FB03
    { 39, 38, 513, -7, 29, 371, 1265 }, // U+FB04
};

static const EpdUnicodeInterval sourceserif4_18_italicIntervals[] = {
    { 0x20, 0x7E, 0x0 },
    { 0xA0, 0x12B, 0x5F },
    { 0x12E, 0x131, 0xEB },
    { 0x134, 0x165, 0xEF },
    { 0x168, 0x17F, 0x121 },
    { 0x1A0, 0x1A1, 0x139 },
    { 0x1AF, 0x1B0, 0x13B },
    { 0x1CD, 0x1DC, 0x13D },
    { 0x1E6, 0x1E7, 0x14D },
    { 0x1F8, 0x1F9, 0x14F },
    { 0x218, 0x21B, 0x151 },
    { 0x300, 0x304, 0x155 },
    { 0x306, 0x30C, 0x15A },
    { 0x31B, 0x31B, 0x161 },
    { 0x323, 0x324, 0x162 },
    { 0x326, 0x329, 0x164 },
    { 0x32E, 0x32E, 0x168 },
    { 0x331, 0x331, 0x169 },
    { 0x400, 0x45F, 0x16A },
    { 0x462, 0x463, 0x1CA },
    { 0x472, 0x475, 0x1CC },
    { 0x490, 0x493, 0x1D0 },
    { 0x496, 0x49B, 0x1D4 },
    { 0x4A0, 0x4A3, 0x1DA },
    { 0x4AA, 0x4AB, 0x1DE },
    { 0x4AE, 0x4B3, 0x1E0 },
    { 0x4B6, 0x4B7, 0x1E6 },
    { 0x4BA, 0x4BB, 0x1E8 },
    { 0x4C0, 0x4C2, 0x1EA },
    { 0x4CF, 0x4D1, 0x1ED },
    { 0x4D4, 0x4D9, 0x1F0 },
    { 0x4E2, 0x4E3, 0x1F6 },
    { 0x4E6, 0x4E9, 0x1F8 },
    { 0x4EE, 0x4EF, 0x1FC },
    { 0x4F2, 0x4F3, 0x1FE },
    { 0x1EA0, 0x1EF9, 0x200 },
    { 0x2002, 0x2007, 0x25A },
    { 0x2009, 0x200B, 0x260 },
    { 0x2010, 0x2010, 0x263 },
    { 0x2012, 0x2015, 0x264 },
    { 0x2018, 0x201A, 0x268 },
    { 0x201C, 0x201E, 0x26B },
    { 0x2020, 0x2022, 0x26E },
    { 0x2025, 0x2026, 0x271 },
    { 0x202F, 0x2030, 0x273 },
    { 0x2032, 0x2033, 0x275 },
    { 0x2039, 0x203A, 0x277 },
    { 0x203C, 0x203C, 0x279 },
    { 0x2044, 0x2044, 0x27A },
    { 0x2047, 0x2049, 0x27B },
    { 0x2070, 0x2071, 0x27E },
    { 0x2074, 0x2079, 0x280 },
    { 0x207D, 0x2089, 0x286 },
    { 0x208D, 0x208E, 0x293 },
    { 0x20A1, 0x20A1, 0x295 },
    { 0x20A4, 0x20A4, 0x296 },
    { 0x20A6, 0x20A7, 0x297 },
    { 0x20A9, 0x20A9, 0x299 },
    { 0x20AB, 0x20AC, 0x29A },
    { 0x20AE, 0x20AE, 0x29C },
    { 0x20B1, 0x20B2, 0x29D },
    { 0x20B4, 0x20B5, 0x29F },
    { 0x20B8, 0x20BA, 0x2A1 },
    { 0x20BD, 0x20BD, 0x2A4 },
    { 0x20BF, 0x20BF, 0x2A5 },
    { 0x2190, 0x2193, 0x2A6 },
    { 0x2196, 0x2199, 0x2AA },
    { 0x2202, 0x2202, 0x2AE },
    { 0x2206, 0x2206, 0x2AF },
    { 0x220F, 0x220F, 0x2B0 },
    { 0x2211, 0x2212, 0x2B1 },
    { 0x2215, 0x2215, 0x2B3 },
    { 0x2219, 0x221A, 0x2B4 },
    { 0x221E, 0x221E, 0x2B6 },
    { 0x222B, 0x222B, 0x2B7 },
    { 0x2248, 0x2248, 0x2B8 },
    { 0x2260, 0x2260, 0x2B9 },
    { 0x2264, 0x2265, 0x2BA },
    { 0xFB00, 0xFB04, 0x2BC },
};

static const EpdFontGroup sourceserif4_18_italicGroups[] = {
    { 0, 5248, 12151, 95, 0 },
    { 5248, 4459, 14148, 96, 95 },
    { 9707, 5747, 22176, 122, 191 },
    { 15454, 1747, 5646, 28, 313 },
    { 17201, 276, 388, 21, 341 },
    { 17477, 7918, 25601, 150, 362 },
    { 25395, 3109, 17703, 90, 512 },
    { 28504, 994, 2071, 36, 602 },
    { 29498, 640, 1336, 23, 638 },
    { 30138, 1283, 2482, 17, 661 },
    { 31421, 402, 946, 8, 678 },
    { 31823, 696, 1782, 14, 686 },
    { 32519, 597, 1710, 5, 700 },
};

static const EpdKernClassEntry sourceserif4_18_italicKernLeftClasses[] = {
    { 0x0022, 1 }, // "
    { 0x0023, 2 }, // #
    { 0x0026, 3 }, // &
    { 0x0027, 1 }, // '
    { 0x0028, 4 }, // (
    { 0x0029, 5 }, // )
    { 0x002A, 6 }, // *
    { 0x002B, 7 }, // +
    { 0x002C, 8 }, // ,
    { 0x002E, 8 }, // .
    { 0x002F, 9 }, // /
    { 0x0030, 10 }, // 0
    { 0x0031, 11 }, // 1
    { 0x0032, 12 }, // 2
    { 0x0033, 13 }, // 3
    { 0x0034, 14 }, // 4
    { 0x0035, 15 }, // 5
    { 0x0036, 16 }, // 6
    { 0x0037, 17 }, // 7
    { 0x0038, 13 }, // 8
    { 0x0039, 18 }, // 9
    { 0x003A, 19 }, // :
    { 0x003B, 19 }, // ;
    { 0x003D, 20 }, // =
    { 0x003E, 7 }, // >
    { 0x003F, 21 }, // ?
    { 0x0040, 22 }, // @
    { 0x0041, 23 }, // A
    { 0x0042, 24 }, // B
    { 0x0043, 25 }, // C
    { 0x0044, 26 }, // D
    { 0x0045, 27 }, // E
    { 0x0046, 28 }, // F
    { 0x0047, 29 }, // G
    { 0x0048, 30 }, // H
    { 0x0049, 30 }, // I
    { 0x004A, 31 }, // J
    { 0x004B, 32 }, // K
    { 0x004C, 33 }, // L
    { 0x004D, 30 }, // M
    { 0x004E, 34 }, // N
    { 0x004F, 35 }, // O
    { 0x0050, 36 }, // P
    { 0x0051, 35 }, // Q
    { 0x0052, 37 }, // R
    { 0x0053, 38 }, // S
    { 0x0054, 39 }, // T
    { 0x0055, 40 }, // U
    { 0x0056, 41 }, // V
    { 0x0057, 42 }, // W
    { 0x0058, 43 }, // X
    { 0x0059, 44 }, // Y
    { 0x005A, 45 }, // Z
    { 0x005B, 4 }, // [
    { 0x005C, 46 }, // <backslash>
    { 0x005D, 5 }, // ]
    { 0x005F, 47 }, // _
    { 0x0061, 48 }, // a
    { 0x0062, 49 }, // b
    { 0x0063, 50 }, // c
    { 0x0064, 51 }, // d
    { 0x0065, 52 }, // e
    { 0x0066, 53 }, // f
    { 0x0067, 54 }, // g
    { 0x0068, 55 }, // h
    { 0x0069, 56 }, // i
    { 0x006A, 57 }, // j
    { 0x006B, 58 }, // k
    { 0x006C, 51 }, // l
    { 0x006D, 55 }, // m
    { 0x006E, 55 }, // n
    { 0x006F, 59 }, // o
    { 0x0070, 49 }, // p
    { 0x0071, 60 }, // q
    { 0x0072, 61 }, // r
    { 0x0073, 62 }, // s
    { 0x0074, 63 }, // t
    { 0x0075, 64 }, // u
    { 0x0076, 65 }, // v
    { 0x0077, 65 }, // w
    { 0x0078, 66 }, // x
    { 0x0079, 65 }, // y
    { 0x007A, 67 }, // z
    { 0x007B, 4 }, // {
    { 0x007C, 68 }, // |
    { 0x007D, 5 }, // }
    { 0x007E, 7 }, // ~
    { 0x00A1, 69 }, // U+00A1
    { 0x00A2, 70 }, // U+00A2
    { 0x00A6, 68 }, // U+00A6
    { 0x00A9, 71 }, // U+00A9
    { 0x00AB, 72 }, // U+00AB
    { 0x00AC, 20 }, // U+00AC
    { 0x00AD, 73 }, // U+00AD
    { 0x00AE, 6 }, // U+00AE
    { 0x00B1, 74 }, // U+00B1
    { 0x00B5, 75 }, // U+00B5
    { 0x00B7, 76 }, // U+00B7
    { 0x00BB, 77 }, // U+00BB
    { 0x00BF, 78 }, // U+00BF
    { 0x00C0, 23 }, // U+00C0
    { 0x00C1, 23 }, // U+00C1
    { 0x00C2, 23 }, // U+00C2
    { 0x00C3, 23 }, // U+00C3
    { 0x00C4, 23 }, // U+00C4
    { 0x00C5, 23 }, // U+00C5
    { 0x00C6, 27 }, // U+00C6
    { 0x00C7, 25 }, // U+00C7
    { 0x00C8, 27 }, // U+00C8
    { 0x00C9, 27 }, // U+00C9
    { 0x00CA, 27 }, // U+00CA
    { 0x00CB, 27 }, // U+00CB
    { 0x00CC, 30 }, // U+00CC
    { 0x00CD, 30 }, // U+00CD
    { 0x00CE, 30 }, // U+00CE
    { 0x00CF, 30 }, // U+00CF
    { 0x00D0, 26 }, // U+00D0
    { 0x00D1, 34 }, // U+00D1
    { 0x00D2, 35 }, // U+00D2
    { 0x00D3, 35 }, // U+00D3
    { 0x00D4, 35 }, // U+00D4
    { 0x00D5, 35 }, // U+00D5
    { 0x00D6, 35 }, // U+00D6
    { 0x00D8, 35 }, // U+00D8
    { 0x00D9, 40 }, // U+00D9
    { 0x00DA, 40 }, // U+00DA
    { 0x00DB, 40 }, // U+00DB
    { 0x00DC, 40 }, // U+00DC
    { 0x00DD, 44 }, // U+00DD
    { 0x00DE, 79 }, // U+00DE
    { 0x00DF, 80 }, // U+00DF
    { 0x00E0, 48 }, // U+00E0
    { 0x00E1, 48 }, // U+00E1
    { 0x00E2, 48 }, // U+00E2
    { 0x00E3, 48 }, // U+00E3
    { 0x00E4, 48 }, // U+00E4
    { 0x00E5, 48 }, // U+00E5
    { 0x00E6, 52 }, // U+00E6
    { 0x00E7, 50 }, // U+00E7
    { 0x00E8, 52 }, // U+00E8
    { 0x00E9, 52 }, // U+00E9
    { 0x00EA, 52 }, // U+00EA
    { 0x00EB, 52 }, // U+00EB
    { 0x00EC, 56 }, // U+00EC
    { 0x00ED, 56 }, // U+00ED
    { 0x00EE, 81 }, // U+00EE
    { 0x00EF, 81 }, // U+00EF
    { 0x00F0, 82 }, // U+00F0
    { 0x00F1, 55 }, // U+00F1
    { 0x00F2, 59 }, // U+00F2
    { 0x00F3, 59 }, // U+00F3
    { 0x00F4, 59 }, // U+00F4
    { 0x00F5, 59 }, // U+00F5
    { 0x00F6, 59 }, // U+00F6
    { 0x00F7, 7 }, // U+00F7
    { 0x00F8, 59 }, // U+00F8
    { 0x00F9, 64 }, // U+00F9
    { 0x00FA, 64 }, // U+00FA
    { 0x00FB, 64 }, // U+00FB
    { 0x00FC, 64 }, // U+00FC
    { 0x00FD, 65 }, // U+00FD
    { 0x00FE, 49 }, // U+00FE
    { 0x00FF, 65 }, // U+00FF
    { 0x0100, 23 }, // U+0100
    { 0x0101, 48 }, // U+0101
    { 0x0102, 23 }, // U+0102
    { 0x0103, 48 }, // U+0103
    { 0x0104, 83 }, // U+0104
    { 0x0105, 84 }, // U+0105
    { 0x0106, 25 }, // U+0106
    { 0x0107, 50 }, // U+0107
    { 0x0108, 25 }, // U+0108
    { 0x0109, 50 }, // U+0109
    { 0x010A, 25 }, // U+010A
    { 0x010B, 50 }, // U+010B
    { 0x010C, 25 }, // U+010C
    { 0x010D, 50 }, // U+010D
    { 0x010E, 26 }, // U+010E
    { 0x010F, 85 }, // U+010F
    { 0x0110, 26 }, // U+0110
    { 0x0111, 51 }, // U+0111
    { 0x0112, 27 }, // U+0112
    { 0x0113, 52 }, // U+0113
    { 0x0114, 27 }, // U+0114
    { 0x0115, 52 }, // U+0115
    { 0x0116, 27 }, // U+0116
    { 0x0117, 52 }, // U+0117
    { 0x0118, 27 }, // U+0118
    { 0x0119, 52 }, // U+0119
    { 0x011A, 27 }, // U+011A
    { 0x011B, 52 }, // U+011B
    { 0x011C, 29 }, // U+011C
    { 0x011D, 54 }, // U+011D
    { 0x011E, 29 }, // U+011E
    { 0x011F, 54 }, // U+011F
    { 0x0120, 29 }, // U+0120
    { 0x0121, 54 }, // U+0121
    { 0x0122, 29 }, // U+0122
    { 0x0123, 54 }, // U+0123
    { 0x0124, 30 }, // U+0124
    { 0x0125, 55 }, // U+0125
    { 0x0126, 30 }, // U+0126
    { 0x0127, 55 }, // U+0127
    { 0x0128, 30 }, // U+0128
    { 0x0129, 81 }, // U+0129
    { 0x012A, 30 }, // U+012A
    { 0x012B, 81 }, // U+012B
    { 0x012E, 30 }, // U+012E
    { 0x012F, 86 }, // U+012F
    { 0x0130, 30 }, // U+0130
    { 0x0131, 56 }, // U+0131
    { 0x0134, 31 }, // U+0134
    { 0x0135, 57 }, // U+0135
    { 0x0136, 32 }, // U+0136
    { 0x0137, 58 }, // U+0137
    { 0x0138, 58 }, // U+0138
    { 0x0139, 33 }, // U+0139
    { 0x013A, 51 }, // U+013A
    { 0x013B, 33 }, // U+013B
    { 0x013C, 51 }, // U+013C
    { 0x013D, 87 }, // U+013D
    { 0x013E, 85 }, // U+013E
    { 0x0141, 33 }, // U+0141
    { 0x0142, 88 }, // U+0142
    { 0x0143, 34 }, // U+0143
    { 0x0144, 55 }, // U+0144
    { 0x0145, 34 }, // U+0145
    { 0x0146, 55 }, // U+0146
    { 0x0147, 34 }, // U+0147
    { 0x0148, 55 }, // U+0148
    { 0x014A, 31 }, // U+014A
    { 0x014B, 57 }, // U+014B
    { 0x014C, 35 }, // U+014C
    { 0x014D, 59 }, // U+014D
    { 0x014E, 35 }, // U+014E
    { 0x014F, 59 }, // U+014F
    { 0x0150, 35 }, // U+0150
    { 0x0151, 59 }, // U+0151
    { 0x0152, 27 }, // U+0152
    { 0x0153, 52 }, // U+0153
    { 0x0154, 37 }, // U+0154
    { 0x0155, 61 }, // U+0155
    { 0x0156, 37 }, // U+0156
    { 0x0157, 61 }, // U+0157
    { 0x0158, 37 }, // U+0158
    { 0x0159, 61 }, // U+0159
    { 0x015A, 38 }, // U+015A
    { 0x015B, 62 }, // U+015B
    { 0x015C, 38 }, // U+015C
    { 0x015D, 62 }, // U+015D
    { 0x015E, 38 }, // U+015E
    { 0x015F, 62 }, // U+015F
    { 0x0160, 38 }, // U+0160
    { 0x0161, 62 }, // U+0161
    { 0x0162, 39 }, // U+0162
    { 0x0163, 63 }, // U+0163
    { 0x0164, 39 }, // U+0164
    { 0x0165, 89 }, // U+0165
    { 0x0168, 40 }, // U+0168
    { 0x0169, 64 }, // U+0169
    { 0x016A, 40 }, // U+016A
    { 0x016B, 64 }, // U+016B
    { 0x016C, 40 }, // U+016C
    { 0x016D, 64 }, // U+016D
    { 0x016E, 40 }, // U+016E
    { 0x016F, 64 }, // U+016F
    { 0x0170, 40 }, // U+0170
    { 0x0171, 64 }, // U+0171
    { 0x0172, 40 }, // U+0172
    { 0x0173, 90 }, // U+0173
    { 0x0174, 42 }, // U+0174
    { 0x0175, 65 }, // U+0175
    { 0x0176, 44 }, // U+0176
    { 0x0177, 65 }, // U+0177
    { 0x0178, 44 }, // U+0178
    { 0x0179, 45 }, // U+0179
    { 0x017A, 67 }, // U+017A
    { 0x017B, 45 }, // U+017B
    { 0x017C, 67 }, // U+017C
    { 0x017D, 45 }, // U+017D
    { 0x017E, 67 }, // U+017E
    { 0x017F, 53 }, // U+017F
    { 0x01A0, 91 }, // U+01A0
    { 0x01A1, 92 }, // U+01A1
    { 0x01AF, 93 }, // U+01AF
    { 0x01B0, 94 }, // U+01B0
    { 0x01CD, 23 }, // U+01CD
    { 0x01CE, 48 }, // U+01CE
    { 0x01CF, 30 }, // U+01CF
    { 0x01D0, 81 }, // U+01D0
    { 0x01D1, 35 }, // U+01D1
    { 0x01D2, 59 }, // U+01D2
    { 0x01D3, 40 }, // U+01D3
    { 0x01D4, 64 }, // U+01D4
    { 0x01D5, 40 }, // U+01D5
    { 0x01D6, 64 }, // U+01D6
    { 0x01D7, 40 }, // U+01D7
    { 0x01D8, 64 }, // U+01D8
    { 0x01D9, 40 }, // U+01D9
    { 0x01DA, 64 }, // U+01DA
    { 0x01DB, 40 }, // U+01DB
    { 0x01DC, 64 }, // U+01DC
    { 0x01E6, 29 }, // U+01E6
    { 0x01E7, 54 }, // U+01E7
    { 0x01F8, 34 }, // U+01F8
    { 0x01F9, 55 }, // U+01F9
    { 0x0218, 38 }, // U+0218
    { 0x0219, 62 }, // U+0219
    { 0x021A, 39 }, // U+021A
    { 0x021B, 63 }, // U+021B
    { 0x0400, 95 }, // U+0400
    { 0x0401, 95 }, // U+0401
    { 0x0402, 96 }, // U+0402
    { 0x0403, 97 }, // U+0403
    { 0x0404, 98 }, // U+0404
    { 0x0405, 99 }, // U+0405
    { 0x0406, 100 }, // U+0406
    { 0x0407, 100 }, // U+0407
    { 0x0408, 101 }, // U+0408
    { 0x0409, 102 }, // U+0409
    { 0x040A, 102 }, // U+040A
    { 0x040B, 103 }, // U+040B
    { 0x040C, 104 }, // U+040C
    { 0x040D, 100 }, // U+040D
    { 0x040E, 105 }, // U+040E
    { 0x040F, 100 }, // U+040F
    { 0x0410, 106 }, // U+0410
    { 0x0411, 107 }, // U+0411
    { 0x0412, 107 }, // U+0412
    { 0x0413, 97 }, // U+0413
    { 0x0414, 108 }, // U+0414
    { 0x0415, 95 }, // U+0415
    { 0x0416, 104 }, // U+0416
    { 0x0417, 107 }, // U+0417
    { 0x0418, 100 }, // U+0418
    { 0x0419, 100 }, // U+0419
    { 0x041A, 104 }, // U+041A
    { 0x041B, 100 }, // U+041B
    { 0x041C, 100 }, // U+041C
    { 0x041D, 100 }, // U+041D
    { 0x041E, 109 }, // U+041E
    { 0x041F, 100 }, // U+041F
    { 0x0420, 110 }, // U+0420
    { 0x0421, 98 }, // U+0421
    { 0x0422, 111 }, // U+0422
    { 0x0423, 105 }, // U+0423
    { 0x0424, 112 }, // U+0424
    { 0x0425, 104 }, // U+0425
    { 0x0426, 108 }, // U+0426
    { 0x0427, 100 }, // U+0427
    { 0x0428, 100 }, // U+0428
    { 0x0429, 108 }, // U+0429
    { 0x042A, 102 }, // U+042A
    { 0x042B, 100 }, // U+042B
    { 0x042C, 102 }, // U+042C
    { 0x042D, 109 }, // U+042D
    { 0x042E, 109 }, // U+042E
    { 0x042F, 100 }, // U+042F
    { 0x0430, 113 }, // U+0430
    { 0x0431, 114 }, // U+0431
    { 0x0432, 115 }, // U+0432
    { 0x0433, 116 }, // U+0433
    { 0x0434, 117 }, // U+0434
    { 0x0435, 118 }, // U+0435
    { 0x0436, 119 }, // U+0436
    { 0x0437, 115 }, // U+0437
    { 0x0438, 120 }, // U+0438
    { 0x0439, 120 }, // U+0439
    { 0x043A, 121 }, // U+043A
    { 0x043B, 120 }, // U+043B
    { 0x043C, 120 }, // U+043C
    { 0x043D, 120 }, // U+043D
    { 0x043E, 122 }, // U+043E
    { 0x043F, 123 }, // U+043F
    { 0x0440, 124 }, // U+0440
    { 0x0441, 125 }, // U+0441
    { 0x0442, 123 }, // U+0442
    { 0x0443, 126 }, // U+0443
    { 0x0444, 124 }, // U+0444
    { 0x0445, 127 }, // U+0445
    { 0x0446, 128 }, // U+0446
    { 0x0447, 120 }, // U+0447
    { 0x0448, 120 }, // U+0448
    { 0x0449, 128 }, // U+0449
    { 0x044A, 129 }, // U+044A
    { 0x044B, 120 }, // U+044B
    { 0x044C, 129 }, // U+044C
    { 0x044D, 122 }, // U+044D
    { 0x044E, 122 }, // U+044E
    { 0x044F, 120 }, // U+044F
    { 0x0450, 118 }, // U+0450
    { 0x0451, 118 }, // U+0451
    { 0x0452, 130 }, // U+0452
    { 0x0453, 116 }, // U+0453
    { 0x0454, 125 }, // U+0454
    { 0x0455, 131 }, // U+0455
    { 0x0456, 132 }, // U+0456
    { 0x0457, 133 }, // U+0457
    { 0x0458, 134 }, // U+0458
    { 0x0459, 129 }, // U+0459
    { 0x045A, 129 }, // U+045A
    { 0x045B, 123 }, // U+045B
    { 0x045C, 121 }, // U+045C
    { 0x045D, 120 }, // U+045D
    { 0x045E, 126 }, // U+045E
    { 0x045F, 120 }, // U+045F
    { 0x0462, 135 }, // U+0462
    { 0x0463, 129 }, // U+0463
    { 0x0472, 109 }, // U+0472
    { 0x0473, 122 }, // U+0473
    { 0x0474, 105 }, // U+0474
    { 0x0475, 136 }, // U+0475
    { 0x0490, 137 }, // U+0490
    { 0x0491, 138 }, // U+0491
    { 0x0492, 97 }, // U+0492
    { 0x0493, 116 }, // U+0493
    { 0x0496, 139 }, // U+0496
    { 0x0497, 119 }, // U+0497
    { 0x0498, 107 }, // U+0498
    { 0x0499, 115 }, // U+0499
    { 0x049A, 139 }, // U+049A
    { 0x049B, 121 }, // U+049B
    { 0x04A0, 104 }, // U+04A0
    { 0x04A1, 121 }, // U+04A1
    { 0x04A2, 108 }, // U+04A2
    { 0x04A3, 128 }, // U+04A3
    { 0x04AA, 98 }, // U+04AA
    { 0x04AB, 125 }, // U+04AB
    { 0x04AE, 140 }, // U+04AE
    { 0x04AF, 126 }, // U+04AF
    { 0x04B0, 140 }, // U+04B0
    { 0x04B1, 126 }, // U+04B1
    { 0x04B2, 139 }, // U+04B2
    { 0x04B3, 127 }, // U+04B3
    { 0x04B6, 108 }, // U+04B6
    { 0x04B7, 128 }, // U+04B7
    { 0x04BA, 141 }, // U+04BA
    { 0x04BB, 123 }, // U+04BB
    { 0x04C0, 100 }, // U+04C0
    { 0x04C1, 104 }, // U+04C1
    { 0x04C2, 119 }, // U+04C2
    { 0x04CF, 142 }, // U+04CF
    { 0x04D0, 106 }, // U+04D0
    { 0x04D1, 113 }, // U+04D1
    { 0x04D4, 95 }, // U+04D4
    { 0x04D5, 118 }, // U+04D5
    { 0x04D6, 95 }, // U+04D6
    { 0x04D7, 118 }, // U+04D7
    { 0x04D8, 109 }, // U+04D8
    { 0x04D9, 122 }, // U+04D9
    { 0x04E2, 100 }, // U+04E2
    { 0x04E3, 120 }, // U+04E3
    { 0x04E6, 109 }, // U+04E6
    { 0x04E7, 122 }, // U+04E7
    { 0x04E8, 109 }, // U+04E8
    { 0x04E9, 122 }, // U+04E9
    { 0x04EE, 105 }, // U+04EE
    { 0x04EF, 126 }, // U+04EF
    { 0x04F2, 105 }, // U+04F2
    { 0x04F3, 126 }, // U+04F3
    { 0x1EA0, 23 }, // U+1EA0
    { 0x1EA1, 48 }, // U+1EA1
    { 0x1EA2, 23 }, // U+1EA2
    { 0x1EA3, 48 }, // U+1EA3
    { 0x1EA4, 23 }, // U+1EA4
    { 0x1EA5, 48 }, // U+1EA5
    { 0x1EA6, 23 }, // U+1EA6
    { 0x1EA7, 48 }, // U+1EA7
    { 0x1EA8, 23 }, // U+1EA8
    { 0x1EA9, 48 }, // U+1EA9
    { 0x1EAA, 23 }, // U+1EAA
    { 0x1EAB, 48 }, // U+1EAB
    { 0x1EAC, 23 }, // U+1EAC
    { 0x1EAD, 48 }, // U+1EAD
    { 0x1EAE, 23 }, // U+1EAE
    { 0x1EAF, 48 }, // U+1EAF
    { 0x1EB0, 23 }, // U+1EB0
    { 0x1EB1, 48 }, // U+1EB1
    { 0x1EB2, 23 }, // U+1EB2
    { 0x1EB3, 48 }, // U+1EB3
    { 0x1EB4, 23 }, // U+1EB4
    { 0x1EB5, 48 }, // U+1EB5
    { 0x1EB6, 23 }, // U+1EB6
    { 0x1EB7, 48 }, // U+1EB7
    { 0x1EB8, 27 }, // U+1EB8
    { 0x1EB9, 52 }, // U+1EB9
    { 0x1EBA, 27 }, // U+1EBA
    { 0x1EBB, 52 }, // U+1EBB
    { 0x1EBC, 27 }, // U+1EBC
    { 0x1EBD, 52 }, // U+1EBD
    { 0x1EBE, 27 }, // U+1EBE
    { 0x1EBF, 52 }, // U+1EBF
    { 0x1EC0, 27 }, // U+1EC0
    { 0x1EC1, 52 }, // U+1EC1
    { 0x1EC2, 27 }, // U+1EC2
    { 0x1EC3, 52 }, // U+1EC3
    { 0x1EC4, 27 }, // U+1EC4
    { 0x1EC5, 52 }, // U+1EC5
    { 0x1EC6, 27 }, // U+1EC6
    { 0x1EC7, 52 }, // U+1EC7
    { 0x1EC8, 30 }, // U+1EC8
    { 0x1EC9, 56 }, // U+1EC9
    { 0x1ECA, 30 }, // U+1ECA
    { 0x1ECB, 56 }, // U+1ECB
    { 0x1ECC, 35 }, // U+1ECC
    { 0x1ECD, 59 }, // U+1ECD
    { 0x1ECE, 35 }, // U+1ECE
    { 0x1ECF, 59 }, // U+1ECF
    { 0x1ED0, 35 }, // U+1ED0
    { 0x1ED1, 59 }, // U+1ED1
    { 0x1ED2, 35 }, // U+1ED2
    { 0x1ED3, 59 }, // U+1ED3
    { 0x1ED4, 35 }, // U+1ED4
    { 0x1ED5, 59 }, // U+1ED5
    { 0x1ED6, 35 }, // U+1ED6
    { 0x1ED7, 59 }, // U+1ED7
    { 0x1ED8, 35 }, // U+1ED8
    { 0x1ED9, 59 }, // U+1ED9
    { 0x1EDA, 35 }, // U+1EDA
    { 0x1EDB, 92 }, // U+1EDB
    { 0x1EDC, 35 }, // U+1EDC
    { 0x1EDD, 92 }, // U+1EDD
    { 0x1EDE, 35 }, // U+1EDE
    { 0x1EDF, 92 }, // U+1EDF
    { 0x1EE0, 35 }, // U+1EE0
    { 0x1EE1, 92 }, // U+1EE1
    { 0x1EE2, 35 }, // U+1EE2
    { 0x1EE3, 92 }, // U+1EE3
    { 0x1EE4, 40 }, // U+1EE4
    { 0x1EE5, 64 }, // U+1EE5
    { 0x1EE6, 40 }, // U+1EE6
    { 0x1EE7, 64 }, // U+1EE7
    { 0x1EE8, 93 }, // U+1EE8
    { 0x1EE9, 94 }, // U+1EE9
    { 0x1EEA, 93 }, // U+1EEA
    { 0x1EEB, 94 }, // U+1EEB
    { 0x1EEC, 93 }, // U+1EEC
    { 0x1EED, 94 }, // U+1EED
    { 0x1EEE, 93 }, // U+1EEE
    { 0x1EEF, 94 }, // U+1EEF
    { 0x1EF0, 93 }, // U+1EF0
    { 0x1EF1, 94 }, // U+1EF1
    { 0x1EF2, 44 }, // U+1EF2
    { 0x1EF3, 65 }, // U+1EF3
    { 0x1EF4, 44 }, // U+1EF4
    { 0x1EF5, 65 }, // U+1EF5
    { 0x1EF6, 44 }, // U+1EF6
    { 0x1EF7, 65 }, // U+1EF7
    { 0x1EF8, 44 }, // U+1EF8
    { 0x1EF9, 65 }, // U+1EF9
    { 0x2012, 73 }, // U+2012
    { 0x2013, 73 }, // U+2013
    { 0x2014, 73 }, // U+2014
    { 0x2015, 73 }, // U+2015
    { 0x2018, 143 }, // U+2018
    { 0x2019, 144 }, // U+2019
    { 0x201A, 8 }, // U+201A
    { 0x201C, 143 }, // U+201C
    { 0x201D, 144 }, // U+201D
    { 0x201E, 8 }, // U+201E
    { 0x2020, 145 }, // U+2020
    { 0x2022, 76 }, // U+2022
    { 0x2026, 8 }, // U+2026
    { 0x2039, 72 }, // U+2039
    { 0x203A, 77 }, // U+203A
    { 0x2206, 146 }, // U+2206
    { 0x2212, 7 }, // U+2212
    { 0x2219, 76 }, // U+2219
    { 0x2248, 20 }, // U+2248
    { 0x2260, 20 }, // U+2260
    { 0xFB00, 53 }, // U+FB00
    { 0xFB01, 56 }, // U+FB01
    { 0xFB02, 51 }, // U+FB02
    { 0xFB03, 56 }, // U+FB03
    { 0xFB04, 51 }, // U+FB04
};

static const EpdKernClassEntry sourceserif4_18_italicKernRightClasses[] = {
    { 0x0021, 1 }, // !
    { 0x0022, 2 }, // "
    { 0x0023, 3 }, // #
    { 0x0025, 4 }, // %
    { 0x0027, 2 }, // '
    { 0x0028, 5 }, // (
    { 0x0029, 6 }, // )
    { 0x002A, 7 }, // *
    { 0x002B, 8 }, // +
    { 0x002C, 9 }, // ,
    { 0x002E, 9 }, // .
    { 0x002F, 10 }, // /
    { 0x0030, 11 }, // 0
    { 0x0031, 12 }, // 1
    { 0x0032, 13 }, // 2
    { 0x0033, 14 }, // 3
    { 0x0034, 15 }, // 4
    { 0x0035, 16 }, // 5
    { 0x0036, 17 }, // 6
    { 0x0037, 18 }, // 7
    { 0x0038, 19 }, // 8
    { 0x0039, 20 }, // 9
    { 0x003A, 21 }, // :
    { 0x003B, 21 }, // ;
    { 0x003C, 8 }, // <
    { 0x003D, 22 }, // =
    { 0x003F, 23 }, // ?
    { 0x0040, 24 }, // @
    { 0x0041, 25 }, // A
    { 0x0042, 26 }, // B
    { 0x0043, 27 }, // C
    { 0x0044, 26 }, // D
    { 0x0045, 26 }, // E
    { 0x0046, 26 }, // F
    { 0x0047, 27 }, // G
    { 0x0048, 26 }, // H
    { 0x0049, 26 }, // I
    { 0x004A, 28 }, // J
    { 0x004B, 26 }, // K
    { 0x004C, 26 }, // L
    { 0x004D, 29 }, // M
    { 0x004E, 29 }, // N
    { 0x004F, 27 }, // O
    { 0x0050, 26 }, // P
    { 0x0051, 27 }, // Q
    { 0x0052, 26 }, // R
    { 0x0053, 30 }, // S
    { 0x0054, 31 }, // T
    { 0x0055, 32 }, // U
    { 0x0056, 33 }, // V
    { 0x0057, 34 }, // W
    { 0x0058, 35 }, // X
    { 0x0059, 36 }, // Y
    { 0x005A, 37 }, // Z
    { 0x005B, 5 }, // [
    { 0x005C, 38 }, // <backslash>
    { 0x005D, 6 }, // ]
    { 0x005F, 39 }, // _
    { 0x0061, 40 }, // a
    { 0x0062, 41 }, // b
    { 0x0063, 42 }, // c
    { 0x0064, 40 }, // d
    { 0x0065, 42 }, // e
    { 0x0066, 43 }, // f
    { 0x0067, 44 }, // g
    { 0x0068, 41 }, // h
    { 0x0069, 45 }, // i
    { 0x006A, 46 }, // j
    { 0x006B, 41 }, // k
    { 0x006C, 41 }, // l
    { 0x006D, 47 }, // m
    { 0x006E, 47 }, // n
    { 0x006F, 42 }, // o
    { 0x0070, 48 }, // p
    { 0x0071, 40 }, // q
    { 0x0072, 47 }, // r
    { 0x0073, 49 }, // s
    { 0x0074, 50 }, // t
    { 0x0075, 51 }, // u
    { 0x0076, 52 }, // v
    { 0x0077, 52 }, // w
    { 0x0078, 53 }, // x
    { 0x0079, 54 }, // y
    { 0x007A, 55 }, // z
    { 0x007B, 5 }, // {
    { 0x007C, 56 }, // |
    { 0x007D, 6 }, // }
    { 0x007E, 8 }, // ~
    { 0x00A1, 57 }, // U+00A1
    { 0x00A2, 58 }, // U+00A2
    { 0x00A6, 56 }, // U+00A6
    { 0x00A9, 59 }, // U+00A9
    { 0x00AA, 60 }, // U+00AA
    { 0x00AB, 61 }, // U+00AB
    { 0x00AC, 8 }, // U+00AC
    { 0x00AD, 62 }, // U+00AD
    { 0x00AE, 7 }, // U+00AE
    { 0x00B0, 63 }, // U+00B0
    { 0x00B2, 64 }, // U+00B2
    { 0x00B3, 64 }, // U+00B3
    { 0x00B5, 65 }, // U+00B5
    { 0x00B7, 66 }, // U+00B7
    { 0x00B9, 64 }, // U+00B9
    { 0x00BA, 60 }, // U+00BA
    { 0x00BB, 67 }, // U+00BB
    { 0x00BC, 4 }, // U+00BC
    { 0x00BD, 4 }, // U+00BD
    { 0x00BE, 4 }, // U+00BE
    { 0x00BF, 68 }, // U+00BF
    { 0x00C0, 25 }, // U+00C0
    { 0x00C1, 25 }, // U+00C1
    { 0x00C2, 25 }, // U+00C2
    { 0x00C3, 25 }, // U+00C3
    { 0x00C4, 25 }, // U+00C4
    { 0x00C5, 25 }, // U+00C5
    { 0x00C6, 69 }, // U+00C6
    { 0x00C7, 27 }, // U+00C7
    { 0x00C8, 26 }, // U+00C8
    { 0x00C9, 26 }, // U+00C9
    { 0x00CA, 26 }, // U+00CA
    { 0x00CB, 26 }, // U+00CB
    { 0x00CC, 26 }, // U+00CC
    { 0x00CD, 26 }, // U+00CD
    { 0x00CE, 26 }, // U+00CE
    { 0x00CF, 26 }, // U+00CF
    { 0x00D0, 26 }, // U+00D0
    { 0x00D1, 29 }, // U+00D1
    { 0x00D2, 27 }, // U+00D2
    { 0x00D3, 27 }, // U+00D3
    { 0x00D4, 27 }, // U+00D4
    { 0x00D5, 27 }, // U+00D5
    { 0x00D6, 27 }, // U+00D6
    { 0x00D8, 27 }, // U+00D8
    { 0x00D9, 32 }, // U+00D9
    { 0x00DA, 32 }, // U+00DA
    { 0x00DB, 32 }, // U+00DB
    { 0x00DC, 32 }, // U+00DC
    { 0x00DD, 36 }, // U+00DD
    { 0x00DE, 26 }, // U+00DE
    { 0x00DF, 70 }, // U+00DF
    { 0x00E0, 40 }, // U+00E0
    { 0x00E1, 40 }, // U+00E1
    { 0x00E2, 40 }, // U+00E2
    { 0x00E3, 71 }, // U+00E3
    { 0x00E4, 72 }, // U+00E4
    { 0x00E5, 40 }, // U+00E5
    { 0x00E6, 40 }, // U+00E6
    { 0x00E7, 42 }, // U+00E7
    { 0x00E8, 42 }, // U+00E8
    { 0x00E9, 42 }, // U+00E9
    { 0x00EA, 42 }, // U+00EA
    { 0x00EB, 42 }, // U+00EB
    { 0x00EC, 73 }, // U+00EC
    { 0x00ED, 45 }, // U+00ED
    { 0x00EE, 74 }, // U+00EE
    { 0x00EF, 74 }, // U+00EF
    { 0x00F0, 42 }, // U+00F0
    { 0x00F1, 47 }, // U+00F1
    { 0x00F2, 42 }, // U+00F2
    { 0x00F3, 42 }, // U+00F3
    { 0x00F4, 42 }, // U+00F4
    { 0x00F5, 42 }, // U+00F5
    { 0x00F6, 75 }, // U+00F6
    { 0x00F7, 8 }, // U+00F7
    { 0x00F8, 42 }, // U+00F8
    { 0x00F9, 51 }, // U+00F9
    { 0x00FA, 51 }, // U+00FA
    { 0x00FB, 51 }, // U+00FB
    { 0x00FC, 51 }, // U+00FC
    { 0x00FD, 54 }, // U+00FD
    { 0x00FE, 76 }, // U+00FE
    { 0x00FF, 54 }, // U+00FF
    { 0x0100, 25 }, // U+0100
    { 0x0101, 40 }, // U+0101
    { 0x0102, 25 }, // U+0102
    { 0x0103, 40 }, // U+0103
    { 0x0104, 25 }, // U+0104
    { 0x0105, 40 }, // U+0105
    { 0x0106, 27 }, // U+0106
    { 0x0107, 42 }, // U+0107
    { 0x0108, 27 }, // U+0108
    { 0x0109, 42 }, // U+0109
    { 0x010A, 27 }, // U+010A
    { 0x010B, 42 }, // U+010B
    { 0x010C, 27 }, // U+010C
    { 0x010D, 42 }, // U+010D
    { 0x010E, 26 }, // U+010E
    { 0x010F, 40 }, // U+010F
    { 0x0110, 26 }, // U+0110
    { 0x0111, 40 }, // U+0111
    { 0x0112, 26 }, // U+0112
    { 0x0113, 42 }, // U+0113
    { 0x0114, 26 }, // U+0114
    { 0x0115, 42 }, // U+0115
    { 0x0116, 26 }, // U+0116
    { 0x0117, 42 }, // U+0117
    { 0x0118, 26 }, // U+0118
    { 0x0119, 42 }, // U+0119
    { 0x011A, 26 }, // U+011A
    { 0x011B, 42 }, // U+011B
    { 0x011C, 27 }, // U+011C
    { 0x011D, 44 }, // U+011D
    { 0x011E, 27 }, // U+011E
    { 0x011F, 44 }, // U+011F
    { 0x0120, 27 }, // U+0120
    { 0x0121, 44 }, // U+0121
    { 0x0122, 27 }, // U+0122
    { 0x0123, 44 }, // U+0123
    { 0x0124, 26 }, // U+0124
    { 0x0125, 41 }, // U+0125
    { 0x0126, 26 }, // U+0126
    { 0x0127, 41 }, // U+0127
    { 0x0128, 26 }, // U+0128
    { 0x0129, 74 }, // U+0129
    { 0x012A, 26 }, // U+012A
    { 0x012B, 74 }, // U+012B
    { 0x012E, 26 }, // U+012E
    { 0x012F, 45 }, // U+012F
    { 0x0130, 26 }, // U+0130
    { 0x0131, 47 }, // U+0131
    { 0x0134, 28 }, // U+0134
    { 0x0135, 46 }, // U+0135
    { 0x0136, 26 }, // U+0136
    { 0x0137, 41 }, // U+0137
    { 0x0138, 47 }, // U+0138
    { 0x0139, 26 }, // U+0139
    { 0x013A, 41 }, // U+013A
    { 0x013B, 26 }, // U+013B
    { 0x013C, 41 }, // U+013C
    { 0x013D, 26 }, // U+013D
    { 0x013E, 41 }, // U+013E
    { 0x013F, 26 }, // U+013F
    { 0x0140, 41 }, // U+0140
    { 0x0141, 26 }, // U+0141
    { 0x0142, 41 }, // U+0142
    { 0x0143, 29 }, // U+0143
    { 0x0144, 47 }, // U+0144
    { 0x0145, 29 }, // U+0145
    { 0x0146, 47 }, // U+0146
    { 0x0147, 29 }, // U+0147
    { 0x0148, 47 }, // U+0148
    { 0x014A, 29 }, // U+014A
    { 0x014B, 47 }, // U+014B
    { 0x014C, 27 }, // U+014C
    { 0x014D, 42 }, // U+014D
    { 0x014E, 27 }, // U+014E
    { 0x014F, 42 }, // U+014F
    { 0x0150, 27 }, // U+0150
    { 0x0151, 42 }, // U+0151
    { 0x0152, 27 }, // U+0152
    { 0x0153, 42 }, // U+0153
    { 0x0154, 26 }, // U+0154
    { 0x0155, 47 }, // U+0155
    { 0x0156, 26 }, // U+0156
    { 0x0157, 47 }, // U+0157
    { 0x0158, 26 }, // U+0158
    { 0x0159, 47 }, // U+0159
    { 0x015A, 30 }, // U+015A
    { 0x015B, 49 }, // U+015B
    { 0x015C, 30 }, // U+015C
    { 0x015D, 49 }, // U+015D
    { 0x015E, 30 }, // U+015E
    { 0x015F, 49 }, // U+015F
    { 0x0160, 30 }, // U+0160
    { 0x0161, 77 }, // U+0161
    { 0x0162, 31 }, // U+0162
    { 0x0163, 50 }, // U+0163
    { 0x0164, 31 }, // U+0164
    { 0x0165, 50 }, // U+0165
    { 0x0168, 32 }, // U+0168
    { 0x0169, 51 }, // U+0169
    { 0x016A, 32 }, // U+016A
    { 0x016B, 51 }, // U+016B
    { 0x016C, 32 }, // U+016C
    { 0x016D, 51 }, // U+016D
    { 0x016E, 32 }, // U+016E
    { 0x016F, 51 }, // U+016F
    { 0x0170, 32 }, // U+0170
    { 0x0171, 51 }, // U+0171
    { 0x0172, 32 }, // U+0172
    { 0x0173, 51 }, // U+0173
    { 0x0174, 34 }, // U+0174
    { 0x0175, 52 }, // U+0175
    { 0x0176, 36 }, // U+0176
    { 0x0177, 54 }, // U+0177
    { 0x0178, 36 }, // U+0178
    { 0x0179, 37 }, // U+0179
    { 0x017A, 55 }, // U+017A
    { 0x017B, 37 }, // U+017B
    { 0x017C, 55 }, // U+017C
    { 0x017D, 37 }, // U+017D
    { 0x017E, 55 }, // U+017E
    { 0x017F, 70 }, // U+017F
    { 0x01A0, 27 }, // U+01A0
    { 0x01A1, 42 }, // U+01A1
    { 0x01AF, 32 }, // U+01AF
    { 0x01B0, 51 }, // U+01B0
    { 0x01CD, 25 }, // U+01CD
    { 0x01CE, 40 }, // U+01CE
    { 0x01CF, 26 }, // U+01CF
    { 0x01D0, 74 }, // U+01D0
    { 0x01D1, 27 }, // U+01D1
    { 0x01D2, 42 }, // U+01D2
    { 0x01D3, 32 }, // U+01D3
    { 0x01D4, 51 }, // U+01D4
    { 0x01D5, 32 }, // U+01D5
    { 0x01D6, 51 }, // U+01D6
    { 0x01D7, 32 }, // U+01D7
    { 0x01D8, 51 }, // U+01D8
    { 0x01D9, 32 }, // U+01D9
    { 0x01DA, 51 }, // U+01DA
    { 0x01DB, 32 }, // U+01DB
    { 0x01DC, 51 }, // U+01DC
    { 0x01E6, 27 }, // U+01E6
    { 0x01E7, 44 }, // U+01E7
    { 0x01F8, 29 }, // U+01F8
    { 0x01F9, 47 }, // U+01F9
    { 0x0218, 30 }, // U+0218
    { 0x0219, 49 }, // U+0219
    { 0x021A, 31 }, // U+021A
    { 0x021B, 50 }, // U+021B
    { 0x0400, 78 }, // U+0400
    { 0x0401, 78 }, // U+0401
    { 0x0402, 79 }, // U+0402
    { 0x0403, 78 }, // U+0403
    { 0x0404, 80 }, // U+0404
    { 0x0405, 81 }, // U+0405
    { 0x0406, 78 }, // U+0406
    { 0x0407, 78 }, // U+0407
    { 0x0408, 82 }, // U+0408
    { 0x0409, 83 }, // U+0409
    { 0x040A, 78 }, // U+040A
    { 0x040B, 79 }, // U+040B
    { 0x040C, 78 }, // U+040C
    { 0x040D, 78 }, // U+040D
    { 0x040E, 84 }, // U+040E
    { 0x040F, 78 }, // U+040F
    { 0x0410, 85 }, // U+0410
    { 0x0411, 78 }, // U+0411
    { 0x0412, 78 }, // U+0412
    { 0x0413, 78 }, // U+0413
    { 0x0414, 86 }, // U+0414
    { 0x0415, 78 }, // U+0415
    { 0x0416, 87 }, // U+0416
    { 0x0417, 88 }, // U+0417
    { 0x0418, 78 }, // U+0418
    { 0x0419, 78 }, // U+0419
    { 0x041A, 78 }, // U+041A
    { 0x041B, 83 }, // U+041B
    { 0x041C, 89 }, // U+041C
    { 0x041D, 78 }, // U+041D
    { 0x041E, 80 }, // U+041E
    { 0x041F, 78 }, // U+041F
    { 0x0420, 78 }, // U+0420
    { 0x0421, 80 }, // U+0421
    { 0x0422, 79 }, // U+0422
    { 0x0423, 84 }, // U+0423
    { 0x0424, 90 }, // U+0424
    { 0x0425, 87 }, // U+0425
    { 0x0426, 78 }, // U+0426
    { 0x0427, 91 }, // U+0427
    { 0x0428, 78 }, // U+0428
    { 0x0429, 78 }, // U+0429
    { 0x042A, 79 }, // U+042A
    { 0x042B, 78 }, // U+042B
    { 0x042C, 78 }, // U+042C
    { 0x042D, 88 }, // U+042D
    { 0x042E, 78 }, // U+042E
    { 0x042F, 92 }, // U+042F
    { 0x0430, 93 }, // U+0430
    { 0x0431, 94 }, // U+0431
    { 0x0432, 93 }, // U+0432
    { 0x0433, 95 }, // U+0433
    { 0x0434, 96 }, // U+0434
    { 0x0435, 97 }, // U+0435
    { 0x0436, 98 }, // U+0436
    { 0x0437, 99 }, // U+0437
    { 0x0438, 100 }, // U+0438
    { 0x0439, 100 }, // U+0439
    { 0x043A, 101 }, // U+043A
    { 0x043B, 102 }, // U+043B
    { 0x043C, 102 }, // U+043C
    { 0x043D, 101 }, // U+043D
    { 0x043E, 97 }, // U+043E
    { 0x043F, 101 }, // U+043F
    { 0x0440, 103 }, // U+0440
    { 0x0441, 97 }, // U+0441
    { 0x0442, 101 }, // U+0442
    { 0x0443, 104 }, // U+0443
    { 0x0444, 97 }, // U+0444
    { 0x0445, 105 }, // U+0445
    { 0x0446, 100 }, // U+0446
    { 0x0447, 106 }, // U+0447
    { 0x0448, 100 }, // U+0448
    { 0x0449, 100 }, // U+0449
    { 0x044A, 107 }, // U+044A
    { 0x044B, 100 }, // U+044B
    { 0x044C, 100 }, // U+044C
    { 0x044D, 99 }, // U+044D
    { 0x044E, 101 }, // U+044E
    { 0x044F, 108 }, // U+044F
    { 0x0450, 97 }, // U+0450
    { 0x0451, 97 }, // U+0451
    { 0x0452, 109 }, // U+0452
    { 0x0453, 95 }, // U+0453
    { 0x0454, 97 }, // U+0454
    { 0x0455, 110 }, // U+0455
    { 0x0456, 111 }, // U+0456
    { 0x0457, 112 }, // U+0457
    { 0x0458, 113 }, // U+0458
    { 0x0459, 102 }, // U+0459
    { 0x045A, 101 }, // U+045A
    { 0x045B, 109 }, // U+045B
    { 0x045C, 101 }, // U+045C
    { 0x045D, 100 }, // U+045D
    { 0x045E, 104 }, // U+045E
    { 0x045F, 100 }, // U+045F
    { 0x0462, 114 }, // U+0462
    { 0x0463, 101 }, // U+0463
    { 0x0472, 80 }, // U+0472
    { 0x0473, 97 }, // U+0473
    { 0x0474, 115 }, // U+0474
    { 0x0475, 116 }, // U+0475
    { 0x0490, 78 }, // U+0490
    { 0x0491, 117 }, // U+0491
    { 0x0492, 78 }, // U+0492
    { 0x0493, 95 }, // U+0493
    { 0x0496, 87 }, // U+0496
    { 0x0497, 98 }, // U+0497
    { 0x0498, 88 }, // U+0498
    { 0x0499, 99 }, // U+0499
    { 0x049A, 78 }, // U+049A
    { 0x049B, 101 }, // U+049B
    { 0x04A0, 79 }, // U+04A0
    { 0x04A1, 118 }, // U+04A1
    { 0x04A2, 78 }, // U+04A2
    { 0x04A3, 101 }, // U+04A3
    { 0x04AA, 80 }, // U+04AA
    { 0x04AB, 97 }, // U+04AB
    { 0x04AE, 119 }, // U+04AE
    { 0x04AF, 116 }, // U+04AF
    { 0x04B0, 119 }, // U+04B0
    { 0x04B1, 116 }, // U+04B1
    { 0x04B2, 87 }, // U+04B2
    { 0x04B3, 105 }, // U+04B3
    { 0x04B6, 91 }, // U+04B6
    { 0x04B7, 106 }, // U+04B7
    { 0x04BA, 78 }, // U+04BA
    { 0x04BB, 109 }, // U+04BB
    { 0x04C0, 78 }, // U+04C0
    { 0x04C1, 87 }, // U+04C1
    { 0x04C2, 98 }, // U+04C2
    { 0x04CF, 109 }, // U+04CF
    { 0x04D0, 85 }, // U+04D0
    { 0x04D1, 93 }, // U+04D1
    { 0x04D4, 120 }, // U+04D4
    { 0x04D5, 93 }, // U+04D5
    { 0x04D6, 78 }, // U+04D6
    { 0x04D7, 97 }, // U+04D7
    { 0x04D8, 80 }, // U+04D8
    { 0x04D9, 97 }, // U+04D9
    { 0x04E2, 78 }, // U+04E2
    { 0x04E3, 100 }, // U+04E3
    { 0x04E6, 80 }, // U+04E6
    { 0x04E7, 97 }, // U+04E7
    { 0x04E8, 80 }, // U+04E8
    { 0x04E9, 97 }, // U+04E9
    { 0x04EE, 84 }, // U+04EE
    { 0x04EF, 104 }, // U+04EF
    { 0x04F2, 84 }, // U+04F2
    { 0x04F3, 104 }, // U+04F3
    { 0x1EA0, 25 }, // U+1EA0
    { 0x1EA1, 40 }, // U+1EA1
    { 0x1EA2, 25 }, // U+1EA2
    { 0x1EA3, 40 }, // U+1EA3
    { 0x1EA4, 25 }, // U+1EA4
    { 0x1EA5, 40 }, // U+1EA5
    { 0x1EA6, 25 }, // U+1EA6
    { 0x1EA7, 40 }, // U+1EA7
    { 0x1EA8, 25 }, // U+1EA8
    { 0x1EA9, 40 }, // U+1EA9
    { 0x1EAA, 25 }, // U+1EAA
    { 0x1EAB, 40 }, // U+1EAB
    { 0x1EAC, 25 }, // U+1EAC
    { 0x1EAD, 40 }, // U+1EAD
    { 0x1EAE, 25 }, // U+1EAE
    { 0x1EAF, 40 }, // U+1EAF
    { 0x1EB0, 25 }, // U+1EB0
    { 0x1EB1, 40 }, // U+1EB1
    { 0x1EB2, 25 }, // U+1EB2
    { 0x1EB3, 40 }, // U+1EB3
    { 0x1EB4, 25 }, // U+1EB4
    { 0x1EB5, 40 }, // U+1EB5
    { 0x1EB6, 25 }, // U+1EB6
    { 0x1EB7, 40 }, // U+1EB7
    { 0x1EB8, 26 }, // U+1EB8
    { 0x1EB9, 42 }, // U+1EB9
    { 0x1EBA, 26 }, // U+1EBA
    { 0x1EBB, 42 }, // U+1EBB
    { 0x1EBC, 26 }, // U+1EBC
    { 0x1EBD, 42 }, // U+1EBD
    { 0x1EBE, 26 }, // U+1EBE
    { 0x1EBF, 42 }, // U+1EBF
    { 0x1EC0, 26 }, // U+1EC0
    { 0x1EC1, 42 }, // U+1EC1
    { 0x1EC2, 26 }, // U+1EC2
    { 0x1EC3, 42 }, // U+1EC3
    { 0x1EC4, 26 }, // U+1EC4
    { 0x1EC5, 42 }, // U+1EC5
    { 0x1EC6, 26 }, // U+1EC6
    { 0x1EC7, 42 }, // U+1EC7
    { 0x1EC8, 26 }, // U+1EC8
    { 0x1EC9, 45 }, // U+1EC9
    { 0x1ECA, 26 }, // U+1ECA
    { 0x1ECB, 45 }, // U+1ECB
    { 0x1ECC, 27 }, // U+1ECC
    { 0x1ECD, 42 }, // U+1ECD
    { 0x1ECE, 27 }, // U+1ECE
    { 0x1ECF, 42 }, // U+1ECF
    { 0x1ED0, 27 }, // U+1ED0
    { 0x1ED1, 42 }, // U+1ED1
    { 0x1ED2, 27 }, // U+1ED2
    { 0x1ED3, 42 }, // U+1ED3
    { 0x1ED4, 27 }, // U+1ED4
    { 0x1ED5, 42 }, // U+1ED5
    { 0x1ED6, 27 }, // U+1ED6
    { 0x1ED7, 42 }, // U+1ED7
    { 0x1ED8, 27 }, // U+1ED8
    { 0x1ED9, 42 }, // U+1ED9
    { 0x1EDA, 27 }, // U+1EDA
    { 0x1EDB, 42 }, // U+1EDB
    { 0x1EDC, 27 }, // U+1EDC
    { 0x1EDD, 42 }, // U+1EDD
    { 0x1EDE, 27 }, // U+1EDE
    { 0x1EDF, 42 }, // U+1EDF
    { 0x1EE0, 27 }, // U+1EE0
    { 0x1EE1, 42 }, // U+1EE1
    { 0x1EE2, 27 }, // U+1EE2
    { 0x1EE3, 42 }, // U+1EE3
    { 0x1EE4, 32 }, // U+1EE4
    { 0x1EE5, 51 }, // U+1EE5
    { 0x1EE6, 32 }, // U+1EE6
    { 0x1EE7, 51 }, // U+1EE7
    { 0x1EE8, 32 }, // U+1EE8
    { 0x1EE9, 51 }, // U+1EE9
    { 0x1EEA, 32 }, // U+1EEA
    { 0x1EEB, 51 }, // U+1EEB
    { 0x1EEC, 32 }, // U+1EEC
    { 0x1EED, 51 }, // U+1EED
    { 0x1EEE, 32 }, // U+1EEE
    { 0x1EEF, 51 }, // U+1EEF
    { 0x1EF0, 32 }, // U+1EF0
    { 0x1EF1, 51 }, // U+1EF1
    { 0x1EF2, 36 }, // U+1EF2
    { 0x1EF3, 54 }, // U+1EF3
    { 0x1EF4, 36 }, // U+1EF4
    { 0x1EF5, 54 }, // U+1EF5
    { 0x1EF6, 36 }, // U+1EF6
    { 0x1EF7, 54 }, // U+1EF7
    { 0x1EF8, 36 }, // U+1EF8
    { 0x1EF9, 54 }, // U+1EF9
    { 0x2012, 62 }, // U+2012
    { 0x2013, 62 }, // U+2013
    { 0x2014, 62 }, // U+2014
    { 0x2015, 62 }, // U+2015
    { 0x2018, 121 }, // U+2018
    { 0x2019, 122 }, // U+2019
    { 0x201A, 9 }, // U+201A
    { 0x201C, 121 }, // U+201C
    { 0x201D, 122 }, // U+201D
    { 0x201E, 9 }, // U+201E
    { 0x2020, 123 }, // U+2020
    { 0x2022, 66 }, // U+2022
    { 0x2026, 9 }, // U+2026
    { 0x2030, 4 }, // U+2030
    { 0x2032, 2 }, // U+2032
    { 0x2033, 2 }, // U+2033
    { 0x2039, 61 }, // U+2039
    { 0x203A, 67 }, // U+203A
    { 0x2070, 64 }, // U+2070
    { 0x2071, 124 }, // U+2071
    { 0x2074, 64 }, // U+2074
    { 0x2075, 64 }, // U+2075
    { 0x2076, 64 }, // U+2076
    { 0x2077, 64 }, // U+2077
    { 0x2078, 64 }, // U+2078
    { 0x2079, 64 }, // U+2079
    { 0x207D, 125 }, // U+207D
    { 0x207E, 125 }, // U+207E
    { 0x207F, 124 }, // U+207F
    { 0x2080, 126 }, // U+2080
    { 0x2081, 126 }, // U+2081
    { 0x2082, 126 }, // U+2082
    { 0x2083, 126 }, // U+2083
    { 0x2084, 126 }, // U+2084
    { 0x2085, 126 }, // U+2085
    { 0x2086, 126 }, // U+2086
    { 0x2087, 126 }, // U+2087
    { 0x2088, 126 }, // U+2088
    { 0x2089, 126 }, // U+2089
    { 0x2206, 127 }, // U+2206
    { 0x2212, 8 }, // U+2212
    { 0x2219, 66 }, // U+2219
    { 0x2248, 22 }, // U+2248
    { 0x2260, 22 }, // U+2260
    { 0xFB00, 43 }, // U+FB00
    { 0xFB01, 43 }, // U+FB01
    { 0xFB02, 43 }, // U+FB02
    { 0xFB03, 43 }, // U+FB03
    { 0xFB04, 43 }, // U+FB04
};

static const int8_t sourceserif4_18_italicKernMatrix[] = {
       0,    0,    0,    0,   -2,    0,    0,    0,  -49,  -36,    0,    0,    0,    0,  -36,  -12,    0,    0,    0,    0,    0,    0,    0,    0,  -44,    0,    0,  -13,   -1,    0,   11,    0,    5,    5,    0,    0,    0,    0,    0,  -21,    0,  -13,   -1,  -15,    0,   -1,    0,    0,  -13,    0,    0,    0,   -2,   -1,   -1,    0,    0,    0,    0,    0,  -29,    0,    0,    0,    0,    0,    0,  -73,  -61,    0,  -21,  -21,    0,    1,  -13,    0,  -13,    0,   11,    0,    0,  -13,  -31,    7,  -44,  -31,    0,    0,   -1,    0,    0,  -18,  -21,    0,  -16,  -12,  -13,   -2,  -16,    0,    0,  -54,    0,   -1,   -2,    0,    0,  -34,    0,  -13,    0,    1,   -1,    0,    5,    0,  -42,    0,    0,  -61,    0,    0,    0,    0,    0,    0,  -44,
       0,    0,    0,    0,    0,    0,    0,    0,    0,    0,    0,    0,    0,    0,    0,    0,    0,    0,    0,    1,    0,    0,    0,    0,    0,    0,   18,    0,    0,    1,    0,    0,    0,    0,    0,    0,    0,    0,    0,    0,    0,    0,    0,    0,    0,    0,    0,    0,    0,    0,    0,    0,    0,    0,    0,    0,    0,    0,    0,    0,    0,    0,    0,    0,    0,    0,    0,    0,    0,    0,    0,    0,    0,    0,    0,    0,    0,    0,    0,   18,    1,    0,    0,    0,    0,    0,    0,    0,    0,    0,    0,    0,    0,    0,    0,    0,    0,    0,    0,    0,    0,    0,    0,    0,    0,    0,    0,    0,    0,    0,    0,    0,    0,    0,    0,    0,    0,    0,    0,    0,    0,    0,    0,    0,    0,    0,    0,
       0,    0,    0,    0,    0,    0,    0,    0,    0,    0,    0,    0,    0,    0,    0,    0,    0,    0,    0,    0,    0,    0,    0,    0,  -11,    0,    0,    0,    0,    0,    0,  -11,  -11,    0,  -22,   -5,    0,    0,    0,  -21,   -7,  -13,   11,  -12,    0,    0,    0,    0,   -1,    0,    0,    0,   -1,    0,    0,    0,    0,    0,    0,    0,    0,    0,    0,    0,    0,    0,    0,    0,  -11,    0,  -21,  -21,    0,    0,  -13,    0,   -1,    0,    0,    0,    0,    0,    0,    0,  -11,    0,  -22,    0,    0,    0,    0,    0,  -21,    0,    0,    0,  -13,   -1,    0,    0,    0,    0,    0,    0,   -1,    0,    0,    0,   -7,   -1,    0,    0,    0,    0,  -11,    0,    0,    0,   -5,  -11,    0,    0,    0,    0,    0,    0,  -11,
       0,    0,  -11,    0,  -38,    0,    0,    0,    0,    0,  -12,    0,  -13,  -13,  -19,  -13,    0,    0,    0,   -6,  -23,    0,    0,    0,  -12,    0,  -12,    2,    0,   -6,    0,    0,    0,    0,    0,    5,    0,    0,    0,  -17,    0,  -12,   43,    0,   -1,    0,    0,    5,  -17,    0,  -16,  -22,  -12,    0,  -11,    0,    0,    0,    0,    0,  -27,  -24,    0,    0,    0,  -36,  -26,  -15,  -24,   38,  -17,  -17,   -1,    1,  -12,    1,  -17,    0,    0,  -12,   -6,    2,    0,    0,  -12,    0,    0,    0,    0,    0,    0,    0,  -17,    0,    0,    0,  -12,  -12,    0,  -16,    0,    0,    5,    0,  -12,    0,    0,    0,    0,  -17,   -1,    1,    0,    0,    0,  -22,    0,    0,    5,  -24,  -11,    0,    0,    0,    0,    0,  -12,
       0,    0,    0,    0,    0,  -38,    0,    0,  -24,    0,    0,    0,    0,    0,    0,    0,    0,    0,    0,    0,    0,    0,    0,    0,    0,    0,    0,    0,    0,    0,    0,    0,    0,    0,    0,    0,    0,    0,    0,    0,    0,    0,    0,    0,    0,    0,    0,    0,    0,    0,    0,    0,    0,    0,    0,    0,    0,    0,    0,    0,    0,    0,    0,    0,    0,    0,    0,    0,    0,    0,    0,    0,    0,    0,    0,    0,    0,    0,    0,    0,    0,    0,    0,    0,    0,    0,    0,    0,    0,    0,    0,    0,    0,    0,    0,    0,    0,    0,    0,    0,    0,    0,    0,    0,    0,    0,    0,    0,    0,    0,    0,    0,    0,    0,    0,    0,    0,    0,    0,    0,  -30,  -27,    0,    0,    0,    0,    0,
       0,    0,    0,    0,    0,    0,    0,    0,   -2,    0,    0,    0,    0,    0,    0,    0,    0,    0,    0,    0,    0,    0,    0,    0,  -33,    0,   11,   -6,    0,    0,    0,    0,   11,   11,    0,   11,    2,    0,    0,   -1,    0,    0,    0,    0,    0,    0,    0,    0,    0,    0,    0,    0,    0,    0,    0,    0,    0,    0,    0,    0,    0,    0,    0,    0,    0,    0,    0,    0,  -66,    0,   -1,   -1,    0,    1,    0,    0,    0,    0,    0,   11,    0,   -6,    0,    0,  -33,    0,    0,    0,    0,    0,    0,    0,   -1,    0,    0,    0,    0,    0,    0,    0,    0,    0,    0,    0,    0,    0,    0,    0,    0,    0,    0,    1,    0,    0,   11,    0,    0,    0,   11,  -66,    0,    0,    0,    0,    0,    0,  -33,
       0,    0,    0,    0,    0,    0,    0,    0,    0,    0,    0,  -23,  -23,  -21,    0,  -12,    0,  -36,    0,   -5,    0,    0,    0,    0,    0,    0,    0,    0,    0,    0,    0,    0,    0,    0,    0,    0,    0,    0,    0,    0,    0,    0,    0,    0,    0,    0,    0,    0,    0,    0,    0,    0,    0,    0,    0,    0,    0,    0,    0,    0,    0,    0,    0,    0,    0,    0,    0,    0,    0,    0,    0,    0,    0,    0,    0,    0,    0,    0,    0,    0,    0,    0,    0,    0,    0,    0,    0,    0,    0,    0,    0,    0,    0,    0,    0,    0,    0,    0,    0,    0,    0,    0,    0,    0,    0,    0,    0,    0,    0,    0,    0,    0,    0,    0,    0,    0,    0,    0,    0,    0,    0,    0,    0,    0,    0,    0,    0,
       0,  -49,    0,    0,  -29,  -29,  -78,    0,  -23,   28,  -22,  -27,  -16,  -16,  -45,  -16,    0,  -18,    0,  -46,    0,    0,    0,    0,    0,    0,  -28,    1,    0,    0,  -37,  -42,  -49,  -49,    0,  -43,    0,  -78,    0,  -19,  -24,  -24,   13,    0,  -35,  -17,  -23,   -1,  -19,  -23,  -35,  -45,  -13,  -30,  -12,    0,    0,    0,    0,  -84,  -34,  -28,    0,  -61,    0,    0,    0,    0,    0,   -1,  -19,  -19,  -35,  -35,  -24,   -1,  -19,    0,  -37,  -28,    0,    1,    0,  -18,    0,    0,    0,    0,    0,  -27,  -55,    0,  -19,  -23,  -11,  -16,  -24,  -13,  -11,  -35,  -23,    0,   -1,  -30,  -13,  -48,  -25,    0,  -24,  -19,  -35,  -35,  -17,  -38,  -49,  -45,  -16,  -58,  -43,    0,  -60,  -61,    0,  -90,    0,    0,    0,
       0,    0,    0,    0,   -4,    0,    0,    0,  -72,  -50,    0,    0,   -1,   -1,  -30,   -2,    0,   11,    0,   -5,   -2,    0,    0,    0,  -39,    0,    0,    0,    0,    0,    5,    0,   27,   28,    0,   22,    0,  -23,    0,  -31,   11,  -25,    0,  -24,    0,    0,  -18,  -12,  -41,   -1,  -12,   -2,  -30,   -1,  -13,    0,    0,    0,    0,    0,  -27,  -36,    0,    0,    0,  -19,   -4,  -73,  -33,    0,  -31,  -31,    0,    0,  -25,    0,  -41,    0,    5,    0,    0,    0,    0,    0,  -39,    0,    0,    0,    0,    0,    0,    0,  -31,    0,    0,    0,  -25,  -30,    0,  -12,  -18,    0,  -12,   -1,  -30,    0,    0,    0,   11,  -41,    0,    0,    0,    0,   27,   -2,    0,    0,   22,  -33,    0,    0,    0,    0,    0,    0,  -39,
       0,    0,    0,    0,    0,  -12,    0,    0,  -16,   -1,    0,    0,   -1,   -3,    0,   -1,    0,  -10,   -1,   -5,    0,    0,    0,    0,    4,    0,    7,    0,    0,    1,    0,    0,   -1,   -1,   -6,   -1,    0,    0,  -24,    0,    0,    0,    0,    0,    0,    0,    0,    0,    0,    0,    0,    0,    0,    0,    0,    0,    0,    0,    0,    0,    0,    0,    0,    0,    0,    1,    0,    0,   -2,    0,    0,    0,    0,    0,    0,    0,    0,    0,    0,    7,    1,    0,    0,    0,    4,    0,   -6,    0,    0,    0,    0,    0,    0,    0,    0,    0,    0,    0,    0,    0,    0,    0,    0,    0,    0,    0,    0,    0,    0,    0,    0,    0,    0,    0,   -1,    0,    0,    0,   -1,   -2,    0,   11,    0,    0,    0,   -2,    4,
       0,  -23,    0,  -22,    0,    0,  -27,  -17,    1,    0,    0,   -1,   -6,  -12,  -18,   -9,  -12,   -7,  -10,   -9,  -11,  -17,    0,    0,    6,    0,    0,    0,    0,    0,   -1,   -7,   -7,   -2,    0,   -6,    0,    0,    0,    0,    0,    0,    0,    0,    0,    0,    0,    0,    0,    0,    0,    0,    0,    0,    0,    0,    0,  -12,    0,  -22,  -18,  -22,  -33,  -34,    0,  -40,    0,    0,    0,    0,    0,    0,    0,    0,    0,    0,    0,    0,   -1,    0,    0,    0,    0,    0,    6,    0,    0,    0,    0,    0,    0,    0,    0,    0,    0,    0,    0,    0,    0,    0,    0,    0,    0,    0,    0,    0,    0,    0,    0,    0,    0,    0,    0,    0,   -7,    0,    0,    0,   -6,    0,  -34,  -22,    0,  -22,    0,    1,    6,
       0,    0,    0,    0,    0,   -1,    0,    0,   -5,    0,    0,   -1,  -15,  -18,  -21,  -15,  -17,  -12,  -12,  -12,    0,    0,    0,   -1,    0,    0,    1,    1,    0,    0,    0,   -6,   -1,   -7,    0,   -7,    0,   -1,    0,    0,    0,    0,    0,    0,    0,    0,    0,    0,    0,    0,    0,    0,    0,    0,    0,    0,    0,    0,    0,    0,  -12,  -23,    0,    0,    0,  -23,    0,    0,    0,    0,    0,    0,    0,    0,    0,    0,    0,    0,    0,    1,    0,    1,    0,    0,    0,    0,    0,    0,    0,    0,    0,    0,    0,    0,    0,    0,    0,    0,    0,    0,    0,    0,    0,    0,    0,    0,    0,    0,    0,    0,    0,    0,    0,    0,   -1,    0,    0,    0,   -7,    0,    0,    0,    0,    0,    0,    0,    0,
       0,    0,    0,    0,    0,  -12,   -5,    0,  -16,  -18,    0,  -12,  -13,  -18,    0,  -18,  -12,  -18,  -12,  -12,    0,    0,    0,    0,    0,   -9,    0,    0,    0,    0,    0,   -5,   -6,   -6,  -11,   -6,    0,  -11,  -18,    0,    0,    0,    0,    0,    0,    0,    0,    0,    0,    0,    0,    0,    0,    0,    0,    0,    0,    0,    0,   -5,    0,    0,  -16,    0,    0,  -16,    0,    0,   -2,    0,    0,    0,    0,    0,    0,    0,    0,   -9,    0,    0,    0,    0,    0,    0,    0,    0,  -11,    0,    0,    0,    0,    0,    0,    0,    0,    0,    0,    0,    0,    0,    0,    0,    0,    0,    0,    0,    0,    0,    0,    0,    0,    0,    0,    0,   -6,    0,    0,    0,   -6,   -2,   -5,   -6,    0,   -5,    0,   -1,    0,
       0,    0,    0,    0,    0,    0,    0,    0,    0,    0,    0,    0,   -1,   -1,    0,    0,    0,   -1,    0,   -7,    0,    0,    0,    0,    0,    0,    1,    0,    0,    0,    0,   -1,   -1,    0,    0,   -5,    0,    0,  -17,    0,    0,    0,    0,    0,    0,    0,    0,    0,    0,    0,    0,    0,    0,    0,    0,    0,    0,    0,    0,   -1,    0,    0,    0,  -18,    0,    0,    0,    0,   -2,    0,    0,    0,    0,    0,    0,    0,    0,    0,    0,    1,    0,    0,    0,    0,    0,    0,    0,    0,    0,    0,    0,    0,    0,    0,    0,    0,    0,    0,    0,    0,    0,    0,    0,    0,    0,    0,    0,    0,    0,    0,    0,    0,    0,    0,   -1,    0,    0,    0,   -5,   -2,  -13,    0,    0,    0,    0,    0,    0,
       0,    0,    0,    0,    0,    0,    0,    0,  -22,  -12,   -1,   -1,  -13,   -1,    0,  -13,  -12,  -13,   -6,  -15,    0,    0,    0,    0,    0,    0,    0,    0,    0,    0,    0,    0,    0,    0,    0,   -1,    0,    0,  -19,    0,    0,    0,    0,    0,    0,    0,    0,    0,    0,    0,    0,    0,    0,    0,    0,    0,    0,    0,    0,    0,    0,    0,    0,    0,    0,   -5,    0,    0,   -7,    0,    0,    0,    0,    0,    0,    0,    0,    0,    0,    0,    0,    0,    0,    0,    0,    0,    0,    0,    0,    0,    0,    0,    0,    0,    0,    0,    0,    0,    0,    0,    0,    0,    0,    0,    0,    0,    0,    0,    0,    0,    0,    0,    0,    0,    0,    0,    0,    0,   -1,   -7,    0,    0,    0,    0,    0,    0,    0,
       0,    0,    0,    0,    0,    0,    0,    0,    0,    0,    0,    0,  -11,   -9,    0,   -5,  -11,   -6,   -3,  -12,    0,    0,    0,    0,    0,    1,    1,    0,    1,    0,    0,    0,    0,    0,   -5,    0,    0,    0,    0,    0,    0,    0,    0,    0,    0,    0,    0,    0,    0,    0,    0,    0,    0,    0,    0,    0,    0,    0,    0,    0,    0,    0,    0,    0,    0,    0,    0,    0,    0,    0,    0,    0,    0,    0,    0,    0,    0,    1,    0,    1,    0,    0,    0,    0,    0,    0,   -5,    0,    1,    0,    0,    0,    0,    0,    0,    0,    0,    0,    0,    0,    0,    0,    0,    0,    0,    0,    0,    0,    0,    0,    0,    0,    0,    0,    0,    0,    0,    0,    0,    0,    0,    0,    0,    0,    0,    0,    0,
       0,    0,  -12,    0,    0,    0,    0,  -13,  -79,  -43,    0,    0,  -13,  -13,  -28,  -25,  -21,   -1,   -6,  -12,  -13,    0,    0,  -26,  -32,    0,    0,   -1,    0,    0,    0,    0,   12,   12,   -5,   12,    0,   11,  -79,    0,    0,    0,    0,    0,    0,    0,    0,    0,    0,    0,    0,    0,    0,    0,    0,    0,    0,  -18,    0,    0,  -30,  -36,    0,    0,    0,  -29,  -12,    0,  -34,    0,    0,    0,    0,    0,    0,    0,    0,    0,    0,    0,    0,   -1,    0,    0,  -32,    0,   -5,    0,    0,    0,    0,    0,    0,    0,    0,    0,    0,    0,    0,    0,    0,    0,    0,    0,    0,    0,    0,    0,    0,    0,    0,    0,    0,    0,   12,    0,    0,    0,   12,  -34,    0,   12,    0,    0,    0,  -62,  -32,
       0,    0,    0,    0,    0,  -12,    0,    0,  -63,  -40,    0,   -6,  -12,   -7,   -1,  -10,    0,   -7,    0,   -3,    0,    0,    0,    0,  -13,  -11,    7,    0,    0,    0,    0,   -3,   -5,    0,  -18,   -7,    0,    0,  -58,    0,    0,    0,    0,    0,    0,    0,    0,    0,    0,    0,    0,    0,    0,    0,    0,    0,    0,    0,    0,    1,    0,    0,    0,  -10,    0,   -5,    0,    0,  -21,    0,    0,    0,    0,    0,    0,    0,    0,  -11,    0,    7,    0,    0,    0,    0,  -13,    0,  -18,    0,    0,    0,    0,    0,    0,    0,    0,    0,    0,    0,    0,    0,    0,    0,    0,    0,    0,    0,    0,    0,    0,    0,    0,    0,    0,    0,   -5,    0,    0,    0,   -7,  -21,    0,    0,    0,    0,    0,  -36,  -13,
       0,    0,    0,    0,    0,    0,    0,    0,    0,    0,    0,  -16,    0,    0,    0,    0,    0,  -12,    0,    0,    0,    0,    0,    0,    0,    0,    0,    1,    0,    0,    0,   -1,   -7,   -5,    0,  -29,    0,   -1,    0,   -2,   -1,   -1,    0,   -1,   -1,   -1,    0,    0,   -1,   -1,    0,   -1,   -2,   -2,   -1,    0,    0,    0,    0,    0,    0,    0,    0,    0,    0,    0,    0,    0,    0,   -1,   -2,   -2,   -1,    0,   -1,   -1,   -1,    0,    0,    0,    0,    1,    0,    0,    0,    0,    0,    0,    0,    0,    0,    0,   -2,    0,    0,    0,   -1,   -2,    0,    0,    0,    0,    0,   -2,   -2,    0,    0,    0,   -1,   -1,   -1,    0,   -1,    0,   -7,   -1,    0,    0,  -29,    0,    0,    0,    0,    0,    0,    0,    0,
       0,    0,    0,    0,    0,    0,    0,    0,    0,    0,    0,  -17,   -5,  -12,    5,    0,    0,  -18,    0,    0,    0,    0,    0,    0,    0,    0,    0,    0,    0,    0,    0,    0,    0,    0,    0,    0,    0,    0,    0,    0,    0,    0,    0,    0,    0,    0,    0,    0,    0,    0,    0,    0,    0,    0,    0,    0,    0,    0,    0,    0,    0,    0,    0,    0,    0,    0,    0,    0,    0,    0,    0,    0,    0,    0,    0,    0,    0,    0,    0,    0,    0,    0,    0,    0,    0,    0,    0,    0,    0,    0,    0,    0,    0,    0,    0,    0,    0,    0,    0,    0,    0,    0,    0,    0,    0,    0,    0,    0,    0,    0,    0,    0,    0,    0,    0,    0,    0,    0,    0,    0,    0,    0,    0,    0,    0,    0,    0,
       0,    0,    0,    0,    0,  -27,    0,    0,  -71,  -48,    0,    0,    0,    0,    0,    0,    0,    0,    0,    0,    0,    0,    0,    0,    0,    0,    0,    0,    0,    0,    0,    0,    0,    0,    0,    0,    0,    0,    0,    0,    0,    0,    0,    0,    0,    0,    0,    0,    0,    0,    0,    0,    0,    0,    0,    0,    0,    0,    0,    0,  -35,    0,    0,    0,    0,    0,  -12,    0,    0,    0,    0,    0,    0,    0,    0,    0,    0,    0,    0,    0,    0,    0,    0,    0,    0,    0,    0,    0,    0,    0,    0,    0,    0,    0,    0,    0,    0,    0,    0,    0,    0,    0,    0,    0,    0,    0,    0,    0,    0,    0,    0,    0,    0,    0,    0,    0,    0,    0,    0,    0,    0,    0,    0,    0,    0,    0,    0,
       0,    0,    0,    0,    0,    0,    0,    0,    0,    0,    0,    0,    0,    0,    0,    0,    0,    0,    0,    0,    0,    0,    0,    0,    0,    0,    7,    0,    0,    1,    0,    0,    0,    0,  -11,   -5,    0,    0,    0,    0,    0,    0,    0,    0,    0,    0,    0,    0,    0,    0,    0,    0,    0,    0,    0,    0,    0,    0,    0,    0,    0,    0,    0,    0,    0,    0,    0,    0,    0,    0,    0,    0,    0,    0,    0,    0,    0,    0,    0,    7,    1,    0,    0,    0,    0,    0,  -11,    0,    0,    0,    0,    0,    0,    0,    0,    0,    0,    0,    0,    0,    0,    0,    0,    0,    0,    0,    0,    0,    0,    0,    0,    0,    0,    0,    0,    0,    0,    0,   -5,    0,    0,    0,    0,    0,    0,    0,    0,
       0,  -73,    0,    0,    0,  -17,  -80,    0,    0,    0,  -13,    0,   -1,  -18,  -23,  -12,  -18,  -18,  -18,  -13,    0,    0,   -1,    0,    5,   -5,  -18,   -1,    0,   -3,  -40,  -37,  -55,  -46,   -1,  -43,   -5,  -42,   -5,   -2,  -19,  -16,   -9,   -1,  -24,  -18,  -15,  -18,  -13,  -24,  -24,  -44,   -1,  -33,   -1,    0,    0,    0,  -25,  -67,  -25,  -12,    0,  -74,    0,  -36,   -5,    0,    0,  -13,   -2,   -2,  -24,  -24,  -16,  -12,  -13,    0,    0,    0,    0,    0,    0,    0,    0,    0,    0,    0,    0,    0,    0,    0,    0,    0,    0,    0,    0,    0,    0,    0,    0,    0,    0,    0,    0,    0,    0,    0,    0,    0,    0,    0,    0,    0,    0,    0,    0,    0,    0,    0,  -75,  -67,    0,  -67,    0,    0,    0,
       0,  -34,    0,    0,    0,  -12,  -23,    0,  -16,  -11,    0,  -11,  -12,   -5,    0,   -1,   -9,  -12,   -5,  -16,    0,    0,    0,    0,  -18,  -17,   -5,   -9,  -12,   -9,  -18,  -29,  -33,  -24,  -21,  -30,   -5,  -12,  -24,   -1,  -15,  -11,  -12,    0,   -9,   -9,  -14,  -11,  -17,  -16,  -14,  -24,   -7,  -18,  -17,    0,    0,    0,    0,   -1,    0,    1,    0,  -11,    0,    0,    0,    0,  -23,  -16,   -1,   -1,   -9,   -9,  -11,    0,  -17,    0,    0,    0,    0,    0,    0,    0,    0,    0,    0,    0,    0,    0,    0,    0,    0,    0,    0,    0,    0,    0,    0,    0,    0,    0,    0,    0,    0,    0,    0,    0,    0,    0,    0,    0,    0,    0,    0,    0,    0,    0,    0,    0,  -23,  -24,    0,  -18,    0,    0,    0,
       0,    0,    0,    0,    0,    1,    0,    0,    0,    0,    0,    0,    0,    0,    0,    0,    0,    0,    1,    0,   17,    0,    0,    0,   -1,    0,   -1,    5,    0,    0,    0,  -12,   -9,   -5,   -1,  -11,    0,    0,  -11,    0,    0,    0,    0,    0,    0,    0,    0,   -5,   -1,    0,   -5,  -13,   -1,  -13,    0,    0,    0,    0,    0,    0,    0,    0,    0,    0,    0,    0,    0,    0,   -5,    0,    0,    0,    0,    1,    0,    0,   -1,    0,    0,    0,    0,    0,    0,    0,    0,    0,    0,    0,    0,    0,    0,    0,    0,    0,    0,    0,    0,    0,    0,    0,    0,    0,    0,    0,    0,    0,    0,    0,    0,    0,    0,    0,    0,    0,    0,    0,    0,    0,    0,    0,    5,   11,    0,    6,    0,    0,    0,
       0,  -18,    0,    0,    0,  -12,  -13,    0,  -23,  -16,    6,   -5,  -13,   -7,   -5,   -1,    0,   -7,   -1,    0,    0,    0,    0,   11,  -36,  -12,    6,   -9,  -12,    0,  -12,  -12,  -24,  -18,  -25,  -24,   -6,  -12,  -55,    0,   -5,    0,    0,    0,    0,    0,    0,    0,   -9,    0,    0,    0,   -1,    0,    0,    0,    0,    0,    1,    0,    0,    1,    0,    0,    0,    0,   -1,    0,  -43,    0,    0,    0,    0,    0,    0,   -5,   -9,    0,    0,    0,    0,    0,    0,    0,    0,    0,    0,    0,    0,    0,    0,    0,    0,    0,    0,    0,    0,    0,    0,    0,    0,    0,    0,    0,    0,    0,    0,    0,    0,    0,    0,    0,    0,    0,    0,    0,    0,    0,    0,    0,  -12,   -2,    0,    0,    0,  -11,    0,
       0,   -1,    0,    0,    0,    0,    0,    0,    0,    0,    0,    0,    0,   -1,    0,    0,    0,   -1,    0,    0,    0,    0,    0,    0,    0,   -5,   -1,   -1,   -3,    0,   -1,  -16,   -9,   -9,   -6,   -9,   -5,    0,    0,   -1,   -6,   -1,   -1,   -5,    0,    0,  -11,   -5,   -6,    0,   -5,  -13,   -1,  -12,    0,    0,    0,    0,    0,    0,    0,    0,    0,    0,    0,  -13,    0,    0,    0,  -12,   -1,   -1,    0,    0,   -1,    0,   -6,    0,    0,    0,    0,    0,    0,    0,    0,    0,    0,    0,    0,    0,    0,    0,    0,    0,    0,    0,    0,    0,    0,    0,    0,    0,    0,    0,    0,    0,    0,    0,    0,    0,    0,    0,    0,    0,    0,    0,    0,    0,    0,    0,    0,    0,    0,    0,    0,    0,    0,
       0,    0,    0,    0,    0,   -1,   16,    0,  -52,   -2,    5,   -1,   -7,   -6,  -15,  -12,   -7,    5,    0,    0,   -1,    0,    0,    0,  -39,   -5,   -6,   -1,   -7,    0,    6,   -6,    5,    5,   -7,    5,    0,    7,  -31,  -22,    0,  -21,   -7,  -24,   -1,   -1,  -12,  -18,  -30,   -6,  -12,  -13,  -27,  -13,  -18,    0,    0,    0,    0,   17,  -19,   -1,    0,    0,    0,   -2,   -6,    0,  -61,    0,  -22,  -22,   -1,    9,  -21,    0,  -30,    0,    0,    0,    0,    0,    0,    0,    0,    0,    0,    0,    0,    0,    0,    0,    0,    0,    0,    0,    0,    0,    0,    0,    0,    0,    0,    0,    0,    0,    0,    0,    0,    0,    0,    0,    0,    0,    0,    0,    0,    0,    0,    0,   11,    5,    0,   11,    0,  -42,    0,
       0,   -2,    0,    0,    5,   -5,   -9,    0,   -5,    0,    0,   -6,  -12,   -6,    0,    0,    0,   -2,   -1,    0,    0,    0,    0,    5,   -7,   -6,    6,   -6,   -1,    0,  -15,  -16,  -25,  -24,  -19,  -19,   -7,   -1,  -12,   -1,    0,    3,    0,    0,    0,    0,    0,    0,   -1,    0,    0,   -7,   -2,   -2,    0,    0,    0,    0,    0,    0,   11,   13,    0,    0,    0,    0,    0,    0,  -13,    0,   -1,   -1,    0,    0,    3,    0,   -1,    0,    0,    0,    0,    0,    0,    0,    0,    0,    0,    0,    0,    0,    0,    0,    0,    0,    0,    0,    0,    0,    0,    0,    0,    0,    0,    0,    0,    0,    0,    0,    0,    0,    0,    0,    0,    0,    0,    0,    0,    0,    0,    0,   -1,   -1,    0,    0,    0,    0,    0,
       0,    0,    0,    0,    0,    0,    0,    0,    0,    0,    0,  -11,   -7,   -6,  -24,   -7,  -12,    0,   -6,  -12,    0,    0,    0,    0,    0,    0,   -9,    0,    0,   -3,    0,    0,    0,    0,    0,    0,    0,    0,    0,  -13,    0,  -18,  -12,  -12,   -5,   -6,  -12,  -18,  -21,  -17,  -23,  -18,   -7,  -23,   -7,    0,    0,    0,    0,    0,  -27,    0,    0,    0,    0,    0,    0,    0,    0,   -1,  -13,  -13,   -5,    1,  -18,    0,  -21,    0,    0,    0,    0,    0,    0,    0,    0,    0,    0,    0,    0,    0,    0,    0,    0,    0,    0,    0,    0,    0,    0,    0,    0,    0,    0,    0,    0,    0,    0,    0,    0,    0,    0,    0,    0,    0,    0,    0,    0,    0,    0,    0,   -5,  -11,    0,    0,    0,    0,    0,
       0,    0,    0,    0,    0,    0,    0,    0,  -30,  -18,   -1,   -1,   -2,   -7,  -13,   -2,   -1,    0,   -1,   -1,   -1,    0,    0,    0,  -26,    0,    0,  -12,   -1,    0,    0,   -6,    5,    5,   -6,    0,    0,    0,  -52,  -18,    0,  -18,    0,  -18,   -3,   -6,  -17,  -18,  -29,  -11,  -21,  -18,  -27,  -12,  -18,    0,    0,    0,    0,    0,  -13,    0,    0,    0,    0,   -1,  -12,    0,  -27,    0,  -18,  -18,   -3,    1,  -18,    0,  -29,    0,    0,    0,    0,    0,    0,    0,    0,    0,    0,    0,    0,    0,    0,    0,    0,    0,    0,    0,    0,    0,    0,    0,    0,    0,    0,    0,    0,    0,    0,    0,    0,    0,    0,    0,    0,    0,    0,    0,    0,    0,    0,    0,    0,    0,    0,    0,    0,  -18,    0,
       0,   -9,    0,    0,    0,   -1,  -13,    0,    0,    0,   -2,    0,   -1,   -1,  -19,   -1,  -13,   -1,   -1,   -7,    0,    0,    0,    0,  -30,   -1,  -24,   -1,    4,    0,   -7,  -18,  -31,  -25,  -18,  -35,   12,    0,   11,   -6,    0,   -7,   -6,    0,   -6,   -6,  -11,   -6,   -6,  -12,  -12,  -32,    0,  -30,    0,    0,    0,    0,    0,    0,  -21,  -12,    0,    0,    0,  -48,   -5,    0,  -36,    0,   -6,   -6,   -6,    1,   -7,    0,   -6,    0,    0,    0,    0,    0,    0,    0,    0,    0,    0,    0,    0,    0,    0,    0,    0,    0,    0,    0,    0,    0,    0,    0,    0,    0,    0,    0,    0,    0,    0,    0,    0,    0,    0,    0,    0,    0,    0,    0,    0,    0,    0,    0,    0,   -1,    0,    0,    0,    0,    0,
       0,  -67,    0,    0,    0,  -18,  -61,    0,    0,    0,    0,   -1,   -1,   -1,  -11,   -1,    0,   -2,    0,   -9,    0,    0,    0,    0,    5,  -11,  -12,  -12,   -5,  -11,  -49,  -30,  -54,  -44,   -1,  -43,  -10,  -35,    0,    0,    0,    0,   -1,    0,    0,    0,    0,    0,   -1,   -1,   -5,  -21,   -1,  -19,    0,    0,    0,    0,    0,  -54,    0,    0,    0,  -64,    0,  -28,    0,    0,    5,    0,    0,    0,    0,    0,    0,    0,   -1,    0,    0,    0,    0,    0,    0,    0,    0,    0,    0,    0,    0,    0,    0,    0,    0,    0,    0,    0,    0,    0,    0,    0,    0,    0,    0,    0,    0,    0,    0,    0,    0,    0,    0,    0,    0,    0,    0,    0,    0,    0,    0,    0,  -50,  -56,    0,  -58,    0,   12,    0,
       0,    0,    0,    0,    0,    0,    0,    0,  -21,  -18,   -1,   -7,   -9,   -7,  -13,   -7,  -13,    0,    0,   -1,    0,    0,    0,   -5,   -6,   -1,    0,   -1,    0,    0,    0,   -1,    0,    0,  -18,    0,   -1,    0,  -41,   -7,    0,  -12,   -6,  -12,   -1,   -7,  -12,  -12,  -19,   -6,  -18,   -9,  -15,  -12,   -7,    0,    0,    0,    0,    0,  -13,    0,    0,    0,    0,   -1,  -13,    0,  -43,    0,   -7,   -7,   -1,    1,  -12,    0,  -19,    0,    0,    0,    0,    0,    0,    0,    0,    0,    0,    0,    0,    0,    0,    0,    0,    0,    0,    0,    0,    0,    0,    0,    0,    0,    0,    0,    0,    0,    0,    0,    0,    0,    0,    0,    0,    0,    0,    0,    0,    0,    0,    0,    0,    0,    0,    0,    0,  -18,    0,
       5,  -18,    0,    0,    0,  -12,  -18,    0,  -11,    0,    7,    0,   -1,   -5,    1,    0,    1,    0,    0,   -5,    0,    0,    0,   12,   -6,   -9,    7,   -6,   -6,    0,  -12,   -5,  -12,   -6,  -24,  -12,    0,    0,  -24,    5,    0,    0,    0,    0,    1,    1,    1,    1,    0,    1,    1,    0,   -1,    0,    0,    0,    0,    0,    1,    0,    5,   13,    0,    0,    0,   12,    0,    0,  -19,  -11,    5,    5,    1,    1,    0,    0,    0,    0,    0,    0,    0,    0,    0,    0,    0,    0,    0,    0,    0,    0,    0,    0,    0,    0,    0,    0,    0,    0,    0,    0,    0,    0,    0,    0,    0,    0,    0,    0,    0,    0,    0,    0,    0,    0,    0,    0,    0,    0,    0,    0,   -5,  -12,    0,    0,    0,    0,    0,
       0,    0,    0,    0,    0,   -7,   12,    0,  -60,   -2,    0,   -1,   -7,   -1,  -13,   -1,   -1,    0,    0,    0,    6,    0,   -1,    0,  -36,   -9,    3,   -7,   -7,    5,    5,  -17,   -6,   -6,  -24,   -7,    5,    0,  -33,  -13,    0,   -1,    5,   -6,    0,    0,    0,    0,   -6,    0,    0,    5,   -7,    5,   -5,    0,    0,    0,    0,   12,   -1,    0,    0,    0,    0,   11,    0,    0,  -51,    0,  -13,  -13,    0,    0,   -1,   -1,   -6,    0,    0,    0,    0,    0,    0,    0,    0,    0,    0,    0,    0,    0,    0,    0,    0,    0,    0,    0,    0,    0,    0,    0,    0,    0,    0,    0,    0,    0,    0,    0,    0,    0,    0,    0,    0,    0,    0,    0,    0,    0,    0,    0,    1,    0,    0,    6,    0,  -32,    0,
       0,  -38,    0,    0,    0,   -1,  -30,    0,    0,    0,   -1,    0,    0,   -1,  -18,   -1,   -7,   -7,    0,   -7,    0,    0,   -1,    0,  -12,   -2,   -7,  -18,   -1,   -1,  -16,  -31,  -36,  -25,  -30,  -30,    0,  -19,   12,   -1,  -12,   -7,   -1,    0,   -6,   -6,   -5,   -5,   -7,  -12,   -6,  -19,    0,  -18,    0,    0,    0,    0,    0,  -18,  -13,   -6,    0,  -26,    0,  -24,   -5,    0,  -19,    0,   -1,   -1,   -6,   -6,   -7,    0,   -7,    0,    0,    0,    0,    0,    0,    0,    0,    0,    0,    0,    0,    0,    0,    0,    0,    0,    0,    0,    0,    0,    0,    0,    0,    0,    0,    0,    0,    0,    0,    0,    0,    0,    0,    0,    0,    0,    0,    0,    0,    0,    0,    0,  -19,  -10,    0,  -30,    0,    0,    0,
       0,   -1,    0,    0,    0,   -6,    0,    0,    0,    0,    1,   -5,  -12,   -5,    1,    0,   -9,   -5,   -5,   -5,    0,    0,    0,    0,   -6,   -9,    1,    0,    0,   -5,   -6,   -5,   -5,    0,  -17,   -6,   -5,    0,   -5,    0,   -5,   -9,   -5,    0,   -5,   -5,  -11,  -11,  -11,  -16,  -11,  -23,   -6,  -18,  -11,    0,    0,    0,    0,    0,   -5,    1,    0,   -5,    0,    0,    0,    0,  -13,    0,    0,    0,   -5,   -5,   -9,    0,  -11,    0,    0,    0,    0,    0,    0,    0,    0,    0,    0,    0,    0,    0,    0,    0,    0,    0,    0,    0,    0,    0,    0,    0,    0,    0,    0,    0,    0,    0,    0,    0,    0,    0,    0,    0,    0,    0,    0,    0,    0,    0,    0,    0,    0,   -7,    0,    0,    0,    0,    0,
       0,   11,    0,    0,    0,   -5,    0,    0,  -44,  -19,    0,    0,   -1,   -1,  -26,   -1,   -1,    9,    0,    0,    0,    0,    0,   -9,  -26,    0,    0,   -1,   -1,    0,    5,    0,   11,   11,   -6,   16,   -1,    0,  -21,  -34,    0,  -26,    0,  -30,   -1,  -12,  -18,  -19,  -25,    0,  -18,  -18,  -21,  -18,  -18,    0,    0,    0,    0,   12,  -34,  -20,    0,   11,    0,  -13,  -12,    0,  -33,    0,  -34,  -34,   -1,   12,  -26,    0,  -25,    0,    0,    0,    0,    0,    0,    0,    0,    0,    0,    0,    0,    0,    0,    0,    0,    0,    0,    0,    0,    0,    0,    0,    0,    0,    0,    0,    0,    0,    0,    0,    0,    0,    0,    0,    0,    0,    0,    0,    0,    0,    0,    0,   12,    0,    0,    1,    0,  -32,    0,
       0,    0,    0,    0,    0,    0,    0,    0,  -33,  -19,    0,   -6,   -7,  -12,  -18,  -12,  -12,    0,    0,   -1,   -1,    0,   -1,    0,  -15,    0,    0,    0,   -5,    0,    0,    0,   -5,   -5,  -22,    0,    0,    0,  -32,  -24,    0,  -18,   -5,  -18,   -6,   -6,  -17,  -17,  -24,  -15,  -18,   -9,  -21,  -19,  -13,    0,    0,    0,    0,    0,  -29,    0,    0,    0,    0,   -1,  -21,    0,  -50,   -2,  -24,  -24,   -6,    1,  -18,    0,  -24,    0,    0,    0,    0,    0,    0,    0,    0,    0,    0,    0,    0,    0,    0,    0,    0,    0,    0,    0,    0,    0,    0,    0,    0,    0,    0,    0,    0,    0,    0,    0,    0,    0,    0,    0,    0,    0,    0,    0,    0,    0,    0,    0,    0,    0,    0,    0,    0,  -13,    0,
       0,    5,    0,    0,    0,    0,    0,    0,  -55,  -25,   -1,   -1,   -1,    0,  -26,  -12,  -13,   16,    0,   -1,   -5,    0,    0,   -5,  -46,    0,   -5,    0,    0,    0,   11,   -5,    0,    0,   -7,   -6,    1,   12,  -51,  -37,   11,  -24,    0,  -30,   -1,   -1,  -18,  -18,  -24,  -16,  -18,  -18,  -31,  -23,  -24,    1,    0,    0,    0,    7,  -30,  -16,    0,    5,    0,   -5,  -30,    0,  -69,   -1,  -37,  -37,   -2,   19,  -24,    0,  -24,    0,    0,    0,    0,    0,    0,    0,    0,    0,    0,    0,    0,    0,    0,    0,    0,    0,    0,    0,    0,    0,    0,    0,    0,    0,    0,    0,    0,    0,    0,    0,    0,    0,    0,    0,    0,    0,    0,    0,    0,    0,    0,    0,   12,    0,    0,    1,    0,  -44,    0,
       0,    5,    0,    0,    0,    0,    0,    0,  -32,  -25,   -1,   -1,   -1,   -1,  -21,   -1,  -13,    0,   -1,   -1,   -5,    0,    0,   -7,  -37,    0,    0,    0,   -1,    0,   11,   -5,    0,    0,   -6,    0,    0,   12,  -51,  -31,    0,  -19,    0,  -19,   -1,   -1,  -12,  -18,  -31,  -12,  -18,  -12,  -19,  -13,  -13,    0,    0,    0,    0,    0,  -30,   -6,    0,    0,    0,   -7,  -25,    0,  -69,    0,  -31,  -31,   -1,   19,  -19,    0,  -31,    0,    0,    0,    0,    0,    0,    0,    0,    0,    0,    0,    0,    0,    0,    0,    0,    0,    0,    0,    0,    0,    0,    0,    0,    0,    0,    0,    0,    0,    0,    0,    0,    0,    0,    0,    0,    0,    0,    0,    0,    0,    0,    0,    1,   11,    0,    0,    0,  -39,    0,
       0,   -1,    0,    0,    0,    0,   -5,    0,    0,    0,   -1,    0,    0,   -1,  -19,   -1,  -13,    0,   -5,   -7,    0,    0,    0,    0,    0,    0,  -18,   -1,    0,   -6,   -6,  -20,   -7,   -1,    0,   -1,    0,    0,    0,  -13,    0,  -19,   -1,    0,  -12,  -12,  -11,  -11,  -13,  -18,  -17,  -30,   -2,  -27,    0,    0,    0,    0,    0,    0,  -25,  -23,    0,    0,    0,  -46,   -7,    0,    0,    0,  -13,  -13,  -12,   -5,  -19,    0,  -13,    0,    0,    0,    0,    0,    0,    0,    0,    0,    0,    0,    0,    0,    0,    0,    0,    0,    0,    0,    0,    0,    0,    0,    0,    0,    0,    0,    0,    0,    0,    0,    0,    0,    0,    0,    0,    0,    0,    0,    0,    0,    0,    0,   -5,   -7,    0,    0,    0,   11,    0,
       0,   11,    0,    0,    0,    0,    0,    0,  -37,  -25,   -1,    0,   -1,   -6,  -32,   -7,  -13,   11,    0,    0,  -17,    0,    0,   -7,  -24,    0,   -5,    0,    0,    5,   17,    0,    0,    0,    0,    0,    0,   24,  -24,  -31,    0,  -26,    0,  -30,   -1,   -3,  -19,  -18,  -31,  -11,  -29,  -24,  -21,  -24,  -25,    0,    0,    0,    0,    1,  -42,  -18,    0,    0,    0,  -18,  -19,    0,  -48,    0,  -31,  -31,   10,   13,  -26,    0,  -31,    0,    0,    0,    0,    0,    0,    0,    0,    0,    0,    0,    0,    0,    0,    0,    0,    0,    0,    0,    0,    0,    0,    0,    0,    0,    0,    0,    0,    0,    0,    0,    0,    0,    0,    0,    0,    0,    0,    0,    0,    0,    0,    0,    1,    0,    0,    1,    0,  -19,    0,
       0,   -1,    0,    0,    0,    0,    0,    0,    0,    0,    0,    0,    0,    0,    0,    0,    0,   -1,    0,    0,    1,    0,    0,    0,    0,    0,    0,    0,    0,    0,   -6,    0,    0,    0,    0,    0,    0,    0,    0,    0,    0,    0,    0,    0,    0,    0,    0,    0,    0,    0,    0,  -12,    0,  -12,    0,    0,    0,    0,    0,   -5,    0,    0,    0,    0,    0,  -12,    0,    0,    0,    0,    0,    0,    0,    5,    0,    0,    0,    0,    0,    0,    0,    0,    0,    0,    0,    0,    0,    0,    0,    0,    0,    0,    0,    0,    0,    0,    0,    0,    0,    0,    0,    0,    0,    0,    0,    0,    0,    0,    0,    0,    0,    0,    0,    0,    0,    0,    0,    0,    0,    0,   -5,   -5,    0,    0,    0,    0,    0,
       0,  -43,    0,    0,    0,    0,    0,    0,    0,    0,  -12,    0,    0,    0,  -18,  -12,    0,  -24,    0,  -12,    0,    0,    0,    0,    0,    0,  -12,   28,    0,    0,  -49,  -38,  -39,  -33,    0,  -42,    0,  -39,    0,    0,   -1,    0,   66,   16,    0,   33,    0,   12,    0,    0,    0,   -9,   -1,   34,    0,    0,    0,    0,    0,    0,    0,  -13,    0,    0,    0,  -24,    0,    0,    0,   61,    0,    0,    0,    0,    0,   11,    0,    0,  -49,  -12,    0,   28,    0,    0,    0,    0,    0,    0,    0,    0,    0,    0,    0,    0,    0,    0,    0,   -1,    0,    0,    0,    0,   12,   34,   -1,    0,    0,    0,   -1,    0,    0,    0,   33,    0,  -39,   -9,    0,    0,  -42,    0,  -49,  -49,    0,    0,    0,    0,    0,
       0,    0,    0,    0,    0,    0,    0,    0,    0,    0,  -24,    0,    0,  -13,  -42,  -12,    0,  -12,    0,  -13,    0,    0,    0,    0,    0,    0,  -34,    2,    0,   -1,  -33,  -50,  -52,  -57,    0,  -49,    0,    0,    0,  -12,  -24,  -12,   13,    0,  -24,    0,   -7,    0,  -23,  -18,  -24,  -52,   -1,    5,    0,    0,    0,    0,    0,    0,    0,    0,    0,    0,    0,    0,    0,    0,    0,    2,  -12,  -12,  -24,  -24,  -12,    0,  -23,    0,  -33,  -34,   -1,    2,    0,    0,    0,    0,    0,    0,    0,    0,    0,    0,  -12,    0,    0,    0,  -12,   -1,    0,  -24,   -7,    0,    0,    5,   -1,    0,    0,    0,  -24,  -23,  -24,  -24,    0,    0,  -52,  -52,    0,    0,  -49,    0,    0,    0,    0,    0,    0,    0,    0,
       0,  -29,    0,    0,    0,    0,    0,    0,    2,   11,    0,    0,    0,    0,    0,    0,    0,    0,    0,    0,    1,    0,    0,    0,    1,    0,    1,    1,    0,    1,  -16,  -11,  -17,  -15,    1,  -18,    1,    0,    0,    0,    0,    0,    0,    0,    0,    0,    0,    0,   -3,   -3,    0,  -12,    0,  -12,    0,    0,    0,    0,    0,    0,    0,    0,    0,  -11,    0,    0,    0,    0,    1,   -5,    0,    0,    0,    0,    0,   -5,   -3,    0,    0,    0,    0,    0,    0,    0,    0,    0,    0,    0,    0,    0,    0,    0,    0,    0,    0,    0,    0,    0,    0,    0,    0,    0,    0,    0,    0,    0,    0,    0,    0,    0,    0,    0,    0,    0,    0,    0,    0,    0,    0,    0,  -33,  -28,    0,    0,    0,   19,    0,
       0,   -7,    0,    0,    0,    0,  -13,    0,   -1,    0,    0,    0,    0,    0,    0,    0,    0,    0,    0,    0,    0,    0,    0,    0,   -2,    0,   12,    0,    0,    0,  -11,    0,  -12,   -6,  -10,  -19,    0,    0,  -11,   -1,   -1,    5,    0,   -1,    0,    0,    0,    0,   -6,    0,    0,   -1,   -2,   -1,   -5,    0,    0,    0,    0,    0,   11,   18,    0,    0,    0,    0,    0,    0,   -2,   -7,   -1,   -1,    0,    0,    5,   -9,   -6,    0,    0,    0,    0,    0,    0,    0,    0,    0,    0,    0,    0,    0,    0,    0,    0,    0,    0,    0,    0,    0,    0,    0,    0,    0,    0,    0,    0,    0,    0,    0,    0,    0,    0,    0,    0,    0,    0,    0,    0,    0,    0,    0,  -18,  -13,    0,    0,    0,    0,    0,
       0,   -1,    0,    0,    0,    0,    0,    0,    0,    0,    0,    0,    0,    0,    0,    0,    0,    0,    0,    0,    0,    0,    0,    0,   -1,   -5,    6,    0,   -6,    1,  -18,   -5,  -13,  -12,    0,  -21,    0,    0,    0,   -2,  -12,   -7,   -1,   -1,    0,    0,    0,   -1,   -7,    0,    0,   -1,   -7,   -1,   -7,    0,    0,    0,    0,    0,    0,    0,    0,    0,    0,    0,    0,    0,    0,  -12,   -2,   -2,    0,    0,   -7,  -18,   -7,    0,    0,    0,    0,    0,    0,    0,    0,    0,    0,    0,    0,    0,    0,    0,    0,    0,    0,    0,    0,    0,    0,    0,    0,    0,    0,    0,    0,    0,    0,    0,    0,    0,    0,    0,    0,    0,    0,    0,    0,    0,    0,    0,   -1,   -1,    0,   -5,    0,    5,    0,
       0,  -11,    0,    0,    0,    0,    0,    0,    1,    0,    0,    0,    0,    0,    0,    0,    0,    0,    0,    0,    0,    0,    0,    0,    1,    1,    1,    0,    0,    7,   -9,   -2,    1,    1,    1,   -5,    1,    1,    0,    0,    0,   -1,    0,    0,    0,    0,    0,    0,   -3,   -5,   -3,   -9,    0,   -7,    0,    0,    0,    0,    0,  -11,    0,    0,    0,    0,    0,    0,    0,    0,    0,   -1,    0,    0,    0,    0,   -1,   -5,   -3,    0,    0,    0,    0,    0,    0,    0,    0,    0,    0,    0,    0,    0,    0,    0,    0,    0,    0,    0,    0,    0,    0,    0,    0,    0,    0,    0,    0,    0,    0,    0,    0,    0,    0,    0,    0,    0,    0,    0,    0,    0,    0,    0,    0,   -1,    0,  -11,    0,   24,    0,
       0,   -1,    0,    0,    0,    0,  -19,    0,    0,    0,    0,    0,    0,    0,    0,    0,    0,    0,    0,    0,    0,    0,    0,    0,   -1,    0,    6,    0,    0,    0,  -18,   -1,  -15,  -12,  -18,  -18,    0,    0,    0,   -3,   -6,   -1,    0,   -1,    0,    0,    0,    0,   -1,    0,    0,    0,   -1,    0,    0,    0,    0,    0,    0,    0,    0,   12,    0,    0,    0,    0,    0,    0,   -2,  -15,   -3,   -3,    0,    0,   -1,  -12,   -1,    0,    0,    0,    0,    0,    0,    0,    0,    0,    0,    0,    0,    0,    0,    0,    0,    0,    0,    0,    0,    0,    0,    0,    0,    0,    0,    0,    0,    0,    0,    0,    0,    0,    0,    0,    0,    0,    0,    0,    0,    0,    0,    0,  -18,   -1,    0,    0,    0,    0,    0,
      31,   42,    0,    0,    0,   46,   26,    0,  -30,    0,   22,   23,   16,   17,   -1,   16,    0,   36,   12,   18,    1,    0,   24,    0,   -7,   12,   19,   12,   12,   15,   32,   12,   23,   23,   12,   18,   18,   58,  -22,  -12,    3,   -1,    5,   -1,   18,   15,    5,    0,   -1,    0,    0,   -1,   -2,    5,    0,   49,    0,    0,    0,   46,    0,   11,   36,   49,    0,    0,    0,    0,    0,    0,  -23,  -22,   38,   30,    7,   -1,   -1,    0,    0,    0,    0,    0,    0,    0,    0,    0,    0,    0,    0,    0,    0,    0,    0,    0,    0,    0,    0,    0,    0,    0,    0,    0,    0,    0,    0,    0,    0,    0,    0,    0,    0,    0,    0,    0,    0,    0,    0,    0,    0,    0,   48,   37,   23,   47,   41,    0,    0,
       1,    0,    0,    0,    0,    0,    1,    0,    1,   29,    0,    0,    0,    0,    0,    0,    0,    0,    0,    0,    0,    0,    0,    0,    0,    0,    7,   27,    0,   -4,   -5,  -11,  -11,   -5,    0,  -11,    2,    0,    1,  -13,   -5,  -10,   13,   -3,    0,    0,    0,    0,   -7,    0,    0,    0,   -7,    0,   -6,    0,    0,    0,    0,    0,    0,    0,    0,    0,    0,    0,    0,    0,    0,    0,  -13,  -13,    0,    0,  -10,   -1,   -7,    0,    0,    0,    0,    0,    0,    0,    0,    0,    0,    0,    0,    0,    0,    0,    0,    0,    0,    0,    0,    0,    0,    0,    0,    0,    0,    0,    0,    0,    0,    0,    0,    0,    0,    0,    0,    0,    0,    0,    0,    0,    0,    0,    5,    0,    0,    0,    0,   13,    0,
       1,  -35,    0,    0,    0,    0,  -35,    0,    1,    0,    0,    0,    0,    0,    0,    0,    0,    0,    0,    0,    0,    0,    1,    0,    6,    0,    0,    0,    0,    1,  -28,  -22,  -29,  -28,    0,  -23,    2,   -1,    0,    0,    0,    0,   -6,    0,    0,    0,    0,    0,   -5,   -3,    0,  -10,    0,   -4,    0,    0,    0,    0,    0,  -34,    0,    2,    0,  -40,    0,    0,    0,    0,    0,   -6,    0,    0,    0,    0,    0,   -6,   -5,    0,    0,    0,    0,    0,    0,    0,    0,    0,    0,    0,    0,    0,    0,    0,    0,    0,    0,    0,    0,    0,    0,    0,    0,    0,    0,    0,    0,    0,    0,    0,    0,    0,    0,    0,    0,    0,    0,    0,    0,    0,    0,    0,  -47,  -35,  -16,  -40,    0,   19,    0,
       0,  -12,    0,    0,    0,    0,  -23,    0,    1,   12,    0,    0,    0,    0,    0,    0,    0,    0,    0,    0,    1,    0,    0,    0,   12,    1,    7,    2,    1,    1,    0,   -5,   -5,   -5,    1,    0,    7,    0,    1,    0,    0,    0,    0,    0,    0,   -5,    0,    0,    0,    0,    0,   -6,    3,   -1,    0,   13,    0,    0,    0,    0,    0,    2,    0,    0,    0,    0,    0,    0,    0,  -12,    0,    0,    0,    0,    0,   -5,    0,    0,    0,    0,    0,    0,    0,    0,    0,    0,    0,    0,    0,    0,    0,    0,    0,    0,    0,    0,    0,    0,    0,    0,    0,    0,    0,    0,    0,    0,    0,    0,    0,    0,    0,    0,    0,    0,    0,    0,    0,    0,    0,    0,  -14,  -17,    0,    0,    0,   30,    0,
       0,    0,    0,    0,    0,    0,    0,    0,    0,    0,    0,    0,    0,    0,    0,    0,    0,    0,    0,    0,    0,    0,    0,    0,    0,    1,   15,   13,    1,    5,    0,    0,    6,    6,    0,    5,    0,    0,    0,   -2,   -1,   -1,    6,   -1,    0,    0,    0,    0,   -4,    0,    0,   -1,   -2,    0,    0,    0,    0,    0,    0,    0,    0,    2,    0,    0,    0,    0,    0,    0,    0,    0,   -2,   -2,    0,    0,   -1,    0,   -4,    0,    0,    0,    0,    0,    0,    0,    0,    0,    0,    0,    0,    0,    0,    0,    0,    0,    0,    0,    0,    0,    0,    0,    0,    0,    0,    0,    0,    0,    0,    0,    0,    0,    0,    0,    0,    0,    0,    0,    0,    0,    0,    0,   -5,    0,    0,    0,    0,    0,    0,
       0,   -7,    0,    0,    0,    0,    0,    0,    1,   22,    0,    0,    0,    0,    0,    0,    0,    0,    0,    0,    0,    0,    0,    0,    0,    1,    0,    1,    0,    0,   -7,   -6,  -12,   -1,    0,  -13,    1,    0,   11,   -1,   -1,   -6,   -1,    0,    0,    0,    0,    0,   -6,    0,    0,   -1,    9,   -1,    0,    0,    0,    0,    0,   -1,   -1,    0,    0,    0,    0,    0,    0,    0,    0,   -1,   -1,   -1,    0,    0,   -6,   -5,   -6,    0,    0,    0,    0,    0,    0,    0,    0,    0,    0,    0,    0,    0,    0,    0,    0,    0,    0,    0,    0,    0,    0,    0,    0,    0,    0,    0,    0,    0,    0,    0,    0,    0,    0,    0,    0,    0,    0,    0,    0,    0,    0,    0,   -1,  -13,    0,  -12,    0,    2,    0,
       0,  -19,    0,    0,    0,    0,    0,    0,    0,    5,    0,    0,    0,    0,    0,    0,    0,    0,    0,    0,    0,    0,    0,    0,   -1,    0,    1,    0,    0,    0,  -19,    0,  -24,  -17,  -12,  -31,    0,    0,    0,    0,   -9,    0,   -1,   -1,    0,    0,    0,    0,   -1,    0,    0,   -1,   -1,   -6,    0,    0,    0,    0,    0,    0,    0,   13,    0,   -1,    0,    0,    0,    0,    0,  -15,    0,    0,    0,    0,    0,   -6,   -1,    0,    0,    0,    0,    0,    0,    0,    0,    0,    0,    0,    0,    0,    0,    0,    0,    0,    0,    0,    0,    0,    0,    0,    0,    0,    0,    0,    0,    0,    0,    0,    0,    0,    0,    0,    0,    0,    0,    0,    0,    0,    0,    0,  -41,  -36,    0,   -1,    0,    0,    0,
       0,    0,    0,    0,    0,    0,    0,    0,    0,    0,    0,    0,    0,    0,    0,    0,    0,    0,    0,    0,    0,    0,    0,    0,    0,  -10,    1,    1,    0,    1,  -22,  -16,  -16,  -16,    0,  -23,    0,    0,    0,   -7,   -6,   -1,    0,    0,   -1,    6,   -1,    0,   -9,    0,    0,   -1,   -2,    5,   -1,    0,    0,    0,    0,    0,    0,    1,    0,    0,    0,    0,    0,    0,    0,    0,   -7,   -7,   -1,   -1,   -1,    0,   -9,    0,    0,    0,    0,    0,    0,    0,    0,    0,    0,    0,    0,    0,    0,    0,    0,    0,    0,    0,    0,    0,    0,    0,    0,    0,    0,    0,    0,    0,    0,    0,    0,    0,    0,    0,    0,    0,    0,    0,    0,    0,    0,    0,    0,   -1,    0,   -5,    0,    0,    0,
       0,    0,    0,    0,    0,    0,    0,    0,  -43,   -5,    0,    0,    0,    0,    0,    0,    0,    0,    0,    0,    0,    0,   -1,    0,  -19,  -12,   12,  -19,   -7,    0,  -11,  -12,  -12,  -18,  -30,  -18,    0,  -11,  -51,  -30,  -12,  -15,    0,  -12,    0,    0,    0,    0,  -15,    0,    0,    0,  -16,    6,   -9,    0,    0,    0,    0,    0,   -1,    0,    0,    0,    0,    0,    0,    0,    0,  -21,  -30,  -30,    0,    0,  -15,  -15,  -15,    0,    0,    0,    0,    0,    0,    0,    0,    0,    0,    0,    0,    0,    0,    0,    0,    0,    0,    0,    0,    0,    0,    0,    0,    0,    0,    0,    0,    0,    0,    0,    0,    0,    0,    0,    0,    0,    0,    0,    0,    0,    0,    0,   -1,    0,    0,    0,    0,  -21,    0,
       0,   -7,    0,    0,    0,    0,   -1,    0,    1,   11,    0,    0,    0,    0,    0,    0,    0,    0,    0,    0,    0,    0,    5,    0,   12,    0,   12,    0,    5,    6,  -13,   -1,  -13,  -12,    0,  -13,    1,    0,    5,    0,   -7,   -1,    0,    5,    0,    0,    0,    0,   -1,    0,    0,    4,   -1,   -1,    0,    0,    0,    0,    0,    0,    0,    1,    0,   -1,    0,    0,    0,    0,    0,  -12,    0,    0,    0,    0,   -1,   -6,   -1,    0,    0,    0,    0,    0,    0,    0,    0,    0,    0,    0,    0,    0,    0,    0,    0,    0,    0,    0,    0,    0,    0,    0,    0,    0,    0,    0,    0,    0,    0,    0,    0,    0,    0,    0,    0,    0,    0,    0,    0,    0,    0,    0,   -1,    4,    0,   -1,    0,    0,    0,
       5,    5,    0,    0,    0,    0,    0,    0,    0,   11,    0,    0,    0,    0,    0,    0,    0,    0,    0,    0,    0,    0,    5,    0,    0,    0,   12,   -1,    0,    6,    0,    0,    0,    0,    0,    0,    1,    0,    0,   -1,   -1,   -1,    5,    5,    0,    0,    3,    0,   -1,    0,    0,    0,   -2,    0,    0,    1,    0,    0,    0,    0,    0,    0,    0,    0,    0,    0,    0,    0,    0,   -1,   -1,   -1,    0,    0,   -1,   -6,   -1,    0,    0,    0,    0,    0,    0,    0,    0,    0,    0,    0,    0,    0,    0,    0,    0,    0,    0,    0,    0,    0,    0,    0,    0,    0,    0,    0,    0,    0,    0,    0,    0,    0,    0,    0,    0,    0,    0,    0,    0,    0,    0,    0,    1,    0,    0,    0,    0,    2,    0,
       1,  -23,    0,    0,    0,    0,  -39,    0,    1,   11,    0,    0,    0,    0,    0,    0,    0,    0,    0,    0,    1,    0,    0,    0,   11,    0,    1,    0,    1,    6,  -18,   -9,  -18,  -18,    0,  -24,    1,    0,   11,    0,  -12,   -1,    0,    0,    0,    0,    0,    0,   -6,    0,    0,  -12,    5,   -7,    0,    0,    0,    0,    0,  -16,    0,    1,    0,  -28,    0,    0,    0,    0,    0,  -12,    0,    0,    0,    0,   -1,    0,   -6,    0,    0,    0,    0,    0,    0,    0,    0,    0,    0,    0,    0,    0,    0,    0,    0,    0,    0,    0,    0,    0,    0,    0,    0,    0,    0,    0,    0,    0,    0,    0,    0,    0,    0,    0,    0,    0,    0,    0,    0,    0,    0,    0,  -28,  -23,    0,  -28,    0,    2,    0,
       0,   -1,    0,    0,    0,    0,    0,    0,  -13,    0,    0,    0,    0,    0,    0,    0,    0,    0,    0,    0,    0,    0,    0,    0,  -19,    0,   12,   -1,   -2,    1,   -1,   -1,   -9,   -1,  -19,  -19,   -1,   -1,  -19,   -5,   -1,   -1,    0,   -1,    0,    0,    0,    0,   -7,    0,    0,    5,   -2,   -1,    0,    0,    0,    0,    0,    0,    0,    2,    0,    0,    0,    0,    0,    0,    0,   -1,   -5,   -5,    0,    0,   -1,   -7,   -7,    0,    0,    0,    0,    0,    0,    0,    0,    0,    0,    0,    0,    0,    0,    0,    0,    0,    0,    0,    0,    0,    0,    0,    0,    0,    0,    0,    0,    0,    0,    0,    0,    0,    0,    0,    0,    0,    0,    0,    0,    0,    0,    0,  -12,   -2,    0,    0,    0,  -18,    0,
       0,    0,    0,    0,    0,    0,    0,    0,    0,   11,    0,    0,    0,    0,    0,    0,    0,    0,    0,    0,    0,    0,    0,    0,   11,    0,   12,    0,    0,    0,   -5,    1,   -7,   -1,   -1,  -13,    6,    0,    0,   -1,   -3,   -1,    5,   -1,    0,    0,    0,    0,   -1,    0,    0,    5,    2,    6,    0,    0,    0,    0,    0,    0,    0,    0,    0,    0,    0,    0,    0,    0,    0,    0,   -1,   -1,    0,    0,   -1,   -7,   -1,    0,    0,    0,    0,    0,    0,    0,    0,    0,    0,    0,    0,    0,    0,    0,    0,    0,    0,    0,    0,    0,    0,    0,    0,    0,    0,    0,    0,    0,    0,    0,    0,    0,    0,    0,    0,    0,    0,    0,    0,    0,    0,    0,    0,    0,    0,    0,    0,    0,    0,
       0,   -1,    0,    0,    0,    0,   -1,    0,    5,    0,    0,    0,    0,    0,    0,    0,    0,    0,    0,    0,    0,    0,    0,    0,    0,    0,    1,    0,   -1,    5,  -11,    0,  -13,   -7,   -1,  -15,    0,    0,    0,   -1,   -6,    0,    3,   -1,   -1,    0,    0,    0,   -1,    0,   -1,   -1,   -1,   -1,   -1,    0,    0,    0,    0,    0,    0,    0,    0,    0,    0,    0,    0,    0,    0,  -11,   -1,   -1,   -1,   -1,    0,   -6,   -1,    0,    0,    0,    0,    0,    0,    0,    0,    0,    0,    0,    0,    0,    0,    0,    0,    0,    0,    0,    0,    0,    0,    0,    0,    0,    0,    0,    0,    0,    0,    0,    0,    0,    0,    0,    0,    0,    0,    0,    0,    0,    0,    0,    0,  -11,    0,   -5,    0,    0,    0,
       0,    0,    0,    0,    0,    0,    0,    0,    0,    0,    0,    0,    0,    0,    0,    0,    0,    0,    0,    0,    0,    0,    0,    0,    0,    0,    0,   14,    0,    0,    0,    0,    0,    0,    0,    0,    0,    0,    0,    0,    0,    0,   43,    0,    0,    2,    0,   13,    0,    0,    0,    0,    0,    1,    0,    0,    0,    0,    0,    0,    0,    0,    0,    0,    0,    0,    0,    0,    0,   43,    0,    0,    0,    0,    0,   12,    0,    0,    0,    0,    0,   14,    0,    0,    0,    0,    0,    0,    0,    0,    0,    0,    0,    0,    0,    0,    0,    0,    0,    0,    0,    0,   13,    1,    0,    0,    0,    0,    0,    0,    0,    0,    2,    0,    0,    0,    0,    0,    0,    0,    0,    0,    0,    0,    0,    0,    0,
       0,    0,    0,    0,    0,    0,    0,    0,    0,    0,    0,    0,    0,    0,    0,    0,    0,    0,    0,    0,    0,    0,    0,    0,    0,    0,    0,    7,    0,    0,  -13,  -18,  -21,  -21,   -7,  -27,    0,    0,    0,  -12,   -1,   -1,   26,    0,   -1,    0,    0,    0,    0,    0,   -1,    0,   -1,    0,    0,    0,    0,    0,    0,    0,    0,    0,    0,    0,    0,    0,    0,    0,    0,    0,  -12,  -12,   -1,    0,   -1,    0,    0,    0,    0,    0,    0,    0,    0,    0,    0,    0,    0,    0,    0,    0,    0,    0,    0,    0,    0,    0,    0,    0,    0,    0,    0,    0,    0,    0,    0,    0,    0,    0,    0,    0,    0,    0,    0,    0,    0,    0,    0,    0,    0,    0,    0,    0,    0,    0,    0,    0,    0,
       0,    0,    0,    0,    0,    0,    0,    0,    0,    0,    0,  -16,    0,   -5,    0,    0,    0,  -11,    0,    0,    0,    0,    0,    0,    0,    0,    0,    0,    0,    0,    0,    0,    0,    0,    0,    0,    0,    0,    0,    0,    0,    0,    0,    0,    0,    0,    0,    0,    0,    0,    0,    0,    0,    0,    0,    0,    0,    0,    0,    0,    0,    0,    0,    0,    0,    0,    0,    0,    0,    0,    0,    0,    0,    0,    0,    0,    0,    0,    0,    0,    0,    0,    0,    0,    0,    0,    0,    0,    0,    0,    0,    0,    0,    0,    0,    0,    0,    0,    0,    0,    0,    0,    0,    0,    0,    0,    0,    0,    0,    0,    0,    0,    0,    0,    0,    0,    0,    0,    0,    0,    0,    0,    0,    0,    0,    0,    0,
       0,    0,    0,    0,    0,    0,    0,    0,    0,    0,    0,    0,    0,    0,    0,    0,    0,    0,    0,    0,    0,    0,    0,    0,    0,    0,   18,    0,    0,    0,    0,    0,    0,    0,    0,    0,    0,    0,    0,    0,    0,    0,    0,    0,    0,    0,    0,    0,    0,    0,    0,    0,    0,    0,    0,    0,    0,    0,    0,    0,    0,    0,    0,    0,    0,    0,    0,    0,    0,    0,    0,    0,    0,    0,    0,    0,    0,    0,    0,   18,    0,    0,    0,    0,    0,    0,    0,    0,    0,    0,    0,    0,    0,    0,    0,    0,    0,    0,    0,    0,    0,    0,    0,    0,    0,    0,    0,    0,    0,    0,    0,    0,    0,    0,    0,    0,    0,    0,    0,    0,    0,    0,    0,    0,    0,    0,    0,
       0,    0,    0,    0,    0,  -24,    0,    0,  -11,    0,    0,    0,    0,   -1,    0,    0,    0,   -1,    0,    0,    0,    0,   -2,    0,    0,    0,    0,    0,    0,    0,  -12,  -21,  -27,  -24,   -1,  -24,    0,    0,    0,   -1,   -1,   -1,    0,    0,    0,    0,    0,    0,   -1,    0,    0,    0,   -1,    0,   -1,    0,    0,    0,    0,    0,  -50,  -27,    0,    0,    0,    0,    0,    0,    0,    0,   -1,   -1,    0,    0,   -1,    0,   -1,    0,  -12,    0,    0,    0,    0,  -13,    0,    0,   -1,    0,    0,    0,  -18,    0,   -1,    0,    0,    0,   -1,   -1,    0,    0,    0,    0,    0,    0,   -1,   -1,   11,    0,   -1,   -1,    0,    0,    0,    0,  -27,    0,    0,    0,  -24,    0,  -22,    0,    0,    0,    0,    0,    0,
       0,    0,    0,    0,    0,  -24,    0,    0,  -16,  -18,    0,  -28,  -28,  -17,    5,  -17,    0,  -46,    0,  -12,    0,    0,    0,    0,   -1,    0,   11,  -13,   -1,   -1,  -21,   -1,  -18,  -12,  -30,  -30,   -1,  -23,    0,    0,    0,    0,    0,    0,    0,    0,    0,    0,    0,    0,    0,   -1,   -2,    0,   -1,    0,    0,    0,    0,    0,    0,    0,    0,    0,    0,    0,  -27,  -33,   -9,    0,    0,    0,    0,    0,    0,    0,    0,    0,  -21,   11,   -1,  -13,   -3,  -19,   -1,   -3,  -30,    0,   -1,    0,  -15,    0,    0,    0,    0,    0,    0,   -2,    0,    0,    0,   -1,    0,    0,   -2,    0,   11,    0,    0,    0,    0,    0,    0,   -2,  -18,   -1,    0,    0,  -30,   -9,    0,  -11,    0,    0,    0,    0,   -1,
       0,    0,    0,    0,    0,    0,    0,    0,    0,    0,    0,    0,    0,    0,    0,    0,    0,  -18,    0,    0,    0,    0,    0,    0,    0,    0,    0,    0,    0,    0,    0,    0,    0,    0,    0,    0,    0,    0,    0,    0,    0,    0,    0,    0,    0,    0,    0,    0,    0,    0,    0,    0,    0,    0,    0,    0,    0,    0,    0,    0,    0,    0,    0,    0,    0,    0,    0,    0,    0,    0,    0,    0,    0,    0,    0,    0,    0,    0,    0,    0,    0,    0,    0,    0,    0,    0,    0,    0,    0,    0,    0,    0,    0,    0,    0,    0,    0,    0,    0,    0,    0,    0,    0,    0,    0,    0,    0,    0,    0,    0,    0,    0,    0,    0,    0,    0,    0,    0,    0,    0,    0,    0,    0,    0,    0,    0,    0,
       0,    0,    0,    0,    0,    0,   -1,    0,    1,   11,    0,    0,    0,    0,    0,    0,    0,    0,    0,    0,    1,    0,    0,    0,    0,    0,    0,    0,    0,    0,    0,    0,    0,    0,    0,    0,    0,    0,    0,    0,    0,    0,    0,    0,    0,    0,    0,    0,    0,    0,    0,    0,    0,    0,    0,   13,    0,    0,    0,    0,    0,    1,    0,    0,    0,    0,    0,    0,    0,    0,    0,    0,    0,    0,    0,    0,    0,    0,    0,    0,    0,    0,    0,    0,    0,    0,    0,    0,    0,    0,    0,    0,    0,    0,    0,    0,    0,    0,    0,    0,    0,    0,    0,    0,    0,    0,    0,    0,    0,    0,    0,    0,    0,    0,    0,    0,    0,    0,    0,    0,   -5,    0,    0,    0,    0,   31,   16,
       0,    0,    0,    0,    0,  -36,    0,    0,    0,  -19,    1,  -44,  -40,  -34,  -11,  -22,    0,  -57,    0,  -11,    0,    0,    0,    0,  -17,    0,   12,  -11,    0,    0,  -13,    0,   -7,   -7,  -40,  -24,   -1,  -22,    0,    0,    0,    0,    0,    0,    0,    0,    0,    0,    0,    0,    0,    0,    0,    0,    0,    0,    0,    0,    0,    0,    0,    0,    0,    0,    0,    0,    0,  -61,   -1,    0,    0,    0,    0,    0,    0,    0,    0,    0,  -13,   12,    0,  -11,    0,    0,  -17,    0,  -40,    0,    0,    0,    0,    0,    0,    0,    0,    0,    0,    0,    0,    0,    0,    0,    0,    0,    0,    0,    0,    0,    0,    0,    0,    0,    0,    0,   -7,    0,    0,    0,  -24,   -1,    0,    0,    0,    0,    0,    0,  -17,
     -13,  -29,    0,    0,    0,  -27,    0,    0,  -28,  -16,    0,  -23,  -28,  -17,    0,    0,    0,  -30,    0,  -11,    0,    0,    0,    0,   -2,  -12,    5,  -19,   -9,    0,  -31,  -28,  -24,  -30,  -24,  -36,   -2,  -19,    0,    0,  -21,    0,    0,   -1,    0,   -5,    0,    0,   -1,    0,    0,   -1,   -2,   -1,   -1,    0,    0,    0,    0,    0,    0,    0,    0,    0,    0,    0,  -50,  -36,  -13,    0,    0,    0,    0,    0,    0,    0,   -1,  -12,  -31,    5,    0,  -19,   -2,  -24,   -2,   -2,  -24,    0,   -9,    0,  -30,  -11,    0,    0,    0,    0,    0,   -2,    0,    0,    0,  -11,    0,   -1,   -2,    0,   11,    0,  -21,   -1,    0,    0,   -5,  -19,  -25,   -1,  -11,    0,  -36,  -13,  -40,  -36,    0,    0,    0,    0,   -2,
       0,    0,    0,    0,    0,    0,    0,    0,    0,    0,    0,    0,    0,    0,    0,    0,    0,   -2,    0,    0,    0,    0,    0,    0,   -2,    0,    1,    0,   -2,    1,  -18,  -29,  -24,  -13,  -17,  -24,    0,    0,    0,  -13,  -13,   -1,   21,    0,   -1,    0,  -12,    0,   -5,    0,  -12,   -1,   -1,   11,    0,    0,    0,    0,    0,    0,    0,    0,    0,    0,    0,    0,    0,    0,  -16,    0,  -13,  -13,   -1,    0,   -1,    0,   -5,    0,    0,    0,    0,    0,    0,    0,    0,    0,    0,    0,    0,    0,    0,    0,    0,    0,    0,    0,    0,    0,    0,    0,    0,    0,    0,    0,    0,    0,    0,    0,    0,    0,    0,    0,    0,    0,    0,    0,    0,    0,    0,    0,    0,    0,    0,    0,    0,    0,    0,
       0,  -19,    0,    0,    0,  -18,  -16,    0,  -41,  -19,    0,    0,   -2,   -2,    0,    0,    0,   -9,    0,    0,    0,    0,    0,    0,  -30,  -18,    7,  -18,  -13,    0,  -13,  -21,  -19,  -13,  -31,  -31,   -6,   -5,  -16,    0,   -5,    0,    0,    0,    0,    0,    0,    0,    0,    0,    0,    0,   -1,    0,    0,    0,    0,    0,    0,    0,    1,   12,    0,    0,    0,    1,    0,    0,  -43,    0,    0,    0,    0,    0,    0,    0,    0,    0,    0,    0,    0,    0,    0,    0,    0,    0,    0,    0,    0,    0,    0,    0,    0,    0,    0,    0,    0,    0,    0,    0,    0,    0,    0,    0,    0,    0,    0,    0,    0,    0,    0,    0,    0,    0,    0,    0,    0,    0,    0,    0,  -18,   -2,    0,    0,    0,   -2,    0,
       0,   -7,    0,    0,    0,    0,   -2,    0,    0,    0,    0,    0,    0,    0,    0,    0,    0,    0,    0,    0,    0,    0,    0,    0,    0,    1,    1,    0,    1,    1,   -2,   -1,    0,    0,    0,    0,    1,    0,    0,    5,   -1,    0,   -1,    0,    0,    0,    0,    0,    0,   -6,    0,  -13,    0,   -7,    0,    0,    0,    0,    0,   -1,    0,    0,    0,    0,    0,    0,    0,    0,    0,    0,    5,    5,    0,    0,    0,    0,    0,    0,    0,    0,    0,    0,    0,    0,    0,    0,    0,    0,    0,    0,    0,    0,    0,    0,    0,    0,    0,    0,    0,    0,    0,    0,    0,    0,    0,    0,    0,    0,    0,    0,    0,    0,    0,    0,    0,    0,    0,    0,    0,    0,   -2,   -2,    0,   -1,    0,    2,    0,
       1,    1,    0,    0,    0,    0,    1,    0,    1,   11,    0,    0,    0,    0,    0,    0,    0,    0,    0,    0,    1,    0,   12,    0,    0,    2,   12,    2,    1,    9,    1,    1,    2,    2,    1,    2,    7,   22,    0,    0,    7,    0,    0,    0,    0,    0,    0,    0,    0,    0,    0,   -1,    0,   -1,    0,   13,    0,    0,    0,    1,    0,    2,    0,    1,    0,    0,    0,    0,    0,    0,    0,    0,    0,   20,    0,    0,    0,    0,    0,    0,    0,    0,    0,    0,    0,    0,    0,    0,    0,    0,    0,    0,    0,    0,    0,    0,    0,    0,    0,    0,    0,    0,    0,    0,    0,    0,    0,    0,    0,    0,    0,    0,    0,    0,    0,    0,    0,    0,    0,    0,    1,    1,    1,    1,    0,   19,    0,
       0,  -12,    0,    0,    0,    0,    0,    0,    0,    0,    0,    0,    0,    0,    0,    0,    0,    0,    0,    0,    0,    0,    0,    0,    0,    0,    0,    0,    0,    0,    0,    0,    0,   -6,    0,  -12,    0,    0,    0,   -1,    0,    0,    0,    0,    0,    0,    0,    0,   -3,    0,    0,    0,   -1,    0,    0,    0,    0,    0,    0,    0,    0,    1,    0,    0,    0,    0,    0,    0,    0,    0,   -1,   -1,    0,    0,    0,   -6,   -3,    0,    0,    0,    0,    0,    0,    0,    0,    0,    0,    0,    0,    0,    0,    0,    0,    0,    0,    0,    0,    0,    0,    0,    0,    0,    0,    0,    0,    0,    0,    0,    0,    0,    0,    0,    0,    0,    0,    0,    0,    0,    0,    0,  -13,   -2,    0,    0,    0,    0,    0,
       0,  -73,    0,    0,    0,  -17,  -80,    0,    0,    0,  -13,    0,   -1,  -18,  -23,  -12,  -18,  -18,  -18,  -13,    0,    0,   -1,    0,    5,   -5,  -18,   -1,    0,   -3,  -40,  -37,  -55,  -46,   -1,  -43,   -5,  -42,   -5,   -2,  -19,  -16,   -9,   -1,  -24,  -31,  -15,  -18,  -13,  -24,  -24,  -44,   -1,  -66,   -1,    0,    0,    0,  -25,  -67,  -25,  -12,    0,  -74,    0,  -36,   -5,    0,    0,  -13,   -2,   -2,  -24,  -24,  -16,  -12,  -13,    0,    0,    0,    0,    0,    0,    0,    0,    0,    0,    0,    0,    0,    0,    0,    0,    0,    0,    0,    0,    0,    0,    0,    0,    0,    0,    0,    0,    0,    0,    0,    0,    0,    0,    0,    0,    0,    0,    0,    0,    0,    0,    0,  -75,  -67,    0,  -67,    0,    0,    0,
       0,  -29,    0,    0,    0,    0,    0,    0,    2,   11,    0,    0,    0,    0,    0,    0,    0,    0,    0,    0,    1,    0,    0,    0,    1,    0,    1,    1,    0,    1,  -16,  -11,  -17,  -15,    1,  -18,    1,    0,    0,    0,    0,    0,    0,   12,    0,    9,    0,    0,   -3,   -3,    0,  -12,    0,  -12,    0,    0,    0,    0,    0,    0,    0,    0,    0,  -11,    0,    0,    0,    0,    1,   -5,    0,    0,    0,    0,    0,   -5,   -3,    0,    0,    0,    0,    0,    0,    0,    0,    0,    0,    0,    0,    0,    0,    0,    0,    0,    0,    0,    0,    0,    0,    0,    0,    0,    0,    0,    0,    0,    0,    0,    0,    0,    0,    0,    0,    0,    0,    0,    0,    0,    0,    0,  -33,  -28,    0,    0,    0,   19,    0,
       9,   21,    0,    0,    0,   38,   32,    0,    1,    0,    0,    0,    0,    0,    0,    0,    0,    0,    0,    0,    0,    0,    9,    0,    0,    0,    0,    0,    0,    0,    0,    0,    0,    0,    0,    0,    0,    1,    0,    0,   39,   -1,   13,    0,   13,   13,    0,    0,   -3,   -4,   -3,   -9,    0,   -7,    0,    0,    0,    0,    0,  -11,    0,    0,    0,    0,    0,    0,    0,    0,    0,   -1,    0,    0,   13,    0,   -1,    0,    5,    0,    0,    0,    0,    0,    0,    0,    0,    0,    0,    0,    0,    0,    0,    0,    0,    0,    0,    0,    0,    0,    0,    0,    0,    0,    0,    0,    0,    0,    0,    0,    0,    0,    0,    0,    0,    0,    0,    0,    0,    0,    0,    0,   20,   21,    0,  -11,    0,   24,    0,
       0,  -12,    0,    0,    0,    0,  -23,    0,    1,   12,    0,    0,    0,    0,    0,    0,    0,    0,    0,    0,    1,    0,    0,    0,   12,    1,    7,    2,    1,    1,    0,   -5,   -5,   -5,    1,    0,    7,    0,    1,    0,    0,    0,    0,   12,    0,    1,    0,   15,    0,    0,    0,   -6,    3,   -1,    0,   13,    0,    0,    0,    0,    0,    2,    0,    0,    0,    0,    0,    0,    0,  -12,    0,    0,    0,    0,    0,   -5,    0,    0,    0,    0,    0,    0,    0,    0,    0,    0,    0,    0,    0,    0,    0,    0,    0,    0,    0,    0,    0,    0,    0,    0,    0,    0,    0,    0,    0,    0,    0,    0,    0,    0,    0,    0,    0,    0,    0,    0,    0,    0,    0,    0,  -14,  -17,    0,    0,    0,   30,    0,
       0, -100,    0,    0,    0,  -18,  -77,    0,    0,    0,    0,   -1,   -1,   -1,  -11,   -1,    0,   -2,    0,   -9,    0,    0,    0,    0,    5,  -11,  -12,  -24,   -5,  -11,  -59,  -58,  -52,  -42,   -1,  -40,  -10,  -43,    0,    0,    0,    0,   -1,    0,    0,    0,    0,    0,   -1,   -1,   -5,  -21,   -1,  -19,    0,    0,    0,    0,    0,  -76,    0,    0,    0,  -75,    0,  -28,    0,    0,    5,    0,    0,    0,    0,    0,    0,    0,   -1,    0,    0,    0,    0,    0,    0,    0,    0,    0,    0,    0,    0,    0,    0,    0,    0,    0,    0,    0,    0,    0,    0,    0,    0,    0,    0,    0,    0,    0,    0,    0,    0,    0,    0,    0,    0,    0,    0,    0,    0,    0,    0,    0,  -94, -105,    0,  -80,    0,   12,    0,
       0,  -11,    0,    0,    0,    0,    0,    0,    1,    0,    0,    0,    0,    0,    0,    0,    0,    0,    0,    0,    0,    0,    0,    0,    1,    1,    1,    0,    0,    7,   -9,   -2,    1,    1,    1,   -5,    1,    1,    0,    0,    0,   -1,    0,    0,    0,    0,    0,    0,   -3,   -5,   -3,  -17,    0,  -12,    0,    0,    0,    0,    0,  -11,    0,    0,    0,    0,    0,    0,    0,    0,    0,   -1,    0,    0,    0,    0,   -1,   -5,   -3,    0,    0,    0,    0,    0,    0,    0,    0,    0,    0,    0,    0,    0,    0,    0,    0,    0,    0,    0,    0,    0,    0,    0,    0,    0,    0,    0,    0,    0,    0,    0,    0,    0,    0,    0,    0,    0,    0,    0,    0,    0,    0,    0,    0,   -1,    0,  -11,    0,   24,    0,
      12,   12,    0,    0,    0,   25,   18,    0,    0,   11,    0,    0,    0,    0,    0,    0,    0,    0,    0,    0,    0,    0,   12,    0,    0,    0,   12,   -1,    0,    6,    0,    0,    0,    0,    0,    0,    1,    0,    0,   -1,   35,   -1,    5,    5,    1,    1,    3,    0,   -1,    0,    0,    0,   -2,    0,    0,    1,    0,    0,    0,    0,    0,    0,    0,    0,    0,    0,    0,    0,    0,   -1,   -1,   -1,    1,    0,   -1,   -6,   -1,    0,    0,    0,    0,    0,    0,    0,    0,    0,    0,    0,    0,    0,    0,    0,    0,    0,    0,    0,    0,    0,    0,    0,    0,    0,    0,    0,    0,    0,    0,    0,    0,    0,    0,    0,    0,    0,    0,    0,    0,    0,    0,    0,   13,   13,    0,    0,    0,    2,    0,
       1,  -23,    0,    0,    0,    0,  -39,    0,    1,   11,    0,    0,    0,    0,    0,    0,    0,    0,    0,    0,    1,    0,    0,    0,   11,    0,    1,    0,    1,    6,  -18,   -9,  -18,  -18,    0,  -24,    1,    0,   11,    0,  -12,   -1,    0,    0,    0,    9,    0,    0,   -6,    0,    0,  -12,    5,   -7,    0,    0,    0,    0,    0,  -16,    0,    1,    0,  -28,    0,    0,    0,    0,    0,  -12,    0,    0,    0,    0,   -1,    0,   -6,    0,    0,    0,    0,    0,    0,    0,    0,    0,    0,    0,    0,    0,    0,    0,    0,    0,    0,    0,    0,    0,    0,    0,    0,    0,    0,    0,    0,    0,    0,    0,    0,    0,    0,    0,    0,    0,    0,    0,    0,    0,    0,    0,  -28,  -23,    0,  -28,    0,    2,    0,
       5,  -18,    0,    0,    0,  -12,  -18,    0,  -11,    0,    7,    0,   -1,   -5,    1,    0,    1,    0,    0,   -5,    0,    0,    0,   12,   -6,   -9,    7,   -6,   -6,    0,  -12,   -5,  -24,  -12,  -24,  -24,    0,    0,  -24,    5,    0,    0,    0,    0,    1,    1,    1,    1,    0,    1,    1,    0,   -1,    0,    0,    0,    0,    0,    1,    0,    5,   13,    0,    0,    0,   12,    0,    0,  -19,  -11,    5,    5,    1,    1,    0,    0,    0,    0,    0,    0,    0,    0,    0,    0,    0,    0,    0,    0,    0,    0,    0,    0,    0,    0,    0,    0,    0,    0,    0,    0,    0,    0,    0,    0,    0,    0,    0,    0,    0,    0,    0,    0,    0,    0,    0,    0,    0,    0,    0,    0,   -5,  -12,    0,    0,    0,    0,    0,
       0,    0,    0,    0,    0,    0,    0,    0,    0,    0,    0,    0,    0,    0,    0,    0,    0,    0,    0,    0,    0,    0,    0,    0,    0,    0,    0,    0,    0,    0,    0,    0,    0,    0,    0,    0,    0,    0,    0,    0,    0,    0,   -1,   -1,    0,    0,    0,    0,   -1,    0,    0,   -1,   -1,   -1,    0,    0,    0,    0,    0,    0,    0,    1,    0,    0,    0,    0,    0,    0,    0,    0,    0,    0,    0,    0,    0,    0,   -1,    0,    0,    0,    0,    0,    0,    0,    0,    0,    0,    0,    0,    0,    0,    0,    0,    0,    0,    0,    0,    0,    0,    0,    0,    0,    0,    0,    0,    0,    0,    0,    0,    0,    0,    0,    0,    0,    0,    0,    0,    0,    0,    0,    0,    0,    0,    0,    0,    0,    0,
       0,    0,    0,    0,    0,    0,    0,    0,  -33,  -19,    0,   -6,   -7,  -12,  -18,  -12,  -12,    0,    0,   -1,   -1,    0,    0,    0,  -15,    0,    0,    0,    0,    0,    0,    0,    5,    5,  -11,   11,    0,    0,  -32,  -24,    6,  -18,   -5,  -18,   -5,   -6,  -17,  -17,  -24,  -15,  -18,   -9,  -21,  -19,  -13,    2,    0,    0,    0,    2,  -29,    0,    0,    2,    0,   -1,  -21,    0,  -50,   -2,  -24,  -24,   -5,    1,  -18,    0,  -24,    0,    0,    0,    0,    0,    0,    0,    0,    0,    0,    0,    0,    0,    0,    0,    0,    0,    0,    0,    0,    0,    0,    0,    0,    0,    0,    0,    0,    0,    0,    0,    0,    0,    0,    0,    0,    0,    0,    0,    0,    0,    0,    0,    0,    0,    0,    2,    0,  -13,    0,
       0,    0,    0,    0,    0,    0,    0,    0,    0,    0,    0,    0,    0,    0,    0,    0,    0,    0,    0,    0,    0,    0,    0,    0,    0,    2,    0,    2,    1,    0,    2,    2,    1,    1,    1,    1,    2,    0,    0,    0,    2,    0,    0,    0,    0,    0,    0,    0,    0,    0,    0,    0,    0,    0,    0,    2,    0,    0,    0,    2,    0,    0,    0,    2,    0,    0,    0,    0,    0,    0,    0,    0,    0,    0,    0,    0,    0,    0,    0,    0,    0,    0,    0,    0,    0,    0,    0,    0,    0,    0,    0,    0,    0,    0,    0,    0,    0,    0,    0,    0,    0,    0,    0,    0,    0,    0,    0,    0,    0,    0,    0,    0,    0,    0,    0,    0,    0,    0,    0,    0,    0,    0,    0,    2,    0,    0,    0,
       0,   -1,    0,    0,    0,    0,    0,    0,    0,    0,    0,    0,    0,   -1,    0,    0,    0,   -1,    0,    0,    0,    0,    0,    0,    0,    0,    0,    0,    0,    0,    0,    0,    0,    0,    0,    0,    0,    0,    0,    0,    0,    0,    0,    0,    0,    0,    0,    0,    0,    0,    0,    0,    0,    0,    0,    0,    0,    0,    0,    0,    0,    0,    0,    0,    0,  -13,    0,    0,    0,    0,    0,    0,    0,    0,    0,    0,    0,   -5,   -1,   -1,    0,   -1,   -1,   -1,    0,   -1,   -6,   -1,   -3,  -12,   -2,    0,   -1,   -1,    0,   -6,   -1,   -1,  -12,   -5,  -11,    0,   -5,  -12,   -1,  -19,   -7,   -5,   -6,   -6,    0,    0,    0,   -1,   -9,  -13,    0,   -3,   -9,    0,    0,    0,    0,    0,    0,    0,    0,
       0,  -19,    0,    0,    0,    0,    0,    0,   16,    0,    0,    0,    0,    0,    0,    0,    0,    0,    0,    0,    0,    0,    0,    0,    0,    0,    0,    0,    0,    0,    0,    0,    0,    0,    0,    0,    0,    0,    0,    0,    0,    0,    0,    0,    0,    0,    0,    0,    0,    0,    0,    0,    0,    0,    0,    0,    0,    0,    0,    0,    0,    1,    0,    0,    0,    0,    0,    0,    0,    0,    0,    0,    0,    0,    0,    0,    0,    0,   -9,   11,    0,    0,    0,  -13,    6,    0,    0,   12,    0,    0,  -21,   12,    0,    0,    5,    0,    0,   -1,    0,    0,    0,    0,    0,    0,    5,   -7,    0,    0,    0,    0,    0,    0,    0,  -19,  -18,   -2,    0,    0,  -18,    5,  -19,  -30,    0,    0,    0,    0,    0,
       0,   11,    0,    0,    0,   -5,    0,    0,  -44,  -19,    0,    0,   -1,   -1,  -26,   -1,   -1,    9,    0,    0,    0,    0,    0,   -9,    0,    0,    0,    0,    0,    0,    0,    0,    0,    0,    0,    0,    0,    0,  -21,    0,    0,    0,    0,    0,    0,    0,    0,    0,    0,    0,    0,    0,    0,    0,    0,    0,    0,    0,    0,   12,  -34,  -20,    0,   11,    0,  -13,  -12,    0,    0,    0,    0,    0,    0,    0,    0,    0,    0,    0,    5,    0,    0,   -7,  -50,    1,  -27,  -50,   -6,   -1,    0,  -13,    0,  -19,  -36,   -1,  -19,  -15,  -39,  -31,  -31,  -18,  -18,  -58,  -19,  -19,  -21,   -2,    0,  -42,    0,  -25,    0,    0,  -12,    5,   12,  -18,  -43,   -2,   18,  -63,   12,    0,    0,    1,    0,  -32,    0,
       0,    0,    0,    0,    0,    1,    0,    0,    0,    0,    0,    0,    0,    0,    0,    0,    0,    0,    1,    0,   17,    0,    0,    0,    0,    0,    0,    0,    0,    0,    0,    0,    0,    0,    0,    0,    0,    0,  -11,    0,    0,    0,    0,    0,    0,    0,    0,    0,    0,    0,    0,    0,    0,    0,    0,    0,    0,    0,    0,    0,    0,    0,    0,    0,    0,    0,    0,    0,    0,    0,    0,    0,    0,    0,    0,    0,    0,    0,    0,   -1,    0,    5,    0,    0,   -1,    0,   -1,    0,    0,  -12,   -1,    0,    0,    0,   -5,    0,    0,   -1,   -1,   -5,    0,    0,   -5,  -13,   -1,  -19,   -7,    0,    0,   -1,    0,    1,    0,    0,   -9,  -13,   -1,   -1,  -11,   -5,    5,   11,    0,    6,    0,    0,    0,
       0,   -1,    0,    0,    0,   -6,    0,    0,    0,    0,    1,   -5,  -12,   -5,    1,    0,   -9,   -5,   -5,   -5,    0,    0,    0,    0,    0,    0,    0,    0,    0,    0,    0,    0,    0,    0,    0,    0,    0,    0,   -5,    0,    0,    0,    0,    0,    0,    0,    0,    0,    0,    0,    0,    0,    0,    0,    0,    0,    0,    0,    0,    0,   -5,    1,    0,   -5,    0,    0,    0,    0,    0,    0,    0,    0,    0,    0,    0,    0,    0,   -9,   -6,    1,   -5,    0,  -18,   -6,   -6,  -18,  -17,    0,    0,  -12,   -7,    0,    0,    0,  -11,  -11,   -9,  -17,  -16,  -11,  -11,  -16,  -11,  -18,   -6,  -18,   -6,   -5,   -5,  -11,   -5,   -5,   -5,    0,   -5,  -23,  -22,  -13,   -6,  -13,    0,   -7,    0,    0,    0,    0,    0,
       0,    0,    0,    0,    0,    0,    0,    0,    0,    0,    0,  -11,   -7,   -6,  -24,   -7,  -12,    0,   -6,  -12,    0,    0,    0,    0,    0,    0,    0,    0,    0,    0,    0,    0,    0,    0,    0,    0,    0,    0,    0,    0,    0,    0,    0,    0,    0,    0,    0,    0,    0,    0,    0,    0,    0,    0,    0,    0,    0,    0,    0,    0,  -27,    0,    0,    0,    0,    0,    0,    0,    0,    0,    0,    0,    0,    0,    0,    0,    0,    0,    0,   -9,   -3,    0,   -7,    0,    0,   -7,    0,   -1,    0,  -18,   -1,   -1,  -13,    0,  -13,  -18,  -18,  -19,  -18,  -23,  -12,  -12,  -18,  -23,   -7,  -24,   -1,   -5,    0,  -21,   -5,    1,   -6,   -1,    0,  -18,  -24,  -15,    0,    0,   -5,  -11,    0,    0,    0,    0,    0,
       0,    0,    0,    0,    0,    0,    0,    0,  -30,  -18,   -1,   -1,   -2,   -7,  -13,   -2,   -1,    0,   -1,   -1,   -1,    0,    0,    0,    0,    0,    0,    0,    0,    0,    0,    0,    0,    0,    0,    0,    0,    0,  -52,    0,    0,    0,    0,    0,    0,    0,    0,    0,    0,    0,    0,    0,    0,    0,    0,    0,    0,    0,    0,    0,  -13,    0,    0,    0,    0,   -1,  -12,    0,    0,    0,    0,    0,    0,    0,    0,    0,    0,    0,    0,    0,    0,  -12,  -27,    0,  -26,  -27,   -6,   -1,   -1,  -12,   -1,   -7,  -18,   -5,  -18,  -19,  -18,  -34,  -29,  -21,  -17,  -35,  -18,  -12,  -27,  -25,   -7,  -29,    0,  -29,   -3,    1,   -6,    0,    6,  -18,  -41,   -2,    0,  -27,    0,    0,    0,    0,    0,  -18,    0,
       0,  -42,    0,    0,    0,    0,    0,    0,    0,    0,    0,    0,    0,    0,    0,    0,    0,    0,    0,    0,    0,    0,    0,    0,    0,    0,    0,    0,    0,    0,    0,    0,    0,    0,    0,    0,    0,    0,    0,    0,    0,    0,    0,    0,    0,    0,    0,    0,    0,    0,    0,    0,    0,    0,    0,    0,    0,    0,    0,    0,    0,   11,    0,    0,    0,    0,    0,    0,    0,    0,    0,    0,    0,    0,    0,    0,    0,  -12,  -44,    5,    0,   -7,  -13,  -37,    0,  -13,   -7,   -1,  -12,    0,  -51,    0,    0,    0,    5,    0,    0,   -1,   -5,    0,    0,    0,    0,   -1,   -1,   -1,    5,    0,    0,    0,    0,    0,    0,  -33,  -38,   -1,    0,   -1,  -38,    0,  -48,  -36,    0,    0,    0,    0,    0,
       0,  -48,    0,    0,    0,    0,    0,    0,    0,    0,    0,    0,    0,    0,    0,    0,    0,    0,    0,    0,    0,    0,    0,    0,    0,    0,    0,    0,    0,    0,    0,    0,    0,    0,    0,    0,    0,    0,    0,    0,    0,    0,    0,    0,    0,    0,    0,    0,    0,    0,    0,    0,    0,    0,    0,    0,    0,    0,    0,    0,    0,    0,    0,    0,    0,    0,    0,    0,    0,    0,    0,    0,    0,    0,    0,    0,    0,    0,  -40,   -2,   -1,   -1,   -1,  -26,   11,   -1,    0,   -2,    0,  -19,  -41,   16,    0,    0,    0,    0,    0,   -1,  -12,   -5,   -5,    0,   -6,   -2,    0,  -24,   -2,    0,   -9,    0,    0,    0,    0,  -28,  -40,  -19,    0,  -18,  -33,   -5,  -43,  -36,    0,    0,    0,    0,    0,
       0,   -1,    0,    0,    0,    0,   -5,    0,    0,    0,   -1,    0,    0,   -1,  -19,   -1,  -13,    0,   -5,   -7,    0,    0,    0,    0,    0,    0,    0,    0,    0,    0,    0,    0,    0,    0,    0,    0,    0,    0,    0,    0,    0,    0,    0,    0,    0,    0,    0,    0,    0,    0,    0,    0,    0,    0,    0,    0,    0,    0,    0,    0,  -25,  -23,    0,    0,    0,  -46,   -7,    0,    0,    0,    0,    0,    0,    0,    0,    0,    0,    0,   -6,  -18,   -6,   -1,   -1,    0,    0,   -1,    0,   -1,    0,  -31,   -1,    0,  -13,   -1,   -1,   -2,  -19,   -2,   -1,  -17,  -11,    0,  -11,  -27,   -2,  -36,  -20,    0,    0,  -13,  -12,   -5,  -12,  -12,  -12,  -32,    0,  -33,   -1,    0,   -5,   -7,    0,    0,    0,   11,    0,
       0,    7,    0,    0,    0,    0,    0,    0,  -45,  -25,   -1,   -1,   -1,    0,  -26,  -12,  -13,   16,    0,   -1,   -5,    0,    0,   -5,    0,    0,    0,    0,    0,    0,    0,    0,    0,    0,    0,    0,    0,   12,  -51,    0,    0,    0,    0,    0,    0,    0,    0,    0,    0,    0,    0,    0,    0,    0,    0,    0,    0,    0,    0,    7,  -30,  -19,    0,    5,    0,   -5,  -28,    0,    0,    0,    0,    0,    0,    0,    0,    0,    0,    7,   13,   -5,    7,   -5,  -39,   31,  -47,  -39,    2,   16,    7,  -12,   18,   -1,  -37,    0,  -23,  -12,  -24,  -32,  -36,  -18,  -18,  -61,  -18,  -23,  -31,  -13,   -7,  -33,   11,  -24,   39,   39,   -1,   30,   16,  -18,  -49,    0,    3,  -69,   15,   18,    0,    1,    0,  -44,    0,
       0,  -73,    0,    0,    0,  -17,  -80,    0,    0,    0,  -13,    0,   -1,  -18,  -23,  -12,  -18,  -18,  -18,  -13,    0,    0,   -1,    0,    0,    0,    0,    0,    0,    0,    0,    0,    0,    0,    0,    0,    0,  -42,   -5,    0,    0,    0,    0,    0,    0,    0,    0,    0,    0,    0,    0,    0,    0,    0,    0,    0,    0,    0,  -25,  -67,  -25,  -12,    0,  -74,    0,  -36,   -5,    0,    0,    0,    0,    0,    0,    0,    0,    0,    0,   -5,  -40,  -18,   -3,   -1,   -1,  -36,    5,   -1,   -1,    0,    0,  -40,  -74,    0,   -2,  -21,  -11,  -23,  -16,   -2,  -17,  -24,  -15,    0,  -18,  -33,   -1,  -44,  -26,    0,  -19,  -13,  -24,  -24,  -18,  -39,  -56,  -44,   -1,  -39,  -43,    0,  -75,  -67,    0,  -67,    0,    0,    0,
       0,  -34,    0,    0,    0,  -12,  -23,    0,  -16,  -11,    0,  -11,  -12,   -5,    0,   -1,   -9,  -12,   -5,  -16,    0,    0,    0,    0,    0,    0,    0,    0,    0,    0,    0,    0,    0,    0,    0,    0,    0,  -12,  -24,    0,    0,    0,    0,    0,    0,    0,    0,    0,    0,    0,    0,    0,    0,    0,    0,    0,    0,    0,    0,   -1,    0,    1,    0,  -11,    0,    0,    0,    0,    0,    0,    0,    0,    0,    0,    0,    0,    0,  -17,  -18,   -5,   -9,   -9,  -30,  -24,  -18,  -30,  -21,  -13,  -12,  -18,  -32,   -6,   -1,  -12,   -1,  -18,  -11,  -19,  -23,  -14,  -14,  -18,  -11,  -18,   -7,  -30,  -13,  -11,  -15,  -17,   -9,   -9,   -9,  -19,  -33,  -25,  -23,  -18,  -30,  -23,  -23,  -24,    0,  -18,    0,    0,    0,
       0,    0,    0,    0,    0,    0,    0,    0,    0,    0,    0,    0,   -1,   -1,   -2,   -1,   -1,    0,   -1,   -1,    0,    0,    0,    0,    0,    0,    0,    0,    0,    0,    0,    0,    0,    0,    0,    0,    0,    0,    0,    0,    0,    0,    0,    0,    0,    0,    0,    0,    0,    0,    0,    0,    0,    0,    0,    0,    0,    0,    0,    0,   -2,    0,    0,    0,    0,    0,    0,    0,    0,    0,    0,    0,    0,    0,    0,    0,    0,    0,    0,   -9,   -3,   32,   -1,    0,    0,   10,    0,   -7,    0,  -24,  -12,    0,  -13,  -12,  -12,  -23,  -18,  -24,  -23,  -18,  -18,  -18,    0,   16,   -2,  -24,  -13,    0,    0,  -21,    1,    1,    0,  -12,    0,  -18,  -21,  -18,    0,    0,   -5,  -11,    0,    0,    0,    0,    0,
       5,  -18,    0,    0,    0,  -12,  -18,    0,  -11,    0,    7,    0,   -1,   -5,    1,    0,    1,    0,    0,   -5,    0,    0,    0,   12,    0,    0,    0,    0,    0,    0,    0,    0,    0,    0,    0,    0,    0,    0,  -24,    0,    0,    0,    0,    0,    0,    0,    0,    0,    0,    0,    0,    0,    0,    0,    0,    0,    0,    0,    1,    0,    5,   13,    0,    0,    0,   12,    0,    0,    0,    0,    0,    0,    0,    0,    0,    0,    0,   -9,  -12,    7,    0,   -6,  -28,  -18,   -6,  -28,  -24,    0,   -6,    0,  -13,   -1,    5,    0,    0,    0,    0,   -7,   -5,    1,    1,  -18,    1,    0,   -1,    0,   16,   -1,    0,    0,    1,    1,    1,   -6,  -12,    0,  -12,    0,  -12,  -19,   -5,  -12,    0,    0,    0,    0,    0,
       0,    0,    0,    0,    0,   -7,   12,    0,  -60,   -2,    0,   -1,   -7,   -1,  -13,   -1,   -1,    0,    0,    0,    6,    0,   -1,    0,    0,    0,    0,    0,    0,    0,    0,    0,    0,    0,    0,    0,    0,    0,  -33,    0,    0,    0,    0,    0,    0,    0,    0,    0,    0,    0,    0,    0,    0,    0,    0,    0,    0,    0,    0,   12,   -1,    0,    0,    0,    0,   11,    0,    0,    0,    0,    0,    0,    0,    0,    0,    0,    0,   -9,    5,    3,    5,   -7,  -40,   -9,  -36,  -40,  -24,   -1,   -7,    0,   -1,   -7,  -13,    0,   -1,   -2,   -1,   -9,  -12,    0,    0,  -33,    0,    5,   -7,    0,   11,  -13,    0,   -6,    0,    0,    0,    0,   -6,    5,  -25,    0,   -7,  -51,    1,    0,    0,    6,    0,  -32,    0,
       0,   11,    0,    0,    0,   -5,    0,    0,  -44,  -19,    0,    0,   -1,   -1,  -26,   -1,   -1,    9,    0,    0,    0,    0,    0,   -9,    0,    0,    0,    0,    0,    0,    0,    0,    0,    0,    0,    0,    0,    0,  -21,    0,    0,    0,    0,    0,    0,    0,    0,    0,    0,    0,    0,    0,    0,    0,    0,    0,    0,    0,    0,   12,  -34,  -20,    0,   11,    0,  -13,  -12,    0,    0,    0,    0,    0,    0,    0,    0,    0,    0,    0,    5,    0,    0,   -1,  -39,    1,  -26,  -39,   -6,   -1,   -1,  -13,    0,  -13,  -34,   -1,  -19,  -15,  -26,  -31,  -31,  -18,  -18,  -46,  -19,  -18,  -21,   -2,    0,  -42,    0,  -25,   -1,   12,  -12,    5,   12,  -18,  -43,   -2,   16,  -33,   12,    0,    0,    1,    0,  -32,    0,
       0,  -19,    0,    0,    0,  -18,  -16,    0,  -30,  -19,    0,    0,   -2,   -2,    0,    0,    0,   -9,    0,    0,    0,    0,    0,    0,    0,    0,    0,    0,    0,    0,    0,    0,    0,    0,    0,    0,    0,   -5,  -16,    0,    0,    0,    0,    0,    0,    0,    0,    0,    0,    0,    0,    0,    0,    0,    0,    0,    0,    0,    0,    0,    1,   12,    0,    0,    0,    1,    0,    0,    0,    0,    0,    0,    0,    0,    0,    0,    0,  -18,  -13,    7,   -6,  -19,  -33,  -19,  -31,  -33,  -30,   -1,  -18,    0,  -19,    0,   -5,    0,   -1,    0,    0,   -7,  -12,    0,    0,  -13,    0,    0,   -1,    0,    5,   -9,   -5,    0,    0,    0,    0,    0,  -18,    0,  -19,    0,  -30,  -42,  -34,  -30,    0,    0,    0,   -2,    0,
       0,  -29,    0,    0,    0,    0,    0,    0,    2,   11,    0,    0,    0,    0,    0,    0,    0,    0,    0,    0,    1,    0,    0,    0,    0,    0,    0,    0,    0,    0,    0,    0,    0,    0,    0,    0,    0,    0,    0,    0,    0,    0,    0,    0,    0,    0,    0,    0,    0,    0,    0,    0,    0,    0,    0,    0,    0,    0,    0,    0,    0,    0,    0,  -11,    0,    0,    0,    0,    0,    0,    0,    0,    0,    0,    0,    0,    0,    0,  -16,    1,    1,    1,    0,    0,    1,    0,    1,    0,    0,    0,    0,    0,    0,    0,    0,    0,    0,    0,    0,    0,    0,    0,    0,  -12,    0,  -12,    0,    0,    0,   -3,    0,    0,    0,    0,  -17,  -12,    0,   -6,  -18,    1,  -33,  -28,    0,    0,    0,   19,    0,
       0,    0,    0,    0,    0,    0,    0,    0,    0,    0,    0,    0,    0,    0,    0,    0,    0,    0,    0,    0,    0,    0,    0,    0,    0,    0,    0,    0,    0,    0,    0,    0,    0,    0,    0,    0,    0,    0,    0,    0,    0,    0,    0,    0,    0,    0,    0,    0,    0,    0,    0,    0,    0,    0,    0,    0,    0,    0,    0,    0,    0,    2,    0,    0,    0,    0,    0,    0,    0,    0,    0,    0,    0,    0,    0,    0,    0,    0,    0,    0,    0,    0,    0,    0,    0,    0,    0,    0,    0,    0,    0,    0,    0,    0,    0,    0,    0,    0,   -6,    0,    0,   -9,   -5,    0,    0,   -6,    0,    0,    6,    0,    0,    0,    0,    0,    0,    0,  -12,    0,    0,    0,    0,    0,    0,    0,    0,    0,    0,
       0,  -11,    0,    0,    0,    0,    0,    0,    0,    0,    0,    0,    0,    0,    0,    0,    0,    0,    0,    0,    0,    0,    0,    0,    0,    0,    0,    0,    0,    0,    0,    0,    0,    0,    0,    0,    0,    0,    0,    0,    0,    0,    0,    0,    0,    0,    0,    0,    0,    0,    0,    0,    0,    0,    0,    0,    0,    0,    0,    0,    0,   13,    0,    0,    0,    0,    0,    0,    0,    0,    0,    0,    0,    0,    0,    0,    0,    0,    0,    0,    0,    0,    0,    0,    0,    0,    0,    0,    0,    0,    0,    0,    0,    0,    0,    0,    0,    0,   -6,    0,    0,   -6,    6,    6,    0,    0,   16,    0,    0,    0,    0,    0,    6,    0,    0,    0,   -6,    0,    0,    0,  -11,   -5,    0,    0,    0,    0,    0,
       0,  -11,    0,    0,    0,    0,    0,    0,    0,    0,    0,    0,    0,    0,    0,    0,    0,    0,    0,    0,    0,    0,    0,    0,    0,    0,    0,    0,    0,    0,    0,    0,    0,    0,    0,    0,    0,    0,    0,    0,    0,    0,    0,    0,    0,    0,    0,    0,    0,    0,    0,    0,    0,    0,    0,    0,    0,    0,    0,    0,    0,    7,    0,    0,    0,    0,    0,    0,    0,    0,    0,    0,    0,    0,    0,    0,    0,    0,    0,    0,    0,    0,    0,    0,    0,    0,    0,    0,    0,    0,    0,    0,   -1,    0,    0,   -6,    0,    0,    0,    0,    0,  -12,    0,    6,   -1,    0,   16,    0,    0,   -6,    0,    0,    0,    0,    0,    0,  -23,    0,    0,    0,  -11,    0,    0,    0,    0,    0,    0,
       0,    0,    0,    0,    0,    0,    0,    0,    0,    0,    0,    0,    0,    0,    0,    0,    0,    0,    0,    0,    0,    0,    0,    0,    0,    0,    0,    0,    0,    0,    0,    0,    0,    0,    0,    0,    0,    0,    0,    0,    0,    0,    0,    0,    0,    0,    0,    0,    0,    0,    0,    0,    0,    0,    0,    0,    0,    0,    0,    0,    0,   11,    0,    0,    0,    0,    0,    0,    0,    0,    0,    0,    0,    0,    0,    0,    0,    0,    0,    0,    0,    0,    0,    0,    0,    0,    0,    0,    0,    0,    0,    0,   -1,    0,    0,    0,    0,    0,   -1,    0,    0,  -12,    0,    0,   -1,    6,   18,    0,    0,    0,    6,    6,    0,    0,    0,    6,  -18,    0,    0,    0,    0,    0,    0,    0,    0,    0,    0,
       0,   -1,    0,    0,    0,    0,  -19,    0,    0,    0,    0,    0,    0,    0,    0,    0,    0,    0,    0,    0,    0,    0,    0,    0,    0,    0,    0,    0,    0,    0,    0,    0,    0,    0,    0,    0,    0,    0,    0,    0,    0,    0,    0,    0,    0,    0,    0,    0,    0,    0,    0,    0,    0,    0,    0,    0,    0,    0,    0,    0,    0,   12,    0,    0,    0,    0,    0,    0,    0,    0,    0,    0,    0,    0,    0,    0,    0,    0,  -18,    6,    0,    0,    0,    0,   -1,    0,  -18,    0,    0,    0,    0,    0,   -3,    0,    0,   -6,   -1,  -13,    0,    0,    0,  -12,    0,    0,   -1,   -1,   11,    0,   -6,   -1,    0,    0,    0,    0,  -12,   -1,  -12,    0,  -18,   -2,  -18,   -1,    0,    0,    0,    0,    0,
       0,   -7,    0,    0,    0,    0,    0,    0,    1,   11,    0,    0,    0,    0,    0,    0,    0,    0,    0,    0,    0,    0,    0,    5,    0,    0,    0,    0,    0,    0,    0,    0,    0,    0,    0,    0,    0,   -5,   11,    0,    0,    0,    0,    0,    0,    0,    0,    0,    0,    0,    0,    0,    0,    0,    0,    0,    0,    0,    0,   -1,    0,    0,    0,    0,    0,    0,    0,    0,    0,    0,    0,    0,    0,    0,    0,    0,    0,    1,   -7,    6,    6,   24,    0,    0,   12,    0,   -1,    0,    1,    0,    0,    0,   -7,    0,    0,    0,   -6,   -1,   -6,    0,    0,  -12,    0,   -1,    2,    0,   11,   -6,   -3,   -6,    0,    0,    0,    0,  -12,    5,  -24,    0,  -13,    0,  -12,  -13,    0,  -12,    0,    2,    0,
       1,  -23,    0,    0,    0,    0,  -39,    0,    1,   11,    0,    0,    0,    0,    0,    0,    0,    0,    0,    0,    1,    0,    0,    0,    0,    0,    0,    0,    0,    0,    0,    0,    0,    0,    0,    0,    0,    0,   11,    0,    0,    0,    0,    0,    0,    0,    0,    0,    0,    0,    0,    0,    0,    0,    0,    0,    0,    0,    0,  -16,    0,    1,    0,  -28,    0,    0,    0,    0,    0,    0,    0,    0,    0,    0,    0,    0,    0,    0,  -18,    1,    6,    0,    0,    0,   11,    0,    0,    0,    1,    0,    0,    0,    0,    1,    0,    0,   -1,    0,    0,    0,    0,    0,    0,   -7,    5,   -6,    0,    0,  -12,   -6,    0,    0,    0,    0,    0,   -6,  -12,  -12,  -24,    0,  -28,  -23,    0,  -28,    0,    2,    0,
       0,   -7,    0,    0,    0,    0,    0,    0,    1,   22,    0,    0,    0,    0,    0,    0,    0,    0,    0,    0,    0,    0,    0,    0,    0,    0,    0,    0,    0,    0,    0,    0,    0,    0,    0,    0,    0,    0,   11,    0,    0,    0,    0,    0,    0,    0,    0,    0,    0,    0,    0,    0,    0,    0,    0,    0,    0,    0,    0,   -1,   -1,    0,    0,    0,    0,    0,    0,    0,    0,    0,    0,    0,    0,    0,    0,    0,    0,    1,   -7,    0,    0,    1,    0,    0,    0,    0,    0,    0,    0,    0,    0,    0,   -1,    0,    5,   -6,   -6,    0,  -11,    0,    0,    0,    0,   -1,    9,   -1,   16,    0,   -1,   -6,    0,    0,    0,    0,    0,    0,  -12,   -1,  -13,    0,   -1,  -13,    0,  -12,    0,    2,    0,
       0,  -19,    0,    0,    0,    0,    0,    0,    0,    5,    0,    0,    0,    0,    0,    0,    0,    0,    0,    0,    0,    0,    0,    0,    0,    0,    0,    0,    0,    0,    0,    0,    0,    0,    0,    0,    0,    0,    0,    0,    0,    0,    0,    0,    0,    0,    0,    0,    0,    0,    0,    0,    0,    0,    0,    0,    0,    0,    0,    0,    0,   13,    0,   -1,    0,    0,    0,    0,    0,    0,    0,    0,    0,    0,    0,    0,    0,    0,  -19,    1,    0,    0,    0,    0,   -1,    0,  -12,    0,    0,    0,    0,    0,    0,    0,    0,    0,    0,    0,   -6,    0,    0,  -23,    0,   -6,   -1,    0,    6,   -6,   -9,   -1,    0,    0,    0,    0,    0,    0,  -12,   -6,  -31,    0,  -41,  -36,    0,   -1,    0,    0,    0,
       1,  -35,    0,    0,    0,    0,  -35,    0,    1,    0,    0,    0,    0,    0,    0,    0,    0,    0,    0,    0,    0,    0,    1,    0,    0,    0,    0,    0,    0,    0,    0,    0,    0,    0,    0,    0,    0,   -1,    0,    0,    0,    0,    0,    0,    0,    0,    0,    0,    0,    0,    0,    0,    0,    0,    0,    0,    0,    0,    0,  -34,    0,    2,    0,  -40,    0,    0,    0,    0,    0,    0,    0,    0,    0,    0,    0,    0,    0,    0,  -28,    0,    1,    0,    0,    0,    6,    0,    0,    0,    0,    0,    0,    0,    0,    0,    0,    0,    0,    0,    0,    0,    0,    0,    0,   -4,    0,    0,   -1,    0,    0,   -5,    0,    0,    0,    0,  -29,   -9,    0,   -1,  -23,    0,  -47,  -35,  -16,  -40,    0,   19,    0,
       0,   -7,    0,    0,    0,    0,  -13,    0,   -1,    0,    0,    0,    0,    0,    0,    0,    0,    0,    0,    0,    0,    0,    0,    0,    0,    0,    0,    0,    0,    0,    0,    0,    0,    0,    0,    0,    0,    0,  -11,    0,    0,    0,    0,    0,    0,    0,    0,    0,    0,    0,    0,    0,    0,    0,    0,    0,    0,    0,    0,    0,   11,   18,    0,    0,    0,    0,    0,    0,    0,    0,    0,    0,    0,    0,    0,    0,    0,    0,  -11,   12,    0,    0,    0,    0,   -2,    0,  -10,    0,    0,    0,    0,    0,   -1,    0,    0,    0,    5,    0,   -6,    0,    0,  -23,    0,   -1,   -2,    0,    6,   -6,   -1,   -6,    0,    0,    0,    0,    0,    0,  -12,   -6,  -19,   -2,  -18,  -13,    0,    0,    0,    0,    0,
       0,   -1,    0,    0,    0,    0,    0,    0,    0,    0,    0,    0,    0,    0,    0,    0,    0,    0,    0,    0,    0,    0,    0,    0,    0,    0,    0,    0,    0,    0,    0,    0,    0,    0,    0,    0,    0,    0,    0,    0,    0,    0,    0,    0,    0,    0,    0,    0,    0,    0,    0,    0,    0,    0,    0,    0,    0,    0,    0,    0,    0,    0,    0,    0,    0,    0,    0,    0,    0,    0,    0,    0,    0,    0,    0,    0,    0,   -5,  -18,    6,    1,    0,    0,    0,   -1,    0,    0,    0,   -6,    0,    0,    0,   -2,    0,   -1,    0,   -7,   -7,   -6,    0,    0,   -7,   -1,   -1,   -7,   -1,    5,   -1,  -12,   -7,    0,    0,    0,    0,  -13,   -1,  -18,   -1,  -21,    0,   -1,   -1,    0,   -5,    0,    5,    0,
       0,   -1,    0,    0,    0,    0,    0,    0,  -13,    0,    0,    0,    0,    0,    0,    0,    0,    0,    0,    0,    0,    0,    0,    0,    0,    0,    0,    0,    0,    0,    0,    0,    0,    0,    0,    0,    0,   -1,  -19,    0,    0,    0,    0,    0,    0,    0,    0,    0,    0,    0,    0,    0,    0,    0,    0,    0,    0,    0,    0,    0,    0,    2,    0,    0,    0,    0,    0,    0,    0,    0,    0,    0,    0,    0,    0,    0,    0,    0,   -1,   12,    1,   -1,    0,    0,  -19,    0,  -19,    0,   -2,    0,    0,    0,   -5,    0,   -1,   -7,   -1,   -7,   -7,    0,    0,  -32,    0,   -1,   -2,    0,   11,  -13,   -1,   -7,    0,    0,    0,    0,   -9,    5,  -43,    0,  -19,    0,  -12,   -2,    0,    0,    0,  -18,    0,
       0,    0,    0,    0,    0,    0,    0,    0,    0,   11,    0,    0,    0,    0,    0,    0,    0,    0,    0,    0,    0,    0,    0,    0,    0,    0,    0,    0,    0,    0,    0,    0,    0,    0,    0,    0,    0,    0,    0,    0,    0,    0,    0,    0,    0,    0,    0,    0,    0,    0,    0,    0,    0,    0,    0,    0,    0,    0,    0,    0,    0,    0,    0,    0,    0,    0,    0,    0,    0,    0,    0,    0,    0,    0,    0,    0,    0,    0,   -5,   12,    0,    0,    0,    0,   11,    0,   -1,    0,    0,    0,    0,    0,   -1,    0,    0,    0,   -1,    0,    0,    0,    0,    0,    0,    6,    2,    0,   12,    0,   -3,   -1,    0,    0,    0,    0,    0,    0,   -7,    0,  -13,    0,    0,    0,    0,    0,    0,    0,    0,
       0,    0,    0,    0,    0,    0,    0,    0,    0,    0,    0,    0,    0,    0,    0,    0,    0,    0,    0,    0,    0,    0,    0,    0,    0,    0,    0,    0,    0,    0,    0,    0,    0,    0,    0,    0,    0,    0,    0,    0,    0,    0,    0,    0,    0,    0,    0,    0,    0,    0,    0,    0,    0,    0,    0,    0,    0,    0,    0,    0,    0,    0,    0,    0,    0,    0,    0,    0,    0,    0,    0,    0,    0,    0,    0,    0,    0,    0,    0,    0,    0,   26,    0,    0,    0,    0,    0,    0,    0,    0,    0,    0,    0,    1,    0,    0,    0,    0,    0,    0,    0,    1,    1,   17,    0,   -6,    0,    0,   -5,    0,    0,    0,    1,    0,    0,   -6,    0,    0,    0,    0,    0,    0,    0,    0,    0,    0,    0,
       0,  -19,    0,    0,    0,    0,    0,    0,    0,    0,    0,    0,    0,    0,    0,    0,    0,    0,    0,    0,    0,    0,    0,    0,    0,    0,    0,    0,    0,    0,    0,    0,    0,    0,    0,    0,    0,    0,    0,    0,    0,    0,    0,    0,    0,    0,    0,    0,    0,    0,    0,    0,    0,    0,    0,    0,    0,    0,    0,    0,    0,   18,    0,    0,    0,    0,    0,    0,    0,    0,    0,    0,    0,    0,    0,    0,    0,    0,    0,    0,    0,    0,    0,    0,    0,    0,    0,    0,    0,    0,    0,    0,   12,    0,    0,    0,    0,    0,   -5,    0,    0,    0,   -5,   -1,    0,   -7,    0,    0,    0,    0,    0,    0,    0,    0,    0,   -7,   -6,  -12,    0,    0,  -19,  -25,    0,    0,    0,    0,    0,
       0,    0,    0,    0,    0,    0,    0,    0,    0,    0,    0,    0,    0,    0,    0,    0,    0,    0,    0,    0,    0,    0,    0,    0,    0,    0,    0,    0,    0,    0,    0,    0,    0,    0,    0,    0,    0,    0,    0,    0,    0,    0,    0,    0,    0,    0,    0,    0,    0,    0,    0,    0,    0,    0,    0,    0,    0,    0,    0,    0,    0,    7,    0,    0,    0,    0,    0,    0,    0,    0,    0,    0,    0,    0,    0,    0,    0,    0,    0,    0,    0,    1,    0,    0,    0,    0,    0,    0,    0,    0,    0,    0,    0,    0,    0,    0,    0,    0,    0,   -1,   -1,    0,    0,    0,    0,    0,   12,    0,    0,    0,    0,    0,    0,    0,    0,    0,   -1,    0,    0,    0,  -16,  -11,    0,    0,    0,    0,    0,
       0,   -7,    0,    0,    0,    0,   -1,    0,    1,   11,    0,    0,    0,    0,    0,    0,    0,    0,    0,    0,    0,    0,    5,    0,    0,    0,    0,    0,    0,    0,    0,    0,    0,    0,    0,    0,    0,    0,    5,    0,    0,    0,    0,    0,    0,    0,    0,    0,    0,    0,    0,    0,    0,    0,    0,    0,    0,    0,    0,    0,    0,    1,    0,   -1,    0,    0,    0,    0,    0,    0,    0,    0,    0,    0,    0,    0,    0,    0,  -13,   12,    6,    0,    0,    0,   12,    0,    0,    0,    5,    0,    0,    0,    0,    0,    0,    0,   -1,   -1,   -6,    0,    0,    0,    0,   -1,   -1,   -6,    6,   -6,   -7,   -1,    0,    0,    0,    0,  -13,    4,  -12,   -1,  -13,    0,   -1,    4,    0,   -1,    0,    0,    0,
       0,  -12,    0,    0,    0,    0,  -23,    0,    1,   12,    0,    0,    0,    0,    0,    0,    0,    0,    0,    0,    1,    0,    0,    0,    0,    0,    0,    0,    0,    0,    0,    0,    0,    0,    0,    0,    0,    0,    1,    0,    0,    0,    0,    0,    0,    0,    0,    0,    0,    0,    0,    0,    0,    0,    0,   13,    0,    0,    0,    0,    0,    2,    0,    0,    0,    0,    0,    0,    0,    0,    0,    0,    0,    0,    0,    0,    0,    1,    0,    7,    1,    2,    0,    0,   12,    0,    1,    0,    1,    0,    0,    0,    0,    0,    0,    0,    0,    0,    0,    0,    0,    0,    0,   -1,    3,   -6,    0,    0,    0,    0,    0,    0,   -5,    0,    2,   -7,  -12,   -6,    0,    0,  -14,  -17,    0,    0,    0,   30,    0,
       1,    1,    0,    0,    0,    0,    1,    0,    1,   11,    0,    0,    0,    0,    0,    0,    0,    0,    0,    0,    1,    0,   12,    0,    0,    0,    0,    0,    0,    0,    0,    0,    0,    0,    0,    0,    0,   22,    0,    0,    0,    0,    0,    0,    0,    0,    0,    0,    0,    0,    0,    0,    0,    0,    0,   13,    0,    0,    0,    1,    0,    2,    0,    1,    0,    0,    0,    0,    0,    0,    0,    0,    0,    0,    0,    0,    0,    2,    1,   12,    9,    2,    0,    0,    0,    0,    1,    0,    1,    0,    0,    0,    0,    0,    0,    0,    0,    0,    0,    0,    0,    0,    0,   -1,    0,   -6,    0,    0,    7,    0,    0,   40,    0,    0,    2,   -7,  -12,   -6,    2,    0,    1,    1,    1,    1,    0,   19,    0,
       0,    0,    0,    0,    0,    0,    0,    0,    0,    0,    0,    0,    0,    0,    0,    0,    0,    0,    0,    0,    0,    0,    0,    0,    0,    0,    0,    0,    0,    0,    0,    0,    0,    0,    0,    0,    0,    0,    0,    0,    0,    0,    0,    0,    0,    0,    0,    0,    0,    0,    0,    0,    0,    0,    0,    0,    0,    0,    0,    0,    0,    2,    0,    0,    0,    0,    0,    0,    0,    0,    0,    0,    0,    0,    0,    0,    0,    1,    0,   15,    5,   13,    0,    0,    0,    0,    0,    0,    1,    0,    0,    0,   -2,    1,    0,    0,   -1,   -7,  -11,    0,    0,  -12,    0,    0,   -2,    0,    5,    0,   -1,   -4,    0,    0,    0,    0,    6,   -6,  -24,    0,    5,    0,   -5,    0,    0,    0,    0,    0,    0,
       0,  -19,    0,    0,    0,    0,    0,    0,    0,    0,    0,    0,    0,    0,    0,    0,    0,    0,    0,    0,    0,    0,    0,    0,    0,    0,    0,    0,    0,    0,    0,    0,    0,    0,    0,    0,    0,    0,    0,    0,    0,    0,    0,    0,    0,    0,    0,    0,    0,    0,    0,    0,    0,    0,    0,    0,    0,    0,    0,    0,    0,   11,    0,    0,    0,    0,    0,    0,    0,    0,    0,    0,    0,    0,    0,    0,    0,   -6,  -21,    5,    0,   -1,   -2,  -15,    0,   -2,   -1,   -1,   -6,    0,  -27,    0,    0,    0,    0,   -1,    0,   -1,    0,    0,    0,   -1,    0,   -7,   -1,   -1,   -1,    0,    0,    0,    0,    0,    0,  -15,  -21,  -13,   -1,   -1,  -21,   -1,  -24,  -13,    0,    0,    0,    0,    0,
       0,    0,    0,    0,    0,    0,    0,    0,  -56,   -5,    0,    0,    0,    0,    0,    0,    0,    0,    0,    0,    0,    0,   -1,    0,    0,    0,    0,    0,    0,    0,    0,    0,    0,    0,    0,    0,    0,  -11,  -51,    0,    0,    0,    0,    0,    0,    0,    0,    0,    0,    0,    0,    0,    0,    0,    0,    0,    0,    0,    0,    0,   -1,    0,    0,    0,    0,    0,    0,    0,    0,    0,    0,    0,    0,    0,    0,    0,    0,  -12,  -11,   12,    0,  -18,    0,    0,  -19,    0,  -30,    0,  -12,    0,    0,    0,  -30,    0,    0,    0,  -15,  -15,  -12,    0,    0,  -49,    0,   12,  -15,    0,   16,  -18,  -12,  -15,    0,    0,    0,    0,  -12,    6,  -36,    0,  -18,    0,   -1,    0,    0,    0,    0,  -21,    0,
       0,   11,    0,    0,    0,   -5,    0,    0,  -44,  -19,    0,    0,   -1,   -1,  -26,   -1,   -1,    9,    0,    0,    0,    0,    0,   -9,    0,    0,    0,    0,    0,    0,    0,    0,    0,    0,    0,    0,    0,    0,  -21,    0,    0,    0,    0,    0,    0,    0,    0,    0,    0,    0,    0,    0,    0,    0,    0,    0,    0,    0,    0,   12,  -34,  -26,    0,   11,    0,  -13,  -12,    0,    0,    0,    0,    0,    0,    0,    0,    0,    0,    0,    5,  -18,  -11,  -18,  -57,    1,  -66,  -57,   -6,   -9,    0,  -43,    0,  -27,  -77,  -19,  -19,  -15,  -39,  -31,  -68,  -67,  -67,  -88,  -50,  -50,  -57,  -52,  -50,  -79,    0,  -68,   -4,   -1,  -13,    5,   12,  -67,  -43,   -2,   18,  -74,   12,    0,    0,    1,    0,  -32,    0,
       0,   12,    0,    0,    0,    0,    0,    0,  -24,    0,    0,    0,    0,    0,    0,    0,    0,    0,    0,    0,    0,    0,    0,    0,    0,    0,    0,    0,    0,    0,    0,    0,    0,    0,    0,    0,    0,    0,    0,    0,    0,    0,    0,    0,    0,    0,    0,    0,    0,    0,    0,    0,    0,    0,    0,    0,    0,    0,    0,    0,  -12,    0,    0,    0,    0,    0,    0,    0,    0,    0,    0,    0,    0,    0,    0,    0,    0,    0,    0,    0,    0,    0,    0,    0,    0,    0,    0,    0,    0,    0,    0,    0,   -7,    0,    0,   -1,    0,   -1,   -7,    0,    0,  -21,    0,    0,   -1,    0,   18,   -7,    1,  -12,    0,    0,    0,    0,    0,    0,  -36,    0,    0,    0,    7,    7,    0,    0,    0,    0,    0,
       0,   -9,    0,    0,    0,    1,  -13,    0,    0,    0,   -2,    0,   -1,   -1,  -19,   -1,  -13,   -1,   -1,   -7,    0,    0,    0,    0,    0,    0,    0,    0,    0,    0,    0,    0,    0,    0,    0,    0,    0,    0,   22,    0,    0,    0,    0,    0,    0,    0,    0,    0,    0,    0,    0,    0,    0,    0,    0,    0,    0,    0,    0,    0,  -21,  -12,    0,    0,    0,  -48,   -5,    0,    0,    0,    0,    0,    0,    0,    0,    0,    0,    0,   -7,  -13,    0,   55,   40,    0,   18,   80,   12,   -1,    0,  -31,   -1,    0,   -7,   -1,   -1,   -2,  -13,   -2,   -1,  -11,  -11,    0,   12,   29,    0,  -36,  -20,    0,    0,   -7,    0,    0,   18,  -12,  -12,  -32,    0,  -33,  -12,  -10,    0,   -1,    0,    0,    0,    0,    0,
       0,   11,    0,    0,    0,    0,    0,    0,  -37,  -25,   -1,    0,   -1,   -6,  -32,   -7,  -13,   11,    0,    0,  -17,    0,    0,   -7,    0,    0,    0,    0,    0,    0,    0,    0,    0,    0,    0,    0,    0,   24,  -24,    0,    0,    0,    0,    0,    0,    0,    0,    0,    0,    0,    0,    0,    0,    0,    0,    0,    0,    0,    0,    1,  -42,  -18,    0,    0,    0,  -18,  -19,    0,    0,    0,    0,    0,    0,    0,    0,    0,    0,    0,   17,   -5,    5,    0,  -21,    0,  -24,  -21,    0,   11,    0,  -13,  -12,   -7,  -31,   -6,  -33,  -19,  -26,  -49,  -47,  -29,  -19,  -49,  -18,  -24,  -21,  -25,  -24,  -36,    0,  -31,   -1,   13,   -3,    0,    0,  -24,  -55,  -15,    0,  -48,    1,    0,    0,    1,    0,  -19,    0,
       0,  -61,    0,    0,    0,    0,    0,    0,    0,    0,    0,    0,    0,    0,    0,    0,    0,    0,    0,    0,    0,    0,    0,    0,    0,    0,    0,    0,    0,    0,    0,    0,    0,    0,    0,    0,    0,    0,    0,    0,    0,    0,    0,    0,    0,    0,    0,    0,    0,    0,    0,    0,    0,    0,    0,    0,    0,    0,    0,    0,   -2,    0,    0,    0,    0,    0,    0,    0,    0,    0,    0,    0,    0,    0,    0,    0,    0,    0,  -45,   -2,   -1,   -1,    4,  -31,    0,    4,    0,   -1,    0,  -15,  -58,    0,   -1,   -1,   -1,   -2,   -2,   -1,   -1,   -1,   -1,   -1,   -1,   -9,   -1,  -15,   -2,    5,   -1,    0,   -1,   -1,   -1,  -33,  -45,  -21,   -2,   -4,  -39,    0,  -61,  -61,    0,    0,    0,    0,    0,
       0,    0,    0,    0,    0,    0,    0,    0,    0,    0,    0,    0,    0,    0,    0,    0,    0,    0,    0,    0,    0,    0,    0,    0,    0,    0,    0,    0,    0,    0,    0,    0,    0,    0,    0,    0,    0,    0,    0,    0,    0,    0,    0,    0,    0,    0,    0,    0,    0,    0,    0,    0,    0,    0,    0,    0,    0,    0,    0,    0,    0,    0,    0,    0,    0,    0,    0,    0,    0,    0,    0,    0,    0,    0,    0,    0,    0,    0,    0,    0,    0,    0,    0,    0,    0,    0,    0,    0,    0,    0,    0,    0,    0,    6,    0,    0,    0,    0,    0,    0,    0,    0,    0,    0,    0,    0,    6,    0,   18,    0,    1,    1,    0,    0,    0,    0,   -6,    0,    0,    0,    0,    0,    0,    0,    0,    0,    0,
     -12,    0,    0,    0,  -11,    0,    0,    0,  -46,  -49,   -1,    1,    0,   -5,  -32,  -18,    0,   12,    0,    1,    0,    0,  -12,    0,  -37,    0,    0,   -6,   -1,    1,   21,    0,   12,   12,  -16,   11,    6,    0,  -36,  -19,   11,  -24,    1,  -24,    0,    0,    0,    0,  -12,    1,    0,    0,   -7,    0,    0,    0,  -18,    0,    0,    0,  -26,  -24,    0,    0,    0,    0,    0,  -78,  -66,  -12,  -19,  -19,    0,   12,  -24,    0,  -12,    0,   21,    0,    1,   -6,  -33,   13,  -37,  -33,  -16,    0,   -1,   -5,    5,  -18,  -19,    0,  -16,  -11,  -24,   -7,  -22,    0,    0,  -36,    0,    0,   -7,    0,    0,  -28,   11,  -12,    0,   12,    0,    1,   12,    0,  -41,    0,   11,  -66,  -24,   -2,    0,    0,    0,    0,  -49,
       0,    0,    0,    0,  -29,    0,    0,    0,  -58,  -61,  -12,   -5,  -17,  -13,  -62,  -19,    0,   11,    0,  -12,   -1,    0,  -12,    0,  -50,    0,    0,   -5,    0,    0,   34,    0,   23,   23,    1,   23,    1,    0,  -41,  -31,   12,  -35,    1,  -19,   -1,    0,  -11,    0,  -17,    0,   -5,    0,   -9,    0,  -12,    0,   -2,    0,    0,    0,  -36,  -36,    0,    0,    0,  -45,  -24,  -73,  -73,    0,  -31,  -31,   -1,   24,  -35,    0,  -17,    0,   34,    0,    0,   -5,  -25,   13,  -50,  -25,    1,    0,    0,    0,   11,  -12,  -31,    0,  -12,  -12,  -35,   -9,  -16,   -5,  -11,  -48,    0,    0,   -9,    0,    0,  -24,   12,  -17,   -1,   24,    0,    1,   24,    0,  -40,    0,   23,  -73,    0,  -24,    0,    0,    0,    0,  -51,
       0,    0,    0,    0,    0,    0,    0,    0,    0,    0,    0,    0,    0,    0,    0,    0,    0,    0,    0,    0,    0,    0,    0,    0,    0,    0,    0,    0,    0,    0,    0,    0,    0,    0,    0,    0,    0,    0,    0,  -23,    0,    0,    0,    0,    0,    0,    0,    0,    0,    0,    0,    0,    0,    0,    0,    0,    0,    0,    0,    0,    0,    0,    0,    0,    0,    0,    0,    0,    0,    0,  -23,  -23,    0,    0,    0,    0,    0,    0,    0,    0,    0,    0,    0,    0,    0,    0,    0,    0,    0,    0,    0,    0,  -23,    0,    0,    0,    0,    0,    0,    0,    0,    0,    0,    0,    0,    0,    0,    0,    0,    0,    0,    0,    0,    0,    0,    0,    0,    0,    0,    0,    0,    0,    0,    0,    0,    0,    0,
       0,  -62,    0,    0,    0,  -17,  -80,    0,    0,    0,  -13,    0,   -1,  -18,  -23,  -12,  -18,  -18,  -18,  -13,    0,    0,   -1,    0,    0,    0,    0,    0,    0,    0,    0,    0,    0,    0,    0,    0,    0,  -42,   -5,    0,    0,    0,    0,    0,    0,    0,    0,    0,    0,    0,    0,    0,    0,    0,    0,    0,    0,    0,  -25,  -67,  -25,  -12,    0,  -74,  -16,  -36,   -5,    0,    0,    0,    0,    0,    0,    0,    0,    0,    0,    0,    0,    0,    0,    0,    0,    0,    0,    0,    0,    0,    0,    0,    0,    0,    0,    0,    0,    0,    0,    0,    0,    0,    0,    0,    0,    0,    0,    0,    0,    0,    0,    0,    0,    0,    0,    0,    0,    0,    0,    0,    0,    0,  -75,  -63,    0,  -67,    0,    0,    5,
};

static const EpdLigaturePair sourceserif4_18_italicLigaturePairs[] = {
    { 0x00660066, 0xFB00 }, // f f -> U+FB00
    { 0x00660069, 0xFB01 }, // f i -> U+FB01
    { 0x0066006C, 0xFB02 }, // f l -> U+FB02
    { 0xFB000069, 0xFB03 }, // U+FB00 i -> U+FB03
    { 0xFB00006C, 0xFB04 }, // U+FB00 l -> U+FB04
};

static const EpdFontData sourceserif4_18_italic = {
    sourceserif4_18_italicBitmaps,
    sourceserif4_18_italicGlyphs,
    sourceserif4_18_italicIntervals,
    79,
    38,
    31,
    -8,
    true,
    sourceserif4_18_italicGroups,
    13,
    nullptr,
    sourceserif4_18_italicKernLeftClasses,
    sourceserif4_18_italicKernRightClasses,
    sourceserif4_18_italicKernMatrix,
    575,
    610,
    146,
    127,
    sourceserif4_18_italicLigaturePairs,
    5,
};
