/**
 * generated by fontconvert.py
 * name: sourceserif4_16_bolditalic
 * size: 16
 * mode: 2-bit  compressed: true
 * Command used: C:\Users\m\Documents\Casper\lib\EpdFont\scripts\fontconvert.py sourceserif4_16_bolditalic 16 C:\Users\m\Documents\Casper\lib\EpdFont\builtinFonts\source\Sourcerer\Sourcerer-BoldItalic.ttf --2bit --compress --pnum --darken-aa
 */
#pragma once
#include "EpdFontData.h"

static const uint8_t sourceserif4_16_bolditalicBitmaps[29924] = {
    0xBD, 0x5A, 0xBF, 0x93, 0xDD, 0xD6, 0x79, 0xBD, 0x00, 0x64, 0x22, 0x11, 0x26, 0x86, 0x32, 0x23,
    0xCF, 0x78, 0xA2, 0x19, 0xC3, 0x65, 0x26, 0x23, 0x13, 0x29, 0x59, 0xAC, 0xF7, 0x82, 0x56, 0xA1,
    0x42, 0x85, 0x5D, 0xC4, 0x55, 0x8A, 0xB8, 0x48, 0x93, 0x14, 0x61, 0x93, 0x82, 0x05, 0x45, 0xC0,
    0x51, 0xE1, 0xC2, 0x85, 0xF8, 0x1F, 0x38, 0x45, 0x8A, 0x8C, 0x1A, 0xA9, 0x70, 0xC1, 0x78, 0x28,
    0x02, 0x34, 0x0B, 0x15, 0x9A, 0x09, 0x91, 0xA8, 0x54, 0x21, 0x28, 0xE1, 0x8C, 0x0B, 0xCE, 0x44,
    0x48, 0x8C, 0x71, 0x20, 0xEF, 0x05, 0x6E, 0xCE, 0x39, 0x17, 0x78, 0xBB, 0x8F, 0xBB, 0xB4, 0xE3,
    0x14, 0xD9, 0xF7, 0xF0, 0xE1, 0xED, 0xBE, 0x8B, 0x7B, 0xBF, 0xFB, 0xFD, 0x38, 0xDF, 0x8F, 0xBB,
    0xA6, 0x18, 0x8C, 0x1D, 0x4D, 0x3B, 0x19, 0x3F, 0xEA, 0x3D, 0x18, 0xDF, 0x1B, 0xDF, 0x19, 0x5F,
    0x45, 0xDE, 0x44, 0xAB, 0x89, 0x9C, 0x89, 0x66, 0x13, 0x8D, 0x7C, 0x9B, 0x7B, 0x26, 0xFC, 0x64,
    0x7A, 0xC8, 0x4E, 0xA4, 0x45, 0x67, 0x5E, 0x36, 0x7F, 0x69, 0x7F, 0xE8, 0xEA, 0xC7, 0x6B, 0xFB,
    0x78, 0x69, 0xDF, 0x71, 0xFE, 0x0D, 0xE7, 0x93, 0x79, 0x4D, 0xC6, 0x25, 0x19, 0x5D, 0x32, 0xDC,
    0x4F, 0xBA, 0x0F, 0x92, 0xCE, 0x98, 0x39, 0x19, 0x4D, 0x3C, 0x25, 0x83, 0x49, 0xC6, 0xB4, 0x07,
    0xC9, 0x3B, 0x93, 0x0E, 0x79, 0x97, 0x78, 0xEF, 0x57, 0x92, 0x25, 0x05, 0x71, 0x19, 0x89, 0x29,
    0xAB, 0x53, 0x63, 0xAC, 0xF9, 0x90, 0xE4, 0x81, 0x31, 0xA7, 0xC6, 0x19, 0x8B, 0x2F, 0x46, 0x92,
    0xA1, 0x06, 0xE9, 0x5B, 0x90, 0x0E, 0xD3, 0x8D, 0xFB, 0x74, 0x59, 0x98, 0xCE, 0x64, 0x5D, 0xD1,
    0x80, 0xC5, 0x97, 0xC9, 0x67, 0x7E, 0x20, 0x05, 0xB9, 0xC6, 0xE6, 0x4C, 0x8B, 0xD9, 0xE3, 0xF5,
    0xC4, 0x9B, 0xC4, 0x81, 0x64, 0xF3, 0x9D, 0xD6, 0xE4, 0xF3, 0x7D, 0x6B, 0x72, 0x37, 0x61, 0x28,
    0x24, 0x80, 0x61, 0x20, 0x09, 0x86, 0x99, 0xC8, 0xFB, 0xCA, 0x98, 0x1A, 0x02, 0x09, 0xDF, 0xA4,
    0x7E, 0xC6, 0xD7, 0xAD, 0x33, 0x7F, 0x9C, 0x7D, 0xD7, 0x99, 0x35, 0xCF, 0x67, 0xE3, 0xF3, 0x1C,
    0xA2, 0x2B, 0xF2, 0xD1, 0xD4, 0xD7, 0x6D, 0x4F, 0x26, 0x2B, 0x0C, 0xC3, 0x54, 0xE6, 0x84, 0xCB,
    0xDE, 0x21, 0xB9, 0x4F, 0xF2, 0x03, 0x92, 0x72, 0x20, 0x8D, 0x66, 0x4C, 0xF3, 0x8A, 0x49, 0x47,
    0x2C, 0x71, 0xDB, 0xE4, 0xFD, 0x62, 0xCC, 0x64, 0xCA, 0x6E, 0x35, 0x90, 0x8D, 0x6D, 0x56, 0x83,
    0x4D, 0xD8, 0x6A, 0x35, 0x25, 0x96, 0x8E, 0x16, 0xF3, 0x36, 0x6E, 0xB1, 0x33, 0x78, 0xA4, 0x4E,
    0x5C, 0x32, 0x96, 0x83, 0x4D, 0xA6, 0xEC, 0xD1, 0xEC, 0x6C, 0x36, 0x14, 0x6F, 0x8E, 0xAE, 0xF8,
    0x8B, 0xEE, 0x34, 0xEF, 0x1F, 0xA6, 0x8B, 0x71, 0x05, 0xA6, 0x30, 0xF1, 0x68, 0x79, 0x4B, 0x3B,
    0xCE, 0x64, 0xF2, 0xC6, 0x56, 0x0B, 0x85, 0x68, 0xA1, 0x47, 0x48, 0x12, 0x53, 0x50, 0x91, 0x98,
    0xC2, 0x24, 0xE0, 0x36, 0x1B, 0x31, 0xC2, 0x14, 0x3F, 0xE9, 0x28, 0x1F, 0x4C, 0x61, 0x5E, 0xDA,
    0x14, 0x5C, 0x2F, 0xA4, 0xD0, 0x0A, 0x45, 0x99, 0xCF, 0xD8, 0x19, 0x98, 0xEF, 0xC5, 0xBE, 0xED,
    0x32, 0xFE, 0x66, 0x1B, 0xED, 0xC9, 0x42, 0x40, 0x6B, 0xF8, 0xCD, 0x63, 0x88, 0xAF, 0x92, 0x85,
    0x12, 0xEB, 0x20, 0x1A, 0x3C, 0xDD, 0xD9, 0xC1, 0xE4, 0x63, 0xFD, 0x63, 0x4C, 0x83, 0x67, 0x4B,
    0xEC, 0x01, 0x7F, 0x28, 0xF1, 0x78, 0x3D, 0x80, 0x51, 0xDD, 0xB8, 0xB1, 0x76, 0xD4, 0xAD, 0x86,
    0x66, 0x38, 0xC4, 0x37, 0x05, 0xFE, 0x50, 0x50, 0xDF, 0xD4, 0x06, 0xA6, 0x91, 0x2A, 0x3C, 0x59,
    0x7A, 0xCD, 0x3F, 0x95, 0x72, 0x6D, 0x53, 0x77, 0x6D, 0xD7, 0x36, 0xBE, 0xF2, 0x58, 0x1F, 0x9B,
    0x87, 0x94, 0x3F, 0x30, 0x61, 0x03, 0xD6, 0xD0, 0x70, 0x4D, 0x0A, 0x2D, 0x14, 0x5C, 0x2B, 0xF0,
    0x86, 0x9D, 0x9B, 0x14, 0xD3, 0xE7, 0x9C, 0x7B, 0xE0, 0x3E, 0xC2, 0xC5, 0xAF, 0xDB, 0x4A, 0x43,
    0xAE, 0xBC, 0x5A, 0x8A, 0xA3, 0x0A, 0x5B, 0x2C, 0x31, 0x3E, 0xC7, 0x94, 0x19, 0x2D, 0x04, 0x17,
    0x96, 0x35, 0xE6, 0x6F, 0xCD, 0xF9, 0xCF, 0x57, 0x69, 0x6A, 0x18, 0x08, 0x15, 0x42, 0xBF, 0x18,
    0x04, 0x1E, 0x62, 0x5A, 0x12, 0x07, 0xAE, 0xE6, 0xC5, 0xAB, 0x6C, 0x17, 0xF9, 0x8E, 0x97, 0x63,
    0x66, 0x79, 0x89, 0xD1, 0x20, 0xEA, 0x84, 0x7F, 0x1E, 0x02, 0xDF, 0x70, 0x0D, 0x18, 0x12, 0x75,
    0x63, 0x82, 0x2A, 0xC4, 0xE4, 0x1B, 0x10, 0xFA, 0x77, 0x47, 0xFB, 0xE3, 0x7A, 0x84, 0xA7, 0x34,
    0x16, 0x56, 0x1F, 0xC1, 0x48, 0xCD, 0x75, 0xEC, 0xE4, 0x21, 0x26, 0x82, 0x9D, 0x44, 0x2E, 0x6B,
    0x0C, 0x8D, 0x94, 0xAA, 0xBC, 0xE2, 0x82, 0x73, 0xAD, 0xFB, 0xF5, 0xA2, 0x31, 0xBC, 0x62, 0x97,
    0xAD, 0x39, 0x5E, 0xD9, 0x82, 0x4D, 0xBA, 0x78, 0xCC, 0x7A, 0x5B, 0xDD, 0xE0, 0x4E, 0x7C, 0x17,
    0xDE, 0xD9, 0x50, 0xCE, 0xD6, 0xE1, 0x35, 0x51, 0x6C, 0x26, 0xFA, 0x47, 0x13, 0x36, 0x20, 0x09,
    0x6A, 0x1B, 0x92, 0xA9, 0xF8, 0x96, 0xA4, 0x25, 0x24, 0x4A, 0xEC, 0xFF, 0x6B, 0x98, 0x89, 0x69,
    0xE3, 0x05, 0x3D, 0xBB, 0x7E, 0x0C, 0xC9, 0xFB, 0x18, 0xD0, 0xB0, 0x40, 0x17, 0x99, 0x03, 0x06,
    0xD2, 0xB9, 0x9B, 0x12, 0xB0, 0xD8, 0xC0, 0x70, 0x41, 0xFA, 0xC8, 0x57, 0x6D, 0x27, 0x82, 0x71,
    0x1E, 0xE0, 0xB5, 0x93, 0x74, 0xC5, 0xF7, 0x7C, 0xA6, 0x21, 0x2A, 0x74, 0xB0, 0xE0, 0x96, 0xD6,
    0x6F, 0xBB, 0xBA, 0x33, 0xE5, 0xE7, 0x9E, 0x08, 0x22, 0x44, 0x11, 0x84, 0xBE, 0x46, 0x43, 0xA6,
    0x98, 0x8C, 0x79, 0x1F, 0x2C, 0x66, 0x58, 0x37, 0x77, 0xDB, 0x05, 0x46, 0x0A, 0xA8, 0xA6, 0xA4,
    0xD6, 0xF7, 0x8B, 0xEA, 0x86, 0xFC, 0x5A, 0x70, 0xED, 0xF7, 0xAB, 0xC1, 0x64, 0x0D, 0xB8, 0xAF,
    0xE0, 0x6E, 0x58, 0x91, 0xB3, 0xC7, 0x74, 0x8E, 0x02, 0x2A, 0x33, 0x77, 0x13, 0xFC, 0x1D, 0x1C,
    0x75, 0x11, 0x09, 0xF7, 0xD3, 0x41, 0x0C, 0x78, 0x6E, 0xE2, 0x43, 0x70, 0x4D, 0x30, 0x91, 0x52,
    0x2E, 0x34, 0x0C, 0x23, 0xF7, 0xE6, 0x9F, 0x12, 0xB7, 0x0B, 0x88, 0xC6, 0x24, 0xEB, 0x4E, 0xF8,
    0x1B, 0x7C, 0x71, 0x21, 0xB6, 0xB9, 0x40, 0x6A, 0xAD, 0x76, 0x8D, 0xB8, 0x58, 0x52, 0x70, 0x0F,
    0x33, 0x2C, 0xB9, 0x40, 0x20, 0xB1, 0x8B, 0x08, 0xAC, 0x0C, 0x1E, 0x93, 0x26, 0x8C, 0x34, 0x2B,
    0xC1, 0x24, 0xA3, 0x02, 0x6E, 0x61, 0xB2, 0x9C, 0x3A, 0xC9, 0x05, 0x2C, 0xB5, 0xF4, 0xE1, 0x02,
    0x29, 0x29, 0x86, 0xBA, 0xCA, 0x41, 0x1A, 0xFC, 0x6A, 0x1B, 0xC0, 0x45, 0xF9, 0x43, 0x40, 0x40,
    0xEE, 0xB5, 0xD7, 0x59, 0x0E, 0x46, 0x4F, 0x8D, 0xC5, 0xBD, 0x17, 0x5F, 0x64, 0x95, 0x13, 0x9E,
    0xD1, 0x69, 0xFE, 0x9D, 0xF2, 0x7B, 0x07, 0xA4, 0xE4, 0xDE, 0xEE, 0x64, 0x8C, 0x5B, 0xD8, 0x60,
    0xD2, 0xC1, 0x85, 0xF2, 0x0A, 0xE4, 0xD4, 0x40, 0x2F, 0x0C, 0x1F, 0x9D, 0xC2, 0x07, 0x2E, 0xF2,
    0x41, 0xE7, 0x32, 0x35, 0x49, 0x4B, 0xAE, 0xC4, 0x1A, 0x81, 0x3F, 0x27, 0xF2, 0x14, 0x24, 0x25,
    0x89, 0xE5, 0x60, 0xA1, 0xFA, 0x6D, 0x92, 0x9F, 0x92, 0x8C, 0x07, 0x72, 0x86, 0x27, 0x62, 0x4F,
    0x5F, 0xEB, 0xEB, 0x79, 0xDF, 0x16, 0x15, 0x6B, 0x60, 0x19, 0xDF, 0x20, 0xB1, 0x0D, 0x7E, 0xB5,
    0x1D, 0xF7, 0xD6, 0x95, 0x00, 0xFC, 0x47, 0x18, 0x9C, 0x33, 0x5E, 0x44, 0xC2, 0xB4, 0xA0, 0xDE,
    0x42, 0xBA, 0x9D, 0xB8, 0x3F, 0x70, 0x40, 0xC4, 0x34, 0xED, 0xB0, 0x19, 0xA9, 0xB4, 0xA6, 0x79,
    0x0B, 0xFE, 0xDD, 0xFE, 0x0A, 0x7F, 0xB4, 0x04, 0xC9, 0x7A, 0x2C, 0x9D, 0x69, 0x7B, 0x4C, 0xDF,
    0x76, 0xC9, 0x7A, 0x81, 0xD4, 0x54, 0xBD, 0xED, 0x61, 0x96, 0x76, 0x80, 0x61, 0x01, 0xC8, 0x07,
    0x4C, 0xCC, 0xB9, 0xDA, 0x39, 0x40, 0x6B, 0x03, 0x0E, 0x60, 0xE6, 0x44, 0xD7, 0x9C, 0xCE, 0x6E,
    0x02, 0xA8, 0x44, 0x34, 0x0B, 0x21, 0x9C, 0xFC, 0xB6, 0x94, 0xB6, 0x76, 0x87, 0x92, 0x95, 0x64,
    0x1C, 0x41, 0x9C, 0x0E, 0xE2, 0xE3, 0x9C, 0x41, 0x2F, 0xCB, 0xCE, 0x24, 0x2D, 0x57, 0xCC, 0x9B,
    0xBF, 0x96, 0xA3, 0xA5, 0x62, 0x17, 0xBE, 0x84, 0x30, 0xE6, 0xCC, 0x02, 0x78, 0x5B, 0xA1, 0xA1,
    0x05, 0x63, 0x11, 0xF4, 0xE3, 0x39, 0xF5, 0x1F, 0x0F, 0x09, 0xC5, 0x41, 0xDB, 0xAA, 0x3D, 0x23,
    0x75, 0x97, 0xFC, 0xB7, 0x1F, 0x8B, 0x0E, 0x61, 0xBF, 0xB2, 0x53, 0x0B, 0xB7, 0x00, 0x93, 0xBC,
    0x46, 0x8F, 0x70, 0x52, 0xF7, 0x6D, 0x47, 0x5B, 0x8F, 0x19, 0xD5, 0xB3, 0x10, 0xA8, 0x91, 0x60,
    0xF8, 0x37, 0x1D, 0x2C, 0x1B, 0xDB, 0xCE, 0x27, 0xF0, 0x53, 0x8C, 0xB0, 0x40, 0x3B, 0x3C, 0x47,
    0xF0, 0x45, 0x39, 0x42, 0x9A, 0xF9, 0x02, 0xC3, 0x4D, 0x65, 0xCC, 0xED, 0xA7, 0x32, 0x43, 0xED,
    0x67, 0xD8, 0x2C, 0x41, 0xFB, 0xC9, 0xA5, 0x02, 0xC2, 0x1D, 0xB7, 0xCE, 0x80, 0x15, 0xD4, 0x6F,
    0x1E, 0x42, 0x1F, 0x55, 0xE2, 0x1B, 0xBD, 0x61, 0xFE, 0xE6, 0xB9, 0x9F, 0x4C, 0x01, 0xCF, 0x3A,
    0xBD, 0x27, 0xC9, 0x11, 0x62, 0x64, 0x72, 0x35, 0xE8, 0xDD, 0x05, 0x1F, 0x7B, 0xEE, 0x07, 0x5E,
    0x8A, 0x85, 0x72, 0xBD, 0xA1, 0x4F, 0x62, 0x97, 0x63, 0xA8, 0x04, 0xD8, 0x62, 0xF8, 0x8D, 0x7D,
    0xD8, 0x2B, 0x46, 0xF1, 0x13, 0x0B, 0xC4, 0x30, 0x96, 0x82, 0xC9, 0x9A, 0x6E, 0x4C, 0xE4, 0x64,
    0x47, 0xB5, 0xF4, 0x8B, 0x0F, 0xC8, 0x56, 0xF0, 0xA1, 0xDF, 0x34, 0x3E, 0xEF, 0xE6, 0xFA, 0xB5,
    0xEF, 0x7F, 0xFF, 0xCF, 0x8E, 0x50, 0x7E, 0xFB, 0xB9, 0xEA, 0xEF, 0xDF, 0x36, 0x1B, 0xFC, 0xB8,
    0xA3, 0x39, 0x77, 0x2B, 0x72, 0xE2, 0x23, 0xC1, 0x9E, 0x2C, 0xA5, 0x39, 0x98, 0x7A, 0x0D, 0x7A,
    0x3F, 0x3D, 0x44, 0xA7, 0x95, 0x58, 0xD7, 0x27, 0x3E, 0x1F, 0xD3, 0x25, 0x99, 0xA0, 0x9E, 0x39,
    0x1E, 0xC8, 0x0B, 0xDC, 0x20, 0x86, 0xD2, 0x68, 0xF4, 0x2D, 0xD0, 0xC3, 0x73, 0x9A, 0x46, 0x33,
    0x66, 0x54, 0x2A, 0x56, 0xC8, 0x68, 0x8C, 0x1B, 0x6F, 0xB4, 0x42, 0x41, 0x60, 0x1F, 0x20, 0x30,
    0xC8, 0x2F, 0x6A, 0x57, 0xDE, 0xE1, 0xA2, 0x8C, 0xB5, 0xFE, 0x5E, 0xBA, 0x06, 0x54, 0x03, 0xBA,
    0xDB, 0x10, 0x89, 0x17, 0x53, 0xFE, 0xE2, 0xF1, 0x10, 0x03, 0xFA, 0xFC, 0xDF, 0x8D, 0xE9, 0x90,
    0xFD, 0x8B, 0xBF, 0x89, 0xE4, 0xB3, 0x44, 0xE6, 0x30, 0x15, 0xD5, 0x5D, 0x58, 0xC4, 0x64, 0x11,
    0xBC, 0x70, 0x3B, 0x85, 0x65, 0xAE, 0x66, 0x7A, 0x3B, 0x99, 0x93, 0x25, 0x1A, 0x1F, 0x64, 0xE0,
    0x34, 0x1E, 0x5D, 0x3E, 0x65, 0xC8, 0x62, 0x79, 0x9B, 0xB3, 0xCE, 0xE5, 0x73, 0x31, 0x17, 0x95,
    0xCB, 0x57, 0xEF, 0x1E, 0x1A, 0x97, 0xFB, 0xCF, 0xC0, 0xF4, 0x87, 0xA9, 0x7F, 0x13, 0x4C, 0xDD,
    0x8D, 0xFE, 0xC1, 0xFC, 0xD3, 0xCE, 0x16, 0xF3, 0x62, 0xB3, 0xFB, 0x89, 0x18, 0xBB, 0x26, 0x98,
    0xF1, 0xE4, 0x1E, 0xD8, 0xF9, 0xE5, 0xB6, 0x27, 0x8D, 0x12, 0x00, 0x07, 0x5F, 0x61, 0x12, 0x6E,
    0x24, 0x15, 0x38, 0x1A, 0x13, 0x23, 0x93, 0x31, 0x14, 0x98, 0xAF, 0x32, 0x28, 0x98, 0xD7, 0xE5,
    0xF9, 0x37, 0x64, 0x94, 0x1F, 0xC8, 0xCB, 0x06, 0xD2, 0xA4, 0xA3, 0xCC, 0x12, 0xA2, 0xF4, 0xE6,
    0xC6, 0x42, 0x1C, 0xA0, 0x15, 0x4D, 0xF3, 0xB6, 0xE8, 0x48, 0x1A, 0x91, 0x56, 0xF0, 0xAE, 0xDA,
    0x3B, 0x48, 0x9C, 0xC9, 0xB0, 0x17, 0x47, 0xCA, 0xBA, 0x61, 0x74, 0x19, 0x23, 0xD5, 0xC2, 0xE8,
    0x91, 0x3B, 0x86, 0x8A, 0x40, 0x8B, 0x99, 0xBE, 0x50, 0xCE, 0x09, 0x53, 0xBD, 0x49, 0x79, 0x5C,
    0x40, 0x4E, 0x3D, 0x0B, 0xF8, 0x61, 0x12, 0x37, 0x10, 0xED, 0xDA, 0x9E, 0x6B, 0x29, 0x26, 0x5E,
    0xA4, 0x11, 0x02, 0x24, 0x15, 0xDC, 0x00, 0xDE, 0x31, 0x39, 0xEC, 0x46, 0x49, 0x3C, 0x13, 0x8D,
    0x2F, 0x43, 0x5A, 0x27, 0x90, 0x23, 0xE7, 0xB9, 0xBF, 0xD9, 0x1A, 0xD5, 0x16, 0xD2, 0xB2, 0xE5,
    0x78, 0x50, 0xE2, 0xFD, 0x29, 0x58, 0x93, 0x68, 0x9D, 0x44, 0xA7, 0x88, 0x60, 0x25, 0x5F, 0x61,
    0xCD, 0x55, 0x34, 0x7C, 0xAB, 0x02, 0x06, 0x18, 0x09, 0x44, 0x23, 0x03, 0x23, 0xD1, 0x35, 0x23,
    0x58, 0x3C, 0x55, 0x26, 0xA8, 0x5D, 0x04, 0x95, 0x80, 0xAB, 0x7B, 0xA2, 0x94, 0xE4, 0xFA, 0x1A,
    0xE5, 0xB0, 0xD0, 0xE0, 0x20, 0x65, 0x44, 0x2B, 0x62, 0xF7, 0xCC, 0xE5, 0x31, 0x57, 0xA9, 0x0F,
    0xF4, 0x6C, 0xC7, 0xC5, 0x02, 0x2D, 0x34, 0x0C, 0x14, 0xBA, 0x14, 0x26, 0x73, 0x3C, 0x77, 0x31,
    0x92, 0xB6, 0x74, 0xFB, 0x48, 0x6F, 0x6C, 0x0A, 0xD2, 0x28, 0x28, 0x8D, 0x9B, 0x3E, 0xC4, 0xA4,
    0x86, 0xD2, 0x78, 0x1A, 0x78, 0x20, 0x0C, 0x2A, 0xE3, 0x05, 0x0C, 0x58, 0x6A, 0x44, 0xD4, 0x6D,
    0xF4, 0xF4, 0x5C, 0x04, 0x29, 0x93, 0xBE, 0x29, 0x27, 0x1D, 0x59, 0xE8, 0x58, 0xA5, 0xC9, 0xB5,
    0x68, 0x3B, 0x5C, 0x17, 0xA5, 0xFF, 0xFA, 0xFE, 0xEB, 0x26, 0x78, 0x8D, 0xE8, 0x4C, 0x8D, 0x44,
    0x44, 0x8F, 0x86, 0xA5, 0x00, 0x80, 0x2C, 0xF0, 0x30, 0x92, 0x07, 0xEA, 0x22, 0x84, 0xC6, 0x40,
    0xC9, 0x43, 0xF5, 0x3C, 0x0F, 0xF6, 0xFF, 0xC2, 0xC3, 0xEB, 0x17, 0x79, 0x60, 0x76, 0xD0, 0xED,
    0x09, 0x98, 0xB4, 0xCC, 0x87, 0x38, 0x67, 0x2B, 0xBA, 0x59, 0x45, 0xB4, 0x59, 0x45, 0x85, 0xD0,
    0xBF, 0x59, 0x45, 0x2F, 0xAB, 0x68, 0x36, 0xAB, 0xB0, 0x9B, 0x55, 0xE4, 0x17, 0xAD, 0x62, 0xB3,
    0x8D, 0xF8, 0xBD, 0xF7, 0xEE, 0x59, 0x40, 0xBD, 0xEF, 0xED, 0x18, 0xBD, 0xBF, 0x56, 0x9B, 0xA2,
    0x26, 0xA9, 0x6E, 0xE6, 0x60, 0x6A, 0x72, 0xD2, 0xE6, 0x46, 0x46, 0x11, 0x2B, 0xAB, 0xA0, 0xF1,
    0xD4, 0x92, 0xC3, 0x35, 0x41, 0xA0, 0xF7, 0x73, 0x70, 0x95, 0xA9, 0x85, 0xBB, 0xE7, 0xAB, 0xD6,
    0xC5, 0x33, 0xBA, 0x09, 0xB1, 0x79, 0x23, 0x1B, 0x98, 0x37, 0x0F, 0x80, 0xC8, 0x5B, 0xB0, 0x0E,
    0x19, 0x46, 0xF0, 0x19, 0x62, 0x54, 0x90, 0x33, 0x8D, 0xC1, 0x9E, 0xDF, 0xB0, 0x27, 0x66, 0x43,
    0xC1, 0x48, 0x54, 0x7F, 0xF7, 0x12, 0x0F, 0xDE, 0x94, 0x0F, 0x6E, 0x09, 0x41, 0xBE, 0x63, 0xB2,
    0x67, 0xC1, 0x0A, 0xF8, 0x90, 0xAC, 0xBC, 0x72, 0x3F, 0xCC, 0xBF, 0x8A, 0xA1, 0x43, 0x1A, 0x59,
    0x04, 0x26, 0xB8, 0xB7, 0xF3, 0x34, 0x72, 0xAB, 0xB8, 0xB4, 0x42, 0x7F, 0x48, 0x25, 0xA3, 0x6D,
    0x8D, 0x64, 0x4B, 0x25, 0x5B, 0xA5, 0x5A, 0x3E, 0xCC, 0x3E, 0x85, 0x4C, 0x35, 0x44, 0x3F, 0x91,
    0x3D, 0x5F, 0xBB, 0x98, 0x8A, 0x48, 0xE8, 0xF2, 0x35, 0xB9, 0x9D, 0x88, 0x42, 0xA5, 0x20, 0xAD,
    0xED, 0x76, 0x85, 0xFB, 0xEE, 0x62, 0x7E, 0xA5, 0xE4, 0x30, 0xDE, 0x33, 0x8A, 0xE2, 0x13, 0xB2,
    0xEA, 0xE5, 0x8F, 0xD5, 0x16, 0x77, 0x8D, 0x4A, 0xFE, 0x26, 0xDC, 0x2A, 0x03, 0x77, 0x61, 0x41,
    0x87, 0x75, 0x8B, 0xB0, 0xFC, 0x1D, 0x81, 0x01, 0x3B, 0x13, 0x34, 0x43, 0x4E, 0x5E, 0x4E, 0x45,
    0xF0, 0xFE, 0x07, 0xBA, 0xFD, 0x97, 0x6C, 0xC2, 0x9E, 0x29, 0x8E, 0x05, 0x8B, 0x34, 0xED, 0x59,
    0xE0, 0xE0, 0xF3, 0x8D, 0x25, 0x2E, 0x89, 0x1B, 0xC5, 0x0F, 0x51, 0xD0, 0x72, 0xE8, 0x99, 0xC2,
    0xD3, 0x8A, 0xC9, 0x2A, 0xE0, 0x2B, 0x55, 0x3A, 0x02, 0x1E, 0xA6, 0xC0, 0xCA, 0x74, 0x90, 0xCF,
    0xBC, 0x27, 0xB4, 0xCB, 0xB1, 0x54, 0xDC, 0x8B, 0xA4, 0x72, 0x48, 0x8A, 0xDA, 0xFE, 0x82, 0x54,
    0x26, 0x26, 0xE8, 0x23, 0x71, 0x61, 0xC4, 0xE2, 0xE9, 0xC8, 0xA5, 0x2F, 0xF4, 0x39, 0x60, 0xFE,
    0x2C, 0x01, 0x88, 0x46, 0x34, 0x1D, 0xEE, 0x23, 0x52, 0xB2, 0xD3, 0x87, 0x80, 0x91, 0x84, 0x79,
    0xA6, 0x10, 0x9E, 0x99, 0x2B, 0xE7, 0xFC, 0x10, 0x2B, 0x61, 0xC7, 0x87, 0xE4, 0x33, 0x67, 0xEE,
    0x2A, 0x85, 0x7C, 0xE2, 0x0C, 0xD3, 0x46, 0x93, 0xBE, 0xBB, 0xC4, 0xBF, 0xA4, 0x9C, 0xB3, 0xB7,
    0xD6, 0xE4, 0xB1, 0x12, 0x9D, 0xCC, 0x67, 0xEF, 0xE8, 0x03, 0xE2, 0x74, 0xB2, 0x7D, 0x38, 0x55,
    0x9A, 0x7D, 0x3D, 0xF1, 0x0F, 0xA4, 0xFB, 0xD7, 0x91, 0x6D, 0xE8, 0xC3, 0x09, 0x96, 0xD7, 0x96,
    0x4F, 0xC0, 0xB8, 0x76, 0x7C, 0x9B, 0x95, 0x8F, 0x53, 0x5E, 0xEC, 0x83, 0xD1, 0xFB, 0xEE, 0x43,
    0x3A, 0x1E, 0x3F, 0xDC, 0x49, 0x54, 0xC4, 0x8B, 0x1D, 0x60, 0x20, 0x6B, 0x89, 0x9E, 0xC9, 0xFB,
    0x57, 0xE6, 0x50, 0x0A, 0xA8, 0xF5, 0xD2, 0x31, 0x33, 0xE1, 0x46, 0x55, 0xFC, 0x8F, 0xD4, 0xEA,
    0xF5, 0x1A, 0x89, 0x02, 0x12, 0x10, 0xEB, 0x78, 0x3B, 0x29, 0xD6, 0x04, 0x1B, 0x3E, 0xC9, 0x3D,
    0xDB, 0x49, 0x77, 0x52, 0xFF, 0x0E, 0x6E, 0xF7, 0x13, 0xFF, 0x51, 0xC7, 0x06, 0x8A, 0x7F, 0xD6,
    0x30, 0xC8, 0xA9, 0x65, 0x33, 0x62, 0x01, 0x23, 0xCC, 0xC7, 0x2D, 0x66, 0x9A, 0xAD, 0x42, 0x86,
    0xAC, 0xB3, 0xFF, 0xC4, 0x38, 0xE5, 0x9B, 0x58, 0x0A, 0x6C, 0x4C, 0x80, 0x8D, 0x90, 0xC0, 0x52,
    0xB3, 0xC8, 0x0A, 0xD9, 0xC3, 0x18, 0x63, 0x1F, 0x1C, 0x71, 0x8B, 0x62, 0xB2, 0x81, 0x9E, 0x9B,
    0x6E, 0x07, 0xAA, 0xB7, 0x1D, 0x4A, 0x51, 0x1A, 0x8C, 0x1F, 0xA8, 0x66, 0x50, 0x79, 0x32, 0x28,
    0x0D, 0x89, 0xFA, 0x21, 0x4D, 0x84, 0x2A, 0x78, 0xDC, 0x2A, 0xFA, 0x14, 0xF3, 0x86, 0x0E, 0x35,
    0xBF, 0xFA, 0x0E, 0xD7, 0x55, 0xB4, 0x81, 0x9F, 0xDD, 0x0B, 0xE0, 0xAF, 0xBF, 0x04, 0xCB, 0x2A,
    0x2E, 0x85, 0x63, 0xB2, 0x54, 0x88, 0x96, 0x33, 0x3D, 0x17, 0x18, 0x47, 0x24, 0x64, 0x3A, 0x4B,
    0xF8, 0x5D, 0xC9, 0x39, 0x93, 0xBF, 0x56, 0x41, 0xAD, 0x0D, 0x41, 0xAD, 0x37, 0xBF, 0x1B, 0xF0,
    0x5E, 0x92, 0x86, 0x3D, 0x48, 0xA3, 0xE1, 0xF8, 0x63, 0x69, 0xE4, 0xBF, 0x4D, 0x1A, 0xE6, 0x48,
    0x1A, 0x8D, 0xA8, 0xF0, 0x76, 0x15, 0xF6, 0x3A, 0x3A, 0x3B, 0x45, 0xA4, 0x48, 0x1B, 0xFB, 0x67,
    0x21, 0x7C, 0x4C, 0xA1, 0x76, 0xDA, 0x0B, 0x48, 0x93, 0x84, 0xCF, 0x62, 0x37, 0xF2, 0xC3, 0xB5,
    0x20, 0x2C, 0xC5, 0x9B, 0x45, 0x29, 0x55, 0x08, 0x5B, 0x93, 0x39, 0x84, 0x4E, 0x56, 0x1C, 0x0C,
    0xDF, 0xDD, 0x26, 0xB7, 0x4D, 0x7A, 0x8A, 0xC8, 0xE5, 0x14, 0x24, 0x56, 0xB8, 0x3D, 0x01, 0xB0,
    0x82, 0xFA, 0x5A, 0xB0, 0xD0, 0x0E, 0x02, 0xCA, 0x9D, 0x79, 0xCE, 0xD9, 0xD1, 0x9D, 0x51, 0xD8,
    0x3B, 0xD6, 0xDD, 0x98, 0x29, 0x16, 0xC5, 0x76, 0x20, 0x73, 0x48, 0x2F, 0xF1, 0x23, 0x80, 0x13,
    0x7C, 0x81, 0x91, 0xA7, 0x4A, 0x47, 0x21, 0xA6, 0xBE, 0x66, 0x6D, 0x60, 0x1B, 0x56, 0x61, 0x55,
    0xCA, 0xA0, 0x89, 0x2D, 0x7F, 0x2D, 0x54, 0x2B, 0x09, 0xD7, 0x4C, 0xA8, 0xE6, 0x28, 0x44, 0x4A,
    0xAE, 0x5B, 0x86, 0x36, 0x23, 0xB7, 0x2E, 0x55, 0xA0, 0x76, 0x78, 0x9B, 0xEA, 0x7E, 0x48, 0xDE,
    0xD9, 0xA9, 0x34, 0x2C, 0x5D, 0x80, 0x9E, 0xAD, 0x72, 0x27, 0xA6, 0xE1, 0x4F, 0x95, 0xF2, 0xC1,
    0x6A, 0x0A, 0xE5, 0x0D, 0x65, 0x03, 0x91, 0x63, 0x35, 0x70, 0x8D, 0xE5, 0x48, 0x4F, 0xA1, 0xED,
    0x53, 0xF3, 0x2A, 0xF8, 0x7D, 0xF5, 0x58, 0xE7, 0x72, 0xF2, 0x8D, 0xCA, 0xCF, 0x03, 0xC0, 0x1F,
    0x85, 0xD3, 0x40, 0x8B, 0x2B, 0x42, 0xAB, 0xD9, 0x0A, 0xE4, 0x8D, 0xC2, 0x74, 0x52, 0x46, 0x49,
    0xD4, 0x71, 0x63, 0xC8, 0xD5, 0x98, 0x4A, 0x7E, 0x5B, 0xAE, 0x77, 0x22, 0x8C, 0xBC, 0xA3, 0x89,
    0x1F, 0x68, 0x32, 0xC5, 0x5D, 0x76, 0x3D, 0x9D, 0x9C, 0x55, 0xF9, 0x19, 0xA6, 0x44, 0x4D, 0x43,
    0xE3, 0x18, 0xE4, 0x1B, 0x3D, 0xFB, 0x82, 0xF0, 0x74, 0xD0, 0xAC, 0x53, 0xF6, 0xD5, 0x70, 0xA4,
    0x65, 0xC5, 0x1F, 0x2D, 0x6A, 0x4A, 0xCC, 0x64, 0x5C, 0xD6, 0xDD, 0xAE, 0xC1, 0x7C, 0x33, 0x3F,
    0x80, 0x87, 0xDC, 0xF7, 0x5C, 0x77, 0x16, 0x0F, 0xF2, 0x3D, 0x80, 0x00, 0x36, 0x9A, 0x28, 0x8C,
    0x66, 0x8D, 0xD4, 0xC6, 0xAD, 0x37, 0xD7, 0x29, 0x92, 0xEE, 0x44, 0x2E, 0x71, 0x5F, 0xEE, 0x41,
    0x80, 0xF6, 0x3F, 0x57, 0x4C, 0xF8, 0x44, 0xA8, 0xFA, 0x4C, 0xDD, 0xA4, 0x2F, 0x14, 0x41, 0x24,
    0x1F, 0xEB, 0x2E, 0x25, 0x9E, 0xFD, 0x21, 0x97, 0x6F, 0xFD, 0x84, 0x10, 0xC1, 0xEC, 0x7A, 0xF4,
    0x08, 0x31, 0xA8, 0x10, 0x2A, 0x86, 0xAD, 0x8A, 0x55, 0x1D, 0xE3, 0x16, 0x6D, 0xDE, 0x41, 0x2E,
    0xE0, 0x0C, 0xF3, 0x9C, 0x90, 0xB7, 0xDA, 0x01, 0x34, 0x71, 0x87, 0x19, 0xD3, 0x33, 0xA2, 0x67,
    0x8B, 0xB8, 0x4D, 0x3E, 0x5A, 0xC5, 0x2F, 0xEE, 0x29, 0x39, 0xCE, 0xDF, 0xF0, 0xE2, 0x19, 0xB0,
    0xFC, 0x0D, 0xDE, 0xBF, 0x95, 0xF8, 0x13, 0x72, 0x7F, 0x67, 0xBB, 0x4F, 0x2C, 0x05, 0x19, 0x17,
    0x54, 0x3C, 0xC0, 0x12, 0xA3, 0x10, 0x1E, 0xBA, 0x68, 0x0F, 0xBB, 0x21, 0xEE, 0x85, 0x56, 0x0F,
    0x2B, 0xF9, 0xB0, 0x1B, 0xEF, 0xCA, 0x3D, 0xAF, 0xE0, 0x32, 0xF7, 0xD2, 0x81, 0xB3, 0x77, 0x99,
    0x22, 0x49, 0xA7, 0x70, 0xEA, 0x07, 0xF5, 0x3D, 0xDA, 0x31, 0xEC, 0xF9, 0x57, 0x43, 0x78, 0x50,
    0x80, 0xA2, 0x1E, 0xCC, 0x16, 0x05, 0x8D, 0x04, 0x2E, 0xCB, 0xA8, 0xC2, 0x10, 0x55, 0xFE, 0x3F,
    0x0B, 0x70, 0x33, 0x2A, 0xD2, 0xA6, 0x9D, 0xAA, 0x9A, 0xDC, 0xD4, 0x93, 0x6A, 0x4B, 0xD9, 0x53,
    0xB0, 0x07, 0x0B, 0x38, 0x64, 0x19, 0xE9, 0x13, 0xDE, 0x5A, 0x0A, 0xAF, 0x81, 0x36, 0x51, 0xD7,
    0xC2, 0x63, 0xAE, 0x09, 0x49, 0x25, 0x91, 0x26, 0x63, 0xE3, 0xAB, 0xCB, 0xB5, 0x3B, 0x65, 0x96,
    0xC3, 0x6D, 0xB1, 0xA7, 0x30, 0xFB, 0x4B, 0xB5, 0xA7, 0xCF, 0x1A, 0xE1, 0xD8, 0x0B, 0xEC, 0x79,
    0xFE, 0x0D, 0x05, 0x84, 0xFA, 0x4D, 0xB4, 0xAE, 0x66, 0xCB, 0xC5, 0xD5, 0x7C, 0x66, 0x73, 0x4B,
    0x25, 0xC4, 0x44, 0xC6, 0x13, 0x9D, 0x94, 0x24, 0x43, 0xCC, 0xFC, 0xA9, 0x0A, 0xCE, 0x93, 0x5F,
    0x30, 0x0E, 0x6D, 0x31, 0xC8, 0x3F, 0x09, 0x3D, 0x74, 0x0D, 0x29, 0xF5, 0xA5, 0x36, 0x8E, 0xE7,
    0xA3, 0xEF, 0x51, 0xCE, 0x09, 0xF3, 0x4E, 0x03, 0xA1, 0x83, 0xCD, 0x5C, 0xF5, 0x42, 0xDE, 0x99,
    0x10, 0xF5, 0x7D, 0xE8, 0x7D, 0xBF, 0xFC, 0x5E, 0xA3, 0x12, 0xB9, 0xFC, 0x75, 0x75, 0xE8, 0x5A,
    0x1F, 0x3A, 0xD7, 0xC7, 0xDD, 0x6B, 0xF5, 0x8F, 0x2F, 0xF4, 0x90, 0xF7, 0x8B, 0xBD, 0x64, 0x56,
    0xA2, 0x7B, 0x3F, 0x79, 0x6F, 0x82, 0xB3, 0x17, 0x7F, 0x69, 0x4A, 0x56, 0xEB, 0xB8, 0xFE, 0x0A,
    0x13, 0xB6, 0x78, 0xD5, 0x78, 0xD9, 0x0A, 0xAF, 0x06, 0xAF, 0xCE, 0x76, 0x25, 0x5E, 0x05, 0x5E,
    0x79, 0x8F, 0xD7, 0xA0, 0xD7, 0x98, 0xE1, 0x95, 0xE2, 0x95, 0x4C, 0x78, 0xCD, 0xC9, 0x0C, 0x73,
    0x1E, 0xC3, 0x41, 0x4A, 0xF9, 0xA2, 0x55, 0xAA, 0x17, 0x36, 0xBE, 0x8F, 0x98, 0x9E, 0xAF, 0x60,
    0xFA, 0x78, 0xCA, 0x3F, 0x52, 0x6F, 0xAE, 0x31, 0x7F, 0xF2, 0xDE, 0xD6, 0xBC, 0x64, 0xBD, 0x5C,
    0x33, 0xB8, 0xB3, 0x7F, 0xD2, 0x42, 0x63, 0xB6, 0xC9, 0xC7, 0x02, 0x5C, 0xE7, 0x23, 0xA0, 0x78,
    0xAE, 0x4D, 0x3C, 0xFF, 0x81, 0x31, 0xA1, 0xE4, 0x66, 0xDD, 0x7B, 0x4E, 0x4A, 0x53, 0x77, 0x75,
    0x67, 0xB1, 0xA1, 0x74, 0x8C, 0xA6, 0xAD, 0xD1, 0x23, 0xC5, 0xC1, 0xE4, 0x63, 0x22, 0x4D, 0xDE,
    0xAB, 0x26, 0xF5, 0xEC, 0x2A, 0xB0, 0xA7, 0x8A, 0x58, 0x90, 0xA2, 0x38, 0xAE, 0x72, 0x06, 0xE0,
    0x62, 0x54, 0x5C, 0x43, 0xA0, 0xB2, 0x23, 0x7B, 0x7D, 0x23, 0x1B, 0x6F, 0x63, 0xE9, 0x6E, 0xD8,
    0xD5, 0x3B, 0xA4, 0x8D, 0x9F, 0xF9, 0xBE, 0xF4, 0x30, 0xE5, 0x6C, 0x56, 0x4F, 0x9A, 0x76, 0x71,
    0x6B, 0xEF, 0xF9, 0x15, 0x21, 0x73, 0x53, 0xDC, 0xAD, 0x36, 0x54, 0xDE, 0x08, 0xE4, 0x90, 0xAE,
    0x48, 0x68, 0xB2, 0x45, 0x5D, 0xBA, 0x2F, 0x98, 0x96, 0x32, 0x41, 0x74, 0x18, 0xA9, 0xCA, 0xBC,
    0x64, 0xAB, 0x0B, 0x21, 0x9A, 0xEB, 0x26, 0xEC, 0xF5, 0x41, 0x01, 0xF5, 0x80, 0x02, 0xB7, 0x86,
    0x8A, 0x40, 0x50, 0xBD, 0xD9, 0x61, 0xD9, 0xB2, 0xEB, 0x80, 0xF1, 0x91, 0x12, 0xB0, 0xC9, 0xB4,
    0x4F, 0x30, 0x4B, 0xBA, 0x24, 0x4B, 0xE2, 0xE0, 0x1A, 0xDF, 0xBB, 0xD4, 0x79, 0x0E, 0xD7, 0x2B,
    0x70, 0x92, 0x0F, 0xCA, 0x35, 0x1D, 0xE8, 0x1B, 0xA9, 0x5F, 0xF6, 0x5E, 0x85, 0x79, 0xD5, 0x84,
    0x06, 0x50, 0x14, 0xDA, 0xCF, 0x74, 0x28, 0xF5, 0x29, 0xD4, 0xB2, 0x28, 0xF7, 0xAC, 0xB7, 0xF4,
    0x57, 0x49, 0xAF, 0x49, 0x24, 0x3D, 0xF2, 0x7E, 0x49, 0x7A, 0xE9, 0x95, 0xD2, 0x1B, 0x4A, 0xFF,
    0x16, 0xA5, 0x97, 0x28, 0x68, 0x0E, 0xEA, 0xDA, 0xB7, 0x9F, 0x60, 0x03, 0x31, 0x37, 0xB0, 0xE4,
    0x2E, 0x71, 0xC5, 0x94, 0x4F, 0xE5, 0x68, 0x7B, 0xFB, 0x9F, 0x5E, 0xDB, 0xB5, 0xCB, 0x85, 0x0D,
    0x2C, 0x97, 0x36, 0x10, 0xC2, 0x61, 0xA1, 0x6E, 0x8B, 0xBD, 0xA5, 0xB0, 0x4B, 0x2B, 0x8B, 0xD7,
    0xA8, 0xD9, 0xD3, 0x0E, 0xB5, 0xC9, 0xB5, 0xC9, 0x0D, 0x3D, 0x22, 0xC5, 0x9D, 0x44, 0x99, 0x46,
    0xD8, 0x6D, 0xD8, 0xE9, 0x46, 0x8F, 0xDA, 0x0F, 0xC3, 0x39, 0xAD, 0xFB, 0xBD, 0xC7, 0xBB, 0xD3,
    0x2D, 0x21, 0x6B, 0x2E, 0xD0, 0x6A, 0xEF, 0x99, 0x87, 0xE6, 0x63, 0x60, 0xE1, 0x25, 0x35, 0x5C,
    0xED, 0x5B, 0x5C, 0xAA, 0x7E, 0x32, 0x1C, 0x70, 0x35, 0xA0, 0x98, 0xD9, 0x8E, 0x9C, 0x90, 0xAC,
    0x74, 0x3C, 0xA1, 0xC4, 0xDC, 0xE5, 0xBF, 0x2D, 0xCC, 0x6D, 0x3A, 0xE6, 0x06, 0x6D, 0xA3, 0x96,
    0x59, 0x45, 0xA0, 0x50, 0x0D, 0x6D, 0x78, 0x64, 0xC6, 0x05, 0x69, 0x07, 0xF6, 0x5F, 0x55, 0xA8,
    0x68, 0xFF, 0x2D, 0x57, 0x8F, 0x35, 0xA7, 0x16, 0x64, 0x68, 0xFD, 0x7B, 0x51, 0xAF, 0xED, 0xAA,
    0x54, 0xA4, 0x16, 0xB3, 0xEE, 0xCF, 0xBD, 0xDA, 0x91, 0xD8, 0x52, 0x2D, 0x17, 0xC4, 0xE4, 0x75,
    0x65, 0xDA, 0xA7, 0xD7, 0x64, 0x64, 0xB4, 0xB2, 0x74, 0x6B, 0x70, 0x7D, 0x93, 0x89, 0xAD, 0xCE,
    0x53, 0x95, 0xD8, 0x0C, 0xBB, 0x20, 0x2E, 0xD5, 0x84, 0x2D, 0xAA, 0xDB, 0xB7, 0xE0, 0x51, 0xDE,
    0x32, 0xE1, 0x5E, 0x49, 0xBA, 0x0B, 0x47, 0x2B, 0x5D, 0xE6, 0x94, 0x76, 0xD1, 0x58, 0x1C, 0x5B,
    0xB7, 0x33, 0x2D, 0x66, 0xC2, 0x57, 0x25, 0xEC, 0xE4, 0xEB, 0xC8, 0x7C, 0xDD, 0x6D, 0x10, 0x14,
    0x67, 0x50, 0x71, 0x53, 0x0F, 0x6C, 0x43, 0x97, 0x0D, 0x8B, 0x2C, 0x76, 0x99, 0x8E, 0x7B, 0xAD,
    0xD7, 0x28, 0xDC, 0xDA, 0x13, 0xE8, 0xE0, 0x0C, 0x99, 0x2A, 0xF6, 0x90, 0x84, 0xB2, 0x2D, 0xAF,
    0x14, 0x84, 0xEF, 0xCF, 0xBB, 0xFA, 0x17, 0x5D, 0xAB, 0xF0, 0xAC, 0x83, 0x4F, 0xB5, 0x1F, 0xFB,
    0x90, 0x4D, 0xB7, 0x87, 0xF6, 0xE3, 0xC5, 0x69, 0x91, 0xFA, 0x85, 0xD6, 0x75, 0xBD, 0x1D, 0xEA,
    0x64, 0xEE, 0x7F, 0x7F, 0xB0, 0x73, 0x38, 0xDC, 0xA9, 0x64, 0x01, 0xCC, 0x76, 0xA9, 0x06, 0x9A,
    0x23, 0xCF, 0x26, 0x42, 0x7F, 0xF9, 0x07, 0x9B, 0x99, 0xA5, 0x17, 0xC4, 0x79, 0xA9, 0x98, 0xA4,
    0x38, 0x53, 0x88, 0xB3, 0x29, 0x79, 0x48, 0xC5, 0x8E, 0x1C, 0xC3, 0x8C, 0x47, 0x4C, 0x4E, 0x56,
    0xFB, 0x14, 0x58, 0xB2, 0x6C, 0xED, 0x5B, 0x1D, 0x49, 0xE5, 0x0B, 0xAB, 0x8B, 0x99, 0x89, 0xF1,
    0xC4, 0xAE, 0xD5, 0x58, 0x73, 0xFB, 0x3A, 0xDB, 0x2F, 0x75, 0x6E, 0x40, 0x71, 0xD2, 0x4F, 0xAE,
    0x61, 0xB6, 0x0E, 0x30, 0x95, 0x31, 0xA3, 0x68, 0x62, 0x36, 0xBF, 0x4D, 0x78, 0xA7, 0xEA, 0x55,
    0x1F, 0xA4, 0x58, 0x48, 0x90, 0x9B, 0x14, 0x07, 0x6E, 0xB0, 0xFD, 0x79, 0xD7, 0x7E, 0x5A, 0xC1,
    0x8E, 0xDA, 0x79, 0xCB, 0x95, 0xF4, 0x73, 0x0B, 0xA8, 0x5F, 0x23, 0x6F, 0x2D, 0xFC, 0x1B, 0x2C,
    0x74, 0x6B, 0xFF, 0x13, 0x3F, 0x14, 0xFE, 0x0C, 0xDA, 0x1F, 0x32, 0xA4, 0x02, 0x03, 0x4B, 0x8B,
    0x98, 0xB9, 0xAE, 0x54, 0xCE, 0x42, 0x53, 0xB7, 0x82, 0x7D, 0x48, 0xEC, 0x6E, 0x4A, 0x97, 0x98,
    0xB5, 0x55, 0xE6, 0x04, 0x1C, 0xFA, 0x16, 0xFC, 0xBA, 0x64, 0xFD, 0xBD, 0x7A, 0xC8, 0xE7, 0x6C,
    0x39, 0x69, 0xFB, 0x62, 0x46, 0x14, 0x42, 0xEE, 0x3E, 0x65, 0x34, 0x27, 0xA1, 0xCB, 0xF9, 0xDA,
    0x85, 0x57, 0x82, 0x51, 0x33, 0x77, 0x3E, 0x43, 0x56, 0xE1, 0x6F, 0xB2, 0x41, 0x49, 0x34, 0x3F,
    0x37, 0x31, 0xAE, 0xC5, 0x95, 0x76, 0x3C, 0xCA, 0xC3, 0x59, 0xCA, 0x37, 0xEB, 0xA1, 0x98, 0xC7,
    0x16, 0x78, 0x8E, 0x69, 0x4B, 0x72, 0x95, 0xA9, 0x71, 0x30, 0x10, 0x4D, 0x58, 0x09, 0x3D, 0x66,
    0xBB, 0x13, 0xCA, 0x64, 0x51, 0xD3, 0xA9, 0xF0, 0x50, 0xDD, 0xC1, 0xE4, 0x1D, 0x6C, 0x44, 0xAC,
    0x82, 0xC4, 0xFC, 0x85, 0x88, 0x01, 0x3B, 0xE3, 0x71, 0x55, 0x3E, 0x43, 0x62, 0xA9, 0xEA, 0xD8,
    0x76, 0x3A, 0x37, 0xAF, 0x5B, 0xB1, 0x72, 0xDE, 0xD2, 0x87, 0xA8, 0xC5, 0x94, 0xE0, 0x19, 0x94,
    0x96, 0xF9, 0xE8, 0xA8, 0xBE, 0x69, 0x54, 0x24, 0x54, 0x60, 0x9C, 0x56, 0x84, 0xC8, 0xC0, 0x96,
    0x2D, 0xA3, 0x02, 0x29, 0x9B, 0x50, 0x63, 0xA6, 0x36, 0x10, 0xDB, 0xD3, 0xED, 0xD8, 0x9A, 0xAD,
    0x89, 0x61, 0xB6, 0x74, 0xA7, 0x11, 0x00, 0x55, 0xE7, 0x00, 0x74, 0x89, 0x96, 0xC1, 0xEA, 0x04,
    0x19, 0x7B, 0x74, 0x3C, 0x1B, 0xC2, 0xD9, 0x17, 0xF0, 0xBD, 0x3F, 0x8F, 0x8E, 0x3C, 0x08, 0x44,
    0x74, 0xA4, 0xDF, 0x72, 0xAF, 0x3B, 0xBE, 0x1F, 0x08, 0xCF, 0xC4, 0xD8, 0x45, 0xB0, 0x73, 0xBD,
    0x1D, 0x2C, 0x96, 0xFE, 0x5D, 0x87, 0x90, 0x9F, 0x1F, 0xC7, 0x91, 0xF3, 0xEE, 0x89, 0xDD, 0xF1,
    0x43, 0xCD, 0xDA, 0xDC, 0x6F, 0x87, 0x2E, 0x7F, 0x93, 0x8E, 0xAF, 0xAD, 0xE5, 0xDC, 0x2E, 0xB5,
    0xAB, 0x9D, 0x9F, 0xB3, 0xF5, 0x93, 0x91, 0xF6, 0x9D, 0x87, 0x26, 0x5D, 0xE8, 0x85, 0x5D, 0xD5,
    0x07, 0x3B, 0xEF, 0x81, 0x19, 0x35, 0xD0, 0x7C, 0x0B, 0x9E, 0x6D, 0x9F, 0xBA, 0x62, 0xC8, 0x5C,
    0xDA, 0x30, 0x52, 0xA6, 0xCA, 0x89, 0xC7, 0x50, 0x8E, 0x59, 0x35, 0x22, 0xD9, 0x0E, 0xA9, 0xDA,
    0x9B, 0xB8, 0x1E, 0x61, 0x17, 0x1F, 0xAD, 0x3A, 0x03, 0xE5, 0x38, 0xF3, 0x72, 0x43, 0x30, 0xB4,
    0x0D, 0x93, 0x1B, 0x86, 0x9F, 0x05, 0x29, 0x2C, 0x54, 0x0B, 0x13, 0x38, 0x80, 0x4C, 0x71, 0x0C,
    0x32, 0xF5, 0x73, 0x20, 0x03, 0x0C, 0xA9, 0x18, 0xD0, 0xBB, 0x9A, 0x26, 0x55, 0xAF, 0x42, 0xBF,
    0x88, 0x07, 0xCB, 0x07, 0xAB, 0xDC, 0x4C, 0x53, 0x56, 0x19, 0xD0, 0xEF, 0x60, 0x95, 0x0E, 0xDB,
    0xB2, 0xF3, 0x9F, 0xD6, 0x67, 0xFE, 0xCB, 0xB1, 0xF6, 0x4F, 0x60, 0x68, 0x2B, 0xD8, 0x2D, 0x06,
    0x24, 0x10, 0x28, 0x98, 0x4A, 0x78, 0x2E, 0xA0, 0xA4, 0xA0, 0x43, 0x21, 0x80, 0xB4, 0xDD, 0x1F,
    0xC2, 0x08, 0x59, 0xD1, 0x5B, 0x16, 0xF4, 0x25, 0xE5, 0x70, 0x42, 0xC2, 0xE6, 0xC1, 0x23, 0x76,
    0x26, 0x1F, 0xD3, 0x44, 0x3E, 0xE6, 0xC1, 0xDA, 0x7F, 0xEC, 0x89, 0xAD, 0x3D, 0x1C, 0xF8, 0xB1,
    0xAD, 0x8B, 0x49, 0xBF, 0x52, 0x65, 0xF0, 0x55, 0x28, 0xBE, 0x18, 0x31, 0x71, 0x39, 0x94, 0x93,
    0xE5, 0x59, 0x79, 0x39, 0x62, 0xF2, 0x7A, 0xCC, 0x79, 0x72, 0xEE, 0x47, 0x24, 0x65, 0xFE, 0x91,
    0xE7, 0x7F, 0xE8, 0xF8, 0xC7, 0xF8, 0x0D, 0xCB, 0x7D, 0xF4, 0xC5, 0x88, 0x05, 0xDB, 0x27, 0xE5,
    0x84, 0x25, 0xDB, 0x7F, 0x2E, 0x26, 0xF6, 0x45, 0x5D, 0xF1, 0x6B, 0x6A, 0x66, 0x56, 0xEF, 0x8A,
    0x60, 0x2E, 0x8D, 0x2B, 0x7B, 0xB7, 0x9D, 0x6C, 0xC2, 0x56, 0xD9, 0x70, 0x74, 0xC2, 0xF6, 0x90,
    0xF5, 0x28, 0x33, 0x6C, 0x56, 0x7E, 0xC0, 0xA7, 0x25, 0x6F, 0x9B, 0xE4, 0x47, 0xEB, 0x89, 0xA5,
    0xB5, 0xFE, 0x34, 0x34, 0x0A, 0xCE, 0x43, 0x6D, 0x08, 0xBB, 0xF5, 0x85, 0x63, 0x96, 0x2F, 0xC6,
    0x97, 0x4C, 0xF9, 0xE6, 0xBB, 0xF3, 0xEB, 0xC6, 0x7E, 0x96, 0xAF, 0xF7, 0x4D, 0xBD, 0x30, 0x69,
    0xE5, 0x94, 0xF0, 0xA6, 0x21, 0x52, 0x6F, 0x72, 0xE2, 0x7F, 0x57, 0xB0, 0xB1, 0xDF, 0x51, 0x4B,
    0x4C, 0xCB, 0x99, 0xBC, 0x98, 0x1F, 0xAD, 0x74, 0xB0, 0x74, 0xA5, 0x83, 0x25, 0xAB, 0x72, 0x56,
    0x9F, 0x28, 0x31, 0xA0, 0x83, 0xC5, 0x9E, 0x07, 0x7E, 0xA0, 0xCA, 0xEA, 0x42, 0x11, 0x75, 0x57,
    0x54, 0xFF, 0x12, 0xA4, 0xDC, 0x61, 0xCB, 0x41, 0x36, 0xAE, 0xB4, 0xA5, 0x53, 0xB3, 0x9F, 0xC0,
    0x96, 0x37, 0xD5, 0x2E, 0xFC, 0x38, 0xD4, 0x94, 0x1A, 0x11, 0x4A, 0x97, 0x0B, 0x02, 0x38, 0xAD,
    0x50, 0x30, 0xA3, 0xE2, 0xE6, 0xB9, 0xE9, 0xA7, 0xFA, 0x47, 0xAA, 0x70, 0x9A, 0x99, 0x76, 0xEF,
    0x23, 0xFB, 0x6E, 0x52, 0xA0, 0x43, 0x75, 0x9D, 0xE7, 0x67, 0xF7, 0x7F, 0x1F, 0x7C, 0xF5, 0x6C,
    0xDC, 0xD3, 0x3A, 0x4F, 0x20, 0x47, 0xF8, 0x78, 0x89, 0xC1, 0x6B, 0x6B, 0xF2, 0x96, 0xFD, 0x38,
    0xDA, 0xF0, 0x5D, 0xFE, 0x83, 0xD4, 0x2B, 0xC1, 0xFB, 0xDB, 0x4E, 0x21, 0x42, 0x6E, 0xD3, 0x87,
    0x08, 0xB4, 0x07, 0xA9, 0xBA, 0x3B, 0xCE, 0xE6, 0x79, 0xCA, 0x06, 0x1C, 0xB9, 0xB6, 0x9C, 0xC7,
    0x34, 0x61, 0xE1, 0xF6, 0x6F, 0x2F, 0xB1, 0x7B, 0xEE, 0x7F, 0x6F, 0xB6, 0x31, 0x9C, 0x56, 0xD7,
    0x18, 0x6A, 0x48, 0xE2, 0x4D, 0xFB, 0x5B, 0x7F, 0xC2, 0xA3, 0x4B, 0x00, 0xA3, 0x68, 0xBB, 0xF8,
    0x68, 0xB2, 0x15, 0x0F, 0x87, 0x2A, 0x67, 0x08, 0x67, 0xD7, 0xBC, 0xA7, 0x73, 0x18, 0xC7, 0x67,
    0x8A, 0x70, 0x34, 0x28, 0x79, 0x1F, 0xFD, 0xF3, 0x4D, 0x15, 0xD0, 0x6F, 0xBB, 0x82, 0x6E, 0xC3,
    0x09, 0xA7, 0x0F, 0xB9, 0xE0, 0x0D, 0x04, 0x8B, 0xB7, 0x4B, 0x3F, 0x39, 0x8B, 0xB8, 0x79, 0x8A,
    0x62, 0xFB, 0x5B, 0xE0, 0xFF, 0x7F, 0x00, 0xCD, 0x5A, 0xBF, 0x93, 0xE4, 0xC6, 0x75, 0x7E, 0x40,
    0xD3, 0x87, 0x12, 0x21, 0x11, 0x17, 0xCA, 0xA6, 0x74, 0x60, 0xA8, 0x52, 0x9D, 0x0F, 0x0E, 0x37,
    0x98, 0xDD, 0x06, 0xA5, 0x80, 0x81, 0x02, 0x29, 0x76, 0x62, 0x67, 0x76, 0xC6, 0xC4, 0xC1, 0x05,
    0x2B, 0x02, 0x55, 0x0C, 0x18, 0x38, 0x20, 0xFF, 0x03, 0x33, 0x50, 0xE0, 0x72, 0xE2, 0x0B, 0x2E,
    0x60, 0xB0, 0x77, 0x80, 0x74, 0x01, 0x03, 0x05, 0xC4, 0x89, 0x81, 0x42, 0x81, 0x96, 0xAB, 0x14,
    0x28, 0x60, 0xD3, 0x44, 0x49, 0xA0, 0xD8, 0x40, 0xFB, 0xFB, 0x5E, 0x63, 0x66, 0x76, 0xF7, 0x4E,
    0x89, 0xCA, 0xEB, 0xDA, 0xA9, 0xC1, 0xC3, 0xEE, 0x00, 0xE8, 0x7E, 0xFD, 0x7E, 0x7C, 0xEF, 0x47,
    0x43, 0x8A, 0x41, 0xAC, 0x93, 0xC6, 0x91, 0x96, 0xBD, 0xC4, 0xCF, 0xB7, 0x45, 0x4E, 0xF5, 0xFB,
    0x44, 0x64, 0x91, 0x74, 0x11, 0xB3, 0x48, 0xB6, 0x48, 0x81, 0xAF, 0x97, 0xCA, 0x8B, 0xD5, 0x6F,
    0x03, 0x3A, 0x49, 0x35, 0xE0, 0x81, 0x62, 0x3B, 0xEE, 0x89, 0x24, 0x5D, 0x2D, 0x65, 0x70, 0xD2,
    0x5D, 0xF8, 0x74, 0xD9, 0xAD, 0xD9, 0xFC, 0x30, 0x14, 0xEE, 0x71, 0x28, 0x9D, 0x3B, 0xB7, 0x23,
    0xA6, 0x19, 0x70, 0x3C, 0x1F, 0xA5, 0xF9, 0x15, 0x8E, 0xDF, 0x0E, 0xD2, 0x7C, 0xD9, 0x3F, 0xB2,
    0xE1, 0xD9, 0x68, 0x43, 0xE8, 0x8B, 0x10, 0x24, 0x0B, 0xB3, 0x48, 0xD7, 0xC6, 0xE1, 0x4A, 0x1C,
    0x0F, 0x70, 0xA4, 0xE1, 0xBF, 0x45, 0xAA, 0xB0, 0xE2, 0xCA, 0xD4, 0xD4, 0x12, 0xFA, 0xA6, 0x4F,
    0x43, 0x6F, 0x41, 0x5A, 0x25, 0x55, 0x9D, 0x04, 0xF2, 0xAE, 0xA4, 0x21, 0xB1, 0x20, 0x79, 0x08,
    0xA3, 0x60, 0xCC, 0x21, 0xFE, 0x2B, 0x0D, 0x97, 0x86, 0x31, 0xC4, 0xCC, 0x64, 0x97, 0x7C, 0x37,
    0x21, 0x78, 0xE9, 0x48, 0x42, 0xC0, 0xC4, 0x20, 0x93, 0x9C, 0x73, 0x6E, 0xDC, 0x66, 0xDB, 0x0E,
    0x37, 0xD4, 0xD5, 0xBF, 0x2D, 0x58, 0x7C, 0xC0, 0x8A, 0x8C, 0x2F, 0x47, 0x31, 0xCE, 0x38, 0xC9,
    0x86, 0xD4, 0x49, 0xDE, 0x27, 0x53, 0xFC, 0x4B, 0x7F, 0xD3, 0xAB, 0x7A, 0x9F, 0x3E, 0xA1, 0xCF,
    0xEA, 0x28, 0x3A, 0xDE, 0xF7, 0xFF, 0xE3, 0xC3, 0xEF, 0xFF, 0xCC, 0x06, 0xD7, 0xCD, 0x55, 0xF8,
    0xE0, 0xED, 0xD1, 0xAC, 0x58, 0x9B, 0x09, 0x10, 0x71, 0x1A, 0xE4, 0x42, 0x92, 0x50, 0x3B, 0x70,
    0xFF, 0x2E, 0x58, 0xEA, 0x3E, 0x06, 0xAB, 0xCD, 0x27, 0x5C, 0xC2, 0xCA, 0x35, 0x83, 0x2B, 0x4B,
    0xAE, 0xA8, 0x9F, 0x48, 0x1A, 0xCE, 0xD1, 0x71, 0x6D, 0xD2, 0x1D, 0x16, 0x4D, 0x62, 0xC3, 0x42,
    0xE2, 0xF1, 0xFB, 0xD5, 0x0F, 0xD7, 0x7D, 0xFD, 0xA7, 0xA4, 0x1B, 0x25, 0xFF, 0xDA, 0x4B, 0xF9,
    0x5F, 0x2B, 0xA4, 0x13, 0x70, 0xFC, 0x94, 0x56, 0x20, 0x76, 0xE6, 0x18, 0x60, 0x19, 0x23, 0x56,
    0xC1, 0xA5, 0x4B, 0xF0, 0xB9, 0xB3, 0x4B, 0xE1, 0x8A, 0xB5, 0x74, 0x66, 0xAD, 0x9C, 0x59, 0x2A,
    0x6F, 0x7C, 0x01, 0xA5, 0x42, 0xBE, 0xAD, 0x51, 0x75, 0x2D, 0xE4, 0x54, 0xB0, 0xFA, 0xDA, 0xA6,
    0xA1, 0xEE, 0x5A, 0x1C, 0x3F, 0xC7, 0x90, 0x1F, 0x63, 0x95, 0xB8, 0x9E, 0x85, 0x56, 0x8A, 0xBE,
    0xAA, 0xED, 0xD8, 0xF4, 0xD6, 0x75, 0xBD, 0x1D, 0xBB, 0xBE, 0x6C, 0xAD, 0xF0, 0xA1, 0x96, 0xCA,
    0xE5, 0x18, 0xE5, 0x04, 0x49, 0x50, 0x6A, 0x65, 0x9F, 0xE0, 0x5F, 0x33, 0x9A, 0x31, 0x0F, 0x89,
    0x2B, 0xDA, 0x26, 0xF4, 0x73, 0x99, 0x84, 0x1F, 0xF6, 0xE7, 0x67, 0xC6, 0x9B, 0x7E, 0xB7, 0xCB,
    0x5D, 0xDA, 0x9E, 0xEE, 0x0A, 0xF0, 0x7A, 0x7A, 0x5E, 0x40, 0x08, 0xA7, 0x17, 0x54, 0x65, 0xA4,
    0x3B, 0xFC, 0x72, 0x47, 0xCE, 0xCF, 0x73, 0x57, 0xC8, 0x47, 0x3B, 0xB3, 0x94, 0xE2, 0xCE, 0x92,
    0x10, 0xCC, 0x58, 0xD6, 0xD5, 0x9C, 0xF7, 0x05, 0xA4, 0x54, 0xD5, 0x66, 0xA2, 0x55, 0x4B, 0xA8,
    0xCB, 0x49, 0x25, 0xAC, 0x3C, 0xCC, 0x9B, 0xE9, 0x97, 0xE0, 0xE2, 0xF1, 0x2A, 0xA6, 0x5F, 0x24,
    0x6F, 0x21, 0x9E, 0x04, 0x46, 0x9E, 0x42, 0x07, 0x78, 0xA8, 0x81, 0x96, 0x9B, 0xFF, 0xFC, 0xB2,
    0xB6, 0x7F, 0xC4, 0xBA, 0x7E, 0x81, 0x67, 0xE5, 0x0D, 0xF9, 0x89, 0x24, 0x13, 0x6D, 0x61, 0xC4,
    0xD0, 0xB6, 0x6D, 0x24, 0x59, 0x53, 0x2F, 0xF9, 0x5C, 0xD0, 0xD0, 0x61, 0x88, 0x4D, 0x1B, 0x68,
    0x90, 0x98, 0xA2, 0x1A, 0x61, 0x83, 0xF9, 0x84, 0x0B, 0xA9, 0xA7, 0xFD, 0x35, 0x64, 0x41, 0xA5,
    0x90, 0xC9, 0xAB, 0x71, 0x6A, 0x58, 0xDF, 0xBA, 0x3F, 0xF0, 0xEF, 0xD3, 0x97, 0x1C, 0xFF, 0x0C,
    0x2F, 0x89, 0x5F, 0xA9, 0x66, 0x4C, 0x5D, 0x4A, 0xD6, 0x9A, 0xFE, 0x35, 0xEB, 0xC6, 0xFB, 0x0F,
    0x1E, 0xBA, 0xDD, 0xDF, 0x3E, 0x7E, 0x74, 0x62, 0x87, 0x47, 0x27, 0xA7, 0xE3, 0xA3, 0x93, 0x9D,
    0x73, 0xBB, 0x8B, 0x69, 0xBC, 0xFF, 0xEF, 0xFF, 0xD4, 0x17, 0x92, 0xC3, 0x50, 0x61, 0x87, 0xD0,
    0x39, 0x6C, 0xD0, 0x06, 0x78, 0xDB, 0x90, 0xAE, 0xD0, 0x71, 0x5B, 0x65, 0xC3, 0x2E, 0x19, 0x77,
    0xE2, 0x40, 0xF1, 0x37, 0xB4, 0x8E, 0xDF, 0x85, 0x72, 0x7A, 0xC9, 0x01, 0xC6, 0xFC, 0xFE, 0x78,
    0xE9, 0x3D, 0x72, 0x58, 0xC8, 0xF1, 0xBE, 0x6E, 0x34, 0x9F, 0xCE, 0xF9, 0x73, 0x5F, 0xFC, 0xDC,
    0xE7, 0xEF, 0x7A, 0xC9, 0x14, 0x66, 0xDE, 0x01, 0xEF, 0x90, 0x2F, 0xA4, 0x3F, 0x81, 0xA1, 0x86,
    0x06, 0x3D, 0x9A, 0xDF, 0xFA, 0x6C, 0xF0, 0x59, 0xBF, 0x24, 0xE2, 0x05, 0x22, 0xCF, 0x47, 0xE2,
    0x00, 0x04, 0x66, 0xE6, 0x33, 0x33, 0x43, 0x01, 0x55, 0x09, 0x93, 0xA8, 0xCD, 0x58, 0x40, 0x8A,
    0x95, 0xB3, 0xBD, 0x85, 0xE7, 0xD0, 0x29, 0x24, 0xF9, 0x99, 0xFC, 0x3D, 0xAC, 0x76, 0x82, 0x43,
    0xC1, 0x43, 0x32, 0x7A, 0x9D, 0xCB, 0xE9, 0x0B, 0x0E, 0x70, 0x25, 0xCD, 0x48, 0xDA, 0x0D, 0x05,
    0x2D, 0xB5, 0xA7, 0xCE, 0x43, 0x5F, 0xD1, 0xDD, 0x5A, 0x7B, 0xA4, 0x30, 0x4E, 0x78, 0x21, 0xEE,
    0x82, 0x29, 0xFC, 0x00, 0x88, 0x61, 0xC0, 0xFB, 0xEF, 0x49, 0x3B, 0x42, 0xD2, 0x0A, 0xB4, 0xCB,
    0xFF, 0x30, 0xC3, 0xDA, 0x0A, 0xAA, 0x9D, 0x4C, 0xD1, 0x54, 0x94, 0xDA, 0xCB, 0x74, 0x94, 0xE3,
    0x27, 0xE9, 0xA8, 0xA6, 0x32, 0x90, 0x86, 0x15, 0x0F, 0x9A, 0xB0, 0xE0, 0x91, 0x22, 0x78, 0xCC,
    0x5E, 0x05, 0x8F, 0x47, 0xE0, 0xAC, 0x78, 0xA4, 0x01, 0x1D, 0xE0, 0xD1, 0x73, 0x43, 0x11, 0x4F,
    0x1D, 0xA9, 0x8B, 0x14, 0x86, 0xD3, 0x29, 0x85, 0xCE, 0x42, 0x0D, 0xFA, 0x5C, 0x5D, 0xF3, 0x57,
    0xA0, 0x26, 0x3C, 0x0B, 0x44, 0xB0, 0x67, 0xB4, 0x95, 0xE4, 0xDD, 0x85, 0x53, 0x66, 0x9E, 0x34,
    0xBF, 0x44, 0x8B, 0x48, 0xD5, 0xBA, 0x23, 0xEF, 0x91, 0xEB, 0xBF, 0xF9, 0x10, 0x77, 0x8C, 0x76,
    0xB2, 0x73, 0x33, 0x5B, 0x57, 0x0E, 0x49, 0x6F, 0xDA, 0x6C, 0x84, 0xB1, 0x9F, 0xDF, 0x5D, 0x1A,
    0x5F, 0x8D, 0x72, 0x87, 0x08, 0x9B, 0x42, 0x01, 0x0D, 0x58, 0x00, 0xE4, 0x0A, 0xBF, 0x2B, 0xEC,
    0x5B, 0xC3, 0x81, 0xE7, 0xF7, 0xF5, 0xB5, 0xEE, 0xB0, 0xB6, 0x66, 0x34, 0x5F, 0xCC, 0x45, 0xEF,
    0xCB, 0x76, 0xB1, 0xF5, 0x62, 0xC5, 0xF3, 0x9B, 0x42, 0x61, 0xAE, 0x7A, 0xBF, 0xA7, 0x32, 0x94,
    0x33, 0x1A, 0x79, 0xD1, 0x17, 0xAD, 0x98, 0x29, 0x77, 0x92, 0x2C, 0x86, 0x3A, 0xA9, 0xA9, 0x30,
    0xA0, 0x82, 0x50, 0xA1, 0x02, 0xA7, 0x1D, 0x05, 0x8A, 0x85, 0x2C, 0xE0, 0x36, 0xEA, 0x26, 0xF0,
    0xAB, 0x01, 0x1E, 0x0B, 0x2F, 0xB9, 0x90, 0x39, 0xFA, 0x9B, 0x80, 0x35, 0x8E, 0x68, 0x08, 0x79,
    0x35, 0xD4, 0xD5, 0x4A, 0x42, 0x28, 0xAC, 0xC5, 0x0C, 0x0A, 0x20, 0x98, 0x83, 0xBC, 0x12, 0x5F,
    0x02, 0x9F, 0x53, 0xB6, 0xB1, 0xF4, 0x04, 0x7C, 0xE3, 0xC6, 0x94, 0xA6, 0xFB, 0x6A, 0x8B, 0xF9,
    0x2B, 0xA9, 0x7A, 0x9C, 0x7E, 0x0A, 0xAB, 0xC0, 0x52, 0xE6, 0x24, 0xB4, 0x5D, 0x78, 0xE6, 0x32,
    0x8C, 0x04, 0x6C, 0xBF, 0x67, 0x35, 0xFE, 0x9C, 0x30, 0x68, 0x9C, 0x89, 0x23, 0x86, 0x02, 0x7D,
    0xB0, 0x9A, 0xD4, 0x65, 0xC4, 0xDE, 0xAC, 0xCF, 0x19, 0x59, 0x8A, 0x5A, 0x20, 0x34, 0xDC, 0xC1,
    0x71, 0x19, 0x3A, 0x60, 0xB8, 0x72, 0x37, 0xAE, 0xF9, 0xFF, 0x80, 0x4F, 0xA1, 0x9C, 0x2B, 0x3C,
    0x4B, 0x3E, 0x8B, 0x1F, 0x8F, 0xE4, 0xB3, 0x7A, 0xCB, 0x91, 0x4F, 0x0B, 0x4F, 0x02, 0x9F, 0x0F,
    0x68, 0x8B, 0xA5, 0x68, 0xEC, 0x3E, 0x8B, 0x31, 0xCE, 0x0B, 0x11, 0x34, 0x65, 0x98, 0x82, 0xE0,
    0x7B, 0x8D, 0xA0, 0xE0, 0xB3, 0x03, 0xBB, 0x67, 0x74, 0xCE, 0x1E, 0x7C, 0x26, 0x3C, 0x6D, 0x7C,
    0x76, 0x6A, 0xB5, 0x70, 0x3F, 0x72, 0x9E, 0x3D, 0xC7, 0xE9, 0x21, 0x06, 0xC6, 0x69, 0x12, 0xBA,
    0xA2, 0x32, 0x33, 0x2B, 0x33, 0x70, 0xC9, 0x8A, 0xEC, 0xB6, 0x10, 0x9A, 0x7A, 0xC1, 0xAC, 0xD1,
    0xD4, 0xB8, 0xF4, 0xC3, 0x53, 0x03, 0x7C, 0x45, 0xA4, 0xC8, 0x26, 0x40, 0xAD, 0x83, 0xAB, 0x9E,
    0xC1, 0x30, 0xE0, 0xAE, 0x3E, 0xF9, 0x7C, 0x50, 0xA1, 0xBD, 0xDF, 0x93, 0x99, 0xD7, 0xC8, 0x67,
    0xD1, 0xEE, 0x2A, 0xC6, 0x2B, 0x71, 0x16, 0x32, 0xB8, 0x48, 0x18, 0x00, 0x12, 0x97, 0x32, 0xCC,
    0x51, 0x36, 0x4D, 0x94, 0x4D, 0x17, 0xE3, 0x3F, 0x60, 0xEF, 0x95, 0xCD, 0xA3, 0x80, 0xBF, 0x6A,
    0xD0, 0x7A, 0x60, 0xEA, 0x6C, 0x73, 0xB7, 0x04, 0x1A, 0x33, 0x3A, 0x7C, 0x94, 0x03, 0xF8, 0xC3,
    0xCC, 0x58, 0x30, 0x84, 0x0F, 0x29, 0x42, 0x5B, 0xD5, 0xBA, 0xC5, 0xCE, 0xFE, 0x01, 0x86, 0xEF,
    0x5A, 0x5B, 0xC3, 0xEF, 0xE1, 0x45, 0x05, 0x42, 0x66, 0xC2, 0x48, 0xAA, 0x33, 0x22, 0x1A, 0xA8,
    0x73, 0x54, 0xD1, 0x81, 0x42, 0x94, 0x8E, 0x6A, 0x31, 0xEB, 0xE5, 0xDA, 0xA7, 0xD2, 0x5F, 0xEC,
    0x70, 0x94, 0x60, 0x70, 0x9A, 0xAA, 0x90, 0x9A, 0x8E, 0x34, 0xD7, 0xE1, 0x5E, 0x23, 0xE4, 0xC8,
    0xFD, 0x92, 0xB2, 0x3A, 0x51, 0x4F, 0x7C, 0xA4, 0x5E, 0xA9, 0xB0, 0x64, 0x7A, 0xFA, 0x29, 0x70,
    0x66, 0xA1, 0x5F, 0x13, 0xF7, 0xEF, 0x09, 0x7D, 0x66, 0xC7, 0xEC, 0x00, 0x7A, 0x20, 0x75, 0xA4,
    0x09, 0x69, 0xDD, 0x04, 0xA2, 0x05, 0x16, 0xD6, 0x05, 0xE5, 0xB1, 0x6A, 0x0F, 0x2C, 0xAA, 0x9D,
    0x61, 0x8C, 0x23, 0x0E, 0x9D, 0xCA, 0x6D, 0xE4, 0xD9, 0xB8, 0x23, 0x22, 0x35, 0x44, 0xAD, 0x64,
    0xA1, 0xD1, 0x66, 0xA3, 0x06, 0x11, 0x49, 0xFB, 0xDB, 0x28, 0x67, 0xFD, 0x34, 0xF2, 0x88, 0xF3,
    0x7E, 0xE6, 0x74, 0x20, 0x30, 0x94, 0xBF, 0xC7, 0xDC, 0xE1, 0x55, 0x59, 0x6F, 0xA1, 0x9C, 0xB3,
    0x31, 0x1F, 0x08, 0xF9, 0x84, 0x7B, 0x45, 0x57, 0xC9, 0x87, 0xE2, 0x36, 0xCA, 0x36, 0x9F, 0x8E,
    0x2E, 0x77, 0x4A, 0xA8, 0x92, 0x87, 0xF7, 0x48, 0x77, 0x6A, 0xBE, 0xD6, 0x1F, 0xE3, 0xED, 0x6D,
    0xE3, 0xBC, 0xDB, 0x12, 0x35, 0x9C, 0x38, 0x80, 0x82, 0x0D, 0xCF, 0xF9, 0xE7, 0xB3, 0xF0, 0x7A,
    0x81, 0xEA, 0x88, 0xE7, 0x53, 0x20, 0x0F, 0xCF, 0x17, 0x31, 0x49, 0x10, 0xD7, 0xB8, 0xD7, 0x78,
    0xFB, 0xD0, 0x8C, 0x5C, 0x6F, 0xDE, 0x77, 0xE3, 0xA9, 0x06, 0x9B, 0xA0, 0xC3, 0x9E, 0x6E, 0xE7,
    0x0B, 0xE4, 0x29, 0x08, 0x28, 0x09, 0x13, 0x88, 0x87, 0xCA, 0x65, 0x68, 0xEF, 0x32, 0x88, 0x82,
    0x13, 0xBD, 0x1D, 0x7C, 0x01, 0xE4, 0x4F, 0x79, 0x36, 0x84, 0xE2, 0x2C, 0x00, 0xA0, 0x53, 0xE4,
    0x55, 0xC8, 0xEC, 0x06, 0xF0, 0x4A, 0xBE, 0xFA, 0x2E, 0x24, 0x7A, 0x16, 0x79, 0x9D, 0x38, 0x97,
    0x2A, 0xCB, 0x45, 0x78, 0xB3, 0x63, 0xC2, 0xC4, 0xE0, 0x83, 0x4B, 0x96, 0x8B, 0x03, 0xC5, 0x00,
    0x88, 0x10, 0x85, 0xA6, 0x12, 0x65, 0xC4, 0x17, 0x75, 0x53, 0x3B, 0xBD, 0x90, 0xE8, 0x5C, 0xA6,
    0xF1, 0x2A, 0x21, 0x9C, 0x6A, 0x04, 0x2B, 0x18, 0x81, 0x45, 0x52, 0xA8, 0x11, 0xE9, 0x51, 0xBA,
    0xA1, 0x2E, 0x62, 0x0D, 0x03, 0x5D, 0xDD, 0x09, 0x5F, 0xC9, 0x56, 0x29, 0x8A, 0x7C, 0x4B, 0xA9,
    0xAD, 0x15, 0x6B, 0x07, 0x39, 0x40, 0xC3, 0x5B, 0xAA, 0x42, 0x05, 0xE5, 0x84, 0xFE, 0x25, 0xA9,
    0x4E, 0x60, 0xD6, 0x18, 0x4D, 0x15, 0xF1, 0xF4, 0xAA, 0xA8, 0x6A, 0x45, 0x3E, 0xBA, 0x66, 0x1B,
    0x5C, 0x6F, 0xAD, 0x14, 0x53, 0xAD, 0x5C, 0x23, 0x18, 0xB2, 0x1A, 0x36, 0x22, 0x3D, 0x3B, 0x2E,
    0x2F, 0xAB, 0xB9, 0x80, 0xA2, 0xD6, 0x64, 0x51, 0x94, 0xCF, 0x58, 0x16, 0xAA, 0x5D, 0x3D, 0x50,
    0x4A, 0xE5, 0x84, 0xE1, 0xDB, 0xFB, 0x52, 0x8B, 0x14, 0x8B, 0x0D, 0xAC, 0x53, 0x18, 0x99, 0x99,
    0xD8, 0xD5, 0x2C, 0x0D, 0xC2, 0x56, 0x98, 0x45, 0xE6, 0x2E, 0xE3, 0x9C, 0x9D, 0x0F, 0x4C, 0xC7,
    0x65, 0x64, 0xED, 0xAD, 0xE4, 0x99, 0x25, 0x06, 0xAE, 0xD7, 0x1A, 0xFD, 0xF8, 0x5C, 0xF5, 0x4B,
    0xAE, 0xE2, 0x09, 0xD3, 0x12, 0x19, 0xE1, 0x16, 0xB7, 0x8F, 0xE7, 0x27, 0x74, 0xAD, 0x24, 0x50,
    0xAC, 0xA9, 0x52, 0xF1, 0xC9, 0x7C, 0xFB, 0xF8, 0x64, 0x49, 0x1B, 0xC8, 0x22, 0x9E, 0x20, 0x3A,
    0xE5, 0xD1, 0xC3, 0x2F, 0xF1, 0xC8, 0xEE, 0x03, 0x6A, 0xA3, 0x55, 0xB9, 0x3B, 0xA4, 0x39, 0xE4,
    0x8B, 0x4E, 0x58, 0x6D, 0x1D, 0x80, 0xFD, 0xD1, 0x8C, 0x11, 0xF7, 0xE8, 0x55, 0x1C, 0x13, 0x07,
    0x5B, 0x20, 0xCC, 0x32, 0xE9, 0xCB, 0x0D, 0x86, 0xEB, 0xB4, 0xA6, 0xA5, 0xF3, 0x70, 0x20, 0x02,
    0x29, 0x7B, 0x18, 0xAB, 0x68, 0x8E, 0x75, 0xE3, 0xF3, 0xDA, 0xE8, 0xBD, 0x19, 0x6E, 0x2C, 0x7F,
    0xED, 0x50, 0xF0, 0x79, 0x20, 0xE9, 0xFD, 0x1B, 0x9F, 0xB7, 0x44, 0xCD, 0x6E, 0x3F, 0x85, 0x92,
    0x9F, 0x2D, 0x52, 0xBD, 0x39, 0x5F, 0xB3, 0x83, 0x9B, 0x99, 0x13, 0x1A, 0xFE, 0x40, 0x29, 0xC7,
    0x5C, 0x5F, 0xC7, 0x25, 0x8C, 0xCE, 0xDA, 0xC0, 0xB3, 0xA3, 0x42, 0x2B, 0x9B, 0x39, 0x07, 0xB0,
    0xB1, 0x8A, 0x7F, 0x4C, 0xFA, 0x23, 0x2F, 0x21, 0xE8, 0xB8, 0x72, 0xA3, 0x9C, 0xAF, 0xF2, 0x5A,
    0xA3, 0xCF, 0x7C, 0x1C, 0x37, 0x60, 0x36, 0xFC, 0x0B, 0xCB, 0xD2, 0x2F, 0x26, 0xC5, 0xDC, 0x25,
    0xC0, 0x35, 0xBC, 0x19, 0xA2, 0x7D, 0xB1, 0x3C, 0x64, 0x6F, 0xEC, 0x58, 0x74, 0x2E, 0x09, 0x6D,
    0x32, 0x0B, 0xEF, 0xC5, 0x6C, 0x50, 0x7D, 0xF9, 0x41, 0xA9, 0x59, 0xE1, 0xF7, 0xD2, 0xF9, 0x85,
    0x8C, 0x10, 0x91, 0x06, 0xA5, 0xA5, 0x80, 0x75, 0x4B, 0x4D, 0x05, 0xF9, 0xAB, 0x99, 0x8F, 0xB5,
    0x32, 0xC5, 0x16, 0x10, 0xB3, 0x07, 0x5C, 0x67, 0x8D, 0x11, 0x1C, 0x00, 0x5E, 0x1E, 0x34, 0x73,
    0xCA, 0xA6, 0x8B, 0xF5, 0x3C, 0xED, 0xCA, 0x95, 0xD6, 0xB4, 0x2B, 0x02, 0xF3, 0xEF, 0xF3, 0x2C,
    0xBC, 0x8B, 0xD3, 0x47, 0x26, 0xB0, 0x89, 0x35, 0x49, 0xF8, 0x7D, 0xCB, 0xF8, 0xA9, 0x4C, 0x38,
    0xED, 0x2A, 0x31, 0x44, 0xD0, 0x0D, 0x46, 0x4D, 0x54, 0x51, 0x59, 0xE4, 0xAB, 0x9E, 0xCC, 0xC2,
    0x70, 0xDA, 0xB2, 0x86, 0xE2, 0xA2, 0xE8, 0x1C, 0xC9, 0x9F, 0x45, 0xFD, 0xF9, 0x3A, 0xEA, 0xEF,
    0xDB, 0x48, 0xE4, 0x79, 0x61, 0xE1, 0xDF, 0x38, 0x36, 0x93, 0x58, 0x77, 0xF7, 0x46, 0xFF, 0x60,
    0x64, 0xEB, 0x06, 0x2A, 0xBD, 0x1B, 0xA9, 0xEE, 0x6E, 0xAC, 0x94, 0x12, 0x98, 0xC3, 0xC8, 0x08,
    0x06, 0xCA, 0x3E, 0xC0, 0x00, 0x0A, 0x51, 0x5B, 0x06, 0x2E, 0x52, 0xC8, 0xDC, 0x32, 0x94, 0xA9,
    0xBA, 0x16, 0xCE, 0x0D, 0x1D, 0x46, 0xC5, 0x9A, 0xF0, 0x03, 0xCE, 0x1B, 0x63, 0xFF, 0xEB, 0x34,
    0x81, 0x43, 0xAC, 0x8A, 0x55, 0xF7, 0x0B, 0xA8, 0x6F, 0x3E, 0xB8, 0x95, 0x3C, 0x6B, 0x5F, 0x34,
    0x79, 0x09, 0xEA, 0xCF, 0xD7, 0x50, 0xFF, 0x16, 0xF1, 0xAC, 0x9F, 0x7C, 0x64, 0x1E, 0x65, 0x97,
    0x07, 0x0A, 0xD1, 0x94, 0xF9, 0xD4, 0x51, 0xFE, 0x43, 0x39, 0xDC, 0x42, 0x9E, 0x9F, 0xC6, 0x48,
    0xC5, 0xD9, 0x63, 0xBC, 0x42, 0xB2, 0xE8, 0x6F, 0x1D, 0x9F, 0xDF, 0x14, 0xF9, 0x47, 0x2B, 0xC9,
    0x6C, 0xFB, 0xCC, 0x17, 0xAE, 0x74, 0xC6, 0x6B, 0x57, 0x2A, 0x06, 0x10, 0x66, 0xD4, 0x8D, 0x67,
    0x4A, 0x2A, 0x99, 0xB7, 0x7D, 0xE9, 0x0A, 0x67, 0x7B, 0xE3, 0x2B, 0x08, 0xFE, 0x95, 0x7D, 0xDB,
    0xE3, 0x2E, 0xAD, 0x68, 0x64, 0xB3, 0x31, 0x2C, 0x7E, 0x83, 0x2A, 0xC2, 0x9D, 0x02, 0x9A, 0x1D,
    0x75, 0x45, 0x2E, 0x61, 0xE7, 0x98, 0xFD, 0xBA, 0xE2, 0xF3, 0x99, 0x8C, 0xFD, 0xC3, 0x0C, 0x20,
    0x58, 0xCA, 0xB9, 0x58, 0xCC, 0x54, 0xCD, 0xC0, 0xC5, 0x81, 0xB4, 0x6A, 0x11, 0x8A, 0xFD, 0x53,
    0x86, 0xE2, 0x75, 0x06, 0xBB, 0x44, 0xA2, 0x30, 0x10, 0x9D, 0x42, 0x9F, 0xB3, 0xB8, 0xAF, 0x33,
    0xCF, 0x7C, 0x1D, 0x23, 0x40, 0x20, 0x65, 0x68, 0x01, 0x96, 0x4D, 0x45, 0xB8, 0xD9, 0xDD, 0xB9,
    0x84, 0x8A, 0x5B, 0xFE, 0xB8, 0x44, 0x24, 0xA9, 0xD5, 0xD8, 0x87, 0x4B, 0xF9, 0xE3, 0xE3, 0xAB,
    0x90, 0x88, 0xE4, 0x3E, 0x0B, 0x33, 0x90, 0x3D, 0x0B, 0x2E, 0x66, 0xC4, 0xEC, 0x04, 0x9C, 0x2A,
    0x62, 0xED, 0x98, 0x40, 0xC8, 0xB9, 0x86, 0x8F, 0x0B, 0x0D, 0x1C, 0xB3, 0x96, 0x2E, 0x93, 0x52,
    0xB7, 0x65, 0xC1, 0xD0, 0x45, 0xAA, 0x1B, 0x2A, 0x40, 0x36, 0x0A, 0x79, 0x60, 0xC8, 0x07, 0x40,
    0x76, 0xDC, 0x34, 0xD0, 0x98, 0xD0, 0xF2, 0x4E, 0xCB, 0x1E, 0x7F, 0xC2, 0x36, 0xB0, 0x76, 0xC0,
    0x33, 0x4D, 0x91, 0xA5, 0x5B, 0x8F, 0xCD, 0x8E, 0x3D, 0xD8, 0x35, 0x93, 0x32, 0x4D, 0x24, 0xC9,
    0x96, 0x97, 0xE5, 0x8F, 0xB7, 0x84, 0xE7, 0x27, 0x31, 0x7F, 0x94, 0x03, 0x92, 0xD8, 0xF7, 0xC9,
    0xF3, 0x92, 0xC6, 0xFC, 0xF1, 0xE4, 0x16, 0xF2, 0xAC, 0xF9, 0x63, 0xCC, 0x1C, 0xD3, 0x55, 0x6D,
    0xE4, 0x7A, 0xFE, 0x78, 0x4B, 0x64, 0x1B, 0x4B, 0xA4, 0x58, 0x72, 0xC5, 0x2A, 0x37, 0x36, 0x7C,
    0x62, 0x6B, 0xB7, 0x7E, 0xC1, 0x1E, 0x0A, 0xB6, 0x33, 0xE7, 0x12, 0x45, 0x58, 0xA8, 0xEF, 0x28,
    0x08, 0x60, 0x46, 0x04, 0xD2, 0xBC, 0x25, 0x2C, 0x14, 0x9A, 0xB7, 0x6A, 0x26, 0x3B, 0x3E, 0xE4,
    0x03, 0x4E, 0xB7, 0x97, 0xBE, 0xE4, 0x24, 0xF6, 0xEB, 0x56, 0xE2, 0x86, 0x8E, 0x6C, 0xC5, 0x60,
    0x71, 0xA9, 0x97, 0x1C, 0x2D, 0xF2, 0xCF, 0x14, 0x86, 0x85, 0xEE, 0xA6, 0x94, 0x4A, 0x35, 0xDF,
    0x12, 0xCD, 0xB8, 0x34, 0xEF, 0x3E, 0x8E, 0xA6, 0x97, 0x0B, 0xC5, 0xBA, 0xD2, 0x97, 0x8B, 0xE6,
    0xDD, 0xE1, 0xD8, 0xC0, 0x67, 0x01, 0x62, 0x9D, 0xA6, 0x58, 0x8E, 0xBF, 0x74, 0xE3, 0x11, 0xFA,
    0x50, 0xD0, 0x4E, 0x9A, 0x6B, 0xF5, 0xDB, 0xF8, 0x5B, 0x89, 0xA8, 0x34, 0xA6, 0x09, 0xCD, 0x56,
    0x9C, 0xCF, 0xFB, 0x36, 0x7C, 0xAC, 0x39, 0xC7, 0x4E, 0x2F, 0xB6, 0xBA, 0x15, 0x18, 0x74, 0x47,
    0x30, 0x5D, 0xF4, 0x64, 0x3C, 0x9B, 0xDC, 0x4C, 0xC9, 0x57, 0x5D, 0x25, 0xF7, 0x87, 0x20, 0x57,
    0xED, 0x08, 0x16, 0x93, 0x8D, 0x48, 0xF1, 0x24, 0xB6, 0x07, 0x75, 0x19, 0xD5, 0x17, 0xB1, 0xCB,
    0xE6, 0x74, 0x3E, 0x9C, 0x54, 0x6A, 0xA3, 0xC6, 0x1E, 0x3B, 0x5A, 0x2E, 0xB2, 0x19, 0xB4, 0x13,
    0xD7, 0xC5, 0x62, 0xBD, 0xFB, 0x45, 0xAD, 0x30, 0xFB, 0xC9, 0xD0, 0xE9, 0xC9, 0xF1, 0xC7, 0xF0,
    0xFE, 0xFF, 0xF0, 0x96, 0xF0, 0x56, 0xD0, 0xB8, 0x20, 0xB1, 0x3C, 0x97, 0x63, 0xD6, 0x43, 0xC6,
    0xF0, 0xF9, 0xEB, 0xD8, 0xD5, 0xB7, 0x3F, 0x52, 0x31, 0x77, 0xBF, 0x89, 0x76, 0xA0, 0x38, 0xB6,
    0xCF, 0x85, 0x22, 0xC4, 0xE9, 0xED, 0x6A, 0xC2, 0xF1, 0xF9, 0xC8, 0xA4, 0xEC, 0x9B, 0x9B, 0xE6,
    0x2A, 0x66, 0x54, 0x7F, 0x18, 0x19, 0x6F, 0x90, 0xA6, 0x0E, 0xDA, 0x02, 0x00, 0x41, 0xD6, 0xDA,
    0xA7, 0x1E, 0x12, 0xCD, 0x66, 0xE8, 0xA0, 0xA0, 0xF0, 0x4B, 0x12, 0x28, 0x63, 0x8D, 0x5B, 0x2A,
    0x20, 0xCC, 0x5C, 0x2B, 0x7F, 0x62, 0xD7, 0xE0, 0x9D, 0x0D, 0xBF, 0x09, 0x43, 0x15, 0x60, 0x61,
    0xF9, 0x9C, 0xFA, 0x83, 0x95, 0x6A, 0xBB, 0x46, 0xBB, 0x2F, 0xDA, 0x88, 0xD4, 0x0D, 0x59, 0xDD,
    0x84, 0xD4, 0x5B, 0xDC, 0xFF, 0x03, 0x1B, 0x7E, 0x2F, 0x04, 0xD5, 0x82, 0xA5, 0xF0, 0x9F, 0x16,
    0x48, 0xDD, 0x27, 0x78, 0x60, 0xDA, 0xCB, 0x78, 0xF3, 0x1C, 0xA8, 0x76, 0xFA, 0x13, 0x62, 0xF7,
    0xE3, 0xE8, 0x04, 0xE9, 0x67, 0x98, 0x23, 0xED, 0x6D, 0x7D, 0xE3, 0x93, 0x7B, 0x98, 0x43, 0x1A,
    0x32, 0x46, 0x5F, 0xDC, 0x68, 0xD6, 0x9C, 0x3B, 0x02, 0xC6, 0xBD, 0xD8, 0x0E, 0xBE, 0x89, 0xC9,
    0xD3, 0x28, 0x76, 0x48, 0xBC, 0xFA, 0x11, 0x14, 0x7F, 0xCA, 0xC2, 0x60, 0x47, 0x62, 0xD9, 0x7E,
    0xD4, 0x4A, 0x24, 0xF3, 0x37, 0xCF, 0x46, 0x35, 0x12, 0xA2, 0x52, 0xEE, 0xA6, 0x82, 0x9D, 0xE7,
    0x00, 0x70, 0x60, 0x2C, 0xB2, 0x10, 0xAB, 0x83, 0xB7, 0x8D, 0x0E, 0x2F, 0xC8, 0x20, 0x66, 0x13,
    0x92, 0x15, 0x26, 0x6B, 0x96, 0x1C, 0xD5, 0x99, 0xCB, 0x7C, 0xC3, 0x4C, 0x25, 0xD7, 0xBD, 0x74,
    0xC7, 0x6D, 0x84, 0x38, 0xDF, 0x2B, 0xCC, 0x42, 0x82, 0xDC, 0x03, 0x50, 0x37, 0xA1, 0xBD, 0x80,
    0x4D, 0x7D, 0xA9, 0x7B, 0xFD, 0xA1, 0x25, 0x16, 0xE1, 0xD1, 0xEA, 0xAB, 0x2D, 0xB1, 0x28, 0x81,
    0x6B, 0xDD, 0x27, 0x1E, 0x0A, 0x58, 0xCC, 0x62, 0x3C, 0x50, 0xF3, 0x27, 0xBA, 0xD1, 0xEC, 0xAE,
    0x56, 0x97, 0x38, 0xEE, 0x02, 0x3F, 0x1F, 0x55, 0x6B, 0x36, 0x12, 0x11, 0xB3, 0xB0, 0xC4, 0x72,
    0x93, 0x39, 0xED, 0x77, 0x36, 0xCF, 0xA5, 0x3B, 0x41, 0x71, 0x49, 0x46, 0x00, 0x1F, 0x62, 0x92,
    0x9E, 0xF7, 0x71, 0x13, 0x4F, 0x3B, 0xBB, 0x73, 0x74, 0x7B, 0xEE, 0x41, 0xE9, 0x9E, 0xCC, 0xBD,
    0x4B, 0xA5, 0x20, 0x00, 0x85, 0xDB, 0xEF, 0xDD, 0xA7, 0xE0, 0x25, 0x25, 0x2F, 0x0B, 0xB0, 0xCD,
    0x97, 0x53, 0x31, 0x71, 0x93, 0xCD, 0x02, 0xC4, 0x58, 0xFA, 0xD9, 0xE5, 0x12, 0x2F, 0xCB, 0x35,
    0x5E, 0x44, 0xF7, 0x7B, 0xA2, 0x07, 0xC7, 0xF7, 0x0C, 0xC0, 0x40, 0x72, 0x78, 0x87, 0xC2, 0x8C,
    0x2F, 0xE4, 0x22, 0x9A, 0xA5, 0x94, 0xFA, 0x56, 0xC0, 0xA7, 0x5E, 0x38, 0xB1, 0x70, 0x66, 0xC2,
    0x2A, 0x52, 0x34, 0xCC, 0x1D, 0x77, 0xF8, 0x38, 0xBB, 0x4E, 0xAF, 0xF3, 0x2B, 0x03, 0x8C, 0x26,
    0x8F, 0x84, 0x2C, 0xC4, 0x08, 0xA1, 0x4C, 0xEC, 0x37, 0xA7, 0xDC, 0x7E, 0xFF, 0x52, 0x1B, 0xC2,
    0xEC, 0x61, 0x9A, 0xD9, 0x6A, 0x4F, 0xBB, 0x95, 0xE2, 0x2A, 0xB4, 0xDD, 0x08, 0x07, 0xC6, 0x41,
    0x15, 0xC5, 0x5C, 0x31, 0x97, 0x65, 0x1A, 0x0D, 0x11, 0x6E, 0x5B, 0x16, 0x57, 0x3F, 0x37, 0x31,
    0xB9, 0x65, 0xD8, 0xA2, 0x0E, 0xF0, 0x20, 0xDF, 0x31, 0x71, 0xCC, 0x29, 0xE4, 0x5F, 0xE2, 0x7C,
    0x88, 0x6F, 0x88, 0x78, 0xCC, 0x12, 0x90, 0x41, 0xE7, 0xFA, 0x82, 0x0E, 0xBF, 0x33, 0x93, 0xDB,
    0x4A, 0x93, 0x0E, 0x4D, 0xBB, 0xFB, 0xE6, 0x77, 0x7D, 0x17, 0x98, 0xBC, 0x57, 0xA3, 0x76, 0x9E,
    0xA0, 0x44, 0xB8, 0x12, 0x38, 0x83, 0xE9, 0x72, 0x5F, 0xBB, 0xDD, 0x4C, 0xE7, 0x2F, 0x1B, 0xB0,
    0x54, 0xFE, 0x02, 0x5C, 0x74, 0x2A, 0x3E, 0xF3, 0x56, 0x4E, 0x4F, 0xD4, 0x8C, 0xFF, 0xB2, 0xD1,
    0xF2, 0xE1, 0x1D, 0x5C, 0x43, 0xD1, 0xF2, 0x45, 0x68, 0x71, 0x96, 0xA2, 0x7F, 0x72, 0x55, 0xC8,
    0x77, 0x62, 0xA0, 0x6C, 0x42, 0xCC, 0x8E, 0xD8, 0x43, 0xC8, 0xFD, 0xD5, 0xAD, 0xC1, 0xEA, 0xBA,
    0xC7, 0x7D, 0x86, 0x44, 0xEB, 0x77, 0x3D, 0xF7, 0x04, 0x39, 0x4B, 0x94, 0x42, 0x12, 0x8B, 0xC8,
    0x8C, 0x3E, 0xC4, 0x0C, 0xA0, 0x5B, 0xB6, 0x90, 0xA5, 0xDB, 0x08, 0x05, 0x14, 0x28, 0xDF, 0xD0,
    0xA0, 0x4A, 0x8B, 0xBF, 0xA3, 0x45, 0x90, 0x76, 0x12, 0x9F, 0xB1, 0x7A, 0x01, 0x88, 0x60, 0xD2,
    0xD0, 0x16, 0x24, 0x98, 0x4E, 0x5F, 0x24, 0x20, 0x49, 0x58, 0x6E, 0xA5, 0x8A, 0x55, 0x4A, 0x36,
    0xAC, 0xAA, 0x50, 0x2C, 0x81, 0x35, 0xA0, 0x4B, 0x16, 0xBB, 0x89, 0xD3, 0xB1, 0x67, 0x63, 0xA8,
    0xEE, 0x7F, 0x6D, 0xA9, 0x78, 0xC8, 0x92, 0xFD, 0xA9, 0xEF, 0x98, 0x2B, 0x49, 0xE8, 0xDB, 0x09,
    0x5F, 0xA5, 0xD1, 0x94, 0x0E, 0xE8, 0x53, 0x86, 0xAF, 0x31, 0x39, 0x2A, 0xAB, 0xB6, 0x58, 0x08,
    0x8F, 0x9E, 0x85, 0xD4, 0x4C, 0x8C, 0x9C, 0xA1, 0xD3, 0x6A, 0xCA, 0x0E, 0xF0, 0xC8, 0xC2, 0x6B,
    0x2C, 0xE6, 0x37, 0x9A, 0xB1, 0x9C, 0x5D, 0x07, 0x80, 0xEC, 0x43, 0x8F, 0xC4, 0x0E, 0xE5, 0xD3,
    0xBC, 0x65, 0x05, 0x2A, 0x08, 0x8D, 0xD5, 0xFA, 0x62, 0x40, 0xAE, 0x3D, 0x43, 0xC5, 0x67, 0xED,
    0x4E, 0xDE, 0xBF, 0x22, 0xF8, 0x34, 0x5A, 0x37, 0xCB, 0xCE, 0x67, 0x81, 0x3A, 0x00, 0x7E, 0x12,
    0xAA, 0x29, 0x83, 0x1E, 0xB9, 0x88, 0xBE, 0x58, 0xC1, 0x9A, 0x33, 0xA1, 0x20, 0x52, 0x0A, 0xE2,
    0x12, 0x68, 0xAB, 0x0C, 0xA6, 0x83, 0x0C, 0xEA, 0x83, 0x0C, 0x34, 0x47, 0xD1, 0xF4, 0x4C, 0xE1,
    0x25, 0x1C, 0xD2, 0x18, 0x5E, 0xE6, 0x26, 0xB6, 0xE4, 0xF5, 0xCD, 0xB3, 0x91, 0x8F, 0x7B, 0x21,
    0x34, 0x9A, 0x57, 0x72, 0x67, 0x68, 0x7A, 0x87, 0x1B, 0x2E, 0x25, 0x41, 0x39, 0xAB, 0x6F, 0x5E,
    0x10, 0xDA, 0x26, 0x48, 0x98, 0xA6, 0x7F, 0xDC, 0xF3, 0xF5, 0x35, 0x58, 0xC4, 0x8F, 0x21, 0x8D,
    0x6F, 0xA5, 0xFE, 0xC6, 0x97, 0xAF, 0x60, 0x86, 0x6C, 0x17, 0x31, 0x63, 0xE2, 0xAB, 0x80, 0x44,
    0xA9, 0x7C, 0x28, 0xAF, 0xEF, 0x53, 0xDC, 0xCC, 0xE4, 0x0C, 0x73, 0x87, 0x90, 0xE6, 0xF6, 0xB5,
    0xCE, 0x56, 0xC9, 0x84, 0x75, 0x7F, 0x1C, 0x1B, 0x3F, 0x43, 0xBC, 0xEF, 0xDA, 0xFD, 0x6F, 0x70,
    0xB8, 0x8B, 0xED, 0x25, 0x3C, 0x98, 0x3B, 0xD2, 0x6F, 0x3B, 0xF0, 0xAD, 0x9E, 0xD1, 0xAC, 0x70,
    0xE9, 0xCC, 0xE7, 0x01, 0x1E, 0x51, 0xD1, 0x2D, 0x2E, 0x40, 0xFE, 0xE4, 0xE0, 0x1B, 0x28, 0x28,
    0xFA, 0x22, 0xA8, 0x1F, 0xE3, 0xCE, 0xDC, 0x13, 0xAB, 0x97, 0x72, 0x8E, 0x1B, 0x56, 0xE7, 0xD5,
    0xB2, 0x6F, 0x6B, 0xA8, 0x24, 0xEC, 0xB0, 0xCF, 0x69, 0xA3, 0xB3, 0x90, 0xF7, 0xD8, 0x54, 0x55,
    0x05, 0xED, 0x2E, 0x01, 0x54, 0x0D, 0xD1, 0x54, 0x3D, 0x77, 0xE1, 0xFA, 0x66, 0x65, 0xF7, 0x66,
    0x4D, 0x08, 0x18, 0x07, 0x77, 0xDD, 0x7C, 0x56, 0xDD, 0x15, 0xE4, 0xB2, 0xBB, 0xB2, 0x13, 0x6C,
    0xE7, 0xBF, 0x6B, 0xBE, 0x0E, 0x5F, 0xB9, 0x26, 0x7C, 0x02, 0x61, 0xAE, 0xE0, 0xB0, 0x1C, 0x33,
    0x9D, 0xE9, 0x4C, 0x36, 0x3F, 0x51, 0xA2, 0x05, 0x83, 0x39, 0xEC, 0xAB, 0xE7, 0xFD, 0x61, 0x7B,
    0xED, 0x66, 0xD9, 0x50, 0x89, 0x2B, 0x6C, 0x50, 0x81, 0xEA, 0x2C, 0x99, 0x7B, 0x4A, 0x4C, 0x41,
    0xC2, 0xF0, 0x5D, 0xC9, 0x6E, 0x9C, 0x03, 0x7D, 0xE3, 0x0E, 0x56, 0xAA, 0x6F, 0x0C, 0x6D, 0xAF,
    0x0D, 0xF1, 0x25, 0xC3, 0xAB, 0x61, 0xE2, 0xC6, 0xB4, 0x10, 0xD1, 0x31, 0x5D, 0x2F, 0xF5, 0xA8,
    0x63, 0xFD, 0x13, 0xCB, 0xF1, 0xF1, 0x50, 0x75, 0xE9, 0xDB, 0x37, 0x97, 0x3F, 0x00, 0xB5, 0x4A,
    0xF7, 0x1C, 0xF8, 0x7A, 0xA0, 0xD7, 0x76, 0x18, 0x13, 0x52, 0x79, 0x6F, 0x25, 0xF0, 0x65, 0x2B,
    0xC7, 0x34, 0xAB, 0xD1, 0x7D, 0x69, 0xA3, 0xDB, 0x46, 0xB9, 0xA3, 0x9E, 0xF9, 0x7A, 0x23, 0x68,
    0x4F, 0x69, 0x97, 0x6A, 0x03, 0xEF, 0x28, 0x3D, 0x57, 0x3A, 0x1D, 0x37, 0xC2, 0xE3, 0x0B, 0x2B,
    0xDA, 0xD4, 0x8D, 0xC6, 0xA2, 0xBC, 0x56, 0x6F, 0x2A, 0xB2, 0xFD, 0x52, 0x6B, 0x31, 0xAD, 0x0C,
    0x9B, 0x58, 0xCE, 0xEF, 0x6B, 0x21, 0x65, 0xF6, 0xED, 0xB8, 0x6B, 0xD0, 0xEB, 0x8B, 0x90, 0x71,
    0x73, 0xAB, 0x3D, 0x34, 0x87, 0x63, 0x71, 0x6A, 0x36, 0xCA, 0x24, 0xDE, 0xAC, 0x6C, 0xEA, 0x67,
    0x0B, 0x3D, 0x39, 0x0F, 0x9F, 0x13, 0xAF, 0x56, 0x96, 0xE2, 0xF4, 0x25, 0xD0, 0x99, 0xCF, 0x95,
    0x13, 0xD7, 0x55, 0x69, 0x37, 0x53, 0xA3, 0x21, 0x29, 0x37, 0xA4, 0xC6, 0x6C, 0xD2, 0x3A, 0x59,
    0xDF, 0x63, 0xE5, 0x7E, 0x7E, 0x18, 0x9F, 0x5E, 0xEA, 0x1A, 0xB4, 0x5B, 0x24, 0xB8, 0x3A, 0xED,
    0x7A, 0x6C, 0xE5, 0xC5, 0x2A, 0xA2, 0x8A, 0x4D, 0x92, 0xB8, 0x35, 0x40, 0x0B, 0x88, 0xA5, 0x38,
    0xEB, 0x8D, 0x51, 0x5F, 0x8A, 0x1D, 0xB4, 0x14, 0x69, 0xCF, 0xE4, 0x25, 0x9F, 0x5B, 0xA9, 0x8B,
    0xFF, 0x05, 0xD5, 0x5C, 0xBF, 0x93, 0xDD, 0xD6, 0x75, 0xBE, 0x78, 0xB0, 0x16, 0x8E, 0x30, 0x22,
    0x98, 0x19, 0x79, 0x46, 0x33, 0x4C, 0x0C, 0x95, 0x29, 0x2C, 0xC2, 0x85, 0x0B, 0x16, 0x24, 0x01,
    0x5A, 0x45, 0x66, 0xA2, 0xC2, 0xEE, 0x53, 0xD8, 0x7F, 0x41, 0xE8, 0xC2, 0x85, 0x0A, 0x9A, 0x40,
    0x46, 0x99, 0x51, 0xA1, 0xC2, 0xFA, 0x13, 0x54, 0x3B, 0x85, 0x59, 0xA8, 0x60, 0xB1, 0x14, 0xE0,
    0xB0, 0x60, 0x66, 0x34, 0x13, 0xC3, 0x61, 0xE9, 0x42, 0x90, 0xCD, 0x19, 0x17, 0x2A, 0x84, 0x28,
    0x18, 0x0F, 0x18, 0x02, 0xB8, 0x39, 0xDF, 0x77, 0x2E, 0xF0, 0xF0, 0xDE, 0xBE, 0xB5, 0x1C, 0x85,
    0x4B, 0x3D, 0xEF, 0xEC, 0x1E, 0x2C, 0xDF, 0xBE, 0x07, 0x9C, 0xFB, 0xDD, 0x7B, 0xCF, 0xF9, 0xCE,
    0x8F, 0x4B, 0x63, 0x7C, 0x6B, 0x2B, 0xB3, 0x23, 0x0F, 0x7C, 0x25, 0x7C, 0x39, 0xAD, 0x21, 0xCB,
    0x06, 0xD2, 0xB6, 0x22, 0x36, 0x94, 0x7E, 0x09, 0x19, 0x26, 0x90, 0x97, 0xE2, 0x4E, 0xE4, 0x77,
    0xE2, 0x5E, 0xE4, 0xB5, 0x08, 0xF2, 0x5E, 0x34, 0x88, 0x6C, 0x20, 0xFD, 0x2A, 0x1C, 0xF8, 0x90,
    0xD1, 0x98, 0xC8, 0xDA, 0xC9, 0x98, 0x6F, 0x9B, 0x40, 0xE4, 0x75, 0x79, 0xCD, 0x98, 0xB7, 0x29,
    0x5B, 0x48, 0x0F, 0x32, 0xCB, 0xAD, 0xC9, 0xED, 0x50, 0x5A, 0x53, 0x5A, 0xF9, 0x58, 0x6A, 0xE5,
    0xE9, 0x39, 0xF4, 0x2B, 0x0F, 0x28, 0x99, 0xFC, 0xB1, 0x11, 0x6D, 0xE4, 0x2D, 0x51, 0x2D, 0x7F,
    0x4D, 0x8D, 0x88, 0x51, 0xC4, 0x66, 0xF0, 0x6C, 0x11, 0xF4, 0x1B, 0x9B, 0x45, 0xAD, 0xDC, 0x37,
    0x86, 0x48, 0x5B, 0x7F, 0x12, 0x11, 0x8E, 0x10, 0x83, 0x88, 0x64, 0xB8, 0x96, 0x4E, 0x76, 0x68,
    0x53, 0xFB, 0x89, 0xAD, 0x13, 0x1B, 0xDA, 0x2C, 0xEC, 0x37, 0xC3, 0x72, 0xEB, 0x20, 0xDB, 0xC8,
    0x93, 0xFD, 0x27, 0xB1, 0x02, 0x94, 0x61, 0xF0, 0x13, 0x9F, 0xD9, 0x1D, 0x21, 0x4C, 0x85, 0xF9,
    0x31, 0x5E, 0x97, 0x87, 0x0C, 0xA1, 0x68, 0xC0, 0x09, 0xCD, 0xA1, 0x34, 0x9F, 0x72, 0xD1, 0x80,
    0x1D, 0x01, 0x00, 0x72, 0x57, 0x0E, 0xF0, 0x3E, 0x84, 0x87, 0x67, 0x19, 0x9F, 0x32, 0xA0, 0x3E,
    0xA1, 0xFE, 0xCE, 0x25, 0xB4, 0x99, 0xBE, 0x12, 0x1A, 0xC1, 0x97, 0xA0, 0x51, 0x84, 0x3D, 0x34,
    0x84, 0xBE, 0xF2, 0xD5, 0xCD, 0x0A, 0xF0, 0xF9, 0x61, 0x33, 0xEB, 0x10, 0xD8, 0x62, 0xD1, 0x80,
    0x6A, 0x07, 0x23, 0x64, 0x4C, 0x99, 0xE3, 0x53, 0x1E, 0xD7, 0xDA, 0xA6, 0xD9, 0x4E, 0xDA, 0x15,
    0xDB, 0x00, 0x4C, 0x20, 0x12, 0xD9, 0x5B, 0xA5, 0x20, 0xDD, 0x89, 0xB2, 0x86, 0x2A, 0x0B, 0x10,
    0x22, 0x03, 0x79, 0xF0, 0x4D, 0x13, 0xE9, 0xAD, 0x74, 0x4A, 0x38, 0xEF, 0x29, 0xD7, 0x6A, 0xDA,
    0x9E, 0x23, 0xF5, 0xAF, 0x3D, 0xF0, 0x4A, 0x06, 0xA8, 0x2B, 0x77, 0x10, 0x19, 0xC8, 0xCC, 0xB6,
    0xF2, 0xC0, 0x27, 0x71, 0x83, 0x0D, 0x88, 0x1D, 0x78, 0x62, 0x9F, 0x52, 0x95, 0x94, 0x53, 0x5C,
    0x60, 0x86, 0x0B, 0xA8, 0x0A, 0x4D, 0xF1, 0x54, 0x1F, 0xB7, 0x0A, 0xB0, 0x00, 0xC2, 0x6C, 0xBD,
    0xDE, 0x3C, 0x7C, 0x38, 0xB6, 0xF2, 0xD7, 0xF2, 0xD7, 0x83, 0xDC, 0x52, 0x46, 0xEB, 0x8F, 0xFE,
    0x60, 0x64, 0xBE, 0x7F, 0x68, 0xB8, 0x18, 0xB8, 0x2E, 0xD2, 0x33, 0xE2, 0x32, 0xB4, 0xBB, 0x67,
    0x92, 0x49, 0xF0, 0x93, 0xC5, 0x50, 0x88, 0x52, 0xE3, 0xB2, 0xBA, 0x4C, 0xC2, 0x87, 0x70, 0x36,
    0x7D, 0x2E, 0xB2, 0xE8, 0xF7, 0x3D, 0xB5, 0x7B, 0x20, 0xF2, 0xA7, 0xB2, 0x6E, 0x8E, 0x0F, 0x3A,
    0xAE, 0x83, 0x18, 0x1F, 0xCE, 0x71, 0x7F, 0xAC, 0x59, 0xBF, 0xCB, 0x45, 0xAD, 0x2A, 0xCE, 0xCC,
    0x25, 0xE3, 0x67, 0x2F, 0x00, 0x35, 0xCA, 0xB2, 0x5A, 0xB0, 0xE3, 0x24, 0x62, 0xF8, 0x47, 0x88,
    0x17, 0xB6, 0x0C, 0xE0, 0x4A, 0xDC, 0x4F, 0xB4, 0x6B, 0xFD, 0x01, 0x11, 0x10, 0x12, 0x80, 0x80,
    0x0F, 0xE0, 0x01, 0x3A, 0x00, 0x07, 0xEF, 0x4E, 0x77, 0x7F, 0x2E, 0x03, 0x16, 0xA0, 0x02, 0x50,
    0x88, 0x49, 0xB9, 0xDD, 0x5F, 0x6F, 0x98, 0x10, 0x63, 0x29, 0xEE, 0x62, 0x1D, 0xFD, 0x6E, 0x58,
    0xD6, 0x94, 0xA7, 0x18, 0x95, 0x47, 0xB9, 0x11, 0xA1, 0x65, 0xB5, 0xA9, 0xE4, 0x5D, 0x02, 0x8C,
    0x37, 0xE4, 0x98, 0xCC, 0x71, 0x36, 0x21, 0x69, 0xB3, 0x18, 0xE5, 0x0B, 0x5E, 0x52, 0x46, 0x0D,
    0x5E, 0xB4, 0x6C, 0xBE, 0xE8, 0x31, 0x2D, 0x01, 0x80, 0x92, 0xA7, 0x70, 0x79, 0x4D, 0x7B, 0xEE,
    0xD2, 0x5A, 0xFB, 0x3E, 0x25, 0xEC, 0xFC, 0x74, 0x45, 0x70, 0x93, 0xD1, 0xC2, 0x08, 0x0F, 0x26,
    0x6F, 0x21, 0x05, 0x08, 0xC1, 0x4E, 0x80, 0x48, 0xF8, 0x8B, 0x3C, 0x1F, 0x2F, 0xB6, 0x4E, 0xC6,
    0x7C, 0x9B, 0x48, 0x51, 0x41, 0xDE, 0x53, 0xD6, 0x78, 0x3F, 0xA6, 0xA0, 0x85, 0x94, 0x17, 0x6D,
    0xE5, 0xF1, 0x5B, 0x66, 0x44, 0x34, 0x10, 0xCB, 0xEA, 0xDB, 0x5B, 0x32, 0xA1, 0xB9, 0x85, 0xF6,
    0xA5, 0xB5, 0x4F, 0x9C, 0x1E, 0x2F, 0x13, 0x97, 0xD3, 0x14, 0x3B, 0xEF, 0xF6, 0x80, 0xCB, 0xC6,
    0xF6, 0x00, 0xD2, 0x2B, 0x7B, 0x4E, 0x7A, 0xDC, 0x3E, 0xE0, 0x0C, 0xB6, 0x83, 0x4E, 0x95, 0xCE,
    0x52, 0x03, 0x60, 0x12, 0x5B, 0xF3, 0xFD, 0x5C, 0x22, 0xF4, 0x1E, 0x46, 0xFD, 0x87, 0x81, 0x07,
    0x91, 0x61, 0xFB, 0x03, 0xED, 0x78, 0xD0, 0x6D, 0x60, 0x23, 0xE9, 0x47, 0x8C, 0x7A, 0x12, 0xA3,
    0x9E, 0x15, 0x17, 0xDA, 0x7E, 0xFA, 0x13, 0xA3, 0x1E, 0x45, 0x2E, 0xF0, 0x29, 0x98, 0xEC, 0x4F,
    0x00, 0x61, 0x62, 0xDF, 0xC2, 0x5D, 0xC4, 0xB3, 0xF4, 0x5F, 0x05, 0xB9, 0x64, 0x8B, 0x9C, 0x4C,
    0x5D, 0x1B, 0x3B, 0x69, 0x72, 0x45, 0xAE, 0x21, 0x72, 0xF5, 0xFF, 0x1D, 0x39, 0x7C, 0xA9, 0xE7,
    0x2F, 0x07, 0xCE, 0x73, 0xBF, 0x25, 0x46, 0x34, 0x71, 0x29, 0x81, 0x51, 0x39, 0xAF, 0xF1, 0x46,
    0x61, 0x9B, 0xE9, 0x66, 0xFC, 0x1B, 0x72, 0x14, 0x80, 0xE5, 0xC1, 0xDF, 0x1A, 0xBF, 0x07, 0x54,
    0x61, 0x07, 0x88, 0x14, 0xAF, 0x84, 0x38, 0x29, 0x4C, 0x8A, 0x52, 0x2A, 0xDA, 0x5F, 0x23, 0x46,
    0x9D, 0x83, 0x08, 0x08, 0x15, 0x0B, 0x40, 0x29, 0xA9, 0x40, 0x4E, 0x7D, 0x4A, 0xDB, 0x1D, 0xE2,
    0xB4, 0x32, 0x16, 0xC1, 0x0D, 0x12, 0x18, 0x62, 0xFB, 0x0A, 0x86, 0x90, 0x83, 0x93, 0x37, 0xB7,
    0x3B, 0x37, 0xC8, 0xB0, 0x37, 0x23, 0xC8, 0x36, 0xD2, 0x61, 0xF1, 0xF6, 0x96, 0x1B, 0xE0, 0x2A,
    0xE5, 0x0D, 0xDC, 0xB3, 0x7E, 0x6D, 0x6B, 0x52, 0x2B, 0xD3, 0xC3, 0x74, 0x78, 0x3D, 0xD6, 0xBF,
    0xF8, 0x45, 0x01, 0xD3, 0x57, 0x0C, 0x5B, 0x60, 0xC8, 0x9D, 0x81, 0x3B, 0x6C, 0x16, 0xB1, 0xF7,
    0xE5, 0xE1, 0x2D, 0x31, 0xC6, 0x50, 0x3E, 0xC6, 0x56, 0xDD, 0x70, 0xAB, 0x8E, 0xA2, 0x9B, 0xEC,
    0xD7, 0xB8, 0x8B, 0x3A, 0x01, 0x46, 0xB8, 0x56, 0xFA, 0x5F, 0x16, 0x1A, 0xC1, 0x32, 0x8C, 0xBB,
    0x5B, 0x75, 0x3C, 0x7F, 0xAB, 0xDE, 0x23, 0x3B, 0xF9, 0x68, 0x43, 0x6F, 0x49, 0x2B, 0x17, 0x53,
    0xED, 0x60, 0x3A, 0x42, 0x98, 0x36, 0xC6, 0x93, 0xA9, 0x2D, 0xFC, 0x4A, 0x9C, 0x67, 0x52, 0x60,
    0xDD, 0x00, 0x1C, 0xCE, 0x70, 0xF3, 0x02, 0x00, 0x7B, 0xA0, 0xF7, 0xE6, 0x62, 0x5F, 0x49, 0x33,
    0x1C, 0xE3, 0x8A, 0x02, 0xBD, 0x90, 0x81, 0x1A, 0x50, 0x6B, 0x6C, 0xC1, 0xB0, 0x3E, 0xB3, 0xA6,
    0x80, 0x90, 0x00, 0x04, 0x7C, 0x00, 0x0F, 0xD0, 0x01, 0x38, 0xC0, 0x06, 0xD0, 0x00, 0x99, 0x74,
    0x5C, 0xB9, 0xCB, 0x71, 0xCF, 0x5D, 0x1E, 0xC5, 0x38, 0x85, 0xDD, 0x61, 0x38, 0xFC, 0x35, 0xE0,
    0xC7, 0x94, 0x18, 0xC4, 0xD5, 0x36, 0x10, 0x89, 0x38, 0x4F, 0x41, 0x7F, 0x60, 0xDC, 0x83, 0x8C,
    0xBB, 0xE7, 0xB8, 0x5B, 0x19, 0x77, 0x95, 0x7E, 0x31, 0xE9, 0xB8, 0x7B, 0x8E, 0xFB, 0x75, 0xB9,
    0xB6, 0x89, 0xFD, 0xD7, 0x5A, 0xC7, 0x3D, 0xA9, 0x7D, 0x43, 0x34, 0x21, 0x6B, 0x90, 0x0F, 0x8A,
    0x31, 0x22, 0xFC, 0xC8, 0xEF, 0xC9, 0x04, 0x73, 0xB5, 0x40, 0xFC, 0xA1, 0x10, 0x09, 0x38, 0x7F,
    0x20, 0x90, 0x7C, 0x4C, 0x52, 0xEA, 0x08, 0xEA, 0xD6, 0x5C, 0x1E, 0xDB, 0xAA, 0xA1, 0x66, 0x95,
    0x04, 0xBA, 0x9B, 0x36, 0x94, 0x4F, 0xD1, 0x09, 0x96, 0x93, 0x72, 0x11, 0xC7, 0x08, 0xA2, 0xEA,
    0x05, 0x6C, 0xB5, 0x73, 0xF9, 0xFC, 0xE9, 0x21, 0x3E, 0xEF, 0x39, 0x06, 0x96, 0x95, 0xD9, 0xCC,
    0xC0, 0x6A, 0x32, 0xB0, 0xC2, 0x31, 0xB0, 0xD4, 0x31, 0xB0, 0x68, 0xCD, 0xC0, 0x1C, 0x0F, 0xDB,
    0xFC, 0xE2, 0x17, 0xEF, 0x8B, 0x03, 0x16, 0x32, 0x95, 0xB6, 0xDE, 0x2F, 0xA7, 0xCC, 0xF1, 0x8A,
    0x8E, 0x4C, 0xA3, 0xC7, 0x9B, 0x13, 0x75, 0x9C, 0x88, 0xF4, 0x8C, 0x04, 0xB9, 0x29, 0x19, 0x18,
    0x9C, 0x58, 0x4E, 0xD0, 0x4E, 0x34, 0x0D, 0xB0, 0xE1, 0xCC, 0xD3, 0x75, 0x9B, 0x98, 0xAF, 0xE4,
    0x9C, 0xE8, 0x31, 0x81, 0xF7, 0x6F, 0xB1, 0x36, 0xFD, 0xC2, 0x5B, 0xEF, 0xC2, 0x58, 0xFE, 0x50,
    0xD6, 0xB2, 0x72, 0x02, 0xDB, 0x0B, 0x09, 0x4F, 0x7E, 0x37, 0x42, 0xD5, 0x0A, 0x5E, 0xB5, 0x2C,
    0xC0, 0xCA, 0x65, 0x40, 0x05, 0x65, 0x06, 0x69, 0xC9, 0xCF, 0x39, 0x19, 0xFF, 0xC9, 0x35, 0x45,
    0x60, 0x4A, 0xF0, 0x01, 0x9A, 0x6F, 0xA1, 0x18, 0x1A, 0xD3, 0xDA, 0x0F, 0x28, 0x2D, 0x3D, 0xAB,
    0x60, 0x28, 0xF0, 0x08, 0x1E, 0x61, 0xF5, 0x8F, 0x40, 0x25, 0x33, 0x79, 0x2D, 0x5E, 0x16, 0x0B,
    0x56, 0x6E, 0x9E, 0x67, 0xA6, 0x7C, 0x72, 0x32, 0x72, 0x05, 0x35, 0xF8, 0xD4, 0x53, 0xB3, 0xA6,
    0x71, 0x97, 0xF0, 0xB0, 0xEC, 0x01, 0xBD, 0x02, 0x6E, 0x1E, 0x3A, 0x1E, 0x5C, 0x1C, 0x1F, 0xFE,
    0xE2, 0x19, 0xDE, 0x27, 0x05, 0x6E, 0x10, 0x47, 0x61, 0xF7, 0x7B, 0x96, 0x7A, 0x1E, 0x4A, 0xD2,
    0x1C, 0x31, 0xF2, 0x7F, 0x6E, 0x4C, 0x76, 0x74, 0x6B, 0x3E, 0x5A, 0x49, 0xCD, 0xB4, 0xEC, 0x7E,
    0x1D, 0x2F, 0xE6, 0xC7, 0x83, 0xE7, 0xFA, 0x2B, 0x35, 0x4B, 0x6A, 0xC5, 0x2D, 0x81, 0x32, 0xDB,
    0x2E, 0x10, 0x72, 0x11, 0xB3, 0xB3, 0xA8, 0x5F, 0xDB, 0x92, 0x11, 0x5F, 0xDD, 0x21, 0x67, 0x21,
    0xA4, 0x8E, 0x9A, 0xF6, 0xD3, 0xAC, 0x97, 0x57, 0xFC, 0x85, 0xEC, 0x05, 0xB7, 0x8C, 0x14, 0x71,
    0x61, 0xF9, 0xBC, 0x8C, 0xB9, 0x66, 0x4F, 0xE8, 0x87, 0x42, 0xF1, 0x56, 0x67, 0x09, 0x7D, 0x8F,
    0x0C, 0xA0, 0xB5, 0x5D, 0x29, 0x7E, 0x49, 0x5C, 0x29, 0x66, 0x4F, 0x90, 0xE7, 0x65, 0x30, 0xE1,
    0xC4, 0x0B, 0x26, 0x33, 0x66, 0xB8, 0x8B, 0xE9, 0xC1, 0x45, 0xC3, 0x4A, 0x46, 0x94, 0x3D, 0x55,
    0x41, 0xBC, 0xA0, 0xEE, 0x91, 0xA1, 0xD1, 0xF6, 0x22, 0x23, 0xC8, 0x5B, 0xE3, 0x62, 0x24, 0x5C,
    0xE4, 0x05, 0x24, 0x07, 0xE4, 0x1B, 0x21, 0xAE, 0x5C, 0xC4, 0xB7, 0xE2, 0x05, 0x09, 0x3C, 0x10,
    0x81, 0x88, 0x1E, 0xB9, 0xE6, 0x24, 0x3F, 0x22, 0x6B, 0x44, 0x04, 0x87, 0xBD, 0x4D, 0x56, 0xF0,
    0xC0, 0x93, 0xC7, 0x34, 0xE6, 0x9A, 0xD3, 0xFE, 0x75, 0x2C, 0xC8, 0xD6, 0xB9, 0x3D, 0x0D, 0x9B,
    0xF3, 0x7A, 0xB6, 0x08, 0x76, 0x2B, 0x8A, 0x52, 0x9E, 0xF0, 0x96, 0xAD, 0x36, 0x36, 0x45, 0x7C,
    0x36, 0x41, 0x54, 0x10, 0xF2, 0x77, 0x21, 0xEF, 0xB6, 0x0A, 0x11, 0x44, 0x45, 0xC2, 0x72, 0xE0,
    0x8B, 0x45, 0x20, 0x19, 0x19, 0x77, 0xF2, 0xA7, 0x44, 0x22, 0xA7, 0xD7, 0x84, 0x37, 0x0C, 0x6F,
    0x8B, 0xB0, 0x6D, 0x2A, 0xA4, 0xAE, 0xC8, 0x1B, 0xC4, 0x54, 0x0B, 0x72, 0xED, 0x2E, 0x72, 0xE1,
    0x82, 0x1C, 0xA6, 0x52, 0xDE, 0x15, 0xE8, 0x65, 0x85, 0x5C, 0xAC, 0xC8, 0x25, 0xE7, 0x22, 0xB7,
    0x0F, 0xD9, 0xF9, 0xC8, 0x15, 0x8A, 0xDC, 0xB0, 0x46, 0x0E, 0x94, 0xCB, 0x2B, 0x89, 0x08, 0x7F,
    0x03, 0x2C, 0x72, 0x4B, 0x30, 0x87, 0x0E, 0xA2, 0xDD, 0xC2, 0x62, 0xD6, 0xB0, 0x58, 0x88, 0x7A,
    0x86, 0x05, 0x91, 0x38, 0x60, 0xC9, 0x76, 0x60, 0x11, 0x44, 0x3A, 0xF9, 0x13, 0x60, 0xF9, 0xBB,
    0x05, 0x96, 0x26, 0xDF, 0xC2, 0x62, 0x74, 0xEB, 0x84, 0x32, 0x61, 0x63, 0x8C, 0x81, 0xC9, 0x6B,
    0x3D, 0x92, 0x76, 0x4D, 0xD4, 0xEC, 0x2D, 0x3C, 0x88, 0xD6, 0xF9, 0x7F, 0x9A, 0x0B, 0xAE, 0x5D,
    0x0A, 0x72, 0x37, 0x9A, 0x0D, 0xFA, 0xA2, 0xBD, 0xC4, 0x0A, 0x03, 0x18, 0x0E, 0x0B, 0x11, 0xF1,
    0x76, 0xA2, 0x99, 0x73, 0x62, 0xDE, 0x04, 0xF9, 0x24, 0x8D, 0x64, 0x4B, 0xEB, 0x72, 0xF8, 0x9B,
    0xDE, 0xCF, 0x42, 0x1B, 0x89, 0x73, 0x9E, 0xCC, 0x0D, 0xB1, 0x30, 0xD7, 0x02, 0x67, 0x77, 0x3D,
    0x60, 0xA4, 0x04, 0x04, 0xEC, 0x0D, 0x4B, 0x3E, 0x1C, 0x55, 0x0F, 0xFE, 0x20, 0x26, 0xD8, 0x4F,
    0x8C, 0x35, 0x02, 0xFA, 0x1F, 0x64, 0x5E, 0xE4, 0x33, 0x39, 0x36, 0x45, 0xE3, 0xC2, 0x67, 0xFD,
    0xE9, 0xF7, 0xB7, 0x18, 0x07, 0x8A, 0x71, 0x46, 0xAB, 0x1B, 0xC7, 0xBA, 0x9B, 0x38, 0xC2, 0x75,
    0xC6, 0x0D, 0xA3, 0xE3, 0x84, 0xD7, 0x3A, 0x2A, 0x9A, 0x03, 0x9D, 0x72, 0x0C, 0x0B, 0xA3, 0xC2,
    0xA0, 0x02, 0x3B, 0x84, 0x76, 0x88, 0xEC, 0x4C, 0x8D, 0x3D, 0x8C, 0x42, 0x06, 0x21, 0x63, 0x90,
    0x21, 0x84, 0x23, 0xF7, 0xED, 0x00, 0xF5, 0x63, 0xF0, 0x4A, 0xDC, 0x1A, 0xDF, 0x4D, 0x25, 0x8A,
    0x8B, 0xDE, 0xA2, 0x76, 0xD2, 0x5C, 0x98, 0x72, 0x08, 0x34, 0x40, 0x2E, 0x82, 0x99, 0xF9, 0x57,
    0x1A, 0x5E, 0x20, 0xB8, 0x60, 0x68, 0x21, 0x3C, 0x4F, 0x96, 0xA4, 0xDC, 0x45, 0xB6, 0x6A, 0xBA,
    0xCA, 0xDE, 0x5E, 0xC1, 0xFE, 0x11, 0xF5, 0x6E, 0xAF, 0x87, 0x30, 0xC0, 0xC8, 0x88, 0x26, 0xDB,
    0x21, 0xFC, 0x9E, 0x43, 0x18, 0xA1, 0xA2, 0x3C, 0x46, 0x9E, 0x12, 0x15, 0xB0, 0xF5, 0xE2, 0x06,
    0xD2, 0x7F, 0x01, 0x6B, 0x46, 0x30, 0x67, 0x90, 0x92, 0x14, 0x9D, 0x98, 0x4A, 0xB2, 0x8B, 0x1B,
    0xB8, 0xC8, 0x39, 0xF9, 0x8A, 0x93, 0xE0, 0xFC, 0x97, 0x56, 0x13, 0x11, 0x8A, 0xFE, 0xA1, 0x75,
    0xB1, 0xD0, 0x87, 0xAE, 0x30, 0xB3, 0xA8, 0x3D, 0x40, 0x74, 0x70, 0xC3, 0x46, 0x97, 0xAA, 0x8A,
    0xED, 0xCE, 0xD1, 0xED, 0xD3, 0xCF, 0xDB, 0x27, 0xED, 0xCE, 0xD9, 0x39, 0x67, 0x4C, 0xA4, 0x82,
    0xE5, 0xAA, 0x12, 0x93, 0xF3, 0x4D, 0x31, 0x12, 0x92, 0x1A, 0x8A, 0xAC, 0xEA, 0x61, 0xF0, 0x82,
    0x79, 0xC5, 0x3A, 0x95, 0x0F, 0x93, 0xF2, 0x29, 0xA2, 0xAE, 0x1B, 0x62, 0x95, 0x2F, 0xAD, 0x6A,
    0x65, 0xAA, 0x23, 0x76, 0x48, 0xE2, 0x76, 0x54, 0x38, 0x7C, 0xD9, 0xAE, 0x52, 0xF3, 0x5D, 0x56,
    0x0E, 0xE4, 0xC2, 0xCD, 0x9F, 0xE8, 0x32, 0xA9, 0x3E, 0x51, 0xAB, 0x4F, 0x1E, 0x15, 0x8D, 0x36,
    0x85, 0x1D, 0xC4, 0x25, 0x43, 0x11, 0x28, 0xAE, 0x79, 0xF3, 0x58, 0x61, 0xB8, 0x43, 0x3B, 0xC2,
    0x6A, 0x96, 0x04, 0x81, 0x15, 0x6D, 0x49, 0xAC, 0xB9, 0xC8, 0x53, 0x5E, 0xBE, 0xD0, 0xCC, 0xE4,
    0x33, 0x17, 0x7F, 0x30, 0x00, 0x29, 0x9F, 0x29, 0x12, 0x9F, 0x3A, 0x68, 0x34, 0xE1, 0x54, 0xC1,
    0x1C, 0xCB, 0x84, 0x83, 0xC2, 0x20, 0xB7, 0xC7, 0x4A, 0x5B, 0x16, 0x4D, 0x8C, 0x4F, 0x03, 0x0E,
    0x53, 0x74, 0xE8, 0x54, 0x95, 0xB3, 0x89, 0x33, 0x0D, 0xD0, 0xA8, 0xF8, 0x42, 0x57, 0x4D, 0xAE,
    0xC4, 0x22, 0xD6, 0xB7, 0xDC, 0x35, 0x67, 0x39, 0x8A, 0xF9, 0xB1, 0x0B, 0x23, 0x83, 0x95, 0x7B,
    0x9B, 0x8D, 0xF9, 0xCE, 0xDC, 0x05, 0xE2, 0xDE, 0x8A, 0x44, 0xEC, 0xB8, 0xFC, 0xC9, 0xB7, 0x3E,
    0x4C, 0xB8, 0x90, 0x33, 0x7F, 0x4A, 0x9F, 0x98, 0x60, 0x02, 0xF2, 0x18, 0x14, 0x4D, 0x45, 0x34,
    0x22, 0xEF, 0xD9, 0xCB, 0xE7, 0xE2, 0x0E, 0x29, 0xE0, 0x36, 0xC7, 0x8A, 0x04, 0x87, 0x6B, 0xC5,
    0x26, 0x3A, 0xF7, 0xB6, 0xB1, 0x6B, 0xD2, 0x43, 0xEE, 0xC0, 0xF2, 0xA4, 0x8A, 0x6A, 0x7E, 0x8D,
    0xE4, 0xEA, 0xCE, 0xEE, 0x50, 0x6F, 0xCB, 0x1A, 0x48, 0xAC, 0x49, 0x8B, 0x12, 0x6E, 0xF5, 0xCA,
    0x24, 0x1E, 0x2A, 0x1C, 0x05, 0xA8, 0x68, 0x90, 0xD9, 0x8D, 0x46, 0x16, 0x27, 0x91, 0x4B, 0x9F,
    0x04, 0x92, 0xE4, 0x19, 0xFC, 0xE0, 0x17, 0x60, 0x50, 0x2D, 0x98, 0x63, 0x03, 0x57, 0xD6, 0x88,
    0xE3, 0x12, 0x86, 0x25, 0x58, 0x56, 0x89, 0x10, 0xA8, 0x2A, 0xE0, 0x7A, 0xEC, 0x67, 0xE6, 0x9C,
    0x0E, 0xAE, 0x3E, 0xEA, 0xE3, 0x0E, 0x7E, 0x6D, 0x0E, 0x6C, 0x8F, 0x9E, 0x39, 0x81, 0x3F, 0xE1,
    0x53, 0xF6, 0x37, 0x45, 0xBB, 0x6C, 0x8A, 0x35, 0xB0, 0x50, 0x61, 0xD3, 0x22, 0xA1, 0xDB, 0x0A,
    0x20, 0x41, 0x8B, 0x19, 0x6F, 0xE0, 0xA8, 0xEB, 0x92, 0x1C, 0x8D, 0x45, 0x16, 0x32, 0x1C, 0x6C,
    0x83, 0x8A, 0x4B, 0x1A, 0x59, 0x86, 0x13, 0xD8, 0x85, 0x8A, 0xA9, 0xC1, 0x90, 0x76, 0xA2, 0x20,
    0x8B, 0xF1, 0xAD, 0x59, 0x7E, 0x82, 0x43, 0x3E, 0x66, 0xDF, 0xEC, 0xCC, 0xBB, 0xE1, 0xDF, 0xC4,
    0xCF, 0xFC, 0x36, 0x63, 0xD6, 0xB3, 0xEC, 0xDD, 0x24, 0xBC, 0xE0, 0x91, 0x2E, 0x5F, 0x24, 0x99,
    0x24, 0xC9, 0x34, 0x05, 0x4C, 0xE0, 0x6C, 0xDA, 0xB9, 0x7A, 0x19, 0x2D, 0x86, 0xFC, 0x44, 0xD6,
    0x62, 0x25, 0x08, 0x84, 0xC8, 0x88, 0x17, 0x32, 0x7C, 0x19, 0xB5, 0x7E, 0x07, 0x7B, 0x66, 0x71,
    0xC7, 0xB0, 0x63, 0xC0, 0x32, 0x5E, 0x19, 0xAE, 0x8C, 0x56, 0x06, 0x9B, 0xD6, 0x5B, 0xDE, 0x2D,
    0xEB, 0x4E, 0xBF, 0xD5, 0xD4, 0xDF, 0x5F, 0x74, 0x3A, 0xC9, 0x5C, 0x0A, 0x4B, 0x40, 0x49, 0x20,
    0x7B, 0x91, 0x48, 0x0A, 0x65, 0xDB, 0xA4, 0xD0, 0x0D, 0xCA, 0x53, 0x42, 0xF3, 0x93, 0xF3, 0xCB,
    0x4A, 0xC4, 0xC7, 0xA5, 0x55, 0x88, 0xD0, 0x36, 0x1D, 0xD4, 0x19, 0x82, 0x64, 0x88, 0x92, 0x21,
    0x4C, 0xB4, 0x01, 0x0D, 0xB9, 0x5B, 0x6D, 0x16, 0xA4, 0x3E, 0x30, 0x27, 0x0F, 0xFB, 0x8D, 0x7D,
    0xD8, 0xC7, 0xF6, 0x61, 0x1B, 0xDA, 0x47, 0x82, 0xEB, 0x7B, 0xF5, 0xC6, 0xFE, 0x00, 0x7B, 0x52,
    0x3E, 0x71, 0xE9, 0xC5, 0x2C, 0x80, 0x0D, 0xAA, 0x18, 0xE2, 0x1A, 0xD2, 0x2E, 0x42, 0xF9, 0x5D,
    0xC5, 0x28, 0x03, 0xF4, 0xFB, 0xAF, 0xB0, 0x00, 0xFE, 0xAC, 0x25, 0x9D, 0xC8, 0x4E, 0xB7, 0x75,
    0x34, 0x58, 0xA1, 0x85, 0xB6, 0x81, 0x8D, 0x89, 0xFB, 0x34, 0x7B, 0x6E, 0x23, 0xFA, 0x26, 0xA6,
    0xED, 0xD4, 0x55, 0x29, 0xD4, 0x25, 0x4D, 0x30, 0xCA, 0x60, 0x90, 0x5A, 0xED, 0x91, 0xBB, 0x5C,
    0x9B, 0x09, 0xE1, 0x97, 0x8D, 0xC8, 0xBB, 0x67, 0xCA, 0x56, 0xEC, 0x2A, 0xBA, 0x2C, 0xC4, 0xA6,
    0x82, 0x8B, 0x90, 0x58, 0xDB, 0x7F, 0xF7, 0xAC, 0xF0, 0x5D, 0x61, 0xBB, 0x75, 0x4C, 0x37, 0x2E,
    0x6C, 0xF1, 0xBD, 0x7D, 0x37, 0x7E, 0x2F, 0xF9, 0x63, 0x2D, 0x8C, 0x59, 0xFC, 0x5A, 0xD4, 0xAD,
    0xAC, 0xB7, 0xCB, 0x70, 0x87, 0x7A, 0x49, 0x94, 0x98, 0x95, 0xEF, 0x1F, 0x30, 0xEC, 0x6A, 0xAD,
    0x06, 0x0E, 0x43, 0x08, 0x72, 0xCA, 0x72, 0xAC, 0x79, 0x09, 0x63, 0x17, 0x68, 0x3B, 0x4D, 0x7E,
    0xA2, 0x6C, 0x2B, 0x7F, 0xE7, 0xF8, 0x5A, 0xB8, 0xB1, 0xAB, 0x79, 0x0F, 0x4E, 0x75, 0x23, 0x1D,
    0x70, 0xB9, 0x1E, 0x4F, 0x30, 0x7F, 0xD7, 0x23, 0x8B, 0xF4, 0xEA, 0x9D, 0xC0, 0xBE, 0x23, 0x97,
    0xFB, 0xBE, 0x7D, 0x54, 0xE1, 0x69, 0xF6, 0xB3, 0x02, 0xFD, 0x1E, 0x6C, 0xBD, 0x91, 0x9D, 0x65,
    0x19, 0x15, 0x24, 0x96, 0xAC, 0x0C, 0x24, 0x4C, 0x82, 0x5E, 0x10, 0x07, 0xB9, 0xF8, 0x48, 0x50,
    0xCB, 0x1E, 0x25, 0xFA, 0x85, 0xCB, 0xCF, 0x73, 0x40, 0x76, 0xCE, 0xE0, 0xFB, 0x33, 0x1D, 0xD0,
    0x28, 0x99, 0xC6, 0x3F, 0xDA, 0x35, 0xFB, 0xDE, 0x24, 0x5A, 0x8A, 0xF2, 0xA5, 0xCD, 0xC5, 0x3F,
    0x5A, 0xF1, 0xA2, 0xA1, 0xBD, 0x25, 0x21, 0xD5, 0x88, 0x3E, 0x90, 0x6D, 0x48, 0xB5, 0x04, 0x10,
    0xAE, 0x0F, 0x24, 0xA2, 0xCF, 0xE9, 0x5F, 0xCF, 0x9B, 0xB8, 0x6F, 0xCB, 0x3A, 0x41, 0x54, 0x96,
    0x20, 0xFC, 0x80, 0x8D, 0x39, 0x66, 0x80, 0x0E, 0x64, 0x1F, 0x5C, 0xFA, 0xC1, 0xE5, 0x1F, 0x5C,
    0x02, 0xC2, 0x65, 0x20, 0x66, 0xEE, 0x79, 0x76, 0x19, 0x5C, 0x08, 0x72, 0x7B, 0xD4, 0x83, 0xC4,
    0x83, 0xB4, 0x83, 0xCE, 0x1B, 0x69, 0x78, 0x9D, 0xE1, 0xFE, 0x8C, 0x3A, 0x11, 0x93, 0xF5, 0x32,
    0xC5, 0xFC, 0xA0, 0xDF, 0x8D, 0x9A, 0xB7, 0xD6, 0x37, 0xBA, 0x7C, 0x73, 0x5A, 0xFC, 0x45, 0xAD,
    0x65, 0xB6, 0xA3, 0x05, 0x42, 0xD4, 0x6B, 0x94, 0xC1, 0xBA, 0x8F, 0xE6, 0x32, 0x18, 0x73, 0x31,
    0x84, 0x26, 0xCD, 0x2E, 0x7A, 0x46, 0x34, 0x97, 0xA4, 0xBC, 0x7C, 0x76, 0x3F, 0xF3, 0xC5, 0xD9,
    0x10, 0x97, 0xBF, 0xD1, 0x6C, 0x94, 0x4C, 0x80, 0x77, 0x2A, 0x81, 0x52, 0x6E, 0xCA, 0x41, 0xC2,
    0x9C, 0x9F, 0x6E, 0xEC, 0x53, 0x26, 0xBD, 0x4A, 0xFB, 0x39, 0x2E, 0xC9, 0x18, 0x4E, 0xEB, 0xE2,
    0x37, 0x4D, 0x64, 0xCA, 0x3E, 0x30, 0x31, 0x65, 0x7C, 0x4A, 0x59, 0x31, 0x72, 0x16, 0xCE, 0xDA,
    0x2E, 0x17, 0x0F, 0xE4, 0x8E, 0xA6, 0xBB, 0x7C, 0x8C, 0xE4, 0x01, 0xD9, 0x39, 0x2E, 0xE4, 0xB3,
    0x34, 0xCF, 0x67, 0x26, 0xF2, 0x84, 0x13, 0x99, 0xED, 0x4C, 0x64, 0x7D, 0x78, 0x22, 0x6B, 0x9D,
    0xC8, 0xEA, 0xBC, 0x89, 0xF4, 0x0E, 0x4E, 0x64, 0x7A, 0x76, 0x22, 0xEB, 0xFD, 0x89, 0x74, 0xEB,
    0x54, 0x3D, 0xF5, 0xF7, 0xD5, 0x31, 0x7F, 0xA6, 0xC9, 0x3E, 0x4D, 0x39, 0x24, 0xCD, 0x39, 0xD3,
    0x97, 0xEC, 0x4F, 0xDF, 0x66, 0x3B, 0x7D, 0x56, 0xA6, 0x8F, 0x5D, 0x7A, 0xCB, 0x1C, 0x02, 0xC1,
    0x1C, 0xA2, 0xAC, 0x23, 0xB4, 0x45, 0xC4, 0xA4, 0xA1, 0xDB, 0xE4, 0x43, 0xBD, 0x6C, 0x26, 0x44,
    0x4A, 0xD3, 0x5C, 0x27, 0x4B, 0xF0, 0xFA, 0x37, 0xCC, 0xB6, 0x86, 0xAE, 0x29, 0x80, 0xDC, 0xEE,
    0xEF, 0xAF, 0x84, 0xFD, 0x6B, 0x0C, 0xE0, 0xA2, 0x11, 0xFE, 0x3F, 0x6F, 0xE1, 0x34, 0xE8, 0x7A,
    0x7C, 0xFE, 0xC2, 0x60, 0xA2, 0x8E, 0x58, 0x34, 0x04, 0x8D, 0x2B, 0x9B, 0x84, 0x12, 0x91, 0x87,
    0x6D, 0xC0, 0x58, 0x44, 0x32, 0xAB, 0x96, 0x92, 0x8B, 0x30, 0x37, 0x0A, 0xE9, 0x33, 0x4F, 0x1A,
    0x58, 0x36, 0x2C, 0x8C, 0xE4, 0x55, 0xBD, 0x6B, 0x6D, 0xF0, 0xED, 0xF7, 0x19, 0x4A, 0x11, 0xAB,
    0x2B, 0x68, 0x82, 0xD0, 0xCA, 0xB9, 0x6F, 0x27, 0x27, 0xF6, 0xBE, 0x36, 0x5A, 0xA7, 0xC2, 0x83,
    0x1F, 0x5A, 0xB8, 0x35, 0x9B, 0x21, 0x1D, 0x54, 0xC9, 0xED, 0xE0, 0xD4, 0x15, 0x13, 0x3C, 0x55,
    0x16, 0x54, 0x2A, 0x23, 0xC8, 0xD2, 0x75, 0xCB, 0xA3, 0x30, 0x8F, 0x56, 0xD6, 0x74, 0xD4, 0x8B,
    0xAB, 0x0F, 0x38, 0xD7, 0x65, 0xB7, 0x5F, 0x43, 0xBF, 0xEB, 0x0D, 0xAB, 0x1A, 0x7A, 0x3D, 0xFB,
    0x98, 0x63, 0x83, 0xE9, 0xC4, 0x6C, 0x84, 0x44, 0x66, 0x61, 0x61, 0xA2, 0xE6, 0x36, 0x42, 0xB0,
    0x09, 0x7A, 0x0D, 0x0B, 0x3B, 0xBC, 0x60, 0xC0, 0x7A, 0x94, 0x15, 0x37, 0x20, 0xB5, 0xB2, 0xCE,
    0x60, 0x75, 0xA3, 0x86, 0xBB, 0xFF, 0x16, 0xD6, 0xD5, 0x0D, 0x06, 0x3F, 0xAF, 0x9A, 0xEC, 0x98,
    0x00, 0x33, 0x41, 0xD5, 0xBB, 0x3E, 0xB0, 0xF4, 0x21, 0xC4, 0x7B, 0x72, 0xCF, 0x29, 0xAA, 0x8D,
    0x87, 0xEA, 0xA8, 0xDF, 0x0A, 0x0F, 0xF7, 0xAA, 0xEF, 0x5D, 0x3C, 0x74, 0xA1, 0x2B, 0xD0, 0x82,
    0xEC, 0x59, 0x64, 0xEB, 0xDF, 0xE4, 0x55, 0xF6, 0xBB, 0xCD, 0x24, 0x52, 0x40, 0x94, 0x2C, 0x31,
    0x85, 0xDC, 0x92, 0x57, 0x0D, 0xE2, 0x5F, 0x06, 0x23, 0x0F, 0x27, 0xAF, 0xD0, 0x8C, 0xB7, 0xC0,
    0x9B, 0x80, 0xF5, 0x89, 0x21, 0x13, 0x90, 0x22, 0x7C, 0x1C, 0xA9, 0x5B, 0xAB, 0xCD, 0x52, 0x49,
    0x2F, 0x61, 0x08, 0x62, 0x16, 0x14, 0x96, 0x19, 0xBE, 0x44, 0xC6, 0x85, 0x31, 0x0C, 0x2C, 0x72,
    0x4D, 0x3B, 0x08, 0xC9, 0x14, 0x4F, 0x1B, 0xB1, 0x5D, 0xE8, 0x01, 0x98, 0xA1, 0xAC, 0xF5, 0xC1,
    0x30, 0xCB, 0x0A, 0xEF, 0x44, 0xF5, 0x06, 0xA8, 0xCB, 0x0C, 0xB1, 0x0C, 0xBF, 0x3E, 0x41, 0x2A,
    0x43, 0x42, 0x18, 0x84, 0x14, 0x0F, 0x47, 0x1B, 0x63, 0x22, 0xED, 0x10, 0xC1, 0x46, 0x09, 0xB1,
    0x86, 0xA5, 0x17, 0x66, 0xDA, 0x10, 0x98, 0x54, 0xA1, 0x01, 0x1A, 0x12, 0x63, 0x48, 0xB4, 0x24,
    0xEF, 0x45, 0x1C, 0x2D, 0x00, 0x3D, 0x61, 0x9F, 0x14, 0x66, 0x47, 0x40, 0x92, 0x35, 0x20, 0xEF,
    0x8C, 0x6C, 0x97, 0x00, 0x28, 0x4C, 0x97, 0x2C, 0xE4, 0x44, 0xF3, 0xCD, 0x81, 0xB2, 0x15, 0x75,
    0x3E, 0xEC, 0x64, 0x9B, 0xFB, 0x68, 0x9B, 0xA5, 0xBD, 0x36, 0x2C, 0xCE, 0x56, 0xDF, 0x3B, 0xB3,
    0x54, 0xDF, 0x71, 0x0B, 0x74, 0x52, 0x55, 0x86, 0x73, 0xE6, 0x24, 0x35, 0x24, 0xE0, 0xDA, 0x78,
    0x34, 0xB7, 0xE0, 0xA5, 0xB4, 0x37, 0x39, 0xF3, 0x2B, 0x65, 0xC3, 0xBC, 0x5A, 0xCD, 0x85, 0x57,
    0x71, 0x11, 0x56, 0x70, 0x8A, 0x32, 0xF1, 0x83, 0x61, 0x42, 0x1E, 0x81, 0x56, 0x04, 0xC0, 0x0A,
    0x09, 0x0A, 0x72, 0xD0, 0x72, 0x64, 0xDB, 0xA9, 0x1C, 0xC2, 0x4E, 0x58, 0x5F, 0x86, 0xDD, 0x9D,
    0xBA, 0x00, 0xEC, 0x11, 0xD4, 0xFE, 0xDE, 0xDE, 0xEA, 0xFA, 0x4F, 0x41, 0x7B, 0x65, 0x4A, 0xFA,
    0x72, 0xCC, 0x87, 0x7C, 0xB0, 0x12, 0x12, 0x3D, 0x6E, 0x91, 0x0D, 0x89, 0x34, 0x59, 0xAF, 0x09,
    0xBF, 0x43, 0xC9, 0xBE, 0x6D, 0xA2, 0xEF, 0x48, 0xC6, 0x6B, 0xF6, 0x53, 0x32, 0x4A, 0xE6, 0x76,
    0xA4, 0xBE, 0xAE, 0x94, 0xF3, 0x74, 0xF7, 0x23, 0x57, 0xFE, 0x79, 0x38, 0xB1, 0xEF, 0xC9, 0xB4,
    0xFF, 0xC8, 0xC6, 0x36, 0x9D, 0x36, 0xF6, 0xC3, 0x01, 0x5B, 0xCF, 0xD7, 0xFA, 0x0B, 0x93, 0x58,
    0x3B, 0x01, 0xE9, 0x70, 0x36, 0x20, 0x5D, 0x17, 0xC1, 0xF0, 0x3C, 0x78, 0x42, 0x5C, 0xA3, 0x42,
    0x29, 0xF0, 0xFD, 0xBD, 0x65, 0xA2, 0xC9, 0xCB, 0xBB, 0x1E, 0x13, 0x11, 0xAB, 0x9E, 0x8E, 0xE0,
    0xDC, 0x9E, 0x8E, 0xA3, 0x40, 0xF9, 0x3B, 0xE6, 0x0D, 0x81, 0x50, 0xB6, 0xFE, 0xA3, 0x96, 0x5C,
    0x07, 0x9A, 0xC0, 0x3B, 0x79, 0xC3, 0xF3, 0x5D, 0x55, 0xCA, 0xC1, 0x19, 0x34, 0x32, 0x64, 0x4C,
    0xC6, 0xD9, 0xAF, 0x2C, 0x40, 0x9E, 0x60, 0x23, 0x27, 0x6C, 0x75, 0xA9, 0x73, 0x98, 0xA9, 0xB4,
    0x10, 0x66, 0x94, 0x66, 0x01, 0x12, 0xAE, 0x42, 0x95, 0xBE, 0x85, 0xF2, 0x28, 0x7C, 0x38, 0x1B,
    0x03, 0x7B, 0x16, 0x66, 0x8D, 0x3B, 0xEC, 0x91, 0x68, 0xD2, 0xB0, 0x73, 0xED, 0xD2, 0xC8, 0x9C,
    0xFD, 0x0C, 0x8A, 0x7D, 0x44, 0x73, 0x84, 0x6D, 0x63, 0x91, 0x5C, 0x14, 0x2E, 0xC8, 0xE4, 0x05,
    0x94, 0x78, 0x32, 0x97, 0xA9, 0x83, 0x79, 0x15, 0xA0, 0x27, 0xEA, 0xF0, 0xBE, 0x42, 0xE6, 0xDC,
    0x96, 0x95, 0x3F, 0xA4, 0x75, 0x30, 0xC4, 0x4D, 0x38, 0x04, 0x05, 0xB8, 0x1B, 0xC1, 0x62, 0x85,
    0x69, 0xD0, 0x00, 0x5D, 0x20, 0xB9, 0x2A, 0x0B, 0xAC, 0xBC, 0x25, 0x3F, 0xBF, 0x92, 0x01, 0x3C,
    0x12, 0xD2, 0xCC, 0xEA, 0x45, 0xB1, 0xA4, 0x16, 0x49, 0x50, 0x45, 0x79, 0xBF, 0x1F, 0x19, 0x79,
    0xA0, 0xA9, 0x38, 0xC8, 0xBE, 0x3E, 0x04, 0x52, 0x4D, 0x85, 0x33, 0xA7, 0x87, 0xF6, 0xA6, 0x77,
    0x5A, 0xB1, 0xDD, 0xBD, 0xB0, 0xCF, 0x6B, 0xCF, 0x75, 0xF4, 0x5F, 0xC3, 0xD0, 0x5E, 0x59, 0x8E,
    0x7A, 0xDC, 0x5C, 0xCC, 0x05, 0x02, 0x0E, 0x0F, 0xA9, 0x4C, 0x5F, 0xAB, 0x67, 0xD9, 0x73, 0x1A,
    0xDE, 0xF7, 0x1C, 0x61, 0xEF, 0x1D, 0xA2, 0x12, 0x75, 0x7E, 0x23, 0x81, 0x6F, 0x9B, 0x7B, 0x20,
    0x96, 0x70, 0x33, 0xAC, 0x63, 0x34, 0xB0, 0x4E, 0x73, 0xA0, 0xC9, 0x30, 0x33, 0xAD, 0xBE, 0xC6,
    0x3D, 0x40, 0x94, 0xFE, 0x56, 0xAC, 0xC0, 0xA9, 0x89, 0x1E, 0x76, 0x64, 0x13, 0x3E, 0x73, 0x5E,
    0xBB, 0x0D, 0x8C, 0xCF, 0x01, 0xA6, 0x08, 0xF6, 0x4E, 0x82, 0x4C, 0xF4, 0xB3, 0x25, 0x85, 0xB0,
    0x2F, 0x19, 0x99, 0x18, 0x2D, 0xB6, 0x43, 0xA7, 0xE6, 0xA6, 0x30, 0xB1, 0x9B, 0xE6, 0x55, 0x31,
    0x57, 0xAF, 0xCE, 0x0D, 0xE1, 0xAC, 0x6C, 0xBA, 0xB6, 0x38, 0x95, 0x6A, 0x4E, 0x19, 0x10, 0xEE,
    0x74, 0x5D, 0xA8, 0x8C, 0x0F, 0x74, 0x60, 0xD0, 0x12, 0xDB, 0x6A, 0x96, 0xEC, 0xE0, 0x37, 0xAE,
    0x78, 0xA3, 0xB5, 0x0A, 0x3D, 0xF7, 0xC3, 0xCC, 0xAE, 0x79, 0x73, 0x7B, 0x1A, 0xC9, 0xE5, 0x36,
    0x36, 0x1F, 0x68, 0x25, 0x06, 0x15, 0x5D, 0xC4, 0x3E, 0x48, 0xCA, 0x42, 0x7F, 0x20, 0x88, 0x8E,
    0x64, 0x51, 0x71, 0x73, 0x20, 0xDB, 0x1D, 0xEE, 0xF8, 0x96, 0x9F, 0x98, 0xF8, 0x29, 0xC2, 0xF8,
    0x4A, 0x97, 0x04, 0xD8, 0x0F, 0xBB, 0xBE, 0x34, 0xAF, 0x4E, 0xA7, 0x21, 0x2E, 0xEC, 0xF2, 0xA0,
    0x6D, 0x84, 0xE9, 0xD6, 0x03, 0x06, 0x05, 0x1A, 0x18, 0xD9, 0xBA, 0xEF, 0x7A, 0xF7, 0x75, 0x72,
    0x9D, 0x8F, 0x8A, 0xEB, 0x3D, 0x5F, 0x79, 0x0C, 0x08, 0x23, 0x2D, 0x4C, 0x8F, 0xE7, 0x0F, 0x7A,
    0xDC, 0x47, 0x08, 0xD7, 0xCB, 0xEF, 0x8A, 0x6D, 0xF9, 0x58, 0xD8, 0xE4, 0xCF, 0x33, 0x53, 0xFE,
    0x03, 0xD3, 0x6D, 0xA9, 0x70, 0x33, 0x34, 0x15, 0xC0, 0xDD, 0x04, 0x67, 0x10, 0x53, 0x9F, 0xB2,
    0xAE, 0x98, 0xE5, 0x9F, 0x1E, 0xA8, 0x43, 0xCF, 0xE3, 0x6E, 0x5E, 0xE1, 0x8A, 0xBF, 0x31, 0xE7,
    0x56, 0x4D, 0xCB, 0x76, 0x80, 0x6A, 0xF7, 0x68, 0x03, 0x9E, 0x87, 0x66, 0x16, 0xF4, 0x29, 0xB4,
    0x7A, 0x00, 0x03, 0xDE, 0xE8, 0x06, 0x7D, 0xD9, 0x75, 0xE6, 0x62, 0xEF, 0x70, 0xD0, 0xA7, 0x1C,
    0x28, 0x9B, 0x73, 0x4C, 0x47, 0xD9, 0xBA, 0x43, 0x17, 0x32, 0xDC, 0x0D, 0x99, 0xAF, 0x98, 0x12,
    0x84, 0x05, 0x35, 0x58, 0xAF, 0xEC, 0x6B, 0x91, 0x12, 0xC0, 0xA0, 0xB7, 0xBE, 0xC0, 0x3B, 0x51,
    0x9C, 0x9D, 0x3C, 0x78, 0x47, 0x72, 0xDD, 0x80, 0x8E, 0x5B, 0x1B, 0x26, 0xDD, 0xD7, 0x88, 0x23,
    0x19, 0xF6, 0x5D, 0x24, 0x99, 0x51, 0xA5, 0xC2, 0xB3, 0xFF, 0x66, 0x33, 0xC7, 0xD0, 0x27, 0xC6,
    0x64, 0xB2, 0xAA, 0x92, 0x2A, 0x47, 0x4E, 0x25, 0x9F, 0xD8, 0xBA, 0xE1, 0xA1, 0x47, 0x61, 0x49,
    0xCB, 0xAC, 0x7B, 0x14, 0xB4, 0x75, 0x63, 0x49, 0xCB, 0x20, 0xAE, 0x4F, 0xFB, 0xEF, 0xE6, 0xCF,
    0xEC, 0xD3, 0x36, 0xB7, 0xBF, 0x96, 0xA9, 0x9F, 0x64, 0x80, 0x71, 0x13, 0xF4, 0xAB, 0x70, 0xBD,
    0x23, 0x1C, 0x07, 0xDA, 0xB1, 0x8E, 0x03, 0x24, 0x7F, 0x15, 0xB4, 0x8F, 0x6B, 0xED, 0x2E, 0x10,
    0x9A, 0x39, 0xF1, 0x72, 0x8D, 0xD3, 0xA3, 0x30, 0xE9, 0x11, 0x8E, 0x43, 0x8D, 0xEF, 0x47, 0x01,
    0xD3, 0x4B, 0x0C, 0xDA, 0x11, 0xB5, 0x44, 0x75, 0x0E, 0x93, 0x3E, 0x3A, 0xC7, 0xB0, 0x0D, 0xDA,
    0x2F, 0x12, 0x30, 0x37, 0x55, 0xB4, 0xAB, 0xEF, 0x30, 0x97, 0xAA, 0x19, 0xD5, 0xBF, 0x57, 0xEA,
    0x0B, 0xDB, 0xE2, 0x8D, 0x47, 0x08, 0x1B, 0x89, 0x9E, 0x1E, 0x49, 0xE9, 0x7F, 0x06, 0xDB, 0x7F,
    0x15, 0x79, 0x39, 0xE1, 0x09, 0x5E, 0x77, 0xEA, 0x08, 0x9A, 0x26, 0xBA, 0x2E, 0x1A, 0xC0, 0x0E,
    0xF1, 0x84, 0xDF, 0x83, 0x00, 0x84, 0x6D, 0x8E, 0xAE, 0x83, 0x9A, 0x6D, 0xD0, 0xEC, 0x9F, 0xBC,
    0x43, 0x30, 0x2F, 0x7B, 0xC7, 0x05, 0x5D, 0x88, 0xAC, 0x47, 0xFC, 0x18, 0x7E, 0xEA, 0x91, 0xFC,
    0x96, 0xFF, 0x00, 0x59, 0x8F, 0xB8, 0x12, 0x2F, 0x96, 0x82, 0x60, 0xDD, 0x11, 0x24, 0x8B, 0xEF,
    0x5E, 0x34, 0x74, 0x2B, 0x28, 0xBA, 0xFF, 0x2F, 0x14, 0x2D, 0xA1, 0x68, 0x08, 0x45, 0xBD, 0x82,
    0x82, 0xB9, 0x90, 0x34, 0x03, 0x14, 0x96, 0x50, 0x0C, 0x84, 0x42, 0x0D, 0x27, 0x17, 0x87, 0xD6,
    0x80, 0x6F, 0xAE, 0x42, 0xD0, 0xC1, 0xCC, 0x15, 0x7C, 0x17, 0xF3, 0x79, 0x6A, 0x62, 0xCB, 0x62,
    0xDB, 0x2B, 0x12, 0x54, 0x57, 0xAC, 0x29, 0xD1, 0x12, 0x23, 0x51, 0x1A, 0xD1, 0xD8, 0x66, 0x6B,
    0x57, 0x0D, 0x79, 0x3E, 0xD1, 0x58, 0x67, 0xDC, 0xF3, 0x26, 0x1E, 0x5E, 0xCF, 0xDB, 0xB2, 0xBF,
    0x97, 0xDB, 0xCF, 0xC5, 0xB9, 0x23, 0xF1, 0x1B, 0x77, 0xEA, 0xB0, 0xEF, 0xCC, 0x87, 0x99, 0x99,
    0x53, 0xE7, 0x99, 0x0E, 0x2D, 0x5D, 0xF1, 0x9F, 0x24, 0x8D, 0xBA, 0x11, 0xDD, 0x76, 0xF4, 0xED,
    0xCC, 0x18, 0xD4, 0x43, 0xA6, 0x3F, 0xD7, 0xE5, 0x3E, 0x28, 0x0F, 0xF2, 0x6A, 0x3D, 0x3E, 0xB1,
    0xBF, 0x77, 0x3B, 0x6B, 0x5B, 0x1C, 0xA5, 0x6E, 0xAD, 0xFD, 0x14, 0x0D, 0x59, 0x19, 0x3A, 0x51,
    0xB2, 0x70, 0xD2, 0x56, 0x14, 0xB9, 0x26, 0xA8, 0x3F, 0xCB, 0x5C, 0x08, 0xFB, 0xBC, 0x0E, 0x2E,
    0x21, 0x9E, 0xFA, 0x43, 0x5C, 0xC5, 0x30, 0x21, 0x89, 0xE6, 0x7D, 0x36, 0x6E, 0xC0, 0x2F, 0xFD,
    0x47, 0xC8, 0x9D, 0xF3, 0x8A, 0x6A, 0x85, 0x8D, 0xDE, 0xB4, 0x11, 0x94, 0x8A, 0x7C, 0xFB, 0x6D,
    0x5C, 0xDF, 0xF0, 0xED, 0x75, 0x70, 0x94, 0x3B, 0xEE, 0xDA, 0x6D, 0x80, 0xBB, 0xA7, 0x35, 0x4C,
    0x24, 0x6C, 0x3C, 0x57, 0xFC, 0xF4, 0xE6, 0x8E, 0x1E, 0x6D, 0x65, 0xD1, 0x42, 0x1E, 0xEC, 0x92,
    0xB3, 0xD6, 0x9E, 0x1A, 0x76, 0xED, 0x3D, 0x75, 0xE7, 0x3D, 0xB4, 0xBF, 0x47, 0x57, 0x2D, 0xD8,
    0x09, 0x21, 0x13, 0x32, 0xD6, 0xEC, 0x1F, 0xAF, 0x1A, 0xCD, 0x4B, 0x59, 0xD8, 0xC8, 0x68, 0xA2,
    0x3A, 0x6E, 0x63, 0xA1, 0x54, 0x4D, 0xD2, 0xA5, 0xB6, 0x48, 0x9B, 0xA4, 0xFD, 0x6B, 0x5B, 0xE4,
    0xAD, 0xF0, 0x42, 0x5B, 0xD8, 0x56, 0x30, 0xB6, 0xBF, 0xB2, 0x38, 0x17, 0x61, 0x1F, 0xCA, 0xBF,
    0x84, 0xBC, 0x3F, 0xFA, 0xBC, 0x4D, 0x70, 0x7E, 0x32, 0xE9, 0x44, 0xFB, 0xF2, 0x3F, 0xE2, 0x0E,
    0x6D, 0x8F, 0x43, 0xFC, 0x3F, 0xA0, 0x31, 0x3D, 0x21, 0x67, 0x99, 0x9A, 0x75, 0x0C, 0xEE, 0xF7,
    0x8A, 0x2D, 0x06, 0x69, 0x16, 0xAE, 0x75, 0xD0, 0x20, 0x5C, 0xFD, 0x4E, 0x4C, 0x95, 0xF3, 0xDB,
    0xE0, 0x81, 0x3D, 0x14, 0x16, 0xF8, 0xEE, 0xED, 0x1B, 0x56, 0x16, 0x02, 0x7A, 0x79, 0xAB, 0x4C,
    0xF8, 0x09, 0xD3, 0x99, 0x04, 0xB9, 0x08, 0x41, 0xE7, 0xAB, 0x88, 0x80, 0x91, 0x22, 0x35, 0x08,
    0x6E, 0xCB, 0x96, 0xF9, 0xBB, 0xFF, 0x66, 0xA3, 0xCB, 0xB3, 0x82, 0x8E, 0xEE, 0x1C, 0xD6, 0xD7,
    0xFF, 0x89, 0xF3, 0xA9, 0x3C, 0xA3, 0x81, 0xED, 0x51, 0x2C, 0x09, 0x93, 0xB9, 0xFD, 0x47, 0x4F,
    0xF5, 0x73, 0xC7, 0x44, 0xBF, 0x61, 0x4C, 0x22, 0x21, 0x89, 0x11, 0xFF, 0xFA, 0xCA, 0x2E, 0xD0,
    0x42, 0x12, 0x13, 0x72, 0x4B, 0xF9, 0x58, 0xCE, 0xDC, 0x87, 0xE5, 0xD9, 0xC8, 0x77, 0xB9, 0xF3,
    0x82, 0x09, 0x2D, 0x5A, 0xFE, 0x44, 0x3A, 0x69, 0x71, 0x7C, 0xCF, 0xB7, 0xA8, 0x31, 0x6D, 0x6C,
    0x54, 0x53, 0xB2, 0x1B, 0x92, 0xBD, 0x45, 0x56, 0x6B, 0xB9, 0xEC, 0xD3, 0xD1, 0xDE, 0x24, 0xD7,
    0xDF, 0x40, 0x75, 0x48, 0x9F, 0x57, 0xDB, 0x35, 0xB9, 0xC5, 0xAA, 0xD8, 0xC7, 0x2C, 0x72, 0x70,
    0xE8, 0xF9, 0xB0, 0x38, 0x07, 0xE0, 0x0C, 0x2B, 0xEC, 0x0F, 0xFC, 0xBF, 0x06, 0x28, 0x37, 0xDD,
    0x5E, 0xFF, 0xFA, 0x91, 0x60, 0xAE, 0x47, 0xB8, 0xF4, 0xEF, 0x4C, 0xEC, 0xA8, 0x4B, 0xD6, 0x0E,
    0xB6, 0x28, 0x3B, 0x70, 0x9E, 0x88, 0x4D, 0xD7, 0x16, 0x36, 0x0A, 0xA7, 0x88, 0x3B, 0xE4, 0x41,
    0x65, 0x68, 0x08, 0xFD, 0x1A, 0x34, 0x3F, 0x78, 0x99, 0x5A, 0x15, 0x76, 0x27, 0x68, 0x1F, 0x92,
    0x29, 0xDB, 0xF9, 0x70, 0x30, 0xE3, 0xC3, 0x79, 0x33, 0x69, 0xE9, 0x9F, 0x79, 0x54, 0xF9, 0xBC,
    0xF7, 0x43, 0x3C, 0xDB, 0x47, 0x2B, 0x3B, 0xE2, 0x2A, 0x19, 0x56, 0xC4, 0x53, 0xB7, 0x51, 0xE5,
    0x9A, 0x46, 0xEC, 0xDC, 0x3A, 0xC2, 0x75, 0xC2, 0xC0, 0x37, 0xDF, 0x36, 0x77, 0xCD, 0x8B, 0x9E,
    0x46, 0xC8, 0x9F, 0xB9, 0xFB, 0xCD, 0x4C, 0xFE, 0x2D, 0xA6, 0xBE, 0x11, 0x52, 0xF8, 0x5B, 0xF6,
    0xEE, 0xC2, 0x0E, 0x0F, 0x62, 0x48, 0x7F, 0x29, 0x0F, 0x2A, 0x02, 0xE1, 0xD0, 0xD9, 0x55, 0xF4,
    0x23, 0xDE, 0xFF, 0x2B, 0x14, 0xD4, 0xD0, 0x05, 0x83, 0x2C, 0xCE, 0x75, 0xD9, 0x4F, 0x12, 0x9E,
    0x25, 0xC8, 0x00, 0x4B, 0xFC, 0x5B, 0xA2, 0xCE, 0x87, 0x50, 0xF4, 0x2E, 0x42, 0xDC, 0xCB, 0xFA,
    0x9F, 0x27, 0x78, 0xEB, 0xCE, 0x74, 0xCE, 0x41, 0x30, 0x6C, 0xCF, 0x2F, 0x1C, 0x1B, 0x68, 0x5C,
    0x7D, 0xAB, 0xF6, 0xC7, 0x7E, 0x89, 0x5E, 0xCD, 0xC5, 0x43, 0x65, 0xDC, 0x71, 0xBA, 0xB7, 0x17,
    0x2F, 0x91, 0xFF, 0x88, 0x9D, 0x71, 0xFC, 0xAB, 0x2E, 0x60, 0xFF, 0x28, 0x61, 0x73, 0x8A, 0xCB,
    0x3D, 0x3B, 0xA0, 0xF5, 0x20, 0xE1, 0x89, 0xE3, 0xF9, 0x61, 0x3C, 0x86, 0x1C, 0xD5, 0x2F, 0x00,
    0x40, 0x0D, 0xB9, 0x63, 0x3D, 0x17, 0xC1, 0x8A, 0xF5, 0x84, 0xCC, 0x82, 0x3F, 0x6E, 0x8A, 0x79,
    0x0D, 0xEE, 0x9C, 0x98, 0xE9, 0xB7, 0x15, 0x73, 0xAD, 0x56, 0xB0, 0x3A, 0xEB, 0xE4, 0xCE, 0xFF,
    0x0A, 0xD0, 0x6C, 0x65, 0x5E, 0x6F, 0x0D, 0xDE, 0xD9, 0xC3, 0x42, 0x4E, 0x66, 0x7B, 0xE7, 0x55,
    0xB5, 0x20, 0x49, 0x15, 0x5E, 0xE3, 0x06, 0x48, 0xDF, 0xA2, 0x92, 0x9F, 0xD4, 0x8B, 0xB7, 0x54,
    0x7B, 0xF4, 0xBF, 0xD5, 0x58, 0xB1, 0x8E, 0xDD, 0x54, 0x10, 0x1D, 0xDB, 0x62, 0x2D, 0x62, 0x09,
    0x37, 0x41, 0x42, 0x8A, 0x84, 0x29, 0x28, 0x43, 0x9C, 0x72, 0x8B, 0xDD, 0xBD, 0x0E, 0xBF, 0xC1,
    0x47, 0xA4, 0xA1, 0x48, 0xB1, 0xAC, 0x2D, 0xF1, 0x03, 0xF9, 0x04, 0x4A, 0x94, 0x06, 0x0A, 0x8A,
    0x14, 0x0B, 0x36, 0xA2, 0x48, 0x41, 0x81, 0x45, 0x43, 0x89, 0x89, 0x56, 0xA2, 0x48, 0x63, 0x24,
    0x0B, 0x39, 0xC4, 0xF6, 0x70, 0xCE, 0x5C, 0xBF, 0xF7, 0xBC, 0x81, 0x12, 0x08, 0xB1, 0xDE, 0x9B,
    0x9B, 0x7D, 0xB6, 0xEF, 0x9D, 0x39, 0x73, 0xE6, 0xDC, 0xB9, 0x11, 0xC1, 0xF5, 0x3E, 0x8D, 0xCC,
    0x66, 0x97, 0xCD, 0xBF, 0x2F, 0x45, 0x72, 0xAD, 0x2E, 0x25, 0x54, 0x1D, 0x7A, 0x49, 0xE7, 0x44,
    0x5B, 0x29, 0xFB, 0x50, 0x0B, 0xD1, 0x06, 0x9F, 0x48, 0x05, 0x36, 0x86, 0xAD, 0xDB, 0x14, 0x6F,
    0xD4, 0x5D, 0x36, 0xD1, 0xE6, 0x66, 0xDD, 0x88, 0xBB, 0x9D, 0x1B, 0xCC, 0xF6, 0xB0, 0x2D, 0x6C,
    0xA0, 0x0D, 0x6C, 0x68, 0x36, 0xD2, 0x02, 0x16, 0xAF, 0x3B, 0xCE, 0x2D, 0xD9, 0x28, 0xF9, 0x28,
    0xE9, 0x84, 0x15, 0x70, 0xEB, 0x43, 0xAD, 0xF0, 0x8A, 0xD2, 0x8F, 0x5B, 0xFA, 0xD0, 0xBC, 0x91,
    0x77, 0x68, 0xBE, 0xA1, 0xD1, 0xBD, 0xA7, 0x9F, 0xD0, 0x9C, 0x63, 0xC6, 0x6E, 0x90, 0x4C, 0xE1,
    0x5F, 0xFD, 0x9D, 0x16, 0xA1, 0x8A, 0x16, 0xF1, 0x0C, 0xE7, 0x30, 0x9D, 0x36, 0x98, 0x59, 0x9B,
    0xBC, 0x17, 0xAE, 0x1A, 0x68, 0xE5, 0x18, 0x81, 0xEB, 0x23, 0x2E, 0x1C, 0x2D, 0x30, 0xC9, 0x24,
    0x79, 0x9F, 0x0E, 0x92, 0x8E, 0x65, 0x0B, 0x7F, 0x10, 0x9E, 0xD4, 0x83, 0x5F, 0x52, 0xDE, 0xF4,
    0x83, 0x2B, 0xFC, 0x50, 0x5D, 0xFB, 0xCB, 0xDF, 0xBB, 0xE3, 0x87, 0x07, 0x52, 0xEB, 0x14, 0xE3,
    0xE5, 0x5A, 0xC7, 0x18, 0xBE, 0x11, 0x97, 0x53, 0x91, 0x04, 0xC3, 0x89, 0x48, 0xBA, 0x0E, 0x0B,
    0xBD, 0x65, 0xB8, 0xF2, 0x58, 0x84, 0x70, 0x01, 0x25, 0xE2, 0x35, 0xF8, 0x01, 0x38, 0x01, 0xB7,
    0x80, 0xC3, 0x20, 0x21, 0x07, 0x80, 0xD1, 0x89, 0x61, 0xD2, 0xC2, 0x2D, 0x0C, 0x8D, 0x0D, 0x49,
    0x63, 0x3F, 0xA6, 0x85, 0xBD, 0x40, 0x4F, 0xDC, 0x12, 0x10, 0x2D, 0x80, 0x80, 0x29, 0x19, 0x46,
    0x4B, 0xAF, 0xEA, 0x79, 0x0D, 0xC4, 0xDE, 0xC0, 0xED, 0x8D, 0x4D, 0xBD, 0xB5, 0x98, 0x32, 0x91,
    0x1B, 0x12, 0x4E, 0x74, 0xB7, 0x06, 0x88, 0xCA, 0x0C, 0xDF, 0x5F, 0x80, 0x96, 0x24, 0x33, 0x13,
    0x9E, 0x4C, 0x00, 0x15, 0xD9, 0x61, 0xCE, 0xD3, 0x91, 0x36, 0x1B, 0x18, 0x65, 0xDE, 0x27, 0x33,
    0xBD, 0x04, 0xD0, 0xAB, 0x2D, 0xBB, 0x7C, 0xBC, 0x2B, 0xE5, 0x1F, 0x3A, 0xF6, 0x52, 0xEA, 0xCF,
    0x98, 0xC7, 0x2D, 0x8C, 0x3E, 0xEB, 0xE2, 0x51, 0xF6, 0x57, 0x54, 0x31, 0xC8, 0xA8, 0x4F, 0xE8,
    0xE5, 0x6C, 0x80, 0x7A, 0x57, 0x9D, 0x3D, 0x94, 0x76, 0xF2, 0xD2, 0x95, 0x9B, 0xB3, 0xCE, 0x07,
    0x65, 0x77, 0x15, 0x13, 0x20, 0xF1, 0xB4, 0x51, 0x4D, 0x9B, 0xE4, 0xB4, 0x6F, 0x65, 0xCC, 0xDD,
    0xED, 0x8C, 0xF3, 0x1C, 0xA7, 0xB4, 0x5F, 0xD2, 0x2D, 0xE9, 0x68, 0xA3, 0x26, 0xA1, 0x35, 0x62,
    0xA5, 0xAA, 0x08, 0xE0, 0x5D, 0x61, 0x18, 0x27, 0xC2, 0x90, 0x1E, 0x98, 0x25, 0xFD, 0x98, 0x02,
    0xF0, 0xB3, 0x54, 0x84, 0x30, 0x01, 0x0D, 0xA4, 0x76, 0xF5, 0xE3, 0x63, 0x3C, 0x25, 0xE7, 0x21,
    0xD6, 0x70, 0x74, 0x32, 0x27, 0x4F, 0x19, 0x9E, 0x70, 0x62, 0x04, 0x74, 0xDD, 0xE9, 0xDF, 0x3B,
    0x16, 0x4F, 0x2B, 0x69, 0x4B, 0x1C, 0x08, 0x2A, 0x59, 0x19, 0x4E, 0x00, 0x36, 0x1E, 0x81, 0x6B,
    0x4A, 0x1A, 0x66, 0x5B, 0x2E, 0xCE, 0x9E, 0x90, 0xAE, 0xCF, 0xA7, 0x63, 0xB7, 0xE8, 0xD4, 0x3B,
    0x60, 0xD8, 0xE6, 0x9A, 0x68, 0x91, 0x8C, 0xE1, 0xEA, 0xC5, 0x31, 0xDC, 0x76, 0xF2, 0xB5, 0xA4,
    0x3F, 0x0D, 0xC2, 0xA2, 0x8C, 0xC8, 0xD9, 0xE5, 0xB0, 0x2E, 0x39, 0xA0, 0x40, 0x26, 0x5B, 0x3C,
    0xD7, 0x18, 0x3A, 0xBF, 0x24, 0x5C, 0x4E, 0xC6, 0x0D, 0xC6, 0xAC, 0xFD, 0xB7, 0xEC, 0x3C, 0xA8,
    0xE4, 0x0C, 0x7C, 0xE4, 0x17, 0x95, 0x0A, 0xD7, 0x2B, 0x9B, 0xBA, 0xC4, 0x74, 0xB5, 0xFA, 0xEC,
    0x25, 0x92, 0x14, 0x49, 0xE3, 0x24, 0xFA, 0x6D, 0xC2, 0xBD, 0x01, 0xCF, 0xF1, 0x3D, 0x80, 0x50,
    0xAE, 0x6B, 0x07, 0xF8, 0xD4, 0xF8, 0x93, 0xB2, 0x80, 0xE5, 0x13, 0x7E, 0x37, 0x2E, 0x30, 0x23,
    0xCC, 0x50, 0xBE, 0x59, 0xDE, 0x75, 0x8D, 0x94, 0xBF, 0x36, 0xA4, 0x9D, 0x94, 0x74, 0x71, 0x93,
    0xFD, 0x07, 0x08, 0x95, 0xA5, 0xC6, 0xC8, 0xB3, 0x27, 0x84, 0x37, 0xA5, 0x87, 0x96, 0x29, 0xAC,
    0x34, 0x6F, 0xC0, 0xA6, 0x17, 0x94, 0x2A, 0xC6, 0xCC, 0x25, 0x29, 0x55, 0xF2, 0x6A, 0xA4, 0x8A,
    0x4C, 0x43, 0xA5, 0x46, 0x1D, 0x6A, 0x2C, 0x18, 0x09, 0x8D, 0x11, 0xC8, 0x64, 0xC5, 0x31, 0xBA,
    0xBC, 0xDA, 0xF2, 0x24, 0x24, 0x88, 0x19, 0x1F, 0x81, 0x7C, 0xC9, 0x3F, 0x28, 0x5F, 0xB8, 0xBE,
    0x92, 0xDB, 0xB0, 0x17, 0x01, 0xD7, 0xCF, 0xBF, 0x3F, 0x00, 0x18, 0x1B, 0x80, 0x3B, 0x46, 0xED,
    0x2E, 0xD3, 0xB0, 0x91, 0x12, 0xA6, 0x3D, 0x9F, 0x38, 0x33, 0x01, 0x3B, 0x5D, 0xF5, 0xCB, 0xCB,
    0x17, 0x01, 0xBC, 0x5C, 0xC5, 0xCB, 0x6B, 0x97, 0x97, 0x2E, 0xAF, 0x5C, 0x5E, 0xB8, 0xBC, 0x6E,
    0x79, 0xD9, 0xF2, 0xAA, 0xE5, 0x45, 0x8B, 0x9A, 0x55, 0xAD, 0x92, 0xE5, 0x15, 0xCB, 0x0B, 0xD6,
    0xAA, 0x57, 0xF5, 0xB2, 0x51, 0x08, 0x03, 0x30, 0xAB, 0x24, 0x1C, 0xEA, 0x3D, 0x80, 0xFD, 0x4E,
    0x04, 0xDC, 0x0E, 0xC0, 0x23, 0x11, 0x0A, 0x7E, 0xDE, 0x94, 0x14, 0xAD, 0x72, 0x61, 0x9E, 0x29,
    0x5C, 0x54, 0xAC, 0xC2, 0x04, 0xCB, 0x9B, 0x11, 0x60, 0xE5, 0xD4, 0xAC, 0xDC, 0xD7, 0x17, 0xB0,
    0x75, 0xD4, 0x84, 0x12, 0xE9, 0xBF, 0x5B, 0xBE, 0xD0, 0xE7, 0x7D, 0xA9, 0x3F, 0x00, 0x63, 0x8A,
    0xD5, 0xAA, 0x55, 0xB9, 0x25, 0xD5, 0xD9, 0xCA, 0x4E, 0x5F, 0x42, 0x0A, 0x8C, 0xC4, 0x5E, 0x14,
    0x61, 0x29, 0xD8, 0x99, 0x36, 0x18, 0x65, 0xFA, 0x1F, 0x82, 0xA9, 0x9E, 0x9F, 0x5B, 0xC7, 0xD2,
    0x06, 0xBC, 0x74, 0x1D, 0x98, 0xE8, 0x48, 0x78, 0xD7, 0x02, 0xD2, 0xAC, 0xCA, 0xAA, 0x7F, 0x1D,
    0x51, 0x09, 0x8C, 0x99, 0x91, 0xE1, 0x64, 0xB2, 0x0C, 0xF5, 0x3B, 0xEC, 0xAC, 0xA7, 0xAF, 0x13,
    0xAE, 0xBE, 0xF7, 0x20, 0xAE, 0x21, 0x7F, 0x88, 0x18, 0x5F, 0xC2, 0xDA, 0x4E, 0xAA, 0x6B, 0x08,
    0xF7, 0x34, 0xFF, 0x1D, 0xC2, 0x76, 0x9D, 0x70, 0x43, 0x97, 0xBC, 0x20, 0x6E, 0xE9, 0x33, 0xDB,
    0x22, 0xAD, 0xE8, 0x03, 0x4F, 0x83, 0xCF, 0x5F, 0x2B, 0x9C, 0xE9, 0x7D, 0x21, 0x1D, 0xE6, 0xC0,
    0x3B, 0xC1, 0xC4, 0x66, 0xC1, 0x17, 0x26, 0xB9, 0x94, 0x75, 0xAF, 0x90, 0xCE, 0x99, 0x35, 0x82,
    0xCE, 0xB7, 0x26, 0xC6, 0xE3, 0x74, 0xD8, 0xA8, 0xEA, 0xF9, 0x6B, 0x04, 0xB3, 0x15, 0xA6, 0xD5,
    0xA5, 0xB1, 0xD9, 0xB7, 0xD8, 0xD6, 0x97, 0x25, 0xC5, 0x2B, 0xA7, 0xF3, 0x07, 0x68, 0x3B, 0xE0,
    0x75, 0x75, 0x41, 0x84, 0x9F, 0x5A, 0xA3, 0x65, 0x7D, 0x5F, 0x60, 0xA4, 0x96, 0xFA, 0x80, 0xE5,
    0x2D, 0xEE, 0xA4, 0x81, 0x75, 0x76, 0xA9, 0x16, 0x75, 0x41, 0x68, 0x9C, 0x35, 0x36, 0x68, 0x59,
    0x20, 0x84, 0xCE, 0xF6, 0x3D, 0x67, 0x78, 0xEE, 0x14, 0x28, 0x1F, 0x0F, 0x8D, 0xA7, 0x1B, 0xC2,
    0x47, 0x8F, 0x1E, 0x72, 0x7B, 0x65, 0x13, 0x10, 0x7C, 0xB1, 0x70, 0xE3, 0xA7, 0x9F, 0x03, 0xC1,
    0x77, 0xB6, 0xF1, 0x03, 0x79, 0x34, 0x50, 0x29, 0x3B, 0x35, 0x64, 0xAA, 0xB0, 0x2E, 0xE1, 0xCA,
    0xDA, 0x28, 0xE5, 0xEA, 0x47, 0xBA, 0xE9, 0xC4, 0x7A, 0xB6, 0xF4, 0x32, 0x5A, 0x5F, 0x78, 0x61,
    0x6D, 0xB7, 0x33, 0x64, 0xF3, 0xF9, 0xC0, 0x96, 0xE4, 0x5A, 0xB3, 0x4B, 0x50, 0xEB, 0x16, 0x9C,
    0x22, 0x27, 0x1A, 0xC9, 0x9F, 0xCE, 0x74, 0xB8, 0xD1, 0x2B, 0xFC, 0x5C, 0xD5, 0x6C, 0xCE, 0x8A,
    0xBA, 0x32, 0xCB, 0x3A, 0x28, 0x38, 0x9B, 0x56, 0x5C, 0xD1, 0xFD, 0x68, 0x5B, 0xBC, 0x01, 0x53,
    0xB3, 0x0B, 0x08, 0xC7, 0x83, 0xD6, 0x22, 0xD7, 0x9F, 0x99, 0x55, 0x6B, 0x7F, 0xAD, 0xC1, 0x63,
    0xFA, 0x93, 0xE6, 0x23, 0x62, 0x83, 0x1E, 0xAF, 0x65, 0x07, 0x87, 0x65, 0x31, 0x79, 0x89, 0x43,
    0xCC, 0xD5, 0x11, 0xFB, 0x7A, 0x0B, 0x28, 0xD6, 0xE7, 0xE6, 0xD9, 0xD9, 0x4A, 0x57, 0xC3, 0x9C,
    0xAC, 0xB2, 0x40, 0xA6, 0xB5, 0x83, 0x59, 0xBD, 0x97, 0xBF, 0x5C, 0xD8, 0x38, 0x1D, 0xA6, 0x41,
    0xC9, 0x3A, 0x2C, 0x95, 0xA9, 0xBC, 0x31, 0x32, 0x39, 0x15, 0xCF, 0x3C, 0x6C, 0x45, 0x7A, 0x0E,
    0x1D, 0x87, 0x4C, 0x7B, 0x9E, 0x0A, 0xEE, 0x94, 0x63, 0x88, 0x65, 0x4F, 0xDD, 0xC4, 0xE1, 0x24,
    0x5B, 0x78, 0xF4, 0x39, 0x49, 0x95, 0x47, 0x9F, 0xF3, 0x58, 0x3F, 0xC5, 0xF0, 0x38, 0xD2, 0x27,
    0x0D, 0xAB, 0x40, 0x9F, 0x55, 0x04, 0xD9, 0xBA, 0x9E, 0xDE, 0xB0, 0xC5, 0x0C, 0x39, 0x06, 0xBC,
    0xCA, 0xFA, 0x41, 0x41, 0xB0, 0x03, 0xC5, 0x10, 0xB1, 0xED, 0xD3, 0x8A, 0xA5, 0xC9, 0x1D, 0x71,
    0xDA, 0x95, 0xAF, 0x55, 0xAF, 0xEF, 0xC9, 0xAC, 0x39, 0x32, 0xB1, 0xB4, 0xBC, 0x8C, 0x5E, 0x49,
    0xB7, 0xD7, 0xFD, 0x60, 0x81, 0x97, 0x70, 0xBE, 0xD6, 0x52, 0xAB, 0x4C, 0x5F, 0x80, 0xE4, 0x7A,
    0x4F, 0xAB, 0x74, 0xDE, 0x33, 0x9D, 0x87, 0xA3, 0x6C, 0x65, 0xFA, 0xBE, 0x99, 0xF7, 0x4C, 0x1F,
    0xDF, 0x2B, 0xBB, 0x6C, 0xEC, 0x6B, 0xB4, 0xF3, 0x0D, 0x5A, 0x3A, 0x16, 0x4B, 0x32, 0x92, 0x30,
    0x57, 0xCC, 0x1B, 0x8F, 0xD5, 0x6D, 0x59, 0xB1, 0xB1, 0xAB, 0xE0, 0xAC, 0x2B, 0x62, 0xBC, 0x44,
    0xEF, 0xDF, 0x26, 0xCB, 0x98, 0xB6, 0x96, 0x66, 0x34, 0x7E, 0x5B, 0x8E, 0x9B, 0x35, 0xDD, 0x31,
    0x7B, 0x5E, 0xDF, 0x20, 0xB9, 0x09, 0xDB, 0x52, 0x46, 0xCD, 0xC1, 0x92, 0x35, 0xBB, 0x6D, 0x65,
    0x5C, 0x60, 0x0B, 0x4F, 0x75, 0xCA, 0xF3, 0xE8, 0xD5, 0xB5, 0x88, 0xEC, 0x10, 0xCB, 0xE9, 0x57,
    0xB3, 0xFF, 0xED, 0x52, 0x0C, 0xCB, 0x3D, 0x2D, 0x81, 0xA2, 0xD6, 0x4D, 0x34, 0xB9, 0x36, 0x9E,
    0xB2, 0x2E, 0x99, 0xE2, 0x2A, 0xB1, 0x53, 0x6E, 0xE5, 0x6B, 0x91, 0xAB, 0x3B, 0xAB, 0x3A, 0xB9,
    0x83, 0x76, 0xB9, 0xBE, 0x87, 0xEF, 0xB7, 0x08, 0xE5, 0x09, 0x80, 0x80, 0xCF, 0x7C, 0x6E, 0xDF,
    0xED, 0xC2, 0x5B, 0xC4, 0x66, 0x27, 0x26, 0x16, 0x39, 0xA5, 0x27, 0xEE, 0x76, 0x27, 0x51, 0x3B,
    0x98, 0x29, 0xC1, 0xC5, 0x55, 0xE4, 0x15, 0xEA, 0x10, 0x58, 0x40, 0x15, 0xEC, 0xFC, 0xE4, 0xE4,
    0x0C, 0x45, 0x7F, 0x26, 0x37, 0x71, 0x36, 0xB9, 0x29, 0x76, 0x42, 0x11, 0x7F, 0xFC, 0x59, 0x4F,
    0x04, 0xDE, 0xFA, 0xE6, 0x36, 0xB1, 0x42, 0xDC, 0x96, 0xFA, 0xDA, 0x72, 0xFC, 0x4D, 0xD9, 0xFB,
    0x75, 0x9B, 0x9D, 0xBD, 0x7E, 0x8C, 0x33, 0x99, 0x2F, 0x9B, 0x03, 0xFB, 0x7D, 0xBB, 0xE2, 0xE5,
    0xFF, 0x42, 0xF6, 0x64, 0x59, 0xAF, 0x1B, 0x15, 0x59, 0x85, 0x67, 0x50, 0xA2, 0x80, 0x40, 0x67,
    0x28, 0x3C, 0x08, 0x01, 0x3A, 0x20, 0xE4, 0xD4, 0x3E, 0x3C, 0x42, 0x0C, 0xCC, 0x8C, 0xB3, 0x4F,
    0xF9, 0x4B, 0x83, 0x03, 0x10, 0xCE, 0x3F, 0x38, 0xFE, 0xEC, 0x4F, 0x3F, 0x99, 0x9F, 0xC6, 0x3E,
    0x90, 0xDF, 0xDC, 0xFE, 0xCF, 0x00, 0xD7, 0x9F, 0x25, 0x50, 0x31, 0x4E, 0xC4, 0x30, 0x10, 0x9C,
    0xC4, 0x45, 0x40, 0x2E, 0xFC, 0x01, 0xA4, 0x50, 0x50, 0x20, 0x51, 0xB8, 0xB9, 0x82, 0xE2, 0x94,
    0x35, 0x3F, 0xE0, 0x41, 0x07, 0xB1, 0x44, 0xC9, 0x67, 0x28, 0xAF, 0x00, 0x79, 0x9F, 0x60, 0xF1,
    0x82, 0xF0, 0x03, 0x17, 0x29, 0x5C, 0x38, 0xB7, 0x6C, 0x60, 0x47, 0x2B, 0xED, 0x6A, 0xA5, 0xD9,
    0x99, 0x99, 0x20, 0x41, 0x78, 0x66, 0x9F, 0xED, 0xD2, 0x17, 0x7C, 0x00, 0x66, 0x71, 0xAB, 0x5B,
    0x7D, 0x21, 0xA6, 0xF0, 0x85, 0x15, 0x5A, 0x3E, 0x20, 0x71, 0x27, 0xCB, 0x20, 0x65, 0xFC, 0xAE,
    0x84, 0xCF, 0x03, 0x6E, 0xF0, 0x5F, 0xA6, 0x5A, 0xB8, 0xCB, 0x08, 0x2F, 0x1B, 0x8E, 0xD4, 0x70,
    0xB0, 0x8B, 0xCE, 0x85, 0x64, 0x21, 0xC9, 0xCF, 0xB8, 0x2B, 0x38, 0x6F, 0x43, 0x49, 0xFB, 0x1A,
    0xED, 0xA6, 0x4C, 0x89, 0x45, 0x41, 0x18, 0x23, 0x81, 0x58, 0x62, 0xCA, 0x12, 0x67, 0x96, 0xE0,
    0xC3, 0xAB, 0x5E, 0xA9, 0xD0, 0xFA, 0x50, 0x51, 0x4D, 0x71, 0xF9, 0x1A, 0x43, 0x55, 0x2E, 0x4C,
    0x63, 0x3C, 0xD9, 0x78, 0x76, 0xF1, 0xC5, 0x83, 0x2E, 0xB0, 0x15, 0x38, 0xB9, 0xD8, 0x6D, 0xC4,
    0xA6, 0xCD, 0x71, 0xA8, 0x02, 0xF7, 0xD3, 0x30, 0xBE, 0x15, 0x4C, 0x03, 0xE3, 0xDE, 0xFC, 0xE9,
    0x7A, 0xC4, 0x71, 0xEA, 0x9A, 0x7F, 0x2F, 0x4E, 0xD8, 0x0A, 0xCC, 0x86, 0xBE, 0xA2, 0x8B, 0x43,
    0xB1, 0x0A, 0xB3, 0x18, 0xB6, 0xF1, 0x55, 0xCD, 0xA9, 0x8A, 0x9C, 0xF2, 0xAC, 0x56, 0x1D, 0xEB,
    0xF7, 0x45, 0xA7, 0xA2, 0xEA, 0x72, 0xE2, 0x5D, 0x9F, 0x36, 0xEF, 0x70, 0xD1, 0xE3, 0xBC, 0x9B,
    0x8D, 0x03, 0x1C, 0xF7, 0x2B, 0xDA, 0x53, 0x93, 0x75, 0xCE, 0xB8, 0x85, 0x32, 0xB9, 0xA0, 0x4E,
    0x40, 0x81, 0xDA, 0x58, 0x46, 0xF6, 0x4C, 0x51, 0x11, 0x66, 0x24, 0x3D, 0x5F, 0x9D, 0x34, 0x95,
    0xBE, 0x91, 0x06, 0x27, 0xD9, 0x5C, 0xA0, 0xA1, 0xCC, 0xC2, 0x49, 0xF8, 0x17, 0xE5, 0x5C, 0xCF,
    0xAF, 0x24, 0xD5, 0x75, 0xBE, 0xD5, 0x05, 0x53, 0x0E, 0x25, 0x51, 0x28, 0x22, 0x11, 0x61, 0x12,
    0x17, 0xD9, 0x61, 0x83, 0xA7, 0x12, 0xC9, 0x0B, 0x16, 0x6F, 0xA6, 0x1A, 0x2C, 0x99, 0x05, 0x52,
    0xE2, 0x85, 0x51, 0x76, 0xC9, 0x26, 0x8B, 0xC4, 0x52, 0x34, 0x59, 0x64, 0xC1, 0x02, 0xA8, 0x4A,
    0x58, 0xB0, 0xF0, 0xC2, 0xF3, 0x1F, 0x84, 0x05, 0x0B, 0xE7, 0x6D, 0x60, 0xC1, 0xC2, 0x8A, 0x06,
    0xAA, 0xF0, 0x2C, 0xBC, 0x60, 0x41, 0xDB, 0x2C, 0x22, 0xC5, 0x0B, 0x0A, 0x8C, 0xE4, 0x58, 0x44,
    0x9A, 0x22, 0x74, 0x48, 0x91, 0xA9, 0xAA, 0x9B, 0xEF, 0xFB, 0xCE, 0xAD, 0xEE, 0x7E, 0x6F, 0x1E,
    0x3F, 0x12, 0x7B, 0xC4, 0xD8, 0x79, 0xF0, 0xEE, 0xAD, 0x79, 0xDD, 0x5D, 0xF7, 0xDC, 0x73, 0xCF,
    0x8F, 0xEF, 0xFC, 0xA8, 0x76, 0xAB, 0xAD, 0xC3, 0x4F, 0x3C, 0x6B, 0xF4, 0x35, 0x27, 0xDF, 0x71,
    0xCC, 0xF5, 0x82, 0xFB, 0x81, 0x3B, 0xF9, 0xE3, 0xF1, 0xB3, 0xD6, 0xE8, 0x5C, 0x36, 0xBB, 0x12,
    0xE3, 0xA4, 0x71, 0x0C, 0xE3, 0x25, 0x7C, 0x74, 0xE4, 0x3B, 0x8B, 0x21, 0x59, 0x3B, 0x57, 0x6E,
    0x33, 0x8E, 0x7D, 0x86, 0xBF, 0x94, 0xFC, 0x90, 0xAB, 0x34, 0x36, 0xDD, 0x05, 0x8D, 0x17, 0x79,
    0xCF, 0xCD, 0x7D, 0x1C, 0x5B, 0x67, 0xE3, 0xE0, 0x22, 0xDF, 0x46, 0x83, 0x5B, 0xF9, 0x3A, 0xDE,
    0x82, 0xA8, 0x75, 0xDC, 0xF3, 0x43, 0xBE, 0x77, 0x0D, 0x46, 0x12, 0xF7, 0xAA, 0xC3, 0x0A, 0x91,
    0x27, 0xD5, 0x2B, 0x8D, 0x6E, 0xC4, 0xFB, 0x6F, 0x37, 0x3A, 0x33, 0xAE, 0x5E, 0x6B, 0x5C, 0xE7,
    0x6D, 0xD3, 0x95, 0xAE, 0xA8, 0xFD, 0xA6, 0xC4, 0xFA, 0xBE, 0x5D, 0xC6, 0xAF, 0xE0, 0x16, 0x5F,
    0xE1, 0x2E, 0x6A, 0xF1, 0x7F, 0xAD, 0xD1, 0x0F, 0x1A, 0xB1, 0x7C, 0xE2, 0xCF, 0x61, 0xA1, 0xC4,
    0x63, 0x69, 0x97, 0xCE, 0xAE, 0xEA, 0xB8, 0x0B, 0x8E, 0xD8, 0x45, 0xCF, 0x11, 0xD7, 0xB9, 0xC6,
    0x62, 0x20, 0x49, 0x25, 0xC7, 0xD4, 0x6F, 0x57, 0x7E, 0x9D, 0xF9, 0x3E, 0x99, 0xDD, 0x9D, 0x4F,
    0x7E, 0xAB, 0x20, 0x67, 0x22, 0xF1, 0x6D, 0x35, 0x89, 0x37, 0x91, 0xF6, 0x9D, 0xE8, 0x1F, 0x85,
    0xAE, 0x1B, 0x1E, 0xF6, 0x4A, 0xCB, 0xAF, 0xBA, 0x33, 0x4E, 0xDC, 0xED, 0x39, 0x59, 0x89, 0x93,
    0x95, 0x78, 0xF8, 0xAC, 0xC6, 0x67, 0xC4, 0xC9, 0x07, 0xC9, 0x49, 0xDD, 0x51, 0x82, 0x03, 0xF2,
    0x4E, 0x8D, 0x95, 0x6E, 0xDC, 0x68, 0xC4, 0x76, 0x0E, 0x39, 0x49, 0xFA, 0x5A, 0xB7, 0xB0, 0xC1,
    0xC6, 0x87, 0xFC, 0xBF, 0xF1, 0xED, 0x9E, 0xF4, 0x7D, 0xE7, 0xF8, 0xFB, 0x22, 0xE5, 0x3C, 0x77,
    0x11, 0x79, 0x8F, 0x13, 0xCF, 0xFC, 0xA3, 0x9E, 0xA7, 0xC6, 0xD3, 0xC4, 0xDD, 0x4A, 0x7D, 0xAA,
    0x04, 0xDB, 0x1C, 0x4E, 0x16, 0x64, 0xBA, 0x7B, 0x49, 0xDA, 0xC3, 0xDA, 0xE0, 0x91, 0x23, 0x63,
    0x9E, 0xD6, 0xC1, 0x8E, 0x1A, 0x07, 0x11, 0xB5, 0xD5, 0xD8, 0x6B, 0x7C, 0x59, 0x37, 0x73, 0x7A,
    0xE7, 0xAA, 0xE7, 0xA7, 0x70, 0x9A, 0xD8, 0x28, 0x46, 0x1C, 0x4B, 0xDA, 0x63, 0xD9, 0xF7, 0xF2,
    0x4E, 0x1F, 0x06, 0xA5, 0xE7, 0x78, 0x07, 0x8C, 0xEF, 0xE1, 0xFE, 0x92, 0xB3, 0x4D, 0x55, 0x63,
    0xE9, 0xB2, 0x8E, 0x21, 0x64, 0xEB, 0x84, 0x32, 0x86, 0xE3, 0xFA, 0x1D, 0x97, 0x92, 0xA5, 0x31,
    0x77, 0x1B, 0xF3, 0x13, 0x91, 0x89, 0x14, 0xEF, 0x50, 0x40, 0x4C, 0x70, 0xB0, 0x5C, 0x52, 0x5B,
    0x2C, 0xC9, 0x47, 0xB0, 0xF1, 0x35, 0x92, 0xDD, 0xB8, 0x0C, 0x07, 0xE9, 0x8A, 0xDE, 0xF9, 0x75,
    0xB3, 0xA1, 0x38, 0x39, 0xDC, 0xEA, 0x3D, 0x1D, 0x06, 0x5E, 0xC0, 0x47, 0xF3, 0x59, 0xC7, 0xC0,
    0x37, 0xEB, 0x97, 0xA2, 0x4C, 0xF6, 0x17, 0xB6, 0xA7, 0xDD, 0x2F, 0x99, 0x4E, 0x96, 0x93, 0x04,
    0x2E, 0x8B, 0x5F, 0xB2, 0x9A, 0xCC, 0xA2, 0xB4, 0x55, 0xB8, 0x5D, 0x43, 0xCA, 0xF2, 0x1A, 0x34,
    0xBF, 0x05, 0x3D, 0xB9, 0x36, 0xB9, 0xE2, 0xD1, 0xE1, 0x94, 0x00, 0xDC, 0x9A, 0x35, 0x9D, 0x4E,
    0xC3, 0x93, 0x07, 0xE7, 0xC9, 0x97, 0x74, 0x5E, 0x06, 0xDE, 0xFD, 0x60, 0xC8, 0x07, 0x17, 0x84,
    0x4B, 0x47, 0x24, 0x71, 0xD2, 0x20, 0x91, 0x92, 0x44, 0x35, 0xED, 0x22, 0x49, 0x36, 0x50, 0x82,
    0xC8, 0xFB, 0x88, 0x37, 0x5E, 0xF1, 0x9E, 0x31, 0x29, 0x7E, 0x8B, 0xA4, 0x7A, 0x1D, 0x23, 0x5E,
    0xCC, 0x6C, 0x9F, 0x38, 0x52, 0x9D, 0x43, 0x29, 0xDD, 0xC5, 0x67, 0x7A, 0xAD, 0xBA, 0x9B, 0x57,
    0x5D, 0x1E, 0x66, 0x13, 0xF0, 0xB8, 0x35, 0x49, 0xC1, 0x2C, 0xC1, 0x4E, 0xC3, 0x9C, 0xAD, 0x2B,
    0x3F, 0xF3, 0xB6, 0x3C, 0x30, 0xFC, 0x25, 0x07, 0x69, 0xD5, 0x48, 0x79, 0xF4, 0x1B, 0xDE, 0xE9,
    0x88, 0xBA, 0x09, 0x52, 0xAE, 0x62, 0x86, 0x6A, 0xBA, 0x6D, 0xA4, 0x7F, 0x47, 0x3D, 0x38, 0x43,
    0x49, 0xDB, 0x80, 0x3B, 0xD9, 0x98, 0xBF, 0xDF, 0x52, 0x92, 0x06, 0x50, 0x18, 0x7B, 0xA8, 0x6D,
    0x39, 0x9B, 0x2D, 0xA3, 0x6A, 0x93, 0xCE, 0xAC, 0xDB, 0x1F, 0xCB, 0xC2, 0xC6, 0xAD, 0x6D, 0x00,
    0x62, 0x9F, 0x7A, 0x51, 0x32, 0x19, 0x1F, 0xC9, 0xBE, 0x6C, 0x5A, 0x2E, 0xB4, 0x89, 0x7C, 0xB9,
    0xC0, 0x5E, 0xEC, 0x02, 0x37, 0x16, 0x83, 0xC9, 0x5C, 0x08, 0x73, 0x6D, 0x8C, 0x90, 0x8E, 0xC8,
    0x9A, 0xF1, 0xD8, 0x9B, 0x1E, 0x0C, 0xA7, 0x6E, 0x81, 0xD9, 0x55, 0x1F, 0x4B, 0xE2, 0x71, 0x4D,
    0x8B, 0x01, 0x7E, 0xFB, 0x4D, 0x1C, 0x2E, 0x48, 0x7A, 0xA4, 0x0B, 0xD8, 0x2C, 0x6C, 0x0B, 0xD7,
    0xDC, 0x99, 0xAF, 0x71, 0xDD, 0x0C, 0xB8, 0xDF, 0xC8, 0x7B, 0x53, 0xA2, 0x41, 0xBB, 0xFF, 0xD8,
    0x7D, 0x2E, 0x1B, 0xF9, 0x7B, 0x67, 0xDA, 0xC8, 0xC9, 0x6C, 0x24, 0x65, 0x2A, 0xC2, 0x1D, 0xC1,
    0x50, 0xD0, 0x46, 0x1B, 0xD9, 0xEF, 0x6D, 0x64, 0xB3, 0x8C, 0xD8, 0x35, 0xDE, 0x73, 0x60, 0x23,
    0xCF, 0x35, 0x33, 0x14, 0x0A, 0xEB, 0x5E, 0xF6, 0xC3, 0x5D, 0xC7, 0xC7, 0xF7, 0x1F, 0xBF, 0x28,
    0x9E, 0xC8, 0xFF, 0x99, 0x30, 0x61, 0x3D, 0x4D, 0x99, 0x37, 0x21, 0x79, 0x4F, 0xD3, 0xC5, 0x53,
    0xC6, 0xF1, 0x41, 0xB2, 0x1F, 0x07, 0xA8, 0x29, 0x01, 0x6D, 0x58, 0x3B, 0xE3, 0x34, 0x82, 0x97,
    0x62, 0xFB, 0xC5, 0x17, 0xC5, 0xF4, 0x20, 0xC2, 0x12, 0xDD, 0x6D, 0xBC, 0x91, 0x04, 0xA7, 0xAD,
    0xA6, 0xCB, 0x26, 0x84, 0x3A, 0x8C, 0xCA, 0xCF, 0x66, 0x25, 0x4D, 0x8C, 0x37, 0x65, 0x27, 0x91,
    0x96, 0x80, 0xF9, 0xB6, 0x90, 0x0D, 0x69, 0x29, 0x8E, 0x94, 0x19, 0x9B, 0x52, 0x71, 0x62, 0x4D,
    0x89, 0x7A, 0xC8, 0x5F, 0x89, 0xFD, 0x15, 0x70, 0x17, 0x14, 0x6D, 0xDD, 0xF1, 0xF1, 0x0B, 0x4E,
    0x02, 0xAD, 0x75, 0x40, 0x8C, 0x79, 0x74, 0x13, 0x08, 0x97, 0x88, 0x91, 0x58, 0x51, 0xA6, 0xD8,
    0xAD, 0x36, 0xCE, 0xDD, 0x64, 0xF8, 0x21, 0x84, 0x13, 0xC5, 0x8B, 0xC4, 0xE1, 0x63, 0x3C, 0x01,
    0x2C, 0x1A, 0xDB, 0xFE, 0x52, 0xDB, 0x5F, 0xEE, 0xA5, 0xA0, 0x95, 0xD7, 0xFE, 0x48, 0x7E, 0xB1,
    0x8D, 0x6F, 0x4C, 0xF2, 0xA5, 0x6F, 0xD2, 0xDA, 0xF6, 0x65, 0xA6, 0xE9, 0x55, 0x4E, 0xD5, 0xBB,
    0x03, 0x85, 0xAD, 0xF9, 0x17, 0xE9, 0x92, 0x7F, 0xBB, 0xA5, 0xF1, 0x80, 0x79, 0xE3, 0x06, 0xBD,
    0x9C, 0x5A, 0xE4, 0x29, 0x6B, 0x58, 0x6B, 0xC3, 0x43, 0xA4, 0x84, 0xC1, 0x02, 0x3E, 0xE4, 0xDF,
    0xBB, 0x0B, 0xE2, 0x02, 0x6F, 0x00, 0x09, 0x85, 0x3B, 0x78, 0xF1, 0xFE, 0xE3, 0x7F, 0xA2, 0x01,
    0xB6, 0xA3, 0x69, 0xEF, 0xD6, 0x78, 0xC4, 0xF1, 0x75, 0x31, 0x5A, 0xDE, 0x6E, 0xD9, 0xE1, 0xF2,
    0x93, 0xE3, 0xA3, 0x7E, 0xC8, 0x41, 0xA2, 0x1F, 0x78, 0xFB, 0xDC, 0x51, 0x70, 0x2E, 0x09, 0xF0,
    0xC0, 0x39, 0x78, 0x39, 0x84, 0xA6, 0x8F, 0x64, 0xC6, 0xE2, 0x96, 0x9A, 0x91, 0xD4, 0x74, 0x20,
    0x99, 0xF4, 0xE6, 0x82, 0xD4, 0xE8, 0x48, 0x1C, 0x7C, 0x85, 0xB7, 0x9F, 0x7B, 0x49, 0x62, 0xBB,
    0x43, 0x4E, 0x2B, 0x89, 0x4A, 0xA4, 0x13, 0x74, 0x3A, 0x4E, 0xDE, 0xD1, 0xE5, 0x3F, 0xEE, 0x74,
    0xC0, 0x3A, 0x6D, 0xD3, 0xCF, 0x21, 0x30, 0xB8, 0xA7, 0xE2, 0x6A, 0xEA, 0xA9, 0xBD, 0x99, 0x59,
    0xD8, 0x60, 0x60, 0x0F, 0x26, 0x9C, 0x38, 0xD9, 0x06, 0x9E, 0x91, 0x6D, 0xF4, 0x7A, 0x66, 0x73,
    0x83, 0xC9, 0x95, 0xD5, 0xED, 0xF9, 0x3F, 0x85, 0x9D, 0x06, 0x11, 0x3C, 0x93, 0xF9, 0xDD, 0x2C,
    0x16, 0xD8, 0xA6, 0xC8, 0x6C, 0x31, 0x0F, 0x72, 0x25, 0xA5, 0x14, 0x6C, 0x91, 0x51, 0xF6, 0xB4,
    0xC6, 0x4D, 0x50, 0x7C, 0x97, 0x9B, 0xC8, 0x14, 0x61, 0xAA, 0x0F, 0xA7, 0xD2, 0x9D, 0x31, 0x7D,
    0x25, 0x30, 0xD9, 0x3E, 0x51, 0x6E, 0x0E, 0x7C, 0x7D, 0x2F, 0xD6, 0x88, 0x59, 0x8D, 0xC4, 0xB1,
    0xE0, 0x78, 0xB7, 0x00, 0xE6, 0xC3, 0x32, 0x3D, 0x8F, 0x88, 0x21, 0x2F, 0xCB, 0x1E, 0x75, 0x1C,
    0xE3, 0x36, 0x1D, 0x17, 0x2D, 0xCF, 0xE4, 0xEF, 0xBF, 0x4C, 0x0D, 0x87, 0x09, 0xA5, 0x11, 0x7A,
    0x4A, 0x23, 0x1D, 0x33, 0x8C, 0x27, 0x77, 0x00, 0xE1, 0x83, 0x69, 0x69, 0xBC, 0xE0, 0xC2, 0x1E,
    0xF9, 0xAD, 0xCF, 0x46, 0x7E, 0xA5, 0xF8, 0xF9, 0x95, 0x05, 0xAF, 0x04, 0xB7, 0x2F, 0xD3, 0x5D,
    0xCA, 0x70, 0x57, 0x3D, 0x51, 0x51, 0xD3, 0x51, 0x53, 0x9A, 0x2E, 0xA1, 0x72, 0x6F, 0xB8, 0xA2,
    0xCC, 0x9B, 0x19, 0x6F, 0x33, 0x6C, 0x60, 0x20, 0x81, 0x02, 0xA0, 0x88, 0x21, 0xBF, 0x9A, 0x0C,
    0x34, 0x93, 0x2C, 0xEE, 0xCB, 0xC1, 0x65, 0xB3, 0x34, 0x65, 0x32, 0xB5, 0x89, 0xA4, 0x43, 0x1C,
    0xF3, 0x61, 0x25, 0x9D, 0x21, 0x7E, 0x2D, 0xB7, 0x3A, 0xD7, 0xC5, 0xFA, 0x6E, 0x44, 0x03, 0xF5,
    0xA4, 0xA3, 0x76, 0x37, 0x27, 0x56, 0xDF, 0x8D, 0xD1, 0x62, 0x65, 0x65, 0x62, 0xD7, 0xB2, 0xAF,
    0x66, 0x5C, 0x69, 0x59, 0x6F, 0x27, 0xDC, 0x16, 0x3C, 0xAB, 0x81, 0x63, 0xFA, 0xD5, 0x69, 0xEF,
    0x5E, 0x57, 0xBD, 0xBC, 0x6B, 0x70, 0xAE, 0xF1, 0xC6, 0x26, 0x73, 0xB1, 0x89, 0x19, 0xBE, 0xB4,
    0xD6, 0x04, 0xFF, 0xAA, 0xC9, 0x68, 0xB9, 0x40, 0x19, 0xA7, 0x41, 0x16, 0x05, 0x4F, 0xDB, 0x24,
    0x03, 0x8F, 0x3B, 0x8B, 0xAC, 0xB8, 0x13, 0x45, 0x59, 0x2B, 0x9F, 0x61, 0xD8, 0xD0, 0x4D, 0x9A,
    0x0A, 0x13, 0xF7, 0x30, 0x95, 0x78, 0xD7, 0x0A, 0xD3, 0xDA, 0x26, 0x52, 0x33, 0xD8, 0xB4, 0x25,
    0x93, 0x38, 0x5D, 0x15, 0xA5, 0xB7, 0x47, 0xF8, 0xB3, 0x32, 0x35, 0x7C, 0x01, 0x21, 0x5A, 0x44,
    0xAF, 0x83, 0xA5, 0xC7, 0x15, 0x5E, 0x21, 0x3D, 0x13, 0x57, 0x07, 0x64, 0x28, 0x66, 0xC5, 0x05,
    0xA3, 0x3B, 0xF7, 0x12, 0x8F, 0xF7, 0xBF, 0xAF, 0x90, 0x6F, 0xE5, 0x36, 0x32, 0x06, 0xC2, 0xBC,
    0x6D, 0x02, 0x5F, 0xE5, 0x1B, 0xC8, 0xE7, 0x4C, 0x90, 0xA6, 0xAB, 0xBA, 0x67, 0x64, 0xC4, 0x02,
    0x26, 0xA2, 0xD1, 0xF4, 0x93, 0x1D, 0xBD, 0x7F, 0x9D, 0xEC, 0x04, 0xFB, 0x7C, 0x4B, 0xD6, 0xA7,
    0x73, 0x64, 0x8E, 0x29, 0xC3, 0xEA, 0x3A, 0xA1, 0x62, 0xB9, 0x80, 0x87, 0x03, 0x60, 0xD9, 0x3A,
    0x61, 0x05, 0x3A, 0x5C, 0x53, 0x20, 0xE8, 0xCA, 0xFD, 0xBE, 0xBD, 0xEC, 0xAF, 0xE4, 0xF3, 0x1A,
    0xF0, 0x06, 0xB4, 0x67, 0xB8, 0xC3, 0x44, 0x47, 0x95, 0xE0, 0xD6, 0x42, 0xF7, 0x3C, 0x8F, 0x68,
    0xA4, 0x5C, 0xE3, 0x2C, 0x6B, 0x70, 0x1E, 0xA2, 0x8E, 0x9D, 0xB7, 0x08, 0x4B, 0x9A, 0x3D, 0xB2,
    0x23, 0xA9, 0x53, 0x90, 0xD9, 0x4C, 0x50, 0x4E, 0x92, 0x59, 0x0D, 0x0B, 0x82, 0xD4, 0x59, 0x63,
    0xB8, 0xC4, 0xA1, 0xD1, 0xB0, 0x26, 0x38, 0x58, 0xF3, 0xA0, 0x6A, 0x98, 0xA1, 0xDC, 0xCB, 0x06,
    0x0E, 0xBF, 0x16, 0x7E, 0xCE, 0xFD, 0xE5, 0x12, 0xB7, 0xC9, 0x8A, 0x4E, 0x72, 0xD6, 0xAB, 0xD1,
    0x8C, 0xB4, 0x37, 0x80, 0x52, 0x0C, 0xBF, 0x86, 0x0E, 0xFC, 0xD7, 0x05, 0x41, 0x05, 0x03, 0x56,
    0xEE, 0x0C, 0x98, 0x96, 0xB2, 0x29, 0xEA, 0x4E, 0x18, 0x30, 0xB3, 0x5C, 0x21, 0x36, 0x58, 0x0C,
    0xD8, 0xDA, 0x0C, 0x98, 0xD9, 0xD2, 0x7C, 0x31, 0x60, 0x92, 0xD9, 0xA3, 0x13, 0x06, 0x6C, 0x1B,
    0x99, 0x01, 0x93, 0xE5, 0x52, 0x44, 0xE0, 0xF2, 0x9F, 0xCA, 0xE4, 0x2B, 0x1E, 0xC0, 0xF6, 0x66,
    0xF7, 0x12, 0xF4, 0x44, 0xD1, 0xC0, 0xD6, 0x21, 0x22, 0x25, 0x8D, 0x60, 0x58, 0xC7, 0x9D, 0x83,
    0x6B, 0xBE, 0x37, 0x89, 0xE0, 0x29, 0xAC, 0xB4, 0x80, 0xEF, 0x03, 0x48, 0xC1, 0xFB, 0x53, 0xDD,
    0x1D, 0x52, 0x9F, 0xF1, 0x62, 0xC5, 0x03, 0x93, 0xA5, 0x7C, 0x1B, 0x3E, 0x41, 0x2B, 0xE2, 0xC0,
    0x3F, 0xE2, 0x45, 0xF2, 0xBD, 0x69, 0xF5, 0x21, 0x15, 0x2B, 0x7D, 0x62, 0x8E, 0xAF, 0x51, 0xC2,
    0xB2, 0xD4, 0xA7, 0xCF, 0xE9, 0x22, 0xF6, 0x59, 0x1C, 0x2E, 0x2E, 0xD1, 0x39, 0xBA, 0x0B, 0xB1,
    0xBF, 0x2A, 0xAD, 0x7B, 0x18, 0x4C, 0xD3, 0xC5, 0x11, 0x96, 0x97, 0x91, 0xE7, 0xEE, 0xC4, 0xA5,
    0xA7, 0x9C, 0xB1, 0xDB, 0xBD, 0x02, 0xED, 0x95, 0x3C, 0xF9, 0xF6, 0xD5, 0x98, 0xEE, 0x0A, 0x17,
    0x4F, 0xC7, 0x8A, 0xAA, 0x15, 0xD1, 0xD0, 0x81, 0x6F, 0x19, 0xD8, 0xC0, 0x9C, 0x25, 0x72, 0x9C,
    0x36, 0x8D, 0x52, 0xEC, 0x10, 0xD0, 0x84, 0x28, 0x26, 0xC4, 0x30, 0xE0, 0xB8, 0x49, 0xA8, 0x40,
    0x52, 0x08, 0xE7, 0x82, 0xB3, 0x01, 0xAB, 0xCB, 0xFD, 0x44, 0x99, 0xEC, 0x65, 0x65, 0x15, 0xA0,
    0x32, 0x74, 0x09, 0xF1, 0x8A, 0x74, 0x03, 0x13, 0x38, 0xCE, 0x3F, 0x54, 0x54, 0x1D, 0xE2, 0xA1,
    0xA1, 0x92, 0x58, 0x15, 0x64, 0xCA, 0x4A, 0x37, 0xCE, 0x26, 0xCA, 0x4B, 0x65, 0x22, 0xDB, 0xEE,
    0x41, 0x01, 0xA3, 0xA3, 0x8D, 0x41, 0x86, 0x5C, 0xF0, 0xC1, 0x40, 0x84, 0xAC, 0x5F, 0x47, 0xA1,
    0xC0, 0x28, 0x12, 0xA4, 0x23, 0xAD, 0x54, 0x84, 0x23, 0x4D, 0x65, 0xCF, 0x3D, 0x96, 0x8A, 0x5C,
    0xF2, 0x21, 0x6C, 0xAB, 0xE2, 0x4B, 0x8F, 0x71, 0x5D, 0xB3, 0xC0, 0xE7, 0x21, 0x97, 0xE6, 0x80,
    0x84, 0x19, 0xFD, 0x29, 0xCC, 0x38, 0x9D, 0x85, 0x19, 0xC7, 0x1D, 0x66, 0x2C, 0xCE, 0xC2, 0x8C,
    0xA5, 0x61, 0xC6, 0x2A, 0x60, 0xC6, 0x6E, 0x09, 0xDB, 0x43, 0xE4, 0xBE, 0x87, 0x8E, 0x91, 0x41,
    0xC7, 0x80, 0x19, 0xE9, 0x99, 0x20, 0x1B, 0xD0, 0x69, 0xFC, 0x6F, 0xB1, 0xDC, 0x48, 0x9D, 0xFE,
    0x0E, 0xA3, 0x28, 0xC1, 0x20, 0x67, 0x30, 0x32, 0x9B, 0xF3, 0x9B, 0xA0, 0x0F, 0x6F, 0x97, 0x6B,
    0x2C, 0x06, 0xDE, 0xB3, 0xDC, 0x2A, 0x73, 0xA3, 0xE8, 0x12, 0x16, 0x67, 0x26, 0x6B, 0x69, 0xC7,
    0x1B, 0xC1, 0xA0, 0xC6, 0xA0, 0xCC, 0xA7, 0xC1, 0x0E, 0x8B, 0x08, 0xED, 0x98, 0x0C, 0x76, 0x84,
    0x44, 0xD1, 0x6A, 0x49, 0x14, 0x35, 0xBB, 0x44, 0x51, 0x2B, 0x18, 0xB0, 0xC6, 0x98, 0x58, 0xA2,
    0x68, 0x0A, 0x31, 0xB1, 0x3B, 0x85, 0x06, 0xFB, 0x4F, 0x18, 0x97, 0x14, 0x51, 0x74, 0x32, 0x45,
    0x94, 0x28, 0x45, 0xB4, 0xDA, 0xA5, 0x88, 0x36, 0x4C, 0x0E, 0xED, 0xC2, 0xDB, 0x5C, 0xA8, 0x21,
    0x04, 0xB6, 0xEB, 0x7D, 0x60, 0x7B, 0x09, 0xDB, 0xB8, 0xE4, 0xEE, 0xC5, 0x36, 0xEE, 0x3D, 0x1D,
    0xDE, 0xBA, 0xDD, 0x28, 0x0D, 0x5B, 0xC2, 0xF9, 0x25, 0x96, 0xDF, 0x8D, 0x27, 0x48, 0xDF, 0x6F,
    0x20, 0x93, 0x3E, 0xD9, 0x78, 0xDB, 0x85, 0x3D, 0xA4, 0x6B, 0x89, 0xC7, 0xF6, 0xA0, 0xD2, 0x85,
    0x23, 0xDD, 0x65, 0x20, 0x88, 0x80, 0xDE, 0xF5, 0xDF, 0xA5, 0x15, 0x88, 0xFD, 0x37, 0x98, 0x1A,
    0x61, 0xA4, 0x0F, 0x0B, 0x2E, 0x04, 0x52, 0xF6, 0x89, 0x4D, 0xE0, 0x0C, 0xA7, 0x6C, 0x92, 0x4E,
    0x05, 0x2C, 0xC2, 0xF7, 0x82, 0xF6, 0x7C, 0x54, 0x26, 0xA4, 0x18, 0x9A, 0xAD, 0xEE, 0xCC, 0x5B,
    0x17, 0x86, 0xD0, 0xC3, 0x81, 0x4A, 0xFE, 0x45, 0xD1, 0x7A, 0x4F, 0x58, 0x49, 0x2F, 0x15, 0x6C,
    0x00, 0x23, 0xA4, 0x2B, 0x49, 0xA7, 0x1D, 0xA7, 0xAD, 0x39, 0x0F, 0x4B, 0x92, 0x1F, 0xC9, 0xCD,
    0xF4, 0x26, 0x11, 0x1F, 0x75, 0x6E, 0xB7, 0x59, 0x79, 0x54, 0x4B, 0xC7, 0xE8, 0xE8, 0xC2, 0xBF,
    0x2C, 0x1A, 0x2D, 0x2D, 0xC7, 0xFE, 0xCF, 0xB6, 0xDB, 0xDE, 0x02, 0xD5, 0xB6, 0x09, 0xEE, 0x61,
    0x2B, 0x44, 0xAB, 0x83, 0x1C, 0x94, 0x9A, 0x2D, 0x61, 0x01, 0x68, 0xEE, 0xC1, 0x02, 0x43, 0x47,
    0x32, 0x8D, 0x50, 0xFD, 0x46, 0xD6, 0x5C, 0x37, 0x4F, 0x7F, 0x69, 0x23, 0xB0, 0xC4, 0x8F, 0x9F,
    0xD3, 0x08, 0x1C, 0xC6, 0x8F, 0x0A, 0x1C, 0x67, 0x0B, 0x1C, 0x6D, 0xBF, 0xCE, 0xF2, 0x0B, 0x41,
    0x12, 0x4E, 0x4D, 0xC3, 0x32, 0x95, 0x0C, 0x7A, 0xBB, 0xCA, 0x7F, 0x00, 0x65, 0xC1, 0x06, 0xB0,
    0x57, 0x58, 0x55, 0x33, 0x7C, 0x66, 0xCE, 0x2D, 0xBF, 0x6D, 0x36, 0x1D, 0xB4, 0xE1, 0xA5, 0x5D,
    0x1E, 0x27, 0xE3, 0x91, 0x63, 0xEB, 0x5E, 0x44, 0xCD, 0x37, 0x85, 0x20, 0x9F, 0xAE, 0x44, 0x8D,
    0x7F, 0x41, 0xF8, 0x96, 0x8E, 0xFC, 0xF8, 0xF8, 0x0A, 0x99, 0xFA, 0xA1, 0xF7, 0x6F, 0x1A, 0xAE,
    0xB7, 0x2B, 0xC3, 0xF6, 0x83, 0x58, 0x40, 0x7C, 0xBF, 0x15, 0x17, 0x8C, 0x9C, 0x93, 0x57, 0x04,
    0xD9, 0x7D, 0x24, 0xB9, 0x1A, 0x94, 0x10, 0xAB, 0xC5, 0x65, 0xCB, 0x88, 0xD9, 0x9B, 0x44, 0xC1,
    0xE1, 0x95, 0xC5, 0x6D, 0x34, 0xBB, 0xC4, 0x1E, 0xB3, 0xC0, 0x0A, 0x13, 0xF6, 0x93, 0x0B, 0x38,
    0x59, 0xAA, 0xAD, 0xB7, 0xEF, 0xAF, 0x72, 0x55, 0x3C, 0xF8, 0x41, 0x1E, 0xA4, 0x7D, 0xB0, 0x50,
    0x9D, 0x60, 0x6D, 0x14, 0xDA, 0x49, 0x2C, 0x41, 0x68, 0xB8, 0xFA, 0xB4, 0xBD, 0x75, 0x9F, 0x73,
    0x6F, 0xED, 0x89, 0xBD, 0x0D, 0xBB, 0xBD, 0x6D, 0xCF, 0xDA, 0x9B, 0x5B, 0xF6, 0xD6, 0x5B, 0x72,
    0xD3, 0xF6, 0x16, 0x76, 0xB9, 0x89, 0x97, 0x5D, 0xB6, 0x67, 0xED, 0x32, 0xD9, 0xED, 0x32, 0xEC,
    0xCD, 0x3E, 0x58, 0x9E, 0xD8, 0xE5, 0xB2, 0xB7, 0x8D, 0x0B, 0x17, 0xA6, 0x72, 0x6E, 0x9F, 0xB3,
    0xF8, 0xA4, 0xAB, 0xFA, 0x8C, 0xAB, 0xB5, 0x2C, 0x74, 0xAB, 0x11, 0x11, 0x79, 0x4B, 0xD1, 0xA7,
    0x9D, 0x76, 0xB2, 0xD0, 0xCB, 0x78, 0xEF, 0xCD, 0xEE, 0x66, 0x5F, 0xA4, 0x59, 0x87, 0x22, 0x4D,
    0x6A, 0x09, 0xC8, 0x49, 0x09, 0xC8, 0x03, 0xF1, 0x35, 0x4F, 0x9E, 0x0F, 0x96, 0x80, 0x5C, 0xC9,
    0xE3, 0xE5, 0x5E, 0xD2, 0x3B, 0x84, 0x75, 0x15, 0xF4, 0x24, 0xA4, 0x83, 0x7F, 0x4B, 0x45, 0x10,
    0x18, 0x16, 0xD1, 0x36, 0x89, 0x5F, 0xBA, 0x18, 0x43, 0x2C, 0xAE, 0x0B, 0x12, 0x2A, 0xDB, 0x4F,
    0x5A, 0x65, 0xFE, 0x45, 0xEE, 0x76, 0xB9, 0xF0, 0xCA, 0xBD, 0xEA, 0x42, 0xFE, 0x95, 0x4E, 0x75,
    0x14, 0xE9, 0x4D, 0x97, 0xCE, 0xB1, 0x85, 0xA0, 0xB1, 0xD7, 0x05, 0x0F, 0x54, 0x87, 0xC6, 0xC3,
    0xD0, 0x49, 0xF1, 0x2C, 0x78, 0xA1, 0x2C, 0x07, 0x29, 0x50, 0xA2, 0x43, 0x89, 0x19, 0xE6, 0x3A,
    0x14, 0x07, 0x80, 0xF2, 0xE7, 0x42, 0xB6, 0x61, 0x58, 0xE0, 0xDB, 0x68, 0xC5, 0x02, 0xB3, 0x7C,
    0xA2, 0xFC, 0x20, 0x89, 0x3F, 0x9E, 0x4C, 0xE2, 0x73, 0xE3, 0xA4, 0x4E, 0x94, 0x89, 0x2A, 0x51,
    0x64, 0x1A, 0x20, 0xB1, 0x20, 0x15, 0xA2, 0x40, 0xAB, 0x6B, 0x65, 0x25, 0x59, 0x2C, 0xC7, 0xA2,
    0xE2, 0x8B, 0x95, 0x46, 0xDC, 0x4C, 0xBF, 0x16, 0x89, 0xD1, 0x91, 0xEC, 0x26, 0xE2, 0x46, 0x73,
    0xCC, 0xA4, 0x64, 0x6D, 0x56, 0xD2, 0x60, 0xE4, 0x5A, 0xA3, 0x5D, 0x2B, 0x8A, 0xCF, 0x35, 0x16,
    0x7A, 0xCF, 0x45, 0xBD, 0xFF, 0xE1, 0x25, 0x43, 0xAE, 0x98, 0x9E, 0xE6, 0xD1, 0xF0, 0xA3, 0x50,
    0x47, 0xA5, 0x37, 0x36, 0x75, 0x35, 0xEC, 0x1D, 0xFD, 0x2E, 0xF2, 0x3A, 0x6F, 0x87, 0x69, 0xE5,
    0x12, 0x1A, 0xEB, 0x64, 0x4E, 0x94, 0x01, 0x52, 0xA8, 0xEE, 0x42, 0x62, 0xDA, 0x82, 0x1B, 0xB3,
    0xA9, 0xF4, 0x57, 0x6B, 0x46, 0xB6, 0xF9, 0xA8, 0xF4, 0x3A, 0x51, 0x11, 0x39, 0x8F, 0x90, 0xA9,
    0x1C, 0x48, 0x06, 0x01, 0xF2, 0x76, 0xB9, 0x30, 0x0E, 0x6F, 0x42, 0x05, 0x8B, 0xD4, 0x30, 0x4B,
    0x14, 0x09, 0xCE, 0x16, 0x83, 0x41, 0xD8, 0x4D, 0xA1, 0xA4, 0x01, 0x63, 0x9D, 0xAD, 0x33, 0x68,
    0x0A, 0xE1, 0x4B, 0x2D, 0x65, 0x25, 0xFB, 0x6A, 0x81, 0x4F, 0x41, 0x97, 0x58, 0x83, 0x3C, 0x2C,
    0x75, 0x99, 0xC8, 0xE0, 0x31, 0x12, 0x22, 0xCC, 0x8B, 0x45, 0x9E, 0x7C, 0xF2, 0xDB, 0xD8, 0x28,
    0x01, 0x27, 0xF6, 0xA7, 0xD3, 0xAD, 0x34, 0xAD, 0x0C, 0xCA, 0x1A, 0x5A, 0x95, 0xFD, 0x30, 0xD1,
    0x0C, 0x12, 0xDA, 0x98, 0x7C, 0xCA, 0x6E, 0x6A, 0x8B, 0xCC, 0xDA, 0x59, 0xCC, 0x51, 0x4B, 0x87,
    0xAC, 0xC0, 0x60, 0x45, 0x33, 0xFC, 0x51, 0x01, 0x45, 0x62, 0xF2, 0x68, 0x1C, 0xC0, 0x6E, 0x83,
    0x01, 0x31, 0x49, 0x14, 0xA2, 0x8E, 0x2C, 0x88, 0xC0, 0xB6, 0xFE, 0x82, 0x71, 0xA9, 0x39, 0xC3,
    0x6A, 0x50, 0xF8, 0xB0, 0xE4, 0x1D, 0x3F, 0x62, 0xAC, 0x49, 0xE7, 0xB0, 0x11, 0xCA, 0xC3, 0x80,
    0xC8, 0xB7, 0x5D, 0x11, 0x75, 0x26, 0x03, 0xCD, 0x2B, 0x11, 0x66, 0xAE, 0x7C, 0x44, 0x1F, 0xCF,
    0x8C, 0x1D, 0x49, 0x7C, 0x4A, 0x1D, 0x2D, 0xC6, 0x47, 0xCA, 0xD9, 0x8F, 0x7D, 0xE9, 0xDF, 0x06,
    0xFB, 0x7C, 0x0A, 0x30, 0x37, 0xAC, 0xC6, 0x7D, 0x1C, 0xFD, 0x07, 0x64, 0xC2, 0x48, 0x9F, 0x31,
    0x52, 0x68, 0xB6, 0x96, 0x26, 0x6C, 0x4C, 0x61, 0x5F, 0xB4, 0x4C, 0x04, 0x21, 0x82, 0xCB, 0xB8,
    0xC5, 0xEC, 0x31, 0xF0, 0xAD, 0x28, 0x70, 0x42, 0x97, 0x1A, 0xAE, 0x41, 0xBC, 0xA2, 0x3C, 0xC8,
    0x19, 0xE2, 0xCD, 0x8A, 0xD0, 0x64, 0x21, 0x12, 0x8E, 0x09, 0xBA, 0xD0, 0x22, 0x5C, 0x2D, 0xDF,
    0x21, 0x50, 0xF6, 0x52, 0x3B, 0x05, 0xFA, 0xD8, 0x6C, 0xC1, 0xB8, 0xE8, 0xB9, 0x39, 0x86, 0xA4,
    0xA7, 0xE3, 0x6A, 0xCE, 0x86, 0x78, 0x2A, 0xFA, 0x64, 0x04, 0xED, 0x5D, 0x65, 0xEE, 0x17, 0xFC,
    0x2D, 0x7A, 0xDC, 0x89, 0xBF, 0x5B, 0xFE, 0x36, 0xF8, 0x77, 0xD5, 0x35, 0x1B, 0xF2, 0x3A, 0xA1,
    0xB2, 0x48, 0xAE, 0xC0, 0x92, 0xAE, 0xEA, 0x98, 0xF9, 0x39, 0x67, 0xDE, 0xDF, 0xBC, 0xBC, 0x5E,
    0x33, 0xC1, 0x61, 0x5E, 0x96, 0x7F, 0x6D, 0xDA, 0x08, 0xBF, 0x49, 0xDD, 0x74, 0x95, 0xD0, 0x35,
    0x3C, 0xB6, 0xD5, 0x33, 0x23, 0x19, 0x1F, 0xD2, 0x77, 0xC1, 0x4A, 0xC6, 0x4A, 0xCC, 0x94, 0x1A,
    0xBA, 0xDD, 0x00, 0x55, 0x6C, 0x18, 0xA1, 0x90, 0x55, 0x50, 0xF1, 0x0E, 0xE7, 0x50, 0x92, 0x01,
    0x65, 0x47, 0x9E, 0x6F, 0x20, 0x8A, 0x15, 0x25, 0xB4, 0x61, 0x08, 0xA4, 0xAC, 0x11, 0x0F, 0x66,
    0xA5, 0xD3, 0xE1, 0x99, 0xA4, 0xD0, 0xE3, 0x3E, 0xC7, 0xE7, 0xB1, 0x0F, 0x2C, 0x3B, 0x2F, 0x25,
    0x6C, 0x8E, 0x39, 0x2B, 0x88, 0x6F, 0x41, 0x73, 0x56, 0x53, 0x8C, 0xFF, 0x00, 0xF6, 0xC6, 0x7C,
    0x9B, 0x6D, 0x8B, 0xBE, 0xDC, 0x94, 0x1F, 0x78, 0x15, 0xF8, 0x4A, 0xE5, 0x2F, 0xDC, 0x3D, 0x10,
    0xD6, 0x97, 0x8B, 0x29, 0xE9, 0x40, 0x46, 0x9D, 0xF8, 0x29, 0x18, 0xCE, 0x6E, 0xF5, 0x7D, 0x57,
    0x41, 0xDA, 0x87, 0x04, 0x37, 0x01, 0xA8, 0x19, 0xD3, 0x21, 0x7D, 0xBB, 0x8B, 0xAF, 0x4F, 0xD9,
    0x36, 0x7F, 0xB3, 0x4F, 0x71, 0xCB, 0xBE, 0xCC, 0xFA, 0xBB, 0x57, 0x98, 0xAB, 0x78, 0x73, 0x47,
    0x34, 0xE5, 0xFD, 0xAC, 0xF2, 0x79, 0xD1, 0x4D, 0x01, 0xA4, 0x8E, 0xE6, 0x04, 0x6C, 0x1E, 0xCA,
    0x6B, 0x9A, 0xB7, 0x15, 0xE7, 0x8B, 0x69, 0xDF, 0x3C, 0x37, 0xC6, 0xAE, 0x81, 0x28, 0x7E, 0x03,
    0x28, 0xBA, 0x29, 0x5A, 0x48, 0xEC, 0xAB, 0xAE, 0xAA, 0x9C, 0x67, 0x19, 0xB8, 0x84, 0x4C, 0x32,
    0x1F, 0x9E, 0x75, 0xD1, 0xC7, 0xB0, 0x24, 0x4E, 0x5C, 0xAD, 0xFC, 0x66, 0xB5, 0xC5, 0xB6, 0xEB,
    0xAC, 0x8F, 0x54, 0xA9, 0xC9, 0x7A, 0x71, 0x92, 0xD8, 0xA2, 0xC1, 0xA2, 0x56, 0x3E, 0xA6, 0xFD,
    0x6E, 0x9F, 0x01, 0xE7, 0x20, 0x4D, 0xAD, 0x12, 0x71, 0xD4, 0x44, 0x3F, 0x9A, 0xAE, 0x9E, 0x83,
    0xAD, 0x03, 0x07, 0x8B, 0xB6, 0xE2, 0x4B, 0xD5, 0xAC, 0x54, 0x35, 0x6E, 0x90, 0xD2, 0xC8, 0x08,
    0x12, 0xDB, 0xC0, 0x94, 0x73, 0x01, 0xDB, 0x04, 0x0E, 0x4B, 0xFE, 0xE9, 0xA8, 0x3A, 0x35, 0x13,
    0x94, 0xC3, 0x1F, 0x55, 0x37, 0xFC, 0xC7, 0xB0, 0xB3, 0x6F, 0x02, 0x4D, 0xCF, 0x19, 0x34, 0xA6,
    0x4B, 0x06, 0xA5, 0x52, 0x61, 0x45, 0x7B, 0xC4, 0x05, 0xD9, 0x16, 0x61, 0x41, 0xDA, 0xBF, 0x1A,
    0x2A, 0xDA, 0x6E, 0xA7, 0x81, 0xB7, 0x6E, 0x71, 0xFD, 0x5C, 0x76, 0x77, 0x33, 0x1F, 0x54, 0xD6,
    0x0D, 0xEF, 0x7C, 0x1E, 0x26, 0xA3, 0x4E, 0x27, 0x86, 0xBF, 0x63, 0xC9, 0xA6, 0x88, 0x29, 0xA4,
    0x00, 0x73, 0x66, 0xF1, 0x8B, 0x1B, 0x44, 0xCE, 0xFF, 0xA1, 0x80, 0x92, 0x5E, 0x86, 0xA9, 0x20,
    0x68, 0x02, 0x54, 0x76, 0x23, 0xD4, 0x52, 0xF8, 0x75, 0x80, 0x29, 0x91, 0xF6, 0x90, 0xEA, 0x14,
    0xF3, 0xCB, 0xBC, 0x3E, 0x52, 0x1A, 0xFC, 0x65, 0x45, 0x07, 0x3D, 0xC7, 0x88, 0xF1, 0xBA, 0x5B,
    0xB5, 0x74, 0xBD, 0x71, 0xCD, 0xC4, 0x67, 0xB2, 0xA6, 0x29, 0x4B, 0x0D, 0x2D, 0x69, 0xFC, 0xB2,
    0x85, 0xB6, 0x2B, 0xFF, 0x4D, 0xA5, 0x62, 0xFF, 0x1C, 0x40, 0x5E, 0xB9, 0x95, 0x9E, 0x59, 0x18,
    0x40, 0x90, 0xE6, 0xA0, 0x10, 0x55, 0x04, 0xD4, 0xBD, 0x65, 0x51, 0x55, 0x28, 0x8A, 0xA8, 0x1B,
    0x46, 0x82, 0xA8, 0x7B, 0x48, 0x84, 0xBA, 0x87, 0x0C, 0x42, 0xBF, 0x7A, 0x7F, 0xFC, 0x1A, 0x13,
    0x12, 0x6F, 0x8C, 0x47, 0x36, 0xF5, 0xD4, 0xD3, 0xE7, 0xA7, 0x8E, 0x6B, 0x25, 0xFE, 0x75, 0xBA,
    0x91, 0xD8, 0xFF, 0x03, 0x91, 0x51, 0x0C, 0x79, 0xBA, 0xAB, 0x1C, 0xA1, 0x0C, 0xFE, 0x6B, 0xB0,
    0x37, 0x30, 0x77, 0x03, 0xD4, 0x08, 0xAB, 0x77, 0x79, 0x1B, 0xD5, 0x5C, 0xFE, 0x4E, 0xE7, 0x00,
    0xD7, 0xDD, 0xE5, 0x8D, 0x4E, 0x47, 0x3C, 0x4C, 0xA6, 0x70, 0x3A, 0x35, 0x29, 0x0F, 0xA7, 0x43,
    0x67, 0x98, 0x13, 0xC9, 0xC3, 0xBA, 0xEC, 0xEC, 0x63, 0x38, 0xA2, 0x07, 0xAA, 0x2E, 0x1F, 0x5E,
    0x6E, 0x36, 0xB9, 0x87, 0x89, 0xCD, 0xC9, 0xC3, 0x74, 0x30, 0xEB, 0x84, 0x8F, 0x30, 0xD7, 0x71,
    0x8D, 0xD5, 0x08, 0xB8, 0xB7, 0x64, 0x6F, 0xD2, 0x98, 0x90, 0x67, 0x1B, 0x43, 0x4B, 0x5E, 0xD4,
    0x54, 0xF0, 0x75, 0x79, 0x68, 0x83, 0xE1, 0x87, 0x7A, 0x48, 0x7B, 0x36, 0x54, 0x1B, 0x22, 0xA0,
    0x75, 0x68, 0x45, 0xB1, 0x23, 0x47, 0x48, 0x99, 0xFB, 0x8C, 0x0E, 0xBF, 0x62, 0x10, 0x7D, 0x03,
    0xE4, 0x02, 0x04, 0xD4, 0x04, 0x04, 0xEB, 0x45, 0x98, 0x40, 0x6E, 0x90, 0xA8, 0x53, 0xE4, 0x0E,
    0x22, 0xB7, 0xA7, 0xFD, 0x6B, 0x79, 0xE4, 0xCE, 0xC8, 0x5D, 0xEE, 0xCD, 0x56, 0x98, 0xDC, 0x33,
    0xC3, 0xD8, 0x18, 0xF6, 0xF3, 0xEF, 0x2B, 0xA6, 0x88, 0xE4, 0x94, 0x5D, 0x18, 0x6B, 0x35, 0x62,
    0xC0, 0x26, 0x0E, 0x74, 0xDF, 0xC5, 0x96, 0x9D, 0x04, 0x32, 0x50, 0x1C, 0xD5, 0x44, 0x92, 0x2A,
    0x7F, 0x42, 0x98, 0xD9, 0xF4, 0x4D, 0x68, 0x96, 0xE0, 0x58, 0x2F, 0xB9, 0xEA, 0xC8, 0xBA, 0x6A,
    0x0E, 0x82, 0x91, 0xC3, 0xD1, 0x2A, 0x95, 0x95, 0x92, 0x8C, 0x8A, 0xCB, 0x73, 0xB8, 0x97, 0xE6,
    0x4D, 0x1C, 0x48, 0x42, 0xDB, 0x46, 0xCC, 0xF5, 0x2D, 0x1A, 0xE4, 0xA2, 0x3F, 0xD9, 0x63, 0xB1,
    0xB3, 0x6D, 0xF3, 0x29, 0xDB, 0x76, 0xC0, 0xBB, 0x0A, 0x3C, 0xCB, 0x11, 0x39, 0x6F, 0xC8, 0xBF,
    0x7F, 0x84, 0x2C, 0x80, 0x83, 0xB3, 0xEF, 0x52, 0x78, 0xFA, 0xAE, 0xE9, 0x84, 0x3C, 0x9A, 0x8D,
    0xF8, 0xC8, 0xD3, 0xD2, 0x24, 0x5E, 0x02, 0x6D, 0x81, 0x9B, 0x3A, 0xA9, 0x74, 0xD4, 0x59, 0xE9,
    0x55, 0x8A, 0x40, 0x3C, 0x7F, 0xA9, 0x02, 0x6B, 0xD3, 0xE9, 0x08, 0x62, 0x30, 0xA4, 0x88, 0xE1,
    0x60, 0xC3, 0x53, 0x32, 0x58, 0x07, 0x0A, 0x0B, 0x08, 0x24, 0xA5, 0xC0, 0xA1, 0x65, 0xF1, 0x81,
    0x0E, 0x72, 0x22, 0x1B, 0x9E, 0x9F, 0xC9, 0xBF, 0x64, 0x26, 0xFF, 0xE2, 0x39, 0x96, 0x2F, 0x8F,
    0x05, 0xA0, 0xC9, 0xBF, 0x95, 0xCF, 0x36, 0x1A, 0x05, 0x14, 0x2C, 0xBC, 0x7E, 0x56, 0xE3, 0xD3,
    0xCE, 0xF2, 0x96, 0xBB, 0x02, 0x94, 0x95, 0xE6, 0x2B, 0xED, 0xF1, 0x92, 0x46, 0x56, 0x66, 0x8A,
    0x47, 0xD5, 0x0D, 0xF2, 0x46, 0x2B, 0x44, 0xA8, 0x77, 0x58, 0x76, 0x64, 0xC7, 0x90, 0x7B, 0x0C,
    0x9F, 0xF5, 0x6E, 0x57, 0x8B, 0x84, 0xB8, 0xD9, 0xAB, 0x56, 0xAB, 0x34, 0xFF, 0xE5, 0x48, 0xF8,
    0x6E, 0x9D, 0x68, 0xF6, 0xDF, 0x1D, 0x9C, 0xA0, 0xBA, 0x0F, 0x5D, 0x11, 0xA0, 0xE6, 0xC7, 0xFE,
    0x71, 0x0F, 0x4B, 0x47, 0x1B, 0x5E, 0xC7, 0xF0, 0xC5, 0x90, 0x6B, 0xBA, 0xE3, 0x48, 0x10, 0x03,
    0xA6, 0x7D, 0x5D, 0x60, 0x92, 0x23, 0x33, 0xEE, 0x75, 0x29, 0x99, 0x0A, 0xEE, 0x6D, 0x13, 0x09,
    0x66, 0x0F, 0x91, 0x2A, 0xE1, 0xDA, 0xE0, 0xDC, 0xCA, 0x6D, 0xD5, 0x63, 0xA5, 0xD2, 0xAA, 0x4A,
    0xA1, 0xD4, 0x92, 0x4C, 0xE5, 0xF5, 0xEE, 0x34, 0x29, 0x41, 0x98, 0xAC, 0xA9, 0x25, 0x54, 0x40,
    0x88, 0x37, 0x5F, 0xB0, 0x9C, 0x82, 0xF5, 0xA1, 0x74, 0xEE, 0x35, 0x27, 0xBC, 0x01, 0x18, 0x38,
    0xA6, 0x0C, 0xD3, 0xA7, 0xAC, 0xA9, 0xE3, 0xE7, 0xE7, 0xA3, 0x92, 0xAC, 0x7E, 0x65, 0xD7, 0x07,
    0x16, 0x52, 0x69, 0x81, 0x99, 0x07, 0x55, 0xDA, 0xEB, 0xFD, 0x1D, 0xAE, 0x78, 0xFC, 0x7B, 0xC3,
    0xC3, 0xAE, 0x7C, 0x3B, 0x9B, 0x7F, 0xE0, 0xAA, 0x29, 0x65, 0x36, 0x7F, 0x60, 0xBA, 0x07, 0xEE,
    0x6A, 0xDE, 0x19, 0x31, 0x97, 0xB4, 0xE7, 0xE9, 0x83, 0x1A, 0x49, 0x8D, 0xEC, 0x3C, 0x25, 0x26,
    0xDD, 0x5B, 0x12, 0xA9, 0xE6, 0x36, 0x96, 0x9D, 0x3F, 0xA9, 0x9A, 0x39, 0x2C, 0x49, 0xDF, 0x0C,
    0x2F, 0x57, 0xFE, 0x3A, 0x33, 0x00, 0xDF, 0x63, 0x0D, 0x08, 0x5A, 0x9E, 0x77, 0xF1, 0x0D, 0x1D,
    0xDA, 0xAE, 0xAA, 0xFC, 0x1A, 0x87, 0x79, 0x49, 0x29, 0x50, 0x6A, 0xB8, 0x47, 0x77, 0x87, 0x8B,
    0xD8, 0xD2, 0xD3, 0x80, 0x3A, 0xA2, 0x2A, 0x73, 0x2D, 0x70, 0x28, 0x94, 0x4B, 0x2C, 0x29, 0x6C,
    0xCB, 0x61, 0x28, 0x46, 0xCB, 0xF6, 0xE4, 0xFE, 0xA5, 0xAD, 0x4B, 0x87, 0x7D, 0xDF, 0x50, 0xD9,
    0x11, 0xD0, 0xFE, 0xAC, 0x0D, 0xD2, 0x22, 0x61, 0x29, 0x70, 0xE7, 0x3B, 0x5D, 0xB4, 0x96, 0x17,
    0xAB, 0x6A, 0xE2, 0x2A, 0xEC, 0xAA, 0x81, 0x27, 0x5B, 0x09, 0xAB, 0x4D, 0x52, 0x10, 0x1D, 0x29,
    0x2D, 0x66, 0x3C, 0xF3, 0xC0, 0x07, 0xEA, 0x09, 0x7C, 0xA2, 0xFE, 0x5C, 0x98, 0x9E, 0x68, 0xA2,
    0x71, 0xE3, 0xAB, 0xDC, 0x2E, 0x5E, 0xA5, 0x77, 0xDB, 0x02, 0x66, 0x56, 0xD4, 0xC0, 0xB1, 0xE7,
    0xCE, 0x01, 0x35, 0xCB, 0x39, 0xF7, 0x4F, 0xF8, 0x75, 0x4E, 0x09, 0x39, 0x30, 0x4D, 0x2E, 0xAD,
    0xCF, 0xC1, 0xC8, 0x62, 0x99, 0x6A, 0xD3, 0x60, 0x75, 0x18, 0xDA, 0xF3, 0xD3, 0x6A, 0xBF, 0xBA,
    0xA6, 0xC8, 0x88, 0x58, 0xED, 0x88, 0xC8, 0x0F, 0x88, 0x38, 0x58, 0x9D, 0xB4, 0x61, 0x22, 0x47,
    0x1E, 0xA8, 0x3E, 0xF0, 0x43, 0x35, 0xFE, 0x9D, 0xA5, 0x6C, 0x40, 0xC4, 0x65, 0x38, 0xDA, 0x4D,
    0x39, 0xE5, 0x40, 0xBC, 0x2D, 0x5D, 0xED, 0xEA, 0x86, 0x09, 0x57, 0x76, 0xA2, 0xB2, 0x6F, 0xCA,
    0xE6, 0x1A, 0x9B, 0x4C, 0x04, 0x02, 0x3A, 0x8E, 0x17, 0xFD, 0xFA, 0x85, 0xFB, 0x3A, 0xF4, 0x69,
    0x0E, 0xFC, 0x56, 0x5C, 0x54, 0x1E, 0xC3, 0xED, 0x1C, 0x45, 0x38, 0xB9, 0xA3, 0x78, 0xF8, 0x6B,
    0xF7, 0x48, 0x76, 0x83, 0x01, 0xF0, 0xCC, 0x4E, 0x22, 0xE6, 0xC1, 0x9B, 0xC5, 0x2D, 0x10, 0xFC,
    0x75, 0xDC, 0x2B, 0xE3, 0x21, 0x82, 0x9D, 0x9F, 0xD0, 0xC6, 0x7A, 0xE9, 0x5D, 0xCD, 0x23, 0xD1,
    0x81, 0xB3, 0xA2, 0xF1, 0x1A, 0x8B, 0x1F, 0x8C, 0xB0, 0x1B, 0x4B, 0x73, 0xA5, 0x07, 0x6D, 0x12,
    0x08, 0x6C, 0x86, 0xFB, 0xD7, 0x70, 0x37, 0xF9, 0x47, 0xBE, 0xC7, 0x9D, 0x0B, 0xDF, 0xF0, 0xBC,
    0x19, 0x43, 0x29, 0xBF, 0x25, 0x98, 0x40, 0x0B, 0x06, 0x07, 0x5E, 0x6D, 0x04, 0x2A, 0xAB, 0x0D,
    0xF0, 0xF2, 0xB5, 0x1A, 0x98, 0x71, 0xE3, 0xDF, 0x14, 0x52, 0xF0, 0x93, 0x60, 0xB7, 0x92, 0x85,
    0x1B, 0x55, 0x85, 0xEF, 0xB4, 0x0E, 0x32, 0xAE, 0xCB, 0x45, 0xC3, 0x8A, 0xB6, 0x16, 0x17, 0xE2,
    0x2A, 0x5A, 0x82, 0xF7, 0xCF, 0x46, 0xDE, 0x99, 0xB7, 0xE5, 0x3D, 0x79, 0x43, 0xDE, 0x4D, 0x18,
    0x3E, 0x40, 0xEF, 0x18, 0x76, 0x37, 0x91, 0x08, 0xD2, 0xA6, 0x0B, 0xE5, 0x0D, 0x9A, 0x99, 0xCD,
    0x23, 0x5A, 0x16, 0xEA, 0xCB, 0xBB, 0x8B, 0xB0, 0x46, 0x0D, 0xB1, 0x4E, 0x0D, 0x51, 0x7C, 0x7E,
    0x94, 0x97, 0x48, 0xE7, 0x3D, 0x88, 0x28, 0x14, 0xEA, 0x41, 0x01, 0x0B, 0x7D, 0xCE, 0xF9, 0xE7,
    0x27, 0x77, 0x19, 0xC1, 0x01, 0xCE, 0x3F, 0x9D, 0xA4, 0x83, 0xE9, 0x98, 0xA9, 0x09, 0x74, 0x2C,
    0x7A, 0x4D, 0xF2, 0xBC, 0x30, 0x30, 0x4C, 0x34, 0xE1, 0x8C, 0x3A, 0x49, 0x8A, 0xFA, 0x0A, 0x4A,
    0x4C, 0xF2, 0x9D, 0xCD, 0x46, 0x92, 0x02, 0x97, 0xB0, 0x65, 0xD9, 0xA2, 0x83, 0x42, 0xC0, 0x79,
    0x92, 0x53, 0x70, 0x0F, 0x04, 0xE0, 0x44, 0xCA, 0x07, 0xCD, 0xA1, 0xC5, 0xFC, 0x27, 0x4B, 0x8E,
    0x3D, 0x9D, 0x59, 0x12, 0x91, 0xEA, 0x99, 0x92, 0x53, 0xEC, 0xE5, 0x1E, 0x0B, 0xF9, 0x2E, 0xEE,
    0x38, 0x9D, 0x95, 0xE4, 0x6C, 0x94, 0x99, 0x1F, 0xD9, 0x75, 0x94, 0xD1, 0xF6, 0x19, 0x3A, 0xE3,
    0xD1, 0x3F, 0x0F, 0xC5, 0xAB, 0xFD, 0xDB, 0x2A, 0x30, 0x33, 0xDA, 0x70, 0xB2, 0x3C, 0x50, 0x45,
    0x6B, 0x60, 0xCA, 0x7B, 0xFB, 0x25, 0xC7, 0x68, 0x0A, 0xD4, 0xC4, 0xCA, 0x5A, 0xF5, 0x97, 0xF7,
    0x24, 0xFD, 0x2A, 0x82, 0x83, 0xB8, 0x4F, 0x11, 0x44, 0x0E, 0x05, 0x33, 0x37, 0x4C, 0xDF, 0xE0,
    0x93, 0x08, 0xEE, 0xB2, 0xF6, 0x74, 0x71, 0x35, 0x32, 0xDC, 0xC3, 0x4A, 0xC5, 0x5B, 0x8C, 0xA9,
    0x01, 0x28, 0xB8, 0x1E, 0xAD, 0xDF, 0x48, 0x56, 0x6C, 0xB9, 0x6F, 0x48, 0xD1, 0x07, 0x7E, 0x69,
    0x39, 0x9C, 0xCC, 0xFC, 0xDC, 0x43, 0xD0, 0xF7, 0xB2, 0xE3, 0xC2, 0xC4, 0x5B, 0xB5, 0xD3, 0xD2,
    0xE6, 0xDF, 0x98, 0x84, 0x8F, 0x1A, 0x75, 0x86, 0xF6, 0x21, 0xD0, 0x52, 0x9B, 0x83, 0xA2, 0xCE,
    0xCC, 0xB2, 0x0A, 0x56, 0x05, 0xFF, 0x36, 0x08, 0x78, 0x7C, 0xC6, 0xBA, 0x80, 0x30, 0xB1, 0x6F,
    0x58, 0x91, 0x79, 0x9F, 0xC3, 0x63, 0xD8, 0x8A, 0x99, 0x63, 0xDA, 0xA7, 0x51, 0x83, 0x6C, 0xF2,
    0x6A, 0x87, 0x94, 0x64, 0x1E, 0x92, 0x71, 0x67, 0x93, 0x07, 0x02, 0x18, 0x66, 0x7F, 0xD5, 0x97,
    0x23, 0x3F, 0x58, 0x2D, 0x55, 0x76, 0x75, 0x0C, 0x27, 0x74, 0xC0, 0xC5, 0x66, 0xE7, 0x72, 0xA3,
    0x70, 0x04, 0xCC, 0x6D, 0x48, 0x25, 0x7A, 0x4B, 0xB4, 0x15, 0x2A, 0xF8, 0xED, 0x7E, 0x7E, 0x65,
    0xF1, 0x66, 0x80, 0x45, 0xD5, 0xDB, 0xD8, 0x4E, 0x2A, 0x58, 0x84, 0x55, 0x5F, 0xA0, 0x20, 0x08,
    0x16, 0x41, 0x02, 0x59, 0xE6, 0x3E, 0x80, 0x46, 0x0F, 0x9C, 0x09, 0x8D, 0xD8, 0xC8, 0xE8, 0x9B,
    0x36, 0x1E, 0xCB, 0x4D, 0x32, 0xC2, 0xE8, 0x8E, 0x89, 0xF2, 0x92, 0x89, 0x72, 0xFC, 0x56, 0xBE,
    0x66, 0xEB, 0x04, 0x3B, 0xFE, 0x2E, 0xB0, 0x9F, 0xE6, 0x51, 0xFC, 0xBE, 0x0E, 0x89, 0xF9, 0x11,
    0x98, 0x86, 0x73, 0x4E, 0x94, 0xFF, 0xAC, 0x43, 0x6B, 0x15, 0xDD, 0xF6, 0x01, 0xAA, 0x3F, 0x47,
    0x84, 0x07, 0x6C, 0x0D, 0x64, 0x8D, 0x7B, 0xA6, 0x63, 0x30, 0x4C, 0xA0, 0xB1, 0xD8, 0x06, 0xC8,
    0xCF, 0xFF, 0xDF, 0x69, 0xAB, 0x9F, 0xD3, 0x67, 0xC2, 0xE3, 0x40, 0xBD, 0xD2, 0xCD, 0xB3, 0x78,
    0x0D, 0x38, 0xEB, 0x03, 0x40, 0xAE, 0x1E, 0x87, 0xD4, 0xBE, 0x7A, 0x52, 0xC6, 0xCE, 0x19, 0x70,
    0x64, 0x69, 0xBE, 0x99, 0x8D, 0xA1, 0x3B, 0x13, 0x64, 0x56, 0xCF, 0x15, 0xA7, 0xC1, 0xE1, 0x3B,
    0xB0, 0x6C, 0x3F, 0x6F, 0xE5, 0xD8, 0xE8, 0xD7, 0x8A, 0x6E, 0xE9, 0xDC, 0x6A, 0xAC, 0x1F, 0x4C,
    0x5E, 0xBF, 0x5C, 0xDF, 0xB4, 0xD0, 0xB9, 0xB0, 0x50, 0xB0, 0xB1, 0x37, 0x2D, 0x74, 0x13, 0x0A,
    0xED, 0xAC, 0x77, 0x90, 0xB7, 0x6B, 0xDA, 0xD0, 0xE9, 0xBB, 0x96, 0xB9, 0x14, 0x12, 0x0C, 0x72,
    0x41, 0x10, 0x13, 0xBA, 0xCE, 0x95, 0xB0, 0xC3, 0x91, 0x5A, 0xB7, 0x91, 0xA1, 0xBA, 0xD2, 0xEA,
    0x2F, 0x57, 0xAD, 0x1A, 0x23, 0x43, 0xE1, 0xA2, 0xAE, 0x7A, 0x07, 0xBE, 0x63, 0xD5, 0x36, 0xD7,
    0x41, 0x6F, 0xDC, 0xFA, 0x19, 0xA7, 0x97, 0xD4, 0x2A, 0x9C, 0xA6, 0xE6, 0x33, 0x32, 0xF3, 0x1A,
    0x88, 0xBB, 0xD6, 0xE5, 0x26, 0xA7, 0x94, 0x37, 0x6D, 0x09, 0xBC, 0xB9, 0xF6, 0xEB, 0x0A, 0x80,
    0xFD, 0x9A, 0xA4, 0xA1, 0x64, 0x81, 0xBC, 0x35, 0x19, 0x72, 0x4C, 0x03, 0x42, 0xA1, 0xD4, 0x9F,
    0xA6, 0x18, 0x48, 0x2C, 0x55, 0x20, 0x37, 0x29, 0x7F, 0x2F, 0xB3, 0xE9, 0x04, 0x5E, 0xCE, 0xBD,
    0xA0, 0x09, 0xAF, 0x33, 0x1E, 0xBA, 0xA1, 0x88, 0xC8, 0x33, 0xB6, 0xED, 0x15, 0xCC, 0x5A, 0x95,
    0xE9, 0x04, 0x2C, 0x66, 0x5E, 0x2F, 0xA3, 0x54, 0xC2, 0x88, 0x4E, 0x85, 0xE5, 0xC3, 0xAD, 0x9E,
    0xDC, 0x0C, 0xFF, 0x2B, 0xB5, 0x6E, 0xC0, 0xA6, 0x27, 0x88, 0xDC, 0x4A, 0xDD, 0x82, 0xC3, 0x66,
    0xC9, 0x16, 0x11, 0x49, 0xA7, 0x07, 0x1A, 0x7D, 0x10, 0x4D, 0x4F, 0xA2, 0xED, 0x41, 0x92, 0xF4,
    0x14, 0x06, 0xC0, 0x2A, 0x88, 0x7E, 0x5D, 0x75, 0xA1, 0xC7, 0x5F, 0xFE, 0xBB, 0x3E, 0xEC, 0x9E,
    0xB1, 0x96, 0xE8, 0x61, 0xF1, 0xE1, 0x69, 0x7D, 0x53, 0xF3, 0xC8, 0x2D, 0x09, 0xB8, 0x95, 0x7A,
    0x17, 0xE0, 0x56, 0x92, 0x28, 0x57, 0x73, 0xC4, 0xD6, 0x1A, 0xAE, 0x96, 0x22, 0xD1, 0x91, 0xBB,
    0xF5, 0x19, 0x85, 0xB4, 0x3D, 0xA7, 0xF0, 0x20, 0x13, 0xF0, 0xBB, 0xA8, 0x6A, 0xA5, 0x32, 0xD5,
    0xA1, 0x59, 0xF1, 0x14, 0x3B, 0x6E, 0xDB, 0xB0, 0xE6, 0x96, 0x20, 0x71, 0x97, 0xBF, 0xCB, 0x4D,
    0xB0, 0x71, 0xCD, 0x44, 0xA7, 0xDC, 0x11, 0xD7, 0x2C, 0x2E, 0x21, 0x96, 0xBE, 0xDE, 0x75, 0x7C,
    0xAC, 0xDE, 0x2B, 0xF2, 0xEB, 0x9C, 0xFF, 0xCF, 0x93, 0x45, 0x7A, 0x45, 0x35, 0x6D, 0x18, 0x99,
    0xC2, 0xAF, 0x9F, 0x85, 0x55, 0x2D, 0xD6, 0xAF, 0x12, 0x7B, 0xB8, 0xBF, 0xC2, 0x78, 0xFF, 0xAE,
    0x30, 0xE7, 0x7D, 0x88, 0xB3, 0xD8, 0xFE, 0x43, 0xC4, 0x64, 0x29, 0xE5, 0x50, 0x00, 0x54, 0x49,
    0xB0, 0x18, 0x42, 0xDF, 0xAB, 0x99, 0xD2, 0x4A, 0xA3, 0xFA, 0x39, 0x52, 0x6B, 0x20, 0x9F, 0xA4,
    0xAD, 0x57, 0x4E, 0x84, 0xC0, 0x0C, 0x91, 0x54, 0x78, 0x55, 0x0A, 0x81, 0x56, 0xE7, 0x86, 0x74,
    0xDD, 0xFF, 0xBD, 0x3A, 0x03, 0x67, 0xE5, 0x2F, 0xA9, 0x4E, 0xB9, 0x1C, 0xB7, 0xB2, 0x1F, 0x60,
    0xD7, 0x4F, 0x40, 0xE7, 0x96, 0xB2, 0xB6, 0xA6, 0x48, 0x45, 0x16, 0x09, 0x47, 0xA6, 0xF2, 0xB4,
    0xF3, 0xA6, 0xF2, 0x0D, 0x5C, 0x88, 0x54, 0x3E, 0x9E, 0x73, 0xAA, 0xFC, 0x2A, 0xA8, 0xBC, 0xBA,
    0xD0, 0x60, 0x33, 0xAC, 0x63, 0x44, 0x69, 0xF2, 0xC4, 0x10, 0x47, 0xE8, 0x18, 0xA9, 0x65, 0xD4,
    0x5B, 0x9A, 0xC9, 0x6A, 0x63, 0x68, 0xC9, 0x46, 0x35, 0x81, 0x76, 0x66, 0x5D, 0xC5, 0x38, 0x1B,
    0x95, 0x81, 0xF2, 0x4C, 0x0D, 0x2F, 0x23, 0x8D, 0x1F, 0x4D, 0x50, 0xE7, 0x04, 0xE4, 0xE4, 0x70,
    0x54, 0x64, 0x4A, 0xE9, 0xCC, 0x1D, 0xE3, 0x82, 0x53, 0x7D, 0x23, 0x91, 0x94, 0x55, 0x69, 0x9A,
    0x1F, 0xB2, 0x75, 0x14, 0xB6, 0x32, 0x9E, 0xAC, 0x27, 0x47, 0x75, 0x81, 0x25, 0x4D, 0xB3, 0x9C,
    0x99, 0x40, 0xF9, 0xBA, 0xEC, 0xB4, 0x8A, 0xE2, 0xD7, 0x44, 0xB9, 0x9A, 0xDE, 0x72, 0x35, 0xB1,
    0x75, 0x31, 0x86, 0x5C, 0x4D, 0xDA, 0xB1, 0x68, 0x50, 0x6E, 0x1B, 0xB6, 0x83, 0x0C, 0xEC, 0x98,
    0xF7, 0x43, 0xEA, 0xDD, 0xEA, 0xBF, 0xD8, 0x3C, 0x1B, 0xEB, 0x01, 0xA6, 0x54, 0xAD, 0xC6, 0x99,
    0x7A, 0x06, 0x2E, 0x68, 0x3C, 0x52, 0x8B, 0xFD, 0xD3, 0x1A, 0xB7, 0x24, 0xF0, 0x75, 0xB5, 0x68,
    0x5D, 0x53, 0xCF, 0xD2, 0x5B, 0x32, 0x87, 0x3F, 0x95, 0xB9, 0xBA, 0x2E, 0xC9, 0x9B, 0xF7, 0xF2,
    0x5F, 0x1E, 0x14, 0xF0, 0xCB, 0x6E, 0x1F, 0xBC, 0xAB, 0xF7, 0x18, 0x11, 0xC7, 0x0A, 0xC1, 0x2F,
    0x0E, 0xB7, 0x20, 0x3E, 0xAE, 0xB0, 0x89, 0xF9, 0xB7, 0x7D, 0x7D, 0x95, 0x85, 0x00, 0xB2, 0xF1,
    0x87, 0xE4, 0xDF, 0x35, 0x3A, 0xAB, 0x37, 0x28, 0x17, 0x6F, 0xF2, 0xDE, 0xFF, 0xBE, 0xDC, 0xBA,
    0xEA, 0x77, 0xF9, 0xEB, 0x5D, 0x4E, 0xFB, 0x42, 0x90, 0x27, 0x6B, 0xBB, 0x34, 0x20, 0x68, 0xA3,
    0x15, 0x12, 0x11, 0x27, 0x9C, 0x6A, 0xB5, 0xFD, 0xCC, 0x4E, 0x8D, 0x5B, 0xD8, 0x6A, 0x4B, 0xA5,
    0x92, 0xC2, 0x5E, 0x0A, 0xF0, 0xF8, 0xAA, 0xB6, 0xC6, 0x4E, 0xC7, 0x34, 0x3C, 0xBB, 0x93, 0x9F,
    0x05, 0x1B, 0x3A, 0x5B, 0x7D, 0xF1, 0xE8, 0x58, 0xEB, 0x11, 0xD6, 0x51, 0x94, 0x96, 0x30, 0xA4,
    0xF7, 0xCB, 0x34, 0x14, 0x27, 0xD2, 0x83, 0xD4, 0x9E, 0xDE, 0x33, 0x97, 0xFF, 0xCB, 0xEC, 0xF2,
    0x13, 0x90, 0xE5, 0x1D, 0x8E, 0x69, 0xC2, 0x89, 0x15, 0x2B, 0x88, 0xEC, 0xEF, 0x5E, 0xF9, 0x4C,
    0x64, 0xF9, 0x9B, 0xD0, 0x49, 0x7B, 0x65, 0xE9, 0xA4, 0xED, 0x97, 0x4E, 0xDA, 0x3E, 0x08, 0xEC,
    0xEE, 0x49, 0xA1, 0xFD, 0xC5, 0x92, 0xAC, 0x4F, 0xDB, 0x33, 0x2E, 0xBE, 0x90, 0xB2, 0xC8, 0x6B,
    0xA1, 0x2C, 0x32, 0x86, 0xB2, 0xC8, 0x18, 0xCA, 0x22, 0xAF, 0x04, 0xBA, 0xC2, 0x66, 0xE2, 0x30,
    0xA7, 0xFD, 0xC9, 0x2D, 0x2D, 0x3B, 0x0A, 0xD9, 0x3B, 0xA5, 0x8C, 0xBE, 0xA8, 0x3E, 0xE2, 0xB8,
    0x5D, 0xE0, 0x94, 0xA8, 0x4D, 0xFA, 0xE0, 0xAA, 0x13, 0xD5, 0x41, 0x27, 0x73, 0x74, 0xBF, 0x82,
    0x4A, 0xCF, 0xC6, 0x30, 0x52, 0x11, 0x14, 0xBD, 0xB4, 0x8D, 0x94, 0xE3, 0x62, 0x0C, 0x6F, 0xCF,
    0xA6, 0xDA, 0x17, 0xAD, 0xA9, 0x76, 0xB4, 0xA6, 0xDA, 0xF1, 0x30, 0x8D, 0xB4, 0x4C, 0xC3, 0x89,
    0xC9, 0x7C, 0x0B, 0xF5, 0xEC, 0x7E, 0x77, 0x87, 0x2A, 0xCE, 0x4A, 0x75, 0xD4, 0x55, 0x80, 0xA2,
    0x4C, 0x72, 0xA8, 0x55, 0x68, 0x69, 0x7B, 0x65, 0x7C, 0x67, 0x71, 0x45, 0xF1, 0x21, 0x73, 0x48,
    0x1F, 0xB0, 0xD1, 0x8F, 0x45, 0x93, 0xB2, 0x6B, 0xDA, 0x0D, 0x94, 0xFF, 0x67, 0xD0, 0x36, 0x6A,
    0x4B, 0x9B, 0x07, 0x3C, 0x8D, 0x9F, 0xDF, 0x5F, 0xC0, 0x96, 0xF2, 0x09, 0xAB, 0x71, 0x81, 0xC5,
    0x12, 0xB4, 0xA5, 0x53, 0x64, 0x25, 0x80, 0xC1, 0x82, 0x24, 0xA7, 0x66, 0xAB, 0x16, 0x11, 0xBF,
    0x65, 0x2F, 0x1F, 0x22, 0x47, 0x16, 0x9B, 0xE3, 0x7F, 0x5D, 0xB3, 0x9B, 0x2F, 0xAB, 0xDD, 0x83,
    0xD8, 0x7B, 0x6E, 0x7D, 0x22, 0x17, 0x4D, 0x76, 0xAE, 0x6A, 0x4A, 0x82, 0x1D, 0x6C, 0xDD, 0xCE,
    0x10, 0xA6, 0xB3, 0xB5, 0x47, 0x4C, 0xF1, 0x1C, 0x22, 0x0F, 0xE7, 0x42, 0x47, 0x80, 0x63, 0x50,
    0x63, 0x9D, 0x37, 0xA1, 0xB1, 0x43, 0x4D, 0x29, 0xEA, 0xD1, 0x5A, 0x35, 0x1F, 0xBB, 0xF2, 0x63,
    0x35, 0xAB, 0x61, 0x37, 0xC0, 0x60, 0xF6, 0x8C, 0xDA, 0x39, 0x6B, 0x60, 0xAB, 0xB3, 0x9A, 0xBD,
    0x15, 0x40, 0xCD, 0xCA, 0xEF, 0x37, 0xAC, 0x0D, 0xB1, 0xD3, 0x16, 0x2E, 0xF1, 0x6A, 0xEC, 0x61,
    0xF3, 0xC7, 0x64, 0x46, 0x74, 0xB5, 0x4D, 0xED, 0x91, 0xC1, 0xD0, 0xF7, 0x66, 0x6D, 0x1A, 0x5A,
    0x78, 0x68, 0xB4, 0x2E, 0x3D, 0x41, 0xB1, 0x35, 0xFF, 0x60, 0x9E, 0x22, 0xB3, 0x82, 0x87, 0x00,
    0xBE, 0x5A, 0x0D, 0xFE, 0x8F, 0xED, 0xBA, 0xC5, 0x4D, 0xED, 0xBA, 0x07, 0x5D, 0xBB, 0xFD, 0xA7,
    0xB6, 0xEB, 0x36, 0xA7, 0xDB, 0x75, 0xC3, 0x74, 0xDE, 0xBF, 0x77, 0xDE, 0xFF, 0x82, 0x4E, 0xA2,
    0xB4, 0xF6, 0xF2, 0xAF, 0x1E, 0xFB, 0xC3, 0x7C, 0xE5, 0xD2, 0x93, 0xF6, 0x49, 0xAD, 0x69, 0x9F,
    0x59, 0x1E, 0x5B, 0xDF, 0x5C, 0x1E, 0xDB, 0xF5, 0x10, 0x64, 0x01, 0x4F, 0x13, 0x16, 0x7E, 0xBD,
    0xD9, 0xE4, 0x53, 0xBF, 0xAB, 0x91, 0xB5, 0x7C, 0x1A, 0x9B, 0x1C, 0x4E, 0x6F, 0xC6, 0xD1, 0x22,
    0x4D, 0x02, 0xA7, 0xDE, 0x81, 0x93, 0xCF, 0x36, 0x37, 0x9F, 0xFC, 0x6C, 0xF3, 0x01, 0xB2, 0x28,
    0xC6, 0x53, 0x7D, 0x9F, 0x9F, 0xDD, 0xB8, 0x0A, 0xB5, 0x0A, 0x8D, 0xAB, 0xF3, 0xBE, 0x71, 0x95,
    0x85, 0xC2, 0x93, 0x8D, 0xAB, 0x20, 0xAA, 0x76, 0x8B, 0x4D, 0x33, 0x02, 0x95, 0x7B, 0x0F, 0x20,
    0x2B, 0x93, 0xF9, 0x4C, 0xA7, 0xC3, 0xAA, 0x55, 0xF5, 0xE6, 0xC9, 0xF4, 0xCC, 0xD9, 0x55, 0x2B,
    0xFE, 0xFE, 0x2D, 0x4C, 0x7D, 0x5F, 0xF8, 0xEB, 0x6D, 0xA6, 0xD6, 0x84, 0x31, 0x24, 0xDE, 0xD4,
    0xF1, 0x6E, 0xC6, 0x33, 0x51, 0x1A, 0x54, 0x96, 0x93, 0x6A, 0x8A, 0x73, 0x55, 0x19, 0x70, 0xC8,
    0x41, 0xAE, 0x5F, 0x9F, 0x53, 0xD3, 0x74, 0xCC, 0x66, 0xED, 0x3A, 0xA5, 0xF5, 0x6D, 0x33, 0xD9,
    0x21, 0x3D, 0x4C, 0xD3, 0x3D, 0xA5, 0xB6, 0x4C, 0x59, 0xB4, 0x0F, 0x65, 0xD0, 0x6E, 0x58, 0xC7,
    0xC9, 0x27, 0xC0, 0xB2, 0xE1, 0x53, 0x7A, 0x7F, 0x2D, 0xB2, 0x91, 0x89, 0x27, 0xAE, 0x2C, 0x6A,
    0x88, 0x76, 0x05, 0xAA, 0xD7, 0xB4, 0x23, 0x75, 0xD3, 0xFE, 0xB1, 0xA5, 0xAD, 0x6B, 0x42, 0xC0,
    0xB6, 0x20, 0x09, 0x6C, 0xAB, 0x6D, 0xAF, 0x72, 0x60, 0xAF, 0xDA, 0x35, 0x96, 0x76, 0x7F, 0xC4,
    0x8C, 0xC3, 0xDB, 0x3C, 0xF9, 0x69, 0xD7, 0xFC, 0xD4, 0x2D, 0x61, 0xB0, 0x6A, 0x3C, 0xCD, 0x59,
    0xCF, 0x2D, 0xAF, 0x43, 0x79, 0x87, 0x59, 0x8C, 0x13, 0x0C, 0xC0, 0x91, 0xAD, 0xF6, 0x0C, 0x68,
    0x8D, 0x01, 0xB9, 0xCC, 0xF2, 0x91, 0x18, 0xC0, 0xAF, 0x6C, 0x68, 0x3E, 0x30, 0x06, 0xB4, 0xBB,
    0x96, 0x53, 0x31, 0xA0, 0xB0, 0x66, 0x27, 0x6B, 0xD5, 0xCC, 0x3F, 0x9B, 0x01, 0xA9, 0x9E, 0x8A,
    0x33, 0x06, 0x58, 0xB0, 0xB7, 0x67, 0x43, 0xBE, 0x63, 0xC3, 0x1F, 0x82, 0x03, 0x27, 0xD9, 0x70,
    0x91, 0x03, 0x7B, 0x95, 0x88, 0xE9, 0x1B, 0x42, 0xFA, 0xE6, 0x0D, 0x36, 0xA1, 0x5D, 0xB7, 0x27,
    0xDD, 0x83, 0x24, 0x78, 0x7B, 0x6C, 0xAE, 0x0F, 0x1C, 0x68, 0x3E, 0xE1, 0xF1, 0xED, 0xF3, 0xF6,
    0xC0, 0xF6, 0xF6, 0x8C, 0xCE, 0xDC, 0xFA, 0xCC, 0xCE, 0xDC, 0x8B, 0xD6, 0x99, 0xAB, 0x2D, 0x55,
    0x27, 0x3A, 0x73, 0x8B, 0x13, 0x9D, 0xB9, 0x99, 0x3F, 0x9C, 0x0A, 0x8B, 0xFA, 0x9F, 0xB5, 0x77,
    0xF6, 0x02, 0x02, 0xF1, 0x46, 0x68, 0x2A, 0xAB, 0x85, 0x59, 0x0B, 0x53, 0xB5, 0xAB, 0xD2, 0xBB,
    0xFB, 0xE7, 0xA8, 0x99, 0xAF, 0xE0, 0xC6, 0xDF, 0xA0, 0xE1, 0xFA, 0xEA, 0xF1, 0xEA, 0xF8, 0x25,
    0xC3, 0x26, 0xC9, 0x99, 0x53, 0x77, 0x38, 0x51, 0xCC, 0x97, 0x6A, 0x9D, 0x2C, 0x18, 0x80, 0xCA,
    0xBE, 0x5A, 0x77, 0x51, 0xD5, 0xBA, 0xA7, 0xF6, 0x95, 0xCA, 0x03, 0x78, 0x6C, 0x0F, 0xBD, 0x1D,
    0xD6, 0xEC, 0xE2, 0xEB, 0xDB, 0x3B, 0x5C, 0xF1, 0xC4, 0x41, 0xCD, 0x6E, 0x5C, 0x6A, 0x76, 0x1D,
    0x61, 0xD2, 0xDC, 0xEE, 0xF5, 0x38, 0xAB, 0xF7, 0x8F, 0x71, 0x5A, 0x0A, 0xB0, 0xDC, 0xB7, 0x6E,
    0xAF, 0xF4, 0x6C, 0xFC, 0x17, 0xD5, 0x95, 0x2B, 0x27, 0xB0, 0xB2, 0xEA, 0xF9, 0x93, 0x7F, 0xB6,
    0x0D, 0x59, 0x97, 0x1D, 0xF2, 0x3B, 0x63, 0x04, 0x0B, 0xFE, 0xC6, 0x9D, 0x77, 0x2A, 0x8D, 0xA9,
    0x08, 0x78, 0xD9, 0xB2, 0x1D, 0x67, 0x54, 0x02, 0x67, 0xDC, 0xB6, 0x50, 0xAE, 0x6D, 0x86, 0x49,
    0x8A, 0xAE, 0x84, 0x4A, 0x20, 0x25, 0xF2, 0x5D, 0xE5, 0x03, 0xEB, 0xA5, 0x12, 0x28, 0x08, 0xF1,
    0xEF, 0xBB, 0x34, 0xD4, 0xB0, 0xE0, 0x11, 0x4B, 0x95, 0xC9, 0x63, 0xF6, 0x81, 0x85, 0x4B, 0xA5,
    0x7F, 0xEB, 0x3E, 0x67, 0xD0, 0x37, 0x84, 0x47, 0x21, 0xDF, 0xD3, 0x38, 0x9B, 0x33, 0x75, 0xE1,
    0x79, 0x7A, 0x36, 0x87, 0xAD, 0x77, 0x4F, 0xD2, 0x1F, 0x3E, 0xE3, 0x19, 0xEB, 0x19, 0xCF, 0x64,
    0x0E, 0xED, 0xB0, 0x0F, 0xF9, 0xF7, 0x5E, 0xF2, 0x57, 0x1A, 0xFF, 0x31, 0x0E, 0xEA, 0x3B, 0xC7,
    0x2F, 0x1C, 0x1F, 0x83, 0x94, 0x07, 0x42, 0x6D, 0x3B, 0xB6, 0x2F, 0x95, 0xE8, 0x96, 0xC7, 0xBA,
    0x6F, 0xFA, 0x56, 0x84, 0x66, 0x7D, 0x98, 0x5E, 0x9C, 0x39, 0xB4, 0x4B, 0x7A, 0x71, 0x56, 0x65,
    0x31, 0x3A, 0xD1, 0x0E, 0x62, 0xA9, 0xA3, 0x90, 0x5A, 0xBB, 0x6F, 0x97, 0x5E, 0xEC, 0xCB, 0x7D,
    0x7A, 0xF1, 0x96, 0x7D, 0x3B, 0x84, 0x73, 0xF7, 0x2D, 0xA9, 0x9C, 0x66, 0x49, 0x0A, 0x7A, 0x17,
    0x32, 0x0E, 0x3E, 0x68, 0x12, 0xDE, 0x1F, 0x90, 0x7F, 0x3A, 0x9D, 0x48, 0xD9, 0xFD, 0xA6, 0x3E,
    0x24, 0xC9, 0xFA, 0xF8, 0x7D, 0x21, 0xE4, 0x39, 0x0A, 0x1D, 0x0B, 0xF6, 0x1D, 0x3D, 0xE5, 0xF3,
    0x7D, 0xB0, 0x63, 0xAD, 0xDB, 0xEB, 0xD5, 0xE9, 0x9F, 0xDB, 0xAD, 0xF7, 0xED, 0xAB, 0x88, 0x06,
    0x58, 0xF9, 0x3C, 0xCF, 0x46, 0xEA, 0xB3, 0xCA, 0x0E, 0xC3, 0xD9, 0x89, 0x8A, 0x66, 0x2F, 0x3E,
    0x74, 0x17, 0x91, 0xA2, 0xB0, 0xB5, 0x0C, 0xCB, 0xF2, 0x5B, 0x41, 0x11, 0x0C, 0x68, 0x3B, 0xB5,
    0x49, 0xC4, 0x43, 0xC4, 0x68, 0x6C, 0xA4, 0x2D, 0x8C, 0xC7, 0x82, 0xF1, 0xBF, 0x85, 0x35, 0xD5,
    0xF6, 0x34, 0x97, 0xBE, 0xF8, 0xA7, 0xD8, 0xDD, 0x33, 0xD4, 0x6A, 0xCF, 0xC8, 0xCC, 0xF3, 0x2B,
    0x79, 0xE6, 0xF3, 0x4B, 0xB7, 0x42, 0x7E, 0xF2, 0x41, 0xCF, 0x5B, 0xD3, 0xF8, 0xDA, 0x84, 0xC7,
    0x39, 0x7C, 0x90, 0x6C, 0x06, 0xE8, 0x9C, 0xD3, 0xEB, 0x83, 0x60, 0x73, 0x06, 0xC1, 0xE5, 0x7C,
    0x11, 0x67, 0x32, 0xEE, 0x0B, 0x38, 0xAE, 0xAF, 0xFA, 0xBB, 0xE5, 0xE0, 0x2A, 0x3D, 0xE0, 0x9C,
    0xB6, 0xF6, 0x88, 0x73, 0x6E, 0xCD, 0xE1, 0x7C, 0x5A, 0x5B, 0x33, 0xBF, 0x02, 0xE5, 0x69, 0x53,
    0xA0, 0xF6, 0xA9, 0xF0, 0x45, 0x1E, 0xF7, 0xEC, 0x1E, 0xD5, 0xC6, 0xDB, 0x69, 0xF4, 0x7A, 0xBC,
    0x1D, 0x33, 0xCC, 0xFD, 0xA0, 0x0C, 0x62, 0x07, 0x0F, 0xC5, 0x67, 0x5D, 0x04, 0xD2, 0xF9, 0xC9,
    0xC6, 0x47, 0xE1, 0x01, 0x80, 0xA2, 0xB3, 0xE7, 0x05, 0x66, 0xE5, 0xA6, 0x7E, 0x8C, 0xC0, 0x84,
    0x80, 0xB9, 0xDC, 0x94, 0x62, 0x06, 0x40, 0x1A, 0xD9, 0xC1, 0xCE, 0x34, 0x18, 0x34, 0x78, 0x3B,
    0xB0, 0x64, 0x4A, 0x07, 0x30, 0x25, 0x61, 0x21, 0x9A, 0x66, 0x78, 0x32, 0x6B, 0xAC, 0x67, 0x36,
    0xC0, 0x9F, 0x3B, 0x88, 0xE8, 0x3D, 0x8E, 0xAB, 0x1C, 0xE0, 0x1C, 0xAE, 0xC2, 0x5E, 0x7F, 0x48,
    0x1B, 0x07, 0x88, 0xC0, 0xE5, 0xD8, 0x9B, 0x2A, 0x8C, 0xFC, 0x5B, 0xA6, 0x80, 0xEB, 0x87, 0x55,
    0x5F, 0x11, 0xEE, 0xFA, 0x66, 0xBF, 0x43, 0x1B, 0x37, 0x29, 0xE0, 0xED, 0xF0, 0xF0, 0x78, 0xD4,
    0x47, 0x30, 0xB4, 0xD4, 0x81, 0x64, 0x64, 0x4E, 0x76, 0xA8, 0xEC, 0x39, 0xD0, 0x13, 0xDD, 0x63,
    0xB7, 0xAA, 0xBC, 0xBD, 0x52, 0x68, 0x61, 0x5F, 0xA1, 0x04, 0xF4, 0xD8, 0x33, 0xF6, 0xCA, 0x98,
    0xA7, 0xA1, 0xF5, 0x5E, 0xE9, 0x94, 0x63, 0x53, 0x88, 0x2B, 0xA7, 0x7A, 0xE5, 0x02, 0x74, 0xD0,
    0x03, 0xFB, 0xA1, 0x13, 0xAB, 0xD4, 0xFB, 0x4B, 0xC9, 0x44, 0x79, 0xF2, 0x99, 0x8B, 0x7C, 0xA9,
    0x12, 0xA8, 0xC1, 0x18, 0x76, 0x84, 0x70, 0x3A, 0x51, 0x93, 0x82, 0x3D, 0xF8, 0x43, 0xD3, 0x1F,
    0xBE, 0x21, 0x04, 0xC4, 0xE3, 0x6F, 0xDB, 0xB8, 0xE3, 0x03, 0x6F, 0xD9, 0xF8, 0x25, 0xE5, 0x3A,
    0x2F, 0x83, 0xA2, 0x1B, 0xA3, 0x6B, 0x1E, 0x1F, 0x93, 0x21, 0x1D, 0xF3, 0x2E, 0xDB, 0x96, 0x6D,
    0xDE, 0x57, 0x6D, 0xB9, 0xA9, 0x6A, 0x58, 0xEF, 0x6B, 0xB3, 0xF2, 0x0C, 0xE1, 0x0B, 0x46, 0xCC,
    0xC6, 0xAC, 0x7C, 0x68, 0xD6, 0xF6, 0xAD, 0x3B, 0xFB, 0xE7, 0xB6, 0x7F, 0x1C, 0x5B, 0x49, 0xFD,
    0x98, 0x4B, 0xC6, 0x7E, 0x3A, 0x55, 0x1E, 0xBE, 0x55, 0x95, 0xB8, 0xD7, 0xEC, 0xAB, 0xDC, 0x56,
    0x7E, 0xF9, 0x42, 0x37, 0x28, 0xEC, 0xBE, 0xF5, 0xFE, 0xB6, 0x79, 0xEC, 0x56, 0x1D, 0x20, 0x90,
    0x02, 0x80, 0x5D, 0xE6, 0x44, 0x72, 0xCA, 0x7E, 0xBA, 0xC9, 0x6F, 0x2A, 0x9B, 0xDE, 0x9A, 0x6E,
    0xD8, 0xFF, 0x3F, 0xB5, 0xA4, 0xC2, 0xBE, 0x0C, 0xED, 0x60, 0xBC, 0x09, 0xC0, 0xDC, 0x76, 0x8F,
    0xB3, 0x2A, 0x83, 0x11, 0x9A, 0xC8, 0x33, 0x3F, 0x9C, 0xA5, 0xFA, 0xB7, 0x6B, 0x01, 0xF9, 0x6A,
    0xC2, 0x5B, 0x4F, 0x5C, 0x26, 0x1E, 0x99, 0x43, 0x4F, 0xFB, 0x4A, 0xE5, 0x2D, 0xBE, 0xED, 0x02,
    0xBF, 0xF0, 0xC4, 0x7D, 0xC9, 0xD5, 0xB7, 0x2D, 0xE7, 0x5D, 0xF6, 0x58, 0xBF, 0x43, 0xBE, 0xCD,
    0x9F, 0x2A, 0x1B, 0xCD, 0x3E, 0xA5, 0xD5, 0xC8, 0xE8, 0x36, 0xE6, 0x53, 0x0A, 0x80, 0x20, 0xFA,
    0x26, 0x19, 0x83, 0x80, 0xB7, 0xF9, 0x89, 0xFC, 0x0F, 0xD5, 0x9B, 0xBF, 0x8E, 0xDD, 0xD6, 0x11,
    0xC6, 0xE7, 0x92, 0x89, 0x18, 0x99, 0xB0, 0xE9, 0x52, 0x80, 0x8D, 0x30, 0x85, 0x0A, 0x01, 0x76,
    0x44, 0x97, 0x2A, 0x24, 0x91, 0xF6, 0x0B, 0x38, 0x6F, 0x10, 0xBF, 0x81, 0x5C, 0xA4, 0x50, 0x21,
    0x8B, 0x17, 0x69, 0x5C, 0xB8, 0xD9, 0x37, 0x70, 0xDE, 0xC0, 0x2A, 0x52, 0xA8, 0xB0, 0x2E, 0x09,
    0xBB, 0x08, 0x02, 0x17, 0xBE, 0xB6, 0x9B, 0x00, 0x29, 0x4C, 0x03, 0x01, 0x9C, 0x92, 0xB1, 0x2F,
    0x1C, 0x46, 0x26, 0xEF, 0xC9, 0x7C, 0xDF, 0x1C, 0x5E, 0x72, 0x25, 0x47, 0x50, 0x00, 0xDF, 0x5D,
    0xEE, 0x4A, 0x3B, 0xFB, 0xEF, 0x2E, 0x39, 0xE7, 0x37, 0xC3, 0x39, 0xDF, 0x99, 0x73, 0x56, 0x44,
    0xB2, 0x5A, 0xF4, 0x2D, 0xDF, 0xC2, 0x56, 0x0D, 0xAC, 0x6B, 0xD5, 0x04, 0xB4, 0x61, 0x05, 0x1B,
    0x67, 0xB0, 0x2F, 0xA5, 0x3B, 0xB5, 0xAF, 0xA7, 0x9D, 0xDA, 0x1B, 0x09, 0xEC, 0x83, 0xA4, 0x57,
    0xDB, 0xC0, 0x86, 0x75, 0x0C, 0xEB, 0xDC, 0x20, 0x92, 0x38, 0xB7, 0x17, 0xF9, 0xB5, 0x44, 0x6A,
    0x6F, 0xEA, 0xF7, 0x44, 0xEE, 0xD2, 0xB6, 0xB0, 0x2B, 0xD8, 0xA2, 0x74, 0x52, 0xBA, 0xBE, 0x72,
    0x52, 0x39, 0x5C, 0x62, 0xF6, 0xC6, 0x2F, 0xC3, 0x3D, 0xAD, 0xA3, 0x1D, 0x60, 0x57, 0xDD, 0xF4,
    0x92, 0xEC, 0x87, 0x46, 0xDD, 0x73, 0x5B, 0x49, 0xB6, 0xAE, 0x96, 0x5C, 0xD4, 0x0C, 0x6A, 0x82,
    0x7E, 0xE5, 0xD6, 0x51, 0x17, 0xB8, 0x22, 0x69, 0xF5, 0x57, 0x53, 0x98, 0xBC, 0xD5, 0x4B, 0xE5,
    0x6D, 0x3C, 0xC0, 0xF4, 0x6A, 0xB2, 0xFE, 0x46, 0xBE, 0x77, 0x7D, 0x9B, 0xBB, 0xAF, 0xDD, 0x36,
    0x73, 0xB1, 0x2B, 0xE2, 0x2E, 0x38, 0xE5, 0x42, 0x04, 0x06, 0x09, 0x06, 0x9C, 0x61, 0xBC, 0x1C,
    0x7A, 0x42, 0x3A, 0x12, 0x12, 0x4F, 0xC4, 0x97, 0xC7, 0x74, 0xF1, 0x12, 0xAD, 0xDC, 0x86, 0x09,
    0xE8, 0x62, 0xB0, 0x9E, 0x39, 0x7A, 0xFE, 0x68, 0xE9, 0x32, 0x11, 0x46, 0x8E, 0xB7, 0xA6, 0x5F,
    0x30, 0x25, 0xBE, 0xC4, 0x4D, 0x56, 0x27, 0xC7, 0x06, 0x7B, 0xC9, 0x5F, 0xDE, 0xD0, 0x94, 0xA0,
    0x12, 0xB5, 0xAE, 0xD0, 0x0F, 0xE9, 0x63, 0xBE, 0xA4, 0x1C, 0xF0, 0xA3, 0xD5, 0x50, 0x5A, 0x00,
    0x12, 0xBC, 0x22, 0x91, 0xA0, 0x96, 0xA7, 0xDE, 0x0C, 0xA9, 0x67, 0xEA, 0xA1, 0x1A, 0x55, 0x8F,
    0xD5, 0x73, 0xF5, 0x60, 0x3D, 0x59, 0x8F, 0xD6, 0xB3, 0xF5, 0x70, 0x8D, 0xAE, 0xC7, 0xEB, 0xF9,
    0x7A, 0xC0, 0x9E, 0xB0, 0x47, 0xEC, 0x19, 0x1B, 0x64, 0x4F, 0x59, 0x0C, 0xB3, 0xCC, 0x52, 0x38,
    0xC0, 0x80, 0x7C, 0xAA, 0x64, 0xEA, 0xD8, 0xAA, 0xCF, 0xD5, 0xD9, 0x68, 0xD8, 0xF0, 0xB2, 0xBF,
    0x81, 0xD7, 0x15, 0x86, 0xD9, 0xC7, 0x5B, 0xC4, 0x65, 0x05, 0xFF, 0x0A, 0x29, 0x4E, 0xA5, 0xB5,
    0xE1, 0x37, 0xFE, 0x16, 0x00, 0x46, 0x40, 0x18, 0x02, 0x61, 0x0C, 0x84, 0x41, 0xB0, 0x28, 0x58,
    0x18, 0x2C, 0x0E, 0x16, 0x08, 0x8B, 0x84, 0x30, 0x14, 0xC2, 0x58, 0x08, 0x83, 0x21, 0x63, 0x34,
    0xDE, 0x33, 0x62, 0x86, 0xEF, 0x7D, 0xF8, 0x90, 0x7E, 0x0D, 0x28, 0xAB, 0x72, 0x38, 0x84, 0xC0,
    0x22, 0xF0, 0x13, 0x01, 0x38, 0xFF, 0x84, 0xBE, 0x42, 0x07, 0x0E, 0x69, 0x94, 0x7F, 0xA1, 0x57,
    0x8A, 0xBE, 0x85, 0xEB, 0x1F, 0xBA, 0x91, 0x30, 0x00, 0x1B, 0xDF, 0x09, 0xEF, 0x71, 0x6B, 0x86,
    0xF8, 0xEA, 0x64, 0x58, 0x57, 0xF6, 0x41, 0xAA, 0x82, 0x89, 0x9E, 0xE2, 0xF3, 0xB4, 0x1B, 0x2C,
    0xD1, 0xFF, 0x74, 0xF1, 0x13, 0xFD, 0x9A, 0x1C, 0x82, 0x20, 0x55, 0x3D, 0xD9, 0xB8, 0x46, 0xD2,
    0xC7, 0x4C, 0xFA, 0xBC, 0xC0, 0x2D, 0x6E, 0x2E, 0x24, 0xE9, 0x65, 0x0C, 0xC8, 0xBB, 0xB8, 0x59,
    0xA3, 0x4E, 0x84, 0x9F, 0x38, 0xBD, 0x71, 0x58, 0xE4, 0x6B, 0xC6, 0xC8, 0x42, 0x64, 0x11, 0x02,
    0x61, 0x06, 0x28, 0xDE, 0x22, 0x3E, 0x2F, 0xC8, 0x6A, 0x79, 0x8F, 0x81, 0xBD, 0xA5, 0xDB, 0x57,
    0xD5, 0xE1, 0x5E, 0x29, 0xEF, 0x2A, 0xBD, 0x78, 0x13, 0xB3, 0xEA, 0x60, 0x40, 0x18, 0x44, 0x8A,
    0x50, 0x96, 0x77, 0x6A, 0xFD, 0x96, 0xCE, 0x69, 0xC1, 0x56, 0xDA, 0x53, 0x63, 0x38, 0xCA, 0x03,
    0x11, 0xF2, 0x1E, 0xC9, 0x44, 0x72, 0xF1, 0x05, 0xE5, 0xFF, 0x11, 0x1F, 0xFD, 0xF8, 0xD3, 0x84,
    0xB5, 0x46, 0x93, 0x53, 0x36, 0x3A, 0xB0, 0x60, 0xA7, 0xB3, 0xAC, 0x0E, 0xAD, 0x39, 0x3E, 0xDF,
    0xE7, 0x10, 0x29, 0x7E, 0xB6, 0xCD, 0xEB, 0x43, 0x91, 0x14, 0x38, 0x2A, 0x81, 0x0D, 0x0B, 0x2F,
    0x0F, 0xC2, 0x7A, 0x0D, 0x6A, 0x01, 0x9E, 0xC9, 0x5D, 0x8A, 0xD7, 0x38, 0x13, 0x06, 0x3B, 0x59,
    0x60, 0x80, 0x92, 0xF5, 0x38, 0x1E, 0x0E, 0xC7, 0x8D, 0xA1, 0x78, 0xAB, 0xFD, 0x9D, 0xAC, 0x9A,
    0xA2, 0xD5, 0xF8, 0x20, 0xF3, 0x1D, 0x0A, 0x47, 0xE9, 0x0E, 0xF9, 0x77, 0xE4, 0x50, 0x5C, 0xE5,
    0xB5, 0x4D, 0xFF, 0x51, 0xCB, 0xF8, 0x2A, 0x98, 0x9B, 0x48, 0x24, 0x25, 0x69, 0x2F, 0x10, 0xE7,
    0xEC, 0x90, 0x36, 0x74, 0x83, 0xD9, 0xC5, 0xE7, 0xB9, 0xD8, 0x81, 0xF3, 0xCB, 0xE7, 0xC4, 0xD9,
    0x64, 0x55, 0x44, 0x62, 0x9C, 0xC0, 0x24, 0x99, 0x4B, 0xEF, 0xF7, 0x98, 0xCF, 0x1D, 0x38, 0x7F,
    0xF2, 0xC7, 0x0B, 0xC1, 0x99, 0x7A, 0x3B, 0xE8, 0xC7, 0x1A, 0x63, 0x85, 0x86, 0xB3, 0xE9, 0x7D,
    0x7D, 0x7F, 0xB3, 0x03, 0x6C, 0x39, 0x27, 0xD8, 0xCF, 0x9E, 0x27, 0x6D, 0x11, 0x54, 0x08, 0x30,
    0xD7, 0x61, 0x4D, 0xD8, 0xF8, 0x3E, 0x95, 0xC4, 0x42, 0x8B, 0x87, 0xF9, 0xF1, 0xBA, 0x3A, 0xD0,
    0xDD, 0xD3, 0xD7, 0x55, 0x7A, 0xA3, 0x3A, 0xF5, 0x95, 0xD2, 0x73, 0x8E, 0x26, 0xCE, 0xC5, 0x28,
    0x03, 0xCE, 0x82, 0x73, 0x54, 0xB0, 0x30, 0xFC, 0x03, 0x09, 0xAB, 0xC3, 0x2B, 0x2E, 0x00, 0xC9,
    0xE7, 0x9A, 0x27, 0xD7, 0xF2, 0x0E, 0xAE, 0xD0, 0x42, 0xF5, 0x9D, 0x42, 0x7B, 0x86, 0x29, 0xFC,
    0x8C, 0x29, 0xD2, 0x39, 0xB0, 0x86, 0x65, 0x29, 0xD1, 0x27, 0x2F, 0x19, 0x68, 0x7B, 0x6F, 0x75,
    0x35, 0x9F, 0xF2, 0x52, 0x59, 0x17, 0xA9, 0xD7, 0xF9, 0x2E, 0x81, 0x6D, 0x13, 0xCE, 0xF9, 0x14,
    0x55, 0xB4, 0x55, 0x73, 0x9D, 0xF6, 0x16, 0xAE, 0xB9, 0xC5, 0xC2, 0xC4, 0xD9, 0x6C, 0x5B, 0xEB,
    0x72, 0x60, 0xE5, 0x6A, 0xA5, 0x11, 0xB8, 0xB5, 0x4E, 0xB8, 0x8A, 0x52, 0xEB, 0xA8, 0xFE, 0x92,
    0x46, 0xAB, 0x52, 0xDB, 0x9C, 0x86, 0x19, 0xCC, 0x4B, 0x5B, 0x3F, 0x7D, 0x6E, 0x5A, 0x6A, 0xA5,
    0x2F, 0x4F, 0x5D, 0x27, 0xD5, 0x57, 0x7D, 0xE0, 0x82, 0x21, 0xD4, 0x7F, 0x49, 0x1F, 0xF6, 0xE9,
    0x2E, 0xD9, 0x65, 0x6D, 0xBE, 0xCD, 0xFF, 0xA5, 0x70, 0xF4, 0x25, 0x39, 0xB5, 0xB0, 0xBC, 0x9C,
    0xEF, 0xE4, 0x41, 0x36, 0xA8, 0xDE, 0x72, 0xCA, 0x10, 0x71, 0xAE, 0x66, 0x77, 0xCB, 0xBD, 0x16,
    0x80, 0x9F, 0x88, 0xC7, 0x46, 0xA6, 0x15, 0x21, 0x55, 0xBA, 0x1F, 0xC1, 0x9D, 0xED, 0x28, 0xE7,
    0xF5, 0x77, 0x8A, 0x69, 0xB2, 0x93, 0xA5, 0xD0, 0x83, 0x22, 0x48, 0x15, 0x4F, 0xA6, 0x37, 0x7A,
    0xA5, 0xB7, 0x84, 0x44, 0xF2, 0xC5, 0xED, 0xA1, 0xD9, 0xF0, 0x33, 0x72, 0x8B, 0x9B, 0x97, 0xE0,
    0x7C, 0xFF, 0x5B, 0x38, 0xCC, 0x47, 0x61, 0x87, 0x32, 0x32, 0xD5, 0x91, 0x45, 0xB1, 0xB1, 0x68,
    0x6A, 0x8D, 0x0E, 0xDC, 0x57, 0x5B, 0x3C, 0xEC, 0xB5, 0xC4, 0x1F, 0xE8, 0x55, 0xE3, 0xD5, 0x30,
    0xF7, 0x15, 0x7C, 0x08, 0x08, 0x84, 0x04, 0x88, 0x04, 0x8C, 0x04, 0x90, 0x04, 0x94, 0x04, 0x98,
    0x04, 0x9C, 0x08, 0x8A, 0xA4, 0x88, 0x4A, 0xC0, 0x4A, 0x00, 0x0B, 0x45, 0x44, 0x17, 0x68, 0x5C,
    0x4F, 0x1E, 0x78, 0x9D, 0x1C, 0x64, 0xA6, 0x24, 0xB0, 0x1B, 0x3C, 0x79, 0x81, 0xC3, 0x04, 0x12,
    0xBB, 0xBF, 0x61, 0xEC, 0x9F, 0xE3, 0xA5, 0x8F, 0x98, 0xF6, 0x8D, 0xDC, 0x58, 0x24, 0xC2, 0xCB,
    0x32, 0xE5, 0x3E, 0x9E, 0x94, 0xF8, 0x1B, 0x5C, 0x34, 0xFD, 0x77, 0x37, 0x36, 0xAB, 0x56, 0xFB,
    0x3D, 0x1F, 0xD1, 0x8C, 0xD9, 0xC8, 0x95, 0xAF, 0xFE, 0x3B, 0x05, 0xD7, 0xE8, 0x12, 0xAF, 0xF1,
    0x35, 0xC0, 0x46, 0xD8, 0x10, 0x1B, 0x63, 0x83, 0x6C, 0x94, 0x0D, 0xB3, 0x71, 0x36, 0xD0, 0x46,
    0xDA, 0x50, 0x7B, 0xD6, 0x1E, 0x36, 0xBB, 0x07, 0x92, 0xD8, 0xE7, 0x2D, 0x1E, 0xE6, 0xE0, 0x07,
    0x56, 0xE3, 0x57, 0x38, 0xD6, 0xC5, 0x73, 0x7E, 0x47, 0xFC, 0x72, 0x75, 0xC5, 0x99, 0xC4, 0x61,
    0xB2, 0xC8, 0x3E, 0xDC, 0xA1, 0x17, 0xD5, 0x7B, 0xC2, 0x04, 0x4C, 0xBE, 0x13, 0xDE, 0xA3, 0x65,
    0xAE, 0xAD, 0xA9, 0x19, 0xF3, 0x6C, 0xEB, 0xA3, 0x00, 0x9A, 0xB0, 0x9B, 0x90, 0x7D, 0x0A, 0x20,
    0x8F, 0xDD, 0x5F, 0x2F, 0x48, 0x16, 0x9F, 0x8C, 0x80, 0x83, 0xA9, 0xF7, 0x9B, 0xA3, 0x9E, 0xE5,
    0xC8, 0xBF, 0x1E, 0xBD, 0x83, 0xF6, 0x7C, 0x38, 0x27, 0x56, 0x52, 0x07, 0x0C, 0xEF, 0x61, 0x0E,
    0x17, 0x1F, 0x98, 0xC2, 0xDF, 0x58, 0x83, 0xAB, 0xE0, 0x22, 0x9B, 0x6B, 0x91, 0x0F, 0x80, 0xBF,
    0xA7, 0xB4, 0xD8, 0xCE, 0xE6, 0xA1, 0xA5, 0x15, 0xDC, 0xE2, 0x81, 0x29, 0x66, 0x0A, 0x66, 0xD3,
    0xCB, 0xC8, 0x67, 0x13, 0x1F, 0x15, 0x4A, 0xC0, 0xE0, 0x20, 0x4A, 0xB2, 0x42, 0x92, 0x22, 0x5A,
    0x1F, 0xBF, 0x12, 0xCF, 0x48, 0xC6, 0x56, 0x0F, 0x3E, 0x03, 0xC9, 0x47, 0x2B, 0xCB, 0xD8, 0x9B,
    0x4B, 0x25, 0xF9, 0x3C, 0xA2, 0xC8, 0x3E, 0x70, 0x7A, 0x61, 0xF2, 0x40, 0xCA, 0x86, 0x5D, 0xCE,
    0x96, 0xDD, 0x5A, 0x12, 0x09, 0xD7, 0x67, 0x31, 0xD3, 0x4D, 0xA2, 0xCA, 0x3A, 0x2C, 0x1C, 0x29,
    0x81, 0x6F, 0x0E, 0xBB, 0x42, 0xE8, 0x58, 0xE0, 0x17, 0xEE, 0xE8, 0x7B, 0x84, 0x52, 0xBF, 0x1E,
    0xFB, 0xA7, 0x0A, 0xBB, 0x13, 0x8C, 0x3E, 0xDD, 0x13, 0x36, 0x87, 0x89, 0x77, 0x60, 0xCE, 0x3A,
    0xCB, 0x1C, 0x54, 0xA0, 0xF1, 0xBD, 0x6C, 0xEC, 0x52, 0xE8, 0x95, 0x52, 0xC1, 0xD5, 0x00, 0x0A,
    0x9C, 0xBE, 0x4F, 0xAB, 0x62, 0x07, 0xA3, 0xBC, 0xCF, 0x4E, 0x84, 0xAE, 0x09, 0xEE, 0xB4, 0xE0,
    0xA4, 0x59, 0xA8, 0x37, 0xBD, 0xC2, 0x09, 0xAA, 0xC2, 0x52, 0xB2, 0xDA, 0x63, 0xF3, 0x2A, 0x06,
    0x00, 0xFE, 0xEF, 0x14, 0x02, 0xE4, 0x71, 0x6E, 0xFF, 0x9B, 0xBA, 0xFC, 0xB6, 0x56, 0xD1, 0xAF,
    0x35, 0x38, 0x6B, 0x8E, 0xE7, 0xE5, 0x2C, 0xCE, 0x91, 0xBF, 0x24, 0x17, 0x27, 0xAD, 0x6D, 0x14,
    0x55, 0x5B, 0x5C, 0x41, 0xC7, 0x91, 0x4F, 0xBD, 0x62, 0x95, 0x76, 0x81, 0x9B, 0x8D, 0xA0, 0x9F,
    0x46, 0x90, 0xCD, 0x47, 0xF0, 0xCD, 0xE9, 0x11, 0x58, 0x59, 0x5F, 0x63, 0xF5, 0xA4, 0x57, 0xD5,
    0x80, 0x64, 0xB8, 0x64, 0x86, 0x90, 0xE9, 0xEA, 0x63, 0x87, 0x61, 0xA1, 0x93, 0x5C, 0xB6, 0x28,
    0x90, 0xEA, 0xAA, 0xAB, 0x43, 0x7E, 0x82, 0x0D, 0xB3, 0x6A, 0x9B, 0x50, 0x0B, 0x62, 0xB4, 0x55,
    0x93, 0xD1, 0xE6, 0xEA, 0xBD, 0x6B, 0x34, 0x35, 0x60, 0x5B, 0x8C, 0x54, 0xAD, 0x8E, 0x51, 0x6D,
    0x40, 0xAB, 0xE3, 0x54, 0x1B, 0x61, 0xD5, 0x02, 0x64, 0xBA, 0x16, 0x53, 0x50, 0xEA, 0x67, 0x89,
    0x1F, 0xBD, 0x45, 0x01, 0xCE, 0x44, 0x7A, 0xC5, 0x9D, 0xC8, 0x4F, 0x65, 0x7D, 0xF4, 0x3F, 0xB2,
    0x3E, 0xB0, 0x44, 0x86, 0x13, 0x9F, 0x3A, 0xA0, 0x70, 0x45, 0x84, 0x05, 0x93, 0xBE, 0xD2, 0xD5,
    0x7A, 0x17, 0x57, 0x2B, 0x03, 0x78, 0xA0, 0xEB, 0xA7, 0x5C, 0x47, 0xA3, 0x5E, 0xCC, 0x96, 0x4E,
    0x0A, 0xA3, 0xD5, 0x5C, 0x4F, 0xBA, 0x72, 0xAB, 0xBE, 0x21, 0x4D, 0xAB, 0xD3, 0xCB, 0x4C, 0x62,
    0x61, 0x0F, 0xCB, 0x12, 0x79, 0xED, 0x3B, 0x12, 0xD3, 0x12, 0xC1, 0x9E, 0xE4, 0xED, 0x33, 0x96,
    0x08, 0xCB, 0xA1, 0x6A, 0x41, 0x06, 0x37, 0x5C, 0xD9, 0x56, 0x09, 0xDC, 0xA6, 0x21, 0x63, 0x8A,
    0xA6, 0x17, 0x0E, 0xD8, 0x8F, 0x05, 0x76, 0xA6, 0x85, 0x63, 0xDC, 0x7B, 0x93, 0x52, 0x0B, 0x97,
    0x93, 0x16, 0xFE, 0xBB, 0xD5, 0xE4, 0xEE, 0x89, 0x9A, 0xBC, 0xA4, 0xEC, 0xFC, 0x95, 0x8C, 0xDB,
    0xC5, 0xD6, 0x7B, 0x4D, 0xBE, 0x84, 0x5C, 0xCB, 0xBF, 0xE7, 0xC4, 0xF6, 0xB8, 0xC0, 0xCC, 0x36,
    0x88, 0x57, 0x15, 0x3A, 0xB7, 0x61, 0x6D, 0xF6, 0x8B, 0x99, 0x16, 0x0E, 0xBC, 0x16, 0x46, 0x00,
    0x80, 0xD7, 0xF8, 0x0A, 0x01, 0x0B, 0x09, 0x0B, 0x11, 0x0B, 0x19, 0x0B, 0x21, 0x0B, 0x29, 0x4B,
    0x7E, 0x7A, 0xBB, 0x07, 0x15, 0x07, 0xA4, 0x0D, 0xB5, 0x67, 0xED, 0x61, 0x5B, 0x26, 0x26, 0xB6,
    0xFD, 0xB0, 0xA3, 0x16, 0x7E, 0xCC, 0x1F, 0x7B, 0x2D, 0xBC, 0x74, 0xCE, 0x27, 0xE3, 0x01, 0x02,
    0xEB, 0xA4, 0x38, 0x74, 0x2A, 0x32, 0x5C, 0xF7, 0x97, 0xD8, 0xD9, 0x21, 0x61, 0x02, 0x26, 0xDF,
    0x09, 0xEF, 0x71, 0x4B, 0x02, 0x9B, 0x7B, 0xBE, 0x86, 0x66, 0x33, 0x2D, 0x1C, 0x30, 0x8B, 0xDF,
    0x9E, 0xB4, 0xF0, 0xF2, 0xB3, 0x98, 0x4D, 0xD7, 0xF0, 0x00, 0xD8, 0x7A, 0x57, 0xB7, 0xD1, 0x11,
    0x52, 0xA5, 0x92, 0x7F, 0x87, 0x9B, 0x3E, 0x6E, 0xCE, 0x87, 0x73, 0xDC, 0xA2, 0x10, 0xE5, 0x7B,
    0xEC, 0x13, 0xDF, 0xA3, 0xF6, 0x78, 0xF7, 0x29, 0x2D, 0x6C, 0x0A, 0x2E, 0xA7, 0x82, 0x1B, 0x58,
    0xC6, 0x4E, 0x46, 0x19, 0xB1, 0xBC, 0xB9, 0x6C, 0xA3, 0x49, 0x10, 0xBA, 0x2F, 0x1A, 0x89, 0x3E,
    0x55, 0x17, 0x22, 0x29, 0x0B, 0xDF, 0x79, 0xE3, 0x7A, 0x0A, 0x93, 0x7F, 0x08, 0xCE, 0xC9, 0x16,
    0x9C, 0x25, 0x2E, 0xE6, 0x13, 0xE0, 0x71, 0x38, 0x97, 0xA6, 0x03, 0x9F, 0xD6, 0xC2, 0x4B, 0xAE,
    0xBB, 0xCF, 0xA9, 0x0A, 0x6C, 0x99, 0x81, 0x89, 0x45, 0xCA, 0x0E, 0xA3, 0x84, 0x8A, 0xDA, 0xDD,
    0x47, 0x7B, 0x40, 0x33, 0xEA, 0x25, 0x89, 0xCE, 0x80, 0xEF, 0x73, 0x48, 0x08, 0x1B, 0x84, 0xB9,
    0x9F, 0x77, 0x10, 0x0B, 0xAE, 0x19, 0xF8, 0x20, 0x42, 0xBB, 0x9F, 0x88, 0x35, 0xA7, 0x3E, 0x66,
    0x08, 0x3E, 0x66, 0x08, 0x80, 0x29, 0x56, 0xB5, 0x51, 0x72, 0x2E, 0x38, 0x8F, 0x10, 0xE4, 0x87,
    0xC6, 0x28, 0xC6, 0xCA, 0x63, 0x1D, 0xE1, 0x70, 0x05, 0x78, 0x37, 0x50, 0xF3, 0x68, 0xAA, 0x15,
    0xFB, 0x83, 0x3E, 0xBA, 0x07, 0xBA, 0x3B, 0xA5, 0x0B, 0xE1, 0xFA, 0xA9, 0x2B, 0x7E, 0x26, 0xBA,
    0x5C, 0xAF, 0x1D, 0x9A, 0xED, 0x6B, 0xE8, 0x2C, 0x0D, 0xE2, 0xC0, 0x8D, 0x0A, 0x7C, 0xF3, 0xE1,
    0x02, 0xD1, 0x71, 0xC7, 0x96, 0xF3, 0x06, 0xA7, 0x0D, 0x26, 0xA7, 0x0A, 0xA0, 0x2B, 0xD8, 0xF6,
    0xDA, 0xC0, 0x55, 0x75, 0xE3, 0x75, 0x39, 0x3A, 0xBA, 0x27, 0x85, 0xEB, 0x55, 0x0A, 0x57, 0x8A,
    0x95, 0x9A, 0x1A, 0xA6, 0x18, 0x28, 0x5C, 0x17, 0x95, 0x75, 0x4F, 0x09, 0x57, 0x2C, 0xA2, 0xBB,
    0x0D, 0x9E, 0x20, 0xAC, 0xCD, 0x9B, 0x3D, 0x84, 0xEB, 0x71, 0xA9, 0xCD, 0xBB, 0xDE, 0xC3, 0xF5,
    0xAB, 0x58, 0xDB, 0xF7, 0x03, 0xBB, 0xDE, 0x7A, 0xF3, 0x6D, 0xBA, 0x5D, 0xE2, 0xB3, 0xCA, 0x89,
    0x67, 0x55, 0xEB, 0x0F, 0xFF, 0xF2, 0x4F, 0x2D, 0xF2, 0x6E, 0x2F, 0xC9, 0xDB, 0xCE, 0xC9, 0x8B,
    0x41, 0x7F, 0x06, 0x69, 0x36, 0x6E, 0x90, 0x0C, 0xB3, 0x33, 0x01, 0x4B, 0x85, 0xF4, 0x5C, 0x73,
    0x8A, 0xD8, 0x41, 0xBB, 0xCD, 0xE1, 0x50, 0xDB, 0x99, 0x40, 0x7C, 0xF6, 0x24, 0x52, 0xB9, 0x3E,
    0x72, 0x5D, 0xE5, 0xBA, 0xC8, 0xB5, 0x20, 0x76, 0x5B, 0xC3, 0x2C, 0x72, 0x8B, 0x87, 0x71, 0x6E,
    0xF2, 0x50, 0xC0, 0x3D, 0x76, 0x28, 0x3E, 0x66, 0x6F, 0xA2, 0xE3, 0xE6, 0xD0, 0x8E, 0xB6, 0xC5,
    0xA3, 0xB4, 0x6A, 0xD1, 0xCE, 0x09, 0xD8, 0x22, 0x08, 0x1B, 0x22, 0xDA, 0xA2, 0x4B, 0x12, 0xB2,
    0x57, 0xA2, 0xEB, 0x07, 0xFD, 0x8E, 0xD6, 0x2D, 0x7D, 0x65, 0x0E, 0x35, 0x86, 0xDD, 0x92, 0x14,
    0xCD, 0x0F, 0x38, 0x09, 0xF1, 0x52, 0xED, 0x9F, 0xDC, 0x94, 0x4D, 0x66, 0xE7, 0x3D, 0xAC, 0x55,
    0x6C, 0x1B, 0xB4, 0x26, 0x9B, 0x2F, 0x89, 0x80, 0x4D, 0x56, 0x97, 0x0A, 0xA8, 0x2E, 0xF7, 0x88,
    0xF3, 0x5E, 0x89, 0xC4, 0x3D, 0x76, 0x36, 0x7B, 0x25, 0x62, 0xA6, 0x53, 0x2C, 0xD9, 0x2E, 0x52,
    0x63, 0x3B, 0x9B, 0xE8, 0xB8, 0x61, 0xB7, 0xB6, 0xD4, 0xF0, 0xBF, 0x51, 0xFE, 0xE8, 0xFE, 0xD3,
    0x96, 0xEE, 0x73, 0xA5, 0xB9, 0xD7, 0x71, 0xA6, 0x4D, 0xD4, 0x3D, 0xE5, 0x01, 0x6F, 0x6D, 0xA6,
    0x39, 0xDC, 0x5D, 0x1E, 0xC9, 0xA1, 0x2F, 0xE5, 0x5B, 0x70, 0x1F, 0xD5, 0x93, 0xD3, 0xA5, 0x9C,
    0xDA, 0xD5, 0x5B, 0x06, 0xDA, 0xEB, 0xC5, 0x38, 0x06, 0xA4, 0xBC, 0xBC, 0xD6, 0x8D, 0x4B, 0xF6,
    0xF0, 0xB0, 0x77, 0x7B, 0xF9, 0xC8, 0x60, 0x7D, 0xFA, 0xA7, 0x1D, 0x37, 0x80, 0xCA, 0x5D, 0xCE,
    0x79, 0xBF, 0x41, 0xD7, 0x4E, 0x53, 0x1C, 0x5F, 0x45, 0x6B, 0x7F, 0xF2, 0x51, 0xAE, 0xDB, 0x87,
    0xBB, 0x46, 0xAF, 0x40, 0x5B, 0x0B, 0x9B, 0xE9, 0x11, 0xC9, 0x11, 0xE0, 0x4D, 0xF1, 0x04, 0x3D,
    0x42, 0x32, 0x7C, 0x28, 0x1E, 0xA2, 0xA7, 0xE8, 0x31, 0x7A, 0x8E, 0x1E, 0xA4, 0x27, 0xE9, 0x51,
    0x7A, 0x96, 0x1E, 0x26, 0x69, 0x16, 0xE2, 0x71, 0x7A, 0x9E, 0x1E, 0xE8, 0x48, 0x54, 0xAA, 0x71,
    0xB3, 0xEF, 0xF6, 0xEC, 0x80, 0x12, 0xAD, 0x6D, 0x03, 0x84, 0x3C, 0xA7, 0x19, 0xB6, 0x38, 0x7B,
    0x10, 0xD7, 0x29, 0x4F, 0xE7, 0xF9, 0xFD, 0x24, 0xA6, 0x4C, 0x8A, 0x59, 0x46, 0x67, 0x6B, 0x1D,
    0x46, 0xB5, 0xC5, 0xE1, 0x4F, 0xCD, 0xA1, 0x3B, 0xA0, 0x2C, 0xF1, 0x80, 0xEA, 0x05, 0xD8, 0x62,
    0xA0, 0x41, 0x1A, 0x67, 0x33, 0x81, 0x1A, 0xAC, 0xB9, 0xA3, 0x9A, 0xF4, 0xA3, 0x2D, 0x9B, 0xAC,
    0x7B, 0x43, 0xCA, 0xC7, 0xAE, 0x43, 0xBB, 0xF7, 0x6B, 0x2C, 0xF1, 0x41, 0x7C, 0x44, 0x6E, 0x85,
    0x88, 0xAB, 0xB2, 0xCB, 0xC2, 0x16, 0xA1, 0x52, 0x5E, 0xE9, 0x20, 0xC0, 0x3C, 0xDD, 0x59, 0x73,
    0xE9, 0xCF, 0x17, 0x89, 0xB9, 0x3D, 0x80, 0x56, 0x0A, 0xAC, 0x38, 0xA4, 0x76, 0x50, 0x77, 0x87,
    0x2B, 0xE9, 0x22, 0x1F, 0xB4, 0x7B, 0xDA, 0x9B, 0xE7, 0xC3, 0x7C, 0xAC, 0x0E, 0x5A, 0x1E, 0x2E,
    0x5B, 0x7D, 0x20, 0xE5, 0x8F, 0x6A, 0x9E, 0xF2, 0x49, 0xEC, 0xAB, 0xD2, 0x98, 0x5F, 0xBD, 0x18,
    0x79, 0xCE, 0xDA, 0x31, 0xD6, 0x62, 0xA6, 0xD4, 0x6B, 0x1D, 0x7B, 0x42, 0x5D, 0x7A, 0xC8, 0xF3,
    0x84, 0xE7, 0x79, 0x2F, 0x9F, 0x3D, 0xED, 0x71, 0xCF, 0xEB, 0xC5, 0xCB, 0xDC, 0xB0, 0xB8, 0x05,
    0xBE, 0xCE, 0xF5, 0xA0, 0xDD, 0xBA, 0x16, 0xF9, 0x5E, 0x67, 0xF5, 0x85, 0xAA, 0x2A, 0xA6, 0x70,
    0x02, 0x1E, 0x5C, 0x7A, 0xFF, 0xB3, 0x1A, 0x82, 0xEB, 0xF7, 0xB5, 0x24, 0xC9, 0x5E, 0x39, 0xBF,
    0x1A, 0x74, 0xE7, 0x94, 0xD5, 0xE3, 0xBE, 0xFD, 0xB8, 0x69, 0xE0, 0x0F, 0xAD, 0x8D, 0x5F, 0x5D,
    0x38, 0xC0, 0xA7, 0x74, 0x86, 0x4F, 0x6E, 0xAF, 0x34, 0xC6, 0x3F, 0x0C, 0x48, 0x0F, 0x3B, 0x5D,
    0xD6, 0x01, 0x4D, 0x67, 0xF6, 0xDC, 0xA2, 0xF0, 0x84, 0x40, 0x6A, 0x67, 0xB6, 0x99, 0x9C, 0x8E,
    0x9A, 0xE9, 0xAC, 0x78, 0x6C, 0x93, 0x92, 0x09, 0x15, 0x6B, 0x38, 0x06, 0xED, 0xE9, 0x8B, 0x69,
    0xB8, 0x12, 0xB7, 0xD6, 0x68, 0xA5, 0xAE, 0x88, 0x5D, 0x71, 0x89, 0xEA, 0x37, 0x84, 0xE0, 0x5F,
    0xC7, 0x6B, 0xE8, 0xE1, 0x84, 0x95, 0x8C, 0x1B, 0x8F, 0xCD, 0x5D, 0xFC, 0x42, 0x4B, 0x4D, 0xF4,
    0x3D, 0x3B, 0x4F, 0x3F, 0x72, 0x45, 0xCA, 0xBB, 0x24, 0xC3, 0x24, 0x7A, 0xCD, 0xDA, 0x91, 0xBF,
    0xAC, 0x9B, 0x8A, 0xC7, 0xCC, 0x67, 0x3B, 0x78, 0x91, 0x3A, 0x93, 0x52, 0xF9, 0xEC, 0xB0, 0x54,
    0x35, 0x3B, 0x94, 0x97, 0x4E, 0xA7, 0x7E, 0x99, 0x0F, 0xFA, 0xF6, 0x87, 0x27, 0x68, 0x84, 0x3B,
    0x1C, 0xB1, 0xD5, 0x24, 0x2A, 0x6B, 0x6C, 0x4D, 0x41, 0xFF, 0x0F, 0x10, 0x68, 0xEF, 0xEF, 0xD1,
    0x59, 0x88, 0xF6, 0x38, 0xA0, 0x1D, 0xEE, 0x43, 0x9E, 0xD0, 0x43, 0xA7, 0x32, 0x74, 0x31, 0xFB,
    0xAC, 0x10, 0x3E, 0x76, 0xF2, 0x60, 0xE5, 0xF8, 0xB7, 0x24, 0x8E, 0x2D, 0x15, 0x77, 0x8F, 0x76,
    0x37, 0x9D, 0x07, 0xA9, 0x66, 0xD2, 0xEE, 0xF6, 0xB8, 0xFA, 0x90, 0xEC, 0x4D, 0xB6, 0x86, 0x3E,
    0xAB, 0xC9, 0x90, 0xAF, 0xE8, 0x27, 0x8F, 0x97, 0x41, 0xF5, 0xC9, 0xED, 0x54, 0xD3, 0xAD, 0x2B,
    0xAF, 0x5E, 0x8B, 0x69, 0xC6, 0x3A, 0x0F, 0x86, 0x8F, 0xC0, 0xF0, 0x3B, 0x07, 0x86, 0xD8, 0xBE,
    0xA8, 0x1C, 0x9E, 0x0E, 0xBD, 0x79, 0x3F, 0x32, 0x1C, 0xFF, 0xFE, 0xC7, 0xFE, 0xEE, 0x27, 0x30,
    0xDF, 0x2D, 0x45, 0xEC, 0x34, 0xC9, 0x7E, 0xDA, 0x0C, 0x5A, 0x10, 0xF3, 0xFB, 0xF3, 0xDE, 0x08,
    0x07, 0x72, 0xA7, 0x9D, 0x34, 0x70, 0xBC, 0x9D, 0x2A, 0xE8, 0xB5, 0x65, 0xE7, 0xF0, 0x74, 0x48,
    0xF6, 0x1A, 0xF7, 0x83, 0x1E, 0xE2, 0x2E, 0x38, 0x19, 0x1B, 0x7E, 0xC9, 0xC3, 0xCB, 0xEB, 0x7C,
    0xBD, 0xC0, 0x4A, 0xE2, 0xD7, 0xE1, 0x5D, 0xC8, 0xBF, 0x94, 0x4A, 0x38, 0x17, 0x20, 0x51, 0x6E,
    0x61, 0x62, 0x91, 0x1B, 0x51, 0x7B, 0x01, 0xAA, 0xC7, 0x7F, 0x01, 0x85, 0x54, 0xB1, 0xAE, 0xE5,
    0x34, 0x10, 0x3D, 0xF7, 0x7A, 0xA5, 0x68, 0xE5, 0xC2, 0xB4, 0x54, 0xE1, 0x07, 0xC0, 0x3F, 0xB0,
    0xAC, 0x23, 0x28, 0xF6, 0x33, 0xF8, 0x09, 0x8A, 0x2D, 0x40, 0x49, 0x4F, 0xC1, 0xF6, 0x14, 0xFB,
    0x1B, 0x20, 0xB1, 0x2F, 0xA6, 0xA2, 0xA0, 0x89, 0x44, 0x41, 0x6B, 0x89, 0x1F, 0x70, 0x91, 0xC2,
    0x48, 0x4E, 0x86, 0x33, 0x76, 0x1E, 0xFB, 0x56, 0x20, 0x91, 0x7B, 0xC7, 0x76, 0x7C, 0xED, 0x99,
    0x33, 0x67, 0xCE, 0x5C, 0x91, 0x28, 0xED, 0x3B, 0x8B, 0xC8, 0xA3, 0xF1, 0x39, 0x9E, 0x98, 0xB4,
    0x13, 0xFF, 0x3B, 0x01, 0x78, 0x7D, 0x2F, 0x36, 0x8E, 0x08, 0x53, 0xD8, 0xE6, 0xCC, 0x4F, 0xF2,
    0x8B, 0xCD, 0x63, 0xF1, 0xFC, 0xB8, 0xDD, 0x64, 0x93, 0x5C, 0x9C, 0xF1, 0x35, 0x0F, 0xDA, 0xF4,
    0x5F, 0xBB, 0xED, 0x79, 0x8D, 0x74, 0x2F, 0x43, 0xA2, 0x9F, 0x69, 0xC4, 0xE7, 0xF4, 0xF5, 0x0E,
    0x61, 0x93, 0x65, 0xCE, 0xC4, 0xA8, 0x96, 0x24, 0xFA, 0x65, 0x05, 0xFD, 0xC6, 0xB1, 0x84, 0xE4,
    0xCB, 0x9A, 0xD5, 0xDC, 0x1E, 0x92, 0xC9, 0x36, 0x1A, 0xDE, 0x74, 0xD1, 0x63, 0x46, 0xA5, 0xCF,
    0xD4, 0x5C, 0x32, 0xDA, 0xD3, 0xB3, 0xE9, 0xC9, 0xD9, 0xA5, 0x9D, 0xBD, 0xBD, 0x3F, 0x8B, 0x5B,
    0x01, 0x4C, 0x05, 0x06, 0x35, 0xAE, 0x87, 0xCC, 0xF7, 0x04, 0xFF, 0xFB, 0x6F, 0x65, 0x15, 0xA9,
    0x6A, 0xE1, 0x87, 0xB7, 0x3B, 0xDC, 0x02, 0x78, 0x26, 0x1D, 0x2E, 0x9B, 0x69, 0x2B, 0xF7, 0xD6,
    0x09, 0x10, 0xFA, 0x39, 0x69, 0x07, 0xAD, 0x5E, 0xB6, 0xD3, 0xF2, 0x65, 0x1B, 0x6D, 0xD1, 0x60,
    0xA3, 0x8E, 0x7A, 0xBB, 0x5D, 0xC7, 0xAC, 0xAF, 0xB3, 0xFE, 0xF0, 0x12, 0xB8, 0x1F, 0x2F, 0xD6,
    0xC5, 0x2A, 0xB3, 0x6D, 0x18, 0xFE, 0xFA, 0x49, 0xA6, 0xEE, 0xEA, 0xAE, 0x83, 0xF9, 0x67, 0x50,
    0xA4, 0xB0, 0x6D, 0xA5, 0x41, 0x0C, 0x23, 0xF8, 0x3F, 0x7F, 0xAD, 0x60, 0x29, 0x4F, 0x10, 0xEF,
    0x81, 0xF0, 0xC7, 0x77, 0xCC, 0xC4, 0x69, 0x08, 0x85, 0xDC, 0x23, 0xF6, 0x41, 0x23, 0x7E, 0xAC,
    0x3E, 0x0F, 0x38, 0x99, 0x82, 0xC4, 0xA0, 0x5A, 0xD0, 0x6F, 0x90, 0xC5, 0x0B, 0x6C, 0xC1, 0x18,
    0x6F, 0x07, 0xE6, 0x6C, 0x04, 0x92, 0xAD, 0x4C, 0x6D, 0x58, 0xD3, 0x20, 0xF0, 0x0B, 0x91, 0xD8,
    0x44, 0xF6, 0xC2, 0xE2, 0x0B, 0x37, 0x64, 0x0B, 0xD5, 0xCA, 0x4D, 0x52, 0xA8, 0xAE, 0x4D, 0xBB,
    0xE5, 0x66, 0x74, 0xDB, 0xBD, 0x60, 0x9E, 0xE0, 0x2F, 0x8A, 0xC9, 0x31, 0xE1, 0x7C, 0xA4, 0xAB,
    0x21, 0x57, 0x2D, 0x39, 0x1F, 0xB7, 0x1D, 0x9D, 0x24, 0x42, 0x3C, 0x95, 0xF1, 0x86, 0xEE, 0xEC,
    0xA8, 0x29, 0x83, 0x13, 0xBE, 0xDD, 0x9D, 0x09, 0xE6, 0xDB, 0xBE, 0x62, 0xF4, 0xD2, 0x57, 0xA6,
    0x9A, 0x4C, 0xEF, 0x3E, 0x07, 0xB3, 0xDB, 0x5F, 0x4A, 0x45, 0xAD, 0x81, 0x55, 0x7F, 0x95, 0xB9,
    0xFF, 0x30, 0x7E, 0x15, 0x5F, 0xBA, 0xED, 0xC1, 0xA6, 0x75, 0x38, 0x50, 0xC7, 0x78, 0xBA, 0xB8,
    0x32, 0xE1, 0x1C, 0xE2, 0xE9, 0x75, 0x35, 0x44, 0xC6, 0x09, 0x91, 0x45, 0x73, 0x4B, 0x98, 0x0E,
    0x0D, 0x8A, 0x80, 0x70, 0xAB, 0x7C, 0x01, 0x7E, 0x56, 0xEF, 0xE1, 0x8B, 0x8A, 0x5B, 0x06, 0xBD,
    0x87, 0x2F, 0x0B, 0xCC, 0x86, 0x60, 0xB3, 0x7F, 0x95, 0x55, 0x04, 0xE3, 0xDB, 0xE8, 0xBE, 0x8F,
    0x18, 0xE9, 0xE7, 0x80, 0xE1, 0xD5, 0x67, 0x8F, 0x4A, 0xBE, 0x55, 0x73, 0x9A, 0x63, 0xA8, 0xB6,
    0xB8, 0xEC, 0x92, 0x8F, 0x6C, 0x0B, 0x7C, 0xD3, 0xF7, 0x77, 0x73, 0xBA, 0x6A, 0x0E, 0x57, 0x86,
    0xEA, 0x76, 0x5B, 0x7C, 0x76, 0x39, 0x6C, 0x2E, 0x85, 0xE8, 0xD9, 0x0A, 0x61, 0x7A, 0x60, 0xFC,
    0xCA, 0xB3, 0x4A, 0x87, 0xD2, 0xF4, 0x09, 0x6E, 0x3B, 0x89, 0x26, 0x1F, 0xB7, 0x53, 0x2B, 0x12,
    0x36, 0x95, 0x0A, 0x25, 0xC3, 0x9C, 0xED, 0xDE, 0xF4, 0x30, 0x37, 0x31, 0x0D, 0x57, 0xE8, 0xA1,
    0x55, 0xDB, 0xEC, 0x20, 0x59, 0xAA, 0xC8, 0x90, 0xE0, 0xB2, 0x7E, 0x79, 0x61, 0xED, 0x55, 0x63,
    0x18, 0xE6, 0x46, 0xD7, 0xBC, 0x98, 0x6E, 0x9A, 0x72, 0x66, 0x05, 0xB1, 0xEE, 0x94, 0x01, 0x0B,
    0xED, 0xB8, 0xBE, 0xC6, 0xE4, 0xF8, 0xAB, 0x6C, 0x23, 0xA3, 0x48, 0x6C, 0xE3, 0x34, 0xD2, 0xB3,
    0x60, 0xCC, 0xE0, 0xC5, 0x31, 0x31, 0x23, 0x8A, 0x44, 0x3B, 0x87, 0x10, 0x48, 0x13, 0xB9, 0xE8,
    0x23, 0xDE, 0xE0, 0x39, 0x3E, 0x78, 0x18, 0xF7, 0xD0, 0x50, 0x14, 0x13, 0xC2, 0x6E, 0x18, 0xAA,
    0xAF, 0xA9, 0xB1, 0xFA, 0xFE, 0xD4, 0x5D, 0x1B, 0x64, 0xD0, 0xC2, 0xBB, 0xA9, 0x37, 0x83, 0xD6,
    0xA1, 0x79, 0x85, 0xB2, 0x8F, 0xD6, 0x7D, 0x24, 0xE9, 0x71, 0xBF, 0xE9, 0x5E, 0x25, 0xD3, 0x35,
    0xAE, 0xFB, 0x4D, 0x23, 0xE5, 0xEA, 0x07, 0x58, 0xDD, 0x57, 0x44, 0xFC, 0x4B, 0xE1, 0xF3, 0x23,
    0xD0, 0x53, 0xE7, 0x61, 0x26, 0xB7, 0xF2, 0x9C, 0xC8, 0x66, 0x44, 0x26, 0x23, 0x2C, 0x56, 0x0D,
    0x71, 0x38, 0xCC, 0x3E, 0xEE, 0x2E, 0x0D, 0xD5, 0x94, 0x91, 0xE5, 0xBB, 0x27, 0x5B, 0xEC, 0xC2,
    0x5C, 0xE1, 0x19, 0x6C, 0xDD, 0x70, 0x97, 0x8C, 0x81, 0xFF, 0x7A, 0x23, 0x6D, 0x66, 0x1E, 0xAB,
    0x70, 0xEB, 0xA0, 0x15, 0x58, 0x49, 0x30, 0xB2, 0x40, 0xD9, 0xD3, 0xBE, 0x24, 0x5B, 0x9A, 0x38,
    0xFB, 0x85, 0x33, 0xED, 0x33, 0x05, 0x44, 0xFB, 0x54, 0xA1, 0xE3, 0x89, 0x62, 0xD0, 0xCF, 0x3C,
    0x70, 0x5E, 0xC9, 0xA7, 0xF6, 0xBB, 0x6C, 0xCD, 0x15, 0x99, 0xA7, 0xEB, 0xD6, 0x08, 0xFD, 0x6F,
    0xA5, 0xE1, 0x3E, 0x2F, 0xD8, 0x0D, 0xB5, 0x95, 0x45, 0x41, 0xB3, 0x7C, 0x8A, 0x99, 0xB1, 0x15,
    0xB2, 0x42, 0x20, 0x62, 0xC7, 0x2B, 0x04, 0xEC, 0x14, 0x0C, 0xFB, 0x91, 0xE9, 0x12, 0x2E, 0xE5,
    0xA0, 0x68, 0xDD, 0x05, 0x36, 0x36, 0xAC, 0x3A, 0xA5, 0xC6, 0xBB, 0x22, 0x75, 0x1D, 0xE8, 0xF3,
    0x8E, 0xF3, 0x5F, 0x28, 0x57, 0x05, 0x35, 0x3D, 0x62, 0x24, 0xC4, 0x56, 0xD6, 0x0B, 0x21, 0xB9,
    0x52, 0x5E, 0xB5, 0xBE, 0x5D, 0x57, 0x85, 0x82, 0x95, 0x4C, 0xAD, 0x6F, 0x7D, 0x4A, 0x94, 0x96,
    0x5D, 0xFC, 0xA6, 0xF7, 0xD5, 0x15, 0xEF, 0x5B, 0x1A, 0x1D, 0xCE, 0xA2, 0xF2, 0x32, 0x52, 0x55,
    0x5F, 0xCA, 0x26, 0xC5, 0xA1, 0x22, 0xA4, 0xC2, 0x7C, 0x6E, 0x32, 0xD0, 0x20, 0x9C, 0x9A, 0x32,
    0xDE, 0xE0, 0x45, 0x47, 0xF5, 0xEC, 0x03, 0x9D, 0xBD, 0x53, 0xB6, 0x72, 0x27, 0xAD, 0x29, 0xED,
    0x92, 0x9A, 0x4A, 0x55, 0xB5, 0xF6, 0x37, 0x5D, 0x53, 0x31, 0xB2, 0xD5, 0x36, 0x14, 0x3D, 0xB6,
    0x12, 0x54, 0x68, 0x26, 0xA2, 0x48, 0x97, 0x42, 0x2B, 0x08, 0xDA, 0x00, 0x3C, 0x19, 0xFE, 0x02,
    0x58, 0x42, 0x96, 0x01, 0x0D, 0xFF, 0x09, 0x9A, 0xDF, 0x66, 0x11, 0x14, 0x94, 0x2C, 0xE0, 0xFF,
    0x67, 0x7D, 0x28, 0x28, 0xD2, 0x38, 0x69, 0xD2, 0x7A, 0x26, 0x2C, 0xE0, 0x4E, 0x30, 0x20, 0x26,
    0xB2, 0x2F, 0xF7, 0xFA, 0x51, 0x64, 0xB0, 0x8E, 0x0B, 0xC9, 0x57, 0x67, 0xCE, 0x3D, 0xF7, 0x18,
    0x71, 0xEE, 0x6A, 0xB3, 0xD4, 0xFC, 0xB4, 0x85, 0xB2, 0x25, 0x41, 0xDE, 0xD2, 0xB0, 0x1E, 0xBB,
    0x76, 0x34, 0x2D, 0x99, 0x25, 0x39, 0x0A, 0xBF, 0x15, 0xBB, 0xA2, 0x27, 0x4B, 0x66, 0x86, 0x3C,
    0x7D, 0x19, 0x65, 0xC5, 0x9C, 0x86, 0x84, 0x84, 0x23, 0x4E, 0x77, 0xB7, 0xD7, 0x5C, 0x2E, 0xE5,
    0xCB, 0x2B, 0xF4, 0x0D, 0xAE, 0x21, 0x56, 0x3C, 0x59, 0xBA, 0x7F, 0xC8, 0x5E, 0xD1, 0x4F, 0x8E,
    0xEE, 0xFB, 0xF9, 0xC8, 0xEB, 0xC8, 0x0D, 0xA1, 0x20, 0x16, 0xA4, 0x0C, 0x66, 0xF0, 0xD6, 0x0B,
    0x0A, 0x4C, 0x86, 0x19, 0x60, 0xB9, 0xF4, 0x9E, 0x60, 0xEA, 0x0F, 0xA6, 0x1D, 0x4C, 0x4D, 0x76,
    0x89, 0x61, 0x72, 0x1B, 0x94, 0x30, 0xBD, 0xEF, 0x36, 0xB8, 0x05, 0x61, 0x42, 0x2A, 0x38, 0x72,
    0x61, 0x4F, 0x6C, 0x96, 0xCD, 0xD4, 0xCD, 0x2C, 0x27, 0x4B, 0xE9, 0x71, 0x91, 0xCA, 0xC8, 0x6B,
    0xE2, 0x96, 0xB8, 0x02, 0xC2, 0x33, 0xC1, 0x67, 0x44, 0xE0, 0x06, 0x5D, 0x85, 0x25, 0xF8, 0xFD,
    0x2E, 0x8B, 0xC6, 0xB1, 0xD8, 0x3F, 0x17, 0x5F, 0x6A, 0x10, 0x7C, 0x22, 0xCF, 0xC5, 0x32, 0x7A,
    0x2E, 0x81, 0xE9, 0x10, 0xE8, 0xDA, 0xD1, 0xB5, 0xA5, 0x4B, 0x5F, 0xFC, 0x86, 0x8E, 0xB3, 0x7F,
    0x47, 0xF1, 0x62, 0x49, 0xA6, 0x8E, 0xA6, 0x8D, 0xA6, 0x1E, 0x45, 0xD8, 0x95, 0x5C, 0x11, 0x3A,
    0xE9, 0x62, 0xE8, 0x56, 0x84, 0x19, 0x1B, 0xBE, 0x3D, 0xF7, 0xD0, 0x0C, 0xB9, 0x12, 0xB2, 0xBA,
    0x72, 0xC2, 0x8A, 0xB6, 0xAF, 0x6B, 0x3C, 0x93, 0x7D, 0x80, 0xCB, 0x3D, 0xF0, 0xBB, 0x8A, 0x93,
    0x23, 0x1C, 0x20, 0x87, 0x2A, 0x30, 0x0E, 0xDF, 0x90, 0x06, 0x3D, 0x49, 0x2A, 0x59, 0x6E, 0xF5,
    0x04, 0x3B, 0x21, 0x0C, 0x78, 0x00, 0xDC, 0x3D, 0xF3, 0xF7, 0x74, 0x83, 0xF4, 0x99, 0xE1, 0xD6,
    0x11, 0x8E, 0x46, 0x69, 0xE9, 0x24, 0x3A, 0xD4, 0x54, 0x31, 0xFC, 0x56, 0x6C, 0x7A, 0x51, 0x4B,
    0xBA, 0x60, 0xA4, 0x5E, 0x2C, 0x38, 0x4E, 0xFD, 0xC7, 0xC5, 0xCD, 0x4D, 0x0A, 0x52, 0x59, 0xCF,
    0x03, 0x1D, 0xFB, 0x76, 0xEE, 0x63, 0x14, 0xCF, 0xFC, 0x14, 0x63, 0x76, 0x2B, 0x70, 0x27, 0x5B,
    0xCE, 0x77, 0x78, 0x50, 0x73, 0x76, 0x88, 0xD9, 0xFD, 0xAA, 0xBE, 0x9B, 0x33, 0x2A, 0x7E, 0x59,
    0x65, 0x60, 0x19, 0xE3, 0x64, 0xDE, 0x2E, 0xFE, 0x4D, 0x53, 0x5C, 0x54, 0xC8, 0xB8, 0x62, 0x16,
    0xB5, 0x22, 0xD5, 0x8B, 0x76, 0xA6, 0x91, 0x89, 0x79, 0xD6, 0xB2, 0xBF, 0xAB, 0x93, 0x9A, 0xDB,
    0xD6, 0x29, 0xCB, 0xA2, 0xE6, 0x0B, 0x7F, 0x90, 0x96, 0x96, 0xFB, 0x76, 0xB9, 0x74, 0xE2, 0xF4,
    0x3E, 0x5B, 0xBC, 0x54, 0x76, 0xBF, 0x20, 0x11, 0xFE, 0xA3, 0xFE, 0x0F, 0x72, 0x8F, 0xE7, 0x5F,
    0xFD, 0xFC, 0xD4, 0x4F, 0xCC, 0x4D, 0xA0, 0xFC, 0x12, 0x16, 0x71, 0x5A, 0xC3, 0xB2, 0x1A, 0x6E,
    0xE7, 0xB0, 0x38, 0xC0, 0x71, 0xFE, 0x51, 0x08, 0xDD, 0xF2, 0xB3, 0xAD, 0xCF, 0x84, 0xD3, 0xD3,
    0x21, 0x6A, 0x0A, 0xD0, 0x8D, 0x08, 0x5F, 0x30, 0x0E, 0xA2, 0xDC, 0x91, 0xCE, 0x27, 0xF1, 0x9C,
    0xAE, 0x6A, 0x7A, 0xD4, 0x8E, 0x0F, 0x5B, 0x12, 0x3C, 0xAA, 0xE1, 0x1D, 0x59, 0x1E, 0xBC, 0x64,
    0x50, 0xDF, 0xC0, 0x62, 0x02, 0x9E, 0x62, 0x9F, 0x8C, 0xE4, 0x46, 0x83, 0xA3, 0x63, 0x90, 0x01,
    0xAA, 0x09, 0xCA, 0xA2, 0xC9, 0xD3, 0xF8, 0x68, 0x24, 0xDC, 0x1B, 0x0A, 0x79, 0x89, 0xB7, 0x14,
    0x3F, 0x50, 0x90, 0x2D, 0xC3, 0x70, 0x89, 0x3C, 0xDF, 0x44, 0xF9, 0x87, 0xA8, 0xB9, 0xF9, 0x26,
    0x94, 0x20, 0x57, 0xC5, 0x85, 0x7F, 0x25, 0x66, 0x2D, 0x8A, 0xFB, 0x79, 0xC7, 0xF3, 0x35, 0xFC,
    0xD5, 0xAC, 0xE4, 0x53, 0x75, 0x15, 0x8C, 0x1A, 0xE9, 0xC3, 0xB0, 0x8F, 0xB6, 0x83, 0x5A, 0x78,
    0xA9, 0x59, 0x35, 0xD2, 0xD4, 0xA4, 0xF9, 0xD2, 0xDE, 0xF1, 0x3D, 0xE2, 0x2E, 0xCF, 0x95, 0x5D,
    0x68, 0x56, 0x74, 0x22, 0xAF, 0xFE, 0x2F, 0x52, 0xDF, 0xE1, 0xA4, 0x61, 0x3A, 0xD3, 0x2A, 0xE7,
    0x5E, 0x28, 0x79, 0xFA, 0x0A, 0x7D, 0x55, 0xB1, 0x8E, 0xDD, 0x44, 0x14, 0xBD, 0xEF, 0x0D, 0x59,
    0x8B, 0x58, 0x30, 0x14, 0x14, 0x48, 0x14, 0xFE, 0x81, 0xB0, 0xD3, 0xA4, 0x5C, 0x34, 0x96, 0x52,
    0x50, 0x20, 0xC1, 0x27, 0x90, 0x3F, 0x58, 0x0A, 0x0A, 0x8A, 0x45, 0xB6, 0xD2, 0x52, 0xF0, 0x0B,
    0x29, 0x51, 0x1A, 0x82, 0x94, 0x62, 0x8B, 0x80, 0x67, 0x37, 0x05, 0x45, 0x8A, 0x75, 0xD8, 0x82,
    0x22, 0x88, 0x38, 0x40, 0x07, 0xD2, 0x9A, 0xAC, 0x45, 0x1C, 0x32, 0xF6, 0x70, 0xCE, 0xF5, 0x7B,
    0x4F, 0xA4, 0xE1, 0x15, 0x47, 0xF6, 0xB3, 0xE7, 0xDE, 0x73, 0xCF, 0x3D, 0xF7, 0x5A, 0xC4, 0x7C,
    0x25, 0x22, 0xD9, 0x47, 0x80, 0xFC, 0x0D, 0xC0, 0xE1, 0x35, 0xDC, 0xA5, 0x28, 0xE2, 0xD2, 0x2C,
    0x92, 0x62, 0x55, 0xAF, 0xD3, 0xFD, 0x26, 0x98, 0xF4, 0x59, 0x0A, 0x36, 0x7E, 0xFB, 0xA4, 0xB6,
    0xF1, 0x59, 0x10, 0x37, 0x9C, 0xD7, 0xE2, 0x9F, 0x3D, 0x28, 0xC5, 0x5F, 0x3E, 0x14, 0xF1, 0xBF,
    0xE1, 0xBC, 0x7F, 0x8C, 0xF3, 0xD5, 0x13, 0x9C, 0xAF, 0x7E, 0x39, 0xC0, 0xED, 0x9F, 0xD7, 0x01,
    0xF1, 0xEE, 0x6D, 0xF1, 0xE3, 0xE5, 0x28, 0xAE, 0xFF, 0x63, 0x14, 0xFB, 0xF7, 0xD9, 0x80, 0xE8,
    0x67, 0xBD, 0xAC, 0x53, 0x0A, 0x62, 0x2E, 0x26, 0x11, 0xF3, 0x25, 0xF3, 0x7F, 0xBC, 0xCD, 0xBF,
    0xF7, 0x0E, 0x00, 0x8F, 0x3B, 0x91, 0x82, 0x0C, 0xAA, 0xB1, 0x2A, 0x25, 0xB5, 0x55, 0x58, 0xA7,
    0x40, 0xA8, 0xBD, 0x02, 0x58, 0xD5, 0x57, 0xC0, 0x2F, 0xE0, 0x58, 0x4A, 0xBD, 0x58, 0x82, 0x78,
    0xDC, 0x8A, 0x0B, 0x24, 0x9F, 0x5A, 0x02, 0x2E, 0x1B, 0x86, 0x8B, 0x0C, 0x8F, 0x90, 0xE2, 0x13,
    0x6A, 0x6B, 0x08, 0x29, 0xA5, 0x91, 0x30, 0xF0, 0xCF, 0x0F, 0x90, 0xAF, 0x4A, 0x1F, 0xE2, 0xFD,
    0x2C, 0xD5, 0x07, 0x8C, 0x59, 0x7F, 0x2E, 0x62, 0x9B, 0x70, 0x0F, 0x58, 0x05, 0x84, 0x7E, 0x93,
    0x68, 0xF0, 0x7E, 0xDA, 0xA0, 0x5C, 0xF3, 0x3F, 0xB6, 0x22, 0x07, 0xFE, 0xD7, 0x40, 0x0A, 0x88,
    0xB8, 0xA0, 0x1C, 0x17, 0x97, 0xB5, 0xC8, 0x3D, 0xC5, 0xDE, 0x3E, 0x2F, 0x89, 0x2F, 0x85, 0x88,
    0x43, 0xEB, 0x8E, 0xE8, 0x53, 0x3E, 0x2B, 0xA2, 0x7E, 0xB0, 0xC1, 0x35, 0x99, 0x80, 0xAC, 0x9D,
    0x3D, 0x72, 0xD9, 0xC9, 0x8E, 0xC0, 0x98, 0xC7, 0x0D, 0x6A, 0xC6, 0x90, 0x11, 0x21, 0xFB, 0xC0,
    0xA7, 0xBE, 0xB7, 0x2C, 0xB8, 0xF7, 0xA8, 0xAA, 0xFA, 0x4B, 0x0B, 0xDD, 0xC4, 0x61, 0x99, 0xBC,
    0xDF, 0xE0, 0x4A, 0x11, 0x72, 0xED, 0xD0, 0xA4, 0x52, 0xD3, 0x8E, 0xFA, 0x3A, 0xF1, 0xEA, 0x9D,
    0x7A, 0x75, 0xA7, 0x2C, 0x12, 0xDA, 0x5C, 0x66, 0x73, 0x29, 0xC7, 0x62, 0xE2, 0x5E, 0x7D, 0x17,
    0x68, 0x59, 0x75, 0x2C, 0x4E, 0x5A, 0xA0, 0x3B, 0x45, 0xCB, 0xA2, 0x7F, 0x50, 0x03, 0x9B, 0x1F,
    0x54, 0x4B, 0x24, 0x5B, 0xD0, 0x4C, 0xE9, 0x67, 0x46, 0xA6, 0x00, 0x26, 0x55, 0x23, 0x91, 0xA5,
    0x18, 0x2D, 0xC8, 0x4C, 0xA4, 0x89, 0xB3, 0xA0, 0x62, 0x46, 0x62, 0xD6, 0xFB, 0x52, 0x91, 0xCD,
    0x6F, 0x89, 0xFC, 0x29, 0x2F, 0xBE, 0x89, 0xEE, 0x69, 0x37, 0x11, 0x70, 0x5E, 0x00, 0x55, 0xF2,
    0x69, 0xC5, 0x06, 0x53, 0x47, 0x76, 0xC0, 0x3E, 0xC2, 0xFF, 0x6E, 0x05, 0x11, 0xBF, 0x63, 0x87,
    0xA3, 0x89, 0xE8, 0x34, 0xC0, 0x44, 0x33, 0x02, 0xB2, 0x01, 0x89, 0x8B, 0x21, 0x50, 0x3D, 0xF8,
    0xE5, 0x27, 0xBC, 0xFC, 0xFD, 0x7A, 0x58, 0x32, 0x91, 0x75, 0xE9, 0xB5, 0x8F, 0x6C, 0x36, 0xE5,
    0x60, 0x7B, 0x6F, 0x45, 0x08, 0x8E, 0x58, 0xAE, 0x5F, 0x4F, 0x02, 0xCE, 0xF0, 0x4A, 0x90, 0xB7,
    0x2C, 0xCB, 0x52, 0x58, 0x27, 0x55, 0x51, 0x45, 0x5C, 0xA2, 0xF4, 0x0B, 0x18, 0x32, 0x54, 0xC0,
    0x53, 0x57, 0xAF, 0x12, 0xD9, 0xA7, 0xBA, 0xA9, 0xA5, 0xEA, 0x12, 0xAD, 0x1C, 0x17, 0x53, 0x5B,
    0x3A, 0x8E, 0xD0, 0x17, 0xA7, 0xE9, 0x46, 0xEF, 0x6E, 0x24, 0xD3, 0x7B, 0x93, 0x4C, 0xA7, 0x20,
    0x19, 0x23, 0xE4, 0xD3, 0xA7, 0xA8, 0x8D, 0x7E, 0xB6, 0x64, 0x56, 0x45, 0x4E, 0x24, 0x14, 0xCD,
    0xBF, 0xF9, 0xA7, 0x65, 0xF5, 0x90, 0xCF, 0x4F, 0x0C, 0xD7, 0x33, 0x30, 0xE4, 0x7A, 0xAF, 0xA1,
    0x5C, 0x4D, 0xD8, 0xB4, 0x5C, 0x27, 0xD7, 0xAB, 0x66, 0x3B, 0x6F, 0xB5, 0x0C, 0xAB, 0xDE, 0x8A,
    0x70, 0xCF, 0xE2, 0xA7, 0x05, 0xA5, 0x18, 0xE9, 0x33, 0x37, 0xE4, 0x5A, 0x23, 0x14, 0x59, 0x70,
    0xEB, 0xAD, 0xA7, 0xFF, 0xEB, 0xAD, 0xFA, 0x3F, 0xDE, 0x2A, 0xB7, 0xB2, 0xBC, 0xE2, 0x2D, 0xFC,
    0x6E, 0x12, 0x54, 0xF8, 0x7E, 0x0B, 0xD5, 0xCC, 0xA2, 0x10, 0xC4, 0x8D, 0xB6, 0x05, 0x75, 0x1B,
    0x20, 0x99, 0x0D, 0x66, 0x02, 0x80, 0xC8, 0xD5, 0x92, 0x1E, 0x97, 0x82, 0xAF, 0x3A, 0x82, 0x57,
    0xE8, 0xAA, 0xD4, 0x11, 0x6A, 0xDF, 0xAD, 0x67, 0xDC, 0x1A, 0x36, 0x09, 0x0D, 0xF7, 0xBD, 0x61,
    0xCF, 0x32, 0x54, 0x30, 0xE6, 0x23, 0x54, 0xB4, 0x03, 0x1D, 0x02, 0xB6, 0x87, 0x2F, 0x48, 0x8D,
    0xB4, 0x0D, 0x35, 0x32, 0xCB, 0x2C, 0x0C, 0xDB, 0xE5, 0x72, 0x0B, 0xA4, 0x53, 0x09, 0xFE, 0x89,
    0x05, 0x7D, 0xAD, 0xF5, 0x60, 0x06, 0x2C, 0x1D, 0x57, 0xA8, 0xB1, 0x57, 0xD4, 0x2E, 0xE3, 0xFF,
    0x45, 0xDC, 0xD8, 0xA6, 0xA2, 0x3C, 0x1C, 0x60, 0x88, 0x29, 0xB7, 0x51, 0x01, 0x93, 0x8F, 0xD9,
    0xC8, 0x5A, 0x06, 0x0E, 0x6F, 0xC7, 0xD2, 0xE8, 0x29, 0xAD, 0x5F, 0x73, 0x2A, 0x64, 0x84, 0xC3,
    0x8E, 0x8E, 0xD3, 0x0E, 0x71, 0xB3, 0x5D, 0x70, 0x9F, 0x7D, 0xE2, 0x83, 0x99, 0xF7, 0x1D, 0x16,
    0xEC, 0xBE, 0xAD, 0xED, 0xF8, 0x3E, 0x8B, 0xE6, 0x0A, 0x55, 0xE8, 0x8E, 0x00, 0xED, 0x31, 0xD8,
    0xB6, 0xE0, 0xAD, 0xCB, 0x68, 0x81, 0x13, 0x2E, 0x80, 0xD3, 0x0E, 0x0B, 0xF6, 0xFC, 0x1C, 0xC9,
    0x2F, 0x1F, 0x62, 0xC1, 0x3E, 0xC7, 0x6E, 0xCD, 0xD3, 0x59, 0xB7, 0x2C, 0x58, 0x71, 0x5C, 0x30,
    0x96, 0x8D, 0xB1, 0xB2, 0x85, 0xD7, 0x79, 0xB1, 0xB3, 0xA1, 0xEC, 0x7E, 0x8E, 0xF5, 0xEA, 0x34,
    0xC3, 0x8B, 0xB6, 0xF5, 0x50, 0x31, 0x7C, 0x91, 0x4F, 0x36, 0xDC, 0x87, 0x67, 0xC2, 0xDB, 0x36,
    0x5E, 0xD1, 0x82, 0x21, 0x04, 0xCB, 0x72, 0xC3, 0xAB, 0xAD, 0xD1, 0xA6, 0x52, 0xE7, 0x9D, 0x17,
    0x9D, 0x9A, 0x88, 0x95, 0x72, 0x2D, 0x64, 0xBA, 0x21, 0x27, 0x75, 0x08, 0x12, 0x0F, 0xC5, 0x76,
    0x6A, 0x32, 0x2E, 0xB9, 0x41, 0xCF, 0xD1, 0x14, 0xCD, 0x4C, 0x5B, 0x81, 0xB1, 0x0A, 0x18, 0x58,
    0x2B, 0x35, 0x58, 0x32, 0xB8, 0x17, 0xA4, 0x5E, 0x42, 0x5E, 0xD6, 0xA7, 0xFB, 0xB8, 0x5F, 0x1A,
    0x03, 0x52, 0xAF, 0x91, 0x14, 0x64, 0xF2, 0x2F, 0x75, 0xA5, 0xE3, 0xB8, 0x1F, 0x19, 0x4B, 0xBF,
    0x24, 0x8F, 0xB8, 0xA8, 0x2E, 0x5A, 0xB9, 0x9E, 0x34, 0x76, 0x6F, 0x6B, 0xF4, 0xD4, 0x85, 0x0A,
    0x4B, 0x20, 0x80, 0xA7, 0x0B, 0xE7, 0x49, 0x8A, 0x1A, 0xDC, 0x1C, 0x49, 0x91, 0xE9, 0xBB, 0x14,
    0x12, 0x51, 0xF6, 0xD4, 0xC5, 0x5A, 0x47, 0x45, 0x43, 0xE4, 0x33, 0x4A, 0xCF, 0x27, 0x4E, 0x0B,
    0x77, 0x0D, 0x60, 0x5A, 0xAE, 0x8A, 0x11, 0xA5, 0x38, 0x2E, 0x67, 0xDF, 0x43, 0x18, 0xDF, 0x37,
    0x6D, 0xBE, 0x19, 0xA7, 0xDF, 0x97, 0xB5, 0xB6, 0x68, 0xB3, 0x8C, 0x28, 0x3C, 0xA8, 0x8B, 0x43,
    0x2D, 0xA7, 0xB3, 0xE3, 0x98, 0xC8, 0x2F, 0x33, 0xB3, 0x8F, 0xC6, 0xCB, 0xC1, 0x11, 0xE1, 0x98,
    0xE3, 0x34, 0x6D, 0x3E, 0x10, 0x36, 0x22, 0x8E, 0x8D, 0x08, 0x6F, 0xE9, 0xB5, 0x62, 0x00, 0xB8,
    0xBE, 0xE8, 0xB7, 0x29, 0x7D, 0x2B, 0xFE, 0x29, 0x22, 0x56, 0x0C, 0xB3, 0x1C, 0x3B, 0xA1, 0xBB,
    0x03, 0x1E, 0x70, 0x6A, 0xA0, 0x2C, 0x56, 0x5B, 0xE2, 0xC0, 0x6C, 0x20, 0xB5, 0x66, 0xCE, 0xF0,
    0x69, 0xA5, 0xE3, 0x1B, 0x1D, 0x99, 0x83, 0x5D, 0xEE, 0x23, 0xE4, 0x96, 0x63, 0xA8, 0xF9, 0x2F,
    0x95, 0x92, 0x31, 0x4E, 0xC3, 0x40, 0x10, 0x45, 0x27, 0xB6, 0xC4, 0x16, 0x2E, 0xB6, 0x21, 0x12,
    0x45, 0x24, 0xF7, 0x34, 0x69, 0x29, 0x02, 0x9B, 0x8E, 0x96, 0x1B, 0x70, 0x04, 0x2E, 0x10, 0xE1,
    0xE5, 0x10, 0x5C, 0x82, 0x33, 0x18, 0xBC, 0x3D, 0x05, 0x3E, 0x82, 0x6B, 0x2A, 0x17, 0x29, 0x22,
    0xD8, 0x78, 0x98, 0x3F, 0x6B, 0x83, 0xE9, 0xC0, 0x91, 0xBE, 0xD6, 0xDA, 0xDD, 0xFF, 0xE7, 0x3F,
    0x87, 0x28, 0x23, 0x3C, 0xE5, 0x16, 0x7A, 0x0F, 0xC9, 0x0E, 0xD0, 0xA2, 0x83, 0xBA, 0x00, 0x65,
    0x48, 0x1E, 0xF5, 0x5C, 0x4F, 0xB4, 0xDC, 0xBA, 0x77, 0x66, 0xEE, 0x2B, 0x86, 0x3A, 0xD5, 0xB2,
    0xC5, 0xAE, 0xD9, 0xAB, 0xD9, 0x51, 0xD5, 0xA9, 0xA5, 0xD5, 0x8D, 0x2C, 0x6D, 0x3C, 0xCF, 0xB2,
    0x4C, 0x5A, 0x6B, 0x40, 0xA5, 0x61, 0x8C, 0xE0, 0x9C, 0x71, 0xDB, 0x32, 0xCB, 0x21, 0xF7, 0x76,
    0x27, 0xDB, 0x8D, 0xBD, 0xEE, 0x29, 0x8B, 0xF6, 0x21, 0x92, 0xE9, 0xAC, 0xAF, 0xA8, 0xF4, 0x56,
    0x7E, 0x57, 0x64, 0x43, 0xDE, 0x9D, 0xC1, 0xC1, 0x4F, 0x3E, 0x49, 0xD7, 0x7F, 0xD6, 0x13, 0x9D,
    0xC1, 0xEA, 0x3A, 0xEF, 0xF5, 0x25, 0xA6, 0xD9, 0xD3, 0x70, 0xB3, 0x52, 0x8B, 0x81, 0x96, 0x37,
    0x32, 0x8C, 0x97, 0xD6, 0x1F, 0x4D, 0x97, 0xBA, 0xAB, 0xCE, 0x40, 0x0D, 0x6A, 0x74, 0xF8, 0xE9,
    0x9D, 0x18, 0xC4, 0x1F, 0x7F, 0x3B, 0xCB, 0x5D, 0xFF, 0x73, 0x5A, 0xB4, 0x3B, 0xD5, 0xBE, 0x97,
    0xDA, 0x5D, 0x39, 0x04, 0x30, 0x71, 0xF2, 0xD1, 0xAC, 0x97, 0x98, 0x17, 0xB0, 0x12, 0x6E, 0xB7,
    0x2D, 0x18, 0x36, 0x5B, 0xF0, 0x1C, 0xBE, 0xD9, 0x8E, 0x9C, 0xE1, 0x73, 0xFE, 0x28, 0x8B, 0x86,
    0x65, 0x13, 0x15, 0x88, 0x11, 0xC0, 0x98, 0xF0, 0x08, 0xFC, 0x11, 0x37, 0xEB, 0xB5, 0x98, 0xD4,
    0x56, 0x2E, 0xD6, 0xB9, 0x78, 0xD4, 0xC4, 0x9E, 0x76, 0xE4, 0x7A, 0x91, 0x32, 0x8A, 0x18, 0xA6,
    0x0D, 0x2D, 0xD8, 0x6F, 0xC4, 0x17, 0xB6, 0x2B, 0x1A, 0x9F, 0xE5, 0x13, 0xBE, 0x1F, 0x87, 0x52,
    0x04, 0x14, 0x1A, 0x91, 0x0C, 0x2B, 0xFB, 0x29, 0x31, 0xEE, 0x55, 0x84, 0x8B, 0x20, 0x7F, 0x28,
    0x11, 0xBB, 0x17, 0xA9, 0x3A, 0x13, 0xC4, 0xC8, 0x04, 0xB1, 0x34, 0x41, 0xCC, 0x4D, 0x90, 0x18,
    0xE3, 0xA5, 0x76, 0xEE, 0x2D, 0xFD, 0x7A, 0x8A, 0x91, 0x47, 0xEE, 0xF5, 0x88, 0x1E, 0x36, 0x03,
    0x8D, 0x06, 0x54, 0xB5, 0x22, 0xE5, 0x7E, 0xB2, 0xD7, 0xA0, 0x14, 0x59, 0x20, 0x5C, 0xC7, 0x58,
    0x34, 0x2D, 0xE6, 0x6B, 0x31, 0x5F, 0x98, 0x7C, 0x57, 0x74, 0x81, 0x1E, 0xDA, 0x48, 0xBB, 0xED,
    0xC8, 0xC6, 0xD4, 0xB7, 0x06, 0x9E, 0xC4, 0xA0, 0x38, 0x8C, 0x5C, 0x62, 0x25, 0x84, 0x8E, 0x71,
    0xA2, 0xA6, 0x3D, 0x19, 0x38, 0x1B, 0xE0, 0xFC, 0x02, 0xC5, 0x94, 0x3F, 0x6E, 0xD4, 0x40, 0x14,
    0xC6, 0x9F, 0xED, 0xC2, 0x02, 0x0B, 0x4D, 0x95, 0x8A, 0xC2, 0x5C, 0x00, 0xA6, 0xA5, 0x48, 0x32,
    0x96, 0xB8, 0x42, 0x42, 0x0B, 0x75, 0x1A, 0x2E, 0x90, 0xC8, 0x8B, 0x38, 0x00, 0x39, 0x02, 0x45,
    0xAA, 0x9C, 0x20, 0x45, 0x58, 0xAF, 0x68, 0x29, 0xB2, 0x88, 0x03, 0x60, 0x71, 0x82, 0x91, 0x30,
    0x92, 0xA5, 0xD8, 0xFB, 0xF8, 0xBE, 0x67, 0x2F, 0x6C, 0x42, 0x41, 0x89, 0xA5, 0xF9, 0x49, 0x9E,
    0x3F, 0xEF, 0x7D, 0xF3, 0xCD, 0x9B, 0x91, 0x7C, 0x23, 0x22, 0xB5, 0xB6, 0x22, 0xBD, 0xEF, 0x45,
    0xAA, 0x62, 0xC4, 0x7F, 0xA6, 0x40, 0xA2, 0x0B, 0x50, 0x57, 0x13, 0x8A, 0x11, 0x68, 0x54, 0x57,
    0xA9, 0x7E, 0xD1, 0x55, 0xA1, 0xE8, 0x2B, 0x07, 0x20, 0xF4, 0x44, 0xC4, 0xE4, 0x10, 0x53, 0x95,
    0x10, 0x33, 0xC3, 0x08, 0xB8, 0x5E, 0xCA, 0xCE, 0x47, 0x29, 0x14, 0x91, 0x12, 0x45, 0x74, 0x44,
    0x1E, 0x80, 0x82, 0x70, 0x84, 0x67, 0xB6, 0x40, 0x09, 0xB7, 0x48, 0x99, 0xFC, 0x00, 0xB2, 0xAF,
    0x5A, 0x49, 0xFE, 0x09, 0x4B, 0x5C, 0x82, 0x94, 0xCF, 0x98, 0x7C, 0x9F, 0xB8, 0x12, 0x5D, 0x4B,
    0x94, 0xA6, 0xCD, 0x5A, 0xA9, 0x63, 0xBE, 0x62, 0x86, 0x0A, 0xF0, 0x88, 0xD0, 0x1D, 0x20, 0x56,
    0x0F, 0x79, 0x3A, 0x10, 0x3D, 0x9A, 0x76, 0x84, 0x0E, 0x13, 0x21, 0x38, 0xD3, 0xEA, 0x7F, 0xF1,
    0x8D, 0x9E, 0x3F, 0xD6, 0x0B, 0x48, 0x6A, 0x74, 0xB8, 0xBC, 0xFC, 0x70, 0x72, 0x79, 0x51, 0x43,
    0xD4, 0x8A, 0x52, 0xD7, 0xF5, 0x78, 0xFC, 0x6A, 0xED, 0x07, 0x71, 0xAD, 0xDB, 0x48, 0xD1, 0x62,
    0x41, 0xDE, 0x66, 0xB0, 0xF9, 0x3C, 0xC1, 0x76, 0x61, 0x7D, 0xA4, 0x43, 0x1D, 0xBD, 0x32, 0xD7,
    0x68, 0xD8, 0x74, 0x46, 0xF4, 0x33, 0xE7, 0xA8, 0xE3, 0x11, 0x85, 0x0A, 0x58, 0xF2, 0xD8, 0x06,
    0xC9, 0x62, 0x16, 0x01, 0xB7, 0xC6, 0xB8, 0x5F, 0x48, 0x11, 0x99, 0x2D, 0xEA, 0x5D, 0xEC, 0x1D,
    0x1F, 0x1F, 0x41, 0xC0, 0x66, 0xDB, 0x64, 0xFE, 0x52, 0x66, 0xCD, 0x19, 0xD2, 0x31, 0xE4, 0x21,
    0xFB, 0xAE, 0x19, 0x97, 0xA9, 0x32, 0x0E, 0x3A, 0xD6, 0x45, 0xF8, 0xDD, 0x4F, 0x6D, 0x38, 0x92,
    0x59, 0x87, 0x67, 0xFF, 0x19, 0x41, 0x7D, 0x19, 0x17, 0x15, 0xEC, 0x2F, 0xD9, 0x75, 0x40, 0x5C,
    0x11, 0x4F, 0x88, 0x87, 0x55, 0x68, 0x9B, 0xD8, 0xC4, 0x3A, 0x7A, 0x4E, 0x91, 0x13, 0x13, 0xA0,
    0x46, 0xD3, 0x93, 0x0C, 0xA6, 0xC8, 0x98, 0x4D, 0xF5, 0xC3, 0x80, 0xD8, 0x11, 0xE9, 0x5A, 0xD9,
    0x66, 0x95, 0xD2, 0xE8, 0xA9, 0x6C, 0x92, 0x46, 0x86, 0x81, 0x8E, 0xA0, 0xBC, 0x10, 0x20, 0x28,
    0x29, 0x9A, 0x30, 0x4C, 0x93, 0x32, 0x40, 0xFD, 0xC2, 0xBC, 0x7D, 0xC7, 0x30, 0xE1, 0xB3, 0x89,
    0xBF, 0xB1, 0x7D, 0x7F, 0x63, 0x18, 0x67, 0x3A, 0x26, 0xDA, 0x25, 0x99, 0x6A, 0x77, 0x66, 0x72,
    0x41, 0x61, 0xBA, 0x48, 0xB4, 0x72, 0xDA, 0x15, 0xBA, 0x0E, 0xBA, 0xF1, 0x4A, 0xA3, 0x97, 0x69,
    0xF7, 0xD1, 0xE1, 0xD4, 0xAE, 0xBA, 0x14, 0x3C, 0x45, 0xC1, 0xF6, 0xB2, 0x1F, 0xA9, 0xE2, 0xBA,
    0xC7, 0x45, 0x7B, 0xDB, 0x2F, 0xD3, 0x5B, 0xD8, 0x1F, 0xF4, 0xBB, 0x6A, 0x5B, 0xEA, 0xA2, 0xD1,
    0x55, 0x3E, 0x4A, 0x31, 0xED, 0xD7, 0xAE, 0x5C, 0xA1, 0xA6, 0xE8, 0x3D, 0xD5, 0x2D, 0x6D, 0x93,
    0x43, 0xBA, 0xB8, 0x6B, 0x43, 0xD1, 0x99, 0xB8, 0x78, 0x9F, 0xE5, 0x0E, 0xFD, 0x0E, 0x43, 0xFB,
    0x17, 0xD7, 0x3B, 0x5C, 0xDD, 0x67, 0x6D, 0x46, 0x36, 0x95, 0x71, 0xE7, 0x54, 0x58, 0x78, 0x0F,
    0x4C, 0x48, 0x98, 0xCC, 0xBB, 0x31, 0xA9, 0xCA, 0x89, 0x6E, 0x3A, 0xA0, 0x51, 0x9E, 0x3B, 0x5D,
    0x9C, 0x79, 0xED, 0x86, 0xE0, 0x74, 0x38, 0x4C, 0xB5, 0x7B, 0x3A, 0xE7, 0xF9, 0xF7, 0x78, 0xD2,
    0x4E, 0x35, 0xC6, 0xFA, 0x73, 0x15, 0xCA, 0x72, 0xDC, 0x96, 0xE7, 0xDE, 0xCB, 0x9F, 0x47, 0x36,
    0xC4, 0x6A, 0x72, 0x22, 0xBB, 0xA5, 0xCB, 0xD2, 0xFC, 0xB3, 0x0A, 0x53, 0xB6, 0xC9, 0xAC, 0x68,
    0xF1, 0xAC, 0x21, 0x87, 0x78, 0xAD, 0x52, 0x18, 0xCB, 0xC7, 0xA6, 0xC6, 0xDC, 0x1A, 0x0E, 0x96,
    0xB4, 0x9B, 0xEF, 0x52, 0xC1, 0x57, 0xAE, 0xE9, 0x67, 0x5F, 0x5F, 0xDB, 0xAE, 0xA7, 0xA7, 0xC3,
    0x9A, 0xCC, 0x97, 0xC1, 0x63, 0x14, 0x61, 0xA6, 0xB7, 0xCC, 0x16, 0xDB, 0x9A, 0xC1, 0xEE, 0xE6,
    0x1C, 0x3C, 0x9F, 0x73, 0x78, 0xE4, 0x78, 0x34, 0xAB, 0x40, 0x55, 0x8C, 0x68, 0x1B, 0xB6, 0x5F,
    0x95, 0x94, 0x41, 0x6E, 0x9C, 0x40, 0x10, 0x45, 0x9B, 0x69, 0x4B, 0x2C, 0x46, 0x09, 0xDE, 0x8E,
    0xB2, 0x60, 0x93, 0xFD, 0x1C, 0xA1, 0xD9, 0x65, 0x99, 0x23, 0xC4, 0x17, 0xB0, 0x94, 0x03, 0x44,
    0x82, 0xBD, 0x0F, 0x91, 0xA3, 0xC0, 0x11, 0xC8, 0x09, 0xC2, 0x3E, 0x9B, 0x8E, 0x83, 0x65, 0xA4,
    0x19, 0xA8, 0xF4, 0xFF, 0xD5, 0x0D, 0x9E, 0x8C, 0x15, 0xC9, 0x6C, 0xEA, 0x6B, 0x80, 0xEA, 0xFA,
    0x8F, 0x3F, 0x65, 0x8C, 0xD9, 0x49, 0x73, 0x1C, 0x4D, 0xB8, 0x4A, 0x79, 0x94, 0x05, 0xA2, 0xFE,
    0x22, 0x7F, 0x04, 0x42, 0x72, 0x19, 0x20, 0xEC, 0x62, 0x5C, 0xF7, 0x11, 0xE2, 0x6C, 0xDA, 0x0E,
    0x77, 0xF6, 0x67, 0x23, 0x14, 0x45, 0x10, 0x4D, 0xA8, 0x99, 0xE0, 0xAA, 0xD0, 0x0E, 0x17, 0xFB,
    0x8D, 0x3B, 0x56, 0x73, 0xF4, 0xF6, 0x1F, 0xE1, 0xBC, 0x5D, 0xAE, 0xC4, 0xAC, 0x62, 0xC8, 0x55,
    0xD4, 0x7D, 0x38, 0xE4, 0x42, 0xB4, 0x5D, 0xB1, 0x8A, 0x89, 0x42, 0x56, 0xD1, 0x14, 0x63, 0x14,
    0xA5, 0x37, 0x9C, 0x27, 0x9C, 0x06, 0x11, 0x66, 0x70, 0x2A, 0x82, 0x89, 0x1E, 0x22, 0x1C, 0xE4,
    0x30, 0xFB, 0x8D, 0x3D, 0x57, 0x2D, 0x66, 0x77, 0x0F, 0xA7, 0x91, 0x73, 0xD5, 0x3F, 0x7F, 0xCD,
    0x3C, 0xC1, 0xC9, 0x27, 0xE1, 0x4B, 0xC5, 0x94, 0xD1, 0x1E, 0x5B, 0xB6, 0x3C, 0xAB, 0x38, 0xF1,
    0x59, 0xF7, 0x83, 0x37, 0xA4, 0x6A, 0x69, 0xDA, 0x1C, 0xB4, 0x73, 0x84, 0x13, 0xD1, 0xEC, 0x2A,
    0x05, 0xD3, 0x28, 0x96, 0x0A, 0x50, 0x88, 0x20, 0x92, 0x88, 0xC5, 0xF9, 0x7C, 0x61, 0xD9, 0xCF,
    0x24, 0x40, 0x9B, 0xB1, 0xD4, 0x7D, 0x2C, 0xE5, 0x44, 0xE7, 0xFC, 0x56, 0xD2, 0x39, 0x3F, 0xB0,
    0x3C, 0x77, 0xF0, 0xEC, 0x30, 0x8B, 0x54, 0x6E, 0xA1, 0xF1, 0xC2, 0x73, 0xA2, 0x68, 0xDA, 0xAC,
    0x83, 0x1D, 0xAC, 0x9A, 0x7B, 0xF0, 0x6A, 0x76, 0x50, 0xAB, 0x95, 0x1A, 0x8D, 0x2E, 0x91, 0x87,
    0x5B, 0xFC, 0x20, 0xCF, 0x38, 0xC9, 0x7D, 0x27, 0x88, 0x90, 0x04, 0xCF, 0x6E, 0xB5, 0x67, 0xB7,
    0x3A, 0xBC, 0x9B, 0x87, 0x30, 0xF4, 0x6B, 0x14, 0x0A, 0x96, 0xE0, 0x76, 0x0A, 0xC5, 0x8A, 0x3C,
    0x61, 0x24, 0x44, 0xA0, 0xBA, 0x76, 0x6B, 0xD5, 0x6D, 0xAE, 0x6E, 0xF7, 0xD7, 0x6E, 0xE3, 0x07,
    0x6E, 0xBB, 0x72, 0xFC, 0x0A, 0x9B, 0xC7, 0x27, 0xB8, 0x6D, 0x8E, 0xD2, 0x69, 0x21, 0x78, 0x3C,
    0x92, 0x45, 0x9B, 0xF2, 0x9A, 0xCD, 0xF1, 0xC2, 0x66, 0x73, 0x65, 0xF3, 0x03, 0xAD, 0x97, 0xF2,
    0x5B, 0x5A, 0xCF, 0xD8, 0x9F, 0xCE, 0x4A, 0x37, 0x98, 0x05, 0x43, 0xC4, 0x7E, 0xC8, 0x1A, 0xC6,
    0xBE, 0x7E, 0x2D, 0xF6, 0x77, 0x31, 0xF6, 0x32, 0xC6, 0xD8, 0x03, 0x12, 0x63, 0x8F, 0xC8, 0xD1,
    0xAE, 0x1B, 0xA2, 0x00, 0x31, 0x3A, 0x07, 0x33, 0x0A, 0x74, 0x62, 0xEC, 0x29, 0x10, 0x7B, 0xCC,
    0x88, 0xB4, 0x67, 0x49, 0xD0, 0x17, 0x62, 0x4F, 0x70, 0x48, 0xBB, 0x95, 0x77, 0x49, 0x7C, 0xD3,
    0xD8, 0x5B, 0x1C, 0x8A, 0xD8, 0x5B, 0xE9, 0x35, 0xF6, 0xD9, 0xF2, 0xBF, 0xD8, 0x1F, 0xEC, 0xDC,
    0xBC, 0x25, 0xF6, 0xDC, 0x0F, 0xD9, 0xBA, 0x20, 0x5A, 0xDD, 0x10, 0xA7, 0x47, 0x59, 0x57, 0x44,
    0xBB, 0xA4, 0x1D, 0xB1, 0x5F, 0xD2, 0x92, 0x28, 0xE6, 0x84, 0x8B, 0x1F, 0x94, 0xBC, 0xA0, 0x14,
    0xD8, 0xE7, 0x29, 0x2D, 0x8A, 0x72, 0x4C, 0x9B, 0x82, 0x7F, 0x57, 0x65, 0x76, 0xA9, 0x08, 0x0B,
    0x1C, 0x37, 0x7E, 0x1A, 0x1E, 0xAE, 0x22, 0x05, 0xD7, 0xA5, 0x3D, 0xF1, 0x42, 0x35, 0x91, 0x1D,
    0x23, 0x48, 0x66, 0x3B, 0x79, 0xBF, 0x62, 0xBC, 0x37, 0x09, 0xDF, 0x64, 0x12, 0xBF, 0x21, 0xED,
    0x0D, 0x5D, 0x64, 0x91, 0xE0, 0x86, 0x70, 0x65, 0xB8, 0x41, 0xDC, 0x28, 0x6E, 0x18, 0x37, 0x8E,
    0x2F, 0x40, 0xFE, 0x05,
};

static const EpdGlyph sourceserif4_16_bolditalicGlyphs[] = {
    { 0, 0, 115, 0, 0, 0, 0 }, // U+0020
    { 11, 23, 159, 0, 23, 64, 0 }, // !
    { 12, 12, 253, 4, 25, 36, 64 }, // "
    { 20, 22, 311, 0, 22, 110, 100 }, // #
    { 17, 30, 288, 1, 26, 128, 210 }, // $
    { 28, 24, 483, 1, 23, 168, 338 }, // %
    { 25, 23, 392, 1, 23, 144, 506 }, // &
    { 5, 12, 147, 4, 25, 15, 650 }, // '
    { 13, 31, 206, 2, 24, 101, 665 }, // (
    { 13, 31, 206, -2, 24, 101, 766 }, // )
    { 14, 14, 248, 2, 25, 49, 867 }, // *
    { 16, 16, 287, 1, 19, 64, 916 }, // +
    { 8, 12, 164, -1, 5, 24, 980 }, // ,
    { 9, 3, 182, 1, 11, 7, 1004 }, // -
    { 7, 6, 164, 0, 6, 11, 1011 }, // .
    { 20, 30, 204, -4, 25, 150, 1022 }, // /
    { 17, 23, 288, 1, 22, 98, 1172 }, // 0
    { 13, 22, 216, 0, 22, 72, 1270 }, // 1
    { 17, 22, 282, 0, 22, 94, 1342 }, // 2
    { 17, 23, 275, 0, 22, 98, 1436 }, // 3
    { 17, 22, 281, 0, 21, 94, 1534 }, // 4
    { 18, 22, 278, 0, 21, 99, 1628 }, // 5
    { 18, 23, 285, 1, 22, 104, 1727 }, // 6
    { 17, 22, 263, 1, 22, 94, 1831 }, // 7
    { 16, 23, 277, 1, 22, 92, 1925 }, // 8
    { 17, 23, 280, 1, 22, 98, 2017 }, // 9
    { 9, 17, 164, 0, 17, 39, 2115 }, // :
    { 10, 24, 164, -1, 17, 60, 2154 }, // ;
    { 15, 17, 287, 1, 19, 64, 2214 }, // <
    { 16, 10, 287, 1, 16, 40, 2278 }, // =
    { 15, 17, 287, 2, 19, 64, 2318 }, // >
    { 15, 23, 242, 1, 23, 87, 2382 }, // ?
    { 27, 27, 455, 1, 22, 183, 2469 }, // @
    { 23, 22, 363, -2, 22, 127, 2652 }, // A
    { 21, 22, 335, -1, 22, 116, 2779 }, // B
    { 21, 23, 318, 0, 23, 121, 2895 }, // C
    { 24, 22, 364, -1, 22, 132, 3016 }, // D
    { 21, 22, 310, -1, 22, 116, 3148 }, // E
    { 21, 22, 294, -1, 22, 116, 3264 }, // F
    { 22, 23, 348, 0, 23, 127, 3380 }, // G
    { 27, 22, 398, -1, 22, 149, 3507 }, // H
    { 15, 22, 199, -1, 22, 83, 3656 }, // I
    { 19, 27, 194, -5, 22, 129, 3739 }, // J
    { 25, 22, 360, -1, 22, 138, 3868 }, // K
    { 19, 22, 298, -1, 22, 105, 4006 }, // L
    { 33, 22, 479, -2, 22, 182, 4111 }, // M
    { 26, 22, 370, -1, 22, 143, 4293 }, // N
    { 22, 23, 353, 0, 23, 127, 4436 }, // O
    { 21, 22, 314, -1, 22, 116, 4563 }, // P
    { 22, 31, 353, 0, 23, 171, 4679 }, // Q
    { 23, 22, 352, -1, 22, 127, 4850 }, // R
    { 17, 23, 264, 0, 23, 98, 4977 }, // S
    { 21, 22, 321, 1, 22, 116, 5075 }, // T
    { 23, 22, 363, 2, 22, 127, 5191 }, // U
    { 22, 22, 318, 1, 22, 121, 5318 }, // V
    { 32, 22, 469, 1, 22, 176, 5439 }, // W
    { 25, 22, 343, -2, 22, 138, 5615 }, // X
    { 21, 22, 304, 1, 22, 116, 5753 }, // Y
    { 21, 22, 287, -1, 22, 116, 5869 }, // Z
    { 14, 30, 185, 0, 25, 105, 5985 }, // [
    { 7, 30, 201, 3, 25, 53, 6090 }, // <backslash>
    { 14, 30, 185, -3, 23, 105, 6143 }, // ]
    { 15, 12, 287, 1, 17, 45, 6248 }, // ^
    { 19, 3, 288, -3, 1, 15, 6293 }, // _
    { 7, 9, 211, 5, 27, 16, 6308 }, // `
    { 19, 18, 300, 0, 18, 86, 6324 }, // a
    { 17, 25, 286, 1, 25, 107, 6410 }, // b
    { 16, 17, 248, 0, 17, 68, 6517 }, // c
    { 20, 25, 302, 0, 25, 125, 6585 }, // d
    { 16, 17, 249, 0, 17, 68, 6710 }, // e
    { 23, 33, 181, -6, 25, 190, 6778 }, // f
    { 21, 26, 281, -2, 18, 137, 6968 }, // g
    { 19, 25, 306, 0, 25, 119, 7105 }, // h
    { 10, 26, 168, 1, 26, 65, 7224 }, // i
    { 14, 33, 153, -3, 25, 116, 7289 }, // j
    { 18, 25, 279, 0, 25, 113, 7405 }, // k
    { 10, 25, 162, 1, 25, 63, 7518 }, // l
    { 28, 18, 455, 1, 18, 126, 7581 }, // m
    { 19, 18, 313, 1, 18, 86, 7707 }, // n
    { 17, 17, 281, 0, 17, 73, 7793 }, // o
    { 21, 26, 291, -3, 18, 137, 7866 }, // p
    { 18, 26, 293, 0, 18, 117, 8003 }, // q
    { 15, 18, 242, 1, 18, 68, 8120 }, // r
    { 14, 17, 222, 0, 17, 60, 8188 }, // s
    { 12, 22, 182, 1, 22, 66, 8248 }, // t
    { 19, 18, 312, 1, 18, 86, 8314 }, // u
    { 18, 17, 276, 0, 17, 77, 8400 }, // v
    { 27, 18, 420, 0, 17, 122, 8477 }, // w
    { 21, 17, 305, -1, 17, 90, 8599 }, // x
    { 21, 25, 282, -3, 17, 132, 8689 }, // y
    { 18, 19, 262, -1, 19, 86, 8821 }, // z
    { 13, 30, 183, 0, 24, 98, 8907 }, // {
    { 4, 34, 165, 3, 26, 34, 9005 }, // |
    { 13, 30, 183, -2, 24, 98, 9039 }, // }
    { 16, 6, 287, 1, 15, 24, 9137 }, // ~
    { 0, 0, 115, 0, 0, 0, 0 }, // U+00A0
    { 11, 23, 159, -2, 16, 64, 0 }, // U+00A1
    { 16, 24, 288, 1, 22, 96, 64 }, // U+00A2
    { 17, 22, 288, 0, 22, 94, 160 }, // U+00A3
    { 17, 17, 288, 1, 20, 73, 254 }, // U+00A4
    { 19, 22, 288, 1, 22, 105, 327 }, // U+00A5
    { 4, 34, 165, 3, 26, 34, 432 }, // U+00A6
    { 16, 28, 267, 0, 23, 112, 466 }, // U+00A7
    { 14, 5, 211, 2, 25, 18, 578 }, // U+00A8
    { 24, 24, 404, 1, 23, 144, 596 }, // U+00A9
    { 13, 12, 203, 2, 26, 39, 740 }, // U+00AA
    { 19, 16, 322, 1, 16, 76, 779 }, // U+00AB
    { 16, 9, 287, 1, 14, 36, 855 }, // U+00AC
    { 9, 3, 182, 1, 11, 7, 891 }, // U+00AD
    { 15, 14, 249, 2, 25, 53, 898 }, // U+00AE
    { 10, 3, 211, 4, 23, 8, 951 }, // U+00AF
    { 10, 9, 173, 2, 23, 23, 959 }, // U+00B0
    { 16, 19, 287, 1, 19, 76, 982 }, // U+00B1
    { 12, 13, 195, 2, 27, 39, 1058 }, // U+00B2
    { 12, 14, 195, 2, 28, 42, 1097 }, // U+00B3
    { 7, 9, 211, 6, 27, 16, 1139 }, // U+00B4
    { 21, 25, 300, -2, 17, 132, 1155 }, // U+00B5
    { 22, 27, 344, 2, 22, 149, 1287 }, // U+00B6
    { 7, 6, 164, 2, 15, 11, 1436 }, // U+00B7
    { 8, 8, 211, 0, 0, 16, 1447 }, // U+00B8
    { 10, 14, 195, 3, 28, 35, 1463 }, // U+00B9
    { 12, 11, 190, 2, 25, 33, 1498 }, // U+00BA
    { 18, 16, 322, 0, 17, 72, 1531 }, // U+00BB
    { 26, 24, 468, 2, 23, 156, 1603 }, // U+00BC
    { 27, 24, 483, 2, 23, 162, 1759 }, // U+00BD
    { 27, 24, 468, 1, 23, 162, 1921 }, // U+00BE
    { 15, 23, 242, -2, 16, 87, 2083 }, // U+00BF
    { 23, 30, 363, -2, 30, 173, 2170 }, // U+00C0
    { 23, 30, 363, -2, 30, 173, 2343 }, // U+00C1
    { 23, 30, 363, -2, 30, 173, 2516 }, // U+00C2
    { 23, 30, 363, -2, 30, 173, 2689 }, // U+00C3
    { 23, 28, 363, -2, 28, 161, 2862 }, // U+00C4
    { 23, 31, 363, -2, 31, 179, 3023 }, // U+00C5
    { 32, 22, 474, -2, 22, 176, 3202 }, // U+00C6
    { 21, 31, 318, 0, 23, 163, 3378 }, // U+00C7
    { 21, 30, 310, -1, 30, 158, 3541 }, // U+00C8
    { 21, 30, 310, -1, 30, 158, 3699 }, // U+00C9
    { 21, 30, 310, -1, 30, 158, 3857 }, // U+00CA
    { 21, 28, 310, -1, 28, 147, 4015 }, // U+00CB
    { 15, 30, 199, -1, 30, 113, 4162 }, // U+00CC
    { 15, 30, 199, -1, 30, 113, 4275 }, // U+00CD
    { 16, 30, 199, -1, 30, 120, 4388 }, // U+00CE
    { 16, 29, 199, -1, 29, 116, 4508 }, // U+00CF
    { 24, 22, 364, -1, 22, 132, 4624 }, // U+00D0
    { 26, 30, 370, -1, 30, 195, 4756 }, // U+00D1
    { 22, 30, 353, 0, 30, 165, 4951 }, // U+00D2
    { 22, 30, 353, 0, 30, 165, 5116 }, // U+00D3
    { 22, 30, 353, 0, 30, 165, 5281 }, // U+00D4
    { 22, 30, 353, 0, 30, 165, 5446 }, // U+00D5
    { 22, 28, 353, 0, 28, 154, 5611 }, // U+00D6
    { 16, 15, 287, 1, 18, 60, 5765 }, // U+00D7
    { 24, 25, 353, -1, 24, 150, 5825 }, // U+00D8
    { 23, 30, 363, 2, 30, 173, 5975 }, // U+00D9
    { 23, 30, 363, 2, 30, 173, 6148 }, // U+00DA
    { 23, 30, 363, 2, 30, 173, 6321 }, // U+00DB
    { 23, 28, 363, 2, 28, 161, 6494 }, // U+00DC
    { 21, 30, 304, 1, 30, 158, 6655 }, // U+00DD
    { 21, 22, 314, -1, 22, 116, 6813 }, // U+00DE
    { 26, 33, 308, -6, 25, 215, 6929 }, // U+00DF
    { 19, 27, 300, 0, 27, 129, 7144 }, // U+00E0
    { 19, 27, 300, 0, 27, 129, 7273 }, // U+00E1
    { 19, 26, 300, 0, 26, 124, 7402 }, // U+00E2
    { 19, 25, 300, 0, 25, 119, 7526 }, // U+00E3
    { 20, 25, 300, 0, 25, 125, 7645 }, // U+00E4
    { 19, 27, 300, 0, 27, 129, 7770 }, // U+00E5
    { 25, 17, 400, 0, 17, 107, 7899 }, // U+00E6
    { 16, 25, 248, 0, 17, 100, 8006 }, // U+00E7
    { 16, 27, 249, 0, 27, 108, 8106 }, // U+00E8
    { 17, 27, 249, 0, 27, 115, 8214 }, // U+00E9
    { 17, 26, 249, 0, 26, 111, 8329 }, // U+00EA
    { 19, 25, 249, 0, 25, 119, 8440 }, // U+00EB
    { 10, 27, 168, 1, 27, 68, 8559 }, // U+00EC
    { 12, 27, 168, 1, 27, 81, 8627 }, // U+00ED
    { 12, 26, 168, 1, 26, 78, 8708 }, // U+00EE
    { 13, 26, 168, 1, 26, 85, 8786 }, // U+00EF
    { 17, 26, 277, 0, 26, 111, 8871 }, // U+00F0
    { 19, 25, 313, 1, 25, 119, 8982 }, // U+00F1
    { 17, 27, 281, 0, 27, 115, 9101 }, // U+00F2
    { 17, 27, 281, 0, 27, 115, 9216 }, // U+00F3
    { 17, 26, 281, 0, 26, 111, 9331 }, // U+00F4
    { 18, 25, 281, 0, 25, 113, 9442 }, // U+00F5
    { 18, 25, 281, 0, 25, 113, 9555 }, // U+00F6
    { 16, 17, 287, 1, 19, 68, 9668 }, // U+00F7
    { 19, 19, 281, -1, 18, 91, 9736 }, // U+00F8
    { 19, 27, 312, 1, 27, 129, 9827 }, // U+00F9
    { 19, 27, 312, 1, 27, 129, 9956 }, // U+00FA
    { 19, 26, 312, 1, 26, 124, 10085 }, // U+00FB
    { 19, 25, 312, 1, 25, 119, 10209 }, // U+00FC
    { 21, 35, 282, -3, 27, 184, 10328 }, // U+00FD
    { 21, 33, 287, -3, 25, 174, 10512 }, // U+00FE
    { 21, 33, 282, -3, 25, 174, 10686 }, // U+00FF
    { 23, 28, 363, -2, 28, 161, 0 }, // U+0100
    { 19, 23, 300, 0, 23, 110, 161 }, // U+0101
    { 23, 30, 363, -2, 30, 173, 271 }, // U+0102
    { 19, 25, 300, 0, 25, 119, 444 }, // U+0103
    { 23, 30, 363, -2, 22, 173, 563 }, // U+0104
    { 19, 26, 300, 0, 18, 124, 736 }, // U+0105
    { 21, 30, 318, 0, 30, 158, 860 }, // U+0106
    { 17, 27, 248, 0, 27, 115, 1018 }, // U+0107
    { 21, 30, 318, 0, 30, 158, 1133 }, // U+0108
    { 17, 26, 248, 0, 26, 111, 1291 }, // U+0109
    { 21, 29, 318, 0, 29, 153, 1402 }, // U+010A
    { 16, 25, 248, 0, 25, 100, 1555 }, // U+010B
    { 21, 31, 318, 0, 31, 163, 1655 }, // U+010C
    { 18, 27, 248, 0, 27, 122, 1818 }, // U+010D
    { 24, 31, 364, -1, 31, 186, 1940 }, // U+010E
    { 25, 26, 312, 0, 26, 163, 2126 }, // U+010F
    { 24, 22, 364, -1, 22, 132, 2289 }, // U+0110
    { 21, 26, 302, 0, 26, 137, 2421 }, // U+0111
    { 21, 28, 310, -1, 28, 147, 2558 }, // U+0112
    { 17, 23, 249, 0, 23, 98, 2705 }, // U+0113
    { 21, 30, 310, -1, 30, 158, 2803 }, // U+0114
    { 18, 25, 249, 0, 25, 113, 2961 }, // U+0115
    { 21, 29, 310, -1, 29, 153, 3074 }, // U+0116
    { 16, 25, 249, 0, 25, 100, 3227 }, // U+0117
    { 21, 30, 310, -1, 22, 158, 3327 }, // U+0118
    { 16, 25, 249, 0, 17, 100, 3485 }, // U+0119
    { 21, 31, 310, -1, 31, 163, 3585 }, // U+011A
    { 18, 27, 249, 0, 27, 122, 3748 }, // U+011B
    { 22, 30, 348, 0, 30, 165, 3870 }, // U+011C
    { 21, 34, 281, -2, 26, 179, 4035 }, // U+011D
    { 22, 30, 348, 0, 30, 165, 4214 }, // U+011E
    { 21, 33, 281, -2, 25, 174, 4379 }, // U+011F
    { 22, 29, 348, 0, 29, 160, 4553 }, // U+0120
    { 21, 33, 281, -2, 25, 174, 4713 }, // U+0121
    { 22, 33, 348, 0, 23, 182, 4887 }, // U+0122
    { 21, 35, 281, -2, 27, 184, 5069 }, // U+0123
    { 27, 30, 398, -1, 30, 203, 5253 }, // U+0124
    { 19, 32, 306, 0, 32, 152, 5456 }, // U+0125
    { 27, 22, 398, -1, 22, 149, 5608 }, // U+0126
    { 19, 25, 306, 0, 25, 119, 5757 }, // U+0127
    { 17, 30, 199, -1, 30, 128, 5876 }, // U+0128
    { 13, 25, 168, 1, 25, 82, 6004 }, // U+0129
    { 16, 28, 199, -1, 28, 112, 6086 }, // U+012A
    { 12, 23, 168, 1, 23, 69, 6198 }, // U+012B
    { 15, 30, 199, -1, 22, 113, 6267 }, // U+012E
    { 10, 33, 168, 1, 25, 83, 6380 }, // U+012F
    { 15, 29, 199, -1, 29, 109, 6463 }, // U+0130
    { 10, 18, 168, 1, 18, 45, 6572 }, // U+0131
    { 20, 35, 194, -5, 30, 175, 6617 }, // U+0134
    { 16, 34, 153, -3, 26, 136, 6792 }, // U+0135
    { 25, 32, 360, -1, 22, 200, 6928 }, // U+0136
    { 18, 35, 279, 0, 25, 158, 7128 }, // U+0137
    { 17, 18, 282, 1, 18, 77, 7286 }, // U+0138
    { 19, 30, 298, -1, 30, 143, 7363 }, // U+0139
    { 14, 31, 162, 1, 31, 109, 7506 }, // U+013A
    { 19, 32, 298, -1, 22, 152, 7615 }, // U+013B
    { 10, 35, 162, 1, 25, 88, 7767 }, // U+013C
    { 22, 24, 298, -1, 24, 132, 7855 }, // U+013D
    { 15, 26, 169, 1, 26, 98, 7987 }, // U+013E
    { 20, 22, 298, -1, 22, 110, 8085 }, // U+013F
    { 14, 25, 198, 1, 25, 88, 8195 }, // U+0140
    { 19, 22, 298, -1, 22, 105, 8283 }, // U+0141
    { 12, 25, 162, 0, 25, 75, 8388 }, // U+0142
    { 26, 30, 370, -1, 30, 195, 8463 }, // U+0143
    { 19, 27, 313, 1, 27, 129, 8658 }, // U+0144
    { 26, 32, 370, -1, 22, 208, 8787 }, // U+0145
    { 19, 28, 313, 1, 18, 133, 8995 }, // U+0146
    { 26, 31, 370, -1, 31, 202, 9128 }, // U+0147
    { 19, 27, 313, 1, 27, 129, 9330 }, // U+0148
    { 26, 24, 455, 3, 24, 156, 9459 }, // U+0149
    { 26, 27, 371, -1, 22, 176, 9615 }, // U+014A
    { 17, 26, 318, 1, 18, 111, 9791 }, // U+014B
    { 22, 28, 353, 0, 28, 154, 9902 }, // U+014C
    { 17, 23, 281, 0, 23, 98, 10056 }, // U+014D
    { 22, 30, 353, 0, 30, 165, 10154 }, // U+014E
    { 17, 25, 281, 0, 25, 107, 10319 }, // U+014F
    { 22, 30, 353, 0, 30, 165, 10426 }, // U+0150
    { 19, 27, 281, 0, 27, 129, 10591 }, // U+0151
    { 30, 23, 468, 0, 23, 173, 10720 }, // U+0152
    { 27, 17, 420, 0, 17, 115, 10893 }, // U+0153
    { 23, 30, 352, -1, 30, 173, 11008 }, // U+0154
    { 15, 27, 242, 1, 27, 102, 11181 }, // U+0155
    { 23, 32, 352, -1, 22, 184, 11283 }, // U+0156
    { 16, 28, 242, 0, 18, 112, 11467 }, // U+0157
    { 23, 31, 352, -1, 31, 179, 11579 }, // U+0158
    { 16, 27, 242, 1, 27, 108, 11758 }, // U+0159
    { 17, 30, 264, 0, 30, 128, 11866 }, // U+015A
    { 15, 27, 222, 0, 27, 102, 11994 }, // U+015B
    { 17, 30, 264, 0, 30, 128, 12096 }, // U+015C
    { 15, 26, 222, 0, 26, 98, 12224 }, // U+015D
    { 17, 31, 264, 0, 23, 132, 12322 }, // U+015E
    { 14, 25, 222, 0, 17, 88, 12454 }, // U+015F
    { 18, 31, 264, 0, 31, 140, 12542 }, // U+0160
    { 16, 27, 222, 0, 27, 108, 12682 }, // U+0161
    { 21, 30, 321, 1, 22, 158, 12790 }, // U+0162
    { 13, 30, 182, 0, 22, 98, 12948 }, // U+0163
    { 21, 31, 321, 1, 31, 163, 13046 }, // U+0164
    { 15, 27, 182, 1, 27, 102, 13209 }, // U+0165
    { 23, 30, 363, 2, 30, 173, 13311 }, // U+0168
    { 19, 25, 312, 1, 25, 119, 13484 }, // U+0169
    { 23, 28, 363, 2, 28, 161, 13603 }, // U+016A
    { 19, 23, 312, 1, 23, 110, 13764 }, // U+016B
    { 23, 30, 363, 2, 30, 173, 13874 }, // U+016C
    { 19, 25, 312, 1, 25, 119, 14047 }, // U+016D
    { 23, 31, 363, 2, 31, 179, 14166 }, // U+016E
    { 19, 27, 312, 1, 27, 129, 14345 }, // U+016F
    { 23, 30, 363, 2, 30, 173, 14474 }, // U+0170
    { 19, 27, 312, 1, 27, 129, 14647 }, // U+0171
    { 23, 30, 363, 2, 22, 173, 14776 }, // U+0172
    { 19, 26, 312, 1, 18, 124, 14949 }, // U+0173
    { 32, 30, 469, 1, 30, 240, 15073 }, // U+0174
    { 27, 27, 420, 0, 26, 183, 15313 }, // U+0175
    { 21, 30, 304, 1, 30, 158, 15496 }, // U+0176
    { 21, 34, 282, -3, 26, 179, 15654 }, // U+0177
    { 21, 28, 304, 1, 28, 147, 15833 }, // U+0178
    { 21, 30, 287, -1, 30, 158, 15980 }, // U+0179
    { 18, 27, 262, -1, 27, 122, 16138 }, // U+017A
    { 21, 29, 287, -1, 29, 153, 16260 }, // U+017B
    { 18, 25, 262, -1, 25, 113, 16413 }, // U+017C
    { 21, 31, 287, -1, 31, 163, 16526 }, // U+017D
    { 19, 27, 262, -1, 27, 129, 16689 }, // U+017E
    { 23, 33, 177, -6, 25, 190, 16818 }, // U+017F
    { 24, 28, 353, 0, 28, 168, 0 }, // U+01A0
    { 20, 23, 281, 0, 23, 115, 168 }, // U+01A1
    { 25, 29, 363, 2, 29, 182, 283 }, // U+01AF
    { 22, 23, 312, 1, 23, 127, 465 }, // U+01B0
    { 23, 31, 363, -2, 31, 179, 592 }, // U+01CD
    { 19, 27, 300, 0, 27, 129, 771 }, // U+01CE
    { 16, 31, 199, -1, 31, 124, 900 }, // U+01CF
    { 13, 27, 168, 1, 27, 88, 1024 }, // U+01D0
    { 22, 31, 353, 0, 31, 171, 1112 }, // U+01D1
    { 18, 27, 281, 0, 27, 122, 1283 }, // U+01D2
    { 23, 31, 363, 2, 31, 179, 1405 }, // U+01D3
    { 19, 27, 312, 1, 27, 129, 1584 }, // U+01D4
    { 23, 33, 363, 2, 33, 190, 1713 }, // U+01D5
    { 19, 28, 312, 1, 28, 133, 1903 }, // U+01D6
    { 23, 34, 363, 2, 34, 196, 2036 }, // U+01D7
    { 19, 30, 312, 1, 30, 143, 2232 }, // U+01D8
    { 23, 35, 363, 2, 35, 202, 2375 }, // U+01D9
    { 19, 31, 312, 1, 31, 148, 2577 }, // U+01DA
    { 23, 34, 363, 2, 34, 196, 2725 }, // U+01DB
    { 19, 30, 312, 1, 30, 143, 2921 }, // U+01DC
    { 22, 31, 348, 0, 31, 171, 3064 }, // U+01E6
    { 21, 35, 281, -2, 27, 184, 3235 }, // U+01E7
    { 26, 30, 370, -1, 30, 195, 3419 }, // U+01F8
    { 19, 27, 313, 1, 27, 129, 3614 }, // U+01F9
    { 17, 33, 264, 0, 23, 141, 3743 }, // U+0218
    { 14, 27, 222, 0, 17, 95, 3884 }, // U+0219
    { 21, 32, 321, 1, 22, 168, 3979 }, // U+021A
    { 12, 32, 182, 1, 22, 96, 4147 }, // U+021B
    { 7, 9, 0, -4, 27, 16, 0 }, // U+0300
    { 7, 9, 0, 1, 27, 16, 16 }, // U+0301
    { 12, 8, 0, -4, 26, 24, 32 }, // U+0302
    { 13, 6, 0, -4, 25, 20, 56 }, // U+0303
    { 10, 3, 0, -3, 23, 8, 76 }, // U+0304
    { 11, 6, 0, -3, 25, 17, 84 }, // U+0306
    { 6, 5, 0, 0, 25, 8, 101 }, // U+0307
    { 13, 5, 0, -4, 25, 17, 109 }, // U+0308
    { 7, 8, 0, -1, 26, 14, 126 }, // U+0309
    { 9, 8, 0, -2, 27, 18, 140 }, // U+030A
    { 13, 8, 0, -3, 27, 26, 158 }, // U+030B
    { 12, 8, 0, -3, 27, 24, 184 }, // U+030C
    { 6, 9, 0, 1, 26, 14, 208 }, // U+031B
    { 6, 5, 0, -6, -2, 8, 222 }, // U+0323
    { 14, 5, 0, -10, -2, 18, 230 }, // U+0324
    { 6, 8, 0, -6, -2, 12, 248 }, // U+0326
    { 7, 8, 0, -6, 0, 14, 260 }, // U+0327
    { 8, 9, 0, -7, 1, 18, 274 }, // U+0328
    { 5, 7, 0, -6, -2, 9, 292 }, // U+0329
    { 12, 6, 0, -9, -1, 18, 301 }, // U+032E
    { 10, 3, 0, -8, -3, 8, 319 }, // U+0331
    { 21, 30, 310, -1, 30, 158, 0 }, // U+0400
    { 21, 28, 310, -1, 28, 147, 158 }, // U+0401
    { 22, 25, 381, 1, 22, 138, 305 }, // U+0402
    { 21, 31, 287, -1, 30, 163, 443 }, // U+0403
    { 21, 24, 318, 0, 23, 126, 606 }, // U+0404
    { 17, 23, 264, 0, 23, 98, 732 }, // U+0405
    { 15, 22, 199, -1, 22, 83, 830 }, // U+0406
    { 16, 29, 199, -1, 29, 116, 913 }, // U+0407
    { 19, 27, 194, -5, 22, 129, 1029 }, // U+0408
    { 32, 23, 491, -2, 22, 184, 1158 }, // U+0409
    { 33, 22, 520, -1, 22, 182, 1342 }, // U+040A
    { 23, 23, 403, 1, 22, 133, 1524 }, // U+040B
    { 25, 31, 366, -1, 30, 194, 1657 }, // U+040C
    { 28, 31, 407, -1, 30, 217, 1851 }, // U+040D
    { 23, 32, 319, 0, 30, 184, 2068 }, // U+040E
    { 27, 30, 392, -1, 22, 203, 2252 }, // U+040F
    { 23, 22, 363, -2, 22, 127, 2455 }, // U+0410
    { 21, 22, 335, -1, 22, 116, 2582 }, // U+0411
    { 21, 22, 335, -1, 22, 116, 2698 }, // U+0412
    { 21, 23, 287, -1, 22, 121, 2814 }, // U+0413
    { 27, 29, 370, -2, 22, 196, 2935 }, // U+0414
    { 21, 22, 310, -1, 22, 116, 3131 }, // U+0415
    { 36, 24, 527, -2, 23, 216, 3247 }, // U+0416
    { 17, 24, 282, 0, 23, 102, 3463 }, // U+0417
    { 28, 23, 407, -1, 22, 161, 3565 }, // U+0418
    { 28, 31, 407, -1, 30, 217, 3726 }, // U+0419
    { 25, 24, 366, -1, 23, 150, 3943 }, // U+041A
    { 27, 23, 369, -2, 22, 156, 4093 }, // U+041B
    { 33, 22, 479, -2, 22, 182, 4249 }, // U+041C
    { 27, 22, 398, -1, 22, 149, 4431 }, // U+041D
    { 22, 23, 353, 0, 23, 127, 4580 }, // U+041E
    { 27, 23, 391, -1, 22, 156, 4707 }, // U+041F
    { 21, 22, 314, -1, 22, 116, 4863 }, // U+0420
    { 21, 23, 318, 0, 23, 121, 4979 }, // U+0421
    { 21, 22, 321, 1, 22, 116, 5100 }, // U+0422
    { 23, 24, 319, 0, 22, 138, 5216 }, // U+0423
    { 26, 23, 410, 0, 22, 150, 5354 }, // U+0424
    { 25, 22, 343, -2, 22, 138, 5504 }, // U+0425
    { 27, 29, 377, -2, 22, 196, 5642 }, // U+0426
    { 22, 23, 362, 2, 22, 127, 5838 }, // U+0427
    { 37, 22, 549, -1, 22, 204, 5965 }, // U+0428
    { 37, 29, 550, -1, 22, 269, 6169 }, // U+0429
    { 22, 22, 384, 1, 22, 121, 6438 }, // U+042A
    { 34, 22, 495, -1, 22, 187, 6559 }, // U+042B
    { 20, 22, 321, -1, 22, 110, 6746 }, // U+042C
    { 21, 24, 328, 0, 23, 126, 6856 }, // U+042D
    { 34, 24, 525, -1, 23, 204, 6982 }, // U+042E
    { 26, 23, 354, -2, 22, 150, 7186 }, // U+042F
    { 19, 18, 300, 0, 18, 86, 7336 }, // U+0430
    { 20, 27, 286, 1, 26, 135, 7422 }, // U+0431
    { 16, 18, 271, 1, 17, 72, 7557 }, // U+0432
    { 14, 18, 222, 0, 17, 63, 7629 }, // U+0433
    { 18, 25, 282, 0, 24, 113, 7692 }, // U+0434
    { 16, 17, 249, 0, 17, 68, 7805 }, // U+0435
    { 30, 18, 474, 0, 17, 135, 7873 }, // U+0436
    { 15, 18, 235, 0, 17, 68, 8008 }, // U+0437
    { 19, 18, 312, 1, 18, 86, 8076 }, // U+0438
    { 19, 25, 312, 1, 25, 119, 8162 }, // U+0439
    { 17, 18, 282, 1, 17, 77, 8281 }, // U+043A
    { 21, 18, 307, -1, 17, 95, 8358 }, // U+043B
    { 28, 18, 430, -1, 17, 126, 8453 }, // U+043C
    { 19, 18, 314, 1, 17, 86, 8579 }, // U+043D
    { 17, 17, 281, 0, 17, 73, 8665 }, // U+043E
    { 19, 18, 313, 1, 18, 86, 8738 }, // U+043F
    { 21, 26, 291, -3, 18, 137, 8824 }, // U+0440
    { 16, 17, 248, 0, 17, 68, 8961 }, // U+0441
    { 28, 18, 455, 1, 18, 126, 9029 }, // U+0442
    { 21, 25, 282, -3, 17, 132, 9155 }, // U+0443
    { 25, 33, 398, 0, 25, 207, 9287 }, // U+0444
    { 21, 17, 305, -1, 17, 90, 9494 }, // U+0445
    { 19, 26, 312, 1, 18, 124, 9584 }, // U+0446
    { 18, 18, 296, 1, 17, 81, 9708 }, // U+0447
    { 27, 18, 444, 1, 17, 122, 9789 }, // U+0448
    { 27, 26, 444, 1, 18, 176, 9911 }, // U+0449
    { 19, 19, 299, 0, 18, 91, 10087 }, // U+044A
    { 25, 18, 413, 1, 17, 113, 10178 }, // U+044B
    { 15, 18, 263, 1, 17, 68, 10291 }, // U+044C
    { 15, 18, 243, 0, 17, 68, 10359 }, // U+044D
    { 25, 19, 418, 1, 18, 119, 10427 }, // U+044E
    { 21, 19, 297, -2, 18, 100, 10546 }, // U+044F
    { 16, 27, 249, 0, 27, 108, 10646 }, // U+0450
    { 19, 25, 249, 0, 25, 119, 10754 }, // U+0451
    { 17, 33, 274, 0, 25, 141, 10873 }, // U+0452
    { 16, 28, 222, 0, 27, 112, 11014 }, // U+0453
    { 16, 18, 248, 0, 17, 72, 11126 }, // U+0454
    { 14, 17, 222, 0, 17, 60, 11198 }, // U+0455
    { 10, 26, 168, 1, 26, 65, 11258 }, // U+0456
    { 13, 26, 168, 1, 26, 85, 11323 }, // U+0457
    { 14, 33, 153, -3, 25, 116, 11408 }, // U+0458
    { 26, 18, 407, -1, 17, 117, 11524 }, // U+0459
    { 25, 18, 414, 1, 17, 113, 11641 }, // U+045A
    { 19, 25, 306, 0, 25, 119, 11754 }, // U+045B
    { 17, 28, 282, 1, 27, 119, 11873 }, // U+045C
    { 19, 27, 312, 1, 27, 129, 11992 }, // U+045D
    { 21, 33, 282, -3, 25, 174, 12121 }, // U+045E
    { 19, 26, 312, 1, 18, 124, 12295 }, // U+045F
    { 23, 25, 391, 1, 25, 144, 12419 }, // U+0462
    { 25, 19, 417, 1, 18, 119, 12563 }, // U+0463
    { 22, 24, 353, 0, 23, 132, 12682 }, // U+0472
    { 17, 18, 281, 0, 17, 77, 12814 }, // U+0473
    { 23, 24, 328, 1, 23, 138, 12891 }, // U+0474
    { 20, 17, 303, 0, 17, 85, 13029 }, // U+0475
    { 22, 28, 288, -1, 27, 154, 13114 }, // U+0490
    { 16, 23, 203, -1, 22, 92, 13268 }, // U+0491
    { 21, 23, 287, -1, 22, 121, 13360 }, // U+0492
    { 14, 18, 222, 0, 17, 63, 13481 }, // U+0493
    { 36, 30, 527, -2, 23, 270, 13544 }, // U+0496
    { 30, 25, 474, 0, 17, 188, 13814 }, // U+0497
    { 17, 31, 282, 0, 23, 132, 14002 }, // U+0498
    { 15, 25, 235, 0, 17, 94, 14134 }, // U+0499
    { 25, 30, 366, -1, 23, 188, 14228 }, // U+049A
    { 18, 25, 284, 1, 17, 113, 14416 }, // U+049B
    { 27, 24, 429, 1, 23, 162, 14529 }, // U+04A0
    { 22, 19, 356, 1, 18, 105, 14691 }, // U+04A1
    { 27, 29, 398, -1, 22, 196, 14796 }, // U+04A2
    { 19, 26, 314, 1, 18, 124, 14992 }, // U+04A3
    { 21, 31, 318, 0, 23, 163, 15116 }, // U+04AA
    { 16, 25, 248, 0, 17, 100, 15279 }, // U+04AB
    { 21, 22, 304, 1, 22, 116, 15379 }, // U+04AE
    { 18, 25, 276, 0, 17, 113, 15495 }, // U+04AF
    { 21, 23, 304, 1, 22, 121, 15608 }, // U+04B0
    { 18, 25, 276, 0, 17, 113, 15729 }, // U+04B1
    { 25, 29, 343, -2, 22, 182, 15842 }, // U+04B2
    { 21, 25, 305, -1, 17, 132, 16024 }, // U+04B3
    { 22, 29, 362, 2, 22, 160, 16156 }, // U+04B6
    { 18, 25, 296, 1, 17, 113, 16316 }, // U+04B7
    { 22, 23, 358, -1, 22, 127, 16429 }, // U+04BA
    { 19, 25, 306, 0, 25, 119, 16556 }, // U+04BB
    { 15, 22, 199, -1, 22, 83, 16675 }, // U+04C0
    { 36, 31, 527, -2, 30, 279, 16758 }, // U+04C1
    { 30, 26, 474, 0, 25, 195, 17037 }, // U+04C2
    { 15, 25, 162, -1, 25, 94, 17232 }, // U+04CF
    { 23, 30, 363, -2, 30, 173, 17326 }, // U+04D0
    { 19, 25, 300, 0, 25, 119, 17499 }, // U+04D1
    { 32, 22, 474, -2, 22, 176, 17618 }, // U+04D4
    { 25, 17, 400, 0, 17, 107, 17794 }, // U+04D5
    { 21, 30, 310, -1, 30, 158, 17901 }, // U+04D6
    { 18, 25, 249, 0, 25, 113, 18059 }, // U+04D7
    { 21, 24, 331, 0, 23, 126, 18172 }, // U+04D8
    { 16, 17, 254, 0, 17, 68, 18298 }, // U+04D9
    { 28, 29, 407, -1, 28, 203, 18366 }, // U+04E2
    { 19, 23, 312, 1, 23, 110, 18569 }, // U+04E3
    { 22, 28, 353, 0, 28, 154, 18679 }, // U+04E6
    { 18, 25, 281, 0, 25, 113, 18833 }, // U+04E7
    { 22, 24, 353, 0, 23, 132, 18946 }, // U+04E8
    { 17, 18, 281, 0, 17, 77, 19078 }, // U+04E9
    { 23, 30, 319, 0, 28, 173, 19155 }, // U+04EE
    { 21, 31, 282, -3, 23, 163, 19328 }, // U+04EF
    { 23, 32, 319, 0, 30, 184, 19491 }, // U+04F2
    { 23, 35, 282, -3, 27, 202, 19675 }, // U+04F3
    { 23, 29, 363, -2, 22, 167, 0 }, // U+1EA0
    { 19, 25, 300, 0, 18, 119, 167 }, // U+1EA1
    { 23, 30, 363, -2, 30, 173, 286 }, // U+1EA2
    { 19, 26, 300, 0, 26, 124, 459 }, // U+1EA3
    { 25, 33, 363, -2, 33, 207, 583 }, // U+1EA4
    { 22, 28, 300, 0, 28, 154, 790 }, // U+1EA5
    { 23, 32, 363, -2, 32, 184, 944 }, // U+1EA6
    { 19, 28, 300, 0, 28, 133, 1128 }, // U+1EA7
    { 25, 35, 363, -2, 35, 219, 1261 }, // U+1EA8
    { 22, 30, 300, 0, 30, 165, 1480 }, // U+1EA9
    { 23, 35, 363, -2, 35, 202, 1645 }, // U+1EAA
    { 20, 30, 300, 0, 30, 150, 1847 }, // U+1EAB
    { 23, 37, 363, -2, 30, 213, 1997 }, // U+1EAC
    { 19, 33, 300, 0, 26, 157, 2210 }, // U+1EAD
    { 23, 35, 363, -2, 35, 202, 2367 }, // U+1EAE
    { 19, 30, 300, 0, 30, 143, 2569 }, // U+1EAF
    { 23, 35, 363, -2, 35, 202, 2712 }, // U+1EB0
    { 19, 30, 300, 0, 30, 143, 2914 }, // U+1EB1
    { 23, 35, 363, -2, 35, 202, 3057 }, // U+1EB2
    { 19, 31, 300, 0, 31, 148, 3259 }, // U+1EB3
    { 23, 35, 363, -2, 35, 202, 3407 }, // U+1EB4
    { 19, 30, 300, 0, 30, 143, 3609 }, // U+1EB5
    { 23, 37, 363, -2, 30, 213, 3752 }, // U+1EB6
    { 19, 32, 300, 0, 25, 152, 3965 }, // U+1EB7
    { 21, 29, 310, -1, 22, 153, 4117 }, // U+1EB8
    { 16, 24, 249, 0, 17, 96, 4270 }, // U+1EB9
    { 21, 30, 310, -1, 30, 158, 4366 }, // U+1EBA
    { 16, 26, 249, 0, 26, 104, 4524 }, // U+1EBB
    { 21, 30, 310, -1, 30, 158, 4628 }, // U+1EBC
    { 18, 25, 249, 0, 25, 113, 4786 }, // U+1EBD
    { 23, 33, 310, -1, 33, 190, 4899 }, // U+1EBE
    { 21, 28, 249, 0, 28, 147, 5089 }, // U+1EBF
    { 21, 32, 310, -1, 32, 168, 5236 }, // U+1EC0
    { 17, 28, 249, 0, 28, 119, 5404 }, // U+1EC1
    { 22, 35, 310, -1, 35, 193, 5523 }, // U+1EC2
    { 20, 30, 249, 0, 30, 150, 5716 }, // U+1EC3
    { 21, 35, 310, -1, 35, 184, 5866 }, // U+1EC4
    { 19, 30, 249, 0, 30, 143, 6050 }, // U+1EC5
    { 21, 37, 310, -1, 30, 195, 6193 }, // U+1EC6
    { 17, 33, 249, 0, 26, 141, 6388 }, // U+1EC7
    { 15, 30, 199, -1, 30, 113, 6529 }, // U+1EC8
    { 10, 26, 168, 1, 26, 65, 6642 }, // U+1EC9
    { 15, 29, 199, -1, 22, 109, 6707 }, // U+1ECA
    { 10, 33, 168, 1, 26, 83, 6816 }, // U+1ECB
    { 22, 30, 353, 0, 23, 165, 6899 }, // U+1ECC
    { 17, 24, 281, 0, 17, 102, 7064 }, // U+1ECD
    { 22, 30, 353, 0, 30, 165, 7166 }, // U+1ECE
    { 17, 26, 281, 0, 26, 111, 7331 }, // U+1ECF
    { 23, 33, 353, 0, 33, 190, 7442 }, // U+1ED0
    { 21, 28, 281, 0, 28, 147, 7632 }, // U+1ED1
    { 22, 32, 353, 0, 32, 176, 7779 }, // U+1ED2
    { 17, 28, 281, 0, 28, 119, 7955 }, // U+1ED3
    { 23, 35, 353, 0, 35, 202, 8074 }, // U+1ED4
    { 20, 30, 281, 0, 30, 150, 8276 }, // U+1ED5
    { 22, 35, 353, 0, 35, 193, 8426 }, // U+1ED6
    { 18, 30, 281, 0, 30, 135, 8619 }, // U+1ED7
    { 22, 37, 353, 0, 30, 204, 8754 }, // U+1ED8
    { 17, 33, 281, 0, 26, 141, 8958 }, // U+1ED9
    { 24, 30, 353, 0, 30, 180, 9099 }, // U+1EDA
    { 20, 27, 281, 0, 27, 135, 9279 }, // U+1EDB
    { 24, 30, 353, 0, 30, 180, 9414 }, // U+1EDC
    { 20, 27, 281, 0, 27, 135, 9594 }, // U+1EDD
    { 24, 30, 353, 0, 30, 180, 9729 }, // U+1EDE
    { 20, 26, 281, 0, 26, 130, 9909 }, // U+1EDF
    { 24, 30, 353, 0, 30, 180, 10039 }, // U+1EE0
    { 20, 25, 281, 0, 25, 125, 10219 }, // U+1EE1
    { 24, 35, 353, 0, 28, 210, 10344 }, // U+1EE2
    { 20, 30, 281, 0, 23, 150, 10554 }, // U+1EE3
    { 23, 29, 363, 2, 22, 167, 10704 }, // U+1EE4
    { 19, 25, 312, 1, 18, 119, 10871 }, // U+1EE5
    { 23, 30, 363, 2, 30, 173, 10990 }, // U+1EE6
    { 19, 26, 312, 1, 26, 124, 11163 }, // U+1EE7
    { 25, 30, 363, 2, 30, 188, 11287 }, // U+1EE8
    { 22, 27, 312, 1, 27, 149, 11475 }, // U+1EE9
    { 25, 30, 363, 2, 30, 188, 11624 }, // U+1EEA
    { 22, 27, 312, 1, 27, 149, 11812 }, // U+1EEB
    { 25, 30, 363, 2, 30, 188, 11961 }, // U+1EEC
    { 22, 26, 312, 1, 26, 143, 12149 }, // U+1EED
    { 25, 30, 363, 2, 30, 188, 12292 }, // U+1EEE
    { 22, 25, 312, 1, 25, 138, 12480 }, // U+1EEF
    { 25, 36, 363, 2, 29, 225, 12618 }, // U+1EF0
    { 22, 30, 312, 1, 23, 165, 12843 }, // U+1EF1
    { 21, 30, 304, 1, 30, 158, 13008 }, // U+1EF2
    { 21, 35, 282, -3, 27, 184, 13166 }, // U+1EF3
    { 21, 29, 304, 1, 22, 153, 13350 }, // U+1EF4
    { 21, 25, 282, -3, 17, 132, 13503 }, // U+1EF5
    { 21, 30, 304, 1, 30, 158, 13635 }, // U+1EF6
    { 21, 34, 282, -3, 26, 179, 13793 }, // U+1EF7
    { 21, 30, 304, 1, 30, 158, 13972 }, // U+1EF8
    { 21, 33, 282, -3, 25, 174, 14130 }, // U+1EF9
    { 0, 0, 264, 0, 0, 0, 0 }, // U+2002
    { 0, 0, 528, 0, 0, 0, 0 }, // U+2003
    { 0, 0, 176, 0, 0, 0, 0 }, // U+2004
    { 0, 0, 132, 0, 0, 0, 0 }, // U+2005
    { 0, 0, 88, 0, 0, 0, 0 }, // U+2006
    { 0, 0, 288, 0, 0, 0, 0 }, // U+2007
    { 0, 0, 66, 0, 0, 0, 0 }, // U+2009
    { 0, 0, 22, 0, 0, 0, 0 }, // U+200A
    { 0, 0, 0, 0, 0, 0, 0 }, // U+200B
    { 9, 3, 182, 1, 11, 7, 0 }, // U+2010
    { 16, 3, 288, 1, 12, 12, 7 }, // U+2012
    { 16, 3, 288, 1, 11, 12, 19 }, // U+2013
    { 26, 3, 446, 1, 11, 20, 31 }, // U+2014
    { 26, 3, 446, 1, 11, 20, 51 }, // U+2015
    { 7, 11, 148, 3, 26, 20, 71 }, // U+2018
    { 7, 11, 148, 3, 24, 20, 91 }, // U+2019
    { 7, 11, 148, -1, 5, 20, 111 }, // U+201A
    { 15, 11, 263, 3, 26, 42, 131 }, // U+201C
    { 14, 11, 263, 3, 24, 39, 173 }, // U+201D
    { 14, 11, 263, -1, 5, 39, 212 }, // U+201E
    { 16, 27, 267, 2, 25, 108, 251 }, // U+2020
    { 18, 28, 267, 0, 25, 126, 359 }, // U+2021
    { 10, 9, 173, 1, 16, 23, 485 }, // U+2022
    { 17, 6, 327, 2, 6, 26, 508 }, // U+2025
    { 26, 6, 464, 0, 6, 39, 534 }, // U+2026
    { 0, 0, 66, 0, 0, 0, 573 }, // U+202F
    { 40, 24, 678, 1, 23, 240, 573 }, // U+2030
    { 8, 12, 135, 2, 25, 24, 813 }, // U+2032
    { 15, 12, 250, 2, 25, 45, 837 }, // U+2033
    { 11, 16, 201, 1, 16, 44, 882 }, // U+2039
    { 11, 16, 201, 0, 17, 44, 926 }, // U+203A
    { 21, 23, 318, 0, 23, 121, 970 }, // U+203C
    { 18, 23, 92, -6, 22, 104, 1091 }, // U+2044
    { 30, 23, 483, 1, 23, 173, 1195 }, // U+2047
    { 25, 23, 401, 1, 23, 144, 1368 }, // U+2048
    { 26, 23, 401, 0, 23, 150, 1512 }, // U+2049
    { 12, 14, 195, 2, 28, 42, 0 }, // U+2070
    { 7, 17, 115, 3, 31, 30, 42 }, // U+2071
    { 12, 14, 195, 2, 28, 42, 72 }, // U+2074
    { 12, 14, 195, 2, 28, 42, 114 }, // U+2075
    { 12, 14, 195, 3, 28, 42, 156 }, // U+2076
    { 12, 13, 195, 3, 27, 39, 198 }, // U+2077
    { 11, 14, 195, 3, 28, 39, 237 }, // U+2078
    { 11, 15, 195, 3, 28, 42, 276 }, // U+2079
    { 8, 19, 154, 4, 29, 38, 318 }, // U+207D
    { 9, 19, 154, 1, 29, 43, 356 }, // U+207E
    { 14, 12, 211, 2, 26, 42, 399 }, // U+207F
    { 12, 14, 195, -2, 8, 42, 441 }, // U+2080
    { 9, 14, 195, -1, 8, 32, 483 }, // U+2081
    { 11, 13, 195, -2, 7, 36, 515 }, // U+2082
    { 11, 14, 195, -2, 8, 39, 551 }, // U+2083
    { 12, 14, 195, -2, 8, 42, 590 }, // U+2084
    { 12, 14, 195, -2, 8, 42, 632 }, // U+2085
    { 12, 14, 195, -2, 8, 42, 674 }, // U+2086
    { 13, 13, 195, -2, 7, 43, 716 }, // U+2087
    { 11, 14, 195, -1, 8, 39, 759 }, // U+2088
    { 12, 15, 195, -2, 8, 45, 798 }, // U+2089
    { 9, 19, 154, -1, 9, 43, 843 }, // U+208D
    { 9, 19, 154, -3, 9, 43, 886 }, // U+208E
    { 18, 30, 288, 1, 26, 135, 0 }, // U+20A1
    { 17, 22, 288, 0, 22, 94, 135 }, // U+20A4
    { 22, 21, 288, -2, 21, 116, 229 }, // U+20A6
    { 21, 22, 288, -1, 22, 116, 345 }, // U+20A7
    { 21, 22, 288, 0, 22, 116, 461 }, // U+20A9
    { 20, 24, 288, -1, 24, 120, 577 }, // U+20AB
    { 20, 22, 288, -1, 22, 110, 697 }, // U+20AC
    { 19, 22, 288, 1, 22, 105, 807 }, // U+20AE
    { 21, 22, 288, -1, 22, 116, 912 }, // U+20B1
    { 18, 29, 288, 0, 26, 131, 1028 }, // U+20B2
    { 18, 22, 288, 0, 22, 99, 1159 }, // U+20B4
    { 18, 30, 288, 1, 26, 135, 1258 }, // U+20B5
    { 19, 22, 288, 1, 22, 105, 1393 }, // U+20B8
    { 16, 21, 288, 2, 21, 84, 1498 }, // U+20B9
    { 18, 22, 288, 0, 22, 99, 1582 }, // U+20BA
    { 20, 22, 288, -1, 22, 110, 1681 }, // U+20BD
    { 19, 29, 288, -1, 25, 138, 1791 }, // U+20BF
    { 22, 21, 348, -1, 20, 116, 0 }, // U+2190
    { 22, 21, 348, -1, 20, 116, 116 }, // U+2191
    { 22, 21, 348, -1, 20, 116, 232 }, // U+2192
    { 22, 21, 348, -1, 20, 116, 348 }, // U+2193
    { 17, 18, 348, 2, 18, 77, 464 }, // U+2196
    { 18, 18, 348, 1, 18, 81, 541 }, // U+2197
    { 18, 17, 348, 1, 19, 77, 622 }, // U+2198
    { 17, 17, 348, 2, 19, 73, 699 }, // U+2199
    { 18, 22, 297, 0, 22, 99, 0 }, // U+2202
    { 19, 22, 318, -1, 22, 105, 99 }, // U+2206
    { 23, 26, 410, 2, 22, 150, 204 }, // U+220F
    { 18, 26, 323, 1, 22, 117, 354 }, // U+2211
    { 16, 4, 287, 1, 13, 16, 471 }, // U+2212
    { 18, 23, 92, -6, 22, 104, 487 }, // U+2215
    { 7, 6, 164, 2, 14, 11, 591 }, // U+2219
    { 21, 30, 303, 1, 26, 158, 602 }, // U+221A
    { 23, 13, 427, 2, 17, 75, 760 }, // U+221E
    { 22, 33, 214, -5, 25, 182, 835 }, // U+222B
    { 16, 14, 287, 1, 19, 56, 1017 }, // U+2248
    { 16, 20, 287, 1, 21, 80, 1073 }, // U+2260
    { 16, 19, 287, 1, 19, 76, 1153 }, // U+2264
    { 16, 19, 287, 1, 19, 76, 1229 }, // U+2265
    { 33, 33, 337, -6, 25, 273, 0 }, // U+FB00
    { 26, 33, 320, -6, 25, 215, 273 }, // U+FB01
    { 27, 33, 324, -6, 25, 223, 488 }, // U+FB02
    { 36, 33, 476, -6, 25, 297, 711 }, // U+FB03
    { 37, 33, 480, -6, 25, 306, 1008 }, // U+FB04
};

static const EpdUnicodeInterval sourceserif4_16_bolditalicIntervals[] = {
    { 0x20, 0x7E, 0x0 },
    { 0xA0, 0x12B, 0x5F },
    { 0x12E, 0x131, 0xEB },
    { 0x134, 0x165, 0xEF },
    { 0x168, 0x17F, 0x121 },
    { 0x1A0, 0x1A1, 0x139 },
    { 0x1AF, 0x1B0, 0x13B },
    { 0x1CD, 0x1DC, 0x13D },
    { 0x1E6, 0x1E7, 0x14D },
    { 0x1F8, 0x1F9, 0x14F },
    { 0x218, 0x21B, 0x151 },
    { 0x300, 0x304, 0x155 },
    { 0x306, 0x30C, 0x15A },
    { 0x31B, 0x31B, 0x161 },
    { 0x323, 0x324, 0x162 },
    { 0x326, 0x329, 0x164 },
    { 0x32E, 0x32E, 0x168 },
    { 0x331, 0x331, 0x169 },
    { 0x400, 0x45F, 0x16A },
    { 0x462, 0x463, 0x1CA },
    { 0x472, 0x475, 0x1CC },
    { 0x490, 0x493, 0x1D0 },
    { 0x496, 0x49B, 0x1D4 },
    { 0x4A0, 0x4A3, 0x1DA },
    { 0x4AA, 0x4AB, 0x1DE },
    { 0x4AE, 0x4B3, 0x1E0 },
    { 0x4B6, 0x4B7, 0x1E6 },
    { 0x4BA, 0x4BB, 0x1E8 },
    { 0x4C0, 0x4C2, 0x1EA },
    { 0x4CF, 0x4D1, 0x1ED },
    { 0x4D4, 0x4D9, 0x1F0 },
    { 0x4E2, 0x4E3, 0x1F6 },
    { 0x4E6, 0x4E9, 0x1F8 },
    { 0x4EE, 0x4EF, 0x1FC },
    { 0x4F2, 0x4F3, 0x1FE },
    { 0x1EA0, 0x1EF9, 0x200 },
    { 0x2002, 0x2007, 0x25A },
    { 0x2009, 0x200B, 0x260 },
    { 0x2010, 0x2010, 0x263 },
    { 0x2012, 0x2015, 0x264 },
    { 0x2018, 0x201A, 0x268 },
    { 0x201C, 0x201E, 0x26B },
    { 0x2020, 0x2022, 0x26E },
    { 0x2025, 0x2026, 0x271 },
    { 0x202F, 0x2030, 0x273 },
    { 0x2032, 0x2033, 0x275 },
    { 0x2039, 0x203A, 0x277 },
    { 0x203C, 0x203C, 0x279 },
    { 0x2044, 0x2044, 0x27A },
    { 0x2047, 0x2049, 0x27B },
    { 0x2070, 0x2071, 0x27E },
    { 0x2074, 0x2079, 0x280 },
    { 0x207D, 0x2089, 0x286 },
    { 0x208D, 0x208E, 0x293 },
    { 0x20A1, 0x20A1, 0x295 },
    { 0x20A4, 0x20A4, 0x296 },
    { 0x20A6, 0x20A7, 0x297 },
    { 0x20A9, 0x20A9, 0x299 },
    { 0x20AB, 0x20AC, 0x29A },
    { 0x20AE, 0x20AE, 0x29C },
    { 0x20B1, 0x20B2, 0x29D },
    { 0x20B4, 0x20B5, 0x29F },
    { 0x20B8, 0x20BA, 0x2A1 },
    { 0x20BD, 0x20BD, 0x2A4 },
    { 0x20BF, 0x20BF, 0x2A5 },
    { 0x2190, 0x2193, 0x2A6 },
    { 0x2196, 0x2199, 0x2AA },
    { 0x2202, 0x2202, 0x2AE },
    { 0x2206, 0x2206, 0x2AF },
    { 0x220F, 0x220F, 0x2B0 },
    { 0x2211, 0x2212, 0x2B1 },
    { 0x2215, 0x2215, 0x2B3 },
    { 0x2219, 0x221A, 0x2B4 },
    { 0x221E, 0x221E, 0x2B6 },
    { 0x222B, 0x222B, 0x2B7 },
    { 0x2248, 0x2248, 0x2B8 },
    { 0x2260, 0x2260, 0x2B9 },
    { 0x2264, 0x2265, 0x2BA },
    { 0xFB00, 0xFB04, 0x2BC },
};

static const EpdFontGroup sourceserif4_16_bolditalicGroups[] = {
    { 0, 4647, 10048, 95, 0 },
    { 4647, 3899, 11667, 96, 95 },
    { 8546, 5105, 18447, 122, 191 },
    { 13651, 1589, 4532, 28, 313 },
    { 15240, 277, 376, 21, 341 },
    { 15517, 7292, 21390, 150, 362 },
    { 22809, 2914, 15423, 90, 512 },
    { 25723, 908, 1787, 36, 602 },
    { 26631, 638, 1015, 23, 638 },
    { 27269, 1099, 2086, 17, 661 },
    { 28368, 393, 854, 8, 678 },
    { 28761, 631, 1393, 14, 686 },
    { 29392, 532, 1386, 5, 700 },
};

static const EpdKernClassEntry sourceserif4_16_bolditalicKernLeftClasses[] = {
    { 0x0022, 1 }, // "
    { 0x0023, 2 }, // #
    { 0x0026, 3 }, // &
    { 0x0027, 1 }, // '
    { 0x0028, 4 }, // (
    { 0x0029, 5 }, // )
    { 0x002A, 6 }, // *
    { 0x002B, 7 }, // +
    { 0x002C, 8 }, // ,
    { 0x002E, 8 }, // .
    { 0x002F, 9 }, // /
    { 0x0030, 10 }, // 0
    { 0x0031, 11 }, // 1
    { 0x0032, 12 }, // 2
    { 0x0033, 13 }, // 3
    { 0x0034, 14 }, // 4
    { 0x0035, 15 }, // 5
    { 0x0036, 16 }, // 6
    { 0x0037, 17 }, // 7
    { 0x0038, 13 }, // 8
    { 0x0039, 18 }, // 9
    { 0x003A, 19 }, // :
    { 0x003B, 19 }, // ;
    { 0x003D, 20 }, // =
    { 0x003E, 7 }, // >
    { 0x003F, 21 }, // ?
    { 0x0040, 22 }, // @
    { 0x0041, 23 }, // A
    { 0x0042, 24 }, // B
    { 0x0043, 25 }, // C
    { 0x0044, 26 }, // D
    { 0x0045, 27 }, // E
    { 0x0046, 28 }, // F
    { 0x0047, 29 }, // G
    { 0x0048, 30 }, // H
    { 0x0049, 30 }, // I
    { 0x004A, 31 }, // J
    { 0x004B, 32 }, // K
    { 0x004C, 33 }, // L
    { 0x004D, 30 }, // M
    { 0x004E, 34 }, // N
    { 0x004F, 35 }, // O
    { 0x0050, 36 }, // P
    { 0x0051, 35 }, // Q
    { 0x0052, 37 }, // R
    { 0x0053, 38 }, // S
    { 0x0054, 39 }, // T
    { 0x0055, 40 }, // U
    { 0x0056, 41 }, // V
    { 0x0057, 42 }, // W
    { 0x0058, 43 }, // X
    { 0x0059, 44 }, // Y
    { 0x005A, 45 }, // Z
    { 0x005B, 4 }, // [
    { 0x005C, 46 }, // <backslash>
    { 0x005D, 5 }, // ]
    { 0x005F, 47 }, // _
    { 0x0061, 48 }, // a
    { 0x0062, 49 }, // b
    { 0x0063, 50 }, // c
    { 0x0064, 51 }, // d
    { 0x0065, 52 }, // e
    { 0x0066, 53 }, // f
    { 0x0067, 54 }, // g
    { 0x0068, 55 }, // h
    { 0x0069, 56 }, // i
    { 0x006A, 57 }, // j
    { 0x006B, 58 }, // k
    { 0x006C, 51 }, // l
    { 0x006D, 55 }, // m
    { 0x006E, 55 }, // n
    { 0x006F, 59 }, // o
    { 0x0070, 49 }, // p
    { 0x0071, 60 }, // q
    { 0x0072, 61 }, // r
    { 0x0073, 62 }, // s
    { 0x0074, 63 }, // t
    { 0x0075, 64 }, // u
    { 0x0076, 65 }, // v
    { 0x0077, 65 }, // w
    { 0x0078, 66 }, // x
    { 0x0079, 65 }, // y
    { 0x007A, 67 }, // z
    { 0x007B, 4 }, // {
    { 0x007C, 68 }, // |
    { 0x007D, 5 }, // }
    { 0x007E, 7 }, // ~
    { 0x00A1, 69 }, // U+00A1
    { 0x00A2, 70 }, // U+00A2
    { 0x00A6, 68 }, // U+00A6
    { 0x00A9, 71 }, // U+00A9
    { 0x00AB, 72 }, // U+00AB
    { 0x00AC, 20 }, // U+00AC
    { 0x00AD, 73 }, // U+00AD
    { 0x00AE, 6 }, // U+00AE
    { 0x00B1, 74 }, // U+00B1
    { 0x00B5, 75 }, // U+00B5
    { 0x00B7, 76 }, // U+00B7
    { 0x00BB, 77 }, // U+00BB
    { 0x00BF, 78 }, // U+00BF
    { 0x00C0, 23 }, // U+00C0
    { 0x00C1, 23 }, // U+00C1
    { 0x00C2, 23 }, // U+00C2
    { 0x00C3, 23 }, // U+00C3
    { 0x00C4, 23 }, // U+00C4
    { 0x00C5, 23 }, // U+00C5
    { 0x00C6, 27 }, // U+00C6
    { 0x00C7, 25 }, // U+00C7
    { 0x00C8, 27 }, // U+00C8
    { 0x00C9, 27 }, // U+00C9
    { 0x00CA, 27 }, // U+00CA
    { 0x00CB, 27 }, // U+00CB
    { 0x00CC, 30 }, // U+00CC
    { 0x00CD, 30 }, // U+00CD
    { 0x00CE, 30 }, // U+00CE
    { 0x00CF, 30 }, // U+00CF
    { 0x00D0, 26 }, // U+00D0
    { 0x00D1, 34 }, // U+00D1
    { 0x00D2, 35 }, // U+00D2
    { 0x00D3, 35 }, // U+00D3
    { 0x00D4, 35 }, // U+00D4
    { 0x00D5, 35 }, // U+00D5
    { 0x00D6, 35 }, // U+00D6
    { 0x00D8, 35 }, // U+00D8
    { 0x00D9, 40 }, // U+00D9
    { 0x00DA, 40 }, // U+00DA
    { 0x00DB, 40 }, // U+00DB
    { 0x00DC, 40 }, // U+00DC
    { 0x00DD, 44 }, // U+00DD
    { 0x00DE, 79 }, // U+00DE
    { 0x00DF, 80 }, // U+00DF
    { 0x00E0, 48 }, // U+00E0
    { 0x00E1, 48 }, // U+00E1
    { 0x00E2, 48 }, // U+00E2
    { 0x00E3, 48 }, // U+00E3
    { 0x00E4, 48 }, // U+00E4
    { 0x00E5, 48 }, // U+00E5
    { 0x00E6, 52 }, // U+00E6
    { 0x00E7, 50 }, // U+00E7
    { 0x00E8, 52 }, // U+00E8
    { 0x00E9, 52 }, // U+00E9
    { 0x00EA, 52 }, // U+00EA
    { 0x00EB, 52 }, // U+00EB
    { 0x00EC, 56 }, // U+00EC
    { 0x00ED, 56 }, // U+00ED
    { 0x00EE, 81 }, // U+00EE
    { 0x00EF, 81 }, // U+00EF
    { 0x00F0, 82 }, // U+00F0
    { 0x00F1, 55 }, // U+00F1
    { 0x00F2, 59 }, // U+00F2
    { 0x00F3, 59 }, // U+00F3
    { 0x00F4, 59 }, // U+00F4
    { 0x00F5, 59 }, // U+00F5
    { 0x00F6, 59 }, // U+00F6
    { 0x00F7, 7 }, // U+00F7
    { 0x00F8, 59 }, // U+00F8
    { 0x00F9, 64 }, // U+00F9
    { 0x00FA, 64 }, // U+00FA
    { 0x00FB, 64 }, // U+00FB
    { 0x00FC, 64 }, // U+00FC
    { 0x00FD, 65 }, // U+00FD
    { 0x00FE, 49 }, // U+00FE
    { 0x00FF, 65 }, // U+00FF
    { 0x0100, 23 }, // U+0100
    { 0x0101, 48 }, // U+0101
    { 0x0102, 23 }, // U+0102
    { 0x0103, 48 }, // U+0103
    { 0x0104, 83 }, // U+0104
    { 0x0105, 84 }, // U+0105
    { 0x0106, 25 }, // U+0106
    { 0x0107, 50 }, // U+0107
    { 0x0108, 25 }, // U+0108
    { 0x0109, 50 }, // U+0109
    { 0x010A, 25 }, // U+010A
    { 0x010B, 50 }, // U+010B
    { 0x010C, 25 }, // U+010C
    { 0x010D, 50 }, // U+010D
    { 0x010E, 26 }, // U+010E
    { 0x010F, 85 }, // U+010F
    { 0x0110, 26 }, // U+0110
    { 0x0111, 51 }, // U+0111
    { 0x0112, 27 }, // U+0112
    { 0x0113, 52 }, // U+0113
    { 0x0114, 27 }, // U+0114
    { 0x0115, 52 }, // U+0115
    { 0x0116, 27 }, // U+0116
    { 0x0117, 52 }, // U+0117
    { 0x0118, 27 }, // U+0118
    { 0x0119, 52 }, // U+0119
    { 0x011A, 27 }, // U+011A
    { 0x011B, 52 }, // U+011B
    { 0x011C, 29 }, // U+011C
    { 0x011D, 54 }, // U+011D
    { 0x011E, 29 }, // U+011E
    { 0x011F, 54 }, // U+011F
    { 0x0120, 29 }, // U+0120
    { 0x0121, 54 }, // U+0121
    { 0x0122, 29 }, // U+0122
    { 0x0123, 54 }, // U+0123
    { 0x0124, 30 }, // U+0124
    { 0x0125, 55 }, // U+0125
    { 0x0126, 30 }, // U+0126
    { 0x0127, 55 }, // U+0127
    { 0x0128, 30 }, // U+0128
    { 0x0129, 81 }, // U+0129
    { 0x012A, 30 }, // U+012A
    { 0x012B, 81 }, // U+012B
    { 0x012E, 30 }, // U+012E
    { 0x012F, 86 }, // U+012F
    { 0x0130, 30 }, // U+0130
    { 0x0131, 56 }, // U+0131
    { 0x0134, 31 }, // U+0134
    { 0x0135, 57 }, // U+0135
    { 0x0136, 32 }, // U+0136
    { 0x0137, 58 }, // U+0137
    { 0x0138, 58 }, // U+0138
    { 0x0139, 33 }, // U+0139
    { 0x013A, 51 }, // U+013A
    { 0x013B, 33 }, // U+013B
    { 0x013C, 51 }, // U+013C
    { 0x013D, 87 }, // U+013D
    { 0x013E, 85 }, // U+013E
    { 0x0141, 33 }, // U+0141
    { 0x0142, 88 }, // U+0142
    { 0x0143, 34 }, // U+0143
    { 0x0144, 55 }, // U+0144
    { 0x0145, 34 }, // U+0145
    { 0x0146, 55 }, // U+0146
    { 0x0147, 34 }, // U+0147
    { 0x0148, 55 }, // U+0148
    { 0x014A, 31 }, // U+014A
    { 0x014B, 57 }, // U+014B
    { 0x014C, 35 }, // U+014C
    { 0x014D, 59 }, // U+014D
    { 0x014E, 35 }, // U+014E
    { 0x014F, 59 }, // U+014F
    { 0x0150, 35 }, // U+0150
    { 0x0151, 59 }, // U+0151
    { 0x0152, 27 }, // U+0152
    { 0x0153, 52 }, // U+0153
    { 0x0154, 37 }, // U+0154
    { 0x0155, 61 }, // U+0155
    { 0x0156, 37 }, // U+0156
    { 0x0157, 61 }, // U+0157
    { 0x0158, 37 }, // U+0158
    { 0x0159, 61 }, // U+0159
    { 0x015A, 38 }, // U+015A
    { 0x015B, 62 }, // U+015B
    { 0x015C, 38 }, // U+015C
    { 0x015D, 62 }, // U+015D
    { 0x015E, 38 }, // U+015E
    { 0x015F, 62 }, // U+015F
    { 0x0160, 38 }, // U+0160
    { 0x0161, 62 }, // U+0161
    { 0x0162, 39 }, // U+0162
    { 0x0163, 63 }, // U+0163
    { 0x0164, 39 }, // U+0164
    { 0x0165, 89 }, // U+0165
    { 0x0168, 40 }, // U+0168
    { 0x0169, 64 }, // U+0169
    { 0x016A, 40 }, // U+016A
    { 0x016B, 64 }, // U+016B
    { 0x016C, 40 }, // U+016C
    { 0x016D, 64 }, // U+016D
    { 0x016E, 40 }, // U+016E
    { 0x016F, 64 }, // U+016F
    { 0x0170, 40 }, // U+0170
    { 0x0171, 64 }, // U+0171
    { 0x0172, 40 }, // U+0172
    { 0x0173, 90 }, // U+0173
    { 0x0174, 42 }, // U+0174
    { 0x0175, 65 }, // U+0175
    { 0x0176, 44 }, // U+0176
    { 0x0177, 65 }, // U+0177
    { 0x0178, 44 }, // U+0178
    { 0x0179, 45 }, // U+0179
    { 0x017A, 67 }, // U+017A
    { 0x017B, 45 }, // U+017B
    { 0x017C, 67 }, // U+017C
    { 0x017D, 45 }, // U+017D
    { 0x017E, 67 }, // U+017E
    { 0x017F, 53 }, // U+017F
    { 0x01A0, 91 }, // U+01A0
    { 0x01A1, 92 }, // U+01A1
    { 0x01AF, 93 }, // U+01AF
    { 0x01B0, 94 }, // U+01B0
    { 0x01CD, 23 }, // U+01CD
    { 0x01CE, 48 }, // U+01CE
    { 0x01CF, 30 }, // U+01CF
    { 0x01D0, 81 }, // U+01D0
    { 0x01D1, 35 }, // U+01D1
    { 0x01D2, 59 }, // U+01D2
    { 0x01D3, 40 }, // U+01D3
    { 0x01D4, 64 }, // U+01D4
    { 0x01D5, 40 }, // U+01D5
    { 0x01D6, 64 }, // U+01D6
    { 0x01D7, 40 }, // U+01D7
    { 0x01D8, 64 }, // U+01D8
    { 0x01D9, 40 }, // U+01D9
    { 0x01DA, 64 }, // U+01DA
    { 0x01DB, 40 }, // U+01DB
    { 0x01DC, 64 }, // U+01DC
    { 0x01E6, 29 }, // U+01E6
    { 0x01E7, 54 }, // U+01E7
    { 0x01F8, 34 }, // U+01F8
    { 0x01F9, 55 }, // U+01F9
    { 0x0218, 38 }, // U+0218
    { 0x0219, 62 }, // U+0219
    { 0x021A, 39 }, // U+021A
    { 0x021B, 63 }, // U+021B
    { 0x0400, 95 }, // U+0400
    { 0x0401, 95 }, // U+0401
    { 0x0402, 96 }, // U+0402
    { 0x0403, 97 }, // U+0403
    { 0x0404, 98 }, // U+0404
    { 0x0405, 99 }, // U+0405
    { 0x0406, 100 }, // U+0406
    { 0x0407, 100 }, // U+0407
    { 0x0408, 101 }, // U+0408
    { 0x0409, 102 }, // U+0409
    { 0x040A, 102 }, // U+040A
    { 0x040B, 103 }, // U+040B
    { 0x040C, 104 }, // U+040C
    { 0x040D, 100 }, // U+040D
    { 0x040E, 105 }, // U+040E
    { 0x040F, 100 }, // U+040F
    { 0x0410, 106 }, // U+0410
    { 0x0411, 107 }, // U+0411
    { 0x0412, 107 }, // U+0412
    { 0x0413, 97 }, // U+0413
    { 0x0414, 108 }, // U+0414
    { 0x0415, 95 }, // U+0415
    { 0x0416, 104 }, // U+0416
    { 0x0417, 107 }, // U+0417
    { 0x0418, 100 }, // U+0418
    { 0x0419, 100 }, // U+0419
    { 0x041A, 104 }, // U+041A
    { 0x041B, 100 }, // U+041B
    { 0x041C, 100 }, // U+041C
    { 0x041D, 100 }, // U+041D
    { 0x041E, 109 }, // U+041E
    { 0x041F, 100 }, // U+041F
    { 0x0420, 110 }, // U+0420
    { 0x0421, 98 }, // U+0421
    { 0x0422, 111 }, // U+0422
    { 0x0423, 105 }, // U+0423
    { 0x0424, 112 }, // U+0424
    { 0x0425, 104 }, // U+0425
    { 0x0426, 108 }, // U+0426
    { 0x0427, 100 }, // U+0427
    { 0x0428, 100 }, // U+0428
    { 0x0429, 108 }, // U+0429
    { 0x042A, 102 }, // U+042A
    { 0x042B, 100 }, // U+042B
    { 0x042C, 102 }, // U+042C
    { 0x042D, 109 }, // U+042D
    { 0x042E, 109 }, // U+042E
    { 0x042F, 100 }, // U+042F
    { 0x0430, 113 }, // U+0430
    { 0x0431, 114 }, // U+0431
    { 0x0432, 115 }, // U+0432
    { 0x0433, 116 }, // U+0433
    { 0x0434, 117 }, // U+0434
    { 0x0435, 118 }, // U+0435
    { 0x0436, 119 }, // U+0436
    { 0x0437, 115 }, // U+0437
    { 0x0438, 120 }, // U+0438
    { 0x0439, 120 }, // U+0439
    { 0x043A, 121 }, // U+043A
    { 0x043B, 120 }, // U+043B
    { 0x043C, 120 }, // U+043C
    { 0x043D, 120 }, // U+043D
    { 0x043E, 122 }, // U+043E
    { 0x043F, 123 }, // U+043F
    { 0x0440, 124 }, // U+0440
    { 0x0441, 125 }, // U+0441
    { 0x0442, 123 }, // U+0442
    { 0x0443, 126 }, // U+0443
    { 0x0444, 124 }, // U+0444
    { 0x0445, 127 }, // U+0445
    { 0x0446, 128 }, // U+0446
    { 0x0447, 120 }, // U+0447
    { 0x0448, 120 }, // U+0448
    { 0x0449, 128 }, // U+0449
    { 0x044A, 129 }, // U+044A
    { 0x044B, 120 }, // U+044B
    { 0x044C, 129 }, // U+044C
    { 0x044D, 122 }, // U+044D
    { 0x044E, 122 }, // U+044E
    { 0x044F, 120 }, // U+044F
    { 0x0450, 118 }, // U+0450
    { 0x0451, 118 }, // U+0451
    { 0x0452, 130 }, // U+0452
    { 0x0453, 116 }, // U+0453
    { 0x0454, 125 }, // U+0454
    { 0x0455, 131 }, // U+0455
    { 0x0456, 132 }, // U+0456
    { 0x0457, 133 }, // U+0457
    { 0x0458, 134 }, // U+0458
    { 0x0459, 129 }, // U+0459
    { 0x045A, 129 }, // U+045A
    { 0x045B, 123 }, // U+045B
    { 0x045C, 121 }, // U+045C
    { 0x045D, 120 }, // U+045D
    { 0x045E, 126 }, // U+045E
    { 0x045F, 120 }, // U+045F
    { 0x0462, 135 }, // U+0462
    { 0x0463, 129 }, // U+0463
    { 0x0472, 109 }, // U+0472
    { 0x0473, 122 }, // U+0473
    { 0x0474, 105 }, // U+0474
    { 0x0475, 136 }, // U+0475
    { 0x0490, 137 }, // U+0490
    { 0x0491, 138 }, // U+0491
    { 0x0492, 97 }, // U+0492
    { 0x0493, 116 }, // U+0493
    { 0x0496, 139 }, // U+0496
    { 0x0497, 119 }, // U+0497
    { 0x0498, 107 }, // U+0498
    { 0x0499, 115 }, // U+0499
    { 0x049A, 139 }, // U+049A
    { 0x049B, 121 }, // U+049B
    { 0x04A0, 104 }, // U+04A0
    { 0x04A1, 121 }, // U+04A1
    { 0x04A2, 108 }, // U+04A2
    { 0x04A3, 128 }, // U+04A3
    { 0x04AA, 98 }, // U+04AA
    { 0x04AB, 125 }, // U+04AB
    { 0x04AE, 140 }, // U+04AE
    { 0x04AF, 126 }, // U+04AF
    { 0x04B0, 140 }, // U+04B0
    { 0x04B1, 126 }, // U+04B1
    { 0x04B2, 139 }, // U+04B2
    { 0x04B3, 127 }, // U+04B3
    { 0x04B6, 108 }, // U+04B6
    { 0x04B7, 128 }, // U+04B7
    { 0x04BA, 141 }, // U+04BA
    { 0x04BB, 123 }, // U+04BB
    { 0x04C0, 100 }, // U+04C0
    { 0x04C1, 104 }, // U+04C1
    { 0x04C2, 119 }, // U+04C2
    { 0x04CF, 142 }, // U+04CF
    { 0x04D0, 106 }, // U+04D0
    { 0x04D1, 113 }, // U+04D1
    { 0x04D4, 95 }, // U+04D4
    { 0x04D5, 118 }, // U+04D5
    { 0x04D6, 95 }, // U+04D6
    { 0x04D7, 118 }, // U+04D7
    { 0x04D8, 109 }, // U+04D8
    { 0x04D9, 122 }, // U+04D9
    { 0x04E2, 100 }, // U+04E2
    { 0x04E3, 120 }, // U+04E3
    { 0x04E6, 109 }, // U+04E6
    { 0x04E7, 122 }, // U+04E7
    { 0x04E8, 109 }, // U+04E8
    { 0x04E9, 122 }, // U+04E9
    { 0x04EE, 105 }, // U+04EE
    { 0x04EF, 126 }, // U+04EF
    { 0x04F2, 105 }, // U+04F2
    { 0x04F3, 126 }, // U+04F3
    { 0x1EA0, 23 }, // U+1EA0
    { 0x1EA1, 48 }, // U+1EA1
    { 0x1EA2, 23 }, // U+1EA2
    { 0x1EA3, 48 }, // U+1EA3
    { 0x1EA4, 23 }, // U+1EA4
    { 0x1EA5, 48 }, // U+1EA5
    { 0x1EA6, 23 }, // U+1EA6
    { 0x1EA7, 48 }, // U+1EA7
    { 0x1EA8, 23 }, // U+1EA8
    { 0x1EA9, 48 }, // U+1EA9
    { 0x1EAA, 23 }, // U+1EAA
    { 0x1EAB, 48 }, // U+1EAB
    { 0x1EAC, 23 }, // U+1EAC
    { 0x1EAD, 48 }, // U+1EAD
    { 0x1EAE, 23 }, // U+1EAE
    { 0x1EAF, 48 }, // U+1EAF
    { 0x1EB0, 23 }, // U+1EB0
    { 0x1EB1, 48 }, // U+1EB1
    { 0x1EB2, 23 }, // U+1EB2
    { 0x1EB3, 48 }, // U+1EB3
    { 0x1EB4, 23 }, // U+1EB4
    { 0x1EB5, 48 }, // U+1EB5
    { 0x1EB6, 23 }, // U+1EB6
    { 0x1EB7, 48 }, // U+1EB7
    { 0x1EB8, 27 }, // U+1EB8
    { 0x1EB9, 52 }, // U+1EB9
    { 0x1EBA, 27 }, // U+1EBA
    { 0x1EBB, 52 }, // U+1EBB
    { 0x1EBC, 27 }, // U+1EBC
    { 0x1EBD, 52 }, // U+1EBD
    { 0x1EBE, 27 }, // U+1EBE
    { 0x1EBF, 52 }, // U+1EBF
    { 0x1EC0, 27 }, // U+1EC0
    { 0x1EC1, 52 }, // U+1EC1
    { 0x1EC2, 27 }, // U+1EC2
    { 0x1EC3, 52 }, // U+1EC3
    { 0x1EC4, 27 }, // U+1EC4
    { 0x1EC5, 52 }, // U+1EC5
    { 0x1EC6, 27 }, // U+1EC6
    { 0x1EC7, 52 }, // U+1EC7
    { 0x1EC8, 30 }, // U+1EC8
    { 0x1EC9, 56 }, // U+1EC9
    { 0x1ECA, 30 }, // U+1ECA
    { 0x1ECB, 56 }, // U+1ECB
    { 0x1ECC, 35 }, // U+1ECC
    { 0x1ECD, 59 }, // U+1ECD
    { 0x1ECE, 35 }, // U+1ECE
    { 0x1ECF, 59 }, // U+1ECF
    { 0x1ED0, 35 }, // U+1ED0
    { 0x1ED1, 59 }, // U+1ED1
    { 0x1ED2, 35 }, // U+1ED2
    { 0x1ED3, 59 }, // U+1ED3
    { 0x1ED4, 35 }, // U+1ED4
    { 0x1ED5, 59 }, // U+1ED5
    { 0x1ED6, 35 }, // U+1ED6
    { 0x1ED7, 59 }, // U+1ED7
    { 0x1ED8, 35 }, // U+1ED8
    { 0x1ED9, 59 }, // U+1ED9
    { 0x1EDA, 35 }, // U+1EDA
    { 0x1EDB, 92 }, // U+1EDB
    { 0x1EDC, 35 }, // U+1EDC
    { 0x1EDD, 92 }, // U+1EDD
    { 0x1EDE, 35 }, // U+1EDE
    { 0x1EDF, 92 }, // U+1EDF
    { 0x1EE0, 35 }, // U+1EE0
    { 0x1EE1, 92 }, // U+1EE1
    { 0x1EE2, 35 }, // U+1EE2
    { 0x1EE3, 92 }, // U+1EE3
    { 0x1EE4, 40 }, // U+1EE4
    { 0x1EE5, 64 }, // U+1EE5
    { 0x1EE6, 40 }, // U+1EE6
    { 0x1EE7, 64 }, // U+1EE7
    { 0x1EE8, 93 }, // U+1EE8
    { 0x1EE9, 94 }, // U+1EE9
    { 0x1EEA, 93 }, // U+1EEA
    { 0x1EEB, 94 }, // U+1EEB
    { 0x1EEC, 93 }, // U+1EEC
    { 0x1EED, 94 }, // U+1EED
    { 0x1EEE, 93 }, // U+1EEE
    { 0x1EEF, 94 }, // U+1EEF
    { 0x1EF0, 93 }, // U+1EF0
    { 0x1EF1, 94 }, // U+1EF1
    { 0x1EF2, 44 }, // U+1EF2
    { 0x1EF3, 65 }, // U+1EF3
    { 0x1EF4, 44 }, // U+1EF4
    { 0x1EF5, 65 }, // U+1EF5
    { 0x1EF6, 44 }, // U+1EF6
    { 0x1EF7, 65 }, // U+1EF7
    { 0x1EF8, 44 }, // U+1EF8
    { 0x1EF9, 65 }, // U+1EF9
    { 0x2012, 73 }, // U+2012
    { 0x2013, 73 }, // U+2013
    { 0x2014, 73 }, // U+2014
    { 0x2015, 73 }, // U+2015
    { 0x2018, 143 }, // U+2018
    { 0x2019, 144 }, // U+2019
    { 0x201A, 8 }, // U+201A
    { 0x201C, 143 }, // U+201C
    { 0x201D, 144 }, // U+201D
    { 0x201E, 8 }, // U+201E
    { 0x2020, 145 }, // U+2020
    { 0x2022, 76 }, // U+2022
    { 0x2026, 8 }, // U+2026
    { 0x2039, 72 }, // U+2039
    { 0x203A, 77 }, // U+203A
    { 0x2206, 146 }, // U+2206
    { 0x2212, 7 }, // U+2212
    { 0x2219, 76 }, // U+2219
    { 0x2248, 20 }, // U+2248
    { 0x2260, 20 }, // U+2260
    { 0xFB00, 53 }, // U+FB00
    { 0xFB01, 56 }, // U+FB01
    { 0xFB02, 51 }, // U+FB02
    { 0xFB03, 56 }, // U+FB03
    { 0xFB04, 51 }, // U+FB04
};

static const EpdKernClassEntry sourceserif4_16_bolditalicKernRightClasses[] = {
    { 0x0021, 1 }, // !
    { 0x0022, 2 }, // "
    { 0x0023, 3 }, // #
    { 0x0025, 4 }, // %
    { 0x0027, 2 }, // '
    { 0x0028, 5 }, // (
    { 0x0029, 6 }, // )
    { 0x002A, 7 }, // *
    { 0x002B, 8 }, // +
    { 0x002C, 9 }, // ,
    { 0x002E, 9 }, // .
    { 0x002F, 10 }, // /
    { 0x0030, 11 }, // 0
    { 0x0031, 12 }, // 1
    { 0x0032, 13 }, // 2
    { 0x0033, 14 }, // 3
    { 0x0034, 15 }, // 4
    { 0x0035, 16 }, // 5
    { 0x0036, 17 }, // 6
    { 0x0037, 18 }, // 7
    { 0x0038, 19 }, // 8
    { 0x0039, 20 }, // 9
    { 0x003A, 21 }, // :
    { 0x003B, 21 }, // ;
    { 0x003C, 8 }, // <
    { 0x003D, 22 }, // =
    { 0x003F, 23 }, // ?
    { 0x0040, 24 }, // @
    { 0x0041, 25 }, // A
    { 0x0042, 26 }, // B
    { 0x0043, 27 }, // C
    { 0x0044, 26 }, // D
    { 0x0045, 26 }, // E
    { 0x0046, 26 }, // F
    { 0x0047, 27 }, // G
    { 0x0048, 26 }, // H
    { 0x0049, 26 }, // I
    { 0x004A, 28 }, // J
    { 0x004B, 26 }, // K
    { 0x004C, 26 }, // L
    { 0x004D, 29 }, // M
    { 0x004E, 29 }, // N
    { 0x004F, 27 }, // O
    { 0x0050, 26 }, // P
    { 0x0051, 27 }, // Q
    { 0x0052, 26 }, // R
    { 0x0053, 30 }, // S
    { 0x0054, 31 }, // T
    { 0x0055, 32 }, // U
    { 0x0056, 33 }, // V
    { 0x0057, 34 }, // W
    { 0x0058, 35 }, // X
    { 0x0059, 36 }, // Y
    { 0x005A, 37 }, // Z
    { 0x005B, 5 }, // [
    { 0x005C, 38 }, // <backslash>
    { 0x005D, 6 }, // ]
    { 0x005F, 39 }, // _
    { 0x0061, 40 }, // a
    { 0x0062, 41 }, // b
    { 0x0063, 42 }, // c
    { 0x0064, 40 }, // d
    { 0x0065, 42 }, // e
    { 0x0066, 43 }, // f
    { 0x0067, 44 }, // g
    { 0x0068, 41 }, // h
    { 0x0069, 45 }, // i
    { 0x006A, 46 }, // j
    { 0x006B, 41 }, // k
    { 0x006C, 41 }, // l
    { 0x006D, 47 }, // m
    { 0x006E, 47 }, // n
    { 0x006F, 42 }, // o
    { 0x0070, 48 }, // p
    { 0x0071, 40 }, // q
    { 0x0072, 47 }, // r
    { 0x0073, 49 }, // s
    { 0x0074, 50 }, // t
    { 0x0075, 51 }, // u
    { 0x0076, 52 }, // v
    { 0x0077, 52 }, // w
    { 0x0078, 53 }, // x
    { 0x0079, 54 }, // y
    { 0x007A, 55 }, // z
    { 0x007B, 5 }, // {
    { 0x007C, 56 }, // |
    { 0x007D, 6 }, // }
    { 0x007E, 8 }, // ~
    { 0x00A1, 57 }, // U+00A1
    { 0x00A2, 58 }, // U+00A2
    { 0x00A6, 56 }, // U+00A6
    { 0x00A9, 59 }, // U+00A9
    { 0x00AA, 60 }, // U+00AA
    { 0x00AB, 61 }, // U+00AB
    { 0x00AC, 8 }, // U+00AC
    { 0x00AD, 62 }, // U+00AD
    { 0x00AE, 7 }, // U+00AE
    { 0x00B0, 63 }, // U+00B0
    { 0x00B2, 64 }, // U+00B2
    { 0x00B3, 64 }, // U+00B3
    { 0x00B5, 65 }, // U+00B5
    { 0x00B7, 66 }, // U+00B7
    { 0x00B9, 64 }, // U+00B9
    { 0x00BA, 60 }, // U+00BA
    { 0x00BB, 67 }, // U+00BB
    { 0x00BC, 4 }, // U+00BC
    { 0x00BD, 4 }, // U+00BD
    { 0x00BE, 4 }, // U+00BE
    { 0x00BF, 68 }, // U+00BF
    { 0x00C0, 25 }, // U+00C0
    { 0x00C1, 25 }, // U+00C1
    { 0x00C2, 25 }, // U+00C2
    { 0x00C3, 25 }, // U+00C3
    { 0x00C4, 25 }, // U+00C4
    { 0x00C5, 25 }, // U+00C5
    { 0x00C6, 69 }, // U+00C6
    { 0x00C7, 27 }, // U+00C7
    { 0x00C8, 26 }, // U+00C8
    { 0x00C9, 26 }, // U+00C9
    { 0x00CA, 26 }, // U+00CA
    { 0x00CB, 26 }, // U+00CB
    { 0x00CC, 26 }, // U+00CC
    { 0x00CD, 26 }, // U+00CD
    { 0x00CE, 26 }, // U+00CE
    { 0x00CF, 26 }, // U+00CF
    { 0x00D0, 26 }, // U+00D0
    { 0x00D1, 29 }, // U+00D1
    { 0x00D2, 27 }, // U+00D2
    { 0x00D3, 27 }, // U+00D3
    { 0x00D4, 27 }, // U+00D4
    { 0x00D5, 27 }, // U+00D5
    { 0x00D6, 27 }, // U+00D6
    { 0x00D8, 27 }, // U+00D8
    { 0x00D9, 32 }, // U+00D9
    { 0x00DA, 32 }, // U+00DA
    { 0x00DB, 32 }, // U+00DB
    { 0x00DC, 32 }, // U+00DC
    { 0x00DD, 36 }, // U+00DD
    { 0x00DE, 26 }, // U+00DE
    { 0x00DF, 70 }, // U+00DF
    { 0x00E0, 40 }, // U+00E0
    { 0x00E1, 40 }, // U+00E1
    { 0x00E2, 40 }, // U+00E2
    { 0x00E3, 71 }, // U+00E3
    { 0x00E4, 72 }, // U+00E4
    { 0x00E5, 40 }, // U+00E5
    { 0x00E6, 40 }, // U+00E6
    { 0x00E7, 42 }, // U+00E7
    { 0x00E8, 42 }, // U+00E8
    { 0x00E9, 42 }, // U+00E9
    { 0x00EA, 42 }, // U+00EA
    { 0x00EB, 42 }, // U+00EB
    { 0x00EC, 73 }, // U+00EC
    { 0x00ED, 45 }, // U+00ED
    { 0x00EE, 74 }, // U+00EE
    { 0x00EF, 74 }, // U+00EF
    { 0x00F0, 42 }, // U+00F0
    { 0x00F1, 47 }, // U+00F1
    { 0x00F2, 42 }, // U+00F2
    { 0x00F3, 42 }, // U+00F3
    { 0x00F4, 42 }, // U+00F4
    { 0x00F5, 42 }, // U+00F5
    { 0x00F6, 75 }, // U+00F6
    { 0x00F7, 8 }, // U+00F7
    { 0x00F8, 42 }, // U+00F8
    { 0x00F9, 51 }, // U+00F9
    { 0x00FA, 51 }, // U+00FA
    { 0x00FB, 51 }, // U+00FB
    { 0x00FC, 51 }, // U+00FC
    { 0x00FD, 54 }, // U+00FD
    { 0x00FE, 76 }, // U+00FE
    { 0x00FF, 54 }, // U+00FF
    { 0x0100, 25 }, // U+0100
    { 0x0101, 40 }, // U+0101
    { 0x0102, 25 }, // U+0102
    { 0x0103, 40 }, // U+0103
    { 0x0104, 25 }, // U+0104
    { 0x0105, 40 }, // U+0105
    { 0x0106, 27 }, // U+0106
    { 0x0107, 42 }, // U+0107
    { 0x0108, 27 }, // U+0108
    { 0x0109, 42 }, // U+0109
    { 0x010A, 27 }, // U+010A
    { 0x010B, 42 }, // U+010B
    { 0x010C, 27 }, // U+010C
    { 0x010D, 42 }, // U+010D
    { 0x010E, 26 }, // U+010E
    { 0x010F, 40 }, // U+010F
    { 0x0110, 26 }, // U+0110
    { 0x0111, 40 }, // U+0111
    { 0x0112, 26 }, // U+0112
    { 0x0113, 42 }, // U+0113
    { 0x0114, 26 }, // U+0114
    { 0x0115, 42 }, // U+0115
    { 0x0116, 26 }, // U+0116
    { 0x0117, 42 }, // U+0117
    { 0x0118, 26 }, // U+0118
    { 0x0119, 42 }, // U+0119
    { 0x011A, 26 }, // U+011A
    { 0x011B, 42 }, // U+011B
    { 0x011C, 27 }, // U+011C
    { 0x011D, 44 }, // U+011D
    { 0x011E, 27 }, // U+011E
    { 0x011F, 44 }, // U+011F
    { 0x0120, 27 }, // U+0120
    { 0x0121, 44 }, // U+0121
    { 0x0122, 27 }, // U+0122
    { 0x0123, 44 }, // U+0123
    { 0x0124, 26 }, // U+0124
    { 0x0125, 41 }, // U+0125
    { 0x0126, 26 }, // U+0126
    { 0x0127, 41 }, // U+0127
    { 0x0128, 26 }, // U+0128
    { 0x0129, 74 }, // U+0129
    { 0x012A, 26 }, // U+012A
    { 0x012B, 74 }, // U+012B
    { 0x012E, 26 }, // U+012E
    { 0x012F, 45 }, // U+012F
    { 0x0130, 26 }, // U+0130
    { 0x0131, 47 }, // U+0131
    { 0x0134, 28 }, // U+0134
    { 0x0135, 46 }, // U+0135
    { 0x0136, 26 }, // U+0136
    { 0x0137, 41 }, // U+0137
    { 0x0138, 47 }, // U+0138
    { 0x0139, 26 }, // U+0139
    { 0x013A, 41 }, // U+013A
    { 0x013B, 26 }, // U+013B
    { 0x013C, 41 }, // U+013C
    { 0x013D, 26 }, // U+013D
    { 0x013E, 41 }, // U+013E
    { 0x013F, 26 }, // U+013F
    { 0x0140, 41 }, // U+0140
    { 0x0141, 26 }, // U+0141
    { 0x0142, 41 }, // U+0142
    { 0x0143, 29 }, // U+0143
    { 0x0144, 47 }, // U+0144
    { 0x0145, 29 }, // U+0145
    { 0x0146, 47 }, // U+0146
    { 0x0147, 29 }, // U+0147
    { 0x0148, 47 }, // U+0148
    { 0x014A, 29 }, // U+014A
    { 0x014B, 47 }, // U+014B
    { 0x014C, 27 }, // U+014C
    { 0x014D, 42 }, // U+014D
    { 0x014E, 27 }, // U+014E
    { 0x014F, 42 }, // U+014F
    { 0x0150, 27 }, // U+0150
    { 0x0151, 42 }, // U+0151
    { 0x0152, 27 }, // U+0152
    { 0x0153, 42 }, // U+0153
    { 0x0154, 26 }, // U+0154
    { 0x0155, 47 }, // U+0155
    { 0x0156, 26 }, // U+0156
    { 0x0157, 47 }, // U+0157
    { 0x0158, 26 }, // U+0158
    { 0x0159, 47 }, // U+0159
    { 0x015A, 30 }, // U+015A
    { 0x015B, 49 }, // U+015B
    { 0x015C, 30 }, // U+015C
    { 0x015D, 49 }, // U+015D
    { 0x015E, 30 }, // U+015E
    { 0x015F, 49 }, // U+015F
    { 0x0160, 30 }, // U+0160
    { 0x0161, 77 }, // U+0161
    { 0x0162, 31 }, // U+0162
    { 0x0163, 50 }, // U+0163
    { 0x0164, 31 }, // U+0164
    { 0x0165, 50 }, // U+0165
    { 0x0168, 32 }, // U+0168
    { 0x0169, 51 }, // U+0169
    { 0x016A, 32 }, // U+016A
    { 0x016B, 51 }, // U+016B
    { 0x016C, 32 }, // U+016C
    { 0x016D, 51 }, // U+016D
    { 0x016E, 32 }, // U+016E
    { 0x016F, 51 }, // U+016F
    { 0x0170, 32 }, // U+0170
    { 0x0171, 51 }, // U+0171
    { 0x0172, 32 }, // U+0172
    { 0x0173, 51 }, // U+0173
    { 0x0174, 34 }, // U+0174
    { 0x0175, 52 }, // U+0175
    { 0x0176, 36 }, // U+0176
    { 0x0177, 54 }, // U+0177
    { 0x0178, 36 }, // U+0178
    { 0x0179, 37 }, // U+0179
    { 0x017A, 55 }, // U+017A
    { 0x017B, 37 }, // U+017B
    { 0x017C, 55 }, // U+017C
    { 0x017D, 37 }, // U+017D
    { 0x017E, 55 }, // U+017E
    { 0x017F, 70 }, // U+017F
    { 0x01A0, 27 }, // U+01A0
    { 0x01A1, 42 }, // U+01A1
    { 0x01AF, 32 }, // U+01AF
    { 0x01B0, 51 }, // U+01B0
    { 0x01CD, 25 }, // U+01CD
    { 0x01CE, 40 }, // U+01CE
    { 0x01CF, 26 }, // U+01CF
    { 0x01D0, 74 }, // U+01D0
    { 0x01D1, 27 }, // U+01D1
    { 0x01D2, 42 }, // U+01D2
    { 0x01D3, 32 }, // U+01D3
    { 0x01D4, 51 }, // U+01D4
    { 0x01D5, 32 }, // U+01D5
    { 0x01D6, 51 }, // U+01D6
    { 0x01D7, 32 }, // U+01D7
    { 0x01D8, 51 }, // U+01D8
    { 0x01D9, 32 }, // U+01D9
    { 0x01DA, 51 }, // U+01DA
    { 0x01DB, 32 }, // U+01DB
    { 0x01DC, 51 }, // U+01DC
    { 0x01E6, 27 }, // U+01E6
    { 0x01E7, 44 }, // U+01E7
    { 0x01F8, 29 }, // U+01F8
    { 0x01F9, 47 }, // U+01F9
    { 0x0218, 30 }, // U+0218
    { 0x0219, 49 }, // U+0219
    { 0x021A, 31 }, // U+021A
    { 0x021B, 50 }, // U+021B
    { 0x0400, 78 }, // U+0400
    { 0x0401, 78 }, // U+0401
    { 0x0402, 79 }, // U+0402
    { 0x0403, 78 }, // U+0403
    { 0x0404, 80 }, // U+0404
    { 0x0405, 81 }, // U+0405
    { 0x0406, 78 }, // U+0406
    { 0x0407, 78 }, // U+0407
    { 0x0408, 82 }, // U+0408
    { 0x0409, 83 }, // U+0409
    { 0x040A, 78 }, // U+040A
    { 0x040B, 79 }, // U+040B
    { 0x040C, 78 }, // U+040C
    { 0x040D, 78 }, // U+040D
    { 0x040E, 84 }, // U+040E
    { 0x040F, 78 }, // U+040F
    { 0x0410, 85 }, // U+0410
    { 0x0411, 78 }, // U+0411
    { 0x0412, 78 }, // U+0412
    { 0x0413, 78 }, // U+0413
    { 0x0414, 86 }, // U+0414
    { 0x0415, 78 }, // U+0415
    { 0x0416, 87 }, // U+0416
    { 0x0417, 88 }, // U+0417
    { 0x0418, 78 }, // U+0418
    { 0x0419, 78 }, // U+0419
    { 0x041A, 78 }, // U+041A
    { 0x041B, 83 }, // U+041B
    { 0x041C, 89 }, // U+041C
    { 0x041D, 78 }, // U+041D
    { 0x041E, 80 }, // U+041E
    { 0x041F, 78 }, // U+041F
    { 0x0420, 78 }, // U+0420
    { 0x0421, 80 }, // U+0421
    { 0x0422, 79 }, // U+0422
    { 0x0423, 84 }, // U+0423
    { 0x0424, 90 }, // U+0424
    { 0x0425, 87 }, // U+0425
    { 0x0426, 78 }, // U+0426
    { 0x0427, 91 }, // U+0427
    { 0x0428, 78 }, // U+0428
    { 0x0429, 78 }, // U+0429
    { 0x042A, 79 }, // U+042A
    { 0x042B, 78 }, // U+042B
    { 0x042C, 78 }, // U+042C
    { 0x042D, 88 }, // U+042D
    { 0x042E, 78 }, // U+042E
    { 0x042F, 92 }, // U+042F
    { 0x0430, 93 }, // U+0430
    { 0x0431, 94 }, // U+0431
    { 0x0432, 93 }, // U+0432
    { 0x0433, 95 }, // U+0433
    { 0x0434, 96 }, // U+0434
    { 0x0435, 97 }, // U+0435
    { 0x0436, 98 }, // U+0436
    { 0x0437, 99 }, // U+0437
    { 0x0438, 100 }, // U+0438
    { 0x0439, 100 }, // U+0439
    { 0x043A, 101 }, // U+043A
    { 0x043B, 102 }, // U+043B
    { 0x043C, 102 }, // U+043C
    { 0x043D, 101 }, // U+043D
    { 0x043E, 97 }, // U+043E
    { 0x043F, 101 }, // U+043F
    { 0x0440, 103 }, // U+0440
    { 0x0441, 97 }, // U+0441
    { 0x0442, 101 }, // U+0442
    { 0x0443, 104 }, // U+0443
    { 0x0444, 97 }, // U+0444
    { 0x0445, 105 }, // U+0445
    { 0x0446, 100 }, // U+0446
    { 0x0447, 106 }, // U+0447
    { 0x0448, 100 }, // U+0448
    { 0x0449, 100 }, // U+0449
    { 0x044A, 107 }, // U+044A
    { 0x044B, 100 }, // U+044B
    { 0x044C, 100 }, // U+044C
    { 0x044D, 99 }, // U+044D
    { 0x044E, 101 }, // U+044E
    { 0x044F, 108 }, // U+044F
    { 0x0450, 97 }, // U+0450
    { 0x0451, 97 }, // U+0451
    { 0x0452, 109 }, // U+0452
    { 0x0453, 95 }, // U+0453
    { 0x0454, 97 }, // U+0454
    { 0x0455, 110 }, // U+0455
    { 0x0456, 111 }, // U+0456
    { 0x0457, 112 }, // U+0457
    { 0x0458, 113 }, // U+0458
    { 0x0459, 102 }, // U+0459
    { 0x045A, 101 }, // U+045A
    { 0x045B, 109 }, // U+045B
    { 0x045C, 101 }, // U+045C
    { 0x045D, 100 }, // U+045D
    { 0x045E, 104 }, // U+045E
    { 0x045F, 100 }, // U+045F
    { 0x0462, 114 }, // U+0462
    { 0x0463, 101 }, // U+0463
    { 0x0472, 80 }, // U+0472
    { 0x0473, 97 }, // U+0473
    { 0x0474, 115 }, // U+0474
    { 0x0475, 116 }, // U+0475
    { 0x0490, 78 }, // U+0490
    { 0x0491, 117 }, // U+0491
    { 0x0492, 78 }, // U+0492
    { 0x0493, 95 }, // U+0493
    { 0x0496, 87 }, // U+0496
    { 0x0497, 98 }, // U+0497
    { 0x0498, 88 }, // U+0498
    { 0x0499, 99 }, // U+0499
    { 0x049A, 78 }, // U+049A
    { 0x049B, 101 }, // U+049B
    { 0x04A0, 79 }, // U+04A0
    { 0x04A1, 118 }, // U+04A1
    { 0x04A2, 78 }, // U+04A2
    { 0x04A3, 101 }, // U+04A3
    { 0x04AA, 80 }, // U+04AA
    { 0x04AB, 97 }, // U+04AB
    { 0x04AE, 119 }, // U+04AE
    { 0x04AF, 116 }, // U+04AF
    { 0x04B0, 119 }, // U+04B0
    { 0x04B1, 116 }, // U+04B1
    { 0x04B2, 87 }, // U+04B2
    { 0x04B3, 105 }, // U+04B3
    { 0x04B6, 91 }, // U+04B6
    { 0x04B7, 106 }, // U+04B7
    { 0x04BA, 78 }, // U+04BA
    { 0x04BB, 109 }, // U+04BB
    { 0x04C0, 78 }, // U+04C0
    { 0x04C1, 87 }, // U+04C1
    { 0x04C2, 98 }, // U+04C2
    { 0x04CF, 109 }, // U+04CF
    { 0x04D0, 85 }, // U+04D0
    { 0x04D1, 93 }, // U+04D1
    { 0x04D4, 120 }, // U+04D4
    { 0x04D5, 93 }, // U+04D5
    { 0x04D6, 78 }, // U+04D6
    { 0x04D7, 97 }, // U+04D7
    { 0x04D8, 80 }, // U+04D8
    { 0x04D9, 97 }, // U+04D9
    { 0x04E2, 78 }, // U+04E2
    { 0x04E3, 100 }, // U+04E3
    { 0x04E6, 80 }, // U+04E6
    { 0x04E7, 97 }, // U+04E7
    { 0x04E8, 80 }, // U+04E8
    { 0x04E9, 97 }, // U+04E9
    { 0x04EE, 84 }, // U+04EE
    { 0x04EF, 104 }, // U+04EF
    { 0x04F2, 84 }, // U+04F2
    { 0x04F3, 104 }, // U+04F3
    { 0x1EA0, 25 }, // U+1EA0
    { 0x1EA1, 40 }, // U+1EA1
    { 0x1EA2, 25 }, // U+1EA2
    { 0x1EA3, 40 }, // U+1EA3
    { 0x1EA4, 25 }, // U+1EA4
    { 0x1EA5, 40 }, // U+1EA5
    { 0x1EA6, 25 }, // U+1EA6
    { 0x1EA7, 40 }, // U+1EA7
    { 0x1EA8, 25 }, // U+1EA8
    { 0x1EA9, 40 }, // U+1EA9
    { 0x1EAA, 25 }, // U+1EAA
    { 0x1EAB, 40 }, // U+1EAB
    { 0x1EAC, 25 }, // U+1EAC
    { 0x1EAD, 40 }, // U+1EAD
    { 0x1EAE, 25 }, // U+1EAE
    { 0x1EAF, 40 }, // U+1EAF
    { 0x1EB0, 25 }, // U+1EB0
    { 0x1EB1, 40 }, // U+1EB1
    { 0x1EB2, 25 }, // U+1EB2
    { 0x1EB3, 40 }, // U+1EB3
    { 0x1EB4, 25 }, // U+1EB4
    { 0x1EB5, 40 }, // U+1EB5
    { 0x1EB6, 25 }, // U+1EB6
    { 0x1EB7, 40 }, // U+1EB7
    { 0x1EB8, 26 }, // U+1EB8
    { 0x1EB9, 42 }, // U+1EB9
    { 0x1EBA, 26 }, // U+1EBA
    { 0x1EBB, 42 }, // U+1EBB
    { 0x1EBC, 26 }, // U+1EBC
    { 0x1EBD, 42 }, // U+1EBD
    { 0x1EBE, 26 }, // U+1EBE
    { 0x1EBF, 42 }, // U+1EBF
    { 0x1EC0, 26 }, // U+1EC0
    { 0x1EC1, 42 }, // U+1EC1
    { 0x1EC2, 26 }, // U+1EC2
    { 0x1EC3, 42 }, // U+1EC3
    { 0x1EC4, 26 }, // U+1EC4
    { 0x1EC5, 42 }, // U+1EC5
    { 0x1EC6, 26 }, // U+1EC6
    { 0x1EC7, 42 }, // U+1EC7
    { 0x1EC8, 26 }, // U+1EC8
    { 0x1EC9, 45 }, // U+1EC9
    { 0x1ECA, 26 }, // U+1ECA
    { 0x1ECB, 45 }, // U+1ECB
    { 0x1ECC, 27 }, // U+1ECC
    { 0x1ECD, 42 }, // U+1ECD
    { 0x1ECE, 27 }, // U+1ECE
    { 0x1ECF, 42 }, // U+1ECF
    { 0x1ED0, 27 }, // U+1ED0
    { 0x1ED1, 42 }, // U+1ED1
    { 0x1ED2, 27 }, // U+1ED2
    { 0x1ED3, 42 }, // U+1ED3
    { 0x1ED4, 27 }, // U+1ED4
    { 0x1ED5, 42 }, // U+1ED5
    { 0x1ED6, 27 }, // U+1ED6
    { 0x1ED7, 42 }, // U+1ED7
    { 0x1ED8, 27 }, // U+1ED8
    { 0x1ED9, 42 }, // U+1ED9
    { 0x1EDA, 27 }, // U+1EDA
    { 0x1EDB, 42 }, // U+1EDB
    { 0x1EDC, 27 }, // U+1EDC
    { 0x1EDD, 42 }, // U+1EDD
    { 0x1EDE, 27 }, // U+1EDE
    { 0x1EDF, 42 }, // U+1EDF
    { 0x1EE0, 27 }, // U+1EE0
    { 0x1EE1, 42 }, // U+1EE1
    { 0x1EE2, 27 }, // U+1EE2
    { 0x1EE3, 42 }, // U+1EE3
    { 0x1EE4, 32 }, // U+1EE4
    { 0x1EE5, 51 }, // U+1EE5
    { 0x1EE6, 32 }, // U+1EE6
    { 0x1EE7, 51 }, // U+1EE7
    { 0x1EE8, 32 }, // U+1EE8
    { 0x1EE9, 51 }, // U+1EE9
    { 0x1EEA, 32 }, // U+1EEA
    { 0x1EEB, 51 }, // U+1EEB
    { 0x1EEC, 32 }, // U+1EEC
    { 0x1EED, 51 }, // U+1EED
    { 0x1EEE, 32 }, // U+1EEE
    { 0x1EEF, 51 }, // U+1EEF
    { 0x1EF0, 32 }, // U+1EF0
    { 0x1EF1, 51 }, // U+1EF1
    { 0x1EF2, 36 }, // U+1EF2
    { 0x1EF3, 54 }, // U+1EF3
    { 0x1EF4, 36 }, // U+1EF4
    { 0x1EF5, 54 }, // U+1EF5
    { 0x1EF6, 36 }, // U+1EF6
    { 0x1EF7, 54 }, // U+1EF7
    { 0x1EF8, 36 }, // U+1EF8
    { 0x1EF9, 54 }, // U+1EF9
    { 0x2012, 62 }, // U+2012
    { 0x2013, 62 }, // U+2013
    { 0x2014, 62 }, // U+2014
    { 0x2015, 62 }, // U+2015
    { 0x2018, 121 }, // U+2018
    { 0x2019, 122 }, // U+2019
    { 0x201A, 9 }, // U+201A
    { 0x201C, 121 }, // U+201C
    { 0x201D, 122 }, // U+201D
    { 0x201E, 9 }, // U+201E
    { 0x2020, 123 }, // U+2020
    { 0x2022, 66 }, // U+2022
    { 0x2026, 9 }, // U+2026
    { 0x2030, 4 }, // U+2030
    { 0x2032, 2 }, // U+2032
    { 0x2033, 2 }, // U+2033
    { 0x2039, 61 }, // U+2039
    { 0x203A, 67 }, // U+203A
    { 0x2070, 64 }, // U+2070
    { 0x2071, 124 }, // U+2071
    { 0x2074, 64 }, // U+2074
    { 0x2075, 64 }, // U+2075
    { 0x2076, 64 }, // U+2076
    { 0x2077, 64 }, // U+2077
    { 0x2078, 64 }, // U+2078
    { 0x2079, 64 }, // U+2079
    { 0x207D, 125 }, // U+207D
    { 0x207E, 125 }, // U+207E
    { 0x207F, 124 }, // U+207F
    { 0x2080, 126 }, // U+2080
    { 0x2081, 126 }, // U+2081
    { 0x2082, 126 }, // U+2082
    { 0x2083, 126 }, // U+2083
    { 0x2084, 126 }, // U+2084
    { 0x2085, 126 }, // U+2085
    { 0x2086, 126 }, // U+2086
    { 0x2087, 126 }, // U+2087
    { 0x2088, 126 }, // U+2088
    { 0x2089, 126 }, // U+2089
    { 0x2206, 127 }, // U+2206
    { 0x2212, 8 }, // U+2212
    { 0x2219, 66 }, // U+2219
    { 0x2248, 22 }, // U+2248
    { 0x2260, 22 }, // U+2260
    { 0xFB00, 43 }, // U+FB00
    { 0xFB01, 43 }, // U+FB01
    { 0xFB02, 43 }, // U+FB02
    { 0xFB03, 43 }, // U+FB03
    { 0xFB04, 43 }, // U+FB04
};

static const int8_t sourceserif4_16_bolditalicKernMatrix[] = {
       0,    0,    0,    0,  -11,    0,    0,    0,  -42,  -32,    0,    0,    0,    0,  -32,  -11,    0,    0,    0,    0,    0,    0,    0,    0,  -44,    0,    0,  -14,   -4,    0,    3,    0,    2,    2,    0,    0,    0,    0,    0,  -27,    0,  -14,   -7,  -24,    0,   -7,    0,    0,  -14,    0,    0,    0,  -11,   -7,   -4,    0,    0,    0,    0,    0,  -19,    0,    0,    0,    0,    0,    0,  -63,  -56,    0,  -27,  -27,    0,    4,  -14,    0,  -14,    0,    3,    0,    0,  -14,  -30,    9,  -44,  -30,    0,    0,   -4,    0,    0,  -12,  -27,    0,   -4,  -11,  -14,  -11,   -4,    0,    0,  -40,    0,   -7,  -11,    0,    0,  -20,    0,  -14,    0,    7,   -7,    0,    2,    0,  -33,    0,    0,  -56,    0,    0,    0,    0,    0,    0,  -44,
       0,    0,    0,    0,    0,    0,    0,    0,    0,    0,    0,    0,    0,    0,    0,    0,    0,    0,    0,    4,    0,    0,    0,    0,    0,    0,   12,    0,    0,    7,    0,    0,    0,    0,    0,    0,    0,    0,    0,    0,    0,    0,    0,    0,    0,    0,    0,    0,    0,    0,    0,    0,    0,    0,    0,    0,    0,    0,    0,    0,    0,    0,    0,    0,    0,    0,    0,    0,    0,    0,    0,    0,    0,    0,    0,    0,    0,    0,    0,   12,    7,    0,    0,    0,    0,    0,    0,    0,    0,    0,    0,    0,    0,    0,    0,    0,    0,    0,    0,    0,    0,    0,    0,    0,    0,    0,    0,    0,    0,    0,    0,    0,    0,    0,    0,    0,    0,    0,    0,    0,    0,    0,    0,    0,    0,    0,    0,
       0,    0,    0,    0,    0,    0,    0,    0,    0,    0,    0,    0,    0,    0,    0,    0,    0,    0,    0,    0,    0,    0,    0,    0,   -3,    0,    0,    0,    0,    0,    0,   -3,   -3,    0,   -6,   -2,    0,    0,    0,  -31,   -9,  -18,    3,  -11,    0,    0,    0,    0,   -7,    0,    0,    0,   -7,    0,    0,    0,    0,    0,    0,    0,    0,    0,    0,    0,    0,    0,    0,    0,   -3,    0,  -31,  -31,    0,    0,  -18,    0,   -7,    0,    0,    0,    0,    0,    0,    0,   -3,    0,   -6,    0,    0,    0,    0,    0,  -31,    0,    0,    0,  -18,   -7,    0,    0,    0,    0,    0,    0,   -7,    0,    0,    0,   -9,   -7,    0,    0,    0,    0,   -3,    0,    0,    0,   -2,   -3,    0,    0,    0,    0,    0,    0,   -3,
       0,    0,   -3,    0,  -39,    0,    0,    0,    0,    0,  -11,    0,  -14,  -14,  -23,  -14,    0,    0,    0,   -5,  -14,    0,    0,    0,   -7,    0,   -7,   19,    0,   -5,    0,    0,    0,    0,    0,    2,    0,    0,    0,   -8,    0,   -7,   41,    0,   -4,    0,    0,    2,   -8,    0,   -5,   -6,   -5,    0,   -3,    0,    0,    0,    0,    0,  -36,  -21,    0,    0,    0,  -32,  -29,  -26,  -17,   39,   -8,   -8,   -4,    4,   -7,    4,   -8,    0,    0,   -7,   -5,   19,    0,    0,   -7,    0,    0,    0,    0,    0,    0,    0,   -8,    0,    0,    0,   -7,   -5,    0,   -5,    0,    0,    2,    0,   -5,    0,    0,    0,    0,   -8,   -4,    4,    0,    0,    0,   -6,    0,    0,    2,  -17,   -3,    0,    0,    0,    0,    0,   -7,
       0,    0,    0,    0,    0,  -39,    0,    0,  -21,    0,    0,    0,    0,    0,    0,    0,    0,    0,    0,    0,    0,    0,    0,    0,    0,    0,    0,    0,    0,    0,    0,    0,    0,    0,    0,    0,    0,    0,    0,    0,    0,    0,    0,    0,    0,    0,    0,    0,    0,    0,    0,    0,    0,    0,    0,    0,    0,    0,    0,    0,    0,    0,    0,    0,    0,    0,    0,    0,    0,    0,    0,    0,    0,    0,    0,    0,    0,    0,    0,    0,    0,    0,    0,    0,    0,    0,    0,    0,    0,    0,    0,    0,    0,    0,    0,    0,    0,    0,    0,    0,    0,    0,    0,    0,    0,    0,    0,    0,    0,    0,    0,    0,    0,    0,    0,    0,    0,    0,    0,    0,  -23,   -7,    0,    0,    0,    0,    0,
       0,    0,    0,    0,    0,    0,    0,    0,  -11,    0,    0,    0,    0,    0,    0,    0,    0,    0,    0,    0,    0,    0,    0,    0,  -27,    0,    3,   -5,    0,    0,    0,    0,    3,    3,    0,    3,   11,    0,    0,   -7,    0,    0,    0,    0,    0,    0,    0,    0,    0,    0,    0,    0,    0,    0,    0,    0,    0,    0,    0,    0,    0,    0,    0,    0,    0,    0,    0,    0,  -54,    0,   -7,   -7,    0,    4,    0,    0,    0,    0,    0,    3,    0,   -5,    0,    0,  -27,    0,    0,    0,    0,    0,    0,    0,   -7,    0,    0,    0,    0,    0,    0,    0,    0,    0,    0,    0,    0,    0,    0,    0,    0,    0,    0,    4,    0,    0,    3,    0,    0,    0,    3,  -54,    0,    0,    0,    0,    0,    0,  -27,
       0,    0,    0,    0,    0,    0,    0,    0,    0,    0,    0,  -14,  -14,  -27,    0,  -11,    0,  -32,    0,   -2,    0,    0,    0,    0,    0,    0,    0,    0,    0,    0,    0,    0,    0,    0,    0,    0,    0,    0,    0,    0,    0,    0,    0,    0,    0,    0,    0,    0,    0,    0,    0,    0,    0,    0,    0,    0,    0,    0,    0,    0,    0,    0,    0,    0,    0,    0,    0,    0,    0,    0,    0,    0,    0,    0,    0,    0,    0,    0,    0,    0,    0,    0,    0,    0,    0,    0,    0,    0,    0,    0,    0,    0,    0,    0,    0,    0,    0,    0,    0,    0,    0,    0,    0,    0,    0,    0,    0,    0,    0,    0,    0,    0,    0,    0,    0,    0,    0,    0,    0,    0,    0,    0,    0,    0,    0,    0,    0,
       0,  -42,    0,    0,  -19,  -19,  -65,    0,  -14,   15,   -6,   -4,   -4,   -4,  -20,   -4,    0,  -16,    0,  -27,    0,    0,    0,    0,    0,    0,  -15,    7,    0,    0,  -35,  -33,  -42,  -42,    0,  -41,    0,  -61,    0,  -23,  -17,  -21,   14,    0,  -24,   -8,  -14,   -4,  -20,  -14,  -24,  -49,  -18,  -26,  -11,    0,    0,    0,    0,  -67,  -16,  -15,    0,  -53,    0,    0,    0,    0,    0,   -7,  -23,  -23,  -24,  -24,  -21,   -7,  -20,    0,  -35,  -15,    0,    7,    0,  -12,    0,    0,    0,    0,    0,   -7,  -51,    0,  -23,  -14,   -3,   -4,  -21,  -18,   -3,  -24,  -14,    0,   -4,  -26,  -18,  -39,  -25,    0,  -17,  -20,  -24,  -24,   -8,  -39,  -42,  -49,   -4,  -41,  -41,    0,  -49,  -53,    0,  -72,    0,    0,    0,
       0,    0,    0,    0,  -29,    0,    0,    0,  -60,  -50,    0,    0,   -7,   -7,  -26,  -11,    0,    3,    0,   -2,  -19,    0,    0,    0,  -43,    0,    0,    0,    0,    0,    2,    0,    7,   11,    0,    6,    0,  -14,    0,  -30,    3,  -25,    0,  -21,    0,    0,  -16,  -11,  -30,   -4,  -11,  -15,  -26,   -7,  -18,    0,    0,    0,    0,    0,  -36,  -32,    0,    0,    0,  -23,  -26,  -63,  -38,    0,  -30,  -30,    0,    0,  -25,    0,  -30,    0,    2,    0,    0,    0,    0,    0,  -43,    0,    0,    0,    0,    0,    0,    0,  -30,    0,    0,    0,  -25,  -26,    0,  -11,  -16,    0,  -11,   -7,  -26,    0,    0,    0,    3,  -30,    0,    0,    0,    0,    7,  -15,    0,    0,    6,  -38,    0,    0,    0,    0,    0,    0,  -43,
       0,    0,    0,    0,    0,  -11,    0,    0,   -4,   -7,    0,    0,   -7,   -3,    0,   -6,    0,  -14,   -4,   -2,    0,    0,    0,    0,   -6,    0,    9,    0,    0,    4,    0,   -2,   -6,   -4,   -5,   -4,    0,    0,  -21,    0,    0,    0,    0,    0,    0,    0,    0,    0,    0,    0,    0,    0,    0,    0,    0,    0,    0,    0,    0,    0,    0,    0,    0,    0,    0,    4,    0,    0,  -15,    0,    0,    0,    0,    0,    0,    0,    0,    0,    0,    9,    4,    0,    0,    0,   -6,    0,   -5,    0,    0,    0,    0,    0,    0,    0,    0,    0,    0,    0,    0,    0,    0,    0,    0,    0,    0,    0,    0,    0,    0,    0,    0,    0,    0,    0,   -6,    0,    0,    0,   -4,  -15,    0,    3,    0,    0,    0,  -11,   -6,
       0,  -14,    0,   -6,    0,    0,   -7,   -8,    4,    0,    0,   -4,   -5,   -8,  -14,  -10,  -13,   -9,  -14,  -10,   -3,   -8,    0,    0,    3,    0,    0,    0,    0,    0,   -4,   -9,   -9,  -11,    0,   -5,    0,    0,    0,    0,    0,    0,    0,    0,    0,    0,    0,    0,    0,    0,    0,    0,    0,    0,    0,    0,    0,  -11,    0,   -6,  -12,  -10,   -9,  -16,    0,  -22,    0,    0,    0,    0,    0,    0,    0,    0,    0,    0,    0,    0,   -4,    0,    0,    0,    0,    0,    3,    0,    0,    0,    0,    0,    0,    0,    0,    0,    0,    0,    0,    0,    0,    0,    0,    0,    0,    0,    0,    0,    0,    0,    0,    0,    0,    0,    0,    0,   -9,    0,    0,    0,   -5,    0,  -16,   -6,    0,  -10,    0,    7,    3,
       0,    0,    0,    0,    0,   -7,    0,    0,   -2,    0,    0,   -4,  -11,  -12,  -13,  -15,   -8,   -7,   -7,   -7,    0,    0,    0,   -4,    0,    0,    6,    4,    0,    0,    0,   -5,   -4,   -9,    0,   -9,    0,   -4,    0,    0,    0,    0,    0,    0,    0,    0,    0,    0,    0,    0,    0,    0,    0,    0,    0,    0,    0,    0,    0,    0,   -7,  -14,    0,    0,    0,  -14,    0,    0,    0,    0,    0,    0,    0,    0,    0,    0,    0,    0,    0,    6,    0,    4,    0,    0,    0,    0,    0,    0,    0,    0,    0,    0,    0,    0,    0,    0,    0,    0,    0,    0,    0,    0,    0,    0,    0,    0,    0,    0,    0,    0,    0,    0,    0,    0,   -4,    0,    0,    0,   -9,    0,    0,    0,    0,    0,    0,    0,    0,
       0,    0,    0,    0,    0,  -11,   -2,    0,   -4,  -12,    0,  -11,  -14,  -16,    0,  -12,   -7,  -16,  -11,  -13,    0,    0,    0,    0,    0,   -2,    0,    0,    0,    0,    0,   -2,   -5,   -5,   -3,   -5,    0,   -3,  -12,    0,    0,    0,    0,    0,    0,    0,    0,    0,    0,    0,    0,    0,    0,    0,    0,    0,    0,    0,    0,   -2,    0,    0,   -4,    0,    0,   -4,    0,    0,  -11,    0,    0,    0,    0,    0,    0,    0,    0,   -2,    0,    0,    0,    0,    0,    0,    0,    0,   -3,    0,    0,    0,    0,    0,    0,    0,    0,    0,    0,    0,    0,    0,    0,    0,    0,    0,    0,    0,    0,    0,    0,    0,    0,    0,    0,    0,   -5,    0,    0,    0,   -5,  -11,   -2,   -5,    0,   -2,    0,   -7,    0,
       0,    0,    0,    0,    0,    0,    0,    0,    0,    0,    0,    0,   -6,   -4,    0,   -2,    0,   -4,    0,   -9,    0,    0,    0,    0,    0,    0,    4,    0,    0,    0,    0,   -4,   -7,    0,    0,   -2,    0,    0,   -8,    0,    0,    0,    0,    0,    0,    0,    0,    0,    0,    0,    0,    0,    0,    0,    0,    0,    0,    0,    0,   -7,    0,    0,    0,  -16,    0,    0,    0,    0,  -11,    0,    0,    0,    0,    0,    0,    0,    0,    0,    0,    4,    0,    0,    0,    0,    0,    0,    0,    0,    0,    0,    0,    0,    0,    0,    0,    0,    0,    0,    0,    0,    0,    0,    0,    0,    0,    0,    0,    0,    0,    0,    0,    0,    0,    0,   -7,    0,    0,    0,   -2,  -11,  -18,    0,    0,    0,    0,    0,    0,
       0,    0,    0,    0,    0,    0,    0,    0,   -6,   -7,   -4,   -6,  -14,   -7,    0,  -14,   -8,  -18,   -3,  -15,    0,    0,    0,    0,    0,    0,    0,    0,    0,    0,    0,    0,    0,    0,    0,   -4,    0,    0,  -20,    0,    0,    0,    0,    0,    0,    0,    0,    0,    0,    0,    0,    0,    0,    0,    0,    0,    0,    0,    0,    0,    0,    0,    0,    0,    0,   -2,    0,    0,  -13,    0,    0,    0,    0,    0,    0,    0,    0,    0,    0,    0,    0,    0,    0,    0,    0,    0,    0,    0,    0,    0,    0,    0,    0,    0,    0,    0,    0,    0,    0,    0,    0,    0,    0,    0,    0,    0,    0,    0,    0,    0,    0,    0,    0,    0,    0,    0,    0,    0,   -4,  -13,    0,    0,    0,    0,    0,    0,    0,
       0,    0,    0,    0,    0,    0,    0,    0,    0,    0,    0,    0,   -3,   -2,    0,   -2,   -3,   -7,   -1,   -8,    0,    0,    0,    0,    0,    4,    7,    0,    7,    0,    0,    0,    0,    0,   -2,    0,    0,    0,    0,    0,    0,    0,    0,    0,    0,    0,    0,    0,    0,    0,    0,    0,    0,    0,    0,    0,    0,    0,    0,    0,    0,    0,    0,    0,    0,    0,    0,    0,    0,    0,    0,    0,    0,    0,    0,    0,    0,    4,    0,    7,    0,    0,    0,    0,    0,    0,   -2,    0,    7,    0,    0,    0,    0,    0,    0,    0,    0,    0,    0,    0,    0,    0,    0,    0,    0,    0,    0,    0,    0,    0,    0,    0,    0,    0,    0,    0,    0,    0,    0,    0,    0,    0,    0,    0,    0,    0,    0,
       0,    0,  -11,    0,    0,    0,    0,  -18,  -69,  -37,    0,    0,  -14,  -14,  -30,  -25,  -16,   -7,   -5,   -7,  -14,    0,    0,  -29,  -34,    0,    0,   -4,    0,    0,    0,    0,    7,    7,   -2,    7,    0,    3,  -69,    0,    0,    0,    0,    0,    0,    0,    0,    0,    0,    0,    0,    0,    0,    0,    0,    0,    0,  -16,    0,    0,  -26,  -28,    0,    0,    0,  -19,  -11,    0,  -49,    0,    0,    0,    0,    0,    0,    0,    0,    0,    0,    0,    0,   -4,    0,    0,  -34,    0,   -2,    0,    0,    0,    0,    0,    0,    0,    0,    0,    0,    0,    0,    0,    0,    0,    0,    0,    0,    0,    0,    0,    0,    0,    0,    0,    0,    0,    7,    0,    0,    0,    7,  -49,    0,    7,    0,    0,    0,  -60,  -34,
       0,    0,    0,    0,    0,  -11,    0,    0,  -32,  -25,    0,   -5,  -11,  -11,   -4,  -14,    0,   -9,    0,   -1,    0,    0,    0,    0,  -14,   -3,    9,    0,    0,    0,    0,   -1,   -2,    0,  -12,   -9,    0,    0,  -41,    0,    0,    0,    0,    0,    0,    0,    0,    0,    0,    0,    0,    0,    0,    0,    0,    0,    0,    0,    0,    4,    0,    0,    0,    5,    0,   -2,    0,    0,  -35,    0,    0,    0,    0,    0,    0,    0,    0,   -3,    0,    9,    0,    0,    0,    0,  -14,    0,  -12,    0,    0,    0,    0,    0,    0,    0,    0,    0,    0,    0,    0,    0,    0,    0,    0,    0,    0,    0,    0,    0,    0,    0,    0,    0,    0,    0,   -2,    0,    0,    0,   -9,  -35,    0,    0,    0,    0,    0,  -32,  -14,
       0,    0,    0,    0,    0,    0,    0,    0,    0,    0,    0,   -4,    0,    0,    0,    0,    0,  -11,    0,    0,    0,    0,    0,    0,    0,    0,    0,    4,    0,    0,    0,   -7,   -9,   -2,    0,  -19,    0,   -7,    0,  -11,   -7,   -7,    0,   -7,   -4,   -7,    0,    0,   -7,   -7,    0,   -7,  -15,  -11,   -7,    0,    0,    0,    0,    0,    0,    0,    0,    0,    0,    0,    0,    0,    0,   -7,  -11,  -11,   -4,    0,   -7,   -7,   -7,    0,    0,    0,    0,    4,    0,    0,    0,    0,    0,    0,    0,    0,    0,    0,  -11,    0,    0,    0,   -7,  -15,    0,    0,    0,    0,    0,  -11,  -15,    0,    0,    0,   -7,   -7,   -4,    0,   -7,    0,   -9,   -7,    0,    0,  -19,    0,    0,    0,    0,    0,    0,    0,    0,
       0,    0,    0,    0,    0,    0,    0,    0,    0,    0,    0,   -8,   -2,   -7,    2,    0,    0,  -16,    0,    0,    0,    0,    0,    0,    0,    0,    0,    0,    0,    0,    0,    0,    0,    0,    0,    0,    0,    0,    0,    0,    0,    0,    0,    0,    0,    0,    0,    0,    0,    0,    0,    0,    0,    0,    0,    0,    0,    0,    0,    0,    0,    0,    0,    0,    0,    0,    0,    0,    0,    0,    0,    0,    0,    0,    0,    0,    0,    0,    0,    0,    0,    0,    0,    0,    0,    0,    0,    0,    0,    0,    0,    0,    0,    0,    0,    0,    0,    0,    0,    0,    0,    0,    0,    0,    0,    0,    0,    0,    0,    0,    0,    0,    0,    0,    0,    0,    0,    0,    0,    0,    0,    0,    0,    0,    0,    0,    0,
       0,    0,    0,    0,    0,  -33,    0,    0,  -52,  -39,    0,    0,    0,    0,    0,    0,    0,    0,    0,    0,    0,    0,    0,    0,    0,    0,    0,    0,    0,    0,    0,    0,    0,    0,    0,    0,    0,    0,    0,    0,    0,    0,    0,    0,    0,    0,    0,    0,    0,    0,    0,    0,    0,    0,    0,    0,    0,    0,    0,    0,  -24,    0,    0,    0,    0,    0,  -11,    0,    0,    0,    0,    0,    0,    0,    0,    0,    0,    0,    0,    0,    0,    0,    0,    0,    0,    0,    0,    0,    0,    0,    0,    0,    0,    0,    0,    0,    0,    0,    0,    0,    0,    0,    0,    0,    0,    0,    0,    0,    0,    0,    0,    0,    0,    0,    0,    0,    0,    0,    0,    0,    0,    0,    0,    0,    0,    0,    0,
       0,    0,    0,    0,    0,    0,    0,    0,    0,    0,    0,    0,    0,    0,    0,    0,    0,    0,    0,    0,    0,    0,    0,    0,    0,    0,    9,    0,    0,    7,    0,    0,    0,    0,   -3,   -2,    0,    0,    0,    0,    0,    0,    0,    0,    0,    0,    0,    0,    0,    0,    0,    0,    0,    0,    0,    0,    0,    0,    0,    0,    0,    0,    0,    0,    0,    0,    0,    0,    0,    0,    0,    0,    0,    0,    0,    0,    0,    0,    0,    9,    7,    0,    0,    0,    0,    0,   -3,    0,    0,    0,    0,    0,    0,    0,    0,    0,    0,    0,    0,    0,    0,    0,    0,    0,    0,    0,    0,    0,    0,    0,    0,    0,    0,    0,    0,    0,    0,    0,   -2,    0,    0,    0,    0,    0,    0,    0,    0,
       0,  -63,    0,    0,    0,   -8,  -76,    0,    0,    0,  -14,    0,   -7,  -16,  -14,  -11,  -16,  -12,  -12,  -18,    0,    0,   -4,    0,    2,   -2,  -12,   -7,    0,   -1,  -40,  -35,  -48,  -37,   -4,  -37,   -2,  -33,   -2,  -15,  -20,  -23,  -17,   -4,  -21,  -16,  -15,  -16,  -14,  -17,  -17,  -44,   -7,  -38,   -4,    0,    0,    0,  -25,  -58,  -25,  -11,    0,  -71,    0,  -28,   -2,    0,    0,  -18,  -15,  -15,  -21,  -21,  -23,   -7,  -14,    0,    0,    0,    0,    0,    0,    0,    0,    0,    0,    0,    0,    0,    0,    0,    0,    0,    0,    0,    0,    0,    0,    0,    0,    0,    0,    0,    0,    0,    0,    0,    0,    0,    0,    0,    0,    0,    0,    0,    0,    0,    0,    0,  -74,  -62,    0,  -58,    0,    0,    0,
       0,  -20,    0,    0,    0,  -11,  -14,    0,   -4,   -3,    0,   -3,  -11,   -2,    0,   -4,   -2,  -11,   -2,   -4,    0,    0,    0,    0,  -12,   -8,   -2,   -6,   -8,   -2,  -18,  -19,  -27,  -21,  -16,  -26,   -2,  -11,  -15,   -4,   -7,   -3,   -7,    0,   -2,   -4,   -4,   -3,   -8,   -4,   -4,  -17,   -9,  -12,   -8,    0,    0,    0,    0,   -7,    0,    7,    0,   -3,    0,    0,    0,    0,  -14,   -4,   -4,   -4,   -2,   -2,   -3,    0,   -8,    0,    0,    0,    0,    0,    0,    0,    0,    0,    0,    0,    0,    0,    0,    0,    0,    0,    0,    0,    0,    0,    0,    0,    0,    0,    0,    0,    0,    0,    0,    0,    0,    0,    0,    0,    0,    0,    0,    0,    0,    0,    0,    0,  -14,  -21,    0,  -12,    0,    0,    0,
       0,    0,    0,    0,    0,    4,    0,    0,    0,    0,    0,    0,    0,    0,    0,    0,    0,    0,    4,    0,    8,    0,    0,    0,   -4,    0,   -4,    2,    0,    0,    0,  -11,   -2,   -2,   -4,   -3,    0,    0,   -3,    0,    0,    0,    0,    0,    0,   -2,    0,   -2,   -4,    0,   -2,  -14,   -4,  -14,    0,    0,    0,    0,    0,    0,    0,    0,    0,    0,    0,    0,    0,    0,   -2,    0,    0,    0,    0,    4,    0,    0,   -4,    0,    0,    0,    0,    0,    0,    0,    0,    0,    0,    0,    0,    0,    0,    0,    0,    0,    0,    0,    0,    0,    0,    0,    0,    0,    0,    0,    0,    0,    0,    0,    0,    0,    0,    0,    0,    0,    0,    0,    0,    0,    0,    0,    2,    3,    0,    5,    0,    0,    0,
       0,  -16,    0,    0,    0,  -11,  -14,    0,  -14,   -4,    5,   -2,  -14,   -9,   -2,   -7,    0,  -13,   -4,    0,    0,    0,    0,    3,  -32,  -11,    7,  -10,  -13,    0,  -11,  -13,  -19,  -18,  -25,  -23,   -5,  -11,  -51,    0,   -2,    0,    0,    0,    0,    0,    0,    0,   -6,    0,    0,    0,   -7,    0,    0,    0,    0,    0,    7,    0,    0,    4,    0,    0,    0,    0,   -4,    0,  -37,    0,    0,    0,    0,    0,    0,   -2,   -6,    0,    0,    0,    0,    0,    0,    0,    0,    0,    0,    0,    0,    0,    0,    0,    0,    0,    0,    0,    0,    0,    0,    0,    0,    0,    0,    0,    0,    0,    0,    0,    0,    0,    0,    0,    0,    0,    0,    0,    0,    0,    0,    0,  -11,  -11,    0,    0,    0,   -3,    0,
       0,   -7,    0,    0,    0,    0,    0,    0,    0,    0,    0,    0,    0,   -4,    0,    0,    0,   -4,    0,    0,    0,    0,    0,    0,    0,   -2,   -7,   -4,   -1,    0,   -7,  -17,   -4,   -4,   -5,   -6,   -2,    0,    0,   -4,   -3,   -7,   -7,   -2,    0,    0,   -3,   -2,   -5,    0,   -2,  -14,   -7,  -11,    0,    0,    0,    0,    0,    0,    0,    0,    0,    0,    0,  -18,    0,    0,    0,  -11,   -4,   -4,    0,    0,   -7,    0,   -5,    0,    0,    0,    0,    0,    0,    0,    0,    0,    0,    0,    0,    0,    0,    0,    0,    0,    0,    0,    0,    0,    0,    0,    0,    0,    0,    0,    0,    0,    0,    0,    0,    0,    0,    0,    0,    0,    0,    0,    0,    0,    0,    0,    0,    0,    0,    0,    0,    0,    0,
       0,    0,    0,    0,    0,   -4,    4,    0,  -36,  -19,    2,   -4,   -9,   -5,  -22,  -11,   -9,    2,   -2,    0,   -4,    0,    0,    0,  -43,   -2,   -5,   -7,  -13,    0,    5,   -5,    2,    2,   -9,    2,    0,    9,  -30,  -28,    0,  -27,   -9,  -21,   -4,   -7,  -11,  -12,  -23,   -5,  -11,  -18,  -33,  -14,  -12,    0,    0,    0,    0,    8,  -23,   -7,    0,    0,    0,  -15,   -5,    0,  -59,    0,  -28,  -28,   -4,   10,  -27,    0,  -23,    0,    0,    0,    0,    0,    0,    0,    0,    0,    0,    0,    0,    0,    0,    0,    0,    0,    0,    0,    0,    0,    0,    0,    0,    0,    0,    0,    0,    0,    0,    0,    0,    0,    0,    0,    0,    0,    0,    0,    0,    0,    0,    0,    3,    2,    0,    3,    0,  -33,    0,
       0,  -11,    0,    0,    2,   -2,  -17,    0,   -2,    0,    0,   -5,  -11,   -5,    0,    0,    0,  -15,   -4,    0,    0,    0,    0,    2,  -13,   -5,    5,   -5,  -10,    0,  -22,  -17,  -25,  -21,  -20,  -20,   -9,   -7,  -11,   -4,    0,    1,    0,    0,    0,    0,    0,    0,   -4,    0,    0,   -9,  -11,  -11,    0,    0,    0,    0,    0,    0,    3,   16,    0,    0,    0,    0,    0,    0,  -14,    0,   -4,   -4,    0,    0,    1,    0,   -4,    0,    0,    0,    0,    0,    0,    0,    0,    0,    0,    0,    0,    0,    0,    0,    0,    0,    0,    0,    0,    0,    0,    0,    0,    0,    0,    0,    0,    0,    0,    0,    0,    0,    0,    0,    0,    0,    0,    0,    0,    0,    0,    0,   -4,   -7,    0,    0,    0,    0,    0,
       0,    0,    0,    0,    0,    0,    0,    0,    0,    0,    0,   -3,   -9,   -5,  -17,   -9,  -11,    0,   -7,   -7,    0,    0,    0,    0,    0,    0,   -4,    0,    0,   -1,    0,    0,    0,    0,    0,    0,    0,    0,    0,  -14,    0,  -16,   -7,  -11,   -2,   -5,   -7,  -12,  -16,   -8,  -12,  -16,  -13,  -14,   -9,    0,    0,    0,    0,    0,  -18,    0,    0,    0,    0,    0,    0,    0,    0,   -7,  -14,  -14,   -2,    4,  -16,    0,  -16,    0,    0,    0,    0,    0,    0,    0,    0,    0,    0,    0,    0,    0,    0,    0,    0,    0,    0,    0,    0,    0,    0,    0,    0,    0,    0,    0,    0,    0,    0,    0,    0,    0,    0,    0,    0,    0,    0,    0,    0,    0,    0,    0,   -2,   -3,    0,    0,    0,    0,    0,
       0,    0,    0,    0,    0,    0,    0,    0,  -26,  -12,   -7,   -4,  -15,  -13,  -18,  -15,   -7,    0,   -7,   -7,   -4,    0,    0,    0,  -31,    0,    0,   -7,   -7,    0,    0,   -5,    2,    2,   -5,    0,    0,    0,  -36,  -16,    0,  -16,    0,  -16,   -5,   -5,   -8,  -10,  -19,   -3,  -13,  -12,  -26,  -11,  -12,    0,    0,    0,    0,    0,  -18,    0,    0,    0,    0,   -4,  -11,    0,  -36,    0,  -16,  -16,   -5,    7,  -16,    0,  -19,    0,    0,    0,    0,    0,    0,    0,    0,    0,    0,    0,    0,    0,    0,    0,    0,    0,    0,    0,    0,    0,    0,    0,    0,    0,    0,    0,    0,    0,    0,    0,    0,    0,    0,    0,    0,    0,    0,    0,    0,    0,    0,    0,    0,    0,    0,    0,    0,  -12,    0,
       0,   -6,    0,    0,    0,   -4,  -14,    0,    0,    0,  -11,    0,   -4,   -4,  -20,   -7,  -14,   -7,   -4,   -9,    0,    0,    0,    0,  -23,   -6,  -19,   -7,   -6,    0,   -9,  -16,  -30,  -25,  -12,  -24,    7,    0,    3,   -3,    0,   -9,   -5,    0,   -5,   -5,   -3,   -5,   -5,  -11,   -7,  -34,    0,  -24,    0,    0,    0,    0,    0,    0,  -27,  -11,    0,    0,    0,  -39,   -2,    0,  -28,    0,   -3,   -3,   -5,    7,   -9,    0,   -5,    0,    0,    0,    0,    0,    0,    0,    0,    0,    0,    0,    0,    0,    0,    0,    0,    0,    0,    0,    0,    0,    0,    0,    0,    0,    0,    0,    0,    0,    0,    0,    0,    0,    0,    0,    0,    0,    0,    0,    0,    0,    0,    0,    0,   -7,    0,    0,    0,    0,    0,
       0,  -58,    0,    0,    0,  -12,  -53,    0,    0,    0,    0,   -4,   -7,   -4,   -3,   -4,    0,  -11,    0,  -17,    0,    0,    0,    0,    2,   -3,   -7,  -11,   -2,   -3,  -42,  -26,  -44,  -44,   -7,  -37,    1,  -24,    0,    0,    0,   -2,   -4,    0,    0,    0,    0,    0,   -4,   -4,   -2,  -31,   -7,  -23,    0,    0,    0,    0,    0,  -40,    0,    0,    0,  -43,    0,  -11,    0,    0,    2,    0,    0,    0,    0,    0,   -2,    0,   -4,    0,    0,    0,    0,    0,    0,    0,    0,    0,    0,    0,    0,    0,    0,    0,    0,    0,    0,    0,    0,    0,    0,    0,    0,    0,    0,    0,    0,    0,    0,    0,    0,    0,    0,    0,    0,    0,    0,    0,    0,    0,    0,    0,  -50,  -51,    0,  -41,    0,    7,    0,
       0,    0,    0,    0,    0,    0,    0,    0,  -21,  -12,   -4,  -13,  -17,   -9,  -18,  -13,  -14,    0,    0,   -4,    0,    0,    0,   -2,   -5,   -4,   -2,   -4,    0,    0,    0,   -4,    0,    0,  -12,    0,   -7,    0,  -30,  -13,    0,  -11,   -3,  -11,   -7,   -9,  -11,   -7,  -20,   -5,  -10,  -17,  -26,  -11,  -13,    0,    0,    0,    0,    0,  -18,    0,    0,    0,    0,   -4,  -14,    0,  -35,    0,  -13,  -13,   -7,    4,  -11,    0,  -20,    0,    0,    0,    0,    0,    0,    0,    0,    0,    0,    0,    0,    0,    0,    0,    0,    0,    0,    0,    0,    0,    0,    0,    0,    0,    0,    0,    0,    0,    0,    0,    0,    0,    0,    0,    0,    0,    0,    0,    0,    0,    0,    0,    0,    0,    0,    0,    0,  -16,    0,
       2,  -12,    0,    0,    0,   -7,  -12,    0,   -3,    0,    9,    0,   -6,   -2,    4,    0,    4,    0,    0,   -2,    0,    0,    0,   11,   -5,   -4,   11,   -7,   -3,    0,  -11,   -2,   -8,   -5,  -17,  -13,    0,    0,  -17,    2,    0,    0,    0,    0,    4,    4,    4,    4,    0,    4,    4,    0,   -7,    0,    0,    0,    0,    0,    7,    0,    2,   14,    0,    0,    0,   11,    0,    0,  -23,   -3,    2,    2,    4,    4,    0,    0,    0,    0,    0,    0,    0,    0,    0,    0,    0,    0,    0,    0,    0,    0,    0,    0,    0,    0,    0,    0,    0,    0,    0,    0,    0,    0,    0,    0,    0,    0,    0,    0,    0,    0,    0,    0,    0,    0,    0,    0,    0,    0,    0,    0,   -2,  -11,    0,    0,    0,    0,    0,
       0,    0,    0,    0,    0,   -9,    8,    0,  -45,  -19,    0,   -7,   -9,   -4,  -18,   -7,   -4,    0,    0,    0,    5,    0,   -4,    0,  -42,   -6,    5,  -13,  -13,    2,    2,   -8,   -5,   -5,  -21,   -9,   -2,    0,   -9,  -18,    0,   -7,    2,   -5,    0,    0,    0,    0,   -5,    0,    0,    2,  -13,    2,   -2,    0,    0,    0,    0,    7,   -4,    0,    0,    0,    0,    3,    0,    0,  -54,    0,  -18,  -18,    0,    0,   -7,   -4,   -5,    0,    0,    0,    0,    0,    0,    0,    0,    0,    0,    0,    0,    0,    0,    0,    0,    0,    0,    0,    0,    0,    0,    0,    0,    0,    0,    0,    0,    0,    0,    0,    0,    0,    0,    0,    0,    0,    0,    0,    0,    0,    0,    0,    7,    0,    0,    5,    0,  -34,    0,
       0,  -39,    0,    0,    0,   -7,  -23,    0,    0,    0,   -4,    0,    0,   -4,  -12,   -7,   -9,   -9,    0,   -9,    0,    0,   -4,    0,  -13,  -11,   -9,  -12,   -7,   -4,  -23,  -30,  -32,  -25,  -23,  -26,    0,  -20,    7,   -6,   -7,   -9,   -4,    0,   -3,   -5,   -2,   -2,   -9,   -7,   -5,  -23,    0,  -16,    0,    0,    0,    0,    0,  -16,  -18,   -5,    0,  -29,    0,  -19,   -2,    0,  -23,    0,   -6,   -6,   -3,   -3,   -9,    0,   -9,    0,    0,    0,    0,    0,    0,    0,    0,    0,    0,    0,    0,    0,    0,    0,    0,    0,    0,    0,    0,    0,    0,    0,    0,    0,    0,    0,    0,    0,    0,    0,    0,    0,    0,    0,    0,    0,    0,    0,    0,    0,    0,    0,  -20,  -28,    0,  -23,    0,    0,    0,
       0,   -7,    0,    0,    0,   -5,    0,    0,    0,    0,    4,   -2,   -7,   -2,    4,    0,   -2,   -2,   -2,   -2,    0,    0,    0,    0,   -3,   -2,    4,    0,    0,    1,   -5,   -2,   -2,    0,   -8,   -3,   -2,    0,   -2,    0,   -2,   -2,   -2,    0,   -2,   -2,   -3,   -3,   -3,   -4,   -3,  -14,   -5,  -12,   -3,    0,    0,    0,    0,    0,   -2,    7,    0,   -2,    0,    0,    0,    0,  -14,    0,    0,    0,   -2,   -2,   -2,    0,   -3,    0,    0,    0,    0,    0,    0,    0,    0,    0,    0,    0,    0,    0,    0,    0,    0,    0,    0,    0,    0,    0,    0,    0,    0,    0,    0,    0,    0,    0,    0,    0,    0,    0,    0,    0,    0,    0,    0,    0,    0,    0,    0,    0,    0,   -9,    0,    0,    0,    0,    0,
       0,    3,    0,    0,    0,   -2,    0,    0,  -44,  -23,    0,    0,   -4,   -4,  -29,   -7,   -7,    2,    0,    0,    0,    0,    0,  -21,  -32,    0,    0,   -4,   -4,    0,    2,    0,    3,    3,   -5,    4,   -4,    0,  -35,  -35,    0,  -29,    0,  -26,   -7,  -11,  -16,  -20,  -25,    0,  -16,  -16,  -29,  -16,  -12,    0,    0,    0,    0,   11,  -35,  -27,    0,    3,    0,  -14,  -11,    0,  -42,    0,  -35,  -35,   -7,    7,  -29,    0,  -25,    0,    0,    0,    0,    0,    0,    0,    0,    0,    0,    0,    0,    0,    0,    0,    0,    0,    0,    0,    0,    0,    0,    0,    0,    0,    0,    0,    0,    0,    0,    0,    0,    0,    0,    0,    0,    0,    0,    0,    0,    0,    0,    0,   11,    0,    0,    4,    0,  -34,    0,
       0,    0,    0,    0,    0,    0,    0,    0,  -23,  -20,    0,   -5,   -9,   -7,  -12,   -7,   -7,    0,    0,   -4,   -7,    0,   -4,    0,  -24,    0,    0,    0,   -2,    0,    0,    0,   -2,   -2,   -6,    0,    0,    0,  -34,  -17,    0,  -16,   -2,  -12,   -5,   -5,   -8,   -8,  -21,  -11,  -16,  -17,  -27,  -20,  -14,    0,    0,    0,    0,    0,  -19,    0,    0,    0,    0,   -4,  -13,    0,  -50,  -11,  -17,  -17,   -5,    4,  -16,    0,  -21,    0,    0,    0,    0,    0,    0,    0,    0,    0,    0,    0,    0,    0,    0,    0,    0,    0,    0,    0,    0,    0,    0,    0,    0,    0,    0,    0,    0,    0,    0,    0,    0,    0,    0,    0,    0,    0,    0,    0,    0,    0,    0,    0,    0,    0,    0,    0,    0,  -14,    0,
       0,    2,    0,    0,    0,    0,    0,    0,  -48,  -25,   -4,   -7,   -4,    0,  -29,  -11,  -14,    4,    0,   -4,   -2,    0,    0,   -2,  -42,    0,   -2,    0,   -2,    0,    3,   -2,    0,    0,   -9,   -5,    4,    7,  -58,  -35,    3,  -30,    0,  -26,   -7,   -7,  -12,  -12,  -21,   -4,  -12,  -12,  -30,  -14,  -19,    4,    0,    0,    0,    9,  -26,   -4,    0,    2,    0,   -2,  -26,    0,  -57,   -4,  -35,  -35,  -15,   23,  -30,    0,  -21,    0,    0,    0,    0,    0,    0,    0,    0,    0,    0,    0,    0,    0,    0,    0,    0,    0,    0,    0,    0,    0,    0,    0,    0,    0,    0,    0,    0,    0,    0,    0,    0,    0,    0,    0,    0,    0,    0,    0,    0,    0,    0,    0,   11,    0,    0,    4,    0,  -44,    0,
       0,    2,    0,    0,    0,    0,    0,    0,  -34,  -25,   -4,   -7,   -4,   -4,  -27,   -7,  -14,    0,   -4,   -4,    2,    0,    0,  -13,  -37,    0,    0,    0,   -4,    0,    3,   -2,    0,    0,   -5,    0,    0,    7,  -58,  -30,    0,  -23,    0,  -23,   -4,   -4,  -11,  -12,  -30,   -7,  -12,  -11,  -23,  -14,  -14,    0,    0,    0,    0,    0,  -26,   -5,    0,    0,    0,  -13,  -25,    0,  -55,    0,  -30,  -30,   -7,   20,  -23,    0,  -30,    0,    0,    0,    0,    0,    0,    0,    0,    0,    0,    0,    0,    0,    0,    0,    0,    0,    0,    0,    0,    0,    0,    0,    0,    0,    0,    0,    0,    0,    0,    0,    0,    0,    0,    0,    0,    0,    0,    0,    0,    0,    0,    0,    7,    3,    0,    0,    0,  -43,    0,
       0,   -4,    0,    0,    0,    0,   -2,    0,    0,    0,   -4,    0,    0,   -7,  -20,   -7,  -14,    0,   -2,   -9,    0,    0,    0,    0,    0,    0,  -12,   -7,    0,   -5,   -5,  -11,   -9,   -4,    0,   -7,    0,    0,    0,  -14,    0,  -20,   -7,    0,   -7,   -7,   -3,   -3,  -14,  -12,   -8,  -26,  -11,  -33,    0,    0,    0,    0,    0,    0,  -25,  -14,    0,    0,    0,  -27,   -9,    0,    0,    0,  -14,  -14,   -7,    2,  -20,    0,  -14,    0,    0,    0,    0,    0,    0,    0,    0,    0,    0,    0,    0,    0,    0,    0,    0,    0,    0,    0,    0,    0,    0,    0,    0,    0,    0,    0,    0,    0,    0,    0,    0,    0,    0,    0,    0,    0,    0,    0,    0,    0,    0,    0,   -2,   -9,    0,    0,    0,    3,    0,
       0,    3,    0,    0,    0,    0,    0,    0,  -35,  -25,   -7,    0,   -4,   -5,  -34,   -9,  -14,    3,    0,    0,   -8,    0,    0,  -13,  -21,    0,   -2,    0,    0,    2,    8,    0,    0,    0,    0,    0,    0,   17,  -17,  -30,    0,  -29,    0,  -26,   -4,   -5,  -20,  -18,  -30,   -3,  -19,  -23,  -27,  -17,  -25,    0,    0,    0,    0,    7,  -33,  -16,    0,    0,    0,  -12,  -20,    0,  -39,    0,  -30,  -30,   -4,   18,  -29,    0,  -30,    0,    0,    0,    0,    0,    0,    0,    0,    0,    0,    0,    0,    0,    0,    0,    0,    0,    0,    0,    0,    0,    0,    0,    0,    0,    0,    0,    0,    0,    0,    0,    0,    0,    0,    0,    0,    0,    0,    0,    0,    0,    0,    0,    7,    0,    0,    4,    0,  -20,    0,
       0,   -4,    0,    0,    0,    0,    0,    0,    0,    0,    0,    0,    0,    0,    0,    0,    0,   -4,    0,    0,    4,    0,    0,    0,    0,    0,    0,    0,    0,    0,   -5,    0,    0,    0,    0,    0,    0,    0,    0,    0,    0,    0,    0,    0,    0,    0,    0,    0,    0,    0,    0,  -11,    0,  -11,    0,    0,    0,    0,    0,   -2,    0,    0,    0,    0,    0,  -11,    0,    0,    0,    0,    0,    0,    0,    2,    0,    0,    0,    0,    0,    0,    0,    0,    0,    0,    0,    0,    0,    0,    0,    0,    0,    0,    0,    0,    0,    0,    0,    0,    0,    0,    0,    0,    0,    0,    0,    0,    0,    0,    0,    0,    0,    0,    0,    0,    0,    0,    0,    0,    0,    0,   -2,   -2,    0,    0,    0,    0,    0,
       0,  -41,    0,    0,    0,    0,    0,    0,    0,    0,  -11,    0,    0,    0,  -12,  -11,    0,  -21,    0,  -11,    0,    0,    0,    0,    0,    0,  -11,    7,    0,    0,  -42,  -39,  -43,  -38,    0,  -33,    0,  -47,    0,    0,   -4,    0,   54,    4,    0,    9,    0,    7,    0,    0,    0,  -21,   -7,   20,    0,    0,    0,    0,    0,    0,    0,  -18,    0,    0,    0,  -21,    0,    0,    0,   56,    0,    0,    0,    0,    0,    3,    0,    0,  -42,  -11,    0,    7,    0,    0,    0,    0,    0,    0,    0,    0,    0,    0,    0,    0,    0,    0,    0,   -7,    0,    0,    0,    0,    7,   20,   -7,    0,    0,    0,   -4,    0,    0,    0,    9,    0,  -43,  -21,    0,    0,  -33,    0,  -42,  -42,    0,    0,    0,    0,    0,
       0,    0,    0,    0,    0,    0,    0,    0,    0,    0,  -21,    0,    0,  -18,  -33,  -11,    0,  -11,    0,  -18,    0,    0,    0,    0,    0,    0,  -35,   15,    0,   -7,  -42,  -50,  -61,  -59,    0,  -42,    0,    0,    0,  -11,  -17,  -11,   18,    0,  -17,    0,  -13,    0,  -14,  -16,  -17,  -36,   -7,    2,    0,    0,    0,    0,    0,    0,    0,    0,    0,    0,    0,    0,    0,    0,    0,   15,  -11,  -11,  -17,  -17,  -11,    0,  -14,    0,  -42,  -35,   -7,   15,    0,    0,    0,    0,    0,    0,    0,    0,    0,    0,  -11,    0,    0,    0,  -11,   -7,    0,  -17,  -13,    0,    0,    2,   -7,    0,    0,    0,  -17,  -14,  -17,  -17,    0,    0,  -61,  -36,    0,    0,  -42,    0,    0,    0,    0,    0,    0,    0,    0,
       0,  -15,    0,    0,    0,    0,    0,    0,   15,    3,    0,    0,    0,    0,    0,    0,    0,    0,    0,    0,    7,    0,    0,    0,    7,    0,    7,    7,    2,    4,   -4,   -3,   -8,   -7,    4,  -12,    7,    0,    2,    0,   -2,   -2,    0,    0,    0,    0,    0,    0,   -1,   -1,    0,  -11,    0,  -11,    0,    0,    0,    0,    0,    0,    0,    0,    0,   -3,    0,    0,    0,    0,    4,   -2,    0,    0,    0,    0,   -2,   -2,   -1,    0,    0,    0,    0,    0,    0,    0,    0,    0,    0,    0,    0,    0,    0,    0,    0,    0,    0,    0,    0,    0,    0,    0,    0,    0,    0,    0,    0,    0,    0,    0,    0,    0,    0,    0,    0,    0,    0,    0,    0,    0,    0,    0,   -9,  -11,    0,    0,    0,   20,    0,
       0,   -9,    0,    0,    0,    0,  -14,    0,   -4,    0,    0,    0,    0,    0,    0,    0,    0,    0,    0,    0,    0,    0,    0,    0,  -11,    0,   11,    0,    0,    0,   -3,    0,   -7,   -5,  -14,  -20,    0,    0,   -3,   -7,   -4,    2,    0,   -6,    0,    0,    0,    0,   -5,    0,    0,   -4,  -15,   -4,   -2,    0,    0,    0,    0,    0,    3,   16,    0,    0,    0,    0,    0,    0,  -15,  -13,   -7,   -7,    0,    0,    2,   -8,   -5,    0,    0,    0,    0,    0,    0,    0,    0,    0,    0,    0,    0,    0,    0,    0,    0,    0,    0,    0,    0,    0,    0,    0,    0,    0,    0,    0,    0,    0,    0,    0,    0,    0,    0,    0,    0,    0,    0,    0,    0,    0,    0,    0,  -16,  -14,    0,    0,    0,    0,    0,
       0,   -4,    0,    0,    0,    0,    0,    0,    0,    0,    0,    0,    0,    0,    0,    0,    0,    0,    0,    0,    0,    0,    0,    0,   -4,   -2,    5,    0,   -5,    4,  -16,   -2,  -14,  -11,    0,  -21,    0,    0,    0,  -11,  -11,  -11,   -4,   -4,    0,    0,    0,   -4,   -9,    0,    0,   -4,  -13,   -4,   -9,    0,    0,    0,    0,    0,    0,    0,    0,    0,    0,    0,    0,    0,    0,  -11,  -11,  -11,    0,    0,  -11,  -12,   -9,    0,    0,    0,    0,    0,    0,    0,    0,    0,    0,    0,    0,    0,    0,    0,    0,    0,    0,    0,    0,    0,    0,    0,    0,    0,    0,    0,    0,    0,    0,    0,    0,    0,    0,    0,    0,    0,    0,    0,    0,    0,    0,    0,   -7,   -4,    0,   -2,    0,    2,    0,
       0,   -3,    0,    0,    0,    0,    0,    0,    4,    0,    0,    0,    0,    0,    0,    0,    0,    0,    0,    0,    0,    0,    0,    0,    4,    4,    7,    0,    0,    9,   -2,    3,    4,    4,    4,   -2,    7,    4,    0,   -2,   -2,   -4,   -2,    0,    0,    0,    0,    0,   -1,   -2,   -1,  -10,    0,   -9,    0,    0,    0,    0,    0,   -3,    0,    0,    0,    0,    0,    0,    0,    0,    0,   -4,   -2,   -2,    0,    0,   -4,   -2,   -1,    0,    0,    0,    0,    0,    0,    0,    0,    0,    0,    0,    0,    0,    0,    0,    0,    0,    0,    0,    0,    0,    0,    0,    0,    0,    0,    0,    0,    0,    0,    0,    0,    0,    0,    0,    0,    0,    0,    0,    0,    0,    0,    0,    0,   -4,    0,   -3,    0,   21,    0,
       0,   -7,    0,    0,    0,    0,  -20,    0,    0,    0,    0,    0,    0,    0,    0,    0,    0,    0,    0,    0,    0,    0,    0,    0,   -7,    0,    5,    0,    0,    0,  -16,   -4,  -11,   -7,  -12,  -12,    0,    0,    0,   -5,   -5,   -4,    0,   -4,    0,    0,    0,    0,   -7,    0,    0,    0,  -10,    0,    0,    0,    0,    0,    0,    0,    0,   11,    0,    0,    0,    0,    0,    0,  -11,  -13,   -5,   -5,    0,    0,   -4,  -11,   -7,    0,    0,    0,    0,    0,    0,    0,    0,    0,    0,    0,    0,    0,    0,    0,    0,    0,    0,    0,    0,    0,    0,    0,    0,    0,    0,    0,    0,    0,    0,    0,    0,    0,    0,    0,    0,    0,    0,    0,    0,    0,    0,    0,  -16,   -7,    0,    0,    0,    0,    0,
      30,   33,    0,    0,    0,   31,   29,    0,  -23,    0,    6,   14,    4,    8,   -7,    4,    0,   28,    7,   12,    4,    0,   21,    0,   -9,   11,   20,   11,   11,   22,   34,   11,   14,   14,   11,   16,   12,   41,   -6,  -21,    1,  -10,    2,  -10,   12,   10,    2,    0,   -7,    0,    0,   -4,  -15,    2,    0,   46,    0,    0,    0,   31,    0,    3,   32,   42,    0,    0,    0,    0,    0,    0,  -42,  -37,   43,   21,   -5,   -4,   -7,    0,    0,    0,    0,    0,    0,    0,    0,    0,    0,    0,    0,    0,    0,    0,    0,    0,    0,    0,    0,    0,    0,    0,    0,    0,    0,    0,    0,    0,    0,    0,    0,    0,    0,    0,    0,    0,    0,    0,    0,    0,    0,    0,   39,   35,   14,   35,   30,    0,    0,
       4,    0,    0,    0,    0,    0,    4,    0,    7,   19,    0,    0,    0,    0,    0,    0,    0,    0,    0,    0,    0,    0,    0,    0,    0,    0,   13,   36,    0,    6,    2,   -3,   -3,   -2,    0,   -3,   11,    0,    4,  -20,   -2,  -12,   14,   -1,    0,    0,    0,    0,  -13,    0,    0,    0,  -13,    0,   -5,    0,    0,    0,    0,    0,    0,    0,    0,    0,    0,    0,    0,    0,    0,    0,  -20,  -20,    0,    0,  -12,   -6,  -13,    0,    0,    0,    0,    0,    0,    0,    0,    0,    0,    0,    0,    0,    0,    0,    0,    0,    0,    0,    0,    0,    0,    0,    0,    0,    0,    0,    0,    0,    0,    0,    0,    0,    0,    0,    0,    0,    0,    0,    0,    0,    0,    0,    2,    0,    0,    0,    0,   14,    0,
       4,  -24,    0,    0,    0,    0,  -24,    0,    4,    0,    0,    0,    0,    0,    0,    0,    0,    0,    0,    0,    0,    0,    4,    0,    5,    0,    0,    0,    0,    4,  -15,   -6,  -19,  -15,    0,  -14,   11,   -7,    0,    0,   -2,    0,   -5,    0,    0,    0,    0,    0,   -2,   -1,    0,  -12,    0,   -8,    0,    0,    0,    0,    0,  -20,    0,   11,    0,  -18,    0,    0,    0,    0,    0,   -7,    0,    0,    0,    0,    0,   -5,   -2,    0,    0,    0,    0,    0,    0,    0,    0,    0,    0,    0,    0,    0,    0,    0,    0,    0,    0,    0,    0,    0,    0,    0,    0,    0,    0,    0,    0,    0,    0,    0,    0,    0,    0,    0,    0,    0,    0,    0,    0,    0,    0,    0,  -35,  -24,   -4,  -18,    0,   20,    0,
       0,   -7,    0,    0,    0,    0,  -14,    0,    7,    7,    0,    0,    0,    0,    0,    0,    0,    0,    0,    0,    4,    0,    0,    0,   11,    4,    9,   11,    7,    7,    0,   -2,   -2,   -2,    7,    0,    9,    0,    7,    0,    0,    0,    0,    0,    0,   -2,    0,    0,    0,    0,    0,   -5,    1,   -4,    0,   14,    0,    0,    0,    0,    0,   11,    0,    0,    0,    0,    0,    0,    0,  -11,    0,    0,    0,    0,    0,   -2,    0,    0,    0,    0,    0,    0,    0,    0,    0,    0,    0,    0,    0,    0,    0,    0,    0,    0,    0,    0,    0,    0,    0,    0,    0,    0,    0,    0,    0,    0,    0,    0,    0,    0,    0,    0,    0,    0,    0,    0,    0,    0,    0,    0,   -4,   -8,    0,    0,    0,   23,    0,
       0,    0,    0,    0,    0,    0,    0,    0,    0,    0,    0,    0,    0,    0,    0,    0,    0,    0,    0,    0,    0,    0,    0,    0,    0,    4,    7,   14,    4,    2,    0,    0,    5,    5,    0,    2,    0,    0,    0,  -11,   -6,   -7,    5,   -6,    0,   -2,    0,    0,   -6,   -2,   -2,   -4,  -11,    0,    0,    0,    0,    0,    0,    0,    0,   11,    0,    0,    0,    0,    0,    0,    0,    0,  -11,  -11,    0,    0,   -7,    0,   -6,    0,    0,    0,    0,    0,    0,    0,    0,    0,    0,    0,    0,    0,    0,    0,    0,    0,    0,    0,    0,    0,    0,    0,    0,    0,    0,    0,    0,    0,    0,    0,    0,    0,    0,    0,    0,    0,    0,    0,    0,    0,    0,    0,   -2,    0,    0,    0,    0,    0,    0,
       0,  -13,    0,    0,    0,    0,    0,    0,    4,    6,    0,    0,    0,    0,    0,    0,    0,    0,    0,    0,    0,    0,    0,    0,    0,    7,    0,    7,    0,    0,   -9,   -5,  -11,   -7,    0,  -14,    7,    0,    3,   -4,   -7,   -5,   -4,    0,    0,    0,    0,    0,   -5,    0,    0,   -4,    2,   -4,    0,    0,    0,    0,    0,   -7,   -4,    0,    0,    0,    0,    0,    0,    0,    0,   -6,   -4,   -4,    0,    0,   -5,   -2,   -5,    0,    0,    0,    0,    0,    0,    0,    0,    0,    0,    0,    0,    0,    0,    0,    0,    0,    0,    0,    0,    0,    0,    0,    0,    0,    0,    0,    0,    0,    0,    0,    0,    0,    0,    0,    0,    0,    0,    0,    0,    0,    0,    0,   -7,  -14,    0,  -11,    0,   19,    0,
       0,  -20,    0,    0,    0,    0,    0,    0,    0,    2,    0,    0,    0,    0,    0,    0,    0,    0,    0,    0,    0,    0,    0,    0,   -4,    0,    4,    0,    0,    0,  -20,   -2,  -15,   -8,  -11,  -30,    0,    0,    0,    0,   -6,    0,   -7,   -4,    0,    0,    0,    0,   -4,    0,    0,   -4,   -7,   -5,    0,    0,    0,    0,    0,    0,    0,   14,    0,   -7,    0,    0,    0,    0,    0,  -11,    0,    0,    0,    0,    0,   -5,   -4,    0,    0,    0,    0,    0,    0,    0,    0,    0,    0,    0,    0,    0,    0,    0,    0,    0,    0,    0,    0,    0,    0,    0,    0,    0,    0,    0,    0,    0,    0,    0,    0,    0,    0,    0,    0,    0,    0,    0,    0,    0,    0,    0,  -30,  -32,    0,   -7,    0,    0,    0,
       0,    0,    0,    0,    0,    0,    0,    0,    0,    0,    0,    0,    0,    0,    0,    0,    0,    0,    0,    0,    0,    0,    0,    0,    0,    1,    7,    7,    0,    4,   -6,   -4,   -4,   -4,    0,  -14,    0,    0,    0,  -11,   -5,   -6,    0,    0,   -4,    5,   -4,    0,  -10,    0,   -2,   -7,  -15,    2,   -4,    0,    0,    0,    0,    0,    0,    7,    0,    0,    0,    0,    0,    0,    0,    0,  -11,  -11,   -4,   -4,   -6,    0,  -10,    0,    0,    0,    0,    0,    0,    0,    0,    0,    0,    0,    0,    0,    0,    0,    0,    0,    0,    0,    0,    0,    0,    0,    0,    0,    0,    0,    0,    0,    0,    0,    0,    0,    0,    0,    0,    0,    0,    0,    0,    0,    0,    0,    0,   -4,    0,   -2,    0,    0,    0,
       0,    0,    0,    0,    0,    0,    0,    0,  -37,   -2,    0,    0,    0,    0,    0,    0,    0,    0,    0,    0,    0,    0,   -4,    0,  -25,  -11,    7,  -20,  -13,    0,   -3,   -7,  -11,  -10,  -23,  -18,    0,   -3,  -25,  -29,   -8,  -15,    0,  -13,    0,    0,    0,    0,  -15,    0,    0,    0,  -21,    5,   -8,    0,    0,    0,    0,    0,   -7,    0,    0,    0,    0,    0,    0,    0,    0,  -16,  -29,  -29,    0,    0,  -15,  -15,  -15,    0,    0,    0,    0,    0,    0,    0,    0,    0,    0,    0,    0,    0,    0,    0,    0,    0,    0,    0,    0,    0,    0,    0,    0,    0,    0,    0,    0,    0,    0,    0,    0,    0,    0,    0,    0,    0,    0,    0,    0,    0,    0,    0,   -4,    0,    0,    0,    0,  -27,    0,
       0,  -13,    0,    0,    0,    0,   -7,    0,    7,    3,    0,    0,    0,    0,    0,    0,    0,    0,    0,    0,    0,    0,    2,    0,    7,    0,   11,    0,    2,    5,  -18,   -4,  -16,  -13,    0,  -16,    4,    0,    2,   -2,   -9,   -4,    0,    2,    0,    0,    0,    0,   -6,    0,    0,   -6,   -6,   -4,    0,    0,    0,    0,    0,    0,    0,    7,    0,   -7,    0,    0,    0,    0,    0,  -11,   -2,   -2,    0,    0,   -4,   -5,   -6,    0,    0,    0,    0,    0,    0,    0,    0,    0,    0,    0,    0,    0,    0,    0,    0,    0,    0,    0,    0,    0,    0,    0,    0,    0,    0,    0,    0,    0,    0,    0,    0,    0,    0,    0,    0,    0,    0,    0,    0,    0,    0,    0,  -10,   -6,    0,   -7,    0,    0,    0,
       2,   -2,    0,    0,    0,    0,    0,    0,    0,    3,    0,    0,    0,    0,    0,    0,    0,    0,    0,    0,    0,    0,    2,    0,    0,    0,    7,   -4,    0,    5,    0,    0,    0,    0,    0,    0,    4,    0,    0,   -7,   -4,   -4,    2,   -2,    0,    0,    1,    0,   -4,    0,    0,    0,  -11,    0,    0,    7,    0,    0,    0,    0,    0,    0,    0,    0,    0,    0,    0,    0,    0,   -4,   -7,   -7,    0,    0,   -4,   -5,   -4,    0,    0,    0,    0,    0,    0,    0,    0,    0,    0,    0,    0,    0,    0,    0,    0,    0,    0,    0,    0,    0,    0,    0,    0,    0,    0,    0,    0,    0,    0,    0,    0,    0,    0,    0,    0,    0,    0,    0,    0,    0,    0,    0,    4,    0,    0,    0,    0,   15,    0,
       4,  -14,    0,    0,    0,    0,  -11,    0,    7,    3,    0,    0,    0,    0,    0,    0,    0,    0,    0,    0,    4,    0,    0,    0,    3,    0,    4,    0,    4,    5,  -12,   -2,  -16,  -16,    0,  -17,    4,    0,    3,    0,   -5,   -4,    0,    0,    0,    0,    0,    0,   -3,    0,    0,  -11,   -1,   -9,    0,    0,    0,    0,    0,   -5,    0,    7,    0,   -7,    0,    0,    0,    0,    0,   -5,    0,    0,    0,    0,   -4,    0,   -3,    0,    0,    0,    0,    0,    0,    0,    0,    0,    0,    0,    0,    0,    0,    0,    0,    0,    0,    0,    0,    0,    0,    0,    0,    0,    0,    0,    0,    0,    0,    0,    0,    0,    0,    0,    0,    0,    0,    0,    0,    0,    0,    0,  -15,  -14,    0,  -11,    0,   15,    0,
       0,   -4,    0,    0,    0,    0,    0,    0,  -14,    0,    0,    0,    0,    0,    0,    0,    0,    0,    0,    0,    0,    0,    0,    0,  -23,    0,    7,   -7,  -15,    4,  -10,   -4,  -10,   -7,  -25,  -20,   -4,   -7,  -20,  -16,   -7,   -6,    0,   -7,    0,    0,    0,    0,   -9,    0,    0,   -2,  -11,   -4,   -2,    0,    0,    0,    0,    0,    0,   11,    0,    0,    0,    0,    0,    0,    0,  -10,  -16,  -16,    0,    0,   -6,  -11,   -9,    0,    0,    0,    0,    0,    0,    0,    0,    0,    0,    0,    0,    0,    0,    0,    0,    0,    0,    0,    0,    0,    0,    0,    0,    0,    0,    0,    0,    0,    0,    0,    0,    0,    0,    0,    0,    0,    0,    0,    0,    0,    0,    0,  -11,  -11,    0,    0,    0,  -16,    0,
       0,    0,    0,    0,    0,    0,    0,    0,    0,    3,    0,    0,    0,    0,    0,    0,    0,    0,    0,    0,    0,    0,    0,    0,    3,    0,    7,    0,    0,    0,   -2,    4,   -9,   -6,   -4,  -18,    7,    0,    0,   -6,   -5,   -4,    2,   -4,    0,    0,    0,    0,   -4,    0,    0,    2,   -5,    5,    0,    0,    0,    0,    0,    0,    0,    0,    0,    0,    0,    0,    0,    0,    0,    0,   -6,   -6,    0,    0,   -4,   -9,   -4,    0,    0,    0,    0,    0,    0,    0,    0,    0,    0,    0,    0,    0,    0,    0,    0,    0,    0,    0,    0,    0,    0,    0,    0,    0,    0,    0,    0,    0,    0,    0,    0,    0,    0,    0,    0,    0,    0,    0,    0,    0,    0,    0,    0,    0,    0,    0,    0,    0,    0,
       0,   -4,    0,    0,    0,    0,   -7,    0,    2,    0,    0,    0,    0,    0,    0,    0,    0,    0,    0,    0,    0,    0,    0,    0,    0,   -2,    4,    0,   -4,    2,   -3,    0,  -14,   -9,   -4,  -22,    0,    0,    0,   -4,   -5,    0,    1,   -7,   -4,    0,    0,    0,   -7,    0,   -4,   -4,   -7,   -4,   -4,    0,    0,    0,    0,    0,    0,    0,    0,    0,    0,    0,    0,    0,    0,   -3,   -4,   -4,   -4,   -4,    0,   -5,   -7,    0,    0,    0,    0,    0,    0,    0,    0,    0,    0,    0,    0,    0,    0,    0,    0,    0,    0,    0,    0,    0,    0,    0,    0,    0,    0,    0,    0,    0,    0,    0,    0,    0,    0,    0,    0,    0,    0,    0,    0,    0,    0,    0,    0,   -3,    0,   -2,    0,    0,    0,
       0,    0,    0,    0,    0,    0,    0,    0,    0,    0,    0,    0,    0,    0,    0,    0,    0,    0,    0,    0,    0,    0,    0,    0,    0,    0,    0,   22,    0,    0,    0,    0,    0,    0,    0,    0,    0,    0,    0,    0,    0,    0,   37,    0,    0,   11,    0,   14,    0,    0,    0,    0,    0,    7,    0,    0,    0,    0,    0,    0,    0,    0,    0,    0,    0,    0,    0,    0,    0,   37,    0,    0,    0,    0,    0,   11,    0,    0,    0,    0,    0,   22,    0,    0,    0,    0,    0,    0,    0,    0,    0,    0,    0,    0,    0,    0,    0,    0,    0,    0,    0,    0,   14,    7,    0,    0,    0,    0,    0,    0,    0,    0,   11,    0,    0,    0,    0,    0,    0,    0,    0,    0,    0,    0,    0,    0,    0,
       0,    0,    0,    0,    0,    0,    0,    0,    0,    0,    0,    0,    0,    0,    0,    0,    0,    0,    0,    0,    0,    0,    0,    0,    0,    0,    0,    9,    0,    0,  -14,  -16,  -31,  -31,   -9,  -33,    0,    0,    0,  -11,   -7,   -7,   29,    0,   -4,    0,    0,    0,    0,    0,   -4,    0,   -7,    0,    0,    0,    0,    0,    0,    0,    0,    0,    0,    0,    0,    0,    0,    0,    0,    0,  -11,  -11,   -4,    0,   -7,    0,    0,    0,    0,    0,    0,    0,    0,    0,    0,    0,    0,    0,    0,    0,    0,    0,    0,    0,    0,    0,    0,    0,    0,    0,    0,    0,    0,    0,    0,    0,    0,    0,    0,    0,    0,    0,    0,    0,    0,    0,    0,    0,    0,    0,    0,    0,    0,    0,    0,    0,    0,
       0,    0,    0,    0,    0,    0,    0,    0,    0,    0,    0,   -4,    0,   -2,    0,    0,    0,   -3,    0,    0,    0,    0,    0,    0,    0,    0,    0,    0,    0,    0,    0,    0,    0,    0,    0,    0,    0,    0,    0,    0,    0,    0,    0,    0,    0,    0,    0,    0,    0,    0,    0,    0,    0,    0,    0,    0,    0,    0,    0,    0,    0,    0,    0,    0,    0,    0,    0,    0,    0,    0,    0,    0,    0,    0,    0,    0,    0,    0,    0,    0,    0,    0,    0,    0,    0,    0,    0,    0,    0,    0,    0,    0,    0,    0,    0,    0,    0,    0,    0,    0,    0,    0,    0,    0,    0,    0,    0,    0,    0,    0,    0,    0,    0,    0,    0,    0,    0,    0,    0,    0,    0,    0,    0,    0,    0,    0,    0,
       0,    0,    0,    0,    0,    0,    0,    0,    0,    0,    0,    0,    0,    0,    0,    0,    0,    0,    0,    0,    0,    0,    0,    0,    0,    0,   16,    0,    0,    0,    0,    0,    0,    0,    0,    0,    0,    0,    0,    0,    0,    0,    0,    0,    0,    0,    0,    0,    0,    0,    0,    0,    0,    0,    0,    0,    0,    0,    0,    0,    0,    0,    0,    0,    0,    0,    0,    0,    0,    0,    0,    0,    0,    0,    0,    0,    0,    0,    0,   16,    0,    0,    0,    0,    0,    0,    0,    0,    0,    0,    0,    0,    0,    0,    0,    0,    0,    0,    0,    0,    0,    0,    0,    0,    0,    0,    0,    0,    0,    0,    0,    0,    0,    0,    0,    0,    0,    0,    0,    0,    0,    0,    0,    0,    0,    0,    0,
       0,    0,    0,    0,    0,  -21,    0,    0,   -3,    0,    0,    0,    0,   -4,    0,    0,    0,   -4,    0,    0,    0,    0,  -11,    0,    0,    0,    0,    0,    0,    0,  -11,  -13,  -22,  -21,   -4,  -17,    0,    0,    0,   -7,   -7,   -7,    0,    0,    0,    0,    0,    0,   -4,    0,    0,    0,   -7,    0,   -4,    0,    0,    0,    0,    0,  -50,  -36,    0,    0,    0,    0,    0,    0,    0,    0,   -7,   -7,    0,    0,   -7,    0,   -4,    0,  -11,    0,    0,    0,    0,  -14,    0,    0,   -4,    0,    0,    0,  -16,    0,   -7,    0,    0,    0,   -7,   -7,    0,    0,    0,    0,    0,    0,   -7,   -4,    3,    0,   -7,   -4,    0,    0,    0,    0,  -22,    0,    0,    0,  -17,    0,   -6,    0,    0,    0,    0,    0,    0,
       0,    0,    0,    0,    0,  -21,    0,    0,   -4,  -16,    0,  -15,  -11,   -8,   -2,   -8,    0,  -31,    0,  -11,    0,    0,    0,    0,   -7,    0,    3,  -14,   -4,   -4,  -27,   -4,  -12,  -11,  -26,  -26,   -4,  -14,    0,    0,    0,    0,    0,    0,    0,    0,    0,    0,    0,    0,    0,   -7,  -19,    0,   -7,    0,    0,    0,    0,    0,    0,    0,    0,    0,    0,    0,  -36,   -9,  -21,    0,    0,    0,    0,    0,    0,    0,    0,    0,  -27,    3,   -4,  -14,  -23,  -23,   -7,  -23,  -26,    0,   -4,    0,  -26,    0,    0,    0,    0,    0,    0,  -19,    0,    0,    0,   -7,    0,    0,  -19,    0,    3,    0,    0,    0,    0,    0,    0,  -19,  -12,   -7,    0,    0,  -26,  -21,    0,   -3,    0,    0,    0,    0,   -7,
       0,    0,    0,    0,    0,    0,    0,    0,    0,    0,    0,    0,    0,    0,    0,    0,    0,  -12,    0,    0,    0,    0,    0,    0,    0,    0,    0,    0,    0,    0,    0,    0,    0,    0,    0,    0,    0,    0,    0,    0,    0,    0,    0,    0,    0,    0,    0,    0,    0,    0,    0,    0,    0,    0,    0,    0,    0,    0,    0,    0,    0,    0,    0,    0,    0,    0,    0,    0,    0,    0,    0,    0,    0,    0,    0,    0,    0,    0,    0,    0,    0,    0,    0,    0,    0,    0,    0,    0,    0,    0,    0,    0,    0,    0,    0,    0,    0,    0,    0,    0,    0,    0,    0,    0,    0,    0,    0,    0,    0,    0,    0,    0,    0,    0,    0,    0,    0,    0,    0,    0,    0,    0,    0,    0,    0,    0,    0,
       0,    0,    0,    0,    0,    0,   -7,    0,    7,    3,    0,    0,    0,    0,    0,    0,    0,    0,    0,    0,    4,    0,    0,    0,    0,    0,    0,    0,    0,    0,    0,    0,    0,    0,    0,    0,    0,    0,    0,    0,    0,    0,    0,    0,    0,    0,    0,    0,    0,    0,    0,    0,    0,    0,    0,   18,    0,    0,    0,    0,    0,    7,    0,    0,    0,    0,    0,    0,    0,    0,    0,    0,    0,    0,    0,    0,    0,    0,    0,    0,    0,    0,    0,    0,    0,    0,    0,    0,    0,    0,    0,    0,    0,    0,    0,    0,    0,    0,    0,    0,    0,    0,    0,    0,    0,    0,    0,    0,    0,    0,    0,    0,    0,    0,    0,    0,    0,    0,    0,    0,   -2,    0,    0,    0,    0,   30,    5,
       0,    0,    0,    0,    0,  -32,    0,    0,    0,  -23,    4,  -16,  -22,  -16,   -3,  -10,    0,  -30,    0,   -3,    0,    0,    0,    0,   -8,    0,   11,   -3,    0,    0,  -14,    0,   -9,   -9,  -22,  -17,   -4,   -6,    0,    0,    0,    0,    0,    0,    0,    0,    0,    0,    0,    0,    0,    0,    0,    0,    0,    0,    0,    0,    0,    0,    0,    0,    0,    0,    0,    0,    0,  -53,   -7,    0,    0,    0,    0,    0,    0,    0,    0,    0,  -14,   11,    0,   -3,    0,    0,   -8,    0,  -22,    0,    0,    0,    0,    0,    0,    0,    0,    0,    0,    0,    0,    0,    0,    0,    0,    0,    0,    0,    0,    0,    0,    0,    0,    0,    0,    0,   -9,    0,    0,    0,  -17,   -7,    0,    0,    0,    0,    0,    0,   -8,
     -18,  -19,    0,    0,    0,  -36,    0,    0,  -15,   -4,    0,  -14,  -15,   -8,    0,    0,    0,  -26,    0,   -3,    0,    0,    0,    0,  -11,   -7,    2,  -20,   -6,    0,  -30,  -15,  -21,  -26,  -17,  -28,  -11,  -23,    0,    0,  -13,    0,    0,   -4,    0,   -2,    0,    0,   -6,    0,    0,   -7,  -11,   -7,   -7,    0,    0,    0,    0,    0,    0,    0,    0,    0,    0,    0,  -50,  -28,  -18,    0,    0,    0,    0,    0,    0,    0,   -6,   -7,  -30,    2,    0,  -20,  -19,  -21,  -11,  -19,  -17,    0,   -6,    0,  -26,   -3,    0,    0,    0,    0,    0,  -11,    0,    0,    0,   -3,    0,   -7,  -11,    0,    3,    0,  -13,   -6,    0,    0,   -2,  -20,  -25,   -7,   -3,    0,  -28,  -18,  -25,  -28,    0,    0,    0,    0,  -11,
       0,    0,    0,    0,    0,    0,    0,    0,    0,    0,    0,    0,    0,    0,    0,    0,    0,  -11,    0,    0,    0,    0,    0,    0,  -11,    0,    4,    0,  -11,    4,  -16,  -19,  -21,  -14,   -8,  -21,    0,    0,    0,  -14,  -14,   -7,   31,    0,   -4,    0,   -7,    0,   -2,    0,   -7,   -7,   -7,    3,    0,    0,    0,    0,    0,    0,    0,    0,    0,    0,    0,    0,    0,    0,   -4,    0,  -14,  -14,   -4,    0,   -7,    0,   -2,    0,    0,    0,    0,    0,    0,    0,    0,    0,    0,    0,    0,    0,    0,    0,    0,    0,    0,    0,    0,    0,    0,    0,    0,    0,    0,    0,    0,    0,    0,    0,    0,    0,    0,    0,    0,    0,    0,    0,    0,    0,    0,    0,    0,    0,    0,    0,    0,    0,    0,
       0,  -20,    0,    0,    0,  -16,   -4,    0,  -30,  -23,    0,    0,  -11,  -11,    0,    0,    0,  -21,    0,    0,    0,    0,    0,    0,  -26,  -12,    9,  -16,  -18,    0,  -18,  -16,  -20,  -14,  -30,  -30,   -5,   -2,   -4,    0,   -2,    0,    0,    0,    0,    0,    0,    0,    0,    0,    0,    0,   -7,    0,    0,    0,    0,    0,    0,    0,    7,   11,    0,    0,    0,    4,    0,    0,  -41,    0,    0,    0,    0,    0,    0,    0,    0,    0,    0,    0,    0,    0,    0,    0,    0,    0,    0,    0,    0,    0,    0,    0,    0,    0,    0,    0,    0,    0,    0,    0,    0,    0,    0,    0,    0,    0,    0,    0,    0,    0,    0,    0,    0,    0,    0,    0,    0,    0,    0,    0,  -12,  -15,    0,    0,    0,  -11,    0,
       0,   -9,    0,    0,    0,    0,  -11,    0,    0,    0,    0,    0,    0,    0,    0,    0,    0,    0,    0,    0,    0,    0,    0,    0,    0,    4,    4,    0,    4,    4,  -11,   -4,    0,    0,    0,    0,    4,    0,    0,    2,   -4,    0,   -7,    0,    0,    0,    0,    0,    0,   -5,    0,  -18,    0,  -13,    0,    0,    0,    0,    0,   -7,    0,    0,    0,    0,    0,    0,    0,    0,    0,    0,    2,    2,    0,    0,    0,    0,    0,    0,    0,    0,    0,    0,    0,    0,    0,    0,    0,    0,    0,    0,    0,    0,    0,    0,    0,    0,    0,    0,    0,    0,    0,    0,    0,    0,    0,    0,    0,    0,    0,    0,    0,    0,    0,    0,    0,    0,    0,    0,    0,    0,  -15,  -11,    0,   -4,    0,   11,    0,
       7,    7,    0,    0,    0,    0,    7,    0,    7,    3,    0,    0,    0,    0,    0,    0,    0,    0,    0,    0,    4,    0,   11,    0,    0,   11,    7,   11,    7,   17,    7,    7,   11,   11,    7,   11,   13,    6,    0,    0,    9,    0,    0,    0,    0,    0,    0,    0,    0,    0,    0,   -7,    0,   -4,    0,   18,    0,    0,    0,    7,    0,   11,    0,    7,    0,    0,    0,    0,    0,    0,    0,    0,    0,   27,    0,    0,    0,    0,    0,    0,    0,    0,    0,    0,    0,    0,    0,    0,    0,    0,    0,    0,    0,    0,    0,    0,    0,    0,    0,    0,    0,    0,    0,    0,    0,    0,    0,    0,    0,    0,    0,    0,    0,    0,    0,    0,    0,    0,    0,    0,    4,    7,    7,    7,    0,   20,    0,
       0,  -11,    0,    0,    0,    0,    0,    0,    0,    0,    0,    0,    0,    0,    0,    0,    0,    0,    0,    0,    0,    0,    0,    0,    0,    0,    0,    0,    0,    0,    0,    0,    0,   -5,    0,   -7,    0,    0,    0,   -4,    0,    0,    0,    0,    0,    0,    0,    0,   -5,    0,    0,   -2,   -7,    0,    0,    0,    0,    0,    0,    0,    0,    7,    0,    0,    0,    0,    0,    0,    0,    0,   -4,   -4,    0,    0,    0,   -5,   -5,    0,    0,    0,    0,    0,    0,    0,    0,    0,    0,    0,    0,    0,    0,    0,    0,    0,    0,    0,    0,    0,    0,    0,    0,    0,    0,    0,    0,    0,    0,    0,    0,    0,    0,    0,    0,    0,    0,    0,    0,    0,    0,    0,  -14,  -11,    0,    0,    0,    0,    0,
       0,  -63,    0,    0,    0,   -8,  -76,    0,    0,    0,  -14,    0,   -7,  -16,  -14,  -11,  -16,  -12,  -12,  -18,    0,    0,   -4,    0,    2,   -2,  -12,   -7,    0,   -1,  -40,  -35,  -48,  -37,   -4,  -37,   -2,  -33,   -2,  -15,  -20,  -23,  -17,   -4,  -21,  -30,  -15,  -16,  -14,  -17,  -17,  -44,   -7,  -76,   -4,    0,    0,    0,  -25,  -58,  -25,  -11,    0,  -71,    0,  -28,   -2,    0,    0,  -18,  -15,  -15,  -21,  -21,  -23,   -7,  -14,    0,    0,    0,    0,    0,    0,    0,    0,    0,    0,    0,    0,    0,    0,    0,    0,    0,    0,    0,    0,    0,    0,    0,    0,    0,    0,    0,    0,    0,    0,    0,    0,    0,    0,    0,    0,    0,    0,    0,    0,    0,    0,    0,  -74,  -62,    0,  -58,    0,    0,    0,
       0,  -15,    0,    0,    0,    0,    0,    0,   15,    3,    0,    0,    0,    0,    0,    0,    0,    0,    0,    0,    7,    0,    0,    0,    7,    0,    7,    7,    2,    4,   -4,   -3,   -8,   -7,    4,  -12,    7,    0,    2,    0,   -2,   -2,    0,   11,    0,    6,    0,    0,   -1,   -1,    0,  -11,    0,  -11,    0,    0,    0,    0,    0,    0,    0,    0,    0,   -3,    0,    0,    0,    0,    4,   -2,    0,    0,    0,    0,   -2,   -2,   -1,    0,    0,    0,    0,    0,    0,    0,    0,    0,    0,    0,    0,    0,    0,    0,    0,    0,    0,    0,    0,    0,    0,    0,    0,    0,    0,    0,    0,    0,    0,    0,    0,    0,    0,    0,    0,    0,    0,    0,    0,    0,    0,    0,   -9,  -11,    0,    0,    0,   20,    0,
      24,   31,    0,    0,    0,   43,   37,    0,    4,    0,    0,    0,    0,    0,    0,    0,    0,    0,    0,    0,    0,    0,   24,    0,    0,    0,    0,    0,    0,    0,    0,    0,    0,    0,    0,    0,    0,    4,    0,   -2,   47,   -4,   18,    0,   18,   18,    0,    0,   -1,    6,   -1,  -10,    0,   -9,    0,    0,    0,    0,    0,   -3,    0,    0,    0,    0,    0,    0,    0,    0,    0,   -4,   -2,   -2,   18,    0,   -4,    0,    2,    0,    0,    0,    0,    0,    0,    0,    0,    0,    0,    0,    0,    0,    0,    0,    0,    0,    0,    0,    0,    0,    0,    0,    0,    0,    0,    0,    0,    0,    0,    0,    0,    0,    0,    0,    0,    0,    0,    0,    0,    0,    0,    0,   27,   35,    0,   -3,    0,   21,    0,
       0,   -7,    0,    0,    0,    0,  -14,    0,    7,    7,    0,    0,    0,    0,    0,    0,    0,    0,    0,    0,    4,    0,    0,    0,   11,    4,    9,   11,    7,    7,    0,   -2,   -2,   -2,    7,    0,    9,    0,    7,    0,    0,    0,    0,   11,    0,    4,    0,   13,    0,    0,    0,   -5,    1,   -4,    0,   14,    0,    0,    0,    0,    0,   11,    0,    0,    0,    0,    0,    0,    0,  -11,    0,    0,    0,    0,    0,   -2,    0,    0,    0,    0,    0,    0,    0,    0,    0,    0,    0,    0,    0,    0,    0,    0,    0,    0,    0,    0,    0,    0,    0,    0,    0,    0,    0,    0,    0,    0,    0,    0,    0,    0,    0,    0,    0,    0,    0,    0,    0,    0,    0,    0,   -4,   -8,    0,    0,    0,   23,    0,
       0,  -71,    0,    0,    0,  -12,  -58,    0,    0,    0,    0,   -4,   -7,   -4,   -3,   -4,    0,  -11,    0,  -17,    0,    0,    0,    0,    2,   -3,   -7,  -17,   -2,   -3,  -40,  -34,  -33,  -33,   -7,  -25,    1,  -41,    0,    0,    0,   -2,   -4,    0,    0,    0,    0,    0,   -4,   -4,   -2,  -31,   -7,  -23,    0,    0,    0,    0,    0,  -50,    0,    0,    0,  -42,    0,  -11,    0,    0,    2,    0,    0,    0,    0,    0,   -2,    0,   -4,    0,    0,    0,    0,    0,    0,    0,    0,    0,    0,    0,    0,    0,    0,    0,    0,    0,    0,    0,    0,    0,    0,    0,    0,    0,    0,    0,    0,    0,    0,    0,    0,    0,    0,    0,    0,    0,    0,    0,    0,    0,    0,    0,  -58,  -58,    0,  -47,    0,    7,    0,
       0,   -3,    0,    0,    0,    0,    0,    0,    4,    0,    0,    0,    0,    0,    0,    0,    0,    0,    0,    0,    0,    0,    0,    0,    4,    4,    7,    0,    0,    9,   -2,    3,    4,    4,    4,   -2,    7,    4,    0,   -2,   -2,   -4,   -2,    0,    0,    0,    0,    0,   -1,   -2,   -1,   -8,    0,  -11,    0,    0,    0,    0,    0,   -3,    0,    0,    0,    0,    0,    0,    0,    0,    0,   -4,   -2,   -2,    0,    0,   -4,   -2,   -1,    0,    0,    0,    0,    0,    0,    0,    0,    0,    0,    0,    0,    0,    0,    0,    0,    0,    0,    0,    0,    0,    0,    0,    0,    0,    0,    0,    0,    0,    0,    0,    0,    0,    0,    0,    0,    0,    0,    0,    0,    0,    0,    0,    0,   -4,    0,   -3,    0,   21,    0,
      11,   11,    0,    0,    0,   25,   12,    0,    0,    3,    0,    0,    0,    0,    0,    0,    0,    0,    0,    0,    0,    0,   11,    0,    0,    0,    7,   -4,    0,    5,    0,    0,    0,    0,    0,    0,    4,    0,    0,   -7,   24,   -4,    2,   -2,    4,    4,    1,    0,   -4,    0,    0,    0,  -11,    0,    0,    7,    0,    0,    0,    0,    0,    0,    0,    0,    0,    0,    0,    0,    0,   -4,   -7,   -7,    4,    0,   -4,   -5,   -4,    0,    0,    0,    0,    0,    0,    0,    0,    0,    0,    0,    0,    0,    0,    0,    0,    0,    0,    0,    0,    0,    0,    0,    0,    0,    0,    0,    0,    0,    0,    0,    0,    0,    0,    0,    0,    0,    0,    0,    0,    0,    0,    0,   18,   14,    0,    0,    0,   15,    0,
       4,  -14,    0,    0,    0,    0,  -11,    0,    7,    3,    0,    0,    0,    0,    0,    0,    0,    0,    0,    0,    4,    0,    0,    0,    3,    0,    4,    0,    4,    5,  -12,   -2,  -16,  -16,    0,  -17,    4,    0,    3,    0,   -5,   -4,    0,    0,    0,    8,    0,    0,   -3,    0,    0,  -11,   -1,   -9,    0,    0,    0,    0,    0,   -5,    0,    7,    0,   -7,    0,    0,    0,    0,    0,   -5,    0,    0,    0,    0,   -4,    0,   -3,    0,    0,    0,    0,    0,    0,    0,    0,    0,    0,    0,    0,    0,    0,    0,    0,    0,    0,    0,    0,    0,    0,    0,    0,    0,    0,    0,    0,    0,    0,    0,    0,    0,    0,    0,    0,    0,    0,    0,    0,    0,    0,    0,  -15,  -14,    0,  -11,    0,   15,    0,
       2,  -12,    0,    0,    0,   -7,  -12,    0,   -3,    0,    9,    0,   -6,   -2,    4,    0,    4,    0,    0,   -2,    0,    0,    0,   11,   -5,   -4,   11,   -7,   -3,    0,  -11,   -2,  -17,  -11,  -17,  -25,    0,    0,  -17,    2,    0,    0,    0,    0,    4,    4,    4,    4,    0,    4,    4,    0,   -7,    0,    0,    0,    0,    0,    7,    0,    2,   14,    0,    0,    0,   11,    0,    0,  -23,   -3,    2,    2,    4,    4,    0,    0,    0,    0,    0,    0,    0,    0,    0,    0,    0,    0,    0,    0,    0,    0,    0,    0,    0,    0,    0,    0,    0,    0,    0,    0,    0,    0,    0,    0,    0,    0,    0,    0,    0,    0,    0,    0,    0,    0,    0,    0,    0,    0,    0,    0,   -2,  -11,    0,    0,    0,    0,    0,
       0,    0,    0,    0,    0,    0,    0,    0,    0,    0,    0,    0,    0,    0,    0,    0,    0,    0,    0,    0,    0,    0,    0,    0,    0,    0,    0,    0,    0,    0,    0,    0,    0,    0,    0,    0,    0,    0,    0,    0,    0,    0,   -4,   -4,    0,    0,    0,    0,   -4,    0,    0,   -4,   -7,   -4,    0,    0,    0,    0,    0,    0,    0,    7,    0,    0,    0,    0,    0,    0,    0,    0,    0,    0,    0,    0,    0,    0,   -4,    0,    0,    0,    0,    0,    0,    0,    0,    0,    0,    0,    0,    0,    0,    0,    0,    0,    0,    0,    0,    0,    0,    0,    0,    0,    0,    0,    0,    0,    0,    0,    0,    0,    0,    0,    0,    0,    0,    0,    0,    0,    0,    0,    0,    0,    0,    0,    0,    0,    0,
       0,    0,    0,    0,    0,    0,    0,    0,  -23,  -20,    0,   -5,   -9,   -7,  -12,   -7,   -7,    0,    0,   -4,   -7,    0,    0,    0,  -24,    0,    0,    0,    0,    0,    0,    0,    2,    2,   -3,    3,    0,    0,  -34,  -17,    5,  -16,   -2,  -12,   -2,   -5,   -8,   -8,  -21,  -11,  -16,  -17,  -27,  -20,  -14,   19,    0,    0,    0,   19,  -19,    0,    0,   11,    0,   -4,  -13,    0,  -50,  -11,  -17,  -17,   -2,    4,  -16,    0,  -21,    0,    0,    0,    0,    0,    0,    0,    0,    0,    0,    0,    0,    0,    0,    0,    0,    0,    0,    0,    0,    0,    0,    0,    0,    0,    0,    0,    0,    0,    0,    0,    0,    0,    0,    0,    0,    0,    0,    0,    0,    0,    0,    0,    0,    0,    0,   15,    0,  -14,    0,
       0,    0,    0,    0,    0,    0,    0,    0,    0,    0,    0,    0,    0,    0,    0,    0,    0,    0,    0,    0,    0,    0,    0,    0,    0,   15,    0,   15,    7,    0,   15,   15,    7,    7,    7,    7,   15,    0,    0,    0,   11,    0,    0,    0,    0,    0,    0,    0,    0,    0,    0,    0,    0,    0,    0,   11,    0,    0,    0,   15,    0,    0,    0,   15,    0,    0,    0,    0,    0,    0,    0,    0,    0,    0,    0,    0,    0,    0,    0,    0,    0,    0,    0,    0,    0,    0,    0,    0,    0,    0,    0,    0,    0,    0,    0,    0,    0,    0,    0,    0,    0,    0,    0,    0,    0,    0,    0,    0,    0,    0,    0,    0,    0,    0,    0,    0,    0,    0,    0,    0,    0,    0,    0,   15,    0,    0,    0,
       0,   -7,    0,    0,    0,    0,    0,    0,    0,    0,    0,    0,    0,   -4,    0,    0,    0,   -4,    0,    0,    0,    0,    0,    0,    0,    0,    0,    0,    0,    0,    0,    0,    0,    0,    0,    0,    0,    0,    0,    0,    0,    0,    0,    0,    0,    0,    0,    0,    0,    0,    0,    0,    0,    0,    0,    0,    0,    0,    0,    0,    0,    0,    0,    0,    0,  -18,    0,    0,    0,    0,    0,    0,    0,    0,    0,    0,    0,   -2,   -7,   -7,    0,   -4,   -7,   -4,    0,   -7,   -5,   -7,   -1,  -11,  -11,    0,   -4,   -4,    0,   -5,   -7,   -7,   -7,   -2,   -3,    0,   -2,  -11,   -7,  -20,   -9,   -2,   -3,   -5,    0,    0,    0,   -7,   -8,  -18,    0,  -23,   -6,    0,    0,    0,    0,    0,    0,    0,    0,
       0,  -20,    0,    0,    0,    0,    0,    0,    4,    0,    0,    0,    0,    0,    0,    0,    0,    0,    0,    0,    0,    0,    0,    0,    0,    0,    0,    0,    0,    0,    0,    0,    0,    0,    0,    0,    0,    0,    0,    0,    0,    0,    0,    0,    0,    0,    0,    0,    0,    0,    0,    0,    0,    0,    0,    0,    0,    0,    0,    0,    0,    7,    0,    0,    0,    0,    0,    0,    0,    0,    0,    0,    0,    0,    0,    0,    0,    0,  -17,    3,    0,    0,    0,  -14,    5,    0,    0,    7,    0,    0,  -27,    7,    0,    0,    2,    0,    0,   -4,    0,    0,    0,    0,    0,    0,    2,   -9,    0,    0,    0,    0,    0,    0,    0,  -20,  -16,  -15,    0,    0,  -16,    2,  -23,  -23,    0,    0,    0,    0,    0,
       0,    3,    0,    0,    0,   -2,    0,    0,  -44,  -23,    0,    0,   -4,   -4,  -29,   -7,   -7,    2,    0,    0,    0,    0,    0,  -21,    0,    0,    0,    0,    0,    0,    0,    0,    0,    0,    0,    0,    0,    0,  -35,    0,    0,    0,    0,    0,    0,    0,    0,    0,    0,    0,    0,    0,    0,    0,    0,    0,    0,    0,    0,   11,  -35,  -27,    0,    3,    0,  -14,  -11,    0,    0,    0,    0,    0,    0,    0,    0,    0,    0,    0,    2,    0,    0,  -13,  -50,    4,  -33,  -50,   -5,   -7,    0,  -14,    0,  -23,  -42,   -4,  -20,  -22,  -43,  -32,  -30,  -16,  -16,  -67,  -23,  -23,  -31,  -19,    0,  -33,    0,  -25,    0,    0,  -11,    2,   11,  -16,  -37,  -15,   16,  -64,   11,    0,    0,    4,    0,  -34,    0,
       0,    0,    0,    0,    0,    4,    0,    0,    0,    0,    0,    0,    0,    0,    0,    0,    0,    0,    4,    0,    8,    0,    0,    0,    0,    0,    0,    0,    0,    0,    0,    0,    0,    0,    0,    0,    0,    0,   -3,    0,    0,    0,    0,    0,    0,    0,    0,    0,    0,    0,    0,    0,    0,    0,    0,    0,    0,    0,    0,    0,    0,    0,    0,    0,    0,    0,    0,    0,    0,    0,    0,    0,    0,    0,    0,    0,    0,    0,    0,   -4,    0,    2,    0,    0,   -4,    0,   -4,    0,    0,  -11,   -7,    0,    0,    0,   -2,    0,    0,   -4,   -4,   -2,    0,    0,   -2,  -14,   -4,  -20,   -9,    0,    0,   -4,    0,    4,   -2,    0,   -4,  -14,   -4,   -7,   -3,   -2,    2,    3,    0,    5,    0,    0,    0,
       0,   -7,    0,    0,    0,   -5,    0,    0,    0,    0,    4,   -2,   -7,   -2,    4,    0,   -2,   -2,   -2,   -2,    0,    0,    0,    0,    0,    0,    0,    0,    0,    0,    0,    0,    0,    0,    0,    0,    0,    0,   -2,    0,    0,    0,    0,    0,    0,    0,    0,    0,    0,    0,    0,    0,    0,    0,    0,    0,    0,    0,    0,    0,   -2,    7,    0,   -2,    0,    0,    0,    0,    0,    0,    0,    0,    0,    0,    0,    0,    0,   -2,   -5,    4,    1,    0,  -16,   -5,   -3,  -16,   -8,    0,    0,  -11,  -13,    0,    0,    0,   -3,   -3,   -2,   -8,   -4,   -3,   -3,   -4,   -3,  -12,   -5,  -12,   -5,   -2,   -2,   -3,   -2,   -2,   -2,    0,   -2,  -14,   -6,  -14,   -3,  -14,    0,   -9,    0,    0,    0,    0,    0,
       0,    0,    0,    0,    0,    0,    0,    0,    0,    0,    0,   -3,   -9,   -5,  -17,   -9,  -11,    0,   -7,   -7,    0,    0,    0,    0,    0,    0,    0,    0,    0,    0,    0,    0,    0,    0,    0,    0,    0,    0,    0,    0,    0,    0,    0,    0,    0,    0,    0,    0,    0,    0,    0,    0,    0,    0,    0,    0,    0,    0,    0,    0,  -18,    0,    0,    0,    0,    0,    0,    0,    0,    0,    0,    0,    0,    0,    0,    0,    0,    0,    0,   -4,   -1,    0,  -13,    0,    0,  -13,    0,   -4,    0,  -18,   -7,   -4,  -14,   -2,  -14,  -16,  -16,  -23,  -10,  -12,   -7,  -11,  -12,  -14,  -13,  -19,   -7,   -2,    0,  -16,   -2,    4,   -5,   -7,    0,  -16,  -17,  -26,    0,    0,   -2,   -3,    0,    0,    0,    0,    0,
       0,    0,    0,    0,    0,    0,    0,    0,  -26,  -12,   -7,   -4,  -15,  -13,  -18,  -15,   -7,    0,   -7,   -7,   -4,    0,    0,    0,    0,    0,    0,    0,    0,    0,    0,    0,    0,    0,    0,    0,    0,    0,  -36,    0,    0,    0,    0,    0,    0,    0,    0,    0,    0,    0,    0,    0,    0,    0,    0,    0,    0,    0,    0,    0,  -18,    0,    0,    0,    0,   -4,  -11,    0,    0,    0,    0,    0,    0,    0,    0,    0,    0,    0,    0,    0,    0,   -7,  -36,    0,  -31,  -36,   -5,   -7,   -7,  -11,   -4,  -13,  -16,   -2,  -16,  -20,  -16,  -35,  -19,  -13,   -8,  -39,  -10,  -11,  -26,  -11,  -13,  -19,    0,  -19,   -5,    7,   -5,    0,    5,  -12,  -30,  -15,    0,  -36,    0,    0,    0,    0,    0,  -12,    0,
       0,  -33,    0,    0,    0,    0,    0,    0,    0,    0,    0,    0,    0,    0,    0,    0,    0,    0,    0,    0,    0,    0,    0,    0,    0,    0,    0,    0,    0,    0,    0,    0,    0,    0,    0,    0,    0,    0,    0,    0,    0,    0,    0,    0,    0,    0,    0,    0,    0,    0,    0,    0,    0,    0,    0,    0,    0,    0,    0,    0,    0,    3,    0,    0,    0,    0,    0,    0,    0,    0,    0,    0,    0,    0,    0,    0,    0,   -7,  -44,    2,    0,   -9,  -18,  -35,    0,  -18,   -9,   -4,   -7,    0,  -54,    0,    0,    0,    2,    0,    0,   -7,   -2,    0,    0,    0,    0,   -7,   -4,   -7,   -2,    0,    0,    0,    0,    0,    0,  -38,  -39,   -7,    0,   -7,  -39,    0,  -39,  -32,    0,    0,    0,    0,    0,
       0,  -39,    0,    0,    0,    0,    0,    0,    0,    0,    0,    0,    0,    0,    0,    0,    0,    0,    0,    0,    0,    0,    0,    0,    0,    0,    0,    0,    0,    0,    0,    0,    0,    0,    0,    0,    0,    0,    0,    0,    0,    0,    0,    0,    0,    0,    0,    0,    0,    0,    0,    0,    0,    0,    0,    0,    0,    0,    0,    0,    0,    0,    0,    0,    0,    0,    0,    0,    0,    0,    0,    0,    0,    0,    0,    0,    0,    0,  -51,  -13,   -7,   -4,   -7,  -29,    3,   -7,    0,  -11,    0,  -20,  -58,    4,    0,    0,    0,    0,    0,   -7,   -7,   -2,   -2,    0,   -5,  -11,    0,  -21,  -15,    0,   -6,    0,    0,    0,    0,  -44,  -51,  -23,    0,  -26,  -45,   -2,  -37,  -32,    0,    0,    0,    0,    0,
       0,   -4,    0,    0,    0,    0,   -2,    0,    0,    0,   -4,    0,    0,   -7,  -20,   -7,  -14,    0,   -2,   -9,    0,    0,    0,    0,    0,    0,    0,    0,    0,    0,    0,    0,    0,    0,    0,    0,    0,    0,    0,    0,    0,    0,    0,    0,    0,    0,    0,    0,    0,    0,    0,    0,    0,    0,    0,    0,    0,    0,    0,    0,  -25,  -14,    0,    0,    0,  -27,   -9,    0,    0,    0,    0,    0,    0,    0,    0,    0,    0,    0,   -5,  -12,   -5,   -7,   -7,    0,    0,   -7,    0,   -7,    0,  -30,   -7,    0,  -14,   -7,   -7,  -15,  -20,  -11,   -4,   -8,   -3,    0,   -3,  -33,  -11,  -32,  -27,    0,    0,  -14,   -7,    2,   -7,  -11,  -11,  -34,    0,  -42,   -7,    0,   -2,   -9,    0,    0,    0,    3,    0,
       0,   13,    0,    0,    0,    0,    0,    0,  -49,  -25,   -4,   -7,   -4,    0,  -29,  -11,  -14,    4,    0,   -4,   -2,    0,    0,   -2,    0,    0,    0,    0,    0,    0,    0,    0,    0,    0,    0,    0,    0,    7,  -58,    0,    0,    0,    0,    0,    0,    0,    0,    0,    0,    0,    0,    0,    0,    0,    0,    0,    0,    0,    0,    9,  -26,  -20,    0,    2,    0,   -2,  -15,    0,    0,    0,    0,    0,    0,    0,    0,    0,    0,    9,   18,    2,   13,    2,  -43,   30,  -49,  -43,   15,    4,    9,   -7,   12,   -4,  -35,    0,  -14,   -7,  -30,  -34,  -32,  -12,  -12,  -53,  -12,  -14,  -30,  -18,  -13,  -38,    3,  -21,   46,   46,   -7,   26,   33,  -12,  -46,    0,   23,  -57,   22,   16,    0,    4,    0,  -44,    0,
       0,  -63,    0,    0,    0,   -8,  -76,    0,    0,    0,  -14,    0,   -7,  -16,  -14,  -11,  -16,  -12,  -12,  -18,    0,    0,   -4,    0,    0,    0,    0,    0,    0,    0,    0,    0,    0,    0,    0,    0,    0,  -33,   -2,    0,    0,    0,    0,    0,    0,    0,    0,    0,    0,    0,    0,    0,    0,    0,    0,    0,    0,    0,  -25,  -58,  -25,  -11,    0,  -71,    0,  -28,   -2,    0,    0,    0,    0,    0,    0,    0,    0,    0,    0,   -2,  -40,  -12,   -1,   -7,   -4,  -32,    2,   -4,   -4,    0,    0,  -40,  -71,    0,  -15,  -16,   -3,  -14,  -23,  -15,   -8,  -17,  -15,    0,  -16,  -38,   -7,  -44,  -29,    0,  -20,  -14,  -21,  -21,  -16,  -47,  -57,  -44,   -7,  -47,  -37,    0,  -74,  -62,    0,  -58,    0,    0,    0,
       0,  -20,    0,    0,    0,  -11,  -14,    0,   -4,   -3,    0,   -3,  -11,   -2,    0,   -4,   -2,  -11,   -2,   -4,    0,    0,    0,    0,    0,    0,    0,    0,    0,    0,    0,    0,    0,    0,    0,    0,    0,  -11,  -15,    0,    0,    0,    0,    0,    0,    0,    0,    0,    0,    0,    0,    0,    0,    0,    0,    0,    0,    0,    0,   -7,    0,    7,    0,   -3,    0,    0,    0,    0,    0,    0,    0,    0,    0,    0,    0,    0,    0,   -8,  -18,   -2,   -2,   -6,  -26,  -21,  -12,  -26,  -16,  -14,   -8,  -16,  -34,   -5,   -4,   -7,   -7,  -16,   -3,  -20,  -14,   -4,   -4,  -12,   -3,  -12,   -9,  -23,  -14,   -3,   -7,   -8,   -2,   -2,   -4,  -23,  -29,  -25,  -14,  -16,  -26,  -14,  -14,  -21,    0,  -12,    0,    0,    0,
       0,    0,    0,    0,    0,    0,    0,    0,    0,    0,    0,    0,   -7,   -4,  -11,   -7,   -7,    0,   -6,   -4,    0,    0,    0,    0,    0,    0,    0,    0,    0,    0,    0,    0,    0,    0,    0,    0,    0,    0,    0,    0,    0,    0,    0,    0,    0,    0,    0,    0,    0,    0,    0,    0,    0,    0,    0,    0,    0,    0,    0,    0,  -11,    0,    0,    0,    0,    0,    0,    0,    0,    0,    0,    0,    0,    0,    0,    0,    0,    0,    0,   -6,   -1,   34,   -4,    0,    0,   -1,    0,   -9,    0,  -21,  -11,    0,  -14,  -11,   -7,  -14,  -16,  -17,  -14,  -12,  -12,  -12,    0,    4,  -11,  -21,  -14,    0,    0,  -16,    4,    4,    0,  -11,    0,  -16,  -13,  -16,    0,    0,   -2,   -3,    0,    0,    0,    0,    0,
       2,  -12,    0,    0,    0,   -7,  -12,    0,   -3,    0,    9,    0,   -6,   -2,    4,    0,    4,    0,    0,   -2,    0,    0,    0,   11,    0,    0,    0,    0,    0,    0,    0,    0,    0,    0,    0,    0,    0,    0,  -17,    0,    0,    0,    0,    0,    0,    0,    0,    0,    0,    0,    0,    0,    0,    0,    0,    0,    0,    0,    7,    0,    2,   14,    0,    0,    0,   11,    0,    0,    0,    0,    0,    0,    0,    0,    0,    0,    0,   -4,  -11,   11,    0,   -7,  -27,  -16,   -5,  -27,  -17,    0,   -3,    0,  -14,   -4,    2,    0,    0,    0,    0,   -9,   -2,    4,    4,  -12,    4,    0,   -7,    0,    4,   -4,    0,    0,    4,    4,    4,   -5,   -7,    0,   -7,    0,  -13,  -23,   -2,  -11,    0,    0,    0,    0,    0,
       0,    0,    0,    0,    0,   -9,    8,    0,  -45,  -19,    0,   -7,   -9,   -4,  -18,   -7,   -4,    0,    0,    0,    5,    0,   -4,    0,    0,    0,    0,    0,    0,    0,    0,    0,    0,    0,    0,    0,    0,    0,   -9,    0,    0,    0,    0,    0,    0,    0,    0,    0,    0,    0,    0,    0,    0,    0,    0,    0,    0,    0,    0,    7,   -4,    0,    0,    0,    0,    3,    0,    0,    0,    0,    0,    0,    0,    0,    0,    0,    0,   -6,    2,    5,    2,  -13,  -51,   -8,  -42,  -51,  -21,   -4,  -13,    0,   -7,  -13,  -18,    0,   -7,  -11,   -7,  -17,  -13,    0,    0,  -45,    0,    2,  -13,    0,    3,  -14,    0,   -5,    0,    0,    0,    0,   -5,    2,  -25,    0,   -9,  -54,    7,    0,    0,    5,    0,  -34,    0,
       0,    3,    0,    0,    0,   -2,    0,    0,  -44,  -23,    0,    0,   -4,   -4,  -29,   -7,   -7,    2,    0,    0,    0,    0,    0,  -21,    0,    0,    0,    0,    0,    0,    0,    0,    0,    0,    0,    0,    0,    0,  -35,    0,    0,    0,    0,    0,    0,    0,    0,    0,    0,    0,    0,    0,    0,    0,    0,    0,    0,    0,    0,   11,  -35,  -27,    0,    3,    0,  -14,  -11,    0,    0,    0,    0,    0,    0,    0,    0,    0,    0,    0,    2,    0,    0,   -4,  -43,    4,  -32,  -43,   -5,   -4,   -4,  -14,    0,  -14,  -35,   -4,  -20,  -22,  -29,  -32,  -30,  -16,  -16,  -56,  -20,  -16,  -29,  -19,    0,  -33,    0,  -25,   -7,    7,  -11,    2,   11,  -16,  -37,  -15,    4,  -42,   11,    0,    0,    4,    0,  -34,    0,
       0,  -20,    0,    0,    0,  -16,   -4,    0,  -26,  -23,    0,    0,  -11,  -11,    0,    0,    0,  -21,    0,    0,    0,    0,    0,    0,    0,    0,    0,    0,    0,    0,    0,    0,    0,    0,    0,    0,    0,   -2,   -4,    0,    0,    0,    0,    0,    0,    0,    0,    0,    0,    0,    0,    0,    0,    0,    0,    0,    0,    0,    0,    0,    7,   11,    0,    0,    0,    4,    0,    0,    0,    0,    0,    0,    0,    0,    0,    0,    0,  -18,  -18,    9,   -5,  -23,  -42,  -23,  -30,  -42,  -29,   -4,  -18,    0,  -20,    0,   -2,    0,   -7,    0,    0,   -9,  -11,    0,    0,  -18,    0,    0,   -7,    0,    2,  -17,   -2,    0,    0,    0,    0,    0,  -16,    0,  -20,    0,  -29,  -33,  -16,  -23,    0,    0,    0,  -11,    0,
       0,  -15,    0,    0,    0,    0,    0,    0,   15,    3,    0,    0,    0,    0,    0,    0,    0,    0,    0,    0,    7,    0,    0,    0,    0,    0,    0,    0,    0,    0,    0,    0,    0,    0,    0,    0,    0,    0,    2,    0,    0,    0,    0,    0,    0,    0,    0,    0,    0,    0,    0,    0,    0,    0,    0,    0,    0,    0,    0,    0,    0,    0,    0,   -3,    0,    0,    0,    0,    0,    0,    0,    0,    0,    0,    0,    0,    0,    0,   -4,    7,    4,    7,    0,    0,    7,    0,    4,    0,    2,    0,    0,    0,    0,    0,    0,    0,   -2,    0,    0,    0,    0,    0,    0,  -11,    0,   -5,    0,    0,   -2,   -1,    0,    0,    0,    0,   -8,  -11,    0,   -5,  -12,    4,   -9,  -11,    0,    0,    0,   20,    0,
       0,    0,    0,    0,    0,    0,    0,    0,    0,    0,    0,    0,    0,    0,    0,    0,    0,    0,    0,    0,    0,    0,    0,    0,    0,    0,    0,    0,    0,    0,    0,    0,    0,    0,    0,    0,    0,    0,    0,    0,    0,    0,    0,    0,    0,    0,    0,    0,    0,    0,    0,    0,    0,    0,    0,    0,    0,    0,    0,    0,    0,   11,    0,    0,    0,    0,    0,    0,    0,    0,    0,    0,    0,    0,    0,    0,    0,    0,    0,    0,    0,    0,    0,    0,    0,    0,    0,    0,    0,    0,    0,    0,    0,    0,    0,    0,    0,    0,   -5,    0,    0,   -8,   -2,    0,    0,   -3,    0,    0,    5,    0,    0,    0,    0,    0,    0,    0,   -7,    0,    0,    0,    0,    0,    0,    0,    0,    0,    0,
       0,   -3,    0,    0,    0,    0,    0,    0,    0,    0,    0,    0,    0,    0,    0,    0,    0,    0,    0,    0,    0,    0,    0,    0,    0,    0,    0,    0,    0,    0,    0,    0,    0,    0,    0,    0,    0,    0,    0,    0,    0,    0,    0,    0,    0,    0,    0,    0,    0,    0,    0,    0,    0,    0,    0,    0,    0,    0,    0,    0,    0,   14,    0,    0,    0,    0,    0,    0,    0,    0,    0,    0,    0,    0,    0,    0,    0,    0,    0,    0,    0,    0,    0,    0,    0,    0,    0,    0,    0,    0,    0,    0,    0,    0,    0,    0,    0,   -2,   -5,    0,    0,   -3,    5,    5,    0,    0,    4,    0,    0,    0,    0,    0,    5,    0,    0,    0,   -5,    0,    0,    0,   -3,   -2,    0,    0,    0,    0,    0,
       0,   -3,    0,    0,    0,    0,    0,    0,    0,    0,    0,    0,    0,    0,    0,    0,    0,    0,    0,    0,    0,    0,    0,    0,    0,    0,    0,    0,    0,    0,    0,    0,    0,    0,    0,    0,    0,    0,    0,    0,    0,    0,    0,    0,    0,    0,    0,    0,    0,    0,    0,    0,    0,    0,    0,    0,    0,    0,    0,    0,    0,    9,    0,    0,    0,    0,    0,    0,    0,    0,    0,    0,    0,    0,    0,    0,    0,    0,    0,    0,    0,    0,    0,    0,    0,    0,    0,    0,    0,    0,    0,    0,   -4,    0,    0,   -5,    0,    0,    0,    0,    0,   -7,    0,    5,   -4,    0,    4,    0,    0,   -5,    0,    0,    0,    0,    0,    0,  -14,    0,    0,    0,   -3,    0,    0,    0,    0,    0,    0,
       0,    0,    0,    0,    0,    0,    0,    0,    0,    0,    0,    0,    0,    0,    0,    0,    0,    0,    0,    0,    0,    0,    0,    0,    0,    0,    0,    0,    0,    0,    0,    0,    0,    0,    0,    0,    0,    0,    0,    0,    0,    0,    0,    0,    0,    0,    0,    0,    0,    0,    0,    0,    0,    0,    0,    0,    0,    0,    0,    0,    0,    3,    0,    0,    0,    0,    0,    0,    0,    0,    0,    0,    0,    0,    0,    0,    0,    0,    0,    0,    0,    0,    0,    0,    0,    0,    0,    0,    0,    0,    0,    0,   -4,    0,    0,    0,    0,    0,   -4,    0,    0,  -11,    0,    0,   -4,    5,   12,    0,    0,    0,    5,    5,    0,    0,    0,    5,  -16,    0,    0,    0,    0,    0,    0,    0,    0,    0,    0,
       0,   -7,    0,    0,    0,    0,  -20,    0,    0,    0,    0,    0,    0,    0,    0,    0,    0,    0,    0,    0,    0,    0,    0,    0,    0,    0,    0,    0,    0,    0,    0,    0,    0,    0,    0,    0,    0,    0,    0,    0,    0,    0,    0,    0,    0,    0,    0,    0,    0,    0,    0,    0,    0,    0,    0,    0,    0,    0,    0,    0,    0,   11,    0,    0,    0,    0,    0,    0,    0,    0,    0,    0,    0,    0,    0,    0,    0,    0,  -16,    5,    0,    0,    0,    0,   -7,    0,  -12,    0,    0,    0,    0,    0,   -5,    0,    0,   -5,   -4,  -18,    0,    0,    0,  -11,    0,    0,  -10,   -4,    3,    0,   -5,   -7,    0,    0,    0,    0,   -7,   -4,  -11,    0,  -12,  -11,  -16,   -7,    0,    0,    0,    0,    0,
       0,  -13,    0,    0,    0,    0,    0,    0,    4,    3,    0,    0,    0,    0,    0,    0,    0,    0,    0,    0,    0,    0,    0,    2,    0,    0,    0,    0,    0,    0,    0,    0,    0,    0,    0,    0,    0,   -2,    3,    0,    0,    0,    0,    0,    0,    0,    0,    0,    0,    0,    0,    0,    0,    0,    0,    0,    0,    0,    0,   -4,    0,    0,    0,    0,    0,    0,    0,    0,    0,    0,    0,    0,    0,    0,    0,    0,    0,    4,   -9,    5,    5,   21,    0,    0,    7,    0,   -4,    0,    4,    0,    0,    0,   -9,    0,    0,    0,   -5,   -6,   -5,    0,    0,  -11,    0,   -4,   -5,    0,    3,   -5,   -5,   -5,    0,    0,    0,    0,  -11,   -2,  -21,    0,  -18,    0,   -7,  -14,    0,  -11,    0,   11,    0,
       4,  -14,    0,    0,    0,    0,  -11,    0,    7,    3,    0,    0,    0,    0,    0,    0,    0,    0,    0,    0,    4,    0,    0,    0,    0,    0,    0,    0,    0,    0,    0,    0,    0,    0,    0,    0,    0,    0,    3,    0,    0,    0,    0,    0,    0,    0,    0,    0,    0,    0,    0,    0,    0,    0,    0,    0,    0,    0,    0,   -5,    0,    7,    0,   -7,    0,    0,    0,    0,    0,    0,    0,    0,    0,    0,    0,    0,    0,    0,  -12,    4,    5,    0,    0,    0,    3,    0,    0,    0,    4,    0,    0,    0,    0,    4,    0,    0,   -4,    0,    0,    0,    0,    0,    0,   -9,   -1,   -5,    0,    0,   -5,   -3,    0,    0,    0,    0,    0,   -5,  -11,  -11,  -17,    0,  -15,  -14,    0,  -11,    0,   15,    0,
       0,  -13,    0,    0,    0,    0,    0,    0,    4,    6,    0,    0,    0,    0,    0,    0,    0,    0,    0,    0,    0,    0,    0,    0,    0,    0,    0,    0,    0,    0,    0,    0,    0,    0,    0,    0,    0,    0,    3,    0,    0,    0,    0,    0,    0,    0,    0,    0,    0,    0,    0,    0,    0,    0,    0,    0,    0,    0,    0,   -7,   -4,    0,    0,    0,    0,    0,    0,    0,    0,    0,    0,    0,    0,    0,    0,    0,    0,    7,   -9,    0,    0,    7,    0,    0,    0,    0,    0,    0,    0,    0,    0,    0,   -4,    0,    2,   -5,   -5,    0,   -3,    0,    0,    0,    0,   -4,    2,   -4,    4,    0,   -7,   -5,    0,    0,    0,    0,    0,    0,  -11,   -7,  -14,    0,   -7,  -14,    0,  -11,    0,   19,    0,
       0,  -20,    0,    0,    0,    0,    0,    0,    0,    2,    0,    0,    0,    0,    0,    0,    0,    0,    0,    0,    0,    0,    0,    0,    0,    0,    0,    0,    0,    0,    0,    0,    0,    0,    0,    0,    0,    0,    0,    0,    0,    0,    0,    0,    0,    0,    0,    0,    0,    0,    0,    0,    0,    0,    0,    0,    0,    0,    0,    0,    0,   14,    0,   -7,    0,    0,    0,    0,    0,    0,    0,    0,    0,    0,    0,    0,    0,    0,  -20,    4,    0,    0,    0,    0,   -4,    0,  -11,    0,    0,    0,    0,    0,    0,    0,    0,    0,    0,    0,   -5,    0,    0,  -14,    0,   -5,   -7,    0,    5,   -5,   -6,   -4,    0,    0,    0,    0,    0,    0,  -11,   -5,  -30,    0,  -30,  -32,    0,   -7,    0,    0,    0,
       4,  -24,    0,    0,    0,    0,  -24,    0,    4,    0,    0,    0,    0,    0,    0,    0,    0,    0,    0,    0,    0,    0,    4,    0,    0,    0,    0,    0,    0,    0,    0,    0,    0,    0,    0,    0,    0,   -7,    0,    0,    0,    0,    0,    0,    0,    0,    0,    0,    0,    0,    0,    0,    0,    0,    0,    0,    0,    0,    0,  -20,    0,   11,    0,  -18,    0,    0,    0,    0,    0,    0,    0,    0,    0,    0,    0,    0,    0,    0,  -15,    0,    4,    0,    0,    0,    5,    0,    0,    0,    0,    0,    0,    0,    0,    0,    0,    0,    0,    0,    0,    0,    0,    0,    0,   -8,    0,    0,   -4,    0,   -2,   -2,    0,    0,    0,    0,  -19,   -6,    0,   -7,  -14,    0,  -35,  -24,   -4,  -18,    0,   20,    0,
       0,   -9,    0,    0,    0,    0,  -14,    0,   -4,    0,    0,    0,    0,    0,    0,    0,    0,    0,    0,    0,    0,    0,    0,    0,    0,    0,    0,    0,    0,    0,    0,    0,    0,    0,    0,    0,    0,    0,   -3,    0,    0,    0,    0,    0,    0,    0,    0,    0,    0,    0,    0,    0,    0,    0,    0,    0,    0,    0,    0,    0,    3,   16,    0,    0,    0,    0,    0,    0,    0,    0,    0,    0,    0,    0,    0,    0,    0,    0,   -3,   11,    0,    0,    0,    0,  -11,    0,  -14,    0,    0,    0,    0,    0,   -7,    0,    0,    0,    2,    0,   -5,    0,    0,  -14,    0,   -4,  -15,    0,    5,   -5,   -4,   -5,    0,    0,    0,    0,    0,    0,  -11,   -5,  -20,  -15,  -16,  -14,    0,    0,    0,    0,    0,
       0,   -4,    0,    0,    0,    0,    0,    0,    0,    0,    0,    0,    0,    0,    0,    0,    0,    0,    0,    0,    0,    0,    0,    0,    0,    0,    0,    0,    0,    0,    0,    0,    0,    0,    0,    0,    0,    0,    0,    0,    0,    0,    0,    0,    0,    0,    0,    0,    0,    0,    0,    0,    0,    0,    0,    0,    0,    0,    0,    0,    0,    0,    0,    0,    0,    0,    0,    0,    0,    0,    0,    0,    0,    0,    0,    0,    0,   -2,  -16,    5,    4,    0,    0,    0,   -4,    0,    0,    0,   -5,    0,    0,    0,  -11,    0,   -4,    0,  -11,  -13,   -5,    0,    0,   -9,   -4,   -4,  -13,   -4,   -2,   -4,  -11,   -9,    0,    0,    0,    0,  -14,   -4,  -16,   -4,  -21,    0,   -7,   -4,    0,   -2,    0,    2,    0,
       0,   -4,    0,    0,    0,    0,    0,    0,  -14,    0,    0,    0,    0,    0,    0,    0,    0,    0,    0,    0,    0,    0,    0,    0,    0,    0,    0,    0,    0,    0,    0,    0,    0,    0,    0,    0,    0,   -7,  -20,    0,    0,    0,    0,    0,    0,    0,    0,    0,    0,    0,    0,    0,    0,    0,    0,    0,    0,    0,    0,    0,    0,   11,    0,    0,    0,    0,    0,    0,    0,    0,    0,    0,    0,    0,    0,    0,    0,    0,  -10,    7,    4,   -7,    0,    0,  -23,    0,  -25,    0,  -15,    0,    0,    0,  -16,    0,   -4,   -9,   -6,  -13,   -9,    0,    0,  -34,    0,   -4,  -11,    0,    3,  -18,   -7,   -9,    0,    0,    0,    0,  -10,   -2,  -37,    0,  -20,    0,  -11,  -11,    0,    0,    0,  -16,    0,
       0,    0,    0,    0,    0,    0,    0,    0,    0,    3,    0,    0,    0,    0,    0,    0,    0,    0,    0,    0,    0,    0,    0,    0,    0,    0,    0,    0,    0,    0,    0,    0,    0,    0,    0,    0,    0,    0,    0,    0,    0,    0,    0,    0,    0,    0,    0,    0,    0,    0,    0,    0,    0,    0,    0,    0,    0,    0,    0,    0,    0,    0,    0,    0,    0,    0,    0,    0,    0,    0,    0,    0,    0,    0,    0,    0,    0,    0,   -2,    7,    0,    0,    0,    0,    3,    0,   -4,    0,    0,    0,    0,    0,   -6,    0,    0,    0,   -4,    0,    0,    0,    0,    0,    0,    5,   -5,    0,   11,    0,   -5,   -4,    0,    0,    0,    0,    0,    0,   -9,    0,  -18,    0,    0,    0,    0,    0,    0,    0,    0,
       0,    0,    0,    0,    0,    0,    0,    0,    0,    0,    0,    0,    0,    0,    0,    0,    0,    0,    0,    0,    0,    0,    0,    0,    0,    0,    0,    0,    0,    0,    0,    0,    0,    0,    0,    0,    0,    0,    0,    0,    0,    0,    0,    0,    0,    0,    0,    0,    0,    0,    0,    0,    0,    0,    0,    0,    0,    0,    0,    0,    0,    0,    0,    0,    0,    0,    0,    0,    0,    0,    0,    0,    0,    0,    0,    0,    0,    0,    0,    0,    0,   32,    0,    0,    0,    0,    0,    0,    0,    0,    0,    0,    0,    4,    0,    0,    0,    0,    0,    0,    0,    4,    4,    8,    0,   -5,    0,    0,   -2,    0,    0,    0,    4,    0,    0,   -5,    0,    0,    0,    0,    0,    0,    0,    0,    0,    0,    0,
       0,  -20,    0,    0,    0,    0,    0,    0,    0,    0,    0,    0,    0,    0,    0,    0,    0,    0,    0,    0,    0,    0,    0,    0,    0,    0,    0,    0,    0,    0,    0,    0,    0,    0,    0,    0,    0,    0,    0,    0,    0,    0,    0,    0,    0,    0,    0,    0,    0,    0,    0,    0,    0,    0,    0,    0,    0,    0,    0,    0,    0,   16,    0,    0,    0,    0,    0,    0,    0,    0,    0,    0,    0,    0,    0,    0,    0,    0,    0,    0,    0,    0,    0,    0,    0,    0,    0,    0,    0,    0,    0,    0,    7,    0,    0,    0,    0,    0,   -2,    0,    0,    0,   -2,   -7,    0,   -9,    0,    0,    0,    0,    0,    0,    0,    0,    0,   -9,   -5,  -11,    0,    0,  -20,  -25,    0,    0,    0,    0,    0,
       0,    0,    0,    0,    0,    0,    0,    0,    0,    0,    0,    0,    0,    0,    0,    0,    0,    0,    0,    0,    0,    0,    0,    0,    0,    0,    0,    0,    0,    0,    0,    0,    0,    0,    0,    0,    0,    0,    0,    0,    0,    0,    0,    0,    0,    0,    0,    0,    0,    0,    0,    0,    0,    0,    0,    0,    0,    0,    0,    0,    0,    9,    0,    0,    0,    0,    0,    0,    0,    0,    0,    0,    0,    0,    0,    0,    0,    0,    0,    0,    0,    4,    0,    0,    0,    0,    0,    0,    0,    0,    0,    0,    0,    0,    0,    0,    0,    0,    0,   -4,   -4,    0,    0,    0,    0,    0,   11,    0,    0,    0,    0,    0,    0,    0,    0,    0,   -4,    0,    0,    0,   -4,   -3,    0,    0,    0,    0,    0,
       0,  -13,    0,    0,    0,    0,   -7,    0,    7,    3,    0,    0,    0,    0,    0,    0,    0,    0,    0,    0,    0,    0,    2,    0,    0,    0,    0,    0,    0,    0,    0,    0,    0,    0,    0,    0,    0,    0,    2,    0,    0,    0,    0,    0,    0,    0,    0,    0,    0,    0,    0,    0,    0,    0,    0,    0,    0,    0,    0,    0,    0,    7,    0,   -7,    0,    0,    0,    0,    0,    0,    0,    0,    0,    0,    0,    0,    0,    0,  -18,   11,    5,    0,    0,    0,    7,    0,    0,    0,    2,    0,    0,    0,   -2,    0,    0,    0,   -4,   -6,   -5,    0,    0,    0,    0,   -4,   -6,   -5,    5,   -5,   -9,   -6,    0,    0,    0,    0,  -16,   -6,  -11,   -7,  -16,    0,  -10,   -6,    0,   -7,    0,    0,    0,
       0,   -7,    0,    0,    0,    0,  -14,    0,    7,    7,    0,    0,    0,    0,    0,    0,    0,    0,    0,    0,    4,    0,    0,    0,    0,    0,    0,    0,    0,    0,    0,    0,    0,    0,    0,    0,    0,    0,    7,    0,    0,    0,    0,    0,    0,    0,    0,    0,    0,    0,    0,    0,    0,    0,    0,   14,    0,    0,    0,    0,    0,   11,    0,    0,    0,    0,    0,    0,    0,    0,    0,    0,    0,    0,    0,    0,    0,    4,    0,    9,    7,   11,    0,    0,   11,    0,    7,    0,    7,    0,    0,    0,    0,    0,    0,    0,    0,    0,    0,    0,    0,    0,    0,   -4,    1,   -5,    0,    0,    0,    0,    0,    0,   -2,    0,   11,   -9,   -7,   -5,    0,    0,   -4,   -8,    0,    0,    0,   23,    0,
       7,    7,    0,    0,    0,    0,    7,    0,    7,    3,    0,    0,    0,    0,    0,    0,    0,    0,    0,    0,    4,    0,   11,    0,    0,    0,    0,    0,    0,    0,    0,    0,    0,    0,    0,    0,    0,    6,    0,    0,    0,    0,    0,    0,    0,    0,    0,    0,    0,    0,    0,    0,    0,    0,    0,   18,    0,    0,    0,    7,    0,   11,    0,    7,    0,    0,    0,    0,    0,    0,    0,    0,    0,    0,    0,    0,    0,   11,    7,    7,   17,   11,    0,    0,    0,    0,    7,    0,    7,    0,    0,    0,    0,    0,    0,    0,    0,    0,    0,    0,    0,    0,    0,   -4,    0,   -5,    0,    0,    9,    0,    0,   54,    0,    0,   11,   -9,   -7,   -5,   11,    0,    4,    7,    7,    7,    0,   20,    0,
       0,    0,    0,    0,    0,    0,    0,    0,    0,    0,    0,    0,    0,    0,    0,    0,    0,    0,    0,    0,    0,    0,    0,    0,    0,    0,    0,    0,    0,    0,    0,    0,    0,    0,    0,    0,    0,    0,    0,    0,    0,    0,    0,    0,    0,    0,    0,    0,    0,    0,    0,    0,    0,    0,    0,    0,    0,    0,    0,    0,    0,   11,    0,    0,    0,    0,    0,    0,    0,    0,    0,    0,    0,    0,    0,    0,    0,    4,    0,    7,    2,   14,    0,    0,    0,    0,    0,    0,    4,    0,    0,    0,  -11,    4,    0,    0,   -7,  -11,   -3,   -2,    0,  -13,    0,    0,  -11,    0,    2,    0,   -6,   -6,    0,    0,   -2,    0,    5,   -5,  -21,    0,    2,    0,   -2,    0,    0,    0,    0,    0,    0,
       0,  -20,    0,    0,    0,    0,    0,    0,    0,    0,    0,    0,    0,    0,    0,    0,    0,    0,    0,    0,    0,    0,    0,    0,    0,    0,    0,    0,    0,    0,    0,    0,    0,    0,    0,    0,    0,    0,    0,    0,    0,    0,    0,    0,    0,    0,    0,    0,    0,    0,    0,    0,    0,    0,    0,    0,    0,    0,    0,    0,    0,    3,    0,    0,    0,    0,    0,    0,    0,    0,    0,    0,    0,    0,    0,    0,    0,   -5,  -27,    2,    0,   -7,  -11,  -22,    0,  -11,   -4,   -4,   -5,    0,  -36,    0,    0,    0,    0,   -4,    0,   -4,    0,    0,    0,   -4,    0,   -9,   -4,   -7,   -7,    0,    0,    0,    0,    0,    0,  -26,  -31,  -14,   -4,   -7,  -31,   -4,  -21,  -18,    0,    0,    0,    0,    0,
       0,    0,    0,    0,    0,    0,    0,    0,  -55,   -2,    0,    0,    0,    0,    0,    0,    0,    0,    0,    0,    0,    0,   -4,    0,    0,    0,    0,    0,    0,    0,    0,    0,    0,    0,    0,    0,    0,   -3,  -25,    0,    0,    0,    0,    0,    0,    0,    0,    0,    0,    0,    0,    0,    0,    0,    0,    0,    0,    0,    0,    0,   -7,    0,    0,    0,    0,    0,    0,    0,    0,    0,    0,    0,    0,    0,    0,    0,    0,  -11,   -3,    7,    0,  -16,    0,    0,  -25,    0,  -23,    0,  -11,    0,    0,    0,  -26,    0,    0,    0,  -11,  -15,  -11,    0,    0,  -42,    0,    7,  -15,    0,    4,  -16,   -8,  -15,    0,    0,    0,    0,  -11,    5,  -32,    0,  -18,    0,   -4,    0,    0,    0,    0,  -27,    0,
       0,    3,    0,    0,    0,   -2,    0,    0,  -44,  -23,    0,    0,   -4,   -4,  -29,   -7,   -7,    2,    0,    0,    0,    0,    0,  -21,    0,    0,    0,    0,    0,    0,    0,    0,    0,    0,    0,    0,    0,    0,  -35,    0,    0,    0,    0,    0,    0,    0,    0,    0,    0,    0,    0,    0,    0,    0,    0,    0,    0,    0,    0,   11,  -35,  -29,    0,    3,    0,  -14,  -11,    0,    0,    0,    0,    0,    0,    0,    0,    0,    0,    0,    2,  -16,   -3,  -12,  -59,    4,  -69,  -59,   -5,  -17,    0,  -37,    0,  -33,  -72,  -23,  -20,  -30,  -43,  -32,  -65,  -62,  -62,  -86,  -50,  -50,  -63,  -61,  -50,  -69,    0,  -65,  -22,   -7,  -18,    2,   11,  -58,  -37,  -15,   12,  -71,   11,    0,    0,    4,    0,  -34,    0,
       0,   11,    0,    0,    0,    0,    0,    0,  -21,    0,    0,    0,    0,    0,    0,    0,    0,    0,    0,    0,    0,    0,    0,    0,    0,    0,    0,    0,    0,    0,    0,    0,    0,    0,    0,    0,    0,    0,    0,    0,    0,    0,    0,    0,    0,    0,    0,    0,    0,    0,    0,    0,    0,    0,    0,    0,    0,    0,    0,    0,  -11,    0,    0,    0,    0,    0,    0,    0,    0,    0,    0,    0,    0,    0,    0,    0,    0,    0,    0,    0,    0,    0,    0,    0,    0,    0,    0,    0,    0,    0,    0,    0,   -9,    0,    0,   -4,    0,   -7,   -9,    0,    0,  -27,    0,    0,   -7,    0,   16,   -9,    4,  -11,    0,    0,    0,    0,    0,    0,  -32,    0,    0,    0,    9,    9,    0,    0,    0,    0,    0,
       0,   -6,    0,    0,    0,    4,  -14,    0,    0,    0,  -11,    0,   -4,   -4,  -20,   -7,  -14,   -7,   -4,   -9,    0,    0,    0,    0,    0,    0,    0,    0,    0,    0,    0,    0,    0,    0,    0,    0,    0,    0,    6,    0,    0,    0,    0,    0,    0,    0,    0,    0,    0,    0,    0,    0,    0,    0,    0,    0,    0,    0,    0,    0,  -27,  -11,    0,    0,    0,  -39,   -2,    0,    0,    0,    0,    0,    0,    0,    0,    0,    0,    2,   -9,  -16,    0,   51,   14,    0,   16,   32,    5,   -7,    2,  -30,   -7,    0,  -11,   -7,   -7,  -15,  -14,  -11,   -4,   -3,   -3,    0,   11,   13,    0,  -32,  -27,    0,    0,   -9,    0,    0,   16,  -11,  -11,  -34,    0,  -42,  -11,    5,    0,   -7,    0,    0,    0,    0,    0,
       0,    3,    0,    0,    0,    0,    0,    0,  -35,  -25,   -7,    0,   -4,   -5,  -34,   -9,  -14,    3,    0,    0,   -8,    0,    0,  -13,    0,    0,    0,    0,    0,    0,    0,    0,    0,    0,    0,    0,    0,   17,  -17,    0,    0,    0,    0,    0,    0,    0,    0,    0,    0,    0,    0,    0,    0,    0,    0,    0,    0,    0,    0,    7,  -33,  -16,    0,    0,    0,  -12,  -20,    0,    0,    0,    0,    0,    0,    0,    0,    0,    0,    0,    8,   -2,    2,    0,  -27,    0,  -21,  -27,    0,    3,    0,  -14,  -11,  -13,  -30,   -7,  -31,  -20,  -29,  -46,  -35,  -19,  -20,  -46,  -18,  -17,  -27,  -25,  -21,  -28,    0,  -30,   -4,   18,   -5,    0,    0,  -23,  -48,  -30,    0,  -39,    7,    0,    0,    4,    0,  -20,    0,
       0,  -53,    0,    0,    0,    0,    0,    0,    0,    0,    0,    0,    0,    0,    0,    0,    0,    0,    0,    0,    0,    0,    0,    0,    0,    0,    0,    0,    0,    0,    0,    0,    0,    0,    0,    0,    0,    0,    0,    0,    0,    0,    0,    0,    0,    0,    0,    0,    0,    0,    0,    0,    0,    0,    0,    0,    0,    0,    0,    0,  -11,    0,    0,    0,    0,    0,    0,    0,    0,    0,    0,    0,    0,    0,    0,    0,    0,    0,  -52,  -11,   -7,   -7,   -6,  -30,    0,   -6,    0,   -4,    0,  -22,  -67,    0,   -7,   -7,   -7,  -11,  -11,   -7,   -7,   -4,   -4,   -4,   -7,  -24,   -7,  -22,  -19,    2,   -7,    0,   -7,   -7,   -4,  -45,  -52,  -31,  -15,  -30,  -47,    0,  -53,  -53,    0,    0,    0,    0,    0,
       0,    0,    0,    0,    0,    0,    0,    0,    0,    0,    0,    0,    0,    0,    0,    0,    0,    0,    0,    0,    0,    0,    0,    0,    0,    0,    0,    0,    0,    0,    0,    0,    0,    0,    0,    0,    0,    0,    0,    0,    0,    0,    0,    0,    0,    0,    0,    0,    0,    0,    0,    0,    0,    0,    0,    0,    0,    0,    0,    0,    0,    0,    0,    0,    0,    0,    0,    0,    0,    0,    0,    0,    0,    0,    0,    0,    0,    0,    0,    0,    0,    0,    0,    0,    0,    0,    0,    0,    0,    0,    0,    0,    0,    5,    0,    0,    0,    0,    0,    0,    0,    0,    0,    0,    0,    0,    5,    0,   16,    0,    7,    7,    0,    0,    0,    0,   -5,    0,    0,    0,    0,    0,    0,    0,    0,    0,    0,
     -11,    0,    0,    0,   -3,    0,    0,    0,  -27,  -42,   -4,    4,    0,   -2,  -34,  -12,    0,    7,    0,    7,    0,    0,  -11,    0,  -35,    0,    0,   -5,   -4,    4,   16,    0,   11,   11,   -4,    3,    5,    0,  -32,  -20,    3,  -17,    4,  -17,    0,    0,    0,    0,   -7,    6,    0,    0,  -11,    0,    0,    0,  -16,    0,    0,    0,  -29,  -21,    0,    0,    0,    0,    0,  -65,  -51,  -11,  -20,  -20,    0,   11,  -17,    0,   -7,    0,   16,    0,    4,   -5,  -40,   14,  -35,  -40,   -4,    0,   -4,   -2,    2,  -12,  -20,    0,   -4,   -3,  -17,  -11,   -6,    0,    0,  -32,    0,    0,  -11,    0,    0,  -15,    3,   -7,    0,   11,    0,    4,   11,    0,  -30,    0,    3,  -51,  -21,  -11,    0,    0,    0,    0,  -40,
       0,    0,    0,    0,  -19,    0,    0,    0,  -37,  -53,  -11,   -2,   -8,  -14,  -60,  -23,    0,    3,    0,   -7,   -7,    0,  -11,    0,  -50,    0,    0,   -2,    0,    0,   16,    0,   14,   14,    4,   14,    7,    0,  -30,  -30,   11,  -24,    4,  -20,   -4,    0,   -3,    0,   -8,    0,   -2,    0,  -17,    0,   -7,    0,  -15,    0,    0,    0,  -28,  -32,    0,    0,    0,  -20,  -21,  -63,  -63,    0,  -30,  -30,   -4,   17,  -24,    0,   -8,    0,   16,    0,    0,   -2,  -25,   14,  -50,  -25,    4,    0,    0,    0,    3,   -7,  -30,    0,  -11,  -11,  -24,  -17,   -4,   -2,   -3,  -39,    0,    0,  -17,    0,    0,  -17,   11,   -8,   -4,   17,    0,    4,   17,    0,  -25,    0,   14,  -63,    0,  -21,    0,    0,    0,    0,  -58,
       0,    0,    0,    0,    0,    0,    0,    0,    0,    0,    0,    0,    0,    0,    0,    0,    0,    0,    0,    0,    0,    0,    0,    0,    0,    0,    0,    0,    0,    0,    0,    0,    0,    0,    0,    0,    0,    0,    0,  -14,    0,    0,    0,    0,    0,    0,    0,    0,    0,    0,    0,    0,    0,    0,    0,    0,    0,    0,    0,    0,    0,    0,    0,    0,    0,    0,    0,    0,    0,    0,  -14,  -14,    0,    0,    0,    0,    0,    0,    0,    0,    0,    0,    0,    0,    0,    0,    0,    0,    0,    0,    0,    0,  -14,    0,    0,    0,    0,    0,    0,    0,    0,    0,    0,    0,    0,    0,    0,    0,    0,    0,    0,    0,    0,    0,    0,    0,    0,    0,    0,    0,    0,    0,    0,    0,    0,    0,    0,
       0,  -60,    0,    0,    0,   -8,  -76,    0,    0,    0,  -14,    0,   -7,  -16,  -14,  -11,  -16,  -12,  -12,  -18,    0,    0,   -4,    0,    0,    0,    0,    0,    0,    0,    0,    0,    0,    0,    0,    0,    0,  -33,   -2,    0,    0,    0,    0,    0,    0,    0,    0,    0,    0,    0,    0,    0,    0,    0,    0,    0,    0,    0,  -25,  -58,  -25,  -11,    0,  -71,   -4,  -28,   -2,    0,    0,    0,    0,    0,    0,    0,    0,    0,    0,    0,    0,    0,    0,    0,    0,    0,    0,    0,    0,    0,    0,    0,    0,    0,    0,    0,    0,    0,    0,    0,    0,    0,    0,    0,    0,    0,    0,    0,    0,    0,    0,    0,    0,    0,    0,    0,    0,    0,    0,    0,    0,    0,  -75,  -68,    0,  -58,    0,    0,    2,
};

static const EpdLigaturePair sourceserif4_16_bolditalicLigaturePairs[] = {
    { 0x00660066, 0xFB00 }, // f f -> U+FB00
    { 0x00660069, 0xFB01 }, // f i -> U+FB01
    { 0x0066006C, 0xFB02 }, // f l -> U+FB02
    { 0xFB000069, 0xFB03 }, // U+FB00 i -> U+FB03
    { 0xFB00006C, 0xFB04 }, // U+FB00 l -> U+FB04
};

static const EpdFontData sourceserif4_16_bolditalic = {
    sourceserif4_16_bolditalicBitmaps,
    sourceserif4_16_bolditalicGlyphs,
    sourceserif4_16_bolditalicIntervals,
    79,
    33,
    27,
    -7,
    true,
    sourceserif4_16_bolditalicGroups,
    13,
    nullptr,
    sourceserif4_16_bolditalicKernLeftClasses,
    sourceserif4_16_bolditalicKernRightClasses,
    sourceserif4_16_bolditalicKernMatrix,
    575,
    610,
    146,
    127,
    sourceserif4_16_bolditalicLigaturePairs,
    5,
};
